# Wavafront OBJ file of BodyParts3D
# BodyParts3D, Copyright(C) 2010-2011 The Database Center for Life Science licensed under CC Attribution-Share Alike 2.1 Japan.
vn -0.786584 0.279018 -0.550849
v -165.3 -95.532 1327.71
vn -0.857087 0.311221 -0.41054
v -164.515 -96.1276 1326.29
vn -0.316675 -0.926263 0.204336
v -164.604 -95.9743 1328.08
vn -0.345133 0.887777 -0.304524
v -164.388 -95.7929 1326.28
vn -0.869306 -0.4707 -0.150824
v -164.065 -96.3566 1326.03
vn -0.483444 -0.818044 0.311588
v -165.283 -95.5301 1328.32
vn -0.243546 -0.823406 0.51253
v -164.7 -95.6593 1328.66
vn -0.998294 0.0550009 0.0196214
v -164.977 -94.5799 1329.48
vn -0.980128 -0.159972 0.117294
v -164.915 -94.7256 1329.79
vn -0.840576 -0.216718 -0.496452
v -164.332 -92.7427 1317.36
vn -0.660192 0.696485 0.281166
v -164.301 -92.7136 1317.67
vn -0.944929 -0.094546 -0.313321
v -164.133 -93.5078 1318.93
vn -0.892783 -0.450032 -0.0202497
v -164.183 -93.4967 1319.23
vn -0.956855 -0.290155 -0.015446
v -165.273 -93.7297 1331.84
vn -0.97539 -0.215938 -0.0445556
v -165.353 -93.42 1332.1
vn -0.156884 -0.679338 0.716859
v -164.815 -93.6076 1332.14
vn -0.543531 0.725726 -0.421777
v -165.147 -93.019 1332.39
vn 0.318137 -0.934615 -0.159009
v -161.583 -96.1613 1323.46
vn -0.216809 -0.960862 -0.172448
v -163.71 -96.4415 1324.25
vn 0.0744411 -0.996688 -0.0327391
v -163.078 -96.5266 1324.29
vn 0.193969 -0.979982 0.0448553
v -163.147 -96.4632 1325.49
vn 0.342266 -0.939602 -0.000936183
v -162.851 -96.3526 1325.2
vn 0.398805 -0.913636 -0.0788934
v -162.02 -96.0672 1325.83
vn 0.283586 -0.940985 0.184734
v -161.64 -96.2143 1324.96
vn 0.103373 -0.969519 0.222141
v -163.51 -96.3959 1326.37
vn 0.361845 -0.910271 0.201183
v -162.03 -96.0856 1326.13
vn 0.635288 -0.764739 -0.107622
v -162.98 -94.3763 1318.45
vn 0.438813 -0.898286 -0.0229173
v -162.72 -94.1609 1318.45
vn -0.691252 -0.38865 0.609197
v -163.646 -94.3239 1319.31
vn -0.657204 0.112878 -0.745212
v -162.448 -95.1477 1320.93
vn -0.312033 -0.926459 0.210497
v -162.306 -94.8994 1319.71
vn -0.42072 -0.894441 0.15156
v -162.133 -94.8156 1320.33
vn -0.42072 -0.894441 0.15156
v -162.009 -94.9227 1320.04
vn -0.657204 0.112878 -0.745212
v -161.998 -95.0779 1320.55
vn -0.657204 0.112878 -0.745212
v -162.057 -94.8302 1320.64
vn 0.279213 -0.883835 -0.375334
v -162.013 -94.8352 1319.71
vn -0.122968 0.912391 -0.390412
v -162.057 -94.7046 1320.03
vn -0.604146 0.79483 0.0570371
v -161.795 -94.5611 1320.33
vn -0.392395 0.894695 -0.213417
v -163.74 -96.1607 1323.55
vn -0.123934 -0.930276 -0.345292
v -163.394 -96.3589 1323.66
vn -0.631132 0.774589 -0.0410488
v -163.502 -95.8648 1323.62
vn -0.259087 0.877493 -0.403584
v -163.064 -94.5944 1328.09
vn 0.294697 -0.90582 0.304375
v -162.298 -95.2962 1328.18
vn -0.368719 0.907396 -0.20169
v -162.11 -94.5641 1327.24
vn 0.0973559 -0.88037 0.464188
v -163.992 -95.8573 1328.41
vn 0.00560646 -0.824217 0.566247
v -164.62 -93.8961 1331.83
vn 0.137214 -0.8823 0.450243
v -162.482 -93.7391 1331.38
vn 0.013199 -0.380013 -0.924887
v -162.684 -92.4696 1316.19
vn -0.637467 -0.767483 0.0678719
v -163.998 -92.9531 1317.7
vn -0.637379 -0.472922 -0.608352
v -163.995 -92.7122 1316.78
vn -0.781169 0.623542 0.0311521
v -164.251 -92.5774 1317.36
vn -0.662563 -0.0817815 -0.744528
v -164.058 -92.4196 1316.76
vn -0.624001 -0.510821 -0.591341
v -163.577 -94.0418 1318.39
vn -0.544193 -0.832023 -0.107663
v -163.836 -93.0757 1317.41
vn -0.634647 -0.772678 0.0138283
v -163.733 -93.1788 1318.03
vn -0.888188 -0.201199 -0.413088
v -163.905 -92.9473 1318.31
vn -0.463505 0.836625 0.291927
v -163.99 -92.3676 1317.36
vn -0.983589 0.0995729 0.150456
v -163.952 -92.6285 1317.79
vn -0.334087 -0.816897 -0.470175
v -163.496 -93.102 1316.83
vn -0.40653 0.88398 0.230894
v -163.634 -92.7829 1318.31
vn -0.364381 -0.430938 -0.825542
v -163.579 -92.6457 1316.45
vn -0.540956 0.840733 -0.0231271
v -163.709 -92.1244 1316.76
vn 0.364429 -0.931184 0.00937479
v -162.822 -94.2032 1318.14
vn -0.296266 -0.912327 -0.28264
v -163.134 -93.5441 1317.79
vn -0.38309 -0.113471 -0.916715
v -163.339 -92.2999 1316.26
vn 0.0405237 -0.876878 -0.479002
v -162.87 -93.1598 1316.87
vn 0.00165374 -0.725153 -0.688586
v -162.897 -92.9714 1316.56
vn -0.182572 0.868258 0.461298
v -163.085 -92.3607 1317.72
vn 0.0821207 -0.752936 -0.65295
v -162.519 -93.4881 1317.52
vn 0.472873 0.871002 0.133215
v -162.585 -92.5963 1318.36
vn -0.035404 0.96596 0.256259
v -162.768 -92.5337 1318.35
vn 0.185578 -0.980855 -0.0590299
v -162.125 -94.0393 1318.31
vn 0.295653 -0.688936 -0.661782
v -162.311 -92.8435 1316.59
vn 0.705275 0.637155 0.310837
v -162.292 -92.8378 1318.39
vn -0.798632 -0.412114 -0.438576
v -163.924 -93.79 1318.66
vn -0.859854 -0.462714 -0.215746
v -164.029 -93.791 1318.95
vn -0.861605 -0.151894 -0.48432
v -163.983 -93.4966 1318.64
vn -0.890048 0.44819 -0.0833046
v -164.07 -93.1872 1318.91
vn -0.620779 -0.724327 -0.299973
v -163.659 -94.1389 1318.69
vn -0.556266 0.817567 0.148834
v -163.676 -92.9038 1319.82
vn -0.691252 -0.38865 0.609197
v -163.67 -92.9935 1320.13
vn -0.228791 0.971641 0.0597345
v -163.084 -92.617 1318.94
vn -0.191053 0.970879 0.144542
v -163.067 -92.6366 1319.24
vn 0.790004 -0.290011 0.540173
v -162.606 -92.8632 1318.98
vn 0.401375 0.867293 0.29445
v -162.761 -92.5911 1318.95
vn -0.096031 -0.627119 0.772981
v -164.496 -93.2042 1332.5
vn -0.851879 0.510099 -0.118754
v -164.083 -92.336 1332.71
vn -0.264211 -0.389612 0.882267
v -163.785 -92.3852 1333.15
vn -0.808751 0.164877 0.564568
v -163.592 -92.0227 1333.32
vn -0.18452 0.888295 -0.420576
v -163.028 -91.6752 1333.33
vn -0.281152 -0.27884 0.91826
v -162.995 -91.874 1333.57
vn 0.0319 -0.180299 -0.983094
v -162.512 -91.8263 1316.06
vn -0.143656 -0.147293 -0.978605
v -163.148 -91.9558 1316.18
vn -0.227703 0.837298 0.497075
v -162.321 -91.3939 1316.5
vn -0.410377 -0.02235 0.911642
v -161.522 -94.0297 1318.51
vn 0.252815 -0.934912 -0.249048
v -160.64 -93.8536 1318.55
vn 0.216896 -0.910737 -0.351445
v -160.053 -93.6691 1318.28
vn -0.541865 0.83191 0.119615
v -161.533 -94.4829 1320.95
vn 0.316855 0.143396 -0.937572
v -161.505 -94.3992 1319.95
vn 0.280995 -0.857405 -0.43116
v -161.152 -94.6237 1320.03
vn -0.327926 -0.739056 -0.588439
v -160.879 -94.2977 1319.47
vn -0.823435 -0.508122 -0.25252
v -160.474 -93.9017 1319.47
vn -0.823435 -0.508122 -0.25252
v -160.33 -93.9931 1319.18
vn 0.252877 -0.8694 -0.424496
v -160.303 -94.1731 1319.46
vn -0.610429 0.779366 -0.141301
v -160.45 -93.5701 1319.75
vn 0.352811 -0.871388 -0.340892
v -159.652 -94.6653 1321.07
vn 0.272752 -0.891592 -0.361484
v -159.726 -94.0114 1319.52
vn 0.111066 -0.934862 -0.33719
v -161.332 -95.5293 1321.63
vn 0.409939 -0.891915 -0.190886
v -159.342 -95.0582 1322.92
vn -0.407749 0.899317 0.158018
v -159.628 -93.8112 1323.13
vn -0.418479 0.908122 0.0137803
v -161.072 -94.5377 1324.59
vn 0.375135 -0.887207 0.268584
v -161.017 -95.2924 1327.05
vn 0.413457 -0.899372 0.14207
v -160.716 -95.2047 1326.76
vn 0.352817 -0.929922 0.103753
v -160.452 -95.0715 1327.07
vn 0.347571 -0.932067 0.1022
v -160.339 -94.5599 1328.85
vn 0.310398 -0.929533 0.199049
v -159.611 -94.2527 1328.88
vn 0.111861 -0.906149 0.407899
v -161.96 -93.4453 1332
vn 0.283329 -0.941804 0.180913
v -161.637 -93.4535 1331.72
vn 0.214155 -0.872683 -0.438819
v -161.53 -93.9195 1318.17
vn 0.271813 -0.87817 -0.393617
v -161.269 -93.8593 1318.22
vn -0.417231 0.134654 0.89877
v -161.574 -93.7875 1318.49
vn -0.502163 0.62972 0.592694
v -161.6 -93.6209 1318.25
vn 0.161241 0.774165 0.612103
v -161.886 -92.1925 1317.6
vn 0.224051 -0.842706 -0.489538
v -161.24 -93.85 1318.22
vn 0.243866 -0.893907 -0.376111
v -161.24 -93.8526 1318.22
vn -0.258486 0.630874 -0.731562
v -161.318 -93.5552 1318.5
vn -0.406741 0.267193 0.873596
v -161.266 -93.8255 1318.67
vn 0.176889 -0.634914 0.75206
v -161.309 -93.5397 1318.5
vn 0.164721 0.299239 0.939853
v -161.408 -93.0174 1317.86
vn -0.0938922 0.303876 0.948074
v -161.59 -92.1311 1317.55
vn 0.290549 -0.574262 -0.765379
v -161.142 -92.68 1317.13
vn -0.0317408 -0.712255 0.701203
v -160.683 -93.6944 1318.72
vn -0.348862 0.362878 0.864069
v -160.745 -93.403 1318.68
vn -0.507258 0.556011 0.658438
v -160.84 -92.8713 1318.18
vn -0.488018 0.427166 0.761162
v -160.78 -91.6408 1317.63
vn 0.179412 -0.63346 -0.752689
v -159.567 -92.9253 1317.5
vn -0.285662 -0.727024 0.624366
v -160.106 -93.5357 1319.17
vn -0.133767 0.893833 -0.427982
v -161.213 -92.4604 1331.08
vn -0.265296 -0.170324 0.949004
v -162.775 -91.5071 1333.73
vn -0.0148692 -0.786258 0.617719
v -161.859 -92.7507 1333.17
vn -0.129241 -0.459651 0.878645
v -162.063 -91.9614 1333.81
vn -0.217845 -0.17593 0.959996
v -161.845 -91.5938 1333.98
vn -0.154251 0.881863 -0.445561
v -161.069 -90.9342 1334.01
vn -0.234733 -0.0776746 0.968952
v -161.043 -91.0946 1334.2
vn 0.279158 -0.327065 -0.902829
v -161.928 -91.6954 1316.11
vn 0.105308 -0.0689485 -0.992047
v -161.991 -91.4047 1316.06
vn -0.569249 0.6056 -0.556062
v -161.246 -90.6199 1316.15
vn 0.145238 -0.342013 -0.928404
v -160.887 -90.8496 1316.15
vn -0.227497 -0.0695366 -0.971293
v -160.29 -89.5064 1315.9
vn -0.444288 0.556653 -0.701959
v -161.773 -91.0363 1316.24
vn -0.682697 0.576263 0.449273
v -161.021 -90.5436 1316.52
vn -0.706893 0.458247 0.538806
v -160.343 -89.7586 1316.82
vn -0.552524 0.25762 0.792685
v -159.978 -91.1419 1317.85
vn -0.771285 0.63423 0.0535857
v -160.3 -89.3407 1316.19
vn 0.392174 -0.865106 -0.312714
v -158.02 -93.3944 1319.58
vn 0.331759 -0.82462 0.45819
v -158.886 -94.9024 1325.65
vn 0.43893 -0.898017 0.0300926
v -157.72 -94.4968 1325.09
vn 0.400964 -0.887043 0.228875
v -159.265 -94.6979 1326.21
vn 0.397184 -0.898957 -0.184718
v -158.475 -94.2252 1326.83
vn 0.456264 -0.871369 0.180385
v -157.351 -93.6919 1326.57
vn 0.235893 -0.905091 0.353785
v -159.077 -93.6886 1330.68
vn 0.271172 -0.928287 0.254458
v -157.488 -93.8049 1328.67
vn 0.171996 -0.78919 0.589573
v -157.766 -93.6983 1328.95
vn 0.155684 -0.779142 0.607207
v -157.829 -92.6331 1331.89
vn 0.304348 -0.7607 -0.573331
v -158.91 -93.2181 1318.02
vn -0.416413 0.309119 0.855012
v -159.347 -91.2857 1318.21
vn -0.615758 0.728842 0.299387
v -159.398 -92.7674 1319.77
vn -0.296823 0.0574114 0.953205
v -159.003 -92.3723 1319.16
vn -0.65453 0.630546 0.417136
v -157.775 -91.4434 1319.78
vn -0.7133 0.50602 0.48492
v -157.452 -91.3498 1320.1
vn -0.741979 0.651375 0.158677
v -157.6 -91.1156 1319.53
vn -0.811545 0.461691 0.3581
v -157.497 -91.0754 1319.78
vn -0.0722024 0.854756 -0.513983
v -160.26 -91.5808 1332.89
vn -0.117881 0.862777 -0.49165
v -160.531 -90.6621 1334.38
vn -0.0865866 0.858238 -0.505896
v -160.183 -90.7811 1334.05
vn -0.151351 -0.181081 0.971752
v -160.176 -90.8893 1334.42
vn 0.147435 -0.834458 0.530984
v -159.533 -92.2281 1333.57
vn 0.000190116 0.859694 -0.510809
v -159.319 -90.5823 1334.39
vn -0.0104939 -0.0385736 0.999201
v -158.944 -90.9194 1334.55
vn 0.057847 -0.611472 0.789149
v -158.499 -91.4658 1334.17
vn 0.0440122 0.387463 0.920834
v -158.685 -90.6764 1334.43
vn -0.14339 -0.213845 -0.966286
v -159.358 -89.3204 1315.67
vn 0.229947 -0.596534 -0.768942
v -158.359 -89.7047 1315.85
vn 0.139767 -0.550702 -0.822917
v -157.825 -89.2957 1315.65
vn -0.410309 -0.0438494 0.910892
v -159.442 -91.0033 1318.15
vn -0.676592 0.0502968 0.734639
v -159.756 -90.7768 1317.97
vn -0.669676 0.341554 0.65945
v -159.57 -90.4186 1318.11
vn -0.641693 -0.367922 0.672951
v -159.481 -90.6942 1318.28
vn -0.531126 0.43867 0.724896
v -159.255 -90.3345 1318.32
vn -0.351083 0.440299 0.826364
v -158.821 -90.8684 1318.14
vn -0.0196771 -0.254924 0.966761
v -158.898 -90.5627 1318.34
vn -0.118148 0.0392675 0.992219
v -158.963 -90.2686 1318.35
vn -0.382276 0.394118 0.835785
v -158.541 -90.7908 1318.37
vn 0.217737 0.0155853 0.975883
v -158.661 -90.2135 1318.2
vn 0.447324 -0.267351 0.853478
v -158.734 -89.9118 1318.34
vn 0.0629702 0.303639 0.950704
v -158.433 -89.8561 1318.2
vn -0.298807 0.27422 0.914067
v -158.14 -89.7919 1318.2
vn -0.235224 -0.091647 -0.967611
v -159.486 -88.736 1315.62
vn -0.823655 0.50801 -0.252028
v -159.563 -88.4387 1315.88
vn -0.397207 0.0112457 -0.91766
v -159.332 -88.0282 1315.57
vn -0.73869 0.57948 0.344298
v -159.078 -87.8502 1315.87
vn -0.621522 0.488919 0.612102
v -158.904 -87.1795 1315.54
vn -0.577002 0.554294 0.599855
v -158.584 -87.2999 1315.87
vn -0.555198 0.177317 -0.812597
v -158.548 -87.3298 1315.22
vn -0.727272 0.382105 -0.570151
v -158.624 -87.0254 1315.4
vn -0.519381 0.56404 0.641952
v -158.648 -86.9457 1315.54
vn -0.177239 -0.252849 -0.951133
v -157.995 -88.4405 1315.22
vn -0.650744 0.146146 -0.7451
v -158.314 -86.3551 1315.23
vn -0.535587 0.666505 0.518572
v -158.431 -88.3168 1317.45
vn 0.288436 -0.710578 0.641782
v -156.421 -93.6115 1326.01
vn 0.44741 -0.889421 -0.0935676
v -155.531 -93.2843 1325.14
vn 0.349694 -0.843211 0.408301
v -155.577 -93.2619 1326.04
vn -0.568458 0.78032 0.260683
v -155.704 -92.3613 1324.48
vn 0.432142 -0.901393 0.0272667
v -154.968 -92.9902 1324.86
vn 0.415511 -0.743985 0.523295
v -157.04 -93.6498 1326.28
vn 0.467943 -0.82091 -0.327317
v -157.082 -93.5815 1326.88
vn 0.387438 -0.892765 -0.229917
v -157.053 -93.7781 1327.19
vn 0.338455 -0.934303 0.111923
v -157.107 -93.7191 1328.09
vn 0.541677 -0.716356 0.439796
v -157.085 -93.506 1326.57
vn 0.375179 -0.796389 0.474346
v -156.825 -93.2895 1326.57
vn 0.401618 -0.914238 -0.0535804
v -156.231 -93.4516 1327.82
vn 0.314211 -0.819927 0.478531
v -156.207 -93.2481 1326.31
vn -0.322797 0.94624 -0.0207756
v -155.675 -92.9353 1326.62
vn 0.407016 -0.838202 -0.362981
v -155.631 -92.9132 1326.92
vn 0.733326 0.661845 -0.155541
v -155.751 -92.7142 1327.2
vn -0.343032 0.913024 -0.22072
v -155.839 -92.5643 1328.39
vn -0.682391 0.728339 0.06217
v -155.476 -92.5945 1326.61
vn -0.933323 -0.353393 0.0634206
v -155.465 -92.57 1326.91
vn 0.349228 -0.86478 0.360826
v -155.373 -92.8882 1326.5
vn 0.236938 -0.844673 0.479987
v -156.884 -93.5222 1328.99
vn 0.238247 -0.818695 0.522471
v -156.961 -93.2346 1329.27
vn 0.336657 -0.94002 0.0549908
v -157.005 -93.2213 1330.17
vn 0.401151 -0.906404 -0.132322
v -156.443 -92.9226 1329.89
vn -0.202442 0.927987 -0.312822
v -156.605 -92.242 1330.14
vn 0.410852 -0.908144 0.0804669
v -155.192 -92.8413 1329.05
vn 0.313616 -0.906166 0.283741
v -155.338 -92.5497 1330.83
vn -0.488079 0.84564 -0.216037
v -155.34 -92.1652 1329
vn 0.266582 -0.837285 0.477375
v -155.986 -92.5196 1331.39
vn 0.219745 -0.68976 0.689887
v -156.09 -92.1681 1331.97
vn -0.84423 0.232781 0.482792
v -157.347 -90.9817 1320.08
vn -0.815041 0.5235 0.248306
v -157.274 -90.7194 1319.77
vn -0.634455 0.318822 0.704144
v -157.007 -91.221 1320.53
vn -0.547973 0.0690201 0.833644
v -157.067 -90.9321 1320.45
vn -0.529629 0.501791 0.683885
v -156.671 -91.1328 1320.73
vn -0.388151 0.364384 0.846501
v -156.781 -90.8602 1320.58
vn 0.105406 0.388404 0.915441
v -156.839 -90.5738 1320.46
vn -0.384757 0.682184 0.621761
v -156.461 -90.9498 1320.73
vn -0.227327 0.726996 0.64792
v -156.506 -90.6802 1320.41
vn 0.495719 0.590699 0.636662
v -156.532 -90.5238 1320.23
vn -0.536826 0.73094 0.42136
v -156.082 -91.5342 1321.99
vn 0.277731 -0.960441 -0.0204383
v -157.417 -91.8979 1332.78
vn 0.0306614 0.969141 -0.244594
v -157.469 -91.596 1332.45
vn -0.0116297 0.998799 -0.0476026
v -157.124 -91.7072 1332.18
vn 0.126679 -0.61798 0.775921
v -157.131 -91.7359 1332.48
vn 0.151309 -0.603255 0.783064
v -156.5 -91.7801 1332.35
vn 0.249023 -0.966997 0.0538994
v -156.302 -91.6792 1333.13
vn -0.234745 0.957105 -0.169835
v -156.227 -91.5377 1331.92
vn -0.0990429 0.449976 0.887531
v -156.233 -91.5723 1332.22
vn 0.185743 -0.580966 0.792451
v -156.206 -91.7173 1332.33
vn -0.086672 -0.394837 -0.914654
v -156.034 -91.3796 1332.22
vn 0.237521 -0.735737 0.634252
v -155.527 -91.5739 1332.27
vn 0.24952 -0.963254 -0.0994046
v -155.666 -91.4221 1332.55
vn -0.111033 0.898834 -0.423991
v -156.804 -90.787 1334.19
vn 0.212496 -0.784997 0.581915
v -155.804 -91.1062 1334.03
vn 0.172494 -0.643461 0.745791
v -155.863 -90.8853 1334.25
vn 0.233156 -0.572645 -0.785949
v -157.203 -89.414 1316.08
vn -0.597785 -0.00665453 0.801629
v -156.827 -88.8595 1318.62
vn -0.689059 -0.106479 0.71684
v -156.955 -88.2743 1318.58
vn 0.095077 -0.4361 -0.894861
v -155.566 -89.9664 1316.57
vn -0.500202 0.610744 -0.613832
v -157.272 -90.3905 1320.05
vn -0.458133 0.370865 0.80782
v -157.462 -90.211 1318.87
vn -0.782203 -0.125531 0.610246
v -157.194 -90.3474 1320.41
vn -0.62198 0.676474 -0.394366
v -156.864 -90.321 1319.79
vn -0.483427 0.660278 -0.574744
v -156.919 -90.1281 1320.05
vn 0.43198 0.572758 0.696664
v -156.901 -90.2742 1320.36
vn 0.517584 0.737507 0.433809
v -156.58 -90.2479 1319.94
vn -0.726934 -0.191498 0.659466
v -156.765 -88.5278 1318.76
vn -0.425719 0.0500796 0.903468
v -156.461 -89.1661 1318.82
vn -0.530419 -0.28947 0.796783
v -156.55 -88.7783 1318.9
vn -0.497926 0.553508 0.667606
v -156.649 -88.3025 1318.75
vn -0.531632 -0.227708 0.815792
v -156.618 -88.4817 1318.95
vn -0.309833 0.0328984 0.950222
v -156.194 -89.0059 1318.94
vn -0.400023 -0.281106 0.872331
v -156.267 -88.7044 1319.07
vn -0.356847 0.583785 0.729284
v -155.838 -89.2734 1319.16
vn 0.271128 -0.37898 0.884796
v -155.969 -88.6445 1319
vn 0.370568 -0.488136 0.790191
v -156.048 -88.337 1319.23
vn 0.317591 -0.388185 0.865129
v -155.746 -88.282 1319.08
vn 0.4322 0.292402 0.853056
v -155.807 -87.9924 1319.01
vn -0.361001 -0.0856574 -0.928623
v -157.644 -87.1625 1314.82
vn -0.301896 0.656978 0.690825
v -156.723 -85.9668 1315.79
vn -0.582512 0.63667 0.505303
v -157.284 -88.0745 1318.09
vn -0.438185 0.605153 0.664668
v -157.343 -87.619 1317.17
vn -0.653442 0.631459 0.41746
v -156.779 -87.6364 1318.36
vn -0.258082 0.676379 0.689859
v -155.846 -87.7252 1318.58
vn -0.420783 0.676792 0.604065
v -157.659 -85.7918 1315.23
vn 0.413834 -0.855821 -0.310342
v -154.649 -92.5407 1322.44
vn 0.423289 -0.883279 -0.201606
v -153.204 -92.3223 1323.42
vn -0.066064 -0.798861 0.597876
v -154.844 -92.5929 1326.95
vn 0.316778 -0.843065 0.434619
v -154.938 -92.6624 1329.36
vn 0.398152 -0.915914 -0.0507583
v -154.747 -92.3835 1330.55
vn 0.40094 -0.865528 0.300182
v -153.829 -91.9211 1330.88
vn 0.493657 -0.85789 -0.142572
v -153.641 -91.8274 1330.59
vn 0.404987 -0.898387 0.169958
v -153.1 -91.4328 1330.29
vn -0.578712 0.811029 -0.0855808
v -153.207 -90.5641 1328.43
vn -0.438735 0.879754 -0.183149
v -154.568 -90.706 1331.97
vn 0.322516 -0.93341 0.157257
v -154.256 -90.9797 1333.21
vn 0.282292 -0.910581 0.301917
v -153.677 -90.8359 1332.63
vn 0.268102 -0.775372 0.571769
v -154.326 -90.7881 1333.79
vn -0.429107 0.842095 -0.326716
v -153.951 -89.8376 1334.46
vn -0.0425913 0.409673 0.911238
v -154.839 -88.1171 1318.64
vn -0.179994 0.483558 0.856606
v -154.318 -87.6952 1318.64
vn 0.166888 -0.288638 0.942781
v -155.379 -88.5206 1318.93
vn -0.0801959 0.781024 0.61933
v -155.518 -87.8627 1318.79
vn -0.222971 0.540822 0.811046
v -155.028 -88.7425 1319.06
vn -0.374211 0.690752 0.618731
v -153.73 -88.1404 1319.22
vn -0.0532514 -0.431674 -0.900456
v -155.142 -85.7643 1313.86
vn 0.156041 -0.524196 -0.837179
v -154.388 -86.4883 1314.33
vn -0.376182 0.824049 0.423592
v -155.435 -86.6451 1317.82
vn -0.0406204 0.481224 0.875656
v -154.985 -87.4305 1318.5
vn -0.123653 0.643973 0.754989
v -154.566 -86.4109 1317.86
vn -0.629636 0.0516957 -0.775168
v -155.315 -83.4996 1313.42
vn -0.287801 -0.335095 -0.897152
v -154.172 -83.7758 1312.91
vn -0.507155 -0.065545 -0.859359
v -155.761 -84.3325 1313.75
vn -0.746581 0.204096 -0.633216
v -155.822 -84.0689 1313.81
vn -0.638933 0.74204 0.202834
v -155.866 -83.9164 1314.02
vn -0.755467 0.082124 -0.65002
v -155.71 -83.7436 1313.72
vn -0.710805 0.700552 -0.063111
v -155.339 -83.4532 1313.72
vn -0.383348 0.632968 0.672603
v -154.005 -84.2608 1315.35
vn -0.858978 0.490902 -0.145508
v -154.335 -81.9731 1312.79
vn 0.458746 -0.879058 0.129648
v -152.47 -91.9737 1325.85
vn 0.379103 -0.916887 0.124893
v -152.012 -91.5025 1327.01
vn 0.484404 -0.874838 0.00334177
v -151.71 -91.3639 1326.46
vn 0.351445 -0.936131 -0.0120792
v -151.489 -91.222 1327.67
vn 0.378714 -0.9255 0.00512142
v -151.158 -91.2072 1327.08
vn 0.441668 -0.890917 0.105816
v -150.928 -91.0424 1327.99
vn 0.424077 -0.894835 0.139389
v -152.193 -91.2474 1329.73
vn 0.436729 -0.851994 -0.288747
v -152.427 -91.4148 1322.2
vn 0.454697 -0.834847 -0.310293
v -151.836 -91.4363 1322.84
vn 0.00815695 0.993025 0.117622
v -150.889 -88.8102 1323.04
vn -0.357453 0.916664 0.178759
v -151.504 -88.9904 1323.92
vn -0.500263 0.863444 0.0648177
v -151.789 -89.5952 1326.35
vn -0.338391 0.940925 -0.0123199
v -151.89 -89.8205 1329.67
vn -0.399633 0.909552 -0.114059
v -151.045 -89.6036 1330.3
vn 0.385637 -0.869138 0.309648
v -152.097 -90.7221 1331.82
vn -0.397734 0.896846 -0.193584
v -151.697 -89.6788 1331.47
vn -0.545941 0.719821 -0.428727
v -151.829 -89.323 1332.65
vn 0.232276 -0.608272 0.758981
v -153.259 -90.1135 1334.12
vn -0.554096 0.658502 -0.509267
v -152.403 -88.475 1334.37
vn -0.630488 0.732606 0.256464
v -152.396 -88.562 1334.64
vn -0.0239825 -0.2386 0.970822
v -152.143 -88.5029 1334.69
vn 0.330864 -0.874628 0.354337
v -151.741 -89.9173 1333.59
vn -0.255331 0.696285 0.670816
v -153.099 -87.7026 1318.93
vn -0.408317 0.793272 0.45166
v -152.199 -87.8621 1320.19
vn -0.0697558 0.832073 0.550262
v -151.599 -87.8606 1320.53
vn -0.372705 0.855498 0.359463
v -152.102 -88.6211 1321.75
vn -0.0148943 0.969631 0.244117
v -151.515 -88.5602 1322.08
vn 0.0228859 0.919687 0.391984
v -151.533 -88.3544 1321.47
vn 0.0917886 0.9717 0.217656
v -150.871 -88.7002 1322.13
vn -0.999546 0.00758421 0.0291765
v -152.393 -88.2519 1334.66
vn -0.112101 -0.0172609 0.993547
v -151.885 -88.1296 1334.82
vn 0.180725 -0.583439 -0.791794
v -153.088 -87.0434 1315.49
vn -0.00779582 -0.374336 -0.92726
v -152.59 -87.2333 1315.62
vn -0.181686 0.663971 0.72535
v -153.406 -86.0356 1317.58
vn -0.323388 0.735666 0.59516
v -153.237 -85.222 1316.66
vn -0.195881 0.671687 0.71447
v -151.812 -84.8002 1317.09
vn -0.352776 0.697681 0.62353
v -152.798 -82.7034 1315.04
vn -0.554945 -0.0773656 -0.828282
v -154.013 -82.2359 1312.44
vn -0.748653 0.288621 -0.596839
v -153.941 -81.6015 1312.49
vn -0.533895 0.722145 0.439843
v -153.851 -81.5594 1312.79
vn -0.735684 0.607476 0.299569
v -153.019 -80.478 1312.47
vn -0.23315 0.70118 0.673786
v -152.31 -81.8728 1313.8
vn -0.687387 0.569672 0.450525
v -152.688 -79.8242 1312.15
vn -0.0768901 0.625596 0.776349
v -152.345 -80.0303 1312.37
vn 0.440833 -0.856288 -0.26914
v -149.678 -89.5145 1320.14
vn 0.470829 -0.834905 -0.285051
v -148.314 -88.6103 1319.57
vn -0.181618 0.969452 0.164859
v -149.959 -88.7253 1322.49
vn -0.123977 0.989573 0.0733179
v -149.978 -88.8307 1323.4
vn -0.409476 0.902377 0.134334
v -149.396 -88.6829 1323.42
vn 0.459862 -0.887979 -0.00443235
v -150.271 -90.6787 1325.3
vn 0.499872 -0.857219 0.123704
v -150.212 -90.5761 1325.9
vn 0.466799 -0.884323 0.00839192
v -149.895 -90.6382 1324.11
vn -0.156435 0.986204 0.0541306
v -150.061 -88.891 1325.5
vn -0.292025 0.955566 0.0401955
v -149.425 -88.8022 1324.63
vn -0.559201 0.826883 0.0596565
v -148.596 -88.3841 1324.65
vn -0.445318 0.895357 0.0052978
v -148.929 -88.6415 1326.46
vn -0.667475 0.742364 -0.058069
v -148.433 -88.2773 1326.77
vn -0.354849 0.933632 0.0491233
v -150.126 -89.2853 1328.83
vn -0.599285 0.784696 -0.158459
v -149.615 -88.9368 1329.44
vn -0.569373 0.760293 -0.31268
v -150.883 -89.1922 1331.49
vn 0.287559 -0.747392 -0.598929
v -149.483 -86.7108 1315.77
vn 0.375544 -0.767172 -0.520013
v -148.58 -86.8836 1317.04
vn -0.0590684 0.825408 0.561438
v -150.872 -86.7243 1319.3
vn -0.0204662 0.862615 0.505447
v -150.295 -88.2778 1320.93
vn -0.0402318 0.755149 0.654317
v -150.103 -87.5637 1320
vn 0.00744355 0.788153 0.615434
v -150.265 -86.6317 1319.03
vn -0.372247 0.826487 0.422316
v -149.444 -87.896 1320.66
vn -0.340891 0.762155 0.550375
v -148.94 -87.2683 1320.05
vn -0.132344 0.933776 0.332488
v -150.259 -88.5704 1321.56
vn -0.453909 0.858686 0.237958
v -149.398 -88.422 1322.2
vn -0.567866 0.783176 0.253303
v -148.598 -87.7632 1321.69
vn -0.614486 0.641888 -0.45868
v -149.735 -87.6125 1332.37
vn -0.130252 0.236381 0.962891
v -150.32 -86.8648 1334.82
vn -0.258439 0.405628 0.876741
v -150.385 -86.5418 1334.67
vn 0.130377 -0.683654 -0.718066
v -148.985 -84.416 1313.94
vn 0.193281 -0.653241 -0.732065
v -150.993 -85.1377 1314.26
vn 0.112839 -0.621118 -0.775551
v -149.186 -85.0284 1314.58
vn 0.0495748 -0.468712 -0.881959
v -148.834 -85.252 1314.68
vn -0.257173 0.800666 0.541106
v -150.911 -86.4184 1318.68
vn -0.0473211 0.740096 0.670835
v -150.63 -86.2796 1318.59
vn -0.168203 0.638009 0.751433
v -150.684 -85.7156 1318.05
vn 0.103088 0.692771 0.713751
v -150.332 -86.2203 1318.51
vn 0.0901774 0.494777 0.864329
v -150.139 -85.5999 1318
vn -0.320762 0.604941 0.728806
v -150.333 -84.4925 1316.89
vn -0.0465324 0.654283 0.754816
v -149.781 -85.8289 1318.01
vn -0.154052 0.463581 0.87256
v -149.663 -84.9038 1317.69
vn -0.477352 0.552342 0.683413
v -149.689 -84.62 1317.44
vn 0.16492 0.254342 0.952949
v -149.132 -84.4915 1317.53
vn -0.0243149 0.856447 0.515662
v -150.714 -86.5755 1319
vn 0.106193 -0.631331 -0.768209
v -151.387 -82.9157 1312.11
vn 0.102267 -0.640632 -0.761007
v -149.81 -82.5699 1312.19
vn -0.4695 0.677891 0.565715
v -150.223 -83.4449 1316.13
vn -0.668185 0.606762 0.430545
v -149.971 -82.9539 1315.81
vn -0.337817 0.652286 0.67853
v -150.136 -82.1497 1314.68
vn -0.436516 0.61647 0.655301
v -149.496 -82.5297 1315.99
vn -0.672532 0.607762 0.422287
v -149.542 -82.2551 1315.67
vn -0.652741 0.573439 0.495073
v -149.575 -81.9417 1314.87
vn -0.761684 0.565336 0.316597
v -149.466 -81.9668 1315.18
vn -0.243446 0.674244 0.69723
v -151.005 -84.1418 1316.43
vn -0.386459 0.591393 0.707746
v -149.921 -83.5046 1316.55
vn 0.270426 -0.718655 -0.640628
v -149.77 -81.7648 1311.54
vn -0.281199 0.630641 0.723339
v -150.104 -80.6826 1313.6
vn -0.152392 0.711289 0.686181
v -151.411 -81.8468 1314.21
vn -0.456928 0.583949 0.670984
v -149.686 -81.3052 1314.22
vn -0.737849 0.659606 -0.143176
v -151.661 -79.0617 1310.96
vn -0.688921 0.671899 0.271917
v -150.634 -77.7355 1310.94
vn 0.0608421 0.710553 0.701008
v -152.133 -79.49 1311.86
vn -0.155592 0.67874 0.717707
v -151.45 -79.8536 1312.12
vn -0.520896 0.650372 0.552887
v -151.577 -79.1027 1311.27
vn 0.441311 -0.891454 -0.102735
v -146.63 -88.5352 1326.29
vn 0.461013 -0.877873 -0.129638
v -146.223 -88.2043 1325.69
vn -0.732261 0.659989 -0.167957
v -148.286 -87.8131 1328.55
vn 0.481207 -0.876444 -0.0169346
v -146.519 -88.5667 1327.2
vn 0.411301 -0.802861 -0.431561
v -146.699 -87.2853 1318.38
vn -0.575043 0.74676 0.334179
v -148.104 -87.0103 1320.69
vn -0.680096 0.696444 0.228989
v -147.31 -86.5794 1321.41
vn -0.634238 0.75979 0.14304
v -148.056 -87.8161 1323.55
vn -0.71998 0.693891 0.012013
v -147.837 -87.7697 1325.26
vn -0.790189 0.579118 -0.200556
v -146.797 -86.1361 1328.24
vn -0.77902 0.554072 -0.293483
v -146.975 -85.1941 1330.88
vn -0.711926 0.615869 -0.337442
v -148.339 -86.7903 1331.5
vn -0.677912 0.684533 -0.268048
v -149.045 -85.5269 1334.09
vn -0.66921 0.740927 0.0564312
v -148.796 -85.3251 1334.39
vn -0.135238 0.50472 0.852624
v -148.158 -85.482 1334.65
vn 0.166507 -0.742235 -0.649125
v -148.656 -84.5645 1314.18
vn 0.367957 -0.798128 -0.477074
v -148.089 -86.0077 1315.51
vn 0.009578 -0.444333 -0.89581
v -147.711 -84.717 1314.44
vn 0.132981 -0.578321 -0.804898
v -147.359 -84.9398 1314.56
vn 0.0537367 0.395509 0.916889
v -148.774 -84.7214 1317.53
vn -0.414657 0.709582 0.569696
v -148.005 -85.6153 1318.5
vn -0.334595 0.605322 0.722241
v -148.082 -85.1547 1317.96
vn -0.029202 0.346173 0.937716
v -148.236 -84.3162 1317.26
vn 0.147912 0.264541 0.952964
v -148.3 -84.0238 1317.24
vn -0.166551 0.391422 0.905013
v -148.005 -83.9613 1317.22
vn -0.37293 0.50116 0.780872
v -147.662 -84.1753 1317.48
vn -0.585717 0.638052 0.499825
v -146.95 -84.8263 1318.51
vn -0.599132 0.700941 0.38694
v -147.395 -85.7877 1319.45
vn -0.683647 0.7191 -0.124585
v -148.297 -84.7361 1334.08
vn -0.324224 0.800852 0.503502
v -147.466 -84.264 1333.8
vn -0.103875 0.560842 0.821381
v -147.433 -84.4491 1333.99
vn 0.109273 -0.6515 -0.750738
v -146.728 -83.3663 1313.32
vn 0.144313 -0.694775 -0.7046
v -146.906 -82.4248 1312.65
vn 0.516495 0.661466 0.543779
v -147.678 -82.7307 1316.24
vn 0.512446 0.682804 0.520747
v -147.838 -82.1974 1315.59
vn -0.152155 0.658633 0.73692
v -148.076 -81.9348 1315.68
vn 0.200338 0.5936 0.779426
v -147.472 -82.1385 1315.31
vn 0.0996259 -0.240571 0.965505
v -147.782 -81.8717 1315.67
vn 0.465046 0.696941 0.545898
v -147.286 -82.7833 1315.96
vn 0.0345878 0.701155 0.71217
v -147.347 -82.4064 1315.48
vn 0.53835 -0.0181869 0.842525
v -147.351 -81.8051 1315.3
vn -0.169211 0.647281 0.743233
v -147.54 -81.5273 1315.45
vn -0.394583 0.681894 0.615893
v -147.044 -82.4215 1315.65
vn -0.290953 0.600014 0.745204
v -147.106 -82.0615 1315.27
vn -0.36312 0.611196 0.703266
v -148.958 -83.852 1317.34
vn 0.284821 0.398201 0.871959
v -148.421 -83.4456 1317.09
vn -0.165134 0.687866 0.706803
v -148.226 -82.8267 1316.56
vn -0.00378644 0.606622 0.794981
v -147.82 -83.3322 1316.85
vn 0.333449 0.650693 0.68221
v -147.709 -83.0221 1316.55
vn 0.324566 0.496189 0.805266
v -147.873 -83.0512 1316.64
vn -0.111489 0.686936 0.718115
v -147.932 -82.7637 1316.54
vn -0.189163 0.818001 0.543224
v -147.249 -83.0759 1316.58
vn 0.251314 -0.736118 -0.628467
v -148.483 -80.3783 1310.33
vn -0.0553795 -0.529764 -0.846335
v -147.529 -80.6315 1310.86
vn 0.16783 -0.687253 -0.706764
v -147.637 -80.0663 1310.49
vn -0.371776 0.648583 0.664171
v -147.936 -79.3061 1313.34
vn -0.669466 0.57421 0.471274
v -149.352 -81.5592 1314.86
vn -0.36742 0.680379 0.634103
v -149.071 -81.5035 1315.18
vn 0.12699 0.696946 0.70579
v -147.633 -80.978 1314.82
vn 0.0400785 0.595074 0.802671
v -147.791 -80.1355 1314.19
vn 0.081832 0.651461 0.754256
v -147.018 -81.1625 1314.67
vn -0.12703 -0.537039 -0.833938
v -149.54 -79.6229 1309.6
vn -0.354268 0.632194 0.689075
v -150.112 -77.3182 1310.95
vn 0.128407 -0.688513 -0.713766
v -148.057 -79.3197 1309.33
vn -0.355547 0.562909 0.746137
v -149.819 -78.8822 1312.13
vn -0.32737 0.580773 0.74534
v -150.035 -77.7528 1311.38
vn -0.764265 0.579061 -0.283879
v -149.549 -76.7723 1309.44
vn -0.726937 0.683342 -0.0678767
v -148.523 -75.7414 1309.14
vn 0.0390495 0.573542 0.818245
v -148.185 -76.1889 1310.42
vn -0.58532 0.783258 0.20954
v -148.265 -75.7498 1310.06
vn 0.404619 -0.870202 -0.281125
v -145.93 -88.2037 1326.01
vn 0.470423 -0.882437 0.00264925
v -144.419 -87.1307 1328.14
vn -0.75097 0.641791 0.155401
v -145.826 -85.3001 1323.13
vn -0.770962 0.628748 -0.101456
v -146.417 -85.9922 1326.75
vn 0.179634 -0.428739 0.88539
v -145.772 -86.51 1334.53
vn 0.0406185 -0.00186446 0.999173
v -145.691 -85.5471 1334.83
vn -0.150418 0.699038 0.699085
v -145.887 -84.5358 1334.22
vn 0.183976 -0.647368 -0.73964
v -146.371 -83.7261 1313.97
vn 0.286099 -0.692255 -0.662518
v -144.842 -85.1677 1316.55
vn -0.441747 0.645036 0.623528
v -146.589 -83.4791 1317.55
vn -0.705813 0.592594 0.388149
v -145.929 -83.9461 1318.82
vn -0.715089 0.642947 0.274348
v -146.104 -84.8017 1320.07
vn -0.799073 0.565234 0.204922
v -145.114 -83.9034 1320.98
vn -0.810715 0.582268 -0.0608789
v -145.384 -84.8881 1324.93
vn -0.766762 0.63759 0.0745274
v -145.005 -84.0647 1326.11
vn -0.698506 0.708699 -0.0991729
v -144.63 -83.9397 1324.02
vn -0.749329 0.646456 -0.143529
v -145.266 -84.4038 1326.72
vn -0.621639 0.77466 0.116046
v -144.733 -83.9681 1326.42
vn -0.693753 0.604892 -0.390912
v -144.755 -83.9317 1326.72
vn -0.790761 0.543308 -0.28198
v -144.862 -83.5665 1327.29
vn -0.698917 0.697454 -0.158346
v -145.428 -83.0128 1330.84
vn -0.699174 0.647506 -0.303138
v -146.863 -83.962 1332.62
vn -0.627532 0.777127 -0.0477164
v -146.649 -83.6645 1333.21
vn -0.657206 0.746688 -0.102653
v -145.988 -83.5022 1331.44
vn -0.145474 0.586102 0.797071
v -145.67 -82.6055 1332.91
vn -0.613303 0.77572 0.14872
v -145.453 -83.0802 1331.14
vn -0.617031 0.775582 -0.133212
v -145.452 -83.1488 1331.45
vn -0.607579 0.72111 -0.332938
v -145.61 -82.6743 1332.61
vn -0.181045 0.63795 0.748493
v -146.582 -83.6827 1333.52
vn -0.0742039 -0.573088 -0.816127
v -146.439 -81.5627 1311.71
vn -0.0649973 -0.544522 -0.836224
v -145.567 -81.2807 1311.46
vn 0.268143 -0.774256 -0.573261
v -146.403 -83.5161 1313.65
vn 0.0322171 -0.610544 -0.791326
v -146.76 -81.4989 1311.7
vn 0.135366 -0.738113 -0.660958
v -146.386 -81.8436 1311.92
vn 0.0530543 -0.579818 -0.813017
v -144.933 -81.5093 1312.15
vn 0.301458 -0.774437 -0.55621
v -144.985 -81.2295 1311.93
vn 0.543455 0.173618 0.821287
v -146.923 -81.4307 1314.93
vn -0.492159 0.660945 0.566508
v -146.468 -82.3149 1315.98
vn -0.26245 0.629051 0.73172
v -146.606 -81.4906 1315.02
vn -0.556492 0.680441 0.476778
v -145.825 -82.7021 1317.25
vn 0.0899421 -0.650633 -0.754047
v -145.801 -79.9868 1310.32
vn 0.381606 -0.769156 -0.512616
v -144.932 -80.9435 1311.47
vn 0.165243 -0.701919 -0.692823
v -145.216 -79.8869 1310.49
vn -0.0252457 -0.578932 -0.814985
v -145.365 -79.0235 1309.56
vn -0.426067 0.599657 0.677405
v -146.019 -79.7818 1313.75
vn -0.171167 0.507224 0.844645
v -146.104 -79.222 1313.24
vn -0.536184 0.584922 0.608583
v -145.335 -79.0175 1313.74
vn -0.302751 0.521131 0.797975
v -145.637 -78.5252 1313.09
vn -0.679368 0.545245 0.491087
v -145.094 -79.9204 1314.71
vn -0.221978 0.648127 0.728462
v -147.008 -77.7342 1312.36
vn -0.0192891 0.477999 0.878148
v -146.223 -78.6461 1313.05
vn -0.111009 0.549197 0.828287
v -145.798 -77.6718 1312.48
vn -0.0768039 0.624265 0.777428
v -145.67 -76.7569 1311.99
vn -0.234908 -0.420398 -0.876404
v -145.721 -75.3429 1306.25
vn -0.54763 -0.0604712 -0.834532
v -147.608 -76.2842 1307.42
vn -0.745946 0.323627 -0.582091
v -147.413 -75.3215 1307.37
vn -0.762651 0.568023 -0.309376
v -147.734 -74.9936 1308.24
vn -0.627861 0.771041 0.106232
v -148.021 -75.2094 1308.83
vn -0.153434 0.735402 0.660032
v -146.695 -75.8923 1310.04
vn 0.374316 -0.921833 -0.100555
v -142.858 -86.6707 1332.12
vn 0.46002 -0.884852 0.0736151
v -143.008 -86.4412 1327.58
vn 0.408913 -0.909532 -0.0744473
v -141.722 -86.2648 1330.05
vn 0.371721 -0.920451 -0.120801
v -142.598 -86.327 1331.51
vn 0.29576 -0.728161 0.61831
v -143.031 -86.2509 1333.89
vn 0.163837 -0.246094 0.955298
v -143.036 -84.9857 1334.59
vn 0.213346 -0.628641 -0.74786
v -143.394 -83.6712 1315.87
vn 0.44203 -0.805718 -0.394244
v -143.245 -84.56 1316.91
vn -0.557553 0.727371 0.400084
v -144.371 -83.4678 1322.8
vn -0.57782 0.691318 0.433824
v -144.416 -83.1995 1322.48
vn -0.431017 0.82318 0.369593
v -143.986 -83.2892 1322.81
vn -0.696575 0.580546 -0.421604
v -144.409 -83.587 1324.2
vn -0.792275 0.586768 -0.167344
v -144.46 -83.4392 1324.6
vn -0.612256 0.766474 0.194062
v -144.52 -83.4143 1325.8
vn -0.643086 0.592795 -0.484803
v -144.124 -83.4447 1324.02
vn -0.638035 0.69911 -0.322732
v -144.19 -83.2072 1324.3
vn -0.589516 0.724612 -0.356943
v -143.878 -83.1652 1324.01
vn -0.457352 0.817071 0.351034
v -143.674 -83.1379 1326.13
vn -0.667315 0.620702 -0.411607
v -144.605 -83.2777 1326.99
vn -0.70452 0.681268 -0.198812
v -144.695 -83.1138 1328.18
vn -0.650854 0.634539 -0.416833
v -143.955 -83.316 1326.43
vn -0.568627 0.751127 -0.335369
v -143.731 -82.9597 1326.53
vn -0.543131 0.777255 -0.317622
v -143.339 -82.2371 1327.9
vn -0.632376 0.740442 -0.227699
v -144.959 -82.6585 1331.75
vn -0.491649 0.8161 -0.303748
v -145.063 -82.3711 1332.63
vn -0.519044 0.842961 -0.141454
v -144.732 -82.3563 1332.04
vn -0.226524 0.756497 0.613514
v -144.761 -82.4061 1332.92
vn -0.6167 0.78514 0.0568965
v -144.175 -81.9707 1331.45
vn -0.372563 0.924667 -0.0786573
v -143.945 -81.8699 1332.66
vn -0.34658 0.923493 0.164449
v -143.069 -81.5429 1332.09
vn 0.404453 -0.772169 -0.490075
v -143.793 -82.8877 1314.07
vn 0.499083 -0.813482 -0.298601
v -142.686 -82.4644 1314.71
vn 0.379787 -0.763611 -0.522168
v -142.407 -82.4002 1315.02
vn -0.649844 0.678186 0.343172
v -144.043 -81.4639 1319.39
vn -0.599603 0.67176 -0.434989
v -142.868 -81.6463 1328.2
vn -0.625663 0.733471 -0.265643
v -143.242 -81.5882 1329.38
vn -0.600285 0.637702 -0.482694
v -143.024 -81.2449 1329.67
vn 0.180326 -0.696779 -0.694249
v -144.039 -79.6051 1310.28
vn -0.646407 0.565065 0.512698
v -144.482 -80.1961 1316.11
vn -0.637954 0.693412 0.334953
v -144.39 -78.9312 1314.69
vn -0.311842 0.573395 0.75761
v -143.784 -79.4392 1315.97
vn -0.50837 0.656297 0.557525
v -144.129 -78.9079 1315.61
vn -0.416698 0.724975 0.548429
v -143.417 -79.4867 1316.29
vn -0.40911 0.826504 0.38668
v -143.337 -78.1331 1314.71
vn -0.241375 0.730156 0.639226
v -142.999 -78.3927 1315.31
vn 0.0955966 -0.657691 -0.747197
v -144.531 -78.5572 1309.25
vn -0.278309 0.763224 0.583124
v -145.452 -76.2409 1311.46
vn 0.146079 0.492696 0.857853
v -145.124 -74.4062 1308.85
vn -0.210885 0.747472 0.629931
v -144.337 -75.6189 1310.95
vn -0.254137 -0.374975 -0.89152
v -143.758 -73.7695 1305.09
vn 0.393324 0.218525 0.893053
v -144.946 -73.7698 1308.6
vn 0.466797 0.130909 0.874622
v -143.69 -72.6367 1307.73
vn 0.319066 -0.91623 -0.242322
v -141.73 -86.1511 1331.85
vn 0.462155 -0.863973 -0.199906
v -140.364 -85.0891 1323.74
vn 0.413964 -0.848817 -0.328853
v -140.742 -85.0769 1325.22
vn 0.478165 -0.86821 0.132552
v -140.46 -84.9023 1324.92
vn 0.408257 -0.88028 -0.24173
v -139.869 -84.9238 1325.56
vn 0.481766 -0.845663 0.229686
v -139.653 -84.6935 1324.36
vn 0.400802 -0.902552 -0.157347
v -140.273 -85.1681 1328.87
vn 0.345085 -0.927694 0.14248
v -140.049 -85.6075 1332.82
vn 0.243889 -0.505984 0.827344
v -142.002 -85.4056 1334.19
vn 0.517747 -0.817064 -0.25366
v -139.957 -82.6954 1316.69
vn 0.482297 -0.829099 -0.282814
v -141.046 -83.5808 1317.88
vn -0.531771 0.729765 -0.429723
v -142.174 -81.827 1327.35
vn -0.0866417 0.589842 0.802857
v -142.365 -82.172 1333.19
vn -0.155851 0.802973 0.575278
v -142.208 -81.335 1332.43
vn -0.000608655 0.46534 0.885132
v -141.715 -82.3351 1333.23
vn -0.503315 0.863227 0.0388916
v -141.756 -81.7218 1324.96
vn -0.582618 0.799738 -0.144827
v -142.401 -81.0372 1328.49
vn -0.562771 0.686975 -0.459732
v -142.447 -81.0148 1329.39
vn -0.60721 0.676741 -0.416316
v -142.421 -80.5967 1329.67
vn -0.460882 0.864935 0.198685
v -142.286 -80.4706 1329.97
vn -0.354013 0.840108 0.410967
v -141.344 -80.3142 1330.31
vn -0.498452 0.573865 -0.649788
v -141.442 -79.9959 1329.39
vn -0.547275 0.83615 -0.0366503
v -140.793 -80.032 1328.82
vn -0.301477 0.864588 0.401995
v -141.624 -80.9446 1331.24
vn -0.0457261 -0.51938 -0.853319
v -141.174 -78.668 1310.35
vn 0.120407 -0.664603 -0.737432
v -141.228 -78.3856 1310.16
vn 0.0480385 -0.581561 -0.812083
v -140.579 -78.5475 1310.22
vn 0.17464 -0.64612 -0.742987
v -140.565 -78.2483 1310.06
vn -0.356339 0.783868 0.508501
v -141.878 -77.8505 1315.08
vn 0.175938 -0.676845 -0.714791
v -142.569 -77.5611 1308.61
vn 0.27225 -0.700289 -0.659905
v -141.722 -77.2448 1308.73
vn 0.1608 -0.67853 -0.716757
v -140.764 -77.48 1309.1
vn -0.352322 0.758486 0.548242
v -142.588 -77.0336 1313.18
vn 0.223719 -0.69293 -0.685418
v -142.907 -74.7629 1305.8
vn 0.426132 -0.731015 -0.532943
v -142.189 -74.5863 1306.07
vn 0.320304 -0.7131 -0.623613
v -141.642 -74.2956 1306.15
vn 0.00633919 -0.57858 -0.815601
v -142.293 -75.7525 1307.27
vn -0.0951546 0.66489 0.740855
v -142.538 -75.5017 1311.4
vn -0.355098 0.785921 0.506195
v -142.628 -74.9999 1310.95
vn -0.0659842 0.630488 0.773389
v -141.402 -74.9794 1310.95
vn -0.435642 0.828923 0.350861
v -141.566 -73.9903 1309.74
vn -0.582664 0.763334 0.278971
v -141.562 -74.0727 1310.05
vn -0.185953 0.725435 0.662696
v -141.097 -74.9859 1311.04
vn -0.493427 0.801441 0.337968
v -141.307 -73.8343 1310.05
vn -0.0549881 0.568535 0.820819
v -141.284 -74.006 1310.36
vn -0.39235 0.872973 0.289794
v -143.232 -71.2237 1305.87
vn -0.06684 0.874839 0.47978
v -142.625 -71.2542 1306.2
vn -0.408062 0.85431 0.321933
v -143.447 -71.9831 1307.52
vn 0.346132 0.285582 0.893664
v -143.015 -72.5155 1307.38
vn 0.379593 0.243274 0.892596
v -142.837 -71.8794 1307.13
vn 0.0573262 0.843913 0.533408
v -142.896 -71.5431 1306.81
vn -0.0100564 0.768137 0.640206
v -142.284 -71.4773 1306.54
vn -0.112877 0.716796 0.688086
v -141.905 -71.8679 1306.89
vn -0.681387 0.723445 -0.111082
v -143.211 -71.1746 1305.26
vn -0.368168 0.839963 0.398641
v -142.684 -70.8611 1305.57
vn 0.499376 -0.819561 -0.280967
v -138.633 -81.732 1316.71
vn 0.46372 -0.824992 -0.323037
v -139.117 -82.7028 1318.55
vn 0.41978 -0.793976 -0.439757
v -138.061 -81.6042 1317.04
vn -0.0917389 0.584943 0.805869
v -139.593 -82.1845 1333.18
vn -0.184774 0.717096 0.672035
v -140.099 -82.849 1334.01
vn 0.0334515 0.192628 0.980701
v -138.283 -82.7498 1334.16
vn 0.411434 -0.769722 -0.488108
v -138.145 -80.8435 1315.18
vn -0.555091 0.827091 0.0882853
v -140.043 -80.558 1321.67
vn -0.56064 0.827684 -0.0249315
v -140.512 -79.8529 1328.53
vn -0.545264 0.782409 -0.300871
v -139.951 -79.4856 1327.94
vn -0.504251 0.847649 -0.16499
v -139.064 -79.0445 1328.26
vn -0.548039 0.640348 -0.538152
v -138.746 -79.1941 1327.09
vn -0.514542 0.743877 -0.42649
v -138.631 -78.6321 1328.57
vn -0.532515 0.773049 -0.344707
v -139.999 -79.454 1328.84
vn -0.297794 0.825054 0.480213
v -139.374 -79.9466 1331.01
vn -0.424118 0.894166 0.143493
v -139.457 -79.3798 1330.07
vn -0.322848 0.852499 0.411113
v -139.46 -79.4297 1330.37
vn -0.37034 0.927799 0.0451427
v -139.52 -78.9628 1329.44
vn -0.484824 0.618078 -0.61881
v -139.215 -78.8303 1328.84
vn -0.285886 0.87344 0.394171
v -139.347 -80.2622 1331.93
vn -0.0584527 0.56096 0.825777
v -138.405 -80.4439 1332.39
vn 0.346889 -0.750933 -0.561933
v -139.159 -77.9971 1310.13
vn 0.160414 -0.603783 -0.780842
v -139.213 -77.6704 1309.73
vn 0.328701 -0.705179 -0.628233
v -139.979 -75.0123 1306.89
vn -0.207719 0.899184 0.385125
v -140.212 -72.9809 1308.86
vn -0.308368 0.759802 0.572372
v -139.032 -72.7646 1308.93
vn 0.124805 0.456699 0.880823
v -140.922 -74.2889 1310.54
vn 0.250707 0.417263 0.87352
v -140.621 -74.2327 1310.42
vn -0.338891 0.839945 0.423847
v -140.763 -73.3262 1309.15
vn 0.357469 0.251322 0.899474
v -140.381 -73.8863 1310.23
vn -0.28887 0.791297 0.53889
v -140.442 -73.5965 1310.17
vn -0.474436 0.859962 0.188084
v -140.486 -73.256 1309.46
vn -0.103338 0.673584 0.731851
v -140.079 -73.8312 1310.08
vn 0.337045 0.438653 0.833057
v -140.14 -73.5414 1310.02
vn -0.392431 0.849304 0.353101
v -140.206 -73.1959 1309.78
vn 0.158901 0.679892 0.715889
v -139.755 -73.472 1309.82
vn 0.134965 0.875397 0.464181
v -139.884 -73.213 1309.54
vn -0.334032 0.807234 0.486617
v -139.457 -74.0703 1311.08
vn -0.257299 0.796222 0.547565
v -139.241 -73.3991 1309.85
vn -0.370376 0.781229 0.502497
v -138.814 -74.3309 1311.73
vn 0.367277 -0.729371 -0.57717
v -139.117 -71.3035 1303.7
vn -0.692737 0.241939 -0.679398
v -141.471 -70.3211 1303.34
vn -0.455567 -0.13168 -0.880408
v -140.075 -69.4746 1302.34
vn -0.405479 0.732787 0.546452
v -141.477 -69.8935 1304.99
vn -0.763613 0.444992 -0.467844
v -141.393 -69.4311 1304.06
vn -0.138453 0.620986 0.771497
v -139.788 -70.0842 1305.76
vn 0.225807 -0.334266 0.915029
v -136.301 -83.2743 1333.72
vn 0.395895 -0.795343 -0.459017
v -135.236 -80.8093 1318.66
vn 0.471928 -0.851113 -0.229982
v -136.85 -82.3502 1321.07
vn 0.463248 -0.873605 0.149052
v -136.539 -82.9993 1324.14
vn 0.376096 -0.869779 -0.31943
v -136.27 -82.889 1324.45
vn 0.0367583 0.394533 0.918146
v -137.459 -80.5465 1332.38
vn 0.478633 -0.810226 -0.338296
v -135.313 -80.0776 1316.81
vn 0.531276 -0.84387 -0.0750312
v -136.684 -81.014 1317.69
vn 0.527928 -0.838341 -0.13593
v -135.84 -80.5362 1317.1
vn -0.563752 0.825887 -0.00968944
v -136.891 -78.6947 1324.46
vn -0.571723 0.782158 -0.247711
v -136.776 -78.1967 1326.24
vn -0.193093 0.704165 0.683277
v -138.06 -78.6263 1329.5
vn -0.136021 0.685618 0.715141
v -136.096 -79.6655 1331.95
vn 0.345646 -0.729715 -0.589953
v -137.333 -78.5004 1312.98
vn -0.581012 0.810852 0.0703101
v -137.353 -78.5713 1320.51
vn -0.455481 0.806409 0.377149
v -136.713 -77.9599 1319.3
vn -0.565813 0.814095 0.130786
v -136.331 -77.8239 1321.43
vn -0.581071 0.786104 0.210705
v -136.004 -77.475 1319.32
vn -0.499217 0.813813 -0.297475
v -137.016 -77.5993 1328.6
vn -0.524913 0.843347 -0.115031
v -136.366 -77.4509 1327.12
vn -0.504593 0.848183 -0.161156
v -136.414 -77.4193 1328.02
vn 0.414336 -0.793631 -0.445506
v -137.422 -74.9489 1307.94
vn 0.169339 -0.58722 -0.791516
v -136.949 -75.1192 1308.41
vn 0.449762 -0.759945 -0.469252
v -137.023 -74.6311 1307.64
vn 0.131269 -0.59381 -0.793825
v -137.185 -73.743 1306.89
vn 0.150137 -0.650178 -0.7448
v -136.302 -73.5538 1306.85
vn 0.205443 -0.673323 -0.710232
v -137.905 -74.7795 1307.49
vn 0.286495 -0.65472 -0.699473
v -137.075 -74.3283 1307.32
vn 0.508842 -0.751905 -0.419187
v -136.764 -74.411 1307.65
vn 0.457718 -0.760174 -0.461117
v -136.757 -74.4975 1307.92
vn 0.376216 -0.754367 -0.537951
v -136.504 -74.1312 1307.34
vn -0.427675 0.768216 0.476381
v -138.667 -73.2282 1309.91
vn -0.54111 0.778623 0.317719
v -136.6 -73.2921 1312.1
vn 0.00239512 -0.565352 -0.824847
v -137.903 -71.3285 1304.18
vn 0.1064 -0.635734 -0.76454
v -138.502 -71.4368 1304.35
vn 0.127762 -0.628052 -0.767611
v -138.091 -71.9546 1304.6
vn -0.737177 0.644088 0.204259
v -137.055 -70.3256 1307.68
vn 0.00682814 -0.545361 -0.838173
v -139.056 -69.8786 1302.2
vn -0.361011 0.721286 0.591116
v -137.455 -67.8316 1304.36
vn -0.22651 0.597996 0.768826
v -138.269 -66.8128 1303.78
vn 0.116592 0.404534 0.907061
v -137.513 -67.5443 1304.25
vn 0.340154 -0.893705 -0.292553
v -132.902 -82.3969 1329.13
vn 0.315656 -0.89972 -0.301439
v -132.858 -82.9778 1330.98
vn 0.354183 -0.859513 0.3685
v -133.458 -83.3547 1332.47
vn 0.350723 -0.93629 -0.0188298
v -133.055 -83.3169 1331.89
vn 0.328518 -0.638134 0.696319
v -133.233 -83.0434 1332.77
vn 0.4438 -0.880779 -0.165139
v -134.906 -81.4296 1321.19
vn 0.430706 -0.856707 -0.283807
v -132.976 -80.4247 1321.18
vn 0.388643 -0.914759 -0.110328
v -133.169 -82.0769 1326.69
vn -0.251862 0.790105 0.558838
v -135.278 -80.823 1333.11
vn 0.439977 -0.79649 -0.414757
v -134.797 -79.8214 1317.72
vn 0.310536 -0.706376 -0.636082
v -133.928 -79.6112 1317.9
vn 0.553075 -0.825439 -0.112955
v -133.985 -79.1966 1317.13
vn 0.334744 -0.656235 -0.676241
v -133.101 -79.1583 1317.78
vn 0.368894 -0.723799 -0.583123
v -133.171 -78.7727 1317.46
vn 0.273725 -0.666922 -0.69303
v -134.727 -77.1082 1312.45
vn -0.588855 0.73857 0.328275
v -134.704 -76.2142 1318.41
vn -0.655334 0.739645 0.153175
v -134.448 -76.0445 1318.72
vn -0.576595 0.752925 0.317241
v -134.188 -75.9526 1319.33
vn -0.520466 0.82789 0.209079
v -135.602 -77.5375 1321.75
vn 0.157169 -0.577694 -0.800979
v -134.125 -76.094 1311.9
vn 0.507601 -0.776806 -0.372711
v -134.386 -72.4664 1306.77
vn 0.463025 -0.755417 -0.46363
v -134.15 -72.0176 1306.15
vn 0.355993 -0.679024 -0.642024
v -134.476 -73.7103 1308.04
vn 0.542515 -0.771371 -0.332661
v -134.122 -72.4457 1307.08
vn -0.552662 0.752393 0.358427
v -135.493 -72.1561 1310.9
vn -0.716611 0.696847 0.0295494
v -135.317 -71.9538 1311.19
vn -0.60886 0.732178 0.305295
v -135.069 -71.7475 1311.5
vn 0.421198 -0.732871 -0.534314
v -135.821 -71.1945 1305.1
vn 0.277199 -0.665454 -0.69306
v -134.489 -70.224 1304.89
vn -0.37039 0.685969 0.626305
v -135.123 -71.2112 1310.09
vn -0.418607 0.724911 0.547058
v -136.726 -68.7016 1306.1
vn -0.354732 0.658377 0.663856
v -135.824 -68.681 1306.45
vn -0.476158 0.731041 0.488725
v -135.747 -67.2496 1304.56
vn -0.447904 0.694533 0.563033
v -135.168 -67.2573 1305.39
vn -0.809144 0.585063 -0.0546468
v -135.873 -68.5863 1307.04
vn -0.611478 0.687376 0.39193
v -137.601 -65.4028 1302.53
vn 0.0877053 0.442618 0.892411
v -136.798 -66.5021 1303.75
vn -0.147918 0.569901 0.80829
v -136.964 -65.6511 1303.25
vn 0.168871 0.407096 0.897639
v -135.898 -66.3305 1303.41
vn -0.645347 0.0841964 -0.759235
v -136.635 -65.1092 1300.16
vn -0.818379 0.412391 -0.400236
v -136.747 -64.6618 1300.43
vn -0.795373 0.580949 -0.17286
v -137.596 -65.238 1301.62
vn -0.798895 0.593947 0.0948306
v -136.55 -63.8355 1301.6
vn -0.491607 0.603026 0.628237
v -136.115 -63.7008 1302.14
vn 0.338624 -0.921787 -0.18879
v -132.318 -82.4505 1330.07
vn 0.411818 -0.87446 -0.256372
v -132.375 -80.8672 1323.65
vn 0.314364 -0.805479 -0.502373
v -131.498 -80.7346 1324
vn -0.109114 0.503405 0.857133
v -133.215 -80.4715 1333.38
vn 0.125832 -0.0305038 0.991582
v -132.798 -80.9883 1333.49
vn 0.266487 -0.355754 0.895781
v -131.769 -81.4028 1333.17
vn 0.0302293 0.180021 0.983198
v -131.452 -80.0908 1333.33
vn 0.32688 -0.658596 -0.677791
v -132.866 -78.7868 1317.59
vn 0.392558 -0.76889 -0.504684
v -132.513 -79.1016 1318.12
vn 0.444668 -0.819861 -0.360692
v -132.645 -78.3063 1317.16
vn 0.269448 -0.728907 -0.629358
v -131.082 -78.882 1319.38
vn 0.482203 -0.830783 -0.277993
v -130.883 -78.1374 1318.16
vn 0.437049 -0.873239 -0.215505
v -131.969 -79.9304 1320.31
vn -0.135888 0.657996 0.740659
v -132.438 -78.2987 1331.32
vn -0.171446 0.720657 0.671758
v -131.923 -77.3373 1330.31
vn 0.510343 -0.821511 -0.254301
v -131.54 -77.5581 1316.27
vn -0.600718 0.799258 -0.0180101
v -133.166 -75.9604 1323.91
vn -0.554273 0.829019 0.0742254
v -132.139 -75.1671 1324.52
vn -0.569575 0.818163 -0.0787019
v -131.985 -74.7191 1325.71
vn -0.417654 0.877349 0.236271
v -133.386 -75.7657 1327.8
vn 0.358754 -0.671033 -0.648853
v -132.757 -75.2562 1311.55
vn 0.377592 -0.694868 -0.612032
v -132.607 -74.4088 1310.9
vn 0.533944 -0.761986 -0.366444
v -133.867 -71.9713 1306.46
vn -0.468295 0.731326 0.495845
v -133.608 -71.6219 1312.57
vn -0.117617 -0.442267 -0.889138
v -133.059 -69.6393 1304.42
vn 0.158545 -0.59085 -0.79105
v -132.464 -69.5199 1304.28
vn -0.660623 0.721318 0.208033
v -133.092 -69.5676 1309.68
vn 0.43515 -0.710548 -0.552962
v -134.05 -69.1553 1303.57
vn 0.562123 -0.725998 -0.396162
v -133.529 -68.7334 1303.58
vn -0.431921 0.636568 0.638925
v -134.795 -67.4509 1305.83
vn -0.373543 0.701903 0.606464
v -133.962 -67.5011 1307.09
vn 0.448306 -0.549977 -0.704661
v -133.616 -66.3447 1300.64
vn 0.151859 -0.569689 -0.807709
v -133.672 -66.0594 1300.5
vn 0.452974 -0.586222 -0.671684
v -133.333 -66.27 1300.82
vn 0.407481 -0.544603 -0.733053
v -133.385 -65.9895 1300.6
vn -0.789028 0.59774 -0.141923
v -133.597 -65.9982 1305.3
vn -0.290516 -0.299127 -0.908913
v -135.163 -64.6281 1299.27
vn 0.159429 -0.617027 -0.770623
v -133.627 -64.6063 1299.2
vn -0.797199 0.292138 -0.528327
v -133.677 -60.7061 1297.96
vn -0.852173 0.394512 -0.343746
v -135.354 -62.4788 1299.76
vn -0.871948 0.428429 -0.236973
v -135.508 -62.0281 1300.95
vn -0.604151 0.618551 0.502391
v -135.255 -62.0387 1301.26
vn -0.0204077 0.496143 0.868001
v -134.921 -61.9656 1301.27
vn 0.410082 -0.834727 0.36751
v -129.184 -81.6656 1331.72
vn 0.345236 -0.5371 0.769633
v -129.309 -81.2339 1332.36
vn 0.478904 -0.871895 0.102224
v -129.834 -79.6717 1322.83
vn 0.253561 -0.717789 -0.648449
v -129.544 -79.7865 1323.75
vn 0.321283 -0.827771 -0.45997
v -129.225 -79.9036 1324.08
vn 0.506862 -0.851396 0.134967
v -129.322 -79.2682 1323.13
vn 0.300641 -0.748929 -0.590526
v -128.79 -79.5971 1323.79
vn 0.416668 -0.862758 -0.28642
v -128.381 -79.554 1324.11
vn 0.351991 -0.903149 -0.245814
v -128.32 -80.9038 1329.31
vn 0.398025 -0.808484 -0.433509
v -128.833 -77.8808 1319.16
vn 0.36157 -0.809787 -0.462074
v -130.44 -79.3941 1321.27
vn 0.411945 -0.855865 -0.312724
v -128.726 -78.9372 1321.94
vn -0.302212 0.772146 0.558979
v -129.364 -78.2161 1332.4
vn 0.431883 -0.749157 -0.502236
v -130.607 -75.7723 1314.11
vn 0.351801 -0.763753 -0.541219
v -130.44 -77.0832 1316.82
vn 0.344926 -0.745062 -0.570884
v -129.843 -77.0281 1316.94
vn -0.620453 0.765966 0.168327
v -131.538 -74.2272 1320.29
vn -0.623866 0.780339 -0.0431541
v -131.048 -74.4831 1324.25
vn -0.647617 0.733132 -0.207628
v -130.822 -74.1718 1324.54
vn -0.645252 0.763573 0.0246182
v -130.72 -74.1352 1324.24
vn 0.513307 -0.740328 -0.434087
v -130.767 -68.9275 1304.66
vn 0.587526 -0.757692 -0.284104
v -130.495 -68.8308 1304.97
vn -0.473347 0.691475 0.545716
v -130.836 -68.4644 1310.65
vn -0.608918 0.696507 0.379602
v -130.756 -69.0805 1311.89
vn 0.133 -0.60301 -0.786569
v -131.43 -66.9403 1302.81
vn -0.478986 0.694187 0.537287
v -131.552 -67.4954 1308.17
vn -0.525005 0.705921 0.475442
v -130.945 -67.8372 1310
vn 0.410727 -0.678909 -0.608593
v -130.769 -65.4745 1301.44
vn -0.503591 0.732915 0.457419
v -132.585 -64.8094 1304.3
vn -0.139133 -0.554386 -0.820548
v -132.185 -62.534 1297.99
vn 0.240316 -0.658977 -0.71274
v -131.558 -62.5704 1297.9
vn -0.307881 -0.363558 -0.879224
v -131.314 -60.6058 1296.51
vn -0.221275 -0.434383 -0.873126
v -132.7 -61.4625 1297.34
vn -0.114209 -0.577083 -0.80866
v -131.686 -61.8617 1297.28
vn 0.0915542 0.474014 0.875744
v -133.489 -61.3834 1300.75
vn 0.0782053 0.494899 0.865424
v -133.487 -59.8536 1300.03
vn -0.338241 0.706649 0.621483
v -132.372 -57.6152 1298.45
vn -0.348055 0.647892 0.677564
v -133.826 -59.6752 1299.87
vn -0.847072 0.310872 -0.431078
v -133.636 -58.9804 1299.07
vn -0.0587333 0.592593 0.803358
v -133.058 -58.8821 1299.4
vn 0.386759 -0.909607 -0.151767
v -126.332 -80.4876 1330.91
vn 0.296257 -0.697231 -0.652763
v -127.884 -78.8928 1323.5
vn 0.37536 -0.867029 -0.327667
v -127.544 -80.0513 1328.4
vn 0.374412 -0.920011 -0.115735
v -128.054 -80.7797 1329.62
vn 0.16921 -0.117329 0.978571
v -127.439 -78.6638 1332.84
vn 0.322998 -0.728938 -0.603591
v -127.979 -77.8897 1320.72
vn 0.540593 -0.840056 -0.0454525
v -128.022 -77.504 1319.79
vn 0.535241 -0.816128 -0.217836
v -126.686 -76.6605 1320.12
vn 0.500188 -0.860241 0.0989803
v -126.201 -77.624 1322.01
vn 0.257756 -0.633106 -0.72989
v -126.35 -76.8505 1320.42
vn 0.310038 -0.731609 -0.607145
v -127.666 -78.4228 1323.18
vn 0.313004 -0.724941 -0.613587
v -126.937 -78.596 1323.53
vn 0.328891 -0.729789 -0.599365
v -126.544 -77.9246 1323.13
vn -0.295021 0.772181 0.56276
v -128.283 -77.2934 1331.2
vn -0.421217 0.806002 0.415856
v -126.896 -76.6178 1331.24
vn -0.280259 0.746528 0.603449
v -127.044 -75.6899 1329.98
vn -0.110354 0.428043 0.896996
v -127.57 -78.056 1332.75
vn 0.234953 -0.645629 -0.726609
v -128.202 -75.4214 1316.04
vn 0.425833 -0.758307 -0.493595
v -128.077 -75.0256 1315.72
vn 0.392936 -0.802205 -0.449521
v -128.114 -76.4954 1317.92
vn -0.286322 0.749098 0.597388
v -128.253 -73.9506 1327.81
vn -0.172578 0.608346 0.774682
v -127.581 -74.3631 1328.58
vn -0.233029 0.727971 0.644791
v -127.107 -75.2738 1329.34
vn 0.124616 -0.512408 -0.849652
v -127.551 -72.4904 1312.11
vn 0.321994 -0.637307 -0.700114
v -128.854 -73.6591 1312.64
vn 0.32836 -0.628632 -0.704983
v -128.669 -73.0303 1312.27
vn 0.304387 -0.647193 -0.698921
v -127.488 -72.816 1312.31
vn -0.59527 0.775387 0.21078
v -129.463 -73.057 1323.05
vn -0.598538 0.739805 0.307312
v -129.236 -72.503 1322.13
vn -0.565607 0.80587 0.175104
v -128.66 -72.5201 1323.06
vn -0.400052 0.747018 0.530963
v -128.421 -72.085 1322.45
vn -0.675877 0.737004 -0.00397145
v -128.191 -72.0437 1323.97
vn -0.493114 0.785042 0.374898
v -127.858 -71.8504 1322.47
vn -0.694234 0.719738 -0.00414196
v -127.866 -71.8779 1322.77
vn -0.372513 0.830242 0.414647
v -128.461 -72.8899 1326.11
vn -0.640539 0.67686 0.362727
v -129.018 -70.0634 1315.97
vn -0.397521 0.6163 0.679817
v -129.558 -71.5517 1317.83
vn -0.549778 0.697626 0.459414
v -129.602 -71.3025 1317.6
vn -0.552104 0.678619 0.484414
v -129.266 -71.509 1317.98
vn -0.633854 0.660904 0.401791
v -128.552 -70.4665 1317.48
vn -0.694223 0.716955 0.0634915
v -127.564 -71.3796 1323.06
vn 0.48423 -0.678628 -0.552255
v -129.076 -68.6589 1305.94
vn 0.528788 -0.703243 -0.475219
v -128.166 -68.5737 1306.6
vn -0.614339 0.660107 0.432258
v -129.193 -69.5776 1314.72
vn 0.317267 -0.65156 -0.689066
v -129.965 -66.6619 1303.06
vn 0.556885 -0.695439 -0.45414
v -129.463 -67.8086 1304.36
vn 0.520664 -0.699415 -0.48962
v -127.882 -66.6542 1304.55
vn 0.570829 -0.6803 -0.459724
v -127.706 -66.0362 1304.06
vn 0.239938 -0.580964 -0.77776
v -129.583 -65.3483 1301.8
vn 0.269806 -0.58221 -0.766965
v -129.689 -64.8095 1301.5
vn 0.105468 -0.547199 -0.830331
v -128.443 -63.6617 1300.86
vn -0.336131 0.685893 0.64542
v -130.615 -64.1355 1305.04
vn -0.506051 0.676276 0.535316
v -129.679 -64.4457 1306.26
vn -0.58558 0.658125 0.473252
v -128.354 -63.5515 1306.28
vn -0.450064 0.644032 0.618599
v -128.677 -63.3416 1305.91
vn -0.338761 0.667167 0.663423
v -130.051 -62.046 1302.78
vn -0.509877 0.721428 0.46858
v -130.059 -62.1376 1303.38
vn -0.637845 0.653455 0.407616
v -130.382 -59.9636 1299.92
vn -0.454692 0.679725 0.575525
v -129.706 -59.6507 1300.54
vn -0.296813 0.651218 0.698439
v -129.079 -59.7963 1300.89
vn -0.692268 0.680981 0.238811
v -129.083 -60.7314 1302.15
vn -0.520065 0.711444 0.472632
v -129.094 -60.6186 1301.84
vn -0.60066 -0.0888629 -0.794551
v -131.445 -58.5175 1295.99
vn 0.0984497 0.537594 0.837437
v -131.143 -59.1427 1299.16
vn 0.161407 0.519391 0.839155
v -130.998 -56.746 1297.83
vn 0.44213 0.36323 0.820113
v -129.845 -56.2427 1297.07
vn 0.461953 -0.840044 -0.284475
v -125.023 -78.3891 1325.74
vn 0.391566 -0.776036 -0.494412
v -124.488 -78.5301 1328.19
vn 0.420673 -0.820601 -0.386843
v -124.116 -78.9544 1328.84
vn 0.402247 -0.64714 0.647617
v -125.302 -79.7125 1331.53
vn 0.460486 -0.853076 0.245387
v -124.777 -79.7339 1330.96
vn 0.535383 -0.817997 0.210349
v -125.701 -77.3339 1322.03
vn 0.476742 -0.844777 -0.243041
v -125.14 -76.9712 1321.43
vn 0.346161 -0.709677 -0.613622
v -125.203 -76.4911 1320.5
vn 0.55743 -0.80934 0.185042
v -124.103 -76.2624 1321.75
vn 0.505099 -0.781439 0.366372
v -126.013 -77.376 1322.31
vn 0.394133 -0.816547 -0.421794
v -125.212 -76.8299 1322.33
vn 0.474518 -0.876497 -0.0811527
v -124.824 -77.5791 1324.2
vn 0.395603 -0.749371 -0.530981
v -124.825 -77.3868 1323.28
vn 0.472716 -0.851938 -0.225257
v -124.532 -77.3861 1323.6
vn 0.484999 -0.846507 -0.219547
v -124.28 -77.3273 1324.54
vn -0.423767 0.782091 0.456897
v -124.989 -75.5203 1331.29
vn -0.32338 0.707932 0.627899
v -124.729 -75.9574 1331.94
vn 0.439144 -0.770809 -0.461526
v -126.325 -74.6828 1316.11
vn 0.564535 -0.776727 -0.279276
v -124.985 -73.797 1316.13
vn 0.516328 -0.84781 -0.120928
v -125.842 -75.9986 1318.62
vn 0.500083 -0.81329 0.29745
v -124.796 -75.228 1318.94
vn 0.391663 -0.730901 -0.558914
v -124.57 -74.5459 1317.41
vn 0.470185 -0.797427 -0.3782
v -124.217 -74.9475 1318.36
vn -0.374774 0.7854 0.492637
v -126.486 -75.4325 1329.99
vn -0.374424 0.798678 0.471083
v -125.96 -74.9053 1329.39
vn 0.445749 -0.775942 -0.446342
v -126.244 -73.2792 1314.25
vn 0.563666 -0.806537 -0.178266
v -126.004 -73.2062 1314.53
vn 0.531828 -0.755221 -0.383144
v -125.832 -72.0748 1312.67
vn 0.434164 -0.602475 -0.669721
v -125.689 -73.003 1314.24
vn 0.581135 -0.805094 -0.118766
v -125.712 -72.962 1314.53
vn 0.485577 -0.705854 -0.515737
v -125.745 -72.6834 1313.91
vn 0.481445 -0.743079 -0.464805
v -125.438 -72.7464 1314.24
vn 0.508174 -0.803103 -0.311102
v -125.694 -73.1134 1314.88
vn 0.138373 -0.548051 -0.82492
v -124.848 -72.9284 1314.88
vn 0.581312 -0.79777 -0.160124
v -124.711 -73.5814 1315.83
vn 0.589722 -0.757203 -0.28084
v -124.461 -73.3843 1316.14
vn -0.43752 0.830143 0.345598
v -126.989 -72.4343 1326.47
vn -0.418419 0.849253 0.322017
v -126.44 -72.0122 1325.87
vn -0.453027 0.823291 0.341991
v -126.178 -71.934 1326.49
vn -0.545843 0.826449 0.137976
v -126.013 -71.7572 1325.88
vn -0.5908 0.800438 0.101267
v -125.64 -71.5257 1326.19
vn -0.489397 0.781328 0.38732
v -125.365 -71.191 1325.29
vn 0.427497 -0.666036 -0.611263
v -125.586 -69.9971 1310.89
vn 0.339957 -0.585901 -0.735628
v -125.012 -69.8563 1311.1
vn -0.433655 0.726621 0.532883
v -127.446 -70.7366 1321.52
vn -0.315702 0.709336 0.630219
v -126.582 -70.4784 1321.56
vn -0.650435 0.710637 0.268198
v -126.307 -70.3331 1321.56
vn -0.589814 0.686504 0.425243
v -126.168 -69.3997 1320.73
vn -0.789207 0.613421 -0.0294557
v -125.707 -69.5465 1321.55
vn -0.304185 0.674471 0.672726
v -127.385 -71.0795 1321.85
vn -0.448326 0.753306 0.48118
v -126.831 -70.8099 1321.86
vn -0.464847 0.758478 0.456758
v -125.874 -69.6328 1322.15
vn -0.634603 0.742756 0.213524
v -125.57 -69.8105 1323.08
vn -0.610908 0.791626 -0.0109501
v -126.889 -71.0439 1324.28
vn 0.133036 -0.738452 -0.661053
v -125.824 -68.391 1308.32
vn 0.274116 -0.666807 -0.692985
v -125.816 -68.1115 1307.91
vn 0.281785 -0.686439 -0.670372
v -125.47 -68.6539 1308.57
vn 0.133907 -0.729234 -0.671035
v -125.525 -68.3333 1308.22
vn 0.565068 -0.729501 -0.385392
v -124.94 -68.7487 1309.21
vn 0.468299 -0.702051 -0.536489
v -127.741 -65.6084 1303.13
vn 0.618922 -0.734311 -0.27879
v -127.467 -65.5222 1303.44
vn 0.526188 -0.656289 -0.54075
v -126.885 -65.5359 1304.25
vn 0.517937 -0.708711 -0.47903
v -126.129 -66.5982 1306.29
vn -0.638606 0.670108 0.378335
v -127.263 -64.966 1309.74
vn 0.649475 -0.725771 -0.226801
v -127.199 -65.2791 1303.14
vn 0.754101 -0.620516 -0.215155
v -126.957 -64.9952 1303.44
vn 0.472619 -0.59913 -0.646277
v -126.848 -64.1398 1302.19
vn 0.427996 -0.612257 -0.664802
v -126.739 -64.452 1302.52
vn 0.707056 -0.592433 -0.386128
v -126.436 -64.0266 1302.51
vn 0.733216 -0.606144 -0.308194
v -126.042 -63.4247 1302.49
vn -0.730596 0.606956 0.312784
v -126.213 -63.492 1309.11
vn -0.779995 0.588409 0.213032
v -126.127 -63.4509 1309.42
vn 0.472443 -0.688171 -0.550653
v -126.776 -60.7105 1298.67
vn 0.553037 -0.702112 -0.448541
v -127.999 -62.3991 1299.97
vn -0.295747 0.647464 0.70237
v -128.14 -60.9613 1302.82
vn 0.385508 -0.656604 -0.648271
v -126.508 -60.6043 1299.03
vn -0.533452 0.679158 0.504155
v -127.391 -58.3314 1300.6
vn -0.475395 0.692172 0.543045
v -128.82 -60.5604 1302.29
vn -0.284855 0.613085 0.736875
v -128.228 -60.4967 1302.49
vn -0.470407 0.658497 0.587451
v -127.355 -60.279 1302.53
vn -0.128427 -0.520312 -0.844264
v -128.893 -57.1698 1294.2
vn 0.343348 -0.695104 -0.631618
v -128.243 -57.3856 1294.47
vn 0.495052 -0.716592 -0.491346
v -127.194 -56.5692 1294.48
vn -0.678544 0.628904 0.379549
v -128.905 -57.4605 1298.65
vn -0.491699 0.661506 0.566252
v -128.786 -57.0538 1298.03
vn -0.145385 0.566042 0.811456
v -127.303 -57.0654 1299.27
vn -0.446918 0.76393 0.465484
v -129.882 -54.4777 1296.06
vn 0.346016 0.48101 0.805544
v -129.232 -54.6416 1296.09
vn 0.531572 0.329505 0.780293
v -128.862 -54.8834 1295.89
vn -0.432506 0.659714 0.614586
v -127.923 -54.9458 1296.45
vn -0.458738 0.74358 0.486465
v -128.036 -54.3642 1295.5
vn -0.808672 0.00876802 -0.588194
v -129.341 -54.2323 1293.61
vn -0.87864 0.445802 -0.171031
v -128.076 -51.9172 1292.04
vn -0.487449 0.763443 0.423731
v -129.936 -54.0904 1295.38
vn 0.413213 0.494465 0.764695
v -128.734 -53.9685 1295.4
vn 0.226673 0.621584 0.749835
v -128.877 -53.1961 1294.78
vn -0.56126 0.783028 0.268055
v -128.916 -52.8898 1294.16
vn 0.202162 0.609568 0.766523
v -127.874 -53.5291 1294.64
vn 0.454059 -0.737265 -0.50027
v -123.318 -78.3969 1328.85
vn 0.379632 -0.888101 -0.259145
v -122.236 -77.6695 1328.57
vn 0.489648 -0.871823 -0.0130207
v -122.445 -78.4933 1330.42
vn 0.484038 -0.726248 0.48813
v -121.698 -77.8257 1331.04
vn 0.402916 -0.511335 0.759075
v -121.703 -77.4992 1331.3
vn 0.515547 -0.844906 -0.142637
v -123.57 -75.8565 1322.06
vn 0.412701 -0.760406 -0.501459
v -123.279 -75.8466 1322.38
vn 0.478474 -0.839506 -0.257473
v -122.378 -76.1373 1324.26
vn 0.458795 -0.833179 -0.308738
v -122.701 -77.3938 1327.32
vn -0.380438 0.706915 0.59627
v -123.533 -75.224 1331.66
vn -0.200663 0.468268 0.860499
v -123.991 -76.0743 1332.35
vn 0.0421775 0.0669954 0.996861
v -123.052 -76.1701 1332.44
vn -0.340764 0.58938 0.73247
v -122.934 -75.2449 1332.12
vn 0.573965 -0.803899 0.155917
v -123.941 -74.8691 1318.67
vn 0.567479 -0.797003 -0.20677
v -123.402 -74.4608 1318.37
vn 0.582849 -0.808997 -0.0762233
v -123.283 -74.0899 1319.56
vn 0.122173 -0.325429 -0.93764
v -122.6 -74.2264 1319.87
vn 0.481628 -0.711721 -0.511358
v -122.634 -73.6411 1317.77
vn 0.503342 -0.786487 -0.35789
v -122.724 -75.2642 1320.87
vn 0.350042 -0.605306 -0.714895
v -122.251 -74.4466 1320.03
vn -0.0808153 0.358994 0.929834
v -124.464 -73.0927 1328.25
vn -0.25232 0.598557 0.760305
v -124.114 -73.3137 1328.39
vn -0.455429 0.763785 0.457402
v -122.716 -72.7756 1328.85
vn -0.428248 0.776774 0.461763
v -124.184 -74.8643 1330.7
vn -0.432311 0.72909 0.530598
v -123.901 -74.818 1331.01
vn 0.369943 -0.702864 -0.607557
v -124.229 -72.7918 1314.91
vn 0.440819 -0.71963 -0.536481
v -124.06 -71.5942 1313.95
vn 0.236296 -0.602888 -0.762031
v -123.511 -71.7521 1314.36
vn 0.62132 -0.76375 -0.175064
v -123.68 -72.6828 1315.84
vn 0.481762 -0.694118 -0.534888
v -123.331 -73.0714 1316.81
vn 0.633911 -0.756906 -0.158902
v -123.392 -72.4715 1315.24
vn 0.633966 -0.745539 -0.205571
v -122.388 -71.4496 1315.24
vn -0.136484 0.53006 0.836904
v -124.529 -72.7757 1328.14
vn -0.15717 0.500011 0.851638
v -123.937 -72.6766 1328.16
vn -0.293291 0.686869 0.664975
v -123.788 -71.7832 1327.31
vn -0.32697 0.651064 0.684987
v -122.771 -72.4129 1328.29
vn 0.416656 -0.625836 -0.659338
v -123.271 -69.4527 1311.43
vn 0.65168 -0.74371 -0.149027
v -123.478 -70.1674 1312.69
vn -0.600859 0.664425 0.444417
v -125.113 -68.7952 1321.64
vn -0.567525 0.740575 0.35981
v -124.762 -69.1042 1322.18
vn -0.407442 0.655218 0.636145
v -124.809 -68.8277 1321.86
vn -0.469004 0.696441 0.543144
v -124.236 -69.351 1324.04
vn -0.554974 0.630401 0.542769
v -124.279 -68.4423 1321.87
vn -0.739783 0.672588 0.0186005
v -124.02 -68.2886 1322.18
vn 0.613314 -0.718398 -0.328255
v -123.862 -67.7128 1309.21
vn 0.420209 -0.660688 -0.622026
v -123.964 -66.9322 1307.65
vn 0.629453 -0.701825 -0.333513
v -123.49 -67.246 1308.6
vn -0.732827 0.616185 0.288584
v -124.989 -67.4996 1319.36
vn -0.483761 0.544113 0.685505
v -123.772 -67.5858 1321.55
vn -0.714803 0.606178 0.348719
v -123.931 -66.912 1320.29
vn -0.590327 0.572548 0.568949
v -123.649 -66.9731 1321.14
vn -0.738477 0.674091 0.0159009
v -123.798 -67.9636 1322.47
vn -0.706267 0.633019 0.316976
v -123.631 -67.8391 1321.87
vn -0.730062 0.596846 0.332844
v -125.771 -65.7816 1314.7
vn -0.710133 0.595936 0.374929
v -124.951 -65.5102 1315.63
vn -0.755617 0.553328 0.35053
v -125.269 -63.9378 1312.81
vn -0.803899 0.555292 0.213067
v -124.622 -63.8907 1314.05
vn -0.70739 0.560374 0.43079
v -124.622 -63.702 1313.13
vn 0.3849 -0.619552 -0.684111
v -125.875 -60.7515 1299.33
vn 0.544141 -0.62372 -0.561145
v -124.996 -60.6852 1299.98
vn -0.595553 0.623604 0.506393
v -125.903 -60.3479 1304.72
vn -0.675215 0.574034 0.463216
v -125.299 -60.6799 1306.59
vn -0.778293 0.540854 0.318962
v -124.712 -60.8001 1307.78
vn -0.873125 0.451026 0.185011
v -124.453 -60.9041 1309.36
vn 0.341545 -0.613527 -0.711991
v -125.925 -60.4722 1299.1
vn -0.304343 0.619819 0.723325
v -126.501 -58.2924 1301.14
vn -0.595517 0.641191 0.483977
v -126.483 -59.9426 1303.76
vn -0.761037 0.592324 0.264528
v -125.403 -59.8265 1304.72
vn -0.766161 0.561097 0.313316
v -125.085 -59.5009 1305.62
vn 0.366734 -0.714158 -0.596225
v -126.895 -56.5949 1294.8
vn -0.465528 0.644901 0.606124
v -126.73 -56.8894 1299.35
vn -0.472492 0.640337 0.605574
v -125.454 -55.7267 1299.44
vn 0.315691 -0.748307 -0.583417
v -125.606 -55.2548 1293.75
vn 0.368296 -0.735357 -0.568866
v -124.787 -55.3474 1294.25
vn 0.383953 -0.737077 -0.556145
v -125.062 -54.9041 1293.61
vn -0.412867 0.636893 0.651083
v -127.409 -54.6164 1296.46
vn -0.623355 0.645311 0.44159
v -127.283 -53.6587 1295.81
vn -0.329185 0.624983 0.707838
v -127.228 -55.8697 1298.57
vn -0.47255 -0.357536 -0.805521
v -127.474 -53.3472 1291.74
vn -0.361642 -0.520377 -0.773578
v -127.092 -52.1012 1290.81
vn -0.227853 -0.521426 -0.822313
v -126.018 -52.7891 1290.83
vn 0.189541 0.626081 0.756371
v -127.64 -52.6079 1293.92
vn -0.726169 0.679939 0.101794
v -127.888 -51.5975 1292.33
vn -0.767063 0.626321 0.139058
v -125.866 -51.2771 1293.64
vn -0.74037 0.650883 0.167939
v -127.111 -53.3218 1295.19
vn -0.367548 0.707434 0.603693
v -126.331 -52.2111 1294.87
vn -0.679474 0.650958 0.338478
v -125.943 -52.4505 1295.21
vn -0.891723 0.354047 -0.281923
v -127.25 -50.9254 1290.52
vn -0.794929 0.605647 -0.0357765
v -127.388 -50.8279 1291.11
vn -0.44672 0.822096 0.352986
v -126.847 -50.5569 1291.43
vn -0.114126 0.802626 0.585463
v -126.499 -50.8715 1292.07
vn 0.430181 -0.889762 -0.15254
v -121.087 -77.3099 1328.62
vn 0.495865 -0.863271 -0.0942375
v -121.113 -77.2552 1328.92
vn 0.500387 -0.833054 -0.23587
v -120.54 -77.318 1330.16
vn 0.550187 -0.816898 0.173124
v -120.496 -77.2981 1330.46
vn 0.497127 -0.827141 -0.262113
v -121.562 -75.4675 1323.36
vn 0.502648 -0.754224 -0.422481
v -121.033 -75.0181 1323.06
vn 0.520381 -0.816743 -0.249269
v -120.715 -75.4475 1324.92
vn 0.54205 -0.822506 -0.172236
v -120.446 -75.4703 1325.87
vn 0.26644 -0.322964 0.908132
v -121.345 -75.5047 1332.25
vn -0.0538747 0.153264 0.986716
v -121.187 -74.8472 1332.35
vn 0.58717 -0.79232 -0.16571
v -121.418 -74.4063 1321.8
vn 0.575277 -0.817944 0.00483922
v -121.115 -74.2636 1321.21
vn 0.188811 -0.374745 -0.907698
v -120.201 -72.495 1319.56
vn -0.420356 0.66197 0.620562
v -120.832 -71.0911 1327.96
vn 0.652869 -0.740619 -0.158888
v -122.308 -69.1935 1312.1
vn 0.391242 -0.586293 -0.70936
v -122.311 -70.0177 1313.35
vn 0.416655 -0.658541 -0.626676
v -121.9 -70.6206 1314.01
vn 0.341294 -0.458413 -0.820595
v -120.98 -69.1101 1313.48
vn 0.412203 -0.547802 -0.728012
v -120.622 -69.3876 1313.71
vn 0.567948 -0.666958 -0.482289
v -120.291 -69.8102 1315.27
vn -0.467725 0.667232 0.579685
v -122.237 -68.2955 1324.09
vn -0.455927 0.737034 0.498911
v -122.476 -68.9667 1325.32
vn -0.395378 0.649644 0.649337
v -120.943 -69.099 1326.07
vn -0.503832 0.668174 0.547445
v -121.14 -67.9938 1325.04
vn 0.618303 -0.692417 -0.371833
v -122.234 -66.8006 1309.55
vn 0.442916 -0.625901 -0.64193
v -122.205 -67.0584 1310.17
vn 0.729602 -0.683812 0.00907187
v -120.912 -67.7424 1312.09
vn 0.553906 -0.649103 -0.521395
v -121.154 -68.1622 1312.71
vn -0.583874 0.541348 0.605008
v -122.624 -66.0593 1321.22
vn -0.742354 0.663214 0.0951747
v -123.295 -67.3908 1322.17
vn -0.614112 0.686772 0.388859
v -123.035 -67.2404 1322.47
vn -0.682688 0.647734 0.338197
v -122.778 -66.7308 1321.86
vn -0.43575 0.569794 0.696747
v -121.843 -67.3161 1323.68
vn -0.53858 0.617116 0.573671
v -121.936 -66.7795 1323.11
vn 0.295312 -0.553858 -0.778481
v -122.55 -64.7354 1306.47
vn 0.640056 -0.690539 -0.336875
v -121.857 -65.4034 1307.98
vn 0.674633 -0.608347 -0.418072
v -121.016 -65.2256 1308.92
vn 0.749058 -0.588952 -0.303394
v -120.986 -65.4233 1309.22
vn -0.833256 0.526305 0.169374
v -123.227 -64.9276 1318.41
vn -0.69059 0.586839 0.422736
v -123.127 -64.72 1319
vn 0.512927 -0.64231 -0.569512
v -122.935 -62.3901 1303.52
vn 0.61111 -0.65927 -0.438073
v -122.616 -62.5704 1304.15
vn 0.349038 -0.614831 -0.707217
v -122.951 -64.2353 1306.08
vn -0.800569 0.488569 0.346973
v -123.728 -62.1113 1312.79
vn -0.753142 0.537528 0.379262
v -123.408 -62.4932 1314.38
vn -0.816087 0.465965 0.341876
v -122.289 -61.8539 1315.57
vn -0.831632 0.482601 0.274746
v -122.796 -63.4102 1316.84
vn -0.755665 0.459557 0.466667
v -123.188 -60.1754 1311.8
vn 0.644469 -0.62093 -0.446212
v -123.081 -58.0223 1299.03
vn -0.854877 0.486611 0.179986
v -124.291 -57.7664 1304.06
vn -0.883053 0.41267 0.223427
v -123.106 -58.4477 1309.89
vn 0.424904 -0.730523 -0.534597
v -123.192 -55.4925 1295.92
vn 0.520836 -0.738854 -0.42758
v -122.906 -55.4476 1296.17
vn 0.468253 -0.729511 -0.49855
v -122.915 -55.3401 1295.87
vn 0.561849 -0.682409 -0.467593
v -122.659 -55.1086 1295.87
vn 0.420329 -0.644321 -0.638885
v -124.341 -57.5594 1297.42
vn 0.667812 -0.643608 -0.373892
v -122.678 -56.7455 1297.47
vn 0.730681 -0.608804 -0.308972
v -122.419 -56.5895 1297.78
vn -0.759057 0.510173 0.404421
v -123.672 -56.1304 1302.79
vn -0.861625 0.458728 0.217189
v -123.291 -55.6247 1302.79
vn -0.938872 0.337352 -0.0686466
v -123.025 -54.9307 1303.06
vn -0.828404 0.467072 0.309178
v -123.058 -56.7002 1305.57
vn 0.49253 -0.711824 -0.50072
v -124.279 -54.2112 1293.31
vn 0.393844 -0.74156 -0.543117
v -124.07 -53.571 1292.38
vn 0.416376 -0.69666 -0.584206
v -122.949 -55.15 1295.67
vn -0.596119 0.616939 0.513836
v -123.96 -53.9897 1298.73
vn 0.353864 -0.759302 -0.546114
v -124.071 -51.6569 1289.85
vn 0.610718 -0.716617 -0.336873
v -123.554 -51.2149 1289.86
vn 0.532328 -0.728095 -0.431861
v -123.058 -52.462 1291.77
vn 0.483072 -0.737954 -0.471238
v -123.279 -51.132 1290.17
vn -0.187945 0.725552 0.662005
v -125.301 -51.1153 1293.96
vn 0.259498 -0.709319 -0.655384
v -124.306 -53.25 1292.04
vn -0.664659 0.645039 0.377033
v -124.746 -51.0368 1294.89
vn -0.450896 0.647819 0.614022
v -124.022 -51.6527 1296.18
vn -0.768509 0.500726 0.398331
v -123.829 -51.2965 1296.26
vn -0.895278 0.426343 0.129266
v -123.649 -50.6947 1295.54
vn -0.371312 0.571016 0.732167
v -123.546 -51.2219 1296.44
vn -0.412528 0.635084 0.653062
v -125.01 -53.0445 1296.92
vn -0.113063 -0.646196 -0.75475
v -125.447 -50.9126 1289.43
vn -0.25086 0.778205 0.575731
v -125.627 -50.5903 1291.8
vn -0.170336 -0.62164 -0.764558
v -124.044 -48.3515 1286.72
vn -0.713351 -0.116043 -0.691133
v -124.827 -48.1799 1287.19
vn -0.581758 -0.299454 -0.756231
v -124.651 -48.4593 1287.05
vn -0.734583 0.672949 -0.0867649
v -124.787 -47.9311 1287.48
vn -0.580705 0.795914 0.171178
v -124.794 -47.9632 1287.78
vn -0.436831 0.838966 0.324522
v -124.524 -47.7934 1287.79
vn 0.504996 -0.7515 -0.424531
v -117.853 -75.1986 1328.38
vn 0.582979 -0.809042 0.074749
v -117.843 -75.3084 1328.69
vn 0.622619 -0.778667 -0.077606
v -117.381 -74.736 1329.28
vn 0.565106 -0.809279 -0.160384
v -118.392 -75.8541 1329.89
vn 0.590824 -0.796404 0.129105
v -118.138 -75.6753 1330.2
vn 0.554311 -0.687951 0.468469
v -117.381 -74.9877 1330.5
vn 0.516218 -0.695258 -0.500134
v -119.57 -73.0345 1321.83
vn 0.614405 -0.762794 -0.201621
v -118.996 -72.6031 1320.63
vn 0.599676 -0.73726 -0.311184
v -118.562 -74.1141 1326.17
vn 0.60033 -0.691423 -0.401918
v -118.76 -70.1149 1316.88
vn 0.670141 -0.742043 -0.0168255
v -119.564 -71.2538 1317.8
vn 0.420782 -0.566759 -0.708327
v -119.08 -72.0271 1319.69
vn 0.180884 -0.323028 -0.928943
v -119.226 -71.2966 1319.33
vn 0.666803 -0.695299 0.268203
v -119.282 -70.784 1318.09
vn 0.435065 -0.605526 -0.666375
v -119.07 -70.4775 1318.69
vn 0.660206 -0.738237 0.138327
v -118.382 -71.9975 1320.93
vn 0.633887 -0.690929 -0.34757
v -120.059 -69.1764 1314.04
vn 0.423809 -0.496841 -0.757321
v -119.872 -68.5598 1313.49
vn 0.725969 -0.649695 -0.225534
v -119.061 -68.2913 1314.64
vn 0.528986 -0.601911 -0.598228
v -118.329 -69.0896 1315.94
vn 0.696069 -0.664105 -0.27286
v -120.125 -66.9156 1311.49
vn 0.2906 -0.428594 -0.855487
v -118.626 -65.6057 1312.3
vn 0.486008 -0.595352 -0.639806
v -120.258 -68.0606 1313.05
vn 0.453133 -0.52818 -0.71812
v -118.944 -67.1446 1313.24
vn 0.67415 -0.550622 -0.492278
v -118.586 -67.0555 1313.39
vn 0.553824 -0.634222 -0.539483
v -118.757 -66.4965 1312.75
vn 0.473258 -0.606773 -0.638634
v -118.8 -66.2464 1312.47
vn -0.510406 0.598324 0.617652
v -120.694 -67.037 1324.11
vn -0.436279 0.441064 0.784298
v -119.863 -65.0659 1323.3
vn 0.682691 -0.609073 -0.403687
v -120.747 -65.1815 1309.54
vn 0.678745 -0.7331 -0.0432409
v -120.224 -64.6623 1308.94
vn 0.267395 -0.455693 -0.849025
v -120.61 -65.8977 1310.02
vn 0.412301 -0.530782 -0.740459
v -119.561 -65.0609 1309.92
vn -0.681886 0.502014 0.53199
v -120.783 -63.1233 1320.55
vn -0.628694 0.446192 0.636912
v -120.415 -63.5032 1321.07
vn -0.731698 0.409854 0.544645
v -119.764 -63.0211 1321.51
vn -0.693709 0.527565 0.49035
v -120.054 -63.9022 1321.85
vn 0.543474 -0.609632 -0.577048
v -120.96 -63.5723 1306.42
vn 0.463383 -0.598685 -0.653339
v -121.108 -62.7665 1305.76
vn -0.779111 0.382925 0.496341
v -120.331 -60.6617 1318.92
vn 0.582414 -0.608648 -0.538834
v -120.991 -59.8597 1302.58
vn 0.666657 -0.589142 -0.456597
v -120.667 -60.2051 1303.88
vn 0.733764 -0.603952 -0.31118
v -120.654 -59.9444 1303.2
vn 0.745905 -0.56569 -0.351598
v -119.971 -59.1031 1303.49
vn -0.859537 0.414713 0.298679
v -121.612 -60.1937 1315.21
vn -0.767055 0.413267 0.490752
v -121.197 -58.6222 1314.53
vn -0.864962 0.362344 0.3472
v -120.534 -59.7787 1317.65
vn 0.5884 -0.590158 -0.552719
v -120.958 -58.3555 1301.28
vn -0.865522 0.348225 0.360016
v -121.345 -57.7529 1313.57
vn -0.876774 0.357036 0.322168
v -120.651 -57.5733 1314.5
vn -0.935746 0.302897 0.180644
v -120.622 -57.5229 1315.1
vn 0.644096 -0.654375 -0.39615
v -121.237 -54.8492 1297.14
vn 0.49117 -0.643849 -0.586694
v -120.624 -54.9097 1297.48
vn -0.937629 0.336385 0.0877327
v -121.737 -54.9498 1307.35
vn -0.907597 0.371255 0.196053
v -121.535 -55.0352 1309.78
vn 0.533203 -0.698598 -0.477133
v -121.9 -54.3123 1295.58
vn 0.44883 -0.70897 -0.54398
v -121.639 -54.0956 1295.56
vn 0.365234 -0.661489 -0.655008
v -121.615 -54.2392 1295.73
vn 0.679149 -0.667951 -0.3043
v -121.254 -54.6434 1296.52
vn 0.426516 -0.654326 -0.624453
v -121.292 -54.3431 1295.9
vn 0.293292 -0.635808 -0.713952
v -121.323 -54.1738 1295.76
vn 0.617806 -0.666625 -0.417046
v -121.025 -54.1627 1295.91
vn 0.717762 -0.646646 -0.258197
v -120.545 -53.5489 1295.9
vn -0.802484 0.453514 0.387743
v -122.224 -52.6703 1301.47
vn -0.955958 0.291756 -0.0319939
v -122.024 -52.3456 1301.76
vn 0.399964 -0.735209 -0.547262
v -121.095 -51.0291 1291.8
vn 0.498014 -0.727332 -0.472197
v -122.479 -52.4942 1292.72
vn -0.876383 0.411913 0.24956
v -122.991 -51.6205 1297.74
vn -0.924378 0.170823 -0.341093
v -122.884 -51.6408 1297.45
vn -0.936652 -0.0175545 -0.34982
v -122.607 -50.6603 1297.11
vn -0.952992 0.053484 -0.298238
v -122.691 -50.6567 1297.4
vn -0.895261 -0.121146 -0.428756
v -122.657 -50.3649 1297.08
vn -0.850255 0.49048 0.191038
v -122.47 -50.6009 1296.81
vn -0.805275 0.551608 0.217393
v -122.311 -49.9843 1297.08
vn -0.850194 0.399979 0.342326
v -121.783 -51.8755 1303.25
vn -0.951366 0.305808 0.0372147
v -121.715 -50.8507 1301.69
vn 0.679542 -0.712994 -0.172807
v -123.051 -50.5826 1289.25
vn 0.813263 -0.581567 -0.0195831
v -121.519 -48.7885 1287.42
vn 0.338658 -0.723993 -0.600953
v -121.159 -49.4127 1289.29
vn 0.743032 -0.624123 -0.241608
v -121.304 -48.4933 1288.02
vn 0.574341 -0.740289 -0.349434
v -123.051 -50.6467 1289.55
vn -0.603281 0.65752 0.451352
v -123.348 -48.7583 1293.63
vn -0.742423 0.574845 0.344037
v -122.816 -48.3838 1293.64
vn -0.132126 0.568955 0.811685
v -122.885 -49.8964 1295.76
vn -0.826382 0.501607 0.255898
v -122.997 -49.0622 1294.88
vn -0.3601 0.571526 0.737351
v -122.756 -48.9747 1295.19
vn -0.575773 0.602719 0.552463
v -122.275 -49.8991 1295.87
vn -0.270604 0.605225 0.748649
v -122.333 -49.5702 1295.55
vn -0.843095 0.477724 0.246924
v -121.849 -48.9112 1295.24
vn -0.903505 0.418454 0.0925961
v -121.818 -49.0635 1295.55
vn -0.944125 0.327174 -0.0398097
v -121.643 -48.5124 1295.53
vn -0.925637 0.374369 -0.0551787
v -121.681 -48.4013 1295.82
vn -0.955866 0.204382 -0.211066
v -121.528 -48.0358 1296.11
vn -0.898329 0.101873 -0.427348
v -122.447 -50.034 1296.78
vn -0.927889 0.366355 0.0693213
v -122.244 -49.9229 1297.68
vn -0.403515 -0.448525 -0.797496
v -123.593 -47.4671 1286.01
vn -0.653871 -0.203561 -0.728708
v -123.673 -47.0948 1285.97
vn -0.767095 0.641212 -0.0203279
v -123.732 -46.9545 1286.58
vn -0.122377 -0.667457 -0.734524
v -123.203 -47.8932 1286.27
vn -0.500111 -0.479946 -0.720792
v -122.74 -46.3621 1284.79
vn -0.109802 -0.732966 -0.671345
v -122.256 -46.247 1284.51
vn -0.660799 0.715462 0.226845
v -122.907 -46.7858 1287.9
vn -0.74795 0.636861 0.187026
v -123.375 -48.1296 1291.19
vn -0.75599 0.612884 0.229895
v -122.09 -46.3459 1291.46
vn -0.808356 0.579095 0.105875
v -123.183 -47.727 1291.78
vn -0.35699 -0.657901 -0.663117
v -122.153 -45.6854 1283.88
vn -0.692109 -0.395007 -0.604115
v -122.411 -45.4294 1283.94
vn -0.792905 -0.271158 -0.545688
v -122.089 -44.5115 1282.91
vn -0.750867 -0.357797 -0.55514
v -121.813 -44.7789 1282.65
vn -0.692538 -0.290204 -0.660434
v -122.923 -46.0888 1284.86
vn -0.788093 0.60529 0.111953
v -122.229 -44.9661 1284.44
vn 0.586861 -0.690959 -0.422101
v -115.769 -73.4378 1328.1
vn 0.651043 -0.74474 -0.146649
v -115.492 -73.4281 1328.71
vn 0.659932 -0.739621 0.132103
v -115.245 -73.2173 1329.02
vn 0.6248 -0.756163 -0.194533
v -116.808 -74.6791 1329.92
vn 0.678089 -0.73026 0.0831596
v -115.533 -73.5521 1330.23
vn 0.478206 -0.517924 0.709277
v -115.646 -73.1595 1330.8
vn 0.592767 -0.625129 0.50778
v -115.321 -73.1814 1330.52
vn 0.622601 -0.75754 -0.196219
v -117.266 -72.9151 1324.66
vn 0.591445 -0.668981 -0.450175
v -117.385 -71.9275 1322.49
vn 0.667744 -0.662612 -0.339211
v -116.011 -71.4443 1323.75
vn 0.371973 -0.398927 0.838149
v -115.823 -71.2351 1332.08
vn -0.505007 0.698411 0.50714
v -117.352 -71.5664 1332.1
vn 0.226643 -0.253829 0.940321
v -116.418 -71.3552 1332.21
vn 0.417959 -0.48006 -0.771267
v -116.825 -69.6248 1319.28
vn 0.616567 -0.652821 -0.440079
v -116.986 -70.6919 1321.23
vn 0.620049 -0.644844 -0.446895
v -116.982 -70.4584 1320.02
vn 0.723243 -0.688549 -0.053098
v -116.698 -70.4807 1320.64
vn 0.687211 -0.66974 -0.281408
v -117.453 -68.9919 1317.19
vn 0.448554 -0.461133 -0.765608
v -117.129 -67.4969 1315.63
vn 0.778283 -0.610078 -0.148595
v -116.425 -67.8449 1317.18
vn 0.652374 -0.599107 -0.464197
v -116.305 -67.1187 1315.94
vn 0.741098 -0.657846 0.134207
v -117.727 -69.4131 1317.8
vn 0.728898 -0.658082 0.188772
v -117.296 -68.7036 1318.39
vn 0.204974 -0.31928 -0.925227
v -116.885 -69.3368 1319.18
vn -0.479782 0.581494 0.657019
v -118.235 -67.5464 1326.6
vn 0.739546 -0.464043 -0.487581
v -117.876 -66.5696 1314.01
vn 0.75024 -0.618673 -0.233203
v -117.831 -66.8261 1314.27
vn 0.244993 -0.498767 -0.83139
v -117.527 -66.4705 1314.02
vn 0.690491 -0.722457 0.0357656
v -117.343 -66.2617 1314.32
vn 0.272238 -0.420626 -0.865425
v -117.353 -66.1324 1313.92
vn 0.724465 -0.598666 -0.341684
v -117.486 -65.315 1312.87
vn 0.463005 -0.464695 -0.754775
v -117.06 -66.0918 1314.03
vn 0.739843 -0.672508 -0.0191109
v -117.1 -66.0335 1314.62
vn 0.840809 -0.534118 -0.0880835
v -117.261 -64.9782 1313.04
vn 0.490954 -0.499251 -0.713941
v -117.52 -67.0076 1315.07
vn 0.500409 -0.476519 -0.722856
v -116.724 -66.4752 1315.27
vn 0.557583 -0.532101 -0.637158
v -118.337 -63.5836 1309.64
vn 0.742709 -0.646006 -0.176239
v -118.219 -64.4898 1311.45
vn 0.110948 -0.285489 -0.951938
v -117.807 -65.1235 1312.24
vn 0.421065 -0.508642 -0.750991
v -117.515 -65.0585 1312.26
vn 0.291311 -0.362832 -0.88515
v -117.109 -64.0637 1312.03
vn 0.744541 -0.604799 -0.282624
v -116.927 -62.8808 1310.83
vn 0.811716 -0.531578 -0.241953
v -117.119 -64.892 1313.35
vn 0.732614 -0.567205 -0.376237
v -116.975 -64.6199 1312.44
vn -0.634936 0.595143 0.492607
v -118.203 -64.329 1323.79
vn -0.505435 0.504294 0.70016
v -118.238 -64.0894 1323.39
vn -0.286046 0.321895 0.90253
v -118.192 -63.4822 1323.13
vn 0.767597 -0.57668 -0.279706
v -118.942 -61.1837 1306.39
vn 0.440538 -0.478877 -0.759344
v -118.16 -62.9465 1309.4
vn 0.683043 -0.556266 -0.473308
v -117.973 -62.0407 1308.61
vn 0.718191 -0.513557 -0.469533
v -117.525 -61.5414 1308.91
vn 0.644112 -0.538954 -0.542815
v -117.632 -60.8003 1307.65
vn 0.650574 -0.574807 -0.496337
v -118.635 -60.2626 1305.45
vn -0.799129 0.286492 0.528503
v -118.795 -58.0215 1319.65
vn 0.817302 -0.542528 -0.194116
v -118.852 -56.9485 1302.23
vn 0.577799 -0.546941 -0.605808
v -118.508 -57.3193 1303.24
vn 0.524474 -0.537111 -0.660635
v -118.153 -57.2234 1303.49
vn -0.803085 0.413685 0.428857
v -120.094 -57.0112 1316.31
vn -0.859288 0.327111 0.393222
v -120.181 -56.4618 1315.67
vn -0.844545 0.341345 0.412586
v -119.655 -56.3011 1316.29
vn -0.927126 0.265196 0.264781
v -119.451 -56.7808 1317.53
vn -0.914074 0.34035 0.220523
v -119.351 -56.4742 1317.22
vn -0.90813 0.266129 0.323228
v -118.441 -55.5054 1319.32
vn 0.720112 -0.571965 -0.392804
v -118.354 -55.8901 1301.29
vn 0.572493 -0.724787 -0.383322
v -120.389 -52.537 1294.32
vn -0.930702 0.334012 0.149097
v -120.456 -52.1042 1308.76
vn -0.929482 0.322818 0.178468
v -120.897 -53.4853 1310.02
vn -0.955789 0.287956 -0.0595686
v -120.532 -52.1593 1309.06
vn -0.928852 0.256535 0.267252
v -119.505 -53.0733 1313.69
vn -0.860111 0.240791 0.449698
v -119.017 -52.242 1315.18
vn 0.338236 -0.726921 -0.597647
v -120.33 -50.9052 1291.84
vn 0.328461 -0.628654 -0.704917
v -119.594 -52.0312 1294.65
vn -0.692513 0.476436 0.541696
v -120.816 -49.595 1302.87
vn -0.667738 0.558565 0.492069
v -120.575 -49.2965 1302.86
vn -0.929187 0.331451 0.163556
v -120.64 -51.3139 1307.5
vn -0.938154 0.288279 0.191738
v -119.76 -48.9516 1307.71
vn -0.918996 0.261639 0.294942
v -119.4 -50.0735 1312.31
vn 0.484311 -0.722446 -0.493472
v -121.014 -48.4921 1288.38
vn -0.916743 0.344706 0.201889
v -120.932 -48.2994 1299.13
vn -0.954624 0.295579 0.0364167
v -120.89 -47.9586 1299.45
vn -0.863657 0.432757 0.258492
v -120.574 -48.0627 1301.28
vn -0.968247 0.220335 0.118108
v -120.425 -47.7232 1301.27
vn -0.917108 0.352675 0.185829
v -120.895 -49.1684 1302.54
vn -0.797577 0.529987 0.28807
v -120.91 -48.7279 1301.6
vn -0.573168 0.627768 0.526674
v -120.617 -49.0398 1302.54
vn -0.61189 0.660326 0.435385
v -120.649 -48.8296 1302.23
vn -0.846674 0.405277 0.344809
v -120.325 -49.1003 1303.18
vn -0.855609 0.388649 0.341883
v -120.364 -48.8327 1302.75
vn -0.787783 0.494112 0.367765
v -120.47 -48.115 1301.59
vn -0.90727 0.244032 0.342504
v -120.382 -48.2606 1302.21
vn -0.966235 0.211521 -0.147138
v -120.252 -48.1435 1303.41
vn -0.994043 0.101857 0.0387817
v -120.438 -47.704 1301.57
vn -0.939769 0.22557 0.256812
v -120.455 -47.6859 1301.87
vn -0.950027 0.283955 0.129684
v -120.383 -47.3854 1301.55
vn -0.836793 0.340344 0.428887
v -120.193 -48.1716 1302.52
vn -0.941669 0.324349 0.0897628
v -119.676 -46.8564 1302.47
vn -0.0761793 -0.722782 -0.686864
v -120.459 -45.9238 1283.99
vn 0.883496 -0.433387 0.177791
v -120.838 -47.6695 1286.49
vn 0.344166 -0.7874 -0.511421
v -120.53 -47.3501 1285.74
vn 0.850326 -0.5006 0.162314
v -120.335 -46.9895 1285.88
vn 0.884687 -0.464185 0.0431457
v -121.082 -47.9181 1287.09
vn 0.821279 -0.569921 -0.0262889
v -120.859 -47.532 1287.08
vn 0.393653 -0.729985 -0.558713
v -120.59 -47.4216 1287.39
vn 0.492161 -0.737312 -0.462762
v -119.16 -46.883 1287.14
vn -0.214816 0.521818 0.825567
v -120.706 -45.305 1293.13
vn -0.925287 0.164256 -0.341854
v -120.359 -45.4798 1293.91
vn -0.936412 0.120583 -0.329533
v -121.098 -46.4746 1295.13
vn -0.907573 0.381839 0.174671
v -120.977 -46.3595 1296.34
vn -0.938566 0.336631 -0.0759887
v -120.757 -46.4653 1294.25
vn -0.945231 0.293231 0.143367
v -120.621 -46.7171 1298.79
vn 0.0125901 -0.786993 -0.616833
v -121.491 -45.2791 1283.26
vn -0.0662644 -0.75592 -0.651302
v -120.861 -45.422 1283.64
vn -0.039625 -0.761425 -0.647041
v -120.251 -45.3176 1283.25
vn -0.858086 0.491767 0.147829
v -121.448 -45.022 1290.81
vn -0.772444 0.554746 0.309173
v -121.055 -45.015 1292.64
vn -0.513782 0.590591 0.622278
v -120.887 -45.05 1292.95
vn -0.809574 -0.0476058 -0.585085
v -120.308 -44.8556 1293.88
vn -0.876581 0.0284788 -0.480411
v -120.537 -44.8861 1294.14
vn -0.791056 0.491274 0.364528
v -119.816 -43.9155 1292.65
vn -0.940854 0.338809 -0.00147721
v -120.574 -44.7859 1294.46
vn -0.879877 0.0544792 -0.472069
v -119.895 -41.5323 1279.25
vn -0.785749 -0.238719 -0.570624
v -121.287 -43.5248 1281.4
vn -0.852969 0.519937 -0.0459369
v -121.265 -43.1942 1281.68
vn -0.0143426 -0.757993 -0.652104
v -120.574 -43.3973 1281.02
vn -0.614972 -0.349511 -0.706861
v -120.684 -42.5382 1280.47
vn -0.815523 0.57732 0.0403032
v -120.529 -42.1585 1280.76
vn -0.259137 -0.624358 -0.736902
v -120.122 -42.4505 1280
vn -0.899448 0.425748 -0.0986483
v -119.896 -41.204 1279.53
vn -0.74943 0.640568 0.167416
v -120.265 -42.3036 1282.42
vn 0.571066 -0.604988 -0.554863
v -114.965 -71.435 1326.82
vn 0.610141 -0.605732 -0.510703
v -114.517 -72.0814 1327.79
vn 0.688883 -0.68947 -0.223767
v -113.97 -71.9019 1328.41
vn 0.655017 -0.737532 0.164314
v -114.032 -71.8704 1329.61
vn 0.729002 -0.675511 0.110641
v -113.73 -71.5761 1329.61
vn 0.718347 -0.694765 0.0357539
v -113.207 -71.198 1329.02
vn 0.690861 -0.657594 -0.300467
v -113.818 -71.8578 1330.22
vn 0.561529 -0.539725 0.627201
v -114.031 -71.8831 1330.51
vn 0.692102 -0.674527 -0.25692
v -113.781 -71.6779 1329.91
vn 0.727274 -0.679022 -0.100008
v -114.246 -69.8979 1324.66
vn 0.711866 -0.647813 -0.271266
v -114.505 -70.3531 1325.88
vn -0.21929 0.270535 0.937402
v -113.874 -68.9528 1332.22
vn 0.485373 -0.458816 -0.744245
v -115.575 -68.1375 1319.06
vn 0.699456 -0.587527 -0.406908
v -115.253 -66.8669 1318.63
vn 0.693482 -0.513019 -0.50586
v -114.262 -67.1896 1319.68
vn 0.721603 -0.600927 -0.343769
v -114.747 -68.0482 1320
vn 0.718834 -0.575123 -0.390527
v -113.415 -68.2699 1323.41
vn -0.601513 0.578981 0.550422
v -115.432 -66.831 1328.02
vn 0.544558 -0.473996 -0.691943
v -115.855 -66.2986 1315.59
vn 0.421777 -0.406703 -0.810368
v -115.683 -65.6559 1315.45
vn 0.747348 -0.569242 -0.342686
v -115.324 -65.8507 1315.92
vn 0.598417 -0.484899 -0.637785
v -115.138 -65.3693 1315.6
vn 0.779086 -0.573303 -0.253671
v -114.087 -65.0939 1318.36
vn -0.565781 0.476265 0.6731
v -115.872 -65.7779 1326.9
vn 0.804358 -0.583645 0.111202
v -115.879 -64.4706 1314
vn 0.833886 -0.540235 -0.113048
v -115.871 -62.8431 1312.39
vn 0.727149 -0.526007 -0.441101
v -114.229 -62.9384 1314.6
vn 0.610419 -0.49985 -0.614442
v -115.041 -64.2812 1314.94
vn 0.807065 -0.490352 -0.32894
v -115.177 -61.6227 1311.76
vn 0.629589 -0.533657 -0.564648
v -115.296 -60.9611 1311.17
vn 0.775364 -0.488073 -0.400743
v -114.752 -60.7558 1311.73
vn 0.821597 -0.535523 -0.195431
v -115.307 -62.0833 1312.68
vn 0.843141 -0.503686 -0.188184
v -114.783 -61.07 1312.35
vn 0.559857 -0.508163 -0.65447
v -114.614 -61.612 1312.85
vn -0.584936 0.37893 0.717121
v -116.621 -61.6048 1323.08
vn -0.374917 0.260565 0.889687
v -116.794 -60.7461 1322.71
vn 0.637832 -0.508802 -0.578179
v -115.717 -59.965 1309.22
vn 0.794706 -0.530419 -0.295126
v -115.951 -58.6594 1307.62
vn 0.845921 -0.514101 -0.141839
v -115.669 -58.2037 1307.91
vn -0.742993 0.34723 0.572183
v -117.686 -58.5771 1321.36
vn -0.631481 0.306123 0.712405
v -116.926 -57.1573 1321.67
vn 0.535149 -0.522972 -0.663412
v -117.305 -57.3845 1304.15
vn 0.747318 -0.539149 -0.388374
v -116.72 -57.3808 1304.79
vn 0.775855 -0.529254 -0.343421
v -116.002 -56.3306 1305.07
vn 0.772408 -0.519067 -0.365998
v -115.288 -57.4189 1307.28
vn -0.465053 0.18779 0.865136
v -118.073 -55.7136 1319.59
vn -0.701631 0.286472 0.652417
v -116.577 -55.8773 1321.3
vn -0.846445 0.163568 0.506731
v -118.621 -52.7759 1317.34
vn -0.689803 0.25209 0.678692
v -117.254 -52.3865 1319.2
vn 0.708573 -0.612469 -0.350437
v -117.899 -51.7411 1296.55
vn -0.898871 0.183136 0.39811
v -118.11 -50.6447 1316.04
vn -0.738804 0.208535 0.640845
v -117.825 -52.3765 1318.18
vn -0.663663 0.150183 0.732801
v -117.946 -51.7987 1318.03
vn -0.981415 0.191042 0.0181229
v -118.084 -50.8291 1316.35
vn 0.59592 -0.662792 -0.453416
v -117.048 -49.5762 1294.36
vn 0.673941 -0.596016 -0.436541
v -116.616 -50.9063 1298.08
vn -0.873279 0.197042 0.445599
v -118.195 -49.5642 1315.67
vn -0.916513 0.244086 0.3169
v -118.384 -48.1618 1314.37
vn -0.938393 0.167711 0.302146
v -117.947 -49.1808 1315.96
vn -0.979034 0.197471 -0.0499805
v -118.083 -49.5516 1316.88
vn -0.991281 0.131314 0.0108821
v -117.616 -47.8375 1316.5
vn 0.65203 -0.666736 -0.360998
v -117.229 -48.3695 1292.47
vn -0.942703 0.192063 0.272805
v -117.732 -47.0541 1314.94
vn 0.483237 -0.744145 -0.461227
v -117.923 -45.4673 1286.87
vn 0.145057 -0.702331 -0.696914
v -118.521 -47.3109 1288.68
vn -0.816043 0.421992 0.394964
v -119.668 -46.2308 1301.83
vn -0.947516 0.313657 0.0619047
v -119.172 -44.5367 1302.96
vn -0.966228 0.25752 0.00935846
v -119.02 -45.8619 1306.06
vn -0.945142 0.296599 0.136878
v -118.705 -44.6262 1304.8
vn -0.961451 0.269769 0.0532511
v -118.602 -43.9243 1305.66
vn 0.818581 -0.574363 -0.00570052
v -118.164 -44.2556 1283.13
vn 0.656989 -0.694151 -0.294141
v -117.819 -43.5869 1282.21
vn 0.733037 -0.656802 -0.17683
v -117.442 -44.5991 1285.6
vn -0.933816 0.0817193 -0.348294
v -119.642 -43.264 1292.62
vn -0.672262 -0.348831 -0.652979
v -119.468 -41.1755 1278.65
vn 0.109858 -0.766662 -0.632582
v -119.064 -41.4685 1278.99
vn -0.819371 0.564155 0.101785
v -119.555 -41.2562 1281.99
vn -0.887039 0.461685 -0.00288417
v -119.582 -41.6569 1285
vn -0.898281 0.43936 -0.00736221
v -119.352 -40.5023 1287.35
vn -0.718473 0.57358 0.39345
v -119.309 -41.2623 1290.11
vn -0.928273 0.369701 0.0403924
v -118.816 -40.8384 1290.71
vn -0.781252 0.507608 0.36329
v -118.65 -40.0013 1289.77
vn -0.901908 0.41183 0.130219
v -118.479 -40.763 1296.45
vn -0.930649 0.0909588 -0.354427
v -119.694 -40.8969 1278.92
vn -0.802207 -0.250703 -0.54186
v -119.17 -40.2562 1277.71
vn -0.893271 0.449486 0.00544316
v -118.501 -39.4489 1282.52
vn -0.861336 0.462841 0.20947
v -118.571 -39.3076 1288.83
vn -0.950032 0.219278 -0.222164
v -118.6 -39.7946 1290.66
vn -0.75048 0.565304 0.342361
v -118.529 -39.2763 1289.13
vn -0.9491 0.220158 -0.225255
v -118.313 -39.4687 1290.06
vn 0.638708 -0.56457 0.522793
v -112.572 -70.3127 1330.5
vn 0.76153 -0.63044 0.150393
v -113.06 -68.4751 1325.55
vn 0.763818 -0.584777 -0.273162
v -112.781 -68.3036 1325.25
vn 0.753821 -0.643194 0.134372
v -111.986 -69.8719 1329.01
vn 0.705675 -0.608357 -0.363215
v -111.978 -69.7443 1328.4
vn 0.429522 -0.380436 0.819011
v -113.052 -68.4746 1332.1
vn 0.789478 -0.612415 0.0408799
v -111.549 -69.3135 1330.2
vn 0.623522 -0.516499 0.586898
v -111.595 -69.1674 1330.49
vn 0.780433 -0.612149 0.127271
v -112.583 -67.8476 1325.54
vn 0.80527 -0.578848 -0.128352
v -111.83 -67.0182 1325.23
vn -0.49789 0.505623 0.704593
v -113.76 -67.7286 1331.78
vn -0.673924 0.548329 0.495138
v -112.454 -65.3583 1330.84
vn 0.405086 -0.386997 0.828335
v -111.616 -67.2541 1331.88
vn -0.144334 0.242762 0.959288
v -111.841 -66.9845 1332.03
vn 0.779962 -0.589415 -0.210353
v -113.916 -64.3201 1317.42
vn 0.804647 -0.593547 0.01562
v -113.105 -65.9479 1320.57
vn 0.803161 -0.557312 -0.210558
v -112.855 -65.5642 1320.87
vn 0.800513 -0.5166 -0.303814
v -112.068 -64.2303 1319.93
vn -0.648169 0.43277 0.626567
v -112.532 -63.0214 1327.96
vn 0.75734 -0.511957 -0.405384
v -113.709 -63.4825 1315.57
vn 0.566749 -0.357285 -0.74239
v -113.327 -62.3803 1315.33
vn 0.806807 -0.532956 -0.254991
v -113.009 -62.7254 1316.77
vn 0.850657 -0.504368 -0.14831
v -112.795 -62.1106 1315.84
vn 0.775607 -0.538955 -0.328574
v -112.395 -62.6183 1317.7
vn -0.663215 0.371925 0.649475
v -112.918 -60.9352 1326.3
vn 0.583772 -0.500004 -0.639692
v -114.142 -60.9307 1312.68
vn -0.648843 0.344787 0.678325
v -113.522 -59.2691 1324.72
vn -0.452004 0.201943 0.868857
v -113.413 -58.3357 1324.53
vn 0.829324 -0.496723 -0.255905
v -114.521 -56.1549 1307.25
vn 0.492019 -0.461292 -0.738328
v -114.36 -56.1707 1307.86
vn 0.582594 -0.472202 -0.661521
v -113.807 -55.9378 1308.09
vn -0.493141 0.238507 0.836616
v -115.809 -55.0748 1321.56
vn 0.726419 -0.511814 -0.458653
v -115.106 -55.0607 1305.34
vn 0.800189 -0.492114 -0.342813
v -113.677 -54.1954 1306.28
vn -0.410512 0.182483 0.893409
v -115.513 -53.7817 1321.53
vn -0.367827 0.225305 0.902187
v -114.875 -53.934 1321.75
vn 0.61818 -0.547748 -0.56376
v -115.729 -52.9178 1301.86
vn 0.73183 -0.579792 -0.358142
v -115.909 -51.6521 1299.67
vn 0.689515 -0.525431 -0.498488
v -114.447 -51.8767 1302.42
vn -0.509566 0.170467 0.843377
v -116.502 -51.6818 1319.52
vn -0.585923 0.223443 0.778953
v -116.218 -51.6084 1319.68
vn -0.611911 0.250119 0.750337
v -116.455 -50.4575 1319.29
vn -0.4756 0.228455 0.849478
v -116.168 -50.3865 1319.4
vn 0.606087 -0.607435 -0.5135
v -115.617 -49.8615 1298.07
vn 0.830824 -0.545446 -0.110543
v -114.779 -49.8627 1299.93
vn -0.699386 0.261779 0.66508
v -116.014 -48.1599 1318.72
vn 0.709561 -0.653802 -0.262804
v -116.528 -47.027 1290.82
vn -0.898079 0.200244 0.391607
v -117.537 -47.163 1317.06
vn -0.977641 0.147005 0.150358
v -117.606 -46.325 1316.11
vn -0.875391 0.289076 0.387462
v -117.516 -46.5207 1316.73
vn -0.671456 0.315259 0.670641
v -117.236 -46.4778 1317.12
vn -0.595573 0.250641 0.763199
v -116.798 -47.1915 1317.71
vn -0.715081 0.382969 0.584803
v -116.917 -45.0492 1316.67
vn 0.434168 -0.734029 -0.522207
v -116.197 -44.8739 1286.6
vn -0.938987 0.26689 0.216965
v -117.527 -43.7477 1313.24
vn -0.87291 0.356439 0.333136
v -116.865 -43.6929 1315.69
vn 0.326706 -0.739832 -0.588142
v -117.009 -43.4574 1284.05
vn 0.651904 -0.709709 -0.267083
v -116.817 -43.5628 1284.37
vn 0.479343 -0.743848 -0.465747
v -117.153 -42.5432 1282.79
vn 0.325267 -0.746156 -0.580907
v -116.863 -42.5334 1283.1
vn 0.382033 -0.784969 -0.487724
v -115.438 -42.1595 1283.77
vn 0.328292 -0.729604 -0.599918
v -115.058 -42.5764 1284.2
vn 0.666873 -0.712813 -0.217205
v -116.721 -43.5137 1284.75
vn 0.217454 -0.738279 -0.638481
v -116.343 -43.9904 1285.52
vn 0.622131 -0.695803 -0.358902
v -115.244 -43.7173 1285.98
vn -0.924707 0.355185 0.136968
v -117.604 -41.0364 1305.55
vn -0.944001 0.306023 0.123335
v -117.798 -42.4101 1307.13
vn -0.934844 0.334977 0.117717
v -117.538 -42.0947 1309.23
vn 0.786384 -0.604187 -0.128682
v -115.928 -40.5616 1280.03
vn 0.242209 -0.782533 -0.573566
v -115.366 -40.5159 1280.96
vn 0.43609 -0.802193 -0.407813
v -115.706 -42.1463 1282.85
vn -0.889723 0.404678 0.211254
v -117.995 -40.7372 1299.18
vn -0.935685 0.349959 0.0449697
v -117.403 -39.2186 1299.13
vn -0.945084 0.321251 0.0601118
v -117.81 -41.1226 1303.74
vn -0.5927 0.682804 0.427184
v -118.238 -38.9173 1288.96
vn -0.802167 0.574533 0.162603
v -118.254 -38.6464 1288.5
vn -0.733574 0.623224 0.271039
v -117.951 -38.273 1288.5
vn -0.864511 0.500553 0.0454567
v -117.615 -37.892 1288.5
vn -0.792169 0.6084 0.0481538
v -117.294 -37.4031 1287.88
vn -0.733052 0.583183 0.350045
v -118.054 -38.8645 1289.13
vn -0.929071 0.0776601 -0.361658
v -118.046 -38.5225 1289.57
vn -0.873077 0.483871 0.0600435
v -117.284 -37.2918 1291.49
vn -0.932246 0.360138 -0.0349067
v -117.469 -36.5179 1273.97
vn 0.0203959 -0.807065 -0.59011
v -116.779 -36.6854 1273.14
vn -0.385641 -0.637021 -0.667446
v -117.853 -37.7245 1274.74
vn -0.921537 0.38556 -0.0459731
v -117.874 -37.3875 1275.2
vn -0.883537 0.467507 0.0282884
v -117.407 -36.9313 1280.02
vn -0.82597 0.558229 0.0784445
v -116.535 -35.7176 1283.31
vn -0.622298 -0.531906 -0.5743
v -116.978 -35.5732 1272.11
vn -0.443482 -0.669483 -0.595917
v -116.609 -35.8137 1271.93
vn 0.807635 -0.588497 0.0373864
v -110.629 -68.1755 1328.98
vn 0.787771 -0.612801 0.0623851
v -110.855 -68.1505 1329.57
vn 0.732537 -0.530616 -0.426423
v -110.828 -67.9599 1328.06
vn 0.747583 -0.574134 -0.333902
v -110.883 -65.8616 1325.82
vn -0.498731 0.386109 0.776007
v -111.737 -66.0177 1331.8
vn 0.0970648 -0.183752 0.978169
v -110.422 -65.1148 1332.32
vn 0.477983 -0.426294 0.767988
v -110.092 -65.1844 1332.15
vn 0.729802 -0.550261 -0.405711
v -111.235 -65.0512 1323.04
vn -0.717048 0.50758 0.477707
v -111.042 -63.1987 1329.86
vn -0.670754 0.418773 0.612142
v -110.665 -63.8355 1331.43
vn -0.812863 0.545421 0.204377
v -110.674 -62.8653 1330.17
vn -0.739842 0.414316 0.530071
v -110.552 -64.5278 1332.31
vn 0.737161 -0.50286 -0.45136
v -111.53 -61.4632 1318.29
vn -0.688607 0.391578 0.610317
v -110.812 -61.2498 1328.85
vn 0.835766 -0.501127 -0.224425
v -111.91 -60.6045 1316.11
vn 0.769484 -0.49428 -0.404452
v -111.808 -59.3156 1314.83
vn 0.760379 -0.476337 -0.441505
v -111.169 -59.9094 1316.71
vn 0.621351 -0.396362 -0.675885
v -110.891 -58.7621 1315.45
vn -0.724698 0.35865 0.588373
v -112.583 -58.0921 1325.39
vn -0.475272 0.19781 0.857314
v -112.404 -55.9431 1324.52
vn -0.722946 0.3772 0.578852
v -112.046 -56.1855 1324.6
vn 0.855278 -0.47172 -0.214429
v -113.321 -53.6529 1306.57
vn -0.466195 0.22701 0.855061
v -114.045 -53.4366 1321.87
vn -0.653496 0.257899 0.71164
v -112.961 -53.116 1323.01
vn 0.756149 -0.508944 -0.411357
v -112.309 -50.6319 1304.64
vn -0.442209 0.190827 0.876377
v -114.054 -49.1818 1321.14
vn -0.593806 0.176234 0.785071
v -113.241 -50.1931 1321.73
vn 0.821531 -0.561613 -0.0983791
v -113.826 -48.4171 1298.99
vn 0.669328 -0.556036 -0.492772
v -114.075 -48.8707 1299.91
vn -0.698024 0.227003 0.679141
v -114.748 -49.0612 1320.66
vn -0.746189 0.259948 0.612886
v -115.054 -47.6848 1319.35
vn 0.617164 -0.608262 -0.499126
v -113.763 -46.7937 1296.49
vn 0.634728 -0.602724 -0.483574
v -113.81 -46.5157 1296.17
vn 0.704579 -0.619641 -0.345852
v -113.875 -46.0944 1295.54
vn 0.654071 -0.605931 -0.452813
v -113.449 -46.9551 1297.12
vn -0.630768 0.28946 0.719962
v -114.931 -46.1505 1318.92
vn -0.880663 0.282405 0.380368
v -114.194 -46.4869 1320.53
vn -0.816534 0.319016 0.481145
v -114.429 -45.7083 1319.26
vn -0.383153 0.184416 0.905088
v -113.739 -46.367 1320.81
vn -0.659673 0.326891 0.676738
v -113.689 -45.135 1320.48
vn 0.502399 -0.666286 -0.551052
v -114.55 -44.8034 1290.6
vn 0.656526 -0.657239 -0.370151
v -114.37 -44.0966 1289.97
vn 0.486684 -0.6472 -0.586745
v -114.063 -44.1596 1290.29
vn 0.649896 -0.643571 -0.404292
v -113.876 -44.3095 1290.61
vn 0.747289 -0.617949 -0.244332
v -112.988 -43.6741 1292.43
vn -0.6542 0.380222 0.6538
v -115.292 -42.9884 1316.94
vn -0.756303 0.351499 0.551774
v -114.839 -43.1505 1317.58
vn 0.565905 -0.699534 -0.436352
v -113.516 -41.7531 1286.87
vn 0.744331 -0.638306 -0.196307
v -113.524 -41.6571 1286.56
vn 0.760663 -0.632481 -0.146149
v -114.115 -43.6696 1289.05
vn 0.566879 -0.698539 -0.436682
v -114.14 -43.4282 1288.44
vn -0.770983 0.425896 0.473495
v -116.063 -41.6814 1315.31
vn 0.607374 -0.769712 -0.196572
v -114.646 -41.3801 1282.86
vn 0.169991 -0.629397 -0.758263
v -114.109 -41.0919 1283.18
vn 0.572364 -0.672881 -0.468647
v -113.539 -40.9568 1283.5
vn 0.631423 -0.750687 -0.194354
v -113.541 -40.5404 1282.27
vn -0.864439 0.430239 0.260076
v -115.702 -39.6222 1313.7
vn -0.761207 0.485376 0.430087
v -115.037 -39.2244 1314.62
vn 0.425275 -0.782721 -0.454411
v -113.782 -39.0228 1279.46
vn 0.540524 -0.748213 -0.384722
v -113.993 -37.679 1277.56
vn 0.421752 -0.766135 -0.484935
v -113.473 -39.1512 1280.03
vn -0.913832 0.399323 0.0738443
v -116.605 -37.9565 1302.41
vn -0.90166 0.416476 0.116436
v -116.002 -37.7219 1306.95
vn -0.869887 0.462695 0.170909
v -115.074 -36.4615 1308.78
vn 0.27384 -0.802614 -0.529927
v -115.664 -36.1424 1273.03
vn 0.359927 -0.780089 -0.511774
v -114.221 -35.6899 1272.91
vn -0.849029 0.526059 0.0491126
v -115.737 -35.0521 1296.26
vn -0.852476 -0.352996 -0.385588
v -115.244 -31.3377 1265.96
vn -0.794814 -0.407276 -0.449885
v -115.11 -31.6192 1265.92
vn -0.886332 -0.38674 -0.254654
v -115.16 -31.3406 1265.67
vn -0.184775 -0.820679 -0.540689
v -114.795 -31.6076 1265.7
vn -0.0493886 -0.836734 -0.545378
v -114.763 -31.8372 1266.12
vn 0.211773 -0.846261 -0.48887
v -114.501 -31.5474 1265.72
vn -0.0414945 -0.866951 -0.496663
v -114.541 -31.2462 1265.12
vn -0.362611 -0.735495 -0.572329
v -115.75 -33.4195 1268.45
vn -0.670691 -0.511911 -0.536768
v -115.749 -32.5652 1267.51
vn -0.0206794 -0.828707 -0.559301
v -115.462 -33.2739 1268.17
vn -0.0304075 -0.817154 -0.575617
v -115.529 -32.8268 1267.49
vn -0.0728255 -0.870328 -0.487058
v -114.651 -30.4525 1263.68
vn -0.917888 -0.19615 -0.344974
v -114.704 -29.8844 1263.19
vn -0.938118 0.345111 -0.0288721
v -114.767 -29.8541 1263.79
vn 0.22732 -0.860041 -0.456788
v -114.308 -30.7145 1264.17
vn -0.357512 -0.783807 -0.507771
v -114.994 -31.0421 1265.05
vn -0.962714 0.253629 -0.0940991
v -115.179 -31.017 1265.94
vn -0.98194 0.00521482 -0.189119
v -115.039 -30.7457 1265.03
vn 0.81506 -0.570216 -0.102623
v -108.238 -64.5375 1329.51
vn 0.732525 -0.530346 0.426779
v -108.553 -64.8903 1330.71
vn 0.814147 -0.529732 0.2378
v -107.761 -63.925 1328.9
vn 0.838336 -0.545079 0.00903901
v -107.361 -63.4902 1328.59
vn -0.7073 0.441609 0.552003
v -109.501 -62.1921 1331.66
vn -0.741397 0.511407 0.434504
v -109.247 -62.3952 1332.33
vn 0.611607 -0.459749 0.643869
v -108.631 -63.442 1332.13
vn 0.298865 -0.269212 0.915535
v -108.77 -62.8936 1332.51
vn -0.756056 0.478365 0.446706
v -109.992 -62.0352 1331.06
vn -0.735791 0.41278 0.536865
v -108.485 -59.8409 1331.32
vn -0.839989 0.506955 0.193427
v -108.688 -59.6454 1330.39
vn 0.761862 -0.476204 -0.439085
v -109.614 -60.0095 1319.82
vn -0.779128 0.46298 0.422621
v -108.528 -59.315 1330.08
vn 0.865879 -0.494273 -0.0771187
v -110.351 -57.8463 1315.73
vn 0.79838 -0.486996 -0.354153
v -109.686 -56.7375 1316
vn 0.739577 -0.494007 -0.457147
v -109.349 -57.0018 1316.64
vn 0.676638 -0.464223 -0.571539
v -110.538 -53.1848 1310.71
vn 0.644508 -0.456749 -0.61318
v -109.695 -52.9357 1311.25
vn 0.747804 -0.516021 -0.417745
v -111.377 -49.7144 1305.54
vn -0.612581 0.258427 0.746967
v -112.974 -47.1026 1321.1
vn -0.351805 0.20384 0.913609
v -112.847 -46.2434 1320.9
vn -0.685989 0.243441 0.685679
v -112.264 -46.2331 1321.53
vn -0.589424 0.235705 0.772672
v -110.848 -47.4306 1322.9
vn 0.694008 -0.569845 -0.440033
v -111.488 -46.917 1301.15
vn 0.640047 -0.616512 -0.458533
v -111.882 -43.9797 1295.53
vn 0.790465 -0.590159 -0.163946
v -111.715 -45.1202 1297.41
vn -0.357228 0.233083 0.904467
v -112.254 -43.2928 1320.54
vn -0.596521 0.386987 0.703138
v -111.97 -41.7193 1320.17
vn 0.773503 -0.59966 -0.205187
v -112.378 -42.1032 1290.57
vn -0.794455 0.421467 0.437272
v -113.924 -40.5403 1316.88
vn -0.68663 0.405203 0.603615
v -113.458 -40.3711 1317.8
vn -0.659419 0.38102 0.648066
v -112.793 -40.3591 1318.14
vn 0.654666 -0.720442 -0.228856
v -112.847 -39.7847 1282.87
vn 0.669473 -0.66914 -0.322579
v -112.557 -39.7703 1283.19
vn 0.618692 -0.698399 -0.359805
v -112.414 -41.1834 1286.9
vn -0.783541 0.544679 0.29898
v -114.711 -37.5913 1313.04
vn -0.654324 0.443627 0.612417
v -114.489 -39.0491 1315.25
vn -0.580267 0.467326 0.667006
v -113.475 -38.1337 1315.55
vn -0.693618 0.464422 0.550642
v -112.742 -37.2778 1315.54
vn -0.752617 0.460365 0.470778
v -113.009 -37.9522 1315.87
vn 0.196143 -0.774498 -0.601399
v -112.557 -37.1653 1277.31
vn -0.62845 0.503385 0.593004
v -112.898 -36.4547 1314.97
vn 0.587467 -0.75527 -0.290604
v -111.279 -35.7425 1276.1
vn 0.418399 -0.786585 -0.454121
v -111.521 -36.292 1277.32
vn 0.429458 -0.73782 -0.520757
v -111.192 -36.4557 1277.65
vn 0.473835 -0.753248 -0.456178
v -111.236 -36.1907 1277.33
vn -0.815367 0.552707 0.172312
v -114.431 -34.864 1307.17
vn 0.630393 -0.708624 -0.316948
v -111.701 -32.8626 1271.38
vn -0.779442 0.624901 0.044364
v -113.301 -32.1136 1289.3
vn -0.766593 0.630241 0.12301
v -113.457 -31.6736 1283.85
vn 0.43081 -0.798759 -0.419984
v -112.129 -29.4518 1264.22
vn -0.822071 -0.300164 -0.48384
v -112.789 -26.5094 1257.68
vn -0.0107408 -0.837696 -0.546031
v -113.702 -28.6132 1260.77
vn -0.917608 0.395051 -0.0439278
v -114.025 -28.3563 1261.03
vn -0.871352 0.48597 0.0676731
v -113.398 -27.7763 1267.06
vn -0.89771 0.438508 -0.0427446
v -112.897 -26.1405 1258.26
vn 0.841137 -0.540509 0.0184314
v -105.956 -60.9519 1328.82
vn -0.579689 0.346794 0.737356
v -107.688 -59.3171 1331.89
vn -0.0652639 -0.0205758 0.997656
v -107.245 -60.0871 1332.66
vn 0.451974 -0.34467 0.822753
v -106.88 -60.3232 1332.56
vn -0.552019 0.391923 0.735983
v -107.117 -59.1722 1332.17
vn 0.15877 -0.170491 0.972484
v -106.724 -59.6644 1332.68
vn 0.72959 -0.508553 -0.457244
v -106.72 -59.2783 1325.36
vn -0.818541 0.456487 0.348727
v -106.721 -56.6014 1331.22
vn 0.782479 -0.507044 -0.361431
v -106.515 -55.278 1320.32
vn -0.676806 0.308044 0.668612
v -107.336 -54.6812 1328.66
vn 0.776026 -0.509882 -0.37122
v -107.676 -51.7691 1313.11
vn 0.819218 -0.510921 -0.260465
v -108.824 -49.2231 1309.27
vn -0.512854 0.233103 0.826223
v -109.105 -49.9773 1324.96
vn 0.765614 -0.51657 -0.383394
v -108.533 -48.3276 1308.03
vn 0.770618 -0.548706 -0.324144
v -109.749 -45.3113 1302.42
vn -0.6648 0.334237 0.668076
v -109.195 -43.6893 1322.82
vn -0.512258 0.31989 0.797033
v -109.302 -43.1258 1322.43
vn -0.597791 0.312466 0.738248
v -111.244 -42.1341 1320.74
vn -0.584737 0.305521 0.751491
v -111.122 -43.0252 1321.41
vn 0.691004 -0.620136 -0.37141
v -110.147 -42.0255 1295.21
vn 0.759867 -0.599877 -0.250498
v -109.916 -42.181 1297.64
vn -0.435488 0.51696 0.736955
v -110.353 -39.2347 1319.86
vn -0.532005 0.48696 0.692705
v -109.916 -39.9896 1320.69
vn -0.535594 0.444232 0.71819
v -112.346 -38.0174 1317.2
vn -0.575532 0.45858 0.677102
v -111.772 -37.882 1317.44
vn -0.665441 0.533898 0.521671
v -111.464 -38.0688 1318.08
vn -0.575221 0.590514 0.566051
v -110.829 -37.3154 1318.07
vn -0.513115 0.537834 0.668916
v -110.988 -37.0882 1317.44
vn -0.446132 0.518044 0.729792
v -111.137 -36.5256 1317.16
vn -0.626555 0.629907 0.458962
v -110.721 -37.0069 1317.75
vn 0.694152 -0.673048 -0.255262
v -110.609 -37.3929 1282.9
vn 0.599046 -0.717728 -0.354979
v -110.346 -37.2505 1283.17
vn 0.679475 -0.667289 -0.305023
v -109.583 -36.4667 1282.86
vn -0.626898 0.531539 0.569618
v -112.38 -36.0289 1315.04
vn -0.649447 0.633879 0.420019
v -111.583 -35.5245 1315.35
vn -0.632132 0.597367 0.49352
v -111.771 -34.424 1314.13
vn -0.698807 0.663001 0.26851
v -111.101 -34.9566 1315.5
vn -0.751505 0.52191 0.403546
v -112.306 -36.5253 1315.82
vn -0.560101 0.656434 0.505352
v -111.075 -35.1371 1315.81
vn 0.671187 -0.701077 -0.240832
v -109.419 -35.3046 1280.39
vn 0.706147 -0.680145 -0.196874
v -108.913 -35.0293 1280.71
vn 0.702674 -0.657222 -0.272596
v -109.388 -35.8261 1282.23
vn -0.646201 0.666385 0.371961
v -112.966 -33.8333 1310.5
vn -0.634085 0.667317 0.390671
v -112.171 -33.2383 1310.51
vn -0.644699 0.706258 0.292512
v -111.713 -32.4219 1309.89
vn -0.740211 0.634593 0.222214
v -112.899 -34.2675 1311.14
vn -0.639122 0.685287 0.34915
v -112.666 -33.8664 1310.82
vn -0.787448 0.609494 0.0918818
v -112.683 -33.8984 1311.43
vn -0.754968 0.655348 -0.0233054
v -112.419 -33.6583 1311.13
vn -0.696855 0.683156 0.218383
v -112.321 -33.5559 1310.83
vn -0.694744 0.624152 0.357442
v -112.087 -34.1483 1312.98
vn -0.731124 0.673625 0.108104
v -112.192 -33.3516 1311.42
vn -0.722793 0.669721 0.170424
v -111.999 -33.1781 1310.82
vn -0.611106 0.704116 0.361621
v -111.336 -33.4899 1312.99
vn -0.598111 0.685475 0.415196
v -111.65 -33.2133 1312.35
vn -0.554414 0.709572 0.434894
v -111.313 -33.6058 1313.6
vn 0.559045 -0.756682 -0.33897
v -111.118 -32.8475 1272.02
vn 0.485404 -0.763812 -0.42541
v -111.323 -33.6301 1273.56
vn 0.135411 -0.749423 -0.648097
v -111.039 -33.5242 1273.57
vn 0.0519599 -0.717905 -0.694199
v -110.188 -33.0989 1273.07
vn 0.721006 -0.659287 -0.213286
v -109.767 -33.7763 1275.16
vn -0.750397 0.66063 0.021738
v -112.897 -31.8231 1299.25
vn -0.725289 0.678474 0.116745
v -113.055 -32.232 1304.68
vn -0.699858 0.671971 0.242185
v -112.771 -32.378 1305.91
vn -0.711095 0.671889 0.207144
v -112.565 -32.3864 1306.53
vn 0.637762 -0.69966 -0.322082
v -109.845 -31.3399 1270.49
vn 0.370089 -0.776945 -0.509304
v -109.91 -30.9148 1269.86
vn 0.545888 -0.736306 -0.399824
v -109.771 -31.0656 1270.18
vn 0.688967 -0.697966 -0.195367
v -109.609 -31.0742 1270.79
vn 0.7408 -0.642302 -0.196632
v -109.6 -31.0057 1270.49
vn 0.04509 -0.851535 -0.522355
v -110.76 -23.617 1253.11
vn -0.84729 -0.208967 -0.488296
v -112.286 -25.2594 1256.13
vn -0.391922 -0.68753 -0.61131
v -112.06 -25.2371 1255.77
vn -0.928829 0.344719 -0.135816
v -112.127 -24.9421 1255.79
vn -0.808381 0.587026 0.0438197
v -111.14 -23.6343 1261.52
vn -0.822819 0.561069 0.0903938
v -112.13 -25.4755 1265.19
vn -0.917523 0.337438 -0.210447
v -110.554 -22.4046 1252.15
vn -0.892895 0.443362 -0.0785413
v -111.415 -23.6666 1254.28
vn -0.23356 -0.80336 -0.54778
v -110.856 -23.3468 1252.79
vn -0.466756 -0.699543 -0.541091
v -111.083 -23.375 1253.08
vn 0.764752 -0.525456 -0.372896
v -104.777 -59.072 1327.57
vn 0.566013 -0.573051 -0.592656
v -104.082 -56.3166 1325.94
vn 0.773763 -0.523611 -0.356543
v -105.462 -56.4558 1323.16
vn 0.60498 -0.584 -0.541242
v -103.821 -56.1409 1325.95
vn 0.55806 -0.462138 -0.689201
v -104.164 -55.8786 1325.61
vn -0.82358 0.432957 0.366421
v -106.371 -55.7615 1330.29
vn -0.662008 0.323764 0.67596
v -106.416 -54.8894 1329.72
vn -0.648928 0.285201 0.705374
v -105.297 -51.5777 1329.58
vn 0.782147 -0.49761 -0.375006
v -106.368 -50.6636 1314.93
vn -0.646662 0.267632 0.714284
v -106.014 -49.3909 1327.96
vn 0.801489 -0.525527 -0.28537
v -106.117 -50.0879 1314.61
vn 0.710713 -0.511218 -0.483263
v -106.818 -46.0585 1309.2
vn -0.509479 0.265316 0.818559
v -107.903 -42.7356 1323.59
vn -0.497214 0.274389 0.823097
v -107.433 -43.5343 1323.89
vn -0.477464 0.405375 0.779551
v -109.474 -40.7687 1321.51
vn -0.558179 0.403162 0.725187
v -108.364 -40.2629 1321.7
vn -0.637008 0.392868 0.663231
v -107.67 -40.8825 1322.98
vn 0.728345 -0.604705 -0.322251
v -108.006 -41.3444 1298.91
vn 0.817657 -0.571875 -0.0662985
v -106.466 -39.3376 1298.58
vn 0.81597 -0.566983 -0.1128
v -106.909 -39.9825 1299.49
vn 0.780866 -0.590363 -0.204255
v -106.594 -39.5034 1299.48
vn -0.279962 0.492054 0.82432
v -109.59 -38.4682 1319.65
vn -0.578206 0.514099 0.633545
v -109.05 -38.606 1320.36
vn -0.420366 0.612524 0.669408
v -109.9 -36.7888 1318.29
vn -0.525514 0.535803 0.660871
v -108.829 -37.7005 1319.46
vn -0.349707 0.488229 0.799586
v -108.885 -37.4155 1319.32
vn -0.558515 0.533593 0.63509
v -108.347 -37.0872 1319.4
vn -0.58718 0.582792 0.561759
v -108.028 -37.27 1320.04
vn 0.741386 -0.635017 -0.217027
v -107.715 -36.9489 1291.43
vn -0.753836 0.654805 -0.0544268
v -110.595 -34.3997 1315.19
vn -0.389485 0.612077 0.688232
v -110.132 -35.4155 1316.72
vn -0.516173 0.629413 0.580866
v -109.77 -35.8105 1317.44
vn 0.789223 -0.599695 -0.132263
v -106.931 -33.4946 1283.14
vn 0.797194 -0.598502 -0.0792221
v -108.135 -35.106 1284.97
vn 0.68173 -0.651772 -0.332322
v -107.887 -34.8998 1285.28
vn -0.600169 0.756901 0.258647
v -110.644 -31.9487 1311.13
vn -0.482465 0.765402 0.425895
v -110.297 -32.4464 1312.69
vn 0.764104 -0.632488 -0.126904
v -109.046 -32.8837 1273.95
vn 0.429982 -0.752336 -0.499105
v -109.115 -32.2481 1272.4
vn 0.605876 -0.688784 -0.398108
v -108.58 -32.3296 1274.54
vn 0.734444 -0.642095 -0.219786
v -108.359 -31.8123 1273.92
vn 0.66996 -0.673571 -0.312181
v -108.061 -31.8985 1274.55
vn 0.627785 -0.690884 -0.358559
v -108.788 -32.9108 1275.17
vn -0.635762 0.749606 0.184111
v -110.418 -30.1385 1305.61
vn 0.230485 -0.739449 -0.632528
v -108.705 -31.0686 1271.16
vn 0.673241 -0.674995 -0.301876
v -108.137 -30.9197 1271.47
vn 0.682952 -0.672132 -0.286035
v -107.873 -31.1619 1273.61
vn 0.510358 -0.774378 -0.373997
v -108.119 -26.7398 1264.3
vn -0.74039 0.649443 0.173339
v -109.479 -23.2304 1270.32
vn -0.780837 -0.329744 -0.530625
v -109.424 -21.4115 1249.74
vn 0.151669 -0.875733 -0.458354
v -109.213 -21.6468 1250.11
vn -0.739069 0.670406 0.0658194
v -108.931 -20.7254 1259.67
vn -0.768381 0.63348 0.0910705
v -109.965 -22.3061 1263.01
vn -0.75431 0.642869 0.133177
v -109.499 -22.3499 1266.5
vn -0.93817 0.13724 -0.317808
v -109.622 -21.1379 1249.87
vn -0.82565 0.563978 -0.015184
v -109.673 -21.0941 1250.61
vn 0.642604 -0.631418 -0.434019
v -103.802 -56.2558 1326.26
vn 0.684672 -0.530297 -0.50001
v -103.518 -56.2129 1326.57
vn 0.758711 -0.520183 0.392132
v -102.681 -56.6504 1330.56
vn 0.693745 -0.596679 -0.403351
v -103.548 -56.0129 1326.26
vn -0.566641 0.331073 0.754525
v -103.912 -54.4499 1332.46
vn -0.52706 0.302998 0.793977
v -104.277 -53.9371 1332.14
vn -0.118867 0.0609139 0.99104
v -103.767 -55.0035 1332.87
vn 0.678751 -0.437044 0.59016
v -102.363 -54.4354 1332.25
vn 0.467527 -0.283548 0.837269
v -102.714 -54.1699 1332.72
vn -0.73115 0.339413 0.591792
v -103.986 -50.6652 1330.12
vn -0.874273 0.433096 0.219262
v -103.51 -50.1595 1330.72
vn -0.574858 0.269491 0.772602
v -104.882 -48.4934 1328.43
vn -0.508745 0.245083 0.825295
v -105.172 -47.6604 1328.06
vn -0.444797 0.237734 0.863503
v -104.826 -47.8769 1328.28
vn 0.704763 -0.51094 -0.492189
v -105.197 -47.0036 1311.96
vn 0.812337 -0.536011 -0.229785
v -103.463 -45.6046 1313.29
vn -0.476459 0.272713 0.835831
v -104.038 -45.8639 1328.2
vn -0.613759 0.290506 0.734102
v -104.259 -44.7476 1327.64
vn -0.495837 0.313735 0.809763
v -106.688 -40.0298 1323.29
vn -0.582827 0.294209 0.757465
v -106.364 -39.9445 1323.49
vn -0.616173 0.208671 0.759465
v -106.243 -40.5218 1323.66
vn -0.674255 0.314017 0.668411
v -105.785 -39.8699 1323.94
vn 0.718485 -0.59429 -0.361385
v -106.177 -40.6413 1302.59
vn -0.57891 0.489545 0.652081
v -106.517 -39.1062 1322.79
vn 0.817664 -0.571012 -0.073286
v -105.799 -38.2705 1298.55
vn 0.705691 -0.62205 -0.339195
v -104.696 -36.4489 1297
vn 0.633865 -0.624813 -0.455878
v -105.006 -36.3078 1296.37
vn 0.78284 -0.617562 -0.0760229
v -104.783 -34.9612 1294.5
vn -0.429634 0.672514 0.60261
v -107.9 -34.4754 1317.17
vn 0.77194 -0.616844 -0.15366
v -105.496 -34.0216 1289.28
vn -0.499486 0.805574 0.318693
v -108.344 -29.1442 1307.78
vn 0.701398 -0.663796 -0.259647
v -106.125 -29.2053 1272.99
vn 0.557205 -0.7437 -0.369369
v -107.155 -27.4464 1266.8
vn 0.575672 -0.730794 -0.366799
v -107.168 -27.9076 1267.73
vn -0.723039 0.687804 0.0643504
v -107.828 -25.8227 1287.14
vn -0.708589 0.684977 0.169434
v -108.284 -25.5391 1282.28
vn 0.459469 -0.830202 -0.315679
v -107.677 -22.7823 1255.65
vn -0.721447 0.682876 0.114867
v -108.754 -21.266 1265.13
vn -0.701061 0.69503 0.159517
v -108.002 -21.1827 1268.48
vn -0.790994 -0.349973 -0.501844
v -106.282 -16.7145 1241.52
vn -0.844244 0.531891 -0.0659036
v -106.377 -16.6915 1242.11
vn -0.0754808 -0.855623 -0.512066
v -106.659 -17.8941 1243.34
vn -0.601552 0.344653 0.720659
v -101.887 -50.9228 1332.56
vn -0.407072 0.236008 0.882379
v -100.976 -49.4905 1332.59
vn -0.755252 0.378357 0.535201
v -102.217 -47.7225 1331.01
vn 0.754283 -0.528715 -0.389254
v -103.174 -45.4865 1314.2
vn -0.544609 0.266677 0.795163
v -103.701 -45.7801 1328.34
vn -0.521871 0.260911 0.812143
v -103.923 -44.9357 1327.92
vn 0.758532 -0.581309 -0.294463
v -103.154 -40.036 1307.55
vn 0.724673 -0.581955 -0.369022
v -103.182 -37.6806 1303.49
vn 0.733522 -0.622154 -0.273626
v -103.211 -37.4248 1302.87
vn 0.734374 -0.659812 -0.159193
v -104.179 -34.2808 1293.59
vn 0.698447 -0.637897 -0.324438
v -104.654 -34.7935 1294.8
vn 0.622966 -0.685416 -0.376987
v -104.077 -29.1064 1281.54
vn 0.654711 -0.665515 -0.358391
v -103.553 -28.6982 1281.54
vn 0.768929 -0.618613 -0.16145
v -103.612 -28.2365 1280.61
vn 0.609126 -0.710355 -0.352649
v -105.311 -26.4319 1268.66
vn -0.63145 0.76719 0.112651
v -106.203 -25.442 1296.85
vn 0.631653 -0.7066 -0.318954
v -104.659 -24.7612 1266.49
vn 0.660106 -0.712257 -0.238642
v -104.043 -22.1847 1260.95
vn 0.719539 -0.660133 -0.215611
v -104.025 -22.7565 1263.09
vn -0.682892 0.702267 0.201192
v -105.69 -20.0078 1272.76
vn 0.350481 -0.879094 -0.323042
v -104.582 -18.9008 1249.88
vn 0.339103 -0.881651 -0.328177
v -103.966 -19.0365 1250.53
vn -0.658467 0.746723 0.0939516
v -105.671 -17.4533 1259.96
vn -0.685422 0.718236 0.119725
v -105.973 -18.3559 1264.21
vn -0.757296 -0.274181 -0.592729
v -106.09 -16.3876 1241.21
vn -0.340769 -0.755201 -0.559954
v -105.649 -16.3348 1240.62
vn -0.57909 -0.553776 -0.59832
v -104.919 -15.0816 1238.75
vn -0.565841 0.319978 0.759893
v -100.909 -48.2858 1332.03
vn 0.235055 -0.0900011 0.967806
v -99.8671 -48.9408 1332.6
vn 0.624646 -0.341193 0.702427
v -99.1878 -49.1348 1332.13
vn 0.80076 -0.545066 -0.248368
v -100.689 -41.0285 1312.87
vn -0.499998 0.654355 0.567294
v -103.298 -35.4244 1322.01
vn 0.720311 -0.622328 -0.306365
v -101.219 -33.2683 1299.72
vn 0.748846 -0.621865 -0.22916
v -101.101 -31.8365 1296.93
vn 0.623158 -0.720121 -0.305123
v -103.319 -23.8709 1266.51
vn 0.78577 -0.597246 -0.160816
v -103.069 -23.6734 1266.82
vn 0.762649 -0.633388 -0.131094
v -102.264 -24.7207 1274.45
vn 0.649229 -0.700174 -0.297082
v -102.278 -24.7854 1274.76
vn 0.694657 -0.667919 -0.267089
v -101.692 -24.7194 1275.39
vn 0.541549 -0.777786 -0.319019
v -103.503 -22.3987 1263.4
vn 0.518163 -0.777696 -0.355944
v -102.883 -22.6167 1264.35
vn 0.740364 -0.651113 -0.167072
v -102.357 -22.2771 1264.67
vn 0.753096 -0.61989 -0.220415
v -102.151 -22.1949 1266.48
vn 0.72218 -0.63504 -0.27419
v -102.586 -23.228 1267.56
vn 0.70106 -0.645066 -0.303981
v -101.574 -22.2165 1267.42
vn -0.645027 0.74547 0.167974
v -103.718 -21.029 1281.67
vn 0.598582 -0.777006 -0.194836
v -102.254 -19.3944 1255.16
vn 0.668579 -0.73074 -0.137915
v -102.275 -19.7974 1257.6
vn 0.171769 -0.909141 -0.379418
v -103.503 -17.782 1247.77
vn -0.650894 0.743137 0.155192
v -103.168 -16.77 1269.19
vn -0.631762 0.745426 0.212642
v -103.129 -17.8758 1273.69
vn 0.501273 -0.831629 -0.238996
v -102.491 -15.5973 1241.97
vn 0.567669 -0.809591 -0.14938
v -102.225 -15.3496 1241.67
vn 0.673648 -0.711175 -0.201069
v -102.23 -15.3909 1241.98
vn 0.461463 -0.813841 -0.35315
v -101.949 -15.386 1242.55
vn 0.309813 -0.89706 -0.315119
v -102.469 -16.2013 1244.42
vn 0.326458 -0.883071 -0.337061
v -103.196 -14.2357 1237.33
vn 0.134045 -0.878759 -0.458056
v -102.969 -13.6196 1236.11
vn 0.430103 -0.900053 -0.0701146
v -102.001 -15.1761 1241.37
vn 0.60792 -0.781228 -0.141833
v -101.984 -15.1114 1241.97
vn -0.878751 0.287085 -0.381287
v -102.082 -11.7614 1233.64
vn -0.225432 -0.767617 -0.599954
v -103.309 -13.4084 1235.81
vn -0.847166 0.520414 -0.107136
v -103.387 -13.1086 1236.05
vn -0.912167 -0.0818771 -0.401556
v -103.313 -13.1052 1235.75
vn 0.809825 -0.562353 -0.167161
v -97.9303 -49.9241 1328.63
vn 0.826368 -0.549295 0.12406
v -97.7206 -49.6678 1329.53
vn 0.733475 -0.508193 -0.451391
v -97.6867 -47.7865 1326.4
vn 0.76881 -0.472177 0.431255
v -97.7998 -49.4302 1330.11
vn -0.4471 0.25915 0.856121
v -98.7066 -44.3989 1332.31
vn 0.237289 -0.0997249 0.966307
v -97.538 -44.1378 1332.4
vn -0.616319 0.401347 0.677548
v -100.097 -40.2975 1329.42
vn -0.544458 0.594247 0.591976
v -100.691 -36.9649 1326.26
vn -0.539408 0.684556 0.490329
v -99.5635 -34.1183 1323.96
vn 0.713573 -0.62989 -0.306679
v -100.01 -33.091 1301.59
vn 0.720462 -0.591233 -0.362462
v -98.7528 -33.9702 1306.84
vn -0.458696 0.755969 0.467022
v -101.329 -30.8469 1317.33
vn 0.622248 -0.639928 -0.450888
v -99.9936 -29.1242 1293.22
vn 0.778972 -0.610181 -0.144506
v -100.982 -27.6144 1287.35
vn 0.727638 -0.63753 -0.253175
v -100.252 -26.7441 1287.34
vn 0.723763 -0.648665 -0.235374
v -101.062 -26.2419 1282.45
vn 0.767519 -0.614566 -0.182274
v -100.144 -24.9507 1283.02
vn 0.660725 -0.704995 -0.25773
v -100.976 -23.5287 1274.16
vn 0.786487 -0.612676 -0.0778932
v -100.44 -23.6789 1276.61
vn 0.745374 -0.656231 -0.117383
v -100.251 -23.2626 1277.19
vn 0.601972 -0.744934 -0.287582
v -99.7306 -22.8361 1277.2
vn 0.67905 -0.680573 -0.275156
v -101.402 -21.4067 1266.48
vn 0.6965 -0.67591 -0.240902
v -100.823 -21.5656 1268.03
vn 0.626611 -0.740155 -0.243985
v -100.071 -20.6675 1267.41
vn 0.581264 -0.78089 -0.228786
v -101.498 -19.3935 1258.82
vn 0.578096 -0.771825 -0.264747
v -100.914 -19.5111 1260.07
vn 0.720394 -0.679836 -0.137314
v -100.665 -19.7489 1262.51
vn 0.63024 -0.74665 -0.212866
v -99.9008 -19.2856 1263.73
vn 0.180098 -0.887278 -0.424619
v -101.658 -15.3205 1242.58
vn 0.231424 -0.912282 -0.337911
v -101.076 -15.1182 1242.33
vn 0.544956 -0.816593 -0.190259
v -100.201 -15.5373 1245.42
vn 0.223533 -0.947318 -0.229393
v -101.705 -14.9827 1241.98
vn 0.28047 -0.949887 -0.138027
v -101.381 -14.9359 1241.4
vn 0.216067 -0.944624 -0.246981
v -101.088 -14.9352 1241.72
vn -0.203532 -0.756495 -0.621522
v -101.098 -11.3253 1232.46
vn -0.394619 -0.631396 -0.667544
v -101.914 -11.7462 1233.34
vn -0.752502 0.651779 -0.0944711
v -101.801 -11.4037 1233.48
vn -0.64561 0.760459 0.069931
v -100.692 -11.1221 1241.51
vn 0.0437315 -0.846952 -0.529868
v -100.039 -10.5674 1231.26
vn 0.515225 -0.265177 0.814999
v -95.4729 -42.2525 1331.92
vn -0.580392 0.339835 0.740039
v -97.8441 -39.6892 1331.01
vn 0.813817 -0.551866 -0.182062
v -96.5683 -34.4172 1311.21
vn 0.73852 -0.576956 -0.348869
v -96.0716 -33.1561 1309.96
vn 0.68307 -0.660704 -0.311263
v -96.9514 -29.3642 1301.85
vn 0.730326 -0.630362 -0.263189
v -96.5097 -30.8037 1305.57
vn 0.662794 -0.650799 -0.370356
v -96.8821 -27.5193 1298.13
vn 0.744557 -0.6422 -0.182246
v -96.7085 -28.8824 1300.93
vn 0.723914 -0.644981 -0.244841
v -98.1025 -26.2277 1291.65
vn 0.728292 -0.676678 -0.10816
v -99.2205 -21.9841 1275.37
vn 0.646244 -0.710928 -0.277399
v -99.1971 -22.4691 1277.21
vn 0.758912 -0.638385 -0.128519
v -98.4316 -22.071 1279.34
vn 0.712518 -0.674718 -0.192544
v -97.9541 -22.1427 1282.08
vn -0.52192 0.827196 0.208199
v -99.8502 -21.5684 1300.6
vn 0.664671 -0.71954 -0.201185
v -98.5085 -20.148 1271.09
vn 0.636634 -0.749077 -0.183251
v -98.1253 -16.8252 1260.07
vn 0.629733 -0.758879 -0.165947
v -98.3751 -15.5758 1252.75
vn -0.58669 0.79577 0.15015
v -99.7751 -13.9171 1268.62
vn -0.833038 0.485423 -0.265354
v -98.6157 -8.30439 1228.51
vn -0.640808 0.766503 0.0428837
v -98.5987 -8.26684 1228.97
vn -0.576141 0.813746 0.0766738
v -98.9138 -9.07624 1233.06
vn -0.207766 -0.703084 -0.680078
v -97.992 -7.9324 1227.54
vn -0.556454 0.496381 0.666308
v -95.5861 -37.612 1331.63
vn -0.137247 0.122209 0.982969
v -95.3403 -38.7461 1332.23
vn -0.446154 0.330791 0.831579
v -95.4589 -38.1705 1332.03
vn 0.713193 -0.601335 -0.360212
v -94.4478 -31.4802 1311.16
vn -0.536799 0.727231 0.427764
v -97.0659 -29.9269 1320.54
vn 0.676639 -0.68166 -0.278389
v -96.4012 -28.6367 1301.23
vn 0.607577 -0.693877 -0.386503
v -96.4251 -28.9642 1301.85
vn 0.643732 -0.655034 -0.395651
v -96.4009 -29.1379 1302.17
vn 0.691429 -0.654499 -0.305872
v -95.234 -24.7266 1295.64
vn 0.658311 -0.673486 -0.336219
v -94.8268 -25.6907 1298.14
vn 0.729968 -0.630713 -0.263341
v -96.9939 -23.7741 1289.16
vn 0.733483 -0.633134 -0.247272
v -97.023 -23.3257 1287.63
vn 0.682103 -0.664779 -0.304638
v -95.1273 -22.8646 1291.02
vn 0.717209 -0.661115 -0.220315
v -95.3376 -21.0814 1286.99
vn -0.536592 0.82141 0.193271
v -96.2856 -17.7395 1291.55
vn -0.441108 0.868402 0.226499
v -96.3135 -19.1222 1298.85
vn 0.666509 -0.725654 -0.170855
v -95.4479 -17.869 1273.84
vn -0.541847 0.815475 0.203475
v -97.383 -12.7725 1271.31
vn 0.429068 -0.858171 -0.281857
v -96.232 -9.93271 1232.37
vn 0.484707 -0.846095 -0.221771
v -97.2582 -11.7247 1236.58
vn -0.0381989 -0.780431 -0.624074
v -97.6532 -8.09764 1227.65
vn 0.221337 -0.860378 -0.459086
v -95.8666 -7.85064 1227.74
vn 0.321539 -0.870094 -0.373563
v -96.2942 -9.26956 1230.52
vn -0.831672 0.305516 -0.46366
v -96.0694 -6.44211 1225.36
vn -0.87655 0.20257 -0.436606
v -95.9268 -6.11302 1225.23
vn -0.920653 0.295181 -0.255472
v -95.8268 -6.05932 1224.93
vn -0.573539 0.818988 -0.0176645
v -95.8448 -6.0398 1225.23
vn -0.576357 0.815598 0.0511092
v -97.222 -7.07236 1226.71
vn -0.865007 -0.0889608 -0.493811
v -96.9024 -6.87574 1226.12
vn -0.670109 0.731505 -0.125912
v -96.423 -6.48522 1225.82
vn 0.790039 -0.561468 -0.246156
v -91.4908 -40.0019 1328.11
vn 0.823017 -0.541504 0.17151
v -91.0484 -39.3427 1328.69
vn 0.712236 -0.432389 0.552956
v -91.1988 -38.9627 1329.56
vn 0.714641 -0.521166 -0.466556
v -92.3918 -38.3538 1324.64
vn 0.125114 -0.0403798 0.99132
v -93.3168 -36.7673 1332.21
vn 0.514395 -0.318139 0.796357
v -92.049 -36.8351 1331.71
vn -0.263365 0.30719 0.91448
v -92.6911 -35.4063 1332.11
vn -0.530226 0.583123 0.61549
v -91.8721 -34.0317 1331.63
vn 0.638098 -0.64789 -0.416015
v -92.5789 -30.3678 1312.4
vn -0.551015 0.621574 0.556802
v -94.4912 -31.677 1326.52
vn 0.657794 -0.641929 -0.393997
v -93.851 -29.4301 1308.36
vn 0.654329 -0.613028 -0.442775
v -93.1939 -30.2626 1311.47
vn 0.711944 -0.648389 -0.26968
v -92.7834 -28.8882 1309.29
vn 0.697204 -0.654077 -0.293411
v -92.289 -28.5306 1310.2
vn 0.670766 -0.664825 -0.328756
v -93.5389 -27.4813 1305.55
vn 0.610673 -0.717962 -0.334079
v -93.0186 -21.9733 1294.4
vn -0.464046 0.814004 0.34937
v -93.9914 -21.9392 1308.8
vn 0.593596 -0.710644 -0.377662
v -94.574 -20.4258 1287.29
vn 0.579793 -0.727146 -0.367559
v -94.2481 -20.6399 1287.93
vn 0.656901 -0.72665 -0.201148
v -94.6771 -18.8201 1281.77
vn 0.55956 -0.765474 -0.317713
v -93.8406 -19.3173 1286.07
vn 0.594337 -0.791907 -0.140164
v -94.9898 -12.687 1252.18
vn -0.609055 0.790995 0.0581259
v -95.1972 -6.64642 1240.92
vn -0.0539842 -0.786669 -0.61501
v -95.5153 -6.05365 1224.81
vn -0.292111 0.563814 -0.772518
v -95.5531 -5.90796 1224.94
vn -0.479679 0.874075 0.0768192
v -95.5701 -5.8928 1225.23
vn -0.962439 0.197011 -0.18681
v -95.461 -5.74755 1224.63
vn -0.0646145 -0.774683 -0.62904
v -94.9356 -5.36891 1224.04
vn -0.400737 0.0622326 -0.914077
v -94.7411 -5.30379 1224.34
vn 0.202364 -0.814972 -0.543019
v -94.6349 -5.83561 1224.68
vn 0.170251 -0.845574 -0.505984
v -94.6692 -5.59978 1224.29
vn 0.356342 -0.820465 -0.447053
v -94.3951 -5.40252 1224.07
vn 0.248077 -0.812666 -0.527287
v -94.4152 -5.2685 1223.86
vn -0.16475 0.851771 -0.497336
v -94.4584 -5.11244 1224.05
vn 0.383993 -0.841581 -0.379857
v -93.923 -5.14479 1224.08
vn 0.085767 0.783108 -0.615943
v -94.1603 -5.07279 1224.06
vn 0.485622 -0.788816 -0.376749
v -93.8301 -5.24341 1224.39
vn 0.290355 0.428635 -0.85555
v -93.9015 -4.85271 1224.07
vn 0.62391 -0.731087 -0.27613
v -93.6056 -5.05245 1224.4
vn 0.955574 0.191854 -0.223766
v -93.8978 -4.93263 1224.37
vn 0.496593 -0.787906 -0.364142
v -93.5987 -4.8977 1224.39
vn 0.519597 -0.786847 -0.333002
v -94.7291 -6.9635 1226.85
vn -0.73131 -0.110137 0.673094
v -93.635 -4.73096 1224.38
vn -0.636847 -0.252635 0.728424
v -93.6347 -4.74722 1224.45
vn 0.204385 -0.0615493 0.976954
v -91.2763 -34.4908 1332
vn 0.683035 -0.669667 -0.291564
v -90.9266 -30.11 1315.19
vn 0.694717 -0.601163 -0.394931
v -90.4747 -31.5176 1318.62
vn 0.573248 -0.676411 -0.462445
v -91.4985 -27.9984 1310.52
vn 0.661134 -0.670443 -0.336761
v -91.3156 -29.4077 1313.34
vn 0.574987 -0.7077 -0.410549
v -90.9256 -25.5868 1306.49
vn 0.652832 -0.696105 -0.298745
v -91.5563 -27.2299 1308.06
vn 0.613225 -0.723169 -0.317775
v -90.5525 -26.4611 1309.29
vn 0.63823 -0.701089 -0.318019
v -91.9483 -23.9835 1300.91
vn -0.525583 0.77182 0.35785
v -93.1503 -24.2425 1315.01
vn 0.666725 -0.671184 -0.324022
v -92.6019 -20.2524 1290.41
vn 0.534481 -0.756188 -0.377503
v -91.0359 -19.3712 1292.26
vn 0.598827 -0.754394 -0.268879
v -92.2407 -18.0879 1285.48
vn 0.64078 -0.711233 -0.289048
v -92.7177 -19.4066 1288.85
vn 0.636891 -0.720455 -0.274436
v -91.0807 -18.9138 1291.02
vn 0.588519 -0.794942 -0.147352
v -91.5752 -15.3459 1277.83
vn 0.595563 -0.75398 -0.277161
v -92.0598 -17.1957 1283.93
vn 0.577719 -0.798349 -0.169941
v -91.2698 -14.7729 1275.1
vn 0.562412 -0.809136 -0.170267
v -92.2244 -7.90277 1235.79
vn -0.636847 -0.252635 0.728424
v -93.3274 -4.79792 1224.7
vn 0.513226 0.606293 -0.60746
v -93.3718 -4.65711 1224.99
vn -0.483295 0.869834 0.0990727
v -93.3785 -4.68942 1225.29
vn 0.467504 -0.862387 -0.194238
v -93.0535 -4.71056 1225.01
vn 0.656408 -0.675381 -0.33614
v -93.028 -4.86671 1225.21
vn 0.640711 -0.683661 -0.349424
v -91.6654 -4.42022 1226.88
vn 0.290355 0.428635 -0.85555
v -93.2146 -4.65944 1224.4
vn 0.290355 0.428635 -0.85555
v -93.3597 -4.58697 1224.38
vn -0.638698 -0.0827451 0.764995
v -93.3671 -4.61607 1224.69
vn -0.975393 -0.21592 -0.0445745
v -93.3726 -4.65122 1224.98
vn -0.111162 0.225264 -0.967935
v -93.2168 -4.59376 1225.29
vn -0.310121 0.427308 0.849254
v -93.1011 -4.49205 1224.99
vn -0.111576 0.224984 -0.967953
v -93.1068 -4.52872 1225.3
vn -0.360529 0.931863 -0.0406125
v -92.8371 -4.35888 1225.3
vn 0.481823 0.140438 -0.864941
v -92.3594 -4.07546 1225.62
vn 0.726222 -0.583336 -0.36376
v -92.2345 -4.35429 1225.64
vn -0.661902 0.72887 0.175029
v -92.3084 -4.05608 1225.73
vn 0.817448 -0.491364 -0.300567
v -91.9849 -4.10988 1225.64
vn 0.779346 -0.520461 -0.348914
v -91.999 -4.00855 1225.46
vn -0.963683 -0.26291 -0.0468398
v -91.4803 -3.61032 1225.64
vn 0.725047 -0.576293 -0.377085
v -92.0483 -4.29101 1225.95
vn -0.556792 0.823403 0.109501
v -92.3044 -4.11402 1225.92
vn -0.537303 0.840704 -0.0672508
v -92.3208 -4.10182 1226.22
vn -0.259078 0.398773 -0.879693
v -92.1515 -3.98534 1226.22
vn 0.625439 -0.695615 -0.353476
v -91.9686 -4.26665 1226.04
vn -0.638977 0.109155 0.761442
v -92.0464 -3.89074 1225.92
vn -0.259012 0.398815 -0.879692
v -92.0541 -3.91828 1226.23
vn 0.885966 -0.398295 -0.237539
v -91.7617 -3.78934 1225.93
vn -0.963683 -0.26291 -0.0468398
v -91.5282 -3.54089 1226.23
vn -0.963683 -0.26291 -0.0468398
v -91.4903 -3.62735 1225.94
vn 0.767678 -0.628069 -0.127275
v -87.7033 -34.7993 1327.71
vn 0.748122 -0.552051 0.368175
v -86.8227 -33.4632 1328.59
vn -0.209541 0.341818 0.916107
v -89.6669 -32.3135 1331.72
vn -0.495741 0.58169 0.644886
v -89.4843 -31.6818 1331.4
vn 0.634684 -0.660893 -0.400496
v -89.1661 -28.4724 1315.5
vn 0.726205 -0.683738 -0.0716077
v -88.6933 -27.6768 1314.88
vn 0.651566 -0.696319 -0.301
v -87.9439 -26.8932 1314.87
vn 0.60347 -0.711001 -0.360973
v -88.6364 -25.5864 1310.24
vn -0.547848 0.743832 0.382854
v -89.3791 -24.5085 1321.27
vn 0.591524 -0.746543 -0.304586
v -88.8538 -18.502 1294.14
vn 0.603328 -0.765841 -0.222447
v -90.4398 -16.6252 1286.1
vn -0.440865 0.866052 0.235781
v -90.774 -15.0695 1292.61
vn -0.491376 0.839673 0.2313
v -91.9745 -9.75551 1272.95
vn -0.515837 0.846593 0.13112
v -90.381 -6.3564 1262
vn 0.61967 -0.711973 -0.330307
v -89.751 -3.73006 1228.76
vn 0.618083 0.0772766 -0.782305
v -90.9264 -3.46277 1226.26
vn 0.618083 0.0772766 -0.782305
v -90.9786 -3.22345 1226.25
vn -0.603018 0.772855 -0.197649
v -90.4866 -2.72926 1226.55
vn -0.672086 0.726505 -0.143148
v -90.2178 -2.49187 1226.25
vn 0.684149 -0.618339 -0.386777
v -86.1853 -31.9662 1326.12
vn 0.23945 0.00698088 0.970884
v -87.6065 -30.3514 1331.36
vn -0.301118 0.47338 0.827791
v -87.6832 -30.0669 1331.27
vn -0.508734 0.623889 0.593256
v -87.7312 -29.7907 1330.99
vn 0.624597 -0.684086 -0.376702
v -87.0813 -26.8181 1315.82
vn 0.638514 -0.693676 -0.333338
v -86.5359 -26.7576 1317.06
vn -0.544809 0.67911 0.491928
v -87.16 -25.9715 1326.91
vn 0.611566 -0.729091 -0.307268
v -87.0917 -24.6224 1311.47
vn 0.580827 -0.748382 -0.320257
v -87.5144 -22.8168 1305.92
vn 0.537384 -0.761651 -0.362086
v -86.8422 -21.3015 1304.06
vn 0.551372 -0.762023 -0.339574
v -87.9455 -19.0765 1297.24
vn 0.56368 -0.800079 -0.205276
v -88.3585 -14.2236 1282.77
vn -0.486299 0.852338 0.19244
v -88.7379 -6.7104 1268.14
vn 0.632571 -0.699266 -0.332987
v -88.6151 -1.37358 1226.14
vn -0.586116 0.797204 -0.144683
v -88.663 -1.24457 1226.57
vn -0.555925 0.824875 0.102606
v -87.9464 -1.23237 1237.75
vn 0.741373 -0.666681 -0.0768248
v -83.3316 -29.4626 1327.35
vn 0.610626 -0.650889 -0.451087
v -83.8591 -29.6053 1326.12
vn 0.744505 -0.621305 0.244319
v -82.9636 -28.9755 1327.94
vn 0.685632 -0.538785 0.48951
v -83.2153 -28.841 1328.52
vn -0.32701 0.554422 0.765298
v -85.686 -27.8343 1330.6
vn 0.610406 -0.695788 -0.378528
v -83.8886 -27.1816 1321.76
vn 0.0821089 0.239684 0.967373
v -83.7698 -26.2193 1330.13
vn 0.620703 -0.736127 -0.269897
v -85.6531 -24.423 1313.35
vn 0.601031 -0.733721 -0.316883
v -84.8584 -23.9731 1313.98
vn 0.536656 -0.755842 -0.375104
v -85.3318 -21.9497 1307.8
vn 0.501684 -0.806468 -0.312925
v -85.1054 -16.0605 1294.51
vn 0.526056 -0.799604 -0.289653
v -84.7494 -13.8091 1289.28
vn -0.432268 0.865776 0.252143
v -86.177 -7.05282 1274.33
vn 0.611691 -0.77756 -0.145721
v -86.3414 -7.78043 1262.02
vn -0.589256 0.806971 -0.0396912
v -85.5408 1.12943 1227.51
vn 0.651255 -0.691224 -0.313171
v -85.2048 1.01167 1227.54
vn -0.671959 0.740476 0.0128807
v -85.2888 1.31734 1227.81
vn -0.561107 0.82747 -0.0212683
v -85.2879 1.31959 1227.78
vn -0.419258 -0.896933 0.140478
v -85.2842 1.3226 1227.81
vn 0.731957 -0.669452 -0.126781
v -82.031 -26.231 1323.61
vn 0.688791 -0.667537 -0.282776
v -81.7968 -25.9608 1323.91
vn 0.564266 -0.635906 -0.526525
v -81.4755 -26.1365 1324.46
vn -0.523792 0.73754 0.426234
v -82.7227 -22.28 1326.34
vn 0.510302 -0.713308 -0.4804
v -82.3071 -21.2279 1312.15
vn 0.526461 -0.752751 -0.395228
v -82.3353 -21.0359 1311.84
vn 0.536994 -0.75355 -0.37921
v -82.0133 -21.2318 1312.47
vn 0.601196 -0.762244 -0.23989
v -82.8323 -18.8413 1305.35
vn 0.498705 -0.771476 -0.395117
v -82.037 -18.2678 1305.37
vn 0.527184 -0.784444 -0.326688
v -83.3175 -16.7172 1298.95
vn -0.399464 0.882047 0.249843
v -82.9056 -12.2062 1295.01
vn 0.571035 -0.813555 -0.109759
v -83.7193 -5.50018 1260.14
vn -0.416753 0.879614 0.229336
v -84.8456 -5.3066 1270.39
vn 0.57194 -0.796149 -0.197561
v -84.426 -4.00307 1241.43
vn 0.600124 -0.788606 -0.133981
v -83.3586 -3.9006 1244.5
vn 0.607483 -0.760778 -0.228432
v -83.1272 -2.67371 1240.23
vn 0.0588589 -0.0603983 -0.996437
v -84.957 1.26524 1227.54
vn -0.392348 -0.917509 -0.0651242
v -84.9501 1.17096 1227.84
vn 0.590458 0.596366 -0.543789
v -84.9376 1.09823 1227.92
vn 0.0588441 -0.0603919 -0.996439
v -85.0037 1.47952 1227.52
vn 0.65666 -0.664811 -0.356123
v -84.6727 1.24251 1228.16
vn 0.827361 -0.0691069 -0.557403
v -84.7318 1.57673 1227.83
vn 0.0433775 0.942238 -0.332124
v -84.7684 1.6815 1228.12
vn -0.326328 0.825044 -0.461317
v -84.4565 1.72093 1227.84
vn -0.494063 0.850387 -0.180953
v -84.5017 1.86505 1228.13
vn 0.711898 -0.533201 -0.457054
v -83.2368 2.4549 1228.77
vn -0.24747 0.851539 -0.462211
v -83.4432 2.51216 1228.75
vn 0.698369 -0.605302 -0.381955
v -83.1145 2.3484 1229.08
vn 0.618058 -0.421654 0.663485
v -80.4001 -24.9324 1328.75
vn 0.731871 -0.604035 0.315446
v -79.8543 -25.7144 1327.32
vn 0.665408 -0.715589 -0.212521
v -79.6427 -22.2971 1319.6
vn -0.460921 0.67315 0.57829
v -81.1662 -22.825 1328.58
vn -0.149159 0.451145 0.879897
v -81.0927 -23.2534 1329.04
vn 0.56776 -0.753357 -0.331817
v -80.0593 -21.1638 1316.5
vn 0.451606 -0.768191 -0.4538
v -79.724 -18.6288 1310.34
vn 0.499575 -0.797992 -0.337096
v -81.9105 -16.4972 1300.75
vn 0.610496 -0.771274 -0.180084
v -80.1951 -16.3012 1302.65
vn 0.505365 -0.790072 -0.346975
v -79.8706 -16.8861 1305.11
vn -0.517229 0.814874 0.261637
v -81.6876 -15.627 1311.85
vn -0.460523 0.861934 0.212102
v -81.2607 -13.2605 1304.51
vn -0.393684 0.876337 0.277573
v -82.1187 -7.60664 1282.44
vn 0.558425 -0.806812 -0.192915
v -81.8749 -5.13706 1265.14
vn -0.37761 0.892301 0.247407
v -81.7239 -4.77815 1273.56
vn 0.705739 -0.678466 -0.204002
v -80.5159 -1.27369 1243.61
vn -0.403913 0.884871 0.232073
v -83.2432 -2.20037 1260.66
vn 0.681825 -0.674972 -0.282006
v -80.8446 -0.354628 1239.62
vn -0.424952 0.902702 -0.0674138
v -82.9259 2.76466 1229.67
vn 0.733121 -0.590673 -0.337104
v -82.5914 2.65699 1229.6
vn 0.266703 0.82422 -0.49953
v -82.6301 2.81449 1229.69
vn 0.731239 -0.606241 -0.312667
v -82.3512 2.8796 1230
vn -0.0464103 -0.958561 -0.28108
v -82.5388 2.98204 1229.68
vn -0.117175 0.846894 -0.518691
v -82.4722 3.01883 1229.98
vn -0.0464103 -0.958561 -0.28108
v -82.3599 3.01146 1229.55
vn -0.506118 0.667997 -0.545549
v -82.3855 3.09976 1229.68
vn 0.680316 -0.668065 -0.30143
v -81.5515 3.27701 1230.77
vn -0.112595 0.16593 -0.979689
v -81.0349 3.56217 1231.54
vn -0.530542 0.843899 0.0797429
v -81.0777 3.74792 1231.58
vn 0.468246 -0.623337 -0.626256
v -78.2265 -22.5134 1323.31
vn 0.554155 -0.643184 -0.528419
v -77.985 -22.6659 1323.64
vn 0.701189 -0.699437 -0.138283
v -78.2446 -22.1158 1321.78
vn 0.523164 -0.616179 -0.588747
v -77.6144 -21.7085 1323
vn 0.558209 -0.651986 -0.513143
v -77.6143 -21.4241 1322.68
vn 0.726881 -0.680338 -0.0937245
v -77.3309 -22.8413 1325.49
vn 0.437106 -0.137369 0.888858
v -79.0112 -22.834 1328.57
vn 0.583171 -0.333207 0.740867
v -77.6361 -21.966 1327.93
vn 0.304025 0.00821923 0.952628
v -77.8452 -21.0704 1328.17
vn 0.572488 -0.734279 -0.364817
v -77.9726 -19.3535 1315.91
vn 0.717911 -0.692594 -0.0701227
v -77.2897 -20.9936 1322.37
vn 0.596445 -0.773506 -0.21434
v -78.2217 -16.6999 1308.51
vn 0.508349 -0.779834 -0.365295
v -77.6842 -16.3511 1308.52
vn 0.632782 -0.769992 -0.0818539
v -78.6186 -14.8386 1301.45
vn 0.673888 -0.737542 0.0436696
v -78.6353 -14.825 1301.75
vn 0.695723 -0.717823 0.0264529
v -78.2942 -14.5154 1301.45
vn 0.619651 -0.776665 -0.113242
v -78.3912 -14.6005 1302.05
vn -0.437038 0.882828 0.172081
v -78.9683 -11.5756 1300.02
vn 0.413959 -0.855418 -0.311285
v -78.8903 -8.47126 1283.28
vn 0.501358 -0.838502 -0.213434
v -79.4136 -4.26736 1267.64
vn 0.508513 -0.84461 -0.167475
v -79.9946 -3.4722 1263.04
vn 0.739581 -0.597362 -0.310126
v -79.9358 1.54532 1237.45
vn 0.747386 -0.631208 -0.207344
v -79.5386 0.123378 1242.38
vn 0.743252 -0.587715 -0.319637
v -79.0738 3.65998 1235.26
vn -0.112595 0.16593 -0.979689
v -80.7717 3.7617 1231.55
vn 0.707704 -0.616785 -0.344575
v -80.7745 3.71172 1231.85
vn -0.436072 0.899673 0.0207312
v -80.8133 3.88948 1231.84
vn 0.796328 0.130085 -0.590711
v -80.2295 3.89999 1232.47
vn -0.227913 0.965743 -0.124084
v -80.2725 4.09697 1232.46
vn -0.425217 0.904076 0.0428692
v -80.023 4.23402 1233.07
vn 0.718826 -0.689902 -0.0855822
v -75.3684 -20.5872 1325.47
vn 0.707398 -0.694469 0.13153
v -75.3928 -20.6012 1326.07
vn 0.351599 -0.0649927 0.933892
v -75.7909 -19.1234 1327.63
vn 0.556576 -0.808352 -0.191808
v -77.0883 -13.4173 1300.25
vn 0.370181 -0.867946 -0.331114
v -76.4302 -6.52586 1280.6
vn -0.330194 0.911288 0.246019
v -76.4936 -5.20562 1282.32
vn 0.546754 -0.819985 -0.169367
v -77.2382 -1.16446 1258.85
vn 0.792267 -0.55796 -0.246967
v -76.5878 2.7172 1246.01
vn 0.741939 -0.629788 -0.229986
v -76.9393 0.82293 1249.41
vn 0.755095 -0.563363 -0.335341
v -78.5578 4.54464 1234.94
vn 0.462351 0.770943 -0.438039
v -78.4152 4.79732 1235.54
vn 0.766463 -0.576361 -0.283447
v -78.0982 4.70602 1235.77
vn -0.502112 0.854991 0.129901
v -78.4234 4.77223 1235.84
vn -0.502777 0.85347 0.137131
v -77.8964 4.79136 1237.67
vn -0.498777 0.855939 0.136342
v -77.8915 4.859 1237.24
vn -0.557604 -0.672727 0.486329
v -77.8086 4.88691 1237.37
vn -0.654794 -0.574024 0.491672
v -77.6312 4.94823 1237.68
vn 0.773349 -0.569197 -0.279187
v -77.5615 4.78786 1237.09
vn -0.314622 -0.911225 -0.265863
v -77.5552 4.69612 1237.4
vn 0.814731 -0.519109 -0.258339
v -77.5448 4.64132 1237.44
vn 0.937286 -0.0653934 -0.342372
v -77.2975 4.79515 1238.01
vn -0.507289 0.850627 0.138174
v -77.3558 5.06238 1237.99
vn -0.503411 0.852739 0.139333
v -76.8301 5.00308 1240.24
vn 0.721093 -0.687544 -0.0854831
v -74.9867 -18.6423 1321.16
vn 0.754395 -0.655585 0.0331116
v -74.8635 -20.1517 1325.78
vn 0.735786 -0.584808 0.341493
v -74.9238 -20.0012 1326.37
vn 0.619415 -0.703027 -0.349397
v -73.3183 -15.8167 1318.08
vn 0.60761 -0.691252 -0.391128
v -74.3277 -18.0046 1321.76
vn 0.65096 -0.381419 0.656331
v -73.3503 -17.4321 1326.6
vn -0.546283 0.766676 0.337317
v -75.2989 -14.5845 1321.8
vn 0.587079 -0.787857 -0.186063
v -74.5241 -13.2701 1305.21
vn -0.571631 0.792537 0.21242
v -75.7412 -12.6412 1315.33
vn -0.513951 0.853607 0.0849134
v -75.7837 -10.7465 1307.09
vn -0.329588 0.90531 0.267929
v -74.62 -2.56582 1275.65
vn 0.837466 -0.506603 -0.20495
v -76.5292 4.98842 1240.45
vn -0.534406 0.827205 0.173617
v -76.5665 4.87976 1241.96
vn -0.577628 0.788564 0.210981
v -76.3615 4.94718 1242.27
vn -0.448434 0.86658 0.218966
v -76.1406 4.79989 1243.8
vn 0.838384 -0.499423 -0.21838
v -75.9967 4.66756 1243.82
vn -0.361212 0.90697 0.216635
v -76.0366 4.91339 1243.5
vn 0.948566 -0.181745 -0.259213
v -75.9663 4.83847 1243.81
vn -0.503332 0.842823 0.190544
v -75.4534 4.61186 1245.66
vn 0.798749 -0.500032 -0.334616
v -75.0277 4.34739 1246.9
vn -0.542026 0.838582 0.0546678
v -74.6896 4.75074 1247.2
vn -0.533734 0.842609 0.0716892
v -74.6715 4.80061 1247.82
vn 0.809799 -0.523277 -0.265343
v -74.5454 4.03819 1248.76
vn 0.782262 -0.534178 0.3205
v -73.0103 -17.4592 1326.02
vn 0.676175 -0.675061 -0.295091
v -72.938 -16.9093 1321.78
vn 0.777794 -0.615182 -0.128797
v -71.6943 -15.7681 1322.69
vn 0.719249 -0.387473 0.576667
v -72.1148 -15.9693 1326.13
vn -0.231476 0.563961 0.792696
v -73.0267 -16.1287 1326.67
vn 0.495724 -0.130515 0.858617
v -72.7025 -16.1825 1326.57
vn 0.64676 -0.725892 -0.234058
v -72.8306 -14.2325 1313.19
vn 0.73688 -0.674485 -0.0455817
v -72.8616 -15.2747 1316.87
vn 0.722683 -0.686895 -0.0768339
v -72.8251 -15.1388 1317.46
vn 0.666434 -0.686878 -0.289939
v -71.7531 -14.3503 1317.78
vn 0.729233 -0.655934 -0.194861
v -71.3671 -14.439 1319.61
vn -0.384931 0.895662 0.22275
v -71.8286 -5.60223 1289.85
vn 0.422477 -0.863619 -0.275092
v -73.8563 -3.0663 1274.82
vn 0.564584 -0.766013 -0.307358
v -74.0233 0.658241 1260.43
vn 0.848069 -0.439904 -0.295404
v -72.6332 3.54245 1256.43
vn 0.8442 -0.470153 -0.257454
v -74.2032 4.66221 1248.74
vn -0.438734 0.878061 0.191107
v -74.1152 4.56452 1250.26
vn 0.93025 0.352078 -0.103327
v -73.9544 4.23668 1250.59
vn 0.816956 -0.571556 0.0768568
v -71.0238 -15.0631 1324.79
vn 0.809554 -0.47124 0.35008
v -71.0761 -14.9491 1325.38
vn 0.822099 -0.565679 -0.0645056
v -69.9797 -13.5387 1323.56
vn 0.604842 -0.132125 0.785308
v -71.1819 -14.5586 1325.81
vn -0.0964392 0.530273 0.842324
v -71.2478 -14.264 1325.82
vn -0.325611 0.667228 0.669914
v -71.3108 -13.9351 1325.61
vn 0.802791 -0.26076 0.53622
v -70.1563 -13.4769 1325.05
vn -0.0964463 0.587219 0.803661
v -70.231 -13.1663 1325.18
vn 0.863501 -0.435449 0.254462
v -69.4897 -12.7732 1324.14
vn 0.871503 -0.188103 0.452879
v -69.2013 -12.0964 1324.12
vn 0.786318 -0.119163 0.606222
v -69.5034 -12.1369 1324.46
vn 0.718823 -0.677633 -0.155261
v -70.5712 -12.4995 1315.93
vn 0.623445 -0.753256 -0.209575
v -70.864 -9.98256 1303.42
vn -0.520349 0.787023 0.331409
v -70.9552 -9.9601 1318.76
vn 0.587047 -0.78113 -0.212632
v -70.7093 -7.64864 1295.46
vn 0.574459 -0.792545 -0.204619
v -70.1646 -6.38883 1290.9
vn 0.749785 -0.642272 -0.159086
v -69.6354 -5.93939 1290.6
vn 0.616009 -0.766603 -0.181254
v -69.5601 -5.97677 1291.21
vn 0.77966 -0.570965 -0.257156
v -69.3746 -5.91464 1291.5
vn 0.816506 -0.507611 -0.275043
v -69.424 -5.63706 1291.24
vn 0.713067 -0.653233 -0.254601
v -69.2213 -5.57326 1291.5
vn 0.544065 -0.795872 -0.265672
v -69.288 -2.92267 1281.71
vn 0.559118 -0.793177 -0.241368
v -71.0953 -5.08221 1284.74
vn 0.490687 -0.83313 -0.255188
v -71.2376 -3.17014 1278.59
vn 0.614678 -0.779807 -0.118625
v -69.8862 -2.35046 1278.7
vn 0.613875 -0.741001 -0.272167
v -69.7575 -2.3057 1278.93
vn -0.23468 0.93687 0.259231
v -69.9631 -2.10711 1279.21
vn 0.474491 -0.87815 -0.0609195
v -69.6351 -2.14192 1278.93
vn -0.0876877 0.777608 -0.622605
v -69.6662 -2.06181 1279.22
vn -0.265976 0.921458 0.283146
v -69.6908 -1.88629 1278.91
vn 0.670844 -0.492513 0.554437
v -69.6838 -1.96616 1279.14
vn -0.225317 0.95058 0.213612
v -69.6453 -2.68655 1281.79
vn -0.173256 0.962992 0.206467
v -69.6624 -2.39413 1280.75
vn -0.351774 0.895825 0.271574
v -71.8397 -0.115945 1270.24
vn 0.44035 -0.857854 -0.264912
v -70.2459 -0.530842 1271.03
vn 0.597691 -0.720323 -0.351994
v -71.9193 2.26362 1260.46
vn 0.563303 -0.76534 -0.31136
v -70.2411 2.55277 1262.72
vn 0.595279 -0.743025 -0.305869
v -71.0362 1.86748 1263.25
vn 0.589696 -0.681144 -0.433937
v -70.4612 1.85502 1264.18
vn 0.589564 -0.721642 -0.362832
v -70.4092 2.27014 1263.56
vn 0.462332 -0.862175 -0.207131
v -70.234 2.40897 1263.26
vn 0.808801 -0.545098 0.2207
v -70.2641 2.48373 1263.56
vn 0.619239 -0.744997 -0.248039
v -70.0127 2.62026 1262.96
vn -0.349301 0.901483 0.255573
v -70.2966 2.60968 1263.66
vn -0.260201 0.940158 0.219995
v -70.0422 2.9992 1262.94
vn -0.34512 0.885773 0.310321
v -71.7922 3.15079 1260.11
vn 0.703044 -0.64195 -0.305989
v -71.748 3.18164 1259
vn -0.354951 0.911752 0.206685
v -71.8132 3.47552 1259
vn -0.553628 -0.132733 0.822118
v -71.5305 3.54608 1259.2
vn 0.843415 0.320273 -0.431365
v -71.2141 3.31276 1260.14
vn 0.643213 -0.664121 -0.381078
v -70.8973 3.17684 1260.59
vn -0.402518 0.866298 0.295816
v -70.929 3.20937 1261.13
vn 0.678156 -0.623999 -0.38824
v -70.5843 2.99381 1261.36
vn -0.395793 0.872769 0.285695
v -70.6509 3.35466 1261.07
vn 0.665631 -0.623667 -0.409847
v -70.3229 3.13126 1261.71
vn 0.887192 -0.454135 0.081555
v -69.0743 -12.1124 1323.52
vn 0.766984 -0.628438 -0.129622
v -68.5967 -10.3003 1315.91
vn -0.412624 0.784711 0.462569
v -69.0372 -11.2601 1323.47
vn 0.813783 0.0578224 0.578285
v -69.0063 -11.4631 1323.78
vn 0.932374 -0.27287 0.237111
v -67.9846 -10.1458 1321.96
vn -0.47446 0.840827 0.260572
v -69.6632 -8.41108 1316.64
vn 0.569338 0.420171 0.706619
v -67.5426 -9.17006 1321.03
vn 0.777966 -0.618268 -0.111862
v -68.6579 -6.62052 1299.43
vn 0.747381 -0.640216 -0.177609
v -68.4249 -6.21911 1299.12
vn -0.38553 -0.896192 -0.219561
v -68.4221 -6.29527 1299.42
vn 0.732961 -0.653871 -0.187673
v -69.1523 -7.22985 1299.74
vn 0.74732 -0.663163 -0.0415714
v -68.401 -6.32851 1299.73
vn 0.754972 -0.610576 -0.239195
v -68.2929 -6.28253 1300.03
vn -0.971512 0.19783 0.130491
v -68.4825 -6.14401 1300.01
vn 0.707751 -0.701864 -0.0804654
v -68.1717 -6.09941 1299.73
vn -0.173009 -0.979035 0.107508
v -68.1934 -6.06291 1300.02
vn 0.750653 -0.586371 -0.304449
v -68.1654 -6.23794 1300.26
vn 0.860279 0.30824 -0.40609
v -68.1212 -6.22247 1300.34
vn 0.8961 -0.186262 -0.402879
v -67.9379 -5.95392 1300.64
vn 0.860279 0.30824 -0.40609
v -67.9073 -6.13777 1300.86
vn 0.625311 -0.774542 -0.0952451
v -67.6241 -6.29025 1302.13
vn 0.666189 -0.706253 -0.23958
v -67.6155 -6.07219 1300.88
vn 0.78226 -0.446431 -0.434475
v -67.3382 -6.14239 1301.89
vn 0.68924 -0.69442 -0.206709
v -69.0749 -8.27737 1303.12
vn 0.53229 -0.807456 -0.254326
v -67.6 -6.60053 1303.1
vn 0.335009 -0.900842 -0.276137
v -67.324 -6.27042 1302.2
vn 0.701707 -0.692197 -0.168732
v -68.0201 -7.94836 1305.87
vn -0.536203 0.841617 0.0645557
v -68.2984 -6.18848 1309.66
vn 0.536689 -0.820909 -0.195123
v -68.0935 -4.38094 1289.69
vn 0.690376 -0.708431 -0.14665
v -69.1545 -5.64604 1292.11
vn 0.624011 -0.761788 -0.174037
v -69.1617 -5.29822 1290.59
vn -0.345873 0.92579 0.152592
v -69.006 -4.47944 1289.95
vn 0.627196 -0.758363 -0.177512
v -68.3239 -5.02403 1292.13
vn 0.550517 -0.833471 -0.0475086
v -68.3622 -4.80731 1290.91
vn -0.427914 0.88353 0.190434
v -68.4454 -4.72713 1292.34
vn 0.54867 -0.827089 -0.122
v -68.1036 -4.83819 1292.13
vn 0.555341 -0.831623 0.000502308
v -68.0935 -4.63274 1290.91
vn 0.345085 -0.925409 0.156637
v -68.1168 -4.58917 1291.21
vn 0.552975 -0.81711 -0.162942
v -68.0924 -4.49733 1290.23
vn 0.521646 -0.852676 -0.0288079
v -67.6968 -4.36053 1290.92
vn -0.508654 0.731987 0.453284
v -67.8638 -4.27938 1290.9
vn -0.450392 0.868751 0.20596
v -67.8928 -4.33534 1291.81
vn 0.711721 -0.69042 -0.129514
v -68.619 -5.36793 1292.51
vn 0.988194 -0.0983872 -0.117442
v -68.5233 -5.28642 1293.33
vn -0.248403 0.961542 0.117185
v -68.7271 -5.17009 1293.92
vn -0.43765 0.879109 0.188758
v -68.7245 -5.25966 1294.29
vn -0.32474 0.926034 0.192366
v -68.7258 -4.98698 1293
vn 0.834822 -0.544354 -0.0821654
v -68.4053 -5.30215 1294.25
vn 0.826292 -0.518402 -0.220228
v -68.4194 -5.1744 1293.94
vn -0.457828 0.86892 0.188071
v -68.4492 -5.10089 1294.23
vn 0.188644 0.979894 -0.0649684
v -68.4482 -4.85369 1293.01
vn -0.840162 0.0308129 0.541459
v -68.4454 -4.95408 1293.44
vn -0.247492 -0.866509 0.433485
v -68.1504 -4.93829 1293.64
vn -0.271779 -0.904849 0.327696
v -68.1276 -4.79095 1292.42
vn 0.596627 -0.801921 -0.0309523
v -68.1255 -4.91724 1292.99
vn 0.264559 0.920036 -0.289038
v -68.1669 -4.79973 1293.33
vn -0.130947 0.984632 -0.115555
v -68.1749 -4.82572 1293.63
vn 0.436874 -0.893513 -0.103806
v -67.8684 -4.82491 1293.65
vn -0.463597 0.867911 0.178347
v -67.8953 -4.4498 1292.42
vn -0.301455 -0.807634 0.506805
v -67.7956 -4.53447 1293.03
vn -0.0447579 -0.960149 0.275882
v -67.5979 -4.78436 1294.26
vn 0.687862 -0.706556 -0.166206
v -67.5995 -4.71407 1293.96
vn -0.460415 0.875851 0.144577
v -67.6291 -4.64162 1294.25
vn 0.140306 0.978971 0.148089
v -67.493 -4.51161 1292.45
vn -0.405917 0.913849 0.0106011
v -67.3471 -4.33892 1293.35
vn -0.242803 -0.891436 0.382608
v -67.1211 -4.31901 1293.96
vn -0.455731 0.866896 0.20199
v -69.2805 -5.69758 1295.12
vn 0.904504 -0.410627 -0.115143
v -68.5924 -5.9785 1296.68
vn 0.92213 -0.382442 -0.0584414
v -68.5823 -5.75803 1295.47
vn -0.516714 0.80298 0.297035
v -68.5402 -5.68254 1296.37
vn -0.402957 0.906316 0.127348
v -68.737 -5.62794 1296.35
vn -0.483236 0.860114 0.163364
v -68.5386 -5.63807 1296.97
vn 0.251769 0.96777 0.00572583
v -68.5349 -5.46312 1295.15
vn 0.295661 0.950838 -0.0921465
v -68.7311 -5.40359 1295.14
vn -0.431785 0.871983 0.230669
v -68.7303 -5.48064 1295.49
vn -0.325304 -0.574363 0.751189
v -68.4464 -5.67992 1296.98
vn -0.600932 -0.382894 0.701622
v -68.4428 -5.44494 1295.76
vn -0.27776 0.960592 -0.010599
v -68.4658 -5.59084 1296.97
vn 0.764802 -0.524342 -0.374357
v -68.1563 -5.35196 1295.77
vn 0.450594 -0.892131 -0.0326683
v -68.1665 -5.36815 1296.07
vn 0.777421 -0.51801 -0.356767
v -68.1683 -5.54869 1296.98
vn 0.845784 0.147511 -0.512728
v -68.1633 -5.31974 1295.77
vn 0.580852 -0.813654 -0.0240512
v -68.0593 -5.29168 1296.07
vn -0.79354 0.459809 0.398586
v -68.1879 -5.26987 1296.06
vn -0.463528 0.870265 0.166673
v -67.9975 -5.0377 1295.16
vn 0.715201 -0.650557 -0.255465
v -67.8839 -5.06849 1295.17
vn 0.636896 -0.672107 0.377673
v -67.807 -4.99553 1295.17
vn -0.62927 0.756416 0.178478
v -67.907 -4.9626 1295.16
vn -0.269583 -0.89821 0.347195
v -67.9044 -5.00606 1295.31
vn -0.0447579 -0.960149 0.275882
v -67.359 -4.60869 1294.91
vn 0.824752 -0.55641 -0.100959
v -68.664 -6.21467 1297.6
vn -0.44425 0.890159 0.101284
v -68.756 -6.04467 1298.79
vn -0.38553 -0.896192 -0.219561
v -68.7628 -6.12812 1299.34
vn -0.480856 -0.764308 0.429664
v -68.7311 -6.11717 1299.39
vn 0.95665 -0.278736 -0.0844189
v -68.5218 -5.91876 1297.29
vn -0.413977 0.90369 0.109398
v -68.745 -5.84316 1297.57
vn 0.798867 -0.579825 -0.160047
v -68.4392 -5.96485 1298.2
vn 0.846046 0.220242 0.485489
v -68.4778 -5.78779 1298.18
vn -0.89879 -0.165995 0.405737
v -68.204 -5.76234 1298.8
vn 0.545958 -0.830511 -0.110365
v -68.1726 -5.59185 1297.29
vn 0.655104 -0.749253 -0.0972579
v -68.0854 -5.51571 1297.29
vn -0.731347 -0.110012 0.673075
v -68.1959 -5.48509 1297.28
vn 0.815767 0.135868 -0.562195
v -67.914 -5.68591 1298.81
vn 0.815767 0.135868 -0.562195
v -67.9189 -5.66307 1298.81
vn 0.276263 -0.952826 -0.125705
v -67.6345 -5.68651 1299.43
vn 0.238021 -0.0207377 -0.971039
v -67.6272 -5.60632 1298.88
vn -0.311933 0.933225 -0.178295
v -67.6622 -5.49656 1299.12
vn -0.378493 0.910696 -0.165457
v -67.3656 -5.3241 1298.52
vn -0.58062 0.812641 0.0499466
v -67.389 -5.27985 1298.82
vn -0.830942 -0.0826983 0.550178
v -68.4944 -6.03841 1299.76
vn -0.322409 0.943592 0.0754097
v -68.2238 -5.8607 1299.71
vn -0.848641 -0.27813 0.449947
v -68.2342 -5.93862 1300.32
vn 0.642113 -0.763148 -0.0727702
v -67.9218 -5.89596 1300
vn -0.742754 -0.17326 0.646759
v -67.9692 -5.81003 1300.63
vn 0.0888311 -0.970304 -0.224988
v -67.621 -5.83955 1299.88
vn -0.445908 0.843003 -0.300852
v -67.6599 -5.69623 1300.03
vn 0.843535 -0.532956 -0.0663762
v -67.504 -5.51702 1299.73
vn 0.825242 -0.493812 -0.274091
v -67.2406 -5.65492 1301.26
vn 0.822527 0.13823 -0.551672
v -68.747 -2.56109 1281.72
vn 0.581173 -0.79734 -0.162747
v -69.2102 -3.14576 1282.63
vn 0.585262 -0.78914 -0.186349
v -68.9709 -3.44459 1284.16
vn 0.661968 -0.717297 -0.217448
v -68.8688 -3.52872 1284.78
vn 0.571989 -0.786703 -0.232223
v -68.9241 -3.30067 1283.86
vn -0.29499 0.931212 0.21407
v -69.0426 -3.25568 1284.82
vn -0.249985 0.929374 0.271608
v -69.0496 -3.02156 1283.84
vn 0.653019 0.730851 -0.198553
v -69.0556 -2.78851 1282.84
vn 0.827595 -0.520882 -0.20921
v -68.7239 -3.29627 1284.77
vn 0.613057 -0.751529 -0.243651
v -68.7136 -3.09177 1283.56
vn 0.835428 -0.493756 0.241382
v -68.7465 -3.00379 1283.85
vn 0.672397 0.422509 -0.607757
v -68.721 -3.18369 1284.16
vn 0.383391 0.883313 -0.269758
v -68.7577 -3.07845 1284.46
vn -0.210799 -0.432152 0.876817
v -68.7609 -2.74898 1282.93
vn 0.444476 0.852974 -0.273637
v -68.7259 -2.97254 1283.25
vn -0.183931 0.950222 0.251492
v -68.7644 -2.85879 1283.54
vn 0.571354 -0.820679 -0.00628646
v -68.5647 -2.69639 1282.64
vn 0.607329 -0.747997 -0.267679
v -68.4476 -2.9679 1283.87
vn 0.548785 -0.800489 -0.240941
v -68.2751 -2.85054 1283.87
vn 0.294539 -0.828573 0.476144
v -68.4742 -2.88195 1284.03
vn 0.524251 -0.837379 -0.15478
v -68.9577 -3.75691 1285.39
vn 0.589593 -0.773528 -0.232452
v -68.4756 -3.90023 1286.93
vn 0.554666 -0.793796 -0.249466
v -68.5622 -3.6791 1286.01
vn -0.322746 0.920823 0.218905
v -68.7533 -3.41449 1285.99
vn -0.949648 0.0556766 0.308332
v -68.4611 -3.53548 1286.91
vn 0.841394 -0.161201 -0.51582
v -68.4644 -3.34588 1286.06
vn 0.465269 -0.880749 -0.0883459
v -67.9421 -2.99507 1285.1
vn -0.106612 -0.813209 0.572123
v -67.8847 -3.23956 1286.32
vn 0.440319 -0.896837 -0.0424689
v -67.6012 -3.13655 1286.35
vn -0.366307 0.90322 0.223635
v -68.4509 -3.89701 1288.44
vn -0.385527 0.901654 0.195931
v -68.4471 -4.04455 1289.07
vn 0.54963 -0.814068 -0.187616
v -68.1132 -3.9131 1287.86
vn 0.407863 0.904066 0.127721
v -68.1048 -4.01451 1288.16
vn -0.549295 0.564863 0.615797
v -67.982 -3.92099 1289.37
vn 0.76002 0.118603 -0.638986
v -67.31 -3.31354 1287.57
vn 0.698942 -0.618659 -0.358806
v -67.3136 -3.48578 1288.48
vn 0.715187 0.272787 -0.643502
v -67.319 -3.27209 1287.56
vn 0.862126 0.0427522 -0.504887
v -67.8867 -4.11642 1290.62
vn 0.482674 -0.843424 -0.235926
v -68.5141 -0.711647 1274.39
vn 0.540942 -0.797577 -0.266933
v -69.3478 -1.67482 1277.11
vn -0.275624 0.922813 0.26916
v -69.4489 -1.16125 1276.84
vn 0.716831 -0.608002 -0.341303
v -69.0415 -1.3822 1276.81
vn 0.421756 -0.896597 -0.135038
v -69.1063 -1.06097 1275.58
vn 0.61106 -0.757308 -0.230413
v -68.9115 -1.09106 1276.2
vn -0.235367 0.938402 0.252989
v -69.1742 -0.938019 1276.47
vn -0.354576 0.893365 0.275998
v -69.1813 -0.84388 1276.17
vn 0.707696 -0.641284 -0.296516
v -68.8062 -1.40811 1277.43
vn -0.377649 0.254242 0.890361
v -68.8338 -1.2184 1277.11
vn -0.348474 0.91699 0.194152
v -68.8582 -1.16941 1277.41
vn 0.0566477 -0.998373 0.00657942
v -68.8328 -0.97152 1275.89
vn 0.901262 -0.31214 -0.300491
v -68.8565 -0.925655 1276.19
vn 0.941527 -0.33444 0.0409377
v -68.8684 -0.933822 1276.49
vn -0.377649 0.254242 0.890361
v -68.8742 -1.02097 1277.04
vn 0.448604 -0.208274 -0.869124
v -68.7435 -0.987718 1277.1
vn -0.0479126 0.0601325 0.99704
v -68.8978 -0.736076 1276.18
vn -0.441905 -0.886778 -0.135443
v -68.5272 -1.15497 1276.83
vn -0.265811 -0.962205 -0.0592153
v -68.515 -1.02196 1275.92
vn 0.157374 -0.839216 -0.520529
v -68.213 -1.31512 1277.46
vn -0.731374 -0.110006 0.673046
v -68.3161 -0.71643 1276.81
vn 0.33989 -0.908511 -0.243069
v -67.948 -0.934758 1276.55
vn 0.731368 0.109986 -0.673055
v -67.6671 -0.879253 1276.86
vn 0.486215 -0.836693 -0.252071
v -67.6765 -0.709973 1276.25
vn 0.548949 -0.827652 -0.116823
v -67.4456 -0.722494 1276.86
vn -0.320054 0.910595 0.2615
v -67.7518 -0.49046 1276.83
vn 0.504948 -0.845648 -0.172937
v -67.4964 -0.49343 1275.94
vn -0.326532 0.906943 0.26614
v -67.7627 -0.314747 1276.22
vn 0.511774 -0.836325 -0.196589
v -67.4078 -0.535568 1276.25
vn 0.660736 -0.656934 -0.363133
v -67.2601 -0.419062 1276.25
vn -0.11775 0.776047 -0.619585
v -67.4681 -0.258846 1276.23
vn 0.767637 -0.300465 -0.566087
v -69.3421 -2.17866 1279.43
vn 0.452587 0.862968 -0.224614
v -69.3904 -2.04575 1279.84
vn 0.486836 -0.868606 -0.0922721
v -69.3317 -1.96244 1278.15
vn 0.767637 -0.300465 -0.566087
v -69.0398 -2.24711 1279.87
vn 0.366204 -0.930473 -0.0107126
v -69.0491 -2.01575 1278.95
vn 0.315513 -0.932266 0.177009
v -69.0733 -1.9676 1279.25
vn 0.368456 -0.893941 -0.255166
v -69.0473 -2.11613 1279.4
vn -0.270378 0.934715 -0.230659
v -69.0812 -1.99428 1279.55
vn 0.564376 -0.78863 -0.244014
v -69.0615 -1.77007 1278.04
vn -0.296865 0.888078 0.350983
v -69.1004 -1.71749 1278.63
vn 0.664806 -0.67888 -0.311697
v -69.0099 -1.6155 1277.73
vn -0.246567 0.920095 0.304351
v -69.1428 -1.33731 1277.72
vn 0.772076 -0.514962 -0.372441
v -68.8333 -1.34657 1277.72
vn 0.580695 -0.760954 -0.289383
v -68.8001 -1.55094 1277.98
vn 0.633056 0.74197 -0.22073
v -68.8473 -1.4085 1278.33
vn 0.216972 -0.896913 -0.385318
v -68.5101 -1.73698 1279.27
vn 0.437475 -0.892696 0.108209
v -68.5322 -1.50965 1278.65
vn 0.514901 -0.856387 -0.0384346
v -68.5144 -1.70596 1279.21
vn 0.553052 -0.814907 -0.173378
v -68.5258 -1.46728 1278.31
vn 0.164236 0.964386 -0.207333
v -68.5584 -1.38954 1278.64
vn 0.184628 -0.929158 0.320278
v -68.3967 -1.15124 1278.04
vn 0.229743 -0.0214551 -0.973015
v -68.2125 -1.69505 1279.29
vn -0.43792 -0.813158 -0.383405
v -67.9213 -1.83309 1279.91
vn 0.0737497 -0.983049 -0.167856
v -68.2065 -1.47069 1278.07
vn 0.229743 -0.0214551 -0.973015
v -68.2389 -1.57383 1279.28
vn -0.481228 0.863038 0.153573
v -68.2591 -1.54443 1279.57
vn -0.293399 0.934357 0.202224
v -68.2512 -1.611 1279.73
vn -0.847553 -0.351161 -0.397919
v -68.0275 -1.55014 1279.89
vn -0.715494 -0.104732 0.690723
v -68.2564 -1.36049 1278.96
vn -0.364913 -0.86725 -0.338699
v -67.9005 -1.84524 1279.92
vn 0.264158 -0.950294 -0.164806
v -67.9169 -1.70695 1279.6
vn -0.692891 -0.201909 -0.692195
v -67.9123 -1.59376 1278.96
vn 0.324032 -0.590172 -0.739391
v -67.9307 -1.32902 1278.08
vn 0.437638 -0.863711 -0.249953
v -67.9265 -1.35225 1278.1
vn -0.523958 0.671977 -0.523368
v -67.9798 -1.16657 1278.36
vn 0.789433 -0.0735455 -0.609415
v -67.6332 -1.5381 1279.31
vn 0.699676 -0.638143 -0.321288
v -67.6531 -1.57306 1279.91
vn 0.552191 -0.497421 0.669072
v -67.6816 -1.46537 1280.02
vn 0.488017 -0.847656 -0.208134
v -67.6621 -1.1539 1278.08
vn 0.4963 -0.837064 -0.230238
v -67.6158 -1.26281 1278.39
vn 0.789433 -0.0735455 -0.609415
v -67.6976 -1.22199 1279.19
vn 0.892486 -0.195296 -0.406605
v -67.7176 -0.962124 1278.37
vn 0.496941 -0.841628 -0.211451
v -67.3558 -1.52956 1279.93
vn -0.586393 0.655278 0.476187
v -67.4078 -1.29086 1279.91
vn 0.532959 -0.818539 -0.214355
v -67.1295 -0.870765 1278.1
vn -0.142412 0.931826 0.333796
v -67.4286 -0.818068 1278.07
vn 0.88571 -0.380644 -0.265758
v -67.4287 -0.905942 1278.5
vn -0.14226 0.952867 0.267967
v -67.4501 -0.657016 1277.77
vn -0.121433 0.987441 0.101067
v -69.3673 -2.46666 1281.37
vn 0.77734 -0.216364 -0.590703
v -69.0288 -2.58903 1281.29
vn -0.442586 0.725294 0.52732
v -69.0551 -2.4917 1281.39
vn 0.656505 -0.429528 -0.620086
v -69.0387 -2.35196 1280.36
vn -0.13661 0.924766 -0.355169
v -69.0911 -2.20063 1280.77
vn 0.77734 -0.216364 -0.590703
v -69.0834 -2.30602 1281.11
vn -0.569095 0.670552 0.475911
v -69.0959 -2.06627 1280.22
vn 0.598944 -0.784374 -0.161318
v -68.7757 -2.30338 1281.1
vn 0.822527 0.13823 -0.551672
v -68.7745 -2.43472 1281.71
vn -0.133919 -0.505005 0.852664
v -68.7803 -2.47897 1282.05
vn 0.0167942 0.939821 -0.341253
v -68.7846 -2.19955 1280.79
vn 0.33706 -0.940956 0.031504
v -68.4994 -1.97491 1280.19
vn 0.216848 -0.953424 0.209667
v -68.523 -1.92958 1280.49
vn 0.73141 0.109845 -0.673033
v -68.5146 -1.90528 1280.18
vn -0.00277993 -0.996419 0.0845125
v -68.2211 -1.90724 1280.5
vn -0.186431 -0.950018 -0.250418
v -68.1529 -1.8623 1280.2
vn -0.227958 0.022232 0.973417
v -68.2424 -1.80977 1280.5
vn 0.0142573 -0.989834 -0.14151
v -67.8972 -1.92303 1280.22
vn 0.288067 -0.95705 0.03276
v -67.6158 -1.86973 1280.54
vn 0.681647 0.230385 -0.694464
v -67.6481 -1.65863 1280.22
vn 0.137051 -0.839058 0.526497
v -67.3975 -1.40138 1280.22
vn 0.506997 -0.813795 -0.284063
v -68.345 0.801276 1270.09
vn -0.301427 0.884713 0.355562
v -68.4584 1.4474 1269.45
vn 0.489986 -0.822178 -0.28972
v -68.0009 1.36141 1269.18
vn -0.165304 0.684081 0.710428
v -67.8696 1.56065 1269.47
vn 0.90302 -0.0183072 -0.429208
v -67.5597 1.42008 1270.1
vn 0.52338 -0.810731 -0.262277
v -67.5639 1.62813 1269.19
vn -0.410944 -0.263205 0.872839
v -67.6018 1.73888 1269.48
vn 0.759745 0.581009 -0.291917
v -67.5902 1.52922 1270.24
vn 0.548585 -0.792819 -0.265506
v -68.0622 0.785318 1270.71
vn 0.46306 -0.873313 -0.151324
v -68.055 0.689258 1271.02
vn -0.346319 0.898268 0.270515
v -68.1289 0.898089 1271.63
vn 0.598419 -0.772334 -0.213062
v -67.6789 0.449426 1272.56
vn -0.37434 0.87692 0.301466
v -67.8302 0.729635 1272.64
vn -0.277443 0.922755 0.267486
v -67.8569 1.21097 1270.89
vn 0.63944 -0.746763 -0.182927
v -67.5028 0.65527 1272.56
vn -0.359443 -0.3348 0.871039
v -67.5583 1.22477 1271.02
vn 0.338408 0.900363 0.273543
v -67.812 0.414825 1273.76
vn -0.345448 0.901827 0.259565
v -67.8191 0.636258 1272.84
vn 0.338408 0.900363 0.273543
v -67.8192 0.510885 1273.45
vn 0.338408 0.900363 0.273543
v -67.4831 0.376056 1273.48
vn 0.534112 -0.780717 -0.324353
v -67.2933 0.316547 1273.8
vn -0.232982 0.752794 -0.615646
v -67.5335 0.733514 1272.86
vn -0.400471 0.892984 0.20543
v -67.5395 0.635041 1273.46
vn -0.856554 -0.150401 0.493655
v -67.3543 0.609506 1273.78
vn -0.359322 0.889972 0.28078
v -68.0653 -0.208034 1275.59
vn -0.372255 0.889583 0.264705
v -67.7135 0.027336 1275.3
vn 0.595687 -0.774049 -0.21449
v -67.2942 -0.186321 1275.33
vn 0.458579 0.861432 -0.218266
v -67.4952 -0.008767 1275.61
vn -0.367129 0.887937 0.277098
v -67.4937 -0.078623 1275.92
vn 0.554395 -0.76782 -0.32109
v -69.7187 2.97373 1262.71
vn 0.664135 -0.475015 -0.577308
v -69.516 2.2496 1264.82
vn -0.384887 0.874314 0.295699
v -69.7011 2.40069 1265.1
vn 0.556909 -0.801361 -0.21834
v -69.7077 2.68262 1263.88
vn 0.894383 0.0406829 -0.445447
v -69.7168 2.78734 1263.57
vn -0.424102 0.850978 0.309797
v -69.7359 2.81234 1263.87
vn 0.676166 0.672115 -0.301762
v -69.7626 3.12336 1262.94
vn -0.0589706 0.0604774 0.996426
v -69.3989 2.48448 1264.81
vn 0.618929 -0.455076 -0.640182
v -69.1265 2.35788 1265.14
vn -0.7314 -0.110064 0.673008
v -69.4468 2.8301 1264.19
vn -0.218377 0.963915 0.152245
v -69.4296 2.62547 1264.8
vn 0.532816 -0.811136 -0.241177
v -69.4403 2.98912 1263.27
vn 0.409647 -0.877779 -0.248382
v -69.4059 2.82074 1263.89
vn -0.0702183 0.985966 -0.151459
v -69.4344 2.83632 1263.88
vn -0.610165 0.00402404 0.792264
v -69.4649 3.07837 1263.38
vn 0.345646 -0.781422 -0.519527
v -69.1037 2.53751 1264.83
vn 0.698707 -0.525882 -0.485033
v -69.1494 2.87282 1264.2
vn 0.368691 -0.835821 -0.406779
v -69.1179 2.63341 1264.67
vn 0.506009 -0.709987 -0.489768
v -68.8749 2.69798 1264.83
vn -0.058062 0.784295 -0.617665
v -69.148 2.74049 1264.81
vn 0.317427 -0.799271 0.5103
v -69.1392 2.65528 1265.03
vn 0.698707 -0.525882 -0.485033
v -69.1532 2.89657 1264.17
vn -0.194269 0.980911 0.00850433
v -69.1604 2.92348 1264.2
vn 0.430832 -0.882456 -0.188827
v -69.1087 3.14888 1263.28
vn 0.265882 -0.872845 -0.409206
v -68.7525 2.16953 1265.65
vn 0.419031 -0.849694 -0.320052
v -68.4245 1.97104 1266.17
vn 0.391971 -0.506728 -0.767845
v -68.5175 2.52038 1265.54
vn 0.598246 -0.767851 -0.229146
v -68.1379 1.81505 1267.38
vn 0.616826 -0.723334 -0.310343
v -67.9627 1.87253 1267.64
vn 0.387308 -0.830739 -0.399831
v -68.17 2.3019 1265.73
vn 0.623787 -0.745555 -0.234601
v -67.8788 1.98047 1267.64
vn -0.31506 0.868231 0.383291
v -67.9494 2.30405 1267.62
vn 0.638794 -0.487323 0.595364
v -67.9395 2.20352 1267.89
vn 0.0478397 0.789523 -0.611854
v -67.9503 2.66846 1265.87
vn 0.0523059 0.757591 -0.65063
v -67.9954 2.83003 1266.08
vn 0.610946 -0.642901 -0.461978
v -67.6178 2.50497 1266.12
vn 0.585566 -0.434703 -0.684212
v -67.6606 2.73627 1265.94
vn 0.176125 0.74382 -0.644757
v -67.7101 2.92842 1266.09
vn -0.312239 0.906103 0.285454
v -67.7065 2.84899 1266.39
vn -0.367642 0.881065 0.297596
v -68.2167 2.06054 1267.92
vn 0.508508 -0.819359 -0.26471
v -67.8185 1.66414 1268.57
vn -0.267924 0.837477 0.476287
v -67.8947 1.70367 1269.33
vn -0.220857 0.697463 -0.681738
v -67.9319 2.16122 1267.93
vn -0.237655 -0.655532 0.716797
v -67.6233 2.15241 1267.95
vn -0.258631 0.911574 0.319597
v -67.6313 2.02534 1268.74
vn 0.84036 -0.540895 -0.035055
v -66.9364 -8.31446 1318.6
vn 0.829819 0.374538 0.413668
v -67.0686 -8.03457 1318.61
vn 0.928716 -0.362104 0.0798012
v -67.2363 -8.90555 1319.82
vn 0.755447 -0.610539 -0.237785
v -67.0399 -5.87284 1301.89
vn 0.530896 -0.819324 -0.216467
v -67.0331 -6.51236 1303.73
vn 0.930873 -0.313287 -0.187952
v -67.0249 -5.82542 1302.49
vn 0.693156 -0.705407 -0.148107
v -66.7251 -6.28377 1303.74
vn 0.974506 0.0320113 -0.222065
v -66.8962 -5.6075 1303.08
vn -0.355827 -0.931417 0.0764889
v -66.9069 -5.62131 1303.39
vn 0.626261 0.749714 -0.213837
v -66.8911 -5.72033 1303.52
vn 0.65882 -0.73339 -0.167615
v -67.0232 -6.80981 1304.96
vn 0.964679 -0.237232 -0.114526
v -66.6405 -6.15476 1305.24
vn 0.71145 -0.693088 -0.116053
v -65.8596 -5.93032 1308.89
vn -0.426444 0.883039 0.195927
v -67.5069 -6.41612 1313.64
vn 0.856688 -0.515766 0.00844883
v -65.2767 -5.60794 1312.81
vn -0.245708 0.940466 0.234842
v -65.5397 -5.46454 1313.09
vn -0.285094 0.905621 0.313963
v -65.8097 -5.9125 1314.44
vn 0.926125 -0.365091 0.0948727
v -65.5161 -5.82448 1314.32
vn -0.318153 0.928884 0.189612
v -66.8321 -4.01474 1293.06
vn 0.300013 -0.938418 0.171359
v -66.761 -4.08778 1292.76
vn -0.126744 0.991342 0.0343195
v -66.7883 -3.96245 1292.75
vn 0.422218 0.787243 -0.449422
v -66.4816 -3.95999 1292.76
vn 0.109408 -0.97712 0.182394
v -65.954 -3.56809 1292.78
vn 0.362983 -0.895044 -0.259112
v -65.1297 -3.3802 1294.02
vn 0.0993064 -0.995017 0.00889925
v -66.5512 -4.56934 1297.24
vn -0.524885 0.851105 -0.010761
v -67.1315 -5.11714 1299.13
vn -0.312054 -0.94799 0.0627414
v -66.9528 -4.89236 1298.22
vn 0.0162018 -0.998822 0.0457484
v -66.8234 -4.93427 1298.23
vn -0.291046 -0.940592 -0.174868
v -66.8221 -4.88342 1297.96
vn -0.620298 0.784364 0.00205573
v -66.8525 -4.80074 1298.22
vn -0.0830109 -0.963253 0.255448
v -66.6772 -4.78724 1298.83
vn 0.344497 -0.938492 0.0235552
v -66.5537 -4.82746 1298.54
vn -0.107607 -0.987071 0.118789
v -66.5667 -4.83062 1298.84
vn -0.175558 -0.957294 0.229711
v -66.598 -4.75009 1299.14
vn -0.0635298 -0.985801 0.155434
v -66.5691 -4.5677 1297.62
vn 0.898823 0.165861 -0.405718
v -66.2934 -4.74011 1299.15
vn -0.0635298 -0.985801 0.155434
v -66.283 -4.53631 1297.94
vn 0.546871 0.705108 -0.451393
v -66.3189 -4.62309 1299.15
vn 0.636986 -0.766212 -0.0846634
v -66.1572 -4.43185 1297.94
vn -0.632869 0.76942 0.0864265
v -66.3143 -4.39241 1297.93
vn -0.223312 -0.929195 0.294497
v -66.1314 -4.38203 1298.54
vn -0.338303 -0.918056 0.206699
v -66.0268 -4.43021 1298.55
vn 0.251145 0.883321 -0.395816
v -65.755 -4.27013 1298.55
vn 0.0056827 -0.983783 0.179271
v -66.8503 -5.12572 1299.75
vn -0.975396 -0.215911 -0.0445613
v -66.893 -5.24474 1301.26
vn -0.975396 -0.215911 -0.0445613
v -66.9145 -5.20872 1301.55
vn -0.975396 -0.215911 -0.0445613
v -66.9232 -5.23169 1301.86
vn -0.480838 0.873944 0.0708238
v -66.6179 -4.91046 1300.35
vn 0.20892 -0.977015 0.0423558
v -66.442 -4.88727 1300.96
vn 0.764973 0.457145 -0.453689
v -66.0823 -4.74218 1301.27
vn -0.357989 -0.90096 0.245185
v -65.9328 -4.49015 1300.67
vn -0.226371 -0.951587 0.207941
v -65.7915 -4.54315 1300.68
vn -0.297801 -0.927644 0.225367
v -65.8206 -4.47232 1300.97
vn 0.788751 0.37139 -0.489838
v -65.8081 -4.69065 1301.75
vn -0.329474 -0.901708 0.279947
v -65.7484 -4.40521 1301.27
vn -0.14941 -0.969697 0.193299
v -65.5428 -4.15104 1300.07
vn -0.266822 -0.93195 0.24551
v -65.2672 -4.3856 1301.9
vn -0.158853 -0.957236 0.241796
v -65.2258 -4.19819 1300.09
vn -0.0477045 -0.986068 0.159355
v -65.2579 -4.11381 1300.38
vn 0.76391 -0.585673 -0.270977
v -65.2894 -4.22081 1301.59
vn -0.24939 0.965563 0.0741095
v -65.2785 -3.95608 1300.07
vn 0.670102 -0.740072 0.0570612
v -65.2016 -4.04388 1300.38
vn -0.493165 0.869896 -0.00832483
v -67.2084 -5.4566 1302.45
vn -0.487376 0.873096 0.0129435
v -67.2345 -5.50606 1303.27
vn -0.391337 -0.896878 0.206073
v -67.2119 -5.49416 1303.36
vn -0.511083 0.859523 0.00390751
v -67.1547 -5.45946 1303.66
vn -0.357483 0.931872 -0.0618141
v -66.9379 -5.35345 1302.77
vn -0.367848 -0.892491 0.261052
v -66.7077 -5.14226 1302.47
vn 0.464305 0.152096 -0.872518
v -66.6188 -5.40778 1302.78
vn 0.212515 -0.974525 0.0716809
v -66.6043 -5.40379 1302.79
vn 0.442326 -0.89468 -0.0624213
v -66.4771 -5.35357 1303.09
vn -0.651972 0.681427 0.332552
v -66.6681 -5.24687 1303.08
vn -0.385675 0.920476 -0.0630744
v -66.6938 -5.19157 1303.37
vn -0.972232 -0.213802 0.0951468
v -66.6836 -5.1143 1302.77
vn -0.764998 -0.58447 0.270503
v -66.531 -5.03699 1303.37
vn 0.148168 -0.987811 0.0476941
v -66.3599 -5.19067 1302.79
vn -0.228944 -0.973342 -0.0137691
v -66.3734 -5.19175 1303.09
vn 0.505848 -0.795012 -0.334774
v -66.3547 -5.3137 1303.27
vn 0.494484 -0.831259 -0.253956
v -66.0861 -5.16541 1303.41
vn 0.137218 0.958317 -0.250599
v -66.1284 -4.84555 1302.78
vn -0.411383 0.910209 -0.047793
v -66.155 -4.78622 1303.08
vn -0.584909 0.810413 0.033343
v -66.1324 -4.72288 1302.28
vn -0.314463 -0.930056 0.190026
v -65.8215 -4.78329 1302.5
vn 0.375615 -0.905456 -0.197642
v -65.8068 -4.91886 1302.83
vn -0.237993 0.962472 -0.130413
v -65.864 -4.52506 1302.18
vn -0.482637 0.875536 -0.0223137
v -65.8835 -4.56186 1302.78
vn -0.377734 0.478146 -0.792902
v -65.8942 -4.5757 1303.08
vn 0.484021 -0.857561 -0.174105
v -65.5333 -4.69797 1302.51
vn 0.548483 -0.823402 -0.145517
v -65.4698 -4.58384 1302.2
vn -0.293139 0.939485 -0.177309
v -65.5674 -4.47886 1302.19
vn -0.523169 0.851254 -0.0407499
v -65.3945 -4.21661 1302.79
vn 0.0582087 -0.0603061 -0.996481
v -67.0174 -3.24844 1287.58
vn -0.338891 -0.773748 0.535226
v -67.0307 -3.25048 1287.88
vn 0.659995 -0.165817 -0.732742
v -67.0251 -3.45152 1288.73
vn 0.291217 0.805257 -0.516482
v -67.0375 -3.40822 1288.79
vn 0.336429 -0.940736 -0.0427935
v -67.047 -3.42907 1289.1
vn 0.0570776 -0.0603655 -0.996543
v -66.9988 -3.22277 1287.58
vn 0.0579154 -0.0601802 -0.996506
v -67.0265 -3.20666 1287.58
vn 0.422891 -0.904248 0.0591414
v -67.048 -3.17091 1287.87
vn -0.657355 0.630761 0.41234
v -67.0431 -3.20615 1287.94
vn -0.306174 -0.779719 0.546165
v -66.7844 -3.1312 1288.19
vn -0.0152685 -0.9981 0.0596865
v -66.739 -3.43313 1289.11
vn 0.71137 -0.52421 -0.468141
v -66.7445 -3.15639 1287.89
vn -0.303874 -0.781437 0.544993
v -66.762 -3.13861 1288.19
vn -0.216272 0.974547 0.0590256
v -66.5907 -3.32863 1289.12
vn 0.711608 -0.523598 -0.468465
v -66.7461 -3.14579 1287.88
vn 0.44648 0.699051 -0.558555
v -66.7494 -3.13355 1287.89
vn 0.408071 -0.909603 0.078108
v -66.7083 -3.11437 1288.19
vn -0.610976 0.665589 0.428602
v -66.7671 -3.1154 1288.19
vn 0.326542 -0.944659 -0.0314688
v -67.0209 -3.73583 1290.02
vn 0.052915 0.968734 -0.242393
v -66.7059 -3.59443 1290.03
vn 0.410316 -0.910502 -0.0512578
v -66.3625 -3.4743 1290.64
vn -0.838163 -0.144397 0.525958
v -65.9672 -3.50775 1292.78
vn -0.91825 -0.174261 0.355597
v -65.7423 -3.44498 1293.39
vn -0.173776 -0.918596 0.354941
v -65.4477 -3.32848 1294
vn 0.25064 -0.96808 -0.000651104
v -65.1057 -3.28202 1293.72
vn 0.832429 -0.552796 0.0384484
v -65.04 -3.24543 1294.02
vn 0.383068 0.909575 -0.161033
v -65.176 -3.16778 1294.01
vn 0.819553 -0.541106 0.188514
v -65.103 -3.2373 1294.32
vn 0.266854 -0.94002 0.212486
v -67.1426 -0.470975 1276.87
vn 0.502072 0.717577 -0.482708
v -67.1607 -0.514015 1277.47
vn 0.496919 -0.866868 -0.0401516
v -67.1437 -0.277201 1275.95
vn 0.303521 -0.890621 0.338628
v -67.1717 -0.211448 1276.25
vn 0.597922 -0.795737 -0.0963958
v -66.8599 -0.360604 1276.88
vn 0.687995 -0.71739 -0.10961
v -66.88 -0.142699 1276.26
vn 0.779494 -0.60046 -0.178426
v -66.7914 -0.271206 1276.87
vn -0.148818 0.982468 0.112292
v -66.8004 -0.251143 1277.17
vn 0.32004 -0.794732 0.515728
v -67.0978 -1.17996 1279.32
vn 0.520686 0.557377 -0.646697
v -67.0945 -1.32101 1279.93
vn -0.0827373 -0.842021 0.533063
v -67.1427 -0.848381 1278.7
vn 0.515048 -0.831432 -0.20844
v -66.8465 -1.02636 1279.33
vn 0.0860575 0.980845 0.17475
v -67.1376 -0.997425 1279.31
vn -0.394087 -0.314163 0.863711
v -67.1293 -1.07509 1279.5
vn 0.244215 0.892667 -0.378819
v -67.1507 -0.748796 1278.39
vn -0.526081 0.22266 0.820769
v -66.8869 -0.510597 1278.09
vn 0.565689 -0.79256 -0.227693
v -66.8378 -0.839946 1278.71
vn 0.655394 -0.703635 -0.27451
v -66.728 -0.737774 1278.71
vn 0.293854 0.863033 -0.410882
v -66.8694 -0.694853 1278.7
vn -0.465588 0.758073 0.456676
v -66.8616 -0.757848 1278.84
vn 0.518755 -0.838502 -0.166758
v -66.5908 -0.443661 1278.12
vn 0.0246847 -0.857154 0.514468
v -66.8011 -1.50074 1281.11
vn 0.538892 -0.798623 -0.26795
v -67.2962 1.80711 1269.19
vn -0.239365 0.960743 0.140274
v -67.0132 1.6672 1270.41
vn 0.193062 -0.949521 0.247259
v -67.2525 1.04035 1271.95
vn 0.565937 -0.782163 -0.260647
v -67.2572 1.25061 1271.03
vn 0.561301 -0.783458 -0.26671
v -67.2646 1.34769 1270.73
vn 0.496343 -0.688843 0.528336
v -67.0588 1.39581 1271.04
vn -0.05874 0.953903 -0.294311
v -67.2977 1.43631 1271.02
vn 0.277732 -0.787504 0.550184
v -67.2887 1.35796 1271.2
vn 0.376319 -0.925168 0.0494841
v -66.9645 1.12611 1271.96
vn -0.805677 0.30475 0.507949
v -66.9961 1.20821 1272.26
vn 0.649811 -0.736776 -0.186832
v -67.1244 0.113628 1274.72
vn 0.400693 -0.914778 -0.0512489
v -67.195 0.461811 1273.49
vn -0.464127 -0.559042 0.687065
v -67.2203 0.515108 1273.79
vn 0.815052 0.406175 -0.413174
v -67.2273 0.484091 1274.09
vn 0.75535 -0.647428 -0.101403
v -67.2617 0.876342 1272.95
vn 0.758704 -0.589968 0.276236
v -66.9169 0.34151 1274.72
vn 0.678034 -0.692566 -0.246217
v -66.8935 0.182694 1274.98
vn 0.514636 0.562938 0.646723
v -66.9175 0.281085 1275.03
vn 0.196116 -0.934187 0.29805
v -66.9279 0.580743 1273.8
vn -0.453308 -0.540552 0.708742
v -66.9683 0.703072 1274.1
vn 0.734847 -0.670722 -0.100663
v -66.8252 0.464269 1274.42
vn 0.493076 0.819646 -0.291645
v -66.9489 0.551114 1274.41
vn 0.799685 -0.530714 0.280796
v -66.8188 0.487739 1274.72
vn -0.15516 0.987889 -0.00112327
v -66.9622 0.549361 1274.71
vn -0.435026 0.855181 0.281812
v -66.9533 0.471004 1274.89
vn 0.38513 -0.909208 -0.158166
v -66.9425 0.836367 1272.88
vn -0.3652 -0.689324 0.625669
v -66.978 0.936461 1273.18
vn 0.676377 0.331014 -0.657985
v -66.8871 0.690863 1273.5
vn 0.831982 -0.541107 0.122514
v -66.8338 0.72471 1273.8
vn -0.411717 0.875707 0.252244
v -66.9759 0.800997 1273.79
vn 0.210338 0.931863 -0.295616
v -66.9856 1.03436 1272.87
vn 0.789875 -0.608149 -0.0790741
v -67.171 -0.02598 1275.33
vn -0.0894803 0.809241 -0.580622
v -67.198 0.034786 1275.63
vn -0.360701 -0.45255 0.815533
v -67.1999 -0.094821 1276.3
vn 0.514636 0.562938 0.646723
v -67.2285 0.237653 1275.31
vn 0.63294 -0.477071 0.609747
v -67.2189 0.151628 1275.52
vn 0.580664 -0.813914 -0.019328
v -66.8836 0.062666 1275.34
vn -0.234328 -0.736948 0.634033
v -66.9176 0.155908 1275.64
vn 0.65332 -0.74018 -0.159079
v -66.818 -0.036791 1275.96
vn 0.775636 -0.62826 -0.0606497
v -66.7674 -0.003546 1276.26
vn -0.332112 0.914192 0.232279
v -66.9242 0.059924 1276.24
vn 0.172213 -0.831251 0.52855
v -66.9162 -0.020898 1276.46
vn 0.813916 -0.580194 0.0302556
v -66.7579 0.238865 1275.34
vn -0.333595 0.915654 -0.224258
v -66.9448 0.343536 1275.32
vn -0.159688 0.845403 0.509699
v -67.3564 2.39831 1267.65
vn 0.650196 -0.542208 -0.532217
v -67.3752 2.79932 1266.12
vn 0.585041 -0.779517 -0.223787
v -67.3434 2.54887 1266.63
vn 0.975397 0.215903 0.044569
v -67.3897 2.59636 1267.42
vn 0.363632 0.874837 -0.320051
v -67.4159 2.92271 1266.41
vn 0.638259 -0.682088 -0.356905
v -67.3096 1.99466 1268.58
vn 0.49307 -0.843368 -0.213573
v -67.3312 2.21984 1267.96
vn 0.724577 -0.533188 -0.43669
v -67.2331 2.10019 1268.58
vn -0.315033 -0.267018 0.910745
v -67.3122 2.10474 1268.87
vn 0.778351 -0.516595 -0.35679
v -67.2388 2.36127 1267.96
vn -0.368847 0.917251 -0.150339
v -67.3788 2.43803 1267.94
vn 0.16197 -0.811349 0.561675
v -67.3685 2.34762 1268.16
vn 0.821104 -0.570279 -0.0238861
v -65.1142 -5.35375 1311.6
vn -0.323729 0.928408 0.182368
v -65.2529 -5.07286 1311.65
vn 0.733837 -0.679276 -0.0081889
v -64.7784 -4.77676 1310.08
vn 0.936767 -0.345906 0.0530797
v -65.143 -5.29395 1312.5
vn 0.546541 -0.823878 -0.150061
v -64.9364 -4.00725 1300.09
vn 0.68369 -0.68953 -0.23899
v -64.7621 -3.95138 1302.21
vn -0.202907 0.969069 -0.14048
v -64.2328 -3.56517 1302.22
vn -0.47818 0.877564 0.0350032
v -64.2908 -3.48815 1303.11
vn 0.654242 -0.727694 -0.205981
v -63.9323 -3.83317 1303.67
vn 0.535309 0.704227 -0.466378
v -63.9281 -3.61058 1302.5
vn 0.924147 -0.377129 -0.0610503
v -63.8818 -3.57532 1302.84
vn -0.227894 0.971603 0.0636547
v -64.0059 -3.38818 1303.12
vn -0.721086 0.684751 -0.105603
v -64.0027 -3.27694 1302.51
vn 0.730859 -0.672353 0.117419
v -64.3394 -4.63779 1306.49
vn -0.372666 0.906282 0.199432
v -64.6604 -3.89238 1306.42
vn 0.855976 -0.204031 0.475055
v -64.1451 -4.28831 1306.48
vn 0.794686 0.0156668 0.606818
v -64.3562 -3.94343 1306.75
vn 0.918712 -0.383064 0.0960718
v -63.7975 -3.97108 1305.58
vn 0.938295 -0.0679521 0.339095
v -63.9488 -3.96046 1306.17
vn -0.389471 0.908958 0.148686
v -64.1052 -3.56171 1306.14
vn -0.367645 0.850737 0.37561
v -64.098 -3.65777 1306.44
vn -0.312178 0.949509 0.0312666
v -64.0686 -3.41489 1304.62
vn 0.995396 -0.094367 -0.0167844
v -63.6995 -3.68703 1304.96
vn 0.968166 0.0715331 0.239869
v -63.7446 -3.66077 1305.45
vn 0.994398 -0.0768849 -0.0725409
v -63.741 -3.4118 1304.64
vn 0.96816 0.183908 0.169838
v -63.7489 -3.36944 1305.24
vn -0.310511 0.938876 0.148644
v -64.7616 -4.05214 1307.33
vn -0.547707 -0.83609 0.0311475
v -165.3 -95.532 1327.71
vn -0.291722 0.862016 -0.414519
v -165.3 -95.532 1327.71
vn -0.916496 0.397366 -0.0462149
v -165.3 -95.532 1327.71
vn -0.499111 -0.866464 -0.0113414
v -164.515 -96.1276 1326.29
vn -0.857087 0.311221 -0.41054
v -164.388 -95.7929 1326.28
vn -0.239163 -0.970551 0.0288363
v -164.065 -96.3566 1326.03
vn -0.978646 0.16526 0.122232
v -165.283 -95.5301 1328.32
vn -0.543531 0.725726 -0.421777
v -164.977 -94.5799 1329.48
vn -0.125086 -0.8474 0.51601
v -164.915 -94.7256 1329.79
vn -0.896175 0.439569 -0.0604151
v -164.332 -92.7427 1317.36
vn -0.575987 -0.809431 -0.114283
v -164.332 -92.7427 1317.36
vn -0.623899 -0.768906 0.139762
v -164.301 -92.7136 1317.67
vn -0.274281 -0.21943 0.93628
v -164.301 -92.7136 1317.67
vn -0.903732 0.422208 0.0707762
v -164.183 -93.4967 1319.23
vn -0.691252 -0.38865 0.609197
v -164.183 -93.4967 1319.23
vn -0.234342 -0.787858 0.569529
v -165.273 -93.7297 1331.84
vn -0.268426 -0.552911 0.78882
v -165.353 -93.42 1332.1
vn -0.689172 0.620675 -0.373904
v -165.353 -93.42 1332.1
vn -0.270915 -0.455666 0.847923
v -165.147 -93.019 1332.39
vn -0.573815 0.6757 0.46278
v -165.147 -93.019 1332.39
vn -0.869306 -0.4707 -0.150824
v -163.71 -96.4415 1324.25
vn 0.231847 -0.803108 0.548876
v -162.851 -96.3526 1325.2
vn 0.559625 -0.679463 0.4745
v -162.98 -94.3763 1318.45
vn -0.396648 -0.818545 -0.415517
v -162.98 -94.3763 1318.45
vn 0.71428 -0.419492 0.560205
v -162.72 -94.1609 1318.45
vn 0.164721 0.299239 0.939853
v -162.72 -94.1609 1318.45
vn 0.497912 -0.125487 0.858101
v -162.72 -94.1609 1318.45
vn 0.62128 -0.54042 0.567413
v -163.646 -94.3239 1319.31
vn -0.686881 -0.717344 -0.11667
v -163.646 -94.3239 1319.31
vn -0.164689 -0.898345 -0.407252
v -162.448 -95.1477 1320.93
vn -0.612146 0.790422 0.0225622
v -162.448 -95.1477 1320.93
vn 0.209155 -0.945543 -0.249404
v -162.306 -94.8994 1319.71
vn -0.192719 0.898565 -0.394259
v -162.306 -94.8994 1319.71
vn -0.683689 0.723907 0.0923484
v -162.306 -94.8994 1319.71
vn -0.625407 0.767793 0.139143
v -162.133 -94.8156 1320.33
vn 0.136115 -0.939395 -0.314659
v -162.009 -94.9227 1320.04
vn -0.975402 -0.215879 -0.0445857
v -162.009 -94.9227 1320.04
vn -0.15065 -0.941589 -0.301189
v -161.998 -95.0779 1320.55
vn -0.975402 -0.215879 -0.0445857
v -161.998 -95.0779 1320.55
vn -0.522545 -0.847833 0.0901508
v -162.057 -94.8302 1320.64
vn -0.596764 0.789142 0.145355
v -162.057 -94.8302 1320.64
vn -0.975402 -0.215879 -0.0445857
v -162.057 -94.8302 1320.64
vn -0.122968 0.912391 -0.390412
v -162.013 -94.8352 1319.71
vn 0.316855 0.143396 -0.937572
v -162.013 -94.8352 1319.71
vn -0.6105 0.781424 -0.129097
v -162.013 -94.8352 1319.71
vn -0.641199 0.758588 0.115792
v -162.057 -94.7046 1320.03
vn -0.0525929 0.92159 -0.384585
v -161.795 -94.5611 1320.33
vn -0.905568 0.335428 -0.259682
v -163.74 -96.1607 1323.55
vn -0.350718 -0.845578 -0.402486
v -163.74 -96.1607 1323.55
vn -0.869306 -0.4707 -0.150824
v -163.74 -96.1607 1323.55
vn -0.509928 -0.849761 -0.133716
v -163.74 -96.1607 1323.55
vn -0.775602 0.630866 -0.0211973
v -163.74 -96.1607 1323.55
vn -0.983589 0.0995729 0.150456
v -163.998 -92.9531 1317.7
vn -0.274281 -0.21943 0.93628
v -163.998 -92.9531 1317.7
vn -0.709522 0.69121 -0.137138
v -164.058 -92.4196 1316.76
vn -0.545714 -0.406179 -0.732949
v -163.733 -93.1788 1318.03
vn -0.902431 -0.294482 -0.314482
v -163.733 -93.1788 1318.03
vn -0.72426 -0.679345 0.118059
v -163.905 -92.9473 1318.31
vn -0.983589 0.0995729 0.150456
v -163.905 -92.9473 1318.31
vn -0.491901 0.797947 0.348301
v -163.905 -92.9473 1318.31
vn -0.274281 -0.21943 0.93628
v -163.952 -92.6285 1317.79
vn -0.321715 0.811743 0.487414
v -163.952 -92.6285 1317.79
vn -0.214555 -0.655198 -0.72435
v -162.822 -94.2032 1318.14
vn -0.402338 -0.517402 -0.755261
v -163.134 -93.5441 1317.79
vn 0.317516 0.688417 0.652124
v -162.585 -92.5963 1318.36
vn -0.322885 -0.000719518 0.946438
v -162.125 -94.0393 1318.31
vn 0.164721 0.299239 0.939853
v -162.125 -94.0393 1318.31
vn -0.450928 0.643009 0.619035
v -162.125 -94.0393 1318.31
vn 0.467948 0.555976 0.686961
v -162.292 -92.8378 1318.39
vn 0.497912 -0.125487 0.858101
v -162.292 -92.8378 1318.39
vn 0.855715 -0.258275 0.448382
v -162.292 -92.8378 1318.39
vn 0.68894 -0.351303 0.633994
v -163.67 -92.9935 1320.13
vn -0.827392 0.534616 0.172071
v -163.67 -92.9935 1320.13
vn -0.148105 0.948465 0.28014
v -163.67 -92.9935 1320.13
vn 0.599499 0.51419 0.61336
v -163.67 -92.9935 1320.13
vn 0.597416 0.459957 0.656913
v -163.067 -92.6366 1319.24
vn 0.659334 0.469842 0.586964
v -162.606 -92.8632 1318.98
vn -0.246876 0.844832 -0.474669
v -164.083 -92.336 1332.71
vn -0.379117 0.80571 -0.455084
v -164.083 -92.336 1332.71
vn -0.573815 0.6757 0.46278
v -164.083 -92.336 1332.71
vn -0.808751 0.164877 0.564568
v -164.083 -92.336 1332.71
vn -0.52416 0.851485 -0.0151249
v -164.083 -92.336 1332.71
vn -0.573815 0.6757 0.46278
v -163.785 -92.3852 1333.15
vn -0.808751 0.164877 0.564568
v -163.785 -92.3852 1333.15
vn -0.52416 0.851485 -0.0151249
v -163.592 -92.0227 1333.32
vn -0.320297 -0.258335 0.911412
v -163.592 -92.0227 1333.32
vn -0.424453 0.667373 0.611925
v -163.592 -92.0227 1333.32
vn -0.52416 0.851485 -0.0151249
v -163.028 -91.6752 1333.33
vn -0.424453 0.667373 0.611925
v -163.028 -91.6752 1333.33
vn -0.850401 0.341397 0.400333
v -163.028 -91.6752 1333.33
vn -0.424453 0.667373 0.611925
v -162.995 -91.874 1333.57
vn -0.850401 0.341397 0.400333
v -162.995 -91.874 1333.57
vn -0.37414 0.523432 -0.765532
v -162.512 -91.8263 1316.06
vn -0.58394 0.155433 -0.796778
v -163.148 -91.9558 1316.18
vn -0.563684 0.759525 -0.324627
v -163.148 -91.9558 1316.18
vn -0.25589 0.434858 -0.863376
v -163.148 -91.9558 1316.18
vn 0.213805 -0.923658 -0.31803
v -161.522 -94.0297 1318.51
vn 0.0961042 -0.686085 0.721146
v -161.522 -94.0297 1318.51
vn -0.0909806 -0.72993 0.67744
v -160.64 -93.8536 1318.55
vn -0.960886 0.08361 -0.264021
v -160.053 -93.6691 1318.28
vn -0.361903 0.918562 -0.158967
v -160.053 -93.6691 1318.28
vn -0.616717 0.725524 -0.305408
v -161.505 -94.3992 1319.95
vn -0.327926 -0.739056 -0.588439
v -161.505 -94.3992 1319.95
vn 0.316855 0.143396 -0.937572
v -161.152 -94.6237 1320.03
vn -0.327926 -0.739056 -0.588439
v -161.152 -94.6237 1320.03
vn -0.554018 0.56438 -0.611996
v -160.879 -94.2977 1319.47
vn 0.181086 -0.886181 -0.426487
v -160.879 -94.2977 1319.47
vn -0.0314134 0.0317845 -0.999001
v -160.879 -94.2977 1319.47
vn -0.0314134 0.0317845 -0.999001
v -160.474 -93.9017 1319.47
vn -0.63287 0.528914 -0.565443
v -160.474 -93.9017 1319.47
vn 0.212727 -0.878518 -0.427729
v -160.33 -93.9931 1319.18
vn -0.960886 0.08361 -0.264021
v -160.33 -93.9931 1319.18
vn -0.70704 0.488424 -0.511406
v -160.33 -93.9931 1319.18
vn -0.823435 -0.508122 -0.25252
v -160.303 -94.1731 1319.46
vn -0.0314134 0.0317845 -0.999001
v -160.303 -94.1731 1319.46
vn -0.960886 0.08361 -0.264021
v -160.45 -93.5701 1319.75
vn -0.474918 0.849565 -0.229548
v -160.45 -93.5701 1319.75
vn -0.258486 0.630874 -0.731562
v -161.269 -93.8593 1318.22
vn 0.559434 0.708174 0.430724
v -161.269 -93.8593 1318.22
vn 0.176889 -0.634914 0.75206
v -161.269 -93.8593 1318.22
vn -0.379479 -0.635449 0.672458
v -161.269 -93.8593 1318.22
vn -0.495516 0.687876 0.530369
v -161.574 -93.7875 1318.49
vn -0.491713 0.544885 -0.679204
v -161.574 -93.7875 1318.49
vn 0.559434 0.708174 0.430724
v -161.574 -93.7875 1318.49
vn 0.559434 0.708174 0.430724
v -161.6 -93.6209 1318.25
vn -0.379479 -0.635449 0.672458
v -161.6 -93.6209 1318.25
vn 0.0664348 0.334171 0.940168
v -161.886 -92.1925 1317.6
vn 0.176889 -0.634914 0.75206
v -161.24 -93.85 1318.22
vn -0.981356 -0.189574 -0.0316651
v -161.24 -93.85 1318.22
vn -0.00857917 0.676153 -0.736711
v -161.24 -93.8526 1318.22
vn -0.981356 -0.189574 -0.0316651
v -161.24 -93.8526 1318.22
vn -0.686607 0.386302 -0.615907
v -161.24 -93.8526 1318.22
vn -0.492542 0.398712 0.773583
v -161.318 -93.5552 1318.5
vn -0.686607 0.386302 -0.615907
v -161.318 -93.5552 1318.5
vn 0.0847307 -0.668547 0.738827
v -161.266 -93.8255 1318.67
vn -0.379479 -0.635449 0.672458
v -161.309 -93.5397 1318.5
vn -0.981356 -0.189574 -0.0316651
v -161.309 -93.5397 1318.5
vn -0.686607 0.386302 -0.615907
v -161.309 -93.5397 1318.5
vn -0.49036 0.518517 0.70049
v -161.309 -93.5397 1318.5
vn -0.354347 0.446723 0.821509
v -161.408 -93.0174 1317.86
vn 0.497912 -0.125487 0.858101
v -161.408 -93.0174 1317.86
vn 0.520096 0.515671 0.680869
v -161.408 -93.0174 1317.86
vn -0.240273 0.740101 0.628108
v -161.59 -92.1311 1317.55
vn -0.20457 0.0801406 0.975566
v -160.683 -93.6944 1318.72
vn -0.596975 0.56833 0.566235
v -160.683 -93.6944 1318.72
vn 0.363663 -0.917866 0.158968
v -160.106 -93.5357 1319.17
vn -0.567522 0.80708 -0.162912
v -160.106 -93.5357 1319.17
vn -0.596975 0.56833 0.566235
v -160.106 -93.5357 1319.17
vn -0.850401 0.341397 0.400333
v -162.775 -91.5071 1333.73
vn -0.277493 0.93479 -0.221733
v -162.775 -91.5071 1333.73
vn -0.338479 0.700907 0.627823
v -162.775 -91.5071 1333.73
vn -0.500383 0.631355 0.592459
v -161.069 -90.9342 1334.01
vn -0.500383 0.631355 0.592459
v -161.043 -91.0946 1334.2
vn -0.525974 0.60176 -0.60103
v -161.991 -91.4047 1316.06
vn -0.0739622 -0.107006 -0.991504
v -161.246 -90.6199 1316.15
vn -0.748262 0.563872 -0.349503
v -161.246 -90.6199 1316.15
vn -0.717097 0.63216 0.293507
v -161.246 -90.6199 1316.15
vn -0.730678 0.508878 -0.455141
v -160.29 -89.5064 1315.9
vn -0.526568 0.804188 -0.275694
v -161.773 -91.0363 1316.24
vn -0.450497 0.733812 0.5085
v -161.773 -91.0363 1316.24
vn -0.654286 0.704736 0.274329
v -160.3 -89.3407 1316.19
vn 0.668753 -0.694283 0.265971
v -157.829 -92.6331 1331.89
vn -0.492267 0.493657 0.716921
v -159.003 -92.3723 1319.16
vn -0.596975 0.56833 0.566235
v -159.003 -92.3723 1319.16
vn -0.69762 0.711874 0.0810029
v -159.003 -92.3723 1319.16
vn -0.118981 0.0925125 0.988577
v -160.531 -90.6621 1334.38
vn -0.646125 0.54141 0.537957
v -160.531 -90.6621 1334.38
vn -0.0163539 0.40897 0.912401
v -159.319 -90.5823 1334.39
vn 0.106264 0.90484 0.412278
v -159.319 -90.5823 1334.39
vn 0.096933 0.941399 0.323065
v -158.685 -90.6764 1334.43
vn 0.0585277 -0.457539 0.887261
v -159.442 -91.0033 1318.15
vn -0.674175 0.227842 0.702549
v -159.481 -90.6942 1318.28
vn -0.050214 -0.217855 0.974688
v -159.481 -90.6942 1318.28
vn -0.109991 0.0144556 0.993828
v -159.255 -90.3345 1318.32
vn 0.121637 -0.517921 0.846736
v -158.821 -90.8684 1318.14
vn -0.412988 -0.565853 0.713619
v -158.821 -90.8684 1318.14
vn -0.412988 -0.565853 0.713619
v -158.898 -90.5627 1318.34
vn 0.276256 0.187773 0.942562
v -158.898 -90.5627 1318.34
vn 0.446246 -0.096228 0.889722
v -158.963 -90.2686 1318.35
vn -0.412988 -0.565853 0.713619
v -158.541 -90.7908 1318.37
vn -0.135991 0.122639 0.98309
v -158.734 -89.9118 1318.34
vn -0.43414 0.50053 0.748994
v -158.734 -89.9118 1318.34
vn 0.30841 0.418365 0.854315
v -158.734 -89.9118 1318.34
vn 0.437258 -0.271496 0.857377
v -158.433 -89.8561 1318.2
vn -0.770106 0.29023 -0.56807
v -159.486 -88.736 1315.62
vn -0.881123 0.156075 -0.446388
v -159.332 -88.0282 1315.57
vn -0.780017 0.521843 0.345329
v -159.332 -88.0282 1315.57
vn -0.595088 0.421408 -0.684314
v -158.904 -87.1795 1315.54
vn -0.762609 0.503412 -0.406207
v -158.648 -86.9457 1315.54
vn -0.598257 0.693052 0.402203
v -158.314 -86.3551 1315.23
vn -0.721857 0.476265 -0.50209
v -158.314 -86.3551 1315.23
vn -0.316332 0.309396 0.896776
v -158.431 -88.3168 1317.45
vn 0.596739 -0.777784 -0.19737
v -157.085 -93.506 1326.57
vn 0.515888 -0.792316 -0.325722
v -156.825 -93.2895 1326.57
vn -0.852237 0.502356 0.146047
v -155.675 -92.9353 1326.62
vn 0.512472 -0.858616 -0.0122923
v -155.675 -92.9353 1326.62
vn 0.733326 0.661845 -0.155541
v -155.675 -92.9353 1326.62
vn 0.263017 -0.819492 0.509171
v -155.675 -92.9353 1326.62
vn 0.397406 -0.209111 0.893499
v -155.675 -92.9353 1326.62
vn 0.365714 -0.917415 0.156857
v -155.631 -92.9132 1326.92
vn 0.733326 0.661845 -0.155541
v -155.631 -92.9132 1326.92
vn -0.750596 0.345553 -0.563204
v -155.631 -92.9132 1326.92
vn 0.0588527 -0.0603984 -0.996438
v -155.631 -92.9132 1326.92
vn -0.403688 0.89307 -0.198651
v -155.751 -92.7142 1327.2
vn -0.750596 0.345553 -0.563204
v -155.751 -92.7142 1327.2
vn -0.933323 -0.353393 0.0634206
v -155.476 -92.5945 1326.61
vn 0.397406 -0.209111 0.893499
v -155.476 -92.5945 1326.61
vn -0.750596 0.345553 -0.563204
v -155.465 -92.57 1326.91
vn -0.605453 0.790392 -0.0933077
v -155.465 -92.57 1326.91
vn -0.066064 -0.798861 0.597876
v -155.465 -92.57 1326.91
vn 0.0588527 -0.0603984 -0.996438
v -155.465 -92.57 1326.91
vn -0.933323 -0.353393 0.0634206
v -155.373 -92.8882 1326.5
vn 0.397406 -0.209111 0.893499
v -155.373 -92.8882 1326.5
vn -0.066064 -0.798861 0.597876
v -155.373 -92.8882 1326.5
vn -0.991371 0.127168 0.0318003
v -157.347 -90.9817 1320.08
vn -0.608084 0.645698 -0.461853
v -157.274 -90.7194 1319.77
vn -0.98426 0.117579 -0.131938
v -157.274 -90.7194 1319.77
vn 0.255259 0.416154 0.872731
v -156.781 -90.8602 1320.58
vn 0.294498 0.593468 0.749044
v -156.506 -90.6802 1320.41
vn -0.240106 0.703984 0.668398
v -156.532 -90.5238 1320.23
vn 0.122033 -0.790008 0.600828
v -157.417 -91.8979 1332.78
vn 0.668753 -0.694283 0.265971
v -157.417 -91.8979 1332.78
vn -0.086672 -0.394837 -0.914654
v -157.469 -91.596 1332.45
vn 0.668753 -0.694283 0.265971
v -157.131 -91.7359 1332.48
vn 0.374421 0.922173 0.096989
v -157.131 -91.7359 1332.48
vn -0.086672 -0.394837 -0.914654
v -157.131 -91.7359 1332.48
vn 0.256632 -0.934509 -0.246644
v -157.131 -91.7359 1332.48
vn 0.220783 0.26633 0.938255
v -157.131 -91.7359 1332.48
vn -0.153426 0.984064 0.0898805
v -157.131 -91.7359 1332.48
vn 0.0811548 0.424515 0.901776
v -156.5 -91.7801 1332.35
vn -0.694193 0.716585 0.0678443
v -156.227 -91.5377 1331.92
vn -0.153761 0.983079 0.0995654
v -156.233 -91.5723 1332.22
vn -0.694193 0.716585 0.0678443
v -156.233 -91.5723 1332.22
vn -0.256971 0.519857 0.814687
v -156.206 -91.7173 1332.33
vn 0.0261258 0.274698 0.961175
v -156.206 -91.7173 1332.33
vn -0.32226 0.896585 -0.303781
v -156.034 -91.3796 1332.22
vn 0.191788 -0.947287 -0.256643
v -156.034 -91.3796 1332.22
vn -0.694193 0.716585 0.0678443
v -156.034 -91.3796 1332.22
vn -0.441492 0.455732 0.772912
v -156.034 -91.3796 1332.22
vn 0.0261258 0.274698 0.961175
v -156.034 -91.3796 1332.22
vn -0.363077 -0.8838 0.29508
v -156.034 -91.3796 1332.22
vn 0.0261258 0.274698 0.961175
v -155.527 -91.5739 1332.27
vn -0.363077 -0.8838 0.29508
v -155.527 -91.5739 1332.27
vn -0.363077 -0.8838 0.29508
v -155.666 -91.4221 1332.55
vn 0.217211 -0.812539 0.540925
v -155.666 -91.4221 1332.55
vn 0.096933 0.941399 0.323065
v -156.804 -90.787 1334.19
vn -0.0694033 -0.0705872 0.995088
v -156.804 -90.787 1334.19
vn 0.0863935 0.348222 0.933423
v -155.863 -90.8853 1334.25
vn -0.0694033 -0.0705872 0.995088
v -155.863 -90.8853 1334.25
vn 0.0866922 0.969127 0.230821
v -155.863 -90.8853 1334.25
vn -0.581777 0.539135 0.60899
v -156.955 -88.2743 1318.58
vn -0.324384 0.436887 0.83899
v -156.955 -88.2743 1318.58
vn -0.991371 0.127168 0.0318003
v -157.272 -90.3905 1320.05
vn -0.596997 0.80158 0.0326106
v -157.272 -90.3905 1320.05
vn -0.971763 0.13333 0.194681
v -157.194 -90.3474 1320.41
vn -0.0325232 0.181562 0.982841
v -157.194 -90.3474 1320.41
vn -0.596997 0.80158 0.0326106
v -157.194 -90.3474 1320.41
vn -0.161818 0.8895 0.427322
v -157.194 -90.3474 1320.41
vn 0.0918903 0.816833 -0.569508
v -156.864 -90.321 1319.79
vn -0.453406 0.74001 0.496799
v -156.864 -90.321 1319.79
vn -0.596997 0.80158 0.0326106
v -156.919 -90.1281 1320.05
vn -0.161818 0.8895 0.427322
v -156.919 -90.1281 1320.05
vn 0.0918903 0.816833 -0.569508
v -156.919 -90.1281 1320.05
vn 0.419419 0.830799 0.365869
v -156.919 -90.1281 1320.05
vn -0.161818 0.8895 0.427322
v -156.901 -90.2742 1320.36
vn -0.330088 0.728377 0.600424
v -156.58 -90.2479 1319.94
vn 0.0918903 0.816833 -0.569508
v -156.58 -90.2479 1319.94
vn -0.630482 0.346149 0.694747
v -156.765 -88.5278 1318.76
vn -0.628016 0.526523 0.573035
v -156.618 -88.4817 1318.95
vn 0.215049 -0.293267 0.93153
v -156.194 -89.0059 1318.94
vn 0.277018 -0.423972 0.86227
v -156.267 -88.7044 1319.07
vn -0.710668 0.697781 0.0897348
v -155.838 -89.2734 1319.16
vn -0.395868 -0.159564 0.904338
v -156.048 -88.337 1319.23
vn -0.475878 0.680292 0.557444
v -156.048 -88.337 1319.23
vn 0.374236 0.28699 0.881807
v -156.048 -88.337 1319.23
vn 0.458161 0.288748 0.840662
v -155.746 -88.282 1319.08
vn -0.558064 0.683395 0.470675
v -155.807 -87.9924 1319.01
vn 0.0131507 0.852303 0.522884
v -155.807 -87.9924 1319.01
vn -0.53721 0.804795 0.252408
v -157.343 -87.619 1317.17
vn -0.162001 0.553158 0.817173
v -156.779 -87.6364 1318.36
vn 0.0588527 -0.0603984 -0.996438
v -154.844 -92.5929 1326.95
vn 0.379034 -0.923962 -0.0512625
v -154.844 -92.5929 1326.95
vn -0.0694033 -0.0705872 0.995088
v -153.951 -89.8376 1334.46
vn 0.213444 -0.565194 0.796868
v -153.951 -89.8376 1334.46
vn -0.630488 0.732606 0.256464
v -153.951 -89.8376 1334.46
vn -0.230916 0.146721 0.961847
v -153.951 -89.8376 1334.46
vn 0.183073 0.360298 0.914696
v -155.379 -88.5206 1318.93
vn 0.406363 0.27323 0.871903
v -155.518 -87.8627 1318.79
vn -0.746437 0.645775 -0.160641
v -155.315 -83.4996 1313.42
vn -0.831078 0.350271 -0.431995
v -155.866 -83.9164 1314.02
vn -0.61217 0.779816 0.1309
v -155.866 -83.9164 1314.02
vn -0.309978 0.722276 0.618248
v -155.866 -83.9164 1314.02
vn -0.61628 0.787281 -0.0196996
v -155.71 -83.7436 1313.72
vn -0.436227 0.65355 0.618529
v -155.339 -83.4532 1313.72
vn -0.672933 0.12661 -0.728787
v -154.335 -81.9731 1312.79
vn -0.573362 0.706745 0.414448
v -154.335 -81.9731 1312.79
vn 0.388945 -0.863083 -0.322195
v -152.097 -90.7221 1331.82
vn -0.630488 0.732606 0.256464
v -152.403 -88.475 1334.37
vn -0.999546 0.00758421 0.0291765
v -152.403 -88.475 1334.37
vn -0.209145 0.0399502 0.977068
v -152.396 -88.562 1334.64
vn -0.999546 0.00758421 0.0291765
v -152.396 -88.562 1334.64
vn -0.222532 -0.106307 0.969112
v -152.393 -88.2519 1334.66
vn -0.593027 0.682178 -0.427729
v -152.393 -88.2519 1334.66
vn -0.357662 0.412753 0.837683
v -152.393 -88.2519 1334.66
vn -0.711884 0.663451 0.230334
v -153.941 -81.6015 1312.49
vn -0.299167 0.544384 0.783674
v -153.019 -80.478 1312.47
vn -0.137533 0.613683 0.777482
v -152.688 -79.8242 1312.15
vn -0.790675 0.48798 -0.369741
v -152.688 -79.8242 1312.15
vn -0.431104 0.88147 0.192772
v -152.688 -79.8242 1312.15
vn -0.626534 0.773889 -0.0924728
v -150.385 -86.5418 1334.67
vn -0.408261 0.888798 0.208234
v -152.133 -79.49 1311.86
vn 0.155708 0.753634 0.638585
v -151.577 -79.1027 1311.27
vn -0.205734 0.531886 0.821444
v -148.796 -85.3251 1334.39
vn -0.209532 0.696803 0.685975
v -148.297 -84.7361 1334.08
vn 0.0996259 -0.240571 0.965505
v -147.838 -82.1974 1315.59
vn 0.636231 -0.236785 0.734264
v -147.838 -82.1974 1315.59
vn 0.0996259 -0.240571 0.965505
v -148.076 -81.9348 1315.68
vn 0.744494 0.53844 0.394729
v -148.076 -81.9348 1315.68
vn 0.100418 0.00231273 0.994943
v -147.472 -82.1385 1315.31
vn 0.619408 -0.196375 0.760112
v -147.472 -82.1385 1315.31
vn -0.0825013 0.574106 0.814614
v -147.782 -81.8717 1315.67
vn 0.658596 -0.126972 0.741707
v -147.782 -81.8717 1315.67
vn -0.311505 0.809892 0.497031
v -147.286 -82.7833 1315.96
vn 0.644853 0.0193957 0.764061
v -147.54 -81.5273 1315.45
vn 0.370761 0.725098 0.580318
v -147.54 -81.5273 1315.45
vn 0.271807 0.170008 0.947216
v -147.106 -82.0615 1315.27
vn 0.177427 0.22395 0.958314
v -148.958 -83.852 1317.34
vn -0.140941 0.671881 0.727125
v -148.421 -83.4456 1317.09
vn 0.546281 0.532664 0.646411
v -147.932 -82.7637 1316.54
vn -0.604083 0.782363 0.151629
v -150.112 -77.3182 1310.95
vn -0.144041 0.640486 0.754341
v -148.265 -75.7498 1310.06
vn -0.656779 0.741921 -0.134886
v -145.67 -82.6055 1332.91
vn -0.209162 0.923821 0.320633
v -145.67 -82.6055 1332.91
vn -0.603289 0.777386 0.178083
v -146.582 -83.6827 1333.52
vn 0.405645 -0.795364 -0.450387
v -145.567 -81.2807 1311.46
vn 0.135805 0.680273 0.720268
v -146.923 -81.4307 1314.93
vn -0.655044 0.690888 -0.305927
v -143.674 -83.1379 1326.13
vn -0.293579 0.868363 0.399696
v -145.063 -82.3711 1332.63
vn -0.214752 0.707713 0.67307
v -143.945 -81.8699 1332.66
vn 0.305066 0.419795 0.854814
v -144.337 -75.6189 1310.95
vn -0.497142 0.866706 -0.0408787
v -141.442 -79.9959 1329.39
vn -0.506208 0.596076 -0.623255
v -140.793 -80.032 1328.82
vn -0.477952 0.786506 0.391114
v -141.284 -74.006 1310.36
vn 0.351389 0.277042 0.894301
v -143.447 -71.9831 1307.52
vn 0.315486 0.68102 0.660818
v -143.447 -71.9831 1307.52
vn 0.234757 0.704671 0.669573
v -142.837 -71.8794 1307.13
vn -0.669965 0.634417 -0.385567
v -140.043 -80.558 1321.67
vn -0.352014 0.920237 0.171027
v -138.631 -78.6321 1328.57
vn -0.260759 0.748075 0.610237
v -139.52 -78.9628 1329.44
vn -0.385476 0.922686 0.00769493
v -139.215 -78.8303 1328.84
vn 0.26647 0.388745 0.88197
v -140.442 -73.5965 1310.17
vn 0.387291 0.258179 0.88507
v -140.079 -73.8312 1310.08
vn 0.306262 0.750742 0.585313
v -140.206 -73.1959 1309.78
vn -0.604746 0.755068 0.253287
v -141.393 -69.4311 1304.06
vn 0.246339 -0.72408 -0.644225
v -136.85 -82.3502 1321.07
vn -0.424134 0.894116 0.143757
v -138.06 -78.6263 1329.5
vn -0.0509913 0.772958 0.632405
v -138.06 -78.6263 1329.5
vn -0.343252 0.864824 0.366411
v -138.06 -78.6263 1329.5
vn -0.362558 0.797789 0.481751
v -137.016 -77.5993 1328.6
vn 0.18888 0.372613 0.908561
v -137.455 -67.8316 1304.36
vn 0.272958 -0.628751 -0.728125
v -134.122 -72.4457 1307.08
vn -0.796915 0.602704 -0.0409036
v -135.824 -68.681 1306.45
vn -0.40596 0.677692 0.613132
v -135.873 -68.5863 1307.04
vn -0.364892 0.703105 0.610326
v -135.898 -66.3305 1303.41
vn -0.791905 0.591956 -0.149917
v -134.795 -67.4509 1305.83
vn -0.184947 -0.458313 -0.869335
v -133.616 -66.3447 1300.64
vn -0.456047 0.723851 0.517746
v -133.597 -65.9982 1305.3
vn -0.641201 0.613023 0.461587
v -135.508 -62.0281 1300.95
vn -0.126602 0.536943 0.834065
v -135.255 -62.0387 1301.26
vn -0.593963 0.690949 0.412066
v -133.636 -58.9804 1299.07
vn 0.22855 -0.539647 -0.810275
v -126.686 -76.6605 1320.12
vn -0.737576 0.658752 0.148418
v -130.051 -62.046 1302.78
vn -0.0710096 0.568832 0.819383
v -130.382 -59.9636 1299.92
vn 0.531456 -0.782228 0.325074
v -125.212 -76.8299 1322.33
vn 0.60486 -0.794519 0.0537086
v -125.689 -73.003 1314.24
vn 0.18406 -0.423697 -0.886906
v -125.745 -72.6834 1313.91
vn 0.707403 -0.69089 0.149172
v -125.438 -72.7464 1314.24
vn 0.203866 -0.612977 -0.763346
v -125.694 -73.1134 1314.88
vn -0.291346 0.704475 0.647173
v -125.64 -71.5257 1326.19
vn -0.349552 0.760874 0.546703
v -126.889 -71.0439 1324.28
vn 0.811926 -0.566446 -0.14112
v -126.739 -64.452 1302.52
vn 0.0654215 0.61952 0.78225
v -129.882 -54.4777 1296.06
vn -0.256389 0.719072 0.645911
v -128.862 -54.8834 1295.89
vn -0.863779 0.45086 -0.224968
v -129.936 -54.0904 1295.38
vn -0.387835 0.808407 0.442789
v -128.877 -53.1961 1294.78
vn -0.214497 0.664918 0.715455
v -125.943 -52.4505 1295.21
vn -0.738342 -0.14769 -0.658057
v -127.25 -50.9254 1290.52
vn 0.215465 -0.411299 -0.885668
v -122.311 -70.0177 1313.35
vn 0.570693 -0.798173 -0.192946
v -121.016 -65.2256 1308.92
vn 0.431381 -0.538168 -0.724076
v -121.016 -65.2256 1308.92
vn -0.898432 0.439108 -0.0019156
v -123.127 -64.72 1319
vn -0.599571 0.551948 0.579542
v -123.96 -53.9897 1298.73
vn -0.909884 0.22751 -0.346916
v -123.96 -53.9897 1298.73
vn -0.82158 0.512723 0.249241
v -123.96 -53.9897 1298.73
vn -0.65516 0.677927 0.333435
v -125.301 -51.1153 1293.96
vn -0.874957 0.42686 0.228564
v -124.022 -51.6527 1296.18
vn -0.842749 0.456895 -0.284642
v -124.827 -48.1799 1287.19
vn 0.499542 -0.652672 -0.569629
v -119.226 -71.2966 1319.33
vn 0.687121 -0.716026 0.123169
v -119.07 -70.4775 1318.69
vn 0.0831335 -0.282711 -0.955596
v -118.8 -66.2464 1312.47
vn 0.678745 -0.7331 -0.0432409
v -120.747 -65.1815 1309.54
vn 0.495405 -0.554967 -0.66827
v -120.224 -64.6623 1308.94
vn -0.917022 0.196033 -0.347336
v -122.991 -51.6205 1297.74
vn -0.854619 0.479369 0.19958
v -122.884 -51.6408 1297.45
vn -0.840905 0.479143 0.251599
v -122.691 -50.6567 1297.4
vn -0.692192 0.631601 0.349213
v -122.657 -50.3649 1297.08
vn -0.884008 -0.0134464 -0.467278
v -122.47 -50.6009 1296.81
vn -0.356477 0.552867 0.753168
v -121.849 -48.9112 1295.24
vn -0.764179 0.597734 0.242372
v -122.447 -50.034 1296.78
vn -0.816576 0.524295 -0.241491
v -123.673 -47.0948 1285.97
vn -0.90692 0.402081 -0.125809
v -122.411 -45.4294 1283.94
vn -0.90272 0.426716 -0.0548599
v -122.089 -44.5115 1282.91
vn -0.143185 -0.719263 -0.679822
v -121.813 -44.7789 1282.65
vn -0.889729 0.401283 -0.217611
v -122.923 -46.0888 1284.86
vn -0.195604 0.260402 0.945479
v -117.352 -71.5664 1332.1
vn -0.150071 0.200236 0.968186
v -116.418 -71.3552 1332.21
vn 0.720655 -0.678159 0.144072
v -116.986 -70.6919 1321.23
vn 0.568567 -0.604789 -0.55764
v -117.296 -68.7036 1318.39
vn 0.198703 -0.500273 -0.84276
v -117.876 -66.5696 1314.01
vn 0.223303 -0.684374 -0.694095
v -117.831 -66.8261 1314.27
vn 0.694067 -0.71613 0.0736806
v -117.527 -66.4705 1314.02
vn 0.680563 -0.721249 0.128974
v -117.06 -66.0918 1314.03
vn 0.559255 -0.578265 -0.594007
v -117.1 -66.0335 1314.62
vn 0.378662 -0.457832 -0.804366
v -117.119 -64.892 1313.35
vn 0.760786 -0.639933 0.108121
v -117.973 -62.0407 1308.61
vn -0.416018 0.153407 0.896323
v -118.795 -58.0215 1319.65
vn -0.492672 0.197664 0.847469
v -118.441 -55.5054 1319.32
vn 0.667064 -0.677173 -0.310585
v -119.594 -52.0312 1294.65
vn -0.509446 0.62513 0.591335
v -120.895 -49.1684 1302.54
vn -0.955952 0.137067 -0.259554
v -120.325 -49.1003 1303.18
vn -0.995493 0.0817507 0.0480633
v -120.47 -48.115 1301.59
vn -0.986751 -0.154678 -0.0489588
v -120.382 -48.2606 1302.21
vn 0.865652 -0.473872 0.16153
v -120.53 -47.3501 1285.74
vn -0.461649 -0.475701 -0.748725
v -121.287 -43.5248 1281.4
vn -0.911664 0.300399 -0.280408
v -121.287 -43.5248 1281.4
vn -0.897645 0.379794 -0.223584
v -120.684 -42.5382 1280.47
vn 0.668091 -0.636568 0.385273
v -113.818 -71.8578 1330.22
vn 0.267466 -0.247697 0.931186
v -113.874 -68.9528 1332.22
vn 0.327788 -0.373033 -0.867987
v -115.253 -66.8669 1318.63
vn 0.668712 -0.555544 -0.494162
v -115.879 -64.4706 1314
vn 0.509402 -0.494701 -0.704117
v -115.307 -62.0833 1312.68
vn 0.492504 -0.471972 -0.731219
v -114.783 -61.07 1312.35
vn 0.0112554 -0.753482 -0.657373
v -119.468 -41.1755 1278.65
vn 0.725954 -0.606736 0.323826
v -112.781 -68.3036 1325.25
vn 0.156011 -0.179034 0.971394
v -111.841 -66.9845 1332.03
vn -0.626524 0.242853 0.740601
v -111.841 -66.9845 1332.03
vn 0.836227 -0.499584 -0.226141
v -114.36 -56.1707 1307.86
vn 0.848242 -0.524226 0.0753121
v -117.153 -42.5432 1282.79
vn -0.867314 0.497097 0.0257233
v -118.046 -38.5225 1289.57
vn -0.952247 0.155105 -0.262999
v -117.853 -37.7245 1274.74
vn -0.616904 -0.497397 -0.60994
v -117.853 -37.7245 1274.74
vn -0.969953 0.172123 -0.171945
v -116.978 -35.5732 1272.11
vn -0.243123 0.0799863 0.966692
v -110.552 -64.5278 1332.31
vn 0.860122 -0.498266 -0.109187
v -110.891 -58.7621 1315.45
vn -0.260663 0.114883 0.95857
v -112.046 -56.1855 1324.6
vn -0.551725 0.197809 0.810229
v -114.194 -46.4869 1320.53
vn 0.563907 -0.709143 -0.423232
v -114.109 -41.0919 1283.18
vn -0.957779 0.181135 -0.223269
v -115.244 -31.3377 1265.96
vn -0.283002 -0.76407 -0.579748
v -115.11 -31.6192 1265.92
vn -0.459798 -0.687518 -0.562054
v -115.16 -31.3406 1265.67
vn -0.967777 0.0220715 -0.250841
v -115.16 -31.3406 1265.67
vn -0.972778 0.15465 -0.172585
v -115.749 -32.5652 1267.51
vn -0.673238 -0.519939 -0.525751
v -115.529 -32.8268 1267.49
vn -0.746135 -0.473021 -0.468544
v -114.651 -30.4525 1263.68
vn -0.913061 -0.247753 -0.323942
v -114.994 -31.0421 1265.05
vn -0.454392 0.271629 0.848378
v -109.247 -62.3952 1332.33
vn 0.810012 -0.538053 -0.233193
v -109.695 -52.9357 1311.25
vn -0.304093 -0.738275 -0.602061
v -112.789 -26.5094 1257.68
vn -0.719476 -0.452514 -0.526864
v -113.702 -28.6132 1260.77
vn -0.808081 -0.330424 -0.487673
v -114.025 -28.3563 1261.03
vn -0.637695 0.418743 0.646528
v -107.245 -60.0871 1332.66
vn -0.940436 0.308725 -0.142372
v -112.286 -25.2594 1256.13
vn -0.842882 -0.212083 -0.494541
v -112.06 -25.2371 1255.77
vn -0.861281 -0.158908 -0.482642
v -112.127 -24.9421 1255.79
vn -0.842336 -0.143412 -0.519521
v -110.856 -23.3468 1252.79
vn -0.883846 -0.167254 -0.436856
v -111.083 -23.375 1253.08
vn -0.765799 -0.17562 -0.618635
v -111.083 -23.375 1253.08
vn -0.929982 0.321343 -0.178529
v -111.083 -23.375 1253.08
vn -0.470378 0.702789 0.533696
v -110.595 -34.3997 1315.19
vn -0.145512 -0.827722 -0.541943
v -109.424 -21.4115 1249.74
vn -0.909971 0.382096 -0.161107
v -106.282 -16.7145 1241.52
vn -0.337669 -0.756463 -0.560129
v -106.282 -16.7145 1241.52
vn -0.790694 -0.107158 -0.602761
v -106.282 -16.7145 1241.52
vn -0.879193 0.452811 -0.148263
v -106.09 -16.3876 1241.21
vn -0.308988 -0.730867 -0.608571
v -105.649 -16.3348 1240.62
vn -0.909022 0.263021 -0.323261
v -104.919 -15.0816 1238.75
vn -0.90058 -0.015741 -0.434405
v -103.309 -13.4084 1235.81
vn -0.862803 0.460104 -0.209466
v -103.313 -13.1052 1235.75
vn -0.8631 0.239008 -0.444897
v -101.914 -11.7462 1233.34
vn -0.856525 0.246181 -0.453607
v -97.992 -7.9324 1227.54
vn -0.865007 -0.0889608 -0.493811
v -97.6532 -8.09764 1227.65
vn -0.020096 -0.804106 -0.594147
v -96.0694 -6.44211 1225.36
vn -0.663076 0.743338 -0.0882002
v -95.9268 -6.11302 1225.23
vn -0.540775 0.837121 -0.0824063
v -95.8268 -6.05932 1224.93
vn -0.24976 -0.650733 -0.717054
v -95.8268 -6.05932 1224.93
vn -0.292111 0.563814 -0.772518
v -95.8268 -6.05932 1224.93
vn -0.839383 0.374842 -0.39361
v -97.222 -7.07236 1226.71
vn -0.0631324 -0.65986 -0.748731
v -97.222 -7.07236 1226.71
vn -0.865007 -0.0889608 -0.493811
v -97.222 -7.07236 1226.71
vn -0.70899 0.630367 -0.316182
v -96.9024 -6.87574 1226.12
vn -0.254483 -0.692172 -0.675378
v -96.9024 -6.87574 1226.12
vn -0.292111 0.563814 -0.772518
v -95.5153 -6.05365 1224.81
vn -0.956459 -0.00632463 -0.291798
v -95.5153 -6.05365 1224.81
vn 0.00104806 -0.517012 -0.855977
v -95.5153 -6.05365 1224.81
vn -0.481242 0.873653 -0.0716718
v -95.5531 -5.90796 1224.94
vn -0.962439 0.197011 -0.18681
v -95.5531 -5.90796 1224.94
vn -0.917983 0.390023 -0.0720324
v -95.5701 -5.8928 1225.23
vn -0.0292654 -0.708505 -0.705099
v -95.461 -5.74755 1224.63
vn -0.400737 0.0622326 -0.914077
v -95.461 -5.74755 1224.63
vn -0.485934 0.865681 0.120272
v -95.461 -5.74755 1224.63
vn -0.782088 -0.286319 0.553497
v -94.9356 -5.36891 1224.04
vn -0.350009 0.682726 -0.641388
v -94.9356 -5.36891 1224.04
vn -0.472642 0.873905 0.113574
v -94.9356 -5.36891 1224.04
vn -0.477838 0.870395 0.118671
v -94.7411 -5.30379 1224.34
vn -0.782088 -0.286319 0.553497
v -94.7411 -5.30379 1224.34
vn -0.400737 0.0622326 -0.914077
v -94.6692 -5.59978 1224.29
vn -0.782088 -0.286319 0.553497
v -94.6692 -5.59978 1224.29
vn -0.0656993 0.688368 -0.72238
v -94.4152 -5.2685 1223.86
vn -0.464204 0.879591 0.104084
v -94.4584 -5.11244 1224.05
vn 0.255919 0.663213 -0.703316
v -93.923 -5.14479 1224.08
vn 0.955574 0.191854 -0.223766
v -93.923 -5.14479 1224.08
vn 0.955574 0.191854 -0.223766
v -93.8301 -5.24341 1224.39
vn 0.0589126 -0.0603485 -0.996437
v -93.8301 -5.24341 1224.39
vn 0.455538 -0.715974 -0.529025
v -93.9015 -4.85271 1224.07
vn -0.73131 -0.110137 0.673094
v -93.9015 -4.85271 1224.07
vn -0.463899 0.884387 0.0515495
v -93.9015 -4.85271 1224.07
vn 0.0589126 -0.0603485 -0.996437
v -93.6056 -5.05245 1224.4
vn 0.513226 0.606293 -0.60746
v -93.6056 -5.05245 1224.4
vn 0.0182 0.905182 -0.424635
v -93.8978 -4.93263 1224.37
vn 0.0589126 -0.0603485 -0.996437
v -93.8978 -4.93263 1224.37
vn 0.343545 0.712728 -0.611552
v -93.8978 -4.93263 1224.37
vn -0.61576 -0.414895 0.669852
v -93.5987 -4.8977 1224.39
vn -0.73131 -0.110137 0.673094
v -93.5987 -4.8977 1224.39
vn -0.975395 -0.215892 -0.0446623
v -93.5987 -4.8977 1224.39
vn -0.497343 0.861365 0.103441
v -93.635 -4.73096 1224.38
vn -0.975395 -0.215892 -0.0446623
v -93.635 -4.73096 1224.38
vn -0.975395 -0.215892 -0.0446623
v -93.6347 -4.74722 1224.45
vn -0.559422 0.808183 0.184084
v -93.6347 -4.74722 1224.45
vn 0.509151 -0.838591 -0.19373
v -93.3274 -4.79792 1224.7
vn -0.975393 -0.21592 -0.0445745
v -93.3274 -4.79792 1224.7
vn -0.210488 -0.877593 0.430728
v -93.3274 -4.79792 1224.7
vn -0.116559 0.940008 -0.320623
v -93.3718 -4.65711 1224.99
vn -0.446908 0.890511 0.085224
v -93.3718 -4.65711 1224.99
vn 0.468025 0.877571 0.104026
v -93.3718 -4.65711 1224.99
vn -0.110749 0.225545 -0.967918
v -93.3785 -4.68942 1225.29
vn 0.468025 0.877571 0.104026
v -93.3785 -4.68942 1225.29
vn -0.210488 -0.877593 0.430728
v -93.0535 -4.71056 1225.01
vn -0.0799905 -0.789451 -0.608579
v -93.0535 -4.71056 1225.01
vn 0.737655 -0.482384 -0.47241
v -93.0535 -4.71056 1225.01
vn 0.662308 0.475523 -0.578987
v -93.028 -4.86671 1225.21
vn -0.0799905 -0.789451 -0.608579
v -93.028 -4.86671 1225.21
vn -0.111162 0.225264 -0.967935
v -93.028 -4.86671 1225.21
vn 0.468025 0.877571 0.104026
v -93.028 -4.86671 1225.21
vn -0.310121 0.427308 0.849254
v -93.028 -4.86671 1225.21
vn -0.975397 -0.215901 -0.044573
v -93.028 -4.86671 1225.21
vn 0.516093 -0.805804 -0.290393
v -93.2146 -4.65944 1224.4
vn 0.437786 0.893863 0.0967044
v -93.2146 -4.65944 1224.4
vn -0.0620734 0.955821 -0.28732
v -93.2146 -4.65944 1224.4
vn -0.463845 0.883702 0.0626054
v -93.3597 -4.58697 1224.38
vn 0.437786 0.893863 0.0967044
v -93.3597 -4.58697 1224.38
vn -0.975393 -0.21592 -0.0445745
v -93.3671 -4.61607 1224.69
vn -0.513309 0.848407 0.129305
v -93.3671 -4.61607 1224.69
vn 0.437786 0.893863 0.0967044
v -93.3671 -4.61607 1224.69
vn -0.351102 0.933534 -0.0724035
v -93.3671 -4.61607 1224.69
vn -0.210488 -0.877593 0.430728
v -93.3726 -4.65122 1224.98
vn -0.0799905 -0.789451 -0.608579
v -93.3726 -4.65122 1224.98
vn -0.310121 0.427308 0.849254
v -93.3726 -4.65122 1224.98
vn -0.508464 0.855935 0.094023
v -93.3726 -4.65122 1224.98
vn -0.508669 0.856795 0.0846028
v -93.2168 -4.59376 1225.29
vn -0.367972 0.927177 -0.0702839
v -93.1011 -4.49205 1224.99
vn -0.975397 -0.215901 -0.044573
v -93.1011 -4.49205 1224.99
vn -0.975397 -0.215901 -0.044573
v -93.1068 -4.52872 1225.3
vn -0.523864 0.845854 0.100486
v -93.1068 -4.52872 1225.3
vn 0.481823 0.140438 -0.864941
v -92.8371 -4.35888 1225.3
vn -0.640014 0.745762 0.184989
v -92.3594 -4.07546 1225.62
vn -0.353716 -0.237242 -0.904766
v -92.3594 -4.07546 1225.62
vn -0.286166 0.921754 -0.261684
v -92.3594 -4.07546 1225.62
vn 0.207743 0.899493 -0.384389
v -92.2345 -4.35429 1225.64
vn 0.481823 0.140438 -0.864941
v -92.2345 -4.35429 1225.64
vn 0.637758 -0.651574 -0.41075
v -92.2345 -4.35429 1225.64
vn 0.220774 -0.225012 0.949015
v -92.2345 -4.35429 1225.64
vn 0.768901 0.348475 -0.536056
v -92.2345 -4.35429 1225.64
vn -0.353716 -0.237242 -0.904766
v -92.2345 -4.35429 1225.64
vn -0.244128 -0.907151 -0.342752
v -92.3084 -4.05608 1225.73
vn 0.220774 -0.225012 0.949015
v -92.3084 -4.05608 1225.73
vn 0.537212 0.811241 0.230849
v -92.3084 -4.05608 1225.73
vn 0.768901 0.348475 -0.536056
v -92.3084 -4.05608 1225.73
vn -0.638977 0.109155 0.761442
v -92.3084 -4.05608 1225.73
vn -0.244128 -0.907151 -0.342752
v -91.9849 -4.10988 1225.64
vn 0.220774 -0.225012 0.949015
v -91.9849 -4.10988 1225.64
vn -0.353716 -0.237242 -0.904766
v -91.999 -4.00855 1225.46
vn -0.300702 0.917033 -0.261969
v -91.999 -4.00855 1225.46
vn 0.731369 0.109997 -0.673052
v -91.4803 -3.61032 1225.64
vn 0.303006 -0.951986 -0.0437014
v -91.4803 -3.61032 1225.64
vn -0.492721 0.858877 -0.139841
v -91.4803 -3.61032 1225.64
vn 0.537212 0.811241 0.230849
v -92.0483 -4.29101 1225.95
vn 0.768901 0.348475 -0.536056
v -92.0483 -4.29101 1225.95
vn 0.500584 0.639096 -0.583928
v -92.0483 -4.29101 1225.95
vn 0.537212 0.811241 0.230849
v -92.3044 -4.11402 1225.92
vn 0.500584 0.639096 -0.583928
v -92.3044 -4.11402 1225.92
vn 0.41793 0.908369 -0.01416
v -92.3044 -4.11402 1225.92
vn -0.259143 0.39873 -0.879693
v -92.3208 -4.10182 1226.22
vn 0.41793 0.908369 -0.01416
v -92.3208 -4.10182 1226.22
vn -0.537977 0.7893 -0.295949
v -92.1515 -3.98534 1226.22
vn -0.244128 -0.907151 -0.342752
v -91.9686 -4.26665 1226.04
vn -0.638977 0.109155 0.761442
v -91.9686 -4.26665 1226.04
vn 0.88108 -0.427749 -0.201813
v -91.9686 -4.26665 1226.04
vn -0.259078 0.398773 -0.879693
v -91.9686 -4.26665 1226.04
vn 0.500584 0.639096 -0.583928
v -91.9686 -4.26665 1226.04
vn 0.41793 0.908369 -0.01416
v -91.9686 -4.26665 1226.04
vn -0.975398 -0.215897 -0.0445873
v -91.9686 -4.26665 1226.04
vn 0.465615 -0.383171 -0.797736
v -91.9686 -4.26665 1226.04
vn -0.59974 0.788472 0.136472
v -92.0464 -3.89074 1225.92
vn -0.316988 0.936335 -0.150981
v -92.0464 -3.89074 1225.92
vn -0.975398 -0.215897 -0.0445873
v -92.0464 -3.89074 1225.92
vn -0.975398 -0.215897 -0.0445873
v -92.0541 -3.91828 1226.23
vn -0.512049 0.844882 -0.154858
v -92.0541 -3.91828 1226.23
vn -0.433617 0.882951 -0.179925
v -91.7617 -3.78934 1225.93
vn 0.465615 -0.383171 -0.797736
v -91.7617 -3.78934 1225.93
vn 0.470754 -0.772433 -0.426307
v -91.7617 -3.78934 1225.93
vn -0.512018 0.812877 -0.277612
v -91.5282 -3.54089 1226.23
vn 0.397284 -0.885397 -0.241324
v -91.4903 -3.62735 1225.94
vn -0.483041 0.821093 -0.3041
v -91.4903 -3.62735 1225.94
vn 0.397284 -0.885397 -0.241324
v -90.9264 -3.46277 1226.26
vn 0.465615 -0.383171 -0.797736
v -90.9264 -3.46277 1226.26
vn 0.613723 -0.702798 -0.359749
v -90.9264 -3.46277 1226.26
vn -0.783571 0.567405 -0.253116
v -90.9264 -3.46277 1226.26
vn -0.110324 0.0630563 -0.991893
v -90.9264 -3.46277 1226.26
vn -0.463001 0.816064 -0.345933
v -90.9786 -3.22345 1226.25
vn 0.488826 0.0425596 -0.871343
v -90.4866 -2.72926 1226.55
vn -0.110324 0.0630563 -0.991893
v -90.2178 -2.49187 1226.25
vn -0.110324 0.0630563 -0.991893
v -88.6151 -1.37358 1226.14
vn -0.538713 0.78724 -0.30007
v -88.6151 -1.37358 1226.14
vn 0.178445 0.29412 -0.938963
v -88.6151 -1.37358 1226.14
vn 0.120821 0.119018 -0.985514
v -85.5408 1.12943 1227.51
vn 0.100321 0.058721 -0.993221
v -85.2048 1.01167 1227.54
vn 0.590458 0.596366 -0.543789
v -85.2048 1.01167 1227.54
vn 0.480125 -0.46706 0.74252
v -85.2048 1.01167 1227.54
vn 0.1923 -0.165989 -0.967196
v -85.2888 1.31734 1227.81
vn 0.510282 0.856395 0.0787416
v -85.2888 1.31734 1227.81
vn 0.590458 0.596366 -0.543789
v -85.2879 1.31959 1227.78
vn -0.392348 -0.917509 -0.0651242
v -85.2879 1.31959 1227.78
vn 0.480125 -0.46706 0.74252
v -85.2879 1.31959 1227.78
vn 0.510282 0.856395 0.0787416
v -85.2879 1.31959 1227.78
vn 0.1923 -0.165989 -0.967196
v -85.2842 1.3226 1227.81
vn -0.275303 -0.726649 -0.629436
v -85.2842 1.3226 1227.81
vn -0.604222 0.796563 -0.0200906
v -85.2842 1.3226 1227.81
vn -0.348402 -0.898246 -0.267899
v -84.957 1.26524 1227.54
vn 0.480125 -0.46706 0.74252
v -84.957 1.26524 1227.54
vn 0.508274 -0.820071 -0.262948
v -84.957 1.26524 1227.54
vn 0.827361 -0.0691069 -0.557403
v -84.957 1.26524 1227.54
vn -0.275303 -0.726649 -0.629436
v -84.9501 1.17096 1227.84
vn 0.632773 -0.656489 -0.410635
v -84.9501 1.17096 1227.84
vn 0.689514 -0.608522 -0.392773
v -84.9376 1.09823 1227.92
vn 0.1923 -0.165989 -0.967196
v -84.9376 1.09823 1227.92
vn -0.275303 -0.726649 -0.629436
v -84.9376 1.09823 1227.92
vn 0.510282 0.856395 0.0787416
v -84.9376 1.09823 1227.92
vn -0.530949 0.845449 -0.0575176
v -85.0037 1.47952 1227.52
vn 0.731391 0.109965 -0.673034
v -85.0037 1.47952 1227.52
vn 0.0433775 0.942238 -0.332124
v -85.0037 1.47952 1227.52
vn 0.878118 -0.244403 -0.41131
v -84.6727 1.24251 1228.16
vn 0.750409 -0.565773 -0.341741
v -84.6727 1.24251 1228.16
vn 0.344879 -0.622113 -0.702876
v -84.6727 1.24251 1228.16
vn 0.153773 0.295082 -0.943017
v -84.6727 1.24251 1228.16
vn 0.0433775 0.942238 -0.332124
v -84.7318 1.57673 1227.83
vn -0.467244 0.78739 -0.40212
v -84.7318 1.57673 1227.83
vn 0.344879 -0.622113 -0.702876
v -84.7318 1.57673 1227.83
vn -0.564432 0.821905 -0.0767374
v -84.7684 1.6815 1228.12
vn 0.750409 -0.565773 -0.341741
v -84.4565 1.72093 1227.84
vn 0.344879 -0.622113 -0.702876
v -84.4565 1.72093 1227.84
vn 0.153773 0.295082 -0.943017
v -83.2368 2.4549 1228.77
vn 0.266703 0.82422 -0.49953
v -83.2368 2.4549 1228.77
vn 0.636803 0.474922 -0.607397
v -83.2368 2.4549 1228.77
vn 0.750409 -0.565773 -0.341741
v -83.4432 2.51216 1228.75
vn -0.36728 0.928845 -0.0484978
v -83.4432 2.51216 1228.75
vn 0.153773 0.295082 -0.943017
v -83.4432 2.51216 1228.75
vn 0.266703 0.82422 -0.49953
v -83.4432 2.51216 1228.75
vn 0.61533 0.474593 -0.629389
v -82.5914 2.65699 1229.6
vn -0.138276 0.924513 -0.355184
v -82.6301 2.81449 1229.69
vn 0.614491 0.479474 -0.626503
v -82.6301 2.81449 1229.69
vn -0.0464103 -0.958561 -0.28108
v -82.3512 2.8796 1230
vn -0.746024 -0.621333 0.239567
v -82.3512 2.8796 1230
vn 0.616947 0.464788 -0.635097
v -82.3512 2.8796 1230
vn -0.746024 -0.621333 0.239567
v -82.5388 2.98204 1229.68
vn -0.506118 0.667997 -0.545549
v -82.5388 2.98204 1229.68
vn -0.609003 0.792274 0.0376416
v -82.5388 2.98204 1229.68
vn -0.523709 0.849031 0.0698283
v -82.4722 3.01883 1229.98
vn -0.746024 -0.621333 0.239567
v -82.4722 3.01883 1229.98
vn 0.604374 0.47426 -0.640164
v -82.4722 3.01883 1229.98
vn -0.49689 0.863232 0.0890519
v -82.4722 3.01883 1229.98
vn 0.307311 0.734582 -0.604937
v -82.4722 3.01883 1229.98
vn 0.603972 -0.761356 -0.235699
v -82.3599 3.01146 1229.55
vn -0.506118 0.667997 -0.545549
v -82.3599 3.01146 1229.55
vn 0.414911 0.791127 -0.449408
v -82.3599 3.01146 1229.55
vn -0.49689 0.863232 0.0890519
v -82.3855 3.09976 1229.68
vn 0.414911 0.791127 -0.449408
v -82.3855 3.09976 1229.68
vn 0.414911 0.791127 -0.449408
v -81.5515 3.27701 1230.77
vn -0.374716 0.916712 0.138659
v -81.5515 3.27701 1230.77
vn 0.473873 0.61339 -0.63182
v -81.5515 3.27701 1230.77
vn -0.657091 -0.287772 0.69672
v -81.0349 3.56217 1231.54
vn 0.60043 -0.789951 -0.124344
v -81.0349 3.56217 1231.54
vn 0.473873 0.61339 -0.63182
v -81.0777 3.74792 1231.58
vn -0.112595 0.16593 -0.979689
v -81.0777 3.74792 1231.58
vn -0.657091 -0.287772 0.69672
v -81.0777 3.74792 1231.58
vn -0.0849778 0.907657 -0.41102
v -81.0777 3.74792 1231.58
vn 0.60043 -0.789951 -0.124344
v -80.7717 3.7617 1231.55
vn -0.0849778 0.907657 -0.41102
v -80.7717 3.7617 1231.55
vn 0.975395 0.215907 0.044601
v -80.7717 3.7617 1231.55
vn 0.619986 0.465728 -0.631438
v -80.7745 3.71172 1231.85
vn -0.657091 -0.287772 0.69672
v -80.7745 3.71172 1231.85
vn 0.60043 -0.789951 -0.124344
v -80.7745 3.71172 1231.85
vn 0.975395 0.215907 0.044601
v -80.7745 3.71172 1231.85
vn 0.731404 0.109988 -0.673016
v -80.7745 3.71172 1231.85
vn -0.0849778 0.907657 -0.41102
v -80.8133 3.88948 1231.84
vn 0.975395 0.215907 0.044601
v -80.8133 3.88948 1231.84
vn 0.731412 0.109895 -0.673023
v -80.8133 3.88948 1231.84
vn 0.694791 -0.626793 -0.352697
v -80.2295 3.89999 1232.47
vn 0.565584 0.619137 -0.544778
v -80.2295 3.89999 1232.47
vn 0.825756 0.139699 -0.546454
v -80.2725 4.09697 1232.46
vn 0.898775 0.16599 -0.405773
v -80.023 4.23402 1233.07
vn 0.481326 0.722666 -0.496064
v -80.023 4.23402 1233.07
vn 0.499357 0.723859 -0.4761
v -78.5578 4.54464 1234.94
vn -0.416043 0.907092 0.0639714
v -78.4152 4.79732 1235.54
vn 0.215442 0.972663 0.0866716
v -78.4152 4.79732 1235.54
vn 0.533988 0.724671 -0.435556
v -78.0982 4.70602 1235.77
vn 0.187335 0.980408 -0.0608697
v -78.0982 4.70602 1235.77
vn 0.758734 0.553855 -0.342882
v -78.0982 4.70602 1235.77
vn 0.187335 0.980408 -0.0608697
v -78.4234 4.77223 1235.84
vn -0.300708 0.539029 -0.786779
v -77.8964 4.79136 1237.67
vn 0.467429 0.872737 0.140857
v -77.8964 4.79136 1237.67
vn -0.314622 -0.911225 -0.265863
v -77.8915 4.859 1237.24
vn -0.557604 -0.672727 0.486329
v -77.8915 4.859 1237.24
vn 0.409013 0.877967 0.24876
v -77.8915 4.859 1237.24
vn -0.654794 -0.574024 0.491672
v -77.8086 4.88691 1237.37
vn -0.357085 -0.576734 -0.734757
v -77.8086 4.88691 1237.37
vn -0.543111 0.825058 0.155913
v -77.8086 4.88691 1237.37
vn -0.300708 0.539029 -0.786779
v -77.6312 4.94823 1237.68
vn -0.528158 0.836292 0.147191
v -77.6312 4.94823 1237.68
vn 0.758734 0.553855 -0.342882
v -77.5615 4.78786 1237.09
vn -0.314622 -0.911225 -0.265863
v -77.5615 4.78786 1237.09
vn 0.344429 0.869955 0.352911
v -77.5615 4.78786 1237.09
vn 0.938943 -0.323928 -0.116001
v -77.5615 4.78786 1237.09
vn -0.557604 -0.672727 0.486329
v -77.5552 4.69612 1237.4
vn -0.357085 -0.576734 -0.734757
v -77.5552 4.69612 1237.4
vn 0.938943 -0.323928 -0.116001
v -77.5552 4.69612 1237.4
vn 0.918309 0.0409276 -0.393743
v -77.5552 4.69612 1237.4
vn 0.409013 0.877967 0.24876
v -77.5448 4.64132 1237.44
vn -0.654794 -0.574024 0.491672
v -77.5448 4.64132 1237.44
vn -0.357085 -0.576734 -0.734757
v -77.5448 4.64132 1237.44
vn -0.300708 0.539029 -0.786779
v -77.5448 4.64132 1237.44
vn 0.154991 0.965979 -0.207034
v -77.3558 5.06238 1237.99
vn 0.758734 0.553855 -0.342882
v -77.3558 5.06238 1237.99
vn 0.938943 -0.323928 -0.116001
v -77.3558 5.06238 1237.99
vn 0.917634 0.173732 -0.357441
v -77.3558 5.06238 1237.99
vn 0.03567 0.999201 0.0180406
v -77.3558 5.06238 1237.99
vn 0.00659023 0.998275 0.0583392
v -76.8301 5.00308 1240.24
vn 0.974014 0.038802 -0.223138
v -76.8301 5.00308 1240.24
vn 0.00659023 0.998275 0.0583392
v -76.5292 4.98842 1240.45
vn 0.933983 0.180922 -0.308127
v -76.5292 4.98842 1240.45
vn 0.916021 -0.253696 -0.310716
v -76.5665 4.87976 1241.96
vn 0.974014 0.038802 -0.223138
v -76.3615 4.94718 1242.27
vn 0.67713 0.713979 -0.178125
v -76.1406 4.79989 1243.8
vn -0.0587066 0.0602663 0.996454
v -76.1406 4.79989 1243.8
vn -0.0225058 0.994883 0.0984938
v -75.9967 4.66756 1243.82
vn -0.655514 0.700636 0.281799
v -75.9967 4.66756 1243.82
vn 0.974014 0.038802 -0.223138
v -75.9967 4.66756 1243.82
vn 0.67713 0.713979 -0.178125
v -75.9967 4.66756 1243.82
vn 0.933331 -0.217963 -0.285282
v -75.9967 4.66756 1243.82
vn -0.0587066 0.0602663 0.996454
v -75.9967 4.66756 1243.82
vn 0.933331 -0.217963 -0.285282
v -76.0366 4.91339 1243.5
vn -0.219681 0.935656 0.276204
v -75.9663 4.83847 1243.81
vn -0.0587066 0.0602663 0.996454
v -75.9663 4.83847 1243.81
vn 0.802659 -0.493966 -0.33427
v -75.4534 4.61186 1245.66
vn 0.67713 0.713979 -0.178125
v -75.4534 4.61186 1245.66
vn 0.831212 -0.4549 -0.319615
v -74.6896 4.75074 1247.2
vn 0.430487 0.898649 -0.0843256
v -74.6896 4.75074 1247.2
vn 0.312387 0.949817 -0.0161887
v -74.6715 4.80061 1247.82
vn 0.272923 0.115603 0.955065
v -73.0267 -16.1287 1326.67
vn 0.942691 0.281047 -0.17985
v -72.6332 3.54245 1256.43
vn -0.378164 0.908938 0.175567
v -72.6332 3.54245 1256.43
vn 0.312387 0.949817 -0.0161887
v -74.2032 4.66221 1248.74
vn 0.907524 0.419216 -0.0256619
v -74.2032 4.66221 1248.74
vn 0.93025 0.352078 -0.103327
v -74.1152 4.56452 1250.26
vn 0.187662 0.980841 0.0522916
v -74.1152 4.56452 1250.26
vn 0.872953 -0.427112 -0.235644
v -73.9544 4.23668 1250.59
vn 0.441656 0.0505999 0.895757
v -71.2478 -14.264 1325.82
vn 0.651113 -0.0550559 0.756981
v -70.231 -13.1663 1325.18
vn -0.311284 0.737577 0.599235
v -69.5034 -12.1369 1324.46
vn 0.893124 -0.331073 -0.3045
v -69.5601 -5.97677 1291.21
vn -0.133919 -0.505005 0.852664
v -69.288 -2.92267 1281.71
vn 0.534297 -0.806572 0.252921
v -69.288 -2.92267 1281.71
vn 0.395514 0.77384 -0.494712
v -69.288 -2.92267 1281.71
vn 0.77734 -0.216364 -0.590703
v -71.2376 -3.17014 1278.59
vn 0.656505 -0.429528 -0.620086
v -71.2376 -3.17014 1278.59
vn -0.673814 0.487828 0.554976
v -71.2376 -3.17014 1278.59
vn 0.216803 -0.929483 0.298427
v -71.2376 -3.17014 1278.59
vn 0.406321 -0.909801 -0.0846507
v -71.2376 -3.17014 1278.59
vn 0.0247578 -0.951887 0.305447
v -71.2376 -3.17014 1278.59
vn -0.129843 -0.733403 0.667279
v -71.2376 -3.17014 1278.59
vn -0.0876877 0.777608 -0.622605
v -69.7575 -2.3057 1278.93
vn 0.76789 -0.0897066 0.634269
v -69.7575 -2.3057 1278.93
vn 0.670844 -0.492513 0.554437
v -69.7575 -2.3057 1278.93
vn -0.983379 0.160807 0.0842988
v -69.7575 -2.3057 1278.93
vn 0.767637 -0.300465 -0.566087
v -69.7575 -2.3057 1278.93
vn 0.580874 0.525864 -0.621331
v -69.7575 -2.3057 1278.93
vn 0.656505 -0.429528 -0.620086
v -69.9631 -2.10711 1279.21
vn -0.652032 0.537847 0.534393
v -69.9631 -2.10711 1279.21
vn -0.0876877 0.777608 -0.622605
v -69.9631 -2.10711 1279.21
vn 0.76789 -0.0897066 0.634269
v -69.9631 -2.10711 1279.21
vn -0.15279 0.987342 0.0425602
v -69.9631 -2.10711 1279.21
vn 0.670844 -0.492513 0.554437
v -69.6351 -2.14192 1278.93
vn -0.111049 -0.78174 0.613637
v -69.6351 -2.14192 1278.93
vn 0.580874 0.525864 -0.621331
v -69.6662 -2.06181 1279.22
vn 0.452587 0.862968 -0.224614
v -69.6662 -2.06181 1279.22
vn -0.15279 0.987342 0.0425602
v -69.6662 -2.06181 1279.22
vn 0.76789 -0.0897066 0.634269
v -69.6908 -1.88629 1278.91
vn -0.983379 0.160807 0.0842988
v -69.6908 -1.88629 1278.91
vn -0.983379 0.160807 0.0842988
v -69.6838 -1.96616 1279.14
vn -0.121825 -0.727782 0.674901
v -69.6838 -1.96616 1279.14
vn -0.346384 0.884541 0.312419
v -69.6838 -1.96616 1279.14
vn -0.133919 -0.505005 0.852664
v -69.6453 -2.68655 1281.79
vn 0.395514 0.77384 -0.494712
v -69.6453 -2.68655 1281.79
vn -0.385097 0.825926 0.411759
v -69.6624 -2.39413 1280.75
vn -0.286742 0.88756 -0.360576
v -69.6624 -2.39413 1280.75
vn 0.808801 -0.545098 0.2207
v -70.4092 2.27014 1263.56
vn 0.606722 -0.398156 0.688012
v -70.4092 2.27014 1263.56
vn 0.396462 -0.903019 -0.165452
v -70.4092 2.27014 1263.56
vn 0.652311 0.000521188 -0.757951
v -70.4092 2.27014 1263.56
vn 0.808801 -0.545098 0.2207
v -70.234 2.40897 1263.26
vn 0.188435 -0.947178 0.259511
v -70.234 2.40897 1263.26
vn 0.606722 -0.398156 0.688012
v -70.2641 2.48373 1263.56
vn 0.188435 -0.947178 0.259511
v -70.2641 2.48373 1263.56
vn -0.196129 -0.645709 0.737965
v -70.2641 2.48373 1263.56
vn -0.610165 0.00402404 0.792264
v -70.0127 2.62026 1262.96
vn 0.125134 -0.7473 0.652598
v -70.0127 2.62026 1262.96
vn 0.894383 0.0406829 -0.445447
v -70.0127 2.62026 1262.96
vn 0.606722 -0.398156 0.688012
v -70.2966 2.60968 1263.66
vn -0.196129 -0.645709 0.737965
v -70.2966 2.60968 1263.66
vn -0.349595 -0.00745373 0.936871
v -70.2966 2.60968 1263.66
vn 0.652311 0.000521188 -0.757951
v -70.2966 2.60968 1263.66
vn -0.425353 0.85059 0.309147
v -70.0422 2.9992 1262.94
vn -0.610165 0.00402404 0.792264
v -70.0422 2.9992 1262.94
vn 0.894383 0.0406829 -0.445447
v -70.0422 2.9992 1262.94
vn 0.585925 0.809803 -0.0301818
v -70.0422 2.9992 1262.94
vn 0.207546 0.876829 -0.433699
v -71.7922 3.15079 1260.11
vn -0.553628 -0.132733 0.822118
v -71.748 3.18164 1259
vn 0.843415 0.320273 -0.431365
v -71.748 3.18164 1259
vn -0.553628 -0.132733 0.822118
v -71.8132 3.47552 1259
vn 0.878433 0.20012 -0.433944
v -71.8132 3.47552 1259
vn 0.87812 -0.327755 -0.348542
v -71.5305 3.54608 1259.2
vn -0.325202 0.93694 0.128013
v -71.5305 3.54608 1259.2
vn -0.265879 0.895574 0.356729
v -71.2141 3.31276 1260.14
vn 0.795182 0.435407 -0.422026
v -70.8973 3.17684 1260.59
vn -0.259662 0.861415 0.43651
v -70.8973 3.17684 1260.59
vn 0.207546 0.876829 -0.433699
v -70.8973 3.17684 1260.59
vn 0.900201 -0.160996 -0.404622
v -70.8973 3.17684 1260.59
vn 0.0339229 0.994498 0.0991092
v -70.929 3.20937 1261.13
vn 0.666704 0.360935 -0.652098
v -70.929 3.20937 1261.13
vn -0.150932 0.60437 0.782277
v -70.929 3.20937 1261.13
vn 0.666704 0.360935 -0.652098
v -70.5843 2.99381 1261.36
vn -0.150932 0.60437 0.782277
v -70.5843 2.99381 1261.36
vn 0.900201 -0.160996 -0.404622
v -70.5843 2.99381 1261.36
vn 0.207546 0.876829 -0.433699
v -70.6509 3.35466 1261.07
vn -0.150932 0.60437 0.782277
v -70.6509 3.35466 1261.07
vn 0.900201 -0.160996 -0.404622
v -70.6509 3.35466 1261.07
vn -0.189815 0.970656 0.147637
v -70.3229 3.13126 1261.71
vn 0.676166 0.672115 -0.301762
v -70.3229 3.13126 1261.71
vn 0.666704 0.360935 -0.652098
v -70.3229 3.13126 1261.71
vn 0.569338 0.420171 0.706619
v -69.0372 -11.2601 1323.47
vn -0.190804 0.808542 0.556645
v -69.0063 -11.4631 1323.78
vn -0.0756973 0.826927 0.557191
v -67.9846 -10.1458 1321.96
vn 0.569338 0.420171 0.706619
v -67.9846 -10.1458 1321.96
vn -0.418881 0.832567 0.362452
v -67.5426 -9.17006 1321.03
vn 0.959842 0.0595798 0.274143
v -67.5426 -9.17006 1321.03
vn 0.578027 0.264009 0.772129
v -68.6579 -6.62052 1299.43
vn -0.830942 -0.0826983 0.550178
v -68.6579 -6.62052 1299.43
vn 0.0587686 -0.0605634 -0.996433
v -68.6579 -6.62052 1299.43
vn -0.971512 0.19783 0.130491
v -68.6579 -6.62052 1299.43
vn 0.916891 0.126221 -0.378654
v -68.6579 -6.62052 1299.43
vn -0.38553 -0.896192 -0.219561
v -68.4249 -6.21911 1299.12
vn 0.578027 0.264009 0.772129
v -68.4249 -6.21911 1299.12
vn -0.480856 -0.764308 0.429664
v -68.4221 -6.29527 1299.42
vn 0.0587686 -0.0605634 -0.996433
v -68.4221 -6.29527 1299.42
vn 0.754327 -0.617343 -0.223334
v -68.4221 -6.29527 1299.42
vn 0.0935923 -0.0920767 0.991344
v -68.401 -6.32851 1299.73
vn 0.874323 0.325966 -0.359589
v -68.401 -6.32851 1299.73
vn 0.540914 0.783474 0.30591
v -68.2929 -6.28253 1300.03
vn 0.874323 0.325966 -0.359589
v -68.2929 -6.28253 1300.03
vn 0.557187 0.699518 -0.447457
v -68.2929 -6.28253 1300.03
vn 0.916891 0.126221 -0.378654
v -68.4825 -6.14401 1300.01
vn -0.445068 0.859715 0.250608
v -68.4825 -6.14401 1300.01
vn 0.540914 0.783474 0.30591
v -68.4825 -6.14401 1300.01
vn 0.619402 0.505838 -0.600391
v -68.4825 -6.14401 1300.01
vn -0.815433 0.167612 0.554054
v -68.4825 -6.14401 1300.01
vn -0.173009 -0.979035 0.107508
v -68.1717 -6.09941 1299.73
vn 0.0935923 -0.0920767 0.991344
v -68.1717 -6.09941 1299.73
vn 0.437156 -0.696642 -0.568844
v -68.1934 -6.06291 1300.02
vn 0.525508 -0.849924 0.0383483
v -68.1934 -6.06291 1300.02
vn 0.899512 -0.292989 -0.324091
v -68.1934 -6.06291 1300.02
vn -0.848641 -0.27813 0.449947
v -68.1654 -6.23794 1300.26
vn 0.437156 -0.696642 -0.568844
v -68.1654 -6.23794 1300.26
vn 0.619402 0.505838 -0.600391
v -68.1654 -6.23794 1300.26
vn 0.8961 -0.186262 -0.402879
v -68.1654 -6.23794 1300.26
vn 0.747702 -0.613611 -0.253816
v -68.1212 -6.22247 1300.34
vn 0.876907 -0.0762537 -0.474572
v -68.1212 -6.22247 1300.34
vn -0.742754 -0.17326 0.646759
v -68.1212 -6.22247 1300.34
vn 0.518755 -0.852454 -0.0649303
v -67.9379 -5.95392 1300.64
vn -0.277764 -0.955974 -0.0946578
v -67.9379 -5.95392 1300.64
vn 0.223545 -0.735069 -0.640079
v -67.9379 -5.95392 1300.64
vn -0.787123 -0.127061 0.603566
v -67.9379 -5.95392 1300.64
vn -0.975386 -0.215944 -0.0446213
v -67.9379 -5.95392 1300.64
vn -0.815433 0.167612 0.554054
v -67.9073 -6.13777 1300.86
vn -0.489704 0.866525 0.0965678
v -67.9073 -6.13777 1300.86
vn 0.771237 -0.549026 -0.322123
v -67.9073 -6.13777 1300.86
vn 0.228697 -0.964676 -0.130761
v -67.9073 -6.13777 1300.86
vn 0.223545 -0.735069 -0.640079
v -67.9073 -6.13777 1300.86
vn -0.983596 -0.0671153 0.167434
v -67.9073 -6.13777 1300.86
vn 0.137924 -0.928723 -0.344167
v -67.6241 -6.29025 1302.13
vn -0.0963092 -0.981924 -0.16294
v -67.6155 -6.07219 1300.88
vn 0.223545 -0.735069 -0.640079
v -67.6155 -6.07219 1300.88
vn 0.521356 -0.820608 -0.234073
v -67.3382 -6.14239 1301.89
vn 0.482628 -0.875109 0.0354264
v -67.3382 -6.14239 1301.89
vn 0.145605 -0.911912 -0.383686
v -67.3382 -6.14239 1301.89
vn 0.799035 -0.560264 -0.218283
v -67.324 -6.27042 1302.2
vn 0.911036 -0.402656 -0.0887796
v -68.0935 -4.38094 1289.69
vn -0.549295 0.564863 0.615797
v -68.0935 -4.38094 1289.69
vn 0.955694 -0.284575 -0.0752759
v -68.0935 -4.38094 1289.69
vn 0.0735495 -0.975804 0.205907
v -68.0935 -4.38094 1289.69
vn 0.812738 -0.176004 -0.55541
v -68.0935 -4.38094 1289.69
vn 0.819599 0.514633 -0.251816
v -68.3239 -5.02403 1292.13
vn 0.362642 -0.43729 0.822964
v -68.3239 -5.02403 1292.13
vn 0.855246 0.115297 -0.505233
v -68.3622 -4.80731 1290.91
vn 0.819599 0.514633 -0.251816
v -68.4454 -4.72713 1292.34
vn -0.271779 -0.904849 0.327696
v -68.4454 -4.72713 1292.34
vn 0.362642 -0.43729 0.822964
v -68.4454 -4.72713 1292.34
vn 0.201809 0.962459 0.181512
v -68.4454 -4.72713 1292.34
vn -0.230575 -0.963688 0.134689
v -68.1036 -4.83819 1292.13
vn 0.362642 -0.43729 0.822964
v -68.1036 -4.83819 1292.13
vn 0.381168 -0.907738 0.175276
v -68.1036 -4.83819 1292.13
vn -0.242803 -0.891436 0.382608
v -68.1036 -4.83819 1292.13
vn 0.862126 0.0427522 -0.504887
v -68.0924 -4.49733 1290.23
vn 0.911036 -0.402656 -0.0887796
v -68.0924 -4.49733 1290.23
vn 0.862126 0.0427522 -0.504887
v -67.6968 -4.36053 1290.92
vn 0.36172 0.82393 0.436231
v -67.6968 -4.36053 1290.92
vn 0.422218 0.787243 -0.449422
v -67.6968 -4.36053 1290.92
vn 0.36172 0.82393 0.436231
v -67.8638 -4.27938 1290.9
vn 0.422218 0.787243 -0.449422
v -67.8638 -4.27938 1290.9
vn -0.0814705 0.990623 -0.109674
v -67.8638 -4.27938 1290.9
vn 0.137034 0.973419 0.183512
v -67.8928 -4.33534 1291.81
vn 0.557189 -0.818773 0.13839
v -67.8928 -4.33534 1291.81
vn 0.855246 0.115297 -0.505233
v -67.8928 -4.33534 1291.81
vn -0.291512 -0.837077 0.462951
v -67.8928 -4.33534 1291.81
vn 0.992876 -0.0434425 -0.110947
v -68.619 -5.36793 1292.51
vn -0.247492 -0.866509 0.433485
v -68.619 -5.36793 1292.51
vn -0.840162 0.0308129 0.541459
v -68.5233 -5.28642 1293.33
vn 0.904169 0.363759 -0.223957
v -68.5233 -5.28642 1293.33
vn 0.217031 0.95946 0.179818
v -68.7245 -5.25966 1294.29
vn -0.175669 -0.912417 0.369642
v -68.7245 -5.25966 1294.29
vn -0.840162 0.0308129 0.541459
v -68.7258 -4.98698 1293
vn 0.904169 0.363759 -0.223957
v -68.7258 -4.98698 1293
vn 0.952519 -0.24001 -0.187355
v -68.4053 -5.30215 1294.25
vn 0.158419 0.967964 0.194805
v -68.4053 -5.30215 1294.25
vn -0.08301 -0.953633 0.289298
v -68.4053 -5.30215 1294.25
vn 0.990088 -0.00897751 0.140163
v -68.4053 -5.30215 1294.25
vn 0.904169 0.363759 -0.223957
v -68.4194 -5.1744 1293.94
vn 0.109048 0.990415 -0.0847775
v -68.4194 -5.1744 1293.94
vn -0.633547 0.762082 0.133598
v -68.4194 -5.1744 1293.94
vn 0.319691 0.901914 -0.290428
v -68.4194 -5.1744 1293.94
vn 0.15934 0.961544 -0.223704
v -68.4492 -5.10089 1294.23
vn -0.42241 0.884976 0.195926
v -68.4482 -4.85369 1293.01
vn 0.975313 -0.200094 -0.0934189
v -68.4454 -4.95408 1293.44
vn -0.434655 0.8858 0.162584
v -68.4454 -4.95408 1293.44
vn -0.247492 -0.866509 0.433485
v -68.4454 -4.95408 1293.44
vn -0.557893 -0.0605661 0.8277
v -68.4454 -4.95408 1293.44
vn -0.705256 -0.101986 0.701578
v -68.1504 -4.93829 1293.64
vn 0.480849 -0.8759 -0.0398022
v -68.1504 -4.93829 1293.64
vn -0.0447579 -0.960149 0.275882
v -68.1504 -4.93829 1293.64
vn 0.381168 -0.907738 0.175276
v -68.1276 -4.79095 1292.42
vn 0.819599 0.514633 -0.251816
v -68.1255 -4.91724 1292.99
vn 0.24997 0.958785 -0.135083
v -68.1255 -4.91724 1292.99
vn -0.300682 0.945691 0.123527
v -68.1669 -4.79973 1293.33
vn -0.705256 -0.101986 0.701578
v -68.1749 -4.82572 1293.63
vn -0.460415 0.875851 0.144577
v -68.1749 -4.82572 1293.63
vn 0.362343 0.892835 -0.267493
v -67.8684 -4.82491 1293.65
vn 0.00536348 0.990725 -0.135776
v -67.8684 -4.82491 1293.65
vn 0.140306 0.978971 0.148089
v -67.8953 -4.4498 1292.42
vn -0.464081 0.86412 0.194746
v -67.7956 -4.53447 1293.03
vn 0.381168 -0.907738 0.175276
v -67.7956 -4.53447 1293.03
vn 0.143396 0.983253 0.112473
v -67.7956 -4.53447 1293.03
vn -0.405917 0.913849 0.0106011
v -67.7956 -4.53447 1293.03
vn -0.242803 -0.891436 0.382608
v -67.7956 -4.53447 1293.03
vn 0.592142 -0.792198 -0.147619
v -67.5979 -4.78436 1294.26
vn 0.109061 0.957831 -0.265831
v -67.5995 -4.71407 1293.96
vn 0.154828 0.962899 -0.221028
v -67.6291 -4.64162 1294.25
vn 0.855246 0.115297 -0.505233
v -67.493 -4.51161 1292.45
vn 0.497771 -0.864642 -0.0679563
v -67.493 -4.51161 1292.45
vn -0.319159 0.938986 -0.128233
v -67.493 -4.51161 1292.45
vn 0.59308 0.767582 -0.243051
v -67.493 -4.51161 1292.45
vn 0.59308 0.767582 -0.243051
v -67.3471 -4.33892 1293.35
vn -0.481539 0.863641 0.149144
v -67.1211 -4.31901 1293.96
vn 0.473319 -0.880881 -0.00420287
v -67.1211 -4.31901 1293.96
vn 0.59308 0.767582 -0.243051
v -67.1211 -4.31901 1293.96
vn 0.275419 0.945282 -0.17489
v -69.2805 -5.69758 1295.12
vn -0.325304 -0.574363 0.751189
v -68.5924 -5.9785 1296.68
vn 0.329662 -0.737095 0.589927
v -68.5924 -5.9785 1296.68
vn 0.990088 -0.00897751 0.140163
v -68.5823 -5.75803 1295.47
vn -0.600932 -0.382894 0.701622
v -68.5823 -5.75803 1295.47
vn 0.876458 0.474662 -0.0807339
v -68.5823 -5.75803 1295.47
vn 0.764802 -0.524342 -0.374357
v -68.5823 -5.75803 1295.47
vn 0.205185 -0.713179 0.67028
v -68.5823 -5.75803 1295.47
vn 0.27627 0.92283 -0.268441
v -68.5402 -5.68254 1296.37
vn 0.906532 -0.372292 -0.198995
v -68.5402 -5.68254 1296.37
vn 0.876458 0.474662 -0.0807339
v -68.5402 -5.68254 1296.37
vn 0.27627 0.92283 -0.268441
v -68.737 -5.62794 1296.35
vn -0.325304 -0.574363 0.751189
v -68.5386 -5.63807 1296.97
vn 0.991821 -0.0652398 -0.109701
v -68.5386 -5.63807 1296.97
vn -0.0587214 0.0595699 0.996495
v -68.5386 -5.63807 1296.97
vn 0.727705 0.533579 0.430975
v -68.5386 -5.63807 1296.97
vn 0.990088 -0.00897751 0.140163
v -68.5349 -5.46312 1295.15
vn 0.764802 -0.524342 -0.374357
v -68.5349 -5.46312 1295.15
vn -0.414822 0.892085 0.179187
v -68.7311 -5.40359 1295.14
vn 0.7312 0.110988 -0.673073
v -68.7311 -5.40359 1295.14
vn -0.79354 0.459809 0.398586
v -68.7311 -5.40359 1295.14
vn 0.0353274 0.986008 -0.162911
v -68.7311 -5.40359 1295.14
vn -0.600932 -0.382894 0.701622
v -68.7303 -5.48064 1295.49
vn 0.876458 0.474662 -0.0807339
v -68.7303 -5.48064 1295.49
vn -0.0587214 0.0595699 0.996495
v -68.4464 -5.67992 1296.98
vn 0.329662 -0.737095 0.589927
v -68.4464 -5.67992 1296.98
vn 0.42661 -0.896249 -0.12141
v -68.4464 -5.67992 1296.98
vn -0.731347 -0.110012 0.673075
v -68.4464 -5.67992 1296.98
vn -0.30259 0.93141 0.202275
v -68.4428 -5.44494 1295.76
vn 0.205185 -0.713179 0.67028
v -68.4428 -5.44494 1295.76
vn 0.309882 -0.949911 -0.0405276
v -68.4428 -5.44494 1295.76
vn -0.79354 0.459809 0.398586
v -68.4428 -5.44494 1295.76
vn -0.731496 -0.109289 0.67303
v -68.4428 -5.44494 1295.76
vn -0.0587214 0.0595699 0.996495
v -68.4658 -5.59084 1296.97
vn -0.731127 -0.110533 0.673228
v -68.4658 -5.59084 1296.97
vn 0.205185 -0.713179 0.67028
v -68.1563 -5.35196 1295.77
vn 0.450594 -0.892131 -0.0326683
v -68.1563 -5.35196 1295.77
vn 0.296934 0.891415 -0.342358
v -68.1563 -5.35196 1295.77
vn 0.845784 0.147511 -0.512728
v -68.1563 -5.35196 1295.77
vn -0.731496 -0.109289 0.67303
v -68.1665 -5.36815 1296.07
vn -0.0595859 0.0612583 0.996342
v -68.1665 -5.36815 1296.07
vn 0.329662 -0.737095 0.589927
v -68.1683 -5.54869 1296.98
vn 0.545958 -0.830511 -0.110365
v -68.1683 -5.54869 1296.98
vn 0.274563 0.891835 -0.359507
v -68.1683 -5.54869 1296.98
vn 0.00316124 0.990843 -0.134985
v -68.1683 -5.54869 1296.98
vn 0.105665 0.982024 -0.156408
v -68.1633 -5.31974 1295.77
vn 0.926389 0.178108 -0.331785
v -68.0593 -5.29168 1296.07
vn 0.175473 0.973125 -0.149122
v -68.0593 -5.29168 1296.07
vn -0.0595859 0.0612583 0.996342
v -68.0593 -5.29168 1296.07
vn 0.105665 0.982024 -0.156408
v -68.1879 -5.26987 1296.06
vn -0.731496 -0.109289 0.67303
v -68.1879 -5.26987 1296.06
vn -0.0595859 0.0612583 0.996342
v -68.1879 -5.26987 1296.06
vn 0.287963 0.935605 -0.204257
v -67.9975 -5.0377 1295.16
vn -0.267859 -0.878292 0.396049
v -67.9975 -5.0377 1295.16
vn -0.62927 0.756416 0.178478
v -67.9975 -5.0377 1295.16
vn -0.20737 -0.90862 0.362503
v -67.8839 -5.06849 1295.17
vn 0.636896 -0.672107 0.377673
v -67.8839 -5.06849 1295.17
vn 0.669771 -0.705749 -0.230924
v -67.807 -4.99553 1295.17
vn 0.319691 0.901914 -0.290428
v -67.807 -4.99553 1295.17
vn 0.284101 0.923706 0.257011
v -67.807 -4.99553 1295.17
vn 0.319691 0.901914 -0.290428
v -67.907 -4.9626 1295.16
vn 0.284101 0.923706 0.257011
v -67.907 -4.9626 1295.16
vn -0.623693 0.749188 0.222989
v -67.9044 -5.00606 1295.31
vn 0.636896 -0.672107 0.377673
v -67.9044 -5.00606 1295.31
vn 0.284101 0.923706 0.257011
v -67.9044 -5.00606 1295.31
vn -0.824877 -0.139393 0.547858
v -67.359 -4.60869 1294.91
vn -0.460415 0.875851 0.144577
v -67.359 -4.60869 1294.91
vn 0.352533 0.916348 -0.189805
v -67.359 -4.60869 1294.91
vn 0.802173 -0.58095 -0.137895
v -67.359 -4.60869 1294.91
vn 0.794192 0.21496 0.568376
v -68.664 -6.21467 1297.6
vn 0.898757 0.166055 -0.405784
v -68.664 -6.21467 1297.6
vn 0.846046 0.220242 0.485489
v -68.756 -6.04467 1298.79
vn -0.480856 -0.764308 0.429664
v -68.7628 -6.12812 1299.34
vn 0.578027 0.264009 0.772129
v -68.7628 -6.12812 1299.34
vn 0.916891 0.126221 -0.378654
v -68.7628 -6.12812 1299.34
vn -0.48175 0.864221 0.145048
v -68.7628 -6.12812 1299.34
vn -0.830942 -0.0826983 0.550178
v -68.7311 -6.11717 1299.39
vn 0.0587686 -0.0605634 -0.996433
v -68.7311 -6.11717 1299.39
vn -0.514088 0.846468 0.138586
v -68.7311 -6.11717 1299.39
vn 0.773106 0.380249 0.507659
v -68.5218 -5.91876 1297.29
vn 0.773106 0.380249 0.507659
v -68.745 -5.84316 1297.57
vn 0.898757 0.166055 -0.405784
v -68.745 -5.84316 1297.57
vn 0.815767 0.135868 -0.562195
v -68.745 -5.84316 1297.57
vn 0.772745 -0.436136 -0.461141
v -68.745 -5.84316 1297.57
vn 0.898757 0.166055 -0.405784
v -68.4392 -5.96485 1298.2
vn 0.846046 0.220242 0.485489
v -68.4392 -5.96485 1298.2
vn -0.0413981 0.997168 -0.0627902
v -68.4392 -5.96485 1298.2
vn -0.89879 -0.165995 0.405737
v -68.4392 -5.96485 1298.2
vn 0.772745 -0.436136 -0.461141
v -68.4392 -5.96485 1298.2
vn 0.239249 -0.944834 0.223718
v -68.4392 -5.96485 1298.2
vn -0.355368 0.930663 0.0870681
v -68.4778 -5.78779 1298.18
vn -0.89879 -0.165995 0.405737
v -68.4778 -5.78779 1298.18
vn 0.252226 -0.966162 0.0539721
v -68.204 -5.76234 1298.8
vn -0.391466 0.920142 0.00962393
v -68.204 -5.76234 1298.8
vn -0.564899 -0.586781 0.580153
v -68.204 -5.76234 1298.8
vn -0.731566 -0.10949 0.672922
v -68.1726 -5.59185 1297.29
vn -0.0590304 0.0611802 0.99638
v -68.1726 -5.59185 1297.29
vn 0.275565 0.944735 -0.177594
v -68.0854 -5.51571 1297.29
vn -0.0590304 0.0611802 0.99638
v -68.0854 -5.51571 1297.29
vn 0.0763911 0.976203 -0.202959
v -68.1959 -5.48509 1297.28
vn -0.0590304 0.0611802 0.99638
v -68.1959 -5.48509 1297.28
vn 0.772745 -0.436136 -0.461141
v -67.914 -5.68591 1298.81
vn 0.267622 -0.963479 -0.00934232
v -67.914 -5.68591 1298.81
vn 0.238021 -0.0207377 -0.971039
v -67.914 -5.68591 1298.81
vn -0.243167 0.959694 -0.140916
v -67.9189 -5.66307 1298.81
vn 0.238021 -0.0207377 -0.971039
v -67.9189 -5.66307 1298.81
vn 0.843535 -0.532956 -0.0663762
v -67.6345 -5.68651 1299.43
vn -0.564899 -0.586781 0.580153
v -67.6345 -5.68651 1299.43
vn 0.294622 -0.946173 -0.133991
v -67.6272 -5.60632 1298.88
vn -0.0715615 0.900181 -0.429597
v -67.6272 -5.60632 1298.88
vn 0.843535 -0.532956 -0.0663762
v -67.6272 -5.60632 1298.88
vn 0.762684 0.622305 -0.176207
v -67.6272 -5.60632 1298.88
vn 0.762684 0.622305 -0.176207
v -67.6622 -5.49656 1299.12
vn 0.0261744 -0.988441 0.149328
v -67.3656 -5.3241 1298.52
vn 0.764973 0.457145 -0.453689
v -67.3656 -5.3241 1298.52
vn 0.72314 -0.661895 -0.197391
v -67.3656 -5.3241 1298.52
vn -0.0460151 -0.980696 0.190046
v -67.389 -5.27985 1298.82
vn -0.971512 0.19783 0.130491
v -68.4944 -6.03841 1299.76
vn -0.173009 -0.979035 0.107508
v -68.4944 -6.03841 1299.76
vn 0.0935923 -0.0920767 0.991344
v -68.4944 -6.03841 1299.76
vn 0.540914 0.783474 0.30591
v -68.4944 -6.03841 1299.76
vn 0.874323 0.325966 -0.359589
v -68.4944 -6.03841 1299.76
vn -0.848641 -0.27813 0.449947
v -68.4944 -6.03841 1299.76
vn 0.437156 -0.696642 -0.568844
v -68.4944 -6.03841 1299.76
vn -0.526685 0.840554 0.126775
v -68.4944 -6.03841 1299.76
vn 0.641498 0.279395 -0.714436
v -68.2342 -5.93862 1300.32
vn 0.860279 0.30824 -0.40609
v -68.2342 -5.93862 1300.32
vn -0.815433 0.167612 0.554054
v -68.2342 -5.93862 1300.32
vn -0.53234 0.840736 0.0988772
v -68.2342 -5.93862 1300.32
vn -0.00785854 0.991827 0.127347
v -68.2342 -5.93862 1300.32
vn -0.472375 0.850515 -0.231271
v -68.2342 -5.93862 1300.32
vn -0.693952 -0.218426 0.686091
v -68.2342 -5.93862 1300.32
vn -0.0963092 -0.981924 -0.16294
v -67.9218 -5.89596 1300
vn 0.101035 0.994761 0.0155534
v -67.9218 -5.89596 1300
vn -0.463145 0.693694 -0.551621
v -67.9218 -5.89596 1300
vn -0.391454 0.919777 -0.0278328
v -67.9692 -5.81003 1300.63
vn -0.983596 -0.0671153 0.167434
v -67.9692 -5.81003 1300.63
vn 0.796265 -0.588399 -0.140529
v -67.621 -5.83955 1299.88
vn -0.395849 0.624478 -0.673299
v -67.621 -5.83955 1299.88
vn 0.796234 0.530939 -0.290027
v -67.621 -5.83955 1299.88
vn 0.796234 0.530939 -0.290027
v -67.6599 -5.69623 1300.03
vn 0.382625 0.909694 -0.161415
v -67.6599 -5.69623 1300.03
vn -0.564899 -0.586781 0.580153
v -67.504 -5.51702 1299.73
vn 0.762684 0.622305 -0.176207
v -67.504 -5.51702 1299.73
vn -0.508454 0.846173 0.159576
v -67.504 -5.51702 1299.73
vn 0.863705 0.4929 -0.105183
v -67.2406 -5.65492 1301.26
vn 0.796234 0.530939 -0.290027
v -67.2406 -5.65492 1301.26
vn 0.382625 0.909694 -0.161415
v -67.2406 -5.65492 1301.26
vn 0.533844 -0.790387 -0.300498
v -68.747 -2.56109 1281.72
vn 0.534297 -0.806572 0.252921
v -68.747 -2.56109 1281.72
vn 0.975398 0.215896 0.0445833
v -68.747 -2.56109 1281.72
vn 0.783505 0.0312597 -0.620598
v -69.2102 -3.14576 1282.63
vn -0.210799 -0.432152 0.876817
v -69.2102 -3.14576 1282.63
vn 0.139905 -0.0633308 0.988137
v -68.8688 -3.52872 1284.78
vn 0.616561 0.487884 -0.617917
v -68.8688 -3.52872 1284.78
vn 0.835428 -0.493756 0.241382
v -68.9241 -3.30067 1283.86
vn 0.672397 0.422509 -0.607757
v -68.9241 -3.30067 1283.86
vn -0.0394231 0.0486185 0.998039
v -68.9241 -3.30067 1283.86
vn 0.139905 -0.0633308 0.988137
v -69.0426 -3.25568 1284.82
vn 0.00531996 -0.743937 0.668229
v -69.0426 -3.25568 1284.82
vn 0.616561 0.487884 -0.617917
v -69.0426 -3.25568 1284.82
vn 0.741156 0.293156 -0.603943
v -69.0496 -3.02156 1283.84
vn -0.0394231 0.0486185 0.998039
v -69.0496 -3.02156 1283.84
vn 0.589617 0.780708 -0.206993
v -69.0496 -3.02156 1283.84
vn 0.783505 0.0312597 -0.620598
v -69.0556 -2.78851 1282.84
vn -0.107726 0.98191 0.155717
v -69.0556 -2.78851 1282.84
vn -0.210799 -0.432152 0.876817
v -69.0556 -2.78851 1282.84
vn 0.320988 -0.941849 0.0994312
v -68.7239 -3.29627 1284.77
vn 0.139905 -0.0633308 0.988137
v -68.7239 -3.29627 1284.77
vn 0.00531996 -0.743937 0.668229
v -68.7239 -3.29627 1284.77
vn 0.835428 -0.493756 0.241382
v -68.7136 -3.09177 1283.56
vn 0.0987848 -0.950199 0.295573
v -68.7136 -3.09177 1283.56
vn -0.0394231 0.0486185 0.998039
v -68.7465 -3.00379 1283.85
vn -0.0684733 0.902646 0.424903
v -68.7465 -3.00379 1283.85
vn 0.0904687 -0.919014 0.383705
v -68.7465 -3.00379 1283.85
vn -0.57456 0.728601 0.372856
v -68.7465 -3.00379 1283.85
vn 0.383391 0.883313 -0.269758
v -68.721 -3.18369 1284.16
vn -0.286212 0.930416 0.228928
v -68.7577 -3.07845 1284.46
vn -0.138184 0.977307 0.160547
v -68.7609 -2.74898 1282.93
vn 0.553762 -0.801053 0.227294
v -68.7609 -2.74898 1282.93
vn 0.783505 0.0312597 -0.620598
v -68.7259 -2.97254 1283.25
vn 0.617538 -0.735646 -0.278336
v -68.7259 -2.97254 1283.25
vn 0.444476 0.852974 -0.273637
v -68.7644 -2.85879 1283.54
vn -0.57456 0.728601 0.372856
v -68.7644 -2.85879 1283.54
vn -0.0798525 0.99239 0.0937294
v -68.7644 -2.85879 1283.54
vn 0.395514 0.77384 -0.494712
v -68.5647 -2.69639 1282.64
vn -0.0855017 0.989041 0.120364
v -68.5647 -2.69639 1282.64
vn 0.230447 -0.878249 0.419015
v -68.4476 -2.9679 1283.87
vn 0.493549 -0.737539 0.460918
v -68.2751 -2.85054 1283.87
vn 0.207468 0.92047 -0.331197
v -68.2751 -2.85054 1283.87
vn -0.0798525 0.99239 0.0937294
v -68.2751 -2.85054 1283.87
vn -0.57456 0.728601 0.372856
v -68.4742 -2.88195 1284.03
vn -0.0798525 0.99239 0.0937294
v -68.4742 -2.88195 1284.03
vn 0.841394 -0.161201 -0.51582
v -68.9577 -3.75691 1285.39
vn -0.106612 -0.813209 0.572123
v -68.9577 -3.75691 1285.39
vn -0.949648 0.0556766 0.308332
v -68.4756 -3.90023 1286.93
vn -0.574712 0.0703076 0.81533
v -68.4756 -3.90023 1286.93
vn 0.841394 -0.161201 -0.51582
v -68.5622 -3.6791 1286.01
vn -0.235021 -0.0916485 0.96766
v -68.5622 -3.6791 1286.01
vn 0.715187 0.272787 -0.643502
v -68.5622 -3.6791 1286.01
vn -0.949648 0.0556766 0.308332
v -68.7533 -3.41449 1285.99
vn -0.235021 -0.0916485 0.96766
v -68.7533 -3.41449 1285.99
vn 0.6519 0.419933 -0.631413
v -68.7533 -3.41449 1285.99
vn -0.3407 0.912179 0.227714
v -68.7533 -3.41449 1285.99
vn 0.407863 0.904066 0.127721
v -68.7533 -3.41449 1285.99
vn 0.768694 -0.447607 -0.4569
v -68.7533 -3.41449 1285.99
vn -0.681105 0.628175 0.376153
v -68.7533 -3.41449 1285.99
vn 0.593106 0.738131 -0.321538
v -68.7533 -3.41449 1285.99
vn -0.3407 0.912179 0.227714
v -68.4611 -3.53548 1286.91
vn -0.574712 0.0703076 0.81533
v -68.4611 -3.53548 1286.91
vn -0.0855598 0.966962 -0.240131
v -68.4611 -3.53548 1286.91
vn -0.235021 -0.0916485 0.96766
v -68.4644 -3.34588 1286.06
vn -0.307708 0.909404 0.279821
v -68.4644 -3.34588 1286.06
vn -0.106612 -0.813209 0.572123
v -68.4644 -3.34588 1286.06
vn 0.00531996 -0.743937 0.668229
v -67.9421 -2.99507 1285.1
vn 0.589199 0.542788 -0.598519
v -67.9421 -2.99507 1285.1
vn -0.280247 0.931 0.233882
v -67.9421 -2.99507 1285.1
vn 0.155313 0.935572 -0.317147
v -67.9421 -2.99507 1285.1
vn 0.325198 -0.934634 0.143896
v -67.8847 -3.23956 1286.32
vn -0.345971 0.832687 0.432362
v -67.8847 -3.23956 1286.32
vn 0.616561 0.487884 -0.617917
v -67.6012 -3.13655 1286.35
vn -0.322856 0.890345 0.321015
v -67.6012 -3.13655 1286.35
vn 0.407863 0.904066 0.127721
v -68.4509 -3.89701 1288.44
vn 0.052915 0.968734 -0.242393
v -68.4509 -3.89701 1288.44
vn -0.549295 0.564863 0.615797
v -68.4471 -4.04455 1289.07
vn 0.812738 -0.176004 -0.55541
v -68.4471 -4.04455 1289.07
vn 0.659995 -0.165817 -0.732742
v -68.1132 -3.9131 1287.86
vn 0.58148 -0.776298 -0.243397
v -68.1048 -4.01451 1288.16
vn 0.955694 -0.284575 -0.0752759
v -68.1048 -4.01451 1288.16
vn 0.0965598 0.952966 -0.287285
v -68.1048 -4.01451 1288.16
vn -0.681105 0.628175 0.376153
v -68.1048 -4.01451 1288.16
vn 0.283043 -0.95887 -0.0213429
v -68.1048 -4.01451 1288.16
vn 0.955694 -0.284575 -0.0752759
v -67.982 -3.92099 1289.37
vn -0.402508 0.88728 0.225215
v -67.982 -3.92099 1289.37
vn 0.148789 -0.986962 0.0613829
v -67.982 -3.92099 1289.37
vn -0.239671 -0.779671 0.578507
v -67.982 -3.92099 1289.37
vn 0.487946 -0.867818 -0.0938124
v -67.31 -3.31354 1287.57
vn 0.0587953 -0.0605577 -0.996432
v -67.31 -3.31354 1287.57
vn -0.742945 0.554228 0.375319
v -67.31 -3.31354 1287.57
vn -0.403077 -0.75896 0.51138
v -67.31 -3.31354 1287.57
vn 0.217085 -0.976148 0.00297068
v -67.31 -3.31354 1287.57
vn 0.659995 -0.165817 -0.732742
v -67.3136 -3.48578 1288.48
vn 0.593106 0.738131 -0.321538
v -67.3136 -3.48578 1288.48
vn 0.341946 0.795975 -0.499496
v -67.3136 -3.48578 1288.48
vn -0.32582 0.943912 0.0535888
v -67.3136 -3.48578 1288.48
vn -0.3407 0.912179 0.227714
v -67.319 -3.27209 1287.56
vn 0.0587742 -0.0602763 -0.99645
v -67.319 -3.27209 1287.56
vn -0.148644 0.971142 -0.186515
v -67.319 -3.27209 1287.56
vn 0.911036 -0.402656 -0.0887796
v -67.8867 -4.11642 1290.62
vn -0.480761 0.826889 0.291758
v -67.8867 -4.11642 1290.62
vn 0.36172 0.82393 0.436231
v -67.8867 -4.11642 1290.62
vn -0.0477739 -0.957307 0.285099
v -67.8867 -4.11642 1290.62
vn -0.727627 -0.109287 0.677211
v -67.8867 -4.11642 1290.62
vn -0.14043 -0.97017 -0.197611
v -68.5141 -0.711647 1274.39
vn 0.323649 -0.919979 0.221111
v -69.3478 -1.67482 1277.11
vn -0.377649 0.254242 0.890361
v -69.4489 -1.16125 1276.84
vn 0.157552 0.976311 -0.148303
v -69.4489 -1.16125 1276.84
vn -0.443627 0.764599 0.46753
v -69.4489 -1.16125 1276.84
vn 0.941527 -0.33444 0.0409377
v -69.0415 -1.3822 1276.81
vn 0.299887 -0.626183 -0.719697
v -69.0415 -1.3822 1276.81
vn -0.325257 -0.396015 0.858708
v -69.0415 -1.3822 1276.81
vn 0.289989 -0.703744 0.648576
v -69.0415 -1.3822 1276.81
vn 0.901262 -0.31214 -0.300491
v -69.1063 -1.06097 1275.58
vn 0.941527 -0.33444 0.0409377
v -68.9115 -1.09106 1276.2
vn 0.901262 -0.31214 -0.300491
v -68.9115 -1.09106 1276.2
vn 0.0154911 0.880796 -0.473243
v -68.9115 -1.09106 1276.2
vn 0.649187 0.730216 0.212934
v -68.9115 -1.09106 1276.2
vn -0.0479126 0.0601325 0.99704
v -68.9115 -1.09106 1276.2
vn 0.0154911 0.880796 -0.473243
v -69.1742 -0.938019 1276.47
vn 0.649187 0.730216 0.212934
v -69.1742 -0.938019 1276.47
vn 0.649187 0.730216 0.212934
v -69.1813 -0.84388 1276.17
vn -0.0377579 0.0597677 0.997498
v -69.1813 -0.84388 1276.17
vn 0.233323 -0.94752 0.218554
v -68.8062 -1.40811 1277.43
vn 0.157374 -0.839216 -0.520529
v -68.8062 -1.40811 1277.43
vn 0.856634 -0.241575 -0.455873
v -68.8338 -1.2184 1277.11
vn -0.0710467 0.983182 -0.168241
v -68.8338 -1.2184 1277.11
vn 0.157374 -0.839216 -0.520529
v -68.8338 -1.2184 1277.11
vn 0.448604 -0.208274 -0.869124
v -68.8338 -1.2184 1277.11
vn -0.489106 0.223156 0.843195
v -68.8338 -1.2184 1277.11
vn -0.111855 -0.98972 0.0891196
v -68.8565 -0.925655 1276.19
vn -0.0580624 0.060491 0.996479
v -68.8565 -0.925655 1276.19
vn -0.731374 -0.110006 0.673046
v -68.8565 -0.925655 1276.19
vn -0.371451 0.928394 0.0104586
v -68.8565 -0.925655 1276.19
vn 0.0154911 0.880796 -0.473243
v -68.8684 -0.933822 1276.49
vn -0.280363 0.954296 0.103522
v -68.8684 -0.933822 1276.49
vn -0.372211 -0.924064 -0.0869725
v -68.8684 -0.933822 1276.49
vn 0.299887 -0.626183 -0.719697
v -68.8684 -0.933822 1276.49
vn 0.83344 -0.0349973 -0.551501
v -68.8742 -1.02097 1277.04
vn -0.291338 0.929897 0.22453
v -68.8742 -1.02097 1277.04
vn -0.325257 -0.396015 0.858708
v -68.8742 -1.02097 1277.04
vn -0.555531 -0.828847 0.0663195
v -68.7435 -0.987718 1277.1
vn -0.325257 -0.396015 0.858708
v -68.7435 -0.987718 1277.1
vn 0.289989 -0.703744 0.648576
v -68.7435 -0.987718 1277.1
vn -0.368547 0.885505 0.282938
v -68.7435 -0.987718 1277.1
vn -0.489106 0.223156 0.843195
v -68.7435 -0.987718 1277.1
vn -0.354183 0.893234 0.276927
v -68.8978 -0.736076 1276.18
vn -0.731374 -0.110006 0.673046
v -68.8978 -0.736076 1276.18
vn 0.299887 -0.626183 -0.719697
v -68.5272 -1.15497 1276.83
vn -0.555531 -0.828847 0.0663195
v -68.5272 -1.15497 1276.83
vn 0.289989 -0.703744 0.648576
v -68.5272 -1.15497 1276.83
vn 0.244724 -0.941003 -0.233716
v -68.5272 -1.15497 1276.83
vn 0.407347 -0.884287 -0.228263
v -68.515 -1.02196 1275.92
vn 0.163069 -0.949616 0.267651
v -68.213 -1.31512 1277.46
vn 0.448604 -0.208274 -0.869124
v -68.213 -1.31512 1277.46
vn -0.555531 -0.828847 0.0663195
v -68.213 -1.31512 1277.46
vn 0.438025 -0.875692 -0.203218
v -68.213 -1.31512 1277.46
vn -0.847656 -0.516261 -0.122289
v -68.213 -1.31512 1277.46
vn 0.482779 -0.846599 -0.224044
v -68.213 -1.31512 1277.46
vn 0.573888 -0.30714 -0.759156
v -68.213 -1.31512 1277.46
vn -0.526081 0.22266 0.820769
v -68.213 -1.31512 1277.46
vn 0.0772218 -0.691356 0.718375
v -68.213 -1.31512 1277.46
vn -0.375433 0.900144 0.220889
v -68.3161 -0.71643 1276.81
vn 0.783511 -0.541717 0.30439
v -67.948 -0.934758 1276.55
vn 0.731368 0.109986 -0.673055
v -67.948 -0.934758 1276.55
vn 0.509765 -0.846738 -0.152234
v -67.6671 -0.879253 1276.86
vn 0.0586957 -0.0604131 -0.996446
v -67.6671 -0.879253 1276.86
vn 0.783511 -0.541717 0.30439
v -67.6765 -0.709973 1276.25
vn 0.0097863 -0.935692 0.352683
v -67.6765 -0.709973 1276.25
vn 0.0586957 -0.0604131 -0.996446
v -67.4456 -0.722494 1276.86
vn 0.502072 0.717577 -0.482708
v -67.4456 -0.722494 1276.86
vn 0.783511 -0.541717 0.30439
v -67.7518 -0.49046 1276.83
vn 0.731368 0.109986 -0.673055
v -67.7518 -0.49046 1276.83
vn 0.00110782 -0.880624 0.473815
v -67.7518 -0.49046 1276.83
vn 0.0586957 -0.0604131 -0.996446
v -67.7518 -0.49046 1276.83
vn 0.557985 0.668253 -0.492027
v -67.7518 -0.49046 1276.83
vn -0.11775 0.776047 -0.619585
v -67.4964 -0.49343 1275.94
vn 0.950456 0.188992 -0.246812
v -67.4964 -0.49343 1275.94
vn 0.728939 0.0365077 0.683604
v -67.4964 -0.49343 1275.94
vn -0.365905 -0.452724 0.813114
v -67.4964 -0.49343 1275.94
vn -0.789873 0.0420386 0.611828
v -67.4964 -0.49343 1275.94
vn -0.11775 0.776047 -0.619585
v -67.7627 -0.314747 1276.22
vn 0.728939 0.0365077 0.683604
v -67.7627 -0.314747 1276.22
vn 0.950456 0.188992 -0.246812
v -67.4078 -0.535568 1276.25
vn 0.0585236 -0.06065 -0.996442
v -67.4078 -0.535568 1276.25
vn 0.0585236 -0.06065 -0.996442
v -67.2601 -0.419062 1276.25
vn 0.542225 0.62758 -0.55869
v -67.2601 -0.419062 1276.25
vn 0.950456 0.188992 -0.246812
v -67.4681 -0.258846 1276.23
vn -0.0565524 0.997889 0.0319203
v -67.4681 -0.258846 1276.23
vn 0.0585236 -0.06065 -0.996442
v -67.4681 -0.258846 1276.23
vn 0.542225 0.62758 -0.55869
v -67.4681 -0.258846 1276.23
vn 0.580874 0.525864 -0.621331
v -69.3421 -2.17866 1279.43
vn 0.452587 0.862968 -0.224614
v -69.3421 -2.17866 1279.43
vn 0.179631 -0.946838 -0.266892
v -69.3421 -2.17866 1279.43
vn -0.329101 0.805907 -0.492145
v -69.3421 -2.17866 1279.43
vn -0.15279 0.987342 0.0425602
v -69.3904 -2.04575 1279.84
vn -0.425128 0.89369 0.143473
v -69.3904 -2.04575 1279.84
vn 0.557299 0.601153 -0.572742
v -69.3317 -1.96244 1278.15
vn 0.530238 -0.769453 -0.356076
v -69.0398 -2.24711 1279.87
vn 0.340216 -0.940307 -0.00871101
v -69.0398 -2.24711 1279.87
vn -0.121825 -0.727782 0.674901
v -69.0733 -1.9676 1279.25
vn 0.347301 -0.808372 -0.475307
v -69.0733 -1.9676 1279.25
vn 0.377413 -0.925119 0.0414126
v -69.0733 -1.9676 1279.25
vn -0.207567 0.737748 -0.642374
v -69.0473 -2.11613 1279.4
vn 0.495361 0.726819 -0.475765
v -69.0473 -2.11613 1279.4
vn 0.495361 0.726819 -0.475765
v -69.0812 -1.99428 1279.55
vn 0.731378 0.109836 -0.673069
v -69.0812 -1.99428 1279.55
vn 0.317346 -0.898239 0.304068
v -69.1004 -1.71749 1278.63
vn 0.442301 0.769705 -0.460352
v -69.1004 -1.71749 1278.63
vn 0.694881 0.310673 -0.648554
v -69.0099 -1.6155 1277.73
vn -0.00980141 0.0282126 0.999554
v -69.0099 -1.6155 1277.73
vn 0.694881 0.310673 -0.648554
v -69.1428 -1.33731 1277.72
vn -0.00980141 0.0282126 0.999554
v -69.1428 -1.33731 1277.72
vn 0.633056 0.74197 -0.22073
v -69.1428 -1.33731 1277.72
vn 0.217359 -0.942752 0.252931
v -68.8333 -1.34657 1277.72
vn -0.52806 0.720581 0.449351
v -68.8333 -1.34657 1277.72
vn -0.00980141 0.0282126 0.999554
v -68.8333 -1.34657 1277.72
vn 0.0274062 0.982142 0.186134
v -68.8333 -1.34657 1277.72
vn 0.694881 0.310673 -0.648554
v -68.8001 -1.55094 1277.98
vn 0.633056 0.74197 -0.22073
v -68.8001 -1.55094 1277.98
vn 0.147207 0.920621 -0.361646
v -68.8001 -1.55094 1277.98
vn -0.421888 0.788034 0.448344
v -68.8473 -1.4085 1278.33
vn 0.15623 0.945583 -0.285419
v -68.8473 -1.4085 1278.33
vn -0.731432 -0.109516 0.673063
v -68.8473 -1.4085 1278.33
vn 0.377413 -0.925119 0.0414126
v -68.5101 -1.73698 1279.27
vn -0.144367 -0.929422 0.339607
v -68.5101 -1.73698 1279.27
vn -0.306716 0.783935 0.539788
v -68.5322 -1.50965 1278.65
vn -0.723517 -0.107132 0.681943
v -68.5322 -1.50965 1278.65
vn -0.0919232 -0.988873 -0.116964
v -68.5322 -1.50965 1278.65
vn -0.409744 -0.621875 0.667369
v -68.5322 -1.50965 1278.65
vn 0.442301 0.769705 -0.460352
v -68.5144 -1.70596 1279.21
vn 0.248022 -0.838856 -0.484567
v -68.5144 -1.70596 1279.21
vn 0.229743 -0.0214551 -0.973015
v -68.5144 -1.70596 1279.21
vn -0.407923 0.905506 -0.116867
v -68.5144 -1.70596 1279.21
vn -0.769982 0.567715 0.291252
v -68.5144 -1.70596 1279.21
vn 0.15623 0.945583 -0.285419
v -68.5258 -1.46728 1278.31
vn -0.103392 -0.986979 -0.123219
v -68.5258 -1.46728 1278.31
vn -0.554279 -0.399924 -0.729956
v -68.5258 -1.46728 1278.31
vn -0.953765 0.259033 -0.152426
v -68.5258 -1.46728 1278.31
vn -0.723517 -0.107132 0.681943
v -68.5584 -1.38954 1278.64
vn -0.953765 0.259033 -0.152426
v -68.5584 -1.38954 1278.64
vn -0.517941 0.660562 -0.543503
v -68.5584 -1.38954 1278.64
vn 0.312358 0.853024 0.418071
v -68.5584 -1.38954 1278.64
vn -0.365567 0.891862 0.26635
v -68.5584 -1.38954 1278.64
vn -0.497003 0.797486 0.34206
v -68.3967 -1.15124 1278.04
vn -0.847656 -0.516261 -0.122289
v -68.3967 -1.15124 1278.04
vn -0.554279 -0.399924 -0.729956
v -68.3967 -1.15124 1278.04
vn -0.953765 0.259033 -0.152426
v -68.3967 -1.15124 1278.04
vn 0.312358 0.853024 0.418071
v -68.3967 -1.15124 1278.04
vn -0.292517 -0.434971 0.851607
v -68.3967 -1.15124 1278.04
vn 0.146961 -0.948703 -0.279939
v -68.2125 -1.69505 1279.29
vn -0.692891 -0.201909 -0.692195
v -68.2125 -1.69505 1279.29
vn -0.847553 -0.351161 -0.397919
v -67.9213 -1.83309 1279.91
vn -0.847656 -0.516261 -0.122289
v -68.2065 -1.47069 1278.07
vn -0.554279 -0.399924 -0.729956
v -68.2065 -1.47069 1278.07
vn 0.324032 -0.590172 -0.739391
v -68.2065 -1.47069 1278.07
vn 0.450205 -0.864248 -0.22448
v -68.2065 -1.47069 1278.07
vn -0.326739 0.938141 -0.114603
v -68.2389 -1.57383 1279.28
vn -0.692891 -0.201909 -0.692195
v -68.2389 -1.57383 1279.28
vn -0.502243 -0.728676 -0.465599
v -68.2389 -1.57383 1279.28
vn -0.586393 0.655278 0.476187
v -68.2389 -1.57383 1279.28
vn -0.131774 -0.668889 0.731589
v -68.2512 -1.611 1279.73
vn 0.3033 0.896489 -0.322981
v -68.2512 -1.611 1279.73
vn 0.377413 -0.925119 0.0414126
v -68.2512 -1.611 1279.73
vn -0.118204 -0.910215 0.396908
v -68.2512 -1.611 1279.73
vn -0.640542 0.689385 0.338312
v -68.2512 -1.611 1279.73
vn -0.0915284 -0.887061 0.452488
v -68.0275 -1.55014 1279.89
vn -0.410825 0.83458 0.367013
v -68.0275 -1.55014 1279.89
vn 0.675235 0.248313 -0.694549
v -68.0275 -1.55014 1279.89
vn -0.331142 -0.0615818 0.941569
v -68.0275 -1.55014 1279.89
vn -0.949528 0.0766456 -0.304174
v -68.0275 -1.55014 1279.89
vn -0.313609 0.9079 0.278149
v -68.0275 -1.55014 1279.89
vn -0.409744 -0.621875 0.667369
v -68.2564 -1.36049 1278.96
vn -0.502243 -0.728676 -0.465599
v -68.2564 -1.36049 1278.96
vn -0.586393 0.655278 0.476187
v -68.2564 -1.36049 1278.96
vn -0.352829 0.893191 0.278784
v -68.2564 -1.36049 1278.96
vn -0.417174 0.25096 0.87349
v -68.2564 -1.36049 1278.96
vn 0.520686 0.557377 -0.646697
v -68.2564 -1.36049 1278.96
vn 0.105163 0.98051 -0.165954
v -68.2564 -1.36049 1278.96
vn 0.699676 -0.638143 -0.321288
v -67.9005 -1.84524 1279.92
vn 0.684689 0.21246 -0.697182
v -67.9005 -1.84524 1279.92
vn 0.552191 -0.497421 0.669072
v -67.9005 -1.84524 1279.92
vn -0.331142 -0.0615818 0.941569
v -67.9005 -1.84524 1279.92
vn 0.490016 -0.832763 -0.257663
v -67.9005 -1.84524 1279.92
vn -0.118204 -0.910215 0.396908
v -67.9169 -1.70695 1279.6
vn -0.44853 -0.824998 -0.3438
v -67.9169 -1.70695 1279.6
vn -0.919734 -0.358538 -0.15981
v -67.9169 -1.70695 1279.6
vn 0.699676 -0.638143 -0.321288
v -67.9169 -1.70695 1279.6
vn 0.122919 -0.94448 0.304711
v -67.9169 -1.70695 1279.6
vn 0.263811 -0.950559 -0.163831
v -67.9123 -1.59376 1278.96
vn 0.375805 -0.902221 -0.211585
v -67.9123 -1.59376 1278.96
vn -0.409744 -0.621875 0.667369
v -67.9123 -1.59376 1278.96
vn -0.502243 -0.728676 -0.465599
v -67.9123 -1.59376 1278.96
vn 0.789433 -0.0735455 -0.609415
v -67.9123 -1.59376 1278.96
vn -0.394087 -0.314163 0.863711
v -67.9123 -1.59376 1278.96
vn 0.192595 -0.834345 0.516503
v -67.9123 -1.59376 1278.96
vn 0.491276 -0.836546 -0.242568
v -67.9307 -1.32902 1278.08
vn 0.892486 -0.195296 -0.406605
v -67.9307 -1.32902 1278.08
vn -0.535093 0.693652 -0.482205
v -67.9307 -1.32902 1278.08
vn 0.468403 -0.733122 0.493083
v -67.9307 -1.32902 1278.08
vn 0.324032 -0.590172 -0.739391
v -67.9265 -1.35225 1278.1
vn -0.519287 0.650412 -0.554352
v -67.9265 -1.35225 1278.1
vn 0.312358 0.853024 0.418071
v -67.9265 -1.35225 1278.1
vn 0.892486 -0.195296 -0.406605
v -67.9265 -1.35225 1278.1
vn -0.292517 -0.434971 0.851607
v -67.9265 -1.35225 1278.1
vn 0.255092 0.817666 -0.516091
v -67.9265 -1.35225 1278.1
vn 0.255092 0.817666 -0.516091
v -67.9798 -1.16657 1278.36
vn -0.223673 -0.929659 -0.292752
v -67.9798 -1.16657 1278.36
vn 0.468403 -0.733122 0.493083
v -67.9798 -1.16657 1278.36
vn 0.458919 -0.867182 -0.193364
v -67.6332 -1.5381 1279.31
vn -0.417174 0.25096 0.87349
v -67.6332 -1.5381 1279.31
vn 0.520686 0.557377 -0.646697
v -67.6332 -1.5381 1279.31
vn -0.023189 -0.881417 0.47177
v -67.6531 -1.57306 1279.91
vn 0.552191 -0.497421 0.669072
v -67.6531 -1.57306 1279.91
vn -0.331142 -0.0615818 0.941569
v -67.6816 -1.46537 1280.02
vn -0.390346 0.840861 0.374943
v -67.6816 -1.46537 1280.02
vn -0.301423 -0.701503 0.645785
v -67.6816 -1.46537 1280.02
vn -0.223673 -0.929659 -0.292752
v -67.6621 -1.1539 1278.08
vn 0.468403 -0.733122 0.493083
v -67.6621 -1.1539 1278.08
vn 0.88571 -0.380644 -0.265758
v -67.6621 -1.1539 1278.08
vn -0.119904 -0.844748 0.521559
v -67.6621 -1.1539 1278.08
vn 0.255092 0.817666 -0.516091
v -67.6158 -1.26281 1278.39
vn -0.223673 -0.929659 -0.292752
v -67.6158 -1.26281 1278.39
vn 0.88571 -0.380644 -0.265758
v -67.6158 -1.26281 1278.39
vn -0.415413 -0.0674506 0.907129
v -67.6158 -1.26281 1278.39
vn 0.732285 0.195385 -0.652368
v -67.6158 -1.26281 1278.39
vn -0.394087 -0.314163 0.863711
v -67.6976 -1.22199 1279.19
vn -0.417174 0.25096 0.87349
v -67.6976 -1.22199 1279.19
vn -0.362411 0.886052 0.289086
v -67.6976 -1.22199 1279.19
vn -0.292517 -0.434971 0.851607
v -67.7176 -0.962124 1278.37
vn -0.526011 0.6824 -0.507586
v -67.7176 -0.962124 1278.37
vn -0.398953 0.867624 0.296757
v -67.7176 -0.962124 1278.37
vn -0.256639 0.919087 0.299024
v -67.7176 -0.962124 1278.37
vn -0.415413 -0.0674506 0.907129
v -67.7176 -0.962124 1278.37
vn 0.732285 0.195385 -0.652368
v -67.7176 -0.962124 1278.37
vn 0.100471 0.994635 -0.0246522
v -67.7176 -0.962124 1278.37
vn 0.27602 -0.881305 0.383554
v -67.3558 -1.52956 1279.93
vn -0.21563 0.957156 0.193277
v -67.4078 -1.29086 1279.91
vn 0.573888 -0.30714 -0.759156
v -67.1295 -0.870765 1278.1
vn 0.123954 0.882859 0.452985
v -67.1295 -0.870765 1278.1
vn 0.218982 0.906029 -0.362157
v -67.1295 -0.870765 1278.1
vn 0.186218 0.911473 -0.366796
v -67.4286 -0.818068 1278.07
vn -0.415413 -0.0674506 0.907129
v -67.4287 -0.905942 1278.5
vn -0.413879 0.857876 0.304553
v -67.4287 -0.905942 1278.5
vn -0.236173 -0.77554 0.585458
v -67.4287 -0.905942 1278.5
vn -0.320947 0.917643 0.234361
v -67.4501 -0.657016 1277.77
vn -0.489106 0.223156 0.843195
v -67.4501 -0.657016 1277.77
vn 0.573888 -0.30714 -0.759156
v -67.4501 -0.657016 1277.77
vn -0.526081 0.22266 0.820769
v -67.4501 -0.657016 1277.77
vn 0.543127 -0.78718 -0.292165
v -69.0288 -2.58903 1281.29
vn 0.975394 0.215911 0.0446035
v -69.0288 -2.58903 1281.29
vn 0.822527 0.13823 -0.551672
v -69.0288 -2.58903 1281.29
vn 0.463593 0.701528 -0.54124
v -69.0288 -2.58903 1281.29
vn 0.975394 0.215911 0.0446035
v -69.0551 -2.4917 1281.39
vn 0.0853364 0.992263 -0.0901725
v -69.0551 -2.4917 1281.39
vn 0.463593 0.701528 -0.54124
v -69.0551 -2.4917 1281.39
vn 0.0434154 0.983648 0.17479
v -69.0387 -2.35196 1280.36
vn 0.598944 -0.784374 -0.161318
v -69.0387 -2.35196 1280.36
vn -0.13661 0.924766 -0.355169
v -69.0387 -2.35196 1280.36
vn -0.111828 0.946405 0.303004
v -69.0911 -2.20063 1280.77
vn -0.258358 0.888177 0.379991
v -69.0834 -2.30602 1281.11
vn 0.975394 0.215911 0.0446035
v -69.0834 -2.30602 1281.11
vn 0.0247578 -0.951887 0.305447
v -69.0834 -2.30602 1281.11
vn -0.129843 -0.733403 0.667279
v -69.0959 -2.06627 1280.22
vn 0.0247578 -0.951887 0.305447
v -68.7757 -2.30338 1281.1
vn -0.00722088 0.951714 0.306902
v -68.7757 -2.30338 1281.1
vn 0.463593 0.701528 -0.54124
v -68.7745 -2.43472 1281.71
vn -0.015435 0.997566 -0.0679947
v -68.7745 -2.43472 1281.71
vn 0.975398 0.215896 0.0445833
v -68.7745 -2.43472 1281.71
vn 0.534297 -0.806572 0.252921
v -68.7803 -2.47897 1282.05
vn -0.214605 0.955211 0.203755
v -68.7803 -2.47897 1282.05
vn 0.975398 0.215896 0.0445833
v -68.7803 -2.47897 1282.05
vn 0.756401 -0.612894 -0.228514
v -68.7846 -2.19955 1280.79
vn -0.0222064 0.947169 0.319966
v -68.7846 -2.19955 1280.79
vn 0.495361 0.726819 -0.475765
v -68.4994 -1.97491 1280.19
vn 0.73141 0.109845 -0.673033
v -68.4994 -1.97491 1280.19
vn -0.285565 0.950864 0.119627
v -68.523 -1.92958 1280.49
vn -0.129843 -0.733403 0.667279
v -68.523 -1.92958 1280.49
vn -0.0588926 0.0607845 0.996412
v -68.523 -1.92958 1280.49
vn -0.247389 0.968606 -0.0245132
v -68.5146 -1.90528 1280.18
vn 0.123291 -0.985134 -0.119624
v -68.5146 -1.90528 1280.18
vn 0.731441 0.109855 -0.672998
v -68.2211 -1.90724 1280.5
vn 0.0644423 -0.985721 0.15557
v -68.2211 -1.90724 1280.5
vn -0.227958 0.022232 0.973417
v -68.2211 -1.90724 1280.5
vn -0.722857 -0.322027 -0.611372
v -68.1529 -1.8623 1280.2
vn -0.10486 0.972768 -0.206706
v -68.1529 -1.8623 1280.2
vn -0.949528 0.0766456 -0.304174
v -68.1529 -1.8623 1280.2
vn -0.254358 0.964318 -0.0734397
v -68.2424 -1.80977 1280.5
vn -0.949528 0.0766456 -0.304174
v -68.2424 -1.80977 1280.5
vn -0.313609 0.9079 0.278149
v -68.2424 -1.80977 1280.5
vn -0.180425 0.924007 0.337133
v -67.3975 -1.40138 1280.22
vn -0.239365 0.960743 0.140274
v -68.4584 1.4474 1269.45
vn -0.598906 0.530932 0.599518
v -68.4584 1.4474 1269.45
vn 0.937514 -0.1504 -0.313763
v -68.0009 1.36141 1269.18
vn 0.90302 -0.0183072 -0.429208
v -68.0009 1.36141 1269.18
vn -0.410944 -0.263205 0.872839
v -68.0009 1.36141 1269.18
vn 0.479185 -0.798324 0.364775
v -68.0009 1.36141 1269.18
vn 0.601866 0.513893 -0.611286
v -68.0009 1.36141 1269.18
vn 0.485563 -0.856062 -0.177164
v -68.0009 1.36141 1269.18
vn 0.937514 -0.1504 -0.313763
v -67.8696 1.56065 1269.47
vn -0.191414 0.979429 0.0638701
v -67.8696 1.56065 1269.47
vn 0.601866 0.513893 -0.611286
v -67.8696 1.56065 1269.47
vn 0.759745 0.581009 -0.291917
v -67.5597 1.42008 1270.1
vn 0.485563 -0.856062 -0.177164
v -67.5597 1.42008 1270.1
vn 0.00858513 -0.783262 0.621632
v -67.5597 1.42008 1270.1
vn 0.496427 -0.78842 0.363256
v -67.5639 1.62813 1269.19
vn 0.496427 -0.78842 0.363256
v -67.6018 1.73888 1269.48
vn -0.0827964 0.928385 0.362278
v -67.6018 1.73888 1269.48
vn -0.598906 0.530932 0.599518
v -67.5902 1.52922 1270.24
vn -0.285285 0.933905 0.215487
v -67.5902 1.52922 1270.24
vn 0.00858513 -0.783262 0.621632
v -67.5902 1.52922 1270.24
vn -0.380754 -0.189809 0.904985
v -68.0622 0.785318 1270.71
vn 0.00499091 -0.573023 0.819524
v -68.0622 0.785318 1270.71
vn 0.760741 -0.102466 -0.640916
v -68.0622 0.785318 1270.71
vn 0.210338 0.931863 -0.295616
v -68.055 0.689258 1271.02
vn 0.844306 0.145899 -0.515616
v -68.055 0.689258 1271.02
vn 0.0315838 -0.943725 0.32922
v -68.1289 0.898089 1271.63
vn 0.210338 0.931863 -0.295616
v -68.1289 0.898089 1271.63
vn -0.232982 0.752794 -0.615646
v -67.6789 0.449426 1272.56
vn 0.885743 0.439504 0.149318
v -67.6789 0.449426 1272.56
vn -0.352867 -0.408685 0.841702
v -67.6789 0.449426 1272.56
vn 0.676377 0.331014 -0.657985
v -67.6789 0.449426 1272.56
vn 0.885743 0.439504 0.149318
v -67.8302 0.729635 1272.64
vn -0.352867 -0.408685 0.841702
v -67.8302 0.729635 1272.64
vn -0.359443 -0.3348 0.871039
v -67.8569 1.21097 1270.89
vn 0.760741 -0.102466 -0.640916
v -67.8569 1.21097 1270.89
vn -0.293183 0.905718 -0.306136
v -67.8569 1.21097 1270.89
vn -0.42071 0.826491 0.374053
v -67.8569 1.21097 1270.89
vn -0.805677 0.30475 0.507949
v -67.8569 1.21097 1270.89
vn 0.347778 0.912082 -0.217155
v -67.8569 1.21097 1270.89
vn -0.3652 -0.689324 0.625669
v -67.5028 0.65527 1272.56
vn 0.110285 -0.936309 0.333411
v -67.5028 0.65527 1272.56
vn 0.0244676 -0.72049 0.693034
v -67.5583 1.22477 1271.02
vn -0.401055 0.873112 0.277184
v -67.812 0.414825 1273.76
vn -0.058159 0.99016 -0.127286
v -67.812 0.414825 1273.76
vn -0.232982 0.752794 -0.615646
v -67.8191 0.636258 1272.84
vn 0.885743 0.439504 0.149318
v -67.8191 0.636258 1272.84
vn -0.349229 0.914761 0.203106
v -67.8192 0.510885 1273.45
vn -0.0586038 0.0604943 0.996447
v -67.8192 0.510885 1273.45
vn 0.427311 -0.892314 -0.145533
v -67.4831 0.376056 1273.48
vn -0.0586038 0.0604943 0.996447
v -67.4831 0.376056 1273.48
vn -0.856554 -0.150401 0.493655
v -67.4831 0.376056 1273.48
vn -0.474514 -0.577012 0.664751
v -67.4831 0.376056 1273.48
vn 0.815052 0.406175 -0.413174
v -67.4831 0.376056 1273.48
vn -0.0235271 0.986082 -0.164584
v -67.4831 0.376056 1273.48
vn 0.815052 0.406175 -0.413174
v -67.2933 0.316547 1273.8
vn 0.461515 0.708149 -0.53435
v -67.2933 0.316547 1273.8
vn -0.361735 0.918487 0.159779
v -67.5335 0.733514 1272.86
vn 0.676377 0.331014 -0.657985
v -67.5335 0.733514 1272.86
vn 0.312075 0.915756 -0.252982
v -67.5335 0.733514 1272.86
vn -0.0586038 0.0604943 0.996447
v -67.5395 0.635041 1273.46
vn -0.856554 -0.150401 0.493655
v -67.5395 0.635041 1273.46
vn -0.464127 -0.559042 0.687065
v -67.3543 0.609506 1273.78
vn -0.437083 0.846568 0.303779
v -67.3543 0.609506 1273.78
vn 0.458579 0.861432 -0.218266
v -67.7135 0.027336 1275.3
vn -0.0588222 0.0604749 0.996435
v -67.7135 0.027336 1275.3
vn 0.458579 0.861432 -0.218266
v -67.2942 -0.186321 1275.33
vn -0.0894803 0.809241 -0.580622
v -67.2942 -0.186321 1275.33
vn 0.63294 -0.477071 0.609747
v -67.2942 -0.186321 1275.33
vn -0.0588222 0.0604749 0.996435
v -67.2942 -0.186321 1275.33
vn -0.9813 0.157841 0.110168
v -67.2942 -0.186321 1275.33
vn 0.611283 0.522502 -0.594411
v -67.2942 -0.186321 1275.33
vn -0.288408 0.937449 0.194961
v -67.4952 -0.008767 1275.61
vn -0.0894803 0.809241 -0.580622
v -67.4952 -0.008767 1275.61
vn 0.728939 0.0365077 0.683604
v -67.4937 -0.078623 1275.92
vn -0.789873 0.0420386 0.611828
v -67.4937 -0.078623 1275.92
vn 0.676166 0.672115 -0.301762
v -69.7187 2.97373 1262.71
vn 0.222615 0.840639 -0.493728
v -69.7187 2.97373 1262.71
vn -0.0589706 0.0604774 0.996426
v -69.516 2.2496 1264.82
vn 0.0198034 0.790021 0.612759
v -69.7011 2.40069 1265.1
vn 0.0966496 0.838306 -0.536565
v -69.7011 2.40069 1265.1
vn 0.188435 -0.947178 0.259511
v -69.7077 2.68262 1263.88
vn -0.196129 -0.645709 0.737965
v -69.7077 2.68262 1263.88
vn -0.55644 -0.0604922 0.828683
v -69.7077 2.68262 1263.88
vn 0.116099 -0.930419 0.347623
v -69.7077 2.68262 1263.88
vn 0.585925 0.809803 -0.0301818
v -69.7168 2.78734 1263.57
vn 0.611484 -0.743445 -0.270881
v -69.7168 2.78734 1263.57
vn -0.0742506 0.993353 -0.0879625
v -69.7168 2.78734 1263.57
vn 0.448115 0.730364 -0.515521
v -69.7168 2.78734 1263.57
vn -0.55644 -0.0604922 0.828683
v -69.7359 2.81234 1263.87
vn 0.585925 0.809803 -0.0301818
v -69.7359 2.81234 1263.87
vn -0.153774 0.987804 -0.0244422
v -69.7359 2.81234 1263.87
vn -0.314085 0.916237 0.248716
v -69.7626 3.12336 1262.94
vn 0.222615 0.840639 -0.493728
v -69.7626 3.12336 1262.94
vn 0.747975 -0.389739 -0.53725
v -69.3989 2.48448 1264.81
vn 0.292419 -0.88686 -0.357729
v -69.3989 2.48448 1264.81
vn 0.128667 -0.851809 0.507806
v -69.3989 2.48448 1264.81
vn -0.615995 -0.0765684 0.78402
v -69.3989 2.48448 1264.81
vn 0.0198034 0.790021 0.612759
v -69.1265 2.35788 1265.14
vn 0.167331 0.785944 -0.595225
v -69.1265 2.35788 1265.14
vn -0.309785 0.922374 0.230779
v -69.4468 2.8301 1264.19
vn 0.116099 -0.930419 0.347623
v -69.4468 2.8301 1264.19
vn -0.059139 0.0615484 0.996351
v -69.4468 2.8301 1264.19
vn -0.0589706 0.0604774 0.996426
v -69.4296 2.62547 1264.8
vn 0.651246 -0.184357 -0.736132
v -69.4296 2.62547 1264.8
vn 0.0198034 0.790021 0.612759
v -69.4296 2.62547 1264.8
vn -0.615995 -0.0765684 0.78402
v -69.4296 2.62547 1264.8
vn -0.277073 0.730807 -0.62382
v -69.4296 2.62547 1264.8
vn -0.36473 0.864075 0.346911
v -69.4296 2.62547 1264.8
vn 0.220666 -0.723169 0.654472
v -69.4403 2.98912 1263.27
vn 0.698707 -0.525882 -0.485033
v -69.4059 2.82074 1263.89
vn 0.441137 0.712391 -0.545799
v -69.4059 2.82074 1263.89
vn 0.437158 0.708017 -0.554621
v -69.4344 2.83632 1263.88
vn 0.220666 -0.723169 0.654472
v -69.4649 3.07837 1263.38
vn -0.267353 0.922581 0.27815
v -69.4649 3.07837 1263.38
vn 0.317427 -0.799271 0.5103
v -69.1037 2.53751 1264.83
vn 0.413549 -0.890275 -0.190757
v -69.1494 2.87282 1264.2
vn 0.116099 -0.930419 0.347623
v -69.1494 2.87282 1264.2
vn -0.059139 0.0615484 0.996351
v -69.1494 2.87282 1264.2
vn 0.975381 0.215935 0.0447669
v -69.1494 2.87282 1264.2
vn 0.652311 0.000521188 -0.757951
v -69.1179 2.63341 1264.67
vn -0.0237256 0.99971 0.00418116
v -69.1179 2.63341 1264.67
vn -0.058062 0.784295 -0.617665
v -69.1179 2.63341 1264.67
vn 0.494 -0.716044 0.4932
v -68.8749 2.69798 1264.83
vn 0.163902 0.79789 -0.580093
v -68.8749 2.69798 1264.83
vn 0.120393 0.928078 0.352386
v -68.8749 2.69798 1264.83
vn -0.125998 0.924167 0.36061
v -69.148 2.74049 1264.81
vn -0.615995 -0.0765684 0.78402
v -69.1392 2.65528 1265.03
vn -0.125998 0.924167 0.36061
v -69.1392 2.65528 1265.03
vn 0.431328 0.696274 -0.573724
v -69.1532 2.89657 1264.17
vn 0.975381 0.215935 0.0447669
v -69.1532 2.89657 1264.17
vn -0.059139 0.0615484 0.996351
v -69.1604 2.92348 1264.2
vn 0.429058 0.699036 -0.572065
v -69.1604 2.92348 1264.2
vn 0.975381 0.215935 0.0447669
v -69.1604 2.92348 1264.2
vn 0.314055 -0.692014 0.649989
v -69.1087 3.14888 1263.28
vn 0.222615 0.840639 -0.493728
v -69.1087 3.14888 1263.28
vn -0.138943 0.970844 0.195337
v -69.1087 3.14888 1263.28
vn 0.474358 -0.499165 -0.725134
v -68.7525 2.16953 1265.65
vn 0.188899 0.76014 -0.621695
v -68.5175 2.52038 1265.54
vn 0.494676 0.0519203 -0.867525
v -68.5175 2.52038 1265.54
vn -0.220857 0.697463 -0.681738
v -67.9627 1.87253 1267.64
vn 0.739673 0.0168038 0.672757
v -67.9627 1.87253 1267.64
vn 0.638794 -0.487323 0.595364
v -67.9627 1.87253 1267.64
vn -0.99825 0.0336084 0.0486625
v -67.9627 1.87253 1267.64
vn 0.60118 0.528561 -0.599338
v -67.9627 1.87253 1267.64
vn 0.206863 -0.419618 -0.883815
v -68.17 2.3019 1265.73
vn 0.324043 0.178871 -0.928979
v -68.17 2.3019 1265.73
vn 0.625031 -0.411046 -0.66361
v -68.17 2.3019 1265.73
vn 0.638794 -0.487323 0.595364
v -67.8788 1.98047 1267.64
vn -0.23482 -0.750228 0.618076
v -67.8788 1.98047 1267.64
vn 0.195525 -0.915574 0.351417
v -67.8788 1.98047 1267.64
vn 0.739673 0.0168038 0.672757
v -67.9494 2.30405 1267.62
vn -0.99825 0.0336084 0.0486625
v -67.9494 2.30405 1267.62
vn -0.99825 0.0336084 0.0486625
v -67.9395 2.20352 1267.89
vn -0.237655 -0.655532 0.716797
v -67.9395 2.20352 1267.89
vn -0.164009 0.923116 0.347791
v -67.9395 2.20352 1267.89
vn -0.368847 0.917251 -0.150339
v -67.9395 2.20352 1267.89
vn -0.388622 0.840154 0.378305
v -67.9395 2.20352 1267.89
vn 0.324043 0.178871 -0.928979
v -67.9503 2.66846 1265.87
vn -0.371598 0.883308 0.285801
v -67.9954 2.83003 1266.08
vn 0.137529 0.297055 -0.944904
v -67.6606 2.73627 1265.94
vn 0.0300224 0.685898 -0.727078
v -67.6606 2.73627 1265.94
vn -0.286751 0.926457 0.243828
v -67.7101 2.92842 1266.09
vn -0.220857 0.697463 -0.681738
v -68.2167 2.06054 1267.92
vn 0.739673 0.0168038 0.672757
v -68.2167 2.06054 1267.92
vn 0.774517 -0.106851 -0.623463
v -67.8185 1.66414 1268.57
vn -0.315033 -0.267018 0.910745
v -67.8185 1.66414 1268.57
vn 0.51464 -0.801594 0.304291
v -67.8185 1.66414 1268.57
vn 0.937514 -0.1504 -0.313763
v -67.8947 1.70367 1269.33
vn -0.410944 -0.263205 0.872839
v -67.8947 1.70367 1269.33
vn -0.201867 0.960554 0.191276
v -67.9319 2.16122 1267.93
vn 0.60118 0.528561 -0.599338
v -67.9319 2.16122 1267.93
vn 0.180017 -0.869591 0.459788
v -67.6233 2.15241 1267.95
vn 0.774517 -0.106851 -0.623463
v -67.6313 2.02534 1268.74
vn -0.315033 -0.267018 0.910745
v -67.6313 2.02534 1268.74
vn 0.891442 0.265893 0.366922
v -66.9364 -8.31446 1318.6
vn -0.28588 0.885493 0.366298
v -67.0686 -8.03457 1318.61
vn 0.8805 0.467039 -0.081202
v -67.0399 -5.87284 1301.89
vn 0.895952 0.440465 -0.0570973
v -67.0249 -5.82542 1302.49
vn 0.464305 0.152096 -0.872518
v -67.0249 -5.82542 1302.49
vn 0.666891 -0.734686 0.124472
v -67.0249 -5.82542 1302.49
vn 0.942838 -0.167987 -0.287815
v -66.7251 -6.28377 1303.74
vn 0.497467 0.664536 0.557601
v -66.7251 -6.28377 1303.74
vn 0.514034 -0.173587 -0.840022
v -66.7251 -6.28377 1303.74
vn 0.96405 0.254579 -0.076139
v -66.7251 -6.28377 1303.74
vn 0.572182 -0.820105 0.00600271
v -66.8962 -5.6075 1303.08
vn -0.313469 -0.948029 -0.0545673
v -66.8962 -5.6075 1303.08
vn 0.497467 0.664536 0.557601
v -66.8962 -5.6075 1303.08
vn -0.281799 -0.78706 -0.548749
v -66.9069 -5.62131 1303.39
vn 0.488037 -0.869274 -0.0786263
v -66.9069 -5.62131 1303.39
vn 0.975982 -0.103545 -0.191668
v -66.9069 -5.62131 1303.39
vn 0.514034 -0.173587 -0.840022
v -66.8911 -5.72033 1303.52
vn -0.630153 -0.748886 0.205128
v -66.8911 -5.72033 1303.52
vn -0.281799 -0.78706 -0.548749
v -66.8911 -5.72033 1303.52
vn 0.987432 -0.0198478 -0.156795
v -66.8911 -5.72033 1303.52
vn 0.627743 0.750145 0.207897
v -65.2767 -5.60794 1312.81
vn 0.763735 0.261764 0.590076
v -65.2767 -5.60794 1312.81
vn 0.627743 0.750145 0.207897
v -65.5397 -5.46454 1313.09
vn 0.763735 0.261764 0.590076
v -65.5397 -5.46454 1313.09
vn 0.803096 0.359338 0.475302
v -65.5161 -5.82448 1314.32
vn 0.627743 0.750145 0.207897
v -65.5161 -5.82448 1314.32
vn -0.133181 0.92517 0.355419
v -65.5161 -5.82448 1314.32
vn 0.0588156 -0.930985 0.360287
v -66.8321 -4.01474 1293.06
vn -0.0327263 0.998662 -0.0400465
v -66.4816 -3.95999 1292.76
vn 0.420831 -0.905599 0.0528461
v -66.4816 -3.95999 1292.76
vn -0.838163 -0.144397 0.525958
v -65.954 -3.56809 1292.78
vn -0.173776 -0.918596 0.354941
v -65.1297 -3.3802 1294.02
vn 0.832429 -0.552796 0.0384484
v -65.1297 -3.3802 1294.02
vn -0.542759 0.839391 -0.0289106
v -66.5512 -4.56934 1297.24
vn 0.626398 -0.7522 -0.204501
v -66.5512 -4.56934 1297.24
vn 0.252932 0.912657 -0.321065
v -66.5512 -4.56934 1297.24
vn 0.764973 0.457145 -0.453689
v -67.1315 -5.11714 1299.13
vn -0.0799867 0.987823 -0.133443
v -67.1315 -5.11714 1299.13
vn -0.673275 0.736864 -0.0610934
v -66.9528 -4.89236 1298.22
vn -0.644401 0.706202 -0.293302
v -66.8221 -4.88342 1297.96
vn 0.511422 -0.845525 -0.153409
v -66.8221 -4.88342 1297.96
vn 0.341704 0.907831 -0.243066
v -66.8221 -4.88342 1297.96
vn 0.451489 0.819542 -0.352858
v -66.8525 -4.80074 1298.22
vn -0.532635 0.840445 0.0997644
v -66.6772 -4.78724 1298.83
vn -0.370597 -0.924246 0.0918033
v -66.6772 -4.78724 1298.83
vn -0.363601 -0.931204 -0.0255669
v -66.5537 -4.82746 1298.54
vn 0.451489 0.819542 -0.352858
v -66.5537 -4.82746 1298.54
vn 0.89883 0.165864 -0.405701
v -66.5537 -4.82746 1298.54
vn 0.310839 -0.950456 0.00347357
v -66.5537 -4.82746 1298.54
vn -0.414501 0.90998 0.0112196
v -66.598 -4.75009 1299.14
vn -0.632869 0.76942 0.0864265
v -66.5691 -4.5677 1297.62
vn 0.119469 -0.984072 0.13164
v -66.2934 -4.74011 1299.15
vn 0.705322 -0.694387 -0.142646
v -66.2934 -4.74011 1299.15
vn 0.636986 -0.766212 -0.0846634
v -66.283 -4.53631 1297.94
vn -0.492214 0.868663 0.0561308
v -66.3189 -4.62309 1299.15
vn 0.898823 0.165861 -0.405718
v -66.3189 -4.62309 1299.15
vn -0.423184 -0.901269 0.0928942
v -66.1572 -4.43185 1297.94
vn 0.252242 0.898714 -0.35873
v -66.1572 -4.43185 1297.94
vn 0.506388 -0.85577 -0.105972
v -66.1572 -4.43185 1297.94
vn 0.252242 0.898714 -0.35873
v -66.3143 -4.39241 1297.93
vn -0.286858 0.955449 0.069499
v -66.3143 -4.39241 1297.93
vn -0.706323 0.679199 0.199489
v -66.1314 -4.38203 1298.54
vn 0.63823 -0.768984 0.036416
v -66.1314 -4.38203 1298.54
vn -0.424311 -0.884574 0.193622
v -66.1314 -4.38203 1298.54
vn -0.392756 0.919366 0.0225795
v -66.1314 -4.38203 1298.54
vn 0.505812 -0.854227 -0.120206
v -66.0268 -4.43021 1298.55
vn -0.139639 0.985204 -0.0993655
v -65.755 -4.27013 1298.55
vn 0.51959 -0.844436 -0.130209
v -65.755 -4.27013 1298.55
vn 0.72314 -0.661895 -0.197391
v -66.8503 -5.12572 1299.75
vn 0.788751 0.37139 -0.489838
v -66.8503 -5.12572 1299.75
vn 0.245973 -0.967914 -0.0513761
v -66.893 -5.24474 1301.26
vn -0.0348314 0.969766 -0.241538
v -66.893 -5.24474 1301.26
vn -0.415886 0.908326 -0.0445332
v -66.9145 -5.20872 1301.55
vn -0.171989 -0.974143 0.14651
v -66.9232 -5.23169 1301.86
vn -0.587567 0.805631 0.0756548
v -66.9232 -5.23169 1301.86
vn -0.496922 0.867219 0.031632
v -66.442 -4.88727 1300.96
vn -0.314463 -0.930056 0.190026
v -66.442 -4.88727 1300.96
vn -0.256815 0.963734 -0.072546
v -66.0823 -4.74218 1301.27
vn 0.72314 -0.661895 -0.197391
v -66.0823 -4.74218 1301.27
vn 0.788751 0.37139 -0.489838
v -66.0823 -4.74218 1301.27
vn 0.35831 0.884345 -0.299244
v -66.0823 -4.74218 1301.27
vn -0.579281 0.811562 0.076165
v -65.9328 -4.49015 1300.67
vn -0.755498 -0.577226 0.309892
v -65.9328 -4.49015 1300.67
vn 0.781491 -0.58229 -0.224077
v -65.7915 -4.54315 1300.68
vn -0.755498 -0.577226 0.309892
v -65.8206 -4.47232 1300.97
vn 0.160704 -0.980347 0.114429
v -65.8081 -4.69065 1301.75
vn 0.12071 0.929528 -0.348435
v -65.8081 -4.69065 1301.75
vn 0.623493 0.511596 -0.591207
v -65.8081 -4.69065 1301.75
vn -0.755498 -0.577226 0.309892
v -65.7484 -4.40521 1301.27
vn -0.494929 0.868322 0.0325818
v -65.7484 -4.40521 1301.27
vn 0.414064 -0.862943 -0.289622
v -65.7484 -4.40521 1301.27
vn -0.948912 -0.19736 0.2462
v -65.7484 -4.40521 1301.27
vn -0.579842 0.781396 0.230658
v -65.5428 -4.15104 1300.07
vn -0.202907 0.969069 -0.14048
v -65.5428 -4.15104 1300.07
vn -0.894699 0.335513 0.294865
v -65.5428 -4.15104 1300.07
vn 0.682169 -0.684695 -0.25659
v -65.2672 -4.3856 1301.9
vn 0.52602 -0.838485 -0.142288
v -65.2258 -4.19819 1300.09
vn 0.639308 -0.700923 0.316216
v -65.2258 -4.19819 1300.09
vn 0.778798 -0.627271 0.00229921
v -65.2579 -4.11381 1300.38
vn 0.898816 0.165858 -0.405735
v -65.2894 -4.22081 1301.59
vn -0.424832 0.904891 -0.0262595
v -65.2894 -4.22081 1301.59
vn 0.190052 0.829738 -0.5248
v -65.2894 -4.22081 1301.59
vn -0.559272 0.751188 0.350616
v -65.2016 -4.04388 1300.38
vn -0.13934 0.97366 -0.180472
v -65.2016 -4.04388 1300.38
vn 0.127576 0.962314 0.240159
v -65.2016 -4.04388 1300.38
vn 0.535309 0.704227 -0.466378
v -65.2016 -4.04388 1300.38
vn 0.8805 0.467039 -0.081202
v -67.2084 -5.4566 1302.45
vn -0.379754 0.924855 -0.0207266
v -67.2084 -5.4566 1302.45
vn -0.925724 0.0862228 0.36824
v -67.2084 -5.4566 1302.45
vn 0.382625 0.909694 -0.161415
v -67.2084 -5.4566 1302.45
vn 0.464305 0.152096 -0.872518
v -67.2084 -5.4566 1302.45
vn 0.166058 0.883663 -0.437681
v -67.2084 -5.4566 1302.45
vn -0.355827 -0.931417 0.0764889
v -67.2345 -5.50606 1303.27
vn 0.497467 0.664536 0.557601
v -67.2345 -5.50606 1303.27
vn 0.626261 0.749714 -0.213837
v -67.2345 -5.50606 1303.27
vn 0.514034 -0.173587 -0.840022
v -67.2345 -5.50606 1303.27
vn -0.630153 -0.748886 0.205128
v -67.2119 -5.49416 1303.36
vn -0.281799 -0.78706 -0.548749
v -67.2119 -5.49416 1303.36
vn -0.504456 0.863428 0.00410911
v -67.2119 -5.49416 1303.36
vn 0.626261 0.749714 -0.213837
v -67.1547 -5.45946 1303.66
vn -0.630153 -0.748886 0.205128
v -67.1547 -5.45946 1303.66
vn 0.0351817 -0.00220501 -0.999379
v -66.9379 -5.35345 1302.77
vn 0.166058 0.883663 -0.437681
v -66.9379 -5.35345 1302.77
vn -0.651972 0.681427 0.332552
v -66.9379 -5.35345 1302.77
vn -0.972232 -0.213802 0.0951468
v -66.7077 -5.14226 1302.47
vn -0.567055 0.82301 0.0332186
v -66.7077 -5.14226 1302.47
vn 0.513987 -0.575022 -0.636527
v -66.7077 -5.14226 1302.47
vn 0.478629 -0.877204 0.037782
v -66.6188 -5.40778 1302.78
vn -0.972232 -0.213802 0.0951468
v -66.6188 -5.40778 1302.78
vn 0.0351817 -0.00220501 -0.999379
v -66.6188 -5.40778 1302.78
vn 0.166058 0.883663 -0.437681
v -66.6188 -5.40778 1302.78
vn 0.544348 -0.615175 -0.570303
v -66.6188 -5.40778 1302.78
vn 0.570941 -0.651071 -0.500133
v -66.6043 -5.40379 1302.79
vn -0.0399008 0.0383261 0.998468
v -66.6043 -5.40379 1302.79
vn 0.886415 0.222894 -0.405692
v -66.6043 -5.40379 1302.79
vn 0.433611 0.833148 0.343286
v -66.4771 -5.35357 1303.09
vn 0.886415 0.222894 -0.405692
v -66.4771 -5.35357 1303.09
vn 0.46127 0.746043 -0.48026
v -66.4771 -5.35357 1303.09
vn 0.210335 0.933645 -0.289942
v -66.6681 -5.24687 1303.08
vn 0.433611 0.833148 0.343286
v -66.6681 -5.24687 1303.08
vn -0.201873 0.214143 -0.955714
v -66.6938 -5.19157 1303.37
vn 0.0351817 -0.00220501 -0.999379
v -66.6836 -5.1143 1302.77
vn -0.651972 0.681427 0.332552
v -66.6836 -5.1143 1302.77
vn -0.228944 -0.973342 -0.0137691
v -66.6836 -5.1143 1302.77
vn -0.0399008 0.0383261 0.998468
v -66.6836 -5.1143 1302.77
vn 0.433611 0.833148 0.343286
v -66.6836 -5.1143 1302.77
vn 0.886415 0.222894 -0.405692
v -66.6836 -5.1143 1302.77
vn -0.764998 -0.58447 0.270503
v -66.6836 -5.1143 1302.77
vn 0.36291 -0.758093 -0.54184
v -66.6836 -5.1143 1302.77
vn -0.525403 0.850841 -0.00463728
v -66.6836 -5.1143 1302.77
vn -0.201873 0.214143 -0.955714
v -66.531 -5.03699 1303.37
vn -0.597053 0.802109 -0.0122201
v -66.531 -5.03699 1303.37
vn 0.544348 -0.615175 -0.570303
v -66.3599 -5.19067 1302.79
vn -0.228944 -0.973342 -0.0137691
v -66.3599 -5.19067 1302.79
vn -0.0399008 0.0383261 0.998468
v -66.3599 -5.19067 1302.79
vn 0.449931 -0.832963 -0.322077
v -66.3734 -5.19175 1303.09
vn -0.764998 -0.58447 0.270503
v -66.3547 -5.3137 1303.27
vn -0.201873 0.214143 -0.955714
v -66.3547 -5.3137 1303.27
vn 0.387114 0.863802 -0.322474
v -66.3547 -5.3137 1303.27
vn -0.377734 0.478146 -0.792902
v -66.155 -4.78622 1303.08
vn -0.314463 -0.930056 0.190026
v -66.1324 -4.72288 1302.28
vn 0.0848006 -0.923039 -0.375243
v -66.1324 -4.72288 1302.28
vn -0.874389 -0.118111 0.470631
v -66.1324 -4.72288 1302.28
vn 0.219677 -0.937649 -0.269362
v -65.8215 -4.78329 1302.5
vn 0.253685 0.929327 -0.26832
v -65.8068 -4.91886 1302.83
vn -0.377734 0.478146 -0.792902
v -65.8068 -4.91886 1302.83
vn -0.874389 -0.118111 0.470631
v -65.8068 -4.91886 1302.83
vn -0.9754 -0.215889 -0.0445685
v -65.8068 -4.91886 1302.83
vn -0.874389 -0.118111 0.470631
v -65.8835 -4.56186 1302.78
vn -0.9754 -0.215889 -0.0445685
v -65.8835 -4.56186 1302.78
vn -0.582354 0.812898 0.00784278
v -65.8942 -4.5757 1303.08
vn -0.9754 -0.215889 -0.0445685
v -65.8942 -4.5757 1303.08
vn 0.653397 0.54724 -0.523069
v -65.4698 -4.58384 1302.2
vn -0.948912 -0.19736 0.2462
v -65.4698 -4.58384 1302.2
vn 0.653397 0.54724 -0.523069
v -65.5674 -4.47886 1302.19
vn -0.948912 -0.19736 0.2462
v -65.3945 -4.21661 1302.79
vn 0.678852 0.579158 -0.451371
v -65.3945 -4.21661 1302.79
vn 0.26487 -0.96427 0.00516289
v -67.0174 -3.24844 1287.58
vn 0.711132 -0.524822 -0.467817
v -67.0174 -3.24844 1287.58
vn 0.279733 -0.959659 0.0283361
v -67.0307 -3.25048 1287.88
vn 0.163139 -0.98416 0.0693909
v -67.0251 -3.45152 1288.73
vn 0.291217 0.805257 -0.516482
v -67.0251 -3.45152 1288.73
vn 0.539491 -0.756986 -0.368675
v -67.0251 -3.45152 1288.73
vn -0.271486 0.960788 0.0563987
v -67.0375 -3.40822 1288.79
vn -0.681105 0.628175 0.376153
v -67.047 -3.42907 1289.1
vn 0.593106 0.738131 -0.321538
v -67.047 -3.42907 1289.1
vn -0.271486 0.960788 0.0563987
v -67.047 -3.42907 1289.1
vn -0.0352875 0.0267353 0.99902
v -67.047 -3.42907 1289.1
vn 0.71137 -0.52421 -0.468141
v -66.9988 -3.22277 1287.58
vn 0.453329 0.690804 -0.563278
v -66.9988 -3.22277 1287.58
vn -0.163897 0.97796 -0.12935
v -67.0265 -3.20666 1287.58
vn 0.449912 0.69494 -0.560926
v -67.0265 -3.20666 1287.58
vn -0.574712 0.0703076 0.81533
v -67.048 -3.17091 1287.87
vn -0.133773 0.980803 -0.141881
v -67.048 -3.17091 1287.87
vn -0.679668 0.61259 0.403467
v -67.048 -3.17091 1287.87
vn -0.356246 -0.769497 0.530059
v -67.0431 -3.20615 1287.94
vn -0.611136 0.665251 0.428899
v -66.7844 -3.1312 1288.19
vn -0.0617938 0.0599015 0.99629
v -66.7844 -3.1312 1288.19
vn 0.539491 -0.756986 -0.368675
v -66.739 -3.43313 1289.11
vn -0.0352875 0.0267353 0.99902
v -66.739 -3.43313 1289.11
vn 0.343558 -0.93761 0.0534313
v -66.7445 -3.15639 1287.89
vn 0.976639 0.208951 -0.0501506
v -66.7445 -3.15639 1287.89
vn 0.358931 -0.930228 0.0764427
v -66.762 -3.13861 1288.19
vn -0.0604063 0.0602088 0.996356
v -66.762 -3.13861 1288.19
vn 0.539491 -0.756986 -0.368675
v -66.5907 -3.32863 1289.12
vn 0.23963 0.812164 -0.531946
v -66.5907 -3.32863 1289.12
vn -0.0352875 0.0267353 0.99902
v -66.5907 -3.32863 1289.12
vn 0.449912 0.69494 -0.560926
v -66.7461 -3.14579 1287.88
vn 0.975427 0.215773 0.0445475
v -66.7461 -3.14579 1287.88
vn -0.0838764 0.99282 -0.0852843
v -66.7494 -3.13355 1287.89
vn 0.976639 0.208951 -0.0501506
v -66.7494 -3.13355 1287.89
vn 0.969047 0.200246 -0.144396
v -66.7083 -3.11437 1288.19
vn -0.0140371 0.998014 -0.0614023
v -66.7083 -3.11437 1288.19
vn -0.0590187 0.060516 0.996421
v -66.7083 -3.11437 1288.19
vn -0.0673437 0.995649 -0.0644108
v -66.7671 -3.1154 1288.19
vn -0.0604063 0.0602088 0.996356
v -66.7671 -3.1154 1288.19
vn -0.239671 -0.779671 0.578507
v -67.0209 -3.73583 1290.02
vn 0.410316 -0.908651 -0.0774161
v -66.7059 -3.59443 1290.03
vn -0.239671 -0.779671 0.578507
v -66.3625 -3.4743 1290.64
vn 0.00904953 0.980464 -0.196491
v -66.3625 -3.4743 1290.64
vn -0.427115 0.872528 0.23721
v -66.3625 -3.4743 1290.64
vn -0.439346 0.882838 0.16605
v -65.9672 -3.50775 1292.78
vn 0.124062 0.933074 -0.337613
v -65.9672 -3.50775 1292.78
vn -0.530393 0.840745 0.108772
v -65.9672 -3.50775 1292.78
vn 0.278244 -0.958396 -0.0636896
v -65.7423 -3.44498 1293.39
vn -0.172456 -0.949132 0.263453
v -65.7423 -3.44498 1293.39
vn -0.519667 0.849044 0.0952378
v -65.7423 -3.44498 1293.39
vn -0.502873 0.842831 0.191712
v -65.4477 -3.32848 1294
vn 0.826308 -0.55187 -0.112495
v -65.1057 -3.28202 1293.72
vn 0.812738 -0.176004 -0.55541
v -65.1057 -3.28202 1293.72
vn -0.357565 0.927988 0.10481
v -65.1057 -3.28202 1293.72
vn 0.318647 0.905681 -0.279652
v -65.1057 -3.28202 1293.72
vn 0.499659 0.863721 -0.065776
v -65.04 -3.24543 1294.02
vn -0.512521 0.84285 0.164091
v -65.176 -3.16778 1294.01
vn -0.173479 -0.879514 0.443126
v -65.103 -3.2373 1294.32
vn 0.488798 0.868739 0.0798048
v -65.103 -3.2373 1294.32
vn -0.490788 0.818226 0.299388
v -65.103 -3.2373 1294.32
vn -0.258306 0.953013 0.158255
v -67.1607 -0.514015 1277.47
vn -0.360701 -0.45255 0.815533
v -67.1717 -0.211448 1276.25
vn 0.195304 -0.901987 0.385065
v -66.88 -0.142699 1276.26
vn 0.694301 -0.556102 0.456832
v -66.88 -0.142699 1276.26
vn 0.542225 0.62758 -0.55869
v -66.7914 -0.271206 1276.87
vn 0.0792497 0.994779 -0.0642958
v -66.7914 -0.271206 1276.87
vn 0.172795 -0.882326 0.437771
v -66.8004 -0.251143 1277.17
vn 0.792339 -0.606662 0.0644957
v -66.8004 -0.251143 1277.17
vn 0.513957 -0.833756 -0.20174
v -67.0978 -1.17996 1279.32
vn 0.60396 -0.753167 -0.260713
v -67.0945 -1.32101 1279.93
vn 0.0898216 0.992146 0.0870503
v -67.0945 -1.32101 1279.93
vn 0.569569 -0.718954 0.398367
v -67.0945 -1.32101 1279.93
vn -0.484013 0.712074 0.508607
v -67.1427 -0.848381 1278.7
vn 0.732285 0.195385 -0.652368
v -66.8465 -1.02636 1279.33
vn 0.0860575 0.980845 0.17475
v -66.8465 -1.02636 1279.33
vn 0.441785 -0.740964 0.505766
v -66.8465 -1.02636 1279.33
vn -0.500751 0.796429 0.339041
v -67.1376 -0.997425 1279.31
vn 0.32004 -0.794732 0.515728
v -67.1293 -1.07509 1279.5
vn -0.443958 0.839284 0.313853
v -67.1293 -1.07509 1279.5
vn 0.0681879 0.927665 0.367135
v -67.1293 -1.07509 1279.5
vn -0.41817 0.886429 0.198439
v -67.1507 -0.748796 1278.39
vn 0.0772218 -0.691356 0.718375
v -66.8869 -0.510597 1278.09
vn -0.276113 0.953977 0.117004
v -66.8869 -0.510597 1278.09
vn -0.00491759 -0.865623 0.500672
v -66.8378 -0.839946 1278.71
vn 0.578377 -0.622786 0.526894
v -66.8378 -0.839946 1278.71
vn 0.272882 0.881964 -0.384285
v -66.728 -0.737774 1278.71
vn 0.578377 -0.622786 0.526894
v -66.728 -0.737774 1278.71
vn 0.237153 0.884323 0.402158
v -66.728 -0.737774 1278.71
vn -0.430118 0.847655 0.31061
v -66.8694 -0.694853 1278.7
vn 0.237153 0.884323 0.402158
v -66.8694 -0.694853 1278.7
vn -0.00886542 -0.832853 0.553423
v -66.8616 -0.757848 1278.84
vn 0.578377 -0.622786 0.526894
v -66.8616 -0.757848 1278.84
vn 0.237153 0.884323 0.402158
v -66.8616 -0.757848 1278.84
vn 0.0772218 -0.691356 0.718375
v -66.5908 -0.443661 1278.12
vn 0.443326 0.762849 -0.470663
v -66.5908 -0.443661 1278.12
vn -0.229569 0.968516 0.0963108
v -66.5908 -0.443661 1278.12
vn -0.390049 -0.0170007 0.920637
v -66.8011 -1.50074 1281.11
vn -0.313609 0.9079 0.278149
v -66.8011 -1.50074 1281.11
vn 0.684775 0.230298 -0.691408
v -66.8011 -1.50074 1281.11
vn 0.555521 -0.780892 -0.285665
v -66.8011 -1.50074 1281.11
vn 0.774517 -0.106851 -0.623463
v -67.2962 1.80711 1269.19
vn 0.513472 -0.778202 0.361591
v -67.2962 1.80711 1269.19
vn 0.125117 0.927042 0.353466
v -67.2962 1.80711 1269.19
vn 0.601866 0.513893 -0.611286
v -67.0132 1.6672 1270.41
vn 0.485563 -0.856062 -0.177164
v -67.0132 1.6672 1270.41
vn 0.00858513 -0.783262 0.621632
v -67.0132 1.6672 1270.41
vn -0.258315 0.919897 0.295064
v -67.2525 1.04035 1271.95
vn -0.805677 0.30475 0.507949
v -67.2525 1.04035 1271.95
vn 0.189165 -0.730589 0.656092
v -67.2572 1.25061 1271.03
vn 0.90302 -0.0183072 -0.429208
v -67.2646 1.34769 1270.73
vn 0.759745 0.581009 -0.291917
v -67.2646 1.34769 1270.73
vn -0.598906 0.530932 0.599518
v -67.2646 1.34769 1270.73
vn -0.1603 0.961262 0.224229
v -67.2646 1.34769 1270.73
vn -0.05874 0.953903 -0.294311
v -67.2646 1.34769 1270.73
vn 0.572879 -0.777526 -0.259351
v -67.0588 1.39581 1271.04
vn 0.179076 0.94731 -0.265584
v -67.0588 1.39581 1271.04
vn 0.128257 0.914112 0.384643
v -67.0588 1.39581 1271.04
vn -0.42071 0.826491 0.374053
v -67.2977 1.43631 1271.02
vn 0.128257 0.914112 0.384643
v -67.2977 1.43631 1271.02
vn -0.329998 -0.472215 0.817382
v -67.2887 1.35796 1271.2
vn -0.42071 0.826491 0.374053
v -67.2887 1.35796 1271.2
vn 0.128257 0.914112 0.384643
v -67.2887 1.35796 1271.2
vn 0.760741 -0.102466 -0.640916
v -66.9645 1.12611 1271.96
vn 0.347778 0.912082 -0.217155
v -66.9645 1.12611 1271.96
vn 0.347778 0.912082 -0.217155
v -66.9961 1.20821 1272.26
vn 0.262666 -0.921699 0.285442
v -66.9961 1.20821 1272.26
vn 0.423682 -0.874365 -0.2366
v -67.1244 0.113628 1274.72
vn 0.587268 0.468961 -0.65969
v -67.1244 0.113628 1274.72
vn 0.856396 -0.185759 -0.481747
v -67.1244 0.113628 1274.72
vn 0.613854 -0.55519 0.561202
v -67.1244 0.113628 1274.72
vn 0.222168 -0.938777 0.263324
v -67.2203 0.515108 1273.79
vn -0.00908624 0.981899 -0.189185
v -67.2273 0.484091 1274.09
vn 0.40248 0.754282 -0.518719
v -67.2273 0.484091 1274.09
vn -0.352867 -0.408685 0.841702
v -67.2617 0.876342 1272.95
vn -0.400952 0.873155 0.277198
v -67.2617 0.876342 1272.95
vn -0.3652 -0.689324 0.625669
v -67.2617 0.876342 1272.95
vn 0.727656 0.438084 -0.527825
v -66.8935 0.182694 1274.98
vn 0.727656 0.438084 -0.527825
v -66.9175 0.281085 1275.03
vn 0.856396 -0.185759 -0.481747
v -66.9175 0.281085 1275.03
vn -0.333595 0.915654 -0.224258
v -66.9175 0.281085 1275.03
vn 0.493558 0.859042 -0.135821
v -66.9175 0.281085 1275.03
vn 0.768543 -0.639681 0.0122621
v -66.9279 0.580743 1273.8
vn -0.439557 0.852653 0.282442
v -66.9683 0.703072 1274.1
vn 0.183052 -0.897086 0.402155
v -66.9683 0.703072 1274.1
vn 0.794776 -0.512316 0.325366
v -66.9683 0.703072 1274.1
vn 0.437443 0.859928 0.262999
v -66.9683 0.703072 1274.1
vn 0.565861 0.759211 -0.321557
v -66.8252 0.464269 1274.42
vn -0.0755733 0.991237 -0.108343
v -66.9489 0.551114 1274.41
vn 0.448541 0.887801 0.103055
v -66.8188 0.487739 1274.72
vn -0.520219 0.775738 0.357217
v -66.9622 0.549361 1274.71
vn 0.373528 0.907592 0.191711
v -66.9622 0.549361 1274.71
vn 0.514636 0.562938 0.646723
v -66.9533 0.471004 1274.89
vn 0.856396 -0.185759 -0.481747
v -66.9533 0.471004 1274.89
vn 0.666497 -0.513517 0.540446
v -66.9533 0.471004 1274.89
vn 0.343284 0.869539 0.355047
v -66.9533 0.471004 1274.89
vn 0.844306 0.145899 -0.515616
v -66.9425 0.836367 1272.88
vn 0.110285 -0.936309 0.333411
v -66.9425 0.836367 1272.88
vn 0.975394 0.215919 0.0445661
v -66.9425 0.836367 1272.88
vn 0.110285 -0.936309 0.333411
v -66.978 0.936461 1273.18
vn -0.416066 0.863449 0.285211
v -66.978 0.936461 1273.18
vn 0.975394 0.215919 0.0445661
v -66.978 0.936461 1273.18
vn 0.675642 -0.710698 -0.195998
v -66.8871 0.690863 1273.5
vn 0.396837 0.891685 -0.217756
v -66.8871 0.690863 1273.5
vn 0.469527 0.881905 0.0422766
v -66.8338 0.72471 1273.8
vn 0.421526 0.904923 -0.0585657
v -66.9759 0.800997 1273.79
vn -0.415678 0.863282 0.286278
v -66.9856 1.03436 1272.87
vn 0.844306 0.145899 -0.515616
v -66.9856 1.03436 1272.87
vn 0.975394 0.215919 0.0445661
v -66.9856 1.03436 1272.87
vn 0.63294 -0.477071 0.609747
v -67.171 -0.02598 1275.33
vn 0.291647 -0.954242 0.0660657
v -67.171 -0.02598 1275.33
vn -0.234328 -0.736948 0.634033
v -67.171 -0.02598 1275.33
vn -0.146133 0.98896 0.0245655
v -67.198 0.034786 1275.63
vn 0.611283 0.522502 -0.594411
v -67.198 0.034786 1275.63
vn 0.334652 0.923762 -0.186202
v -67.198 0.034786 1275.63
vn -0.789873 0.0420386 0.611828
v -67.1999 -0.094821 1276.3
vn -0.408817 0.847171 0.339367
v -67.1999 -0.094821 1276.3
vn -0.393129 0.88892 0.235096
v -67.2285 0.237653 1275.31
vn -0.0588222 0.0604749 0.996435
v -67.2285 0.237653 1275.31
vn -0.9813 0.157841 0.110168
v -67.2285 0.237653 1275.31
vn -0.333595 0.915654 -0.224258
v -67.2285 0.237653 1275.31
vn -0.336438 0.864759 0.372829
v -67.2285 0.237653 1275.31
vn -0.9813 0.157841 0.110168
v -67.2189 0.151628 1275.52
vn -0.234328 -0.736948 0.634033
v -67.2189 0.151628 1275.52
vn -0.274763 0.851898 0.445842
v -67.2189 0.151628 1275.52
vn 0.267438 -0.908948 0.31983
v -66.9176 0.155908 1275.64
vn 0.786608 -0.556262 0.267995
v -66.9176 0.155908 1275.64
vn 0.406556 0.799397 0.442354
v -66.9176 0.155908 1275.64
vn -0.210532 0.831114 0.514709
v -66.9176 0.155908 1275.64
vn 0.611283 0.522502 -0.594411
v -66.818 -0.036791 1275.96
vn 0.35848 0.916957 -0.175166
v -66.818 -0.036791 1275.96
vn 0.694301 -0.556102 0.456832
v -66.7674 -0.003546 1276.26
vn 0.368444 0.92631 0.0787337
v -66.7674 -0.003546 1276.26
vn 0.359845 0.932942 -0.0114537
v -66.9242 0.059924 1276.24
vn -0.355485 -0.45236 0.817925
v -66.9162 -0.020898 1276.46
vn 0.694301 -0.556102 0.456832
v -66.9162 -0.020898 1276.46
vn -0.41205 0.84949 0.329516
v -66.9162 -0.020898 1276.46
vn 0.332964 0.888131 0.316793
v -66.9162 -0.020898 1276.46
vn 0.840356 0.390538 -0.375875
v -66.7579 0.238865 1275.34
vn 0.493558 0.859042 -0.135821
v -66.7579 0.238865 1275.34
vn 0.406556 0.799397 0.442354
v -66.7579 0.238865 1275.34
vn 0.493558 0.859042 -0.135821
v -66.9448 0.343536 1275.32
vn -0.274763 0.851898 0.445842
v -66.9448 0.343536 1275.32
vn 0.406556 0.799397 0.442354
v -66.9448 0.343536 1275.32
vn 0.975399 0.215896 0.0445661
v -67.3564 2.39831 1267.65
vn -0.368847 0.917251 -0.150339
v -67.3564 2.39831 1267.65
vn 0.778351 -0.516595 -0.35679
v -67.3564 2.39831 1267.65
vn 0.484931 0.870899 -0.0798492
v -67.3564 2.39831 1267.65
vn 0.343136 0.77742 -0.527139
v -67.3752 2.79932 1266.12
vn 0.9754 0.215889 0.0445618
v -67.3752 2.79932 1266.12
vn 0.975399 0.215894 0.0445659
v -67.3434 2.54887 1266.63
vn -0.25151 0.863903 0.436365
v -67.3897 2.59636 1267.42
vn -0.247614 0.92893 0.275273
v -67.4159 2.92271 1266.41
vn 0.9754 0.215892 0.0445657
v -67.4159 2.92271 1266.41
vn 0.664516 -0.698003 0.266852
v -67.3096 1.99466 1268.58
vn 0.180017 -0.869591 0.459788
v -67.3312 2.21984 1267.96
vn 0.975402 0.215881 0.0445639
v -67.3312 2.21984 1267.96
vn 0.778351 -0.516595 -0.35679
v -67.3312 2.21984 1267.96
vn 0.749474 -0.479476 0.4565
v -67.3312 2.21984 1267.96
vn 0.60118 0.528561 -0.599338
v -67.2331 2.10019 1268.58
vn 0.791402 -0.570266 0.220181
v -67.2331 2.10019 1268.58
vn 0.081126 0.996683 0.00637711
v -67.2331 2.10019 1268.58
vn 0.664516 -0.698003 0.266852
v -67.3122 2.10474 1268.87
vn -0.133664 0.980139 0.146501
v -67.3122 2.10474 1268.87
vn 0.467216 0.874268 0.131777
v -67.2388 2.36127 1267.96
vn 0.749474 -0.479476 0.4565
v -67.2388 2.36127 1267.96
vn -0.388622 0.840154 0.378305
v -67.3788 2.43803 1267.94
vn 0.467216 0.874268 0.131777
v -67.3788 2.43803 1267.94
vn -0.236041 -0.548564 0.802099
v -67.3685 2.34762 1268.16
vn -0.388622 0.840154 0.378305
v -67.3685 2.34762 1268.16
vn 0.749474 -0.479476 0.4565
v -67.3685 2.34762 1268.16
vn 0.428425 0.838197 0.337459
v -67.3685 2.34762 1268.16
vn 0.894177 0.414709 0.168711
v -65.1142 -5.35375 1311.6
vn 0.894177 0.414709 0.168711
v -65.2529 -5.07286 1311.65
vn 0.234265 0.939792 0.248817
v -65.2529 -5.07286 1311.65
vn 0.865373 0.374325 0.333183
v -64.7784 -4.77676 1310.08
vn 0.234265 0.939792 0.248817
v -64.7784 -4.77676 1310.08
vn 0.881477 0.45532 0.12523
v -64.7784 -4.77676 1310.08
vn 0.763735 0.261764 0.590076
v -65.143 -5.29395 1312.5
vn -0.0366418 0.966217 0.255114
v -65.143 -5.29395 1312.5
vn 0.896593 0.442855 -0.000740666
v -65.143 -5.29395 1312.5
vn 0.148216 0.988946 -0.00424416
v -64.9364 -4.00725 1300.09
vn 0.507191 -0.779162 0.368325
v -64.9364 -4.00725 1300.09
vn 0.190052 0.829738 -0.5248
v -64.7621 -3.95138 1302.21
vn -0.0597922 -0.991651 0.114253
v -64.7621 -3.95138 1302.21
vn -0.894699 0.335513 0.294865
v -64.7621 -3.95138 1302.21
vn 0.535309 0.704227 -0.466378
v -64.2328 -3.56517 1302.22
vn -0.721086 0.684751 -0.105603
v -64.2328 -3.56517 1302.22
vn 0.681179 0.18593 -0.708114
v -64.2328 -3.56517 1302.22
vn 0.190052 0.829738 -0.5248
v -64.2908 -3.48815 1303.11
vn -0.894699 0.335513 0.294865
v -64.2908 -3.48815 1303.11
vn -0.265326 0.958991 -0.0996933
v -64.2908 -3.48815 1303.11
vn -0.721086 0.684751 -0.105603
v -64.2908 -3.48815 1303.11
vn 0.00258409 -0.996225 0.0867663
v -63.9323 -3.83317 1303.67
vn 0.796181 -0.586787 -0.14757
v -63.9323 -3.83317 1303.67
vn 0.539639 -0.827443 -0.155334
v -63.9281 -3.61058 1302.5
vn 0.681179 0.18593 -0.708114
v -63.9281 -3.61058 1302.5
vn 0.901142 -0.426484 -0.0778082
v -63.9281 -3.61058 1302.5
vn 0.962857 0.222483 -0.152998
v -63.9281 -3.61058 1302.5
vn 0.885656 0.460089 -0.0626962
v -63.8818 -3.57532 1302.84
vn 0.82275 0.5682 -0.0152335
v -64.0059 -3.38818 1303.12
vn -0.331976 0.92823 0.167875
v -64.0027 -3.27694 1302.51
vn 0.681179 0.18593 -0.708114
v -64.0027 -3.27694 1302.51
vn 0.93847 0.34377 -0.0331051
v -64.0027 -3.27694 1302.51
vn 0.881477 0.45532 0.12523
v -64.3394 -4.63779 1306.49
vn -0.191069 0.925493 0.327042
v -64.3562 -3.94343 1306.75
vn 0.858436 0.309733 0.408843
v -64.1052 -3.56171 1306.14
vn 0.622557 0.75099 0.220081
v -64.1052 -3.56171 1306.14
vn 0.865937 0.0341104 0.498989
v -64.098 -3.65777 1306.44
vn 0.622557 0.75099 0.220081
v -64.098 -3.65777 1306.44
vn 0.622557 0.75099 0.220081
v -63.7446 -3.66077 1305.45
vn 0.736654 0.665928 -0.117818
v -63.741 -3.4118 1304.64
vn -0.00785617 0.999614 -0.026661
v -63.741 -3.4118 1304.64
vn -0.154588 0.987952 0.00731891
v -63.7489 -3.36944 1305.24
vn 0.234265 0.939792 0.248817
v -64.7616 -4.05214 1307.33
vn 0.777243 -0.163722 0.607527
v -64.7616 -4.05214 1307.33
vn 0.881477 0.45532 0.12523
v -64.7616 -4.05214 1307.33
f 44//44 39//39 4//4
f 3078//3078 2//2 3035//3035
f 19//19 3079//3079 40//40
f 5//5 3080//3080 3051//3051
f 3034//3034 3081//3081 3036//3036
f 41//41 3082//3082 44//44
f 1//1 3035//3035 2//2
f 3034//3034 3//3 3031//3031
f 3//3 6//6 3031//3031
f 3036//3036 3//3 3034//3034
f 42//42 4//4 3032//3032
f 3036//3036 25//25 3//3
f 3//3 7//7 6//6
f 3033//3033 3037//3037 8//8
f 3033//3033 8//8 87//87
f 8//8 9//9 14//14
f 7//7 3//3 45//45
f 8//8 3037//3037 9//9
f 25//25 45//45 3//3
f 3039//3039 7//7 45//45
f 6//6 7//7 3039//3039
f 3108//3108 42//42 3032//3032
f 3046//3046 3039//3039 46//46
f 16//16 3046//3046 46//46
f 50//50 10//10 52//52
f 3085//3085 3040//3040 51//51
f 51//51 3040//3040 11//11
f 12//12 76//76 13//13
f 78//78 12//12 3044//3044
f 14//14 15//15 8//8
f 3046//3046 16//16 3047//3047
f 16//16 86//86 3047//3047
f 3038//3038 3048//3048 17//17
f 3049//3049 3047//3047 86//86
f 21//21 25//25 3036//3036
f 40//40 20//20 19//19
f 19//19 20//20 3036//3036
f 20//20 21//21 3036//3036
f 20//20 22//22 21//21
f 24//24 22//22 20//20
f 20//20 18//18 24//24
f 22//22 23//23 21//21
f 23//23 26//26 21//21
f 22//22 158//158 23//23
f 23//23 158//158 26//26
f 21//21 26//26 25//25
f 27//27 63//63 28//28
f 28//28 63//63 72//72
f 63//63 119//119 72//72
f 121//121 3096//3096 95//95
f 3127//3127 72//72 119//119
f 29//29 81//81 3045//3045
f 3053//3053 3055//3055 3058//3058
f 79//79 3054//3054 3059//3059
f 3058//3058 3055//3055 3102//3102
f 31//31 33//33 32//32
f 34//34 30//30 35//35
f 3068//3068 108//108 3060//3060
f 3062//3062 36//36 3066//3066
f 33//33 3070//3070 32//32
f 37//37 3073//3073 3063//3063
f 3064//3064 3065//3065 3076//3076
f 3065//3065 38//38 3076//3076
f 3065//3065 3071//3071 38//38
f 3068//3068 3066//3066 108//108
f 3069//3069 3072//3072 3067//3067
f 3073//3073 37//37 3077//3077
f 108//108 3066//3066 106//106
f 100//100 106//106 36//36
f 36//36 106//106 3066//3066
f 3074//3074 99//99 3134//3134
f 38//38 3132//3132 3075//3075
f 105//105 38//38 98//98
f 38//38 3071//3071 98//98
f 3132//3132 38//38 105//105
f 3082//3082 41//41 3061//3061
f 3060//3060 40//40 3079//3079
f 18//18 20//20 40//40
f 108//108 40//40 3060//3060
f 3071//3071 3061//3061 98//98
f 108//108 18//18 40//40
f 98//98 3061//3061 111//111
f 3061//3061 41//41 111//111
f 41//41 44//44 111//111
f 26//26 43//43 25//25
f 43//43 45//45 25//25
f 45//45 43//43 47//47
f 4//4 42//42 44//44
f 44//44 42//42 234//234
f 158//158 113//113 26//26
f 45//45 47//47 3039//3039
f 3039//3039 47//47 46//46
f 16//16 46//46 86//86
f 117//117 140//140 47//47
f 48//48 61//61 65//65
f 93//93 48//48 65//65
f 61//61 48//48 67//67
f 67//67 48//48 73//73
f 92//92 48//48 93//93
f 145//145 73//73 48//48
f 145//145 48//48 92//92
f 53//53 79//79 75//75
f 77//77 53//53 75//75
f 78//78 56//56 77//77
f 59//59 54//54 3041//3041
f 54//54 55//55 49//49
f 3041//3041 54//54 49//49
f 49//49 55//55 3088//3088
f 59//59 3041//3041 50//50
f 3042//3042 3041//3041 49//49
f 3089//3089 58//58 3083//3083
f 3091//3091 3043//3043 3084//3084
f 3085//3085 51//51 57//57
f 51//51 11//11 57//57
f 57//57 11//11 3092//3092
f 3093//3093 3054//3054 53//53
f 3054//3054 79//79 53//53
f 54//54 64//64 55//55
f 3094//3094 53//53 3086//3086
f 53//53 56//56 3087//3087
f 77//77 56//56 53//53
f 54//54 59//59 64//64
f 59//59 50//50 61//61
f 3092//3092 3090//3090 60//60
f 78//78 60//60 3090//3090
f 50//50 52//52 61//61
f 3085//3085 57//57 62//62
f 3093//3093 53//53 3094//3094
f 59//59 66//66 64//64
f 3092//3092 68//68 57//57
f 68//68 3092//3092 60//60
f 78//78 80//80 60//60
f 65//65 61//61 52//52
f 52//52 3124//3124 65//65
f 62//62 3125//3125 3085//3085
f 69//69 3093//3093 3094//3094
f 64//64 66//66 69//69
f 67//67 66//66 59//59
f 67//67 59//59 61//61
f 71//71 68//68 60//60
f 57//57 94//94 62//62
f 94//94 57//57 68//68
f 69//69 66//66 73//73
f 3097//3097 129//129 3056//3056
f 66//66 67//67 73//73
f 70//70 85//85 74//74
f 85//85 70//70 71//71
f 123//123 68//68 71//71
f 3095//3095 123//123 71//71
f 123//123 94//94 68//68
f 69//69 136//136 119//119
f 119//119 3093//3093 69//69
f 3099//3099 123//123 3095//3095
f 73//73 145//145 131//131
f 3152//3152 122//122 3098//3098
f 122//122 3170//3170 3098//3098
f 3057//3057 3171//3171 3100//3100
f 79//79 3059//3059 76//76
f 75//75 79//79 76//76
f 3059//3059 13//13 76//76
f 12//12 77//77 76//76
f 77//77 75//75 76//76
f 78//78 77//77 12//12
f 3044//3044 80//80 78//78
f 3044//3044 3103//3103 80//80
f 84//84 3102//3102 3055//3055
f 83//83 80//80 3104//3104
f 83//83 82//82 80//80
f 3106//3106 3105//3105 3107//3107
f 80//80 82//82 60//60
f 3106//3106 3107//3107 85//85
f 71//71 60//60 82//82
f 83//83 85//85 82//82
f 74//74 85//85 3107//3107
f 82//82 85//85 71//71
f 3055//3055 3101//3101 84//84
f 3038//3038 17//17 3109//3109
f 88//88 3049//3049 86//86
f 86//86 46//46 47//47
f 140//140 86//86 47//47
f 90//90 138//138 3108//3108
f 138//138 42//42 3108//3108
f 3050//3050 3113//3113 3110//3110
f 89//89 3111//3111 3114//3114
f 3112//3112 3115//3115 3118//3118
f 88//88 91//91 3116//3116
f 3121//3121 3119//3119 3117//3117
f 91//91 88//88 141//141
f 141//141 139//139 91//91
f 3122//3122 3179//3179 3120//3120
f 3126//3126 150//150 3123//3123
f 145//145 92//92 146//146
f 3184//3184 3123//3123 150//150
f 3125//3125 62//62 3189//3189
f 62//62 94//94 3190//3190
f 120//120 125//125 3127//3127
f 120//120 3127//3127 119//119
f 121//121 95//95 127//127
f 125//125 124//124 96//96
f 3127//3127 125//125 96//96
f 3128//3128 3129//3129 132//132
f 3165//3165 3128//3128 132//132
f 124//124 97//97 96//96
f 132//132 3129//3129 137//137
f 97//97 3176//3176 96//96
f 105//105 98//98 110//110
f 3133//3133 101//101 3135//3135
f 3136//3136 3132//3132 105//105
f 3137//3137 104//104 100//100
f 100//100 104//104 107//107
f 100//100 107//107 106//106
f 103//103 3144//3144 102//102
f 3145//3145 3138//3138 3139//3139
f 3140//3140 3136//3136 105//105
f 3141//3141 97//97 107//107
f 3141//3141 107//107 104//104
f 3130//3130 3142//3142 3146//3146
f 3143//3143 3140//3140 105//105
f 3131//3131 3147//3147 3177//3177
f 155//155 106//106 107//107
f 109//109 18//18 108//108
f 106//106 109//109 108//108
f 98//98 111//111 110//110
f 110//110 111//111 223//223
f 47//47 43//43 161//161
f 113//113 112//112 26//26
f 26//26 112//112 43//43
f 113//113 114//114 112//112
f 112//112 114//114 43//43
f 43//43 114//114 218//218
f 218//218 116//116 43//43
f 158//158 160//160 113//113
f 43//43 115//115 161//161
f 43//43 116//116 115//115
f 116//116 161//161 115//115
f 116//116 232//232 161//161
f 118//118 117//117 47//47
f 118//118 177//177 117//117
f 177//177 140//140 117//117
f 47//47 251//251 118//118
f 251//251 177//177 118//118
f 47//47 161//161 164//164
f 3251//3251 47//47 164//164
f 119//119 124//124 120//120
f 119//119 136//136 124//124
f 126//126 3148//3148 3153//3153
f 126//126 3160//3160 3148//3148
f 3154//3154 3149//3149 3155//3155
f 3158//3158 128//128 3150//3150
f 3156//3156 3151//3151 3166//3166
f 127//127 3163//3163 121//121
f 3172//3172 123//123 3099//3099
f 3170//3170 130//130 3157//3157
f 145//145 148//148 131//131
f 145//145 146//146 148//148
f 3173//3173 94//94 123//123
f 3161//3161 3167//3167 3159//3159
f 3162//3162 3164//3164 3168//3168
f 3169//3169 3163//3163 127//127
f 3169//3169 127//127 133//133
f 133//133 127//127 3174//3174
f 136//136 69//69 131//131
f 131//131 69//69 73//73
f 136//136 97//97 124//124
f 122//122 134//134 3170//3170
f 122//122 3169//3169 134//134
f 148//148 136//136 131//131
f 133//133 134//134 3169//3169
f 135//135 130//130 3170//3170
f 3174//3174 168//168 133//133
f 135//135 3170//3170 166//166
f 3193//3193 134//134 133//133
f 134//134 166//166 3170//3170
f 135//135 166//166 153//153
f 165//165 107//107 97//97
f 165//165 97//97 136//136
f 3193//3193 166//166 134//134
f 3194//3194 3175//3175 3178//3178
f 167//167 3177//3177 3147//3147
f 167//167 3195//3195 3177//3177
f 105//105 213//213 167//167
f 105//105 110//110 213//213
f 138//138 234//234 42//42
f 141//141 140//140 177//177
f 90//90 173//173 138//138
f 141//141 88//88 86//86
f 86//86 140//140 141//141
f 3180//3180 143//143 90//90
f 139//139 141//141 142//142
f 142//142 144//144 139//139
f 90//90 143//143 173//173
f 142//142 176//176 144//144
f 3182//3182 3181//3181 3183//3183
f 141//141 176//176 142//142
f 143//143 174//174 173//173
f 3196//3196 144//144 176//176
f 3197//3197 3182//3182 3183//3183
f 150//150 147//147 3184//3184
f 146//146 3185//3185 148//148
f 3185//3185 182//182 184//184
f 149//149 182//182 3185//3185
f 3188//3188 3186//3186 154//154
f 148//148 3185//3185 184//184
f 149//149 198//198 182//182
f 3173//3173 3190//3190 94//94
f 135//135 3190//3190 3173//3173
f 3190//3190 135//135 151//151
f 3190//3190 151//151 3187//3187
f 152//152 151//151 135//135
f 152//152 3187//3187 151//151
f 135//135 153//153 152//152
f 3191//3191 3187//3187 152//152
f 186//186 152//152 153//153
f 186//186 153//153 166//166
f 107//107 165//165 155//155
f 155//155 337//337 106//106
f 110//110 223//223 213//213
f 106//106 296//296 109//109
f 24//24 156//156 3052//3052
f 158//158 3052//3052 156//156
f 156//156 160//160 158//158
f 157//157 156//156 24//24
f 18//18 157//157 24//24
f 111//111 44//44 223//223
f 157//157 212//212 156//156
f 18//18 211//211 157//157
f 211//211 212//212 157//157
f 210//210 215//215 156//156
f 234//234 226//226 44//44
f 160//160 159//159 113//113
f 159//159 114//114 113//113
f 159//159 217//217 114//114
f 217//217 218//218 114//114
f 218//218 162//162 116//116
f 159//159 216//216 217//217
f 160//160 216//216 159//159
f 219//219 160//160 215//215
f 215//215 160//160 156//156
f 3223//3223 216//216 160//160
f 221//221 218//218 217//217
f 163//163 116//116 162//162
f 231//231 116//116 163//163
f 231//231 233//233 116//116
f 116//116 233//233 232//232
f 177//177 251//251 256//256
f 165//165 136//136 269//269
f 190//190 166//166 3193//3193
f 3193//3193 193//193 190//190
f 190//190 185//185 166//166
f 171//171 3195//3195 167//167
f 171//171 167//167 169//169
f 193//193 3193//3193 271//271
f 170//170 169//169 167//167
f 170//170 167//167 242//242
f 169//169 172//172 171//171
f 169//169 170//170 172//172
f 170//170 240//240 172//172
f 170//170 242//242 240//240
f 171//171 172//172 240//240
f 138//138 173//173 263//263
f 173//173 178//178 263//263
f 138//138 263//263 252//252
f 256//256 264//264 177//177
f 175//175 173//173 174//174
f 179//179 176//176 141//141
f 3196//3196 176//176 179//179
f 178//178 173//173 175//175
f 175//175 174//174 178//178
f 3198//3198 3196//3196 179//179
f 180//180 141//141 177//177
f 181//181 3198//3198 179//179
f 180//180 179//179 141//141
f 265//265 180//180 177//177
f 3276//3276 3199//3199 3200//3200
f 3188//3188 199//199 3215//3215
f 199//199 3188//3188 154//154
f 148//148 184//184 183//183
f 207//207 184//184 182//182
f 182//182 198//198 207//207
f 136//136 183//183 266//266
f 183//183 184//184 266//266
f 186//186 166//166 185//185
f 185//185 188//188 186//186
f 186//186 187//187 152//152
f 3202//3202 189//189 187//187
f 186//186 3202//3202 187//187
f 187//187 209//209 152//152
f 3191//3191 152//152 209//209
f 3201//3201 191//191 3203//3203
f 191//191 3204//3204 3203//3203
f 3201//3201 3205//3205 191//191
f 192//192 3204//3204 191//191
f 209//209 187//187 189//189
f 3206//3206 3210//3210 3207//3207
f 3208//3208 193//193 194//194
f 136//136 148//148 183//183
f 194//194 3209//3209 3208//3208
f 194//194 195//195 3209//3209
f 3211//3211 3204//3204 192//192
f 209//209 189//189 3212//3212
f 197//197 194//194 193//193
f 193//193 271//271 197//197
f 197//197 196//196 194//194
f 3214//3214 195//195 194//194
f 3222//3222 3213//3213 196//196
f 197//197 3222//3222 196//196
f 197//197 271//271 3222//3222
f 200//200 207//207 198//198
f 199//199 3216//3216 3215//3215
f 3217//3217 199//199 201//201
f 199//199 154//154 201//201
f 202//202 201//201 203//203
f 202//202 3217//3217 201//201
f 201//201 154//154 203//203
f 200//200 289//289 207//207
f 204//204 289//289 200//200
f 200//200 3218//3218 204//204
f 202//202 203//203 206//206
f 204//204 3218//3218 205//205
f 205//205 3218//3218 3219//3219
f 204//204 205//205 208//208
f 205//205 3219//3219 208//208
f 316//316 207//207 289//289
f 3220//3220 206//206 295//295
f 374//374 337//337 155//155
f 109//109 214//214 18//18
f 106//106 337//337 296//296
f 212//212 210//210 156//156
f 18//18 214//214 211//211
f 222//222 215//215 210//210
f 210//210 212//212 222//222
f 3225//3225 227//227 213//213
f 215//215 220//220 219//219
f 3223//3223 3224//3224 216//216
f 222//222 220//220 215//215
f 3224//3224 224//224 216//216
f 224//224 217//217 216//216
f 222//222 3230//3230 220//220
f 224//224 221//221 217//217
f 222//222 3226//3226 3230//3230
f 3231//3231 3227//3227 225//225
f 223//223 44//44 3234//3234
f 44//44 226//226 3234//3234
f 229//229 3228//3228 212//212
f 212//212 3228//3228 222//222
f 228//228 3236//3236 3242//3242
f 3229//3229 3243//3243 3237//3237
f 3238//3238 3232//3232 3235//3235
f 226//226 237//237 3234//3234
f 3239//3239 3234//3234 237//237
f 3244//3244 298//298 3240//3240
f 3311//3311 3233//3233 3241//3241
f 162//162 230//230 163//163
f 230//230 231//231 163//163
f 231//231 303//303 233//233
f 236//236 238//238 161//161
f 233//233 300//300 232//232
f 300//300 236//236 232//232
f 232//232 236//236 161//161
f 299//299 231//231 230//230
f 299//299 303//303 231//231
f 162//162 235//235 230//230
f 230//230 235//235 299//299
f 234//234 237//237 226//226
f 218//218 235//235 162//162
f 218//218 336//336 235//235
f 336//336 299//299 235//235
f 254//254 164//164 239//239
f 3254//3254 3252//3252 3192//3192
f 161//161 238//238 164//164
f 164//164 238//238 239//239
f 254//254 239//239 255//255
f 255//255 239//239 259//259
f 259//259 239//239 261//261
f 236//236 301//301 238//238
f 301//301 239//239 238//238
f 240//240 242//242 243//243
f 240//240 241//241 171//171
f 243//243 272//272 240//240
f 171//171 3246//3246 273//273
f 273//273 3246//3246 270//270
f 3283//3283 3247//3247 3245//3245
f 3245//3245 3285//3285 3283//3283
f 242//242 244//244 245//245
f 242//242 167//167 244//244
f 245//245 243//243 242//242
f 245//245 246//246 243//243
f 246//246 3286//3286 243//243
f 244//244 250//250 247//247
f 244//244 167//167 250//250
f 247//247 245//245 244//244
f 247//247 248//248 245//245
f 3249//3249 249//249 246//246
f 3249//3249 246//246 3248//3248
f 276//276 275//275 249//249
f 249//249 275//275 246//246
f 247//247 284//284 248//248
f 248//248 284//284 3250//3250
f 284//284 3296//3296 3250//3250
f 250//250 167//167 213//213
f 138//138 252//252 234//234
f 3255//3255 253//253 252//252
f 253//253 234//234 252//252
f 260//260 3256//3256 3253//3253
f 263//263 3266//3266 252//252
f 3257//3257 256//256 251//251
f 3267//3267 256//256 3257//3257
f 3260//3260 258//258 3258//3258
f 3259//3259 3262//3262 253//253
f 234//234 253//253 257//257
f 257//257 253//253 3262//3262
f 3264//3264 258//258 3260//3260
f 3267//3267 262//262 256//256
f 3266//3266 263//263 309//309
f 3261//3261 3263//3263 3268//3268
f 258//258 3264//3264 3269//3269
f 3272//3272 3270//3270 3265//3265
f 237//237 234//234 3266//3266
f 3266//3266 234//234 257//257
f 3274//3274 3271//3271 3273//3273
f 261//261 307//307 3275//3275
f 265//265 179//179 180//180
f 179//179 3278//3278 181//181
f 264//264 265//265 177//177
f 3279//3279 3313//3313 3277//3277
f 3280//3280 3276//3276 3200//3200
f 266//266 269//269 136//136
f 3222//3222 271//271 267//267
f 267//267 268//268 3222//3222
f 209//209 3281//3281 291//291
f 267//267 271//271 278//278
f 268//268 267//267 277//277
f 280//280 3282//3282 3298//3298
f 294//294 3282//3282 280//280
f 294//294 313//313 319//319
f 273//273 270//270 274//274
f 3284//3284 3287//3287 3291//3291
f 284//284 271//271 3193//3193
f 3195//3195 171//171 3302//3302
f 3295//3295 3292//3292 3288//3288
f 246//246 275//275 3286//3286
f 3302//3302 171//171 273//273
f 3289//3289 3293//3293 3297//3297
f 275//275 276//276 3294//3294
f 284//284 3290//3290 3296//3296
f 278//278 271//271 284//284
f 278//278 279//279 267//267
f 279//279 281//281 277//277
f 267//267 279//279 277//277
f 3298//3298 3299//3299 280//280
f 278//278 284//284 282//282
f 278//278 282//282 279//279
f 279//279 282//282 283//283
f 281//281 279//279 283//283
f 285//285 3301//3301 3300//3300
f 3301//3301 285//285 286//286
f 281//281 283//283 3303//3303
f 280//280 3299//3299 3304//3304
f 312//312 285//285 3300//3300
f 285//285 312//312 287//287
f 285//285 287//287 286//286
f 3306//3306 288//288 3305//3305
f 294//294 280//280 3304//3304
f 3307//3307 294//294 3304//3304
f 284//284 314//314 282//282
f 314//314 3317//3317 282//282
f 3318//3318 3306//3306 3317//3317
f 3318//3318 288//288 3306//3306
f 313//313 294//294 3308//3308
f 184//184 207//207 316//316
f 206//206 292//292 295//295
f 204//204 208//208 289//289
f 295//295 292//292 290//290
f 323//323 289//289 208//208
f 323//323 316//316 289//289
f 291//291 3309//3309 209//209
f 209//209 3309//3309 3191//3191
f 292//292 203//203 154//154
f 292//292 206//206 203//203
f 293//293 291//291 3281//3281
f 3309//3309 291//291 293//293
f 318//318 3309//3309 293//293
f 294//294 3310//3310 3282//3282
f 364//364 290//290 292//292
f 319//319 3310//3310 294//294
f 364//364 295//295 290//290
f 296//296 297//297 109//109
f 297//297 214//214 109//109
f 214//214 297//297 381//381
f 337//337 297//297 296//296
f 297//297 337//337 338//338
f 297//297 338//338 381//381
f 212//212 211//211 330//330
f 229//229 212//212 330//330
f 214//214 381//381 379//379
f 224//224 3312//3312 221//221
f 3312//3312 333//333 221//221
f 330//330 331//331 229//229
f 331//331 3312//3312 229//229
f 336//336 218//218 221//221
f 336//336 303//303 299//299
f 233//233 302//302 300//300
f 302//302 301//301 300//300
f 300//300 301//301 236//236
f 303//303 302//302 233//233
f 344//344 239//239 301//301
f 337//337 374//374 723//723
f 250//250 213//213 355//355
f 213//213 227//227 340//340
f 304//304 3239//3239 237//237
f 3239//3239 304//304 227//227
f 304//304 237//237 305//305
f 304//304 305//305 342//342
f 342//342 305//305 345//345
f 237//237 3266//3266 305//305
f 344//344 261//261 239//239
f 344//344 307//307 261//261
f 3266//3266 309//309 305//305
f 262//262 306//306 256//256
f 306//306 308//308 256//256
f 307//307 306//306 262//262
f 306//306 307//307 351//351
f 306//306 351//351 308//308
f 308//308 264//264 256//256
f 264//264 308//308 265//265
f 3314//3314 265//265 308//308
f 308//308 347//347 3314//3314
f 361//361 269//269 266//266
f 165//165 269//269 407//407
f 310//310 319//319 3318//3318
f 310//310 311//311 319//319
f 315//315 311//311 310//310
f 352//352 311//311 315//315
f 314//314 310//310 3317//3317
f 3317//3317 310//310 3318//3318
f 284//284 315//315 314//314
f 315//315 284//284 247//247
f 315//315 310//310 314//314
f 247//247 353//353 315//315
f 247//247 250//250 353//353
f 315//315 353//353 352//352
f 364//364 328//328 295//295
f 317//317 184//184 316//316
f 266//266 184//184 361//361
f 184//184 405//405 361//361
f 405//405 184//184 317//317
f 3309//3309 318//318 364//364
f 320//320 319//319 311//311
f 320//320 3310//3310 319//319
f 320//320 318//318 3310//3310
f 352//352 320//320 311//311
f 364//364 318//318 320//320
f 363//363 320//320 352//352
f 320//320 363//363 364//364
f 322//322 316//316 323//323
f 323//323 326//326 321//321
f 3319//3319 3323//3323 327//327
f 3220//3220 295//295 325//325
f 324//324 323//323 208//208
f 3320//3320 324//324 3221//3221
f 324//324 326//326 323//323
f 324//324 3320//3320 326//326
f 327//327 3323//3323 3321//3321
f 3322//3322 295//295 328//328
f 3322//3322 328//328 3324//3324
f 321//321 367//367 323//323
f 3319//3319 327//327 329//329
f 367//367 322//322 323//323
f 367//367 321//321 3325//3325
f 214//214 379//379 211//211
f 380//380 332//332 330//330
f 330//330 211//211 379//379
f 379//379 380//380 330//330
f 332//332 331//331 330//330
f 331//331 333//333 3312//3312
f 334//334 333//333 331//331
f 332//332 334//334 331//331
f 333//333 335//335 221//221
f 333//333 334//334 335//335
f 335//335 336//336 221//221
f 335//335 510//510 336//336
f 303//303 344//344 302//302
f 302//302 344//344 301//301
f 336//336 344//344 303//303
f 340//340 355//355 213//213
f 227//227 341//341 340//340
f 339//339 340//340 382//382
f 304//304 342//342 341//341
f 304//304 341//341 227//227
f 332//332 442//442 334//334
f 340//340 341//341 387//387
f 305//305 309//309 345//345
f 341//341 342//342 387//387
f 387//387 342//342 343//343
f 342//342 345//345 343//343
f 343//343 345//345 389//389
f 389//389 388//388 343//343
f 344//344 351//351 307//307
f 345//345 309//309 346//346
f 389//389 345//345 346//346
f 351//351 347//347 308//308
f 348//348 346//346 309//309
f 3328//3328 3315//3315 349//349
f 347//347 350//350 3314//3314
f 3330//3330 3316//3316 350//350
f 3331//3331 359//359 3329//3329
f 3330//3330 350//350 3332//3332
f 350//350 360//360 3332//3332
f 347//347 351//351 572//572
f 360//360 350//350 513//513
f 350//350 347//347 513//513
f 269//269 361//361 362//362
f 407//407 390//390 165//165
f 407//407 269//269 362//362
f 353//353 250//250 355//355
f 355//355 354//354 353//353
f 354//354 355//355 357//357
f 392//392 353//353 354//354
f 392//392 408//408 353//353
f 354//354 394//394 392//392
f 356//356 355//355 340//340
f 356//356 357//357 355//355
f 358//358 356//356 339//339
f 356//356 340//340 339//339
f 356//356 358//358 357//357
f 339//339 376//376 358//358
f 346//346 348//348 3333//3333
f 406//406 361//361 405//405
f 406//406 407//407 362//362
f 361//361 406//406 362//362
f 364//364 363//363 365//365
f 328//328 364//364 365//365
f 363//363 352//352 410//410
f 363//363 410//410 365//365
f 352//352 408//408 410//410
f 408//408 352//352 353//353
f 413//413 428//428 365//365
f 317//317 316//316 405//405
f 419//419 316//316 322//322
f 420//420 405//405 316//316
f 420//420 316//316 419//419
f 3324//3324 328//328 366//366
f 366//366 328//328 365//365
f 432//432 366//366 365//365
f 3325//3325 368//368 367//367
f 3326//3326 369//369 3335//3335
f 369//369 370//370 3335//3335
f 369//369 371//371 3336//3336
f 371//371 373//373 3336//3336
f 437//437 373//373 371//371
f 366//366 3326//3326 3324//3324
f 3326//3326 366//366 369//369
f 369//369 366//366 371//371
f 366//366 432//432 371//371
f 3335//3335 370//370 372//372
f 373//373 3337//3337 3336//3336
f 434//434 368//368 3338//3338
f 436//436 373//373 437//437
f 434//434 3339//3339 3341//3341
f 436//436 3337//3337 373//373
f 374//374 443//443 375//375
f 375//375 723//723 374//374
f 376//376 398//398 358//358
f 376//376 339//339 377//377
f 337//337 621//621 338//338
f 376//376 377//377 378//378
f 378//378 384//384 446//446
f 377//377 339//339 382//382
f 377//377 382//382 383//383
f 382//382 340//340 387//387
f 378//378 377//377 383//383
f 378//378 383//383 384//384
f 380//380 439//439 332//332
f 384//384 383//383 385//385
f 383//383 382//382 385//385
f 382//382 387//387 385//385
f 381//381 380//380 379//379
f 384//384 385//385 386//386
f 439//439 442//442 332//332
f 385//385 387//387 388//388
f 385//385 388//388 386//386
f 343//343 388//388 387//387
f 570//570 344//344 336//336
f 388//388 389//389 450//450
f 336//336 510//510 570//570
f 389//389 346//346 401//401
f 389//389 401//401 450//450
f 390//390 455//455 391//391
f 443//443 155//155 165//165
f 443//443 165//165 391//391
f 390//390 391//391 165//165
f 374//374 155//155 443//443
f 395//395 397//397 414//414
f 397//397 459//459 414//414
f 517//517 443//443 391//391
f 357//357 398//398 393//393
f 357//357 393//393 354//354
f 408//408 392//392 418//418
f 394//394 354//354 393//393
f 395//395 392//392 394//394
f 392//392 395//395 418//418
f 397//397 395//395 394//394
f 393//393 398//398 396//396
f 398//398 399//399 396//396
f 394//394 396//396 397//397
f 396//396 394//394 393//393
f 396//396 444//444 397//397
f 444//444 396//396 400//400
f 358//358 398//398 357//357
f 398//398 376//376 399//399
f 376//376 378//378 399//399
f 400//400 396//396 399//399
f 400//400 399//399 446//446
f 399//399 378//378 446//446
f 401//401 346//346 3333//3333
f 451//451 401//401 3333//3333
f 3334//3334 360//360 403//403
f 513//513 514//514 360//360
f 451//451 3333//3333 3340//3340
f 403//403 360//360 402//402
f 402//402 453//453 403//403
f 405//405 404//404 406//406
f 457//457 407//407 406//406
f 454//454 406//406 404//404
f 408//408 409//409 410//410
f 418//418 395//395 409//409
f 418//418 409//409 408//408
f 365//365 410//410 413//413
f 411//411 409//409 395//395
f 410//410 409//409 412//412
f 412//412 409//409 411//411
f 411//411 395//395 414//414
f 414//414 412//412 411//411
f 415//415 413//413 410//410
f 412//412 415//415 410//410
f 458//458 412//412 414//414
f 458//458 415//415 412//412
f 415//415 416//416 413//413
f 413//413 416//416 483//483
f 416//416 415//415 483//483
f 417//417 415//415 458//458
f 3357//3357 415//415 417//417
f 414//414 459//459 460//460
f 420//420 419//419 430//430
f 420//420 404//404 405//405
f 428//428 432//432 365//365
f 432//432 421//421 423//423
f 421//421 432//432 428//428
f 422//422 423//423 421//421
f 422//422 421//421 424//424
f 425//425 422//422 424//424
f 422//422 426//426 423//423
f 496//496 425//425 424//424
f 427//427 422//422 425//425
f 427//427 425//425 496//496
f 426//426 427//427 495//495
f 426//426 422//422 427//427
f 427//427 496//496 495//495
f 428//428 413//413 429//429
f 428//428 429//429 421//421
f 413//413 483//483 429//429
f 424//424 421//421 429//429
f 474//474 424//424 429//429
f 483//483 474//474 429//429
f 500//500 419//419 322//322
f 322//322 367//367 500//500
f 419//419 500//500 491//491
f 491//491 500//500 502//502
f 371//371 431//431 437//437
f 430//430 419//419 491//491
f 494//494 437//437 431//431
f 431//431 371//371 432//432
f 423//423 431//431 432//432
f 426//426 433//433 423//423
f 431//431 423//423 433//433
f 433//433 426//426 495//495
f 494//494 433//433 495//495
f 494//494 431//431 433//433
f 434//434 438//438 435//435
f 504//504 435//435 438//438
f 500//500 367//367 562//562
f 435//435 504//504 501//501
f 506//506 435//435 3360//3360
f 437//437 3342//3342 436//436
f 3341//3341 438//438 434//434
f 437//437 503//503 438//438
f 504//504 438//438 503//503
f 338//338 621//621 381//381
f 447//447 384//384 386//386
f 380//380 440//440 439//439
f 509//509 439//439 440//440
f 386//386 388//388 441//441
f 442//442 335//335 334//334
f 569//569 335//335 442//442
f 626//626 570//570 510//510
f 570//570 571//571 344//344
f 344//344 568//568 351//351
f 571//571 568//568 3327//3327
f 513//513 347//347 572//572
f 397//397 466//466 459//459
f 397//397 444//444 466//466
f 466//466 444//444 445//445
f 400//400 445//445 444//444
f 400//400 446//446 445//445
f 445//445 446//446 511//511
f 447//447 511//511 446//446
f 446//446 384//384 447//447
f 512//512 447//447 386//386
f 522//522 447//447 512//512
f 512//512 386//386 441//441
f 448//448 512//512 441//441
f 388//388 450//450 441//441
f 448//448 450//450 449//449
f 448//448 441//441 450//450
f 449//449 529//529 448//448
f 450//450 401//401 451//451
f 449//449 450//450 530//530
f 530//530 450//450 451//451
f 467//467 530//530 451//451
f 514//514 402//402 360//360
f 452//452 451//451 3340//3340
f 452//452 467//467 451//451
f 3343//3343 403//403 453//453
f 514//514 453//453 402//402
f 3344//3344 3343//3343 453//453
f 453//453 469//469 3344//3344
f 454//454 470//470 406//406
f 540//540 516//516 406//406
f 390//390 407//407 457//457
f 456//456 457//457 406//406
f 390//390 457//457 455//455
f 516//516 457//457 456//456
f 516//516 456//456 406//406
f 598//598 457//457 516//516
f 455//455 457//457 598//598
f 460//460 461//461 458//458
f 460//460 458//458 414//414
f 461//461 417//417 458//458
f 461//461 3357//3357 417//417
f 462//462 3357//3357 461//461
f 460//460 464//464 461//461
f 464//464 463//463 461//461
f 463//463 462//462 461//461
f 486//486 462//462 463//463
f 486//486 463//463 464//464
f 459//459 466//466 465//465
f 465//465 460//460 459//459
f 518//518 464//464 460//460
f 460//460 465//465 518//518
f 465//465 466//466 520//520
f 518//518 486//486 464//464
f 465//465 519//519 518//518
f 466//466 445//445 520//520
f 531//531 530//530 467//467
f 531//531 3344//3344 468//468
f 469//469 468//468 3344//3344
f 468//468 469//469 537//537
f 470//470 454//454 404//404
f 470//470 404//404 471//471
f 471//471 404//404 420//420
f 406//406 470//470 540//540
f 474//474 496//496 424//424
f 489//489 474//474 485//485
f 477//477 472//472 487//487
f 473//473 472//472 477//477
f 3359//3359 472//472 473//473
f 3345//3345 476//476 3347//3347
f 473//473 3348//3348 3359//3359
f 474//474 3351//3351 480//480
f 474//474 480//480 497//497
f 487//487 490//490 3353//3353
f 486//486 490//490 487//487
f 478//478 473//473 477//477
f 478//478 475//475 473//473
f 478//478 482//482 475//475
f 3356//3356 479//479 3349//3349
f 479//479 3346//3346 3350//3350
f 3346//3346 479//479 3352//3352
f 479//479 3354//3354 3352//3352
f 490//490 548//548 3353//3353
f 3353//3353 481//481 478//478
f 481//481 482//482 478//478
f 479//479 3356//3356 545//545
f 479//479 545//545 3354//3354
f 3353//3353 548//548 546//546
f 481//481 3353//3353 546//546
f 482//482 481//481 546//546
f 485//485 474//474 483//483
f 3357//3357 462//462 484//484
f 485//485 483//483 3358//3358
f 486//486 484//484 462//462
f 486//486 488//488 484//484
f 488//488 3359//3359 484//484
f 489//489 485//485 3358//3358
f 486//486 487//487 488//488
f 487//487 472//472 3359//3359
f 488//488 487//487 3359//3359
f 490//490 518//518 548//548
f 486//486 518//518 490//490
f 493//493 430//430 491//491
f 493//493 491//491 502//502
f 493//493 420//420 430//430
f 492//492 420//420 493//493
f 493//493 502//502 653//653
f 549//549 420//420 492//492
f 549//549 492//492 493//493
f 503//503 437//437 494//494
f 498//498 558//558 494//494
f 497//497 496//496 474//474
f 498//498 496//496 497//497
f 494//494 495//495 496//496
f 498//498 494//494 496//496
f 3366//3366 497//497 3355//3355
f 499//499 497//497 3366//3366
f 498//498 497//497 499//499
f 564//564 367//367 368//368
f 502//502 500//500 562//562
f 558//558 504//504 503//503
f 567//567 507//507 558//558
f 494//494 558//558 503//503
f 368//368 434//434 564//564
f 564//564 434//434 505//505
f 563//563 562//562 367//367
f 367//367 564//564 563//563
f 505//505 434//434 435//435
f 506//506 505//505 435//435
f 558//558 507//507 504//504
f 506//506 3360//3360 508//508
f 504//504 3361//3361 501//501
f 507//507 3361//3361 504//504
f 506//506 508//508 566//566
f 621//621 380//380 381//381
f 509//509 442//442 439//439
f 569//569 510//510 335//335
f 630//630 723//723 375//375
f 375//375 443//443 630//630
f 511//511 447//447 522//522
f 525//525 522//522 512//512
f 448//448 525//525 512//512
f 525//525 523//523 522//522
f 448//448 528//528 525//525
f 453//453 515//515 469//469
f 572//572 628//628 513//513
f 680//680 453//453 514//514
f 515//515 453//453 679//679
f 679//679 678//678 515//515
f 455//455 598//598 391//391
f 574//574 517//517 391//391
f 574//574 681//681 517//517
f 465//465 520//520 519//519
f 445//445 511//511 520//520
f 511//511 521//521 520//520
f 520//520 521//521 519//519
f 577//577 511//511 576//576
f 511//511 524//524 576//576
f 577//577 521//521 511//511
f 524//524 511//511 522//522
f 580//580 524//524 522//522
f 522//522 523//523 580//580
f 581//581 523//523 526//526
f 580//580 579//579 524//524
f 581//581 580//580 523//523
f 583//583 579//579 580//580
f 587//587 528//528 448//448
f 526//526 523//523 525//525
f 526//526 525//525 527//527
f 527//527 525//525 528//528
f 527//527 528//528 586//586
f 587//587 586//586 528//528
f 529//529 587//587 448//448
f 529//529 532//532 534//534
f 529//529 534//534 595//595
f 529//529 449//449 532//532
f 532//532 449//449 530//530
f 531//531 532//532 530//530
f 531//531 468//468 3364//3364
f 537//537 632//632 533//533
f 531//531 535//535 532//532
f 536//536 535//535 531//531
f 3362//3362 531//531 3364//3364
f 3362//3362 536//536 531//531
f 534//534 532//532 535//535
f 595//595 534//534 535//535
f 592//592 535//535 536//536
f 536//536 3362//3362 592//592
f 535//535 592//592 591//591
f 3363//3363 594//594 3368//3368
f 632//632 537//537 469//469
f 678//678 469//469 515//515
f 542//542 538//538 539//539
f 539//539 538//538 541//541
f 542//542 3365//3365 544//544
f 3365//3365 605//605 550//550
f 3365//3365 550//550 544//544
f 696//696 540//540 470//470
f 471//471 420//420 542//542
f 538//538 542//542 541//541
f 542//542 420//420 541//541
f 696//696 516//516 540//540
f 471//471 542//542 544//544
f 470//470 471//471 543//543
f 543//543 471//471 544//544
f 696//696 598//598 516//516
f 645//645 544//544 550//550
f 543//543 544//544 645//645
f 482//482 546//546 547//547
f 547//547 3366//3366 482//482
f 547//547 499//499 3366//3366
f 547//547 546//546 553//553
f 557//557 553//553 546//546
f 518//518 519//519 548//548
f 557//557 546//546 548//548
f 557//557 548//548 606//606
f 548//548 519//519 606//606
f 519//519 601//601 606//606
f 420//420 549//549 541//541
f 605//605 539//539 541//541
f 551//551 541//541 549//549
f 605//605 541//541 551//551
f 549//549 493//493 552//552
f 549//549 552//552 613//613
f 549//549 613//613 551//551
f 498//498 559//559 558//558
f 554//554 499//499 553//553
f 554//554 498//498 499//499
f 554//554 559//559 498//498
f 553//553 555//555 554//554
f 554//554 556//556 559//559
f 556//556 554//554 555//555
f 553//553 499//499 547//547
f 555//555 553//553 557//557
f 653//653 502//502 562//562
f 656//656 552//552 493//493
f 558//558 561//561 614//614
f 614//614 567//567 558//558
f 560//560 558//558 559//559
f 560//560 561//561 558//558
f 556//556 560//560 559//559
f 556//556 555//555 652//652
f 652//652 560//560 556//556
f 616//616 614//614 561//561
f 506//506 564//564 505//505
f 565//565 564//564 506//506
f 565//565 506//506 566//566
f 716//716 562//562 563//563
f 716//716 564//564 565//565
f 563//563 564//564 716//716
f 508//508 667//667 566//566
f 3374//3374 3361//3361 507//507
f 567//567 615//615 507//507
f 620//620 568//568 571//571
f 337//337 723//723 621//621
f 569//569 626//626 510//510
f 509//509 624//624 442//442
f 624//624 569//569 442//442
f 769//769 626//626 569//569
f 453//453 680//680 679//679
f 628//628 573//573 513//513
f 573//573 514//514 513//513
f 573//573 680//680 514//514
f 681//681 575//575 517//517
f 574//574 391//391 600//600
f 600//600 734//734 574//574
f 443//443 517//517 575//575
f 443//443 575//575 630//630
f 576//576 578//578 577//577
f 578//578 576//576 524//524
f 521//521 577//577 601//601
f 578//578 524//524 682//682
f 3377//3377 524//524 582//582
f 577//577 578//578 736//736
f 3377//3377 582//582 584//584
f 577//577 736//736 601//601
f 682//682 584//584 635//635
f 736//736 578//578 682//682
f 582//582 579//579 583//583
f 582//582 524//524 579//579
f 580//580 581//581 583//583
f 581//581 526//526 585//585
f 582//582 583//583 584//584
f 526//526 588//588 3367//3367
f 583//583 581//581 635//635
f 584//584 583//583 635//635
f 585//585 635//635 581//581
f 588//588 527//527 586//586
f 526//526 527//527 588//588
f 588//588 586//586 589//589
f 589//589 586//586 590//590
f 586//586 587//587 590//590
f 588//588 589//589 3367//3367
f 631//631 589//589 590//590
f 590//590 603//603 602//602
f 636//636 602//602 603//603
f 603//603 590//590 587//587
f 603//603 587//587 529//529
f 533//533 632//632 594//594
f 591//591 595//595 535//535
f 593//593 591//591 592//592
f 595//595 591//591 593//593
f 593//593 592//592 596//596
f 3368//3368 594//594 3369//3369
f 632//632 3369//3369 594//594
f 595//595 593//593 597//597
f 597//597 593//593 596//596
f 634//634 632//632 469//469
f 633//633 3369//3369 632//632
f 596//596 633//633 597//597
f 598//598 734//734 599//599
f 734//734 598//598 696//696
f 599//599 391//391 598//598
f 599//599 600//600 391//391
f 599//599 734//734 600//600
f 519//519 521//521 601//601
f 606//606 601//601 610//610
f 604//604 603//603 529//529
f 595//595 639//639 529//529
f 637//637 636//636 603//603
f 637//637 604//604 638//638
f 637//637 603//603 604//604
f 529//529 638//638 604//604
f 638//638 529//529 639//639
f 645//645 550//550 605//605
f 605//605 551//551 613//613
f 613//613 649//649 605//605
f 470//470 543//543 645//645
f 651//651 645//645 605//605
f 650//650 605//605 649//649
f 555//555 557//557 607//607
f 606//606 610//610 608//608
f 557//557 606//606 609//609
f 607//607 557//557 609//609
f 606//606 608//608 609//609
f 612//612 609//609 608//608
f 610//610 612//612 608//608
f 611//611 607//607 609//609
f 612//612 611//611 609//609
f 607//607 611//611 652//652
f 612//612 610//610 648//648
f 648//648 611//611 612//612
f 652//652 611//611 648//648
f 613//613 552//552 656//656
f 649//649 613//613 656//656
f 657//657 658//658 616//616
f 560//560 3370//3370 561//561
f 652//652 616//616 560//560
f 657//657 616//616 652//652
f 555//555 607//607 652//652
f 617//617 562//562 716//716
f 562//562 617//617 653//653
f 507//507 618//618 3374//3374
f 507//507 615//615 618//618
f 668//668 618//618 615//615
f 672//672 668//668 615//615
f 672//672 614//614 616//616
f 672//672 567//567 614//614
f 672//672 615//615 567//567
f 616//616 660//660 672//672
f 716//716 565//565 673//673
f 673//673 565//565 566//566
f 665//665 673//673 566//566
f 665//665 566//566 667//667
f 619//619 618//618 668//668
f 618//618 619//619 3374//3374
f 627//627 351//351 568//568
f 621//621 625//625 380//380
f 851//851 625//625 621//621
f 380//380 623//623 440//440
f 625//625 623//623 380//380
f 440//440 622//622 509//509
f 623//623 622//622 440//440
f 622//622 725//725 624//624
f 509//509 622//622 624//624
f 623//623 725//725 622//622
f 624//624 769//769 569//569
f 570//570 806//806 571//571
f 806//806 620//620 571//571
f 568//568 620//620 627//627
f 681//681 675//675 629//629
f 681//681 629//629 575//575
f 629//629 630//630 575//575
f 675//675 630//630 629//629
f 730//730 635//635 585//585
f 632//632 634//634 633//633
f 634//634 469//469 678//678
f 635//635 730//730 682//682
f 730//730 3367//3367 589//589
f 684//684 602//602 636//636
f 631//631 590//590 602//602
f 631//631 602//602 684//684
f 684//684 636//636 683//683
f 683//683 636//636 642//642
f 639//639 595//595 597//597
f 639//639 597//597 643//643
f 638//638 641//641 637//637
f 3371//3371 638//638 639//639
f 636//636 637//637 642//642
f 3372//3372 637//637 641//641
f 3371//3371 639//639 692//692
f 640//640 3379//3379 639//639
f 643//643 640//640 639//639
f 694//694 597//597 633//633
f 643//643 597//597 694//694
f 470//470 645//645 644//644
f 470//470 646//646 696//696
f 646//646 470//470 644//644
f 651//651 647//647 645//645
f 646//646 644//644 645//645
f 646//646 645//645 647//647
f 736//736 610//610 601//601
f 610//610 736//736 648//648
f 651//651 605//605 650//650
f 649//649 698//698 650//650
f 649//649 756//756 698//698
f 756//756 649//649 656//656
f 698//698 745//745 650//650
f 651//651 650//650 745//745
f 662//662 657//657 652//652
f 714//714 662//662 652//652
f 653//653 655//655 654//654
f 654//654 493//493 653//653
f 655//655 493//493 654//654
f 656//656 493//493 655//655
f 703//703 672//672 660//660
f 660//660 616//616 658//658
f 659//659 657//657 662//662
f 657//657 664//664 658//658
f 661//661 660//660 658//658
f 3373//3373 661//661 658//658
f 660//660 706//706 703//703
f 706//706 660//660 663//663
f 660//660 661//661 663//663
f 663//663 661//661 3373//3373
f 659//659 701//701 657//657
f 701//701 664//664 657//657
f 673//673 665//665 674//674
f 617//617 758//758 653//653
f 671//671 674//674 666//666
f 674//674 665//665 666//666
f 670//670 666//666 665//665
f 670//670 671//671 666//666
f 715//715 653//653 758//758
f 619//619 668//668 3374//3374
f 667//667 670//670 665//665
f 669//669 3374//3374 668//668
f 3376//3376 670//670 3375//3375
f 669//669 668//668 672//672
f 671//671 670//670 3376//3376
f 672//672 671//671 3376//3376
f 719//719 716//716 673//673
f 674//674 3384//3384 673//673
f 718//718 674//674 671//671
f 674//674 718//718 3384//3384
f 724//724 625//625 851//851
f 625//625 724//724 623//623
f 724//724 725//725 623//623
f 627//627 572//572 351//351
f 765//765 627//627 620//620
f 721//721 680//680 573//573
f 628//628 721//721 573//573
f 810//810 680//680 721//721
f 723//723 630//630 676//676
f 630//630 675//675 677//677
f 723//723 676//676 722//722
f 727//727 630//630 677//677
f 767//767 768//768 621//621
f 633//633 634//634 695//695
f 678//678 695//695 634//634
f 678//678 679//679 770//770
f 678//678 726//726 695//695
f 770//770 679//679 809//809
f 809//809 679//679 680//680
f 810//810 809//809 680//680
f 681//681 677//677 675//675
f 862//862 677//677 681//681
f 980//980 677//677 862//862
f 727//727 677//677 980//980
f 736//736 682//682 735//735
f 589//589 631//631 731//731
f 684//684 683//683 688//688
f 683//683 642//642 688//688
f 684//684 688//688 685//685
f 685//685 688//688 687//687
f 693//693 687//687 688//688
f 731//731 631//631 686//686
f 686//686 631//631 684//684
f 640//640 643//643 691//691
f 641//641 688//688 3372//3372
f 643//643 689//689 691//691
f 689//689 643//643 694//694
f 3379//3379 640//640 732//732
f 3386//3386 640//640 690//690
f 690//690 640//640 691//691
f 688//688 641//641 693//693
f 689//689 3387//3387 691//691
f 3380//3380 3371//3371 692//692
f 690//690 691//691 3386//3386
f 3378//3378 3380//3380 692//692
f 3378//3378 692//692 3388//3388
f 694//694 633//633 695//695
f 3388//3388 689//689 694//694
f 697//697 696//696 646//646
f 697//697 646//646 647//647
f 697//697 784//784 696//696
f 747//747 651//651 745//745
f 697//697 647//647 743//743
f 784//784 697//697 743//743
f 648//648 753//753 652//652
f 714//714 652//652 753//753
f 648//648 736//736 829//829
f 698//698 790//790 745//745
f 698//698 789//789 790//790
f 703//703 699//699 672//672
f 699//699 700//700 672//672
f 662//662 702//702 701//701
f 662//662 701//701 659//659
f 663//663 3373//3373 705//705
f 662//662 707//707 702//702
f 702//702 704//704 701//701
f 702//702 3382//3382 704//704
f 701//701 3381//3381 664//664
f 701//701 704//704 3381//3381
f 709//709 663//663 705//705
f 662//662 713//713 707//707
f 3382//3382 708//708 3381//3381
f 704//704 3382//3382 3381//3381
f 708//708 3383//3383 3381//3381
f 703//703 706//706 699//699
f 699//699 706//706 709//709
f 706//706 663//663 709//709
f 713//713 710//710 707//707
f 710//710 708//708 3382//3382
f 3383//3383 708//708 710//710
f 3383//3383 711//711 699//699
f 712//712 662//662 714//714
f 712//712 713//713 662//662
f 700//700 710//710 713//713
f 710//710 711//711 3383//3383
f 700//700 711//711 710//710
f 711//711 700//700 699//699
f 713//713 752//752 700//700
f 713//713 712//712 752//752
f 672//672 720//720 671//671
f 653//653 715//715 655//655
f 655//655 755//755 656//656
f 756//756 656//656 755//755
f 720//720 672//672 700//700
f 716//716 717//717 617//617
f 617//617 717//717 758//758
f 803//803 716//716 719//719
f 842//842 758//758 717//717
f 801//801 842//842 717//717
f 717//717 716//716 801//801
f 718//718 671//671 720//720
f 626//626 762//762 570//570
f 570//570 762//762 806//806
f 766//766 628//628 572//572
f 628//628 766//766 721//721
f 723//723 767//767 621//621
f 733//733 695//695 726//726
f 733//733 726//726 678//678
f 727//727 729//729 630//630
f 729//729 728//728 630//630
f 630//630 728//728 676//676
f 676//676 771//771 722//722
f 728//728 771//771 676//676
f 722//722 771//771 772//772
f 722//722 772//772 814//814
f 722//722 814//814 723//723
f 773//773 728//728 729//729
f 735//735 682//682 737//737
f 682//682 730//730 737//737
f 730//730 589//589 731//731
f 731//731 686//686 684//684
f 685//685 687//687 739//739
f 3389//3389 3378//3378 3388//3388
f 695//695 733//733 694//694
f 827//827 734//734 696//696
f 574//574 776//776 681//681
f 574//574 734//734 776//776
f 736//736 738//738 829//829
f 738//738 777//777 829//829
f 736//736 735//735 738//738
f 735//735 737//737 738//738
f 684//684 685//685 740//740
f 741//741 685//685 739//739
f 3388//3388 733//733 3389//3389
f 685//685 741//741 740//740
f 684//684 740//740 731//731
f 651//651 747//747 647//647
f 742//742 647//647 747//747
f 747//747 748//748 744//744
f 747//747 744//744 742//742
f 744//744 750//750 742//742
f 750//750 647//647 742//742
f 743//743 647//647 750//750
f 648//648 829//829 753//753
f 789//789 698//698 756//756
f 831//831 745//745 790//790
f 746//746 745//745 831//831
f 748//748 747//747 745//745
f 748//748 751//751 749//749
f 748//748 749//749 744//744
f 744//744 749//749 750//750
f 751//751 748//748 745//745
f 749//749 751//751 750//750
f 746//746 751//751 745//745
f 712//712 714//714 752//752
f 752//752 714//714 791//791
f 753//753 786//786 714//714
f 755//755 655//655 715//715
f 756//756 755//755 754//754
f 700//700 759//759 720//720
f 792//792 759//759 700//700
f 700//700 752//752 757//757
f 3390//3390 761//761 720//720
f 794//794 759//759 792//792
f 800//800 761//761 3390//3390
f 803//803 3384//3384 797//797
f 3384//3384 718//718 797//797
f 718//718 760//760 797//797
f 798//798 799//799 760//760
f 799//799 797//797 760//760
f 803//803 797//797 804//804
f 718//718 720//720 760//760
f 761//761 760//760 720//720
f 620//620 763//763 765//765
f 620//620 806//806 763//763
f 765//765 764//764 627//627
f 627//627 764//764 572//572
f 764//764 766//766 572//572
f 766//766 811//811 721//721
f 811//811 810//810 721//721
f 849//849 764//764 765//765
f 849//849 766//766 764//764
f 850//850 766//766 849//849
f 817//817 723//723 814//814
f 723//723 818//818 767//767
f 817//817 908//908 723//723
f 767//767 818//818 768//768
f 3385//3385 816//816 818//818
f 768//768 860//860 621//621
f 851//851 807//807 724//724
f 807//807 725//725 724//724
f 860//860 851//851 621//621
f 678//678 819//819 733//733
f 727//727 773//773 729//729
f 773//773 771//771 728//728
f 772//772 775//775 774//774
f 772//772 774//774 814//814
f 773//773 775//775 771//771
f 775//775 772//772 771//771
f 813//813 774//774 775//775
f 774//774 813//813 814//814
f 733//733 3388//3388 694//694
f 776//776 862//862 681//681
f 776//776 734//734 781//781
f 776//776 826//826 862//862
f 776//776 781//781 826//826
f 777//777 738//738 778//778
f 778//778 738//738 779//779
f 737//737 780//780 865//865
f 738//738 737//737 779//779
f 730//730 780//780 737//737
f 730//730 731//731 822//822
f 780//780 730//730 865//865
f 730//730 822//822 865//865
f 731//731 740//740 824//824
f 825//825 740//740 741//741
f 741//741 739//739 825//825
f 3389//3389 733//733 825//825
f 740//740 825//825 824//824
f 743//743 750//750 784//784
f 781//781 734//734 827//827
f 826//826 781//781 827//827
f 751//751 746//746 831//831
f 751//751 831//831 783//783
f 751//751 783//783 782//782
f 751//751 782//782 785//785
f 783//783 785//785 782//782
f 828//828 785//785 783//783
f 751//751 785//785 750//750
f 784//784 750//750 3391//3391
f 791//791 714//714 786//786
f 753//753 787//787 786//786
f 787//787 753//753 788//788
f 786//786 787//787 832//832
f 787//787 788//788 832//832
f 832//832 788//788 875//875
f 788//788 753//753 829//829
f 788//788 829//829 875//875
f 833//833 789//789 756//756
f 757//757 752//752 796//796
f 752//752 791//791 3393//3393
f 715//715 843//843 755//755
f 754//754 833//833 756//756
f 759//759 794//794 3394//3394
f 700//700 793//793 795//795
f 700//700 757//757 3392//3392
f 795//795 792//792 700//700
f 796//796 3392//3392 757//757
f 793//793 835//835 795//795
f 3392//3392 796//796 3395//3395
f 796//796 841//841 3395//3395
f 795//795 794//794 792//792
f 3393//3393 836//836 3397//3397
f 836//836 3393//3393 791//791
f 758//758 843//843 715//715
f 843//843 758//758 842//842
f 761//761 798//798 760//760
f 761//761 800//800 798//798
f 800//800 799//799 798//798
f 800//800 848//848 799//799
f 802//802 716//716 803//803
f 804//804 802//802 803//803
f 802//802 801//801 716//716
f 802//802 804//804 846//846
f 845//845 802//802 846//846
f 844//844 802//802 845//845
f 799//799 805//805 797//797
f 848//848 805//805 799//799
f 804//804 797//797 805//805
f 3398//3398 804//804 805//805
f 857//857 806//806 762//762
f 889//889 849//849 765//765
f 763//763 806//806 889//889
f 765//765 763//763 889//889
f 850//850 811//811 766//766
f 725//725 807//807 808//808
f 854//854 807//807 851//851
f 725//725 853//853 624//624
f 808//808 807//807 853//853
f 853//853 725//725 808//808
f 769//769 762//762 626//626
f 812//812 809//809 810//810
f 811//811 893//893 810//810
f 811//811 850//850 893//893
f 812//812 810//810 893//893
f 727//727 815//815 773//773
f 727//727 821//821 815//815
f 775//775 773//773 815//815
f 815//815 813//813 775//775
f 814//814 813//813 815//815
f 863//863 814//814 815//815
f 864//864 814//814 863//863
f 864//864 817//817 814//814
f 816//816 858//858 818//818
f 864//864 908//908 817//817
f 816//816 3385//3385 908//908
f 819//819 820//820 733//733
f 980//980 862//862 985//985
f 821//821 863//863 815//815
f 907//907 863//863 821//821
f 737//737 865//865 779//779
f 865//865 822//822 823//823
f 731//731 823//823 822//822
f 823//823 866//866 865//865
f 733//733 909//909 825//825
f 733//733 820//820 909//909
f 778//778 779//779 926//926
f 926//926 777//777 778//778
f 828//828 783//783 869//869
f 869//869 785//785 828//828
f 696//696 784//784 827//827
f 790//790 789//789 833//833
f 873//873 830//830 790//790
f 873//873 831//831 830//830
f 831//831 869//869 783//783
f 831//831 790//790 830//830
f 786//786 874//874 791//791
f 832//832 874//874 786//786
f 874//874 832//832 875//875
f 833//833 876//876 834//834
f 833//833 834//834 790//790
f 790//790 834//834 876//876
f 836//836 874//874 940//940
f 874//874 836//836 791//791
f 833//833 754//754 837//837
f 3396//3396 754//754 838//838
f 838//838 754//754 755//755
f 833//833 839//839 876//876
f 837//837 839//839 833//833
f 839//839 837//837 840//840
f 840//840 837//837 838//838
f 876//876 839//839 840//840
f 755//755 843//843 838//838
f 946//946 3394//3394 794//794
f 947//947 794//794 795//795
f 947//947 946//946 794//794
f 795//795 835//835 3397//3397
f 947//947 795//795 877//877
f 795//795 3397//3397 877//877
f 842//842 801//801 951//951
f 801//801 802//802 844//844
f 800//800 883//883 848//848
f 801//801 844//844 951//951
f 847//847 3398//3398 805//805
f 3399//3399 805//805 848//848
f 887//887 845//845 846//846
f 886//886 3400//3400 3398//3398
f 3398//3398 847//847 886//886
f 887//887 844//844 845//845
f 848//848 886//886 3399//3399
f 883//883 884//884 848//848
f 884//884 886//886 848//848
f 762//762 891//891 857//857
f 806//806 857//857 892//892
f 850//850 849//849 958//958
f 860//860 768//768 859//859
f 807//807 854//854 899//899
f 853//853 807//807 852//852
f 899//899 852//852 807//807
f 855//855 853//853 852//852
f 855//855 852//852 899//899
f 855//855 856//856 853//853
f 853//853 856//856 624//624
f 899//899 890//890 855//855
f 769//769 856//856 891//891
f 856//856 769//769 624//624
f 891//891 762//762 769//769
f 892//892 889//889 806//806
f 809//809 861//861 770//770
f 809//809 905//905 861//861
f 812//812 905//905 809//809
f 816//816 976//976 858//858
f 816//816 908//908 976//976
f 858//858 895//895 818//818
f 895//895 768//768 818//818
f 859//859 894//894 860//860
f 894//894 859//859 768//768
f 897//897 854//854 851//851
f 904//904 820//820 819//819
f 902//902 819//819 678//678
f 902//902 904//904 819//819
f 820//820 904//904 911//911
f 770//770 902//902 678//678
f 861//861 902//902 770//770
f 907//907 864//864 863//863
f 727//727 980//980 821//821
f 864//864 907//907 906//906
f 864//864 972//972 908//908
f 823//823 731//731 866//866
f 825//825 909//909 923//923
f 910//910 909//909 820//820
f 911//911 910//910 820//820
f 913//913 862//862 826//826
f 914//914 913//913 826//826
f 777//777 926//926 924//924
f 865//865 927//927 779//779
f 866//866 868//868 865//865
f 865//865 868//868 916//916
f 865//865 916//916 917//917
f 866//866 731//731 824//824
f 1008//1008 867//867 824//824
f 867//867 866//866 824//824
f 867//867 868//868 866//866
f 867//867 1008//1008 868//868
f 824//824 825//825 923//923
f 932//932 777//777 924//924
f 777//777 932//932 829//829
f 927//927 865//865 1002//1002
f 927//927 925//925 779//779
f 925//925 926//926 779//779
f 935//935 784//784 3391//3391
f 869//869 870//870 785//785
f 870//870 869//869 935//935
f 935//935 785//785 870//870
f 829//829 872//872 871//871
f 871//871 872//872 1018//1018
f 873//873 790//790 876//876
f 831//831 873//873 933//933
f 933//933 873//873 876//876
f 869//869 934//934 935//935
f 942//942 874//874 875//875
f 942//942 875//875 1018//1018
f 875//875 829//829 871//871
f 1027//1027 840//840 838//838
f 876//876 840//840 1027//1027
f 3397//3397 836//836 877//877
f 941//941 940//940 874//874
f 945//945 836//836 940//940
f 843//843 881//881 878//878
f 882//882 878//878 881//881
f 838//838 843//843 1027//1027
f 879//879 843//843 878//878
f 879//879 878//878 882//882
f 1027//1027 843//843 879//879
f 947//947 877//877 944//944
f 877//877 836//836 945//945
f 882//882 881//881 880//880
f 843//843 842//842 881//881
f 881//881 842//842 951//951
f 880//880 881//881 951//951
f 952//952 884//884 883//883
f 953//953 884//884 952//952
f 951//951 844//844 887//887
f 885//885 3400//3400 886//886
f 888//888 885//885 886//886
f 1048//1048 3400//3400 885//885
f 888//888 886//886 884//884
f 953//953 888//888 884//884
f 1046//1046 887//887 3414//3414
f 855//855 890//890 856//856
f 900//900 856//856 890//890
f 891//891 856//856 955//955
f 969//969 955//955 856//856
f 957//957 857//857 891//891
f 857//857 957//957 892//892
f 889//889 892//892 957//957
f 812//812 893//893 905//905
f 893//893 1064//1064 905//905
f 858//858 976//976 974//974
f 974//974 895//895 858//858
f 851//851 860//860 897//897
f 895//895 896//896 768//768
f 768//768 3401//3401 894//894
f 961//961 860//860 894//894
f 961//961 897//897 860//860
f 3401//3401 898//898 894//894
f 962//962 961//961 894//894
f 898//898 3401//3401 962//962
f 894//894 898//898 962//962
f 854//854 897//897 964//964
f 854//854 965//965 899//899
f 964//964 3404//3404 854//854
f 899//899 900//900 890//890
f 901//901 900//900 899//899
f 901//901 899//899 965//965
f 903//903 902//902 861//861
f 903//903 861//861 971//971
f 902//902 1076//1076 904//904
f 902//902 903//903 1076//1076
f 1076//1076 903//903 970//970
f 970//970 903//903 971//971
f 905//905 971//971 861//861
f 1063//1063 971//971 905//905
f 1064//1064 1063//1063 905//905
f 906//906 972//972 864//864
f 821//821 980//980 907//907
f 908//908 972//972 976//976
f 974//974 1068//1068 895//895
f 1087//1087 909//909 910//910
f 912//912 915//915 914//914
f 915//915 912//912 997//997
f 913//913 914//914 915//915
f 915//915 862//862 913//913
f 862//862 915//915 985//985
f 981//981 907//907 980//980
f 917//917 916//916 918//918
f 868//868 918//918 916//916
f 919//919 917//917 918//918
f 917//917 999//999 865//865
f 917//917 919//919 999//999
f 868//868 920//920 918//918
f 919//919 918//918 921//921
f 868//868 1008//1008 920//920
f 921//921 918//918 922//922
f 922//922 918//918 920//920
f 919//919 1004//1004 999//999
f 1004//1004 919//919 921//921
f 929//929 922//922 920//920
f 824//824 923//923 3410//3410
f 923//923 992//992 3410//3410
f 997//997 912//912 914//914
f 925//925 927//927 926//926
f 1002//1002 928//928 927//927
f 928//928 926//926 927//927
f 928//928 924//924 926//926
f 999//999 1002//1002 865//865
f 1005//1005 1004//1004 921//921
f 1005//1005 921//921 922//922
f 930//930 931//931 784//784
f 935//935 930//930 784//784
f 827//827 784//784 931//931
f 1017//1017 827//827 931//931
f 932//932 872//872 829//829
f 934//934 936//936 935//935
f 869//869 831//831 1014//1014
f 934//934 869//869 1014//1014
f 1014//1014 831//831 933//933
f 934//934 1014//1014 936//936
f 935//935 1016//1016 930//930
f 931//931 930//930 1016//1016
f 871//871 1018//1018 875//875
f 1018//1018 872//872 1108//1108
f 938//938 937//937 876//876
f 876//876 937//937 933//933
f 933//933 937//937 1111//1111
f 1111//1111 937//937 939//939
f 939//939 938//938 1030//1030
f 939//939 937//937 938//938
f 1111//1111 939//939 1030//1030
f 933//933 1022//1022 1014//1014
f 941//941 874//874 942//942
f 943//943 941//941 942//942
f 941//941 943//943 1119//1119
f 1028//1028 938//938 876//876
f 3402//3402 877//877 945//945
f 950//950 947//947 944//944
f 950//950 948//948 947//947
f 950//950 3402//3402 949//949
f 3402//3402 945//945 949//949
f 940//940 1029//1029 945//945
f 940//940 941//941 1029//1029
f 1037//1037 1122//1122 879//879
f 879//879 1122//1122 1027//1027
f 3403//3403 883//883 800//800
f 948//948 950//950 1031//1031
f 948//948 1130//1130 947//947
f 945//945 1032//1032 949//949
f 950//950 949//949 1032//1032
f 950//950 1032//1032 1031//1031
f 887//887 1046//1046 951//951
f 880//880 951//951 1035//1035
f 880//880 1035//1035 882//882
f 1037//1037 879//879 1036//1036
f 885//885 888//888 953//953
f 3403//3403 952//952 883//883
f 1048//1048 885//885 1041//1041
f 953//953 3412//3412 885//885
f 952//952 954//954 953//953
f 955//955 1061//1061 891//891
f 891//891 1061//1061 956//956
f 1146//1146 1055//1055 957//957
f 891//891 956//956 957//957
f 889//889 957//957 1055//1055
f 1055//1055 959//959 889//889
f 959//959 849//849 889//889
f 959//959 958//958 849//849
f 893//893 850//850 1152//1152
f 1152//1152 1064//1064 893//893
f 850//850 958//958 1152//1152
f 960//960 964//964 897//897
f 960//960 3404//3404 964//964
f 897//897 961//961 960//960
f 1155//1155 960//960 961//961
f 963//963 960//960 1155//1155
f 3404//3404 960//960 963//963
f 963//963 1058//1058 3404//3404
f 965//965 1058//1058 901//901
f 963//963 1155//1155 1058//1058
f 856//856 966//966 969//969
f 900//900 967//967 968//968
f 968//968 856//856 900//900
f 967//967 900//900 901//901
f 856//856 968//968 966//966
f 967//967 1148//1148 968//968
f 968//968 969//969 966//966
f 901//901 1059//1059 967//967
f 969//969 968//968 1148//1148
f 1148//1148 1060//1060 969//969
f 955//955 969//969 1060//1060
f 955//955 1060//1060 1061//1061
f 904//904 1076//1076 978//978
f 1077//1077 970//970 971//971
f 970//970 1077//1077 1076//1076
f 973//973 1082//1082 972//972
f 972//972 1082//1082 976//976
f 1068//1068 974//974 975//975
f 974//974 976//976 977//977
f 976//976 1070//1070 977//977
f 976//976 1082//1082 1070//1070
f 977//977 1070//1070 1067//1067
f 974//974 977//977 1066//1066
f 977//977 1067//1067 1066//1066
f 1066//1066 975//975 974//974
f 896//896 895//895 1068//1068
f 1087//1087 910//910 1085//1085
f 1074//1074 910//910 911//911
f 979//979 1074//1074 911//911
f 979//979 1075//1075 1074//1074
f 1073//1073 1085//1085 910//910
f 911//911 904//904 978//978
f 979//979 911//911 978//978
f 1075//1075 979//979 978//978
f 915//915 982//982 985//985
f 980//980 985//985 983//983
f 980//980 3405//3405 981//981
f 3405//3405 984//984 981//981
f 981//981 984//984 987//987
f 983//983 985//985 986//986
f 3407//3407 984//984 3405//3405
f 985//985 1079//1079 986//986
f 1079//1079 987//987 986//986
f 986//986 987//987 984//984
f 988//988 3408//3408 1080//1080
f 3408//3408 1079//1079 1080//1080
f 907//907 981//981 987//987
f 906//906 907//907 3408//3408
f 988//988 906//906 3408//3408
f 972//972 989//989 973//973
f 989//989 990//990 973//973
f 973//973 990//990 1082//1082
f 972//972 906//906 1078//1078
f 1078//1078 989//989 972//972
f 1078//1078 906//906 988//988
f 923//923 909//909 991//991
f 923//923 991//991 992//992
f 991//991 909//909 993//993
f 991//991 993//993 992//992
f 993//993 994//994 992//992
f 992//992 996//996 3410//3410
f 992//992 994//994 996//996
f 996//996 994//994 995//995
f 994//994 993//993 995//995
f 993//993 1087//1087 3409//3409
f 909//909 1087//1087 993//993
f 826//826 827//827 1011//1011
f 1011//1011 1013//1013 826//826
f 826//826 1013//1013 914//914
f 1089//1089 915//915 998//998
f 998//998 915//915 997//997
f 1089//1089 982//982 915//915
f 1005//1005 999//999 1004//1004
f 1005//1005 1000//1000 999//999
f 1005//1005 1001//1001 1000//1000
f 1000//1000 1002//1002 999//999
f 1001//1001 1002//1002 1000//1000
f 1001//1001 1102//1102 1002//1002
f 1001//1001 1003//1003 1102//1102
f 1091//1091 1102//1102 1003//1003
f 929//929 1091//1091 1003//1003
f 922//922 1001//1001 1005//1005
f 929//929 1001//1001 922//922
f 1008//1008 929//929 920//920
f 1003//1003 1001//1001 929//929
f 929//929 1094//1094 1007//1007
f 929//929 1007//1007 1006//1006
f 929//929 1008//1008 1094//1094
f 1007//1007 1094//1094 1174//1174
f 929//929 1006//1006 1091//1091
f 996//996 1094//1094 3410//3410
f 1009//1009 1011//1011 827//827
f 1011//1011 1098//1098 1013//1013
f 1011//1011 1009//1009 1012//1012
f 1010//1010 1012//1012 1009//1009
f 1010//1010 1009//1009 827//827
f 1012//1012 1098//1098 1011//1011
f 1098//1098 1012//1012 1010//1010
f 1017//1017 1010//1010 827//827
f 914//914 1013//1013 997//997
f 924//924 928//928 1107//1107
f 1106//1106 932//932 924//924
f 1002//1002 1100//1100 928//928
f 1016//1016 935//935 936//936
f 1014//1014 1022//1022 1019//1019
f 1014//1014 1019//1019 1015//1015
f 1015//1015 936//936 1014//1014
f 1015//1015 1020//1020 1016//1016
f 1015//1015 1016//1016 936//936
f 872//872 932//932 1108//1108
f 932//932 1110//1110 1108//1108
f 924//924 1107//1107 1106//1106
f 933//933 1111//1111 1021//1021
f 1023//1023 1021//1021 1111//1111
f 1019//1019 1020//1020 1015//1015
f 1022//1022 933//933 1021//1021
f 3411//3411 1020//1020 1019//1019
f 1023//1023 1020//1020 3411//3411
f 1023//1023 1022//1022 1021//1021
f 1023//1023 1024//1024 1020//1020
f 1024//1024 1016//1016 1020//1020
f 942//942 1119//1119 943//943
f 1018//1018 1026//1026 1025//1025
f 1018//1018 1025//1025 942//942
f 1108//1108 1026//1026 1018//1018
f 876//876 1027//1027 1028//1028
f 1030//1030 938//938 1028//1028
f 1028//1028 1027//1027 1030//1030
f 1112//1112 1023//1023 1111//1111
f 1029//1029 941//941 1034//1034
f 1119//1119 942//942 1113//1113
f 1031//1031 1033//1033 1124//1124
f 1118//1118 1124//1124 1033//1033
f 1029//1029 1032//1032 945//945
f 1033//1033 1032//1032 1029//1029
f 1034//1034 1033//1033 1029//1029
f 1033//1033 1031//1031 1032//1032
f 1034//1034 941//941 1119//1119
f 1034//1034 1118//1118 1033//1033
f 1209//1209 1034//1034 1119//1119
f 879//879 882//882 1035//1035
f 1036//1036 879//879 1035//1035
f 1036//1036 1035//1035 1210//1210
f 1039//1039 952//952 3403//3403
f 1038//1038 1039//1039 946//946
f 947//947 1038//1038 946//946
f 947//947 1130//1130 1038//1038
f 1038//1038 1130//1130 1216//1216
f 948//948 1123//1123 1040//1040
f 1040//1040 1221//1221 1130//1130
f 1031//1031 1124//1124 1123//1123
f 948//948 1040//1040 1130//1130
f 1031//1031 1123//1123 948//948
f 1131//1131 951//951 1046//1046
f 1131//1131 1035//1035 951//951
f 1037//1037 1036//1036 1210//1210
f 954//954 1042//1042 953//953
f 1042//1042 3412//3412 953//953
f 954//954 1043//1043 1042//1042
f 1042//1042 1050//1050 3412//3412
f 1039//1039 1044//1044 3413//3413
f 1045//1045 3413//3413 1044//1044
f 1043//1043 1052//1052 1049//1049
f 1043//1043 1049//1049 1042//1042
f 1045//1045 1052//1052 3413//3413
f 1039//1039 1128//1128 1044//1044
f 1045//1045 1044//1044 1129//1129
f 1129//1129 1044//1044 1128//1128
f 1039//1039 3413//3413 952//952
f 1043//1043 954//954 952//952
f 1039//1039 1038//1038 1216//1216
f 1046//1046 3414//3414 1047//1047
f 1135//1135 1047//1047 1051//1051
f 1131//1131 1046//1046 1132//1132
f 1047//1047 1140//1140 1046//1046
f 1141//1141 1140//1140 1047//1047
f 1135//1135 1141//1141 1047//1047
f 1135//1135 1051//1051 1142//1142
f 1048//1048 3415//3415 1051//1051
f 1048//1048 1041//1041 3415//3415
f 1047//1047 3414//3414 1051//1051
f 1042//1042 1049//1049 1050//1050
f 1052//1052 1050//1050 1049//1049
f 1143//1143 1051//1051 3415//3415
f 1052//1052 1134//1134 1050//1050
f 1134//1134 1143//1143 1050//1050
f 957//957 956//956 1053//1053
f 957//957 1053//1053 1146//1146
f 956//956 1054//1054 1053//1053
f 1061//1061 1054//1054 956//956
f 1146//1146 1053//1053 1054//1054
f 1054//1054 1061//1061 1144//1144
f 1144//1144 1145//1145 1054//1054
f 1054//1054 1145//1145 1146//1146
f 958//958 1057//1057 1152//1152
f 1055//1055 1056//1056 959//959
f 1056//1056 958//958 959//959
f 1056//1056 1057//1057 958//958
f 961//961 1071//1071 1155//1155
f 1155//1155 1154//1154 1058//1058
f 1058//1058 1059//1059 901//901
f 1060//1060 1148//1148 1150//1150
f 1149//1149 1148//1148 967//967
f 967//967 1059//1059 1149//1149
f 1061//1061 1238//1238 1230//1230
f 971//971 1062//1062 1077//1077
f 971//971 1065//1065 1062//1062
f 1065//1065 1077//1077 1062//1062
f 1064//1064 1153//1153 1063//1063
f 1065//1065 1063//1063 1153//1153
f 971//971 1063//1063 1065//1065
f 1064//1064 1152//1152 1153//1153
f 1066//1066 1068//1068 975//975
f 1070//1070 1240//1240 1067//1067
f 1069//1069 3401//3401 1242//1242
f 3428//3428 896//896 1068//1068
f 1067//1067 1240//1240 1066//1066
f 1243//1243 1066//1066 1240//1240
f 1068//1068 1066//1066 1243//1243
f 962//962 1072//1072 1071//1071
f 961//961 962//962 1071//1071
f 1072//1072 962//962 3401//3401
f 1069//1069 1072//1072 3401//3401
f 1154//1154 1059//1059 1058//1058
f 1074//1074 1073//1073 910//910
f 1086//1086 1085//1085 1073//1073
f 1086//1086 1073//1073 1074//1074
f 1088//1088 1074//1074 1075//1075
f 1086//1086 1074//1074 1088//1088
f 1075//1075 978//978 1076//1076
f 1076//1076 1077//1077 1075//1075
f 1065//1065 1352//1352 1077//1077
f 1078//1078 988//988 1080//1080
f 1079//1079 985//985 1159//1159
f 1159//1159 1080//1080 1079//1079
f 1160//1160 1078//1078 1080//1080
f 1078//1078 1160//1160 1246//1246
f 1159//1159 1160//1160 1080//1080
f 989//989 1081//1081 990//990
f 1083//1083 989//989 1078//1078
f 1081//1081 1082//1082 990//990
f 1083//1083 1081//1081 989//989
f 1246//1246 1083//1083 1078//1078
f 1084//1084 1081//1081 1083//1083
f 1081//1081 1084//1084 1082//1082
f 1246//1246 1084//1084 1083//1083
f 1246//1246 1163//1163 1084//1084
f 3409//3409 1087//1087 1165//1165
f 1085//1085 1086//1086 1087//1087
f 1086//1086 1088//1088 1087//1087
f 1157//1157 1087//1087 1088//1088
f 1365//1365 1087//1087 1157//1157
f 1169//1169 998//998 997//997
f 1089//1089 998//998 1169//1169
f 982//982 1089//1089 1158//1158
f 985//985 982//982 1090//1090
f 982//982 1158//1158 1090//1090
f 985//985 1090//1090 1171//1171
f 1093//1093 1095//1095 1091//1091
f 1095//1095 1105//1105 1101//1101
f 1007//1007 1092//1092 1006//1006
f 1092//1092 1093//1093 1006//1006
f 1093//1093 1091//1091 1006//1006
f 1093//1093 1092//1092 1095//1095
f 1095//1095 1092//1092 1096//1096
f 1096//1096 1092//1092 1007//1007
f 1095//1095 1096//1096 1105//1105
f 1096//1096 1007//1007 1104//1104
f 1104//1104 1007//1007 1174//1174
f 1176//1176 1174//1174 1094//1094
f 1104//1104 1105//1105 1096//1096
f 1094//1094 1164//1164 1176//1176
f 995//995 1165//1165 996//996
f 1094//1094 996//996 1164//1164
f 996//996 1165//1165 1164//1164
f 1013//1013 1097//1097 997//997
f 1098//1098 1099//1099 1013//1013
f 1097//1097 1013//1013 1099//1099
f 1098//1098 1178//1178 1267//1267
f 1099//1099 1098//1098 1267//1267
f 1179//1179 1097//1097 1099//1099
f 997//997 1097//1097 1169//1169
f 1101//1101 1091//1091 1095//1095
f 1102//1102 1100//1100 1002//1002
f 1102//1102 1091//1091 1103//1103
f 1103//1103 1091//1091 1101//1101
f 1101//1101 1105//1105 1103//1103
f 1102//1102 1103//1103 1263//1263
f 1104//1104 1173//1173 1105//1105
f 1173//1173 1104//1104 1174//1174
f 1016//1016 1184//1184 931//931
f 1178//1178 1098//1098 1010//1010
f 1010//1010 1017//1017 1186//1186
f 1178//1178 1010//1010 1186//1186
f 932//932 1106//1106 1110//1110
f 928//928 1100//1100 1107//1107
f 1182//1182 1107//1107 1100//1100
f 1107//1107 1182//1182 1190//1190
f 1100//1100 1102//1102 1183//1183
f 1184//1184 1016//1016 1282//1282
f 1026//1026 1115//1115 1025//1025
f 1108//1108 1115//1115 1026//1026
f 1110//1110 1106//1106 1109//1109
f 1194//1194 1108//1108 1191//1191
f 1108//1108 1110//1110 1191//1191
f 1106//1106 1188//1188 1109//1109
f 1110//1110 1109//1109 1187//1187
f 1187//1187 1109//1109 1188//1188
f 1110//1110 1187//1187 1191//1191
f 1106//1106 1107//1107 1188//1188
f 1117//1117 1111//1111 1030//1030
f 1024//1024 1192//1192 1016//1016
f 1023//1023 1112//1112 1192//1192
f 1023//1023 1192//1192 1024//1024
f 1016//1016 1192//1192 1281//1281
f 1114//1114 1121//1121 942//942
f 942//942 1120//1120 1113//1113
f 1115//1115 942//942 1025//1025
f 1114//1114 942//942 1115//1115
f 1115//1115 1108//1108 1116//1116
f 1114//1114 1115//1115 1121//1121
f 1283//1283 1108//1108 1194//1194
f 1116//1116 1108//1108 1283//1283
f 1027//1027 1199//1199 1030//1030
f 1199//1199 1027//1027 1122//1122
f 1030//1030 1199//1199 1117//1117
f 1202//1202 1119//1119 1113//1113
f 1202//1202 1209//1209 1119//1119
f 1202//1202 1120//1120 1193//1193
f 1113//1113 1120//1120 1202//1202
f 1120//1120 942//942 1121//1121
f 1193//1193 1120//1120 1121//1121
f 1122//1122 1125//1125 1126//1126
f 1122//1122 1195//1195 1199//1199
f 1221//1221 1040//1040 1123//1123
f 1123//1123 1124//1124 1221//1221
f 1034//1034 1209//1209 1118//1118
f 1209//1209 1124//1124 1118//1118
f 1125//1125 1127//1127 1126//1126
f 1125//1125 1207//1207 1127//1127
f 1207//1207 1125//1125 1122//1122
f 1128//1128 1039//1039 1216//1216
f 1137//1137 1045//1045 1129//1129
f 1216//1216 1139//1139 1128//1128
f 1221//1221 1216//1216 1130//1130
f 1124//1124 1209//1209 1221//1221
f 1035//1035 1131//1131 1133//1133
f 1133//1133 1131//1131 1132//1132
f 1210//1210 1035//1035 1133//1133
f 1223//1223 1134//1134 1052//1052
f 1223//1223 1143//1143 1134//1134
f 1051//1051 1143//1143 1142//1142
f 1135//1135 1142//1142 1141//1141
f 1223//1223 1052//1052 1045//1045
f 1137//1137 1129//1129 1136//1136
f 1137//1137 1331//1331 1223//1223
f 1137//1137 1136//1136 1331//1331
f 1129//1129 1138//1138 1136//1136
f 1331//1331 1136//1136 1332//1332
f 1136//1136 1138//1138 1332//1332
f 1045//1045 1137//1137 1223//1223
f 1129//1129 1128//1128 1138//1138
f 3416//3416 1138//1138 1128//1128
f 1132//1132 1224//1224 1222//1222
f 1132//1132 1046//1046 1226//1226
f 3417//3417 1226//1226 1046//1046
f 1061//1061 1230//1230 1144//1144
f 1055//1055 1146//1146 1147//1147
f 1056//1056 1055//1055 1147//1147
f 1233//1233 1147//1147 1146//1146
f 1148//1148 1149//1149 1150//1150
f 1060//1060 1151//1151 1061//1061
f 1150//1150 1151//1151 1060//1060
f 1151//1151 1238//1238 1061//1061
f 1230//1230 1231//1231 1144//1144
f 1231//1231 1145//1145 1144//1144
f 1145//1145 1233//1233 1146//1146
f 1153//1153 3445//3445 1065//1065
f 1156//1156 1241//1241 1072//1072
f 1156//1156 1069//1069 1242//1242
f 1156//1156 1072//1072 1069//1069
f 1237//1237 1155//1155 1071//1071
f 1237//1237 1154//1154 1155//1155
f 1059//1059 1154//1154 1149//1149
f 1072//1072 1237//1237 1071//1071
f 1072//1072 1241//1241 1237//1237
f 1149//1149 1154//1154 1236//1236
f 1149//1149 1349//1349 1150//1150
f 1352//1352 1075//1075 1077//1077
f 1084//1084 1163//1163 1082//1082
f 1240//1240 1070//1070 1239//1239
f 1244//1244 3428//3428 1068//1068
f 1243//1243 3429//3429 1068//1068
f 1241//1241 1156//1156 1242//1242
f 1075//1075 1157//1157 1088//1088
f 1166//1166 1087//1087 1365//1365
f 1090//1090 1158//1158 1170//1170
f 1160//1160 1162//1162 1246//1246
f 1160//1160 1159//1159 1162//1162
f 1162//1162 1159//1159 1161//1161
f 3406//3406 1171//1171 3418//3418
f 1162//1162 1247//1247 1246//1246
f 1247//1247 1162//1162 1161//1161
f 1161//1161 1159//1159 1252//1252
f 1163//1163 1070//1070 1082//1082
f 1164//1164 1257//1257 1176//1176
f 1166//1166 1165//1165 1087//1087
f 1167//1167 1165//1165 1166//1166
f 1167//1167 1164//1164 1165//1165
f 1164//1164 1167//1167 1257//1257
f 1168//1168 1169//1169 1097//1097
f 1097//1097 1180//1180 1168//1168
f 1169//1169 1168//1168 1259//1259
f 1170//1170 1171//1171 1090//1090
f 1261//1261 1089//1089 1169//1169
f 1089//1089 1261//1261 1262//1262
f 1103//1103 1105//1105 1172//1172
f 1263//1263 1103//1103 1172//1172
f 1105//1105 1175//1175 1172//1172
f 1105//1105 1173//1173 1175//1175
f 1173//1173 1174//1174 1175//1175
f 1174//1174 1176//1176 1177//1177
f 1174//1174 1177//1177 1175//1175
f 1175//1175 1177//1177 1266//1266
f 1175//1175 1266//1266 1172//1172
f 1178//1178 1268//1268 1267//1267
f 1180//1180 1097//1097 1179//1179
f 1099//1099 1267//1267 1179//1179
f 1179//1179 1267//1267 1180//1180
f 1181//1181 1259//1259 1168//1168
f 1169//1169 1259//1259 1389//1389
f 1181//1181 1168//1168 1180//1180
f 1181//1181 1180//1180 1259//1259
f 1261//1261 1169//1169 1389//1389
f 1188//1188 1107//1107 1190//1190
f 1182//1182 1100//1100 3421//3421
f 1182//1182 3421//3421 1190//1190
f 1102//1102 1263//1263 1183//1183
f 931//931 1184//1184 1185//1185
f 1185//1185 1017//1017 931//931
f 1017//1017 1185//1185 1268//1268
f 1178//1178 1186//1186 1268//1268
f 1017//1017 1268//1268 1186//1186
f 1274//1274 1187//1187 1188//1188
f 1188//1188 1189//1189 1274//1274
f 1188//1188 1190//1190 1189//1189
f 1190//1190 1183//1183 1263//1263
f 1282//1282 1016//1016 1281//1281
f 1282//1282 1277//1277 1184//1184
f 1184//1184 1270//1270 1185//1185
f 1187//1187 1278//1278 1191//1191
f 1187//1187 1274//1274 1278//1278
f 1192//1192 1111//1111 1117//1117
f 1112//1112 1111//1111 1192//1192
f 1202//1202 1193//1193 1203//1203
f 1121//1121 1115//1115 1205//1205
f 1116//1116 1205//1205 1115//1115
f 1116//1116 1283//1283 1205//1205
f 1122//1122 1126//1126 1195//1195
f 1199//1199 1195//1195 1196//1196
f 1287//1287 1199//1199 1196//1196
f 1117//1117 1199//1199 1287//1287
f 1195//1195 1208//1208 1197//1197
f 1196//1196 1195//1195 1197//1197
f 1197//1197 1208//1208 1198//1198
f 1197//1197 1198//1198 1196//1196
f 1198//1198 1287//1287 1196//1196
f 1192//1192 1117//1117 1200//1200
f 1200//1200 1201//1201 1192//1192
f 1200//1200 1281//1281 1201//1201
f 1201//1201 1281//1281 1192//1192
f 1202//1202 1203//1203 1293//1293
f 1204//1204 1203//1203 1193//1193
f 1203//1203 1294//1294 1293//1293
f 1204//1204 1294//1294 1203//1203
f 1193//1193 1304//1304 1204//1204
f 1121//1121 1205//1205 1193//1193
f 1206//1206 1127//1127 1207//1207
f 1207//1207 1122//1122 1215//1215
f 1215//1215 1122//1122 1037//1037
f 1127//1127 1206//1206 1126//1126
f 1126//1126 1206//1206 1195//1195
f 1207//1207 1296//1296 1206//1206
f 1206//1206 1296//1296 1195//1195
f 1208//1208 1195//1195 1296//1296
f 1208//1208 1287//1287 1198//1198
f 1294//1294 1204//1204 1305//1305
f 1204//1204 1304//1304 1305//1305
f 1215//1215 1037//1037 1213//1213
f 1207//1207 1215//1215 1308//1308
f 1308//1308 1215//1215 1213//1213
f 1213//1213 1037//1037 1210//1210
f 1207//1207 1212//1212 1296//1296
f 1207//1207 1308//1308 1212//1212
f 1211//1211 1213//1213 1210//1210
f 1211//1211 1310//1310 1213//1213
f 1210//1210 1310//1310 1211//1211
f 1332//1332 1138//1138 1214//1214
f 1332//1332 3425//3425 1216//1216
f 1139//1139 1216//1216 3425//3425
f 1214//1214 1138//1138 3416//3416
f 1311//1311 1216//1216 1221//1221
f 1221//1221 1209//1209 1217//1217
f 1218//1218 3426//3426 3422//3422
f 1217//1217 1312//1312 1221//1221
f 1312//1312 1311//1311 1221//1221
f 1220//1220 1218//1218 3422//3422
f 3426//3426 1219//1219 1312//1312
f 3426//3426 1218//1218 1219//1219
f 1314//1314 1312//1312 1219//1219
f 1218//1218 1314//1314 1219//1219
f 1315//1315 1314//1314 1218//1218
f 1209//1209 1202//1202 1297//1297
f 1224//1224 1132//1132 1226//1226
f 1210//1210 1222//1222 1328//1328
f 1222//1222 1224//1224 1328//1328
f 1306//1306 1310//1310 1210//1210
f 1133//1133 1132//1132 1222//1222
f 1223//1223 1331//1331 1229//1229
f 1229//1229 1143//1143 1223//1223
f 1210//1210 1133//1133 1222//1222
f 1216//1216 1334//1334 1332//1332
f 1216//1216 1311//1311 1334//1334
f 1326//1326 1226//1226 1225//1225
f 1325//1325 1224//1224 1226//1226
f 1328//1328 1224//1224 1325//1325
f 1325//1325 1226//1226 1326//1326
f 1225//1225 1226//1226 3417//3417
f 1141//1141 3427//3427 1140//1140
f 1228//1228 1142//1142 1229//1229
f 1228//1228 1141//1141 1142//1142
f 3427//3427 1141//1141 1227//1227
f 1227//1227 1141//1141 1228//1228
f 1227//1227 3440//3440 3427//3427
f 1227//1227 1228//1228 1229//1229
f 1229//1229 1142//1142 1143//1143
f 1227//1227 1229//1229 1327//1327
f 3440//3440 1227//1227 1327//1327
f 1231//1231 1232//1232 1145//1145
f 1145//1145 1232//1232 1344//1344
f 1233//1233 1145//1145 1344//1344
f 1230//1230 1341//1341 1231//1231
f 1238//1238 1341//1341 1230//1230
f 1235//1235 1056//1056 1147//1147
f 1056//1056 1235//1235 1057//1057
f 1057//1057 1351//1351 1152//1152
f 1233//1233 1234//1234 1147//1147
f 1234//1234 1235//1235 1147//1147
f 1234//1234 1233//1233 1344//1344
f 1344//1344 1235//1235 1234//1234
f 1346//1346 1351//1351 1057//1057
f 1351//1351 1353//1353 1152//1152
f 1245//1245 1154//1154 1237//1237
f 1236//1236 1355//1355 1349//1349
f 1149//1149 1236//1236 1349//1349
f 1349//1349 1350//1350 1348//1348
f 1349//1349 1348//1348 1150//1150
f 1150//1150 1348//1348 1151//1151
f 1348//1348 1238//1238 1151//1151
f 1353//1353 1153//1153 1152//1152
f 1239//1239 1358//1358 1240//1240
f 1239//1239 1249//1249 1358//1358
f 1241//1241 1356//1356 1237//1237
f 1241//1241 1242//1242 1354//1354
f 1356//1356 1241//1241 1354//1354
f 1240//1240 1362//1362 1243//1243
f 1243//1243 1363//1363 3429//3429
f 1362//1362 1363//1363 1243//1243
f 1362//1362 1240//1240 1358//1358
f 3448//3448 3428//3428 1244//1244
f 1245//1245 3447//3447 1154//1154
f 1154//1154 1355//1355 1236//1236
f 1356//1356 1357//1357 1237//1237
f 1237//1237 1357//1357 1245//1245
f 1357//1357 3447//3447 1245//1245
f 1485//1485 1357//1357 1356//1356
f 1157//1157 1075//1075 1352//1352
f 1247//1247 1161//1161 1253//1253
f 1253//1253 1161//1161 1252//1252
f 1163//1163 1246//1246 1248//1248
f 1247//1247 1253//1253 1254//1254
f 1246//1246 1247//1247 1254//1254
f 1246//1246 1254//1254 1248//1248
f 1070//1070 1163//1163 1249//1249
f 1239//1239 1070//1070 1249//1249
f 1249//1249 1361//1361 1358//1358
f 1375//1375 1249//1249 1163//1163
f 1166//1166 1365//1365 1167//1167
f 1257//1257 1167//1167 1385//1385
f 1167//1167 1365//1365 1385//1385
f 1385//1385 1365//1365 1504//1504
f 1158//1158 1089//1089 1250//1250
f 1158//1158 1250//1250 1170//1170
f 1089//1089 1262//1262 1250//1250
f 1170//1170 1378//1378 1171//1171
f 1251//1251 1171//1171 1378//1378
f 1252//1252 1159//1159 1256//1256
f 1256//1256 1253//1253 1252//1252
f 1255//1255 1253//1253 1256//1256
f 1251//1251 3418//3418 1171//1171
f 3430//3430 3418//3418 1251//1251
f 1248//1248 1373//1373 1163//1163
f 1256//1256 1380//1380 1255//1255
f 1255//1255 1380//1380 1371//1371
f 1253//1253 1255//1255 1371//1371
f 1380//1380 3430//3430 1251//1251
f 1373//1373 1248//1248 1367//1367
f 1254//1254 1366//1366 1367//1367
f 1254//1254 1367//1367 1248//1248
f 1254//1254 1383//1383 1366//1366
f 1176//1176 1257//1257 1177//1177
f 1258//1258 1177//1177 1257//1257
f 1257//1257 1385//1385 1386//1386
f 1257//1257 1386//1386 1258//1258
f 3431//3431 3419//3419 1260//1260
f 3420//3420 1392//1392 3432//3432
f 3432//3432 1392//1392 1390//1390
f 3431//3431 1260//1260 3455//3455
f 1259//1259 1390//1390 1389//1389
f 1262//1262 1261//1261 1389//1389
f 1262//1262 1377//1377 1250//1250
f 1377//1377 1262//1262 1389//1389
f 1172//1172 1266//1266 1264//1264
f 1263//1263 1172//1172 1264//1264
f 1265//1265 1263//1263 1264//1264
f 1266//1266 1265//1265 1264//1264
f 1266//1266 1177//1177 1258//1258
f 1268//1268 1397//1397 1267//1267
f 1180//1180 1267//1267 1388//1388
f 1267//1267 1393//1393 1388//1388
f 3420//3420 1513//1513 1392//1392
f 1189//1189 1190//1190 1274//1274
f 1190//1190 1263//1263 1276//1276
f 1269//1269 1276//1276 1263//1263
f 1269//1269 1263//1263 1265//1265
f 1185//1185 1271//1271 1268//1268
f 1185//1185 1270//1270 1272//1272
f 1272//1272 1271//1271 1185//1185
f 1273//1273 1271//1271 1272//1272
f 1404//1404 1273//1273 1272//1272
f 1404//1404 1272//1272 1270//1270
f 1268//1268 1271//1271 1397//1397
f 1273//1273 1397//1397 1271//1271
f 1275//1275 1278//1278 1274//1274
f 1190//1190 1280//1280 1274//1274
f 1276//1276 1280//1280 1190//1190
f 1279//1279 1278//1278 1275//1275
f 1279//1279 1275//1275 1274//1274
f 1280//1280 1279//1279 1274//1274
f 1277//1277 1270//1270 1184//1184
f 1404//1404 1270//1270 1277//1277
f 1284//1284 1194//1194 1191//1191
f 1284//1284 1191//1191 1278//1278
f 1280//1280 1276//1276 1399//1399
f 1276//1276 1402//1402 1398//1398
f 1289//1289 1117//1117 1287//1287
f 1117//1117 1289//1289 1200//1200
f 1200//1200 1288//1288 1281//1281
f 1282//1282 1519//1519 1277//1277
f 1304//1304 1193//1193 1205//1205
f 1194//1194 1415//1415 1283//1283
f 1284//1284 1278//1278 1407//1407
f 1194//1194 1406//1406 1415//1415
f 1284//1284 1406//1406 1194//1194
f 1208//1208 1285//1285 1287//1287
f 1405//1405 1285//1285 1208//1208
f 1405//1405 1286//1286 1285//1285
f 1287//1287 1285//1285 1286//1286
f 1289//1289 1288//1288 1200//1200
f 1287//1287 1290//1290 1289//1289
f 1290//1290 1287//1287 1286//1286
f 1411//1411 1405//1405 1208//1208
f 1290//1290 1412//1412 1291//1291
f 1289//1289 1290//1290 1291//1291
f 1291//1291 1288//1288 1289//1289
f 1290//1290 1286//1286 1412//1412
f 1291//1291 1281//1281 1288//1288
f 3458//3458 1292//1292 1291//1291
f 3458//3458 1286//1286 1405//1405
f 1292//1292 1281//1281 1291//1291
f 1419//1419 1202//1202 1293//1293
f 1293//1293 1294//1294 1419//1419
f 1308//1308 1213//1213 1310//1310
f 1212//1212 1308//1308 1295//1295
f 1212//1212 1295//1295 1296//1296
f 1208//1208 1296//1296 1295//1295
f 1411//1411 1208//1208 1295//1295
f 1220//1220 3422//3422 1316//1316
f 1220//1220 1315//1315 1218//1218
f 3433//3433 1298//1298 3423//3423
f 3424//3424 3434//3434 1316//1316
f 1300//1300 1298//1298 3433//3433
f 1202//1202 3435//3435 1297//1297
f 3434//3434 1302//1302 1316//1316
f 1202//1202 1324//1324 3435//3435
f 1299//1299 3437//3437 1298//1298
f 1300//1300 1299//1299 1298//1298
f 1301//1301 3437//3437 1299//1299
f 1303//1303 3436//3436 3435//3435
f 1300//1300 1301//1301 1299//1299
f 3435//3435 1324//1324 1303//1303
f 1301//1301 1323//1323 3437//3437
f 3436//3436 1303//1303 3439//3439
f 1324//1324 1321//1321 1303//1303
f 1419//1419 1324//1324 1202//1202
f 1307//1307 1210//1210 1439//1439
f 1306//1306 1210//1210 1307//1307
f 1309//1309 1306//1306 1307//1307
f 1418//1418 1308//1308 1310//1310
f 1309//1309 1418//1418 1306//1306
f 1418//1418 1310//1310 1306//1306
f 1333//1333 1334//1334 1311//1311
f 1311//1311 1312//1312 1333//1333
f 1313//1313 1315//1315 1220//1220
f 1313//1313 1316//1316 1317//1317
f 1316//1316 1313//1313 1220//1220
f 1317//1317 1315//1315 1313//1313
f 1317//1317 1316//1316 1319//1319
f 1445//1445 1315//1315 1317//1317
f 1316//1316 1302//1302 1319//1319
f 1317//1317 1319//1319 1318//1318
f 3437//3437 1323//1323 1319//1319
f 1317//1317 3438//3438 1445//1445
f 1319//1319 1323//1323 1321//1321
f 1319//1319 1320//1320 1318//1318
f 1321//1321 1320//1320 1319//1319
f 1320//1320 1449//1449 1318//1318
f 1321//1321 1449//1449 1320//1320
f 1449//1449 1321//1321 1322//1322
f 3439//3439 1303//1303 1321//1321
f 1324//1324 1322//1322 1321//1321
f 1324//1324 1419//1419 1448//1448
f 1328//1328 1325//1325 1329//1329
f 1329//1329 1325//1325 1326//1326
f 1339//1339 1329//1329 1326//1326
f 1327//1327 3444//3444 3440//3440
f 1327//1327 1331//1331 1340//1340
f 1210//1210 1328//1328 1437//1437
f 1328//1328 1329//1329 1330//1330
f 1439//1439 1210//1210 1437//1437
f 1327//1327 1229//1229 1331//1331
f 1441//1441 1309//1309 1307//1307
f 1332//1332 1334//1334 1333//1333
f 1454//1454 1332//1332 1333//1333
f 1454//1454 1333//1333 1312//1312
f 1314//1314 1454//1454 1312//1312
f 1314//1314 1315//1315 1456//1456
f 1445//1445 1456//1456 1315//1315
f 1335//1335 1329//1329 1336//1336
f 1330//1330 1329//1329 1335//1335
f 1338//1338 1335//1335 1336//1336
f 1330//1330 1335//1335 1451//1451
f 1462//1462 1338//1338 1337//1337
f 1336//1336 1337//1337 1338//1338
f 3442//3442 3441//3441 1340//1340
f 1452//1452 1328//1328 1330//1330
f 1452//1452 1330//1330 1451//1451
f 1451//1451 1335//1335 3443//3443
f 3443//3443 3464//3464 1467//1467
f 1463//1463 3465//3465 3442//3442
f 3442//3442 1340//1340 1463//1463
f 1340//1340 1469//1469 1463//1463
f 1329//1329 1339//1339 1336//1336
f 1327//1327 3441//3441 3444//3444
f 3441//3441 1327//1327 1340//1340
f 1340//1340 1331//1331 1469//1469
f 1469//1469 1331//1331 1332//1332
f 1231//1231 1473//1473 1232//1232
f 1343//1343 1473//1473 1231//1231
f 1344//1344 1232//1232 1478//1478
f 1231//1231 1341//1341 1342//1342
f 1231//1231 1342//1342 1343//1343
f 1345//1345 1235//1235 1344//1344
f 1235//1235 1346//1346 1057//1057
f 1478//1478 1345//1345 1344//1344
f 1345//1345 1347//1347 1235//1235
f 1347//1347 1346//1346 1235//1235
f 1478//1478 1476//1476 1345//1345
f 3467//3467 1347//1347 1345//1345
f 1479//1479 1238//1238 1348//1348
f 1348//1348 1350//1350 1479//1479
f 1479//1479 1480//1480 1238//1238
f 1341//1341 1238//1238 1470//1470
f 1470//1470 1471//1471 1341//1341
f 1471//1471 1472//1472 1341//1341
f 3467//3467 1477//1477 1347//1347
f 1477//1477 1346//1346 1347//1347
f 3446//3446 3445//3445 1153//1153
f 1481//1481 3445//3445 3446//3446
f 1356//1356 1354//1354 1485//1485
f 1354//1354 1242//1242 1364//1364
f 1485//1485 1354//1354 1482//1482
f 1482//1482 1354//1354 1364//1364
f 1575//1575 1357//1357 1485//1485
f 3447//3447 1357//1357 1575//1575
f 1349//1349 1355//1355 1657//1657
f 1486//1486 1350//1350 1349//1349
f 1157//1157 1352//1352 1487//1487
f 1570//1570 3445//3445 1481//1481
f 1487//1487 1352//1352 1570//1570
f 1249//1249 1359//1359 1361//1361
f 1375//1375 1359//1359 1249//1249
f 1361//1361 1360//1360 1358//1358
f 1361//1361 1359//1359 1488//1488
f 1362//1362 1358//1358 1360//1360
f 3428//3428 3448//3448 1483//1483
f 1574//1574 1363//1363 1362//1362
f 3469//3469 1364//1364 1242//1242
f 3469//3469 1482//1482 1364//1364
f 1360//1360 1574//1574 1362//1362
f 3448//3448 1574//1574 1483//1483
f 1487//1487 1365//1365 1157//1157
f 1379//1379 1380//1380 1251//1251
f 1163//1163 3453//3453 1375//1375
f 1253//1253 1371//1371 1254//1254
f 3449//3449 1368//1368 3450//3450
f 1383//1383 1254//1254 1371//1371
f 1370//1370 1368//1368 3449//3449
f 3451//3451 1369//1369 1367//1367
f 1369//1369 1373//1373 1367//1367
f 1370//1370 3449//3449 3454//3454
f 1368//1368 1370//1370 1372//1372
f 3452//3452 1369//1369 3451//3451
f 1372//1372 1370//1370 3454//3454
f 1380//1380 1384//1384 1371//1371
f 1371//1371 1384//1384 1374//1374
f 1374//1374 1383//1383 1371//1371
f 3452//3452 1373//1373 1369//1369
f 1373//1373 3452//3452 1494//1494
f 1376//1376 1359//1359 1375//1375
f 1497//1497 1375//1375 3453//3453
f 1489//1489 1359//1359 1376//1376
f 1497//1497 1376//1376 1375//1375
f 1488//1488 1359//1359 1489//1489
f 1376//1376 1497//1497 1489//1489
f 1378//1378 1170//1170 1250//1250
f 1378//1378 1499//1499 1251//1251
f 1379//1379 1251//1251 1381//1381
f 1251//1251 1499//1499 1381//1381
f 1382//1382 1250//1250 1377//1377
f 1378//1378 1250//1250 1382//1382
f 1380//1380 1379//1379 1381//1381
f 1381//1381 1499//1499 1384//1384
f 1380//1380 1381//1381 1384//1384
f 1382//1382 1499//1499 1378//1378
f 1384//1384 1495//1495 1374//1374
f 1495//1495 1383//1383 1374//1374
f 1503//1503 1372//1372 3454//3454
f 1266//1266 1258//1258 1509//1509
f 1386//1386 1387//1387 1258//1258
f 1387//1387 1505//1505 1258//1258
f 1505//1505 1509//1509 1258//1258
f 1386//1386 1504//1504 1387//1387
f 1504//1504 1505//1505 1387//1387
f 1377//1377 1389//1389 1506//1506
f 1390//1390 1391//1391 1389//1389
f 1377//1377 1506//1506 1382//1382
f 1506//1506 1389//1389 1391//1391
f 1391//1391 1390//1390 1392//1392
f 1265//1265 1266//1266 1509//1509
f 1269//1269 1265//1265 1509//1509
f 1394//1394 1269//1269 1509//1509
f 1397//1397 1511//1511 1267//1267
f 1388//1388 1513//1513 1180//1180
f 1511//1511 1512//1512 1393//1393
f 1511//1511 1393//1393 1267//1267
f 1393//1393 1512//1512 1388//1388
f 1512//1512 1513//1513 1388//1388
f 1507//1507 1391//1391 1392//1392
f 1277//1277 1597//1597 1404//1404
f 1597//1597 1395//1395 1404//1404
f 1597//1597 1273//1273 1395//1395
f 1273//1273 1404//1404 1395//1395
f 1396//1396 1397//1397 1273//1273
f 1273//1273 1678//1678 1396//1396
f 1396//1396 1598//1598 1397//1397
f 1396//1396 1596//1596 1598//1598
f 1409//1409 1278//1278 1279//1279
f 1399//1399 1276//1276 1398//1398
f 1399//1399 1410//1410 1280//1280
f 1400//1400 1399//1399 1398//1398
f 1400//1400 1398//1398 1402//1402
f 1394//1394 1401//1401 1269//1269
f 1276//1276 1401//1401 1402//1402
f 1276//1276 1269//1269 1401//1401
f 1403//1403 1401//1401 1394//1394
f 1403//1403 1518//1518 1401//1401
f 1515//1515 3457//3457 3456//3456
f 1678//1678 1596//1596 1396//1396
f 1278//1278 1409//1409 1417//1417
f 1279//1279 1280//1280 1409//1409
f 1527//1527 1409//1409 1280//1280
f 1410//1410 1399//1399 1400//1400
f 1401//1401 1521//1521 1517//1517
f 1521//1521 1401//1401 1518//1518
f 1402//1402 1523//1523 1400//1400
f 1401//1401 1523//1523 1402//1402
f 3458//3458 1281//1281 1292//1292
f 1525//1525 1597//1597 1277//1277
f 1537//1537 1283//1283 1415//1415
f 1284//1284 1408//1408 1406//1406
f 1408//1408 1284//1284 1407//1407
f 1278//1278 1626//1626 1407//1407
f 1407//1407 1626//1626 1408//1408
f 1417//1417 1409//1409 1614//1614
f 1410//1410 1527//1527 1280//1280
f 1411//1411 3458//3458 1405//1405
f 1613//1613 3458//3458 1411//1411
f 1282//1282 1281//1281 1524//1524
f 1205//1205 1283//1283 1427//1427
f 1304//1304 1205//1205 1427//1427
f 1305//1305 1304//1304 1423//1423
f 1413//1413 1304//1304 1427//1427
f 1423//1423 1424//1424 1305//1305
f 1413//1413 3459//3459 1304//1304
f 1414//1414 1413//1413 1427//1427
f 1414//1414 3459//3459 1413//1413
f 1414//1414 1427//1427 1428//1428
f 1538//1538 1283//1283 1537//1537
f 1537//1537 1415//1415 1416//1416
f 1415//1415 1406//1406 1416//1416
f 1417//1417 1627//1627 1278//1278
f 1309//1309 1443//1443 1418//1418
f 1418//1418 1443//1443 1308//1308
f 1308//1308 1443//1443 1444//1444
f 1308//1308 1444//1444 1295//1295
f 1411//1411 1295//1295 1534//1534
f 1448//1448 1419//1419 1450//1450
f 1419//1419 1294//1294 1420//1420
f 1420//1420 1294//1294 1305//1305
f 1424//1424 1420//1420 1305//1305
f 1424//1424 1421//1421 1420//1420
f 1419//1419 1420//1420 1450//1450
f 1424//1424 1429//1429 1421//1421
f 1450//1450 1420//1420 1421//1421
f 1422//1422 1450//1450 1421//1421
f 1421//1421 1429//1429 1422//1422
f 3461//3461 1432//1432 1422//1422
f 1422//1422 1432//1432 1434//1434
f 1434//1434 1450//1450 1422//1422
f 1450//1450 1434//1434 1631//1631
f 1414//1414 1425//1425 3459//3459
f 1424//1424 3459//3459 1426//1426
f 3459//3459 1425//1425 1426//1426
f 1425//1425 1414//1414 1428//1428
f 1426//1426 1425//1425 1428//1428
f 1283//1283 1431//1431 3460//3460
f 1428//1428 1427//1427 1430//1430
f 1426//1426 1428//1428 1424//1424
f 1427//1427 1435//1435 1430//1430
f 1424//1424 1428//1428 1429//1429
f 1428//1428 1432//1432 3461//3461
f 1428//1428 1430//1430 1432//1432
f 1435//1435 1433//1433 1430//1430
f 3462//3462 1433//1433 1432//1432
f 1433//1433 1434//1434 1432//1432
f 1436//1436 1435//1435 1427//1427
f 1535//1535 1434//1434 1433//1433
f 1435//1435 1535//1535 1433//1433
f 3460//3460 1431//1431 1436//1436
f 1535//1535 1435//1435 1436//1436
f 1431//1431 1283//1283 1536//1536
f 1437//1437 1328//1328 1452//1452
f 1540//1540 1440//1440 3463//3463
f 3463//3463 1438//1438 1307//1307
f 1441//1441 1307//1307 1438//1438
f 1438//1438 1442//1442 1441//1441
f 3463//3463 1442//1442 1438//1438
f 1442//1442 3463//3463 1440//1440
f 1444//1444 1443//1443 1616//1616
f 1442//1442 1618//1618 1443//1443
f 1616//1616 1443//1443 1618//1618
f 1440//1440 3478//3478 1442//1442
f 1441//1441 1442//1442 1309//1309
f 1309//1309 1442//1442 1443//1443
f 1445//1445 3438//3438 1459//1459
f 1456//1456 1455//1455 1314//1314
f 1318//1318 1449//1449 1459//1459
f 1449//1449 1446//1446 1459//1459
f 1459//1459 1456//1456 1445//1445
f 1446//1446 1458//1458 1457//1457
f 1446//1446 1457//1457 1543//1543
f 1322//1322 1447//1447 1449//1449
f 1322//1322 1324//1324 1447//1447
f 1446//1446 1449//1449 1447//1447
f 1324//1324 1460//1460 1447//1447
f 1460//1460 1324//1324 1448//1448
f 1446//1446 1447//1447 1458//1458
f 1447//1447 1460//1460 1458//1458
f 1448//1448 1450//1450 1552//1552
f 1631//1631 1434//1434 1535//1535
f 1453//1453 1545//1545 1715//1715
f 3443//3443 1464//1464 1451//1451
f 1467//1467 1464//1464 3443//3443
f 1452//1452 1451//1451 1464//1464
f 1453//1453 1452//1452 1464//1464
f 1437//1437 1452//1452 1453//1453
f 1453//1453 1464//1464 1545//1545
f 1439//1439 1437//1437 1453//1453
f 1332//1332 1454//1454 1547//1547
f 1455//1455 1454//1454 1314//1314
f 1549//1549 1456//1456 1459//1459
f 1456//1456 1549//1549 1455//1455
f 1457//1457 1458//1458 1543//1543
f 1543//1543 1458//1458 1557//1557
f 1458//1458 1460//1460 1557//1557
f 1454//1454 1455//1455 1549//1549
f 1543//1543 1459//1459 1446//1446
f 1461//1461 1544//1544 1465//1465
f 3466//3466 1468//1468 1461//1461
f 1544//1544 1461//1461 1553//1553
f 1553//1553 1461//1461 1468//1468
f 1467//1467 3464//3464 1465//1465
f 3466//3466 3465//3465 1463//1463
f 1466//1466 3466//3466 1463//1463
f 1463//1463 1469//1469 1466//1466
f 1465//1465 1544//1544 1467//1467
f 1464//1464 1467//1467 1545//1545
f 3473//3473 1545//1545 1467//1467
f 1466//1466 1469//1469 1546//1546
f 3466//3466 1466//1466 1468//1468
f 1469//1469 1332//1332 1546//1546
f 1480//1480 1470//1470 1238//1238
f 1471//1471 1470//1470 1564//1564
f 1480//1480 1564//1564 1470//1470
f 1342//1342 1341//1341 1472//1472
f 1472//1472 1343//1343 1342//1342
f 1232//1232 1473//1473 1478//1478
f 1343//1343 1475//1475 1473//1473
f 1475//1475 1343//1343 1472//1472
f 1472//1472 1564//1564 1475//1475
f 1475//1475 1474//1474 1473//1473
f 1474//1474 1478//1478 1473//1473
f 1471//1471 1564//1564 1472//1472
f 1477//1477 1351//1351 1346//1346
f 3467//3467 1560//1560 1477//1477
f 1486//1486 1349//1349 1657//1657
f 1350//1350 1486//1486 1479//1479
f 1479//1479 1561//1561 1480//1480
f 1570//1570 1571//1571 1487//1487
f 1565//1565 1351//1351 1477//1477
f 1351//1351 3468//3468 1353//1353
f 1351//1351 1565//1565 3468//3468
f 1484//1484 1482//1482 1662//1662
f 1662//1662 1482//1482 3469//3469
f 1482//1482 1484//1484 1485//1485
f 1575//1575 1576//1576 3447//3447
f 1355//1355 1576//1576 1657//1657
f 1493//1493 1487//1487 1578//1578
f 1578//1578 1487//1487 1658//1658
f 1570//1570 1654//1654 1571//1571
f 1487//1487 1571//1571 1658//1658
f 1361//1361 1488//1488 1490//1490
f 1490//1490 1360//1360 1361//1361
f 1491//1491 1488//1488 1489//1489
f 1488//1488 1491//1491 1490//1490
f 1574//1574 1360//1360 1579//1579
f 1490//1490 1579//1579 1360//1360
f 1489//1489 1497//1497 1491//1491
f 1579//1579 1491//1491 1497//1497
f 1491//1491 1579//1579 1490//1490
f 1483//1483 1574//1574 1492//1492
f 1493//1493 1365//1365 1487//1487
f 1504//1504 1365//1365 1493//1493
f 1578//1578 1584//1584 1493//1493
f 1384//1384 1498//1498 1495//1495
f 1384//1384 1499//1499 1498//1498
f 1502//1502 1495//1495 1498//1498
f 1372//1372 1503//1503 3470//3470
f 3470//3470 1497//1497 3453//3453
f 1503//1503 1496//1496 3470//3470
f 3470//3470 1496//1496 1497//1497
f 1383//1383 1495//1495 1501//1501
f 1495//1495 1502//1502 1501//1501
f 3471//3471 1503//1503 3454//3454
f 1504//1504 1386//1386 1385//1385
f 1382//1382 1506//1506 1499//1499
f 1499//1499 1500//1500 1498//1498
f 1500//1500 1499//1499 1506//1506
f 1502//1502 1498//1498 1500//1500
f 3472//3472 1503//1503 3471//3471
f 1392//1392 1592//1592 1514//1514
f 1506//1506 1391//1391 1590//1590
f 1507//1507 1508//1508 1391//1391
f 1589//1589 1590//1590 1391//1391
f 1508//1508 3477//3477 1391//1391
f 1507//1507 1392//1392 1514//1514
f 1508//1508 1507//1507 1514//1514
f 1505//1505 1510//1510 1509//1509
f 1595//1595 1510//1510 1505//1505
f 1512//1512 1511//1511 1598//1598
f 1511//1511 1397//1397 1598//1598
f 1513//1513 1592//1592 1392//1392
f 1512//1512 1598//1598 1513//1513
f 1513//1513 1598//1598 1592//1592
f 1508//1508 1514//1514 3477//3477
f 3457//3457 1515//1515 1518//1518
f 3456//3456 1600//1600 1515//1515
f 1394//1394 1509//1509 1516//1516
f 1394//1394 1516//1516 1600//1600
f 1516//1516 1510//1510 1591//1591
f 1516//1516 1509//1509 1510//1510
f 1510//1510 1595//1595 1591//1591
f 1517//1517 1521//1521 1522//1522
f 1515//1515 1600//1600 1518//1518
f 1600//1600 1599//1599 1518//1518
f 1277//1277 1519//1519 1525//1525
f 1527//1527 1614//1614 1409//1409
f 1410//1410 1400//1400 1520//1520
f 1523//1523 1520//1520 1400//1400
f 1410//1410 1520//1520 1526//1526
f 1520//1520 1528//1528 1526//1526
f 1520//1520 1523//1523 1528//1528
f 1523//1523 1401//1401 1529//1529
f 1401//1401 1517//1517 1529//1529
f 1529//1529 1530//1530 1523//1523
f 1517//1517 1607//1607 1529//1529
f 1522//1522 1607//1607 1517//1517
f 1607//1607 1522//1522 1611//1611
f 1522//1522 1521//1521 1611//1611
f 1519//1519 1282//1282 1524//1524
f 1531//1531 1524//1524 1281//1281
f 1682//1682 1525//1525 1519//1519
f 1417//1417 1614//1614 1627//1627
f 1410//1410 1526//1526 1532//1532
f 1527//1527 1410//1410 1532//1532
f 1526//1526 1528//1528 1532//1532
f 1528//1528 1530//1530 1532//1532
f 1523//1523 1530//1530 1528//1528
f 1607//1607 1530//1530 1529//1529
f 1411//1411 1534//1534 1613//1613
f 1531//1531 3458//3458 1613//1613
f 1281//1281 3458//3458 1531//1531
f 1531//1531 1613//1613 1606//1606
f 1538//1538 1536//1536 1283//1283
f 1408//1408 1626//1626 1406//1406
f 1406//1406 1626//1626 1416//1416
f 1627//1627 1626//1626 1278//1278
f 1614//1614 1527//1527 1532//1532
f 1444//1444 1533//1533 1295//1295
f 1295//1295 1533//1533 1534//1534
f 1613//1613 1534//1534 1533//1533
f 1631//1631 1552//1552 1450//1450
f 1536//1536 1436//1436 1431//1431
f 1535//1535 1436//1436 1631//1631
f 1416//1416 1539//1539 1537//1537
f 1539//1539 1416//1416 1626//1626
f 1453//1453 1715//1715 1439//1439
f 1540//1540 1439//1439 1541//1541
f 1715//1715 1541//1541 1439//1439
f 1540//1540 3478//3478 1440//1440
f 1444//1444 1616//1616 1617//1617
f 1444//1444 1617//1617 1542//1542
f 1542//1542 1533//1533 1444//1444
f 1617//1617 1533//1533 1542//1542
f 1543//1543 1550//1550 1459//1459
f 1557//1557 1550//1550 1543//1543
f 1436//1436 1632//1632 1631//1631
f 1632//1632 1436//1436 1536//1536
f 1537//1537 1633//1633 1538//1538
f 1633//1633 1537//1537 1539//1539
f 1466//1466 1546//1546 1468//1468
f 1782//1782 1541//1541 1715//1715
f 1547//1547 1546//1546 1332//1332
f 1547//1547 1555//1555 1546//1546
f 1548//1548 1555//1555 1547//1547
f 1454//1454 1548//1548 1547//1547
f 1454//1454 1549//1549 1556//1556
f 1459//1459 1556//1556 1549//1549
f 1550//1550 1556//1556 1459//1459
f 1454//1454 1556//1556 1548//1548
f 1557//1557 1559//1559 1550//1550
f 1551//1551 1556//1556 1550//1550
f 1448//1448 1641//1641 1460//1460
f 1448//1448 1552//1552 1641//1641
f 1554//1554 1544//1544 1553//1553
f 1644//1644 1544//1544 1554//1554
f 1468//1468 1645//1645 1553//1553
f 1553//1553 3480//3480 1554//1554
f 1544//1544 1644//1644 1643//1643
f 3473//3473 1643//1643 1545//1545
f 1555//1555 1646//1646 1645//1645
f 1645//1645 1468//1468 1546//1546
f 1645//1645 1546//1546 1555//1555
f 1548//1548 1635//1635 1555//1555
f 1635//1635 1646//1646 1555//1555
f 1548//1548 1556//1556 1635//1635
f 1551//1551 1558//1558 1556//1556
f 1635//1635 1556//1556 1558//1558
f 1635//1635 1558//1558 1634//1634
f 1558//1558 1551//1551 1639//1639
f 1639//1639 1634//1634 1558//1558
f 1553//1553 1645//1645 3480//3480
f 1478//1478 1474//1474 1651//1651
f 1563//1563 1475//1475 1564//1564
f 1474//1474 1475//1475 1563//1563
f 1651//1651 1474//1474 1563//1563
f 1478//1478 1566//1566 1476//1476
f 1566//1566 1560//1560 3467//3467
f 1478//1478 1651//1651 1566//1566
f 1562//1562 1479//1479 1486//1486
f 1561//1561 1479//1479 3474//3474
f 3474//3474 1568//1568 1561//1561
f 1568//1568 1480//1480 1561//1561
f 1563//1563 1650//1650 1651//1651
f 1481//1481 1573//1573 1654//1654
f 1570//1570 1481//1481 1654//1654
f 1477//1477 1560//1560 1565//1565
f 1560//1560 1567//1567 1565//1565
f 1566//1566 1567//1567 1560//1560
f 1567//1567 1572//1572 1565//1565
f 3475//3475 1565//1565 1572//1572
f 1565//1565 3475//3475 3468//3468
f 1486//1486 1569//1569 1562//1562
f 1569//1569 1568//1568 3474//3474
f 1568//1568 1653//1653 1480//1480
f 1568//1568 1569//1569 1653//1653
f 1480//1480 1653//1653 1564//1564
f 1653//1653 1652//1652 1564//1564
f 1492//1492 1662//1662 1483//1483
f 1492//1492 1574//1574 1583//1583
f 1662//1662 1492//1492 1583//1583
f 1662//1662 1577//1577 1484//1484
f 1484//1484 1577//1577 1485//1485
f 1577//1577 1575//1575 1485//1485
f 1575//1575 1577//1577 1576//1576
f 1574//1574 1579//1579 1581//1581
f 1580//1580 1579//1579 1497//1497
f 1579//1579 1582//1582 1581//1581
f 1667//1667 1580//1580 1497//1497
f 1664//1664 1581//1581 1582//1582
f 1574//1574 1581//1581 1583//1583
f 1586//1586 1504//1504 1493//1493
f 1493//1493 1584//1584 1586//1586
f 1663//1663 1584//1584 1578//1578
f 1585//1585 1503//1503 3472//3472
f 1585//1585 1496//1496 1503//1503
f 1496//1496 1585//1585 1752//1752
f 1752//1752 1585//1585 3472//3472
f 1500//1500 3497//3497 1502//1502
f 1496//1496 1665//1665 1497//1497
f 1496//1496 1801//1801 1665//1665
f 1665//1665 1667//1667 1497//1497
f 1580//1580 1667//1667 1579//1579
f 1582//1582 1579//1579 3484//3484
f 1586//1586 1587//1587 1504//1504
f 1504//1504 1587//1587 1669//1669
f 1584//1584 1668//1668 1586//1586
f 1505//1505 1504//1504 1672//1672
f 1592//1592 1593//1593 1514//1514
f 1514//1514 1593//1593 1588//1588
f 1593//1593 3477//3477 1588//1588
f 1671//1671 3477//3477 1593//1593
f 1514//1514 1588//1588 3477//3477
f 1589//1589 1753//1753 1590//1590
f 1590//1590 1804//1804 1506//1506
f 1590//1590 1753//1753 1804//1804
f 1600//1600 1516//1516 1679//1679
f 1594//1594 1516//1516 1591//1591
f 1679//1679 1516//1516 1594//1594
f 1595//1595 1594//1594 1591//1591
f 1672//1672 1595//1595 1505//1505
f 1504//1504 1673//1673 1672//1672
f 1671//1671 1753//1753 3477//3477
f 1674//1674 1593//1593 1592//1592
f 1594//1594 1675//1675 1679//1679
f 1675//1675 1594//1594 1672//1672
f 1595//1595 1672//1672 1594//1594
f 1273//1273 1597//1597 1604//1604
f 1598//1598 1596//1596 1678//1678
f 1805//1805 1592//1592 1598//1598
f 1601//1601 1518//1518 1599//1599
f 1600//1600 1601//1601 1599//1599
f 1600//1600 1602//1602 1601//1601
f 1521//1521 1518//1518 1601//1601
f 1680//1680 1602//1602 1600//1600
f 1680//1680 1600//1600 1679//1679
f 1525//1525 1603//1603 1597//1597
f 1682//1682 1603//1603 1525//1525
f 1604//1604 1597//1597 1677//1677
f 1603//1603 1684//1684 1597//1597
f 1604//1604 1678//1678 1273//1273
f 1601//1601 1605//1605 1521//1521
f 1521//1521 1605//1605 1611//1611
f 1680//1680 1685//1685 1602//1602
f 1685//1685 1601//1601 1602//1602
f 1605//1605 1601//1601 1685//1685
f 1605//1605 1685//1685 1611//1611
f 1524//1524 1694//1694 1519//1519
f 1683//1683 1682//1682 1519//1519
f 1682//1682 1681//1681 1603//1603
f 1532//1532 1530//1530 1608//1608
f 1614//1614 1532//1532 1608//1608
f 1615//1615 1614//1614 1608//1608
f 1530//1530 1607//1607 1608//1608
f 1607//1607 1609//1609 1608//1608
f 1607//1607 1611//1611 1610//1610
f 1609//1609 1607//1607 1610//1610
f 1609//1609 1615//1615 1608//1608
f 1612//1612 1615//1615 1609//1609
f 1609//1609 1610//1610 1612//1612
f 1611//1611 1685//1685 1695//1695
f 1611//1611 1695//1695 1610//1610
f 1623//1623 1624//1624 1613//1613
f 1624//1624 1606//1606 1613//1613
f 1606//1606 1691//1691 1531//1531
f 1690//1690 1531//1531 1691//1691
f 1524//1524 1531//1531 1690//1690
f 1706//1706 1627//1627 1614//1614
f 1614//1614 1615//1615 1706//1706
f 1612//1612 1610//1610 1695//1695
f 1616//1616 1618//1618 1619//1619
f 1617//1617 1616//1616 1630//1630
f 1630//1630 1622//1622 1617//1617
f 1616//1616 1619//1619 1630//1630
f 1619//1619 1629//1629 1630//1630
f 1622//1622 1630//1630 1620//1620
f 1630//1630 1702//1702 1620//1620
f 1620//1620 1703//1703 1621//1621
f 1623//1623 1533//1533 1620//1620
f 1623//1623 1613//1613 1533//1533
f 1617//1617 1622//1622 1533//1533
f 1533//1533 1622//1622 1620//1620
f 1621//1621 1623//1623 1620//1620
f 1621//1621 1624//1624 1623//1623
f 1538//1538 1633//1633 1536//1536
f 1539//1539 1626//1626 1625//1625
f 1627//1627 1712//1712 1626//1626
f 1625//1625 1626//1626 1712//1712
f 1713//1713 1712//1712 1627//1627
f 1706//1706 1713//1713 1627//1627
f 1701//1701 1706//1706 1615//1615
f 1541//1541 1628//1628 1540//1540
f 1541//1541 1782//1782 1628//1628
f 1628//1628 1709//1709 3478//3478
f 1628//1628 1782//1782 1709//1709
f 1629//1629 1618//1618 1709//1709
f 1540//1540 1628//1628 3478//3478
f 1629//1629 1619//1619 1618//1618
f 3487//3487 1620//1620 1702//1702
f 1633//1633 1711//1711 1536//1536
f 1625//1625 1633//1633 1539//1539
f 1633//1633 1712//1712 1711//1711
f 1633//1633 1625//1625 1712//1712
f 1635//1635 1634//1634 1639//1639
f 1635//1635 1636//1636 1638//1638
f 1636//1636 1639//1639 1637//1637
f 1635//1635 1639//1639 1636//1636
f 1636//1636 1637//1637 1638//1638
f 1641//1641 1638//1638 1637//1637
f 1550//1550 1639//1639 1551//1551
f 1559//1559 1639//1639 1550//1550
f 1639//1639 1559//1559 1637//1637
f 1640//1640 1637//1637 1559//1559
f 1557//1557 1641//1641 3479//3479
f 1557//1557 1640//1640 1559//1559
f 1460//1460 1641//1641 1557//1557
f 3479//3479 1641//1641 1637//1637
f 1552//1552 1716//1716 1641//1641
f 1632//1632 1716//1716 1631//1631
f 1631//1631 1716//1716 1552//1552
f 1536//1536 1711//1711 1632//1632
f 1649//1649 3481//3481 1648//1648
f 1643//1643 1644//1644 1649//1649
f 1643//1643 1714//1714 1545//1545
f 1715//1715 1545//1545 1714//1714
f 1645//1645 3482//3482 3480//3480
f 1645//1645 1642//1642 3482//3482
f 1645//1645 1646//1646 1642//1642
f 1635//1635 1647//1647 1646//1646
f 1647//1647 1635//1635 1638//1638
f 1638//1638 1641//1641 1716//1716
f 1724//1724 1643//1643 1649//1649
f 1725//1725 1724//1724 1649//1649
f 1648//1648 1725//1725 1649//1649
f 1646//1646 1647//1647 1642//1642
f 3492//3492 3482//3482 1642//1642
f 1563//1563 1564//1564 1650//1650
f 1652//1652 1650//1650 1564//1564
f 1737//1737 1651//1651 1650//1650
f 1652//1652 1653//1653 1797//1797
f 1797//1797 1871//1871 1652//1652
f 1652//1652 1738//1738 1650//1650
f 1650//1650 1738//1738 1737//1737
f 1571//1571 1654//1654 1659//1659
f 1572//1572 1655//1655 3475//3475
f 1661//1661 1654//1654 3476//3476
f 1659//1659 1654//1654 1661//1661
f 1567//1567 1656//1656 1572//1572
f 1661//1661 1739//1739 1659//1659
f 1566//1566 1736//1736 1567//1567
f 1572//1572 1656//1656 1655//1655
f 1655//1655 3483//3483 3475//3475
f 1567//1567 1741//1741 1656//1656
f 1741//1741 1742//1742 1656//1656
f 1656//1656 1742//1742 1655//1655
f 1576//1576 1873//1873 1657//1657
f 1799//1799 1873//1873 1576//1576
f 1486//1486 1657//1657 1569//1569
f 1569//1569 1657//1657 1873//1873
f 1569//1569 1797//1797 1653//1653
f 1571//1571 1660//1660 1658//1658
f 1739//1739 1743//1743 1659//1659
f 1739//1739 1661//1661 1740//1740
f 1578//1578 1658//1658 1663//1663
f 1658//1658 1660//1660 1747//1747
f 1747//1747 1663//1663 1658//1658
f 1582//1582 3484//3484 1664//1664
f 1664//1664 1583//1583 1581//1581
f 1664//1664 1666//1666 1583//1583
f 1577//1577 1662//1662 1746//1746
f 1800//1800 1668//1668 1584//1584
f 1752//1752 1801//1801 1496//1496
f 1879//1879 1665//1665 1801//1801
f 1667//1667 1665//1665 1879//1879
f 3484//3484 1748//1748 1664//1664
f 1668//1668 1670//1670 1586//1586
f 3485//3485 1587//1587 1586//1586
f 3485//3485 1669//1669 1587//1587
f 1800//1800 1670//1670 1668//1668
f 1803//1803 1669//1669 3485//3485
f 1804//1804 1500//1500 1506//1506
f 1751//1751 1752//1752 1500//1500
f 1673//1673 1504//1504 1669//1669
f 1753//1753 1671//1671 1593//1593
f 1676//1676 1672//1672 1673//1673
f 1592//1592 1805//1805 1674//1674
f 1593//1593 1674//1674 1753//1753
f 1676//1676 1675//1675 1672//1672
f 1676//1676 1757//1757 1675//1675
f 1677//1677 1811//1811 1604//1604
f 1604//1604 1811//1811 1678//1678
f 1678//1678 1758//1758 1598//1598
f 1758//1758 1805//1805 1598//1598
f 1680//1680 1679//1679 1686//1686
f 1687//1687 1685//1685 1680//1680
f 1686//1686 1687//1687 1680//1680
f 1688//1688 1679//1679 1675//1675
f 1679//1679 1688//1688 3486//3486
f 1755//1755 1688//1688 1675//1675
f 1754//1754 1675//1675 1757//1757
f 1755//1755 1675//1675 1754//1754
f 1682//1682 1683//1683 1759//1759
f 1681//1681 1682//1682 1759//1759
f 1681//1681 1759//1759 1603//1603
f 1759//1759 1684//1684 1603//1603
f 1677//1677 1597//1597 1684//1684
f 1686//1686 1689//1689 1687//1687
f 1755//1755 1761//1761 1688//1688
f 3486//3486 1688//1688 1689//1689
f 1689//1689 1688//1688 1761//1761
f 1690//1690 1693//1693 1524//1524
f 1691//1691 1692//1692 1693//1693
f 1691//1691 1693//1693 1690//1690
f 1693//1693 1694//1694 1524//1524
f 1692//1692 1905//1905 1693//1693
f 1763//1763 1694//1694 1693//1693
f 1905//1905 1692//1692 1691//1691
f 1763//1763 1693//1693 1905//1905
f 1759//1759 1810//1810 1684//1684
f 1696//1696 1695//1695 1685//1685
f 1685//1685 1765//1765 1696//1696
f 1766//1766 1765//1765 1685//1685
f 1698//1698 1697//1697 1606//1606
f 1606//1606 1700//1700 1699//1699
f 1699//1699 1691//1691 1606//1606
f 1606//1606 1697//1697 1700//1700
f 1700//1700 1769//1769 1699//1699
f 1769//1769 1700//1700 1697//1697
f 1615//1615 1612//1612 1701//1701
f 1706//1706 1701//1701 1707//1707
f 1771//1771 1701//1701 1612//1612
f 1771//1771 1612//1612 1695//1695
f 1774//1774 1771//1771 1695//1695
f 1696//1696 1764//1764 1695//1695
f 1621//1621 3487//3487 1624//1624
f 3487//3487 1704//1704 1624//1624
f 1704//1704 1768//1768 1624//1624
f 1630//1630 1705//1705 1702//1702
f 1704//1704 3487//3487 1768//1768
f 1702//1702 1768//1768 3487//3487
f 1705//1705 1767//1767 1702//1702
f 1768//1768 1702//1702 1767//1767
f 1606//1606 1624//1624 1698//1698
f 1713//1713 1706//1706 1770//1770
f 1707//1707 1701//1701 1771//1771
f 1706//1706 1707//1707 1770//1770
f 1707//1707 1771//1771 1776//1776
f 1629//1629 1775//1775 1708//1708
f 1710//1710 1778//1778 1779//1779
f 1779//1779 1705//1705 1710//1710
f 1778//1778 1710//1710 1708//1708
f 1629//1629 1708//1708 1630//1630
f 1710//1710 1630//1630 1708//1708
f 1630//1630 1710//1710 1705//1705
f 1711//1711 1716//1716 1632//1632
f 1716//1716 1711//1711 1712//1712
f 1781//1781 1712//1712 1713//1713
f 1714//1714 1643//1643 1785//1785
f 1638//1638 1783//1783 1647//1647
f 1783//1783 1638//1638 1716//1716
f 1716//1716 1961//1961 1783//1783
f 1726//1726 1643//1643 1724//1724
f 1726//1726 1722//1722 1643//1643
f 1715//1715 1714//1714 1785//1785
f 1723//1723 1728//1728 1731//1731
f 1717//1717 1719//1719 1718//1718
f 1718//1718 1725//1725 1717//1717
f 3492//3492 1733//1733 3488//3488
f 3489//3489 1720//1720 1721//1721
f 3489//3489 3490//3490 1720//1720
f 1732//1732 1720//1720 3490//3490
f 3488//3488 1733//1733 3491//3491
f 1720//1720 1723//1723 1722//1722
f 1722//1722 1721//1721 1720//1720
f 1728//1728 1723//1723 1732//1732
f 1723//1723 1720//1720 1732//1732
f 1723//1723 1731//1731 1722//1722
f 1724//1724 1727//1727 1726//1726
f 3493//3493 1724//1724 1725//1725
f 1718//1718 3493//3493 1725//1725
f 1727//1727 1722//1722 1726//1726
f 1721//1721 1727//1727 3489//3489
f 1733//1733 3492//3492 1642//1642
f 1727//1727 1721//1721 1722//1722
f 1789//1789 1733//1733 1642//1642
f 1722//1722 1785//1785 1643//1643
f 1647//1647 1789//1789 1642//1642
f 3494//3494 3495//3495 1729//1729
f 1734//1734 1729//1729 3495//3495
f 1729//1729 1734//1734 1730//1730
f 1731//1731 1728//1728 1787//1787
f 3494//3494 1729//1729 3499//3499
f 1729//1729 1730//1730 1788//1788
f 3495//3495 3491//3491 1734//1734
f 3491//3491 1733//1733 1734//1734
f 1734//1734 1733//1733 1730//1730
f 1730//1730 1733//1733 1789//1789
f 1652//1652 1871//1871 1738//1738
f 1737//1737 1735//1735 1651//1651
f 1651//1651 1735//1735 1566//1566
f 1735//1735 2033//2033 1566//1566
f 1741//1741 1567//1567 1736//1736
f 1791//1791 1737//1737 1738//1738
f 1737//1737 1791//1791 1735//1735
f 1743//1743 1571//1571 1659//1659
f 3483//3483 1793//1793 3496//3496
f 1655//1655 1793//1793 3483//3483
f 1742//1742 1793//1793 1655//1655
f 1740//1740 3501//3501 1739//1739
f 1744//1744 1739//1739 3501//3501
f 1741//1741 1794//1794 1742//1742
f 1577//1577 1799//1799 1576//1576
f 1663//1663 1747//1747 1584//1584
f 1660//1660 1571//1571 1743//1743
f 1660//1660 1743//1743 1745//1745
f 1744//1744 1743//1743 1739//1739
f 1743//1743 1744//1744 1745//1745
f 1745//1745 1747//1747 1660//1660
f 1577//1577 1746//1746 1799//1799
f 1877//1877 1584//1584 1747//1747
f 1800//1800 1584//1584 1877//1877
f 1747//1747 1745//1745 1798//1798
f 1745//1745 1744//1744 1798//1798
f 1748//1748 3484//3484 1879//1879
f 1664//1664 1749//1749 1666//1666
f 1879//1879 1749//1749 1748//1748
f 1749//1749 1664//1664 1748//1748
f 1749//1749 1750//1750 1666//1666
f 1666//1666 1750//1750 1583//1583
f 1879//1879 1750//1750 1749//1749
f 1583//1583 1750//1750 1662//1662
f 1883//1883 1669//1669 1803//1803
f 1803//1803 1670//1670 1800//1800
f 1802//1802 1751//1751 1500//1500
f 1751//1751 1882//1882 1752//1752
f 1673//1673 1669//1669 1883//1883
f 1500//1500 1804//1804 1802//1802
f 1882//1882 1751//1751 1802//1802
f 1673//1673 1757//1757 1676//1676
f 1757//1757 1673//1673 1883//1883
f 1674//1674 1805//1805 1753//1753
f 1755//1755 1754//1754 1808//1808
f 1754//1754 1756//1756 1808//1808
f 1754//1754 1757//1757 1756//1756
f 1760//1760 1677//1677 1684//1684
f 1758//1758 1678//1678 1811//1811
f 1811//1811 1888//1888 1758//1758
f 1766//1766 1687//1687 1689//1689
f 1761//1761 1755//1755 1808//1808
f 1756//1756 1809//1809 1808//1808
f 1683//1683 1519//1519 1899//1899
f 1810//1810 1760//1760 1684//1684
f 1677//1677 1760//1760 1811//1811
f 1685//1685 1687//1687 1766//1766
f 1761//1761 1762//1762 1689//1689
f 1761//1761 1808//1808 1762//1762
f 1699//1699 1769//1769 1904//1904
f 1691//1691 1699//1699 1904//1904
f 1759//1759 1683//1683 1810//1810
f 1765//1765 1764//1764 1696//1696
f 1774//1774 1695//1695 1764//1764
f 1766//1766 1815//1815 1765//1765
f 1764//1764 1765//1765 1774//1774
f 1766//1766 1762//1762 1815//1815
f 1766//1766 1689//1689 1762//1762
f 1624//1624 1768//1768 1698//1698
f 1768//1768 1821//1821 1698//1698
f 1698//1698 1822//1822 1697//1697
f 1697//1697 1822//1822 1769//1769
f 1822//1822 1823//1823 1769//1769
f 1769//1769 1823//1823 1904//1904
f 1774//1774 1772//1772 1771//1771
f 1771//1771 1772//1772 1776//1776
f 1770//1770 1707//1707 1776//1776
f 1776//1776 1826//1826 1770//1770
f 1772//1772 1774//1774 1773//1773
f 1773//1773 1776//1776 1772//1772
f 1773//1773 1774//1774 1828//1828
f 1765//1765 1815//1815 1814//1814
f 1828//1828 1774//1774 1765//1765
f 1775//1775 1777//1777 1708//1708
f 1779//1779 1913//1913 1705//1705
f 1777//1777 1778//1778 1708//1708
f 1913//1913 1767//1767 1705//1705
f 1821//1821 1822//1822 1698//1698
f 1781//1781 1713//1713 1770//1770
f 1773//1773 1824//1824 1776//1776
f 1777//1777 1851//1851 1780//1780
f 1778//1778 1777//1777 1780//1780
f 1849//1849 1775//1775 1629//1629
f 1780//1780 1851//1851 1913//1913
f 1778//1778 1780//1780 1779//1779
f 1780//1780 1913//1913 1779//1779
f 1853//1853 1852//1852 1716//1716
f 1781//1781 1853//1853 1716//1716
f 1716//1716 1712//1712 1781//1781
f 1781//1781 1833//1833 1855//1855
f 1854//1854 1781//1781 1855//1855
f 1770//1770 1833//1833 1781//1781
f 1770//1770 1836//1836 1833//1833
f 1836//1836 1770//1770 1838//1838
f 1715//1715 1785//1785 1918//1918
f 1782//1782 1918//1918 1709//1709
f 1715//1715 1918//1918 1782//1782
f 1918//1918 1847//1847 1709//1709
f 1709//1709 1849//1849 1629//1629
f 1709//1709 1848//1848 1849//1849
f 1784//1784 1647//1647 1783//1783
f 1716//1716 1852//1852 1961//1961
f 1731//1731 1785//1785 1722//1722
f 1861//1861 1731//1731 1787//1787
f 1861//1861 1785//1785 1731//1731
f 1647//1647 1866//1866 1789//1789
f 1784//1784 1866//1866 1647//1647
f 1786//1786 3499//3499 3500//3500
f 1866//1866 1790//1790 1788//1788
f 1786//1786 3500//3500 1862//1862
f 3502//3502 1788//1788 1790//1790
f 1787//1787 3498//3498 1861//1861
f 3500//3500 3499//3499 1729//1729
f 1788//1788 1730//1730 1866//1866
f 1730//1730 1789//1789 1866//1866
f 1738//1738 1871//1871 1791//1791
f 1791//1791 2033//2033 1735//1735
f 1871//1871 2033//2033 1791//1791
f 1744//1744 1792//1792 1798//1798
f 1566//1566 1929//1929 1736//1736
f 1792//1792 1744//1744 3501//3501
f 1793//1793 1742//1742 1794//1794
f 1795//1795 1792//1792 3501//3501
f 1794//1794 1796//1796 1793//1793
f 1569//1569 1873//1873 1797//1797
f 1747//1747 1798//1798 1876//1876
f 1795//1795 3501//3501 1931//1931
f 1931//1931 1792//1792 1795//1795
f 1746//1746 1662//1662 1750//1750
f 1747//1747 1876//1876 1877//1877
f 1752//1752 1882//1882 1801//1801
f 1801//1801 1882//1882 1941//1941
f 1800//1800 1948//1948 1803//1803
f 1883//1883 1803//1803 1884//1884
f 1753//1753 1805//1805 1949//1949
f 1757//1757 1883//1883 1806//1806
f 1806//1806 1807//1807 1757//1757
f 1805//1805 1758//1758 1888//1888
f 1813//1813 1762//1762 1808//1808
f 1808//1808 1885//1885 1813//1813
f 1756//1756 1757//1757 1809//1809
f 1807//1807 1809//1809 1757//1757
f 1808//1808 1809//1809 1885//1885
f 1807//1807 1885//1885 1809//1809
f 1886//1886 1885//1885 1807//1807
f 1683//1683 1899//1899 1810//1810
f 1899//1899 1519//1519 1694//1694
f 1810//1810 1954//1954 1760//1760
f 1811//1811 1760//1760 1954//1954
f 1815//1815 1762//1762 1816//1816
f 1762//1762 1813//1813 1812//1812
f 1812//1812 1816//1816 1762//1762
f 1813//1813 1892//1892 1812//1812
f 1892//1892 1896//1896 1812//1812
f 1765//1765 1814//1814 1828//1828
f 1814//1814 1815//1815 1818//1818
f 1828//1828 1814//1814 1819//1819
f 1816//1816 1812//1812 1817//1817
f 1815//1815 1816//1816 1818//1818
f 1819//1819 1814//1814 1818//1818
f 1818//1818 1816//1816 1820//1820
f 1816//1816 1817//1817 1820//1820
f 1820//1820 1817//1817 1894//1894
f 1812//1812 1894//1894 1817//1817
f 1818//1818 1820//1820 1902//1902
f 1820//1820 1894//1894 1902//1902
f 1812//1812 1896//1896 1955//1955
f 1768//1768 1767//1767 1913//1913
f 1821//1821 1823//1823 1822//1822
f 1821//1821 1832//1832 1823//1823
f 1823//1823 1903//1903 1904//1904
f 1904//1904 1905//1905 1691//1691
f 1905//1905 1694//1694 1763//1763
f 1824//1824 1773//1773 1828//1828
f 1824//1824 1825//1825 1826//1826
f 1824//1824 1828//1828 1825//1825
f 1776//1776 1824//1824 1826//1826
f 1825//1825 1828//1828 1829//1829
f 1825//1825 1829//1829 1827//1827
f 1827//1827 1900//1900 1825//1825
f 3509//3509 1827//1827 1829//1829
f 1846//1846 1825//1825 3509//3509
f 1819//1819 1829//1829 1828//1828
f 1829//1829 1819//1819 1901//1901
f 1901//1901 1819//1819 1818//1818
f 1768//1768 1913//1913 1912//1912
f 1912//1912 1821//1821 1768//1768
f 1821//1821 1830//1830 1832//1832
f 1821//1821 1912//1912 1830//1830
f 1831//1831 1832//1832 1830//1830
f 1823//1823 1832//1832 1903//1903
f 1833//1833 1836//1836 1837//1837
f 1837//1837 1840//1840 1833//1833
f 1833//1833 1834//1834 1835//1835
f 1840//1840 1834//1834 1833//1833
f 1843//1843 1834//1834 1840//1840
f 1843//1843 1835//1835 1834//1834
f 1835//1835 1843//1843 1906//1906
f 1842//1842 1906//1906 1843//1843
f 1838//1838 1839//1839 1836//1836
f 1836//1836 1839//1839 1837//1837
f 1837//1837 1839//1839 1840//1840
f 1839//1839 1838//1838 1842//1842
f 1770//1770 1826//1826 1841//1841
f 1770//1770 1841//1841 1838//1838
f 1838//1838 1841//1841 1842//1842
f 1840//1840 1839//1839 1842//1842
f 1842//1842 1843//1843 1840//1840
f 1842//1842 1841//1841 1845//1845
f 1846//1846 1844//1844 1841//1841
f 1841//1841 1844//1844 1845//1845
f 1845//1845 1906//1906 1842//1842
f 1844//1844 1907//1907 1845//1845
f 1844//1844 1846//1846 1907//1907
f 1841//1841 1826//1826 1846//1846
f 1846//1846 1826//1826 1825//1825
f 1847//1847 1848//1848 1709//1709
f 1848//1848 1960//1960 1849//1849
f 1849//1849 1850//1850 1775//1775
f 1915//1915 1849//1849 1960//1960
f 1850//1850 1849//1849 1915//1915
f 1775//1775 1909//1909 1777//1777
f 1775//1775 1850//1850 1909//1909
f 1909//1909 1850//1850 1915//1915
f 1851//1851 1777//1777 1908//1908
f 1777//1777 1909//1909 1908//1908
f 1961//1961 1852//1852 1853//1853
f 1961//1961 1853//1853 1984//1984
f 1853//1853 1781//1781 1854//1854
f 1854//1854 1914//1914 1853//1853
f 1984//1984 1853//1853 1914//1914
f 1855//1855 1914//1914 1854//1854
f 1914//1914 1855//1855 1833//1833
f 1833//1833 1835//1835 1914//1914
f 1918//1918 1857//1857 1847//1847
f 1859//1859 1848//1848 1847//1847
f 1858//1858 1856//1856 1857//1857
f 1857//1857 1856//1856 1847//1847
f 1847//1847 1856//1856 1859//1859
f 1858//1858 1860//1860 1856//1856
f 1859//1859 1856//1856 1860//1860
f 1859//1859 1960//1960 1848//1848
f 1859//1859 1860//1860 1960//1960
f 1783//1783 1961//1961 1784//1784
f 1785//1785 1861//1861 1918//1918
f 1866//1866 1784//1784 1919//1919
f 1919//1919 1784//1784 1962//1962
f 1790//1790 1868//1868 1864//1864
f 1863//1863 1870//1870 1861//1861
f 1786//1786 1862//1862 3503//3503
f 3503//3503 1862//1862 3504//3504
f 3502//3502 1790//1790 1864//1864
f 1861//1861 3498//3498 1863//1863
f 1790//1790 1866//1866 1865//1865
f 1861//1861 1870//1870 1869//1869
f 3503//3503 3504//3504 3506//3506
f 3505//3505 3507//3507 1867//1867
f 3508//3508 1868//1868 1867//1867
f 1868//1868 3508//3508 1864//1864
f 1868//1868 1790//1790 1865//1865
f 1867//1867 1868//1868 1865//1865
f 1869//1869 1921//1921 1861//1861
f 1928//1928 1871//1871 1797//1797
f 1736//1736 1929//1929 1741//1741
f 1872//1872 1797//1797 1875//1875
f 1872//1872 1875//1875 1874//1874
f 1928//1928 1797//1797 1927//1927
f 1872//1872 1874//1874 1927//1927
f 1872//1872 1927//1927 1797//1797
f 1794//1794 1933//1933 1796//1796
f 1933//1933 1793//1793 1796//1796
f 1929//1929 1794//1794 1741//1741
f 1746//1746 1750//1750 1799//1799
f 1936//1936 1877//1877 1876//1876
f 1936//1936 1878//1878 1877//1877
f 1880//1880 1800//1800 1938//1938
f 1878//1878 1800//1800 1877//1877
f 1798//1798 1937//1937 1876//1876
f 1881//1881 1972//1972 1879//1879
f 1750//1750 1879//1879 1972//1972
f 1881//1881 1879//1879 1801//1801
f 1881//1881 1801//1801 1972//1972
f 1800//1800 1880//1880 1948//1948
f 1941//1941 1882//1882 2075//2075
f 1803//1803 1948//1948 1884//1884
f 1976//1976 1804//1804 1753//1753
f 1887//1887 1806//1806 1883//1883
f 1806//1806 1886//1886 1807//1807
f 1887//1887 1886//1886 1806//1806
f 1883//1883 1945//1945 1887//1887
f 1884//1884 1945//1945 1883//1883
f 1950//1950 1886//1886 1887//1887
f 1950//1950 1887//1887 1945//1945
f 1811//1811 1952//1952 1888//1888
f 1890//1890 1888//1888 1889//1889
f 1952//1952 1889//1889 1888//1888
f 1891//1891 1890//1890 1889//1889
f 1889//1889 1951//1951 1891//1891
f 1805//1805 1888//1888 1890//1890
f 1805//1805 1890//1890 1891//1891
f 1949//1949 1805//1805 1891//1891
f 1895//1895 1892//1892 1813//1813
f 1813//1813 1893//1893 1895//1895
f 1895//1895 1896//1896 1892//1892
f 1895//1895 1893//1893 1898//1898
f 1813//1813 1885//1885 1893//1893
f 1886//1886 1893//1893 1885//1885
f 1893//1893 1886//1886 1950//1950
f 1950//1950 1898//1898 1893//1893
f 1899//1899 1694//1694 1956//1956
f 1899//1899 1954//1954 1810//1810
f 1955//1955 1894//1894 1812//1812
f 1955//1955 1902//1902 1894//1894
f 1896//1896 1897//1897 1955//1955
f 1895//1895 1897//1897 1896//1896
f 1898//1898 1897//1897 1895//1895
f 1897//1897 1898//1898 1955//1955
f 1905//1905 1956//1956 1694//1694
f 3509//3509 1829//1829 1955//1955
f 1955//1955 1829//1829 1901//1901
f 1818//1818 1902//1902 1901//1901
f 1901//1901 1902//1902 1955//1955
f 1912//1912 1958//1958 1830//1830
f 1831//1831 1830//1830 1958//1958
f 1832//1832 1831//1831 2005//2005
f 1958//1958 2005//2005 1831//1831
f 1904//1904 1903//1903 1982//1982
f 1982//1982 1905//1905 1904//1904
f 1845//1845 1907//1907 1906//1906
f 1957//1957 1906//1906 1907//1907
f 1846//1846 1955//1955 1907//1907
f 1955//1955 1846//1846 3509//3509
f 1915//1915 1916//1916 1909//1909
f 1916//1916 1908//1908 1909//1909
f 1910//1910 1913//1913 1851//1851
f 1916//1916 1911//1911 1908//1908
f 1908//1908 1911//1911 1851//1851
f 1851//1851 1911//1911 1910//1910
f 1910//1910 1911//1911 1912//1912
f 1911//1911 1917//1917 1912//1912
f 1910//1910 1912//1912 1913//1913
f 1835//1835 1957//1957 1914//1914
f 1835//1835 1906//1906 1957//1957
f 1858//1858 1960//1960 1860//1860
f 1915//1915 1960//1960 1916//1916
f 1916//1916 1917//1917 1911//1911
f 1917//1917 1958//1958 1912//1912
f 2014//2014 1961//1961 1984//1984
f 1959//1959 1858//1858 1986//1986
f 1962//1962 1784//1784 1961//1961
f 1921//1921 1963//1963 1861//1861
f 1857//1857 1918//1918 1858//1858
f 1923//1923 1866//1866 1924//1924
f 1924//1924 1866//1866 1919//1919
f 1962//1962 1988//1988 1919//1919
f 3505//3505 1867//1867 1925//1925
f 1926//1926 1925//1925 1867//1867
f 1920//1920 3505//3505 1925//1925
f 1921//1921 1869//1869 3510//3510
f 1867//1867 1865//1865 1926//1926
f 1926//1926 1865//1865 1922//1922
f 1865//1865 1923//1923 1922//1922
f 1865//1865 1866//1866 1923//1923
f 1964//1964 1922//1922 1923//1923
f 1964//1964 1923//1923 1924//1924
f 1925//1925 1926//1926 1967//1967
f 1968//1968 1921//1921 3510//3510
f 1967//1967 1926//1926 1922//1922
f 2033//2033 2034//2034 1566//1566
f 1929//1929 1566//1566 2034//2034
f 2036//2036 1929//1929 2034//2034
f 1874//1874 1930//1930 1927//1927
f 1927//1927 1930//1930 1928//1928
f 1930//1930 1874//1874 2035//2035
f 1930//1930 2035//2035 1928//1928
f 2127//2127 1875//1875 1797//1797
f 2127//2127 1874//1874 1875//1875
f 1931//1931 3501//3501 1933//1933
f 1792//1792 1931//1931 1932//1932
f 1932//1932 1931//1931 1996//1996
f 1931//1931 1933//1933 1969//1969
f 1969//1969 1996//1996 1931//1931
f 1934//1934 1794//1794 1929//1929
f 1934//1934 1935//1935 1794//1794
f 1933//1933 1794//1794 1935//1935
f 1933//1933 1935//1935 1997//1997
f 2036//2036 1934//1934 1929//1929
f 1932//1932 1798//1798 1792//1792
f 1937//1937 1936//1936 1876//1876
f 1971//1971 1937//1937 1798//1798
f 1798//1798 1932//1932 1971//1971
f 1800//1800 1878//1878 1938//1938
f 1938//1938 1939//1939 1880//1880
f 1944//1944 1880//1880 1939//1939
f 1948//1948 1880//1880 1944//1944
f 1940//1940 1939//1939 1938//1938
f 1878//1878 1973//1973 1938//1938
f 1938//1938 1973//1973 1940//1940
f 1973//1973 1939//1939 1940//1940
f 1944//1944 1939//1939 1943//1943
f 1801//1801 1941//1941 1942//1942
f 1801//1801 1942//1942 1972//1972
f 1948//1948 1944//1944 2039//2039
f 1973//1973 1943//1943 1939//1939
f 1944//1944 1943//1943 1974//1974
f 1973//1973 1974//1974 1943//1943
f 1975//1975 1802//1802 1804//1804
f 1882//1882 2043//2043 2075//2075
f 2075//2075 1942//1942 1941//1941
f 1976//1976 1975//1975 1804//1804
f 1975//1975 1882//1882 1802//1802
f 1947//1947 1945//1945 1884//1884
f 1947//1947 1946//1946 1945//1945
f 1946//1946 1950//1950 1945//1945
f 1948//1948 1947//1947 1884//1884
f 1948//1948 1946//1946 1947//1947
f 1950//1950 1946//1946 1948//1948
f 2000//2000 1898//1898 1950//1950
f 1811//1811 1953//1953 1952//1952
f 1951//1951 1889//1889 1952//1952
f 1952//1952 2002//2002 1951//1951
f 2002//2002 1891//1891 1951//1951
f 1955//1955 1898//1898 2000//2000
f 1979//1979 1811//1811 1954//1954
f 1811//1811 1979//1979 1953//1953
f 1981//1981 1956//1956 1905//1905
f 2046//2046 1899//1899 1956//1956
f 1914//1914 1957//1957 2085//2085
f 1916//1916 1958//1958 1917//1917
f 1959//1959 1960//1960 1858//1858
f 1960//1960 1959//1959 1986//1986
f 1985//1985 1960//1960 1986//1986
f 1960//1960 1958//1958 1916//1916
f 1958//1958 1960//1960 1983//1983
f 1963//1963 1918//1918 1861//1861
f 1986//1986 1858//1858 1918//1918
f 2014//2014 1962//1962 1961//1961
f 2014//2014 1988//1988 1962//1962
f 2025//2025 1963//1963 1921//1921
f 1964//1964 1924//1924 1965//1965
f 1919//1919 1988//1988 1965//1965
f 1919//1919 1965//1965 1924//1924
f 1965//1965 1988//1988 2018//2018
f 1966//1966 1920//1920 1925//1925
f 3511//3511 1925//1925 1967//1967
f 2025//2025 1921//1921 1968//1968
f 1967//1967 1922//1922 2031//2031
f 1992//1992 1922//1922 1964//1964
f 3512//3512 1968//1968 3510//3510
f 2035//2035 1871//1871 1928//1928
f 1970//1970 1969//1969 1933//1933
f 1970//1970 1933//1933 1997//1997
f 1996//1996 1969//1969 1970//1970
f 1998//1998 1935//1935 1934//1934
f 1873//1873 2127//2127 1797//1797
f 1936//1936 1937//1937 1971//1971
f 1942//1942 1999//1999 1972//1972
f 1972//1972 2170//2170 1750//1750
f 2039//2039 1974//1974 1973//1973
f 1944//1944 1974//1974 2039//2039
f 1999//1999 1942//1942 2074//2074
f 2039//2039 1973//1973 1878//1878
f 1975//1975 2043//2043 1882//1882
f 2039//2039 1950//1950 1948//1948
f 1753//1753 1949//1949 1976//1976
f 1949//1949 1977//1977 1976//1976
f 2076//2076 1976//1976 1977//1977
f 1978//1978 1954//1954 1899//1899
f 1979//1979 1952//1952 1953//1953
f 2080//2080 1979//1979 1954//1954
f 1978//1978 2080//2080 1954//1954
f 1907//1907 1955//1955 2044//2044
f 1982//1982 1980//1980 1905//1905
f 1980//1980 1981//1981 1905//1905
f 1980//1980 1982//1982 1981//1981
f 1984//1984 1914//1914 2085//2085
f 2013//2013 2005//2005 1958//1958
f 1960//1960 1985//1985 1983//1983
f 1983//1983 2003//2003 1958//1958
f 1983//1983 1985//1985 2003//2003
f 1958//1958 2003//2003 2004//2004
f 2013//2013 1958//1958 2012//2012
f 2004//2004 2012//2012 1958//1958
f 1918//1918 2015//2015 1986//1986
f 2057//2057 2008//2008 1986//1986
f 1986//1986 1987//1987 1985//1985
f 1986//1986 2008//2008 1987//1987
f 2008//2008 2009//2009 1985//1985
f 1987//1987 2008//2008 1985//1985
f 1985//1985 2009//2009 2003//2003
f 2015//2015 1963//1963 1990//1990
f 2015//2015 1918//1918 1963//1963
f 2018//2018 1992//1992 1965//1965
f 2025//2025 1989//1989 1963//1963
f 1990//1990 1963//1963 1989//1989
f 1922//1922 1991//1991 2031//2031
f 1922//1922 1992//1992 1991//1991
f 1964//1964 1965//1965 1992//1992
f 3512//3512 1994//1994 1968//1968
f 3513//3513 1993//1993 3515//3515
f 1967//1967 3514//3514 3511//3511
f 1968//1968 3515//3515 2025//2025
f 2030//2030 3515//3515 1995//1995
f 1995//1995 3515//3515 1993//1993
f 3516//3516 3514//3514 2031//2031
f 3514//3514 1967//1967 2031//2031
f 2035//2035 1874//1874 2127//2127
f 2036//2036 1998//1998 1934//1934
f 1935//1935 1998//1998 1997//1997
f 1998//1998 2072//2072 1997//1997
f 2072//2072 2038//2038 1997//1997
f 2073//2073 1932//1932 1996//1996
f 1971//1971 1932//1932 2073//2073
f 1997//1997 2095//2095 1970//1970
f 1970//1970 2073//2073 1996//1996
f 1750//1750 2170//2170 1799//1799
f 2039//2039 1878//1878 1936//1936
f 2039//2039 1936//1936 1971//1971
f 2039//2039 1971//1971 2073//2073
f 1942//1942 2075//2075 2074//2074
f 1999//1999 2097//2097 1972//1972
f 1999//1999 2074//2074 2097//2097
f 1950//1950 2040//2040 2000//2000
f 2039//2039 2040//2040 1950//1950
f 1975//1975 1976//1976 2076//2076
f 2041//2041 2000//2000 2040//2040
f 2042//2042 1977//1977 1949//1949
f 1949//1949 2001//2001 2042//2042
f 1891//1891 2001//2001 1949//1949
f 1891//1891 2102//2102 2001//2001
f 1955//1955 2000//2000 2044//2044
f 1891//1891 2002//2002 2102//2102
f 2102//2102 2078//2078 2001//2001
f 2001//2001 2078//2078 2042//2042
f 1899//1899 2105//2105 1978//1978
f 1907//1907 2044//2044 1957//1957
f 1956//1956 1981//1981 2048//2048
f 1956//1956 2048//2048 2049//2049
f 2049//2049 2048//2048 2083//2083
f 2046//2046 1956//1956 2049//2049
f 2105//2105 1899//1899 2047//2047
f 2046//2046 2047//2047 1899//1899
f 1832//1832 2007//2007 1903//1903
f 2007//2007 1982//1982 1903//1903
f 1982//1982 2007//2007 2051//2051
f 1981//1981 1982//1982 2048//2048
f 2009//2009 2010//2010 2003//2003
f 2010//2010 2004//2004 2003//2003
f 2012//2012 2004//2004 2011//2011
f 2050//2050 2007//2007 2006//2006
f 2005//2005 2006//2006 1832//1832
f 1832//1832 2006//2006 2007//2007
f 2014//2014 1984//1984 2085//2085
f 2008//2008 2057//2057 2058//2058
f 2008//2008 2058//2058 2009//2009
f 2009//2009 2058//2058 2010//2010
f 2011//2011 2013//2013 2012//2012
f 2004//2004 2010//2010 2011//2011
f 2011//2011 2054//2054 2013//2013
f 2013//2013 2055//2055 2005//2005
f 2015//2015 2016//2016 1986//1986
f 1986//1986 2016//2016 2057//2057
f 2010//2010 2059//2059 2011//2011
f 2018//2018 1988//1988 2019//2019
f 2014//2014 2019//2019 1988//1988
f 2024//2024 2017//2017 1989//1989
f 2062//2062 1990//1990 2017//2017
f 2017//2017 2024//2024 2062//2062
f 1990//1990 1989//1989 2017//2017
f 2025//2025 2021//2021 2020//2020
f 2020//2020 2021//2021 2022//2022
f 2020//2020 2022//2022 2023//2023
f 2021//2021 2025//2025 2027//2027
f 2028//2028 2021//2021 2027//2027
f 2022//2022 2021//2021 2028//2028
f 2022//2022 2028//2028 2023//2023
f 2064//2064 2023//2023 2028//2028
f 2061//2061 2023//2023 2064//2064
f 2025//2025 2020//2020 1989//1989
f 2020//2020 2024//2024 1989//1989
f 2020//2020 2023//2023 2024//2024
f 2023//2023 2061//2061 2024//2024
f 2024//2024 2061//2061 2062//2062
f 2018//2018 1991//1991 1992//1992
f 2018//2018 2089//2089 1991//1991
f 3516//3516 2031//2031 3517//3517
f 3515//3515 2026//2026 2025//2025
f 3515//3515 2030//2030 2026//2026
f 2065//2065 2027//2027 2025//2025
f 2027//2027 2064//2064 2028//2028
f 2031//2031 1991//1991 2070//2070
f 2032//2032 2029//2029 3517//3517
f 2029//2029 3518//3518 2031//2031
f 2069//2069 2029//2029 2031//2031
f 2031//2031 2032//2032 3517//3517
f 2035//2035 2124//2124 1871//1871
f 2033//2033 2125//2125 2034//2034
f 2125//2125 2036//2036 2034//2034
f 2127//2127 2124//2124 2035//2035
f 2038//2038 2095//2095 1997//1997
f 1970//1970 2037//2037 2073//2073
f 2095//2095 2037//2037 1970//1970
f 1972//1972 2097//2097 2170//2170
f 2073//2073 2094//2094 2039//2039
f 2039//2039 2133//2133 2040//2040
f 2041//2041 2044//2044 2000//2000
f 2041//2041 2098//2098 2044//2044
f 2076//2076 1977//1977 2042//2042
f 1975//1975 2077//2077 2043//2043
f 2080//2080 1978//1978 2105//2105
f 2045//2045 1952//1952 1979//1979
f 2045//2045 2106//2106 1952//1952
f 2045//2045 1979//1979 2106//2106
f 2106//2106 1979//1979 2080//2080
f 2044//2044 2140//2140 1957//1957
f 2049//2049 2047//2047 2046//2046
f 2047//2047 2049//2049 2105//2105
f 2049//2049 2083//2083 2084//2084
f 2084//2084 2105//2105 2049//2049
f 2005//2005 2086//2086 2006//2006
f 2050//2050 2006//2006 2086//2086
f 2007//2007 2050//2050 2051//2051
f 2051//2051 2052//2052 1982//1982
f 2050//2050 2081//2081 2051//2051
f 2081//2081 2052//2052 2051//2051
f 2081//2081 2053//2053 2052//2052
f 2110//2110 2082//2082 2053//2053
f 2081//2081 2110//2110 2053//2053
f 1982//1982 2052//2052 2048//2048
f 2083//2083 2048//2048 2082//2082
f 2052//2052 2053//2053 2048//2048
f 2053//2053 2082//2082 2048//2048
f 2110//2110 2083//2083 2082//2082
f 2054//2054 2055//2055 2013//2013
f 2054//2054 2056//2056 2055//2055
f 2005//2005 2055//2055 2086//2086
f 2055//2055 2056//2056 2086//2086
f 2057//2057 2088//2088 2058//2058
f 2058//2058 2088//2088 2059//2059
f 2010//2010 2058//2058 2059//2059
f 2059//2059 2087//2087 2060//2060
f 2059//2059 2054//2054 2011//2011
f 2059//2059 2060//2060 2054//2054
f 2060//2060 2056//2056 2054//2054
f 2060//2060 2087//2087 2056//2056
f 2014//2014 2108//2108 2019//2019
f 2063//2063 2015//2015 1990//1990
f 2015//2015 2088//2088 2016//2016
f 2016//2016 2088//2088 2057//2057
f 2059//2059 2088//2088 2087//2087
f 2062//2062 2061//2061 2064//2064
f 2062//2062 2063//2063 1990//1990
f 2018//2018 2019//2019 2089//2089
f 2025//2025 2066//2066 2065//2065
f 2027//2027 2065//2065 2064//2064
f 2062//2062 2064//2064 2066//2066
f 2064//2064 2065//2065 2066//2066
f 2026//2026 2067//2067 2071//2071
f 2067//2067 2068//2068 2093//2093
f 2071//2071 2067//2067 2093//2093
f 2067//2067 2030//2030 2068//2068
f 3517//3517 2029//2029 3519//3519
f 2029//2029 2069//2069 3519//3519
f 2067//2067 2026//2026 2030//2030
f 2069//2069 2031//2031 2070//2070
f 2069//2069 2070//2070 2092//2092
f 3520//3520 3519//3519 2090//2090
f 2090//2090 3519//3519 2069//2069
f 2124//2124 2033//2033 1871//1871
f 2124//2124 2125//2125 2033//2033
f 2036//2036 2126//2126 1998//1998
f 2126//2126 2072//2072 1998//1998
f 2096//2096 2073//2073 2037//2037
f 1799//1799 2170//2170 1873//1873
f 2096//2096 2094//2094 2073//2073
f 2039//2039 2094//2094 2131//2131
f 2095//2095 2096//2096 2037//2037
f 2074//2074 2075//2075 2097//2097
f 2040//2040 2133//2133 2041//2041
f 2076//2076 2042//2042 2079//2079
f 2077//2077 1975//1975 2101//2101
f 1975//1975 2076//2076 2101//2101
f 2176//2176 2077//2077 2101//2101
f 2106//2106 2002//2002 1952//1952
f 2078//2078 2103//2103 2042//2042
f 2042//2042 2103//2103 2079//2079
f 2079//2079 2099//2099 2076//2076
f 2100//2100 2076//2076 2099//2099
f 2079//2079 2103//2103 2099//2099
f 2076//2076 2100//2100 2101//2101
f 2140//2140 2044//2044 2177//2177
f 2002//2002 2106//2106 2102//2102
f 1957//1957 2140//2140 2085//2085
f 2104//2104 2080//2080 2105//2105
f 2083//2083 2110//2110 2084//2084
f 2105//2105 2084//2084 2143//2143
f 2108//2108 2085//2085 2109//2109
f 2086//2086 2110//2110 2050//2050
f 2050//2050 2110//2110 2081//2081
f 2014//2014 2085//2085 2108//2108
f 2087//2087 2086//2086 2056//2056
f 2063//2063 2088//2088 2015//2015
f 2089//2089 2019//2019 2111//2111
f 2019//2019 2108//2108 2111//2111
f 2112//2112 2066//2066 2025//2025
f 2112//2112 2062//2062 2066//2066
f 2026//2026 2112//2112 2025//2025
f 2112//2112 2113//2113 2062//2062
f 2062//2062 2113//2113 2063//2063
f 2113//2113 2186//2186 2063//2063
f 2090//2090 2069//2069 2091//2091
f 2069//2069 2092//2092 2091//2091
f 2090//2090 2091//2091 2121//2121
f 2071//2071 2093//2093 2114//2114
f 3520//3520 2090//2090 3527//3527
f 2091//2091 2092//2092 2121//2121
f 2071//2071 2116//2116 2026//2026
f 2234//2234 2092//2092 2146//2146
f 2092//2092 2070//2070 2146//2146
f 2125//2125 2126//2126 2036//2036
f 2130//2130 2094//2094 2096//2096
f 2130//2130 2096//2096 2095//2095
f 2128//2128 2095//2095 2038//2038
f 2128//2128 2130//2130 2095//2095
f 2131//2131 2133//2133 2039//2039
f 2097//2097 2075//2075 2137//2137
f 2075//2075 2136//2136 2137//2137
f 2098//2098 2041//2041 2242//2242
f 2077//2077 2134//2134 2043//2043
f 2075//2075 2043//2043 2134//2134
f 2075//2075 2134//2134 2136//2136
f 2098//2098 2177//2177 2044//2044
f 2177//2177 2098//2098 2225//2225
f 2078//2078 2102//2102 2103//2103
f 2099//2099 2176//2176 2100//2100
f 2099//2099 2103//2103 2176//2176
f 2100//2100 2176//2176 2101//2101
f 2104//2104 2107//2107 2141//2141
f 2104//2104 2105//2105 2107//2107
f 2104//2104 2141//2141 2080//2080
f 2142//2142 2106//2106 2080//2080
f 2080//2080 2141//2141 2142//2142
f 2110//2110 2143//2143 2084//2084
f 2265//2265 2110//2110 2086//2086
f 2087//2087 2265//2265 2086//2086
f 2088//2088 2145//2145 2087//2087
f 2087//2087 2145//2145 2265//2265
f 2089//2089 2111//2111 2248//2248
f 2248//2248 2111//2111 2229//2229
f 2111//2111 2228//2228 2229//2229
f 2111//2111 2108//2108 2228//2228
f 2186//2186 2145//2145 2063//2063
f 2063//2063 2145//2145 2088//2088
f 2071//2071 2115//2115 2116//2116
f 2116//2116 2112//2112 2026//2026
f 2116//2116 2165//2165 2112//2112
f 2116//2116 2115//2115 2165//2165
f 2070//2070 1991//1991 2146//2146
f 2119//2119 2117//2117 2118//2118
f 2117//2117 2123//2123 2118//2118
f 3524//3524 3523//3523 2120//2120
f 3523//3523 2123//2123 2120//2120
f 3525//3525 2147//2147 3522//3522
f 2148//2148 3532//3532 3526//3526
f 3535//3535 3524//3524 2149//2149
f 3524//3524 2120//2120 2149//2149
f 2123//2123 2149//2149 2120//2120
f 2114//2114 2093//2093 3528//3528
f 3529//3529 2122//2122 3521//3521
f 2115//2115 2071//2071 2114//2114
f 3530//3530 2123//2123 2117//2117
f 3531//3531 3522//3522 2114//2114
f 3530//3530 2121//2121 2123//2123
f 3522//3522 2115//2115 2114//2114
f 2121//2121 2189//2189 2123//2123
f 2165//2165 2115//2115 2153//2153
f 3522//3522 2153//2153 2115//2115
f 2234//2234 2209//2209 2092//2092
f 1873//1873 2170//2170 2127//2127
f 2126//2126 2129//2129 2072//2072
f 2218//2218 2129//2129 2126//2126
f 2072//2072 2129//2129 2038//2038
f 2038//2038 2129//2129 2128//2128
f 2129//2129 2168//2168 2128//2128
f 2168//2168 2130//2130 2128//2128
f 2131//2131 2094//2094 2130//2130
f 2219//2219 2131//2131 2130//2130
f 2168//2168 2219//2219 2130//2130
f 2097//2097 2132//2132 2169//2169
f 2137//2137 2135//2135 2097//2097
f 2097//2097 2135//2135 2132//2132
f 2172//2172 2169//2169 2132//2132
f 2041//2041 2133//2133 2242//2242
f 2242//2242 2133//2133 2131//2131
f 2134//2134 2174//2174 2136//2136
f 2174//2174 2137//2137 2136//2136
f 2132//2132 2135//2135 2137//2137
f 2225//2225 2098//2098 2242//2242
f 2138//2138 2077//2077 2176//2176
f 2077//2077 2138//2138 2134//2134
f 2176//2176 2173//2173 2138//2138
f 2138//2138 2173//2173 2134//2134
f 2176//2176 2103//2103 2226//2226
f 2106//2106 2182//2182 2139//2139
f 2139//2139 2103//2103 2102//2102
f 2139//2139 2226//2226 2103//2103
f 2102//2102 2106//2106 2139//2139
f 2142//2142 2181//2181 2106//2106
f 2142//2142 2141//2141 2144//2144
f 2181//2181 2142//2142 2180//2180
f 2181//2181 2180//2180 2227//2227
f 2106//2106 2181//2181 2178//2178
f 2181//2181 2182//2182 2178//2178
f 2178//2178 2182//2182 2106//2106
f 2107//2107 2105//2105 2143//2143
f 2107//2107 2144//2144 2141//2141
f 2143//2143 2144//2144 2107//2107
f 2180//2180 2142//2142 2144//2144
f 2180//2180 2144//2144 2143//2143
f 2110//2110 2183//2183 2143//2143
f 2265//2265 2185//2185 2110//2110
f 2112//2112 2186//2186 2113//2113
f 2112//2112 2165//2165 2286//2286
f 2153//2153 3522//3522 2147//2147
f 2150//2150 3533//3533 3536//3536
f 3534//3534 3538//3538 2153//2153
f 2153//2153 3538//3538 2154//2154
f 3537//3537 2150//2150 3536//3536
f 3546//3546 3539//3539 2152//2152
f 3540//3540 2149//2149 3544//3544
f 2156//2156 2154//2154 2151//2151
f 3547//3547 3545//3545 3541//3541
f 3544//3544 2149//2149 2189//2189
f 3548//3548 3542//3542 2157//2157
f 3549//3549 3543//3543 3544//3544
f 2154//2154 2155//2155 2160//2160
f 2153//2153 2154//2154 2160//2160
f 2154//2154 2156//2156 2155//2155
f 3544//3544 2189//2189 3549//3549
f 2155//2155 2156//2156 2160//2160
f 2159//2159 3548//3548 2157//2157
f 2158//2158 2160//2160 2156//2156
f 2194//2194 2193//2193 2161//2161
f 3550//3550 3548//3548 2159//2159
f 3552//3552 3551//3551 2163//2163
f 3559//3559 3550//3550 2159//2159
f 3559//3559 2159//2159 2157//2157
f 2162//2162 2191//2191 2160//2160
f 2160//2160 2191//2191 2165//2165
f 3553//3553 3560//3560 3557//3557
f 3554//3554 3586//3586 2164//2164
f 3580//3580 3558//3558 2188//2188
f 2188//2188 3558//3558 3561//3561
f 3572//3572 3559//3559 2157//2157
f 3573//3573 3549//3549 2189//2189
f 3562//3562 2187//2187 2167//2167
f 2164//2164 3586//3586 3569//3569
f 2187//2187 2195//2195 2167//2167
f 2196//2196 3591//3591 3570//3570
f 2121//2121 2092//2092 2189//2189
f 2149//2149 2123//2123 2189//2189
f 2153//2153 2160//2160 2165//2165
f 2189//2189 2092//2092 2209//2209
f 2189//2189 2209//2209 2208//2208
f 3555//3555 3563//3563 2166//2166
f 3556//3556 3565//3565 3589//3589
f 3564//3564 3567//3567 3566//3566
f 3568//3568 3592//3592 3565//3565
f 3565//3565 3592//3592 3589//3589
f 2218//2218 2125//2125 2124//2124
f 2125//2125 2218//2218 2126//2126
f 2170//2170 2236//2236 2127//2127
f 2218//2218 2299//2299 2129//2129
f 2237//2237 2168//2168 2129//2129
f 2299//2299 2237//2237 2129//2129
f 2257//2257 2236//2236 2170//2170
f 2131//2131 2219//2219 2220//2220
f 2168//2168 2237//2237 2219//2219
f 2170//2170 2097//2097 2169//2169
f 2132//2132 2137//2137 2171//2171
f 2171//2171 2224//2224 2132//2132
f 2172//2172 2132//2132 2224//2224
f 2169//2169 2172//2172 2259//2259
f 2174//2174 2134//2134 2173//2173
f 2175//2175 2137//2137 2174//2174
f 2175//2175 2171//2171 2137//2137
f 2182//2182 2179//2179 2139//2139
f 2085//2085 2140//2140 2109//2109
f 2180//2180 2143//2143 2184//2184
f 2184//2184 2247//2247 2180//2180
f 2180//2180 2247//2247 2227//2227
f 2227//2227 2263//2263 2181//2181
f 2181//2181 2263//2263 2182//2182
f 2183//2183 2110//2110 2185//2185
f 2183//2183 2185//2185 2247//2247
f 2143//2143 2183//2183 2247//2247
f 2143//2143 2247//2247 2184//2184
f 2108//2108 2109//2109 2228//2228
f 2265//2265 2312//2312 2185//2185
f 2112//2112 2286//2286 2186//2186
f 3586//3586 2190//2190 3569//3569
f 3571//3571 3577//3577 3595//3595
f 3578//3578 3581//3581 3596//3596
f 2197//2197 3582//3582 3575//3575
f 3576//3576 3583//3583 3574//3574
f 3599//3599 2189//2189 2208//2208
f 2191//2191 3579//3579 2192//2192
f 2190//2190 3586//3586 2192//2192
f 3586//3586 2202//2202 2192//2192
f 2207//2207 2192//2192 2202//2202
f 2191//2191 2192//2192 2165//2165
f 2165//2165 2192//2192 2231//2231
f 2207//2207 2211//2211 2192//2192
f 2165//2165 2231//2231 2286//2286
f 3587//3587 3590//3590 3593//3593
f 3597//3597 3584//3584 2198//2198
f 3598//3598 3600//3600 3594//3594
f 3594//3594 3600//3600 3588//3588
f 3582//3582 2197//2197 2199//2199
f 3601//3601 3585//3585 3602//3602
f 3599//3599 2208//2208 3603//3603
f 3588//3588 3600//3600 2200//2200
f 3600//3600 3603//3603 2200//2200
f 2208//2208 2200//2200 3603//3603
f 3608//3608 3588//3588 2200//2200
f 2201//2201 3609//3609 3604//3604
f 3605//3605 2208//2208 2203//2203
f 3605//3605 2200//2200 2208//2208
f 3610//3610 2205//2205 2204//2204
f 3635//3635 3614//3614 3619//3619
f 3620//3620 3615//3615 3611//3611
f 3629//3629 3626//3626 3616//3616
f 3612//3612 3617//3617 3627//3627
f 3621//3621 3613//3613 3606//3606
f 3618//3618 3636//3636 2212//2212
f 2203//2203 3643//3643 3605//3605
f 3607//3607 3644//3644 3622//3622
f 2204//2204 2205//2205 2214//2214
f 2214//2214 3637//3637 2204//2204
f 3648//3648 3622//3622 3644//3644
f 2215//2215 2206//2206 2216//2216
f 3623//3623 2233//2233 2232//2232
f 3624//3624 3654//3654 3652//3652
f 3625//3625 3651//3651 3659//3659
f 2210//2210 3638//3638 3632//3632
f 3628//3628 3630//3630 3639//3639
f 3633//3633 3640//3640 3631//3631
f 3634//3634 2209//2209 2234//2234
f 3638//3638 2210//2210 2213//2213
f 3645//3645 3641//3641 3646//3646
f 3634//3634 2234//2234 3647//3647
f 3644//3644 3647//3647 3648//3648
f 2234//2234 3651//3651 3647//3647
f 3647//3647 3651//3651 3648//3648
f 3651//3651 3653//3653 3648//3648
f 3659//3659 3651//3651 2234//2234
f 3649//3649 3655//3655 3642//3642
f 3650//3650 3652//3652 3654//3654
f 2236//2236 2217//2217 2124//2124
f 2127//2127 2236//2236 2124//2124
f 2218//2218 2124//2124 2217//2217
f 2220//2220 2238//2238 2239//2239
f 2220//2220 2242//2242 2131//2131
f 2220//2220 2239//2239 2242//2242
f 2238//2238 2220//2220 2219//2219
f 2219//2219 2237//2237 2238//2238
f 2221//2221 2170//2170 2169//2169
f 2169//2169 2223//2223 2221//2221
f 2240//2240 2221//2221 2223//2223
f 2170//2170 2221//2221 2240//2240
f 2169//2169 2222//2222 2223//2223
f 2222//2222 2169//2169 2259//2259
f 2259//2259 2223//2223 2222//2222
f 2261//2261 2224//2224 2175//2175
f 2171//2171 2175//2175 2224//2224
f 2243//2243 2172//2172 2224//2224
f 2261//2261 2243//2243 2224//2224
f 2173//2173 2244//2244 2174//2174
f 2174//2174 2244//2244 2175//2175
f 2244//2244 2278//2278 2175//2175
f 2175//2175 2278//2278 2261//2261
f 2280//2280 2176//2176 2246//2246
f 2179//2179 2263//2263 2139//2139
f 2263//2263 2226//2226 2139//2139
f 2176//2176 2226//2226 2246//2246
f 2226//2226 2262//2262 2246//2246
f 2263//2263 2179//2179 2182//2182
f 2247//2247 2263//2263 2227//2227
f 2247//2247 2347//2347 2263//2263
f 2185//2185 2347//2347 2247//2247
f 2312//2312 2347//2347 2185//2185
f 2186//2186 2284//2284 2285//2285
f 2186//2186 2285//2285 2145//2145
f 1991//1991 2089//2089 2146//2146
f 2089//2089 2248//2248 2230//2230
f 2146//2146 2089//2089 2230//2230
f 3656//3656 2192//2192 2211//2211
f 2232//2232 2233//2233 3660//3660
f 3657//3657 2234//2234 2235//2235
f 2235//2235 2234//2234 2146//2146
f 3656//3656 2231//2231 2192//2192
f 2236//2236 2253//2253 2217//2217
f 2254//2254 2218//2218 2217//2217
f 2256//2256 2239//2239 2238//2238
f 2239//2239 2256//2256 2242//2242
f 2237//2237 2256//2256 2238//2238
f 2237//2237 2258//2258 2256//2256
f 2223//2223 2260//2260 2240//2240
f 2240//2240 2241//2241 2170//2170
f 2241//2241 2257//2257 2170//2170
f 2172//2172 2243//2243 2259//2259
f 2243//2243 2261//2261 2259//2259
f 2259//2259 2260//2260 2223//2223
f 2245//2245 2244//2244 2173//2173
f 2173//2173 2176//2176 2245//2245
f 2177//2177 2225//2225 2274//2274
f 2176//2176 2280//2280 2245//2245
f 2246//2246 2262//2262 2280//2280
f 2109//2109 2345//2345 2228//2228
f 2345//2345 2109//2109 2310//2310
f 2248//2248 2229//2229 2264//2264
f 2285//2285 2265//2265 2145//2145
f 2186//2186 2286//2286 2284//2284
f 2146//2146 2230//2230 2251//2251
f 2231//2231 3656//3656 2249//2249
f 2231//2231 2249//2249 2316//2316
f 3662//3662 3658//3658 3661//3661
f 3663//3663 2235//2235 2250//2250
f 2250//2250 2235//2235 2146//2146
f 2249//2249 2267//2267 2316//2316
f 2250//2250 2146//2146 2266//2266
f 2266//2266 3663//3663 2250//2250
f 3664//3664 3665//3665 3666//3666
f 2146//2146 2251//2251 2266//2266
f 2253//2253 2252//2252 2217//2217
f 2254//2254 2217//2217 2252//2252
f 2257//2257 2271//2271 2236//2236
f 2254//2254 2255//2255 2218//2218
f 2218//2218 2255//2255 2299//2299
f 2241//2241 2260//2260 2257//2257
f 2242//2242 2302//2302 2274//2274
f 2256//2256 2302//2302 2242//2242
f 2241//2241 2240//2240 2260//2260
f 2304//2304 2257//2257 2260//2260
f 2225//2225 2242//2242 2274//2274
f 2279//2279 2261//2261 2278//2278
f 2244//2244 2245//2245 2307//2307
f 2263//2263 2262//2262 2226//2226
f 2310//2310 2109//2109 2140//2140
f 2177//2177 2309//2309 2140//2140
f 2140//2140 2309//2309 2310//2310
f 2228//2228 2345//2345 2281//2281
f 2283//2283 2264//2264 2313//2313
f 2285//2285 2282//2282 2265//2265
f 2265//2265 2282//2282 2312//2312
f 2283//2283 2248//2248 2264//2264
f 2248//2248 2283//2283 2315//2315
f 2230//2230 2248//2248 2315//2315
f 2316//2316 2286//2286 2231//2231
f 2290//2290 3666//3666 3665//3665
f 2266//2266 2268//2268 2269//2269
f 2266//2266 2251//2251 2268//2268
f 3688//3688 2266//2266 2269//2269
f 3667//3667 3671//3671 2289//2289
f 3684//3684 2316//2316 2267//2267
f 3666//3666 2290//2290 2287//2287
f 2288//2288 3672//3672 3678//3678
f 2288//2288 2270//2270 3672//3672
f 3679//3679 3673//3673 3668//3668
f 3675//3675 3685//3685 3669//3669
f 3676//3676 3682//3682 3686//3686
f 3674//3674 3670//3670 3687//3687
f 2269//2269 3677//3677 3688//3688
f 3677//3677 2268//2268 2251//2251
f 2273//2273 2253//2253 2236//2236
f 2273//2273 2236//2236 2272//2272
f 2300//2300 2255//2255 2254//2254
f 2300//2300 2299//2299 2255//2255
f 2300//2300 2254//2254 2252//2252
f 2257//2257 2330//2330 2271//2271
f 2272//2272 2236//2236 2271//2271
f 2333//2333 2252//2252 2253//2253
f 2257//2257 2304//2304 2337//2337
f 2259//2259 2277//2277 2260//2260
f 2276//2276 2275//2275 2259//2259
f 2259//2259 2275//2275 2277//2277
f 2276//2276 2277//2277 2275//2275
f 2244//2244 2307//2307 2278//2278
f 2308//2308 2261//2261 2279//2279
f 2177//2177 2274//2274 2387//2387
f 2177//2177 2387//2387 2309//2309
f 2280//2280 2306//2306 2245//2245
f 2306//2306 2307//2307 2245//2245
f 2262//2262 2346//2346 2361//2361
f 2262//2262 2361//2361 2280//2280
f 2263//2263 2346//2346 2262//2262
f 2311//2311 2228//2228 2281//2281
f 2264//2264 2228//2228 2311//2311
f 2229//2229 2228//2228 2264//2264
f 2315//2315 2283//2283 2313//2313
f 2284//2284 2286//2286 2285//2285
f 2286//2286 2314//2314 2285//2285
f 3684//3684 3683//3683 2291//2291
f 3683//3683 3680//3680 2291//2291
f 3684//3684 2291//2291 2316//2316
f 3681//3681 3689//3689 2292//2292
f 3695//3695 3690//3690 2293//2293
f 3688//3688 3677//3677 3698//3698
f 3677//3677 2251//2251 3698//3698
f 3681//3681 2292//2292 3691//3691
f 2294//2294 3696//3696 2295//2295
f 2295//2295 3696//3696 3698//3698
f 2297//2297 2294//2294 2295//2295
f 3692//3692 3699//3699 3704//3704
f 3700//3700 3693//3693 3697//3697
f 2251//2251 2295//2295 3698//3698
f 2291//2291 2318//2318 2316//2316
f 3705//3705 2295//2295 2317//2317
f 2291//2291 2298//2298 2318//2318
f 2296//2296 2298//2298 2291//2291
f 3701//3701 3694//3694 3706//3706
f 3702//3702 3707//3707 2319//2319
f 3709//3709 3705//3705 2317//2317
f 2251//2251 2317//2317 2295//2295
f 2330//2330 2338//2338 2271//2271
f 2272//2272 2338//2338 2332//2332
f 2272//2272 2332//2332 2273//2273
f 2271//2271 2338//2338 2272//2272
f 2253//2253 2273//2273 2332//2332
f 2299//2299 2334//2334 2237//2237
f 2337//2337 2301//2301 2257//2257
f 2328//2328 2253//2253 2332//2332
f 2329//2329 2253//2253 2328//2328
f 2302//2302 2256//2256 2303//2303
f 2303//2303 2256//2256 2258//2258
f 2277//2277 2304//2304 2260//2260
f 2261//2261 2308//2308 2259//2259
f 2276//2276 2340//2340 2305//2305
f 2277//2277 2276//2276 2305//2305
f 2259//2259 2339//2339 2276//2276
f 2276//2276 2339//2339 2340//2340
f 2279//2279 2344//2344 2308//2308
f 2278//2278 2344//2344 2279//2279
f 2280//2280 2361//2361 2306//2306
f 2264//2264 2311//2311 2313//2313
f 2348//2348 2312//2312 2282//2282
f 2285//2285 2364//2364 2282//2282
f 2286//2286 2316//2316 2314//2314
f 2316//2316 2350//2350 2314//2314
f 2298//2298 2296//2296 2318//2318
f 3708//3708 3703//3703 3710//3710
f 3709//3709 2317//2317 2322//2322
f 2317//2317 2327//2327 3717//3717
f 2318//2318 2320//2320 2349//2349
f 3711//3711 2321//2321 2323//2323
f 3712//3712 3718//3718 3714//3714
f 3710//3710 3719//3719 3708//3708
f 3708//3708 3719//3719 3713//3713
f 2320//2320 3722//3722 2325//2325
f 2320//2320 2325//2325 2349//2349
f 2317//2317 2251//2251 2327//2327
f 2327//2327 2251//2251 2354//2354
f 2349//2349 2325//2325 2353//2353
f 2316//2316 2318//2318 2349//2349
f 3723//3723 3715//3715 2324//2324
f 3725//3725 3716//3716 3720//3720
f 3727//3727 3724//3724 3726//3726
f 3728//3728 3725//3725 3720//3720
f 3721//3721 3732//3732 3729//3729
f 3729//3729 3732//3732 3739//3739
f 2326//2326 3733//3733 2352//2352
f 3730//3730 3740//3740 3734//3734
f 3731//3731 3736//3736 3741//3741
f 2251//2251 2357//2357 2354//2354
f 3735//3735 3744//3744 3737//3737
f 2300//2300 2252//2252 2333//2333
f 2329//2329 2333//2333 2253//2253
f 2329//2329 2328//2328 2332//2332
f 2331//2331 2329//2329 2332//2332
f 2332//2332 2385//2385 2331//2331
f 2331//2331 2385//2385 2329//2329
f 2332//2332 2338//2338 2385//2385
f 2333//2333 2383//2383 2300//2300
f 2258//2258 2237//2237 2334//2334
f 2335//2335 2334//2334 2299//2299
f 2336//2336 2258//2258 2334//2334
f 2336//2336 2303//2303 2258//2258
f 2336//2336 2334//2334 2335//2335
f 2300//2300 2335//2335 2299//2299
f 2383//2383 2335//2335 2300//2300
f 2305//2305 2340//2340 2277//2277
f 2340//2340 2304//2304 2277//2277
f 2337//2337 2304//2304 2410//2410
f 2259//2259 2308//2308 2339//2339
f 2389//2389 2309//2309 2387//2387
f 2306//2306 2341//2341 2307//2307
f 2341//2341 2342//2342 2307//2307
f 2342//2342 2344//2344 2307//2307
f 2361//2361 2341//2341 2306//2306
f 2341//2341 2344//2344 2342//2342
f 2343//2343 2341//2341 2361//2361
f 2344//2344 2341//2341 2343//2343
f 2361//2361 2344//2344 2343//2343
f 2307//2307 2344//2344 2278//2278
f 2309//2309 2390//2390 2310//2310
f 2362//2362 2361//2361 2346//2346
f 2311//2311 2281//2281 2415//2415
f 2263//2263 2416//2416 2346//2346
f 2347//2347 2416//2416 2263//2263
f 2348//2348 2347//2347 2312//2312
f 2364//2364 2417//2417 2347//2347
f 2282//2282 2364//2364 2348//2348
f 2364//2364 2347//2347 2348//2348
f 2316//2316 2377//2377 2350//2350
f 2349//2349 2377//2377 2316//2316
f 2377//2377 2365//2365 2350//2350
f 2350//2350 2365//2365 2314//2314
f 2380//2380 2371//2371 2251//2251
f 2349//2349 2369//2369 2377//2377
f 2349//2349 2351//2351 2369//2369
f 3742//3742 3738//3738 3745//3745
f 2356//2356 2354//2354 2357//2357
f 3743//3743 3746//3746 2355//2355
f 2353//2353 3747//3747 2349//2349
f 2355//2355 3746//3746 3749//3749
f 2355//2355 3749//3749 3750//3750
f 2349//2349 3747//3747 2351//2351
f 3747//3747 2367//2367 2351//2351
f 3751//3751 3752//3752 3748//3748
f 2357//2357 2251//2251 2370//2370
f 2371//2371 2370//2370 2251//2251
f 2333//2333 2359//2359 2383//2383
f 2333//2333 2405//2405 2358//2358
f 2359//2359 2333//2333 2358//2358
f 2358//2358 2382//2382 2359//2359
f 2382//2382 2383//2383 2359//2359
f 2335//2335 2360//2360 2336//2336
f 2383//2383 2386//2386 2335//2335
f 2386//2386 2360//2360 2335//2335
f 2381//2381 2338//2338 2330//2330
f 2338//2338 2381//2381 2385//2385
f 2329//2329 2385//2385 2405//2405
f 2405//2405 2333//2333 2329//2329
f 2405//2405 2382//2382 2358//2358
f 2336//2336 2360//2360 2303//2303
f 2410//2410 2301//2301 2337//2337
f 2301//2301 2384//2384 2257//2257
f 2274//2274 2427//2427 2479//2479
f 2274//2274 2479//2479 2387//2387
f 2274//2274 2302//2302 2427//2427
f 2388//2388 2339//2339 2308//2308
f 2339//2339 2388//2388 2434//2434
f 2340//2340 2339//2339 2434//2434
f 2389//2389 2387//2387 2435//2435
f 2436//2436 2308//2308 2344//2344
f 2390//2390 2309//2309 2389//2389
f 2345//2345 2310//2310 2390//2390
f 2362//2362 2445//2445 2361//2361
f 2281//2281 2345//2345 2415//2415
f 2363//2363 2391//2391 2313//2313
f 2313//2313 2311//2311 2363//2363
f 2285//2285 2366//2366 2468//2468
f 2314//2314 2365//2365 2403//2403
f 2314//2314 2366//2366 2285//2285
f 2314//2314 2403//2403 2366//2366
f 2230//2230 2315//2315 2420//2420
f 2377//2377 2369//2369 2375//2375
f 2377//2377 2378//2378 2392//2392
f 2371//2371 2380//2380 2379//2379
f 2365//2365 2377//2377 2392//2392
f 2396//2396 2365//2365 2392//2392
f 3788//3788 3786//3786 3794//3794
f 2380//2380 2251//2251 2393//2393
f 2251//2251 2399//2399 2395//2395
f 3752//3752 3751//3751 2368//2368
f 3753//3753 2357//2357 2370//2370
f 2351//2351 2367//2367 2369//2369
f 3755//3755 3752//3752 2368//2368
f 3756//3756 3754//3754 3758//3758
f 2370//2370 2371//2371 2372//2372
f 3756//3756 3758//3758 3781//3781
f 3782//3782 3769//3769 3757//3757
f 2376//2376 3761//3761 3770//3770
f 3773//3773 2373//2373 3762//3762
f 3771//3771 3763//3763 3777//3777
f 3764//3764 3778//3778 2374//2374
f 3765//3765 3774//3774 3779//3779
f 3767//3767 3780//3780 3759//3759
f 3760//3760 3777//3777 3763//3763
f 3768//3768 2371//2371 2379//2379
f 2372//2372 3766//3766 2370//2370
f 2370//2370 3766//3766 3768//3768
f 3775//3775 3772//3772 3783//3783
f 3776//3776 3784//3784 2378//2378
f 3776//3776 2378//2378 2377//2377
f 2379//2379 2370//2370 3768//3768
f 2378//2378 3784//3784 3789//3789
f 3786//3786 3788//3788 3785//3785
f 2381//2381 2330//2330 2413//2413
f 2330//2330 2257//2257 2413//2413
f 2383//2383 2382//2382 2404//2404
f 2404//2404 2386//2386 2383//2383
f 2411//2411 2301//2301 2410//2410
f 2412//2412 2384//2384 2301//2301
f 2412//2412 2301//2301 2411//2411
f 2384//2384 2413//2413 2257//2257
f 2427//2427 2302//2302 2303//2303
f 2408//2408 2427//2427 2303//2303
f 2360//2360 3808//3808 2303//2303
f 2360//2360 2386//2386 2409//2409
f 2360//2360 2409//2409 3808//3808
f 2340//2340 2434//2434 2304//2304
f 2304//2304 2434//2434 2410//2410
f 2387//2387 2479//2479 2435//2435
f 2390//2390 2389//2389 2504//2504
f 2362//2362 2346//2346 2416//2416
f 2363//2363 2311//2311 2415//2415
f 2456//2456 2416//2416 2347//2347
f 2313//2313 2391//2391 2315//2315
f 2315//2315 2391//2391 2455//2455
f 2456//2456 2347//2347 2417//2417
f 2417//2417 2460//2460 2456//2456
f 2285//2285 2468//2468 2364//2364
f 2364//2364 2468//2468 2417//2417
f 2366//2366 2403//2403 2418//2418
f 2366//2366 2418//2418 2468//2468
f 3795//3795 2394//2394 2393//2393
f 2393//2393 2394//2394 2380//2380
f 3787//3787 3791//3791 3796//3796
f 2399//2399 2251//2251 2230//2230
f 2393//2393 2251//2251 2395//2395
f 2393//2393 2395//2395 2397//2397
f 2396//2396 3803//3803 2365//2365
f 3797//3797 3792//3792 3804//3804
f 3798//3798 3790//3790 3800//3800
f 2398//2398 3798//3798 3800//3800
f 2395//2395 3801//3801 2397//2397
f 3802//3802 3793//3793 3799//3799
f 2399//2399 2230//2230 2401//2401
f 2400//2400 2403//2403 2365//2365
f 2365//2365 3803//3803 2400//2400
f 3803//3803 3805//3805 2400//2400
f 2230//2230 2402//2402 2401//2401
f 2403//2403 2400//2400 3805//3805
f 2420//2420 2402//2402 2230//2230
f 2405//2405 2385//2385 2414//2414
f 2405//2405 2406//2406 2382//2382
f 2405//2405 2414//2414 2406//2406
f 2426//2426 2427//2427 2408//2408
f 2407//2407 2409//2409 2386//2386
f 2407//2407 2386//2386 2404//2404
f 2425//2425 3816//3816 3808//3808
f 2425//2425 2409//2409 2407//2407
f 3808//3808 2409//2409 2425//2425
f 2404//2404 2382//2382 2422//2422
f 2422//2422 2423//2423 2404//2404
f 2423//2423 2407//2407 2404//2404
f 2423//2423 2425//2425 2407//2407
f 2433//2433 2411//2411 2410//2410
f 2412//2412 2433//2433 2384//2384
f 2433//2433 2413//2413 2384//2384
f 2478//2478 2414//2414 2413//2413
f 2381//2381 2413//2413 2414//2414
f 2414//2414 2385//2385 2381//2381
f 2436//2436 2388//2388 2308//2308
f 2434//2434 2388//2388 2436//2436
f 2389//2389 2482//2482 2504//2504
f 2436//2436 2344//2344 2361//2361
f 2445//2445 2444//2444 2361//2361
f 2416//2416 2445//2445 2362//2362
f 2455//2455 2391//2391 2635//2635
f 2468//2468 2457//2457 2417//2417
f 2468//2468 2472//2472 2457//2457
f 2315//2315 2473//2473 2467//2467
f 2457//2457 2459//2459 2417//2417
f 2417//2417 2459//2459 2460//2460
f 2315//2315 2455//2455 2764//2764
f 2421//2421 3813//3813 3809//3809
f 3810//3810 2420//2420 2315//2315
f 2315//2315 2467//2467 2469//2469
f 3810//3810 2315//2315 2469//2469
f 2403//2403 2419//2419 3815//3815
f 2419//2419 2403//2403 3805//3805
f 3807//3807 3811//3811 3806//3806
f 3814//3814 3811//3811 3807//3807
f 3812//3812 3813//3813 2421//2421
f 2403//2403 3815//3815 2418//2418
f 2422//2422 2382//2382 2406//2406
f 2423//2423 2422//2422 2430//2430
f 2430//2430 2428//2428 2423//2423
f 2428//2428 2425//2425 2423//2423
f 2411//2411 2433//2433 2412//2412
f 2433//2433 2478//2478 2413//2413
f 2414//2414 2424//2424 2406//2406
f 2422//2422 2406//2406 2424//2424
f 2430//2430 2422//2422 2424//2424
f 2430//2430 2424//2424 2477//2477
f 2431//2431 2430//2430 2477//2477
f 2427//2427 2426//2426 2429//2429
f 3816//3816 2425//2425 3817//3817
f 2428//2428 3817//3817 2425//2425
f 2428//2428 2430//2430 2432//2432
f 3817//3817 2428//2428 2432//2432
f 3818//3818 2427//2427 2429//2429
f 2479//2479 2427//2427 3818//3818
f 2432//2432 2430//2430 2431//2431
f 2503//2503 2433//2433 2410//2410
f 2436//2436 2487//2487 2434//2434
f 2434//2434 2487//2487 2500//2500
f 2500//2500 2503//2503 2434//2434
f 2434//2434 2503//2503 2410//2410
f 2482//2482 2389//2389 2435//2435
f 2487//2487 2436//2436 2519//2519
f 2361//2361 2519//2519 2436//2436
f 2487//2487 2544//2544 2567//2567
f 2544//2544 2487//2487 2519//2519
f 2618//2618 2363//2363 2415//2415
f 2361//2361 2444//2444 2437//2437
f 2508//2508 2618//2618 2415//2415
f 2444//2444 2438//2438 2437//2437
f 2439//2439 2440//2440 2437//2437
f 2437//2437 2438//2438 2439//2439
f 2437//2437 2440//2440 2361//2361
f 2507//2507 2438//2438 2444//2444
f 2441//2441 2438//2438 2507//2507
f 3819//3819 2438//2438 2441//2441
f 2440//2440 3819//3819 2441//2441
f 2441//2441 2442//2442 2440//2440
f 2440//2440 2506//2506 2361//2361
f 2442//2442 2506//2506 2440//2440
f 2361//2361 2506//2506 2519//2519
f 2507//2507 2442//2442 2441//2441
f 2415//2415 2543//2543 2522//2522
f 2543//2543 2415//2415 2345//2345
f 2454//2454 2363//2363 2453//2453
f 2445//2445 2443//2443 2444//2444
f 2717//2717 2713//2713 3823//3823
f 2445//2445 4531//4531 2443//2443
f 3851//3851 3820//3820 2721//2721
f 2363//2363 2601//2601 2610//2610
f 2453//2453 2363//2363 2610//2610
f 2444//2444 2599//2599 2597//2597
f 2363//2363 2600//2600 2601//2601
f 4215//4215 2609//2609 2602//2602
f 2444//2444 2597//2597 2615//2615
f 2597//2597 2598//2598 2615//2615
f 2363//2363 2618//2618 2600//2600
f 2456//2456 2634//2634 2416//2416
f 2675//2675 2391//2391 2451//2451
f 2635//2635 2391//2391 2675//2675
f 2416//2416 2634//2634 2445//2445
f 2445//2445 2634//2634 2666//2666
f 2635//2635 2640//2640 2455//2455
f 2456//2456 2637//2637 2634//2634
f 2634//2634 2637//2637 2636//2636
f 2445//2445 2446//2446 2447//2447
f 2363//2363 2448//2448 2391//2391
f 2391//2391 2448//2448 2451//2451
f 2715//2715 3824//3824 3836//3836
f 3837//3837 3825//3825 2718//2718
f 2446//2446 2445//2445 2666//2666
f 2446//2446 2449//2449 2447//2447
f 2446//2446 2666//2666 2449//2449
f 2450//2450 3830//3830 3838//3838
f 3839//3839 3831//3831 3846//3846
f 3841//3841 2452//2452 3832//3832
f 3847//3847 3833//3833 3848//3848
f 2664//2664 2667//2667 3834//3834
f 2447//2447 4380//4380 2445//2445
f 3835//3835 3843//3843 4373//4373
f 2665//2665 4374//4374 3844//3844
f 3845//3845 3840//3840 4377//4377
f 3837//3837 2718//2718 4378//4378
f 2634//2634 2672//2672 2666//2666
f 2675//2675 2451//2451 2673//2673
f 2448//2448 2363//2363 2454//2454
f 3853//3853 2714//2714 4542//4542
f 4538//4538 2448//2448 2454//2454
f 4535//4535 4532//4532 4543//4543
f 4536//4536 2454//2454 2712//2712
f 2712//2712 2454//2454 2453//2453
f 2764//2764 2455//2455 2734//2734
f 2801//2801 2764//2764 2734//2734
f 2457//2457 2472//2472 2474//2474
f 2457//2457 2474//2474 2458//2458
f 2459//2459 2457//2457 2458//2458
f 2474//2474 2476//2476 2458//2458
f 2458//2458 2762//2762 2464//2464
f 2458//2458 2476//2476 2762//2762
f 3896//3896 3887//3887 2466//2466
f 2762//2762 2773//2773 2464//2464
f 4648//4648 3897//3897 2768//2768
f 4664//4664 3896//3896 2466//2466
f 2315//2315 2465//2465 2473//2473
f 2315//2315 2764//2764 2465//2465
f 2459//2459 2461//2461 2460//2460
f 2458//2458 2461//2461 2459//2459
f 2458//2458 2462//2462 2461//2461
f 3855//3855 3859//3859 2463//2463
f 3861//3861 3867//3867 3856//3856
f 3871//3871 2473//2473 2465//2465
f 2460//2460 2461//2461 2763//2763
f 2458//2458 2464//2464 2462//2462
f 2464//2464 2765//2765 2462//2462
f 3860//3860 4653//4653 3862//3862
f 3863//3863 4654//4654 3868//3868
f 2772//2772 2465//2465 2764//2764
f 3872//3872 3864//3864 2776//2776
f 2465//2465 2767//2767 3871//3871
f 4650//4650 2769//2769 4675//4675
f 2763//2763 2461//2461 4666//4666
f 4661//4661 3869//3869 4655//4655
f 3865//3865 4681//4681 4685//4685
f 2766//2766 3866//3866 3873//3873
f 4657//4657 3874//3874 4662//4662
f 2466//2466 4686//4686 4664//4664
f 2764//2764 2801//2801 2793//2793
f 3876//3876 2470//2470 3878//3878
f 3883//3883 3877//3877 2471//2471
f 3880//3880 2468//2468 2418//2418
f 3881//3881 3810//3810 2469//2469
f 3884//3884 3882//3882 2467//2467
f 2471//2471 3877//3877 3879//3879
f 3882//3882 2469//2469 2467//2467
f 2467//2467 2473//2473 2475//2475
f 3875//3875 3893//3893 3885//3885
f 3898//3898 3890//3890 3888//3888
f 3889//3889 3891//3891 3894//3894
f 3892//3892 3886//3886 3895//3895
f 2431//2431 2477//2477 2481//2481
f 2424//2424 2414//2414 2478//2478
f 2477//2477 2424//2424 2809//2809
f 2481//2481 2477//2477 2809//2809
f 2431//2431 2480//2480 2432//2432
f 3900//3900 2479//2479 3818//3818
f 2431//2431 2481//2481 2480//2480
f 3901//3901 2479//2479 3900//3900
f 2483//2483 3899//3899 3902//3902
f 2435//2435 2479//2479 3903//3903
f 2819//2819 2478//2478 2433//2433
f 2478//2478 2807//2807 2424//2424
f 2435//2435 3903//3903 2482//2482
f 2809//2809 3904//3904 2481//2481
f 2484//2484 2487//2487 2567//2567
f 2484//2484 2567//2567 2573//2573
f 2573//2573 2485//2485 2484//2484
f 2486//2486 2569//2569 3910//3910
f 3912//3912 2570//2570 4105//4105
f 3911//3911 4106//4106 3905//3905
f 4109//4109 3906//3906 2586//2586
f 4110//4110 3913//3913 3907//3907
f 4150//4150 3908//3908 2490//2490
f 3920//3920 3909//3909 4107//4107
f 2484//2484 2491//2491 2488//2488
f 2484//2484 3914//3914 2491//2491
f 3914//3914 2485//2485 2491//2491
f 2485//2485 2573//2573 2589//2589
f 2491//2491 2485//2485 2589//2589
f 3921//3921 4108//4108 2345//2345
f 2484//2484 2488//2488 2487//2487
f 2489//2489 2487//2487 2488//2488
f 2489//2489 2493//2493 2487//2487
f 2492//2492 4151//4151 3925//3925
f 3926//3926 4152//4152 3915//3915
f 3922//3922 3917//3917 4153//4153
f 3916//3916 4154//4154 3918//3918
f 4155//4155 3930//3930 2588//2588
f 4156//4156 3927//3927 3931//3931
f 4158//4158 3932//3932 3923//3923
f 3919//3919 3923//3923 3932//3932
f 4159//4159 2496//2496 2494//2494
f 4160//4160 3924//3924 3942//3942
f 3921//3921 2345//2345 3943//3943
f 3943//3943 2345//2345 2390//2390
f 2487//2487 2493//2493 3934//3934
f 3934//3934 3944//3944 2487//2487
f 2487//2487 3944//3944 2499//2499
f 2491//2491 2589//2589 3928//3928
f 3933//3933 2495//2495 3935//3935
f 3933//3933 3929//3929 2495//2495
f 3928//3928 2589//2589 3937//3937
f 2498//2498 3951//3951 3945//3945
f 3952//3952 2497//2497 2487//2487
f 2591//2591 3949//3949 4165//4165
f 4165//4165 3949//3949 3938//3938
f 3950//3950 3946//3946 3939//3939
f 2869//2869 3943//3943 2390//2390
f 2502//2502 3948//3948 3953//3953
f 2498//2498 4170//4170 2594//2594
f 2498//2498 2810//2810 3951//3951
f 2594//2594 2810//2810 2498//2498
f 4853//4853 4749//4749 4178//4178
f 2487//2487 2503//2503 2500//2500
f 2487//2487 2501//2501 2503//2503
f 2390//2390 2504//2504 2872//2872
f 2497//2497 2501//2501 2487//2487
f 2501//2501 2817//2817 2503//2503
f 2501//2501 2502//2502 2817//2817
f 3948//3948 2502//2502 2501//2501
f 2813//2813 2811//2811 2502//2502
f 2811//2811 2817//2817 2502//2502
f 3954//3954 2812//2812 4753//4753
f 2390//2390 2872//2872 2870//2870
f 2817//2817 2819//2819 2503//2503
f 2482//2482 2820//2820 2504//2504
f 2442//2442 2509//2509 2506//2506
f 2518//2518 2508//2508 2415//2415
f 2509//2509 2519//2519 2506//2506
f 2442//2442 2507//2507 2509//2509
f 2518//2518 2415//2415 2511//2511
f 2509//2509 2531//2531 2519//2519
f 2515//2515 2510//2510 2507//2507
f 3963//3963 4009//4009 3960//3960
f 2509//2509 2507//2507 2512//2512
f 2530//2530 3964//3964 3967//3967
f 3968//3968 3965//3965 3961//3961
f 2516//2516 2513//2513 2515//2515
f 2515//2515 2513//2513 2510//2510
f 2510//2510 2513//2513 2514//2514
f 2511//2511 2535//2535 2518//2518
f 2507//2507 2505//2505 2515//2515
f 2507//2507 2510//2510 2512//2512
f 3971//3971 2632//2632 3973//3973
f 2516//2516 2514//2514 2513//2513
f 2540//2540 3979//3979 4016//4016
f 3972//3972 3955//3955 4281//4281
f 2508//2508 2517//2517 4282//4282
f 2510//2510 2514//2514 3980//3980
f 4025//4025 3962//3962 3981//3981
f 3976//3976 3974//3974 4283//4283
f 2828//2828 3975//3975 3977//3977
f 4775//4775 3978//3978 2508//2508
f 2825//2825 2508//2508 2518//2518
f 2512//2512 2510//2510 4026//4026
f 2514//2514 2516//2516 4776//4776
f 4774//4774 3982//3982 2514//2514
f 2415//2415 2522//2522 2521//2521
f 2523//2523 2415//2415 2521//2521
f 2521//2521 2522//2522 2526//2526
f 2415//2415 2523//2523 2511//2511
f 2545//2545 2519//2519 2524//2524
f 3991//3991 3983//3983 2520//2520
f 2525//2525 3991//3991 2520//2520
f 2549//2549 3992//3992 3987//3987
f 3989//3989 3985//3985 2528//2528
f 3983//3983 4001//4001 2520//2520
f 3990//3990 3995//3995 3986//3986
f 3996//3996 2523//2523 2521//2521
f 3996//3996 2521//2521 3999//3999
f 4010//4010 3966//3966 2527//2527
f 2511//2511 2523//2523 4000//4000
f 2523//2523 4002//4002 4000//4000
f 2525//2525 2562//2562 3991//3991
f 3993//3993 4088//4088 3988//3988
f 3984//3984 2529//2529 4003//4003
f 2522//2522 2561//2561 2526//2526
f 2530//2530 2536//2536 3964//3964
f 4010//4010 2527//2527 2532//2532
f 4000//4000 4002//4002 4011//4011
f 4002//4002 2533//2533 4011//4011
f 4004//4004 4005//4005 4012//4012
f 2511//2511 4017//4017 2535//2535
f 4006//4006 2519//2519 2531//2531
f 2531//2531 2534//2534 4006//4006
f 2566//2566 4007//4007 2537//2537
f 4022//4022 4006//4006 2534//2534
f 3996//3996 3999//3999 4085//4085
f 4018//4018 4008//4008 3969//3969
f 4014//4014 4010//4010 2532//2532
f 4015//4015 4011//4011 2533//2533
f 4005//4005 4098//4098 4012//4012
f 2534//2534 2538//2538 4022//4022
f 4023//4023 4015//4015 2533//2533
f 4099//4099 2539//2539 4013//4013
f 2533//2533 4024//4024 4023//4023
f 4016//4016 4019//4019 2540//2540
f 4020//4020 2541//2541 4027//4027
f 4021//4021 3970//3970 2542//2542
f 2541//2541 4020//4020 4030//4030
f 4100//4100 4023//4023 4024//4024
f 2538//2538 4101//4101 4022//4022
f 2512//2512 4026//4026 4031//4031
f 4028//4028 4029//4029 4032//4032
f 2544//2544 2519//2519 2545//2545
f 2543//2543 2345//2345 2547//2547
f 2543//2543 2546//2546 2551//2551
f 4033//4033 4044//4044 4041//4041
f 2345//2345 2548//2548 2547//2547
f 2549//2549 3987//3987 2550//2550
f 2522//2522 2543//2543 4051//4051
f 2543//2543 2551//2551 4051//4051
f 2571//2571 2567//2567 2544//2544
f 2544//2544 2545//2545 4042//4042
f 2552//2552 4045//4045 4034//4034
f 2544//2544 4046//4046 2571//2571
f 4036//4036 3994//3994 4049//4049
f 2553//2553 4055//4055 4037//4037
f 4043//4043 4038//4038 4056//4056
f 2548//2548 2554//2554 2547//2547
f 4047//4047 4057//4057 4066//4066
f 2551//2551 4061//4061 4051//4051
f 2544//2544 4042//4042 2557//2557
f 4035//4035 4074//4074 4058//4058
f 2576//2576 4059//4059 4075//4075
f 4039//4039 4050//4050 2555//2555
f 4040//4040 4068//4068 4062//4062
f 2556//2556 4063//4063 4069//4069
f 4076//4076 4041//4041 4044//4044
f 4077//4077 2547//2547 2554//2554
f 4060//4060 2578//2578 4067//4067
f 2554//2554 4132//4132 4077//4077
f 4088//4088 4086//4086 3988//3988
f 4070//4070 2549//2549 2550//2550
f 4071//4071 4052//4052 2558//2558
f 4064//4064 2560//2560 4053//4053
f 4054//4054 4082//4082 4078//4078
f 4065//4065 4072//4072 4083//4083
f 2577//2577 2576//2576 4075//4075
f 2559//2559 2556//2556 4069//4069
f 4132//4132 4130//4130 4077//4077
f 4088//4088 2565//2565 4086//4086
f 4079//4079 4071//4071 2558//2558
f 4082//4082 4080//4080 4078//4078
f 4081//4081 4084//4084 4073//4073
f 4087//4087 2564//2564 3997//3997
f 4087//4087 4095//4095 2564//2564
f 4089//4089 2563//2563 4096//4096
f 4090//4090 2562//2562 2525//2525
f 4093//4093 4091//4091 3998//3998
f 4092//4092 4094//4094 4097//4097
f 2345//2345 4108//4108 2568//2568
f 2548//2548 2345//2345 2572//2572
f 2345//2345 2568//2568 2572//2572
f 4113//4113 4102//4102 4112//4112
f 4103//4103 4114//4114 4117//4117
f 4118//4118 2574//2574 4104//4104
f 4119//4119 2568//2568 2587//2587
f 2568//2568 4108//4108 2587//2587
f 4108//4108 4111//4111 2587//2587
f 2587//2587 4111//4111 4157//4157
f 4113//4113 4112//4112 4048//4048
f 2568//2568 4123//4123 2572//2572
f 2575//2575 4124//4124 4120//4120
f 4060//4060 4128//4128 2578//2578
f 4115//4115 2580//2580 2579//2579
f 4116//4116 4134//4134 4121//4121
f 4122//4122 4135//4135 4125//4125
f 2581//2581 4125//4125 4135//4135
f 4119//4119 2587//2587 4166//4166
f 4137//4137 2572//2572 4123//4123
f 4137//4137 4123//4123 4126//4126
f 4126//4126 2583//2583 4137//4137
f 4131//4131 4133//4133 4129//4129
f 4138//4138 2582//2582 4136//4136
f 4135//4135 4141//4141 2581//2581
f 4142//4142 4137//4137 2583//2583
f 2593//2593 4139//4139 4143//4143
f 4127//4127 4140//4140 4175//4175
f 4176//4176 4144//4144 4145//4145
f 4126//4126 4177//4177 2583//2583
f 2584//2584 2585//2585 2832//2832
f 4157//4157 4161//4161 2587//2587
f 4166//4166 2587//2587 4162//4162
f 4167//4167 4163//4163 2592//2592
f 3936//3936 3940//3940 2590//2590
f 3936//3936 2590//2590 4164//4164
f 4163//4163 4168//4168 2592//2592
f 3941//3941 3947//3947 4169//4169
f 4171//4171 4167//4167 2592//2592
f 2592//2592 4168//4168 4854//4854
f 3947//3947 4855//4855 4169//4169
f 4172//4172 4173//4173 4179//4179
f 4180//4180 4174//4174 4856//4856
f 2869//2869 2390//2390 2870//2870
f 2444//2444 2443//2443 2596//2596
f 2720//2720 2595//2595 4533//4533
f 4531//4531 4181//4181 2443//2443
f 2596//2596 2443//2443 2611//2611
f 4182//4182 4551//4551 3821//3821
f 4218//4218 3822//3822 3852//3852
f 2444//2444 2604//2604 2599//2599
f 4213//4213 4184//4184 4197//4197
f 2453//2453 2610//2610 4198//4198
f 2597//2597 2603//2603 2598//2598
f 2597//2597 2621//2621 4200//4200
f 4201//4201 4191//4191 4186//4186
f 2596//2596 2604//2604 2444//2444
f 4188//4188 4203//4203 2605//2605
f 2606//2606 4189//4189 4194//4194
f 4195//4195 4190//4190 4205//4205
f 4209//4209 4196//4196 2607//2607
f 4210//4210 2601//2601 2600//2600
f 4185//4185 2608//2608 4199//4199
f 2604//2604 2596//2596 4214//4214
f 4206//4206 2610//2610 2601//2601
f 4198//4198 4211//4211 2453//2453
f 2597//2597 2599//2599 2621//2621
f 4202//4202 4247//4247 4192//4192
f 4214//4214 2612//2612 2604//2604
f 4204//4204 4220//4220 4207//4207
f 4207//4207 4220//4220 2614//2614
f 2606//2606 4248//4248 4189//4189
f 2600//2600 4249//4249 4210//4210
f 2596//2596 2611//2611 4212//4212
f 4224//4224 4216//4216 4208//4208
f 4219//4219 2453//2453 4211//4211
f 2612//2612 4214//4214 2613//2613
f 4220//4220 4221//4221 2614//2614
f 4250//4250 4209//4209 2607//2607
f 4222//4222 2609//2609 4215//4215
f 4223//4223 4217//4217 4225//4225
f 2444//2444 2615//2615 2617//2617
f 2444//2444 2616//2616 2626//2626
f 2617//2617 2616//2616 2444//2444
f 4233//4233 4228//4228 2619//2619
f 4226//4226 2620//2620 4230//4230
f 4234//4234 4231//4231 4244//4244
f 4245//4245 2600//2600 2618//2618
f 2616//2616 2630//2630 2626//2626
f 2623//2623 2615//2615 2598//2598
f 4253//4253 4187//4187 4193//4193
f 4246//4246 4227//4227 2622//2622
f 2615//2615 2623//2623 4251//4251
f 4245//4245 4252//4252 4254//4254
f 4254//4254 2600//2600 4245//4245
f 4232//4232 2631//2631 2629//2629
f 2617//2617 4269//4269 2616//2616
f 2631//2631 4232//4232 4235//4235
f 4278//4278 4236//4236 4241//4241
f 4279//4279 2904//2904 2898//2898
f 4270//4270 4279//4279 2898//2898
f 2618//2618 2625//2625 2624//2624
f 2625//2625 2618//2618 2508//2508
f 2444//2444 2505//2505 2507//2507
f 2627//2627 4237//4237 4255//4255
f 2444//2444 2626//2626 4260//4260
f 4257//4257 3956//3956 2628//2628
f 4260//4260 2505//2505 2444//2444
f 3957//3957 4261//4261 4265//4265
f 4274//4274 2900//2900 4259//4259
f 4266//4266 2624//2624 2625//2625
f 2630//2630 2616//2616 4238//4238
f 4260//4260 2626//2626 2902//2902
f 2902//2902 2626//2626 4927//4927
f 4262//4262 4256//4256 2917//2917
f 2616//2616 4269//4269 2905//2905
f 4242//4242 4229//4229 4939//4939
f 4263//4263 4931//4931 4239//4239
f 4240//4240 4932//4932 4275//4275
f 4940//4940 4280//4280 4243//4243
f 4964//4964 2916//2916 4264//4264
f 4264//4264 2916//2916 4267//4267
f 4927//4927 2908//2908 2902//2902
f 2906//2906 4941//4941 4271//4271
f 4942//4942 4272//4272 2899//2899
f 4926//4926 4273//4273 4924//4924
f 4928//4928 4276//4276 2901//2901
f 4930//4930 4277//4277 4933//4933
f 4933//4933 2911//2911 4930//4930
f 4280//4280 4940//4940 4937//4937
f 2508//2508 4282//4282 2625//2625
f 2636//2636 2641//2641 2634//2634
f 2637//2637 2638//2638 2636//2636
f 4288//4288 2642//2642 2647//2647
f 2456//2456 2633//2633 2637//2637
f 2640//2640 2635//2635 2639//2639
f 2636//2636 4307//4307 2641//2641
f 2634//2634 2676//2676 2674//2674
f 4287//4287 4305//4305 4396//4396
f 4296//4296 2646//2646 4291//4291
f 4307//4307 2636//2636 4320//4320
f 4308//4308 4289//4289 2643//2643
f 2643//2643 4290//4290 4397//4397
f 2633//2633 2644//2644 2637//2637
f 4295//4295 2645//2645 4297//4297
f 2637//2637 2644//2644 4312//4312
f 4316//4316 4298//4298 4301//4301
f 4302//4302 4299//4299 4303//4303
f 4313//4313 2649//2649 4300//4300
f 4304//4304 4300//4300 2649//2649
f 4317//4317 2639//2639 4321//4321
f 2639//2639 2635//2635 4321//4321
f 4328//4328 2455//2455 2640//2640
f 4306//4306 4309//4309 2652//2652
f 4305//4305 4335//4335 4396//4396
f 4318//4318 4312//4312 2651//2651
f 2651//2651 2650//2650 4318//4318
f 4319//4319 4330//4330 4292//4292
f 4310//4310 2648//2648 4336//4336
f 4337//4337 4323//4323 4331//4331
f 4322//4322 4293//4293 4324//4324
f 4332//4332 4325//4325 4294//4294
f 4286//4286 2651//2651 2644//2644
f 4312//4312 2644//2644 2651//2651
f 4329//4329 4314//4314 2653//2653
f 4344//4344 4315//4315 4317//4317
f 4317//4317 4321//4321 4344//4344
f 4321//4321 4326//4326 4344//4344
f 4334//4334 2654//2654 4333//4333
f 2654//2654 4338//4338 4333//4333
f 4308//4308 2643//2643 2711//2711
f 2659//2659 4334//4334 2633//2633
f 4344//4344 4326//4326 4527//4527
f 4528//4528 4327//4327 4311//4311
f 4328//4328 2660//2660 2757//2757
f 2660//2660 4328//4328 4344//4344
f 2654//2654 4334//4334 2656//2656
f 4334//4334 2659//2659 2656//2656
f 4344//4344 2658//2658 2660//2660
f 2658//2658 4344//4344 4527//4527
f 4345//4345 4349//4349 4353//4353
f 4354//4354 2655//2655 4346//4346
f 4347//4347 4338//4338 2654//2654
f 4350//4350 2926//2926 4355//4355
f 2757//2757 2660//2660 2761//2761
f 2657//2657 4338//4338 4347//4347
f 2659//2659 2661//2661 2656//2656
f 2661//2661 2926//2926 2656//2656
f 4348//4348 4356//4356 4351//4351
f 2927//2927 4352//4352 4357//4357
f 4984//4984 2658//2658 4527//4527
f 2759//2759 2928//2928 2659//2659
f 2928//2928 2929//2929 2659//2659
f 2663//2663 4358//4358 4363//4363
f 4369//4369 4365//4365 4359//4359
f 4364//4364 4360//4360 4646//4646
f 4985//4985 2981//2981 4361//4361
f 4647//4647 4362//4362 5098//5098
f 4370//4370 2660//2660 2933//2933
f 2658//2658 2933//2933 2660//2660
f 2662//2662 2930//2930 2661//2661
f 2661//2661 2930//2930 2926//2926
f 4355//4355 2926//2926 4990//4990
f 4366//4366 4371//4371 4367//4367
f 2670//2670 4381//4381 4375//4375
f 4381//4381 2724//2724 3826//3826
f 2666//2666 2668//2668 2449//2449
f 2668//2668 2669//2669 2449//2449
f 3842//3842 4382//4382 3849//3849
f 4385//4385 4376//4376 2671//2671
f 4376//4376 4378//4378 2671//2671
f 2671//2671 4378//4378 4558//4558
f 4378//4378 2718//2718 4558//4558
f 2674//2674 2672//2672 2634//2634
f 2673//2673 2451//2451 2690//2690
f 2690//2690 2451//2451 3850//3850
f 2723//2723 4381//4381 2670//2670
f 2666//2666 2681//2681 2668//2668
f 2681//2681 2669//2669 2668//2668
f 4382//4382 4443//4443 3849//3849
f 4387//4387 4556//4556 4386//4386
f 2674//2674 2677//2677 2672//2672
f 2666//2666 2680//2680 4389//4389
f 4412//4412 4379//4379 4390//4390
f 4412//4412 4390//4390 4444//4444
f 4400//4400 4391//4391 4393//4393
f 4394//4394 4392//4392 4398//4398
f 4401//4401 4395//4395 2678//2678
f 2673//2673 4403//4403 2675//2675
f 2673//2673 4408//4408 4403//4403
f 4399//4399 2635//2635 2675//2675
f 4381//4381 2723//2723 2724//2724
f 4413//4413 2679//2679 4383//4383
f 4445//4445 4384//4384 4406//4406
f 4557//4557 4388//4388 2725//2725
f 4561//4561 2671//2671 4558//4558
f 2672//2672 2677//2677 2682//2682
f 2672//2672 2682//2682 2666//2666
f 2682//2682 2680//2680 2666//2666
f 4396//4396 4335//4335 2684//2684
f 4417//4417 4402//4402 4404//4404
f 4417//4417 4404//4404 2683//2683
f 4421//4421 4405//4405 4409//4409
f 4426//4426 2643//2643 4397//4397
f 4414//4414 2688//2688 2685//2685
f 2679//2679 4413//4413 4432//4432
f 4432//4432 2694//2694 2679//2679
f 4407//4407 4466//4466 4446//4446
f 2687//2687 4410//4410 4418//4418
f 4439//4439 4415//4415 2689//2689
f 4416//4416 4447//4447 2689//2689
f 4435//4435 4427//4427 4339//4339
f 4419//4419 4428//4428 4436//4436
f 4420//4420 4422//4422 4429//4429
f 2692//2692 4421//4421 4409//4409
f 4467//4467 2693//2693 2686//2686
f 2693//2693 2729//2729 2727//2727
f 2686//2686 2693//2693 2727//2727
f 4440//4440 2695//2695 4433//4433
f 4432//4432 4471//4471 2694//2694
f 4468//4468 4434//4434 2691//2691
f 4446//4446 4466//4466 4448//4448
f 4566//4566 2691//2691 4434//4434
f 2697//2697 4472//4472 2687//2687
f 2687//2687 4472//4472 4410//4410
f 4473//4473 4454//4454 4411//4411
f 4441//4441 4455//4455 4474//4474
f 4456//4456 4442//4442 2707//2707
f 4439//4439 2689//2689 4519//4519
f 4447//4447 4449//4449 2689//2689
f 4437//4437 2696//2696 4482//4482
f 4438//4438 4340//4340 4478//4478
f 4340//4340 2702//2702 4478//4478
f 2698//2698 4483//4483 4423//4423
f 4424//4424 4484//4484 4430//4430
f 4479//4479 2705//2705 4485//4485
f 4431//4431 4486//4486 4511//4511
f 2698//2698 4423//4423 4512//4512
f 4457//4457 4513//4513 4425//4425
f 2704//2704 2699//2699 4475//4475
f 4471//4471 4491//4491 2694//2694
f 4491//4491 2706//2706 2694//2694
f 4469//4469 2700//2700 4461//4461
f 4470//4470 4518//4518 4494//4494
f 2731//2731 4462//4462 4450//4450
f 4495//4495 2701//2701 4463//4463
f 4451//4451 4464//4464 4496//4496
f 4472//4472 2697//2697 2703//2703
f 4476//4476 2939//2939 4508//4508
f 4458//4458 4492//4492 4509//4509
f 4519//4519 2689//2689 4449//4449
f 4497//4497 4519//4519 4449//4449
f 4487//4487 4488//4488 4503//4503
f 4504//4504 4489//4489 4499//4499
f 4512//4512 4480//4480 2698//2698
f 4500//4500 4490//4490 4481//4481
f 4510//4510 4513//4513 4457//4457
f 2711//2711 2643//2643 4514//4514
f 2643//2643 4426//4426 4514//4514
f 4459//4459 2935//2935 4493//4493
f 4491//4491 4993//4993 2706//2706
f 4494//4494 2732//2732 4498//4498
f 4494//4494 4518//4518 2732//2732
f 4477//4477 2934//2934 5001//5001
f 4994//4994 4460//4460 4519//4519
f 4497//4497 4572//4572 4519//4519
f 4501//4501 2710//2710 4505//4505
f 4515//4515 4506//4506 4524//4524
f 4510//4510 5002//5002 4513//4513
f 2711//2711 4514//4514 2709//2709
f 2709//2709 4514//4514 4525//4525
f 2703//2703 2937//2937 4472//4472
f 4472//4472 2937//2937 4992//4992
f 2708//2708 2702//2702 4340//4340
f 2708//2708 2942//2942 2702//2702
f 4502//4502 2936//2936 4526//4526
f 4502//4502 5007//5007 2936//2936
f 4997//4997 4507//4507 4516//4516
f 4998//4998 4517//4517 2938//2938
f 5000//5000 4513//4513 5002//5002
f 4341//4341 4529//4529 4520//4520
f 2709//2709 4521//4521 2711//2711
f 4522//4522 4523//4523 2940//2940
f 5004//5004 2709//2709 4525//4525
f 4996//4996 2945//2945 4525//4525
f 4539//4539 2719//2719 3827//3827
f 3828//3828 4546//4546 4544//4544
f 4552//4552 2712//2712 2453//2453
f 4545//4545 3829//3829 4559//4559
f 4540//4540 3854//3854 2716//2716
f 4542//4542 4541//4541 3853//3853
f 4537//4537 4548//4548 4534//4534
f 4549//4549 4536//4536 2712//2712
f 2722//2722 4540//4540 2716//2716
f 4553//4553 4183//4183 4550//4550
f 4552//4552 4549//4549 2712//2712
f 4539//4539 4554//4554 2719//2719
f 4547//4547 4555//4555 4541//4541
f 4547//4547 4541//4541 4542//4542
f 4562//4562 2727//2727 2726//2726
f 2725//2725 4563//4563 4557//4557
f 2723//2723 4564//4564 2724//2724
f 4560//4560 4565//4565 2728//2728
f 4567//4567 4561//4561 4569//4569
f 4569//4569 4561//4561 4558//4558
f 2727//2727 2729//2729 2726//2726
f 2726//2726 2729//2729 2730//2730
f 2726//2726 2730//2730 2947//2947
f 2728//2728 4565//4565 5020//5020
f 4568//4568 4570//4570 4452//4452
f 5021//5021 4453//4453 4571//4571
f 4465//4465 2730//2730 2729//2729
f 5022//5022 4462//4462 2731//2731
f 5022//5022 2731//2731 4450//4450
f 2730//2730 4465//4465 5023//5023
f 2733//2733 2742//2742 2456//2456
f 2456//2456 2735//2735 2733//2733
f 2456//2456 2790//2790 2802//2802
f 2735//2735 2952//2952 2733//2733
f 2456//2456 2802//2802 2735//2735
f 2734//2734 2736//2736 2803//2803
f 4581//4581 4575//4575 4740//4740
f 4582//4582 4573//4573 2949//2949
f 4576//4576 2737//2737 5033//5033
f 4584//4584 2740//2740 5034//5034
f 4574//4574 5035//5035 4590//4590
f 2948//2948 2738//2738 2802//2802
f 2802//2802 2738//2738 2735//2735
f 4577//4577 2739//2739 4741//4741
f 4578//4578 4587//4587 4588//4588
f 4579//4579 4583//4583 5027//5027
f 4591//4591 2949//2949 4573//4573
f 2742//2742 2633//2633 2456//2456
f 2455//2455 2745//2745 2743//2743
f 2733//2733 2741//2741 2742//2742
f 2633//2633 2742//2742 2744//2744
f 2745//2745 2455//2455 2750//2750
f 4598//4598 2742//2742 2950//2950
f 2733//2733 2952//2952 2741//2741
f 2746//2746 2455//2455 2743//2743
f 2734//2734 2455//2455 2746//2746
f 2744//2744 2742//2742 2747//2747
f 2754//2754 4600//4600 4617//4617
f 4618//4618 4601//4601 4604//4604
f 2747//2747 2962//2962 2744//2744
f 4605//4605 4602//4602 5057//5057
f 2741//2741 2956//2956 2742//2742
f 5058//5058 2743//2743 2745//2745
f 2952//2952 2951//2951 2741//2741
f 4593//4593 2748//2748 4606//4606
f 4594//4594 5032//5032 4614//4614
f 5046//5046 4595//4595 4607//4607
f 2743//2743 5030//5030 2746//2746
f 2734//2734 2746//2746 5036//5036
f 2956//2956 2950//2950 2742//2742
f 4614//4614 5032//5032 2955//2955
f 2748//2748 5043//5043 4606//4606
f 2954//2954 5037//5037 4608//4608
f 5044//5044 5041//5041 4609//4609
f 2751//2751 2749//2749 2752//2752
f 4619//4619 2455//2455 4615//4615
f 2750//2750 2455//2455 4619//4619
f 2753//2753 2958//2958 2633//2633
f 2633//2633 2759//2759 2659//2659
f 2633//2633 2958//2958 2759//2759
f 4621//4621 2753//2753 2633//2633
f 4615//4615 2758//2758 2972//2972
f 2633//2633 2744//2744 4621//4621
f 2750//2750 4619//4619 4629//4629
f 4629//4629 4619//4619 2755//2755
f 4632//4632 4620//4620 4622//4622
f 2756//2756 4633//4633 4623//4623
f 2759//2759 2958//2958 2979//2979
f 2965//2965 5075//5075 2982//2982
f 2972//2972 2758//2758 5100//5100
f 2744//2744 2959//2959 4621//4621
f 4624//4624 2960//2960 4634//4634
f 4621//4621 2959//2959 5054//5054
f 2967//2967 4634//4634 2960//2960
f 2961//2961 4627//4627 4625//4625
f 5055//5055 4626//4626 4616//4616
f 2975//2975 4603//4603 4630//4630
f 4635//4635 2977//2977 2755//2755
f 2755//2755 2977//2977 4629//4629
f 4635//4635 5066//5066 2977//2977
f 2455//2455 4328//4328 4615//4615
f 2757//2757 4615//4615 4328//4328
f 2758//2758 4615//4615 2757//2757
f 4636//4636 2760//2760 4638//4638
f 2758//2758 2757//2757 4644//4644
f 4644//4644 2757//2757 2761//2761
f 2980//2980 4639//4639 4645//4645
f 5092//5092 2983//2983 4640//4640
f 5095//5095 4644//4644 2988//2988
f 4644//4644 2761//2761 2988//2988
f 5099//5099 2988//2988 2761//2761
f 5101//5101 4637//4637 4641//4641
f 5105//5105 5102//5102 4642//4642
f 2763//2763 2770//2770 2460//2460
f 4667//4667 3857//3857 2779//2779
f 2770//2770 2763//2763 4676//4676
f 4670//4670 4677//4677 4651//4651
f 4671//4671 4652//4652 2796//2796
f 2464//2464 4658//4658 2765//2765
f 4655//4655 2771//2771 4661//4661
f 4692//4692 3858//3858 3870//3870
f 2465//2465 2772//2772 4693//4693
f 2775//2775 4659//4659 4663//4663
f 4663//4663 4672//4672 2784//2784
f 4663//4663 2784//2784 2775//2775
f 2456//2456 2460//2460 2786//2786
f 2770//2770 4709//4709 2460//2460
f 2779//2779 2777//2777 4667//4667
f 4668//4668 4687//4687 2782//2782
f 4669//4669 4699//4699 4678//4678
f 2765//2765 4658//4658 2774//2774
f 4682//4682 2783//2783 2778//2778
f 2774//2774 4688//4688 2765//2765
f 4656//4656 4689//4689 4673//4673
f 4674//4674 4690//4690 4703//4703
f 2781//2781 4694//4694 4679//4679
f 4700//4700 4698//4698 4680//4680
f 4660//4660 4684//4684 4683//4683
f 4701//4701 4683//4683 4684//4684
f 4701//4701 4684//4684 4704//4704
f 4709//4709 2770//2770 2788//2788
f 2777//2777 2779//2779 2780//2780
f 4687//4687 4695//4695 2782//2782
f 4710//4710 4671//4671 2796//2796
f 4691//4691 4702//4702 4705//4705
f 4696//4696 4694//4694 2781//2781
f 4697//4697 4698//4698 4700//4700
f 2773//2773 2762//2762 2785//2785
f 4685//4685 4681//4681 4706//4706
f 4707//4707 4649//4649 4665//4665
f 4708//4708 4664//4664 4686//4686
f 4731//4731 2764//2764 2793//2793
f 2786//2786 2791//2791 2787//2787
f 2456//2456 2786//2786 2787//2787
f 2788//2788 4717//4717 4709//4709
f 2787//2787 2789//2789 2456//2456
f 2787//2787 2994//2994 2789//2789
f 2795//2795 4710//4710 2796//2796
f 2456//2456 2789//2789 2790//2790
f 2789//2789 2792//2792 2790//2790
f 2789//2789 2994//2994 2792//2792
f 2804//2804 4712//4712 4735//4735
f 4736//4736 4713//4713 4723//4723
f 4720//4720 2794//2794 4714//4714
f 4724//4724 4715//4715 4725//4725
f 4711//4711 4730//4730 4718//4718
f 2793//2793 2800//2800 4731//4731
f 4721//4721 2805//2805 4726//4726
f 2791//2791 2797//2797 2787//2787
f 2797//2797 2994//2994 2787//2787
f 2793//2793 4727//4727 2992//2992
f 2797//2797 4719//4719 2798//2798
f 4732//4732 4718//4718 4730//4730
f 4733//4733 2795//2795 2796//2796
f 2799//2799 4733//4733 2796//2796
f 4734//4734 4731//4731 2800//2800
f 2994//2994 2998//2998 2792//2792
f 4722//4722 5138//5138 4744//4744
f 5127//5127 5133//5133 2995//2995
f 5128//5128 4728//4728 3002//3002
f 2797//2797 2798//2798 2993//2993
f 2797//2797 2993//2993 2994//2994
f 2793//2793 2992//2992 5134//5134
f 5131//5131 4733//4733 2799//2799
f 5131//5131 2799//2799 2996//2996
f 4734//4734 2800//2800 5135//5135
f 2793//2793 5134//5134 2800//2800
f 2800//2800 5134//5134 5135//5135
f 2734//2734 2806//2806 2801//2801
f 2734//2734 2803//2803 2806//2806
f 5024//5024 4737//4737 4745//4745
f 2803//2803 4589//4589 2806//2806
f 4742//4742 2801//2801 2806//2806
f 2790//2790 2999//2999 2997//2997
f 2790//2790 2997//2997 2802//2802
f 4738//4738 3000//3000 4746//4746
f 4739//4739 5137//5137 5145//5145
f 4744//4744 5138//5138 3003//3003
f 2805//2805 5151//5151 4726//4726
f 5142//5142 4716//4716 4743//4743
f 5152//5152 5149//5149 4729//4729
f 2807//2807 2478//2478 2819//2819
f 2807//2807 2819//2819 2821//2821
f 2809//2809 2424//2424 2807//2807
f 2824//2824 2807//2807 2821//2821
f 4771//4771 2808//2808 4747//4747
f 2809//2809 4747//4747 3904//3904
f 4748//4748 2482//2482 3903//3903
f 4747//4747 2808//2808 3904//3904
f 3954//3954 3951//3951 2810//2810
f 2811//2811 2813//2813 2817//2817
f 2812//2812 3954//3954 2810//2810
f 4750//4750 4749//4749 4853//4853
f 4857//4857 2875//2875 4751//4751
f 2812//2812 2814//2814 4753//4753
f 4874//4874 4757//4757 4752//4752
f 2815//2815 4859//4859 4758//4758
f 2815//2815 2871//2871 4859//4859
f 4759//4759 4860//4860 4754//4754
f 4866//4866 2816//2816 4861//4861
f 4755//4755 4862//4862 4763//4763
f 4863//4863 4764//4764 4867//4867
f 4864//4864 4760//4760 4765//4765
f 2818//2818 2817//2817 2813//2813
f 4756//4756 4766//4766 2818//2818
f 4874//4874 2877//2877 4757//4757
f 4757//4757 2877//2877 4761//4761
f 2877//2877 4874//4874 2876//2876
f 2884//2884 2819//2819 2877//2877
f 2877//2877 2819//2819 4761//4761
f 4762//4762 2819//2819 4766//4766
f 2817//2817 2818//2818 2819//2819
f 2818//2818 4766//4766 2819//2819
f 2433//2433 2503//2503 2819//2819
f 2819//2819 3006//3006 3004//3004
f 2821//2821 2819//2819 3004//3004
f 2504//2504 3005//3005 3030//3030
f 3005//3005 2504//2504 2820//2820
f 3005//3005 2820//2820 2822//2822
f 4769//4769 4772//4772 4767//4767
f 3004//3004 3007//3007 2821//2821
f 5161//5161 4770//4770 4768//4768
f 3005//3005 2822//2822 5162//5162
f 4748//4748 2823//2823 2482//2482
f 4773//4773 2823//2823 4748//4748
f 2482//2482 2823//2823 2820//2820
f 2823//2823 2822//2822 2820//2820
f 2822//2822 2823//2823 4773//4773
f 2829//2829 4284//4284 3958//3958
f 3958//3958 2922//2922 2829//2829
f 2514//2514 2826//2826 4774//4774
f 2508//2508 2825//2825 2827//2827
f 4776//4776 2826//2826 2514//2514
f 4776//4776 4774//4774 2826//2826
f 4775//4775 2508//2508 2827//2827
f 4775//4775 2827//2827 2825//2825
f 2920//2920 2919//2919 4777//4777
f 4971//4971 2829//2829 2922//2922
f 2922//2922 2830//2830 4971//4971
f 4972//4972 4778//4778 2921//2921
f 2923//2923 4779//4779 4975//4975
f 2925//2925 4779//4779 2923//2923
f 4778//4778 4981//4981 2921//2921
f 4149//4149 4146//4146 2850//2850
f 2835//2835 2834//2834 2833//2833
f 2833//2833 2834//2834 2837//2837
f 2856//2856 4147//4147 4783//4783
f 4824//4824 4784//4784 2854//2854
f 2854//2854 2832//2832 2585//2585
f 4786//4786 4785//4785 2836//2836
f 2836//2836 4785//4785 4790//4790
f 4815//4815 4148//4148 4825//4825
f 2834//2834 4787//4787 2838//2838
f 2834//2834 2838//2838 2837//2837
f 2839//2839 4791//4791 4792//4792
f 4791//4791 2839//2839 2840//2840
f 4793//4793 4788//4788 4789//4789
f 2844//2844 4793//4793 4789//4789
f 4801//4801 2836//2836 4790//4790
f 4790//4790 4796//4796 4801//4801
f 4794//4794 4802//4802 2842//2842
f 2839//2839 4795//4795 4798//4798
f 2839//2839 4798//4798 2840//2840
f 2831//2831 2843//2843 2841//2841
f 4780//4780 4797//4797 2846//2846
f 2841//2841 2843//2843 2847//2847
f 2846//2846 4797//4797 4808//4808
f 2845//2845 4800//4800 4781//4781
f 4800//4800 2845//2845 4809//4809
f 2848//2848 4810//4810 4803//4803
f 2848//2848 2864//2864 2862//2862
f 4810//4810 2848//2848 2862//2862
f 4804//4804 4782//4782 4806//4806
f 4804//4804 4806//4806 2849//2849
f 4813//4813 4807//4807 4811//4811
f 4811//4811 2867//2867 4813//4813
f 2867//2867 4811//4811 4839//4839
f 4805//4805 4814//4814 4812//4812
f 4814//4814 4843//4843 4812//4812
f 3008//3008 4843//4843 4814//4814
f 2867//2867 5164//5164 4813//4813
f 4149//4149 2850//2850 2855//2855
f 2851//2851 2853//2853 2852//2852
f 2585//2585 4822//4822 2854//2854
f 2882//2882 4820//4820 4817//4817
f 4818//4818 4819//4819 2887//2887
f 2887//2887 4819//4819 4821//4821
f 4826//4826 2860//2860 4816//4816
f 2850//2850 4832//4832 2855//2855
f 2840//2840 4798//4798 2858//2858
f 2840//2840 2858//2858 2857//2857
f 4824//4824 2854//2854 4822//4822
f 4822//4822 2891//2891 4824//4824
f 4822//4822 2888//2888 2891//2891
f 4801//4801 4796//4796 4828//4828
f 2857//2857 2858//2858 2859//2859
f 2891//2891 4833//4833 4827//4827
f 2866//2866 4830//4830 4799//4799
f 2858//2858 2863//2863 2859//2859
f 2861//2861 2859//2859 2863//2863
f 2896//2896 4833//4833 2891//2891
f 2842//2842 4802//4802 4846//4846
f 4831//4831 4835//4835 4829//4829
f 4828//4828 4836//4836 4801//4801
f 2855//2855 4832//4832 2895//2895
f 4842//4842 4830//4830 2866//2866
f 4834//4834 4921//4921 4919//4919
f 4837//4837 4842//4842 2895//2895
f 2865//2865 2862//2862 2864//2864
f 4836//4836 4847//4847 4801//4801
f 2868//2868 4845//4845 4844//4844
f 2868//2868 3012//3012 4845//4845
f 2865//2865 5176//5176 2862//2862
f 4842//4842 2866//2866 3009//3009
f 4849//4849 2867//2867 4839//4839
f 4850//4850 4840//4840 3010//3010
f 2869//2869 2870//2870 2873//2873
f 2873//2873 2870//2870 2879//2879
f 2870//2870 4865//4865 2879//2879
f 2879//2879 4865//4865 2872//2872
f 2874//2874 4820//4820 2882//2882
f 4871//4871 4875//4875 2880//2880
f 4888//4888 4876//4876 4868//4868
f 4869//4869 4877//4877 4858//4858
f 4889//4889 4870//4870 2878//2878
f 2873//2873 2879//2879 4885//4885
f 2879//2879 2872//2872 2504//2504
f 2887//2887 4821//4821 4872//4872
f 4878//4878 4899//4899 4879//4879
f 4878//4878 4873//4873 4899//4899
f 2883//2883 4890//4890 4900//4900
f 4901//4901 4891//4891 4880//4880
f 4886//4886 4882//4882 4892//4892
f 4881//4881 4893//4893 4883//4883
f 4894//4894 4903//4903 2881//2881
f 4895//4895 4902//4902 2884//2884
f 4897//4897 4904//4904 4887//4887
f 4884//4884 4885//4885 4905//4905
f 2879//2879 4905//4905 4885//4885
f 2504//2504 4898//4898 2879//2879
f 4872//4872 4896//4896 2887//2887
f 4896//4896 4898//4898 2887//2887
f 4817//4817 2890//2890 2882//2882
f 2882//2882 2890//2890 4902//4902
f 2884//2884 4902//4902 2885//2885
f 4902//4902 2890//2890 2885//2885
f 2884//2884 2885//2885 2819//2819
f 4818//4818 2887//2887 2886//2886
f 2887//2887 4898//4898 2504//2504
f 2885//2885 2890//2890 2819//2819
f 4907//4907 4823//4823 2889//2889
f 4910//4910 2890//2890 4908//4908
f 4818//4818 2886//2886 4911//4911
f 2893//2893 4912//4912 4906//4906
f 2887//2887 4911//4911 2886//2886
f 2504//2504 4917//4917 2887//2887
f 2888//2888 2892//2892 2891//2891
f 4909//4909 4913//4913 4915//4915
f 4916//4916 4914//4914 4918//4918
f 2855//2855 2894//2894 4910//4910
f 4910//4910 2894//2894 2890//2890
f 2891//2891 2892//2892 2896//2896
f 2896//2896 2892//2892 2897//2897
f 2897//2897 2892//2892 4917//4917
f 2894//2894 2855//2855 2895//2895
f 4920//4920 4922//4922 4838//4838
f 4923//4923 4919//4919 4921//4921
f 2897//2897 4917//4917 3011//3011
f 4917//4917 2504//2504 3011//3011
f 4847//4847 4836//4836 2897//2897
f 2894//2894 2819//2819 2890//2890
f 2895//2895 2819//2819 2894//2894
f 5166//5166 4848//4848 5172//5172
f 4847//4847 2897//2897 3011//3011
f 2898//2898 2904//2904 2903//2903
f 4945//4945 4929//4929 4951//4951
f 4935//4935 2912//2912 2909//2909
f 4935//4935 2909//2909 4925//4925
f 4924//4924 4947//4947 4926//4926
f 2907//2907 4942//4942 2899//2899
f 2907//2907 2899//2899 2910//2910
f 4949//4949 4926//4926 4947//4947
f 4952//4952 4928//4928 2901//2901
f 4954//4954 4936//4936 4938//4938
f 4954//4954 4938//4938 2913//2913
f 4956//4956 4937//4937 4940//4940
f 2906//2906 4943//4943 2915//2915
f 2906//2906 2915//2915 4941//4941
f 4940//4940 4961//4961 4956//4956
f 4944//4944 4950//4950 4962//4962
f 4946//4946 4953//4953 4934//4934
f 2914//2914 4949//4949 4947//4947
f 4948//4948 4955//4955 4957//4957
f 4958//4958 4948//4948 4957//4957
f 4961//4961 4959//4959 4956//4956
f 4960//4960 4962//4962 4950//4950
f 2918//2918 2916//2916 4964//4964
f 4963//4963 4965//4965 4268//4268
f 4282//4282 4968//4968 2625//2625
f 4256//4256 4966//4966 2917//2917
f 4967//4967 2624//2624 4266//4266
f 3959//3959 4258//4258 4976//4976
f 4977//4977 2625//2625 4968//4968
f 4285//4285 4777//4777 2919//2919
f 4978//4978 4969//4969 2924//2924
f 4973//4973 4980//4980 4970//4970
f 4980//4980 4973//4973 4974//4974
f 2924//2924 4979//4979 4978//4978
f 4982//4982 4979//4979 2924//2924
f 4983//4983 4980//4980 4974//4974
f 2657//2657 2946//2946 4338//4338
f 2930//2930 2662//2662 2932//2932
f 4990//4990 2926//2926 2930//2930
f 2759//2759 2986//2986 2928//2928
f 2986//2986 2931//2931 2928//2928
f 2928//2928 4986//4986 2929//2929
f 2929//2929 4986//4986 2989//2989
f 4985//4985 5117//5117 2981//2981
f 4372//4372 4988//4988 4368//4368
f 4991//4991 2930//2930 2932//2932
f 2987//2987 2931//2931 2986//2986
f 4987//4987 5114//5114 5118//5118
f 2933//2933 4989//4989 4370//4370
f 2934//2934 4999//4999 5001//5001
f 2942//2942 2708//2708 2943//2943
f 2936//2936 5007//5007 5014//5014
f 4998//4998 2938//2938 5003//5003
f 2941//2941 4530//4530 4342//4342
f 5005//5005 4343//4343 5017//5017
f 4522//4522 2940//2940 5009//5009
f 5009//5009 2940//2940 2944//2944
f 5012//5012 5004//5004 4525//4525
f 5012//5012 4525//4525 2945//2945
f 4527//4527 5006//5006 4984//4984
f 5008//5008 5010//5010 5015//5015
f 4352//4352 2927//2927 5018//5018
f 5011//5011 5013//5013 5016//5016
f 5019//5019 4984//4984 5006//5006
f 2732//2732 4518//4518 4995//4995
f 4994//4994 4519//4519 4572//4572
f 4580//4580 5028//5028 4585//4585
f 4587//4587 5025//5025 4588//4588
f 2742//2742 2973//2973 2747//2747
f 4596//4596 4599//4599 2978//2978
f 5089//5089 2743//2743 5058//5058
f 5032//5032 2953//2953 2955//2955
f 5031//5031 2957//2957 4610//4610
f 5038//5038 2951//2951 2952//2952
f 2954//2954 5039//5039 5037//5037
f 5040//5040 5042//5042 5045//5045
f 5079//5079 4597//4597 5090//5090
f 5048//5048 5047//5047 4611//4611
f 2956//2956 5049//5049 2950//2950
f 4586//4586 5029//5029 4592//4592
f 2964//2964 2984//2984 5050//5050
f 5050//5050 2984//2984 5093//5093
f 5061//5061 5060//5060 5051//5051
f 5062//5062 5052//5052 5076//5076
f 2963//2963 5077//5077 5053//5053
f 5063//5063 5103//5103 2991//2991
f 5085//5085 2959//2959 2744//2744
f 2959//2959 2966//2966 5054//5054
f 5054//5054 2966//2966 5067//5067
f 2969//2969 4628//4628 5056//5056
f 5071//5071 5055//5055 4616//4616
f 5071//5071 4616//4616 2971//2971
f 5073//5073 4615//4615 2972//2972
f 4612//4612 2974//2974 5059//5059
f 4613//4613 5080//5080 5082//5082
f 5086//5086 4631//4631 5088//5088
f 5058//5058 5083//5083 5089//5089
f 2990//2990 2984//2984 2964//2964
f 2958//2958 2753//2753 2968//2968
f 2963//2963 2958//2958 2968//2968
f 2970//2970 2963//2963 2968//2968
f 2963//2963 2970//2970 5077//5077
f 5121//5121 5060//5060 5061//5061
f 5124//5124 5122//5122 5064//5064
f 5065//5065 2959//2959 5085//5085
f 2976//2976 5065//5065 5085//5085
f 5068//5068 5065//5065 2976//2976
f 4628//4628 2969//2969 5070//5070
f 5072//5072 5070//5070 2969//2969
f 5074//5074 5072//5072 2969//2969
f 5072//5072 5074//5074 5078//5078
f 5088//5088 5087//5087 5086//5086
f 5069//5069 5087//5087 5088//5088
f 5081//5081 5091//5091 5084//5084
f 5094//5094 2985//2985 5106//5106
f 5093//5093 2984//2984 5108//5108
f 5112//5112 4643//4643 5096//5096
f 5113//5113 5097//5097 5116//5116
f 5119//5119 2988//2988 5099//5099
f 5104//5104 5107//5107 5125//5125
f 5109//5109 2984//2984 2990//2990
f 5116//5116 5115//5115 5113//5113
f 5115//5115 5116//5116 5120//5120
f 5110//5110 5123//5123 5126//5126
f 5107//5107 5111//5111 5125//5125
f 5133//5133 5127//5127 5139//5139
f 3001//3001 5140//5140 5129//5129
f 5150//5150 5147//5147 5130//5130
f 5133//5133 5132//5132 5136//5136
f 5133//5133 5136//5136 2995//2995
f 5145//5145 5137//5137 5143//5143
f 5026//5026 2806//2806 4589//4589
f 5141//5141 5148//5148 5153//5153
f 5146//5146 5144//5144 4742//4742
f 2806//2806 5146//5146 4742//4742
f 5147//5147 5150//5150 5154//5154
f 3017//3017 3006//3006 2819//2819
f 5158//5158 5156//5156 5155//5155
f 5163//5163 5155//5155 5156//5156
f 5157//5157 5159//5159 5197//5197
f 4844//4844 5165//5165 2868//2868
f 2862//2862 5176//5176 5167//5167
f 5168//5168 5173//5173 4841//4841
f 4842//4842 3009//3009 2895//2895
f 5164//5164 2867//2867 4851//4851
f 4852//4852 5169//5169 3013//3013
f 4840//4840 5174//5174 3010//3010
f 3012//3012 2868//2868 5178//5178
f 2895//2895 3009//3009 5177//5177
f 2895//2895 5177//5177 2819//2819
f 5170//5170 5175//5175 3016//3016
f 3011//3011 2504//2504 3025//3025
f 5184//5184 3011//3011 3015//3015
f 3011//3011 3025//3025 3015//3015
f 5179//5179 5171//5171 5185//5185
f 5177//5177 5180//5180 3014//3014
f 3028//3028 5177//5177 3014//3014
f 5177//5177 3028//3028 3026//3026
f 5186//5186 5183//5183 5182//5182
f 5194//5194 5182//5182 5183//5183
f 3025//3025 5195//5195 3015//3015
f 5186//5186 5182//5182 5181//5181
f 3018//3018 2504//2504 3030//3030
f 2819//2819 5177//5177 3017//3017
f 3019//3019 3020//3020 5198//5198
f 3019//3019 5198//5198 3017//3017
f 3023//3023 3018//3018 3024//3024
f 3024//3024 3018//3018 5188//5188
f 2504//2504 3018//3018 3025//3025
f 3017//3017 5177//5177 3021//3021
f 3019//3019 3017//3017 3021//3021
f 3019//3019 3021//3021 3022//3022
f 5191//5191 3020//3020 3019//3019
f 3025//3025 3018//3018 3023//3023
f 3021//3021 3027//3027 3022//3022
f 3019//3019 3022//3022 5191//5191
f 5191//5191 3022//3022 3027//3027
f 3027//3027 3029//3029 5189//5189
f 5192//5192 5193//5193 5190//5190
f 3025//3025 3023//3023 5196//5196
f 3025//3025 5196//5196 5195//5195
f 3021//3021 5177//5177 3026//3026
f 3021//3021 3026//3026 3027//3027
f 3027//3027 3026//3026 3029//3029
f 3029//3029 3026//3026 3028//3028
f 5160//5160 5187//5187 5199//5199
f 3030//3030 5188//5188 3018//3018
