# Wavafront OBJ file of BodyParts3D
# BodyParts3D, Copyright(C) 2010-2011 The Database Center for Life Science licensed under CC Attribution-Share Alike 2.1 Japan.
vn -0.979719 0.200347 -0.00337627
v -147.821 -113.797 829.9
vn -0.915258 -0.377432 -0.140881
v -146.638 -119.262 818.2
vn -0.980376 -0.172706 -0.0950535
v -147.159 -120.378 822.4
vn -0.95886 -0.272177 0.080661
v -147.012 -121.33 829.6
vn -0.953352 0.284151 -0.101874
v -147.229 -117.91 816.4
vn -0.83982 -0.528313 -0.124854
v -147.164 -118.23 817.3
vn -0.972502 -0.217556 -0.0831252
v -147.739 -118.415 822.1
vn -0.972866 -0.184847 0.139151
v -147.318 -117.584 837.7
vn -0.857581 -0.461985 0.226109
v -147.148 -117.927 837.963
vn -0.927293 -0.325058 0.185645
v -147.035 -117.393 839.2
vn -0.836314 -0.503599 0.216719
v -146.594 -118.351 838.6
vn -0.880212 0.458887 -0.121035
v -146.092 -116.618 809.8
vn -0.874478 0.470428 -0.11826
v -146.201 -116.354 813.4
vn -0.970742 -0.121281 -0.207245
v -146.59 -114.365 816.7
vn -0.910667 0.389379 -0.138091
v -146.273 -115.353 816.7
vn -0.866051 0.484318 -0.12406
v -147.379 -114.197 821.8
vn -0.994572 0.0236625 -0.101324
v -147.484 -115.709 825.1
vn -0.998067 -0.0428688 -0.0450006
v -147.728 -114.737 826.6
vn -0.999464 0.0222518 0.0240086
v -147.901 -115.007 833.5
vn -0.990151 0.0402275 0.134098
v -146.6 -114.976 845.2
vn -0.974984 -0.0738514 0.209647
v -145.816 -115.143 850
vn -0.950159 0.251055 -0.184848
v -146.404 -114.098 816.1
vn -0.852888 0.514752 -0.0872443
v -146.863 -113.699 819.7
vn -0.0790525 0.995195 -0.0577695
v -146.555 -113.69 819.1
vn 0.287508 0.957315 0.0297891
v -146.558 -113.708 819.7
vn -0.762942 0.640367 -0.0886039
v -146.854 -113.655 821.2
vn 0.387388 0.921771 0.016412
v -146.324 -114.05 821.2
vn -0.342933 0.936517 -0.0730221
v -145.713 -114.06 821.5
vn 0.513054 0.858286 -0.0109616
v -146.845 -113.614 824.2
vn -0.98983 0.137727 -0.0356151
v -147.715 -113.819 826.3
vn -0.819368 0.571163 -0.049077
v -147.616 -113.534 825.4
vn -0.342465 0.93558 -0.0860642
v -147.387 -113.276 827.725
vn 0.364033 0.930663 -0.0367056
v -147.108 -113.409 825.4
vn 0.345862 0.93749 -0.038634
v -147.094 -113.34 827.2
vn 0.1784 0.976828 -0.118238
v -146.564 -113.736 825.7
vn -0.644336 0.651637 -0.400249
v -145.681 -112.411 827.5
vn -0.6417 0.718203 -0.269084
v -145.676 -113.333 826
vn -0.34086 0.828397 -0.444492
v -145.615 -112.732 827.2
vn -0.901961 0.343859 -0.261202
v -145.388 -112.474 826.3
vn -0.925885 0.227212 -0.301846
v -145.544 -112.441 827.2
vn -0.834718 0.453871 -0.311846
v -145.377 -112.783 826
vn -0.507152 0.825604 -0.247336
v -145.321 -112.217 827.5
vn -0.984204 0.175037 -0.0265516
v -147.725 -113.817 827.8
vn -0.870811 0.490975 -0.0251561
v -147.639 -113.529 828.1
vn -0.965833 0.258945 0.0106848
v -147.74 -113.495 829.9
vn -0.519408 0.849908 -0.0887218
v -146.605 -112.522 829
vn -0.54171 0.745626 -0.388062
v -146.002 -112.534 827.8
vn -0.384123 0.901686 -0.198527
v -145.614 -112.15 828.1
vn -0.202295 0.978201 -0.0469064
v -145.281 -112.029 829.9
vn -0.467151 0.883638 0.0308792
v -145.264 -111.947 831.1
vn -0.74288 0.668874 0.0271451
v -147.483 -113.562 833.2
vn -0.468944 0.874262 -0.125529
v -146.72 -113.027 834.1
vn -0.50267 0.862043 -0.0648456
v -146.026 -112.645 834.138
vn -0.772165 0.632529 -0.0605559
v -145.798 -112.08 834.1
vn -0.687072 0.726566 -0.00580557
v -146.195 -112.302 837.1
vn -0.963923 0.240924 0.113177
v -147.316 -113.904 838.9
vn -0.932554 0.303809 0.195047
v -145.865 -113.906 849.1
vn -0.82451 0.549241 0.136077
v -145.68 -113.332 848.5
vn -0.478662 0.876553 -0.0503799
v -145.542 -111.81 833.5
vn -0.172692 0.981621 -0.0812304
v -145.223 -111.754 833.5
vn -0.450914 0.892456 -0.0140643
v -145.205 -111.671 834.4
vn -0.594174 0.804334 0.00196527
v -145.166 -111.485 836.8
vn -0.704416 -0.708305 -0.04585
v -146.076 -124.902 824.8
vn -0.705424 -0.708131 -0.0304491
v -145.643 -125.275 823.9
vn -0.936692 -0.316488 0.149811
v -145.93 -124.627 826.3
vn -0.789641 -0.601763 0.119788
v -145.902 -125.047 825.7
vn -0.760073 -0.643193 0.092693
v -145.518 -125.328 826.3
vn -0.986998 -0.160609 0.0062348
v -145.741 -125.587 827.8
vn -0.992291 0.123627 0.00865212
v -145.688 -125.292 827.8
vn -0.986311 -0.155117 0.0559494
v -145.666 -124.989 827.8
vn -0.992478 -0.0442987 -0.11413
v -145.724 -122.217 812.8
vn -0.929369 -0.364196 -0.0602919
v -146.218 -123.952 819.4
vn -0.999555 0.010595 0.0278673
v -146.137 -123.663 820.9
vn -0.962759 -0.26826 0.033634
v -146.325 -123.623 824.5
vn -0.919434 -0.388577 0.0604066
v -146.286 -122.527 832
vn -0.901289 -0.387394 0.193915
v -146.093 -121.832 840.1
vn -0.932755 -0.328122 0.149345
v -145.819 -122.503 840.1
vn -0.986899 -0.0352449 -0.157443
v -144.49 -120.332 802
vn -0.972719 0.174348 -0.153037
v -144.463 -119.72 802
vn -0.959747 0.254441 -0.118937
v -144.934 -120.238 804.7
vn -0.978728 0.199121 -0.0494142
v -144.877 -119.943 805.9
vn -0.9985 0.0544774 0.0055396
v -144.904 -120.354 805
vn -0.990852 -0.0667274 -0.117306
v -144.624 -120.917 803.8
vn -0.688849 -0.69527 -0.20515
v -144.635 -120.608 805
vn -0.979466 -0.132741 -0.151743
v -144.944 -121.769 806.5
vn -0.769295 -0.584615 -0.257702
v -144.889 -121.167 806.8
vn -0.991029 -0.105076 -0.0825838
v -146.349 -119.937 814.945
vn -0.993668 0.101263 0.0486764
v -146.201 -120.582 838.6
vn -0.97591 -0.212589 0.0490534
v -146.278 -121.486 838.6
vn -0.960996 -0.238731 0.139619
v -146.248 -121.185 840.7
vn -0.982775 0.170957 0.0701912
v -146.204 -120.888 840.7
vn -0.989739 0.122747 0.0731433
v -145.984 -120.014 841.3
vn -0.863464 -0.428955 0.265382
v -145.78 -121.591 841.166
vn -0.98561 -0.0631356 0.156804
v -145.784 -120.671 844
vn -0.954012 -0.234642 0.186559
v -144.788 -121.802 846.4
vn -0.936943 -0.277332 0.212661
v -144.574 -120.928 848.5
vn -0.935133 -0.203658 -0.289913
v -143.937 -117.689 799
vn -0.937801 -0.280004 -0.20525
v -144.693 -118.449 803.5
vn -0.970715 -0.0221049 -0.239214
v -144.497 -117.57 801.7
vn -0.9559 -0.215879 -0.199125
v -144.401 -117.987 801.7
vn -0.980314 -0.0860398 -0.177712
v -144.276 -118.844 802.014
vn -0.981014 -0.123113 -0.14985
v -144.695 -119.369 805.058
vn -0.973805 -0.110959 -0.198476
v -145.797 -117.601 807.1
vn -0.996118 0.000482411 -0.0880244
v -146.169 -119.055 814
vn -0.91505 -0.364537 0.172616
v -145.931 -116.959 847
vn -0.956758 -0.244647 0.157356
v -145.449 -117.675 847
vn -0.959849 -0.198092 0.198619
v -144.651 -119.378 849.1
vn -0.930882 -0.315124 0.184812
v -145.002 -117.156 850.6
vn 0.0604024 0.950436 -0.304997
v -143.636 -115.833 802.6
vn -0.957096 0.149346 -0.248322
v -144.988 -116.546 803.8
vn -0.551629 0.810794 -0.19575
v -144.174 -115.478 805
vn 0.902246 0.428864 0.045033
v -143.506 -115.941 804.4
vn -0.842747 0.510201 -0.171675
v -144.879 -115.649 808.3
vn -0.723991 0.679604 -0.118213
v -144.477 -115.428 807.1
vn -0.889003 0.311142 -0.335953
v -144.422 -114.826 807.4
vn -0.591519 0.791805 -0.152153
v -144.087 -115.065 806.8
vn -0.91761 -0.295947 -0.265344
v -145.328 -114.94 812.5
vn -0.935292 -0.20658 -0.28732
v -145.524 -114.615 812.8
vn 0.66383 0.737534 -0.12399
v -143.461 -115.009 812.8
vn -0.977868 -0.024363 0.207798
v -144.063 -115.822 857.2
vn -0.982607 -0.0206988 0.184538
v -143.229 -115.079 860.8
vn -0.671917 0.711244 -0.206543
v -144.834 -114.432 810.7
vn -0.959954 -0.0354596 -0.277904
v -145.395 -114.006 812.139
vn -0.922619 -0.201938 -0.328626
v -144.928 -114.412 811
vn -0.32632 0.936439 -0.128833
v -145.038 -113.768 812.2
vn 0.394109 0.908133 -0.141326
v -144.521 -114.223 811
vn -0.119237 0.992335 -0.0324517
v -145.068 -113.91 814.9
vn 0.764775 0.643667 -0.028486
v -144.755 -113.881 815.5
vn -0.50217 0.862426 -0.0636201
v -144.706 -113.65 818.2
vn -0.612734 0.780311 -0.125184
v -144.929 -113.491 821.2
vn 0.0339628 0.990926 -0.130045
v -144.641 -113.344 821.2
vn -0.0122609 0.988004 -0.153938
v -143.694 -113.219 823.3
vn -0.356542 0.644191 -0.676679
v -144.831 -112.796 825.7
vn 0.111623 0.989127 -0.0957552
v -144.227 -112.838 826.3
vn 0.0815662 0.993723 -0.0765664
v -144.15 -112.476 830.5
vn 0.48819 0.869785 -0.0717306
v -144.69 -112.131 834.4
vn -0.491042 0.865623 0.0978459
v -145.092 -112.582 847.3
vn -0.745773 0.623287 0.235236
v -144.389 -113.299 853.3
vn -0.459375 0.868302 0.187152
v -143.623 -112.849 853.9
vn -0.920213 0.323891 0.219778
v -143.717 -114.669 857.8
vn -0.803732 0.545866 0.23674
v -143.748 -114.049 856.6
vn -0.838448 0.531207 0.121754
v -143.264 -113.845 858.1
vn -0.649294 0.730873 0.210336
v -143.298 -113.531 856.6
vn -0.967817 0.213237 0.133641
v -143.293 -114.453 860.2
vn -0.1815 0.965562 -0.186407
v -142.824 -112.01 815.8
vn 0.0882101 0.993215 -0.075785
v -143.027 -111.525 820
vn 0.281786 0.955117 -0.0913696
v -142.732 -111.505 820
vn -0.903264 0.423415 -0.0695299
v -143.184 -111.102 827.5
vn -0.829472 -0.55759 0.0327144
v -143.791 -110.359 829.6
vn -0.82924 -0.557434 -0.04035
v -143.704 -110.38 828.1
vn -0.749399 -0.658568 0.0684805
v -143.722 -110.463 829.6
vn 0.862762 0.505606 -0.00190276
v -143.608 -110.398 829.6
vn -0.615811 0.787892 -0.00181771
v -143.682 -110.274 829.6
vn -0.934336 0.354232 -0.0392013
v -143.626 -112.235 827.8
vn -0.708513 -0.705588 0.0124676
v -143.694 -110.333 830.5
vn -0.853629 -0.514697 0.0800258
v -143.517 -110.418 832.3
vn -0.554293 -0.832007 -0.022859
v -143.425 -110.512 830.5
vn -0.58317 -0.801035 -0.135115
v -143.438 -110.57 830.8
vn -0.994265 -0.0744172 0.0768086
v -143.333 -110.764 831.1
vn -0.692163 -0.721055 -0.0314734
v -143.444 -110.599 831.1
vn -0.765641 -0.642511 0.0312121
v -143.442 -110.589 831.4
vn -0.807681 -0.588241 0.0403035
v -143.439 -110.576 831.7
vn -0.839784 -0.54182 0.0345472
v -143.436 -110.562 832
vn -0.86602 -0.497387 0.0511376
v -143.433 -110.547 832.3
vn 0.599809 -0.791431 -0.117752
v -143.298 -110.464 830.8
vn 0.572655 -0.8182 -0.051125
v -143.257 -110.473 831.1
vn 0.919416 0.367244 -0.140734
v -143.378 -110.287 831.4
vn 0.286624 -0.957016 -0.0443545
v -143.188 -110.488 832
vn -0.994265 -0.0744172 0.0768086
v -143.239 -111.09 832
vn -0.316021 0.946532 -0.0648701
v -143.147 -110.647 831.1
vn -0.443481 0.892274 -0.084686
v -143.146 -110.642 831.4
vn -0.974152 0.159755 0.159704
v -143.117 -110.503 832.16
vn -0.0746842 0.996575 -0.035516
v -142.844 -110.664 830.5
vn -0.923141 -0.369422 0.106481
v -143.292 -110.772 832.6
vn 0.313973 0.94736 -0.0626854
v -143.1 -110.423 832.6
vn -0.899744 -0.326496 0.289587
v -143.11 -110.473 833.5
vn 0.342349 0.936838 -0.0716325
v -142.558 -110.758 832.9
vn 0.681578 0.729117 -0.0619683
v -144.93 -111.821 835.3
vn -0.838629 0.544703 -0.000787849
v -143.543 -111.639 836.2
vn -0.980387 0.196859 0.00934577
v -143.259 -110.779 835
vn 0.0295718 0.987553 0.154479
v -143.16 -110.706 835
vn -0.322631 0.816294 -0.479139
v -143.078 -110.322 835.6
vn 0.572318 0.816412 -0.0769714
v -144.889 -111.624 838.3
vn 0.0680361 0.9963 -0.0525189
v -144.045 -111.985 838
vn -0.917098 0.394443 0.0578424
v -143.179 -110.796 837.79
vn -0.808069 0.585626 0.0637775
v -142.948 -111.152 841.988
vn 0.223059 0.972469 -0.0674406
v -143.377 -111.725 844.6
vn -0.347662 0.935352 0.0651793
v -143.006 -111.446 845.2
vn -0.722238 -0.685513 -0.0918922
v -143.761 -127.961 820.3
vn -0.928824 -0.366774 -0.0525607
v -145.002 -126.971 822.7
vn -0.794414 -0.602752 0.0748146
v -144.558 -127.372 830.5
vn -0.915437 -0.392954 -0.0869651
v -144.842 -125.471 815.8
vn -0.95157 -0.299978 -0.0672932
v -145.018 -125.434 817.9
vn -0.928085 -0.348095 -0.132241
v -144.796 -126.094 816.4
vn -0.990007 -0.123525 -0.068031
v -145.07 -126.036 818.2
vn -0.999002 -0.0422884 -0.0143985
v -145.07 -126.036 820.3
vn -0.843779 -0.52384 -0.116741
v -144.957 -126.374 818.2
vn -0.697066 -0.716786 -0.0178129
v -145.195 -125.703 823.6
vn -0.863287 -0.496264 0.0919682
v -144.901 -126.686 832.9
vn -0.962532 -0.247442 0.110924
v -144.354 -126.188 838.6
vn -0.955708 0.290585 0.0467192
v -142.808 -122.837 794.2
vn -0.959831 -0.215991 -0.179085
v -143.101 -122.774 797.8
vn -0.974338 -0.153764 -0.164384
v -143.202 -122.446 797.866
vn -0.974524 -0.169563 -0.146807
v -143.621 -122.357 801.1
vn -0.99146 0.104071 -0.0785934
v -143.317 -124.262 799
vn -0.928182 -0.312776 0.201617
v -142.91 -123.428 853.6
vn -0.920828 0.354908 -0.161605
v -142.037 -120.854 788.8
vn -0.93773 0.292353 -0.187595
v -142.426 -120.771 791.2
vn -0.727336 0.666697 0.16278
v -142.3 -120.491 791.2
vn -0.979419 0.20162 -0.00932632
v -142.186 -121.129 789.4
vn -0.973837 -0.0097612 -0.227039
v -142.642 -120.725 793.6
vn -0.970444 0.0404663 -0.23791
v -142.595 -120.121 793.3
vn -0.853298 0.483244 0.195851
v -142.618 -121.65 792.7
vn -0.871302 -0.296933 -0.390723
v -142.489 -122.291 793
vn -0.70794 0.64468 0.288459
v -142.365 -121.397 792.839
vn -0.971917 0.0430499 -0.231352
v -143.177 -121.531 795.7
vn -0.849443 0.502651 0.160586
v -143.132 -121.541 796.3
vn -0.786062 0.601534 0.142349
v -142.952 -121.272 796.08
vn -0.982611 0.00682445 -0.185552
v -142.828 -120.685 794.388
vn -0.868528 0.484148 0.106107
v -142.633 -122.26 794.2
vn -0.936405 0.345567 -0.0610613
v -142.614 -122.264 795.4
vn -0.735452 0.652834 0.181433
v -142.41 -122.001 794.2
vn -0.73736 -0.500309 -0.453863
v -142.408 -121.597 794.2
vn -0.876295 0.444641 -0.185474
v -143.508 -119.928 796.9
vn -0.960298 -0.208538 -0.185311
v -143.576 -119.913 797.2
vn -0.934284 -0.279566 -0.221258
v -143.482 -120.879 797.8
vn -0.933963 -0.261637 -0.243433
v -143.17 -121.226 797.5
vn -0.775714 0.583399 0.24065
v -142.971 -121.575 796.9
vn -0.911089 -0.356948 -0.206168
v -143.686 -121.838 800.8
vn -0.981539 0.0393433 -0.18717
v -142.748 -119.782 793.9
vn -0.912595 0.319039 -0.255705
v -142.479 -118.919 793.6
vn -0.957652 0.151293 -0.244974
v -142.4 -119.856 792.4
vn -0.598952 0.559128 -0.573264
v -142.36 -118.485 793.9
vn 0 0 -1
v -142.131 -119.607 791.8
vn -0.811124 0.520092 -0.267549
v -142.285 -119.574 792.275
vn -0.565366 0.824429 -0.0260286
v -141.958 -119.337 792.7
vn -0.713885 0.580692 -0.391362
v -142.144 -118.913 793
vn -0.0385689 0.999205 -0.0101303
v -142.143 -118.906 793.6
vn -0.685976 -0.514666 -0.514349
v -141.865 -119.97 791.8
vn 0 0 -1
v -141.812 -119.674 791.8
vn 0 0 -1
v -141.927 -119.343 791.8
vn -0.879628 -0.344438 -0.328049
v -143.122 -118.476 795.1
vn -0.909189 0.379768 -0.170737
v -143.227 -119.68 795.99
vn -0.70601 0.670541 -0.22787
v -142.9 -118.14 795.4
vn -0.725019 0.504487 -0.468872
v -142.672 -118.512 794.2
vn -0.647773 0.686745 -0.329804
v -142.588 -118.116 794.8
vn -0.107554 0.978868 -0.173923
v -142.574 -118.051 795.7
vn 0.846318 0.530634 -0.0466266
v -142.247 -118.662 794.2
vn -0.110324 0.993582 -0.0249817
v -142.357 -118.469 794.5
vn -0.966302 -0.195899 -0.166986
v -143.755 -119.277 797.5
vn -0.941313 -0.0504983 -0.333735
v -143.502 -118.088 798.225
vn -0.286189 0.857861 -0.426813
v -143.346 -117.351 798.1
vn -0.836409 0.528969 -0.143566
v -143.331 -119.658 796.9
vn -0.942776 0.290678 -0.163338
v -143.11 -118.172 796.6
vn -0.792113 0.597089 -0.126655
v -142.814 -117.621 797.2
vn -0.970249 -0.0762859 -0.229778
v -143.854 -118.627 799.9
vn -0.921576 0.228943 -0.3135
v -141.212 -115.508 795.7
vn -0.869768 -0.493344 0.0107801
v -141.028 -116.468 796.9
vn -0.852837 0.441081 -0.279494
v -143.536 -116.802 799.6
vn 0.0607975 0.950286 -0.305385
v -143.213 -116.727 799.9
vn 0.860149 0.509611 0.0209845
v -143.355 -116.28 803.2
vn 0.840686 0.541466 -0.00789372
v -143.202 -116.619 804.1
vn 0.727159 0.685705 -0.032391
v -143.438 -116.341 805
vn 0.655885 0.747556 -0.104763
v -143.144 -116.403 806.2
vn -0.97868 -0.194099 -0.0671714
v -141.535 -115.133 796.9
vn -0.423242 0.848404 -0.317925
v -141.209 -114.514 797.5
vn 0.164871 0.969552 -0.18107
v -140.892 -114.467 797.5
vn -0.991988 -0.109029 -0.0638103
v -141.848 -114.76 800.5
vn -0.984166 0.142943 -0.104811
v -141.749 -114.167 800.373
vn -0.980479 0.188988 -0.0542711
v -142.042 -113.798 803.5
vn -0.41392 0.900525 -0.133139
v -141.629 -113.606 803.2
vn -0.997967 -0.0616711 -0.0160599
v -142.159 -114.08 805.6
vn -0.830502 0.549745 -0.0897062
v -141.89 -113.524 805.9
vn -0.785782 0.602944 -0.137861
v -142.193 -113.37 808.3
vn -0.698266 0.703327 -0.133247
v -142.013 -113.191 808.3
vn -0.323503 0.933568 -0.154263
v -142.673 -112.744 809.478
vn -0.936738 -0.0761075 -0.341657
v -142.38 -112.806 808.687
vn -0.0142194 0.988062 -0.153398
v -142.341 -112.625 809.5
vn 0.507767 0.842671 -0.179103
v -142.065 -112.77 809.2
vn -0.90969 -0.413232 0.0412643
v -142.017 -113.988 808.9
vn -0.516523 0.826492 -0.223863
v -141.867 -114.756 810.7
vn 0.379901 0.92394 -0.0448458
v -140.953 -113.309 811
vn 0.400419 0.911011 -0.0986071
v -140.659 -113.371 813.1
vn -0.853512 -0.519984 0.0336604
v -142.653 -112.748 813.4
vn -0.939801 -0.341584 -0.00975969
v -142.08 -113.483 813.7
vn -0.456589 0.874602 0.163088
v -142.496 -112.782 855.7
vn -0.607992 0.787583 0.100294
v -142.796 -113.331 857.8
vn -0.375865 0.922501 0.0878531
v -141.747 -112.718 857.8
vn -0.975884 0.153972 0.154738
v -142.87 -113.929 863.8
vn -0.675078 0.731068 0.0990375
v -142.557 -113.382 864.1
vn -0.0985185 0.994213 0.0428284
v -141.515 -113.069 864.4
vn -0.963032 0.207072 0.172307
v -141.611 -113.89 868.9
vn -0.952823 0.302272 -0.0275583
v -141.291 -113.038 870.1
vn -0.877952 0.471322 0.0840053
v -141.215 -113.1 868.6
vn -0.964361 -0.00569622 0.264527
v -141.266 -113.338 870.4
vn 0.0590902 0.991609 -0.114982
v -140.584 -113.018 868.6
vn -0.824504 0.378269 0.42084
v -140.619 -113.181 872.169
vn 0.262412 0.943076 -0.204324
v -142.211 -112.011 815.5
vn 0.500753 0.846737 -0.179675
v -141.957 -112.261 815.2
vn 0.071604 0.994813 -0.0722484
v -141.689 -112.443 813.7
vn 0.487517 0.866837 -0.104504
v -141.683 -112.415 815.2
vn -0.100172 0.993748 -0.0492961
v -141.353 -112.304 814.6
vn 0.832136 0.488287 -0.262917
v -141.081 -112.469 813.523
vn 0.914583 0.313867 -0.255001
v -140.431 -112.914 814.9
vn -0.162299 0.928249 -0.334682
v -142.163 -111.786 816.1
vn 0.59225 0.799366 -0.101263
v -141.621 -112.122 816.4
vn 0.563541 0.82407 0.057701
v -141.629 -112.159 817
vn 0.575621 0.806998 -0.131963
v -141.358 -112.331 816.4
vn 0.0609229 0.99357 -0.09543
v -140.688 -112.061 817.9
vn 0.148833 0.988622 -0.0218051
v -142.153 -111.74 820.3
vn 0.220667 0.974993 -0.0263743
v -141.559 -111.833 822.1
vn 0.0570267 0.998337 0.00840894
v -140.894 -111.589 821.838
vn 0.423329 0.905974 0.00171579
v -141.408 -111.786 825.1
vn 0.0108231 0.994269 0.106359
v -140.332 -112.015 825.1
vn 0.481625 0.870551 -0.10089
v -141.758 -111.326 826
vn 0.0284281 0.99143 0.127508
v -141.014 -112.155 826
vn 0.214353 0.976007 -0.0382491
v -141.322 -110.714 834.7
vn 0.167375 0.985755 0.0165144
v -141.918 -110.635 836.8
vn 0.334097 0.942401 -0.0161126
v -140.416 -110.782 837.7
vn -0.197185 0.974275 0.109116
v -140.318 -111.766 854.2
vn -0.805371 0.498714 -0.320408
v -141.228 -112.744 870.4
vn -0.864035 0.476077 -0.16369
v -141.143 -112.763 870.159
vn -0.35672 0.924319 -0.13559
v -140.735 -112.543 870.4
vn 0.121013 0.966485 -0.226412
v -140.557 -112.887 869.207
vn -0.542598 0.779384 0.313285
v -140.483 -112.541 871.3
vn -0.897198 -0.410248 -0.163499
v -141.22 -127.552 793
vn -0.796629 -0.594679 -0.108351
v -141.385 -128.329 798.1
vn -0.772948 -0.626123 -0.102577
v -142.167 -127.676 801.7
vn -0.833469 -0.536152 -0.133683
v -142.429 -128.131 805.3
vn -0.501549 -0.856845 -0.119435
v -141.623 -129.445 810.7
vn -0.726145 -0.684767 -0.0617049
v -142.112 -129.119 811
vn -0.758218 -0.651339 0.0293605
v -143.123 -129.21 828.4
vn -0.752967 -0.65134 0.0937921
v -143.067 -129.028 834.7
vn -0.902614 -0.403487 0.149954
v -143.2 -127.66 837.7
vn -0.618202 -0.781547 0.0837235
v -143.356 -127.5 838
vn -0.759393 -0.638201 0.126577
v -142.985 -127.196 843.7
vn -0.675063 -0.735375 0.0592835
v -142.45 -127.568 842.8
vn -0.761174 -0.634408 0.134684
v -141.56 -129.152 843.1
vn -0.846057 -0.513821 0.142045
v -141.727 -128.28 844.9
vn -0.945092 -0.28628 -0.15762
v -141.296 -125.305 789.1
vn -0.904094 -0.404951 -0.136484
v -143.15 -126.751 805.9
vn -0.904218 -0.381354 -0.192246
v -142.656 -127.093 805
vn -0.811098 -0.537628 -0.230384
v -140.799 -122.686 778.3
vn -0.883802 -0.43471 -0.172978
v -140.606 -124.664 784.3
vn -0.995504 -0.0102503 -0.0941637
v -141.678 -123.383 789.1
vn -0.962059 -0.241158 -0.127616
v -141.46 -124.35 788.482
vn -0.866147 -0.385757 -0.317775
v -142.032 -123.308 790.3
vn -0.758952 -0.554882 -0.34073
v -142.09 -122.989 789.908
vn -0.968135 -0.117353 -0.221229
v -141.851 -123.653 790
vn -0.913457 -0.301528 -0.273271
v -141.657 -123.081 789.4
vn -0.976605 -0.165718 -0.137039
v -142.491 -123.824 792.7
vn -0.980414 0.0966122 -0.171623
v -142.228 -122.653 792.1
vn -0.956339 -0.253019 0.146279
v -140.133 -123.712 866.2
vn -0.233582 -0.854944 -0.463152
v -140.787 -122.039 777.1
vn -0.928519 -0.118644 -0.351819
v -140.899 -121.713 777.1
vn -0.990645 -0.134307 0.0241699
v -140.665 -121.759 776.5
vn -0.990645 -0.134307 0.0241699
v -140.657 -121.76 776.8
vn -0.855977 -0.170086 -0.488236
v -140.898 -121.709 777.097
vn -0.0407776 -0.887567 -0.458871
v -140.636 -121.918 776.8
vn -0.186017 -0.874899 -0.447156
v -140.547 -121.784 776.5
vn -0.439687 0.897002 0.0454267
v -140.592 -121.713 776.5
vn -0.661676 0.604894 -0.443045
v -140.605 -121.771 777.194
vn -0.929817 -0.320556 -0.180786
v -141.522 -121.883 779.5
vn -0.819559 -0.515743 -0.249665
v -140.955 -122.004 777.4
vn -0.933163 -0.271492 -0.235584
v -140.959 -121.996 777.4
vn 0.609208 -0.763133 0.215625
v -140.662 -121.759 777.4
vn -0.688964 0.717675 -0.101346
v -140.853 -121.494 777.7
vn -0.633482 0.769108 -0.0846928
v -140.845 -121.457 778.3
vn -0.500901 0.857841 0.114922
v -140.621 -121.849 777.7
vn 0.0661854 -0.872282 -0.484504
v -140.415 -122.324 777.7
vn -0.860371 -0.506456 -0.0571317
v -140.147 -122.482 778.3
vn 0.105947 -0.395851 -0.912183
v -140.205 -122.776 778.421
vn -0.710974 0.697915 -0.0862021
v -141.144 -121.424 780.1
vn 0.642744 0.764923 -0.0420999
v -140.858 -121.519 781.3
vn -0.710831 0.701275 -0.054165
v -141.064 -121.048 784.3
vn -0.959616 -0.263075 -0.0996398
v -141.779 -121.522 786.523
vn -0.968749 -0.0931044 -0.229906
v -142.087 -121.531 787.6
vn -0.771496 -0.563271 -0.295837
v -141.85 -121.859 787.6
vn -0.412044 0.910933 0.0205111
v -141.493 -120.663 789.1
vn -0.336176 0.921177 -0.196009
v -140.953 -120.526 789.1
vn -0.895367 0.0294191 -0.444357
v -141.823 -120.286 790.015
vn -0.554788 0.810683 0.187094
v -141.788 -120.123 790.9
vn -0.899823 -0.200654 -0.387371
v -141.429 -120.676 789.7
vn -0.283289 0.483929 -0.827986
v -141.498 -120.204 790
vn 0.247041 0.961972 -0.116538
v -141.478 -120.107 790.9
vn -0.478004 0.873116 -0.0958196
v -141.261 -120.53 789.7
vn 0.428301 0.872658 -0.234575
v -141.218 -120.326 790.3
vn -0.60519 0.745735 0.278613
v -141.854 -120.432 791.8
vn -0.927848 -0.317454 0.195756
v -141.323 -122.232 861.7
vn -0.551824 0.737012 -0.390261
v -139.71 -118.588 780.1
vn -0.511114 0.743421 -0.431379
v -139.29 -118.473 779.8
vn -0.949054 -0.312819 0.0379661
v -139.741 -118.888 787.3
vn -0.914565 0.220635 -0.338955
v -141.76 -119.992 789.909
vn -0.641527 0.0482751 -0.76558
v -141.512 -120.045 791.5
vn -0.179765 0.96039 -0.21292
v -141.143 -119.973 791.5
vn -0.903819 0.386239 -0.184204
v -139.956 -118.842 793.3
vn -0.375126 0.893211 -0.247902
v -140.795 -118.339 797.2
vn -0.455056 0.866727 -0.204226
v -140.036 -117.598 783.1
vn -0.937439 0.308273 -0.161787
v -139.998 -117.475 784.3
vn -0.460875 0.850658 -0.252934
v -139.712 -117.569 782.5
vn -0.960211 0.118191 -0.253032
v -140.339 -117.227 785.5
vn -0.982284 -0.182896 0.0408195
v -140.459 -117.202 786.1
vn -0.984318 -0.151256 -0.0907687
v -140.181 -117.874 784.6
vn -0.3171 0.929344 -0.189124
v -140.218 -117.064 786.1
vn -0.999467 -0.0326529 -0.000263032
v -139.929 -117.928 787.6
vn -0.980444 -0.123674 0.15308
v -139.981 -117.61 787.3
vn -0.991809 0.127683 0.00338541
v -139.881 -117.631 787.9
vn -0.473578 0.880307 0.0279859
v -139.349 -117.306 787.6
vn -0.985417 -0.136957 -0.100976
v -140.168 -117.877 790.9
vn -0.446982 0.824086 -0.347978
v -140.01 -116.684 791.2
vn -0.107296 0.905405 -0.410766
v -139.725 -116.191 791.8
vn 0.348887 0.906402 -0.238148
v -139.348 -115.859 793
vn -0.848827 -0.528109 0.0243821
v -140.289 -117.545 796.6
vn -0.960166 -0.159907 0.229151
v -141.052 -117.076 870.1
vn -0.959536 -0.0270273 0.280287
v -139.201 -117.163 877.6
vn -0.534693 0.778397 -0.32894
v -139.861 -115.386 793.6
vn -0.141255 0.92965 -0.340291
v -140.753 -115.254 795.7
vn 0.260274 0.953061 -0.154699
v -139.876 -115.454 796
vn 0.298211 0.947019 -0.119268
v -138.984 -115.591 795.7
vn 0.335195 0.889558 -0.310372
v -140.622 -114.639 797.2
vn 0.335997 0.93467 -0.116185
v -138.569 -115.08 799.3
vn 0.308448 0.950979 -0.0223247
v -139.175 -115.043 804.7
vn 0.502414 0.858579 -0.102091
v -139.713 -114.689 806.2
vn 0.0396277 0.998496 -0.0378923
v -139.179 -113.619 812.8
vn 0.925989 0.329346 -0.184596
v -138.782 -114.491 811.3
vn 0.478241 0.865436 -0.14935
v -138.953 -114.002 811.3
vn 0.929157 0.291681 -0.227131
v -138.521 -114.853 811.953
vn 0.110453 0.991054 -0.0749124
v -139.808 -113.696 813.4
vn 0.0199596 0.987695 -0.155112
v -139.77 -113.517 814.3
vn -0.158796 0.968349 -0.192571
v -139.473 -113.561 814
vn 0.331948 0.933956 -0.132427
v -139.452 -113.46 815.5
vn -0.146633 0.9836 -0.105025
v -139.433 -113.373 814.6
vn 0.20314 0.964304 -0.169861
v -139.152 -113.493 814.025
vn -0.0319948 0.999434 0.0104405
v -139.79 -113.609 816.4
vn 0.341427 0.931862 -0.122724
v -139.767 -113.503 817.9
vn -0.147495 0.989049 -0.00527832
v -139.131 -113.394 816.1
vn 0.327839 0.941947 -0.0725045
v -138.518 -113.395 816.1
vn 0.106527 0.991146 -0.0792542
v -138.832 -113.429 820
vn 0.383046 0.923004 -0.0365935
v -138.225 -113.462 819.7
vn 0.265346 0.954773 -0.134166
v -140.285 -113.053 868.9
vn 0.197288 0.979671 0.0363591
v -139.106 -113.279 869.8
vn 0.576964 0.816648 -0.0140592
v -138.584 -113.707 872.8
vn -0.939869 0.0453046 0.338516
v -139.401 -114.666 875.31
vn -0.386044 0.810426 0.440658
v -139.195 -113.697 874.9
vn 0.525858 0.849873 0.0344859
v -138.83 -113.42 873.4
vn 0.139211 0.959833 0.2436
v -138.334 -113.973 875.79
vn -0.679556 0.585567 0.441944
v -138.864 -114.474 876.4
vn 0.82688 0.477247 -0.297497
v -140.147 -112.668 815.8
vn 0.693904 0.684032 -0.224939
v -140.124 -112.296 817
vn 0.957226 0.209504 -0.199567
v -139.876 -113.032 817.9
vn 0.430959 0.876352 -0.215132
v -139.194 -113.177 820.3
vn 0.91713 -0.28277 -0.280917
v -138.965 -112.612 820.371
vn 0.323384 0.946028 -0.0212889
v -139.445 -111.985 821.5
vn 0.326887 0.941534 -0.0815943
v -139.176 -112.162 820.6
vn 0.905878 -0.329596 -0.265992
v -139.016 -112.908 820.6
vn 0.9035 -0.324223 -0.2803
v -138.481 -112.715 822.1
vn 0.867416 0.406555 -0.286885
v -138.334 -112.533 822.7
vn 0.229208 0.961357 -0.152499
v -138.18 -113.251 822.1
vn 0.761719 0.576367 -0.295949
v -138.119 -112.963 822.7
vn 0.667895 0.732587 -0.131272
v -138.037 -112.578 823.9
vn 0.615335 0.766552 -0.18374
v -139.167 -112.121 825.4
vn 0.199263 0.979674 0.0230732
v -139.154 -112.062 826.9
vn 0.404742 0.914274 0.0169055
v -138.335 -112.538 826.6
vn -0.115711 0.988283 0.0995379
v -139.192 -112.24 828.4
vn 0.363513 0.931424 -0.0175735
v -138.29 -112.322 830.5
vn 0.655228 0.740438 -0.149755
v -138.84 -112.025 834.025
vn 0.794686 0.581433 -0.174384
v -138.348 -112.595 834.7
vn 0.162252 0.986185 0.0333603
v -138.723 -111.477 850
vn -0.133881 0.985365 0.105506
v -139.828 -112.345 859.9
vn -0.030895 0.997328 0.0662036
v -138.705 -112.833 864.4
vn 0.427666 0.900334 -0.0806266
v -140.197 -112.64 871
vn -0.971161 -0.237946 0.0150897
v -139.776 -132.989 831.1
vn -0.486422 -0.87131 -0.0649088
v -139.787 -130.84 805.6
vn -0.53222 -0.843376 -0.073891
v -140.037 -130.645 806.5
vn -0.601135 -0.792282 -0.104529
v -139.859 -131.25 817.3
vn -0.89842 -0.439124 0.00334509
v -139.687 -131.781 818.5
vn -0.825215 -0.563359 -0.0405859
v -140.022 -132.016 825.31
vn -0.909563 -0.415154 -0.0184896
v -139.838 -132.592 832
vn -0.799707 -0.600382 0.00316357
v -140.606 -131.876 835
vn -0.599236 -0.797047 0.0750425
v -140.832 -130.054 841
vn -0.913784 -0.373749 0.159093
v -139.835 -130.829 844.9
vn -0.613191 -0.759684 -0.216512
v -140.415 -128.092 791.5
vn -0.111721 -0.937227 -0.330338
v -138.918 -128.264 791.755
vn -0.186471 -0.945996 -0.265179
v -139.717 -129.136 794.5
vn -0.659409 -0.742723 -0.11637
v -140.664 -129.266 798.1
vn -0.436851 -0.886372 -0.153314
v -139.865 -129.833 797.5
vn -0.745753 -0.663504 -0.0601257
v -140.729 -129.571 800.5
vn -0.529104 -0.844533 -0.082537
v -139.89 -129.953 799.3
vn -0.448603 -0.88514 -0.123622
v -140.222 -130.069 801.7
vn -0.76966 -0.636633 -0.0481984
v -140.491 -129.895 810.1
vn -0.801455 -0.575343 0.163248
v -138.912 -128.239 858.1
vn -0.477426 -0.828861 -0.29164
v -138.706 -125.824 784.6
vn -0.702638 -0.65405 -0.280212
v -138.503 -126.312 785.5
vn -0.553679 -0.751541 -0.358645
v -140.591 -126.037 787.3
vn -0.62383 -0.69433 -0.358806
v -140.217 -127.161 788.8
vn -0.22087 -0.895006 -0.387532
v -139.979 -127.485 789.1
vn -0.48762 -0.78572 -0.380618
v -139.87 -126.971 788.2
vn 0.0681 -0.929112 -0.363473
v -139.35 -127.412 789.1
vn -0.631102 0.765457 -0.125641
v -138.176 -123.333 768.1
vn -0.627132 0.772659 -0.0985021
v -139.461 -123.548 770.8
vn -0.427678 0.893251 -0.138544
v -138.903 -123.36 770.5
vn -0.491978 0.0772482 -0.867174
v -138.863 -123.675 770.449
vn -0.866973 0.496575 -0.0420822
v -139.499 -123.233 775.3
vn -0.751134 -0.63642 -0.175407
v -139.723 -123.396 779.5
vn -0.770798 -0.627095 -0.112349
v -139.653 -123.064 777.4
vn -0.832355 -0.54468 -0.102518
v -139.478 -123.686 778.9
vn -0.0658221 -0.924916 -0.374431
v -139.402 -123.328 778
vn -0.0140421 -0.937843 -0.346776
v -139.199 -123.817 779.2
vn -0.132762 -0.928434 -0.346965
v -138.873 -123.723 778.9
vn -0.159414 -0.928199 -0.336206
v -138.914 -123.916 779.5
vn -0.970852 -0.234035 0.0517079
v -138.626 -124.646 779.5
vn -0.818684 -0.539657 -0.19628
v -139.632 -124.125 781
vn 0.0319457 -0.932866 -0.358805
v -139.343 -124.493 780.934
vn 0.0780042 -0.932065 -0.353795
v -139.013 -124.384 780.7
vn -0.537709 -0.787809 -0.300375
v -139.992 -124.662 783.641
vn -0.541512 -0.791047 -0.284623
v -139.486 -125.165 783.7
vn -0.939079 -0.329782 0.0968275
v -140.112 -124.023 865.3
vn -0.863887 -0.48412 0.139021
v -139.937 -124.367 866.5
vn -0.87128 -0.458651 0.174673
v -139.649 -125.042 866.2
vn -0.906717 -0.347921 0.238361
v -139.156 -123.919 870.7
vn -0.619015 -0.77778 0.108991
v -138.833 -124.978 869.2
vn -0.716634 -0.672633 0.184392
v -138.819 -124.911 870.152
vn -0.803535 -0.54989 0.227932
v -138.304 -125.377 869.8
vn -0.727477 0.639335 -0.249053
v -138.781 -121.546 764.8
vn -0.364837 -0.781376 -0.506306
v -138.481 -121.88 765.1
vn -0.643717 0.496635 -0.582222
v -138.372 -121.367 764.5
vn -0.392535 0.720531 -0.571622
v -138.301 -121.034 764.706
vn -0.549133 0.824188 -0.138446
v -138.261 -120.847 765.1
vn 0.658848 -0.21296 -0.721503
v -138.008 -121.097 764.624
vn 0.66757 -0.482943 -0.566672
v -137.683 -121.472 765.1
vn 0.832231 -0.116559 -0.542038
v -137.538 -121.196 765.1
vn -0.405793 0.913416 0.0316728
v -138.261 -120.847 766
vn -0.117258 0.99291 0.0195088
v -138.267 -120.871 767.2
vn -0.969312 -0.237381 0.0639148
v -138.784 -120.931 767.8
vn -0.499808 0.859273 -0.108823
v -138.558 -120.8 767.8
vn -0.871495 0.461852 0.164894
v -138.478 -120.997 769.6
vn 0.480471 0.87672 0.0225833
v -138.067 -121.374 769.6
vn 0.516241 0.856357 0.012171
v -137.487 -121.531 769.3
vn -0.969006 -0.244316 0.0365588
v -138.471 -121.305 770.5
vn 0.00101583 0.946069 0.323962
v -138.052 -121.305 770.5
vn 0.469201 0.876628 -0.10665
v -137.447 -121.523 771.1
vn -0.842915 0.524264 -0.120999
v -138.168 -122.289 773.8
vn -0.472511 -0.634223 -0.611959
v -139.461 -122.628 776.8
vn -0.631722 0.757092 -0.166551
v -139.287 -122.786 776.2
vn -0.157033 -0.870185 -0.467031
v -139.294 -122.97 777.1
vn -0.570668 0.80322 -0.170811
v -138.552 -122.215 776.8
vn -0.73753 -0.670938 -0.0767536
v -139.845 -122.853 777.4
vn -0.80299 -0.588504 -0.0941859
v -139.912 -122.839 777.919
vn -0.636626 0.326137 -0.698814
v -139.849 -122.543 778
vn -0.519652 0.826007 -0.218346
v -139.228 -121.144 784
vn -0.98804 -0.146041 -0.0494947
v -138.918 -120.903 783.7
vn -0.120202 0.922784 -0.36609
v -137.928 -120.723 765.1
vn 0.0461984 0.781828 -0.62178
v -137.625 -120.741 765.1
vn -0.231994 0.971626 0.0460739
v -137.921 -120.686 765.7
vn -0.165197 0.973572 0.157694
v -137.945 -120.803 766.059
vn 0.590309 0.776179 0.221543
v -137.65 -120.859 765.7
vn -0.850486 -0.525992 0.00243416
v -138.936 -120.286 774.1
vn -0.848579 0.498639 -0.176842
v -138.707 -120.641 773.5
vn -0.284168 0.929781 -0.233999
v -138.728 -120.155 774.1
vn 0.00101658 0.946766 -0.321922
v -138.492 -120.489 772.9
vn 0.0280206 0.983826 -0.176923
v -138.095 -120.064 774.4
vn -0.674698 0.731737 -0.0966605
v -138.93 -119.98 775.9
vn -0.892407 -0.451179 0.00693147
v -138.711 -120.64 776.2
vn -0.187696 0.975093 -0.118171
v -138.669 -119.88 775.6
vn -0.907325 -0.418435 -0.0409057
v -139.111 -119.942 778.3
vn -0.546399 0.663343 -0.511297
v -138.964 -119.823 777.7
vn 0.437411 0.744605 -0.504218
v -138.807 -119.086 778.825
vn -0.444834 0.891416 -0.0866036
v -138.607 -119.587 778.3
vn 0.19016 0.978528 -0.0795134
v -138.045 -119.831 777.4
vn 0.402818 0.873528 -0.273288
v -138.955 -118.339 780.4
vn -0.929102 -0.369747 -0.00745419
v -138.81 -120.313 779.8
vn 0.744085 0.484344 -0.46016
v -137.927 -119.274 779.837
vn 0.424725 0.866604 -0.261929
v -137.805 -118.993 780.1
vn 0.833099 0.431824 -0.34565
v -137.617 -119.339 780.4
vn 0.104097 0.992357 -0.0662745
v -137.423 -119.79 779.8
vn -0.919756 -0.392277 -0.0129493
v -139.203 -119.922 787
vn -0.936598 -0.265473 0.228711
v -138.857 -120.303 875.2
vn -0.926452 -0.290033 0.239932
v -138.459 -119.467 878.2
vn 0.199274 0.94481 -0.260046
v -138.579 -116.569 790.6
vn -0.867852 0.354316 0.348273
v -137.034 -117.316 884.2
vn -0.67873 0.640192 0.359833
v -136.474 -116.822 884.8
vn 0.920685 0.295531 -0.254953
v -137.892 -114.68 814.3
vn 0.768236 0.613219 -0.18378
v -138.074 -114.194 814.3
vn 0.906386 0.345113 -0.243643
v -137.084 -115.159 816.7
vn 0.806289 0.562746 -0.18225
v -137.062 -114.857 817.3
vn 0.555885 0.82899 -0.061373
v -136.867 -114.285 820.483
vn 0.671014 0.726276 -0.14921
v -137.656 -113.81 821.8
vn -0.259853 0.941587 0.214222
v -137.947 -113.598 872.2
vn 0.536642 0.843005 0.0368508
v -138.057 -114.116 875.5
vn 0.286257 0.949029 0.13191
v -137.526 -114.502 877.3
vn -0.219077 0.947985 0.23093
v -136.912 -114.582 877.6
vn -0.649615 0.66476 0.368911
v -137.517 -115.374 880
vn -0.30631 0.894592 0.325391
v -137.312 -115.11 879.7
vn 0.0894921 0.975984 0.198612
v -137.036 -115.081 879.7
vn -0.0364361 0.955923 0.291347
v -137.045 -115.126 880
vn 0.163004 0.947893 0.273729
v -136.775 -115.299 880.3
vn 0.020333 0.968432 0.248447
v -136.747 -115.166 879.7
vn -0.53517 0.776381 0.332905
v -137.099 -115.379 880.6
vn 0.481148 0.875872 -0.03666
v -137.794 -112.878 829
vn 0.443888 0.895613 -0.0289895
v -136.084 -113.49 831.4
vn 0.036854 0.997136 0.0660468
v -137.736 -112.603 834.1
vn 0.41172 0.908987 -0.06504
v -137.152 -112.741 833.8
vn 0.323975 0.945865 -0.01951
v -136.554 -112.815 835.6
vn 0.353155 0.935516 0.00957597
v -136.067 -113.408 841.9
vn 0.311374 0.948367 0.0603872
v -135.767 -113.292 841
vn 0.641352 0.762999 -0.0806286
v -137.044 -112.232 843.4
vn 0.421753 0.906225 -0.0296637
v -137.361 -112.284 848.8
vn 0.603802 0.792927 -0.0817897
v -135.957 -112.89 847.6
vn 0.478938 0.87781 -0.00825917
v -135.659 -112.934 850.3
vn 0.263072 0.964537 0.0214862
v -136.836 -112.698 864.1
vn 0.128051 0.99125 0.0320378
v -135.968 -112.943 870.25
vn 0.179145 0.983508 0.0248818
v -135.689 -113.076 868.9
vn -0.11324 0.98563 0.12534
v -136.037 -113.27 873.1
vn -0.469582 -0.87562 -0.113061
v -137.631 -133.752 819.563
vn -0.622568 -0.778811 -0.076562
v -138.135 -134.682 829
vn -0.853239 -0.519962 -0.0402782
v -139.685 -133.317 830.8
vn -0.874917 -0.482403 0.0425159
v -139.358 -133.998 836.8
vn -0.648628 -0.760877 0.0186475
v -138.529 -135.092 836.8
vn -0.752074 -0.652669 -0.0916949
v -137.967 -131.004 796.3
vn -0.694707 -0.695506 -0.18345
v -137.602 -130.731 794.5
vn -0.47636 -0.868439 -0.137461
v -137.189 -131.672 797.5
vn -0.824493 -0.565871 0.00132122
v -138.047 -130.903 799.3
vn -0.892602 -0.450075 0.0263619
v -137.84 -131.253 800.2
vn -0.769702 -0.63697 -0.0427625
v -137.95 -130.923 800.511
vn -0.487836 -0.866032 -0.109567
v -138.599 -131.092 803.188
vn -0.658323 -0.75099 -0.0512331
v -137.625 -131.606 801.7
vn -0.593702 -0.802953 -0.0527695
v -137.251 -131.966 805.6
vn -0.418439 -0.902381 -0.103041
v -138.961 -131.353 808.3
vn -0.440308 -0.893949 -0.0835759
v -138.927 -131.192 806.8
vn -0.469148 -0.876498 -0.10794
v -138.169 -131.957 810.4
vn -0.864253 -0.501854 -0.0347779
v -139.452 -132.751 821.8
vn -0.861625 -0.491096 0.128164
v -139.205 -132.803 843.7
vn -0.968105 -0.136149 0.210322
v -138.837 -130.735 850
vn -0.958657 -0.202214 0.200215
v -138.65 -131.388 850.6
vn -0.908802 -0.398729 -0.122856
v -137.136 -128.54 784.9
vn -0.3271 -0.882848 -0.337024
v -136.703 -129.389 786.4
vn -0.693492 -0.688102 -0.213505
v -138.287 -128.184 788.5
vn -0.697036 -0.682016 -0.221348
v -137.753 -128.557 788.2
vn -0.373814 -0.866277 -0.331402
v -137.423 -129.809 787.9
vn -0.99469 -0.0755228 0.0699147
v -137.411 -129.504 788.8
vn -0.749929 -0.627392 -0.209728
v -137.344 -129.519 789.641
vn -0.554598 -0.797091 -0.238886
v -137.193 -130.777 790.6
vn -0.947521 -0.318965 -0.0215828
v -137.046 -130.809 792.1
vn -0.681461 -0.710301 -0.176306
v -138.604 -129.864 795.7
vn -0.454752 -0.881697 -0.125739
v -138.469 -130.48 799.3
vn -0.788203 -0.591984 0.168198
v -138.275 -129.57 857.8
vn -0.845039 -0.514981 0.143886
v -137.224 -129.544 862.6
vn -0.84744 -0.508109 0.15385
v -137.172 -128.709 865.9
vn -0.600473 -0.775686 -0.194275
v -136.44 -126.708 777.7
vn -0.663989 -0.724297 -0.185774
v -136.344 -127.891 781.6
vn -0.89392 -0.4238 -0.145947
v -137.732 -127.903 785.8
vn -0.854698 -0.444393 0.268339
v -137.092 -127.732 870.1
vn 0.33517 -0.784218 -0.522173
v -136.461 -123.92 769.3
vn -0.727303 -0.654377 0.20693
v -137.968 -125.238 871.6
vn 0.694198 0.706599 0.137136
v -137.19 -121.577 766.183
vn 0.8028 -0.31983 -0.503211
v -136.203 -122.707 768.842
vn 0.667506 0.736575 -0.109053
v -136.924 -121.77 771.7
vn 0.717006 0.643187 -0.268725
v -137.086 -121.089 774.1
vn 0.523226 0.851801 -0.0258679
v -136.118 -122.306 772.6
vn 0.853679 0.454325 -0.254601
v -136.078 -122.12 774.197
vn 0.597569 0.796908 -0.0885963
v -135.87 -122.584 774.1
vn 0.696867 0.698269 -0.163697
v -135.988 -121.696 775.3
vn 0.657192 0.726942 -0.199133
v -135.161 -122.131 778
vn -0.91117 -0.317325 0.262819
v -135.758 -122.495 884.8
vn -0.885541 -0.393163 0.247465
v -135.543 -121.62 886
vn 0.712917 0.622644 -0.32259
v -137.001 -120.69 774.7
vn 0.89241 0.295877 -0.340678
v -136.375 -121.137 775.9
vn 0.151662 0.985047 -0.0817384
v -136.522 -119.879 779.675
vn 0.702398 0.66029 -0.265808
v -135.83 -120.953 778
vn 0.0819762 0.994079 -0.0713211
v -136.804 -119.764 780.4
vn 0.679961 0.686345 -0.258039
v -136.319 -118.922 784.9
vn 0.275693 0.953619 -0.120845
v -135.56 -119.683 784.6
vn 0.185882 0.979301 -0.0801065
v -134.649 -119.724 785.8
vn -0.862402 -0.471857 0.18334
v -136.352 -121.142 883.6
vn -0.83733 -0.515488 0.182072
v -136.416 -120.822 884.985
vn -0.742383 -0.659323 0.119003
v -136.107 -121.194 884.8
vn -0.927272 -0.223083 0.300667
v -135.831 -119.412 888.4
vn -0.657266 0.664438 0.355702
v -136.101 -116.453 884.8
vn -0.367202 0.858795 0.357259
v -135.749 -116.976 886.3
vn -0.113103 0.950094 0.290739
v -135.281 -116.925 886.3
vn -0.51593 0.779661 0.354888
v -135.143 -117.718 888.722
vn -0.221144 0.922419 0.316604
v -135.06 -117.331 887.8
vn -0.319444 0.901201 0.292902
v -134.806 -117.577 888.7
vn -0.459799 0.828704 0.319115
v -134.435 -117.272 888.1
vn 0.430381 0.89163 -0.140599
v -135.752 -116.254 798.7
vn 0.351094 0.935731 -0.0337666
v -135.024 -115.719 810.7
vn 0.348801 0.936094 -0.0454616
v -135.616 -115.617 819.4
vn 0.387883 0.921709 -0.000174269
v -135.736 -114.739 825.1
vn 0.590094 0.801649 -0.095643
v -133.791 -115.689 827.5
vn -0.567766 0.778761 0.266783
v -133.896 -115.223 884.8
vn 0.821048 0.548957 -0.156611
v -135.158 -114.035 833.2
vn 0.597373 0.800078 -0.0549638
v -135.18 -113.563 835.9
vn 0.598053 0.801442 -0.00485319
v -134.946 -113.905 839.8
vn 0.49684 0.867839 -0.00211227
v -134.641 -113.917 844.3
vn 0.565237 0.819579 -0.0937931
v -134.581 -113.633 848.8
vn 0.526925 0.848478 -0.0493454
v -134.081 -114.165 860.8
vn 0.451837 0.890358 -0.0557349
v -134.569 -113.578 863.8
vn 0.449069 0.893174 -0.0240139
v -133.73 -113.957 868.6
vn 0.221186 0.974959 0.0230746
v -134.538 -113.431 874.6
vn -0.0424194 0.991865 0.120017
v -133.957 -113.583 878.2
vn -0.635678 -0.771943 0.0041745
v -136.835 -135.782 835.9
vn -0.526297 -0.843607 -0.106485
v -135.803 -133.812 811.6
vn -0.467986 -0.875373 -0.121292
v -135.97 -134.596 817
vn -0.5831 -0.806477 -0.0979263
v -136.904 -134.213 820.6
vn -0.289284 -0.94415 -0.157781
v -135.862 -135.529 822.7
vn -0.511342 -0.850657 -0.122117
v -137.469 -134.435 824.8
vn -0.643289 -0.762565 -0.0683628
v -137.125 -135.699 830.436
vn -0.679451 -0.724778 0.114211
v -136.736 -135.315 845.2
vn -0.753379 -0.64642 0.120671
v -136.58 -134.581 851.5
vn -0.82043 -0.542738 0.179804
v -135.189 -133.808 864.1
vn -0.647004 -0.757336 -0.0884817
v -134.696 -131.488 788.2
vn -0.122673 -0.936714 -0.327898
v -135.942 -131.578 791.2
vn -0.373886 -0.889194 -0.263709
v -136.589 -131.737 792.4
vn -0.226072 -0.946416 -0.230623
v -134.808 -132.015 792.7
vn -0.147931 -0.970476 -0.190505
v -135.311 -132.939 796.3
vn -0.387283 -0.918049 -0.084842
v -135.303 -132.902 802.3
vn -0.546889 -0.833057 -0.0832341
v -136.501 -132.767 804.7
vn -0.918643 -0.360412 0.16186
v -136.985 -133.275 855.7
vn -0.970355 -0.130533 0.203402
v -136.217 -131.598 860.8
vn -0.917487 -0.359006 0.171266
v -135.419 -131.768 865.3
vn -0.673647 -0.663238 -0.326061
v -136.081 -129.347 784.3
vn -0.793951 -0.512326 -0.327358
v -135.931 -128.899 783.7
vn -0.574273 -0.759788 -0.304849
v -135.773 -129.342 783.7
vn -0.437461 -0.851753 -0.28835
v -134.683 -129.986 784
vn -0.374439 -0.868278 -0.325406
v -134.828 -130.665 785.5
vn -0.719604 -0.691491 -0.0633213
v -134.911 -131.055 788.8
vn -0.970837 -0.137822 0.196165
v -136.42 -130.942 860.256
vn -0.772295 -0.627587 0.098465
v -136.152 -130.999 864.7
vn -0.814951 -0.538815 0.213387
v -135.512 -130.828 869.5
vn -0.816961 -0.532469 0.221476
v -134.603 -131.328 870.7
vn 0.048438 -0.91031 -0.411084
v -134.666 -127.021 776.03
vn -0.662988 -0.729881 -0.166494
v -135.57 -128.055 779.5
vn -0.219442 -0.91012 -0.351465
v -134.956 -128.385 779.2
vn -0.550861 -0.779822 -0.297372
v -135.83 -128.166 781
vn -0.819681 -0.462919 0.337387
v -135.628 -128.657 872.046
vn 0.67564 -0.509897 -0.532462
v -133.473 -124.821 774.1
vn 0.662406 -0.513911 -0.545081
v -134.783 -123.929 771.1
vn 0.68125 0.731172 -0.0358508
v -134.322 -123.413 774.4
vn 0.618448 0.777969 0.110845
v -133.946 -123.63 774.1
vn 0.582632 0.797359 0.157348
v -133.976 -123.772 774.4
vn 0.854899 0.39982 -0.330594
v -133.685 -123.856 774.1
vn 0.880637 0.217375 -0.420983
v -134.78 -121.783 779.711
vn 0.707612 0.66353 -0.242924
v -134.57 -122.747 777.7
vn 0.280579 0.958874 0.0428435
v -133.3 -123.48 777.7
vn 0.682491 0.625932 -0.377381
v -133.606 -122.032 781.444
vn 0.865665 -0.226955 -0.446224
v -134.66 -121.501 779.8
vn 0.846076 0.316239 -0.429125
v -134.014 -121.639 781
vn 0.638777 0.693172 -0.33388
v -133.65 -120.796 783.068
vn 0.351318 0.922416 -0.160389
v -133.467 -119.915 787
vn -0.866226 -0.433462 0.248522
v -132.505 -121.181 897.1
vn 0.467038 0.87414 -0.133249
v -132.448 -119.468 792.4
vn -0.954 -0.211165 0.21282
v -131.966 -117.203 894.1
vn -0.873047 0.355429 0.333855
v -131.692 -117.839 894.7
vn -0.619709 0.693672 0.367124
v -133.093 -119.381 895.3
vn -0.963846 0.0661004 0.258132
v -131.675 -117.535 896.8
vn 0.464502 0.885189 -0.0260511
v -132.801 -116.803 814.6
vn 0.374912 0.926925 -0.0158246
v -132.395 -116.335 824.5
vn 0.489463 0.870097 -0.0579462
v -131.772 -116.288 837.663
vn 0.462017 0.886361 0.0300937
v -133.348 -115.045 844
vn 0.412321 0.911021 -0.0055738
v -132.378 -116.253 842.8
vn 0.392022 0.919566 0.0267783
v -132.217 -115.496 844.3
vn 0.326774 0.945096 0.00350049
v -131.819 -116.51 844
vn 0.918409 0.335478 -0.209713
v -131.941 -115.945 844.6
vn 0.41789 0.908441 0.0101829
v -131.662 -115.772 846.7
vn 0.53311 0.843713 -0.0627824
v -133.067 -115.167 847.6
vn 0.615179 0.78652 -0.0542287
v -131.619 -115.57 850.3
vn 0.590536 0.806742 0.0208597
v -131.201 -115.046 883
vn -0.85752 0.47645 0.19405
v -133.204 -115.37 887.8
vn -0.71085 0.629336 0.314052
v -133.168 -115.991 888.4
vn -0.964408 0.181603 0.192192
v -132.945 -116.039 890.585
vn -0.643364 0.726603 0.241105
v -132.674 -115.789 891.1
vn -0.408023 0.885638 0.221727
v -131.878 -115.348 890.8
vn -0.827752 -0.559799 0.0381046
v -132.425 -116.763 893.2
vn -0.90183 0.335465 0.272332
v -132.107 -116.524 894.1
vn -0.918034 -0.396254 0.0139963
v -131.959 -117.168 895.553
vn -0.854227 -0.51926 -0.025795
v -134.552 -136.86 824.8
vn -0.0969608 -0.977087 -0.189471
v -135.102 -136.285 826.3
vn -0.317298 -0.934672 -0.160343
v -134.827 -136.434 826.9
vn -0.940149 -0.32675 0.0967205
v -134.136 -137.255 827.8
vn -0.947869 -0.301939 0.101868
v -133.945 -137.295 829.3
vn -0.349731 -0.92678 -0.136993
v -135.002 -137.255 831.7
vn -0.66949 -0.742439 0.0238249
v -135.058 -137.521 840.1
vn -0.681761 -0.727371 0.0783167
v -133.66 -138.159 847.3
vn -0.725858 -0.678419 0.11348
v -134.59 -136.763 851.5
vn -0.222173 -0.960193 -0.169321
v -132.822 -134.215 803.5
vn -0.538471 -0.840886 -0.054401
v -133.427 -134.178 805
vn -0.422268 -0.894345 -0.147775
v -134.691 -134.35 811.9
vn -0.444636 -0.885763 -0.133124
v -135.131 -134.977 817.6
vn -0.187081 -0.966892 -0.173551
v -135.008 -135.842 824.185
vn -0.905767 -0.421284 -0.0458875
v -134.766 -136.147 823.3
vn -0.733242 -0.661696 0.156571
v -133.598 -134.98 865
vn -0.258095 -0.945969 -0.196289
v -134.144 -131.778 788.5
vn -0.171859 -0.972346 -0.158139
v -133.562 -131.925 788.8
vn -0.464487 -0.881049 -0.089469
v -134.178 -131.938 790.3
vn -0.0552712 -0.989876 -0.13073
v -134.469 -133.305 797.8
vn -0.0932899 -0.984483 -0.148624
v -133.238 -133.288 798.4
vn -0.465326 -0.884269 -0.0392514
v -134.76 -133.233 799.9
vn -0.108829 -0.987607 -0.11309
v -132.971 -133.474 799.9
vn -0.577848 -0.815544 -0.0313036
v -133.933 -133.672 805.3
vn -0.420542 -0.898998 -0.122263
v -133.969 -133.842 807.1
vn -0.812394 -0.546497 0.203363
v -133.922 -133.62 869.176
vn -0.86676 -0.448364 0.218395
v -132.721 -132.648 876.7
vn -0.0721287 -0.925287 -0.372346
v -133.422 -129.823 781.9
vn 0.353004 -0.798153 -0.488201
v -133.454 -127.087 776.5
vn -0.849748 -0.475802 0.227028
v -132.569 -129 882.1
vn 0.459819 0.887794 0.0196826
v -132.067 -124.892 777.4
vn 0.637382 0.750802 -0.173322
v -132.073 -124.919 778
vn 0.864431 0.208946 -0.457275
v -131.526 -125.235 777.591
vn 0.658629 0.722974 -0.208605
v -130.953 -125.421 779.2
vn 0.461474 0.882426 -0.0914654
v -131.864 -123.936 781.966
vn 0.706807 0.534734 -0.463124
v -131.623 -123.067 782.5
vn 0.814209 0.100698 -0.571773
v -131.508 -123.705 782.469
vn -0.909012 -0.304239 0.284845
v -131.146 -122.555 899.5
vn -0.921436 -0.310921 0.232988
v -131.096 -124.099 898.6
vn -0.921607 -0.28441 0.264106
v -130.518 -122.689 901.3
vn 0.455008 0.84934 -0.267562
v -131.499 -120.776 787.9
vn 0.188937 0.981168 0.0401594
v -131.521 -120.882 789.1
vn 0.569795 0.736018 -0.365529
v -130.159 -121.689 787
vn 0.316999 0.943695 -0.0946065
v -131.914 -119.845 790.6
vn 0.867786 0.332895 -0.368956
v -131.808 -120.789 789.4
vn 0.900627 0.134889 -0.41313
v -131.264 -120.383 790.9
vn 0.218424 0.975853 0.00155398
v -131.24 -121.002 790.05
vn 0.430646 0.8978 -0.0921872
v -130.982 -120.136 791.5
vn -0.149933 0.979249 0.136349
v -130.931 -120.988 790
vn 0.0861849 0.99528 0.0446105
v -129.989 -120.887 790.9
vn 0.933342 0.121041 -0.337967
v -130.668 -120.51 792.4
vn 0.447586 0.877594 -0.171743
v -130.314 -120.975 793
vn 0.278821 0.959725 0.0344511
v -131.326 -119.965 794.8
vn 0.546667 0.832904 -0.0861799
v -130.859 -117.764 807.1
vn 0.488855 0.87228 -0.0122069
v -129.765 -118.39 811
vn -0.966393 0.0237319 0.255972
v -131.283 -118.318 898.3
vn -0.493404 -0.851358 -0.178165
v -131.239 -118.11 897.7
vn 0.0329599 -0.991602 -0.125057
v -131.068 -118.278 898.6
vn -0.900283 0.184476 0.394282
v -131.123 -117.959 898.9
vn -0.954824 0.0307948 0.295571
v -130.814 -118.332 897.4
vn -0.160917 -0.980219 -0.115223
v -130.959 -118.236 898.3
vn -0.651443 0.60292 0.460554
v -130.26 -117.836 900.225
vn 0.11521 0.945462 0.304678
v -129.936 -117.754 900.1
vn 0.762466 0.62879 -0.152545
v -129.893 -117.551 829
vn 0.415828 0.909443 0.000996558
v -131.059 -117.266 834.1
vn 0.588535 0.80191 -0.102797
v -130.748 -117.246 838
vn 0.675569 0.73261 -0.0829994
v -131.107 -116.048 848.2
vn 0.87084 0.47146 -0.139151
v -130.291 -116.909 850.6
vn 0.582912 0.811345 -0.0439535
v -130.975 -115.425 870.1
vn 0.455831 0.885248 0.0924921
v -131.011 -115.594 890.5
vn 0.746331 0.66481 0.031894
v -130.271 -116.442 892.6
vn -0.520256 0.808559 0.274892
v -130.921 -116.615 896.8
vn -0.82781 0.438395 0.350056
v -131.338 -117.3 898
vn 0.0539845 0.938026 0.342335
v -130.723 -117.124 898.615
vn 0.350029 0.91662 0.193101
v -130.118 -117.164 898.6
vn -0.226652 -0.961055 -0.158121
v -132.361 -139.259 831.7
vn -0.752313 -0.658264 0.0267322
v -131.905 -140.003 836.8
vn -0.371519 -0.926691 -0.0567259
v -132.357 -139.241 838.9
vn -0.466438 -0.884414 -0.0157604
v -132.434 -139.457 841.6
vn -0.549057 -0.829427 -0.102899
v -133.412 -138.436 829
vn -0.321142 -0.93315 -0.161555
v -131.937 -138.712 828.7
vn -0.905758 -0.413225 0.0940591
v -133.365 -138.339 831.7
vn -0.633452 -0.771735 -0.0562422
v -133.336 -138.079 833.2
vn -0.751593 -0.658325 0.041431
v -132.284 -139.182 835.9
vn -0.483722 -0.872586 -0.0678705
v -132.905 -138.937 837.4
vn -0.491295 -0.862129 -0.123943
v -132.452 -135.363 810.1
vn -0.792617 -0.58806 0.16107
v -131.42 -136.605 870.4
vn -0.792337 -0.579246 0.191508
v -131.636 -135.026 873.7
vn 0.0720708 -0.963862 -0.256467
v -130.497 -133.428 793.3
vn -0.298856 -0.945897 -0.126348
v -132.33 -133.345 796.225
vn -0.233883 -0.960775 -0.149028
v -132.408 -133.709 801.1
vn -0.775971 -0.594043 0.21209
v -130.668 -134.184 879.7
vn -0.109894 -0.952399 -0.284358
v -131.967 -131.637 786.7
vn 0.288532 -0.874828 -0.389134
v -130.657 -131.247 786.15
vn -0.893463 -0.430603 0.127692
v -128.908 -124.871 907.9
vn 0.629793 0.724897 -0.27908
v -128.281 -122.551 788.8
vn 0.28639 0.957717 -0.0275694
v -129.447 -121.222 790.3
vn 0.44933 0.879432 -0.157172
v -129.126 -121.156 789.4
vn 0.368939 0.92863 -0.0391104
v -128.553 -121.345 793.3
vn 0.563483 0.815047 -0.134855
v -129.631 -120.644 795.7
vn 0.188181 0.98201 -0.0156332
v -129.153 -121.285 794.2
vn 0.27949 0.958698 0.0527638
v -129.586 -120.433 797.571
vn 0.0517757 0.988427 0.142585
v -129.084 -120.959 799.9
vn 0.316798 0.948246 -0.0216339
v -129.092 -120.996 800.2
vn 0.301466 0.953432 -0.00921244
v -128.496 -121.079 801.1
vn 0.33555 0.941992 0.00763382
v -128.465 -120.932 799.9
vn 0.609296 0.777099 -0.15772
v -128.418 -120.712 803.8
vn -0.809911 0.440916 0.38683
v -129.197 -122.356 907
vn -0.81883 0.412998 0.398686
v -127.532 -120.87 908.88
vn 0.700201 0.700913 -0.135789
v -128.829 -119.76 806.8
vn 0.50554 0.857361 -0.0967575
v -128.282 -120.07 807.1
vn 0.480439 0.875817 -0.046089
v -129.274 -118.966 829.365
vn 0.407509 0.911125 -0.0615464
v -128.512 -119.434 827.8
vn 0.914483 0.320323 -0.247215
v -128.867 -118.439 831.1
vn 0.534317 0.838271 -0.10866
v -128.148 -119.205 833.2
vn 0.358775 0.932487 -0.0418182
v -127.352 -118.581 843.1
vn 0.693241 0.718367 -0.0580103
v -128.493 -118.176 855.4
vn 0.464461 0.88382 0.0560112
v -127.563 -118.129 874.6
vn 0.637021 0.766517 0.0815831
v -127.111 -118.891 878.8
vn 0.806391 0.587823 0.0647914
v -128.018 -118.828 889
vn 0.773751 0.63234 0.0381553
v -128.481 -118.521 894.7
vn 0.81534 0.577652 0.0392289
v -127.856 -119.881 894.1
vn 0.718263 0.687418 0.107494
v -127.644 -119.957 893.2
vn 0.894733 0.437278 -0.0907769
v -129.006 -118.103 897.1
vn 0.745115 0.666478 0.0247187
v -128.869 -118.503 896.5
vn 0.687003 0.725926 0.0325399
v -127.59 -119.7 898.9
vn 0.734242 0.678821 0.00950902
v -127.336 -119.95 899.8
vn -0.398293 -0.910927 -0.107587
v -129.379 -119.459 902.8
vn -0.866588 0.364778 0.340534
v -129.158 -120.217 903.4
vn 0.657153 0.7499 0.076163
v -127.559 -119.558 904.3
vn -0.74189 -0.66679 0.070639
v -128.505 -120.049 906.4
vn -0.703686 0.630946 0.326701
v -128.333 -119.779 906.4
vn -0.79915 0.37621 0.468855
v -128.129 -119.351 905.2
vn 0.599738 0.794939 0.091577
v -127.579 -119.65 905.8
vn 0.60528 0.776629 -0.174596
v -128.428 -117.873 843.7
vn 0.462053 0.883581 -0.0761011
v -128.322 -117.374 845.8
vn 0.34228 0.938108 0.0528963
v -127.758 -117.608 849.7
vn 0.617749 0.786023 -0.0235447
v -128.936 -117.377 869.8
vn 0.350354 0.932282 0.0900118
v -128.136 -117.943 874.9
vn 0.83206 0.549797 -0.0734811
v -127.899 -118.031 877
vn 0.776492 0.630069 0.00862548
v -127.706 -118.072 878.8
vn -0.313451 -0.943169 -0.110362
v -131.218 -139.655 833.5
vn -0.649767 -0.760098 0.00733152
v -130.173 -140.51 835.6
vn -0.214844 -0.969879 -0.11479
v -130.532 -140.755 838.9
vn -0.74779 -0.658095 0.087869
v -129.619 -140.788 838.9
vn -0.701688 -0.698346 0.141233
v -129.395 -141.181 838.9
vn -0.653045 -0.748421 0.115756
v -129.31 -141.041 839.5
vn -0.738598 -0.672338 0.0493436
v -131.287 -139.981 843.7
vn -0.73663 -0.674691 0.0465613
v -131.121 -140.641 842.5
vn -0.900243 -0.421815 0.107863
v -131.054 -140.329 844.3
vn -0.376487 -0.926183 -0.0210415
v -130.032 -141.292 845.2
vn -0.765735 -0.628253 0.137648
v -128.842 -138.993 874.3
vn -0.706165 -0.693958 0.140547
v -129.137 -138.521 875.8
vn -0.770141 -0.577959 0.269901
v -128.592 -133.075 889.9
vn 0.374922 -0.871806 -0.315258
v -127.405 -131.816 790.9
vn -0.83587 -0.477689 0.270434
v -128.325 -130.374 895.6
vn 0.563112 -0.64928 -0.511214
v -128.428 -128.347 783.1
vn 0.590437 -0.691889 -0.41554
v -126.931 -129.585 786.659
vn -0.351385 -0.921196 0.167112
v -127.978 -130.184 897.1
vn -0.829321 -0.491477 0.265851
v -127.694 -130.293 897.1
vn -0.800747 -0.564368 0.200731
v -127.349 -130.11 899.222
vn -0.856088 -0.492661 0.1562
v -128.023 -128.74 900.4
vn -0.987452 -0.132729 0.085565
v -127.53 -128.538 905.8
vn -0.987039 -0.103814 0.12238
v -127.393 -128.874 907.196
vn 0.861681 0.227639 -0.453526
v -127.437 -127.944 784
vn 0.68023 0.692804 -0.239393
v -127.314 -125.619 786.1
vn 0.400616 0.916069 -0.0180026
v -127.321 -125.652 786.7
vn 0.683697 0.689638 -0.238659
v -126.73 -125.947 787.6
vn -0.805789 -0.583736 0.0997789
v -128.203 -125.474 908.8
vn -0.953823 -0.258326 0.153264
v -127.565 -126.383 910.3
vn -0.948849 -0.295014 0.112481
v -127.39 -127.42 910
vn -0.767946 -0.639192 0.0411402
v -127.7 -125.993 912.4
vn -0.942559 -0.333868 0.010742
v -127.516 -127.007 911.8
vn -0.926502 -0.360868 0.106622
v -127.194 -126.462 912.1
vn -0.937241 0.281274 0.206067
v -126.698 -127.488 915.7
vn -0.983586 -0.0728109 0.165095
v -126.644 -128.113 917.8
vn -0.98246 0.172692 0.0703589
v -126.618 -127.811 917.5
vn -0.865037 -0.498799 0.0539435
v -126.602 -128.04 916.9
vn -0.960242 0.123686 0.250273
v -126.36 -126.333 920.5
vn -0.845373 -0.530439 0.0630767
v -126.361 -126.946 920.8
vn 0.735348 0.51792 -0.437061
v -127.637 -125.448 787
vn -0.93852 -0.320324 0.128737
v -127.653 -125.444 915.1
vn -0.595857 0.694775 0.402793
v -126.27 -123.592 914.471
vn 0.364009 0.927611 -0.0838786
v -126.757 -122.997 790.6
vn 0.735853 0.581354 -0.347201
v -126.5 -123.229 790.3
vn 0.349841 0.93676 -0.00963973
v -127.416 -121.769 794.2
vn 0.807486 0.547735 -0.218981
v -126.174 -123.14 794.2
vn 0.369389 0.928935 -0.0251394
v -127.419 -121.783 798.7
vn 0.657522 0.738248 -0.150512
v -125.822 -122.46 797.2
vn 0.422355 0.905441 -0.0423442
v -125.704 -122.372 798.4
vn 0.596787 0.789434 -0.143661
v -125.337 -122.563 799
vn 0.722328 0.6615 -0.201642
v -127.238 -120.932 807.581
vn 0.894746 0.346971 -0.28114
v -125.659 -122.161 810.4
vn 0.376435 0.926196 -0.0213993
v -125.127 -121.1 827.5
vn 0.969703 0.24267 -0.0280548
v -126.597 -121.375 888.7
vn 0.854688 0.513561 0.0759175
v -126.503 -121.8 888.7
vn 0.702006 0.710332 0.0511424
v -125.531 -123.442 892.3
vn 0.831041 0.554529 0.0432331
v -126.594 -121.069 893.2
vn 0.890227 0.453707 -0.0405618
v -125.941 -123.048 894.1
vn 0.570035 0.819558 0.0581788
v -125.603 -123.338 893.8
vn 0.69158 0.716154 0.0940261
v -127.235 -120.919 897.1
vn 0.943341 -0.18584 -0.274902
v -126.988 -120.985 898.9
vn 0.631532 0.768144 0.105461
v -126.503 -121.8 899.2
vn 0.72764 0.685169 0.0329226
v -125.885 -122.447 899.2
vn 0.755156 0.654157 0.042638
v -125.59 -123.278 899.2
vn 0.666684 0.729688 0.151948
v -125.558 -123.127 898.3
vn 0.617476 0.778265 0.114139
v -126.63 -121.982 900.7
vn 0.897827 -0.335716 -0.28496
v -126.542 -121.387 900.4
vn 0.891331 -0.300421 -0.339524
v -126.647 -121.038 899.8
vn 0.958119 -0.157111 -0.239426
v -126.453 -121.099 900.4
vn 0.944539 -0.217715 -0.245858
v -126.405 -122.029 901.9
vn 0.552552 0.823515 0.128485
v -126.908 -120.823 903.1
vn 0.592623 0.798768 0.103769
v -126.083 -122.711 903.344
vn 0.951916 -0.127714 -0.27847
v -125.862 -122.451 904
vn 0.415728 0.90046 0.127839
v -125.546 -123.072 903.1
vn 0.950428 0.30358 -0.0672732
v -125.965 -122.159 906.7
vn 0.376816 0.913828 0.151422
v -125.839 -121.562 904.9
vn 0.0946828 0.93857 0.331847
v -125.896 -121.831 905.826
vn 0.976909 0.0226419 -0.212451
v -125.727 -122.787 904.9
vn 0.784388 0.617508 -0.0584667
v -125.527 -122.216 906.7
vn 0.964092 0.177794 -0.19727
v -125.373 -123.169 906.4
vn 0.85437 0.516466 0.0575805
v -125.399 -122.55 904.9
vn 0.801827 0.594862 -0.0566822
v -126.548 -121.079 908.2
vn 0.879727 0.45918 -0.123429
v -125.818 -122.154 908.8
vn 0.819005 0.541945 -0.188484
v -125.888 -121.797 909.1
vn -0.696155 0.585034 0.416056
v -126.556 -121.997 911.2
vn 0.987301 0.142851 -0.0695002
v -125.728 -122.485 909.4
vn 0.855775 -0.432538 -0.28383
v -125.534 -122.214 909.4
vn 0.819512 0.535574 -0.203865
v -125.385 -122.553 910.6
vn -0.555352 0.774554 0.302736
v -125.652 -122.803 913.9
vn -0.555468 0.727581 0.402593
v -125.697 -122.34 913
vn -0.0474008 0.92578 0.37508
v -125.636 -122.051 911.8
vn 0.31109 0.920106 0.237966
v -125.434 -122.543 913.279
vn 0.600943 0.764 -0.234884
v -125.105 -120.995 815.5
vn 0.583949 0.807674 -0.0816523
v -125.986 -120.813 817.6
vn 0.876413 0.422812 -0.2305
v -126.038 -120.574 818.2
vn 0.603342 0.78797 -0.12281
v -125.99 -119.971 819.4
vn 0.437848 0.896217 -0.0713012
v -126.116 -119.98 829.3
vn 0.420225 0.905879 -0.0528607
v -127.019 -119.903 832.3
vn 0.820807 0.52846 -0.21681
v -126.57 -119.234 839.619
vn 0.738484 0.654746 -0.161089
v -126.783 -118.789 839.8
vn 0.510291 0.855366 -0.089178
v -126.485 -118.833 841.6
vn 0.736243 0.636072 -0.230998
v -125.968 -119.286 841.3
vn 0.786827 0.544113 -0.291279
v -124.656 -119.641 844
vn 0.469045 0.881523 -0.0539765
v -126.12 -118.556 847.9
vn 0.719385 0.69461 -0.001552
v -125.233 -120.157 873.1
vn 0.60179 0.791235 0.10861
v -126.793 -118.88 877.9
vn 0.738086 0.647029 0.191266
v -126.493 -120.312 883.3
vn 0.879647 0.47226 0.056489
v -126.784 -120.722 886.9
vn 0.814362 0.579844 -0.0244068
v -127.015 -120.366 898.3
vn -0.237446 -0.964883 -0.112342
v -127.614 -141.456 833.8
vn -0.446283 -0.888677 -0.105285
v -129.121 -141.333 836.8
vn -0.147574 -0.985627 -0.0822212
v -127.995 -141.807 837.1
vn -0.111095 -0.991304 -0.0705264
v -127.004 -141.476 835
vn -0.451143 -0.892005 0.0282217
v -128.302 -141.809 838.9
vn -0.361016 -0.930957 -0.0546466
v -129.084 -141.158 841.6
vn -0.653461 -0.753679 0.070406
v -129.101 -141.241 856.9
vn -0.686138 -0.702467 0.18909
v -127.672 -140.289 877
vn -0.329108 -0.928637 -0.171234
v -127.213 -138.13 815.5
vn -0.6539 -0.740829 0.153581
v -128.261 -138.731 878.2
vn -0.772801 -0.59896 0.209822
v -127.239 -139.027 881.5
vn -0.748235 -0.625819 0.220215
v -127.846 -137.978 883.3
vn -0.709833 -0.647369 0.277578
v -126.101 -138.656 886.3
vn -0.761146 -0.567852 0.31337
v -126.259 -137.968 886.9
vn -0.751865 -0.590247 0.293781
v -126.63 -133.943 892.275
vn 0.435169 -0.829474 -0.350143
v -124.94 -131.763 794.2
vn -0.807351 -0.536696 0.245238
v -127.013 -132.328 895.9
vn -0.864323 -0.467772 0.184758
v -126.63 -131.183 899.2
vn -0.61581 -0.76146 0.202377
v -125.487 -132.894 898.3
vn -0.838605 -0.521528 0.157319
v -126.023 -131.618 901.6
vn 0.919349 -0.0551196 -0.389563
v -124.492 -128.877 790.9
vn 0.704249 -0.588268 -0.39746
v -124.472 -130.721 793
vn -0.583689 -0.811087 0.03802
v -126.327 -129.63 910.6
vn -0.456762 -0.889577 0.0045816
v -125.473 -129.942 912.1
vn -0.940911 -0.327496 0.0862112
v -125.233 -130.559 912.4
vn -0.956155 -0.269541 0.114524
v -126.003 -128.862 915.4
vn -0.909295 -0.399529 0.116441
v -125.501 -130.077 918.7
vn -0.578006 -0.815948 0.0117449
v -125.009 -130.648 918.4
vn -0.831966 -0.551919 0.0567362
v -125.818 -128.679 919.9
vn -0.947844 -0.199035 0.248953
v -125.628 -129.555 919
vn -0.683322 -0.727826 0.0577918
v -125.544 -128.96 919.6
vn 0.691429 -0.069515 0.719093
v -125.507 -128.661 919.935
vn -0.236111 -0.706553 0.667108
v -125.276 -129.017 919.675
vn -0.807073 -0.529646 0.260976
v -125.246 -130.319 919.3
vn 0.622415 -0.205473 0.755236
v -124.939 -130.315 919.133
vn 0.867235 0.359143 -0.344847
v -125.727 -126.774 788.5
vn 0.921228 0.285806 -0.263919
v -124.48 -127.039 791.5
vn 0.930804 0.265938 -0.250762
v -124.243 -126.783 794.5
vn -0.946767 -0.300625 0.115138
v -126.312 -128.118 914.8
vn -0.970275 -0.220434 0.099875
v -126.098 -127.615 920.2
vn 0.68404 -0.0194579 0.729185
v -125.951 -126.42 920.458
vn -0.922633 -0.286876 0.25778
v -125.969 -127.949 920.397
vn -0.573888 -0.66003 0.484782
v -125.907 -127.656 920.371
vn -0.113157 -0.591684 0.798189
v -125.738 -128.305 920.188
vn 0.707311 -0.0370519 0.705931
v -125.676 -128.012 920.16
vn 0.823844 0.349023 -0.446613
v -125.639 -124.952 790.597
vn 0.914686 0.243544 -0.322545
v -124.947 -125.406 791.8
vn 0.883977 0.348855 -0.311263
v -125.003 -125.088 791.8
vn 0.918787 0.261187 -0.295991
v -123.878 -125.327 795.695
vn 0.884572 0.437308 0.162155
v -123.72 -124.582 884.8
vn 0.87968 0.465823 0.0957737
v -124.656 -123.935 889.6
vn 0.703662 0.691762 0.162251
v -123.592 -125.423 887.8
vn 0.823809 0.562583 0.0695618
v -124.614 -124.459 892.3
vn 0.88061 0.462784 0.101765
v -124.301 -125.544 890.2
vn 0.542313 0.823555 0.166292
v -124.018 -125.985 890.8
vn 0.677113 0.732861 0.0665787
v -125.333 -123.51 894.1
vn 0.876732 0.479888 -0.0323876
v -124.066 -126.207 893.025
vn 0.915219 0.39006 -0.101129
v -123.674 -126.29 894.7
vn 0.614167 0.780427 0.117186
v -125.372 -123.694 895
vn 0.660599 0.741478 0.117554
v -124.722 -125.147 895.9
vn 0.942279 0.304269 -0.139752
v -124.598 -124.867 896.5
vn 0.724946 0.683725 0.0835034
v -124.463 -125.19 895
vn 0.973658 0.130892 -0.186701
v -124.852 -124.506 899.2
vn 0.970789 0.130604 -0.201275
v -124.266 -125.244 897.7
vn 0.962752 0.14461 -0.228466
v -124.368 -124.742 897.4
vn 0.531742 0.837514 0.125785
v -124.183 -124.955 898.6
vn 0.974347 0.101092 -0.201069
v -124.7 -124.862 899.8
vn 0.476671 0.869654 0.128402
v -124.425 -124.29 901.9
vn 0.493594 0.859275 0.134208
v -124.169 -125.253 900.1
vn 0.968994 0.11874 -0.216683
v -123.945 -125.313 903.1
vn 0.984277 0.143768 -0.102618
v -123.683 -125.061 904.3
vn 0.414243 0.898055 0.147988
v -125.198 -123.819 906.7
vn 0.534702 0.838604 0.104105
v -124.75 -123.654 905.5
vn 0.39477 0.903253 0.168202
v -123.843 -125.159 905.2
vn 0.943748 0.329501 0.027717
v -123.611 -125.51 904.6
vn 0.697881 0.714755 0.0456917
v -123.793 -124.925 909.1
vn 0.702876 0.710389 0.0362392
v -124.461 -123.739 911.2
vn 0.908055 0.418819 0.00523062
v -124.115 -124.356 910.9
vn 0.954458 0.123349 -0.271652
v -123.764 -125.044 911.2
vn 0.924427 0.369255 -0.0953221
v -124.516 -123.964 913
vn 0.637895 0.680012 0.361488
v -124.546 -124.138 912.1
vn 0.195533 0.904424 0.379189
v -124.247 -124.173 912.1
vn 0.815535 0.578204 -0.0241244
v -124.278 -124.322 912.481
vn 0.340994 0.898363 0.276887
v -123.941 -124.393 912.4
vn 0.994811 0.0939047 -0.0391586
v -124.347 -124.614 914.2
vn 0.943445 0.32904 -0.0405427
v -124.262 -124.018 915.1
vn 0.961603 -0.196088 -0.192014
v -124.3 -124.93 915.7
vn 0.977308 -0.172202 -0.12335
v -124.146 -124.656 916
vn 0.973827 -0.151308 -0.169609
v -124.278 -124.322 914.943
vn 0.953264 -0.175116 -0.246215
v -124.09 -124.362 915.7
vn 0.417256 0.794702 0.440848
v -124.18 -124.343 916.3
vn 0.978855 0.1773 -0.102015
v -124.116 -125.003 916.3
vn 0.315834 0.88023 0.354181
v -123.871 -125.022 914.8
vn 0.607071 0.786147 0.115922
v -123.904 -125.448 916.3
vn 0.343357 0.893939 0.28806
v -123.786 -124.893 914.5
vn 0.969357 -0.0928084 -0.22745
v -123.544 -125.704 915.1
vn 0.471425 0.860323 0.193913
v -123.617 -125.538 916.3
vn 0.976985 -0.0609003 -0.204429
v -123.523 -125.096 914.676
vn -0.40563 0.839997 0.360373
v -125.33 -124.94 918.4
vn 0.0392743 0.925199 0.377445
v -124.921 -124.461 917.5
vn -0.294078 0.903038 0.313115
v -124.696 -124.846 918.724
vn 0.953057 0.290082 0.0868062
v -124.06 -125.288 918.1
vn 0.409084 0.834972 0.368065
v -124.109 -124.971 918.281
vn 0.850561 0.109328 0.514387
v -124.003 -125.914 918.314
vn 0.770408 0.572015 0.28155
v -123.707 -125.67 917.5
vn -0.451366 0.817951 0.356686
v -125.456 -125.533 919.6
vn 0.740087 0.00131157 0.672509
v -125.177 -125.664 919.607
vn -0.409785 0.856728 0.3132
v -125.066 -125.143 919.3
vn 0.76407 0.0557424 0.64272
v -124.759 -125.14 919.145
vn 0.676802 0.69684 -0.237387
v -125.245 -123.098 798.1
vn 0.637622 0.75071 -0.172835
v -124.382 -123.367 798.7
vn 0.271763 0.960596 0.0583045
v -124.806 -122.477 810.7
vn 0.681582 0.699537 -0.214697
v -124.877 -121.365 814
vn 0.767691 0.520355 -0.374006
v -123.092 -121.625 818.2
vn 0.890534 0.266091 -0.368977
v -122.754 -122.192 818.5
vn 0.133981 0.990316 0.0363751
v -124.002 -121.579 821.5
vn 0.780304 0.598444 -0.18163
v -123.725 -121.72 824.2
vn 0.152536 0.985467 0.0747534
v -123.084 -121.588 823.3
vn 0.642113 0.760439 -0.0970786
v -122.825 -121.815 827.8
vn 0.649694 0.757082 0.0687446
v -123.963 -121.628 875.2
vn 0.411302 0.897547 0.15887
v -122.993 -122.604 877.3
vn 0.659832 0.72413 0.200644
v -123.32 -122.697 878.5
vn 0.936356 0.313086 0.158789
v -123.747 -123.208 881.8
vn 0.813565 0.540948 0.213277
v -123.966 -122.854 882.159
vn 0.480318 0.826727 0.292945
v -123.667 -123.531 881.8
vn 0.878546 0.422172 0.223446
v -123.798 -123.504 882.75
vn 0.533152 0.803337 0.265328
v -123.263 -123.874 882.1
vn 0.965644 0.199492 -0.166536
v -125.288 -123.301 898
vn 0.844654 0.532224 -0.0574219
v -124.74 -123.61 904.313
vn -0.280579 -0.667979 -0.68926
v -125.044 -122.932 906.4
vn -0.280579 -0.667979 -0.68926
v -124.914 -122.986 906.4
vn -0.280579 -0.667979 -0.68926
v -124.909 -122.961 906.373
vn 0.507415 0.850278 0.139851
v -125.187 -122.827 908.8
vn 0.937964 0.245138 -0.245217
v -124.909 -122.961 908.381
vn 0.946844 0.187613 -0.261319
v -124.358 -123.691 909.7
vn 0.592424 0.802266 0.0735063
v -125.117 -122.497 912.1
vn -0.0236204 0.867043 0.497673
v -125.077 -123.538 915.7
vn -0.578514 0.73159 0.36069
v -125.172 -122.754 914.8
vn 0.933222 0.259961 -0.248028
v -123.868 -121.342 824.5
vn 0.895088 0.417796 -0.155766
v -123.726 -121.372 825.1
vn 0.947664 0.243917 -0.206005
v -123.886 -121.031 824.462
vn 0.534249 0.845209 0.0141215
v -123.891 -121.057 825.4
vn 0.548358 0.833395 -0.0689651
v -124.173 -121.277 831.1
vn 0.477439 0.87733 -0.0484134
v -124.493 -121.005 834.4
vn 0.710077 0.673851 -0.204242
v -124.615 -120.136 843.4
vn 0.879168 0.316558 -0.356167
v -124.285 -120.026 844.789
vn 0.891303 0.287006 -0.351009
v -123.623 -120.167 846.1
vn 0.90684 0.022087 -0.420895
v -123.501 -119.886 846.4
vn 0.511729 0.856022 -0.0732149
v -123.26 -119.532 848.2
vn 0.875341 0.421341 -0.237171
v -122.938 -120.619 847.6
vn 0.922646 0.252273 -0.291689
v -122.875 -120.326 847.9
vn 0.567072 0.816278 -0.110088
v -122.908 -120.762 847
vn 0.308228 0.945131 0.108267
v -124.512 -121.092 871.9
vn 0.362609 0.922699 0.130926
v -122.771 -121.558 872.2
vn 0.730922 0.67683 0.0874865
v -124.794 -120.975 877.9
vn -0.0285499 -0.977319 -0.209838
v -124.53 -141.379 827.2
vn -0.39691 -0.912316 -0.100708
v -126.418 -141.605 831.4
vn -0.261929 -0.958115 -0.115798
v -125.619 -142.173 833.2
vn -0.365673 -0.928984 -0.0572014
v -126.221 -142.121 838.9
vn -0.194304 -0.979995 -0.0430753
v -126.521 -142.087 840.4
vn -0.463111 -0.886237 -0.0106089
v -125.984 -142.445 843.4
vn -0.415345 -0.908576 -0.0444661
v -125.183 -143.008 842.2
vn -0.215028 -0.976044 -0.0331934
v -126.321 -142.589 847.9
vn -0.441846 -0.895197 0.0582641
v -125.104 -142.855 847.3
vn -0.270038 -0.96268 0.0180685
v -125.132 -142.765 848.8
vn -0.327996 -0.944671 -0.00392638
v -126.374 -142.837 856
vn -0.479944 -0.866118 0.139619
v -125.734 -141.801 876.1
vn -0.397607 -0.905769 -0.146603
v -124.305 -140.32 822.7
vn -0.172475 -0.957857 -0.2297
v -126.122 -140.211 823
vn -0.741555 -0.632155 0.22467
v -124.48 -134.707 897.4
vn -0.83033 -0.54503 0.116168
v -123.709 -134.629 901.6
vn -0.452153 -0.870329 0.195155
v -123.45 -134.856 900.4
vn -0.753157 -0.632558 0.180623
v -123.088 -134.593 901.9
vn -0.865048 -0.491104 0.102513
v -123.749 -134.249 903.7
vn -0.72182 -0.682941 0.112108
v -123.684 -134.514 902.5
vn -0.10301 -0.994262 0.0288372
v -123.392 -134.581 902.2
vn -0.708113 -0.701677 0.0789062
v -123.402 -134.629 903.43
vn -0.0186744 -0.999825 0.00134181
v -123.083 -134.57 905.8
vn -0.725275 -0.687473 0.0368442
v -123.425 -134.318 908.8
vn -0.1647 -0.983438 0.0756592
v -124.858 -132.822 900.7
vn -0.887472 -0.412542 0.205434
v -124.467 -132.426 906.7
vn -0.931567 -0.33396 0.143713
v -124.202 -132.619 904.694
vn 0.195937 -0.979544 -0.0458513
v -124.793 -132.515 907.6
vn 0.300985 -0.953175 -0.0294088
v -124.469 -132.435 908.2
vn 0.0054171 -0.999821 0.0181281
v -124.139 -132.323 907.6
vn -0.93566 -0.340107 0.094173
v -123.853 -132.422 907.6
vn -0.967216 -0.241427 0.0787797
v -123.56 -133.062 908.2
vn 0.0532276 -0.994144 -0.0940465
v -124.163 -132.438 911.5
vn -0.232878 -0.971149 -0.0513602
v -123.573 -132.549 911.5
vn -0.740927 -0.669861 0.0480883
v -124.498 -132.573 911.8
vn -0.269973 -0.961981 -0.0413285
v -124.216 -132.685 913.6
vn -0.0606923 -0.990101 -0.126557
v -123.9 -132.642 912.7
vn -0.158118 -0.979803 -0.12241
v -123.603 -132.686 912.7
vn -0.862321 -0.503279 0.0557907
v -124.605 -131.63 914.8
vn -0.281038 -0.959683 0.00514109
v -123.392 -133.141 916.3
vn -0.878217 -0.455925 -0.144456
v -123.175 -133.56 916.3
vn -0.369617 -0.191886 0.909155
v -123.09 -133.162 916.419
vn -0.861621 -0.443099 0.247534
v -122.893 -133.817 915.4
vn -0.881228 -0.470556 0.0448704
v -124.356 -131.903 917.8
vn -0.894673 -0.44019 0.0761043
v -123.877 -132.381 917.5
vn -0.167412 -0.635938 0.753364
v -124.066 -131.98 917.8
vn -0.771746 -0.633452 0.0561017
v -123.935 -132.807 916.9
vn 0.747897 -0.137411 0.649437
v -123.721 -131.801 917.503
vn -0.272234 -0.954602 0.120927
v -123.384 -133.099 916.647
vn 0.911949 -0.132527 -0.388312
v -122.185 -129.367 796.6
vn -0.957939 -0.269729 0.0979725
v -124.477 -131.027 918.506
vn 0.789183 0.564861 0.241087
v -122.666 -126.838 887.5
vn 0.606478 0.743525 0.281701
v -122.398 -127.019 887.2
vn 0.7066 0.691953 0.148048
v -122.528 -127.629 889.3
vn 0.532854 0.816911 0.220734
v -121.952 -127.809 889.3
vn 0.563865 0.817384 0.118063
v -123.512 -126.49 892.6
vn 0.850287 0.526295 -0.00502737
v -121.849 -128.767 895.9
vn 0.725076 0.688439 -0.0177949
v -122.567 -127.812 898
vn 0.732062 0.681172 -0.00947927
v -122.356 -127.491 900.7
vn 0.813214 0.578641 -0.062109
v -121.777 -128.426 899.8
vn 0.833598 0.552344 -0.00552644
v -122.753 -127.245 902.8
vn 0.48587 0.864757 0.126989
v -122.497 -127.487 902.8
vn 0.498286 0.857141 0.130464
v -122.519 -127.588 903.4
vn 0.297203 0.940996 0.161854
v -122.234 -127.691 903.4
vn 0.246709 0.938247 0.242543
v -121.967 -127.88 904.044
vn 0.318795 0.934737 0.156963
v -121.674 -127.942 903.921
vn 0.871256 0.483423 -0.0849461
v -122.492 -127.155 906.1
vn 0.839737 0.540194 -0.0550657
v -121.784 -128.459 908.8
vn 0.983655 0.0522092 -0.172327
v -122.626 -126.82 909.7
vn 0.963554 0.266643 -0.0215872
v -122.544 -126.837 910.3
vn 0.481368 0.867009 0.128766
v -121.948 -127.79 911.5
vn 0.972728 0.144505 -0.181433
v -121.656 -128.253 909.7
vn 0.931129 0.348944 -0.106002
v -122.161 -127.225 912.4
vn 0.962949 0.268993 -0.0193128
v -122.396 -127.01 913.6
vn 0.516435 0.819745 0.247613
v -121.814 -128.6 913.9
vn 0.368857 0.882255 0.292526
v -123.218 -126.548 915.4
vn 0.804167 0.437446 0.402437
v -122.256 -127.512 916.3
vn 0.828513 0.373954 0.416803
v -122.409 -127.173 916.3
vn 0.846376 0.0174108 0.532301
v -121.868 -128.821 915.7
vn 0.792395 -0.0839056 0.604211
v -121.817 -128.219 915.7
vn 0.955092 -0.147662 -0.256894
v -121.745 -127.927 914.8
vn 0.969714 0.165459 -0.17966
v -121.737 -127.622 914.8
vn 0.946094 0.197335 0.256838
v -121.751 -128.539 915.4
vn 0.791294 -0.135166 0.596309
v -121.548 -127.969 915.4
vn 0.963119 -0.0601675 -0.262261
v -123.055 -127.035 917.2
vn 0.240594 0.881531 0.406223
v -122.703 -127.11 916.6
vn 0.732559 0.668659 -0.127489
v -122.592 -125.044 801.1
vn 0.778908 0.588744 -0.216061
v -122.065 -125.712 800.2
vn 0.521263 0.84827 -0.0933923
v -122.047 -125.368 802
vn 0.577697 0.805309 -0.133204
v -122.042 -125.343 802.9
vn 0.678023 0.687409 -0.260296
v -121.993 -125.114 803.461
vn 0.377399 0.926043 -0.00388365
v -121.761 -125.463 802.9
vn 0.920317 0.255342 -0.296341
v -121.456 -126.455 801.4
vn 0.397881 0.916469 -0.04213
v -121.477 -125.571 802.6
vn 0.893415 0.379393 -0.240562
v -121.079 -125.922 803.2
vn 0.58435 0.800404 -0.133744
v -121.19 -125.666 803.8
vn 0.293244 0.954583 0.0527161
v -120.945 -124.51 822.4
vn 0.479973 0.813524 0.328337
v -123.158 -124.821 884.5
vn 0.646193 0.705994 0.28984
v -122.859 -124.86 884.2
vn 0.691453 0.668847 0.273015
v -123.059 -125.8 886.6
vn 0.964412 0.230627 -0.129312
v -123.123 -126.101 902.103
vn 0.932285 0.353893 -0.0748592
v -123.456 -126.225 904.6
vn 0.897968 0.426371 -0.108911
v -122.752 -126.486 909.1
vn 0.841907 0.539187 -0.021695
v -122.847 -126.248 910
vn 0.943855 -0.236434 -0.230733
v -122.553 -126.528 909.7
vn 0.424806 0.871704 0.244279
v -123.077 -125.883 913.6
vn 0.88336 0.468506 -0.0132996
v -122.523 -126.535 913.9
vn 0.639971 0.744767 0.189102
v -123.466 -126.334 915.4
vn 0.931927 -0.192562 -0.307297
v -123.26 -125.765 916
vn 0.072731 0.925554 0.371563
v -122.892 -126.457 915.192
vn 0.290698 0.883172 0.368105
v -122.598 -126.519 915.221
vn 0.637045 0.75493 -0.155737
v -122.576 -123.526 805.6
vn 0.752663 0.620714 -0.219572
v -122.393 -124.109 804.538
vn 0.843437 0.52806 -0.0988224
v -122.565 -123.474 819.1
vn 0.909819 -0.173591 -0.376957
v -122.302 -123.515 819.7
vn 0.309527 0.949102 0.0582969
v -122.345 -123.882 818.8
vn 0.879965 0.475038 0
v -122.345 -123.882 819.7
vn 0.921156 -0.0511618 -0.385815
v -121.761 -122.096 820.9
vn 0.351634 0.935844 0.0234302
v -121.53 -124.292 821.5
vn 0.338802 0.940531 0.0247815
v -121.524 -124.294 822.1
vn 0.892711 0.430597 -0.132868
v -121.645 -123.961 821.8
vn 0.891695 -0.217065 -0.397194
v -121.349 -123.717 822.1
vn 0.877679 -0.18333 -0.442798
v -120.898 -124.12 823.3
vn 0.410118 0.911283 -0.036968
v -120.428 -122.08 824.8
vn 0.419517 0.907171 -0.0323623
v -122.279 -122.132 834.1
vn 0.711962 0.701726 -0.0262791
v -120.451 -122.19 856.6
vn 0.574224 0.799902 0.174422
v -121.747 -122.514 874.6
vn 0.434733 0.871841 0.225611
v -122.74 -122.859 878.2
vn 0.902579 0.0986725 -0.419064
v -122.187 -121.699 819.676
vn 0.16301 0.986562 -0.0111011
v -122.173 -121.633 820.3
vn 0.684213 0.704521 -0.188419
v -121.285 -121.783 842.8
vn 0.941985 0.246661 -0.227644
v -121.773 -120.867 851.5
vn 0.905479 0.385597 -0.177265
v -121.9 -120.35 851.5
vn 0.69882 0.708822 -0.0960364
v -121.778 -121.218 850.9
vn 0.246247 0.963312 0.106739
v -120.181 -121.819 851.8
vn 0.621013 0.781356 0.0618566
v -120.644 -121.651 860.8
vn -0.516069 -0.855762 0.0366693
v -123.799 -143.71 849.1
vn -0.649463 -0.758186 0.0578958
v -123.775 -143.6 852.4
vn 0.0305904 -0.974693 -0.221444
v -124.139 -140.983 826
vn 0.136681 -0.94746 -0.289203
v -123.856 -141.091 826.6
vn -0.247911 -0.9428 -0.222862
v -123.539 -141.043 826.6
vn -0.147279 -0.94114 -0.304243
v -123.563 -141.158 826.9
vn -0.523851 -0.820786 -0.227796
v -123.268 -141.211 826.6
vn -0.458134 -0.85734 -0.234693
v -123.284 -141.289 826.9
vn -0.174984 -0.968963 -0.17462
v -123.306 -141.39 827.5
vn -0.327279 -0.932179 -0.154697
v -122.983 -141.315 826.3
vn 0.0128522 -0.971605 -0.236259
v -123.624 -141.447 827.8
vn -0.11466 -0.987424 -0.108839
v -123.064 -143.138 838.6
vn -0.6275 -0.775803 0.0661297
v -124.29 -143.133 849.4
vn -0.571501 -0.819576 0.0410115
v -124.265 -143.016 852.4
vn -0.274628 -0.961429 -0.0153005
v -124.255 -142.971 854.5
vn -0.458524 -0.887824 0.0390532
v -123.699 -143.242 855.7
vn -0.156925 -0.987528 -0.0127944
v -124.62 -143.243 861.7
vn -0.174825 -0.982978 0.0564897
v -122.477 -143.262 867.1
vn -0.232072 -0.970699 0.0623399
v -124.001 -143.216 869.5
vn -0.304548 -0.93423 0.185644
v -123.497 -142.288 878.5
vn -0.14726 -0.962898 -0.226146
v -123.975 -140.212 821.8
vn -0.180496 -0.965917 -0.185543
v -123.505 -140.883 823.6
vn -0.148982 -0.979933 -0.132422
v -122.94 -141.113 825.1
vn -0.323463 -0.941234 -0.0972118
v -123.526 -140.983 825.4
vn 0.0873954 -0.981493 -0.170391
v -122.064 -141.318 826.3
vn -0.458711 -0.856369 0.237098
v -122.52 -140.579 887.8
vn -0.577087 -0.764573 0.287052
v -122.839 -139.194 891.4
vn 0.22615 -0.928278 -0.295221
v -121.82 -137.287 810.7
vn -0.790802 -0.578409 0.200186
v -121.759 -137.001 898.6
vn 0.393106 -0.857203 -0.332672
v -121.304 -136.302 808.417
vn -0.807319 -0.584925 0.0780915
v -121.865 -135.876 904.3
vn -0.682011 -0.727341 0.0763963
v -122.439 -134.429 905.8
vn -0.832548 -0.548248 0.079298
v -122.184 -134.668 905.8
vn -0.785995 -0.611825 0.0887828
v -121.018 -136.399 907.6
vn 0.132551 -0.990459 -0.0377038
v -122.173 -134.619 910.3
vn -0.732002 -0.681077 0.0175257
v -121.303 -136.295 909.7
vn -0.882514 -0.46392 0.0771174
v -121.635 -135.618 912.4
vn -0.460116 -0.885153 0.0692597
v -121.599 -135.319 913.3
vn -0.394335 -0.661169 0.638244
v -121.41 -135.359 913.375
vn -0.829624 -0.555112 0.0597876
v -121.284 -136.208 911.8
vn -0.823429 -0.547762 0.148058
v -121.261 -136.1 912.7
vn -0.150318 -0.987268 0.052031
v -120.994 -136.288 911.8
vn -0.496775 -0.867724 0.0163995
v -122.504 -134.731 914.8
vn -0.617702 -0.598264 0.510415
v -122.628 -133.873 915.655
vn 0.860455 0.495884 -0.117115
v -120.516 -129.722 803.5
vn 0.904781 0.392306 -0.165733
v -120.291 -130.093 803.5
vn 0.989084 -0.145402 0.0239105
v -120.657 -129.999 889.9
vn 0.991534 0.121907 0.0447008
v -120.643 -130.308 889.641
vn 0.433572 0.863814 0.256594
v -120.039 -130.353 889
vn 0.386127 0.892912 0.231545
v -120.132 -130.788 890.8
vn 0.604421 0.788663 0.112634
v -121.631 -129.181 894.4
vn 0.965894 0.257479 0.0274362
v -120.678 -130.301 892.9
vn 0.946136 0.322679 -0.0265409
v -120.628 -130.925 893.5
vn 0.60689 0.784222 0.129157
v -120.502 -131.083 892.6
vn 0.493695 0.861173 0.121024
v -121.664 -129.337 895.6
vn 0.947392 0.287385 -0.14092
v -120.078 -131.042 898.6
vn 0.636854 0.770634 0.0232358
v -120.1 -130.637 899.5
vn 0.289712 0.941856 0.170219
v -120.391 -130.565 899.8
vn 0.129473 0.982211 0.13601
v -120.133 -130.793 900.7
vn 0.154589 0.96796 0.197876
v -120.149 -130.866 901
vn 0.211256 0.976812 0.034769
v -119.838 -130.846 900.4
vn -0.0757702 0.98381 0.162409
v -119.83 -130.809 901
vn 0.93122 0.314555 -0.184077
v -119.668 -131.436 904
vn 0.501851 0.855418 0.128087
v -120.264 -129.965 907
vn 0.836002 0.547191 -0.041034
v -120.288 -130.384 910
vn 0.578769 0.805921 0.124574
v -120.102 -130.646 909.4
vn 0.97664 0.0742266 -0.201653
v -120.833 -129.654 913
vn 0.963205 0.153209 0.220824
v -120.686 -129.686 913.9
vn 0.852746 0.00495806 0.522302
v -120.458 -130.348 913.6
vn 0.594851 0.795938 0.112402
v -120.544 -129.838 912.7
vn 0.816855 0.546811 0.183702
v -120.539 -130.024 913.6
vn 0.835859 0.269688 0.478129
v -120.288 -130.077 913.15
vn 0.86258 0.498395 -0.0869347
v -119.646 -130.52 912.4
vn 0.86353 -0.0814936 0.497669
v -120.81 -129.659 914.2
vn 0.963562 0.0900797 -0.251859
v -121.561 -128.886 799.3
vn 0.901399 -0.337082 -0.271763
v -120.257 -129.47 804.1
vn 0.967239 0.0144311 -0.253456
v -119.499 -129.018 806.2
vn 0.954614 0.084695 -0.28555
v -119.042 -128.195 809.2
vn 0.809769 0.536981 0.236485
v -119.082 -127.29 878.8
vn 0.751458 0.616767 0.234329
v -120.591 -127.178 883.6
vn 0.971434 -0.235346 0.0304833
v -120.364 -129.141 887.2
vn 0.70138 0.66184 0.264641
v -119.869 -129.553 886.555
vn 0.795433 0.604308 -0.0458067
v -121.519 -128.658 901.9
vn 0.843686 0.53418 -0.0533422
v -121.384 -128.617 904
vn 0.757556 0.651809 -0.0354214
v -120.812 -129.352 902.8
vn 0.230076 0.935136 0.269417
v -121.009 -129.14 907.6
vn 0.831564 0.522838 -0.187462
v -121.064 -129.299 909.7
vn 0.962248 0.111826 -0.248141
v -120.96 -128.707 913
vn 0.721018 0.676724 0.148919
v -120.929 -128.764 913.9
vn 0.956054 -0.0607838 -0.286821
v -120.697 -129.377 913.6
vn 0.928493 -0.123448 -0.350231
v -120.587 -129.4 913.9
vn 0.0439261 0.972688 0.227922
v -121.539 -128.75 914.5
vn 0.770564 0.368015 0.520381
v -121.496 -128.9 915.1
vn 0.791802 0.538506 0.288204
v -121.556 -128.828 915.1
vn 0.853995 0.312089 0.416285
v -121.568 -128.885 915.234
vn 0.813776 0.0135964 0.581019
v -121.337 -129.241 914.959
vn 0.173476 0.960065 0.219502
v -121.251 -128.839 914.8
vn 0.93937 0.0536508 -0.338683
v -120.17 -126.422 806.2
vn 0.711453 0.675298 -0.194439
v -120.198 -126.109 806.2
vn 0.921822 0.228661 -0.312982
v -118.845 -126.703 809.2
vn 0.574648 0.815782 -0.0654118
v -119.551 -125.171 825.7
vn 0.737311 0.665028 -0.118782
v -118.897 -125.465 828.4
vn 0.908223 0.214474 -0.359349
v -120.196 -122.429 824.156
vn 0.920829 0.0598614 -0.385344
v -120.045 -124.608 825.086
vn 0.957637 0.0316488 -0.286234
v -118.329 -123.746 828.789
vn 0.767279 0.629877 -0.120578
v -118.227 -123.267 829.9
vn 0.508406 0.860861 0.0210352
v -118.227 -123.267 831.1
vn 0.394077 0.918675 -0.0271963
v -118.508 -123.149 841.3
vn 0.705844 0.690536 -0.157934
v -119.418 -123.1 845.2
vn 0.805395 0.564165 -0.181815
v -118.433 -123.417 848.8
vn 0.848289 0.482647 -0.217848
v -118.359 -122.819 849.7
vn 0.257113 0.959244 0.117237
v -118.816 -123.156 858.7
vn 0.709973 0.694174 0.11858
v -119.404 -123.035 862
vn 0.459742 0.877401 0.137127
v -118.877 -123.44 861.7
vn 0.579505 0.80104 0.150027
v -118.723 -124.158 864.1
vn 0.706585 0.701447 0.0933266
v -119.725 -123.142 866.8
vn 0.710367 0.697876 0.0913669
v -118.487 -124.491 866.5
vn 0.484896 0.87413 -0.0278144
v -118.861 -121.924 850.9
vn -0.116557 -0.991367 -0.0600508
v -122.054 -144.157 848.8
vn 0.0128397 -0.99973 -0.01938
v -120.261 -144.38 853.6
vn -0.279688 -0.959566 0.0317468
v -122.078 -144.272 854.8
vn -0.315919 -0.947722 0.0449166
v -122.023 -144.015 859.6
vn -0.16799 -0.984983 0.0398355
v -120.533 -144.217 862.6
vn 0.131885 -0.979559 -0.151892
v -120.512 -142.674 834.7
vn -0.0057609 -0.99223 -0.124282
v -120.973 -143.4 839.8
vn -0.0193052 -0.995902 -0.0883547
v -121.04 -143.719 843.213
vn -0.366437 -0.928017 0.0671416
v -120.804 -144.049 865.9
vn -0.368969 -0.923458 0.10529
v -121.902 -143.442 866.5
vn -0.395804 -0.907807 0.138656
v -120.152 -143.867 870.4
vn -0.275874 -0.955597 0.103573
v -120.615 -143.16 872.2
vn -0.104804 -0.98677 0.123699
v -122.032 -142.614 877.3
vn -0.135825 -0.966686 0.216957
v -120.646 -140.422 891.1
vn -0.581014 -0.783568 0.220102
v -121.353 -139.418 893.8
vn -0.429307 -0.884762 0.181359
v -119.877 -139.689 894.1
vn -0.123418 -0.974743 0.186129
v -120.738 -139.41 895
vn 0.27535 -0.921811 -0.272848
v -119.821 -137.98 815.2
vn -0.257501 -0.946475 0.194622
v -120.692 -139.192 896.688
vn -0.152102 -0.965665 0.210608
v -120.132 -139.311 895
vn -0.9154 -0.392994 0.0871717
v -121.144 -138.434 898.6
vn -0.668787 -0.72441 0.167194
v -119.73 -138.997 898
vn -0.926012 -0.370165 0.0740187
v -121.109 -138.269 900.4
vn -0.150093 -0.966963 0.206046
v -120.825 -138.376 900.1
vn -0.00563396 -0.97594 0.217965
v -120.457 -138.087 901
vn -0.585799 -0.797143 0.146293
v -119.855 -138.143 901.068
vn 0.0345754 -0.997936 0.0541138
v -120.089 -137.787 903.7
vn -0.884332 -0.455722 0.101365
v -119.343 -138.619 903.4
vn -0.870668 -0.474207 0.130635
v -119.278 -138.313 904.3
vn -0.338785 -0.894478 0.291776
v -119.012 -138.629 904
vn 0.880174 -0.425091 0.211166
v -118.922 -138.342 904.3
vn -0.295935 -0.872644 0.388479
v -118.975 -138.33 904.492
vn -0.933528 -0.346035 0.0937302
v -120.673 -137.663 906.975
vn -0.190432 -0.976112 0.104598
v -119.48 -137.823 906.1
vn 0.0254869 -0.980486 0.194929
v -119.144 -137.681 906.666
vn -0.860967 -0.4664 0.202996
v -120.535 -137.385 907.6
vn 0.502255 -0.86423 -0.0290764
v -119.872 -137.833 908.8
vn 0.605389 -0.70551 -0.368455
v -119.525 -135.146 808.15
vn 0.543091 -0.789486 -0.285945
v -118.401 -136.612 813.4
vn 0.0749992 -0.996908 0.0234267
v -120.678 -136.241 910
vn -0.812978 -0.54638 0.201335
v -120.39 -136.496 910.6
vn 0.745399 -0.473105 0.46963
v -120.111 -136.249 910.6
vn 0.852479 -0.367372 -0.371911
v -118.713 -133.479 807.1
vn 0.731792 0.675184 0.0927698
v -117.772 -133.065 890.2
vn 0.813743 0.578286 0.0583727
v -117.828 -132.936 892
vn 0.692221 0.704689 0.155705
v -118.344 -132.476 892.6
vn 0.733017 0.679812 -0.0232661
v -118.941 -132.398 896.5
vn 0.73183 0.679978 0.0453386
v -118.734 -132.868 896.2
vn 0.606268 0.786588 0.117121
v -118.233 -133.396 896.8
vn 0.658466 0.740264 0.135767
v -118.182 -133.158 895.9
vn 0.611853 0.790869 0.0127285
v -118.439 -132.924 900.158
vn 0.932907 -0.00545294 0.360077
v -118.209 -132.666 909.1
vn 0.845379 0.530716 0.0606157
v -117.731 -132.767 907.9
vn 0.913012 -0.198802 -0.356212
v -119.401 -131.799 804.4
vn 0.832614 0.546117 -0.0922514
v -119.023 -130.959 809.2
vn 0.862824 -0.419589 -0.281922
v -119.05 -130.647 810.1
vn 0.911821 -0.289926 -0.290731
v -118.609 -130.127 810.4
vn 0.805065 0.584404 -0.101698
v -117.805 -132.138 815.5
vn 0.858375 -0.406883 -0.312472
v -117.802 -131.832 815.2
vn 0.784021 0.60382 0.143917
v -117.859 -131.513 884.5
vn 0.579652 0.799617 0.156896
v -119.617 -131.446 892.3
vn 0.578845 0.795365 0.179815
v -119.142 -131.9 892.6
vn 0.690453 0.723364 0.00439783
v -119.763 -131.935 897.1
vn 0.847216 0.519904 -0.109198
v -119.588 -131.115 900.4
vn 0.861907 0.488787 -0.13492
v -119.195 -132.15 901.606
vn 0.386897 0.910892 0.143482
v -119.6 -131.17 902.2
vn 0.697322 0.716756 0.00190561
v -118.297 -132.256 905.8
vn 0.82674 0.558678 -0.0661789
v -118.949 -131.282 907.9
vn 0.81978 0.569832 0.0570349
v -118.289 -132.22 908.8
vn 0.0028342 0.960218 0.279238
v -119.604 -131.188 911.2
vn 0.674702 0.737178 0.0366877
v -119.255 -130.989 909.7
vn 0.84473 0.520261 0.125537
v -119.03 -131.264 910.9
vn -0.0732597 0.954372 0.289495
v -119.272 -131.072 910.9
vn 0.873721 -0.126651 0.46965
v -119.07 -131.563 911.166
vn 0.846647 -0.21754 0.485659
v -119.508 -131.47 911.8
vn 0.98757 0.112103 -0.110178
v -119.626 -131.291 911.8
vn 0.844638 -0.225619 0.485472
v -119.632 -131.443 912.1
vn 0.803424 0.558573 0.20617
v -117.799 -128.471 877
vn 0.886352 0.385106 -0.257047
v -117.845 -126.609 813.1
vn 0.841397 0.488402 -0.231332
v -117.296 -126.101 815.5
vn 0.520804 0.85334 -0.0239423
v -118.188 -125.973 829.6
vn 0.636059 0.763368 -0.112688
v -116.798 -126.647 834.1
vn 0.7779 0.600724 -0.184395
v -116.805 -126.217 835.6
vn 0.779646 0.607265 0.152906
v -116.559 -125.519 861.7
vn 0.916497 0.334873 0.218848
v -117.467 -125.467 865.9
vn 0.975196 0.168888 0.143072
v -117.391 -125.479 865.3
vn 0.741038 0.63878 0.206936
v -117.595 -125.742 867.1
vn 0.691469 0.709425 0.13633
v -118.063 -125.382 870.7
vn 0.913742 0.395492 0.0930709
v -117.76 -125.4 869.224
vn 0.71603 0.664879 0.212689
v -117.509 -127.105 870.7
vn 0.976378 -0.207844 0.059055
v -117.959 -126.278 871.6
vn 0.509358 0.823873 0.24857
v -118.021 -126.878 871
vn 0.936901 -0.316558 0.148348
v -118.368 -126.805 875.2
vn 0.795137 0.540926 0.274147
v -118.37 -126.497 875.5
vn 0.775329 0.59799 0.203158
v -118.246 -126.245 874.6
vn 0.874188 -0.456404 0.165805
v -118.172 -126.54 874.9
vn 0.901708 0.405764 -0.149261
v -117.399 -123.944 833.2
vn 0.962636 -0.0515463 -0.265847
v -117.25 -124.589 833.5
vn 0.947772 0.155899 -0.278251
v -116.892 -124.665 834.7
vn 0.310469 0.949778 0.0391191
v -118.022 -123.746 835.9
vn 0.664863 0.743669 -0.0700898
v -116.9 -124.239 835.9
vn 0.539481 0.839507 -0.0647238
v -116.308 -124.341 840.7
vn 0.423284 0.905772 0.0201906
v -117.191 -124.167 851.5
vn 0.945256 0.296368 -0.136589
v -116.877 -124.054 853.9
vn 0.78456 0.619767 -0.0188179
v -117.109 -123.392 854.5
vn 0.314985 0.94515 0.0864583
v -116.661 -124.558 854.2
vn 0.7172 0.684244 0.132041
v -117.001 -124.028 858.4
vn 0.911918 0.370142 0.177198
v -116.883 -124.36 858.7
vn 0.888204 0.423266 0.178716
v -116.5 -124.441 858.1
vn 0.977372 0.207594 -0.0406151
v -116.469 -125.097 858.4
vn 0.420787 0.901073 0.10491
v -117.64 -123.392 859.6
vn 0.961538 0.272438 0.0349574
v -116.86 -124.051 860.5
vn 0.539545 0.810149 0.229237
v -117.168 -124.057 862.3
vn 0.6989 0.664662 0.264128
v -117.698 -125.107 866.056
vn 0.974422 -0.207136 0.0871559
v -117.329 -125.185 865.3
vn 0.388243 -0.913734 -0.119824
v -117.856 -143.169 842.241
vn 0.18275 -0.979165 -0.0885317
v -118.669 -144.105 848.2
vn -0.00128103 -0.999862 0.0165477
v -118.724 -144.367 861.1
vn -0.15852 -0.984757 0.071593
v -119.613 -144.216 868
vn -0.0915743 -0.985432 0.143311
v -118.884 -143.676 874
vn 0.0549938 -0.984098 0.168898
v -117.864 -141.761 883.6
vn -0.119619 -0.979744 0.160602
v -118.909 -140.906 887.2
vn 0.247628 -0.949523 0.192579
v -117.392 -140.984 889.6
vn 0.491223 -0.844577 0.213049
v -117.426 -140.5 891.7
vn -0.157523 -0.980836 0.114662
v -118.03 -140.065 894.7
vn -0.103716 -0.994564 0.0092433
v -119.01 -139.94 897.1
vn -0.477288 -0.842411 0.250079
v -118.693 -139.891 898.3
vn 0.753326 -0.630768 0.186098
v -117.778 -139.812 895
vn -0.514723 -0.837987 0.181215
v -118.899 -139.417 899.5
vn -0.198058 -0.951095 0.237046
v -118.573 -139.336 900.1
vn 0.76417 -0.563199 -0.314406
v -117.464 -135.584 813.1
vn 0.547418 0.830718 0.1012
v -115.913 -135.471 889.3
vn 0.943493 -0.284192 0.170459
v -115.88 -136.228 892.3
vn 0.954207 0.299129 0.00319569
v -115.987 -135.816 892
vn 0.896084 0.436771 0.0791481
v -116.235 -135.539 896.25
vn 0.742941 0.668708 0.0294681
v -116.765 -135.146 897.4
vn 0.908027 -0.380534 0.175161
v -116.498 -135.483 897.7
vn 0.754245 0.652281 -0.0751237
v -116.101 -133.727 815.2
vn 0.779714 0.609463 -0.143534
v -116.873 -132.77 817.9
vn 0.970971 0.197995 0.134216
v -115.862 -133.785 878.5
vn 0.971781 0.230863 0.0484247
v -116.243 -133.697 882.1
vn 0.864656 0.495813 0.0808674
v -115.944 -134.17 881.8
vn 0.353633 0.909 0.220595
v -116.972 -133.235 884.988
vn 0.513736 0.836818 0.189238
v -116.343 -133.164 883.6
vn 0.960344 0.258653 0.104108
v -116.896 -133.252 887.5
vn 0.79183 0.606218 0.07419
v -116.482 -133.816 887.5
vn 0.701358 0.69923 0.138473
v -117.287 -133.276 889.3
vn 0.755291 0.613563 0.230382
v -117.233 -133.02 888.4
vn 0.997166 -0.0728117 -0.0189225
v -116.206 -134.625 887.8
vn 0.937205 0.343845 0.0584558
v -116.169 -134.633 889.6
vn 0.690805 0.715998 0.100672
v -116.198 -135.24 890.5
vn 0.677126 0.708536 0.198687
v -117.466 -134.115 892.9
vn 0.816907 0.57549 0.0383899
v -117.385 -134.374 894.7
vn 0.779965 0.616421 0.108077
v -116.595 -134.348 893.2
vn 0.69773 0.714713 0.0485561
v -117.694 -133.747 896.8
vn 0.522753 0.836937 0.162065
v -116.718 -134.926 895.6
vn 0.788346 0.611281 -0.0696096
v -117.188 -134.251 900.4
vn 0.945015 -0.256669 0.202652
v -117.118 -134.431 903.4
vn 0.697537 0.715724 -0.0343627
v -116.913 -134.168 902.8
vn 0.86615 0.491697 0.0895487
v -117.144 -134.045 903.4
vn 0.986381 -0.0186476 0.163418
v -117.436 -134.057 905.5
vn 0.672905 0.739182 -0.0284398
v -117.424 -132.476 815.5
vn 0.893049 0.378411 -0.243451
v -115.584 -132.917 822.4
vn 0.698306 0.648484 0.303046
v -116.117 -130.655 874.9
vn 0.978115 0.136092 0.157385
v -116.181 -132.401 879.1
vn 0.841427 0.538295 0.0473125
v -117.119 -132.485 882.4
vn 0.793379 0.568784 0.216876
v -117.022 -132.03 880.6
vn 0.508354 0.837177 0.201767
v -116.52 -132.553 881.8
vn 0.817423 0.569613 0.0857989
v -117.078 -132.293 885.432
vn 0.9483 -0.0859846 -0.305505
v -116.251 -130.015 816.7
vn 0.959173 0.113668 -0.258974
v -116.268 -128.785 818.2
vn 0.961027 -0.0167728 -0.275947
v -116.205 -128.185 818.255
vn 0.968773 0.112827 -0.220791
v -114.386 -129.491 825.7
vn 0.681824 0.693415 0.233007
v -114.955 -129.517 868.9
vn 0.834349 0.501088 0.229724
v -115.827 -129.798 872.5
vn 0.673318 0.680156 0.28988
v -115.456 -130.435 873.4
vn 0.742385 0.663521 -0.0927605
v -115.369 -127.135 820.572
vn 0.629684 0.774186 -0.0643023
v -115.58 -126.686 822.1
vn 0.47703 0.878623 0.0215213
v -115.231 -126.487 827.5
vn 0.796637 0.600526 -0.068835
v -114.175 -128.003 826.6
vn 0.713105 0.671314 -0.202036
v -116.18 -126.624 836.8
vn 0.942409 -0.093751 -0.321053
v -115.791 -125.819 837.7
vn 0.714048 0.669769 -0.203828
v -115.537 -126.486 839.134
vn 0.916268 -0.312108 -0.251082
v -114.102 -126.948 843.7
vn 0.551064 0.811768 0.193288
v -114.576 -126.291 859.9
vn 0.701829 0.687436 0.186733
v -114.196 -128.305 862.6
vn 0.980499 0.024955 0.194931
v -114.32 -127.972 862.641
vn 0.69188 0.685493 0.226718
v -114.195 -127.385 862.525
vn 0.848414 0.496619 -0.183203
v -115.82 -124.932 838
vn 0.871695 0.448696 -0.197026
v -114.944 -125.692 840.7
vn 0.341141 0.936954 0.0757664
v -115.725 -124.484 850.9
vn 0.369716 0.919157 0.135871
v -115.271 -125.232 856.6
vn 0.461214 -0.87609 -0.140528
v -117.166 -143.009 843.7
vn 0.481898 -0.868766 -0.114103
v -116.527 -142.838 844.6
vn 0.590301 -0.803403 -0.0780305
v -116.111 -142.926 850
vn 0.370509 -0.925614 -0.0772169
v -117.133 -144.096 853.6
vn 0.206095 -0.977303 0.0490335
v -117.418 -143.993 868.6
vn 0.287512 -0.946544 0.146257
v -116.592 -142.994 875.8
vn 0.353324 -0.918717 -0.176414
v -115.376 -141.599 836.5
vn 0.229782 -0.96974 -0.0824919
v -116.111 -142.171 840.4
vn 0.160393 -0.984661 -0.0686784
v -115.495 -142.159 841
vn 0.412024 -0.898346 -0.152348
v -116.14 -142.307 843.484
vn 0.235045 -0.969612 -0.0678708
v -115.197 -142.203 844.3
vn 0.461359 -0.886601 -0.0329635
v -115.98 -142.647 847.3
vn 0.403194 -0.909052 -0.105162
v -115.574 -142.53 849.7
vn 0.29547 -0.939995 -0.170607
v -115.277 -142.579 850.3
vn 0.420222 -0.895885 0.144237
v -115.939 -141.361 883
vn 0.866791 -0.169349 0.469035
v -116.105 -140.781 887.5
vn 0.516501 -0.839567 0.168386
v -115.573 -140.587 886.3
vn 0.583777 -0.800249 0.137134
v -115.687 -140.563 886.9
vn 0.561447 -0.803379 0.198392
v -115.431 -140.414 886.6
vn 0.910232 -0.24262 0.335579
v -116.477 -140.702 888.4
vn 0.778919 -0.123731 0.614798
v -115.614 -140.272 886.9
vn 0.932972 -0.349999 0.0840423
v -114.598 -140.181 885.7
vn 0.786588 -0.00414195 0.617465
v -114.263 -138.718 885.4
vn 0.718595 -0.644731 -0.260658
v -114.573 -137.426 824.5
vn 0.834536 -0.493698 -0.244565
v -113.376 -136.147 825.4
vn 0.392859 0.911593 0.121076
v -113.867 -135.944 875.8
vn 0.760449 0.643965 0.0838228
v -114.713 -135.863 879.1
vn 0.529856 0.842694 0.0954975
v -114.507 -136.067 878.8
vn 0.445427 0.891553 0.0820204
v -114.226 -136.189 879.7
vn 0.755553 0.645243 0.113141
v -113.95 -137.251 880
vn 0.982852 0.103684 0.152488
v -114.074 -136.918 879.988
vn 0.946573 -0.293602 0.133407
v -114.43 -137.149 882.004
vn 0.521084 0.850115 0.0760054
v -114.163 -137.338 882.1
vn 0.379458 0.922998 0.0639276
v -114.557 -136.302 883.3
vn 0.745541 0.649783 0.148161
v -114.477 -137.372 885.1
vn 0.938581 -0.344504 0.0195705
v -113.849 -138.193 884.8
vn 0.955253 -0.193363 0.223837
v -115.157 -136.995 887.5
vn 0.943494 -0.289328 0.16158
v -114.795 -136.152 886.9
vn 0.871027 0.102794 0.480359
v -114.623 -137.415 885.7
vn 0.604713 0.788303 0.113579
v -115.633 -135.593 889.9
vn 0.432474 0.891188 0.136932
v -115.244 -135.75 889
vn 0.796924 0.584302 -0.153305
v -115.333 -134.181 819.4
vn 0.961632 -0.0232634 -0.273354
v -114.411 -135.313 821.2
vn 0.811837 0.558136 -0.171477
v -113.743 -133.615 828.1
vn 0.831332 0.541268 0.126156
v -113.282 -134.636 864.7
vn 0.791462 0.610492 0.0297826
v -113.704 -133.736 869.5
vn 0.834749 0.534468 0.132432
v -113.732 -133.924 872.2
vn 0.525877 0.839086 0.139239
v -114.299 -133.648 873.4
vn 0.912465 0.332142 0.238933
v -114.287 -135.033 875.774
vn 0.692236 0.707538 0.142125
v -114.487 -135.604 876.4
vn 0.196036 0.973781 0.115415
v -115.298 -134.02 879.7
vn 0.962823 0.258152 0.0795564
v -114.827 -134.611 878.8
vn 0.913643 0.399197 0.0767928
v -115.204 -135.018 886.6
vn 0.867737 -0.395391 -0.301162
v -113.851 -133.285 827.5
vn 0.95854 -0.139407 -0.248531
v -112.551 -132.335 829.6
vn 0.959041 0.212126 -0.187731
v -112.454 -131.742 829.9
vn 0.918328 -0.379504 0.112474
v -112.869 -131.961 857.2
vn 0.98907 -0.0141722 0.146765
v -112.785 -132.297 856.6
vn 0.684467 0.687041 0.243886
v -112.998 -133.297 861.1
vn 0.779923 0.605101 0.159916
v -114.151 -132.915 864.1
vn 0.991591 -0.0439338 0.121728
v -114.945 -133.053 872.8
vn 0.968364 -0.203718 0.144119
v -114.918 -132.445 872.8
vn 0.926022 -0.268479 -0.265334
v -113.989 -129.269 827.2
vn 0.981366 0.122638 -0.147924
v -113.924 -128.995 827.5
vn 0.921676 0.332594 -0.199734
v -113.333 -130.942 826.9
vn 0.890165 0.430127 -0.150323
v -113.973 -129.579 828.1
vn 0.650226 -0.714787 -0.257458
v -113.796 -129.31 827.8
vn 0.905351 0.407275 0.12028
v -113.957 -129.276 828.7
vn 0.978959 0.135051 -0.152971
v -113.243 -129.121 832.3
vn 0.859485 0.503401 -0.0887307
v -112.625 -130.786 832
vn 0.701492 0.711331 -0.0437979
v -112.871 -128.893 834.7
vn 0.896953 0.43118 -0.0977732
v -112.681 -130.362 834.1
vn 0.927886 0.3579 -0.104568
v -112.668 -130.304 835.9
vn 0.971514 -0.1697 -0.165415
v -112.265 -129.635 837.1
vn 0.650665 0.759333 0.00687476
v -112.42 -130.523 837.7
vn 0.887048 0.459026 -0.0494049
v -112.214 -130.566 841
vn 0.578271 0.815138 -0.0339452
v -112.049 -128.835 844.9
vn 0.783207 0.609458 0.123073
v -112.049 -128.835 856.9
vn 0.912738 0.353616 0.204609
v -112.369 -129.92 861.1
vn 0.611373 0.771483 0.176171
v -113.813 -128.475 862.6
vn 0.703333 0.71086 -0.000776223
v -113.932 -127.592 834.7
vn 0.596747 0.800482 -0.0558699
v -113.699 -127.938 839.8
vn 0.637135 0.757295 -0.143399
v -113.829 -127.106 843.7
vn 0.613895 0.753467 -0.235418
v -113.642 -127.668 842.5
vn 0.579785 0.804354 -0.129857
v -113.338 -127.684 843.1
vn 0.725595 0.687995 0.0132018
v -113.337 -127.68 843.4
vn 0.727241 0.663939 -0.174086
v -113.133 -128.162 842.5
vn 0.773444 0.631323 -0.0567145
v -113.098 -127.999 844.3
vn 0.737472 0.667929 -0.100028
v -113.063 -127.834 843.1
vn 0.805944 0.587748 0.0707595
v -113.072 -127.93 843.4
vn 0.565724 0.824321 -0.0212388
v -112.874 -128.387 842.2
vn 0.922262 0.370912 -0.108893
v -112.876 -128.396 843.1
vn 0.664017 0.745632 -0.0558081
v -112.604 -128.558 844
vn 0.967916 0.00563333 -0.251211
v -113.652 -126.274 844.775
vn 0.808682 0.577086 -0.114039
v -113.147 -127.608 845.2
vn 0.716283 0.694663 -0.0661957
v -113.252 -127.279 846.663
vn 0.906218 0.415839 -0.0764615
v -113.32 -126.957 847.6
vn 0.896645 -0.437589 -0.0674027
v -113.258 -127.308 848.8
vn 0.94232 -0.312575 -0.119705
v -112.921 -126.429 848.2
vn 0.605788 0.795593 0.00723283
v -112.691 -127.525 849.4
vn 0.9682 -0.247551 0.036154
v -113.073 -127.01 852.4
vn 0.976535 0.084905 0.197915
v -112.966 -126.419 852.1
vn 0.981345 0.186777 0.0455744
v -113.021 -126.408 852.7
vn 0.479048 0.872054 0.100173
v -113.132 -127.918 855.7
vn 0.985515 -0.163032 0.0466987
v -113.204 -127.289 856
vn 0.95465 0.282336 0.0944938
v -112.907 -126.432 854.5
vn 0.967373 -0.166737 0.190755
v -113.775 -127.474 860.8
vn 0.98376 0.0844257 0.158394
v -113.654 -127.807 859.6
vn 0.707107 0.687046 0.167236
v -113.485 -128.372 860.2
vn 0.941093 0.256981 0.219784
v -114.051 -128.152 861.4
vn 0.738402 0.657702 -0.148961
v -112.877 -126.132 848.2
vn 0.581153 0.810854 -0.06911
v -113.203 -125.605 849.7
vn 0.453297 0.890572 0.0374688
v -113.196 -125.573 850.9
vn 0.983652 0.115969 0.137765
v -112.803 -126.147 851.5
vn 0.604476 0.796411 -0.0183812
v -112.926 -125.745 850.6
vn 0.736585 0.643595 0.207914
v -112.94 -125.811 851.455
vn 0.570919 0.809166 0.13893
v -113.511 -125.611 852.1
vn 0.86188 0.452698 0.228533
v -113.057 -126.093 852.1
vn 0.796906 0.601998 0.0503938
v -113.261 -125.88 852.7
vn 0.571284 0.81304 0.11225
v -113.546 -125.776 854.5
vn 0.5432 -0.824538 -0.158334
v -113.715 -141.288 839.5
vn 0.370974 -0.925036 -0.0817767
v -113.574 -141.932 844.3
vn 0.507457 -0.860894 -0.0367201
v -112.62 -141.62 847.3
vn 0.234292 -0.96947 -0.0723491
v -114.631 -142.424 850.3
vn 0.37496 -0.924656 -0.0664496
v -114.252 -142.401 851.5
vn 0.540299 -0.841285 0.0177818
v -113.801 -142.849 860.8
vn 0.866098 -0.490319 0.0972666
v -113.192 -141.706 867.4
vn 0.573092 -0.811706 0.112687
v -114.565 -142.641 871.6
vn 0.641634 -0.73488 -0.219673
v -113.545 -140.098 835
vn 0.918767 -0.391552 0.0505339
v -111.649 -139.274 861.4
vn 0.968098 -0.228244 0.103398
v -113.757 -139.752 880.3
vn 0.826699 -0.505099 -0.247876
v -112.757 -137.812 831.4
vn 0.922013 -0.291623 -0.254651
v -112.314 -137.293 832.31
vn 0.988593 0.0288708 0.147819
v -111.209 -137.834 862
vn 0.965635 0.172446 0.194452
v -111.895 -136.768 864.17
vn 0.835189 0.536819 0.119522
v -112.371 -136.122 866.2
vn 0.741259 0.667462 0.070919
v -113.573 -137.638 879.7
vn 0.977443 -0.204096 0.0543105
v -113.582 -137.636 881.8
vn 0.73969 0.663549 -0.11208
v -112.688 -134.724 829.3
vn 0.965978 -0.0924477 -0.241536
v -112.169 -135.79 829.3
vn 0.905903 0.384062 -0.178427
v -112.127 -135.185 829.9
vn 0.827266 0.547292 -0.126894
v -111.61 -135.427 834.4
vn 0.956855 -0.171771 -0.234356
v -111.078 -136.022 834.7
vn 0.897988 0.397741 -0.188202
v -111.653 -134.059 837.1
vn 0.909931 0.382396 -0.160623
v -111.29 -135.363 836.527
vn 0.79699 0.603697 -0.0188933
v -111.445 -134.104 839.2
vn 0.930817 0.332004 -0.152815
v -111.335 -134.434 837.4
vn 0.791035 0.611419 0.0207472
v -111.378 -134.118 841
vn 0.96239 0.271542 0.00836994
v -110.906 -134.831 841
vn 0.95499 -0.26025 -0.142352
v -110.87 -134.533 840.7
vn 0.614781 0.786378 0.0604504
v -111.086 -134.403 840.7
vn 0.790273 0.588956 0.169114
v -111.014 -134.502 841
vn 0.913995 0.398787 -0.0747157
v -110.939 -135.153 840.1
vn 0.843618 0.531831 0.0739208
v -111.182 -134.466 842.2
vn 0.796491 0.604619 0.00619312
v -111.206 -134.461 843.4
vn 0.96244 -0.252799 -0.0990005
v -111.167 -134.163 842.5
vn 0.994426 0.0714493 -0.0775351
v -110.72 -134.564 847.6
vn 0.821828 0.545938 0.162941
v -111.9 -133.904 858.7
vn 0.935197 -0.338209 0.104984
v -110.751 -135.478 858.1
vn 0.747782 0.623575 0.227985
v -110.832 -134.653 858.1
vn 0.876613 0.394165 0.276014
v -112.285 -133.925 860.5
vn 0.974249 0.168804 0.149479
v -111.184 -136.306 860.245
vn 0.808697 0.537023 0.240033
v -112.427 -134.942 862.9
vn 0.968425 0.142307 0.204697
v -111.771 -136.181 863.588
vn 0.810846 0.573388 -0.117279
v -112.273 -131.331 834.1
vn 0.955148 0.249738 -0.159134
v -112.182 -133.64 833.5
vn 0.88672 0.440336 -0.140824
v -111.841 -131.873 833.5
vn 0.90743 -0.37133 -0.196683
v -111.832 -133.101 833.8
vn 0.750285 0.651676 -0.111319
v -111.697 -131.508 835.6
vn 0.932915 0.336264 -0.128828
v -111.367 -131.973 835.6
vn 0.923853 0.375572 -0.0737636
v -111.565 -133.771 838.675
vn 0.349785 0.928336 0.125867
v -111.692 -131.485 844.3
vn 0.992845 0.0286999 0.11591
v -111.874 -131.559 848.5
vn 0.36948 0.914419 0.165293
v -111.792 -131.953 847.9
vn 0.227882 0.957874 0.174781
v -111.221 -132.15 848.2
vn 0.457831 0.869377 0.185943
v -110.396 -132.599 849.7
vn 0.992215 0.0353912 0.119402
v -112.335 -131.767 852.7
vn 0.453205 0.868111 0.202459
v -110.815 -133.128 851.8
vn 0.652167 0.728675 0.209073
v -111.447 -133.214 854.8
vn 0.636753 0.746715 0.192256
v -110.673 -133.901 854.8
vn 0.710633 0.701306 0.0563044
v -112.349 -133.133 858.4
vn 0.915703 0.371831 0.152414
v -112.083 -133.355 859.3
vn 0.793168 0.598547 -0.112367
v -111.939 -131.2 835.9
vn 0.684086 0.725056 -0.0794936
v -111.872 -130.886 837.4
vn 0.771417 0.633709 -0.0576952
v -111.335 -131.245 839.2
vn 0.459285 0.886195 0.0609524
v -111.592 -131.012 840.4
vn 0.985303 0.132758 -0.107486
v -111.031 -129.591 845.8
vn 0.885688 0.209225 0.414465
v -111.68 -129.453 849.1
vn 0.891231 0.448143 -0.0698305
v -111.608 -129.162 848.8
vn 0.990755 0.00470584 -0.135578
v -111.595 -129.164 849.1
vn 0.999474 -0.0222011 0.0236475
v -111.77 -131.274 847.6
vn 0.741021 -0.671167 -0.0205442
v -111.368 -131.053 848.8
vn 0.885688 0.209225 0.414465
v -111.26 -129.449 848.2
vn 0.617084 0.762731 0.193516
v -111.036 -129.841 849.1
vn 0.982188 0.18358 -0.0400587
v -110.966 -129.511 847.6
vn 0.91624 -0.386846 -0.104183
v -110.817 -130.25 847.885
vn 0.936415 0.345409 -0.0617936
v -111.286 -129.537 850.3
vn 0.837067 0.546939 -0.0132889
v -111.242 -129.853 850
vn 0.718908 -0.694297 0.0334899
v -111.159 -130.791 850.9
vn 0.92414 0.350257 0.152594
v -111.11 -130.188 850.544
vn 0.794596 -0.606853 -0.0186027
v -110.746 -130.265 849.7
vn 0.890746 -0.441211 0.109105
v -111.932 -130.933 856.9
vn 0.983341 0.14524 0.109298
v -111.848 -129.724 857.5
vn 0.896361 0.442625 -0.0248961
v -111.592 -128.858 850.3
vn 0.697323 -0.708992 -0.105218
v -111.231 -140.283 844.6
vn 0.829708 -0.558125 0.00901961
v -111.089 -140.313 848.5
vn 0.789345 -0.612498 0.0421973
v -111.822 -141.078 853.6
vn 0.903463 -0.362102 -0.229427
v -110.911 -137.897 837.1
vn 0.902526 -0.402099 -0.154157
v -110.765 -137.008 837.7
vn 0.996105 -0.0381718 -0.0794815
v -110.646 -137.647 839.5
vn 0.907909 -0.373116 -0.19101
v -110.547 -136.748 837.4
vn 0.80374 -0.573517 -0.158371
v -110.763 -138.849 840.4
vn 0.928113 -0.343391 -0.143833
v -110.375 -138.011 840.1
vn 0.93491 -0.341903 -0.0951037
v -110.345 -138.324 841
vn 0.99394 0.101405 0.0424188
v -110.338 -138.019 844
vn 0.991737 0.12026 -0.0446567
v -110.431 -137.693 843.1
vn 0.843382 -0.533185 -0.0664915
v -110.3 -137.414 843.1
vn 0.941949 -0.33551 -0.0128418
v -110.387 -138.929 844.3
vn 0.989724 0.142668 0.00963692
v -110.219 -138.045 842.8
vn 0.826815 -0.559032 -0.0621309
v -110.064 -137.157 843.4
vn 0.915734 -0.401703 -0.00809119
v -110.254 -137.424 845.2
vn 0.994368 -0.0833174 0.0654986
v -110.135 -137.142 845.763
vn 0.991641 -0.0665048 0.110564
v -110.447 -138.61 848.155
vn 0.954793 -0.284041 0.0877028
v -110.834 -138.527 850
vn 0.981878 -0.178765 0.0629235
v -110.717 -138.245 849.4
vn 0.916527 -0.399416 0.0211031
v -110.694 -138.25 850.3
vn 0.997887 -0.0448111 0.0470475
v -110.562 -137.358 849.4
vn 0.88948 -0.455451 0.0372761
v -110.953 -138.502 853
vn 0.983572 -0.180336 -0.00803037
v -110.514 -137.675 854.5
vn 0.923446 -0.375717 0.0780026
v -111.265 -138.436 861.7
vn 0.827982 0.555902 -0.0736182
v -110.241 -136.2 838.417
vn 0.983227 0.182356 0.00332021
v -110.358 -136.175 845.5
vn 0.95253 0.300594 -0.0482668
v -110.631 -135.15 848.2
vn 0.961068 -0.275475 -0.0214753
v -110.425 -136.467 847
vn 0.913056 -0.405133 -0.0468622
v -110.202 -136.208 849.1
vn 0.995133 -0.0837211 -0.0519751
v -110.578 -134.901 850.15
vn 0.930174 0.327874 0.165151
v -110.436 -134.625 856.3
vn 0.999091 -0.0180933 0.0385957
v -110.356 -136.482 854.5
vn 0.996715 -0.0779509 0.021984
v -110.342 -135.871 854.2
vn 0.995122 -0.0895382 0.0414256
v -110.147 -134.686 854.2
vn 0.900648 -0.426485 0.0833234
v -110.641 -135.195 858.355
vn 0.931386 -0.349624 -0.101408
v -110.005 -133.183 846.4
vn 0.882395 0.470444 0.00784372
v -110.05 -132.56 847
vn 0.90359 0.407643 0.131731
v -110.166 -133.762 852.7
vn -0.834498 -0.534749 -0.132877
v -147.229 -117.91 816.4
vn -0.934144 -0.300092 -0.193183
v -146.273 -115.353 816.7
vn -0.992878 -0.0704947 -0.0960354
v -147.379 -114.197 821.8
vn -0.305322 0.948018 -0.0896716
v -146.404 -114.098 816.1
vn -0.0835051 0.995343 -0.0481499
v -146.863 -113.699 819.7
vn 0.246206 0.969022 -0.019457
v -146.854 -113.655 821.2
vn -0.150756 0.986116 -0.0696209
v -146.854 -113.655 821.2
vn -0.79215 0.588755 -0.160828
v -147.616 -113.534 825.4
vn -0.363792 0.859594 -0.358822
v -147.094 -113.34 827.2
vn -0.888539 0.310574 -0.3377
v -145.615 -112.732 827.2
vn -0.606641 0.783611 -0.133938
v -145.388 -112.474 826.3
vn -0.356542 0.644191 -0.676679
v -145.388 -112.474 826.3
vn 0.304572 0.927838 -0.215297
v -145.388 -112.474 826.3
vn -0.533952 0.81811 -0.213518
v -145.544 -112.441 827.2
vn -0.356542 0.644191 -0.676679
v -145.377 -112.783 826
vn -0.25196 0.955972 -0.150446
v -145.377 -112.783 826
vn 0.546843 0.828565 -0.120176
v -145.321 -112.217 827.5
vn 0.065668 0.994709 -0.0790086
v -145.321 -112.217 827.5
vn -0.648147 0.761489 0.00629263
v -147.74 -113.495 829.9
vn 0.636961 0.768033 -0.0663822
v -145.281 -112.029 829.9
vn 0.634333 0.77012 -0.0673545
v -145.264 -111.947 831.1
vn -0.886238 0.442175 -0.138073
v -145.264 -111.947 831.1
vn -0.172766 0.982038 -0.0758499
v -145.264 -111.947 831.1
vn -0.92327 0.364411 -0.121565
v -146.026 -112.645 834.138
vn 0.65826 0.748905 -0.0763936
v -145.223 -111.754 833.5
vn 0.65663 0.750302 -0.076704
v -145.205 -111.671 834.4
vn 0.688983 0.722655 -0.0554247
v -145.166 -111.485 836.8
vn -0.0651924 0.992423 0.10415
v -145.166 -111.485 836.8
vn -0.990947 -0.126401 0.0452329
v -146.076 -124.902 824.8
vn -0.991623 0.0449392 -0.121094
v -145.518 -125.328 826.3
vn -0.864509 -0.460716 -0.20091
v -145.724 -122.217 812.8
vn -0.733591 -0.672592 -0.0972899
v -144.49 -120.332 802
vn -0.994171 -0.0833971 0.0683342
v -144.934 -120.238 804.7
vn -0.703862 -0.69366 -0.153021
v -144.934 -120.238 804.7
vn -0.738563 -0.629343 -0.241769
v -144.904 -120.354 805
vn -0.987292 0.145533 -0.0638352
v -144.635 -120.608 805
vn -0.984468 0.141478 -0.103956
v -144.889 -121.167 806.8
vn -0.807669 0.534449 -0.249069
v -143.937 -117.689 799
vn -0.884714 -0.44651 -0.133827
v -145.797 -117.601 807.1
vn -0.98242 0.186184 -0.0136423
v -145.797 -117.601 807.1
vn -0.514191 0.823143 -0.240922
v -143.636 -115.833 802.6
vn 0.841094 0.540881 0.00290671
v -143.636 -115.833 802.6
vn -0.687285 0.707311 -0.165379
v -144.988 -116.546 803.8
vn -0.858469 0.290626 -0.422572
v -144.477 -115.428 807.1
vn 0.394109 0.908133 -0.141326
v -144.422 -114.826 807.4
vn -0.436558 0.885258 -0.16042
v -144.422 -114.826 807.4
vn 0.886921 0.460967 0.029683
v -144.087 -115.065 806.8
vn -0.752349 0.348735 -0.558887
v -144.087 -115.065 806.8
vn 0.394109 0.908133 -0.141326
v -144.087 -115.065 806.8
vn -0.906018 0.392622 -0.158049
v -145.328 -114.94 812.5
vn -0.216402 0.954525 -0.205066
v -143.461 -115.009 812.8
vn -0.455143 0.818119 -0.351462
v -145.395 -114.006 812.139
vn -0.669781 0.686438 -0.28319
v -144.928 -114.412 811
vn 0.624676 0.780423 -0.026841
v -145.038 -113.768 812.2
vn 0.8263 0.56322 -0.00334476
v -144.521 -114.223 811
vn -0.419486 0.849109 -0.321007
v -144.521 -114.223 811
vn 0.369051 0.926325 0.0756575
v -145.068 -113.91 814.9
vn -0.223091 0.974797 0.00039358
v -145.068 -113.91 814.9
vn -0.0580817 0.998141 -0.0184933
v -144.755 -113.881 815.5
vn 0.0720519 0.993674 -0.0861447
v -144.706 -113.65 818.2
vn 0.685544 0.723442 -0.0816158
v -144.706 -113.65 818.2
vn -0.879231 0.459702 -0.125006
v -143.694 -113.219 823.3
vn -0.422209 0.886854 -0.187695
v -143.694 -113.219 823.3
vn 0.485264 0.862262 -0.144989
v -144.831 -112.796 825.7
vn 0.0942341 0.990049 -0.104516
v -144.831 -112.796 825.7
vn -0.534554 0.836227 -0.122378
v -144.227 -112.838 826.3
vn -0.638033 0.768508 -0.0480579
v -144.15 -112.476 830.5
vn 0.146582 0.982773 -0.112569
v -142.824 -112.01 815.8
vn -0.900264 -0.43292 0.0458894
v -142.824 -112.01 815.8
vn -0.482732 0.670147 0.563802
v -142.824 -112.01 815.8
vn -0.889006 -0.457813 0.00865254
v -143.027 -111.525 820
vn -0.554284 0.830273 -0.0584484
v -143.027 -111.525 820
vn -0.975457 -0.216397 -0.0406883
v -143.184 -111.102 827.5
vn -0.430144 0.897728 -0.0951829
v -143.184 -111.102 827.5
vn -0.952621 -0.303967 -0.010858
v -143.184 -111.102 827.5
vn -0.615811 0.787892 -0.00181771
v -143.791 -110.359 829.6
vn -0.61514 0.787034 -0.0466939
v -143.704 -110.38 828.1
vn 0.49489 -0.867943 -0.0419505
v -143.704 -110.38 828.1
vn 0.861729 0.505 -0.0489666
v -143.704 -110.38 828.1
vn 0.491488 -0.861976 -0.12425
v -143.722 -110.463 829.6
vn 0.491488 -0.861976 -0.12425
v -143.608 -110.398 829.6
vn 0.919416 0.367244 -0.140734
v -143.608 -110.398 829.6
vn 0.0482971 0.996514 -0.0680281
v -143.608 -110.398 829.6
vn 0.862762 0.505606 -0.00190276
v -143.682 -110.274 829.6
vn -0.563239 0.82045 -0.0981027
v -143.626 -112.235 827.8
vn -0.615241 0.787162 0.0430621
v -143.694 -110.333 830.5
vn 0.861883 0.505091 0.0451653
v -143.694 -110.333 830.5
vn -0.160492 0.98702 0.00588833
v -143.694 -110.333 830.5
vn -0.361393 0.929017 0.0795153
v -143.517 -110.418 832.3
vn 0.175571 0.984338 0.0159124
v -143.517 -110.418 832.3
vn 0.484733 -0.85013 -0.205701
v -143.425 -110.512 830.5
vn 0.919416 0.367244 -0.140734
v -143.425 -110.512 830.5
vn 0.598994 -0.790356 -0.128618
v -143.425 -110.512 830.5
vn 0.233171 0.940388 -0.247591
v -143.425 -110.512 830.5
vn 0.58575 -0.80411 -0.101506
v -143.438 -110.57 830.8
vn -0.472346 0.876777 -0.0902861
v -143.333 -110.764 831.1
vn 0.557714 -0.829711 -0.023135
v -143.444 -110.599 831.1
vn 0.557721 -0.829721 0.0226042
v -143.442 -110.589 831.4
vn 0.286669 -0.957148 0.04109
v -143.442 -110.589 831.4
vn 0.8666 -0.184223 0.463752
v -143.442 -110.589 831.4
vn 0.91479 -0.194468 -0.354035
v -143.442 -110.589 831.4
vn 0.286666 -0.957149 0.0410931
v -143.439 -110.576 831.7
vn 0.244216 -0.968801 -0.0422371
v -143.436 -110.562 832
vn 0.15884 -0.986153 0.0476612
v -143.433 -110.547 832.3
vn -0.422087 0.318297 -0.84884
v -143.433 -110.547 832.3
vn 0.233171 0.940388 -0.247591
v -143.298 -110.464 830.8
vn 0.76565 0.637269 -0.0875637
v -143.298 -110.464 830.8
vn 0.76565 0.637269 -0.0875637
v -143.257 -110.473 831.1
vn 0.8666 -0.184223 0.463752
v -143.257 -110.473 831.1
vn -0.160492 0.98702 0.00588833
v -143.378 -110.287 831.4
vn 0.233171 0.940388 -0.247591
v -143.378 -110.287 831.4
vn 0.76565 0.637269 -0.0875637
v -143.378 -110.287 831.4
vn 0.8666 -0.184223 0.463752
v -143.378 -110.287 831.4
vn 0.91479 -0.194468 -0.354035
v -143.378 -110.287 831.4
vn 0.366538 0.91091 0.189452
v -143.378 -110.287 831.4
vn 0.91479 -0.194468 -0.354035
v -143.188 -110.488 832
vn 0.289619 0.952363 0.095524
v -143.188 -110.488 832
vn -0.422087 0.318297 -0.84884
v -143.239 -111.09 832
vn -0.999329 0.0261456 0.0256496
v -143.239 -111.09 832
vn 0.0799194 0.996797 0.00294053
v -143.146 -110.642 831.4
vn 0.585371 0.793083 -0.168406
v -143.146 -110.642 831.4
vn -0.349581 0.923841 -0.155922
v -143.117 -110.503 832.16
vn 0.221936 -0.971418 -0.0842158
v -143.117 -110.503 832.16
vn -0.422087 0.318297 -0.84884
v -143.117 -110.503 832.16
vn 0.391228 0.910576 -0.133387
v -143.117 -110.503 832.16
vn -0.872519 0.488406 0.013061
v -143.292 -110.772 832.6
vn -0.748402 0.660479 0.0605097
v -143.11 -110.473 833.5
vn -0.0285613 0.998045 0.0555907
v -143.11 -110.473 833.5
vn 0.274687 0.961533 0.00147255
v -143.11 -110.473 833.5
vn -0.699468 0.707891 -0.0981568
v -143.259 -110.779 835
vn -0.4338 0.851585 -0.294314
v -143.16 -110.706 835
vn -0.877131 0.47613 0.0627772
v -143.078 -110.322 835.6
vn 0.11011 0.992465 0.0537582
v -143.078 -110.322 835.6
vn -0.196355 0.975484 0.0993797
v -144.889 -111.624 838.3
vn -0.592423 0.805559 -0.0104978
v -144.045 -111.985 838
vn -0.132638 0.98505 0.10993
v -142.948 -111.152 841.988
vn -0.565382 0.824446 0.0251526
v -143.377 -111.725 844.6
vn -0.994818 -0.0853383 -0.0552628
v -145.195 -125.703 823.6
vn -0.957723 -0.182727 -0.222212
v -142.808 -122.837 794.2
vn -0.917909 0.359958 0.166954
v -143.202 -122.446 797.866
vn -0.917144 -0.38 -0.120191
v -143.317 -124.262 799
vn -0.373671 0.923226 0.0895785
v -142.037 -120.854 788.8
vn -0.756354 -0.486527 -0.437288
v -142.426 -120.771 791.2
vn -0.52811 0.811012 0.251713
v -142.186 -121.129 789.4
vn -0.73007 -0.509248 -0.455701
v -142.642 -120.725 793.6
vn -0.875465 -0.337863 -0.345557
v -142.618 -121.65 792.7
vn -0.850827 -0.433441 -0.297021
v -143.177 -121.531 795.7
vn -0.885201 0.455785 0.0931627
v -143.177 -121.531 795.7
vn -0.990202 0.139613 0.00271781
v -142.952 -121.272 796.08
vn -0.832483 0.539586 0.125774
v -142.828 -120.685 794.388
vn -0.80872 -0.484842 -0.333018
v -142.614 -122.264 795.4
vn -0.985952 0.00484259 -0.166957
v -142.614 -122.264 795.4
vn -0.980798 0.00481728 -0.194967
v -142.41 -122.001 794.2
vn -0.978008 -0.00438104 -0.208522
v -142.408 -121.597 794.2
vn -0.90123 -0.325451 -0.286123
v -143.508 -119.928 796.9
vn -0.81623 0.536917 -0.213281
v -143.576 -119.913 797.2
vn -0.796471 0.059926 -0.601699
v -143.576 -119.913 797.2
vn -0.989437 -0.0171203 -0.143951
v -142.971 -121.575 796.9
vn -0.749767 0.409146 -0.520048
v -142.479 -118.919 793.6
vn -0.0385689 0.999205 -0.0101303
v -142.479 -118.919 793.6
vn -0.0220723 0.571828 -0.820077
v -142.479 -118.919 793.6
vn -0.905954 -0.298091 -0.300646
v -142.479 -118.919 793.6
vn -0.678216 -0.522161 -0.51708
v -142.4 -119.856 792.4
vn -0.110324 0.993582 -0.0249817
v -142.36 -118.485 793.9
vn -0.0220723 0.571828 -0.820077
v -142.36 -118.485 793.9
vn 0.865833 0.499338 -0.0315443
v -142.36 -118.485 793.9
vn -0.689248 -0.50555 -0.518996
v -142.131 -119.607 791.8
vn -0.854602 0.420082 -0.305264
v -142.131 -119.607 791.8
vn 0.39423 0.639555 -0.659964
v -142.285 -119.574 792.275
vn 0.39423 0.639555 -0.659964
v -141.958 -119.337 792.7
vn 0.912422 0.409162 -0.00849566
v -141.958 -119.337 792.7
vn 0.778474 0.616377 -0.118565
v -141.958 -119.337 792.7
vn -0.0385689 0.999205 -0.0101303
v -142.144 -118.913 793
vn 0.39423 0.639555 -0.659964
v -142.144 -118.913 793
vn 0.914282 0.405033 -0.00614005
v -142.144 -118.913 793
vn -0.0220723 0.571828 -0.820077
v -142.143 -118.906 793.6
vn 0.900722 0.433901 -0.0207148
v -142.143 -118.906 793.6
vn 0 0 -1
v -141.865 -119.97 791.8
vn -0.641527 0.0482751 -0.76558
v -141.865 -119.97 791.8
vn -0.971621 -0.0227666 -0.235447
v -141.865 -119.97 791.8
vn -0.630347 0.111582 -0.768253
v -141.812 -119.674 791.8
vn 0.850266 0.523103 -0.0584003
v -141.812 -119.674 791.8
vn -0.674746 0.720758 -0.158824
v -141.927 -119.343 791.8
vn 0.944755 0.326329 0.0307686
v -141.927 -119.343 791.8
vn -0.792916 0.557341 -0.246282
v -143.122 -118.476 795.1
vn -0.107554 0.978868 -0.173923
v -142.9 -118.14 795.4
vn -0.110324 0.993582 -0.0249817
v -142.672 -118.512 794.2
vn 0.414921 0.731805 -0.54065
v -142.672 -118.512 794.2
vn -0.204624 0.976487 -0.0678456
v -142.588 -118.116 794.8
vn 0.414921 0.731805 -0.54065
v -142.588 -118.116 794.8
vn 0.81283 0.579923 -0.0547404
v -142.588 -118.116 794.8
vn 0.855425 0.517432 -0.0226472
v -142.574 -118.051 795.7
vn 0.838901 0.54316 -0.0349698
v -142.357 -118.469 794.5
vn 0.414921 0.731805 -0.54065
v -142.357 -118.469 794.5
vn -0.852142 -0.170583 -0.494727
v -143.755 -119.277 797.5
vn -0.890617 0.445656 -0.0905108
v -143.755 -119.277 797.5
vn -0.913536 0.128778 -0.385835
v -143.346 -117.351 798.1
vn -0.775324 0.555095 -0.301235
v -143.346 -117.351 798.1
vn -0.876105 -0.215446 -0.431303
v -143.331 -119.658 796.9
vn -0.432543 0.760648 -0.484067
v -143.11 -118.172 796.6
vn -0.00826007 0.961006 -0.276403
v -142.814 -117.621 797.2
vn 0.879031 0.476676 -0.00920605
v -142.814 -117.621 797.2
vn -0.171847 0.903616 -0.39236
v -142.814 -117.621 797.2
vn -0.511392 0.79468 -0.327051
v -141.212 -115.508 795.7
vn -0.00283516 0.946279 -0.32334
v -143.536 -116.802 799.6
vn -0.620532 0.739881 -0.259839
v -143.536 -116.802 799.6
vn 0.896046 0.443554 -0.0190125
v -143.213 -116.727 799.9
vn 0.621544 0.775377 -0.111683
v -143.438 -116.341 805
vn -0.0949397 0.96785 -0.232922
v -143.144 -116.403 806.2
vn -0.909491 0.258596 -0.325505
v -141.535 -115.133 796.9
vn -0.597963 0.72259 -0.346849
v -141.535 -115.133 796.9
vn -0.309025 0.937675 -0.158963
v -141.749 -114.167 800.373
vn -0.761316 0.611055 -0.216817
v -141.749 -114.167 800.373
vn -0.485175 0.86751 -0.10969
v -142.042 -113.798 803.5
vn 0.617044 0.778764 -0.113065
v -141.629 -113.606 803.2
vn 0.0894827 0.995756 -0.0214985
v -141.629 -113.606 803.2
vn -0.46448 0.882693 -0.0714899
v -141.89 -113.524 805.9
vn 0.207692 0.975812 -0.0682194
v -141.89 -113.524 805.9
vn -0.898722 -0.438156 0.0178193
v -142.193 -113.37 808.3
vn -0.936738 -0.0761075 -0.341657
v -142.193 -113.37 808.3
vn -0.414507 0.417511 -0.808621
v -142.193 -113.37 808.3
vn 0.267831 0.960348 -0.077445
v -142.013 -113.191 808.3
vn -0.414507 0.417511 -0.808621
v -142.013 -113.191 808.3
vn 0.608416 0.731955 -0.30671
v -142.013 -113.191 808.3
vn -0.936738 -0.0761075 -0.341657
v -142.673 -112.744 809.478
vn -0.90005 -0.435767 0.00414533
v -142.673 -112.744 809.478
vn -0.319041 0.928164 -0.191636
v -142.38 -112.806 808.687
vn -0.414507 0.417511 -0.808621
v -142.38 -112.806 808.687
vn 0.369213 0.883412 -0.288557
v -142.38 -112.806 808.687
vn 0.837771 0.497337 -0.225381
v -142.065 -112.77 809.2
vn 0.101166 0.9916 -0.080594
v -142.065 -112.77 809.2
vn -0.806116 0.561952 -0.185437
v -141.867 -114.756 810.7
vn -0.985928 0.116708 -0.119688
v -141.867 -114.756 810.7
vn 0.911854 0.356713 -0.20317
v -140.659 -113.371 813.1
vn 0.495641 0.865839 -0.0682821
v -140.659 -113.371 813.1
vn -0.143161 0.983729 0.108542
v -140.659 -113.371 813.1
vn -0.169984 0.981173 -0.0916786
v -141.215 -113.1 868.6
vn -0.322422 0.946596 -0.00111868
v -141.683 -112.415 815.2
vn 0.0709255 0.991415 -0.109847
v -141.081 -112.469 813.523
vn 0.908205 -0.376516 -0.182756
v -140.431 -112.914 814.9
vn 0.519184 0.834267 -0.1856
v -142.163 -111.786 816.1
vn -0.482732 0.670147 0.563802
v -142.163 -111.786 816.1
vn -0.0102543 0.995259 -0.0967209
v -141.629 -112.159 817
vn -0.482732 0.670147 0.563802
v -141.629 -112.159 817
vn 0.452356 0.875137 -0.171785
v -141.629 -112.159 817
vn -0.0367474 0.993964 -0.103368
v -141.358 -112.331 816.4
vn -0.284865 0.945452 0.15803
v -141.559 -111.833 822.1
vn 0.783634 0.598064 -0.16804
v -141.014 -112.155 826
vn -0.0827172 0.844158 -0.529674
v -141.322 -110.714 834.7
vn -0.968235 0.0611991 0.242436
v -141.228 -112.744 870.4
vn -0.4862 0.867938 0.101456
v -141.228 -112.744 870.4
vn -0.269023 0.933285 -0.237921
v -141.143 -112.763 870.159
vn 0.323994 0.9359 -0.138269
v -140.735 -112.543 870.4
vn 0.239715 0.963544 0.118824
v -140.483 -112.541 871.3
vn -0.579036 -0.810836 0.0852169
v -143.2 -127.66 837.7
vn -0.0984139 -0.903177 -0.417836
v -140.799 -122.686 778.3
vn -0.356621 -0.872132 -0.334975
v -140.606 -124.664 784.3
vn -0.581224 0.712349 0.393368
v -142.228 -122.653 792.1
vn -0.723198 -0.604859 -0.333362
v -140.787 -122.039 777.1
vn -0.805405 -0.276657 -0.524197
v -140.787 -122.039 777.1
vn -0.661676 0.604894 -0.443045
v -140.787 -122.039 777.1
vn -0.321455 -0.110449 0.940462
v -140.787 -122.039 777.1
vn -0.321455 -0.110449 0.940462
v -140.899 -121.713 777.1
vn 0.0705132 -0.732614 -0.676982
v -140.899 -121.713 777.1
vn -0.53094 0.847221 0.0178622
v -140.665 -121.759 776.5
vn -0.186017 -0.874899 -0.447156
v -140.665 -121.759 776.5
vn 0 0 -1
v -140.665 -121.759 776.5
vn -0.780748 -0.10585 -0.615815
v -140.657 -121.76 776.8
vn -0.439687 0.897002 0.0454267
v -140.657 -121.76 776.8
vn 0.207913 0.978147 1.1796e-005
v -140.657 -121.76 776.8
vn -0.777455 0.608828 -0.157774
v -140.898 -121.709 777.097
vn 0.259179 0.95026 -0.172719
v -140.898 -121.709 777.097
vn -0.990645 -0.134307 0.0241699
v -140.636 -121.918 776.8
vn -0.798514 -0.19268 -0.570306
v -140.636 -121.918 776.8
vn -0.186017 -0.874899 -0.447156
v -140.636 -121.918 776.8
vn 0.90688 -0.413298 0.0821734
v -140.636 -121.918 776.8
vn 0.969304 0.195183 -0.149513
v -140.636 -121.918 776.8
vn 0.90688 -0.413298 0.0821734
v -140.547 -121.784 776.5
vn 0 0 -1
v -140.547 -121.784 776.5
vn 0.841435 0.537008 0.060078
v -140.547 -121.784 776.5
vn 0 0 -1
v -140.592 -121.713 776.5
vn 0.841435 0.537008 0.060078
v -140.592 -121.713 776.5
vn -0.321455 -0.110449 0.940462
v -140.605 -121.771 777.194
vn 0.609208 -0.763133 0.215625
v -140.605 -121.771 777.194
vn 0.0705132 -0.732614 -0.676982
v -140.605 -121.771 777.194
vn 0.259179 0.95026 -0.172719
v -140.605 -121.771 777.194
vn 0.894485 0.385099 0.227148
v -140.605 -121.771 777.194
vn 0.90688 -0.413298 0.0821734
v -140.605 -121.771 777.194
vn 0.953666 0.299368 -0.029995
v -140.605 -121.771 777.194
vn 0.841435 0.537008 0.060078
v -140.605 -121.771 777.194
vn -0.343348 0.936408 0.0724659
v -140.605 -121.771 777.194
vn -0.500901 0.857841 0.114922
v -140.605 -121.771 777.194
vn -0.696028 0.712668 -0.0874591
v -141.522 -121.883 779.5
vn -0.661676 0.604894 -0.443045
v -140.955 -122.004 777.4
vn -0.500901 0.857841 0.114922
v -140.955 -122.004 777.4
vn 0 0 -1
v -140.955 -122.004 777.4
vn 0.610951 -0.731563 -0.30258
v -140.955 -122.004 777.4
vn 0.609208 -0.763133 0.215625
v -140.959 -121.996 777.4
vn 0.0705132 -0.732614 -0.676982
v -140.959 -121.996 777.4
vn 0 0 -1
v -140.959 -121.996 777.4
vn 0.872153 0.469122 0.138832
v -140.662 -121.759 777.4
vn 0 0 -1
v -140.662 -121.759 777.4
vn 0.610951 -0.731563 -0.30258
v -140.662 -121.759 777.4
vn 0.86418 0.497162 0.0776093
v -140.853 -121.494 777.7
vn 0.30183 0.890784 -0.339709
v -140.853 -121.494 777.7
vn 0.23367 0.972089 0.0209934
v -140.845 -121.457 778.3
vn 0.88702 0.461431 0.0166622
v -140.845 -121.457 778.3
vn 0.610951 -0.731563 -0.30258
v -140.621 -121.849 777.7
vn 0.879735 0.473414 0.044111
v -140.621 -121.849 777.7
vn 0.893632 0.448662 -0.0111648
v -140.415 -122.324 777.7
vn 0.817106 -0.349841 -0.458203
v -140.415 -122.324 777.7
vn 0.105947 -0.395851 -0.912183
v -140.147 -122.482 778.3
vn 0.817106 -0.349841 -0.458203
v -140.147 -122.482 778.3
vn 0.646374 0.758275 -0.0849632
v -140.147 -122.482 778.3
vn -0.636626 0.326137 -0.698814
v -140.147 -122.482 778.3
vn -0.122686 0.970396 -0.208039
v -140.147 -122.482 778.3
vn -0.355482 -0.880318 -0.314122
v -140.205 -122.776 778.421
vn 0.817106 -0.349841 -0.458203
v -140.205 -122.776 778.421
vn 0.429862 0.90235 -0.0313631
v -141.144 -121.424 780.1
vn 0.632921 0.769811 -0.0824759
v -141.064 -121.048 784.3
vn -0.92251 0.300771 -0.241893
v -141.064 -121.048 784.3
vn -0.262165 0.959774 -0.100516
v -141.064 -121.048 784.3
vn -0.949107 0.16122 -0.270563
v -141.779 -121.522 786.523
vn -0.679225 0.731273 -0.0623962
v -141.779 -121.522 786.523
vn 0.591149 0.800236 -0.100825
v -140.953 -120.526 789.1
vn -0.683403 -0.526121 -0.50612
v -141.823 -120.286 790.015
vn -0.169056 0.51041 -0.84315
v -141.823 -120.286 790.015
vn 0.0439427 -0.348403 -0.936314
v -141.823 -120.286 790.015
vn -0.098106 0.994576 -0.034557
v -141.788 -120.123 790.9
vn -0.598098 0.779061 0.187998
v -141.429 -120.676 789.7
vn -0.283289 0.483929 -0.827986
v -141.429 -120.676 789.7
vn 0.0439427 -0.348403 -0.936314
v -141.498 -120.204 790
vn 0.591173 0.789482 -0.165025
v -141.498 -120.204 790
vn -0.393563 0.450682 -0.801245
v -141.261 -120.53 789.7
vn 0.625666 0.723666 -0.291289
v -141.261 -120.53 789.7
vn -0.447698 0.86082 -0.241981
v -141.218 -120.326 790.3
vn -0.973347 -0.00899031 -0.229159
v -141.854 -120.432 791.8
vn -0.650052 -0.0152317 -0.759737
v -141.854 -120.432 791.8
vn -0.959921 -0.268356 -0.0808536
v -139.71 -118.588 780.1
vn 0.150115 0.89828 -0.412987
v -139.29 -118.473 779.8
vn -0.543545 0.834016 0.0947408
v -141.76 -119.992 789.909
vn 0.0439427 -0.348403 -0.936314
v -141.76 -119.992 789.909
vn 0.645309 0.757895 -0.0957667
v -141.76 -119.992 789.909
vn -0.0497452 0.990371 0.129196
v -141.76 -119.992 789.909
vn 0.733106 0.669021 -0.122339
v -141.512 -120.045 791.5
vn -0.195573 0.962811 -0.186403
v -141.512 -120.045 791.5
vn -0.650545 0.731556 0.204004
v -141.512 -120.045 791.5
vn -0.978568 0.197528 -0.0582058
v -140.036 -117.598 783.1
vn -0.25471 0.962718 -0.0910853
v -139.998 -117.475 784.3
vn 0.336514 0.938025 -0.0828765
v -139.998 -117.475 784.3
vn -0.131473 0.962869 -0.235792
v -139.998 -117.475 784.3
vn 0.290485 0.943967 -0.15667
v -139.712 -117.569 782.5
vn -0.3171 0.929344 -0.189124
v -140.339 -117.227 785.5
vn -0.490754 0.860727 -0.135315
v -140.459 -117.202 786.1
vn -0.444278 0.779214 0.442089
v -140.459 -117.202 786.1
vn -0.497624 0.748364 0.438545
v -140.218 -117.064 786.1
vn 0.363186 0.92694 -0.0942279
v -140.218 -117.064 786.1
vn -0.496208 0.801487 0.333759
v -139.981 -117.61 787.3
vn -0.548188 0.833671 -0.0669569
v -139.881 -117.631 787.9
vn 0.406197 0.895762 -0.180593
v -139.349 -117.306 787.6
vn -0.965303 0.176117 -0.192801
v -140.01 -116.684 791.2
vn -0.991153 0.0540554 -0.121214
v -140.289 -117.545 796.6
vn 0.338199 0.933839 -0.116469
v -139.861 -115.386 793.6
vn 0.925727 0.331619 -0.181819
v -139.713 -114.689 806.2
vn 0.550839 0.82237 -0.142423
v -139.179 -113.619 812.8
vn 0.923275 0.313974 -0.221321
v -138.953 -114.002 811.3
vn 0.405466 0.912063 -0.0611352
v -138.521 -114.853 811.953
vn -0.204742 0.977817 0.0442024
v -139.452 -113.46 815.5
vn 0.952064 0.218943 -0.213631
v -139.767 -113.503 817.9
vn 0.908205 -0.376516 -0.182756
v -140.147 -112.668 815.8
vn 0.971252 0.221534 -0.0871273
v -140.147 -112.668 815.8
vn 0.119418 0.987846 -0.0994935
v -140.124 -112.296 817
vn 0.974572 0.0680884 -0.213479
v -140.124 -112.296 817
vn 0.827531 0.508961 -0.23696
v -140.124 -112.296 817
vn 0.908205 -0.376516 -0.182756
v -139.876 -113.032 817.9
vn 0.968556 -0.0683389 -0.239227
v -139.876 -113.032 817.9
vn 0.942459 0.216734 -0.254553
v -139.194 -113.177 820.3
vn 0.909136 -0.319124 -0.267641
v -139.194 -113.177 820.3
vn 0.788991 0.442557 -0.426189
v -139.194 -113.177 820.3
vn 0.834633 0.504362 -0.221375
v -138.965 -112.612 820.371
vn 0.863203 0.437113 -0.252613
v -139.176 -112.162 820.6
vn 0.84458 0.427137 -0.32286
v -138.481 -112.715 822.1
vn 0.496954 0.865323 -0.0652169
v -138.334 -112.533 822.7
vn 0.761742 0.565976 -0.315309
v -138.18 -113.251 822.1
vn 0.281755 0.959434 0.0100423
v -139.167 -112.121 825.4
vn -0.168058 0.984885 0.0419171
v -139.167 -112.121 825.4
vn 0.0704603 0.995755 0.059223
v -138.348 -112.595 834.7
vn -0.978537 -0.205872 0.00908381
v -140.037 -130.645 806.5
vn -0.975819 -0.213797 0.0454661
v -139.859 -131.25 817.3
vn -0.850889 -0.519475 -0.0783172
v -139.687 -131.781 818.5
vn -0.912795 -0.37635 0.158639
v -140.832 -130.054 841
vn -0.722482 -0.67344 -0.156521
v -138.918 -128.264 791.755
vn 0.0894428 -0.931975 -0.351316
v -138.706 -125.824 784.6
vn 0.100117 -0.869378 -0.4839
v -139.87 -126.971 788.2
vn -0.618443 -0.780411 -0.092121
v -139.35 -127.412 789.1
vn -0.954169 -0.0752325 -0.289657
v -138.176 -123.333 768.1
vn -0.387335 -0.889429 -0.242667
v -138.176 -123.333 768.1
vn -0.544053 -0.775488 -0.32035
v -138.176 -123.333 768.1
vn -0.974016 -0.219852 0.054389
v -138.176 -123.333 768.1
vn -0.0150464 -0.906618 -0.421683
v -138.176 -123.333 768.1
vn -0.678044 -0.720857 -0.143602
v -138.176 -123.333 768.1
vn -0.491978 0.0772482 -0.867174
v -139.461 -123.548 770.8
vn -0.845969 -0.532384 0.0300781
v -139.461 -123.548 770.8
vn -0.345447 -0.90095 -0.262594
v -139.461 -123.548 770.8
vn -0.491978 0.0772482 -0.867174
v -138.903 -123.36 770.5
vn -0.954169 -0.0752325 -0.289657
v -138.903 -123.36 770.5
vn -0.954169 -0.0752325 -0.289657
v -138.863 -123.675 770.449
vn -0.356413 -0.898269 -0.257066
v -138.863 -123.675 770.449
vn -0.727881 -0.672717 -0.132817
v -139.499 -123.233 775.3
vn -0.981069 -0.0697831 0.180651
v -139.499 -123.233 775.3
vn -0.283697 -0.810674 -0.512175
v -139.653 -123.064 777.4
vn 0.105947 -0.395851 -0.912183
v -139.478 -123.686 778.9
vn -0.824989 -0.552844 -0.117288
v -139.478 -123.686 778.9
vn -0.0594543 -0.928399 -0.366797
v -139.478 -123.686 778.9
vn -0.966949 -0.254886 0.00660002
v -138.873 -123.723 778.9
vn -0.653839 -0.74023 -0.156698
v -138.873 -123.723 778.9
vn -0.688674 -0.692698 -0.214237
v -139.343 -124.493 780.934
vn -0.364837 -0.781376 -0.506306
v -138.781 -121.546 764.8
vn -0.969716 -0.239469 0.0480197
v -138.781 -121.546 764.8
vn 0.256797 -0.811199 -0.525367
v -138.481 -121.88 765.1
vn -0.161275 -0.73512 -0.658475
v -138.372 -121.367 764.5
vn 0.476118 -0.591166 -0.651026
v -138.372 -121.367 764.5
vn -0.115886 0.53989 -0.833721
v -138.372 -121.367 764.5
vn -0.0247646 0.712886 -0.700842
v -138.008 -121.097 764.624
vn -0.47496 0.816553 -0.328106
v -138.267 -120.871 767.2
vn 0.518037 0.843333 0.142925
v -138.267 -120.871 767.2
vn -0.648085 0.745968 -0.153355
v -138.784 -120.931 767.8
vn -0.0926954 0.9955 0.0196662
v -138.784 -120.931 767.8
vn -0.499808 0.859273 -0.108823
v -138.784 -120.931 767.8
vn -0.871495 0.461852 0.164894
v -138.784 -120.931 767.8
vn 0.394468 0.915198 0.0825081
v -138.558 -120.8 767.8
vn 0.00101583 0.946069 0.323962
v -138.478 -120.997 769.6
vn 0.589421 0.806921 0.0382216
v -138.478 -120.997 769.6
vn -0.499402 0.858575 0.115959
v -138.478 -120.997 769.6
vn -0.871495 0.461852 0.164894
v -138.471 -121.305 770.5
vn 0.00101583 0.946069 0.323962
v -138.471 -121.305 770.5
vn 0.00101658 0.946766 -0.321922
v -138.471 -121.305 770.5
vn -0.848579 0.498639 -0.176842
v -138.471 -121.305 770.5
vn 0.524948 0.841192 -0.129718
v -138.052 -121.305 770.5
vn 0.00101658 0.946766 -0.321922
v -138.052 -121.305 770.5
vn -0.966153 -0.257935 -0.00418976
v -138.168 -122.289 773.8
vn -0.5415 0.791552 -0.283236
v -139.461 -122.628 776.8
vn -0.851154 -0.512873 -0.111796
v -139.461 -122.628 776.8
vn -0.985074 -0.0903749 0.1465
v -139.287 -122.786 776.2
vn -0.761365 -0.633936 -0.135829
v -139.287 -122.786 776.2
vn -0.761365 -0.633936 -0.135829
v -139.294 -122.97 777.1
vn -0.598744 -0.544683 -0.587219
v -139.845 -122.853 777.4
vn -0.888728 0.404772 -0.215226
v -139.845 -122.853 777.4
vn -0.636626 0.326137 -0.698814
v -139.912 -122.839 777.919
vn -0.961898 0.240156 -0.130681
v -139.912 -122.839 777.919
vn -0.568592 0.791396 -0.224491
v -139.849 -122.543 778
vn -0.789408 0.585561 -0.184265
v -138.918 -120.903 783.7
vn 0.863324 0.166024 -0.476559
v -137.625 -120.741 765.1
vn 0.665558 0.72661 0.170501
v -137.625 -120.741 765.1
vn 0.058875 0.996358 -0.0616818
v -137.625 -120.741 765.1
vn 0.522175 0.817864 0.241728
v -137.921 -120.686 765.7
vn 0.442019 0.86722 0.229233
v -137.945 -120.803 766.059
vn -0.938962 -0.027084 -0.342954
v -138.936 -120.286 774.1
vn -0.510186 0.836367 -0.200499
v -138.936 -120.286 774.1
vn -0.887532 0.45472 -0.0742675
v -138.936 -120.286 774.1
vn -0.920518 -0.39069 -0.00270656
v -138.707 -120.641 773.5
vn -0.938962 -0.027084 -0.342954
v -138.707 -120.641 773.5
vn 0.578779 0.737824 -0.34732
v -138.492 -120.489 772.9
vn -0.848579 0.498639 -0.176842
v -138.492 -120.489 772.9
vn -0.938962 -0.027084 -0.342954
v -138.492 -120.489 772.9
vn -0.503015 0.802156 -0.321749
v -138.492 -120.489 772.9
vn -0.0102825 0.96292 -0.26959
v -138.492 -120.489 772.9
vn 0.566078 0.791245 -0.231271
v -138.095 -120.064 774.4
vn -0.838224 0.540562 -0.0719236
v -139.111 -119.942 778.3
vn -0.963152 -0.0880593 -0.254134
v -138.964 -119.823 777.7
vn -0.567899 0.818972 -0.08232
v -138.964 -119.823 777.7
vn 0.197649 0.807259 -0.556119
v -138.964 -119.823 777.7
vn 0.560546 0.690622 -0.456979
v -138.607 -119.587 778.3
vn 0.258825 0.960842 -0.0989534
v -138.607 -119.587 778.3
vn 0.864609 0.190143 -0.465077
v -137.805 -118.993 780.1
vn 0.664182 0.680794 -0.30884
v -137.423 -119.79 779.8
vn -0.89179 0.408016 -0.195532
v -139.203 -119.922 787
vn 0.424796 0.901936 -0.0778422
v -137.084 -115.159 816.7
vn 0.0675099 0.943724 0.323771
v -137.099 -115.379 880.6
vn -0.709852 -0.691944 0.131618
v -138.837 -130.735 850
vn -0.565038 -0.7464 -0.351596
v -137.136 -128.54 784.9
vn -0.974082 -0.218811 -0.0573281
v -137.423 -129.809 787.9
vn -0.994653 -0.0683021 0.0774588
v -137.344 -129.519 789.641
vn -0.979329 -0.187347 0.0762585
v -137.193 -130.777 790.6
vn -0.510876 -0.819768 -0.258815
v -136.344 -127.891 781.6
vn -0.942046 -0.334557 0.0249117
v -136.344 -127.891 781.6
vn 0.95289 0.183249 -0.241704
v -137.19 -121.577 766.183
vn 0.848141 -0.326195 -0.417436
v -137.19 -121.577 766.183
vn 0.698471 0.704625 -0.125066
v -136.203 -122.707 768.842
vn 0.582527 0.775538 -0.243317
v -136.522 -119.879 779.675
vn 0.755493 0.575952 -0.312265
v -136.522 -119.879 779.675
vn 0.152424 0.988017 0.0242747
v -136.522 -119.879 779.675
vn 0.0511421 0.963409 0.263112
v -136.101 -116.453 884.8
vn -0.958957 0.166552 0.229482
v -133.896 -115.223 884.8
vn -0.822034 -0.569432 -0.00286631
v -136.589 -131.737 792.4
vn -0.789503 -0.609631 0.0709515
v -135.311 -132.939 796.3
vn -0.69692 -0.700238 -0.154822
v -136.081 -129.347 784.3
vn -0.920885 -0.327042 -0.212168
v -135.773 -129.342 783.7
vn -0.752628 -0.651004 0.0987189
v -136.42 -130.942 860.256
vn 0.883961 0.206819 -0.419332
v -133.473 -124.821 774.1
vn 0.89291 0.301528 -0.334353
v -134.783 -123.929 771.1
vn 0.514855 0.840114 0.170686
v -133.685 -123.856 774.1
vn 0.84484 0.0476779 -0.53289
v -134.57 -122.747 777.7
vn 0.72191 0.638171 -0.267551
v -133.3 -123.48 777.7
vn 0.751013 0.582578 -0.310779
v -134.66 -121.501 779.8
vn 0.826944 0.390232 -0.404825
v -133.467 -119.915 787
vn -0.888313 -0.448225 0.0999684
v -131.966 -117.203 894.1
vn -0.67858 -0.734411 -0.013027
v -131.966 -117.203 894.1
vn -0.641208 -0.754271 -0.141165
v -131.675 -117.535 896.8
vn 0.918384 0.358798 -0.166835
v -132.801 -116.803 814.6
vn 0.956593 0.172965 -0.234548
v -132.378 -116.253 842.8
vn 0.889294 0.40727 -0.208057
v -132.217 -115.496 844.3
vn -0.964905 -0.238509 0.109873
v -133.168 -115.991 888.4
vn -0.950421 -0.276893 0.141527
v -133.168 -115.991 888.4
vn 0.308453 0.944194 0.115562
v -131.878 -115.348 890.8
vn -0.945255 0.0395997 0.323922
v -132.425 -116.763 893.2
vn -0.902524 0.35195 0.248156
v -132.107 -116.524 894.1
vn -0.940105 0.230501 0.251143
v -131.959 -117.168 895.553
vn -0.510171 -0.851936 -0.11803
v -133.945 -137.295 829.3
vn -0.91373 -0.405566 -0.0247689
v -135.131 -134.977 817.6
vn -0.910743 -0.412763 0.0132108
v -135.008 -135.842 824.185
vn 0.611602 0.785488 -0.0946119
v -131.526 -125.235 777.591
vn 0.810238 0.0269531 -0.58548
v -131.864 -123.936 781.966
vn -0.0338936 0.992899 0.114033
v -131.499 -120.776 787.9
vn 0.24352 0.969487 -0.0281483
v -131.499 -120.776 787.9
vn 0.370955 0.926577 -0.0620281
v -131.808 -120.789 789.4
vn 0.922123 0.0351108 -0.385301
v -130.982 -120.136 791.5
vn 0.906168 0.278739 -0.318064
v -130.314 -120.975 793
vn -0.43762 -0.839016 -0.323328
v -131.283 -118.318 898.3
vn 0.240358 -0.954643 -0.175739
v -131.283 -118.318 898.3
vn -0.613933 -0.59469 0.519067
v -131.283 -118.318 898.3
vn 0.23265 -0.924029 -0.303389
v -131.239 -118.11 897.7
vn -0.769645 -0.502945 0.39331
v -131.068 -118.278 898.6
vn -0.769645 -0.502945 0.39331
v -131.123 -117.959 898.9
vn -0.5775 -0.814269 -0.0588126
v -130.814 -118.332 897.4
vn -0.0888163 0.922195 0.376389
v -130.26 -117.836 900.225
vn 0.378792 0.925304 0.0181253
v -130.291 -116.909 850.6
vn 0.234748 0.953835 0.187328
v -130.921 -116.615 896.8
vn -0.581146 0.722684 0.374161
v -130.723 -117.124 898.615
vn 0.93436 0.213664 -0.285165
v -129.631 -120.644 795.7
vn -0.949381 -0.224142 0.220082
v -129.197 -122.356 907
vn -0.958884 -0.0598081 0.277425
v -127.532 -120.87 908.88
vn -0.74189 -0.66679 0.070639
v -127.532 -120.87 908.88
vn -0.193095 0.859547 0.473173
v -127.532 -120.87 908.88
vn -0.751193 0.479616 0.453516
v -127.532 -120.87 908.88
vn 0.928028 0.277119 -0.248937
v -129.274 -118.966 829.365
vn 0.946728 0.202908 -0.250067
v -128.148 -119.205 833.2
vn 0.255388 0.958286 0.128313
v -128.493 -118.176 855.4
vn 0.980352 -0.0542488 -0.189651
v -127.856 -119.881 894.1
vn -0.888046 -0.386818 0.248487
v -129.379 -119.459 902.8
vn -0.963216 -0.0768138 0.257518
v -129.379 -119.459 902.8
vn -0.879605 0.150486 0.451275
v -129.379 -119.459 902.8
vn -0.74189 -0.66679 0.070639
v -129.379 -119.459 902.8
vn -0.668022 0.698603 0.256321
v -129.379 -119.459 902.8
vn 0.575562 0.813505 0.0832896
v -127.559 -119.558 904.3
vn -0.78342 0.500192 0.368865
v -128.505 -120.049 906.4
vn -0.00406487 0.921001 0.389539
v -128.333 -119.779 906.4
vn 0.293599 0.931709 0.213816
v -128.129 -119.351 905.2
vn -0.10954 0.936854 0.332123
v -128.129 -119.351 905.2
vn -0.491328 0.843287 0.217863
v -128.129 -119.351 905.2
vn 0.821013 0.566739 -0.0688869
v -128.136 -117.943 874.9
vn -0.349429 -0.91607 0.196761
v -128.325 -130.374 895.6
vn -0.764012 -0.594767 0.250076
v -127.978 -130.184 897.1
vn -0.351385 -0.921196 0.167112
v -127.694 -130.293 897.1
vn -0.353021 -0.925485 0.13731
v -127.349 -130.11 899.222
vn -0.655919 -0.754345 0.0271014
v -127.393 -128.874 907.196
vn 0.884494 -0.107681 -0.453955
v -127.437 -127.944 784
vn -0.894152 0.388256 0.223049
v -127.565 -126.383 910.3
vn -0.449818 -0.892652 -0.0289144
v -127.39 -127.42 910
vn -0.872777 0.42743 0.235722
v -127.516 -127.007 911.8
vn -0.99186 -0.125527 0.0213828
v -126.698 -127.488 915.7
vn -0.855227 0.502149 0.12819
v -126.698 -127.488 915.7
vn -0.643982 -0.761849 -0.0698099
v -126.644 -128.113 917.8
vn -0.9074 0.349511 0.233382
v -126.602 -128.04 916.9
vn -0.633897 -0.771175 -0.0588636
v -126.602 -128.04 916.9
vn -0.999089 -0.0412328 -0.0109727
v -126.602 -128.04 916.9
vn 0.216511 0.55068 0.806148
v -126.36 -126.333 920.5
vn -0.460469 0.827056 0.322407
v -126.36 -126.333 920.5
vn -0.960242 0.123686 0.250273
v -126.361 -126.946 920.8
vn -0.573888 -0.66003 0.484782
v -126.361 -126.946 920.8
vn 0.661825 -0.0292476 0.749087
v -126.361 -126.946 920.8
vn 0.182026 0.431969 0.883329
v -126.361 -126.946 920.8
vn -0.647799 0.678293 0.346809
v -127.653 -125.444 915.1
vn -0.960242 0.123686 0.250273
v -127.653 -125.444 915.1
vn 0.233519 0.972052 -0.0241775
v -126.174 -123.14 794.2
vn 0.336107 0.941206 0.0341195
v -125.659 -122.161 810.4
vn 0.795176 0.573736 -0.19627
v -125.659 -122.161 810.4
vn 0.97072 0.185297 -0.152868
v -125.531 -123.442 892.3
vn 0.95755 -0.146392 -0.248328
v -126.63 -121.982 900.7
vn 0.841176 0.533039 -0.0910652
v -126.647 -121.038 899.8
vn 0.735578 0.675797 -0.04714
v -126.453 -121.099 900.4
vn 0.973351 -0.0380116 -0.226146
v -126.083 -122.711 903.344
vn 0.544436 -0.756067 -0.363253
v -125.862 -122.451 904
vn 0.208954 0.941995 0.262648
v -125.965 -122.159 906.7
vn 0.933669 0.242107 -0.263905
v -125.839 -121.562 904.9
vn 0.899938 0.400666 0.171982
v -125.839 -121.562 904.9
vn 0.85437 0.516466 0.0575805
v -125.896 -121.831 905.826
vn 0.548528 -0.76175 -0.344751
v -125.727 -122.787 904.9
vn 0.286869 0.922336 0.25885
v -125.527 -122.216 906.7
vn 0.976368 0.190676 -0.101723
v -125.527 -122.216 906.7
vn 0.552406 -0.767135 -0.326115
v -125.373 -123.169 906.4
vn 0.548528 -0.76175 -0.344751
v -125.399 -122.55 904.9
vn 0.988197 0.146894 0.0434716
v -125.399 -122.55 904.9
vn 0.840445 0.374179 -0.391972
v -125.399 -122.55 904.9
vn 0.742815 -0.532646 -0.405603
v -125.818 -122.154 908.8
vn -0.192984 0.905468 0.378001
v -126.556 -121.997 911.2
vn 0.766609 -0.549707 -0.331862
v -125.728 -122.485 909.4
vn 0.684961 0.728417 -0.0153949
v -125.728 -122.485 909.4
vn 0.813857 0.544459 -0.202981
v -125.534 -122.214 909.4
vn 0.981254 -0.0183381 -0.191842
v -125.385 -122.553 910.6
vn 0.637895 0.680012 0.361488
v -125.385 -122.553 910.6
vn 0.206778 0.874407 0.438925
v -125.652 -122.803 913.9
vn -0.0918444 0.969177 0.228605
v -125.697 -122.34 913
vn 0.42536 0.860673 0.279842
v -125.697 -122.34 913
vn 0.710178 0.701469 0.0599025
v -125.636 -122.051 911.8
vn -0.462111 0.864059 0.19964
v -125.434 -122.543 913.279
vn 0.176709 0.984055 0.0202246
v -125.105 -120.995 815.5
vn 0.890727 0.390763 -0.232186
v -125.99 -119.971 819.4
vn 0.236649 0.967416 0.0900181
v -125.99 -119.971 819.4
vn 0.929451 -0.235429 -0.284068
v -127.015 -120.366 898.3
vn -0.088154 -0.987654 -0.129495
v -126.023 -131.618 901.6
vn -0.740927 -0.669861 0.0480883
v -126.023 -131.618 901.6
vn -0.946814 -0.303259 0.107595
v -126.023 -131.618 901.6
vn -0.942565 -0.319894 0.0961207
v -125.473 -129.942 912.1
vn -0.473573 -0.879294 -0.0507073
v -125.818 -128.679 919.9
vn -0.896917 -0.360744 0.255741
v -125.818 -128.679 919.9
vn -0.150335 -0.665823 0.730807
v -125.818 -128.679 919.9
vn -0.330236 -0.646391 0.687839
v -125.628 -129.555 919
vn -0.993546 0.0302415 0.109326
v -125.544 -128.96 919.6
vn -0.322849 -0.739058 0.591238
v -125.544 -128.96 919.6
vn -0.0548034 -0.607219 0.792642
v -125.507 -128.661 919.935
vn 0.680285 -0.0980517 0.726359
v -125.276 -129.017 919.675
vn -0.805692 -0.180823 0.56406
v -125.276 -129.017 919.675
vn 0.454159 -0.327735 0.82845
v -125.246 -130.319 919.3
vn -0.582006 -0.811231 -0.0563361
v -126.312 -128.118 914.8
vn -0.96289 0.188479 0.193182
v -126.098 -127.615 920.2
vn -0.573888 -0.66003 0.484782
v -126.098 -127.615 920.2
vn -0.629104 0.200581 0.750996
v -126.098 -127.615 920.2
vn 0.197465 0.534031 0.822082
v -125.951 -126.42 920.458
vn -0.170439 -0.578893 0.797391
v -125.969 -127.949 920.397
vn -0.629104 0.200581 0.750996
v -125.969 -127.949 920.397
vn 0.619645 -0.0593534 0.782634
v -125.969 -127.949 920.397
vn 0.643177 -0.0406115 0.76464
v -125.907 -127.656 920.371
vn -0.629104 0.200581 0.750996
v -125.907 -127.656 920.371
vn 0.651433 -0.0659861 0.755832
v -125.738 -128.305 920.188
vn 0.588973 0.770483 0.243858
v -123.72 -124.582 884.8
vn 0.925791 0.261341 -0.273151
v -125.372 -123.694 895
vn 0.967755 0.0860745 -0.236731
v -124.722 -125.147 895.9
vn 0.699653 0.714224 0.0192392
v -124.368 -124.742 897.4
vn 0.964133 0.21362 -0.157527
v -124.183 -124.955 898.6
vn 0.567453 0.814839 0.118464
v -124.7 -124.862 899.8
vn 0.506448 0.854169 0.11792
v -123.683 -125.061 904.3
vn 0.96432 0.143113 -0.222723
v -125.198 -123.819 906.7
vn 0.892819 0.450304 -0.0100589
v -123.843 -125.159 905.2
vn 0.637895 0.680012 0.361488
v -124.461 -123.739 911.2
vn 0.198004 0.900626 0.386869
v -124.461 -123.739 911.2
vn 0.807496 0.589651 -0.0161808
v -123.764 -125.044 911.2
vn 0.106513 0.914312 0.390753
v -124.546 -124.138 912.1
vn 0.823848 0.550912 -0.133308
v -124.546 -124.138 912.1
vn 0.252366 0.925707 0.281742
v -124.278 -124.322 912.481
vn 0.974704 0.195456 -0.108391
v -123.941 -124.393 912.4
vn 0.713563 0.696985 0.0709864
v -123.941 -124.393 912.4
vn 0.439385 0.862006 0.252758
v -124.347 -124.614 914.2
vn 0.820454 0.56958 -0.0493266
v -124.3 -124.93 915.7
vn 0.988223 -0.0356107 0.148822
v -124.09 -124.362 915.7
vn 0.80637 0.582549 0.102002
v -124.09 -124.362 915.7
vn 0.80065 0.589966 0.104399
v -124.18 -124.343 916.3
vn 0.996303 0.0762852 0.0395128
v -124.18 -124.343 916.3
vn 0.427716 0.859323 0.280397
v -123.523 -125.096 914.676
vn 0.40312 0.794588 0.454009
v -124.696 -124.846 918.724
vn 0.784204 0.109759 0.610718
v -124.109 -124.971 918.281
vn 0.990384 0.131596 0.0426787
v -124.109 -124.971 918.281
vn 0.737678 0.675143 0.00362633
v -123.707 -125.67 917.5
vn 0.22612 0.526038 0.81985
v -125.456 -125.533 919.6
vn 0.2699 0.523223 0.808326
v -125.177 -125.664 919.607
vn 0.303412 0.557826 0.77251
v -125.066 -125.143 919.3
vn 0.421126 0.621513 0.660586
v -124.759 -125.14 919.145
vn 0.0823389 0.993305 0.0810278
v -123.725 -121.72 824.2
vn 0.956539 0.257937 0.136022
v -123.667 -123.531 881.8
vn 0.605009 0.7868 0.122104
v -125.288 -123.301 898
vn 0.280579 0.667979 0.68926
v -125.044 -122.932 906.4
vn 0.280579 0.667979 0.68926
v -124.914 -122.986 906.4
vn 0.280579 0.667979 0.68926
v -124.909 -122.961 906.373
vn 0.635696 0.763596 0.113189
v -124.909 -122.961 908.381
vn 0.944378 0.328738 -0.00899315
v -124.358 -123.691 909.7
vn 0.721875 0.688343 0.0712806
v -124.358 -123.691 909.7
vn 0.958214 0.268223 -0.0994084
v -125.117 -122.497 912.1
vn 0.221493 0.970344 0.0968125
v -125.172 -122.754 914.8
vn 0.798186 0.595686 0.0897638
v -125.172 -122.754 914.8
vn 0.250312 0.74276 0.621008
v -125.172 -122.754 914.8
vn 0.397554 0.917184 0.0269158
v -123.886 -121.031 824.462
vn 0.750475 0.622281 -0.222607
v -123.501 -119.886 846.4
vn 0.71911 0.694768 -0.0133764
v -124.512 -121.092 871.9
vn -0.124666 -0.985224 0.117437
v -123.709 -134.629 901.6
vn 0.0550598 -0.997522 0.0437901
v -123.088 -134.593 901.9
vn -0.179346 -0.982779 0.0444979
v -123.684 -134.514 902.5
vn -0.108891 -0.994043 -0.00470617
v -123.402 -134.629 903.43
vn -0.367775 -0.929207 0.0362649
v -123.425 -134.318 908.8
vn -0.973869 -0.216202 0.0695479
v -123.425 -134.318 908.8
vn -0.865108 -0.4752 0.160539
v -124.858 -132.822 900.7
vn -0.101784 -0.99397 0.0407829
v -124.467 -132.426 906.7
vn -0.148648 -0.984438 0.0937269
v -124.202 -132.619 904.694
vn -0.708375 -0.704704 0.0399624
v -124.793 -132.515 907.6
vn -0.327268 -0.94372 0.047837
v -123.853 -132.422 907.6
vn -0.970336 -0.235607 0.0541919
v -123.573 -132.549 911.5
vn -0.723985 -0.683112 -0.0959352
v -123.573 -132.549 911.5
vn 0.0994512 -0.992569 -0.0701105
v -124.498 -132.573 911.8
vn -0.774369 -0.629845 -0.0603952
v -123.603 -132.686 912.7
vn -0.852266 -0.516191 -0.0847888
v -123.392 -133.141 916.3
vn -0.369617 -0.191886 0.909155
v -123.392 -133.141 916.3
vn -0.369617 -0.191886 0.909155
v -123.175 -133.56 916.3
vn 0.62855 -0.34147 0.698801
v -123.175 -133.56 916.3
vn -0.346398 -0.925057 0.155811
v -123.175 -133.56 916.3
vn -0.115497 -0.985948 0.120694
v -123.09 -133.162 916.419
vn 0.68731 -0.273956 0.67272
v -123.09 -133.162 916.419
vn -0.813425 -0.574827 -0.088955
v -122.893 -133.817 915.4
vn -0.346398 -0.925057 0.155811
v -122.893 -133.817 915.4
vn -0.167412 -0.635938 0.753364
v -124.356 -131.903 917.8
vn 0.632843 -0.317425 0.706223
v -123.877 -132.381 917.5
vn -0.168372 -0.639586 0.750054
v -123.877 -132.381 917.5
vn -0.1559 -0.798099 0.582008
v -123.877 -132.381 917.5
vn 0.696961 -0.198256 0.689159
v -124.066 -131.98 917.8
vn -0.990121 -0.0491574 0.131319
v -123.935 -132.807 916.9
vn -0.426078 -0.903735 0.0414848
v -123.935 -132.807 916.9
vn -0.1559 -0.798099 0.582008
v -123.935 -132.807 916.9
vn 0.440369 -0.544985 0.713489
v -123.384 -133.099 916.647
vn -0.1559 -0.798099 0.582008
v -123.384 -133.099 916.647
vn 0.9123 0.331256 -0.240785
v -122.185 -129.367 796.6
vn -0.584926 -0.809977 0.0424056
v -124.477 -131.027 918.506
vn 0.678997 -0.19995 0.706387
v -124.477 -131.027 918.506
vn -0.166447 -0.632274 0.756654
v -124.477 -131.027 918.506
vn 0.899386 0.433146 -0.0590759
v -121.674 -127.942 903.921
vn 0.516435 0.819745 0.247613
v -122.626 -126.82 909.7
vn 0.949532 0.309233 -0.0525789
v -122.626 -126.82 909.7
vn 0.516435 0.819745 0.247613
v -121.948 -127.79 911.5
vn 0.601821 0.795092 0.0751038
v -122.396 -127.01 913.6
vn 0.0172736 0.972017 0.234273
v -121.814 -128.6 913.9
vn 0.885633 0.460991 -0.0560397
v -121.814 -128.6 913.9
vn 0.750542 -0.0428802 0.65943
v -122.256 -127.512 916.3
vn 0.953456 0.299561 0.0344185
v -122.409 -127.173 916.3
vn 0.535912 0.760478 0.366703
v -122.409 -127.173 916.3
vn 0.733758 0.0260624 0.678911
v -122.409 -127.173 916.3
vn 0.691731 0.715836 0.0953283
v -122.409 -127.173 916.3
vn 0.896631 0.4047 0.179641
v -121.817 -128.219 915.7
vn 0.653717 0.750462 0.0972675
v -121.737 -127.622 914.8
vn 0.926464 -0.267682 -0.264596
v -121.751 -128.539 915.4
vn 0.932003 -0.17326 -0.318357
v -121.548 -127.969 915.4
vn 0.747252 0.649617 0.140043
v -121.548 -127.969 915.4
vn 0.841729 0.175177 0.510691
v -123.055 -127.035 917.2
vn 0.640037 0.730795 0.237257
v -123.055 -127.035 917.2
vn 0.682304 0.602822 0.413603
v -122.703 -127.11 916.6
vn 0.846847 0.479849 -0.229334
v -121.477 -125.571 802.6
vn 0.444268 0.88452 0.142307
v -123.123 -126.101 902.103
vn 0.524897 0.845335 0.099458
v -123.456 -126.225 904.6
vn 0.572891 0.813464 0.10036
v -122.847 -126.248 910
vn 0.722352 0.688544 0.0641526
v -122.553 -126.528 909.7
vn 0.985426 0.0439108 -0.164338
v -123.466 -126.334 915.4
vn 0.738078 0.64174 0.208353
v -123.26 -125.765 916
vn 0.857747 0.512281 0.0428834
v -122.598 -126.519 915.221
vn 0.918784 -0.0613009 -0.389973
v -122.565 -123.474 819.1
vn 0.843437 0.52806 -0.0988224
v -122.345 -123.882 818.8
vn 0.926341 -0.106252 -0.361389
v -122.345 -123.882 819.7
vn 0.449878 0.89309 0
v -122.345 -123.882 819.7
vn 0.819242 0.514361 -0.253525
v -122.345 -123.882 819.7
vn 0.580711 0.812521 -0.0508326
v -121.761 -122.096 820.9
vn 0.892711 0.430597 -0.132868
v -121.53 -124.292 821.5
vn 0.942101 0.335219 -0.00862813
v -121.524 -124.294 822.1
vn 0.896711 0.0504547 -0.439732
v -121.524 -124.294 822.1
vn 0.870187 -0.288387 -0.399509
v -121.645 -123.961 821.8
vn 0.374916 0.920902 -0.106668
v -122.187 -121.699 819.676
vn 0.795537 0.600327 -0.082029
v -122.187 -121.699 819.676
vn 0.715912 0.696606 0.0470241
v -122.173 -121.633 820.3
vn 0.361349 0.928894 0.0811338
v -121.9 -120.35 851.5
vn -0.975445 0.170066 0.139944
v -121.759 -137.001 898.6
vn 0.214252 -0.976477 -0.0242731
v -122.439 -134.429 905.8
vn 0.0587841 -0.996633 0.0571546
v -121.018 -136.399 907.6
vn -0.866862 -0.496218 0.0481521
v -122.173 -134.619 910.3
vn -0.616914 -0.784358 -0.0648033
v -122.173 -134.619 910.3
vn -0.0400198 -0.998745 0.0301193
v -121.303 -136.295 909.7
vn -0.9051 -0.39118 0.16665
v -121.599 -135.319 913.3
vn -0.394335 -0.661169 0.638244
v -121.599 -135.319 913.3
vn 0.79985 -0.259704 0.541105
v -121.41 -135.359 913.375
vn -0.279061 -0.939285 0.199671
v -121.41 -135.359 913.375
vn -0.267629 -0.960024 0.0820272
v -121.284 -136.208 911.8
vn -0.394335 -0.661169 0.638244
v -121.261 -136.1 912.7
vn -0.26654 -0.956118 0.121635
v -121.261 -136.1 912.7
vn 0.459823 -0.83188 0.310708
v -121.261 -136.1 912.7
vn 0.837424 -0.266238 0.477324
v -121.261 -136.1 912.7
vn 0.535045 -0.760245 0.368449
v -120.994 -136.288 911.8
vn -0.516407 -0.848805 -0.113376
v -120.994 -136.288 911.8
vn -0.77854 -0.540816 0.318423
v -122.504 -134.731 914.8
vn 0.0501547 -0.998518 -0.0211381
v -122.504 -134.731 914.8
vn -0.460116 -0.885153 0.0692597
v -122.504 -134.731 914.8
vn 0.513419 -0.567311 0.643863
v -122.504 -134.731 914.8
vn 0.702518 -0.31299 0.639145
v -122.628 -133.873 915.655
vn -0.346398 -0.925057 0.155811
v -122.628 -133.873 915.655
vn 0.913563 -0.307406 -0.26628
v -120.516 -129.722 803.5
vn 0.817439 0.477626 0.321974
v -120.643 -130.308 889.641
vn 0.355774 0.898501 0.257138
v -120.643 -130.308 889.641
vn 0.931705 0.351045 -0.0932355
v -121.664 -129.337 895.6
vn 0.731637 0.679617 -0.0531772
v -119.838 -130.846 900.4
vn 0.770455 0.637343 -0.0138994
v -119.83 -130.809 901
vn 0.432065 0.897681 0.0865389
v -119.668 -131.436 904
vn 0.71738 0.695497 0.0406164
v -120.833 -129.654 913
vn 0.941071 -0.217752 -0.258785
v -120.686 -129.686 913.9
vn 0.556889 0.821929 0.119615
v -120.288 -130.077 913.15
vn 0.825707 -0.0105139 0.564001
v -119.646 -130.52 912.4
vn 0.972346 -0.158507 0.171519
v -119.082 -127.29 878.8
vn 0.858191 0.45728 0.233246
v -120.364 -129.141 887.2
vn 0.765494 0.641303 0.0524317
v -121.009 -129.14 907.6
vn 0.744633 0.667296 0.0153859
v -120.96 -128.707 913
vn 0.905216 0.13775 0.402007
v -120.587 -129.4 913.9
vn 0.200958 0.970714 0.131641
v -121.556 -128.828 915.1
vn 0.781709 0.282957 0.555758
v -121.251 -128.839 914.8
vn 0.93779 0.0848584 -0.336675
v -120.198 -126.109 806.2
vn 0.93221 -0.193178 -0.306049
v -118.897 -125.465 828.4
vn 0.309978 0.949882 0.0404647
v -119.418 -123.1 845.2
vn -0.349483 -0.920005 0.17735
v -121.144 -138.434 898.6
vn -0.0794051 -0.976407 0.200808
v -119.73 -138.997 898
vn 0.10816 -0.986714 0.121232
v -121.109 -138.269 900.4
vn -0.442865 -0.889649 0.111334
v -121.109 -138.269 900.4
vn -0.447709 -0.863539 0.23207
v -119.343 -138.619 903.4
vn -0.304681 -0.889017 0.341788
v -119.278 -138.313 904.3
vn 0.893789 -0.415183 0.1696
v -119.012 -138.629 904
vn 0.876694 -0.419015 0.236292
v -118.975 -138.33 904.492
vn -0.442865 -0.889649 0.111334
v -120.673 -137.663 906.975
vn -0.975445 0.170066 0.139944
v -120.673 -137.663 906.975
vn -0.868627 -0.352449 0.348233
v -120.673 -137.663 906.975
vn 0.906142 -0.35906 0.223568
v -119.144 -137.681 906.666
vn -0.975445 0.170066 0.139944
v -120.535 -137.385 907.6
vn 0.150599 -0.988428 0.018167
v -119.872 -137.833 908.8
vn -0.442865 -0.889649 0.111334
v -119.872 -137.833 908.8
vn -0.833271 -0.474928 0.283026
v -119.872 -137.833 908.8
vn 0.835524 -0.382466 0.394486
v -119.872 -137.833 908.8
vn -0.866036 -0.469323 0.172387
v -120.678 -136.241 910
vn -0.516407 -0.848805 -0.113376
v -120.678 -136.241 910
vn -0.516407 -0.848805 -0.113376
v -120.39 -136.496 910.6
vn 0.570691 -0.641861 0.512178
v -120.39 -136.496 910.6
vn 0.957307 0.289069 0.00181007
v -117.772 -133.065 890.2
vn 0.927513 0.242923 0.284091
v -117.772 -133.065 890.2
vn 0.642082 0.747387 0.170712
v -117.772 -133.065 890.2
vn 0.888644 -0.316855 0.331534
v -117.731 -132.767 907.9
vn 0.884987 0.433125 -0.17088
v -119.401 -131.799 804.4
vn 0.899786 0.41984 -0.118821
v -119.05 -130.647 810.1
vn 0.900151 -0.308983 -0.307014
v -117.805 -132.138 815.5
vn 0.970147 0.130736 -0.204264
v -118.297 -132.256 905.8
vn 0.668358 0.737655 0.0957256
v -119.604 -131.188 911.2
vn 0.43829 0.561217 0.702095
v -119.604 -131.188 911.2
vn 0.447827 0.561671 0.695684
v -119.03 -131.264 910.9
vn 0.622788 0.779871 0.0627412
v -119.272 -131.072 910.9
vn 0.443066 0.561453 0.698901
v -119.272 -131.072 910.9
vn 0.443066 0.561453 0.698901
v -119.07 -131.563 911.166
vn 0.678404 0.666347 0.309436
v -119.07 -131.563 911.166
vn 0.776397 0.51367 0.365173
v -119.508 -131.47 911.8
vn 0.701496 0.661278 0.265734
v -119.626 -131.291 911.8
vn 0.799634 0.529044 0.284074
v -119.632 -131.443 912.1
vn 0.99968 0.00803756 0.0239771
v -119.632 -131.443 912.1
vn 0.921218 -0.203582 -0.331531
v -116.805 -126.217 835.6
vn 0.993719 -0.0874854 0.0697738
v -117.595 -125.742 867.1
vn 0.981979 -0.174731 0.0720174
v -118.021 -126.878 871
vn 0.919085 0.387977 0.0689712
v -118.021 -126.878 871
vn 0.873569 0.462307 0.152151
v -118.368 -126.805 875.2
vn 0.941097 -0.231738 0.24624
v -118.37 -126.497 875.5
vn 0.951076 0.267482 0.154622
v -118.172 -126.54 874.9
vn 0.936314 0.328678 -0.123639
v -116.661 -124.558 854.2
vn 0.956762 0.284338 -0.061311
v -117.001 -124.028 858.4
vn 0.879055 0.373647 0.296058
v -116.469 -125.097 858.4
vn 0.379085 0.913745 0.146166
v -116.469 -125.097 858.4
vn 0.623395 0.781251 0.0320266
v -116.86 -124.051 860.5
vn 0.940961 0.297165 0.162129
v -116.86 -124.051 860.5
vn 0.977094 -0.207704 0.0463318
v -116.86 -124.051 860.5
vn 0.849381 0.44897 0.27745
v -117.329 -125.185 865.3
vn 0.91709 -0.347372 0.195651
v -117.426 -140.5 891.7
vn 0.521996 -0.829951 0.196729
v -118.03 -140.065 894.7
vn -0.673899 -0.717502 0.176213
v -119.01 -139.94 897.1
vn -0.0156147 -0.998844 0.0454591
v -118.693 -139.891 898.3
vn 0.646062 -0.746035 0.161356
v -118.693 -139.891 898.3
vn 0.848438 -0.498882 0.176835
v -118.573 -139.336 900.1
vn 0.969477 0.245026 -0.008697
v -115.88 -136.228 892.3
vn 0.735543 0.632319 0.243204
v -115.88 -136.228 892.3
vn 0.915439 -0.368399 0.162029
v -116.235 -135.539 896.25
vn 0.757909 0.652293 0.0094136
v -116.498 -135.483 897.7
vn 0.941688 -0.135955 -0.307799
v -116.101 -133.727 815.2
vn 0.31629 0.938694 0.137165
v -115.862 -133.785 878.5
vn 0.132798 0.980856 0.14243
v -115.944 -134.17 881.8
vn 0.995132 0.0940804 -0.0293617
v -116.972 -133.235 884.988
vn 0.806225 0.591254 -0.0204912
v -116.972 -133.235 884.988
vn 0.99379 0.10773 0.0278463
v -116.343 -133.164 883.6
vn 0.761238 0.634619 0.133326
v -116.343 -133.164 883.6
vn 0.74538 0.658925 0.101125
v -116.896 -133.252 887.5
vn 0.262957 0.949999 0.168392
v -116.482 -133.816 887.5
vn 0.169847 0.95698 0.235248
v -117.287 -133.276 889.3
vn 0.995806 0.0906679 -0.0122541
v -116.198 -135.24 890.5
vn 0.383893 0.908263 0.166386
v -117.466 -134.115 892.9
vn 0.962719 0.270474 -0.00406421
v -117.466 -134.115 892.9
vn 0.143534 0.960467 0.23854
v -116.595 -134.348 893.2
vn 0.943496 -0.242949 0.225369
v -116.913 -134.168 902.8
vn 0.868089 -0.376434 -0.323604
v -115.584 -132.917 822.4
vn 0.65867 0.720508 0.216848
v -116.181 -132.401 879.1
vn 0.992794 0.11702 -0.0258131
v -117.119 -132.485 882.4
vn 0.347622 0.904966 0.245347
v -117.119 -132.485 882.4
vn 0.823209 0.516174 0.236414
v -115.827 -129.798 872.5
vn 0.964092 -0.03035 -0.263827
v -115.369 -127.135 820.572
vn 0.97665 0.211074 -0.0400296
v -114.175 -128.003 826.6
vn 0.983451 -0.0570996 -0.171942
v -114.175 -128.003 826.6
vn 0.871362 -0.367507 -0.325064
v -115.537 -126.486 839.134
vn 0.644785 0.750299 -0.145955
v -114.102 -126.948 843.7
vn 0.969032 -0.170748 0.178386
v -114.195 -127.385 862.525
vn 0.540873 -0.817629 0.197331
v -116.105 -140.781 887.5
vn 0.814567 -0.206258 0.542161
v -115.687 -140.563 886.9
vn 0.765051 -0.259067 0.589561
v -115.431 -140.414 886.6
vn 0.583333 -0.768016 0.264338
v -116.477 -140.702 888.4
vn 0.47904 -0.85476 0.199763
v -114.598 -140.181 885.7
vn 0.792915 -0.151674 0.590153
v -114.598 -140.181 885.7
vn 0.83339 0.477869 0.277673
v -113.867 -135.944 875.8
vn 0.994551 0.0989869 0.032703
v -114.713 -135.863 879.1
vn 0.915365 0.348572 0.201503
v -114.43 -137.149 882.004
vn 0.587714 0.805651 0.0742807
v -114.43 -137.149 882.004
vn 0.989451 -0.084502 0.117668
v -114.557 -136.302 883.3
vn 0.734652 0.677043 0.0435708
v -114.557 -136.302 883.3
vn 0.967234 0.252406 0.0273711
v -114.557 -136.302 883.3
vn 0.82605 -0.00700756 0.563553
v -113.849 -138.193 884.8
vn 0.812115 0.546014 0.205764
v -113.849 -138.193 884.8
vn 0.648232 0.758716 0.0643845
v -115.157 -136.995 887.5
vn 0.929693 0.357862 0.0872072
v -114.795 -136.152 886.9
vn 0.961082 -0.18264 0.207278
v -115.244 -135.75 889
vn 0.922089 0.365605 0.126824
v -115.244 -135.75 889
vn 0.777852 0.583045 0.234531
v -115.244 -135.75 889
vn 0.901888 -0.318838 -0.291446
v -113.743 -133.615 828.1
vn 0.947605 0.165419 -0.273278
v -113.743 -133.615 828.1
vn 0.97262 -0.130942 0.192002
v -114.287 -135.033 875.774
vn 0.743251 0.358437 0.56489
v -114.487 -135.604 876.4
vn 0.989539 -0.00901798 0.143984
v -114.487 -135.604 876.4
vn 0.670358 0.726868 0.149273
v -115.298 -134.02 879.7
vn 0.892273 0.436096 0.11691
v -115.298 -134.02 879.7
vn 0.241529 0.950663 0.194689
v -115.204 -135.018 886.6
vn 0.743032 0.652767 0.147645
v -112.785 -132.297 856.6
vn 0.973956 -0.189467 0.124547
v -114.151 -132.915 864.1
vn 0.599528 0.792904 0.108951
v -114.945 -133.053 872.8
vn 0.778909 -0.588675 -0.216245
v -113.973 -129.579 828.1
vn 0.90096 -0.396747 0.175677
v -113.973 -129.579 828.1
vn 0.949359 0.099849 -0.297904
v -113.796 -129.31 827.8
vn 0.90096 -0.396747 0.175677
v -113.796 -129.31 827.8
vn 0.866419 0.48036 0.136283
v -113.796 -129.31 827.8
vn 0.974936 0.102207 -0.197618
v -113.957 -129.276 828.7
vn 0.90096 -0.396747 0.175677
v -113.957 -129.276 828.7
vn 0.98097 0.0693108 -0.181368
v -112.871 -128.893 834.7
vn 0.8377 -0.532221 -0.122474
v -112.214 -130.566 841
vn 0.619202 0.776283 0.118211
v -112.214 -130.566 841
vn 0.995136 -0.0651394 -0.0739004
v -112.214 -130.566 841
vn 0.577763 0.816149 0.0095648
v -112.876 -128.396 843.1
vn 0.871088 -0.458087 -0.177093
v -113.32 -126.957 847.6
vn 0.981313 0.192337 0.0055888
v -113.258 -127.308 848.8
vn 0.312502 0.948766 0.0467481
v -113.258 -127.308 848.8
vn 0.99311 0.116926 -0.0078324
v -113.258 -127.308 848.8
vn 0.978795 0.188921 0.0791806
v -113.132 -127.918 855.7
vn 0.882851 0.428359 0.192568
v -113.775 -127.474 860.8
vn 0.996111 -0.0120036 -0.0872908
v -112.877 -126.132 848.2
vn 0.948263 0.317249 0.0122799
v -112.926 -125.745 850.6
vn 0.919194 0.368946 0.137697
v -112.371 -136.122 866.2
vn 0.977085 0.161949 0.138117
v -112.371 -136.122 866.2
vn 0.996315 -0.0742349 0.0429707
v -113.573 -137.638 879.7
vn 0.638294 0.765342 0.0826645
v -113.582 -137.636 881.8
vn 0.765553 0.635833 -0.0982115
v -111.078 -136.022 834.7
vn 0.987115 0.0838312 -0.136293
v -111.378 -134.118 841
vn 0.868135 -0.47671 -0.138164
v -111.378 -134.118 841
vn 0.589507 0.806667 0.0420846
v -110.87 -134.533 840.7
vn 0.87427 0.286135 0.392147
v -110.87 -134.533 840.7
vn 0.99827 0.00629698 -0.058465
v -111.182 -134.466 842.2
vn 0.992899 0.0337724 -0.114067
v -111.206 -134.461 843.4
vn 0.922663 -0.378235 -0.0750408
v -111.206 -134.461 843.4
vn 0.838463 -0.532962 -0.113719
v -110.72 -134.564 847.6
vn 0.791962 0.55759 0.248777
v -111.771 -136.181 863.588
vn 0.913876 -0.387842 0.120035
v -111.771 -136.181 863.588
vn 0.86847 -0.459945 -0.18496
v -112.182 -133.64 833.5
vn 0.851169 -0.509534 -0.126043
v -111.565 -133.771 838.675
vn 0.939515 0.338177 -0.0542959
v -111.692 -131.485 844.3
vn 0.72867 -0.681083 -0.071879
v -111.874 -131.559 848.5
vn 0.998596 -0.00259373 0.0529026
v -111.792 -131.953 847.9
vn 0.682094 0.72963 0.048856
v -111.792 -131.953 847.9
vn 0.702222 -0.710165 0.0504978
v -112.335 -131.767 852.7
vn 0.993166 0.0364074 0.110885
v -112.335 -131.767 852.7
vn 0.693707 0.702172 0.160388
v -112.335 -131.767 852.7
vn 0.324454 0.936246 0.134808
v -112.083 -133.355 859.3
vn 0.626153 0.7777 -0.0558138
v -111.031 -129.591 845.8
vn 0.942624 -0.278645 -0.183891
v -111.68 -129.453 849.1
vn 0.507976 0.841648 0.183273
v -111.68 -129.453 849.1
vn 0.888252 0.374704 -0.265717
v -111.68 -129.453 849.1
vn 0.885688 0.209225 0.414465
v -111.608 -129.162 848.8
vn 0.743195 -0.65795 -0.121503
v -111.77 -131.274 847.6
vn 0.525639 0.840609 0.130693
v -111.26 -129.449 848.2
vn 0.567468 0.816516 0.106215
v -110.966 -129.511 847.6
vn 0.90933 -0.268803 -0.317592
v -111.286 -129.537 850.3
vn 0.978412 0.000638685 0.206664
v -111.159 -130.791 850.9
vn 0.65224 0.731153 0.199995
v -110.746 -130.265 849.7
vn 0.982088 0.184772 -0.0369165
v -110.746 -130.265 849.7
vn 0.912639 0.150009 0.380247
v -110.746 -130.265 849.7
vn 0.892033 0.42868 -0.143219
v -110.911 -137.897 837.1
vn 0.865911 0.49142 -0.0933004
v -110.646 -137.647 839.5
vn 0.857452 0.5089 -0.076135
v -110.375 -138.011 840.1
vn 0.969392 0.244585 0.0214088
v -110.064 -137.157 843.4
vn 0.958655 -0.233731 -0.162326
v -110.241 -136.2 838.417
vn 0.956852 0.290573 0.00149412
v -110.202 -136.208 849.1
vn 0.923671 0.324911 0.203138
v -110.641 -135.195 858.355
f 7//7 2//2 3//3
f 74//74 3//3 87//87
f 4//4 7//7 3//3
f 4//4 3//3 74//74
f 11//11 4//4 106//106
f 5//5 13//13 12//12
f 5//5 12//12 103//103
f 2//2 1871//1871 1909//1909
f 7//7 1871//1871 6//6
f 6//6 1871//1871 2//2
f 7//7 17//17 5//5
f 7//7 6//6 2//2
f 7//7 19//19 17//17
f 7//7 4//4 19//19
f 4//4 8//8 19//19
f 19//19 8//8 56//56
f 8//8 4//4 9//9
f 4//4 11//11 9//9
f 10//10 20//20 56//56
f 56//56 8//8 10//10
f 8//8 9//9 10//10
f 11//11 10//10 9//9
f 10//10 11//11 106//106
f 106//106 105//105 10//10
f 118//118 117//117 14//14
f 118//118 14//14 123//123
f 14//14 22//22 123//123
f 22//22 14//14 16//16
f 5//5 17//17 13//13
f 17//17 15//15 13//13
f 117//117 1872//1872 14//14
f 15//15 1920//1920 13//13
f 1873//1873 14//14 17//17
f 14//14 1872//1872 17//17
f 1873//1873 30//30 31//31
f 17//17 18//18 1873//1873
f 1873//1873 18//18 30//30
f 30//30 18//18 43//43
f 19//19 18//18 17//17
f 18//18 1//1 43//43
f 19//19 1//1 18//18
f 1//1 19//19 51//51
f 19//19 56//56 51//51
f 10//10 105//105 20//20
f 20//20 58//58 56//56
f 58//58 20//20 57//57
f 21//21 57//57 20//20
f 1922//1922 1874//1874 125//125
f 125//125 1874//1874 127//127
f 24//24 127//127 1874//1874
f 23//23 22//22 16//16
f 16//16 26//26 23//23
f 1875//1875 1876//1876 25//25
f 1875//1875 24//24 1874//1874
f 25//25 24//24 1875//1875
f 1927//1927 25//25 27//27
f 24//24 25//25 1927//1927
f 1928//1928 27//27 28//28
f 130//130 129//129 28//28
f 16//16 1878//1878 26//26
f 25//25 1876//1876 29//29
f 25//25 29//29 27//27
f 29//29 35//35 27//27
f 27//27 35//35 28//28
f 37//37 130//130 28//28
f 29//29 1876//1876 33//33
f 33//33 35//35 29//29
f 34//34 35//35 33//33
f 35//35 37//37 28//28
f 30//30 44//44 31//31
f 30//30 43//43 44//44
f 1877//1877 31//31 32//32
f 31//31 44//44 32//32
f 1877//1877 32//32 33//33
f 33//33 32//32 34//34
f 35//35 1879//1879 37//37
f 37//37 1879//1879 38//38
f 47//47 38//38 1879//1879
f 37//37 1880//1880 39//39
f 39//39 1880//1880 40//40
f 1880//1880 36//36 40//40
f 47//47 36//36 1880//1880
f 1881//1881 1884//1884 42//42
f 1884//1884 36//36 42//42
f 37//37 39//39 41//41
f 1885//1885 1882//1882 133//133
f 1883//1883 1887//1887 1934//1934
f 43//43 1//1 44//44
f 45//45 44//44 1//1
f 44//44 46//46 32//32
f 44//44 1889//1889 46//46
f 1879//1879 32//32 46//46
f 51//51 46//46 1889//1889
f 47//47 1879//1879 46//46
f 47//47 46//46 48//48
f 36//36 47//47 48//48
f 48//48 46//46 49//49
f 49//49 46//46 50//50
f 42//42 36//36 48//48
f 48//48 49//49 1888//1888
f 136//136 1934//1934 1887//1887
f 1890//1890 136//136 1887//1887
f 1//1 51//51 45//45
f 53//53 50//50 51//51
f 46//46 51//51 50//50
f 136//136 1890//1890 1891//1891
f 53//53 51//51 52//52
f 55//55 53//53 52//52
f 1894//1894 54//54 1892//1892
f 1894//1894 55//55 54//54
f 54//54 59//59 1892//1892
f 56//56 55//55 51//51
f 52//52 51//51 55//55
f 54//54 55//55 62//62
f 58//58 55//55 56//56
f 137//137 55//55 58//58
f 57//57 138//138 58//58
f 138//138 137//137 58//58
f 140//140 138//138 57//57
f 1893//1893 59//59 60//60
f 1895//1895 136//136 1891//1891
f 60//60 59//59 61//61
f 59//59 54//54 61//61
f 61//61 54//54 62//62
f 136//136 1895//1895 1896//1896
f 1896//1896 1897//1897 178//178
f 136//136 178//178 1897//1897
f 62//62 55//55 137//137
f 183//183 136//136 1897//1897
f 1898//1898 137//137 2004//2004
f 193//193 64//64 72//72
f 64//64 63//63 72//72
f 193//193 198//198 64//64
f 1899//1899 74//74 87//87
f 64//64 66//66 63//63
f 1899//1899 65//65 74//74
f 198//198 67//67 64//64
f 2008//2008 190//190 1900//1900
f 65//65 70//70 74//74
f 66//66 67//67 65//65
f 1899//1899 66//66 65//65
f 64//64 67//67 66//66
f 67//67 70//70 65//65
f 190//190 68//68 1900//1900
f 68//68 69//69 1900//1900
f 69//69 70//70 1900//1900
f 70//70 200//200 74//74
f 69//69 68//68 200//200
f 200//200 70//70 69//69
f 200//200 77//77 75//75
f 77//77 200//200 336//336
f 71//71 87//87 102//102
f 72//72 87//87 71//71
f 72//72 1899//1899 73//73
f 1899//1899 87//87 73//73
f 87//87 72//72 73//73
f 75//75 4//4 74//74
f 200//200 75//75 74//74
f 75//75 89//89 4//4
f 75//75 77//77 89//89
f 89//89 76//76 90//90
f 77//77 76//76 89//89
f 76//76 77//77 93//93
f 76//76 93//93 90//90
f 77//77 96//96 93//93
f 77//77 95//95 96//96
f 78//78 79//79 226//226
f 226//226 83//83 78//78
f 85//85 83//83 226//226
f 79//79 78//78 80//80
f 1903//1903 82//82 81//81
f 80//80 81//81 79//79
f 1905//1905 84//84 86//86
f 84//84 1904//1904 1902//1902
f 85//85 1906//1906 83//83
f 85//85 1907//1907 1906//1906
f 1906//1906 78//78 83//83
f 1905//1905 1904//1904 84//84
f 1905//1905 86//86 1901//1901
f 82//82 71//71 81//81
f 71//71 102//102 81//81
f 85//85 71//71 1907//1907
f 87//87 3//3 104//104
f 3//3 2//2 104//104
f 104//104 1910//1910 87//87
f 89//89 88//88 4//4
f 106//106 4//4 88//88
f 90//90 88//88 89//89
f 88//88 92//92 106//106
f 90//90 94//94 91//91
f 90//90 91//91 88//88
f 94//94 92//92 91//91
f 91//91 92//92 88//88
f 92//92 94//94 106//106
f 90//90 93//93 96//96
f 94//94 90//90 96//96
f 97//97 100//100 99//99
f 99//99 259//259 1908//1908
f 98//98 103//103 99//99
f 103//103 110//110 99//99
f 101//101 99//99 100//100
f 97//97 101//101 100//100
f 98//98 99//99 101//101
f 98//98 102//102 103//103
f 79//79 81//81 101//101
f 81//81 102//102 101//101
f 102//102 98//98 101//101
f 103//103 12//12 110//110
f 103//103 102//102 87//87
f 1909//1909 104//104 2//2
f 96//96 106//106 94//94
f 96//96 107//107 106//106
f 106//106 108//108 105//105
f 107//107 108//108 106//106
f 206//206 108//108 107//107
f 206//206 414//414 108//108
f 2075//2075 109//109 260//260
f 259//259 99//99 110//110
f 1913//1913 1911//1911 2076//2076
f 2077//2077 1912//1912 261//261
f 261//261 1912//1912 262//262
f 116//116 111//111 1913//1913
f 1913//1913 114//114 116//116
f 111//111 1911//1911 1913//1913
f 1911//1911 111//111 116//116
f 1917//1917 263//263 112//112
f 1917//1917 112//112 1912//1912
f 1912//1912 112//112 262//262
f 115//115 113//113 122//122
f 1913//1913 113//113 114//114
f 113//113 115//115 1914//1914
f 115//115 1918//1918 1914//1914
f 126//126 1919//1919 1915//1915
f 1925//1925 263//263 1917//1917
f 119//119 264//264 2078//2078
f 113//113 12//12 13//13
f 1913//1913 12//12 113//113
f 1916//1916 122//122 1926//1926
f 13//13 1920//1920 113//113
f 124//124 117//117 118//118
f 123//123 124//124 118//118
f 113//113 1923//1923 122//122
f 1920//1920 1923//1923 113//113
f 128//128 263//263 1925//1925
f 281//281 1921//1921 132//132
f 1921//1921 263//263 132//132
f 105//105 21//21 20//20
f 21//21 140//140 57//57
f 105//105 108//108 21//21
f 108//108 120//120 21//21
f 120//120 140//140 21//21
f 414//414 120//120 108//108
f 120//120 121//121 144//144
f 120//120 144//144 140//140
f 144//144 142//142 140//140
f 120//120 414//414 121//121
f 121//121 289//289 144//144
f 122//122 1923//1923 1926//1926
f 1922//1922 1926//1926 1923//1923
f 1926//1926 1922//1922 125//125
f 1925//1925 1924//1924 128//128
f 1929//1929 125//125 127//127
f 1930//1930 1929//1929 127//127
f 1931//1931 263//263 128//128
f 129//129 1928//1928 28//28
f 129//129 130//130 131//131
f 131//131 263//263 1931//1931
f 132//132 263//263 131//131
f 148//148 2102//2102 1932//1932
f 148//148 1932//1932 154//154
f 41//41 130//130 37//37
f 130//130 1886//1886 131//131
f 1935//1935 131//131 1886//1886
f 131//131 1935//1935 134//134
f 131//131 134//134 132//132
f 1933//1933 1936//1936 1955//1955
f 136//136 134//134 1935//1935
f 134//134 136//136 135//135
f 1937//1937 1955//1955 1936//1936
f 1955//1955 1937//1937 179//179
f 135//135 136//136 184//184
f 136//136 187//187 184//184
f 2005//2005 179//179 1937//1937
f 140//140 141//141 138//138
f 138//138 139//139 137//137
f 141//141 143//143 138//138
f 143//143 139//139 138//138
f 139//139 143//143 286//286
f 140//140 142//142 141//141
f 142//142 143//143 141//141
f 287//287 286//286 143//143
f 143//143 142//142 287//287
f 289//289 142//142 144//144
f 276//276 145//145 278//278
f 278//278 145//145 298//298
f 147//147 1938//1938 146//146
f 1939//1939 285//285 1941//1941
f 147//147 310//310 1938//1938
f 1941//1941 285//285 1943//1943
f 147//147 146//146 315//315
f 150//150 151//151 149//149
f 149//149 151//151 155//155
f 151//151 157//157 155//155
f 1947//1947 1946//1946 153//153
f 1946//1946 1956//1956 153//153
f 1954//1954 1957//1957 152//152
f 1950//1950 1948//1948 1951//1951
f 1961//1961 1950//1950 1951//1951
f 152//152 1949//1949 1954//1954
f 179//179 148//148 154//154
f 157//157 158//158 155//155
f 158//158 160//160 155//155
f 155//155 160//160 161//161
f 161//161 162//162 155//155
f 162//162 163//163 156//156
f 155//155 162//162 156//156
f 163//163 164//164 156//156
f 1962//1962 1952//1952 167//167
f 1980//1980 1953//1953 1958//1958
f 1980//1980 1958//1958 1959//1959
f 159//159 169//169 172//172
f 1963//1963 165//165 1965//1965
f 1944//1944 1966//1966 170//170
f 1965//1965 165//165 166//166
f 1965//1965 166//166 1967//1967
f 1967//1967 166//166 1968//1968
f 170//170 1966//1966 171//171
f 1969//1969 168//168 1972//1972
f 171//171 1966//1966 1992//1992
f 1972//1972 168//168 1973//1973
f 1973//1973 1993//1993 1974//1974
f 1973//1973 168//168 1993//1993
f 1975//1975 1994//1994 1988//1988
f 174//174 164//164 1989//1989
f 156//156 164//164 174//174
f 1976//1976 1964//1964 1981//1981
f 1978//1978 1977//1977 1982//1982
f 1970//1970 1979//1979 1983//1983
f 1986//1986 1971//1971 1984//1984
f 1960//1960 1987//1987 1985//1985
f 1995//1995 1987//1987 1960//1960
f 1995//1995 1960//1960 175//175
f 169//169 159//159 1945//1945
f 1942//1942 1944//1944 173//173
f 1944//1944 170//170 173//173
f 170//170 1990//1990 173//173
f 173//173 1990//1990 177//177
f 1991//1991 1995//1995 177//177
f 177//177 1995//1995 175//175
f 146//146 173//173 317//317
f 177//177 317//317 173//173
f 148//148 179//179 1989//1989
f 1989//1989 180//180 174//174
f 174//174 176//176 156//156
f 1997//1997 1996//1996 2000//2000
f 175//175 1960//1960 1998//1998
f 1999//1999 181//181 317//317
f 1997//1997 2000//2000 2001//2001
f 1999//1999 177//177 175//175
f 317//317 177//177 1999//1999
f 178//178 136//136 1896//1896
f 1989//1989 179//179 180//180
f 179//179 185//185 180//180
f 2001//2001 2000//2000 182//182
f 180//180 185//185 2002//2002
f 2119//2119 2001//2001 182//182
f 317//317 2003//2003 318//318
f 136//136 183//183 187//187
f 179//179 2005//2005 2007//2007
f 186//186 185//185 179//179
f 186//186 2002//2002 185//185
f 2007//2007 2004//2004 137//137
f 186//186 179//179 2007//2007
f 186//186 2007//2007 188//188
f 468//468 2006//2006 188//188
f 468//468 188//188 320//320
f 137//137 188//188 2007//2007
f 137//137 139//139 188//188
f 341//341 189//189 194//194
f 197//197 189//189 190//190
f 332//332 190//190 189//189
f 191//191 68//68 190//190
f 332//332 333//333 191//191
f 191//191 190//190 332//332
f 68//68 191//191 199//199
f 191//191 336//336 199//199
f 335//335 336//336 191//191
f 71//71 341//341 72//72
f 341//341 192//192 72//72
f 192//192 194//194 193//193
f 341//341 194//194 192//192
f 72//72 192//192 193//193
f 195//195 194//194 197//197
f 194//194 195//195 193//193
f 197//197 194//194 189//189
f 197//197 190//190 195//195
f 195//195 190//190 196//196
f 193//193 195//195 196//196
f 190//190 2008//2008 196//196
f 2008//2008 193//193 196//196
f 68//68 199//199 200//200
f 199//199 336//336 200//200
f 213//213 201//201 220//220
f 201//201 205//205 220//220
f 222//222 220//220 221//221
f 220//220 205//205 221//221
f 203//203 202//202 204//204
f 204//204 202//202 205//205
f 221//221 205//205 202//202
f 341//341 204//204 205//205
f 204//204 341//341 85//85
f 71//71 85//85 341//341
f 77//77 206//206 95//95
f 77//77 336//336 206//206
f 336//336 389//389 206//206
f 377//377 351//351 210//210
f 377//377 210//210 207//207
f 381//381 208//208 393//393
f 208//208 209//209 393//393
f 382//382 2211//2211 209//209
f 382//382 209//209 388//388
f 212//212 230//230 231//231
f 211//211 216//216 219//219
f 211//211 219//219 212//212
f 230//230 212//212 219//219
f 211//211 212//212 232//232
f 214//214 2009//2009 2016//2016
f 2013//2013 214//214 2016//2016
f 222//222 215//215 220//220
f 220//220 215//215 213//213
f 213//213 215//215 209//209
f 213//213 209//209 208//208
f 223//223 2017//2017 2015//2015
f 209//209 215//215 388//388
f 2196//2196 214//214 2013//2013
f 215//215 222//222 388//388
f 2024//2024 2207//2207 2023//2023
f 223//223 2015//2015 2033//2033
f 223//223 2033//2033 239//239
f 243//243 230//230 224//224
f 230//230 227//227 2025//2025
f 2017//2017 202//202 203//203
f 2018//2018 2010//2010 217//217
f 2010//2010 228//228 217//217
f 217//217 218//218 2018//2018
f 2020//2020 2018//2018 218//218
f 202//202 2017//2017 2021//2021
f 228//228 218//218 217//217
f 230//230 2019//2019 2028//2028
f 230//230 219//219 2019//2019
f 223//223 2021//2021 2017//2017
f 2024//2024 2023//2023 2022//2022
f 226//226 79//79 250//250
f 226//226 225//225 2025//2025
f 225//225 226//226 250//250
f 224//224 253//253 243//243
f 224//224 2026//2026 253//253
f 2027//2027 2065//2065 2069//2069
f 226//226 2025//2025 227//227
f 2028//2028 203//203 227//227
f 204//204 227//227 203//203
f 230//230 2028//2028 227//227
f 227//227 229//229 226//226
f 229//229 227//227 204//204
f 85//85 226//226 229//229
f 85//85 229//229 204//204
f 95//95 206//206 96//96
f 96//96 206//206 107//107
f 2048//2048 234//234 240//240
f 241//241 240//240 234//234
f 230//230 243//243 231//231
f 2029//2029 245//245 233//233
f 2034//2034 2057//2057 249//249
f 232//232 231//231 235//235
f 232//232 212//212 231//231
f 235//235 231//231 237//237
f 2030//2030 238//238 2043//2043
f 2046//2046 2031//2031 2035//2035
f 248//248 2047//2047 2036//2036
f 2063//2063 248//248 2036//2036
f 239//239 2033//2033 2037//2037
f 2038//2038 232//232 235//235
f 236//236 2053//2053 235//235
f 235//235 2053//2053 2038//2038
f 2040//2040 2039//2039 2044//2044
f 2041//2041 2047//2047 248//248
f 2047//2047 2041//2041 2045//2045
f 394//394 2049//2049 2051//2051
f 2042//2042 2052//2052 2054//2054
f 248//248 2215//2215 2042//2042
f 231//231 243//243 253//253
f 2032//2032 2069//2069 242//242
f 245//245 2055//2055 246//246
f 246//246 2055//2055 244//244
f 244//244 2055//2055 255//255
f 2055//2055 254//254 255//255
f 2029//2029 2055//2055 245//245
f 2059//2059 2056//2056 247//247
f 2056//2056 2071//2071 247//247
f 2072//2072 248//248 2062//2062
f 2060//2060 2064//2064 2058//2058
f 2062//2062 2063//2063 2061//2061
f 248//248 2063//2063 2062//2062
f 79//79 254//254 2066//2066
f 242//242 2069//2069 2065//2065
f 2066//2066 254//254 2055//2055
f 256//256 251//251 254//254
f 97//97 251//251 256//256
f 252//252 2073//2073 2070//2070
f 254//254 251//251 2067//2067
f 2067//2067 251//251 97//97
f 101//101 256//256 79//79
f 254//254 79//79 256//256
f 256//256 101//101 97//97
f 248//248 262//262 2215//2215
f 389//389 414//414 206//206
f 409//409 258//258 265//265
f 409//409 2080//2080 257//257
f 2074//2074 2081//2081 417//417
f 2068//2068 1908//1908 259//259
f 2073//2073 252//252 2075//2075
f 260//260 2073//2073 2075//2075
f 262//262 248//248 2072//2072
f 258//258 268//268 265//265
f 262//262 2072//2072 2077//2077
f 261//261 262//262 2077//2077
f 2078//2078 264//264 262//262
f 262//262 112//112 263//263
f 2215//2215 262//262 264//264
f 2216//2216 2079//2079 397//397
f 396//396 2103//2103 285//285
f 1921//1921 397//397 2079//2079
f 397//397 1921//1921 281//281
f 121//121 414//414 289//289
f 414//414 443//443 292//292
f 265//265 268//268 269//269
f 266//266 2082//2082 267//267
f 2081//2081 2083//2083 266//266
f 2081//2081 266//266 417//417
f 417//417 266//266 267//267
f 420//420 417//417 267//267
f 268//268 258//258 272//272
f 270//270 268//268 272//272
f 269//269 268//268 270//270
f 2082//2082 2084//2084 271//271
f 2082//2082 271//271 267//267
f 2085//2085 423//423 267//267
f 258//258 280//280 272//272
f 270//270 272//272 273//273
f 2084//2084 2087//2087 271//271
f 2086//2086 2088//2088 424//424
f 280//280 258//258 285//285
f 2085//2085 2235//2235 423//423
f 272//272 274//274 273//273
f 272//272 280//280 2089//2089
f 275//275 273//273 274//274
f 2088//2088 2092//2092 424//424
f 277//277 2090//2090 2095//2095
f 2097//2097 276//276 278//278
f 2091//2091 2098//2098 2093//2093
f 279//279 2099//2099 278//278
f 2094//2094 2099//2099 279//279
f 279//279 282//282 2094//2094
f 2089//2089 280//280 285//285
f 282//282 424//424 2092//2092
f 2096//2096 2089//2089 284//284
f 283//283 282//282 279//279
f 428//428 282//282 283//283
f 2096//2096 284//284 1939//1939
f 285//285 1939//1939 284//284
f 284//284 2089//2089 285//285
f 2103//2103 1943//1943 285//285
f 139//139 286//286 320//320
f 286//286 288//288 320//320
f 290//290 287//287 142//142
f 290//290 288//288 287//287
f 286//286 287//287 288//288
f 142//142 289//289 290//290
f 289//289 292//292 290//290
f 294//294 290//290 292//292
f 290//290 2107//2107 291//291
f 414//414 292//292 289//289
f 2107//2107 324//324 296//296
f 291//291 2107//2107 296//296
f 292//292 322//322 294//294
f 292//292 293//293 322//322
f 292//292 295//295 293//293
f 2107//2107 2122//2122 324//324
f 324//324 2122//2122 323//323
f 322//322 293//293 321//321
f 2120//2120 293//293 295//295
f 295//295 297//297 2120//2120
f 440//440 296//296 324//324
f 292//292 443//443 295//295
f 295//295 443//443 297//297
f 278//278 298//298 279//279
f 303//303 2104//2104 2100//2100
f 305//305 298//298 145//145
f 299//299 279//279 298//298
f 2111//2111 299//299 298//298
f 2101//2101 299//299 300//300
f 300//300 299//299 301//301
f 301//301 299//299 308//308
f 2101//2101 300//300 2109//2109
f 302//302 2109//2109 300//300
f 2108//2108 302//302 300//300
f 302//302 2108//2108 2116//2116
f 448//448 303//303 449//449
f 2109//2109 302//302 2242//2242
f 302//302 2116//2116 2242//2242
f 303//303 304//304 2104//2104
f 303//303 448//448 304//304
f 306//306 2111//2111 307//307
f 299//299 2111//2111 306//306
f 299//299 306//306 308//308
f 306//306 307//307 308//308
f 2116//2116 2113//2113 309//309
f 2116//2116 309//309 2242//2242
f 312//312 1938//1938 310//310
f 2114//2114 2112//2112 1940//1940
f 1938//1938 312//312 2115//2115
f 310//310 147//147 313//313
f 315//315 313//313 147//147
f 310//310 313//313 311//311
f 312//312 310//310 2117//2117
f 2117//2117 314//314 312//312
f 312//312 461//461 2115//2115
f 312//312 314//314 2255//2255
f 311//311 313//313 314//314
f 313//313 316//316 314//314
f 2118//2118 313//313 315//315
f 466//466 2118//2118 315//315
f 146//146 317//317 315//315
f 315//315 317//317 466//466
f 317//317 318//318 319//319
f 317//317 319//319 466//466
f 318//318 2003//2003 468//468
f 319//319 318//318 468//468
f 2003//2003 2006//2006 468//468
f 188//188 139//139 320//320
f 320//320 288//288 469//469
f 288//288 290//290 291//291
f 288//288 291//291 469//469
f 2122//2122 2121//2121 323//323
f 2121//2121 325//325 323//323
f 324//324 2123//2123 471//471
f 2123//2123 2124//2124 471//471
f 325//325 2121//2121 297//297
f 471//471 2124//2124 445//445
f 189//189 477//477 332//332
f 332//332 480//480 333//333
f 326//326 482//482 327//327
f 487//487 327//327 485//485
f 487//487 328//328 327//327
f 329//329 328//328 330//330
f 342//342 329//329 341//341
f 331//331 341//341 329//329
f 329//329 330//330 331//331
f 328//328 490//490 330//330
f 331//331 475//475 189//189
f 189//189 341//341 331//331
f 475//475 331//331 330//330
f 333//333 339//339 191//191
f 339//339 334//334 191//191
f 335//335 191//191 2125//2125
f 335//335 2125//2125 336//336
f 2125//2125 337//337 336//336
f 338//338 339//339 333//333
f 338//338 333//333 480//480
f 339//339 336//336 337//337
f 337//337 334//334 339//339
f 491//491 336//336 339//339
f 326//326 346//346 340//340
f 326//326 494//494 495//495
f 326//326 2011//2011 2009//2009
f 2011//2011 326//326 328//328
f 328//328 326//326 327//327
f 2011//2011 328//328 329//329
f 342//342 341//341 2011//2011
f 342//342 2011//2011 329//329
f 519//519 336//336 491//491
f 336//336 519//519 389//389
f 548//548 506//506 371//371
f 372//372 2182//2182 2282//2282
f 343//343 344//344 363//363
f 344//344 346//346 363//363
f 2127//2127 2126//2126 515//515
f 340//340 346//346 344//344
f 326//326 344//344 494//494
f 340//340 344//344 326//326
f 348//348 351//351 377//377
f 346//346 345//345 376//376
f 326//326 351//351 347//347
f 349//349 326//326 347//347
f 347//347 351//351 348//348
f 349//349 346//346 326//326
f 346//346 349//349 345//345
f 350//350 345//345 349//349
f 347//347 350//350 349//349
f 348//348 350//350 347//347
f 351//351 326//326 2009//2009
f 351//351 2009//2009 352//352
f 2009//2009 214//214 352//352
f 351//351 352//352 210//210
f 352//352 214//214 383//383
f 2014//2014 2128//2128 2200//2200
f 353//353 389//389 517//517
f 355//355 365//365 363//363
f 358//358 355//355 363//363
f 2141//2141 2163//2163 367//367
f 359//359 2126//2126 354//354
f 2129//2129 343//343 364//364
f 356//356 2143//2143 357//357
f 2130//2130 355//355 358//358
f 2144//2144 2130//2130 358//358
f 2144//2144 358//358 2138//2138
f 2164//2164 362//362 2131//2131
f 2132//2132 2153//2153 2133//2133
f 366//366 2168//2168 2154//2154
f 2134//2134 2155//2155 2169//2169
f 361//361 2135//2135 2139//2139
f 2140//2140 2142//2142 2156//2156
f 2171//2171 2157//2157 2174//2174
f 2175//2175 2156//2156 2142//2142
f 2126//2126 359//359 370//370
f 2145//2145 2136//2136 360//360
f 2158//2158 2146//2146 2148//2148
f 2147//2147 2159//2159 2180//2180
f 2149//2149 2137//2137 2151//2151
f 2160//2160 2150//2150 2152//2152
f 2139//2139 2161//2161 361//361
f 368//368 2163//2163 373//373
f 365//365 364//364 363//363
f 367//367 2163//2163 368//368
f 2176//2176 2189//2189 374//374
f 343//343 363//363 364//364
f 2162//2162 2165//2165 369//369
f 2170//2170 2172//2172 2166//2166
f 2178//2178 2167//2167 2173//2173
f 2179//2179 2177//2177 2180//2180
f 2179//2179 2171//2171 2174//2174
f 2177//2177 2179//2179 2174//2174
f 374//374 2180//2180 2177//2177
f 370//370 2187//2187 2126//2126
f 2179//2179 2180//2180 2159//2159
f 2183//2183 2188//2188 2181//2181
f 374//374 2184//2184 2180//2180
f 2319//2319 2185//2185 549//549
f 2321//2321 2186//2186 550//550
f 375//375 373//373 2163//2163
f 2189//2189 2190//2190 374//374
f 374//374 2190//2190 2184//2184
f 346//346 376//376 363//363
f 377//377 2191//2191 2193//2193
f 375//375 2163//2163 2194//2194
f 348//348 377//377 378//378
f 377//377 207//207 2191//2191
f 2014//2014 379//379 2012//2012
f 350//350 348//348 378//378
f 350//350 378//378 376//376
f 377//377 376//376 378//378
f 2192//2192 2012//2012 379//379
f 350//350 376//376 345//345
f 2192//2192 379//379 380//380
f 380//380 379//379 386//386
f 2190//2190 2195//2195 2184//2184
f 2014//2014 2200//2200 379//379
f 2197//2197 384//384 2201//2201
f 2202//2202 2198//2198 2212//2212
f 2213//2213 385//385 2203//2203
f 2214//2214 2199//2199 385//385
f 2199//2199 395//395 385//385
f 395//395 2199//2199 2216//2216
f 2049//2049 394//394 2208//2208
f 2217//2217 382//382 388//388
f 379//379 2200//2200 386//386
f 2204//2204 2201//2201 384//384
f 2205//2205 2203//2203 387//387
f 2203//2203 385//385 387//387
f 387//387 385//385 395//395
f 380//380 386//386 2206//2206
f 2196//2196 383//383 214//214
f 2207//2207 2024//2024 2050//2050
f 566//566 390//390 391//391
f 2209//2209 2340//2340 565//565
f 400//400 390//390 398//398
f 391//391 390//390 400//400
f 2210//2210 2222//2222 570//570
f 2218//2218 2209//2209 403//403
f 2222//2222 751//751 570//570
f 571//571 2209//2209 565//565
f 403//403 2209//2209 571//571
f 571//571 576//576 403//403
f 392//392 403//403 576//576
f 392//392 409//409 405//405
f 2186//2186 380//380 550//550
f 380//380 2206//2206 395//395
f 397//397 395//395 2216//2216
f 380//380 395//395 397//397
f 380//380 397//397 550//550
f 576//576 409//409 392//392
f 2215//2215 2052//2052 2042//2042
f 396//396 2347//2347 550//550
f 396//396 550//550 397//397
f 389//389 577//577 414//414
f 2218//2218 403//403 399//399
f 400//400 398//398 2219//2219
f 2222//2222 2220//2220 751//751
f 403//403 401//401 399//399
f 403//403 402//402 401//401
f 392//392 406//406 402//402
f 2221//2221 2223//2223 404//404
f 2223//2223 2224//2224 404//404
f 392//392 402//402 403//403
f 392//392 405//405 406//406
f 2228//2228 2226//2226 2225//2225
f 2228//2228 408//408 2226//2226
f 2220//2220 2227//2227 751//751
f 751//751 2227//2227 2230//2230
f 405//405 407//407 406//406
f 405//405 409//409 407//407
f 2228//2228 2229//2229 408//408
f 2229//2229 410//410 408//408
f 2231//2231 407//407 409//409
f 410//410 579//579 408//408
f 410//410 411//411 579//579
f 579//579 411//411 412//412
f 416//416 411//411 410//410
f 411//411 2233//2233 412//412
f 419//419 412//412 2233//2233
f 409//409 257//257 2231//2231
f 416//416 410//410 2074//2074
f 417//417 416//416 2074//2074
f 258//258 413//413 285//285
f 576//576 413//413 409//409
f 396//396 2232//2232 2347//2347
f 413//413 258//258 409//409
f 412//412 419//419 579//579
f 397//397 281//281 396//396
f 2232//2232 396//396 285//285
f 414//414 415//415 443//443
f 415//415 414//414 577//577
f 443//443 415//415 447//447
f 418//418 417//417 420//420
f 2233//2233 417//417 418//418
f 418//418 420//420 421//421
f 2233//2233 418//418 419//419
f 418//418 421//421 419//419
f 267//267 421//421 420//420
f 579//579 419//419 421//421
f 422//422 267//267 423//423
f 421//421 267//267 422//422
f 423//423 2235//2235 426//426
f 2234//2234 425//425 427//427
f 2234//2234 2236//2236 425//425
f 2237//2237 422//422 423//423
f 428//428 424//424 282//282
f 427//427 425//425 2236//2236
f 428//428 283//283 429//429
f 431//431 429//429 283//283
f 424//424 428//428 430//430
f 432//432 430//430 429//429
f 430//430 428//428 429//429
f 2238//2238 432//432 429//429
f 424//424 430//430 433//433
f 432//432 433//433 430//430
f 433//433 432//432 437//437
f 2238//2238 437//437 432//432
f 437//437 2238//2238 436//436
f 2235//2235 433//433 583//583
f 433//433 437//437 583//583
f 583//583 426//426 2235//2235
f 2236//2236 583//583 582//582
f 2104//2104 304//304 450//450
f 434//434 2105//2105 435//435
f 2104//2104 450//450 2239//2239
f 2106//2106 434//434 2238//2238
f 434//434 435//435 438//438
f 438//438 436//436 434//434
f 2238//2238 434//434 436//436
f 436//436 438//438 437//437
f 435//435 451//451 438//438
f 2239//2239 450//450 2247//2247
f 438//438 451//451 458//458
f 586//586 437//437 439//439
f 438//438 439//439 437//437
f 613//613 291//291 441//441
f 296//296 440//440 291//291
f 291//291 440//440 441//441
f 440//440 324//324 441//441
f 447//447 297//297 443//443
f 297//297 444//444 325//325
f 297//297 447//447 444//444
f 2124//2124 444//444 446//446
f 444//444 447//447 446//446
f 2124//2124 446//446 445//445
f 442//442 445//445 589//589
f 445//445 446//446 589//589
f 415//415 592//592 447//447
f 2110//2110 2240//2240 2245//2245
f 2243//2243 2246//2246 2241//2241
f 2242//2242 309//309 454//454
f 2246//2246 2243//2243 452//452
f 2251//2251 2250//2250 2244//2244
f 452//452 2248//2248 2246//2246
f 2248//2248 452//452 455//455
f 439//439 438//438 458//458
f 309//309 2113//2113 2256//2256
f 309//309 2256//2256 453//453
f 309//309 453//453 454//454
f 455//455 452//452 456//456
f 455//455 456//456 2248//2248
f 2251//2251 2252//2252 2250//2250
f 2252//2252 2251//2251 457//457
f 453//453 2253//2253 454//454
f 2252//2252 2254//2254 2249//2249
f 2254//2254 2252//2252 457//457
f 459//459 2254//2254 457//457
f 2254//2254 587//587 439//439
f 459//459 587//587 2254//2254
f 2253//2253 453//453 460//460
f 453//453 600//600 460//460
f 459//459 457//457 460//460
f 459//459 460//460 587//587
f 314//314 316//316 464//464
f 2255//2255 314//314 462//462
f 464//464 462//462 314//314
f 2255//2255 462//462 463//463
f 453//453 2255//2255 463//463
f 600//600 453//453 463//463
f 464//464 316//316 601//601
f 601//601 462//462 464//464
f 462//462 599//599 463//463
f 462//462 601//601 465//465
f 465//465 599//599 462//462
f 2118//2118 466//466 467//467
f 316//316 2257//2257 601//601
f 319//319 606//606 466//466
f 468//468 320//320 610//610
f 609//609 468//468 610//610
f 320//320 469//469 610//610
f 469//469 291//291 470//470
f 471//471 441//441 324//324
f 442//442 441//441 471//471
f 442//442 471//471 445//445
f 615//615 616//616 477//477
f 616//616 617//617 472//472
f 489//489 473//473 487//487
f 487//487 473//473 474//474
f 488//488 625//625 629//629
f 487//487 474//474 476//476
f 473//473 629//629 474//474
f 489//489 629//629 473//473
f 629//629 628//628 474//474
f 330//330 490//490 475//475
f 2259//2259 490//490 476//476
f 475//475 2260//2260 189//189
f 631//631 477//477 2260//2260
f 189//189 2260//2260 477//477
f 479//479 477//477 478//478
f 477//477 479//479 332//332
f 477//477 472//472 478//478
f 472//472 477//477 616//616
f 472//472 617//617 478//478
f 617//617 479//479 478//478
f 479//479 632//632 332//332
f 332//332 481//481 2261//2261
f 632//632 481//481 332//332
f 481//481 633//633 2261//2261
f 480//480 2350//2350 338//338
f 482//482 496//496 484//484
f 484//484 496//496 498//498
f 484//484 498//498 483//483
f 2265//2265 637//637 2262//2262
f 637//637 644//644 2262//2262
f 483//483 644//644 484//484
f 486//486 482//482 484//484
f 486//486 484//484 645//645
f 484//484 644//644 645//645
f 482//482 485//485 327//327
f 486//486 485//485 482//482
f 625//625 486//486 645//645
f 485//485 489//489 487//487
f 485//485 486//486 488//488
f 488//488 489//489 485//485
f 486//486 625//625 488//488
f 629//629 489//489 488//488
f 328//328 487//487 490//490
f 487//487 476//476 490//490
f 339//339 338//338 646//646
f 339//339 647//647 491//491
f 648//648 519//519 491//491
f 494//494 493//493 497//497
f 493//493 637//637 497//497
f 492//492 493//493 494//494
f 651//651 637//637 493//493
f 495//495 497//497 496//496
f 497//497 495//495 494//494
f 496//496 2264//2264 498//498
f 637//637 2265//2265 497//497
f 326//326 495//495 482//482
f 496//496 482//482 495//495
f 523//523 519//519 648//648
f 500//500 546//546 501//501
f 2275//2275 502//502 2272//2272
f 499//499 501//501 546//546
f 2276//2276 2266//2266 2277//2277
f 2278//2278 2267//2267 649//649
f 544//544 546//546 500//500
f 500//500 503//503 544//544
f 2273//2273 650//650 2279//2279
f 2187//2187 2283//2283 504//504
f 505//505 506//506 548//548
f 505//505 548//548 547//547
f 2283//2283 512//512 504//504
f 2281//2281 545//545 507//507
f 2284//2284 2281//2281 507//507
f 508//508 513//513 2284//2284
f 2283//2283 2287//2287 512//512
f 545//545 509//509 507//507
f 507//507 509//509 2284//2284
f 2284//2284 509//509 508//508
f 508//508 510//510 513//513
f 508//508 509//509 510//510
f 635//635 511//511 2280//2280
f 2280//2280 511//511 2314//2314
f 511//511 2285//2285 2314//2314
f 2286//2286 2316//2316 2315//2315
f 2279//2279 650//650 2351//2351
f 504//504 515//515 2187//2187
f 2126//2126 2187//2187 515//515
f 515//515 504//504 512//512
f 2287//2287 516//516 515//515
f 2287//2287 515//515 512//512
f 514//514 2263//2263 513//513
f 516//516 2287//2287 492//492
f 510//510 514//514 513//513
f 514//514 510//510 2263//2263
f 635//635 493//493 511//511
f 511//511 493//493 2285//2285
f 493//493 510//510 509//509
f 515//515 494//494 2127//2127
f 515//515 516//516 494//494
f 492//492 494//494 516//516
f 493//493 492//492 510//510
f 389//389 519//519 517//517
f 517//517 519//519 518//518
f 517//517 518//518 353//353
f 353//353 520//520 389//389
f 518//518 520//520 353//353
f 518//518 519//519 523//523
f 523//523 521//521 518//518
f 520//520 518//518 522//522
f 518//518 521//521 522//522
f 654//654 522//522 521//521
f 521//521 523//523 654//654
f 520//520 522//522 654//654
f 526//526 524//524 527//527
f 2291//2291 525//525 2288//2288
f 2268//2268 2288//2288 525//525
f 528//528 527//527 524//524
f 2292//2292 530//530 2290//2290
f 2292//2292 529//529 530//530
f 527//527 2294//2294 2293//2293
f 527//527 552//552 2294//2294
f 528//528 552//552 527//527
f 2294//2294 552//552 553//553
f 529//529 531//531 530//530
f 2323//2323 531//531 529//529
f 2289//2289 2269//2269 534//534
f 528//528 524//524 532//532
f 2269//2269 539//539 534//534
f 2297//2297 532//532 524//524
f 532//532 2298//2298 533//533
f 2299//2299 535//535 2295//2295
f 530//530 653//653 2290//2290
f 2290//2290 653//653 2270//2270
f 555//555 532//532 533//533
f 2327//2327 2296//2296 556//556
f 556//556 655//655 2324//2324
f 556//556 2296//2296 655//655
f 2357//2357 531//531 2323//2323
f 2305//2305 536//536 2300//2300
f 2306//2306 540//540 2302//2302
f 2303//2303 2296//2296 2301//2301
f 2299//2299 2304//2304 535//535
f 537//537 2303//2303 2309//2309
f 2303//2303 537//537 2296//2296
f 2296//2296 537//537 538//538
f 541//541 538//538 537//537
f 541//541 537//537 2309//2309
f 538//538 541//541 657//657
f 560//560 2310//2310 2307//2307
f 499//499 546//546 542//542
f 2269//2269 2311//2311 539//539
f 658//658 2309//2309 2333//2333
f 2309//2309 658//658 541//541
f 2308//2308 558//558 2334//2334
f 2311//2311 2331//2331 539//539
f 543//543 2281//2281 2317//2317
f 2318//2318 2321//2321 2312//2312
f 546//546 2312//2312 2321//2321
f 2313//2313 2315//2315 2316//2316
f 543//543 545//545 2281//2281
f 2331//2331 2311//2311 563//563
f 557//557 2331//2331 563//563
f 2311//2311 551//551 571//571
f 563//563 2311//2311 571//571
f 544//544 2312//2312 546//546
f 2318//2318 2320//2320 2321//2321
f 546//546 2321//2321 550//550
f 546//546 550//550 2322//2322
f 542//542 546//546 2322//2322
f 577//577 389//389 520//520
f 528//528 532//532 554//554
f 552//552 528//528 554//554
f 552//552 554//554 2325//2325
f 532//532 555//555 554//554
f 2324//2324 2326//2326 556//556
f 556//556 2326//2326 2327//2327
f 2335//2335 2332//2332 2328//2328
f 2336//2336 2329//2329 559//559
f 2337//2337 559//559 561//561
f 561//561 559//559 564//564
f 564//564 559//559 2329//2329
f 2333//2333 2338//2338 666//666
f 666//666 658//658 2333//2333
f 564//564 562//562 2341//2341
f 557//557 563//563 565//565
f 563//563 571//571 565//565
f 2329//2329 562//562 564//564
f 562//562 2330//2330 2339//2339
f 561//561 564//564 668//668
f 569//569 668//668 564//564
f 2360//2360 669//669 2338//2338
f 666//666 2338//2338 669//669
f 562//562 2339//2339 2341//2341
f 567//567 2342//2342 2210//2210
f 570//570 567//567 2210//2210
f 564//564 2341//2341 568//568
f 2342//2342 567//567 2343//2343
f 567//567 570//570 573//573
f 564//564 2344//2344 569//569
f 569//569 2344//2344 575//575
f 2343//2343 567//567 572//572
f 569//569 575//575 668//668
f 567//567 2345//2345 572//572
f 570//570 751//751 671//671
f 572//572 574//574 2346//2346
f 572//572 2346//2346 2343//2343
f 2345//2345 574//574 572//572
f 573//573 570//570 671//671
f 671//671 574//574 2345//2345
f 670//670 668//668 575//575
f 2346//2346 574//574 671//671
f 2322//2322 550//550 2347//2347
f 576//576 571//571 551//551
f 578//578 415//415 577//577
f 415//415 578//578 674//674
f 578//578 577//577 674//674
f 665//665 674//674 577//577
f 674//674 675//675 415//415
f 415//415 675//675 677//677
f 579//579 751//751 2230//2230
f 415//415 580//580 592//592
f 580//580 581//581 592//592
f 678//678 581//581 679//679
f 579//579 421//421 685//685
f 829//829 685//685 421//421
f 421//421 422//422 686//686
f 422//422 2237//2237 687//687
f 422//422 687//687 686//686
f 427//427 582//582 584//584
f 2236//2236 582//582 427//427
f 582//582 583//583 584//584
f 2237//2237 2348//2348 687//687
f 584//584 583//583 585//585
f 585//585 583//583 437//437
f 587//587 586//586 439//439
f 437//437 586//586 585//585
f 689//689 584//584 585//585
f 586//586 689//689 585//585
f 586//586 587//587 688//688
f 760//760 688//688 587//587
f 442//442 589//589 441//441
f 589//589 590//590 441//441
f 441//441 591//591 588//588
f 589//589 446//446 590//590
f 441//441 590//590 591//591
f 590//590 446//446 597//597
f 597//597 591//591 590//590
f 591//591 700//700 588//588
f 593//593 447//447 592//592
f 446//446 447//447 593//593
f 593//593 594//594 446//446
f 595//595 592//592 598//598
f 593//593 592//592 595//595
f 594//594 593//593 595//595
f 594//594 597//597 446//446
f 595//595 2349//2349 596//596
f 595//595 596//596 597//597
f 595//595 597//597 594//594
f 592//592 581//581 598//598
f 596//596 2349//2349 2363//2363
f 596//596 2363//2363 597//597
f 598//598 581//581 678//678
f 599//599 600//600 463//463
f 691//691 460//460 600//600
f 601//601 602//602 465//465
f 601//601 603//603 602//602
f 600//600 599//599 602//602
f 602//602 599//599 465//465
f 603//603 601//601 605//605
f 602//602 603//603 692//692
f 605//605 692//692 603//603
f 606//606 467//467 466//466
f 604//604 601//601 2257//2257
f 601//601 604//604 605//605
f 605//605 604//604 694//694
f 604//604 467//467 606//606
f 608//608 604//604 606//606
f 319//319 468//468 607//607
f 319//319 607//607 609//609
f 609//609 606//606 319//319
f 609//609 608//608 606//606
f 609//609 607//607 468//468
f 696//696 609//609 610//610
f 469//469 470//470 612//612
f 610//610 469//469 612//612
f 291//291 613//613 611//611
f 611//611 613//613 699//699
f 470//470 291//291 611//611
f 470//470 611//611 612//612
f 610//610 612//612 698//698
f 612//612 611//611 698//698
f 441//441 588//588 613//613
f 631//631 474//474 615//615
f 474//474 614//614 615//615
f 614//614 706//706 615//615
f 706//706 707//707 615//615
f 615//615 618//618 616//616
f 617//617 616//616 618//618
f 615//615 701//701 618//618
f 617//617 632//632 479//479
f 709//709 618//618 708//708
f 617//617 618//618 709//709
f 709//709 632//632 617//617
f 713//713 642//642 639//639
f 643//643 2365//2365 620//620
f 2365//2365 643//643 2354//2354
f 644//644 620//620 619//619
f 620//620 621//621 619//619
f 622//622 624//624 645//645
f 625//625 645//645 624//624
f 623//623 622//622 619//619
f 623//623 626//626 624//624
f 624//624 626//626 625//625
f 624//624 622//622 623//623
f 626//626 623//623 619//619
f 621//621 626//626 619//619
f 621//621 797//797 626//626
f 797//797 716//716 626//626
f 627//627 625//625 626//626
f 627//627 629//629 625//625
f 627//627 626//626 717//717
f 629//629 630//630 628//628
f 627//627 702//702 629//629
f 628//628 630//630 474//474
f 614//614 474//474 630//630
f 629//629 702//702 630//630
f 614//614 630//630 702//702
f 2260//2260 2258//2258 631//631
f 615//615 477//477 631//631
f 632//632 709//709 481//481
f 481//481 634//634 633//633
f 481//481 709//709 718//718
f 718//718 634//634 481//481
f 634//634 719//719 633//633
f 719//719 727//727 633//633
f 718//718 719//719 634//634
f 2352//2352 651//651 635//635
f 639//639 2351//2351 636//636
f 638//638 641//641 637//637
f 651//651 641//641 638//638
f 2354//2354 640//640 2352//2352
f 2352//2352 640//640 651//651
f 640//640 2353//2353 651//651
f 636//636 712//712 639//639
f 2354//2354 643//643 640//640
f 643//643 2353//2353 640//640
f 637//637 620//620 644//644
f 620//620 637//637 641//641
f 620//620 641//641 643//643
f 622//622 644//644 619//619
f 645//645 644//644 622//622
f 646//646 338//338 2350//2350
f 646//646 2350//2350 2369//2369
f 647//647 339//339 646//646
f 647//647 646//646 2369//2369
f 647//647 648//648 491//491
f 2278//2278 2355//2355 2274//2274
f 2355//2355 2278//2278 649//649
f 734//734 2355//2355 649//649
f 635//635 651//651 493//493
f 2351//2351 650//650 722//722
f 651//651 638//638 637//637
f 523//523 648//648 652//652
f 654//654 523//523 805//805
f 654//654 805//805 520//520
f 530//530 531//531 2358//2358
f 538//538 655//655 2296//2296
f 653//653 530//530 656//656
f 530//530 2358//2358 656//656
f 2359//2359 655//655 538//538
f 538//538 657//657 659//659
f 538//538 659//659 2359//2359
f 541//541 658//658 662//662
f 662//662 657//657 541//541
f 658//658 663//663 662//662
f 659//659 657//657 661//661
f 661//661 657//657 660//660
f 657//657 662//662 660//660
f 744//744 659//659 661//661
f 658//658 666//666 667//667
f 742//742 663//663 658//658
f 742//742 658//658 667//667
f 661//661 743//743 810//810
f 661//661 660//660 743//743
f 743//743 660//660 662//662
f 742//742 667//667 746//746
f 577//577 664//664 665//665
f 577//577 520//520 664//664
f 665//665 675//675 676//676
f 669//669 667//667 666//666
f 748//748 669//669 2360//2360
f 669//669 2375//2375 667//667
f 2346//2346 671//671 672//672
f 575//575 672//672 670//670
f 670//670 672//672 668//668
f 751//751 672//672 671//671
f 668//668 672//672 673//673
f 673//673 672//672 819//819
f 665//665 676//676 674//674
f 674//674 676//676 675//675
f 415//415 677//677 580//580
f 677//677 675//675 665//665
f 581//581 580//580 681//681
f 581//581 681//681 679//679
f 679//679 682//682 680//680
f 681//681 682//682 679//679
f 2363//2363 679//679 680//680
f 680//680 682//682 684//684
f 684//684 681//681 683//683
f 682//682 681//681 684//684
f 684//684 753//753 769//769
f 683//683 681//681 754//754
f 756//756 829//829 421//421
f 686//686 756//756 421//421
f 829//829 756//756 830//830
f 686//686 687//687 756//756
f 689//689 687//687 2348//2348
f 586//586 688//688 758//758
f 688//688 760//760 758//758
f 758//758 689//689 586//586
f 460//460 691//691 587//587
f 587//587 691//691 2381//2381
f 691//691 692//692 763//763
f 691//691 763//763 2381//2381
f 692//692 693//693 759//759
f 759//759 693//693 765//765
f 609//609 696//696 913//913
f 597//597 2363//2363 680//680
f 597//597 680//680 684//684
f 684//684 690//690 597//597
f 597//597 690//690 591//591
f 690//690 700//700 591//591
f 690//690 684//684 769//769
f 692//692 691//691 600//600
f 602//602 692//692 600//600
f 692//692 605//605 693//693
f 694//694 693//693 605//605
f 765//765 693//693 694//694
f 608//608 694//694 604//604
f 695//695 608//608 609//609
f 694//694 608//608 765//765
f 765//765 608//608 695//695
f 695//695 766//766 765//765
f 696//696 610//610 697//697
f 697//697 610//610 698//698
f 698//698 696//696 697//697
f 844//844 696//696 698//698
f 611//611 699//699 698//698
f 699//699 613//613 700//700
f 698//698 699//699 700//700
f 588//588 700//700 613//613
f 777//777 781//781 705//705
f 860//860 782//782 707//707
f 782//782 701//701 707//707
f 783//783 701//701 782//782
f 614//614 702//702 703//703
f 703//703 702//702 788//788
f 704//704 614//614 703//703
f 704//704 703//703 707//707
f 704//704 706//706 614//614
f 707//707 703//703 705//705
f 703//703 789//789 705//705
f 704//704 707//707 706//706
f 705//705 781//781 707//707
f 707//707 701//701 615//615
f 701//701 783//783 618//618
f 783//783 708//708 618//618
f 783//783 709//709 708//708
f 784//784 791//791 709//709
f 710//710 718//718 709//709
f 710//710 709//709 791//791
f 711//711 725//725 792//792
f 713//713 639//639 712//712
f 714//714 726//726 794//794
f 711//711 794//794 726//726
f 714//714 715//715 712//712
f 621//621 620//620 797//797
f 2365//2365 797//797 620//620
f 2366//2366 797//797 2365//2365
f 712//712 715//715 713//713
f 797//797 799//799 716//716
f 797//797 786//786 799//799
f 716//716 717//717 626//626
f 717//717 716//716 787//787
f 717//717 702//702 627//627
f 717//717 787//787 702//702
f 718//718 720//720 719//719
f 720//720 718//718 710//710
f 2369//2369 720//720 728//728
f 710//710 801//801 720//720
f 728//728 720//720 730//730
f 801//801 802//802 720//720
f 802//802 730//730 720//720
f 721//721 2351//2351 722//722
f 734//734 723//723 2355//2355
f 2368//2368 722//722 2356//2356
f 2368//2368 721//721 722//722
f 723//723 725//725 2367//2367
f 724//724 725//725 734//734
f 734//734 725//725 723//723
f 636//636 2351//2351 721//721
f 725//725 711//711 2367//2367
f 636//636 714//714 712//712
f 721//721 714//714 636//636
f 726//726 2367//2367 711//711
f 714//714 721//721 726//726
f 725//725 868//868 792//792
f 720//720 727//727 719//719
f 728//728 647//647 2369//2369
f 728//728 729//729 647//647
f 729//729 728//728 730//730
f 729//729 648//648 647//647
f 652//652 729//729 735//735
f 729//729 652//652 648//648
f 729//729 730//730 735//735
f 2270//2270 653//653 733//733
f 653//653 731//731 733//733
f 731//731 804//804 733//733
f 2271//2271 732//732 649//649
f 732//732 724//724 649//649
f 724//724 732//732 733//733
f 732//732 2271//2271 733//733
f 649//649 724//724 734//734
f 523//523 652//652 735//735
f 805//805 523//523 735//735
f 653//653 737//737 804//804
f 653//653 804//804 731//731
f 804//804 736//736 932//932
f 737//737 736//736 804//804
f 2370//2370 2371//2371 741//741
f 741//741 808//808 2370//2370
f 664//664 520//520 805//805
f 653//653 656//656 737//737
f 2359//2359 741//741 2371//2371
f 2359//2359 739//739 741//741
f 738//738 659//659 2374//2374
f 2359//2359 659//659 739//739
f 659//659 738//738 739//739
f 2374//2374 807//807 738//738
f 739//739 738//738 740//740
f 807//807 740//740 738//738
f 807//807 806//806 740//740
f 2392//2392 2372//2372 806//806
f 2372//2372 740//740 806//806
f 2372//2372 739//739 740//740
f 661//661 810//810 744//744
f 743//743 662//662 663//663
f 747//747 745//745 742//742
f 746//746 747//747 742//742
f 663//663 742//742 745//745
f 745//745 743//743 663//663
f 665//665 664//664 814//814
f 669//669 747//747 2375//2375
f 747//747 669//669 748//748
f 748//748 745//745 747//747
f 811//811 745//745 748//748
f 673//673 749//749 668//668
f 2376//2376 820//820 2361//2361
f 819//819 672//672 751//751
f 749//749 673//673 819//819
f 817//817 2362//2362 2396//2396
f 819//819 751//751 828//828
f 681//681 580//580 754//754
f 677//677 883//883 580//580
f 754//754 580//580 883//883
f 665//665 750//750 677//677
f 665//665 813//813 750//750
f 677//677 750//750 2411//2411
f 579//579 685//685 751//751
f 751//751 685//685 829//829
f 756//756 888//888 969//969
f 683//683 754//754 684//684
f 753//753 684//684 754//754
f 754//754 904//904 753//753
f 753//753 835//835 752//752
f 2377//2377 775//775 774//774
f 753//753 904//904 835//835
f 2388//2388 755//755 848//848
f 2377//2377 2405//2405 2379//2379
f 775//775 2377//2377 2379//2379
f 755//755 831//831 848//848
f 969//969 830//830 756//756
f 756//756 687//687 757//757
f 687//687 689//689 757//757
f 757//757 689//689 840//840
f 689//689 841//841 840//840
f 841//841 689//689 758//758
f 758//758 760//760 762//762
f 759//759 765//765 761//761
f 2382//2382 763//763 692//692
f 759//759 761//761 692//692
f 2381//2381 763//763 843//843
f 760//760 2407//2407 762//762
f 761//761 765//765 764//764
f 764//764 765//765 842//842
f 761//761 764//764 842//842
f 842//842 763//763 2382//2382
f 765//765 766//766 842//842
f 695//695 609//609 913//913
f 695//695 913//913 766//766
f 913//913 696//696 844//844
f 844//844 698//698 700//700
f 700//700 845//845 767//767
f 768//768 2364//2364 2383//2383
f 768//768 700//700 690//690
f 2383//2383 770//770 768//768
f 768//768 771//771 700//700
f 700//700 771//771 772//772
f 700//700 2385//2385 845//845
f 770//770 771//771 768//768
f 770//770 2383//2383 773//773
f 753//753 752//752 2384//2384
f 2383//2383 2378//2378 773//773
f 771//771 847//847 772//772
f 2385//2385 2408//2408 845//845
f 2386//2386 774//774 770//770
f 771//771 774//774 847//847
f 771//771 770//770 774//774
f 2386//2386 2377//2377 774//774
f 2388//2388 848//848 2387//2387
f 774//774 848//848 847//847
f 776//776 2391//2391 790//790
f 776//776 779//779 2391//2391
f 789//789 778//778 777//777
f 777//777 778//778 781//781
f 779//779 780//780 2391//2391
f 789//789 2389//2389 778//778
f 776//776 855//855 857//857
f 776//776 857//857 779//779
f 780//780 779//779 857//857
f 858//858 781//781 778//778
f 778//778 2389//2389 858//858
f 857//857 859//859 858//858
f 857//857 858//858 780//780
f 707//707 781//781 860//860
f 781//781 858//858 860//860
f 854//854 783//783 782//782
f 784//784 709//709 783//783
f 862//862 784//784 783//783
f 791//791 784//784 862//862
f 861//861 786//786 785//785
f 800//800 787//787 716//716
f 861//861 787//787 800//800
f 788//788 702//702 787//787
f 788//788 787//787 776//776
f 787//787 855//855 776//776
f 776//776 790//790 2390//2390
f 2391//2391 2390//2390 790//790
f 789//789 703//703 788//788
f 777//777 705//705 789//789
f 801//801 710//710 791//791
f 791//791 863//863 801//801
f 867//867 801//801 863//863
f 711//711 792//792 794//794
f 793//793 794//794 792//792
f 793//793 865//865 794//794
f 868//868 793//793 792//792
f 868//868 865//865 793//793
f 794//794 865//865 714//714
f 868//868 864//864 865//865
f 714//714 795//795 715//715
f 715//715 795//795 797//797
f 795//795 714//714 796//796
f 796//796 798//798 795//795
f 796//796 865//865 798//798
f 714//714 865//865 796//796
f 797//797 785//785 786//786
f 795//795 798//798 797//797
f 797//797 798//798 785//785
f 798//798 866//866 785//785
f 799//799 800//800 716//716
f 861//861 799//799 786//786
f 800//800 799//799 861//861
f 801//801 867//867 802//802
f 730//730 802//802 805//805
f 733//733 804//804 803//803
f 803//803 869//869 868//868
f 725//725 724//724 868//868
f 733//733 803//803 724//724
f 803//803 868//868 724//724
f 803//803 804//804 869//869
f 730//730 805//805 735//735
f 806//806 807//807 809//809
f 806//806 809//809 2392//2392
f 2370//2370 808//808 940//940
f 814//814 664//664 805//805
f 743//743 745//745 811//811
f 2393//2393 2373//2373 812//812
f 2373//2373 811//811 812//812
f 744//744 810//810 942//942
f 942//942 941//941 744//744
f 812//812 956//956 2393//2393
f 956//956 812//812 811//811
f 942//942 810//810 956//956
f 813//813 665//665 814//814
f 813//813 815//815 750//750
f 813//813 814//814 815//815
f 2360//2360 816//816 748//748
f 748//748 818//818 811//811
f 818//818 748//748 816//816
f 2362//2362 817//817 2394//2394
f 818//818 816//816 873//873
f 2395//2395 872//872 873//873
f 820//820 2376//2376 821//821
f 817//817 2396//2396 822//822
f 823//823 749//749 819//819
f 817//817 822//822 2394//2394
f 822//822 824//824 2394//2394
f 820//820 821//821 826//826
f 2376//2376 2397//2397 821//821
f 821//821 2397//2397 826//826
f 2394//2394 824//824 825//825
f 872//872 2395//2395 825//825
f 823//823 828//828 877//877
f 819//819 828//828 823//823
f 2396//2396 827//827 822//822
f 820//820 826//826 2398//2398
f 822//822 827//827 876//876
f 827//827 875//875 876//876
f 2398//2398 826//826 2410//2410
f 2410//2410 826//826 2397//2397
f 824//824 822//822 876//876
f 828//828 751//751 878//878
f 828//828 878//878 877//877
f 875//875 823//823 877//877
f 883//883 904//904 754//754
f 751//751 829//829 882//882
f 900//900 846//846 899//899
f 846//846 905//905 899//899
f 2405//2405 832//832 2379//2379
f 2379//2379 832//832 2399//2399
f 831//831 834//834 848//848
f 2400//2400 2402//2402 836//836
f 832//832 2405//2405 836//836
f 833//833 836//836 903//903
f 833//833 2400//2400 836//836
f 2401//2401 2403//2403 2404//2404
f 2403//2403 2420//2420 2404//2404
f 903//903 836//836 2405//2405
f 835//835 904//904 2421//2421
f 905//905 849//849 838//838
f 2422//2422 908//908 834//834
f 834//834 908//908 848//848
f 848//848 908//908 837//837
f 848//848 837//837 2409//2409
f 838//838 849//849 2406//2406
f 905//905 838//838 2428//2428
f 838//838 2406//2406 2429//2429
f 887//887 888//888 756//756
f 839//839 2416//2416 2380//2380
f 757//757 839//839 756//756
f 757//757 840//840 891//891
f 1017//1017 839//839 757//757
f 840//840 841//841 891//891
f 762//762 911//911 758//758
f 911//911 762//762 912//912
f 843//843 763//763 842//842
f 766//766 843//843 842//842
f 767//767 844//844 700//700
f 844//844 916//916 913//913
f 844//844 767//767 916//916
f 767//767 845//845 846//846
f 846//846 896//896 895//895
f 846//846 900//900 896//896
f 2408//2408 849//849 850//850
f 845//845 2408//2408 850//850
f 845//845 850//850 846//846
f 2409//2409 847//847 848//848
f 846//846 850//850 2425//2425
f 905//905 850//850 849//849
f 855//855 852//852 857//857
f 851//851 852//852 855//855
f 918//918 917//917 856//856
f 856//856 917//917 851//851
f 857//857 852//852 859//859
f 923//923 859//859 852//852
f 859//859 853//853 860//860
f 853//853 854//854 860//860
f 860//860 854//854 782//782
f 859//859 923//923 853//853
f 853//853 923//923 854//854
f 852//852 924//924 923//923
f 787//787 856//856 855//855
f 855//855 856//856 851//851
f 787//787 1027//1027 856//856
f 860//860 858//858 859//859
f 927//927 862//862 783//783
f 785//785 1034//1034 861//861
f 785//785 866//866 1034//1034
f 865//865 1034//1034 866//866
f 861//861 1027//1027 787//787
f 862//862 863//863 791//791
f 863//863 862//862 867//867
f 865//865 866//866 798//798
f 868//868 869//869 864//864
f 931//931 805//805 802//802
f 869//869 932//932 933//933
f 869//869 804//804 932//932
f 932//932 736//736 2437//2437
f 809//809 2437//2437 2392//2392
f 941//941 809//809 807//807
f 941//941 2437//2437 809//809
f 805//805 937//937 814//814
f 814//814 937//937 946//946
f 814//814 946//946 945//945
f 945//945 944//944 814//814
f 807//807 2374//2374 941//941
f 956//956 811//811 960//960
f 960//960 1071//1071 956//956
f 815//815 814//814 2411//2411
f 815//815 2411//2411 750//750
f 870//870 2411//2411 814//814
f 814//814 944//944 870//870
f 957//957 2411//2411 870//870
f 883//883 2453//2453 1001//1001
f 871//871 811//811 818//818
f 811//811 871//871 960//960
f 871//871 818//818 873//873
f 871//871 873//873 964//964
f 874//874 872//872 825//825
f 872//872 874//874 961//961
f 964//964 873//873 961//961
f 873//873 872//872 961//961
f 871//871 964//964 962//962
f 824//824 876//876 825//825
f 825//825 963//963 874//874
f 963//963 825//825 876//876
f 961//961 874//874 963//963
f 875//875 963//963 876//876
f 877//877 878//878 881//881
f 877//877 881//881 875//875
f 963//963 875//875 881//881
f 964//964 961//961 963//963
f 879//879 878//878 751//751
f 878//878 879//879 880//880
f 882//882 879//879 751//751
f 882//882 880//880 879//879
f 878//878 880//880 881//881
f 882//882 967//967 880//880
f 904//904 883//883 884//884
f 883//883 1001//1001 884//884
f 829//829 885//885 882//882
f 882//882 885//885 886//886
f 967//967 882//882 886//886
f 829//829 830//830 885//885
f 886//886 885//885 1010//1010
f 1013//1013 969//969 888//888
f 887//887 890//890 1014//1014
f 887//887 1014//1014 888//888
f 2417//2417 2416//2416 889//889
f 889//889 2416//2416 839//839
f 839//839 1015//1015 889//889
f 757//757 891//891 1017//1017
f 889//889 1015//1015 2417//2417
f 1170//1170 890//890 1015//1015
f 839//839 1017//1017 1016//1016
f 1016//1016 1015//1015 839//839
f 891//891 841//841 910//910
f 1020//1020 910//910 911//911
f 1020//1020 891//891 910//910
f 843//843 766//766 892//892
f 2418//2418 912//912 2407//2407
f 1178//1178 912//912 2418//2418
f 766//766 2563//2563 892//892
f 1021//1021 2563//2563 766//766
f 1021//1021 766//766 893//893
f 1022//1022 1021//1021 893//893
f 893//893 914//914 894//894
f 2431//2431 915//915 894//894
f 915//915 916//916 894//894
f 893//893 894//894 1022//1022
f 916//916 1024//1024 894//894
f 916//916 846//846 895//895
f 916//916 895//895 1024//1024
f 898//898 895//895 897//897
f 896//896 897//897 895//895
f 897//897 896//896 1025//1025
f 898//898 897//897 976//976
f 899//899 905//905 900//900
f 901//901 896//896 900//900
f 1025//1025 896//896 901//901
f 901//901 900//900 902//902
f 902//902 1025//1025 901//901
f 900//900 905//905 999//999
f 987//987 900//900 999//999
f 987//987 902//902 900//900
f 2421//2421 904//904 2412//2412
f 2413//2413 906//906 2423//2423
f 2424//2424 2426//2426 907//907
f 2430//2430 2424//2424 907//907
f 2428//2428 2427//2427 1007//1007
f 2427//2427 2414//2414 1007//1007
f 907//907 2426//2426 2415//2415
f 905//905 2428//2428 909//909
f 2428//2428 1007//1007 909//909
f 758//758 910//910 841//841
f 758//758 911//911 910//910
f 911//911 912//912 1020//1020
f 762//762 2407//2407 912//912
f 766//766 913//913 893//893
f 913//913 914//914 893//893
f 2431//2431 913//913 915//915
f 916//916 915//915 913//913
f 846//846 916//916 767//767
f 918//918 920//920 917//917
f 851//851 919//919 852//852
f 851//851 917//917 919//919
f 921//921 1030//1030 922//922
f 921//921 920//920 918//918
f 922//922 920//920 921//921
f 921//921 918//918 1030//1030
f 917//917 1031//1031 919//919
f 1031//1031 926//926 919//919
f 917//917 920//920 1031//1031
f 922//922 1031//1031 920//920
f 1191//1191 922//922 1030//1030
f 1031//1031 922//922 1191//1191
f 924//924 925//925 923//923
f 925//925 924//924 1032//1032
f 924//924 926//926 1032//1032
f 852//852 919//919 924//924
f 919//919 926//926 924//924
f 925//925 1032//1032 923//923
f 1191//1191 1032//1032 926//926
f 854//854 923//923 783//783
f 1032//1032 783//783 923//923
f 783//783 1032//1032 1033//1033
f 1034//1034 1027//1027 861//861
f 918//918 856//856 1027//1027
f 1033//1033 927//927 783//783
f 862//862 927//927 928//928
f 927//927 1035//1035 928//928
f 928//928 1037//1037 862//862
f 929//929 802//802 867//867
f 862//862 929//929 867//867
f 802//802 929//929 931//931
f 929//929 862//862 1037//1037
f 933//933 930//930 869//869
f 869//869 930//930 864//864
f 1042//1042 931//931 929//929
f 931//931 1042//1042 935//935
f 935//935 1042//1042 1043//1043
f 2437//2437 933//933 932//932
f 931//931 937//937 805//805
f 2434//2434 934//934 2432//2432
f 2433//2433 937//937 931//931
f 1043//1043 936//936 935//935
f 2435//2435 934//934 2434//2434
f 2433//2433 936//936 937//937
f 936//936 1043//1043 937//937
f 1048//1048 937//937 1045//1045
f 946//946 937//937 938//938
f 937//937 939//939 938//938
f 938//938 939//939 946//946
f 937//937 1048//1048 2436//2436
f 939//939 1051//1051 946//946
f 1052//1052 1051//1051 939//939
f 1071//1071 943//943 956//956
f 943//943 942//942 956//956
f 943//943 941//941 942//942
f 943//943 1061//1061 941//941
f 2437//2437 941//941 1061//1061
f 946//946 948//948 945//945
f 946//946 953//953 948//948
f 944//944 945//945 949//949
f 946//946 1051//1051 1064//1064
f 944//944 947//947 870//870
f 944//944 949//949 947//947
f 2440//2440 2444//2444 950//950
f 2440//2440 950//950 2438//2438
f 2439//2439 2505//2505 2445//2445
f 947//947 957//957 870//870
f 949//949 955//955 947//947
f 950//950 949//949 2438//2438
f 2441//2441 2446//2446 952//952
f 1065//1065 949//949 950//950
f 957//957 947//947 955//955
f 2449//2449 954//954 2454//2454
f 949//949 1065//1065 955//955
f 2446//2446 951//951 952//952
f 952//952 2506//2506 2442//2442
f 952//952 951//951 2506//2506
f 951//951 1067//1067 2506//2506
f 2450//2450 2507//2507 1068//1068
f 2513//2513 1066//1066 2451//2451
f 2509//2509 2447//2447 2452//2452
f 1072//1072 943//943 1071//1071
f 1072//1072 1061//1061 943//943
f 975//975 1084//1084 1081//1081
f 975//975 974//974 1084//1084
f 2453//2453 958//958 1001//1001
f 1124//1124 958//958 2453//2453
f 1124//1124 1162//1162 958//958
f 2453//2453 2448//2448 1124//1124
f 1131//1131 1124//1124 2448//2448
f 960//960 871//871 959//959
f 959//959 871//871 2455//2455
f 1136//1136 960//960 959//959
f 959//959 2455//2455 1136//1136
f 963//963 965//965 964//964
f 1135//1135 964//964 966//966
f 966//966 964//964 965//965
f 1135//1135 962//962 964//964
f 966//966 965//965 963//963
f 963//963 881//881 1292//1292
f 967//967 968//968 880//880
f 880//880 2456//2456 1137//1137
f 1138//1138 967//967 886//886
f 1011//1011 1142//1142 1010//1010
f 1010//1010 2548//2548 1141//1141
f 971//971 1024//1024 970//970
f 1024//1024 971//971 1023//1023
f 970//970 973//973 974//974
f 1024//1024 973//973 970//970
f 971//971 970//970 974//974
f 974//974 972//972 971//971
f 972//972 974//974 975//975
f 1081//1081 972//972 975//975
f 898//898 976//976 973//973
f 976//976 978//978 973//973
f 974//974 973//973 1153//1153
f 976//976 897//897 982//982
f 2459//2459 2419//2419 977//977
f 977//977 2419//2419 2490//2490
f 976//976 982//982 978//978
f 2459//2459 977//977 984//984
f 983//983 2459//2459 984//984
f 977//977 2490//2490 984//984
f 978//978 979//979 973//973
f 973//973 979//979 980//980
f 2550//2550 973//973 981//981
f 980//980 981//981 973//973
f 981//981 980//980 2550//2550
f 2459//2459 983//983 986//986
f 983//983 984//984 985//985
f 978//978 982//982 988//988
f 986//986 983//983 989//989
f 989//989 983//983 985//985
f 2461//2461 987//987 992//992
f 978//978 988//988 979//979
f 989//989 985//985 2465//2465
f 2462//2462 2459//2459 986//986
f 2462//2462 986//986 989//989
f 2462//2462 989//989 994//994
f 988//988 990//990 979//979
f 991//991 987//987 999//999
f 999//999 1002//1002 991//991
f 992//992 987//987 993//993
f 987//987 2464//2464 993//993
f 995//995 997//997 2467//2467
f 993//993 2464//2464 2469//2469
f 2467//2467 997//997 2466//2466
f 988//988 1097//1097 990//990
f 2462//2462 994//994 2523//2523
f 2523//2523 994//994 996//996
f 2463//2463 2472//2472 2468//2468
f 2468//2468 2472//2472 2471//2471
f 2473//2473 2470//2470 996//996
f 2474//2474 989//989 2465//2465
f 1007//1007 2414//2414 2476//2476
f 998//998 905//905 909//909
f 2485//2485 998//998 909//909
f 999//999 905//905 998//998
f 999//999 998//998 1000//1000
f 998//998 1161//1161 1000//1000
f 2477//2477 2475//2475 1003//1003
f 2479//2479 999//999 1000//1000
f 2478//2478 1158//1158 2464//2464
f 1158//1158 2469//2469 2464//2464
f 1158//1158 2478//2478 1102//1102
f 1102//1102 2478//2478 1004//1004
f 1161//1161 998//998 2485//2485
f 2477//2477 1003//1003 2480//2480
f 2480//2480 1003//1003 2557//2557
f 2479//2479 1000//1000 1161//1161
f 1006//1006 1001//1001 958//958
f 1006//1006 958//958 1005//1005
f 2476//2476 2483//2483 1007//1007
f 2484//2484 2482//2482 1008//1008
f 2485//2485 2484//2484 1161//1161
f 1008//1008 1161//1161 2484//2484
f 2486//2486 1005//1005 1163//1163
f 1161//1161 1008//1008 2558//2558
f 958//958 1163//1163 1005//1005
f 1162//1162 1163//1163 958//958
f 1138//1138 886//886 1009//1009
f 2487//2487 886//886 1141//1141
f 886//886 1010//1010 1141//1141
f 1010//1010 885//885 1011//1011
f 1012//1012 885//885 830//830
f 1011//1011 885//885 2488//2488
f 830//830 969//969 2489//2489
f 1011//1011 2488//2488 1166//1166
f 969//969 1167//1167 2489//2489
f 888//888 1014//1014 1013//1013
f 1014//1014 890//890 1170//1170
f 1177//1177 1014//1014 1170//1170
f 1016//1016 1018//1018 1015//1015
f 1017//1017 1018//1018 1016//1016
f 1018//1018 1170//1170 1015//1015
f 1170//1170 1018//1018 1019//1019
f 1019//1019 1018//1018 1017//1017
f 891//891 1020//1020 1174//1174
f 1020//1020 912//912 1178//1178
f 1020//1020 1178//1178 1174//1174
f 1021//1021 1180//1180 2563//2563
f 1180//1180 1021//1021 1022//1022
f 1022//1022 894//894 1023//1023
f 1022//1022 1023//1023 1180//1180
f 1024//1024 1023//1023 894//894
f 1024//1024 895//895 973//973
f 898//898 973//973 895//895
f 2460//2460 1025//1025 902//902
f 2460//2460 902//902 2461//2461
f 987//987 2461//2461 902//902
f 1034//1034 1026//1026 1027//1027
f 1034//1034 1182//1182 1026//1026
f 1026//1026 1182//1182 1029//1029
f 1182//1182 1184//1184 1029//1029
f 1028//1028 1030//1030 1027//1027
f 1027//1027 1026//1026 1028//1028
f 1029//1029 1028//1028 1026//1026
f 1029//1029 1184//1184 1028//1028
f 918//918 1027//1027 1030//1030
f 1184//1184 1185//1185 1028//1028
f 1028//1028 1188//1188 1030//1030
f 1031//1031 1191//1191 926//926
f 1191//1191 1030//1030 1188//1188
f 865//865 1337//1337 1034//1034
f 1182//1182 1034//1034 1194//1194
f 1033//1033 1036//1036 927//927
f 927//927 1036//1036 1035//1035
f 928//928 1035//1035 1037//1037
f 1035//1035 1036//1036 1037//1037
f 1036//1036 1039//1039 1037//1037
f 1033//1033 1038//1038 1036//1036
f 1038//1038 1039//1039 1036//1036
f 864//864 1337//1337 865//865
f 864//864 930//930 1041//1041
f 929//929 1037//1037 1039//1039
f 929//929 1039//1039 1040//1040
f 929//929 1044//1044 1042//1042
f 1040//1040 1044//1044 929//929
f 1195//1195 1044//1044 1040//1040
f 1042//1042 1045//1045 1043//1043
f 1045//1045 1042//1042 1206//1206
f 1042//1042 1044//1044 2571//2571
f 1044//1044 1205//1205 2571//2571
f 1045//1045 937//937 1043//1043
f 1208//1208 2491//2491 2571//2571
f 1215//1215 2492//2492 2573//2573
f 2492//2492 1215//1215 1227//1227
f 1219//1219 1224//1224 1050//1050
f 1224//1224 1231//1231 1050//1050
f 933//933 1041//1041 930//930
f 1041//1041 933//933 1047//1047
f 933//933 2437//2437 1047//1047
f 2437//2437 1046//1046 1477//1477
f 1053//1053 2436//2436 1048//1048
f 1052//1052 2436//2436 1053//1053
f 1053//1053 1048//1048 1049//1049
f 1045//1045 1049//1049 1048//1048
f 1219//1219 1050//1050 2493//2493
f 1050//1050 2494//2494 2493//2493
f 1231//1231 2494//2494 1050//1050
f 1051//1051 1054//1054 1064//1064
f 2443//2443 2505//2505 2495//2495
f 1052//1052 1055//1055 1051//1051
f 1049//1049 2599//2599 1053//1053
f 951//951 2496//2496 1067//1067
f 1056//1056 1054//1054 1051//1051
f 2499//2499 1051//1051 1055//1055
f 1055//1055 1052//1052 1059//1059
f 1053//1053 1059//1059 1052//1052
f 1053//1053 2599//2599 1059//1059
f 1060//1060 2600//2600 1260//1260
f 1260//1260 2600//2600 1228//1228
f 2497//2497 1069//1069 2510//2510
f 1057//1057 1070//1070 2515//2515
f 2501//2501 1069//1069 2497//2497
f 2498//2498 1058//1058 2500//2500
f 2500//2500 1058//1058 2497//2497
f 2501//2501 2497//2497 1058//1058
f 2502//2502 1070//1070 1057//1057
f 1055//1055 1059//1059 2503//2503
f 1260//1260 1070//1070 2502//2502
f 2504//2504 1060//1060 2502//2502
f 2502//2502 1060//1060 1260//1260
f 2504//2504 2600//2600 1060//1060
f 1062//1062 1061//1061 1072//1072
f 2437//2437 1061//1061 1046//1046
f 1046//1046 1061//1061 1062//1062
f 1230//1230 1046//1046 1062//1062
f 1062//1062 1063//1063 2598//2598
f 1072//1072 1063//1063 1062//1062
f 1072//1072 1074//1074 1063//1063
f 1063//1063 1273//1273 2598//2598
f 1063//1063 1074//1074 1273//1273
f 1239//1239 1085//1085 1241//1241
f 2505//2505 2443//2443 2445//2445
f 2511//2511 2514//2514 2508//2508
f 2513//2513 1070//1070 1066//1066
f 1070//1070 1132//1132 1066//1066
f 2545//2545 2447//2447 2509//2509
f 2545//2545 2544//2544 2447//2447
f 2515//2515 1070//1070 2512//2512
f 2512//2512 1070//1070 2513//2513
f 1070//1070 1129//1129 1132//1132
f 1073//1073 1072//1072 1071//1071
f 1073//1073 1071//1071 960//960
f 1073//1073 960//960 1136//1136
f 1074//1074 1073//1073 1136//1136
f 1073//1073 1074//1074 1072//1072
f 1268//1268 1136//1136 1267//1267
f 1151//1151 1023//1023 1075//1075
f 2516//2516 1278//1278 1150//1150
f 1280//1280 1278//1278 2516//2516
f 971//971 1078//1078 1076//1076
f 1023//1023 1076//1076 1075//1075
f 1076//1076 1023//1023 971//971
f 1075//1075 1076//1076 1079//1079
f 1079//1079 1080//1080 2516//2516
f 2516//2516 1080//1080 1077//1077
f 971//971 972//972 1078//1078
f 1079//1079 1076//1076 1082//1082
f 1082//1082 1076//1076 1078//1078
f 1080//1080 1079//1079 1082//1082
f 1080//1080 1082//1082 1236//1236
f 1080//1080 1236//1236 1077//1077
f 1081//1081 1086//1086 2458//2458
f 1081//1081 1084//1084 1086//1086
f 1078//1078 972//972 1085//1085
f 1078//1078 1085//1085 1087//1087
f 1082//1082 1078//1078 1083//1083
f 1078//1078 1087//1087 1083//1083
f 2458//2458 1086//1086 2518//2518
f 1090//1090 1086//1086 2517//2517
f 2519//2519 1084//1084 1091//1091
f 2518//2518 1086//1086 1090//1090
f 974//974 1088//1088 1092//1092
f 1096//1096 1088//1088 1153//1153
f 1088//1088 974//974 1153//1153
f 1091//1091 1084//1084 2521//2521
f 1084//1084 974//974 2521//2521
f 1092//1092 1088//1088 1096//1096
f 2518//2518 1090//1090 1089//1089
f 2520//2520 1089//1089 1090//1090
f 2550//2550 980//980 1093//1093
f 1093//1093 980//980 1099//1099
f 1093//1093 2522//2522 2550//2550
f 1091//1091 2521//2521 1094//1094
f 1095//1095 1092//1092 1096//1096
f 1089//1089 2520//2520 1281//1281
f 1094//1094 2623//2623 1091//1091
f 980//980 979//979 1154//1154
f 980//980 1154//1154 2524//2524
f 1282//1282 1092//1092 1095//1095
f 1093//1093 1099//1099 2522//2522
f 2521//2521 2624//2624 1094//1094
f 1282//1282 1095//1095 1096//1096
f 1282//1282 1096//1096 1100//1100
f 1098//1098 990//990 1097//1097
f 1154//1154 1283//1283 2524//2524
f 2524//2524 1100//1100 1096//1096
f 2524//2524 1283//1283 1100//1100
f 1104//1104 2523//2523 996//996
f 1098//1098 1097//1097 1101//1101
f 1097//1097 2527//2527 1101//1101
f 1104//1104 996//996 1160//1160
f 1098//1098 1101//1101 1283//1283
f 1101//1101 1284//1284 1283//1283
f 2481//2481 1106//1106 2525//2525
f 2527//2527 2555//2555 1103//1103
f 2528//2528 1107//1107 2526//2526
f 2526//2526 1107//1107 1109//1109
f 1103//1103 2555//2555 2531//2531
f 2532//2532 2556//2556 1102//1102
f 2527//2527 1103//1103 1287//1287
f 2527//2527 1284//1284 1101//1101
f 2527//2527 1287//1287 1284//1284
f 2529//2529 1105//1105 1108//1108
f 2529//2529 2480//2480 1105//1105
f 1107//1107 2528//2528 2530//2530
f 1108//1108 1105//1105 1110//1110
f 1110//1110 1105//1105 1111//1111
f 1107//1107 2530//2530 1109//1109
f 1103//1103 2531//2531 1123//1123
f 2533//2533 1120//1120 2530//2530
f 2530//2530 1120//1120 1109//1109
f 2539//2539 1109//1109 1120//1120
f 1162//1162 1128//1128 1116//1116
f 1112//1112 1110//1110 1114//1114
f 1113//1113 1112//1112 1114//1114
f 1111//1111 1114//1114 1110//1110
f 1111//1111 2559//2559 2537//2537
f 2533//2533 2534//2534 1119//1119
f 2534//2534 1117//1117 1119//1119
f 1112//1112 1113//1113 1117//1117
f 1117//1117 1113//1113 2538//2538
f 1113//1113 1114//1114 1115//1115
f 1113//1113 2535//2535 2538//2538
f 1115//1115 1114//1114 1111//1111
f 2537//2537 2536//2536 1111//1111
f 2533//2533 1119//1119 1118//1118
f 2533//2533 1118//1118 1120//1120
f 1122//1122 1119//1119 1130//1130
f 1118//1118 1119//1119 2539//2539
f 1119//1119 1122//1122 2539//2539
f 2539//2539 1120//1120 1118//1118
f 1256//1256 1103//1103 1288//1288
f 1103//1103 1121//1121 2627//2627
f 2627//2627 1121//1121 1265//1265
f 1103//1103 1123//1123 1121//1121
f 1121//1121 1123//1123 1289//1289
f 1122//1122 1130//1130 2628//2628
f 1122//1122 2628//2628 2539//2539
f 1131//1131 1133//1133 1124//1124
f 1162//1162 1124//1124 1125//1125
f 1124//1124 1133//1133 1126//1126
f 1124//1124 1126//1126 1125//1125
f 1162//1162 1125//1125 1128//1128
f 1134//1134 1132//1132 1129//1129
f 2541//2541 1134//1134 1129//1129
f 1128//1128 2540//2540 2547//2547
f 1128//1128 1125//1125 2540//2540
f 2538//2538 1127//1127 1117//1117
f 2538//2538 2542//2542 1127//1127
f 1119//1119 1127//1127 2543//2543
f 1130//1130 1127//1127 1129//1129
f 1129//1129 1127//1127 2542//2542
f 1119//1119 1117//1117 1127//1127
f 2628//2628 1130//1130 2619//2619
f 1129//1129 2619//2619 1130//1130
f 2544//2544 2545//2545 2546//2546
f 2545//2545 2547//2547 2546//2546
f 2547//2547 2540//2540 2546//2546
f 1136//1136 2455//2455 1135//1135
f 1136//1136 1135//1135 966//966
f 1293//1293 1267//1267 1136//1136
f 966//966 1293//1293 1136//1136
f 966//966 963//963 1292//1292
f 880//880 1137//1137 881//881
f 1612//1612 1292//1292 881//881
f 2456//2456 1296//1296 1137//1137
f 881//881 1137//1137 1613//1613
f 1140//1140 967//967 1138//1138
f 968//968 967//967 1140//1140
f 1139//1139 1140//1140 1138//1138
f 1139//1139 1009//1009 1309//1309
f 1140//1140 1139//1139 1309//1309
f 1142//1142 1011//1011 1164//1164
f 1141//1141 2548//2548 1143//1143
f 1142//1142 1164//1164 1165//1165
f 2548//2548 1534//1534 1143//1143
f 1165//1165 1144//1144 1142//1142
f 1144//1144 1165//1165 1167//1167
f 1167//1167 969//969 1305//1305
f 969//969 1168//1168 1305//1305
f 1180//1180 1145//1145 2563//2563
f 1146//1146 2563//2563 1145//1145
f 1179//1179 1178//1178 1146//1146
f 1179//1179 1146//1146 1307//1307
f 1145//1145 1180//1180 1147//1147
f 1146//1146 1145//1145 1147//1147
f 1307//1307 1146//1146 1308//1308
f 1147//1147 1180//1180 1149//1149
f 1147//1147 1308//1308 1146//1146
f 1279//1279 1147//1147 1152//1152
f 1279//1279 1308//1308 1147//1147
f 1180//1180 1023//1023 1149//1149
f 1149//1149 1023//1023 1151//1151
f 1148//1148 1151//1151 2549//2549
f 1147//1147 1149//1149 1148//1148
f 1149//1149 1151//1151 1148//1148
f 1151//1151 1075//1075 2549//2549
f 1150//1150 1152//1152 1147//1147
f 1148//1148 2549//2549 1147//1147
f 1279//1279 1152//1152 1150//1150
f 979//979 990//990 1098//1098
f 1154//1154 979//979 1098//1098
f 1157//1157 1156//1156 1155//1155
f 2552//2552 2553//2553 2551//2551
f 1098//1098 1283//1283 1154//1154
f 996//996 2470//2470 1159//1159
f 2554//2554 2469//2469 1158//1158
f 1158//1158 1102//1102 2554//2554
f 996//996 1159//1159 1160//1160
f 2554//2554 1102//1102 2556//2556
f 1105//1105 2480//2480 2557//2557
f 2557//2557 1111//1111 1105//1105
f 2559//2559 1111//1111 2557//2557
f 2560//2560 1162//1162 1116//1116
f 1139//1139 1138//1138 1009//1009
f 2487//2487 1141//1141 1310//1310
f 1167//1167 2561//2561 2489//2489
f 1166//1166 1164//1164 1011//1011
f 1164//1164 1166//1166 1165//1165
f 1165//1165 1166//1166 1167//1167
f 969//969 1013//1013 1168//1168
f 1168//1168 1013//1013 1169//1169
f 1014//1014 1169//1169 1013//1013
f 1425//1425 1169//1169 1311//1311
f 1311//1311 1169//1169 1014//1014
f 1177//1177 1170//1170 1171//1171
f 1170//1170 1019//1019 1171//1171
f 1017//1017 891//891 1174//1174
f 1171//1171 1019//1019 1173//1173
f 1177//1177 1171//1171 1172//1172
f 1171//1171 1173//1173 1172//1172
f 1019//1019 1174//1174 2562//2562
f 1017//1017 1174//1174 1019//1019
f 1177//1177 1172//1172 1175//1175
f 1175//1175 1172//1172 1176//1176
f 1172//1172 1173//1173 1176//1176
f 2562//2562 1174//1174 1176//1176
f 1313//1313 1176//1176 1174//1174
f 1175//1175 1176//1176 1312//1312
f 1176//1176 1313//1313 1312//1312
f 1314//1314 1177//1177 1175//1175
f 1174//1174 1178//1178 1179//1179
f 1174//1174 1179//1179 1316//1316
f 1319//1319 1181//1181 1194//1194
f 1181//1181 1182//1182 1194//1194
f 1182//1182 1181//1181 1183//1183
f 1182//1182 1187//1187 1184//1184
f 1182//1182 1183//1183 1187//1187
f 1028//1028 1185//1185 1188//1188
f 1185//1185 1184//1184 1188//1188
f 1187//1187 1186//1186 1184//1184
f 1184//1184 1186//1186 1188//1188
f 1186//1186 1189//1189 1188//1188
f 1189//1189 1186//1186 1317//1317
f 1187//1187 1317//1317 1186//1186
f 1189//1189 1190//1190 1188//1188
f 1188//1188 1190//1190 1191//1191
f 1329//1329 1190//1190 1189//1189
f 1329//1329 1330//1330 1190//1190
f 1189//1189 1317//1317 1329//1329
f 1330//1330 1331//1331 1190//1190
f 1190//1190 1331//1331 1191//1191
f 1191//1191 1331//1331 1333//1333
f 1192//1192 1033//1033 1032//1032
f 1192//1192 1032//1032 1335//1335
f 1192//1192 1335//1335 1336//1336
f 1033//1033 1192//1192 1336//1336
f 1337//1337 1193//1193 1034//1034
f 1034//1034 1319//1319 1194//1194
f 1193//1193 1340//1340 1034//1034
f 1034//1034 1340//1340 1319//1319
f 864//864 1041//1041 1344//1344
f 1344//1344 1337//1337 864//864
f 1038//1038 1345//1345 1039//1039
f 1040//1040 1039//1039 1195//1195
f 1195//1195 1039//1039 1345//1345
f 2570//2570 1044//1044 1195//1195
f 2570//2570 1196//1196 1199//1199
f 1195//1195 1196//1196 2570//2570
f 1195//1195 1197//1197 2564//2564
f 1345//1345 1197//1197 1195//1195
f 1345//1345 1198//1198 1197//1197
f 1197//1197 2565//2565 2564//2564
f 2564//2564 2565//2565 1201//1201
f 1200//1200 1202//1202 1199//1199
f 1196//1196 1200//1200 1199//1199
f 1202//1202 1204//1204 1199//1199
f 2564//2564 1201//1201 2566//2566
f 1201//1201 2567//2567 2566//2566
f 2565//2565 2567//2567 1201//1201
f 2567//2567 1203//1203 2568//2568
f 2565//2565 1203//1203 2567//2567
f 2569//2569 1212//1212 1199//1199
f 1203//1203 1359//1359 2568//2568
f 2661//2661 1223//1223 2569//2569
f 2661//2661 1360//1360 1223//1223
f 1047//1047 1472//1472 1041//1041
f 1472//1472 1047//1047 1477//1477
f 1346//1346 1041//1041 1472//1472
f 1207//1207 2570//2570 1199//1199
f 1212//1212 1207//1207 1199//1199
f 2571//2571 1205//1205 2572//2572
f 2572//2572 1210//1210 2571//2571
f 2571//2571 1210//1210 1208//1208
f 1212//1212 1211//1211 1207//1207
f 2572//2572 2574//2574 1210//1210
f 1208//1208 1209//1209 2577//2577
f 1208//1208 1210//1210 1209//1209
f 1210//1210 2574//2574 1214//1214
f 1211//1211 1212//1212 2575//2575
f 1210//1210 1213//1213 1209//1209
f 1209//1209 1213//1213 2577//2577
f 1214//1214 1213//1213 1210//1210
f 2593//2593 1225//1225 2493//2493
f 2493//2493 1225//1225 1219//1219
f 1213//1213 1217//1217 2577//2577
f 1216//1216 2577//2577 1217//1217
f 2594//2594 2577//2577 1216//1216
f 1214//1214 1218//1218 1213//1213
f 1213//1213 1218//1218 1217//1217
f 2576//2576 2586//2586 2578//2578
f 2575//2575 1212//1212 2569//2569
f 1223//1223 2575//2575 2569//2569
f 1219//1219 1225//1225 1224//1224
f 1217//1217 1220//1220 1216//1216
f 1216//1216 1220//1220 2594//2594
f 1217//1217 1218//1218 1220//1220
f 2578//2578 2586//2586 2579//2579
f 2586//2586 1221//1221 2579//2579
f 2581//2581 1222//1222 2580//2580
f 1229//1229 1220//1220 2584//2584
f 2589//2589 2596//2596 2585//2585
f 1228//1228 2589//2589 2585//2585
f 1228//1228 2585//2585 1385//1385
f 2665//2665 2585//2585 2582//2582
f 2666//2666 2583//2583 2587//2587
f 1385//1385 2585//2585 2665//2665
f 2601//2601 2588//2588 1226//1226
f 1228//1228 2600//2600 2592//2592
f 2590//2590 1226//1226 2588//2588
f 2589//2589 1228//1228 2592//2592
f 1220//1220 1229//1229 2594//2594
f 2591//2591 2595//2595 2597//2597
f 1477//1477 1047//1047 2437//2437
f 1488//1488 1477//1477 1230//1230
f 1412//1412 1228//1228 1385//1385
f 1259//1259 1228//1228 1412//1412
f 1228//1228 1259//1259 1260//1260
f 1230//1230 1477//1477 1046//1046
f 2598//2598 1273//1273 1391//1391
f 1232//1232 1233//1233 1279//1279
f 1279//1279 1280//1280 1232//1232
f 1396//1396 1279//1279 1233//1233
f 1232//1232 1280//1280 1077//1077
f 1233//1233 1234//1234 1235//1235
f 1233//1233 1232//1232 1234//1234
f 1077//1077 1234//1234 1232//1232
f 1234//1234 1367//1367 1235//1235
f 1233//1233 1235//1235 1396//1396
f 1368//1368 1235//1235 1367//1367
f 1077//1077 1236//1236 1237//1237
f 1077//1077 1237//1237 1234//1234
f 1234//1234 1371//1371 1367//1367
f 2670//2670 1234//1234 1237//1237
f 1236//1236 1082//1082 1238//1238
f 1238//1238 1237//1237 1236//1236
f 1240//1240 2670//2670 1237//1237
f 1087//1087 1085//1085 1239//1239
f 1239//1239 1083//1083 1087//1087
f 1400//1400 1238//1238 1082//1082
f 1400//1400 1082//1082 1083//1083
f 1400//1400 1083//1083 1239//1239
f 1238//1238 1400//1400 1240//1240
f 1237//1237 1238//1238 1240//1240
f 2518//2518 1281//1281 1241//1241
f 1399//1399 1240//1240 1400//1400
f 1241//1241 1281//1281 1282//1282
f 1241//1241 1243//1243 1242//1242
f 1242//1242 1243//1243 1244//1244
f 1239//1239 1241//1241 1242//1242
f 1245//1245 1243//1243 1402//1402
f 1243//1243 1248//1248 2680//2680
f 1239//1239 1242//1242 1246//1246
f 1242//1242 1244//1244 1246//1246
f 1244//1244 1243//1243 1246//1246
f 1243//1243 1245//1245 1246//1246
f 1245//1245 1402//1402 1246//1246
f 2602//2602 1400//1400 1239//1239
f 1282//1282 1100//1100 1283//1283
f 1248//1248 1241//1241 1247//1247
f 1247//1247 1241//1241 1282//1282
f 1248//1248 1243//1243 1241//1241
f 1282//1282 1283//1283 1249//1249
f 1285//1285 1249//1249 1283//1283
f 1249//1249 1285//1285 1250//1250
f 1250//1250 2626//2626 1284//1284
f 1247//1247 1282//1282 1251//1251
f 1282//1282 1249//1249 1251//1251
f 1383//1383 1248//1248 1252//1252
f 1248//1248 1247//1247 1252//1252
f 1284//1284 1287//1287 1254//1254
f 1249//1249 1250//1250 1253//1253
f 1253//1253 1250//1250 1284//1284
f 1249//1249 1253//1253 1262//1262
f 1262//1262 1253//1253 1284//1284
f 2606//2606 2615//2615 2625//2625
f 2605//2605 2603//2603 1255//1255
f 1249//1249 1262//1262 1261//1261
f 1251//1251 2607//2607 1408//1408
f 1288//1288 2620//2620 1256//1256
f 1291//1291 1290//1290 1266//1266
f 1290//1290 1256//1256 1266//1266
f 2621//2621 1257//1257 1258//1258
f 1254//1254 1287//1287 2610//2610
f 1266//1266 2611//2611 1291//1291
f 1258//1258 1257//1257 2614//2614
f 1260//1260 1264//1264 2612//2612
f 2608//2608 1263//1263 1410//1410
f 2604//2604 1263//1263 2608//2608
f 1260//1260 1259//1259 1263//1263
f 1249//1249 1261//1261 2616//2616
f 2617//2617 2616//2616 1261//1261
f 1264//1264 1260//1260 1263//1263
f 1261//1261 1262//1262 2617//2617
f 2613//2613 2615//2615 2606//2606
f 2618//2618 2615//2615 2613//2613
f 2607//2607 2683//2683 1408//1408
f 1411//1411 1263//1263 1259//1259
f 1411//1411 1410//1410 1263//1263
f 2609//2609 1070//1070 1260//1260
f 2619//2619 1070//1070 2609//2609
f 1256//1256 2620//2620 2621//2621
f 2620//2620 1257//1257 2621//2621
f 1268//1268 1074//1074 1136//1136
f 1274//1274 1268//1268 1269//1269
f 1268//1268 1267//1267 1269//1269
f 1273//1273 1074//1074 1268//1268
f 2622//2622 1273//1273 1268//1268
f 1267//1267 1293//1293 1270//1270
f 1267//1267 1270//1270 1269//1269
f 1271//1271 1270//1270 1293//1293
f 1271//1271 1293//1293 1415//1415
f 1269//1269 1270//1270 1274//1274
f 1274//1274 1270//1270 1272//1272
f 1272//1272 1270//1270 1276//1276
f 1270//1270 1271//1271 1276//1276
f 1415//1415 1276//1276 1271//1271
f 1276//1276 1274//1274 1272//1272
f 2622//2622 1275//1275 1273//1273
f 1275//1275 2622//2622 1276//1276
f 1296//1296 1299//1299 1277//1277
f 1299//1299 1300//1300 1277//1277
f 1613//1613 1296//1296 1277//1277
f 1277//1277 1300//1300 1417//1417
f 1277//1277 1417//1417 1613//1613
f 1280//1280 1279//1279 1278//1278
f 1278//1278 1279//1279 1150//1150
f 1280//1280 2516//2516 1077//1077
f 1281//1281 2518//2518 1089//1089
f 2624//2624 2623//2623 1094//1094
f 2626//2626 1283//1283 1284//1284
f 1287//1287 1103//1103 1286//1286
f 1286//1286 2629//2629 1287//1287
f 1103//1103 1256//1256 1286//1286
f 1121//1121 1289//1289 1265//1265
f 1291//1291 1286//1286 1290//1290
f 1286//1286 1256//1256 1290//1290
f 2629//2629 2610//2610 1287//1287
f 1129//1129 1070//1070 2619//2619
f 1292//1292 1293//1293 966//966
f 1293//1293 1292//1292 1415//1415
f 1613//1613 1612//1612 881//881
f 1137//1137 1296//1296 1613//1613
f 1294//1294 2631//2631 2457//2457
f 1140//1140 2630//2630 968//968
f 1294//1294 1297//1297 2631//2631
f 2632//2632 2630//2630 1295//1295
f 1309//1309 2630//2630 1140//1140
f 1295//1295 2630//2630 1309//1309
f 1296//1296 2633//2633 1299//1299
f 1141//1141 1143//1143 1310//1310
f 1302//1302 1309//1309 1298//1298
f 1295//1295 1309//1309 1302//1302
f 1302//1302 1298//1298 1419//1419
f 2635//2635 1143//1143 1304//1304
f 2636//2636 2634//2634 1301//1301
f 2636//2636 1301//1301 2637//2637
f 2632//2632 1295//1295 2639//2639
f 2639//2639 1295//1295 1302//1302
f 2638//2638 2639//2639 1303//1303
f 1303//1303 2639//2639 1302//1302
f 1303//1303 1302//1302 1419//1419
f 2638//2638 1303//1303 1420//1420
f 1420//1420 1303//1303 1419//1419
f 1304//1304 1419//1419 2635//2635
f 1143//1143 1534//1534 1304//1304
f 1167//1167 1305//1305 1144//1144
f 1534//1534 1142//1142 1144//1144
f 1144//1144 1305//1305 1534//1534
f 1304//1304 1534//1534 1423//1423
f 1305//1305 1168//1168 1169//1169
f 1305//1305 1169//1169 1424//1424
f 1428//1428 1306//1306 1430//1430
f 1306//1306 1316//1316 1430//1430
f 1179//1179 1307//1307 1316//1316
f 1432//1432 1316//1316 1307//1307
f 1432//1432 1307//1307 1529//1529
f 1307//1307 1308//1308 1279//1279
f 1307//1307 1279//1279 1529//1529
f 2487//2487 1310//1310 2640//2640
f 2642//2642 2635//2635 2641//2641
f 2635//2635 2642//2642 1143//1143
f 1315//1315 1177//1177 1314//1314
f 1312//1312 1314//1314 1175//1175
f 1314//1314 1312//1312 1306//1306
f 1314//1314 1306//1306 1315//1315
f 1306//1306 1312//1312 1313//1313
f 1315//1315 1306//1306 1428//1428
f 1174//1174 1316//1316 2643//2643
f 1316//1316 1306//1306 1313//1313
f 1435//1435 1187//1187 1328//1328
f 1187//1187 1435//1435 1317//1317
f 1317//1317 1435//1435 1437//1437
f 1317//1317 1318//1318 1329//1329
f 1318//1318 1330//1330 1329//1329
f 1318//1318 1317//1317 1437//1437
f 1318//1318 1437//1437 1332//1332
f 1319//1319 1320//1320 1181//1181
f 1181//1181 1320//1320 1327//1327
f 1319//1319 1321//1321 1320//1320
f 1321//1321 1322//1322 1320//1320
f 1320//1320 1322//1322 1327//1327
f 1323//1323 1324//1324 1321//1321
f 1321//1321 1324//1324 1322//1322
f 1324//1324 1325//1325 1322//1322
f 1322//1322 1325//1325 1327//1327
f 1321//1321 1326//1326 1323//1323
f 1323//1323 1326//1326 1324//1324
f 1324//1324 1326//1326 1325//1325
f 1339//1339 1341//1341 1326//1326
f 1341//1341 1325//1325 1326//1326
f 1341//1341 1440//1440 1325//1325
f 1325//1325 1440//1440 1327//1327
f 1328//1328 1183//1183 1181//1181
f 1327//1327 1441//1441 1181//1181
f 1181//1181 1441//1441 1328//1328
f 1183//1183 1328//1328 1187//1187
f 1328//1328 1441//1441 1435//1435
f 1332//1332 1331//1331 1330//1330
f 1332//1332 1330//1330 1318//1318
f 1334//1334 1332//1332 1438//1438
f 1331//1331 1332//1332 1333//1333
f 1332//1332 1334//1334 1333//1333
f 1333//1333 1335//1335 1191//1191
f 1333//1333 1334//1334 1335//1335
f 1439//1439 1334//1334 1438//1438
f 1439//1439 1444//1444 1334//1334
f 1032//1032 1191//1191 1335//1335
f 1335//1335 1446//1446 1447//1447
f 1334//1334 1446//1446 1335//1335
f 1447//1447 1336//1336 1335//1335
f 1447//1447 1448//1448 1336//1336
f 1337//1337 1452//1452 1338//1338
f 1452//1452 1341//1341 1338//1338
f 1452//1452 1633//1633 1341//1341
f 1337//1337 1338//1338 1193//1193
f 1193//1193 1338//1338 1340//1340
f 1338//1338 1339//1339 1340//1340
f 1338//1338 1341//1341 1339//1339
f 1340//1340 1321//1321 1319//1319
f 1321//1321 1340//1340 1326//1326
f 1339//1339 1326//1326 1340//1340
f 1033//1033 1336//1336 1342//1342
f 1336//1336 1448//1448 1342//1342
f 1038//1038 1343//1343 1345//1345
f 1033//1033 1342//1342 1038//1038
f 1342//1342 1343//1343 1038//1038
f 1449//1449 1343//1343 1342//1342
f 1041//1041 1346//1346 1344//1344
f 1344//1344 1452//1452 1337//1337
f 1449//1449 1345//1345 1343//1343
f 1345//1345 1449//1449 1455//1455
f 1455//1455 1457//1457 1345//1345
f 1349//1349 1348//1348 1198//1198
f 2565//2565 2645//2645 1203//1203
f 1345//1345 1347//1347 1198//1198
f 1198//1198 1347//1347 1349//1349
f 1353//1353 1349//1349 1347//1347
f 1345//1345 1350//1350 1347//1347
f 1203//1203 1351//1351 2662//2662
f 2647//2647 1348//1348 1349//1349
f 1203//1203 2645//2645 1351//1351
f 1352//1352 1353//1353 1347//1347
f 1347//1347 1350//1350 1352//1352
f 2646//2646 1474//1474 2649//2649
f 1470//1470 2705//2705 1350//1350
f 1353//1353 2647//2647 1349//1349
f 1352//1352 1356//1356 1353//1353
f 1474//1474 1358//1358 2649//2649
f 2649//2649 1358//1358 2654//2654
f 2648//2648 1354//1354 2663//2663
f 1353//1353 1357//1357 2650//2650
f 1353//1353 2650//2650 2647//2647
f 2655//2655 1355//1355 2651//2651
f 1357//1357 1353//1353 1356//1356
f 1358//1358 2656//2656 2654//2654
f 2657//2657 2659//2659 1476//1476
f 2652//2652 2658//2658 1476//1476
f 1476//1476 1508//1508 2652//2652
f 2665//2665 2664//2664 2652//2652
f 1354//1354 2653//2653 2663//2663
f 1385//1385 2665//2665 2652//2652
f 2598//2598 1391//1391 1362//1362
f 2713//2713 2598//2598 1362//1362
f 1362//1362 1391//1391 1361//1361
f 2667//2667 1391//1391 1392//1392
f 1490//1490 2667//2667 1392//1392
f 1489//1489 2713//2713 1362//1362
f 1362//1362 1361//1361 1489//1489
f 1361//1361 2714//2714 1489//1489
f 1397//1397 1363//1363 1364//1364
f 2668//2668 1398//1398 2679//2679
f 1397//1397 1368//1368 1363//1363
f 1398//1398 2669//2669 1365//1365
f 1365//1365 2669//2669 1366//1366
f 2669//2669 1370//1370 1366//1366
f 1365//1365 1480//1480 1398//1398
f 1364//1364 1363//1363 1368//1368
f 1366//1366 1370//1370 1495//1495
f 1366//1366 1495//1495 1365//1365
f 1480//1480 1365//1365 1495//1495
f 1373//1373 1368//1368 1367//1367
f 1370//1370 1369//1369 1497//1497
f 1369//1369 1372//1372 1497//1497
f 1370//1370 1364//1364 1369//1369
f 1372//1372 1369//1369 1368//1368
f 1364//1364 1368//1368 1369//1369
f 1370//1370 1497//1497 1495//1495
f 1371//1371 1373//1373 1367//1367
f 1372//1372 1368//1368 1373//1373
f 1373//1373 1371//1371 1374//1374
f 1372//1372 1373//1373 1498//1498
f 1497//1497 1372//1372 1499//1499
f 1502//1502 2670//2670 1240//1240
f 1379//1379 2670//2670 1502//1502
f 1374//1374 1371//1371 1376//1376
f 1371//1371 2673//2673 1376//1376
f 1373//1373 1374//1374 1375//1375
f 1374//1374 1376//1376 1375//1375
f 1375//1375 1378//1378 1377//1377
f 1375//1375 1376//1376 1378//1378
f 1378//1378 1376//1376 1500//1500
f 1376//1376 2673//2673 1500//1500
f 2671//2671 1498//1498 1373//1373
f 1375//1375 1377//1377 1373//1373
f 2671//2671 2672//2672 1498//1498
f 1240//1240 1401//1401 1502//1502
f 1379//1379 1502//1502 1503//1503
f 1400//1400 1380//1380 1401//1401
f 1382//1382 1400//1400 1381//1381
f 1380//1380 1400//1400 1382//1382
f 1380//1380 1502//1502 1401//1401
f 1502//1502 1380//1380 1505//1505
f 1389//1389 1381//1381 1403//1403
f 1248//1248 2674//2674 1386//1386
f 1386//1386 1389//1389 1248//1248
f 1389//1389 1510//1510 1381//1381
f 1504//1504 1380//1380 1382//1382
f 1381//1381 2717//2717 1382//1382
f 2725//2725 2717//2717 1381//1381
f 1380//1380 1504//1504 1507//1507
f 1380//1380 2720//2720 1505//1505
f 2674//2674 1384//1384 1387//1387
f 1386//1386 2674//2674 1387//1387
f 1384//1384 1385//1385 1387//1387
f 1385//1385 1384//1384 1390//1390
f 1383//1383 1406//1406 2675//2675
f 2675//2675 1406//1406 1407//1407
f 2682//2682 1390//1390 1384//1384
f 1388//1388 1387//1387 1385//1385
f 1389//1389 1386//1386 2676//2676
f 1387//1387 2676//2676 1386//1386
f 2652//2652 2677//2677 1385//1385
f 2677//2677 1388//1388 1385//1385
f 1390//1390 1412//1412 1385//1385
f 2682//2682 1412//1412 1390//1390
f 1392//1392 1391//1391 1393//1393
f 1393//1393 1391//1391 1273//1273
f 1393//1393 1273//1273 1394//1394
f 1395//1395 1396//1396 1398//1398
f 1480//1480 1494//1494 1398//1398
f 1398//1398 1494//1494 1395//1395
f 1396//1396 1235//1235 1368//1368
f 1398//1398 1396//1396 2679//2679
f 2679//2679 1396//1396 1368//1368
f 1240//1240 1399//1399 1401//1401
f 1399//1399 1400//1400 1401//1401
f 1381//1381 1400//1400 2602//2602
f 1403//1403 1381//1381 1248//1248
f 1381//1381 2680//2680 1248//1248
f 2680//2680 1381//1381 2602//2602
f 1383//1383 1252//1252 1404//1404
f 1404//1404 1252//1252 1247//1247
f 1248//1248 1389//1389 1403//1403
f 2681//2681 1251//1251 1405//1405
f 1251//1251 1408//1408 1413//1413
f 1405//1405 1251//1251 1413//1413
f 2681//2681 1247//1247 1251//1251
f 2682//2682 2681//2681 1405//1405
f 2684//2684 2682//2682 1405//1405
f 1406//1406 1383//1383 1404//1404
f 1407//1407 1406//1406 1404//1404
f 1412//1412 1409//1409 1411//1411
f 1259//1259 1412//1412 1411//1411
f 1409//1409 1412//1412 2684//2684
f 1409//1409 2684//2684 1410//1410
f 2683//2683 1413//1413 1408//1408
f 1409//1409 1410//1410 1411//1411
f 2682//2682 2684//2684 1412//1412
f 1415//1415 1275//1275 1276//1276
f 1275//1275 2685//2685 1414//1414
f 1394//1394 1273//1273 1275//1275
f 1394//1394 1275//1275 1414//1414
f 1416//1416 1414//1414 2685//2685
f 1416//1416 1394//1394 1414//1414
f 1514//1514 1292//1292 1612//1612
f 2638//2638 1420//1420 1417//1417
f 1420//1420 1418//1418 1417//1417
f 2686//2686 1420//1420 1421//1421
f 1417//1417 1418//1418 1515//1515
f 1528//1528 1529//1529 1279//1279
f 1528//1528 1279//1279 1395//1395
f 1395//1395 1279//1279 1396//1396
f 1421//1421 1419//1419 1422//1422
f 1304//1304 1422//1422 1419//1419
f 1419//1419 1421//1421 1420//1420
f 1304//1304 1423//1423 1422//1422
f 1531//1531 1421//1421 1422//1422
f 1424//1424 1169//1169 2687//2687
f 1425//1425 1311//1311 1426//1426
f 1426//1426 1311//1311 1427//1427
f 1545//1545 1434//1434 1315//1315
f 1539//1539 1434//1434 1545//1545
f 1430//1430 1545//1545 1428//1428
f 1316//1316 1429//1429 1430//1430
f 1430//1430 1429//1429 1431//1431
f 1430//1430 1431//1431 1547//1547
f 1545//1545 1430//1430 1547//1547
f 1316//1316 1432//1432 1429//1429
f 1429//1429 1432//1432 1431//1431
f 1433//1433 1431//1431 1432//1432
f 1433//1433 1548//1548 1431//1431
f 1433//1433 1432//1432 1522//1522
f 1529//1529 1522//1522 1432//1432
f 1177//1177 1315//1315 1434//1434
f 1014//1014 1177//1177 1434//1434
f 1311//1311 1014//1014 1434//1434
f 1427//1427 1311//1311 1434//1434
f 1315//1315 1428//1428 1545//1545
f 1435//1435 1436//1436 1437//1437
f 1551//1551 1436//1436 1435//1435
f 1438//1438 1332//1332 1437//1437
f 1552//1552 1437//1437 1436//1436
f 1437//1437 1552//1552 1438//1438
f 1552//1552 1439//1439 1438//1438
f 1440//1440 1441//1441 1327//1327
f 1441//1441 1442//1442 1435//1435
f 1442//1442 1441//1441 1551//1551
f 1442//1442 1551//1551 1435//1435
f 1443//1443 1444//1444 1439//1439
f 1553//1553 1444//1444 1443//1443
f 1439//1439 1553//1553 1443//1443
f 1446//1446 1334//1334 1444//1444
f 1445//1445 1444//1444 1553//1553
f 1445//1445 1446//1446 1444//1444
f 1553//1553 1554//1554 1445//1445
f 1446//1446 1554//1554 1447//1447
f 1554//1554 1446//1446 1445//1445
f 1556//1556 1447//1447 1554//1554
f 1556//1556 1448//1448 1447//1447
f 1448//1448 1451//1451 1342//1342
f 1449//1449 1342//1342 1451//1451
f 1454//1454 1451//1451 1448//1448
f 1556//1556 1559//1559 1448//1448
f 1448//1448 1450//1450 1454//1454
f 1456//1456 1454//1454 1450//1450
f 1559//1559 1450//1450 1448//1448
f 1450//1450 1559//1559 1560//1560
f 1449//1449 1451//1451 1453//1453
f 1450//1450 2745//2745 1456//1456
f 2745//2745 1561//1561 1563//1563
f 1452//1452 1344//1344 1346//1346
f 1452//1452 1473//1473 1633//1633
f 2688//2688 1449//1449 1453//1453
f 1451//1451 2689//2689 1453//1453
f 2689//2689 1451//1451 1454//1454
f 1456//1456 2745//2745 1563//1563
f 2688//2688 1458//1458 2690//2690
f 2688//2688 2689//2689 1458//1458
f 2689//2689 2688//2688 1453//1453
f 1563//1563 1460//1460 1456//1456
f 2690//2690 1458//1458 1459//1459
f 1461//1461 2690//2690 1459//1459
f 2689//2689 1459//1459 1458//1458
f 2689//2689 1460//1460 1459//1459
f 1459//1459 1460//1460 1461//1461
f 1563//1563 1462//1462 1460//1460
f 1464//1464 2692//2692 1563//1563
f 1461//1461 1471//1471 2690//2690
f 1462//1462 1463//1463 1460//1460
f 1464//1464 2693//2693 2692//2692
f 1466//1466 2693//2693 1464//1464
f 2695//2695 2694//2694 1465//1465
f 1457//1457 1467//1467 1345//1345
f 1460//1460 1468//1468 1461//1461
f 1461//1461 1468//1468 2701//2701
f 1460//1460 1463//1463 1468//1468
f 2693//2693 1469//1469 1468//1468
f 1469//1469 2701//2701 1468//1468
f 2693//2693 1466//1466 1469//1469
f 2699//2699 2695//2695 1592//1592
f 1592//1592 2695//2695 1465//1465
f 2691//2691 2702//2702 2696//2696
f 2697//2697 2700//2700 2644//2644
f 2698//2698 2703//2703 1470//1470
f 1473//1473 1346//1346 1472//1472
f 1346//1346 1473//1473 1452//1452
f 1350//1350 1345//1345 1470//1470
f 2699//2699 1592//1592 1595//1595
f 1486//1486 1476//1476 2704//2704
f 2699//2699 1595//1595 2704//2704
f 1470//1470 1475//1475 2705//2705
f 2707//2707 2660//2660 2706//2706
f 2708//2708 1476//1476 2659//2659
f 1470//1470 2703//2703 1475//1475
f 2704//2704 1476//1476 2708//2708
f 1508//1508 1476//1476 1486//1486
f 1480//1480 1479//1479 1478//1478
f 1484//1484 1496//1496 1482//1482
f 1480//1480 1496//1496 1484//1484
f 1479//1479 1587//1587 2709//2709
f 1480//1480 1587//1587 1479//1479
f 1497//1497 1481//1481 1495//1495
f 1481//1481 1482//1482 1495//1495
f 1482//1482 1591//1591 1483//1483
f 1484//1484 1482//1482 1483//1483
f 1589//1589 1484//1484 1483//1483
f 1591//1591 1482//1482 1481//1481
f 1483//1483 1591//1591 1589//1589
f 1591//1591 1481//1481 1593//1593
f 1593//1593 1481//1481 1485//1485
f 1501//1501 1487//1487 1595//1595
f 1486//1486 2704//2704 2712//2712
f 1489//1489 2714//2714 1492//1492
f 2715//2715 1490//1490 1493//1493
f 1490//1490 1491//1491 1493//1493
f 1489//1489 1492//1492 1596//1596
f 1489//1489 1572//1572 2713//2713
f 1596//1596 1572//1572 1489//1489
f 1573//1573 1492//1492 1597//1597
f 2768//2768 2715//2715 1493//1493
f 1604//1604 1493//1493 1491//1491
f 1492//1492 1573//1573 1596//1596
f 1493//1493 1604//1604 2768//2768
f 1601//1601 1494//1494 1600//1600
f 1480//1480 1478//1478 1494//1494
f 1480//1480 1495//1495 1496//1496
f 1482//1482 1496//1496 1495//1495
f 1497//1497 1499//1499 1485//1485
f 1481//1481 1497//1497 1485//1485
f 1499//1499 1372//1372 1498//1498
f 1500//1500 1498//1498 2672//2672
f 1500//1500 2673//2673 1501//1501
f 1500//1500 1501//1501 1498//1498
f 2673//2673 1503//1503 1501//1501
f 1499//1499 1498//1498 2716//2716
f 1505//1505 1506//1506 1502//1502
f 1486//1486 1506//1506 1508//1508
f 1503//1503 1502//1502 1506//1506
f 1503//1503 1487//1487 1501//1501
f 1486//1486 1487//1487 1503//1503
f 1506//1506 1486//1486 1503//1503
f 1509//1509 2652//2652 1508//1508
f 2721//2721 2718//2718 2722//2722
f 2717//2717 2725//2725 2723//2723
f 2724//2724 2723//2723 2725//2725
f 2722//2722 2719//2719 2721//2721
f 2720//2720 1506//1506 1505//1505
f 2652//2652 1509//1509 1511//1511
f 2652//2652 1511//1511 2677//2677
f 2726//2726 2724//2724 2725//2725
f 2727//2727 1510//1510 1389//1389
f 1491//1491 1490//1490 1392//1392
f 1491//1491 1392//1392 1393//1393
f 1393//1393 1394//1394 1491//1491
f 1491//1491 1394//1394 1604//1604
f 1394//1394 1605//1605 1604//1604
f 1605//1605 1394//1394 1606//1606
f 1609//1609 1512//1512 1601//1601
f 1601//1601 1512//1512 1395//1395
f 1494//1494 1601//1601 1395//1395
f 1292//1292 1416//1416 1415//1415
f 1416//1416 1292//1292 1513//1513
f 1606//1606 1416//1416 1513//1513
f 1606//1606 1513//1513 1514//1514
f 1513//1513 1292//1292 1514//1514
f 1416//1416 1606//1606 1394//1394
f 1611//1611 1514//1514 1612//1612
f 1613//1613 1417//1417 1515//1515
f 1613//1613 1515//1515 1708//1708
f 1515//1515 1418//1418 1517//1517
f 2686//2686 1532//1532 2728//2728
f 1532//1532 2686//2686 1421//1421
f 1515//1515 1517//1517 1516//1516
f 1708//1708 1515//1515 1516//1516
f 2728//2728 1532//1532 1533//1533
f 2728//2728 1533//1533 1616//1616
f 1615//1615 1516//1516 1517//1517
f 1520//1520 1518//1518 1546//1546
f 1520//1520 1549//1549 1519//1519
f 1520//1520 1519//1519 1524//1524
f 1524//1524 1518//1518 1520//1520
f 1433//1433 1522//1522 1523//1523
f 1433//1433 1523//1523 1521//1521
f 1519//1519 1548//1548 1521//1521
f 1433//1433 1521//1521 1548//1548
f 1524//1524 1519//1519 1521//1521
f 1524//1524 1521//1521 1526//1526
f 2730//2730 2729//2729 1525//1525
f 1523//1523 1525//1525 2729//2729
f 1524//1524 1526//1526 1512//1512
f 1523//1523 1522//1522 1529//1529
f 1527//1527 2730//2730 1525//1525
f 2732//2732 1512//1512 2731//2731
f 1524//1524 1512//1512 1609//1609
f 1512//1512 2732//2732 1395//1395
f 1527//1527 2733//2733 2678//2678
f 1527//1527 1525//1525 1530//1530
f 2733//2733 1527//1527 1530//1530
f 1525//1525 1523//1523 2734//2734
f 1529//1529 2734//2734 1523//1523
f 1528//1528 2734//2734 1529//1529
f 1421//1421 1531//1531 1532//1532
f 1422//1422 1423//1423 1531//1531
f 1531//1531 1423//1423 1535//1535
f 1534//1534 1535//1535 1423//1423
f 1532//1532 1531//1531 1533//1533
f 1533//1533 1531//1531 1535//1535
f 1535//1535 1623//1623 1533//1533
f 1535//1535 1534//1534 1536//1536
f 1623//1623 1535//1535 1536//1536
f 1534//1534 1305//1305 1536//1536
f 1305//1305 1424//1424 1536//1536
f 1424//1424 1739//1739 1536//1536
f 1425//1425 1426//1426 1537//1537
f 2687//2687 1537//1537 1625//1625
f 1424//1424 2687//2687 1739//1739
f 2687//2687 1625//1625 1739//1739
f 1539//1539 1427//1427 1434//1434
f 1538//1538 1427//1427 1539//1539
f 1537//1537 1426//1426 1540//1540
f 2735//2735 1426//1426 1538//1538
f 1427//1427 1538//1538 1426//1426
f 1537//1537 1540//1540 1625//1625
f 1626//1626 1625//1625 1540//1540
f 1539//1539 1545//1545 1541//1541
f 1539//1539 1541//1541 1543//1543
f 1539//1539 1543//1543 1538//1538
f 1544//1544 2735//2735 1538//1538
f 1544//1544 1538//1538 1543//1543
f 1542//1542 2736//2736 1546//1546
f 1541//1541 1545//1545 2739//2739
f 1541//1541 1542//1542 1543//1543
f 1543//1543 1542//1542 2737//2737
f 1547//1547 2739//2739 1545//1545
f 1518//1518 1542//1542 1546//1546
f 1542//1542 1518//1518 2737//2737
f 1518//1518 1619//1619 2738//2738
f 1547//1547 1431//1431 1548//1548
f 2742//2742 2740//2740 1547//1547
f 1520//1520 2741//2741 1549//1549
f 1548//1548 1519//1519 2742//2742
f 1548//1548 2742//2742 1547//1547
f 1440//1440 1634//1634 1550//1550
f 1440//1440 1551//1551 1441//1441
f 1551//1551 1440//1440 1550//1550
f 1550//1550 1627//1627 1551//1551
f 1551//1551 1628//1628 1630//1630
f 1551//1551 1630//1630 1436//1436
f 1436//1436 1630//1630 1552//1552
f 1439//1439 1552//1552 1631//1631
f 1439//1439 1631//1631 1553//1553
f 1553//1553 1631//1631 1554//1554
f 1554//1554 1631//1631 1632//1632
f 1632//1632 1555//1555 1554//1554
f 1641//1641 1555//1555 1632//1632
f 1341//1341 1633//1633 1440//1440
f 1554//1554 1555//1555 1556//1556
f 1555//1555 1557//1557 1556//1556
f 1641//1641 1557//1557 1555//1555
f 1557//1557 1559//1559 1556//1556
f 1557//1557 1558//1558 2744//2744
f 1562//1562 2744//2744 1558//1558
f 1559//1559 2746//2746 1560//1560
f 2744//2744 1562//1562 2747//2747
f 1564//1564 1563//1563 1561//1561
f 2748//2748 2747//2747 1562//1562
f 1633//1633 1473//1473 1755//1755
f 1642//1642 1663//1663 1646//1646
f 2743//2743 1646//1646 1663//1663
f 1562//1562 2743//2743 1571//1571
f 2748//2748 1562//1562 1571//1571
f 1464//1464 1563//1563 1564//1564
f 2748//2748 1571//1571 2694//2694
f 1565//1565 1473//1473 1472//1472
f 1565//1565 1472//1472 1477//1477
f 1565//1565 1477//1477 1669//1669
f 1667//1667 1566//1566 1666//1666
f 1566//1566 1585//1585 1666//1666
f 2763//2763 1569//1569 1568//1568
f 2743//2743 1663//1663 1567//1567
f 2763//2763 1568//1568 2749//2749
f 2750//2750 1666//1666 1585//1585
f 1569//1569 2749//2749 1568//1568
f 2743//2743 1567//1567 2751//2751
f 1590//1590 1570//1570 2752//2752
f 2743//2743 2751//2751 1571//1571
f 2752//2752 1569//1569 1590//1590
f 2752//2752 1570//1570 1591//1591
f 2694//2694 1571//1571 2767//2767
f 1592//1592 1465//1465 2694//2694
f 2767//2767 1592//1592 2694//2694
f 1573//1573 1668//1668 1572//1572
f 1477//1477 1488//1488 2753//2753
f 1670//1670 1573//1573 1597//1597
f 1668//1668 1573//1573 1670//1670
f 1574//1574 1575//1575 1576//1576
f 1575//1575 1574//1574 1599//1599
f 2754//2754 2755//2755 1677//1677
f 1602//1602 1577//1577 1578//1578
f 1575//1575 1599//1599 2758//2758
f 2770//2770 1579//1579 2756//2756
f 1584//1584 1575//1575 2758//2758
f 1582//1582 1579//1579 1603//1603
f 1580//1580 2757//2757 2760//2760
f 1578//1578 1577//1577 2761//2761
f 1580//1580 1584//1584 2759//2759
f 1575//1575 1583//1583 2763//2763
f 1575//1575 1584//1584 1583//1583
f 2710//2710 1579//1579 1582//1582
f 2760//2760 2711//2711 1581//1581
f 1478//1478 1582//1582 1494//1494
f 2760//2760 1584//1584 1580//1580
f 1581//1581 1584//1584 2760//2760
f 1588//1588 1584//1584 1581//1581
f 2763//2763 1583//1583 1584//1584
f 1576//1576 1575//1575 1566//1566
f 1585//1585 1566//1566 1575//1575
f 1581//1581 2711//2711 1586//1586
f 2764//2764 1590//1590 2762//2762
f 2763//2763 1584//1584 1569//1569
f 1569//1569 1584//1584 1588//1588
f 2764//2764 1587//1587 1590//1590
f 2765//2765 2709//2709 1587//1587
f 1484//1484 1587//1587 1480//1480
f 1590//1590 1587//1587 1570//1570
f 2762//2762 1590//1590 2766//2766
f 1590//1590 1569//1569 1588//1588
f 1589//1589 1587//1587 1484//1484
f 1570//1570 1587//1587 1591//1591
f 1587//1587 1589//1589 1591//1591
f 2752//2752 1591//1591 1593//1593
f 1485//1485 1499//1499 1594//1594
f 1499//1499 1501//1501 1594//1594
f 1592//1592 2767//2767 1594//1594
f 1595//1595 1592//1592 1594//1594
f 1594//1594 1593//1593 1485//1485
f 1594//1594 1501//1501 1595//1595
f 2712//2712 2704//2704 1595//1595
f 1596//1596 1573//1573 1572//1572
f 1680//1680 2768//2768 1604//1604
f 2772//2772 1610//1610 1705//1705
f 1688//1688 1574//1574 1687//1687
f 1610//1610 1599//1599 1705//1705
f 2769//2769 1610//1610 1598//1598
f 1574//1574 1688//1688 1599//1599
f 1601//1601 2769//2769 1598//1598
f 1601//1601 1598//1598 1609//1609
f 1601//1601 1602//1602 2769//2769
f 2771//2771 1577//1577 1602//1602
f 2771//2771 1602//1602 1601//1601
f 1578//1578 2769//2769 1602//1602
f 1494//1494 1603//1603 1600//1600
f 1603//1603 1579//1579 2770//2770
f 1494//1494 1582//1582 1603//1603
f 1605//1605 1607//1607 1604//1604
f 1607//1607 1605//1605 1606//1606
f 1607//1607 1606//1606 1690//1690
f 1604//1604 1607//1607 1691//1691
f 1690//1690 1689//1689 1607//1607
f 2772//2772 1608//1608 1620//1620
f 1608//1608 1706//1706 1620//1620
f 1608//1608 2772//2772 1705//1705
f 1598//1598 1610//1610 2772//2772
f 1606//1606 1514//1514 2773//2773
f 1614//1614 1612//1612 1613//1613
f 1612//1612 1614//1614 1611//1611
f 2773//2773 2774//2774 1690//1690
f 1690//1690 1606//1606 2773//2773
f 1613//1613 1708//1708 1707//1707
f 1697//1697 1614//1614 1613//1613
f 1615//1615 1517//1517 1617//1617
f 2728//2728 1616//1616 2776//2776
f 1516//1516 1615//1615 1708//1708
f 1617//1617 1708//1708 1615//1615
f 2776//2776 1616//1616 1618//1618
f 1708//1708 1617//1617 2777//2777
f 1616//1616 1624//1624 1720//1720
f 2777//2777 1710//1710 1708//1708
f 1710//1710 2777//2777 1709//1709
f 1618//1618 1616//1616 1720//1720
f 1626//1626 2738//2738 1619//1619
f 1619//1619 1746//1746 1626//1626
f 1732//1732 1746//1746 1619//1619
f 1518//1518 1622//1622 1619//1619
f 1622//1622 1732//1732 1619//1619
f 1622//1622 1518//1518 1524//1524
f 1621//1621 1733//1733 2778//2778
f 1736//1736 1621//1621 1620//1620
f 1620//1620 1621//1621 2772//2772
f 1733//1733 1621//1621 1736//1736
f 1609//1609 1622//1622 1524//1524
f 1621//1621 2778//2778 2772//2772
f 1533//1533 1623//1623 1616//1616
f 1623//1623 1624//1624 1616//1616
f 1536//1536 1624//1624 1623//1623
f 1737//1737 1624//1624 1536//1536
f 1737//1737 1720//1720 1624//1624
f 1738//1738 1536//1536 1739//1739
f 1625//1625 1626//1626 1746//1746
f 1625//1625 1746//1746 1743//1743
f 1540//1540 2738//2738 1626//1626
f 1627//1627 1628//1628 1551//1551
f 1638//1638 1628//1628 1637//1637
f 1628//1628 1638//1638 1639//1639
f 1629//1629 1628//1628 1639//1639
f 1630//1630 1628//1628 1629//1629
f 1631//1631 1552//1552 1630//1630
f 1631//1631 1630//1630 1752//1752
f 1754//1754 1631//1631 1752//1752
f 1632//1632 1631//1631 1754//1754
f 1754//1754 1641//1641 1632//1632
f 1440//1440 1633//1633 1634//1634
f 1635//1635 1634//1634 1633//1633
f 1635//1635 1633//1633 1748//1748
f 1636//1636 1627//1627 1550//1550
f 1627//1627 1636//1636 1628//1628
f 1550//1550 1634//1634 1636//1636
f 1635//1635 1637//1637 1634//1634
f 1634//1634 1637//1637 1636//1636
f 1748//1748 1637//1637 1635//1635
f 1636//1636 1637//1637 1628//1628
f 1637//1637 1748//1748 1750//1750
f 1637//1637 1639//1639 1638//1638
f 1637//1637 1750//1750 1639//1639
f 1629//1629 1639//1639 1630//1630
f 1630//1630 1639//1639 1640//1640
f 1640//1640 1751//1751 1630//1630
f 1639//1639 1750//1750 1640//1640
f 1750//1750 1751//1751 1640//1640
f 1757//1757 1648//1648 1754//1754
f 1754//1754 1643//1643 1641//1641
f 1557//1557 1641//1641 2779//2779
f 1644//1644 2779//2779 1641//1641
f 1647//1647 1642//1642 2780//2780
f 1665//1665 1642//1642 1647//1647
f 1641//1641 1643//1643 1644//1644
f 1643//1643 1645//1645 1644//1644
f 1647//1647 2780//2780 2781//2781
f 1643//1643 1754//1754 2783//2783
f 2783//2783 1645//1645 1643//1643
f 2781//2781 2784//2784 1647//1647
f 2779//2779 2782//2782 1557//1557
f 2782//2782 1558//1558 1557//1557
f 1648//1648 1764//1764 1662//1662
f 2784//2784 2792//2792 1649//1649
f 1647//1647 2784//2784 1649//1649
f 1649//1649 1665//1665 1647//1647
f 1649//1649 2792//2792 1665//1665
f 1642//1642 1665//1665 1663//1663
f 1651//1651 1565//1565 1669//1669
f 1650//1650 1473//1473 1565//1565
f 1755//1755 1473//1473 1650//1650
f 1565//1565 1651//1651 1650//1650
f 1676//1676 1654//1654 1652//1652
f 2785//2785 1762//1762 1675//1675
f 1654//1654 1676//1676 1653//1653
f 1655//1655 1654//1654 1660//1660
f 1652//1652 1654//1654 1655//1655
f 1657//1657 1663//1663 1658//1658
f 1657//1657 2789//2789 1663//1663
f 2785//2785 1655//1655 1762//1762
f 1762//1762 1655//1655 1660//1660
f 2830//2830 1657//1657 1656//1656
f 2787//2787 1656//1656 1657//1657
f 2789//2789 1657//1657 2830//2830
f 1653//1653 2790//2790 1654//1654
f 2786//2786 1678//1678 2791//2791
f 2788//2788 1659//1659 1656//1656
f 1656//1656 1659//1659 2833//2833
f 1763//1763 1656//1656 2833//2833
f 2791//2791 1678//1678 1679//1679
f 2788//2788 2794//2794 1661//1661
f 1661//1661 1663//1663 1665//1665
f 2788//2788 1661//1661 1659//1659
f 2793//2793 1661//1661 1665//1665
f 2833//2833 1659//1659 1661//1661
f 2793//2793 2833//2833 1661//1661
f 1663//1663 2789//2789 1664//1664
f 1663//1663 1664//1664 2796//2796
f 2791//2791 1679//1679 2795//2795
f 1679//1679 2797//2797 2795//2795
f 2750//2750 2798//2798 1666//1666
f 1663//1663 2796//2796 1567//1567
f 1477//1477 2753//2753 1669//1669
f 1572//1572 1668//1668 1669//1669
f 2799//2799 2768//2768 1680//1680
f 1686//1686 1671//1671 1789//1789
f 1671//1671 1686//1686 1672//1672
f 1672//1672 1762//1762 1671//1671
f 1686//1686 2809//2809 1672//1672
f 1672//1672 2809//2809 1673//1673
f 1762//1762 1672//1672 1673//1673
f 1674//1674 1673//1673 2809//2809
f 2804//2804 1673//1673 1674//1674
f 1762//1762 1673//1673 1675//1675
f 2809//2809 2754//2754 1674//1674
f 2754//2754 1677//1677 1674//1674
f 1675//1675 2802//2802 2785//2785
f 2805//2805 1675//1675 1673//1673
f 1678//1678 1675//1675 2805//2805
f 2803//2803 1678//1678 2786//2786
f 2803//2803 2801//2801 1678//1678
f 1678//1678 2805//2805 1679//1679
f 2755//2755 2806//2806 1677//1677
f 2755//2755 1566//1566 2806//2806
f 2806//2806 1566//1566 1667//1667
f 1680//1680 1604//1604 1681//1681
f 1681//1681 1691//1691 1682//1682
f 1683//1683 1684//1684 1803//1803
f 1685//1685 1807//1807 2807//2807
f 2851//2851 1828//1828 1683//1683
f 1683//1683 2808//2808 1684//1684
f 1685//1685 2807//2807 1686//1686
f 1686//1686 1789//1789 1685//1685
f 1683//1683 1688//1688 2808//2808
f 1688//1688 1683//1683 1828//1828
f 1688//1688 1687//1687 2808//2808
f 1688//1688 1705//1705 1599//1599
f 1681//1681 1604//1604 1691//1691
f 1607//1607 1692//1692 1691//1691
f 1607//1607 1689//1689 2810//2810
f 1693//1693 2810//2810 1689//1689
f 2812//2812 1689//1689 1690//1690
f 1690//1690 2774//2774 1694//1694
f 2815//2815 2775//2775 1695//1695
f 2811//2811 2813//2813 2816//2816
f 2815//2815 1695//1695 1692//1692
f 1694//1694 2814//2814 1690//1690
f 1691//1691 1692//1692 1696//1696
f 1682//1682 1691//1691 1696//1696
f 1692//1692 1695//1695 1698//1698
f 1695//1695 2817//2817 1699//1699
f 1699//1699 1698//1698 1695//1695
f 1699//1699 1809//1809 1698//1698
f 1696//1696 1698//1698 1791//1791
f 1791//1791 1698//1698 1809//1809
f 1698//1698 1696//1696 1692//1692
f 1809//1809 1699//1699 1810//1810
f 1701//1701 1810//1810 1699//1699
f 1702//1702 1701//1701 1699//1699
f 1699//1699 1700//1700 2818//2818
f 1699//1699 2817//2817 1700//1700
f 1703//1703 1697//1697 1717//1717
f 1735//1735 1705//1705 1704//1704
f 1735//1735 1620//1620 1706//1706
f 1705//1705 1735//1735 1706//1706
f 1608//1608 1705//1705 1706//1706
f 1828//1828 1705//1705 1688//1688
f 2817//2817 1695//1695 2775//2775
f 1707//1707 1697//1697 1613//1613
f 1707//1707 1708//1708 1697//1697
f 1708//1708 1710//1710 1713//1713
f 1708//1708 1713//1713 1717//1717
f 1717//1717 1697//1697 1708//1708
f 1709//1709 1711//1711 1710//1710
f 1712//1712 1721//1721 1714//1714
f 1709//1709 1712//1712 1711//1711
f 1721//1721 1712//1712 1709//1709
f 1715//1715 1713//1713 1710//1710
f 1710//1710 1711//1711 1715//1715
f 1715//1715 1711//1711 1712//1712
f 1714//1714 1716//1716 1712//1712
f 1713//1713 1715//1715 1718//1718
f 1713//1713 2821//2821 1717//1717
f 1718//1718 1715//1715 1716//1716
f 1718//1718 1716//1716 1719//1719
f 1716//1716 1714//1714 1719//1719
f 1712//1712 1716//1716 1715//1715
f 1717//1717 2821//2821 1719//1719
f 1717//1717 1719//1719 1703//1703
f 1709//1709 2777//2777 1722//1722
f 1720//1720 2828//2828 1725//1725
f 1709//1709 1722//1722 1721//1721
f 1720//1720 1725//1725 1618//1618
f 1815//1815 1703//1703 1714//1714
f 1815//1815 1714//1714 1721//1721
f 1719//1719 1714//1714 1703//1703
f 1722//1722 2777//2777 1723//1723
f 1724//1724 2822//2822 1725//1725
f 2823//2823 1722//1722 1723//1723
f 1618//1618 1725//1725 2822//2822
f 1725//1725 1740//1740 1727//1727
f 1725//1725 2828//2828 1740//1740
f 1721//1721 1722//1722 1726//1726
f 1830//1830 1815//1815 1721//1721
f 1724//1724 1727//1727 1731//1731
f 1725//1725 1727//1727 1724//1724
f 1722//1722 2824//2824 1726//1726
f 2824//2824 1730//1730 1726//1726
f 1721//1721 1726//1726 1830//1830
f 2825//2825 1731//1731 2826//2826
f 1727//1727 1732//1732 1731//1731
f 1727//1727 1740//1740 1728//1728
f 1727//1727 1728//1728 1729//1729
f 1727//1727 1729//1729 1732//1732
f 1744//1744 1728//1728 1740//1740
f 1729//1729 1728//1728 1744//1744
f 1745//1745 1729//1729 1744//1744
f 1732//1732 1729//1729 1745//1745
f 1730//1730 1704//1704 1726//1726
f 1830//1830 1726//1726 1704//1704
f 1745//1745 1746//1746 1732//1732
f 1734//1734 1735//1735 2826//2826
f 2826//2826 1731//1731 1734//1734
f 1731//1731 1732//1732 1734//1734
f 1730//1730 1735//1735 1704//1704
f 1734//1734 1732//1732 1733//1733
f 1735//1735 1734//1734 1736//1736
f 1733//1733 1736//1736 1734//1734
f 1622//1622 2827//2827 1732//1732
f 1620//1620 1735//1735 1736//1736
f 1739//1739 1625//1625 1743//1743
f 1737//1737 1536//1536 1738//1738
f 1737//1737 1738//1738 1741//1741
f 1738//1738 1739//1739 1741//1741
f 1743//1743 1742//1742 1739//1739
f 1742//1742 1740//1740 2829//2829
f 1744//1744 1740//1740 1742//1742
f 1743//1743 1744//1744 1742//1742
f 2829//2829 1740//1740 2828//2828
f 1741//1741 1739//1739 1742//1742
f 1743//1743 1746//1746 1745//1745
f 1745//1745 1744//1744 1743//1743
f 1747//1747 1633//1633 1755//1755
f 1831//1831 1747//1747 1755//1755
f 1748//1748 1633//1633 1747//1747
f 1748//1748 1747//1747 1831//1831
f 1749//1749 1748//1748 1831//1831
f 1748//1748 1749//1749 1750//1750
f 1832//1832 1749//1749 1831//1831
f 1750//1750 1749//1749 1751//1751
f 1749//1749 1833//1833 1751//1751
f 1751//1751 1833//1833 1630//1630
f 1630//1630 1833//1833 1752//1752
f 1753//1753 1752//1752 1833//1833
f 1752//1752 1753//1753 1754//1754
f 1753//1753 1757//1757 1754//1754
f 1755//1755 1650//1650 1758//1758
f 1856//1856 1753//1753 1756//1756
f 1856//1856 1760//1760 1753//1753
f 1753//1753 1760//1760 1757//1757
f 1648//1648 1757//1757 1764//1764
f 1760//1760 2831//2831 1757//1757
f 1650//1650 1651//1651 1758//1758
f 1759//1759 1834//1834 1758//1758
f 1758//1758 1651//1651 1759//1759
f 1759//1759 1835//1835 1834//1834
f 1651//1651 1835//1835 1759//1759
f 1755//1755 1758//1758 1834//1834
f 1790//1790 1760//1760 1788//1788
f 1761//1761 1760//1760 1790//1790
f 1760//1760 1761//1761 2831//2831
f 2831//2831 2832//2832 1757//1757
f 1757//1757 2832//2832 1764//1764
f 1656//1656 1763//1763 2830//2830
f 1668//1668 1767//1767 1669//1669
f 1669//1669 1767//1767 1766//1766
f 1651//1651 1669//1669 1766//1766
f 1668//1668 1670//1670 1765//1765
f 1765//1765 1767//1767 1668//1668
f 1651//1651 1766//1766 1837//1837
f 1768//1768 1767//1767 1765//1765
f 1768//1768 1765//1765 1670//1670
f 1792//1792 1768//1768 2800//2800
f 1766//1766 1767//1767 1837//1837
f 1837//1837 1767//1767 1769//1769
f 1767//1767 1768//1768 2834//2834
f 2834//2834 1768//1768 1857//1857
f 1792//1792 1770//1770 1771//1771
f 1768//1768 1792//1792 1771//1771
f 1771//1771 1770//1770 1773//1773
f 1768//1768 1771//1771 1857//1857
f 1837//1837 1769//1769 2872//2872
f 1770//1770 1792//1792 1797//1797
f 1770//1770 1797//1797 1773//1773
f 1772//1772 1773//1773 1797//1797
f 1779//1779 1771//1771 1775//1775
f 1771//1771 1773//1773 1775//1775
f 1775//1775 1773//1773 1776//1776
f 2837//2837 1773//1773 1772//1772
f 1857//1857 1771//1771 1779//1779
f 1772//1772 1797//1797 1774//1774
f 1772//1772 1774//1774 1777//1777
f 1777//1777 1774//1774 1778//1778
f 1778//1778 1774//1774 1780//1780
f 2839//2839 2835//2835 1782//1782
f 1779//1779 1775//1775 1858//1858
f 1775//1775 2838//2838 1778//1778
f 1780//1780 1775//1775 1778//1778
f 1777//1777 2837//2837 1772//1772
f 1778//1778 2837//2837 1777//1777
f 1857//1857 1779//1779 1858//1858
f 1780//1780 1781//1781 1775//1775
f 1775//1775 1781//1781 1859//1859
f 2840//2840 1783//1783 1859//1859
f 2839//2839 1782//1782 2841//2841
f 2841//2841 1868//1868 2842//2842
f 1775//1775 1859//1859 1858//1858
f 1859//1859 1783//1783 1862//1862
f 2842//2842 1868//1868 1862//1862
f 1786//1786 1863//1863 1870//1870
f 1786//1786 1870//1870 1806//1806
f 1784//1784 1787//1787 1789//1789
f 1789//1789 2843//2843 1784//1784
f 1865//1865 1790//1790 1788//1788
f 1865//1865 1785//1785 2844//2844
f 2844//2844 1785//1785 1867//1867
f 1786//1786 1784//1784 2843//2843
f 2843//2843 2874//2874 1786//1786
f 1671//1671 1762//1762 1789//1789
f 1685//1685 1789//1789 1787//1787
f 1762//1762 2843//2843 1789//1789
f 2831//2831 1761//1761 1790//1790
f 1794//1794 2799//2799 1680//1680
f 1793//1793 1682//1682 1696//1696
f 1794//1794 1680//1680 1681//1681
f 1681//1681 1682//1682 1793//1793
f 1791//1791 1793//1793 1696//1696
f 2799//2799 1794//1794 2845//2845
f 1795//1795 1793//1793 1791//1791
f 1796//1796 1793//1793 1795//1795
f 1796//1796 1681//1681 1793//1793
f 1791//1791 1809//1809 1795//1795
f 1796//1796 1795//1795 1809//1809
f 1796//1796 1809//1809 1810//1810
f 1796//1796 1810//1810 1811//1811
f 1796//1796 1794//1794 1681//1681
f 2846//2846 2845//2845 1794//1794
f 2846//2846 1794//1794 1868//1868
f 1796//1796 1868//1868 1794//1794
f 1869//1869 1796//1796 1811//1811
f 1811//1811 1812//1812 1869//1869
f 2836//2836 2846//2846 1868//1868
f 1782//1782 2836//2836 1868//1868
f 1782//1782 1868//1868 2841//2841
f 1869//1869 1868//1868 1796//1796
f 1798//1798 2819//2819 1800//1800
f 1798//1798 1800//1800 1801//1801
f 1798//1798 1801//1801 1812//1812
f 2820//2820 1817//1817 2849//2849
f 2849//2849 1817//1817 1799//1799
f 1801//1801 1802//1802 1812//1812
f 1802//1802 1869//1869 1812//1812
f 2849//2849 1799//1799 2852//2852
f 2848//2848 1818//1818 2851//2851
f 2851//2851 1818//1818 1825//1825
f 2853//2853 1804//1804 2850//2850
f 1801//1801 1800//1800 1804//1804
f 1804//1804 1802//1802 1801//1801
f 1869//1869 1802//1802 1870//1870
f 2851//2851 1825//1825 1828//1828
f 2853//2853 1784//1784 1805//1805
f 2853//2853 1805//1805 1806//1806
f 1804//1804 2853//2853 1806//1806
f 1784//1784 2853//2853 2807//2807
f 1805//1805 1784//1784 1786//1786
f 1786//1786 1806//1806 1805//1805
f 1870//1870 1804//1804 1806//1806
f 1807//1807 1784//1784 2807//2807
f 1807//1807 1808//1808 1784//1784
f 1784//1784 1808//1808 1787//1787
f 1685//1685 2854//2854 1807//1807
f 1685//1685 1787//1787 1808//1808
f 1810//1810 1701//1701 1812//1812
f 1812//1812 1811//1811 1810//1810
f 1812//1812 1701//1701 1798//1798
f 1701//1701 1702//1702 2847//2847
f 1822//1822 2818//2818 1700//1700
f 1700//1700 2817//2817 1813//1813
f 1700//1700 1813//1813 1822//1822
f 1703//1703 2855//2855 1697//1697
f 1822//1822 1813//1813 1821//1821
f 2855//2855 1703//1703 2862//2862
f 2859//2859 1814//1814 1819//1819
f 1703//1703 1815//1815 2861//2861
f 2856//2856 1815//1815 1816//1816
f 1815//1815 1830//1830 1816//1816
f 2861//2861 2857//2857 1820//1820
f 1703//1703 2861//2861 2862//2862
f 2860//2860 2818//2818 1822//1822
f 2848//2848 2860//2860 1822//1822
f 2848//2848 1822//1822 1818//1818
f 2861//2861 1820//1820 2862//2862
f 1822//1822 1827//1827 1818//1818
f 1820//1820 2865//2865 2862//2862
f 1822//1822 1821//1821 2866//2866
f 1816//1816 1830//1830 1823//1823
f 2857//2857 1824//1824 1820//1820
f 2856//2856 1816//1816 2863//2863
f 1829//1829 1823//1823 1830//1830
f 1704//1704 1829//1829 1830//1830
f 1823//1823 1826//1826 1824//1824
f 1826//1826 1823//1823 1829//1829
f 1826//1826 1829//1829 2864//2864
f 1824//1824 2858//2858 1823//1823
f 1825//1825 1818//1818 1827//1827
f 1820//1820 1824//1824 1826//1826
f 1826//1826 2864//2864 2867//2867
f 1826//1826 2865//2865 1820//1820
f 1829//1829 1828//1828 2864//2864
f 1828//1828 1829//1829 1705//1705
f 1829//1829 1704//1704 1705//1705
f 1755//1755 1838//1838 1831//1831
f 1831//1831 1838//1838 1844//1844
f 1832//1832 1831//1831 1844//1844
f 1844//1844 1849//1849 1832//1832
f 1832//1832 1849//1849 1833//1833
f 1749//1749 1832//1832 1833//1833
f 1850//1850 1833//1833 1849//1849
f 1833//1833 1850//1850 1756//1756
f 1833//1833 1756//1756 1753//1753
f 1755//1755 1834//1834 1838//1838
f 1835//1835 1651//1651 1837//1837
f 1835//1835 1836//1836 1834//1834
f 1838//1838 1834//1834 1839//1839
f 2868//2868 2869//2869 2870//2870
f 1838//1838 1839//1839 1840//1840
f 1835//1835 1837//1837 1846//1846
f 2869//2869 1842//1842 2870//2870
f 1836//1836 1835//1835 1842//1842
f 2870//2870 1842//1842 1845//1845
f 1835//1835 1843//1843 1842//1842
f 1843//1843 1835//1835 1846//1846
f 1844//1844 1838//1838 1840//1840
f 1840//1840 1839//1839 1845//1845
f 1840//1840 1845//1845 1844//1844
f 1842//1842 1847//1847 1841//1841
f 1842//1842 1843//1843 1847//1847
f 1846//1846 1848//1848 1847//1847
f 1844//1844 1845//1845 1841//1841
f 1844//1844 1841//1841 1849//1849
f 1845//1845 1842//1842 1841//1841
f 1847//1847 1843//1843 1846//1846
f 1858//1858 1860//1860 1853//1853
f 1841//1841 1847//1847 1851//1851
f 1851//1851 1847//1847 1852//1852
f 1847//1847 1848//1848 1852//1852
f 1853//1853 1852//1852 1848//1848
f 1848//1848 2871//2871 1858//1858
f 1848//1848 1858//1858 1853//1853
f 1853//1853 1860//1860 1855//1855
f 1855//1855 1860//1860 1861//1861
f 1841//1841 1851//1851 1849//1849
f 1849//1849 1851//1851 1850//1850
f 1850//1850 1851//1851 1852//1852
f 1853//1853 1855//1855 1852//1852
f 1850//1850 1852//1852 1854//1854
f 1854//1854 1852//1852 1856//1856
f 1864//1864 1855//1855 1865//1865
f 1852//1852 1855//1855 1856//1856
f 1854//1854 1756//1756 1850//1850
f 1855//1855 1864//1864 1760//1760
f 1854//1854 1856//1856 1756//1756
f 1855//1855 1760//1760 1856//1856
f 1760//1760 1864//1864 1788//1788
f 1846//1846 1837//1837 2872//2872
f 2871//2871 1857//1857 1858//1858
f 1859//1859 2873//2873 1858//1858
f 1859//1859 1862//1862 2873//2873
f 1861//1861 1860//1860 1858//1858
f 1855//1855 2873//2873 1862//1862
f 1855//1855 1862//1862 1865//1865
f 1865//1865 1862//1862 1866//1866
f 1866//1866 1870//1870 1863//1863
f 1865//1865 1866//1866 1785//1785
f 1785//1785 1866//1866 1867//1867
f 2874//2874 1866//1866 1863//1863
f 1786//1786 2874//2874 1863//1863
f 1788//1788 1864//1864 1865//1865
f 1862//1862 1868//1868 1870//1870
f 1862//1862 1870//1870 1866//1866
f 1870//1870 1868//1868 1869//1869
f 1870//1870 1802//1802 1804//1804
