# Wavafront OBJ file of BodyParts3D
# BodyParts3D, Copyright(C) 2010-2011 The Database Center for Life Science licensed under CC Attribution-Share Alike 2.1 Japan.
vn -0.787657 0.284818 0.546329
v -242.91 -58.2238 1064.87
vn -0.502348 -0.332291 0.798266
v -241.268 -59.1607 1066.45
vn -0.152553 0.565427 0.810568
v -241.307 -58.2118 1066.57
vn -0.389612 -0.0906771 0.916504
v -241.099 -58.3118 1066.68
vn -0.538426 -0.0828132 0.838594
v -241.358 -58.5433 1066.55
vn -0.618617 0.703605 0.349646
v -239.731 -55.0091 1066.06
vn 0.594474 -0.784431 0.176832
v -239.65 -55.0773 1065.85
vn 0.631986 -0.700082 0.332382
v -239.349 -54.7759 1065.91
vn -0.508208 0.79884 0.321838
v -239.441 -54.6419 1065.75
vn -0.319349 -0.501115 0.804301
v -239.14 -54.6671 1065.85
vn -0.319349 -0.501115 0.804301
v -239.321 -54.8162 1065.69
vn 0.889245 -0.380899 0.253297
v -239.034 -54.4501 1065.81
vn 0.655803 -0.754923 0.00369425
v -238.873 -54.4188 1065.29
vn -0.287391 0.93298 0.21669
v -238.922 -54.26 1065.33
vn 0.422146 -0.125613 0.897783
v -238.675 -54.184 1065.23
vn -0.894279 -0.302332 0.32994
v -242.566 -59.0767 1065.04
vn -0.723833 -0.237263 0.647898
v -242.017 -59.0358 1065.9
vn -0.725755 -0.520595 0.449734
v -242.332 -59.4057 1065.27
vn -0.378022 -0.787142 0.487347
v -241.597 -59.7754 1065.6
vn -0.523531 0.562121 0.640262
v -241.522 -57.0495 1065.72
vn 0.984616 0.121225 -0.125843
v -241.412 -58.314 1065.27
vn 0.985417 0.166533 0.03492
v -241.458 -58.2514 1064.19
vn -0.396223 0.60943 0.686733
v -241.386 -56.9036 1065.64
vn 0.396596 -0.132053 0.908446
v -240.553 -55.7769 1065.44
vn -0.702435 0.577363 0.416217
v -240.591 -55.5216 1065.5
vn -0.884114 -0.311509 0.348288
v -243.139 -58.369 1064.51
vn -0.82985 0.512045 0.221718
v -243.238 -58.133 1064.11
vn -0.902111 -0.410432 0.133195
v -243.258 -58.414 1063.45
vn -0.834153 0.538134 0.120829
v -243.065 -57.8467 1063.44
vn -0.745002 0.599435 0.292658
v -241.758 -55.5654 1063.59
vn 0.738981 -0.672204 0.0452605
v -240.607 -55.7972 1063.02
vn -0.394437 0.887886 0.236806
v -240.028 -53.9958 1063.52
vn -0.963144 -0.20121 0.178518
v -243.421 -59.1551 1062.31
vn -0.348323 -0.934503 0.0733124
v -243.118 -59.6871 1062.76
vn -0.836295 0.501028 0.22267
v -243.249 -57.6149 1062.6
vn -0.610438 0.791537 0.0288851
v -241.254 -54.684 1061.69
vn -0.951756 -0.27132 0.143337
v -243.707 -58.4035 1060.77
vn -0.7588 0.648027 0.0654404
v -243.027 -56.7522 1061.12
vn -0.941589 0.325785 0.0852933
v -242.682 -56.3143 1060.8
vn -0.800503 0.599199 0.0124648
v -242.675 -55.8962 1060.36
vn -0.997743 0.0576512 0.0344131
v -242.713 -56.1257 1060.17
vn -0.785887 0.608856 0.108054
v -243.741 -57.4398 1059.8
vn 0.843098 -0.291523 0.451884
v -241.019 -59.8575 1065.54
vn -0.142865 -0.973094 0.180772
v -241.066 -60.1299 1065.07
vn 0.0273169 -0.991916 -0.123918
v -241.035 -60.1228 1063.72
vn 0.905769 0.364482 0.216184
v -240.659 -60.0202 1063.82
vn 0.759453 -0.647522 0.0628203
v -240.708 -60.0799 1063.8
vn 0.613417 -0.778746 0.13143
v -237.797 -53.7657 1063.09
vn 0.954158 -0.263335 0.142258
v -241.27 -56.8639 1062.54
vn 0.670724 -0.696143 0.255957
v -240.389 -55.9826 1060.44
vn -0.556346 0.829528 -0.0486045
v -239.071 -53.372 1061.52
vn -0.907781 -0.378694 0.180347
v -243.658 -59.1053 1059.75
vn -0.746282 -0.660239 0.0845415
v -243.438 -59.4388 1060.05
vn -0.0696515 -0.994778 -0.0746027
v -243.085 -59.5625 1059.42
vn -0.543407 -0.832028 0.111525
v -243.452 -59.5323 1058.26
vn -0.983266 -0.115331 0.141017
v -243.798 -57.6997 1058.9
vn -0.567674 0.821819 -0.0485757
v -241.126 -54.8436 1058.27
vn -0.984647 -0.0961072 0.145715
v -244.118 -58.3928 1057.68
vn -0.889574 -0.431039 0.151205
v -244.075 -59.1579 1057.2
vn -0.951143 0.25507 0.173972
v -243.962 -58.2107 1058.02
vn -0.914736 0.39498 0.085138
v -244.007 -57.5902 1057.23
vn -0.958338 0.253534 0.131561
v -244.398 -58.18 1056.22
vn 0.404435 0.870343 0.280954
v -237.81 -53.4787 1061.36
vn 0.451205 0.882129 0.135142
v -237.415 -53.7661 1061.91
vn 0.451592 -0.849988 0.271265
v -237.45 -53.9911 1061.78
vn 0.498403 0.823861 0.269903
v -237.131 -53.7899 1061.05
vn 0.423434 -0.87337 0.240683
v -237.078 -54.0567 1060.98
vn 0.781984 -0.621058 -0.0528065
v -240.531 -59.6648 1061.55
vn 0.950053 -0.190611 0.247117
v -240.492 -59.4561 1061.56
vn 0.152433 -0.950292 -0.271496
v -240.859 -59.3897 1060.4
vn 0.985757 0.138746 -0.0950417
v -240.408 -59.3779 1060.64
vn 0.9838 0.092446 0.153595
v -240.684 -58.205 1059.59
vn 0.319781 -0.869894 -0.375533
v -240.829 -59.227 1059.97
vn 0.362986 -0.850314 -0.381061
v -240.752 -59.0675 1059.73
vn 0.975111 -0.21976 -0.0294007
v -240.626 -58.7622 1059.71
vn 0.98323 -0.0604401 0.172066
v -240.493 -58.605 1059
vn 0.583818 -0.808694 -0.0719033
v -240.582 -58.7132 1058.81
vn 0.924839 0.150974 0.349113
v -240.394 -58.2523 1058.56
vn 0.322546 -0.929528 -0.17872
v -242.412 -59.2251 1058.48
vn 0.873417 -0.373601 0.312353
v -240.21 -57.512 1057.91
vn -0.722488 0.687439 -0.0737446
v -240.629 -54.6255 1057.17
vn 0.117935 0.991181 -0.0604299
v -241.113 -54.9196 1055.58
vn -0.706475 0.698621 -0.113238
v -240.723 -55.0021 1055.44
vn -0.482768 0.869881 -0.101203
v -240.279 -54.2961 1055.72
vn -0.31508 0.940272 -0.128895
v -240.046 -54.2499 1055.84
vn -0.975871 -0.145727 0.162604
v -244.313 -59.5421 1055.32
vn -0.227373 -0.951299 0.208161
v -243.618 -59.7423 1055.86
vn -0.999237 0.0369633 0.0126445
v -242.79 -56.5333 1055.25
vn -0.41303 0.908925 -0.0571113
v -241.323 -54.9316 1055.21
vn -0.721967 0.690077 -0.0505625
v -241.875 -55.6274 1054.51
vn 0.210707 0.976122 -0.0528093
v -241.053 -54.9039 1054.74
vn -0.84344 0.530876 -0.0823339
v -240.481 -54.7079 1055.09
vn -0.986944 -0.0878705 0.134986
v -244.631 -58.6852 1054.7
vn -0.962761 0.264389 0.0564771
v -244.929 -58.8941 1051.47
vn -0.74523 0.66679 -0.00478466
v -243.583 -57.2817 1051.95
vn 0.939694 0.328901 -0.0938095
v -240.156 -57.8289 1057.39
vn 0.755232 -0.655268 -0.0157868
v -240.169 -58.4533 1057.87
vn 0.803498 0.323028 0.500044
v -239.976 -58.0064 1057.73
vn 0.790691 -0.589754 -0.164313
v -240.056 -58.1279 1057.25
vn 0.707089 -0.627017 0.326917
v -239.456 -57.4329 1056.17
vn 0.603584 -0.670756 0.431015
v -238.981 -56.5109 1056.49
vn 0.978903 0.199354 0.0448023
v -240.103 -57.7843 1056.04
vn 0.426227 -0.900141 0.089867
v -239.61 -57.5795 1056.06
vn -0.426927 0.899288 -0.0949468
v -238.248 -53.1765 1055.14
vn 0.565425 -0.822212 -0.0652863
v -241.264 -58.3166 1053.88
vn -0.593579 0.796238 -0.116918
v -239.308 -54.0582 1054.41
vn 0.446197 -0.887159 0.117718
v -243.305 -60.0819 1052.77
vn -0.347169 0.926375 -0.145957
v -241.08 -55.1299 1052.64
vn -0.746766 0.660887 -0.0746222
v -241.586 -55.5724 1052.37
vn 0.338391 0.935973 -0.0971879
v -240.918 -55.2369 1052.55
vn -0.182494 0.975342 -0.124114
v -239.722 -54.5104 1052.98
vn -0.386101 0.915001 -0.117045
v -239.303 -54.501 1052.56
vn -0.549791 -0.78906 0.27407
v -244.683 -60.5417 1052.01
vn -0.0862854 0.996211 -0.0108419
v -242.043 -55.8825 1050.76
vn 0.522177 0.84989 -0.070836
v -240.863 -55.3671 1051.39
vn -0.71007 -0.661692 0.240759
v -245.113 -60.4351 1051.12
vn -0.562397 0.826747 -0.0141227
v -242.514 -55.9669 1050.52
vn -0.167723 0.983528 -0.0673887
v -242.218 -55.859 1049.95
vn 0.201404 0.963932 0.173989
v -235.436 -53.0024 1057.19
vn 0.412413 -0.855824 0.312219
v -236.463 -54.9045 1056.48
vn 0.400704 -0.749772 0.526572
v -236.286 -55.3503 1055.42
vn 0.176463 -0.980626 -0.0850497
v -239.411 -57.4443 1054.87
vn 0.50172 -0.819582 0.2767
v -238.825 -57.1633 1055.53
vn 0.414815 -0.909626 0.0225546
v -239.025 -57.3268 1055.15
vn 0.363544 -0.931195 0.0266765
v -239.252 -57.4474 1055.02
vn 0.526091 -0.849135 -0.046897
v -239.078 -57.3206 1054.95
vn 0.262476 -0.957919 -0.116175
v -238.926 -57.2887 1055.11
vn 0.681162 -0.729639 0.0603705
v -238.901 -57.1954 1054.89
vn 0.604435 -0.777309 0.174497
v -239.096 -57.4395 1054.5
vn 0.771047 -0.616311 0.160145
v -238.853 -57.2763 1054.41
vn 0.819875 -0.570747 0.0453085
v -238.838 -57.311 1054.17
vn 0.905282 -0.422404 0.0451619
v -238.665 -56.9511 1054.14
vn -0.10351 -0.951631 -0.289281
v -238.275 -57.1094 1054.61
vn 0.335912 -0.895399 0.292273
v -238.01 -57.114 1054.7
vn -0.260849 0.963611 -0.0584107
v -237.063 -52.9272 1054.18
vn -0.214374 0.976729 0.00659256
v -235.797 -52.7593 1054.41
vn 0.314429 -0.938507 -0.142613
v -239.491 -57.278 1053.37
vn 0.574559 -0.79713 -0.185651
v -238.233 -56.6199 1053.76
vn 0.887265 -0.439088 -0.141286
v -238.774 -56.7968 1052.98
vn 0.538096 -0.839815 -0.0718561
v -238.964 -56.9778 1052.5
vn 0.79323 -0.577115 -0.19423
v -238.665 -56.4617 1052.43
vn 0.487149 -0.870523 -0.0698218
v -239.67 -57.1393 1051.74
vn -0.244306 0.965118 -0.0941326
v -239.68 -54.6652 1051.82
vn -0.403628 0.908676 -0.10674
v -239.902 -54.753 1051.52
vn -0.549445 0.830309 -0.0932592
v -238.651 -53.8856 1051.89
vn -0.363465 0.926023 -0.101853
v -238.278 -53.8054 1051.51
vn 0.94797 -0.292716 -0.12518
v -241.993 -59.0448 1050.07
vn -0.777732 0.622435 -0.0877882
v -240.489 -55.5335 1049.91
vn -0.349869 0.92994 -0.113151
v -241.633 -55.9169 1049.67
vn 0.787821 -0.0212503 0.615538
v -234.113 -53.8102 1057.19
vn 0.54873 0.742715 0.383757
v -233.976 -53.7007 1056.85
vn 0.44653 0.85018 0.278936
v -234.089 -53.3647 1056.28
vn 0.380987 -0.791192 0.478399
v -233.977 -53.9455 1056.65
vn 0.30849 0.94611 0.0985433
v -234.692 -52.8484 1054.63
vn -0.120405 -0.99272 0.00311198
v -237.444 -57.1481 1054.21
vn -0.316903 -0.942153 -0.109176
v -237.594 -57.1209 1054.06
vn -0.527388 -0.834245 -0.160923
v -237.166 -57.3021 1053.17
vn -0.664237 -0.696703 -0.270914
v -237.185 -56.8373 1052.16
vn 0.259344 0.958741 0.116434
v -234.972 -52.3639 1051.27
vn -0.0152643 -0.998979 -0.0425144
v -237.809 -56.1529 1050.29
vn -0.366027 0.929061 -0.0535758
v -235.446 -52.6538 1051
vn 0.853432 -0.51336 -0.0900849
v -238.984 -56.4511 1049.02
vn 0.669396 -0.737978 0.0854194
v -240.945 -58.2083 1048.36
vn -0.29949 -0.898942 0.319701
v -244.776 -62.2485 1046.25
vn -0.979905 0.197002 -0.0312353
v -245.802 -61.9833 1044.32
vn -0.772515 -0.579205 0.260274
v -245.625 -62.186 1044.65
vn -0.855698 0.516046 -0.0384442
v -244.494 -58.5333 1042.71
vn -0.520268 0.845077 -0.123154
v -243.391 -57.4798 1043.15
vn -0.673938 0.723952 -0.147313
v -244.445 -58.7851 1040.74
vn 0.5866 0.721666 0.367558
v -232.097 -54.0708 1054.58
vn 0.644553 -0.499412 0.578911
v -232.057 -54.3223 1054.46
vn -0.216993 -0.974882 -0.0501998
v -236.107 -57.57 1052.85
vn 0.381319 -0.734815 0.56093
v -233.966 -56.1919 1053.06
vn 0.28103 0.958 0.0570849
v -232.823 -53.4367 1052.58
vn -0.312317 -0.942478 -0.119135
v -236.828 -56.4174 1050.01
vn -0.456 -0.865367 -0.207855
v -236.166 -56.8588 1050.75
vn -0.166322 0.982286 -0.0863158
v -234.872 -52.6257 1049.4
vn 0.22048 0.974976 -0.0284496
v -234.331 -52.5478 1049.83
vn -0.484351 -0.871223 -0.079843
v -236.523 -56.4634 1048.75
vn -0.149713 0.987931 -0.0397218
v -235.198 -52.6674 1049.33
vn -0.250501 0.96513 -0.0759805
v -235.598 -52.8741 1046.37
vn -0.398705 0.915271 -0.0575573
v -237.959 -53.9783 1045.32
vn 0.643488 -0.736943 0.206972
v -241.595 -59.2758 1045.94
vn 0.905198 -0.414079 0.0956807
v -241.582 -59.6575 1044.66
vn 0.539535 -0.804178 0.2494
v -241.183 -59.0462 1045.9
vn 0.999926 -0.00965513 0.00738619
v -241.129 -58.9 1045.44
vn 0.542893 -0.806913 0.23272
v -241.25 -59.3178 1045.21
vn 0.981451 0.168988 -0.090542
v -241.161 -58.9571 1044.79
vn 0.7063 -0.699522 0.108671
v -241.055 -59.2201 1044.99
vn 0.682845 -0.72982 0.0329377
v -241.202 -59.3971 1044.74
vn 0.659258 -0.732028 0.171795
v -243.861 -62.5901 1044.21
vn 0.897467 -0.415241 0.148752
v -242.175 -61.1067 1043.18
vn 0.793752 -0.608091 0.0135657
v -241.489 -59.5851 1043.74
vn 0.787695 -0.613122 -0.0601527
v -241.189 -59.2504 1044.09
vn -0.0558803 -0.85877 0.509306
v -245.329 -63.5844 1042.98
vn 0.142403 -0.874391 0.463855
v -244.707 -63.5569 1043.14
vn -0.760645 -0.564295 0.32092
v -245.662 -64.0386 1041.01
vn -0.447796 0.862814 -0.234587
v -242.008 -56.9513 1040.33
vn -0.975305 0.220726 -0.00772442
v -244.99 -59.7927 1039.34
vn -0.858378 0.501101 -0.109935
v -244.925 -59.6261 1039.11
vn -0.696461 0.709138 -0.109847
v -243.366 -58.1423 1039.48
vn 0.434525 0.879427 0.194411
v -231.746 -53.835 1053.55
vn -0.0970976 -0.994513 -0.0389351
v -234.474 -57.6814 1051.62
vn -0.10984 -0.97563 -0.189952
v -234.681 -57.6564 1051.5
vn -0.349745 -0.835853 0.423117
v -234.384 -57.8662 1051.33
vn -0.676318 -0.659978 -0.327144
v -235.718 -57.1397 1050.47
vn -0.082352 -0.962047 -0.26016
v -235.582 -57.2277 1050.34
vn -0.0208832 -0.984993 -0.171328
v -235.209 -56.8716 1049.23
vn -0.0699998 -0.981732 -0.176924
v -234.937 -56.7971 1049.17
vn 0.266645 0.962873 0.0421526
v -232.965 -53.2393 1049.31
vn -0.647641 -0.722835 -0.240978
v -235.611 -56.6583 1048.74
vn -0.251017 -0.967977 -0.00319375
v -235.304 -56.7826 1047.56
vn 0.0754487 -0.994312 0.0751794
v -237.454 -56.3889 1046.52
vn 0.0827154 -0.99411 0.0700238
v -236.701 -56.317 1046.4
vn -0.35628 -0.934073 0.0239421
v -236.439 -56.3019 1046.39
vn -0.123539 -0.955254 0.268751
v -236.639 -56.6335 1044.55
vn 0.149422 -0.951912 0.267462
v -237.999 -56.9478 1043.35
vn -0.258255 0.959516 -0.112396
v -237.225 -54.0085 1043.41
vn 0.33878 -0.893796 0.293867
v -239.248 -58.0089 1041.79
vn -0.198904 0.967472 -0.156319
v -237.605 -54.184 1042.45
vn -0.175336 0.968281 -0.178013
v -237.443 -54.2798 1041.91
vn 0.236273 -0.807809 0.540018
v -244.413 -64.3975 1041.79
vn 0.65709 -0.617689 0.43208
v -244.025 -64.1541 1041.75
vn 0.7131 -0.598928 0.36438
v -242.886 -62.4673 1042.43
vn 0.606733 -0.768266 0.204066
v -241.018 -59.2994 1040.48
vn -0.455818 0.850991 -0.260853
v -241.305 -56.9444 1039.73
vn -0.222027 0.968992 -0.108435
v -240.537 -56.1359 1040.43
vn -0.681249 0.731438 -0.0299619
v -240.19 -55.727 1039.66
vn -0.39949 0.899929 -0.174745
v -239.442 -55.1465 1040.28
vn -0.996489 0.0827597 0.0126353
v -245.465 -63.0942 1038.21
vn -0.934162 0.351927 -0.0590728
v -245.161 -60.6248 1037.26
vn -0.990601 -0.0386483 0.131208
v -245.226 -61.0593 1037.15
vn -0.685364 0.722434 -0.091461
v -241.976 -57.8493 1036.64
vn -0.96803 0.245392 -0.0519715
v -245.501 -62.3768 1036.32
vn -0.990208 0.125608 0.0609122
v -245.312 -61.1531 1036.63
vn -0.971774 0.232722 -0.0386807
v -245.267 -61.7692 1036.74
vn -0.866164 0.493124 -0.081175
v -244.58 -60.1975 1035.75
vn -0.425812 0.855357 -0.295041
v -243.385 -59.0106 1035.8
vn -0.578108 0.780428 -0.238169
v -244.672 -60.0869 1034.29
vn 0.417899 -0.68813 0.593159
v -230.846 -55.0021 1052.25
vn -0.0804971 -0.988872 0.125107
v -233.442 -57.893 1050.66
vn -0.203328 -0.977935 -0.0479699
v -233.574 -57.9028 1050.5
vn 0.360214 -0.696642 0.620431
v -233.039 -58.0516 1050.23
vn -0.0568573 -0.961263 -0.269705
v -232.977 -57.7902 1049.12
vn -0.266964 -0.948288 -0.1717
v -233.69 -57.1894 1047.65
vn 0.0142259 0.999351 -0.0330991
v -233.781 -53.0019 1045.72
vn -0.0659176 -0.967648 0.243543
v -236.29 -57.1909 1042.97
vn 0.133358 -0.942527 0.306364
v -237.78 -57.9661 1040.66
vn -0.305233 0.938849 -0.159361
v -235.969 -53.8144 1040.39
vn 0.840898 -0.421529 0.339417
v -243.105 -64.6999 1039.34
vn 0.821258 -0.569789 -0.0295761
v -241.616 -60.0766 1038.85
vn 0.245384 -0.852069 0.462348
v -241.263 -59.9674 1038.9
vn 0.490614 -0.783141 0.382084
v -239.955 -59.0408 1039.78
vn 0.606681 -0.720304 0.336305
v -239.797 -59.2176 1038.99
vn -0.370031 0.911254 -0.180813
v -237.488 -54.7905 1038.66
vn 0.994568 -0.0631508 0.08274
v -241.634 -60.7652 1038.74
vn 0.887369 -0.40695 0.21672
v -241.727 -61.4528 1038.29
vn 0.985506 0.16808 -0.0229468
v -241.646 -61.0937 1037.81
vn 0.8592 -0.422725 0.288233
v -241.545 -61.4779 1037.71
vn -0.996424 -0.0486155 0.0691054
v -245.611 -64.0663 1035.02
vn -0.978934 -0.142125 0.146591
v -245.499 -62.3238 1034.77
vn -0.954515 0.288574 -0.0750129
v -245.48 -62.1289 1034.59
vn -0.94665 0.284665 -0.151061
v -245.476 -63.2701 1034.63
vn -0.959478 0.253229 -0.123597
v -245.342 -63.1711 1034.13
vn -0.933502 0.357794 0.023604
v -244.89 -60.6823 1034.05
vn -0.853815 0.479165 -0.203472
v -244.902 -60.753 1033.37
vn -0.427827 0.830561 -0.356556
v -244.241 -59.9037 1033.93
vn -0.841927 0.539275 0.0184657
v -242.433 -58.359 1034.11
vn -0.734391 0.662537 -0.147357
v -243.163 -59.6367 1033.38
vn -0.611283 0.764431 -0.204887
v -242.602 -58.6449 1032.72
vn -0.0127535 -0.978084 -0.207818
v -231.63 -57.9218 1049.36
vn 0.859743 -0.333345 0.386942
v -230.007 -56.8855 1049.76
vn 0.172176 -0.979997 -0.0998095
v -233.091 -56.9813 1046.17
vn -0.0840264 -0.978006 -0.190901
v -231.966 -57.067 1046.89
vn 0.306447 0.949779 0.0633268
v -231.441 -53.3425 1046.57
vn 0.499063 -0.865854 -0.0351043
v -233.14 -56.7603 1044.44
vn 0.11067 -0.99385 0.0039096
v -232.895 -56.6267 1044.35
vn 0.057726 0.953997 0.294207
v -232.19 -53.1127 1044.51
vn 0.172384 0.967832 0.183261
v -231.715 -53.1734 1044.5
vn -0.0566863 -0.994384 0.0893698
v -234.708 -57.0206 1044.7
vn -0.0760678 -0.994436 0.0728761
v -234.145 -57.1498 1043.52
vn -0.473743 -0.877388 0.0758847
v -234.156 -57.1875 1043.08
vn 0.0114409 0.99939 0.0329811
v -232.307 -52.9667 1044.14
vn 0.040297 0.903198 0.427327
v -232.067 -52.9017 1044.03
vn 0.126771 0.982134 -0.139079
v -232.851 -52.9502 1041.28
vn 0.133363 0.982441 -0.130479
v -232.238 -53.1723 1041.69
vn 0.398446 0.910522 -0.110408
v -232.564 -53.1783 1041.11
vn -0.168416 0.978646 -0.117851
v -234.024 -53.2393 1041.34
vn -0.239211 0.964741 -0.109782
v -233.634 -53.1874 1040.94
vn 0.351187 -0.91169 0.213281
v -237.416 -58.1798 1039.35
vn -0.0115215 -0.894842 0.446234
v -239.492 -59.4161 1038.69
vn -0.372853 -0.767826 0.520984
v -244.566 -67.0725 1037.9
vn 0.69908 -0.521061 0.489675
v -243.623 -66.9102 1037.56
vn 0.346785 -0.731042 0.587637
v -243.965 -67.4178 1037.49
vn 0.659787 -0.55171 0.510193
v -243.417 -66.8158 1037.36
vn 0.521395 -0.690834 0.500895
v -242.977 -65.1415 1038.09
vn 0.764381 -0.534805 0.360147
v -242.492 -65.2626 1037.33
vn 0.407741 -0.714928 0.568001
v -241.274 -61.1205 1037.34
vn 0.55366 -0.71421 0.428211
v -239.692 -60.3292 1037
vn 0.967028 -0.111439 0.228994
v -242.212 -64.2636 1035.4
vn 0.929038 -0.323014 0.180417
v -242.124 -62.7913 1036.7
vn 0.669035 -0.595489 0.444731
v -241.414 -61.8029 1036.71
vn -0.998906 -0.00982584 -0.0457189
v -245.284 -66.7267 1035.3
vn -0.99402 0.104698 -0.0310148
v -245.707 -65.1191 1033.36
vn -0.495546 0.835441 -0.23764
v -241.042 -57.8999 1032.63
vn -0.396525 0.885815 -0.241038
v -239.853 -57.4054 1032.59
vn -0.986642 0.143465 -0.077165
v -245.402 -64.7878 1031.71
vn -0.984316 0.161355 -0.0713275
v -245.245 -62.8294 1031.58
vn -0.954578 0.266912 -0.13243
v -245.128 -62.4502 1031.46
vn -0.326753 0.859817 -0.392361
v -243.568 -60.4764 1032.12
vn -0.676312 0.715161 -0.176482
v -241.834 -59.0737 1030.61
vn -0.935444 0.314536 -0.161281
v -245.109 -63.0818 1030.03
vn -0.988011 0.154289 -0.00547456
v -245.156 -63.518 1029.99
vn -0.797109 0.561624 -0.221803
v -244.439 -62.3513 1029.59
vn -0.88368 0.467052 -0.0311671
v -243.438 -60.2459 1030.75
vn 0.59502 -0.69463 0.404279
v -230.56 -57.8246 1049.32
vn 0.28427 0.944121 0.166812
v -229.724 -53.9609 1045.68
vn -0.292735 -0.956168 -0.00708621
v -232.214 -56.7466 1044.23
vn 0.040704 -0.935165 0.351865
v -233.844 -57.3691 1042.91
vn -0.094389 -0.995476 0.010828
v -231.707 -56.9824 1043.07
vn -0.136065 -0.990469 -0.0214086
v -234.17 -57.2466 1042.18
vn 0.00327499 -0.999973 0.00661255
v -234.266 -57.2592 1041.56
vn 0.282954 -0.957372 -0.0581028
v -233.394 -57.1011 1041.84
vn -0.00380867 -0.999988 -0.0031271
v -232.786 -56.9658 1041.57
vn 0.345376 0.929154 -0.131864
v -231.568 -53.3984 1041.28
vn 0.245721 0.967972 -0.0514989
v -231.187 -53.5197 1041.63
vn 0.356946 -0.934029 0.0133928
v -234.954 -57.5001 1040.96
vn 0.283157 0.942765 -0.176112
v -231.995 -53.4822 1040.13
vn 0.320101 0.928704 -0.187199
v -232.327 -53.5656 1039.16
vn 0.379027 0.899262 -0.218328
v -232.065 -53.6433 1039.25
vn 0.385345 -0.903746 0.18642
v -237.209 -58.5453 1037.19
vn 0.484022 -0.773937 0.408342
v -238.869 -59.7805 1036.46
vn 0.536782 -0.733434 0.41706
v -237.402 -59.248 1036.07
vn 0.0504621 -0.744903 0.665261
v -244.073 -68.8817 1035.63
vn 0.942037 -0.169505 0.289542
v -242.899 -67.307 1035.52
vn 0.634294 -0.570881 0.521313
v -242.597 -66.2341 1036.34
vn 0.981819 -0.107453 0.156478
v -242.249 -65.5725 1035.78
vn 0.90861 -0.235584 0.34486
v -242.837 -66.867 1035.66
vn 0.641545 -0.636238 0.42851
v -240.262 -61.6486 1035.52
vn 0.599452 -0.648294 0.469437
v -240.637 -62.3948 1035.22
vn 0.934809 -0.0425569 0.352591
v -242.021 -64.457 1034.62
vn 0.824949 -0.322381 0.464251
v -241.958 -64.2841 1034.43
vn 0.893123 -0.0603914 0.44574
v -242.11 -65.5529 1034.61
vn 0.840676 -0.117538 0.528628
v -242.028 -65.3744 1034.56
vn 0.628711 -0.319638 0.70891
v -241.811 -64.6261 1034.14
vn 0.572349 -0.518964 0.634896
v -240.775 -63.3564 1034.15
vn -0.472461 0.859449 -0.195261
v -237.246 -56.1182 1032.2
vn -0.3551 0.896914 -0.263534
v -238.232 -56.751 1032
vn -0.432243 0.860308 -0.270251
v -240.504 -58.5224 1029.84
vn -0.380897 0.886462 -0.262875
v -239.007 -57.4279 1030.41
vn -0.94242 0.298239 -0.151318
v -245.765 -67.0991 1029.77
vn -0.992958 -0.0869014 0.0805147
v -245.527 -65.1782 1030.37
vn -0.523521 0.795365 -0.305484
v -242.84 -60.2681 1029.39
vn -0.445925 0.85156 -0.275675
v -241.282 -58.7952 1029.66
vn -0.00344992 -0.994382 -0.105792
v -229.356 -57.012 1045.75
vn 0.936891 0.301792 0.176516
v -228.487 -55.4696 1045.36
vn 0.878047 -0.455967 0.145354
v -228.522 -56.3809 1045.22
vn 0.325835 0.94479 -0.0346965
v -229.626 -53.9314 1041.63
vn -0.134576 -0.989707 -0.0486786
v -233.301 -56.6819 1039.4
vn -0.204927 -0.978714 -0.0110932
v -232.709 -56.8898 1039.77
vn 0.0976016 0.993442 -0.0595481
v -231.209 -53.5615 1039.3
vn 0.209224 0.966851 -0.146369
v -230.655 -53.6753 1039.03
vn 0.227598 -0.973642 -0.0148359
v -233.674 -56.6469 1038.69
vn -0.218926 -0.969278 0.112119
v -233.213 -56.7334 1038.69
vn -0.12747 -0.988827 0.0772762
v -232.435 -57.0119 1038.06
vn -0.209344 0.97733 -0.0316388
v -231.705 -53.5707 1038.42
vn 0.672203 0.706159 -0.222448
v -231.429 -53.6227 1038.51
vn 0.162052 0.983879 0.0756387
v -231.679 -53.5401 1037.97
vn 0.723423 0.645803 -0.244127
v -231.303 -53.7682 1038.43
vn 0.692678 0.648982 -0.314673
v -231.635 -53.6559 1037.71
vn 0.285328 0.929134 -0.235154
v -231.548 -53.8759 1037.64
vn 0.0853184 0.974237 -0.208766
v -231.619 -54.069 1036.79
vn 0.239076 0.941598 -0.237143
v -231.045 -53.9017 1037.17
vn 0.364763 -0.90806 0.205851
v -234.909 -57.2968 1036.96
vn -0.0340431 -0.955189 0.294031
v -233.772 -56.8776 1037.37
vn 0.151035 0.952369 -0.264918
v -232.679 -54.2201 1036.44
vn 0.839315 0.434444 -0.326815
v -231.962 -54.1301 1036.24
vn 0.498532 -0.782072 0.373938
v -236.034 -58.106 1036.03
vn 0.109908 -0.755304 0.646092
v -234.595 -57.9213 1035.16
vn -0.540393 0.839582 -0.055478
v -232.702 -54.3219 1035.44
vn -0.252157 0.942311 -0.220153
v -233.336 -54.8722 1034.11
vn -0.103985 0.962079 -0.252173
v -232.51 -54.2098 1035.34
vn 0.611012 -0.548254 0.571036
v -242.925 -68.6558 1035.12
vn 0.893204 -0.220702 0.391762
v -242.519 -67.6057 1034.71
vn 0.341531 -0.627547 0.699672
v -239.049 -62.0777 1034
vn 0.611803 -0.585123 0.532287
v -237.635 -59.9755 1035.19
vn 0.601159 -0.579639 0.550115
v -237.444 -60.0684 1034.7
vn 0.698531 -0.400676 0.592886
v -237.523 -60.4988 1034.56
vn -0.218963 0.947867 -0.231526
v -234.791 -54.742 1034.14
vn 0.543097 -0.567567 0.618799
v -243.104 -69.3553 1034.63
vn 0.898754 -0.21247 0.383533
v -242.672 -69.4233 1034.08
vn 0.892033 0.0537257 0.448767
v -241.809 -65.9884 1034.23
vn 0.826097 -0.162645 0.539546
v -241.749 -66.0935 1033.59
vn 0.942791 0.2567 0.212721
v -241.656 -66.1655 1033.76
vn 0.952145 0.0219857 0.304854
v -241.457 -66.7086 1033.59
vn 0.961848 0.0170692 0.273051
v -241.693 -67.683 1033.95
vn 0.984199 0.16611 0.0613143
v -241.381 -67.1898 1033.04
vn 0.96664 0.252275 -0.0443339
v -241.807 -65.6858 1033.9
vn 0.695757 -0.317372 0.644358
v -241.25 -65.4846 1033.28
vn 0.586835 -0.565629 0.579387
v -239.45 -62.7696 1033.57
vn -0.967945 -0.235957 0.0860592
v -245.132 -69.8325 1032.43
vn -0.546284 -0.701135 0.458239
v -244.149 -70.6202 1033.2
vn -0.351976 0.892717 -0.281372
v -238.769 -57.5603 1030.05
vn -0.498709 0.847673 -0.180942
v -238.353 -57.36 1030.1
vn -0.97196 -0.205525 0.114253
v -245.526 -69.0246 1030.06
vn -0.542969 0.827963 -0.14022
v -238.688 -57.9326 1027.5
vn -0.946158 -0.243402 0.213402
v -245.885 -68.9372 1028.23
vn -0.929489 0.32951 -0.16575
v -245.63 -68.3385 1027.57
vn -0.97616 -0.118986 0.181531
v -245.664 -67.187 1027.48
vn -0.982865 -0.0976844 0.156312
v -245.492 -67.4697 1027.81
vn -0.957642 0.282916 -0.0536724
v -245.444 -65.3592 1026.52
vn -0.600341 0.780775 -0.173152
v -242.031 -60.351 1026.51
vn -0.552877 0.795453 -0.248154
v -242.535 -60.7862 1026.31
vn -0.904918 0.421894 -0.0559421
v -244.873 -63.7434 1025.37
vn -0.743935 0.652882 -0.142501
v -243.495 -62.0651 1024.58
vn -0.77215 0.605899 -0.191494
v -244.633 -63.8531 1023.55
vn -0.084976 -0.991967 0.0937086
v -229.297 -56.9146 1041.28
vn -0.0153196 -0.995248 0.0961572
v -230.848 -56.6841 1038.7
vn 0.844242 0.502451 -0.186546
v -229.686 -54.6218 1039.11
vn 0.752857 0.623849 -0.209806
v -229.856 -54.2749 1038.79
vn 0.643405 0.735329 -0.212888
v -229.554 -55.0168 1038.28
vn 0.741097 0.630972 -0.229454
v -230.199 -55.0098 1036.18
vn 0.231935 -0.942624 0.240139
v -232.151 -57.2362 1036.56
vn 0.094196 -0.933906 0.344885
v -231.869 -57.2193 1036.04
vn 0.536765 -0.825345 0.175181
v -232.223 -57.4614 1035.67
vn 0.215957 -0.788027 0.57652
v -232.564 -57.8387 1035.33
vn 0.696698 -0.716381 0.0375609
v -232.422 -57.7116 1035.12
vn 0.0384995 -0.839871 0.54142
v -233.752 -58.0447 1035.42
vn 0.0991026 0.952363 -0.288416
v -231.993 -54.947 1033.34
vn 0.425674 -0.589879 0.686181
v -236.176 -60.4196 1033.64
vn 0.115851 -0.647935 0.752834
v -235.116 -59.8717 1034.02
vn 0.683904 -0.387313 0.618275
v -242.585 -71.455 1032.73
vn 0.965626 0.0153625 0.259482
v -242.467 -69.9251 1032.67
vn 0.968549 0.0818117 0.234989
v -242.35 -70.5107 1032.59
vn 0.959513 -0.0755414 0.271345
v -241.415 -67.7048 1033.08
vn 0.604075 -0.453112 0.655578
v -239.954 -64.8887 1032.64
vn 0.924422 -0.247426 0.290215
v -239.438 -64.1806 1032.33
vn 0.135631 -0.55214 0.822646
v -238.463 -64.4546 1032.05
vn 0.536097 -0.539903 0.648926
v -237.608 -62.8433 1032.77
vn 0.834991 -0.170287 0.523251
v -241.169 -67.4777 1032.23
vn 0.941487 -0.0374612 0.33496
v -241.115 -67.9842 1032.06
vn 0.702924 -0.341669 0.623828
v -240.767 -67.3081 1031.62
vn -0.695534 -0.587529 0.413573
v -243.974 -72.0776 1030.9
vn -0.165905 0.942007 -0.291715
v -235.846 -56.7275 1028.34
vn -0.362406 0.910593 -0.198702
v -235.221 -56.4956 1028.75
vn -0.151638 0.94485 -0.290285
v -235.002 -56.3674 1028.66
vn -0.420958 0.881182 -0.215201
v -238.184 -57.7889 1027.15
vn -0.324064 0.91462 -0.24177
v -237.551 -57.3817 1027.72
vn -0.843065 -0.441561 0.307027
v -245.46 -71.8022 1028.08
vn -0.416273 0.871821 -0.258158
v -238.374 -58.3761 1025.12
vn -0.973597 -0.158214 0.164553
v -246.24 -70.5311 1025.5
vn -0.684009 0.616486 -0.389969
v -245.941 -69.7307 1025.92
vn -0.991824 0.127373 0.00781577
v -245.812 -69.3965 1025.46
vn -0.683874 0.616589 -0.390045
v -246.253 -70.5647 1025.15
vn -0.793037 -0.363905 0.488535
v -246.1 -70.2432 1024.14
vn -0.947511 0.270973 -0.169696
v -245.924 -69.1218 1025.33
vn -0.719889 0.693703 -0.0231461
v -240.842 -60.3747 1023.94
vn -0.606539 0.780798 -0.149881
v -241.149 -60.577 1022.72
vn -0.49421 0.825442 -0.272767
v -242.732 -61.5137 1023.02
vn -0.960653 0.277718 0.00426662
v -246.258 -67.6056 1021.02
vn -0.870722 0.482312 -0.0960116
v -244.891 -65.1143 1020.73
vn 0.643999 -0.756645 0.112934
v -228.242 -56.8368 1040.57
vn 0.961994 -0.194061 0.192113
v -228.097 -56.4857 1040.33
vn 0.653512 -0.743601 0.141347
v -228.244 -56.8639 1040.32
vn 0.898191 -0.361236 0.250521
v -228.137 -56.6937 1040.32
vn 0.733535 -0.65745 0.172298
v -228.067 -56.7608 1040.06
vn 0.544878 -0.835347 0.0728294
v -228.244 -56.8873 1040.12
vn 0.387084 -0.917002 0.0962974
v -228.464 -57.0642 1039.53
vn 0.946382 -0.291658 -0.138914
v -228.512 -57.165 1038.42
vn -0.120373 -0.969231 0.214713
v -229.316 -57.4632 1037.64
vn -0.404452 -0.876983 0.259461
v -229.997 -57.2383 1037.1
vn -0.434888 -0.819566 0.373074
v -229.644 -57.7398 1036.42
vn -0.0910665 -0.795184 0.599491
v -232.177 -57.9701 1034.91
vn -0.0298226 -0.933766 0.356638
v -230.75 -57.3601 1035.88
vn 0.268006 -0.873922 0.405502
v -231.629 -57.9401 1034.88
vn -0.505371 -0.710822 0.489216
v -230.291 -57.8485 1035.38
vn 0.511479 0.841021 -0.176276
v -230.148 -55.3265 1035.22
vn -0.21444 -0.639635 0.738161
v -233.268 -58.5184 1034.01
vn -0.342313 -0.46776 0.814876
v -233.285 -59.3246 1033.46
vn -0.103996 -0.64597 0.756246
v -232.408 -58.7662 1033.96
vn 0.57548 -0.714594 0.397717
v -232.406 -59.218 1033.06
vn 0.515469 -0.83895 0.174512
v -231.724 -58.2045 1034.11
vn 0.599282 -0.778006 0.188591
v -231.678 -58.2196 1033.75
vn 0.506526 0.826385 -0.246007
v -230.931 -55.3406 1033.35
vn 0.388032 -0.720289 0.574991
v -235.18 -61.085 1032.54
vn 0.887207 -0.341421 -0.310316
v -235.101 -60.6938 1032.34
vn 0.907651 -0.317468 -0.274561
v -235.19 -61.0154 1032.33
vn 0.848591 -0.438475 -0.296028
v -234.891 -60.537 1032.71
vn -0.40999 -0.471665 0.780666
v -234.279 -60.0731 1032.48
vn -0.381124 -0.40791 0.829671
v -233.576 -60.4557 1032.77
vn 0.85131 -0.521065 0.0613405
v -236.254 -62.6812 1031.49
vn 0.879842 -0.474602 -0.0251324
v -236.23 -62.6058 1031.26
vn 0.244692 -0.666834 0.703888
v -235.632 -61.6827 1031.33
vn -0.504598 -0.374204 0.778044
v -234.853 -61.3656 1031.46
vn 0.716694 -0.372854 0.589346
v -241.408 -71.42 1030.61
vn 0.153929 -0.511579 0.845336
v -239.416 -66.2894 1030.94
vn 0.675344 -0.388265 0.627025
v -239.644 -66.6279 1030.9
vn 0.262905 -0.567874 0.78
v -238.924 -66.3278 1030.93
vn 0.0843717 -0.556011 0.826881
v -239.093 -66.4806 1030.8
vn 0.123632 -0.56515 0.815672
v -238.786 -66.6671 1030.62
vn -0.0422072 -0.50316 0.863162
v -238.983 -65.5581 1031.39
vn 0.807553 -0.439232 0.393615
v -238.347 -66.0107 1030.44
vn 0.581811 -0.643837 0.496961
v -236.932 -63.7375 1030.77
vn 0.809545 -0.542882 0.22342
v -236.604 -63.5286 1030.42
vn 0.792611 -0.554059 0.254532
v -236.464 -63.3896 1030.3
vn 0.0956308 0.916646 -0.388091
v -234.813 -56.7823 1027.93
vn -0.122705 0.949073 -0.29018
v -234.406 -56.7031 1028.11
vn -0.997785 -0.0616537 -0.0249772
v -245.306 -72.8515 1025.63
vn -0.969355 0.15583 -0.189916
v -245.999 -72.0364 1023.48
vn -0.62481 -0.482721 0.613672
v -246.426 -72.1757 1022.24
vn -0.571506 -0.517602 0.636764
v -246.236 -72.0131 1022.56
vn -0.968439 0.233981 -0.0858982
v -246.37 -70.0926 1022.73
vn -0.99751 0.035699 0.0608235
v -246.67 -71.4086 1021.79
vn -0.998871 0.0311964 0.0358268
v -246.549 -71.095 1021.11
vn -0.965997 0.18778 -0.177729
v -246.533 -71.5439 1021.27
vn -0.973732 0.214118 -0.0774548
v -246.492 -69.942 1021.47
vn -0.994934 0.061689 0.079383
v -246.28 -69.3732 1021.45
vn -0.729417 0.655631 -0.19519
v -244.054 -63.6478 1020.09
vn -0.556646 0.799819 -0.224579
v -242.776 -62.3953 1021.11
vn -0.203644 -0.908663 0.364501
v -229.437 -57.8093 1036.41
vn -0.481878 -0.744679 0.461786
v -229.854 -57.9629 1035.82
vn 0.980013 -0.19767 -0.0223824
v -228.729 -57.2413 1036.73
vn 0.681198 0.722347 -0.119099
v -228.54 -56.2619 1036.33
vn -0.172644 -0.859931 0.480325
v -230.179 -58.4151 1034.8
vn 0.96874 -0.221825 -0.111072
v -229.194 -58.2524 1033.69
vn 0.971303 -0.237836 -0.00231601
v -228.709 -56.5315 1035.04
vn 0.899931 0.136451 -0.414131
v -228.981 -57.1417 1034.41
vn 0.927872 -0.333239 0.167346
v -228.73 -56.835 1034.29
vn 0.715742 -0.693374 0.083347
v -228.951 -58.0359 1034.73
vn 0.98446 -0.161585 0.0687639
v -228.672 -57.6919 1034.86
vn 0.920784 -0.269297 -0.2822
v -228.879 -57.8745 1034.48
vn 0.938512 0.343027 -0.0390973
v -228.727 -56.3139 1034.85
vn -0.331202 -0.718364 0.611767
v -231.291 -59.0203 1033.45
vn 0.0111798 -0.737855 0.674867
v -231.599 -59.4238 1032.87
vn 0.328714 -0.872244 0.362129
v -230.613 -59.4077 1032.86
vn 0.309407 0.949345 -0.0548714
v -229.746 -55.7891 1033.18
vn 0.21258 0.963031 -0.165473
v -230.893 -55.7163 1031.5
vn 0.0398643 0.99294 -0.111715
v -230.387 -55.8539 1031.02
vn 0.307278 0.948976 -0.070885
v -229.713 -55.7783 1031.83
vn 0.685647 0.726456 0.0463691
v -229.556 -55.9009 1030.85
vn 0.113483 -0.723667 0.680755
v -234.148 -61.8391 1030.84
vn 0.67473 -0.359809 0.644419
v -241.079 -73.9868 1029.72
vn 0.36978 -0.412379 0.83259
v -239.288 -68.787 1029.7
vn 0.770265 -0.566215 0.293414
v -237.5 -65.181 1029.72
vn 0.853191 -0.480014 0.204088
v -238.033 -66.0653 1029.46
vn 0.668081 -0.58226 0.463293
v -237.446 -65.2718 1029.18
vn -0.00694993 0.951031 -0.309017
v -232.549 -56.2733 1028.19
vn 0.933752 0.169337 0.31533
v -241.137 -73.8413 1029.55
vn 0.429271 -0.424691 0.797097
v -240.269 -71.5774 1028.64
vn 0.356577 -0.439854 0.824246
v -239.751 -69.7126 1029.4
vn 0.895176 -0.30354 0.326381
v -239.346 -70.0018 1028.8
vn 0.824062 -0.511869 0.242718
v -237.923 -65.9325 1029.14
vn 0.466878 -0.598094 0.651389
v -236.91 -65.6212 1028.66
vn -0.0742349 0.923283 -0.376879
v -233.349 -57.6534 1025.92
vn -0.834248 -0.476664 0.277168
v -244.401 -75.1755 1025.59
vn -0.129781 0.946289 -0.296133
v -235.144 -58.4143 1023.99
vn -0.0954461 0.925567 -0.366354
v -236.64 -58.3598 1024.03
vn -0.932227 -0.302964 0.1979
v -245.238 -73.5641 1023.72
vn -0.95871 -0.207662 0.194299
v -245.922 -74.1662 1021.28
vn -0.942704 -0.27793 0.184565
v -245.992 -72.9097 1023.05
vn -0.996959 -0.0717103 -0.0304935
v -245.991 -72.8003 1022.84
vn -0.916342 -0.264404 0.300678
v -246.014 -72.4077 1022.46
vn -0.619532 -0.503099 0.602554
v -246.197 -72.9594 1021.8
vn -0.495667 -0.551929 0.670588
v -246.431 -73.6069 1021.15
vn -0.987695 0.0574941 -0.145442
v -246.602 -73.0164 1020.2
vn -0.764666 0.63305 0.120555
v -239.885 -60.6979 1019.66
vn -0.292422 0.90873 -0.297825
v -239.542 -60.4266 1019.66
vn -0.170001 0.901352 -0.398327
v -239.595 -61.0357 1018.36
vn -0.996665 -0.0615995 0.0535256
v -246.4 -73.2368 1019.41
vn -0.727819 0.682091 0.070932
v -241.565 -62.7026 1018.16
vn -0.836772 0.336935 0.431611
v -240.78 -61.3474 1018.43
vn -0.996089 0.0210149 0.0858256
v -247.098 -71.4622 1017.31
vn -0.99462 0.0898256 0.0515958
v -246.846 -70.2209 1017.37
vn -0.777202 0.611503 -0.148397
v -244.357 -65.0031 1017.37
vn -0.620356 0.757189 -0.204506
v -243.39 -64.1744 1016.81
vn -0.804927 0.463144 0.370932
v -241.914 -62.6206 1017.23
vn -0.621532 0.780647 -0.0654773
v -241.349 -62.3434 1016.33
vn -0.8941 0.405433 -0.190288
v -246.777 -70.4956 1015.29
vn -0.781088 -0.28968 0.553161
v -246.457 -68.7324 1016.72
vn -0.9527 0.02327 0.303019
v -246.66 -68.8367 1016.36
vn -0.826987 0.560453 -0.0445584
v -244.911 -65.9454 1015.94
vn 0.815413 -0.576628 0.0510108
v -229.27 -58.4422 1033.67
vn 0.401778 -0.870104 0.28547
v -229.591 -58.7529 1033.43
vn 0.452386 -0.85592 0.250496
v -230.737 -59.5457 1032.23
vn 0.950492 -0.298182 0.0874795
v -229.272 -58.7736 1032.76
vn 0.375287 -0.837449 0.397289
v -229.906 -59.4111 1032.18
vn 0.363733 -0.672587 0.644457
v -228.814 -58.8122 1032.09
vn 0.893118 0.449677 -0.0114531
v -228.704 -56.6978 1032.78
vn 0.978128 -0.0207734 0.206962
v -228.544 -57.3309 1032.83
vn 0.916284 -0.0333642 0.399138
v -228.557 -58.0317 1032.64
vn 0.88613 0.21676 0.40962
v -228.392 -57.4711 1032.32
vn 0.0744306 -0.548952 0.832534
v -228.341 -58.3012 1032.39
vn 0.716791 0.486251 0.49977
v -228.535 -56.6175 1031.6
vn 0.146738 -0.874776 0.461774
v -230.827 -59.9019 1031.52
vn 0.464819 0.857803 0.219356
v -229.176 -56.3188 1031.05
vn 0.422513 0.905878 0.0294509
v -229.112 -56.0361 1030.4
vn 0.162496 0.945089 0.283552
v -228.599 -56.3939 1030.77
vn 0.352405 0.930984 0.0952917
v -228.715 -56.2429 1030.4
vn 0.0617511 0.986206 0.153571
v -228.452 -56.3178 1030.49
vn 0.137325 0.989282 -0.049638
v -228.639 -56.3003 1030.14
vn -0.236014 0.931868 0.275535
v -228.197 -56.2244 1030.16
vn 0.309061 0.710922 0.631721
v -227.601 -56.4555 1030.96
vn -0.478506 0.767852 0.425952
v -227.521 -55.8843 1030.34
vn 0.254661 -0.7866 0.562502
v -233.365 -61.8631 1030.02
vn 0.605409 -0.772157 0.193013
v -232.224 -61.0933 1030.48
vn 0.24048 -0.807573 0.538512
v -232.712 -61.5468 1030.2
vn 0.294905 -0.829512 0.47428
v -231.429 -61.1792 1029.5
vn 0.368719 -0.829553 0.419391
v -231.434 -60.6158 1030.4
vn 0.168146 0.966605 -0.193395
v -229.631 -55.8752 1030.22
vn 0.161633 0.952735 -0.257237
v -229.903 -56.229 1029.18
vn -0.264666 0.959468 0.0968175
v -229.368 -56.2592 1028.31
vn 0.514635 -0.731929 0.446576
v -234.842 -63.3232 1028.95
vn 0.900003 -0.0813846 0.428218
v -240.253 -73.2895 1027.74
vn 0.286079 -0.483965 0.827004
v -239.997 -73.2101 1027.65
vn 0.480854 -0.411698 0.774135
v -239.939 -71.4651 1028.65
vn 0.75861 -0.283617 0.586577
v -239.467 -71.6326 1027.96
vn 0.742233 -0.456541 0.490572
v -238.669 -68.4435 1027.64
vn 0.509956 -0.521597 0.684019
v -238.515 -68.5437 1027.5
vn 0.33718 -0.747859 0.571854
v -234.389 -64.1475 1027.51
vn -0.200058 0.968499 -0.148277
v -231.177 -56.7969 1027.04
vn -0.269109 -0.692297 0.669556
v -242.283 -76.3898 1027
vn 0.973247 -0.203763 0.106166
v -239.45 -70.792 1027.4
vn 0.935255 -0.284905 0.210065
v -239.407 -71.1017 1026.89
vn 0.730791 -0.437556 0.523917
v -238.767 -69.119 1027.27
vn 0.849275 -0.47872 0.222621
v -238.797 -69.6116 1026.82
vn 0.768761 -0.632955 0.0915132
v -236.81 -66.6331 1026.29
vn 0.80589 -0.551129 -0.21633
v -237.097 -66.5888 1025.32
vn -0.38849 0.921414 -0.00850042
v -233.532 -57.8273 1025.32
vn -0.451401 0.879028 0.153448
v -232.116 -57.1085 1025.87
vn -0.705701 -0.58876 0.394141
v -243.815 -75.9227 1026.06
vn 0.710111 -0.690417 0.138083
v -237.143 -66.5888 1025.1
vn -0.489291 0.863689 0.120979
v -233.531 -57.3143 1023.36
vn -0.5214 0.850577 0.0682731
v -236.62 -59.3161 1021.21
vn -0.279658 0.953628 -0.111291
v -234.842 -57.9265 1019.8
vn -0.910318 -0.325954 0.255098
v -245.772 -75.6187 1020.34
vn -0.567489 0.820847 0.0645559
v -237.368 -59.2269 1018.46
vn -0.992327 -0.114426 0.0468363
v -246.354 -75.1121 1018.9
vn -0.938222 -0.238948 0.250285
v -246.497 -74.6039 1017.92
vn -0.941368 -0.0723731 0.329529
v -246.649 -73.179 1018.42
vn -0.952666 0.272595 -0.134611
v -246.525 -72.8082 1018.25
vn -0.874305 -0.201033 0.441788
v -246.589 -73.6494 1018.58
vn -0.860097 0.0683626 0.505529
v -246.829 -73.7927 1018.19
vn -0.98971 0.142653 -0.0111458
v -246.818 -73.6982 1017.76
vn -0.595588 0.803222 -0.0104381
v -240.072 -61.0517 1015.69
vn -0.564781 0.815031 -0.129411
v -239.884 -61.011 1014.94
vn -0.893241 -0.319689 0.316101
v -247.023 -73.4957 1015.88
vn -0.848495 -0.38882 0.358992
v -247.189 -73.7053 1015.26
vn -0.926911 0.354104 -0.124282
v -247.039 -71.0292 1015.38
vn -0.998265 0.0508537 -0.0296682
v -247.058 -73.6303 1014.54
vn -0.996129 0.0830504 0.0288092
v -247.263 -72.138 1014.62
vn -0.975845 0.199181 -0.0897368
v -247.148 -72.0014 1014.36
vn -0.969601 -0.0799858 0.23125
v -247.198 -71.7164 1013.98
vn -0.993151 -0.0136355 0.116037
v -247.166 -72.4329 1013.42
vn -0.67618 0.735112 -0.0488906
v -242.331 -63.0675 1013.35
vn -0.861734 0.498827 -0.0926567
v -246.867 -69.6427 1012.33
vn -0.731423 0.633445 -0.252523
v -246.306 -68.7854 1012.86
vn -0.895185 0.441913 -0.0579416
v -246.303 -68.564 1012.44
vn -0.979384 0.199679 -0.0305653
v -247.67 -71.6101 1011.32
vn -0.504439 0.027922 0.862996
v -225.799 -57.08 1032.03
vn -0.251052 0.365302 0.896397
v -224.89 -56.1583 1032.4
vn -0.0190495 0.782422 0.622457
v -224.647 -55.7963 1032.12
vn 0.137163 -0.802319 0.580921
v -228.855 -59.2839 1031.6
vn 0.54926 -0.819928 0.161345
v -228.222 -59.2769 1031.34
vn 0.0470825 -0.726997 0.685024
v -227.729 -58.7664 1032.13
vn 0.350186 0.274451 0.89557
v -227.545 -58.4148 1032.08
vn 0.596087 -0.78076 0.187334
v -227.047 -58.252 1031.87
vn 0.292272 0.350164 0.889923
v -226.981 -58.0684 1031.79
vn -0.339417 -0.57264 0.746243
v -226.843 -58.6108 1031.69
vn -0.499943 0.0240041 0.865726
v -226.437 -58.373 1031.7
vn 0.217162 -0.876184 0.430281
v -227.412 -59.2716 1030.93
vn 0.0727852 0.576327 0.813972
v -227.516 -56.7029 1031.2
vn -0.320172 0.471481 0.821703
v -227.136 -56.2462 1031
vn -0.552427 0.247851 0.795861
v -226.204 -55.751 1031.74
vn -0.189523 0.694767 0.693816
v -226.076 -55.5965 1031.7
vn -0.623384 0.451297 0.638533
v -226.372 -55.4657 1031.45
vn -0.770263 0.302417 0.561462
v -226.475 -55.6393 1031.44
vn -0.0732272 0.896442 0.43707
v -226.148 -55.3725 1031.32
vn -0.687814 0.162089 0.707559
v -226.683 -56.0035 1031.26
vn -0.736709 0.417514 0.531923
v -226.804 -55.9565 1031.1
vn -0.250169 0.878757 0.406451
v -225.861 -55.1332 1030.78
vn -0.256018 0.757649 0.600352
v -224.921 -55.1339 1031.22
vn -0.0962793 0.945531 0.310968
v -224.71 -55.0086 1031.14
vn -0.0338636 -0.789136 0.613285
v -229.48 -60.3244 1030.21
vn 0.306773 -0.936843 0.167975
v -229.809 -60.4296 1029.73
vn -0.0608834 -0.783233 0.61874
v -229.336 -59.8262 1030.86
vn 0.272799 -0.87742 0.394608
v -228.173 -59.575 1030.35
vn -0.604354 0.57883 0.547459
v -226.973 -55.9061 1030.75
vn -0.579477 0.722054 0.377948
v -227.012 -55.478 1030.31
vn -0.256158 0.952359 0.165517
v -226.163 -55.0284 1030.26
vn 0.0308526 0.987346 -0.155554
v -225.805 -55.0038 1030.1
vn 0.444255 -0.858463 0.25628
v -230.572 -60.4662 1029.8
vn -0.172886 -0.710472 0.682159
v -230.275 -60.4735 1029.88
vn 0.180222 -0.760806 0.623453
v -230.577 -60.7153 1029.59
vn 0.364761 -0.872046 0.326319
v -230.66 -60.9412 1029.23
vn 0.497687 -0.866075 0.0471238
v -229.597 -60.3368 1029.55
vn 0.436807 -0.82613 0.355962
v -232.218 -62.1028 1027.69
vn 0.122248 -0.79422 0.595205
v -231.38 -61.587 1028.17
vn 0.145273 -0.72592 0.672261
v -231.059 -62.0044 1027.8
vn 0.406534 -0.760761 0.505938
v -230.845 -61.9899 1027.7
vn 0.294506 -0.808225 0.509939
v -231.253 -62.4244 1027.44
vn -0.262017 0.965039 -0.00676061
v -228.699 -55.7704 1027.12
vn 0.466339 -0.482529 0.741414
v -239.867 -75.5659 1027.65
vn 0.843763 0.265707 0.466329
v -240.082 -74.7495 1027.77
vn 0.741717 -0.664936 -0.0878409
v -234.434 -64.2236 1026.63
vn 0.112103 -0.785498 0.608626
v -232.51 -62.971 1026.71
vn 0.352488 -0.805916 0.475659
v -233.361 -63.7333 1026.01
vn 0.404127 -0.865497 0.295968
v -232.786 -63.6212 1025.71
vn 0.894936 0.419928 0.150829
v -239.868 -75.1728 1026.76
vn 0.638296 0.759142 -0.127601
v -239.538 -75.5031 1026.78
vn 0.995001 0.0993725 -0.00994531
v -239.67 -73.5765 1026
vn 0.817959 -0.159601 0.552694
v -239.887 -74.7468 1026.72
vn 0.700311 -0.262468 0.663834
v -239.693 -74.8785 1026.49
vn 0.195809 -0.603456 0.772981
v -239.44 -74.7616 1026.61
vn 0.809864 0.377433 -0.449072
v -239.396 -74.181 1026.01
vn 0.970915 0.11607 0.209406
v -239.536 -73.9305 1025.53
vn -0.550513 -0.684401 0.478049
v -242.309 -78.2652 1024.8
vn 0.99949 0.0303589 -0.00991664
v -239.499 -72.4154 1024.96
vn 0.965034 0.0935076 -0.24488
v -239.493 -72.9098 1024.67
vn 0.993855 -0.00789584 -0.110411
v -239.548 -72.6702 1024.51
vn 0.996741 0.074826 -0.0301262
v -239.417 -73.3945 1024.79
vn 0.934691 0.131041 -0.330425
v -239.521 -73.6156 1024.36
vn 0.98394 -0.177298 -0.0206809
v -239.423 -71.3514 1024.63
vn 0.876274 -0.476136 -0.0737463
v -237.83 -67.6692 1024.4
vn 0.905572 -0.420623 -0.0549119
v -238.175 -68.4155 1024.23
vn 0.847242 -0.50045 -0.178131
v -237.464 -67.7359 1023.55
vn 0.466585 -0.753785 0.462716
v -236.856 -66.4514 1025
vn 0.558883 -0.801 0.214589
v -236.95 -66.8729 1023.43
vn 0.324693 -0.795093 0.512251
v -236.139 -66.1002 1024.05
vn -0.629426 -0.641263 0.438867
v -243.739 -77.8536 1023.3
vn -0.950517 -0.0141743 -0.31035
v -243.723 -77.6305 1023.32
vn 0.993498 -0.00766984 -0.113593
v -239.618 -72.9637 1023.61
vn 0.528661 0.334685 -0.780066
v -239.72 -72.7472 1023.02
vn 0.721684 0.393576 -0.569447
v -240.472 -73.093 1022.43
vn 0.951004 -0.20825 -0.228523
v -239.589 -71.3805 1023.59
vn 0.89551 -0.426813 0.126063
v -239.974 -71.716 1022.84
vn 0.922853 -0.354599 0.150337
v -239.785 -71.8823 1022.28
vn 0.886372 -0.453731 0.0920502
v -239.049 -70.1331 1023.07
vn 0.912335 -0.386789 -0.134306
v -238.878 -69.7087 1023.05
vn 0.663215 -0.722239 0.196259
v -237.731 -68.0651 1023.41
vn 0.797006 -0.594562 0.106191
v -238.339 -68.6781 1023.16
vn 0.810321 -0.579441 -0.0873433
v -237.698 -67.6981 1022.77
vn -0.791057 -0.548894 0.270084
v -243.941 -77.227 1022.59
vn 0.951616 -0.27054 -0.145722
v -239.635 -70.8632 1021.9
vn -0.682375 -0.509911 0.523789
v -245.872 -76.4135 1019.16
vn -0.786227 -0.437912 0.435981
v -245.682 -76.6224 1019.26
vn -0.777243 -0.478661 0.408383
v -245.424 -77.0862 1019.3
vn -0.75142 -0.452293 0.480415
v -245.844 -76.1647 1019.4
vn -0.804969 -0.441127 0.396778
v -246.098 -76.2702 1019.06
vn -0.766648 -0.557662 0.31822
v -245.796 -77.2453 1018.34
vn -0.992539 -0.0971581 0.07366
v -246.471 -75.9977 1016.6
vn -0.411919 0.894747 -0.172485
v -237.216 -59.4883 1014.9
vn -0.920734 -0.24647 0.302493
v -247.188 -74.1463 1013.41
vn -0.714274 -0.339022 0.612273
v -247.657 -74.3445 1011.82
vn -0.58196 0.801628 -0.136806
v -241.015 -62.3933 1011.49
vn -0.545838 0.821899 -0.162921
v -241.137 -62.6822 1010.38
vn -0.938879 -0.145015 0.312214
v -247.975 -74.652 1011.26
vn -0.998235 0.0568799 -0.0170658
v -247.998 -74.4574 1010.85
vn -0.85336 0.466111 -0.233488
v -246.946 -70.4206 1011.16
vn -0.971956 0.231095 -0.0435557
v -247.187 -71.6189 1009.53
vn -0.740405 0.664009 -0.104364
v -244.32 -65.8169 1007.88
vn -0.342984 -0.110715 0.932794
v -224.913 -57.7453 1032.41
vn -0.277813 -0.0358601 0.959966
v -224.476 -57.2708 1032.63
vn 0.0325472 -0.0903625 0.995377
v -224.277 -57.3777 1032.64
vn 0.241667 -0.870311 0.429133
v -224.288 -57.6251 1032.43
vn -0.0252183 0.152013 0.988057
v -224.252 -56.4773 1032.64
vn 0.0432239 0.689656 0.722846
v -223.904 -56.2219 1032.52
vn 0.473079 0.696042 0.540113
v -223.98 -55.9961 1032.14
vn 0.940738 -0.117404 0.318163
v -223.829 -56.1648 1032.13
vn 0.945008 -0.300332 0.129463
v -224.119 -57.2689 1032.34
vn 0.923304 -0.338173 0.182066
v -223.788 -56.3515 1031.94
vn 0.794169 -0.430309 0.429102
v -223.693 -56.1861 1031.84
vn 0.728493 -0.304053 0.613881
v -223.639 -56.0114 1031.84
vn 0.698691 -0.684044 0.209557
v -223.788 -56.3868 1031.63
vn 0.535828 -0.32878 0.777683
v -223.494 -56.0804 1031.71
vn 0.105795 0.618151 0.778907
v -224.137 -55.5043 1031.7
vn 0.0975297 0.759222 0.643482
v -223.596 -55.135 1031.49
vn 0.286378 0.437191 0.852556
v -223.39 -55.4541 1031.68
vn 0.34734 0.741611 0.573906
v -223.373 -55.159 1031.38
vn 0.70134 0.53659 0.469247
v -223.186 -55.3736 1031.49
vn 0.690211 0.721984 0.0484557
v -223.228 -55.2689 1031.3
vn 0.565062 0.255406 0.784521
v -223.123 -55.8319 1031.64
vn 0.805689 0.591802 0.0252072
v -223.049 -55.4659 1031.19
vn 0.880697 0.38253 0.279363
v -222.952 -55.727 1031.36
vn 0.705623 -0.655541 0.269002
v -223.049 -55.9047 1031.35
vn 0.179991 -0.769797 0.612386
v -226.431 -58.6254 1031.52
vn 0.25019 -0.896504 0.36563
v -227.27 -59.4388 1030.43
vn 0.197225 -0.905775 0.375065
v -225.674 -58.7295 1030.2
vn 0.870031 -0.489018 0.0625111
v -224.198 -56.9137 1031.08
vn 0.25354 0.962375 0.0977366
v -223.669 -54.9632 1031.11
vn 0.173576 0.945485 -0.275551
v -223.884 -55.0162 1030.31
vn 0.553315 0.824166 -0.120801
v -223.537 -55.1163 1030.58
vn 0.0805485 0.948613 -0.306014
v -224.63 -55.2895 1029.73
vn 0.363098 -0.869218 0.335589
v -228.681 -60.4143 1028.02
vn 0.0616832 0.979589 -0.191313
v -225.606 -55.6063 1027.85
vn 0.339288 -0.59216 0.730911
v -240.186 -77.0831 1026.87
vn 0.642705 0.763617 -0.0617957
v -239.17 -75.8077 1026.84
vn 0.835672 0.215066 0.50537
v -238.885 -76.4417 1026.65
vn 0.568758 -0.816286 0.100954
v -231.463 -62.6395 1026.57
vn -0.0374012 0.979657 -0.197161
v -227.766 -55.9932 1025.31
vn -0.105031 -0.730831 0.674429
v -240.24 -78.1667 1025.62
vn 0.865024 0.100335 0.491595
v -239.456 -75.5193 1026.01
vn 0.661537 0.737362 -0.136626
v -238.954 -75.9401 1026.44
vn 0.145505 -0.733097 0.664378
v -239.113 -75.772 1025.43
vn 0.926734 0.34975 -0.137255
v -239.049 -75.8306 1025.22
vn 0.819661 0.566412 0.0856304
v -238.917 -76.2841 1025.49
vn 0.874897 0.462613 0.143334
v -238.963 -76.0069 1025.1
vn 0.558932 -0.44912 0.697056
v -239.059 -75.0278 1026.19
vn 0.98408 0.176156 -0.0235511
v -239.322 -74.9726 1025.19
vn 0.568358 -0.773553 0.28033
v -234.553 -65.4109 1024.29
vn 0.534827 -0.799742 0.272712
v -233.517 -64.2376 1024.86
vn 0.560772 -0.793914 0.23502
v -233.195 -64.5217 1023.9
vn 0.522532 -0.80779 0.27283
v -232.675 -63.8048 1024.52
vn 0.61725 -0.777738 0.118851
v -232.88 -64.236 1023.89
vn 0.33501 -0.819843 0.464355
v -231.782 -63.2931 1024.17
vn -0.36661 -0.746302 0.555545
v -241.196 -79.2246 1024.59
vn 0.983228 0.044356 -0.176904
v -239.645 -73.9238 1023.93
vn 0.951227 0.2843 -0.119757
v -239.447 -75.0395 1024.57
vn 0.955972 0.149123 -0.252744
v -239.416 -74.6201 1024.17
vn 0.89104 0.252633 -0.377127
v -239.601 -74.7807 1023.79
vn 0.393826 -0.842919 0.366591
v -235.374 -66.1208 1023.58
vn 0.572514 -0.815896 0.0808853
v -235.313 -66.2241 1022.97
vn 0.686931 -0.724616 0.0552876
v -234.6 -65.648 1023.39
vn 0.620772 -0.774127 0.123969
v -234.348 -65.3618 1023.09
vn 0.603745 -0.795928 0.0446235
v -233.382 -64.6814 1023.62
vn 0.461321 -0.845639 0.268475
v -234.32 -65.4531 1022.42
vn -0.494543 -0.716997 0.491266
v -242.576 -79.0231 1022.81
vn 0.642985 0.347346 -0.682584
v -239.862 -74.3688 1022.16
vn 0.996212 0.0556246 -0.0668459
v -239.66 -74.5781 1022.29
vn 0.469608 0.347497 -0.811612
v -240.076 -73.0723 1022.69
vn 0.411008 -0.880619 0.235759
v -235.351 -66.4126 1021.15
vn -0.920186 -0.385804 -0.066429
v -242.911 -79.6914 1021.54
vn -0.937806 -0.347075 -0.00763665
v -243.119 -78.9563 1021.29
vn -0.95871 -0.229245 -0.168293
v -243.024 -79.3673 1021.45
vn 0.878863 0.26804 -0.394657
v -240.141 -74.1653 1021.9
vn 0.993173 0.111629 -0.033863
v -240.232 -74.0078 1021.57
vn 0.594162 0.382202 -0.707738
v -240.028 -75.0138 1021.73
vn 0.836846 -0.334581 0.433295
v -240.022 -72.9594 1021.73
vn 0.979218 -0.151758 0.134539
v -239.87 -72.8381 1021.52
vn 0.960673 0.000423225 -0.277682
v -240.191 -72.7926 1020.78
vn 0.691019 -0.72198 -0.0351972
v -237.709 -67.9951 1020.96
vn 0.59348 -0.804832 -0.00526379
v -237.057 -67.364 1020.74
vn 0.988551 -0.0324121 -0.147364
v -240.268 -72.985 1020.35
vn 0.962099 -0.185759 -0.199648
v -240.417 -72.7662 1019.55
vn 0.835695 0.243443 -0.49229
v -240.305 -73.4157 1019.86
vn 0.907391 -0.184068 -0.377836
v -239.73 -70.6746 1019.3
vn 0.696023 -0.17883 -0.695394
v -239.847 -69.77 1019.04
vn 0.886092 -0.441076 -0.142453
v -239.387 -69.9048 1019.47
vn 0.735108 -0.522922 -0.431473
v -238.658 -68.6675 1019.75
vn -0.992364 -0.123345 8.32117e-005
v -244.591 -78.6051 1018.69
vn 0.971104 -0.22556 0.0779708
v -240.513 -73.0504 1018.62
vn 0.928153 0.101915 -0.357974
v -240.123 -70.5443 1018.39
vn 0.971742 -0.0731739 -0.224415
v -239.989 -71.0382 1018.7
vn 0.981752 -0.178119 -0.0666032
v -240.201 -71.8649 1018.47
vn 0.711589 0.179366 -0.679315
v -240.262 -71.2092 1017.92
vn 0.902619 0.0289739 -0.429464
v -240.449 -71.3803 1017.54
vn 0.978736 -0.0826754 -0.187724
v -240.07 -71.3058 1017.98
vn 0.864169 -0.0545609 -0.500235
v -239.956 -69.6638 1018.88
vn 0.650575 -0.750672 0.115084
v -239.826 -69.5154 1018.8
vn 0.743299 -0.58296 0.328124
v -239.944 -69.6975 1018.65
vn 0.646498 -0.69904 0.305588
v -239.401 -69.5873 1018.19
vn 0.818158 -0.574654 -0.0197451
v -239.321 -69.5068 1017.27
vn -0.871474 -0.485651 0.068384
v -244.603 -79.0124 1017.75
vn -0.153389 0.960803 -0.230932
v -233.976 -58.4382 1015.86
vn -0.923615 -0.350354 0.155524
v -246.343 -77.599 1015.87
vn -0.0883965 0.916598 -0.389916
v -235.31 -59.3228 1013.02
vn -0.807307 -0.455154 0.37562
v -246.471 -76.8356 1015.28
vn -0.951769 -0.300373 0.0625472
v -246.331 -77.6294 1015
vn -0.385022 0.903101 -0.190175
v -237.648 -60.4549 1012.4
vn -0.93722 -0.265541 0.226069
v -246.986 -77.0143 1011.28
vn -0.352808 0.899893 -0.256356
v -238.443 -61.2231 1009.92
vn -0.872389 -0.328879 0.361629
v -247.539 -76.3099 1010.82
vn -0.982542 0.182009 -0.0385222
v -247.399 -72.6796 1007.26
vn -0.988913 0.147067 -0.0205285
v -247.376 -72.4867 1007.05
vn -0.963768 0.263131 -0.0437453
v -247.175 -71.5247 1006.42
vn -0.306582 0.764099 -0.567591
v -244.715 -66.8861 1006.66
vn -0.993021 0.116392 0.019023
v -247.384 -73.0762 1005.86
vn -0.871545 0.489697 0.0246146
v -244.983 -67.5596 1005.5
vn 0.8099 -0.549092 0.206299
v -224.652 -58.6009 1030.17
vn 0.932042 -0.349255 0.0965374
v -224.503 -58.4848 1029.89
vn 0.475209 0.846525 -0.239941
v -223.176 -55.4046 1030.14
vn 0.188743 -0.782502 0.593352
v -224.756 -59.4303 1028.42
vn 0.981797 -0.188092 0.0263989
v -224.34 -58.5586 1028.02
vn 0.770118 -0.625311 0.126114
v -223.693 -57.0396 1028.38
vn 0.782829 -0.6106 0.119778
v -222.954 -56.2476 1028.81
vn 0.885122 0.453649 -0.103736
v -222.878 -56.0609 1028.8
vn 0.22445 0.955614 -0.190849
v -223.579 -55.871 1027.59
vn 0.214608 -0.876866 0.430174
v -227.113 -60.156 1027.76
vn -0.325632 -0.429168 0.842483
v -227.503 -60.813 1027.31
vn -0.221299 -0.497053 0.839026
v -226.613 -60.5653 1027.69
vn 0.272278 -0.836039 0.476343
v -227.584 -61.4375 1026.92
vn -0.241407 -0.546572 0.801861
v -226.477 -60.1501 1027.97
vn 0.36946 -0.795351 0.480538
v -226.108 -60.1516 1027.71
vn 0.366652 -0.921346 0.12918
v -228.961 -62.3327 1025.88
vn 0.421369 -0.846016 0.326656
v -227.338 -61.56 1026.56
vn 0.437847 -0.898916 0.0154906
v -227.222 -61.5402 1026.29
vn 0.269674 -0.933208 0.237482
v -227.244 -61.5527 1026.07
vn 0.142666 -0.913313 0.381451
v -230.078 -62.3527 1025.29
vn 0.258284 -0.946576 0.193087
v -229.719 -62.4655 1024.66
vn 0.147043 -0.908023 0.392266
v -229.132 -62.3195 1024.62
vn 0.836962 0.545537 -0.0434005
v -238.664 -76.5751 1025.33
vn 0.872981 0.282948 0.397297
v -238.239 -77.1264 1025.72
vn 0.330693 -0.752344 0.569755
v -232.229 -64.1867 1023.41
vn 0.503403 -0.79688 0.334016
v -232.141 -64.2603 1023.18
vn 0.342902 -0.832823 0.434539
v -230.381 -63.3996 1023.05
vn 0.927913 0.250141 -0.276418
v -239.263 -76.2502 1023.43
vn 0.956034 0.238546 -0.170572
v -239.12 -76.9069 1023.47
vn 0.500765 -0.828361 0.251101
v -232.635 -64.7366 1022.81
vn 0.38565 -0.865931 0.318494
v -232.818 -64.9188 1022.21
vn 0.359496 -0.90882 0.211681
v -232.678 -65.0309 1021.9
vn 0.644777 -0.761611 0.064893
v -232.312 -64.4255 1022.93
vn 0.502324 -0.842395 0.195043
v -232.477 -64.6098 1022.53
vn 0.220552 -0.769921 0.598813
v -231.911 -64.3401 1022.75
vn -0.0268153 -0.699411 0.714216
v -232.269 -64.7359 1022.42
vn 0.00749447 -0.847217 0.531195
v -232.477 -64.841 1022.28
vn 0.599484 -0.797907 -0.0629578
v -232.101 -64.8371 1022.33
vn 0.14528 -0.969685 0.196481
v -232.29 -64.8757 1022.19
vn 0.4049 -0.914194 -0.0174958
v -232.46 -64.9303 1021.81
vn 0.564324 -0.819405 -0.100563
v -231.778 -64.5685 1022.21
vn 0.528775 -0.844482 0.0851336
v -230.697 -63.7506 1022.49
vn 0.974073 0.121152 -0.191061
v -240.244 -75.7067 1021.07
vn 0.887467 -0.177244 0.425426
v -240.185 -75.7199 1020.81
vn 0.501974 0.459455 -0.732751
v -239.798 -76.0033 1021.26
vn 0.875679 -0.194464 0.442006
v -240.031 -74.8674 1021
vn 0.993183 0.0426237 -0.108494
v -239.955 -74.8105 1020.61
vn 0.493425 -0.869422 0.0252344
v -234.081 -65.9126 1019.54
vn 0.398629 -0.89711 0.190496
v -234.128 -65.9486 1019.11
vn -0.878235 -0.471079 0.0823947
v -242.716 -79.9424 1020.3
vn 0.649266 0.389593 -0.653201
v -240.638 -74.5435 1018.96
vn 0.941742 0.151236 -0.300415
v -240.779 -74.5223 1018.81
vn 0.761386 0.400407 -0.509868
v -240.239 -75.5999 1018.63
vn 0.920469 0.22888 -0.316781
v -240.043 -75.7975 1018.73
vn 0.505893 -0.854316 0.119233
v -236.406 -67.2093 1019.18
vn 0.997569 -0.00244574 0.0696363
v -240.68 -75.1382 1017.56
vn 0.996568 -0.0639092 0.0526108
v -240.502 -74.5748 1017.34
vn 0.961073 -0.127284 -0.245228
v -240.457 -72.7433 1017.57
vn 0.790635 0.0818679 -0.606789
v -240.675 -73.1277 1017.18
vn 0.959208 -0.195655 0.204057
v -240.487 -73.8351 1017.88
vn 0.9897 -0.0421764 -0.1368
v -240.418 -73.6701 1017.65
vn 0.828124 0.180693 -0.530623
v -240.652 -73.6063 1017.1
vn 0.319447 -0.916438 0.24103
v -237.978 -68.0228 1016.62
vn 0.410484 -0.905408 0.108348
v -236.736 -67.6856 1016.31
vn -0.954278 -0.298133 -0.0217001
v -244.427 -79.4456 1017.61
vn -0.938469 -0.337891 -0.0714526
v -244.428 -79.2944 1017.44
vn -0.898674 -0.432583 0.0725062
v -244.329 -79.8426 1017.28
vn -0.730565 -0.613095 0.300647
v -244.356 -79.5298 1016.89
vn -0.944386 -0.285473 -0.163218
v -244.258 -79.9087 1017.02
vn 0.992025 -0.00366639 0.125987
v -240.865 -74.0399 1015.8
vn 0.797604 0.142464 -0.586116
v -241.113 -73.405 1016.67
vn 0.954367 -0.269322 0.129034
v -240.799 -72.9518 1016.13
vn 0.98887 -0.120968 -0.0866244
v -240.884 -73.6479 1015.64
vn 0.568116 -0.802934 0.180389
v -238.522 -68.7532 1015.66
vn 0.740993 0.174504 -0.648443
v -241.279 -74.1835 1015.08
vn 0.953197 -0.201497 -0.225421
v -240.662 -72.4915 1014.81
vn 0.724077 -0.689387 0.021415
v -239.453 -69.5393 1014.37
vn 0.11219 0.844517 -0.523645
v -234.972 -59.4552 1012.84
vn -0.0947941 0.967678 -0.233694
v -233.855 -59.1701 1013.61
vn -0.225035 0.971229 -0.077934
v -233.527 -59.1266 1013.55
vn -0.227621 0.964938 -0.130701
v -233.699 -59.164 1012.96
vn -0.662041 -0.647132 0.37805
v -245.389 -79.2633 1014.74
vn 0.911488 -0.40762 0.055102
v -241.025 -71.8087 1013.07
vn 0.846603 -0.521078 0.108351
v -240.573 -71.411 1012.69
vn 0.726254 -0.682331 0.0835428
v -239.805 -69.8107 1012.33
vn 0.0110077 0.872484 -0.488518
v -235.251 -59.8058 1012.26
vn -0.919505 -0.357866 0.162612
v -246.129 -79.1981 1012.87
vn -0.0908508 0.901995 -0.422079
v -236.824 -60.5037 1011.12
vn -0.433119 0.900781 -0.0316401
v -236.509 -60.3179 1010.55
vn -0.898493 -0.33003 0.289467
v -247.278 -77.6794 1010.08
vn -0.480211 0.873353 -0.0815565
v -238.734 -61.6583 1008.74
vn -0.985519 -0.162114 0.0497221
v -247.884 -76.9728 1008.22
vn -0.445276 0.888285 -0.1126
v -238.996 -61.953 1006.92
vn -0.980402 0.179321 -0.0815869
v -247.698 -76.3458 1005.77
vn -0.995971 0.0811453 0.0381635
v -247.761 -74.449 1006.06
vn -0.659639 0.746408 -0.0880403
v -242.371 -64.7002 1004.9
vn -0.996143 0.0775865 0.0409892
v -247.702 -76.3948 1005.32
vn -0.983284 0.179157 -0.0324934
v -247.432 -73.5124 1005.82
vn -0.622082 0.782864 -0.0117553
v -241.521 -63.6919 1003.75
vn -0.928597 0.0862948 0.360916
v -246.414 -70.7221 1003.06
vn -0.925748 0.374624 -0.0514506
v -246.595 -71.5419 1003.03
vn -0.823513 0.552418 0.129072
v -243.454 -65.5962 1001.93
vn -0.955867 0.165136 0.243
v -247.055 -71.8841 1001.86
vn -0.831877 0.516369 -0.203332
v -246.001 -69.7339 1001.66
vn 0.357582 -0.781422 0.511385
v -224.778 -60.1759 1027.8
vn 0.962772 -0.219694 0.157495
v -224.497 -59.3518 1028.34
vn 0.816441 0.558022 -0.148445
v -223.044 -56.2015 1027.52
vn 0.346808 -0.864253 0.364404
v -226.621 -61.1744 1026.5
vn 0.998997 0.0424696 -0.0141664
v -224.37 -60.3949 1026.44
vn 0.845697 -0.531228 0.0509304
v -223.091 -57.0181 1025.42
vn 0.940113 -0.338724 0.0381219
v -223.014 -56.6509 1027
vn 0.996746 0.0538011 -0.060022
v -223.009 -56.7634 1025.86
vn 0.0709807 -0.80413 0.5902
v -226.598 -61.3308 1026.24
vn 0.240391 -0.970667 -0.00422027
v -227.96 -62.5661 1023.82
vn 0.213126 -0.951222 0.223055
v -228.145 -62.6081 1023.45
vn 0.21072 -0.94368 0.25508
v -227.118 -62.3566 1024.56
vn 0.385805 -0.92173 -0.0395966
v -226.857 -62.1748 1024.47
vn 0.351668 -0.551019 0.756774
v -237.742 -78.9171 1024.41
vn 0.865002 0.441121 -0.239131
v -237.793 -78.7731 1024.16
vn 0.246629 -0.935679 0.252347
v -229.315 -62.8899 1023.52
vn 0.743524 0.474375 -0.471318
v -238.463 -78.9231 1023.12
vn 0.276836 -0.93315 0.229331
v -229.894 -64.1858 1020.49
vn 0.575567 0.509323 -0.639776
v -239.3 -79.6128 1020.97
vn 0.995475 0.0833951 -0.0455433
v -239.425 -78.3296 1021.2
vn 0.681618 0.448517 -0.578126
v -239 -79.4226 1021.3
vn -0.123247 0.984074 -0.128092
v -227.126 -57.3021 1019.04
vn -0.652657 -0.671523 0.35085
v -240.672 -81.8788 1020.63
vn 0.840513 0.328782 -0.430627
v -239.988 -78.1001 1019.94
vn 0.28555 0.530293 -0.79828
v -239.73 -78.1211 1019.96
vn 0.470349 0.481302 -0.739676
v -239.566 -77.4861 1020.5
vn 0.315786 -0.88299 0.347287
v -233.374 -65.6755 1019.24
vn 0.354989 -0.907841 0.223177
v -231.838 -64.8991 1019.3
vn 0.458206 -0.880636 -0.120527
v -233.98 -66.6979 1017.16
vn 0.350795 -0.893617 0.279984
v -233.785 -66.528 1017.57
vn 0.529749 -0.697528 -0.482516
v -233.667 -66.4225 1017.05
vn -0.180218 0.98112 -0.0701809
v -229.043 -57.7331 1016.98
vn -0.0449357 0.981297 -0.187183
v -228.722 -57.7311 1016.16
vn 0.461602 -0.875163 -0.144958
v -235.169 -66.8566 1016.13
vn 0.517273 -0.842076 0.152762
v -234.446 -66.6766 1015.14
vn 0.332635 -0.905756 0.262601
v -234.295 -66.471 1015.65
vn -0.0377251 -0.773045 0.633228
v -233.845 -66.3015 1015.81
vn -0.2004 0.969124 -0.143658
v -230.764 -58.1584 1015.28
vn -0.3753 -0.72039 0.583256
v -243.875 -80.6995 1015.77
vn 0.972266 -0.0532884 0.227726
v -240.487 -77.2962 1015.83
vn 0.929751 0.192078 -0.314117
v -240.741 -77.4256 1015.27
vn 0.990675 0.030257 0.132842
v -240.857 -75.1453 1016.09
vn 0.891236 0.184214 -0.414445
v -240.685 -75.5228 1016.18
vn 0.996831 0.0347358 0.0715661
v -240.762 -75.3477 1015.35
vn 0.431912 -0.893607 0.122141
v -235.043 -67.0466 1014.93
vn 0.454408 -0.889923 -0.039387
v -234.862 -66.9662 1014.64
vn -0.831607 -0.54908 0.0833044
v -244.39 -80.949 1015.15
vn 0.988231 -0.00118818 0.152963
v -241.351 -76.1024 1013.96
vn 0.70929 0.272781 -0.649999
v -241.058 -75.2207 1015.06
vn 0.972078 -0.158618 0.172931
v -241.245 -74.7464 1014.32
vn 0.708644 0.280834 -0.647268
v -241.425 -75.5411 1014.52
vn 0.461057 -0.886745 0.0333028
v -237.175 -67.9425 1013.14
vn -0.319332 0.947242 -0.027582
v -231.928 -59.3217 1011.65
vn -0.487615 -0.687729 0.53783
v -244.686 -81.0067 1013.25
vn 0.995082 0.0493285 -0.0858994
v -241.693 -76.1027 1012.34
vn 0.995605 -0.0893451 0.0280562
v -241.269 -75.4639 1012.89
vn 0.942326 -0.0477156 -0.331278
v -241.482 -73.7818 1013.01
vn 0.85579 -0.449356 0.256327
v -241.066 -72.2966 1012.6
vn 0.905935 -0.40687 -0.117211
v -240.595 -71.402 1012.48
vn 0.63051 -0.767282 0.117201
v -239.376 -69.6317 1011.93
vn 0.639387 -0.76864 -0.0194071
v -238.627 -68.9233 1011.68
vn -0.888821 -0.451952 0.0757407
v -245.053 -80.6939 1012.25
vn 0.884173 -0.108957 -0.454276
v -241.592 -73.0925 1011.15
vn 0.974734 -0.222996 0.0128855
v -241.566 -73.934 1011.91
vn 0.932516 -0.325842 -0.155695
v -241.968 -73.6398 1010.58
vn 0.712202 0.0653578 -0.698925
v -241.776 -73.9368 1010.9
vn 0.867415 -0.497268 -0.017771
v -240.96 -71.5841 1010.62
vn 0.763787 -0.643829 0.0459665
v -240.226 -70.5745 1011.31
vn -0.86154 -0.468126 0.196486
v -246.568 -79.3523 1010.39
vn 0.928639 -0.026074 -0.370068
v -242.219 -74.4432 1010.36
vn 0.96118 -0.258734 0.0958645
v -242.176 -74.2629 1010.15
vn 0.825997 -0.431318 -0.362896
v -240.805 -71.1168 1010.17
vn 0.789295 -0.613982 -0.0062495
v -241.117 -71.0062 1009.66
vn 0.923519 -0.266793 -0.275562
v -241.437 -72.2066 1009.64
vn 0.825626 -0.100897 -0.555124
v -241.651 -72.1285 1009.31
vn 0.874418 -0.481839 -0.0567768
v -241.284 -71.2936 1009.25
vn 0.655604 -0.751444 -0.0742618
v -239.797 -69.688 1009.45
vn 0.583153 -0.766594 -0.268823
v -238.88 -69.0297 1009.55
vn 0.521018 -0.852975 -0.0312029
v -239.239 -69.1221 1009.04
vn -0.300032 0.940962 -0.15675
v -237.783 -61.5213 1006.3
vn -0.998567 -0.0107481 -0.0524282
v -247.77 -77.2422 1003.59
vn -0.964526 0.152655 -0.215372
v -247.834 -77.6768 1003.48
vn -0.893751 0.230647 -0.384722
v -247.748 -77.7502 1003.25
vn -0.904174 0.210173 -0.371883
v -247.661 -77.5829 1003.13
vn -0.95861 -0.206376 0.19615
v -247.829 -77.016 1003.29
vn -0.960004 0.256926 -0.111268
v -247.366 -73.467 1002.53
vn -0.889523 -0.05666 0.453363
v -247.073 -72.3375 1001.8
vn -0.976374 0.211313 -0.0451663
v -247.312 -72.555 1000.77
vn -0.978983 0.111618 0.170688
v -247.046 -73.2832 1001.66
vn -0.985001 0.0536747 0.163989
v -247.379 -73.1855 1000.94
vn -0.845519 0.488986 -0.214455
v -246.809 -71.1056 1000.96
vn -0.581959 0.61638 -0.53047
v -246.486 -70.681 1001.08
vn -0.890617 0.4522 0.0481407
v -245.133 -68.2868 1000.44
vn -0.97482 0.016381 0.222391
v -247.457 -74.5923 1000.33
vn -0.990948 -0.0239551 0.132091
v -247.313 -73.0969 1000.03
vn -0.952283 0.276805 -0.128593
v -247.29 -72.6721 999.853
vn -0.989419 0.137725 -0.0456254
v -247.329 -73.5597 999.902
vn -0.660624 0.546827 -0.51435
v -247.274 -72.9664 999.354
vn -0.588995 0.581345 -0.561357
v -247.105 -73.0941 999.039
vn -0.706176 0.561688 -0.431072
v -246.865 -71.8038 1000.22
vn -0.967921 0.239977 0.0744286
v -246.617 -71.4272 999.934
vn -0.923887 0.378122 -0.0587879
v -246.394 -70.4263 999.747
vn -0.902826 0.401534 0.153866
v -244.774 -66.9662 999.693
vn -0.802393 0.595026 0.0459239
v -244.514 -66.4266 999.646
vn -0.942024 0.335201 0.01522
v -246.117 -70.291 998.522
vn 0.607518 -0.667063 0.431218
v -224.364 -61.0856 1025.81
vn 0.147504 -0.90963 0.388351
v -225.328 -61.5161 1025.47
vn 0.141703 -0.943371 0.299951
v -225.737 -61.8483 1024.63
vn 0.144534 -0.890539 0.431336
v -224.441 -61.8812 1024.48
vn 0.513134 -0.849623 -0.121798
v -224.716 -61.8185 1023.73
vn 0.96282 0.231272 -0.139609
v -224.768 -60.599 1024.15
vn 0.985047 0.150737 -0.0834352
v -224.344 -61.165 1025.21
vn 0.978533 -0.0111671 -0.205786
v -224.332 -61.715 1024.46
vn 0.984973 0.0952822 -0.144047
v -224.561 -61.4477 1023.71
vn 0.937651 -0.288997 -0.193112
v -224.587 -61.664 1023.69
vn 0.165986 -0.916893 0.362982
v -227.065 -62.886 1022.9
vn 0.500764 -0.848451 -0.171364
v -226.705 -62.7327 1022.31
vn 0.32432 -0.931144 0.166699
v -227.272 -62.9556 1021.67
vn 0.197379 0.976277 -0.0890251
v -223.693 -57.0522 1020.29
vn 0.156859 -0.598762 0.785416
v -237.091 -80.8051 1022.98
vn 0.589395 0.586583 -0.555459
v -236.981 -80.6513 1022.85
vn 0.103249 -0.891314 0.441473
v -228.214 -63.7383 1020.36
vn -0.0412827 0.99111 -0.126479
v -225.865 -57.0172 1019.6
vn -0.0238556 0.991971 -0.124196
v -224.734 -57.004 1019.29
vn -0.234191 -0.763561 0.601771
v -239.782 -82.1996 1021.05
vn 0.852842 0.376842 -0.361456
v -238.559 -80.6792 1021.13
vn 0.581456 0.561504 -0.588746
v -238.012 -81.4384 1021.08
vn 0.24119 -0.93806 0.248739
v -229.988 -64.5686 1018.7
vn 0.00552633 0.971721 -0.236068
v -226.237 -57.2757 1018.28
vn -0.414616 -0.703879 0.576756
v -240.307 -82.4459 1020.37
vn 0.402499 -0.897307 0.181201
v -231.199 -65.0974 1018.33
vn 0.481486 -0.856249 -0.187107
v -230.789 -64.8848 1018.14
vn -0.476015 0.844738 0.244597
v -226.607 -57.4253 1017.22
vn -0.524301 0.801475 0.287656
v -226.453 -57.2861 1017.16
vn -0.0699463 0.962036 -0.263809
v -226.671 -57.503 1016.34
vn 0.991434 0.121082 -0.0489636
v -239.899 -80.4578 1018.01
vn 0.234134 0.567723 -0.789222
v -239.661 -81.1549 1017.8
vn 0.225625 -0.926847 0.300081
v -232.313 -65.4973 1016.76
vn -0.0595843 0.977785 -0.200964
v -228.481 -57.863 1015.81
vn -0.415763 0.894886 0.162232
v -227.877 -57.7937 1015.98
vn -0.109714 0.993939 -0.00688705
v -228.195 -57.8942 1015.89
vn -0.0995409 0.994743 0.0240603
v -228.273 -57.8581 1015.71
vn -0.197084 0.978515 -0.0605501
v -228.043 -57.8122 1015.61
vn 0.0452683 -0.968738 0.24392
v -233.833 -66.4765 1015.56
vn 0.11861 -0.768637 0.628593
v -233.012 -66.0629 1016.12
vn -0.204935 -0.694825 0.689362
v -233.446 -66.4598 1015.77
vn 0.334041 -0.933824 -0.128016
v -233.579 -66.425 1015.45
vn 0.43283 -0.888033 0.155097
v -233.019 -66.2284 1015.82
vn -0.235593 0.968108 -0.0852218
v -228.783 -58.1901 1014.22
vn -0.368193 0.924126 0.102104
v -228.309 -57.998 1014.15
vn -0.246474 0.968282 -0.0409879
v -228.404 -57.9866 1013.75
vn -0.723054 -0.652091 0.22797
v -242.284 -82.5074 1015.95
vn 0.949282 0.208072 -0.235731
v -240.251 -79.4512 1015.87
vn 0.99508 0.0975664 0.0172189
v -240.409 -78.9559 1015.45
vn 0.39335 -0.918655 0.0367114
v -234.239 -66.6199 1014.61
vn 0.92124 0.255844 -0.29302
v -241.112 -78.1315 1013.34
vn 0.379312 -0.924608 0.034976
v -235.609 -67.4703 1012.69
vn -0.344026 -0.699233 0.626673
v -244.25 -81.363 1013.02
vn 0.470168 0.316963 -0.823697
v -241.381 -78.15 1011.9
vn 0.692505 0.307114 -0.652777
v -241.172 -78.0188 1012.04
vn 0.96594 0.127847 -0.224978
v -241.128 -77.0969 1012.6
vn 0.648299 0.264617 -0.713923
v -241.37 -77.1816 1012.25
vn 0.983276 0.150619 -0.10238
v -241.05 -77.8083 1012.46
vn 0.432087 -0.901727 0.013771
v -236.84 -67.8977 1010.76
vn -0.684604 -0.647741 0.334288
v -244.373 -82.5877 1010.9
vn -0.402174 -0.705842 0.583132
v -244.494 -82.1007 1010.59
vn -0.855996 -0.321182 0.405108
v -244.525 -82.5477 1010.54
vn -0.855996 -0.321182 0.405108
v -244.595 -82.5245 1010.4
vn -0.855996 -0.321182 0.405108
v -244.528 -82.5356 1010.54
vn 0.997061 0.0446393 -0.0622589
v -241.826 -76.394 1010.57
vn 0.918767 0.147438 -0.366237
v -242.128 -75.8924 1010.12
vn 0.998985 0.0359225 -0.0271873
v -242.255 -75.9023 1009.73
vn 0.903555 0.241731 -0.353772
v -242.005 -77.6194 1009.6
vn 0.98595 -0.125807 0.109892
v -242.096 -75.3443 1009.07
vn 0.887911 0.106044 -0.447626
v -242.087 -75.1437 1008.87
vn 0.89507 0.0524161 -0.442834
v -242.813 -76.4567 1007.47
vn 0.969417 -0.203761 0.136794
v -242.541 -75.5701 1006.99
vn 0.972348 -0.0638601 -0.224636
v -242.487 -75.1607 1006.83
vn 0.725911 -0.676633 -0.12337
v -241.314 -71.0863 1006.18
vn 0.722847 -0.649532 -0.235799
v -239.85 -69.5038 1004.82
vn -0.937356 -0.287098 -0.19733
v -246.981 -80.2978 1005.55
vn -0.948021 -0.311214 0.0663557
v -247.025 -80.1988 1005.36
vn -0.853938 -0.482558 0.194749
v -247.071 -80.1026 1005.17
vn -0.572769 -0.775609 -0.265267
v -246.79 -80.3284 1005.23
vn -0.860274 -0.499525 0.101996
v -246.791 -80.8874 1005.6
vn -0.912979 -0.1512 -0.378957
v -246.769 -80.5622 1005.28
vn 0.96732 -0.0860515 -0.23851
v -242.952 -74.2091 1004.95
vn 0.945963 -0.297994 -0.127879
v -242.889 -73.8641 1004.97
vn 0.927122 -0.320476 -0.194267
v -242.574 -72.7397 1004.31
vn 0.847101 -0.527034 -0.0682329
v -241.983 -71.5951 1004.41
vn 0.718535 -0.682379 -0.13441
v -240.665 -69.915 1003.36
vn -0.832464 -0.514997 0.204406
v -246.989 -80.57 1004.17
vn 0.931509 -0.163563 -0.324865
v -243.128 -74.0524 1003.49
vn 0.948315 -0.316834 -0.01773
v -243.146 -73.8347 1003.31
vn -0.888994 0.257314 -0.378788
v -247.665 -79.3106 1002
vn -0.888283 -0.34347 0.30493
v -247.72 -78.9815 1001.84
vn -0.713858 -0.531782 0.455647
v -247.939 -79.248 1001.24
vn -0.988461 0.0703023 -0.13417
v -247.989 -78.1663 1000.47
vn -0.918415 0.151205 -0.365583
v -247.857 -77.8009 1000.29
vn -0.983143 0.178044 -0.0415848
v -247.618 -76.0869 1000.42
vn -0.976592 -0.093893 0.193524
v -248.094 -78.0756 999.251
vn -0.864137 -0.269115 0.425258
v -247.538 -74.2518 998.858
vn -0.965525 0.26026 -0.00509528
v -247.671 -74.4559 998.446
vn -0.9851 -0.0570197 0.162253
v -247.555 -75.0377 998.31
vn -0.633682 0.515911 -0.57644
v -247.609 -75.0097 997.894
vn -0.924529 0.298739 -0.236643
v -247.762 -75.7952 998.296
vn -0.970403 0.23574 -0.0523946
v -247.362 -74.1216 998.125
vn -0.969148 0.24144 -0.0495916
v -247.433 -74.2651 997.247
vn -0.95114 0.235442 0.199749
v -246.758 -70.9053 995.841
vn -0.914156 0.405293 0.0074874
v -246.413 -69.8755 994.486
vn 0.0574604 -0.867109 0.494793
v -224.533 -62.0247 1022.79
vn -0.0747057 -0.776155 0.626101
v -224.378 -62.3692 1022.52
vn 0.900541 -0.0743978 0.428359
v -224.156 -62.3131 1022.06
vn 0.971229 0.234635 -0.0407464
v -224.577 -61.5101 1023.09
vn 0.756885 -0.567593 -0.323982
v -225.09 -62.3938 1020.93
vn 0.0615904 -0.899448 0.432667
v -224.862 -62.8926 1021.64
vn 0.996324 0.0573683 -0.0636168
v -224.997 -60.6179 1021.36
vn 0.913922 0.392765 -0.102382
v -224.605 -61.6545 1021.7
vn 0.708888 -0.703551 -0.0499363
v -224.748 -61.9472 1020.46
vn 0.803156 -0.262712 0.534718
v -236.917 -81.4535 1022.14
vn -0.00488804 -0.767975 0.640461
v -236.983 -81.8875 1022.02
vn 0.5194 0.504984 -0.689358
v -236.799 -82.0526 1021.45
vn 0.154359 -0.82077 0.55001
v -236.597 -82.118 1021.57
vn 0.598585 -0.799312 0.0528724
v -226.249 -63.1945 1019.58
vn 0.677541 -0.716407 -0.166432
v -225.949 -62.9327 1020.14
vn 0.899613 -0.436191 0.0208324
v -224.843 -59.6267 1020.31
vn 0.929496 -0.367259 -0.0340216
v -223.548 -57.6441 1019.79
vn 0.987734 -0.118291 -0.101927
v -223.526 -57.4552 1019.55
vn -0.109625 -0.756399 0.644858
v -237.552 -83.1732 1020.54
vn -0.0479289 -0.741094 0.669688
v -237.12 -82.539 1021.09
vn 0.538302 0.60247 -0.589288
v -237.029 -82.5702 1020.82
vn 0.565556 -0.820783 0.0803867
v -227.757 -64.3326 1018.57
vn -0.0706358 -0.813807 0.576826
v -227.275 -64.4546 1018.55
vn 0.056936 -0.863598 0.500956
v -226.994 -64.4228 1018.64
vn 0.18438 -0.972463 0.142546
v -227.186 -64.5196 1018.41
vn 0.966441 -0.226655 -0.120912
v -223.812 -57.9806 1017.61
vn 0.693389 0.54509 -0.471264
v -238.652 -82.636 1018.9
vn -0.164793 -0.841112 0.515145
v -238.088 -83.6247 1019.6
vn -0.122245 0.985011 -0.121691
v -225.565 -57.3206 1016.74
vn 0.0476701 0.988294 -0.144926
v -224.28 -57.4204 1015.9
vn -0.484488 -0.703924 0.519386
v -240.488 -84.0006 1018.01
vn -0.209771 -0.746826 0.631068
v -239.852 -84.523 1017.86
vn -0.0861835 -0.745682 0.660704
v -239.531 -84.49 1017.94
vn 0.998851 0.0426658 0.0218385
v -239.192 -82.546 1017.83
vn 0.660381 0.587059 -0.468251
v -239.169 -82.8814 1017.77
vn 0.99761 0.0590266 0.0359129
v -239.128 -82.8227 1017.32
vn 0.972549 0.225105 -0.0589676
v -239.107 -83.164 1017.26
vn 0.97378 0.170781 -0.15029
v -239.22 -81.6421 1018.19
vn 0.325525 -0.932659 -0.155502
v -230.101 -65.0439 1016.01
vn 0.371255 -0.928278 0.0216865
v -231.353 -65.3838 1015.1
vn 0.342025 -0.939647 -0.0090594
v -230.632 -65.0957 1014.69
vn 0.255862 -0.952277 0.166439
v -229.793 -64.8652 1014.55
vn -0.724787 -0.64454 0.243415
v -242.12 -83.2521 1013.76
vn -0.484494 -0.767229 0.420269
v -242.123 -84.0239 1012.76
vn 0.718349 0.368857 -0.589846
v -240.524 -80.1137 1012.78
vn 0.98732 0.135827 0.0821616
v -240.823 -80.7771 1011.57
vn 0.882526 0.291926 -0.368682
v -241.051 -78.4872 1011.92
vn 0.991575 0.127884 0.0206269
v -240.845 -79.8686 1011.41
vn 0.319149 -0.935848 0.149439
v -235.119 -67.3572 1010.01
vn 0.0735379 -0.879038 0.471045
v -234.558 -67.2748 1009.99
vn -0.124263 0.981233 -0.147445
v -229.018 -58.7106 1009.7
vn -0.868287 -0.118362 -0.481735
v -244.161 -82.4186 1010.61
vn -0.845461 -0.446839 -0.292457
v -243.975 -82.8546 1010.46
vn -0.4902 -0.754148 0.436995
v -243.257 -83.5496 1011.14
vn -0.657049 -0.748523 0.0894459
v -243.42 -83.5771 1010.76
vn 0.968344 0.2228 -0.112564
v -241.419 -79.2853 1009.8
vn 0.168391 -0.949042 0.266389
v -236.43 -67.9651 1008.77
vn 0.228127 -0.951329 0.207199
v -235.345 -67.8224 1009.17
vn -0.593971 -0.741557 0.311916
v -244.401 -82.8948 1009.76
vn -0.67221 -0.719859 0.173021
v -243.526 -83.4363 1009.5
vn 0.92283 0.274817 -0.269928
v -241.374 -79.5634 1009.25
vn 0.219313 -0.950129 0.221715
v -236.472 -68.092 1007.44
vn 0.443447 -0.871047 -0.211265
v -236.071 -67.9675 1008.16
vn 0.668779 0.376057 -0.641339
v -242.784 -77.7372 1007.05
vn 0.463403 0.483705 -0.742487
v -242.551 -77.8367 1007.11
vn 0.998929 0.0316628 0.033751
v -242.082 -76.7698 1008.19
vn 0.586504 0.389501 -0.710142
v -242.44 -76.9144 1007.7
vn 0.991075 0.0230977 0.131289
v -242.002 -77.8547 1007.56
vn 0.409366 -0.909139 0.07672
v -237.818 -68.5358 1006.9
vn 0.410188 -0.866718 -0.283804
v -237.745 -68.6857 1005.95
vn 0.412426 -0.865473 -0.28436
v -237.405 -68.2204 1005.63
vn 0.24517 -0.961838 0.121486
v -235.845 -68.0533 1006.48
vn 0.238931 -0.938628 0.248776
v -236.542 -67.9275 1005.27
vn 0.903011 -0.149586 0.402734
v -242.878 -78.4354 1006.33
vn 0.979957 0.0918533 -0.17677
v -242.849 -76.0008 1005.76
vn 0.928499 0.182631 -0.323321
v -242.735 -76.5087 1005.86
vn 0.435762 -0.898545 -0.0522326
v -238.756 -69.0707 1005.79
vn 0.47799 -0.858325 -0.186559
v -238.699 -68.7542 1004.83
vn 0.939405 0.16935 -0.298057
v -243.122 -76.404 1004.05
vn 0.964323 0.141698 -0.223613
v -243.025 -76.7835 1004.18
vn 0.406425 -0.895336 0.18219
v -239.727 -69.2352 1003.75
vn 0.210332 -0.877526 0.430939
v -239.605 -69.3189 1003.6
vn -0.938597 -0.177969 -0.295572
v -246.043 -82.2085 1003.72
vn 0.998495 -0.0265634 -0.0479793
v -243.686 -76.1934 1002.12
vn 0.974867 -0.0234262 -0.22155
v -243.364 -75.7419 1003.59
vn 0.941683 -0.334304 0.038391
v -242.918 -73.5341 1003.02
vn 0.833748 -0.303081 -0.461526
v -241.798 -71.0368 1002.18
vn 0.481106 -0.857369 0.182906
v -240.992 -70.2474 1002.58
vn -0.90952 -0.412996 0.046981
v -247.142 -81.4856 1001.44
vn 0.928306 -0.271 0.254572
v -243.547 -75.9547 1001.87
vn 0.974547 -0.116275 -0.191672
v -243.847 -75.142 1000.56
vn 0.948037 -0.236101 0.213266
v -243.479 -75.9056 1001.62
vn 0.785114 -0.606625 -0.124907
v -242.383 -71.9223 1001.66
vn 0.849789 -0.274311 -0.450125
v -242.284 -71.7503 1001.64
vn 0.842376 -0.175512 -0.509508
v -242.52 -71.659 1001.32
vn 0.809963 -0.578819 -0.0944929
v -242.712 -72.2655 1001.1
vn -0.234745 0.954416 -0.184351
v -238.305 -62.9525 999.464
vn 0.923348 -0.358834 -0.136625
v -243.83 -73.7074 999.195
vn 0.811364 -0.569723 -0.130785
v -242.296 -71.3487 999.098
vn 0.611848 -0.785977 -0.088785
v -241.754 -70.5755 998.435
vn 0.720722 -0.438028 -0.537299
v -242.935 -71.384 997.763
vn 0.765336 -0.437155 -0.472394
v -242.532 -71.3182 998.251
vn -0.316087 0.935461 -0.158116
v -239.532 -63.6858 997.242
vn -0.999165 0.0227421 0.0339439
v -248.136 -78.2992 996.623
vn 0.87198 -0.262887 -0.412967
v -243.97 -72.5137 996.978
vn 0.823544 -0.563953 -0.0610946
v -243.883 -72.3601 996.735
vn -0.793025 0.330849 -0.511518
v -247.759 -78.3272 996.162
vn -0.979892 0.187454 0.0683578
v -247.256 -74.7857 995.531
vn -0.45156 0.884158 -0.119821
v -242.022 -65.1493 994.643
vn -0.536036 0.836845 -0.111157
v -244.064 -66.4724 993.395
vn -0.933282 -0.0343024 0.357503
v -248.149 -75.512 992.953
vn -0.96438 0.206654 0.165121
v -248.066 -73.7295 993.164
vn -0.604958 0.792369 -0.0785913
v -244.334 -66.953 991.913
vn -0.926969 0.278948 0.25083
v -247.065 -71.29 991.03
vn -0.800198 0.598794 0.0335981
v -245.15 -67.7503 991.071
vn -0.900335 0.407332 0.153225
v -247.336 -70.8168 989.887
vn -0.81842 0.574076 0.025015
v -246.848 -70.0281 989.1
vn -0.217124 -0.12323 0.968334
v -224.285 -62.431 1020.42
vn 0.0126922 0.194117 0.980896
v -224.145 -62.7233 1020.53
vn 0.764982 0.348179 0.541824
v -224.044 -62.4661 1020.43
vn 0.863589 0.0406381 0.502556
v -223.996 -62.8152 1020.43
vn 0.0082553 -0.703443 0.710703
v -224.153 -62.9717 1020.32
vn 0.976169 0.141134 0.164846
v -223.956 -62.6241 1020.29
vn 0.923967 0.371132 -0.0924479
v -223.977 -62.54 1020.16
vn 0.0234051 -0.778075 0.627735
v -224.73 -63.4093 1019.75
vn 0.946914 0.269236 -0.175685
v -224.069 -62.6252 1019.75
vn 0.65311 -0.749013 -0.111475
v -223.947 -62.8775 1020.12
vn 0.479193 0.7424 0.468205
v -224.406 -62.0155 1020.22
vn 0.0714311 0.238464 0.968521
v -224.2 -62.2532 1020.38
vn -0.197562 -0.545552 0.814458
v -225.772 -63.6308 1019.52
vn 0.700068 -0.627186 -0.341384
v -224.654 -63.2522 1019.49
vn 0.653818 -0.732812 0.188438
v -224.22 -62.9735 1017.99
vn 0.866895 0.484384 -0.117756
v -224.243 -62.3391 1019.43
vn 0.884516 0.458925 -0.0837821
v -224.265 -62.4235 1018.58
vn -0.175411 -0.853152 0.491287
v -237.511 -83.4932 1020.03
vn -0.047822 -0.771297 0.634677
v -237.069 -83.4183 1020.27
vn 0.523068 0.60054 -0.604775
v -236.895 -83.286 1020.21
vn 0.615462 0.568615 -0.545787
v -237.43 -83.5308 1019.54
vn 0.400838 -0.911142 -0.0956541
v -226.665 -64.3333 1018.5
vn 0.474462 -0.877705 -0.0672261
v -225.385 -63.5277 1018.24
vn -0.086944 -0.913665 0.397061
v -237.565 -83.9915 1018.87
vn 0.228277 -0.970751 0.0743773
v -227.819 -64.2045 1016.17
vn 0.289183 -0.956892 -0.0270373
v -227.233 -64.1734 1017.01
vn 0.161957 -0.962312 0.218462
v -227.47 -64.2812 1015.77
vn 0.969201 -0.232377 -0.0815526
v -224.919 -60.0477 1016.28
vn 0.976539 0.077115 -0.201058
v -224.194 -57.6565 1015.38
vn -0.155334 -0.770779 0.617876
v -239.059 -84.556 1017.93
vn -0.31903 -0.835847 0.446743
v -239.362 -84.9513 1017.35
vn 0.33192 -0.937737 0.102361
v -226.836 -63.8192 1014.2
vn 0.80257 0.5402 -0.253113
v -238.84 -84.4013 1016.29
vn 0.92268 0.327824 -0.202959
v -239.128 -83.9767 1015.59
vn 0.34143 -0.939894 -0.00506128
v -229.75 -65.0515 1013.61
vn 0.438589 -0.898443 -0.0209912
v -228.181 -64.6029 1012.97
vn 0.297524 -0.933054 0.20221
v -230.691 -65.3513 1012.53
vn 0.582635 -0.741727 -0.332231
v -229.085 -64.9122 1011.98
vn 0.404751 -0.914322 -0.0138221
v -228.698 -64.6242 1012.07
vn 0.923945 0.275214 -0.265676
v -240.213 -82.5571 1012.74
vn 0.961024 0.231424 -0.151244
v -239.793 -83.2148 1013.12
vn 0.996737 0.0801896 -0.00916606
v -240.45 -81.5783 1012.32
vn 0.287898 -0.921419 0.260963
v -230.674 -66.0999 1010.12
vn 0.228239 -0.889489 0.395873
v -229.616 -65.2323 1011.08
vn -0.00434069 0.987815 -0.15557
v -225.928 -58.4232 1010.3
vn -0.645006 -0.712674 0.275795
v -242.499 -83.8291 1011.41
vn 0.96373 0.236582 -0.123501
v -240.397 -82.4083 1011.31
vn 0.982325 0.179078 0.054477
v -240.61 -81.0999 1010.9
vn 0.393996 -0.918939 -0.017823
v -232.234 -66.409 1009.97
vn 0.16721 -0.938552 0.30193
v -231.644 -66.2734 1009.96
vn -0.585234 -0.788878 0.187542
v -241.939 -84.5254 1010.38
vn 0.293723 -0.928834 0.22582
v -232.99 -67.0441 1008.84
vn 0.371865 -0.895546 -0.244362
v -233.737 -67.5473 1006.9
vn 0.4256 -0.732499 -0.531328
v -233.026 -67.0225 1006.86
vn -0.744329 -0.6498 0.154058
v -244.046 -83.6753 1006.59
vn -0.776954 -0.622888 0.0913971
v -243.854 -83.8806 1006.69
vn 0.960294 0.262294 -0.0950631
v -241.668 -81.129 1007.16
vn 0.996294 0.0759487 0.0403666
v -241.904 -79.3337 1007.08
vn 0.35825 -0.749651 -0.556489
v -235.687 -67.7234 1006.12
vn 0.349971 -0.895528 -0.274864
v -235.058 -67.3944 1005.98
vn 0.970144 0.018383 0.241831
v -242.309 -80.0567 1004.84
vn 0.315916 -0.939867 0.129795
v -236.686 -68.3985 1003.49
vn 0.944318 0.246345 -0.218124
v -242.644 -79.3265 1002.97
vn -0.905096 -0.0936433 -0.414769
v -246.041 -82.5832 1003.67
vn -0.79398 -0.577452 0.190117
v -245.925 -82.3854 1003.2
vn -0.908186 -0.365436 -0.204096
v -245.654 -82.7981 1003.01
vn -0.898588 -0.386004 -0.208662
v -245.414 -83.3375 1002.82
vn -0.561278 -0.793571 0.234973
v -245.245 -83.7168 1002.91
vn -0.769281 -0.635676 0.0642033
v -245.313 -83.3481 1002.55
vn 0.94378 0.243653 -0.223412
v -243.177 -78.7731 1001.97
vn 0.955005 0.250116 -0.159396
v -243.586 -78.2425 1000.67
vn 0.970334 0.171217 -0.170695
v -243.772 -77.9754 1000.13
vn 0.941797 0.245125 -0.230069
v -243.35 -78.4399 1001.2
vn -0.575925 -0.66669 0.473112
v -246.978 -81.8459 999.312
vn -0.930938 -0.36496 -0.0125862
v -247.106 -81.1094 1000.14
vn 0.989208 0.118902 -0.0856179
v -243.767 -78.1398 999.658
vn -0.570146 -0.748289 0.339113
v -247.164 -82.2218 998.455
vn -0.961542 -0.11521 -0.249325
v -247.751 -81.1982 999.079
vn -0.935502 0.0367857 -0.3514
v -247.53 -80.4781 998.427
vn -0.84026 -0.402039 0.36377
v -247.655 -80.5106 998.035
vn 0.962958 0.0077401 -0.269539
v -244.38 -75.9457 998.026
vn 0.887886 -0.259165 -0.380121
v -243.708 -72.8453 997.254
vn 0.42172 -0.826565 0.37275
v -242.819 -71.4909 997.379
vn 0.419451 -0.905312 0.0668651
v -241.548 -70.5898 997.288
vn -0.907606 -0.400072 0.127255
v -247.772 -80.7424 997.612
vn 0.985299 -0.0449607 -0.164819
v -244.723 -75.8271 996.422
vn 0.93498 -0.325287 -0.141426
v -244.203 -72.9153 996.363
vn 0.74887 -0.603937 0.272863
v -244.175 -73.2138 995.881
vn 0.544907 -0.747423 0.380045
v -243.963 -72.9877 996.017
vn 0.950757 -0.195337 -0.240635
v -244.544 -74.1675 995.791
vn 0.581074 -0.806051 0.112403
v -243.168 -71.8376 996.695
vn 0.436238 -0.883847 0.16885
v -243.23 -71.5936 996.536
vn 0.447654 -0.879009 0.16416
v -242.676 -71.3352 996.534
vn 0.39764 -0.913927 0.0813655
v -241.696 -70.68 995.72
vn -0.187126 0.950409 -0.24841
v -239.165 -64.4253 994.515
vn -0.95289 -0.295237 0.0695336
v -247.587 -80.36 995.196
vn -0.998066 0.0196503 0.058981
v -248.066 -78.3547 995.411
vn 0.927984 -0.325538 -0.181303
v -244.969 -74.3371 994.296
vn 0.893463 -0.422673 -0.151891
v -244.649 -73.3708 994.267
vn 0.551639 -0.831111 0.0703438
v -244.007 -72.343 994.304
vn 0.713613 -0.66616 -0.216766
v -243.301 -71.8616 993.858
vn 0.540872 -0.840886 -0.0191956
v -242.199 -70.9789 994.801
vn 0.635553 -0.771694 0.0236788
v -242.782 -71.4162 994.568
vn -0.305797 0.925368 -0.224012
v -241.047 -65.035 993.532
vn -0.998404 0.0564719 -0.00115447
v -247.854 -78.0583 994.071
vn -0.966136 -0.0669545 0.249194
v -248.01 -78.0736 993.197
vn 0.919459 -0.37835 -0.106991
v -244.696 -73.2486 993.117
vn 0.89497 -0.219996 -0.388112
v -244.643 -73.1416 992.305
vn 0.780586 -0.512443 -0.357892
v -243.65 -72.1671 993.534
vn 0.729136 -0.651805 -0.208592
v -243.743 -71.9301 993.166
vn 0.830621 -0.514323 -0.213404
v -244.153 -72.431 992.843
vn -0.965003 -0.0519931 0.257033
v -248.218 -77.1485 992.31
vn -0.980173 0.0144832 0.197612
v -248.919 -77.3819 990.948
vn -0.94936 0.31336 -0.0228519
v -248.555 -75.4901 990.474
vn -0.983925 0.175543 0.0328144
v -248.772 -76.2727 989.352
vn -0.958785 0.25814 0.118723
v -247.691 -73.3641 989.92
vn -0.951435 0.155539 0.265668
v -249.023 -75.7141 987.544
vn -0.901458 0.391732 0.184173
v -247.267 -70.6017 988.102
vn -0.904126 0.0696153 0.421556
v -248.346 -72.5049 986.338
vn -0.933613 0.243994 0.262361
v -248.664 -72.482 985.6
vn -0.781379 0.623879 0.0148869
v -247.676 -70.4363 985.615
vn -0.666949 0.720461 -0.19004
v -247.116 -70.1008 985.206
vn -0.748637 0.637488 -0.182078
v -248.707 -71.8706 983.923
vn -0.482784 0.750887 -0.450654
v -248.518 -71.7829 983.847
vn 0.874174 -0.434783 0.216297
v -224.067 -62.8757 1017.57
vn 0.316256 -0.941647 0.115253
v -224.771 -63.4925 1016.84
vn 0.641316 -0.752575 0.149483
v -224.163 -63.1114 1017.05
vn 0.597079 -0.771282 -0.220501
v -224.429 -63.0286 1016.52
vn 0.786604 -0.560794 -0.25839
v -224.32 -62.8624 1016.49
vn 0.928591 0.348738 -0.126891
v -224.3 -62.6032 1016.85
vn -0.010141 -0.804571 0.59377
v -237.247 -85.2432 1017.43
vn -0.096281 -0.911906 0.398944
v -238.263 -85.7132 1016.5
vn 0.711472 0.628573 -0.31417
v -237.337 -84.9692 1017.29
vn -0.0538996 -0.842822 0.535487
v -237.695 -85.4885 1017.16
vn 0.600162 -0.593937 0.535765
v -237.595 -85.495 1016
vn -0.0803108 -0.893642 -0.441537
v -237.343 -85.5907 1016.09
vn 0.933296 0.350176 0.0795932
v -236.979 -85.7311 1016.43
vn 0.362514 -0.91643 0.16953
v -225.142 -63.4498 1013.46
vn 0.960819 0.25115 -0.117262
v -224.661 -63.0187 1013.51
vn 0.769104 -0.460331 -0.443367
v -224.907 -62.9476 1012.97
vn -0.623845 -0.760897 0.178473
v -239.483 -85.4571 1014.89
vn -0.608091 -0.778941 0.153223
v -239.08 -85.8358 1015.56
vn -0.247547 -0.894816 0.371516
v -238.759 -85.9648 1015.81
vn 0.642244 0.678753 -0.356114
v -238.386 -85.5071 1014.59
vn 0.652376 0.655578 -0.380292
v -237.771 -85.9342 1014.9
vn 0.0570264 -0.964069 0.25946
v -238.069 -86.0379 1014.59
vn 0.621688 0.709221 -0.33243
v -238.132 -85.7954 1014.43
vn 0.392045 -0.919945 -0.00109224
v -227.51 -64.264 1013.12
vn 0.298701 -0.953291 0.0448811
v -226.637 -63.9652 1013.19
vn 0.162312 -0.982981 0.086046
v -226.459 -63.9188 1013.12
vn 0.162226 -0.985761 0.0442545
v -226.595 -63.9036 1012.74
vn -0.105185 -0.76549 0.634792
v -226.959 -64.4105 1012.17
vn 0.000798782 -0.927405 0.374057
v -226.118 -63.9612 1012.73
vn 0.681358 -0.590479 -0.432535
v -225.952 -64.0333 1012.64
vn 0.910464 0.394689 -0.123593
v -225.155 -61.7874 1013.03
vn 0.969381 0.0740029 -0.234146
v -224.93 -62.521 1012.59
vn 0.831323 0.514654 -0.209839
v -238.791 -85.1358 1014.38
vn 0.205499 -0.920299 0.332898
v -228.148 -64.8081 1011.34
vn 0.439947 -0.895762 -0.063699
v -228.257 -64.7941 1010.94
vn -0.0261083 -0.841983 0.538873
v -227.397 -64.7206 1011.66
vn 0.616947 -0.454113 -0.642773
v -227.278 -64.5602 1011.63
vn 0.563482 -0.813963 -0.141251
v -226.564 -63.5721 1011.66
vn 0.922427 0.283522 -0.262189
v -225.179 -58.3259 1011.07
vn 0.974762 0.14539 -0.169414
v -225.331 -58.6392 1010.21
vn -0.296137 -0.85666 0.422417
v -239.474 -86.2813 1012.54
vn 0.887675 0.42201 -0.184228
v -239.634 -84.5193 1012.19
vn -0.617193 -0.784317 0.0626006
v -240.259 -85.5079 1011.68
vn 0.446731 -0.893661 0.0424394
v -229.237 -65.3077 1010.44
vn 0.531532 -0.807199 -0.256717
v -228.886 -65.0839 1009.43
vn 0.447831 -0.8876 0.107762
v -227.943 -64.5998 1010.14
vn 0.571768 -0.758213 -0.313361
v -227.738 -64.515 1009.85
vn 0.610481 -0.57592 -0.543717
v -227.546 -63.9605 1009.61
vn 0.14565 0.970942 -0.189888
v -226.317 -58.6155 1009.34
vn 0.194363 0.972103 -0.1313
v -225.865 -58.7291 1009.34
vn -0.101142 0.994744 0.0159814
v -226.114 -58.6576 1008.79
vn 0.979463 -0.131648 -0.152712
v -225.366 -58.9548 1009.73
vn 0.0952683 0.982347 -0.160992
v -225.374 -58.7437 1009.54
vn 0.0639813 0.997882 0.0117099
v -225.761 -58.5456 1008.86
vn -0.236701 -0.869223 0.434079
v -240.002 -85.8093 1011.07
vn 0.469399 -0.877562 -0.0977223
v -231 -66.2088 1008.25
vn 0.54602 -0.833095 -0.0884075
v -229.77 -65.1969 1008.26
vn 0.974017 0.0114261 -0.226188
v -225.483 -58.8057 1008.25
vn 0.953676 -0.253301 -0.1623
v -225.759 -59.2344 1007.43
vn 0.888411 0.366617 -0.276256
v -225.743 -58.941 1007.46
vn 0.716293 0.635582 -0.288026
v -225.919 -58.9044 1007.11
vn 0.377996 -0.890839 0.252043
v -230.051 -65.6261 1006.99
vn 0.532333 -0.84636 -0.017223
v -230.017 -65.6937 1006.74
vn -0.109715 0.977234 -0.181594
v -226.602 -58.8632 1006.76
vn -0.529984 -0.83564 0.1443
v -241.927 -84.9662 1008.08
vn -0.543806 -0.833589 0.0969754
v -241.716 -85.1369 1008.18
vn 0.420944 -0.900084 -0.112498
v -232.757 -66.9917 1006.4
vn 0.461006 -0.87628 -0.140023
v -232.998 -66.9365 1005.74
vn 0.514659 -0.850922 -0.105155
v -231.994 -66.4853 1006.45
vn 0.37987 -0.917135 0.120671
v -231.781 -66.4169 1006.14
vn 0.468207 -0.864211 0.184181
v -230.917 -66.0278 1005.56
vn -0.65682 -0.730009 0.188873
v -243.546 -84.2682 1006.27
vn 0.963608 0.246014 -0.104578
v -241.618 -81.2372 1005.79
vn -0.600698 -0.773217 0.203215
v -243.321 -84.8238 1005.42
vn -0.58246 -0.812521 0.0234544
v -243.483 -84.7784 1004.61
vn 0.971204 0.238198 -0.00486509
v -242.363 -80.9977 1004.84
vn 0.59485 0.552991 -0.583399
v -242.015 -81.0951 1005.1
vn 0.574271 0.531749 -0.62246
v -242.184 -81.2258 1004.94
vn -0.529957 -0.806334 0.262624
v -244.77 -83.8116 1003.57
vn 0.976829 0.160168 0.141952
v -241.976 -82.2113 1003.59
vn 0.854776 0.368513 -0.365455
v -242.405 -79.9882 1003.66
vn 0.97146 0.206029 -0.117546
v -242.633 -80.2455 1003.06
vn -0.482926 -0.807859 0.337855
v -244.587 -84.2986 1001.63
vn 0.995499 0.0944706 0.00759919
v -242.521 -80.2017 1002.57
vn 0.992882 0.111389 0.0421707
v -242.451 -80.8804 1002.22
vn 0.342986 -0.93933 0.00447558
v -235.759 -68.7282 1001
vn -0.780062 -0.619366 0.0888253
v -245.884 -83.3329 1001.04
vn -0.640712 -0.724565 0.253954
v -245.373 -83.8725 1001.61
vn 0.922322 0.333468 -0.195246
v -243.356 -78.8982 1000.03
vn 0.231892 -0.945596 0.228198
v -238.955 -69.4594 997.462
vn -0.0156711 -0.760719 0.648892
v -238.699 -69.6308 997.178
vn 0.336265 -0.938794 -0.0747777
v -238.015 -69.2515 997.531
vn 0.0628513 -0.87792 0.474665
v -238.445 -69.8822 996.976
vn 0.365971 -0.825927 0.428847
v -238.226 -69.8567 996.877
vn -0.887718 -0.460081 0.016784
v -246.99 -81.9354 997.523
vn -0.562648 -0.715929 0.413368
v -246.427 -82.5424 998.732
vn -0.641482 -0.73873 0.206829
v -246.377 -82.8459 998.221
vn -0.765382 -0.640523 0.0626139
v -245.975 -83.2228 998.424
vn 0.957969 0.212483 -0.192734
v -244.358 -78.1641 997.705
vn 0.995661 -0.0388271 0.0845643
v -244.318 -77.9746 997.552
vn 0.869763 0.337589 -0.359925
v -244.155 -78.3644 997.804
vn 0.904817 0.352946 -0.23819
v -244.113 -79.259 996.99
vn 0.0297535 -0.900328 0.434194
v -239.526 -69.818 996.825
vn 0.186213 -0.981632 -0.0415045
v -239.324 -70.0396 996.031
vn -0.79027 -0.59242 0.15656
v -247.133 -81.8368 997.158
vn -0.871091 -0.444949 -0.207898
v -246.578 -82.9219 996.077
vn -0.836405 -0.54744 -0.0271275
v -247.155 -81.8505 996.201
vn 0.97693 0.137432 -0.163461
v -244.796 -77.616 996.428
vn 0.993624 0.110873 -0.020444
v -244.756 -77.6918 995.953
vn 0.285776 -0.951766 0.111682
v -240.666 -70.2637 994.325
vn 0.987064 0.10918 -0.11741
v -244.791 -78.355 994.317
vn 0.480881 -0.876784 0.00203183
v -242.356 -71.0398 993.529
vn 0.16374 -0.97699 0.136674
v -241.076 -70.7715 992.742
vn -0.946548 -0.282211 0.156219
v -247.745 -80.6087 994.276
vn 0.977185 0.0444461 -0.207688
v -245.459 -76.365 992.237
vn 0.973116 0.1515 -0.17347
v -245.364 -77.7129 992.894
vn 0.95649 -0.143701 -0.253923
v -245.386 -74.9896 992.618
vn 0.754525 -0.617997 0.220845
v -244.845 -73.7162 992.32
vn 0.726838 -0.686809 2.69867e-005
v -243.886 -72.21 992.045
vn -0.913124 -0.321074 0.25123
v -248.028 -80.5117 991.304
vn 0.97532 -0.049149 -0.215259
v -245.73 -75.478 991.82
vn 0.88114 -0.320237 -0.34791
v -245.198 -73.6068 991.609
vn 0.773984 -0.630763 0.0555507
v -245.168 -73.4183 991.399
vn 0.721861 -0.675112 0.152118
v -245.263 -73.9266 990.504
vn 0.6188 -0.758883 0.202939
v -244.352 -72.6724 991.788
vn -0.866211 -0.391377 0.310647
v -248.531 -80.9095 989.926
vn -0.920951 -0.178927 0.346171
v -248.465 -79.684 990.958
vn 0.98399 0.0817114 -0.158391
v -245.848 -76.8276 990.35
vn 0.960332 -0.201155 -0.193129
v -246.119 -75.1415 989.82
vn 0.974104 -0.0970462 -0.204213
v -245.831 -75.4781 990.24
vn 0.829499 0.223175 -0.51198
v -245.971 -75.4364 989.942
vn 0.83806 -0.525958 -0.144996
v -245.251 -73.7221 989.836
vn -0.25262 0.947702 -0.195046
v -242.54 -66.4668 988.674
vn -0.952119 -0.244035 0.184162
v -248.898 -79.8622 989.354
vn -0.973217 0.0325516 0.22757
v -248.876 -77.2696 989.039
vn -0.976286 0.0369297 0.213311
v -249.15 -77.826 987.975
vn -0.934941 0.351099 -0.0511318
v -248.977 -74.5537 985.43
vn -0.987571 0.15574 -0.0211603
v -249.771 -77.0392 983.922
vn -0.928247 0.365469 0.0692105
v -249.4 -73.2374 982.944
vn -0.709184 0.665101 -0.233878
v -248.84 -72.3626 983.249
vn -0.823063 0.557142 0.110273
v -247.56 -70.3497 982.929
vn -0.923441 0.367417 0.110729
v -249.33 -72.4803 981.903
vn 0.0610823 -0.951445 0.301697
v -237.441 -86.0819 1015.17
vn -0.105541 -0.963566 0.245769
v -238.143 -86.2516 1014.37
vn -0.233819 -0.969806 0.0693094
v -238.285 -86.2766 1014.21
vn 0.573682 -0.69986 0.425541
v -237.888 -86.1028 1014.27
vn -0.192299 -0.979013 0.0674891
v -238.057 -86.3293 1014.09
vn 0.856876 -0.457156 -0.238268
v -237.967 -86.1514 1014.08
vn 0.65909 0.587052 -0.470075
v -237.982 -86.0968 1014.09
vn 0.515432 -0.848865 0.117295
v -225.255 -62.8668 1012.03
vn 0.579787 -0.810143 0.0866964
v -225.318 -63.113 1011.58
vn 0.902807 -0.4051 -0.144338
v -225.071 -62.7202 1012.19
vn 0.986638 0.0396731 -0.158025
v -225.01 -62.5247 1012.19
vn 0.49448 -0.818149 0.293466
v -225.037 -62.7666 1011.94
vn -0.110306 -0.992461 -0.053425
v -238.194 -86.2725 1013.94
vn 0.651213 0.445643 -0.614267
v -238.148 -86.0676 1013.95
vn -0.275582 -0.924431 0.263594
v -238.665 -86.2711 1013.05
vn 0.764455 0.606503 -0.218546
v -238.382 -86.2884 1012.91
vn -0.319131 -0.814305 0.484832
v -238.242 -86.6055 1012.8
vn 0.409374 -0.911375 -0.0425277
v -238.078 -86.7185 1012.27
vn 0.755077 -0.516927 -0.403294
v -225.39 -63.0472 1011.18
vn 0.886063 -0.221114 -0.407432
v -225.424 -62.4812 1010.6
vn 0.935495 0.273984 -0.223116
v -225.503 -62.2273 1010.45
vn 0.957089 -0.0920619 -0.274782
v -225.632 -62.4777 1009.65
vn -0.488568 -0.871763 0.0364816
v -238.984 -86.7123 1012.02
vn -0.3101 -0.90788 0.282121
v -238.451 -86.8486 1012.2
vn -0.604775 -0.775655 -0.180575
v -238.895 -86.6759 1011.1
vn 0.459926 -0.86472 -0.201812
v -238.671 -86.7853 1011.2
vn 0.768721 0.561656 -0.30596
v -238.823 -86.2678 1010.9
vn -0.173467 -0.777815 -0.60408
v -238.578 -86.6353 1010.95
vn 0.52059 -0.848872 0.0916634
v -227.383 -63.6898 1008.75
vn 0.940911 0.231053 -0.247592
v -225.855 -62.1959 1009.06
vn 0.718701 -0.674645 -0.168293
v -225.738 -62.6531 1009.61
vn 0.867944 -0.424364 -0.258046
v -225.856 -62.4275 1009.03
vn -0.458372 -0.870402 0.179709
v -240.255 -86.1117 1010.48
vn -0.0993897 -0.904118 0.415563
v -239.459 -86.3388 1010.3
vn -0.24203 -0.962443 0.122983
v -239.29 -86.6205 1009.51
vn -0.199779 -0.733471 -0.649699
v -239.086 -86.1737 1010.59
vn 0.632536 -0.7588 -0.155307
v -228.186 -64.297 1007.64
vn 0.690608 -0.709167 -0.141926
v -226.509 -62.9107 1007.71
vn 0.961646 0.148833 -0.230404
v -226.426 -61.6191 1007.41
vn 0.818624 -0.559134 -0.131243
v -226.192 -62.5863 1008.05
vn 0.955627 0.120527 -0.268794
v -226.097 -62.4113 1008.03
vn 0.753229 -0.657505 0.0182797
v -226.488 -62.3044 1007.12
vn 0.758383 -0.640701 -0.119827
v -226.267 -62.6184 1007.42
vn 0.935987 0.331172 -0.119384
v -240.257 -84.4338 1008.26
vn 0.3981 -0.785042 0.47458
v -229.383 -64.9878 1006.1
vn 0.58683 -0.808554 -0.0432639
v -229.013 -64.649 1006.64
vn 0.597899 -0.78092 0.18078
v -228.886 -64.6303 1006.14
vn 0.520687 -0.833615 0.184314
v -228.329 -64.4578 1005.56
vn 0.655383 -0.750275 -0.0869498
v -227.455 -63.4231 1006.75
vn 0.961981 -0.243967 -0.122767
v -226.735 -60.9685 1005.64
vn 0.735211 0.630725 -0.248294
v -226.306 -59.1252 1005.25
vn 0.910556 0.399347 0.106817
v -240.016 -85.0462 1006.95
vn -0.402207 -0.91217 -0.0785838
v -239.971 -86.0525 1007.46
vn 0.369029 -0.906095 0.206902
v -231.384 -66.5615 1004.68
vn 0.228134 -0.8 0.554937
v -230.32 -65.9099 1005.42
vn 0.455101 -0.750988 0.478434
v -229.647 -65.4908 1005.71
vn 0.633636 -0.370503 -0.679141
v -230.373 -65.9418 1004.89
vn 0.579004 -0.81338 -0.0562822
v -230.405 -65.729 1004.6
vn 0.760672 -0.643284 0.0869637
v -229.262 -65.1602 1005.57
vn 0.296837 -0.888076 0.351012
v -229.998 -65.9756 1005.14
vn 0.506597 -0.855889 0.103989
v -229.237 -65.1466 1004.67
vn 0.872079 -0.468749 -0.140545
v -229.144 -64.932 1005.55
vn 0.958494 -0.244842 -0.146086
v -226.447 -59.7755 1003.44
vn -0.373015 -0.909199 0.184976
v -241.23 -85.8392 1005.63
vn 0.873338 0.484819 -0.0472397
v -240.307 -84.498 1005.83
vn 0.569709 -0.798995 -0.192451
v -231.648 -66.6962 1004.25
vn 0.437058 -0.894033 0.0984183
v -232.324 -67.0942 1003.57
vn 0.893192 0.418458 -0.164625
v -241.328 -82.4792 1004.59
vn 0.625033 0.671582 -0.397884
v -241.254 -82.9365 1003.82
vn 0.489587 -0.871946 0.00372172
v -231.991 -67.1345 1002.79
vn 0.542231 -0.813184 -0.211463
v -231.971 -66.9922 1002.13
vn 0.584352 -0.807637 -0.0790867
v -230.595 -66.0946 1002.5
vn 0.894672 0.440803 -0.0724907
v -241.793 -82.8112 1003.64
vn 0.866197 0.493134 -0.0807593
v -241.782 -82.8079 1003.19
vn 0.410058 0.819418 -0.400508
v -241.488 -83.0065 1003.47
vn 0.632138 0.735451 -0.243952
v -241.598 -83.0278 1003.3
vn 0.981935 0.139059 0.128319
v -241.691 -82.295 1002.33
vn 0.170135 -0.875889 0.451522
v -232.936 -67.5081 1001.05
vn 0.212889 -0.92931 0.301765
v -232.479 -67.5631 1000.73
vn 0.487567 -0.85772 -0.163076
v -232.573 -67.1961 1001.5
vn -0.791383 -0.496401 -0.356789
v -243.93 -84.7811 1001.48
vn 0.769509 0.507504 -0.387679
v -242.233 -81.7973 1002.21
vn 0.942056 0.325809 -0.0798663
v -242.283 -81.9061 1001.77
vn 0.929303 0.331332 -0.163138
v -242.437 -81.5569 1001.12
vn 0.270334 -0.946674 0.175293
v -234.509 -68.1144 1000.27
vn -0.119619 0.939763 -0.320213
v -230.558 -61.5946 998.885
vn 0.920414 0.350379 -0.173413
v -242.956 -80.7927 999.349
vn 0.342408 -0.937969 -0.0544993
v -236.078 -68.5877 998.718
vn -0.31967 0.945676 -0.0592357
v -231.507 -62.0609 997.483
vn -0.608092 -0.793858 -0.00358663
v -244.827 -84.4468 999.495
vn 0.782533 0.461867 -0.417517
v -243.503 -80.9167 998.031
vn 0.415221 -0.869367 0.267941
v -237.73 -69.6987 996.666
vn 0.285297 -0.833986 0.472306
v -235.901 -68.9405 996.803
vn 0.512996 -0.808221 -0.289163
v -235.449 -68.6857 996.849
vn 0.965994 0.235827 -0.106021
v -244.068 -79.6009 996.513
vn 0.28628 -0.954456 0.0840112
v -238.153 -69.9184 996.611
vn 0.358757 -0.907193 -0.219761
v -237.845 -69.7404 996.268
vn 0.411461 -0.855674 -0.313882
v -237.253 -69.2211 995.617
vn 0.0251713 -0.798235 0.60182
v -237.597 -69.6997 995.043
vn -0.698671 -0.710996 0.0796519
v -245.986 -83.3267 996.187
vn -0.087154 -0.820042 0.565628
v -239.649 -70.343 993.913
vn -0.184737 -0.849821 0.493635
v -239.183 -70.2237 994.156
vn -0.296106 -0.850562 0.434586
v -238.632 -70.3274 994.328
vn -0.155273 -0.864859 0.477398
v -238.999 -70.4624 993.814
vn 0.364616 -0.899098 -0.242234
v -238.909 -70.389 993.559
vn 0.299714 -0.95371 -0.0246579
v -238.531 -70.3387 994.056
vn 0.402961 -0.915066 0.016607
v -237.409 -69.9534 994.474
vn 0.280568 -0.959087 0.0378543
v -237.93 -69.8196 993.178
vn 0.941405 0.30677 -0.140175
v -244.238 -80.6909 994.175
vn 0.280753 -0.946559 -0.158758
v -239.714 -70.4733 993.004
vn -0.754299 -0.646599 0.113767
v -246.545 -83.1592 993.132
vn 0.990019 0.0689162 -0.122934
v -244.961 -79.5719 992.54
vn 0.223837 -0.97301 0.0561037
v -240.371 -70.6568 991.09
vn -0.840242 -0.515085 0.169357
v -247.481 -82.1388 990.15
vn -0.63487 -0.639175 0.434045
v -247.608 -82.2421 989.75
vn -0.968861 -0.192305 0.155974
v -249.337 -80.4777 986.578
vn -0.79953 -0.477757 0.364006
v -249.03 -81.0311 986.801
vn -0.877968 -0.424446 0.2214
v -249.147 -81.263 986.378
vn 0.952774 -0.134373 -0.272333
v -246.445 -75.4848 986.809
vn 0.94933 -0.264864 -0.169175
v -246.679 -75.4757 986.252
vn 0.872705 -0.478433 -0.0974048
v -245.642 -73.6064 987.14
vn 0.809367 -0.581542 -0.0820579
v -245.586 -73.4778 986.909
vn 0.931224 -0.17533 -0.319503
v -246.207 -74.3934 985.958
vn 0.504679 -0.863097 0.0190571
v -244.261 -71.9301 986.726
vn -0.984267 -0.128502 0.121263
v -249.462 -79.4966 985.883
vn 0.943291 0.127395 -0.306548
v -247.028 -76.9945 985.312
vn 0.899 -0.434149 0.0575664
v -247.164 -76.7747 984.589
vn 0.826123 -0.543409 -0.149089
v -246.347 -74.1389 985.518
vn -0.977077 0.0592344 0.204481
v -249.501 -76.762 983.63
vn -0.822024 0.407802 -0.397459
v -249.639 -77.0017 983.642
vn 0.980771 -0.124608 -0.150203
v -247.408 -75.8892 983.185
vn -0.818097 0.380865 -0.430882
v -249.89 -78.9817 982.369
vn -0.980846 -0.0767965 0.179008
v -249.957 -78.973 981.956
vn -0.466768 0.882167 -0.0625187
v -245.312 -68.8048 981.102
vn -0.686846 0.715472 -0.12784
v -248.439 -71.0594 978.564
vn -0.740354 0.670921 -0.0417203
v -247.921 -70.9082 978.342
vn -0.61696 0.786743 -0.0198843
v -246.978 -69.929 979.373
vn -0.527193 0.835077 -0.157205
v -247.35 -70.1946 979.287
vn -0.536773 0.799009 -0.271036
v -247.68 -70.5115 978.953
vn -0.74268 0.66619 0.0679443
v -247.523 -70.4 978.672
vn -0.484846 0.872405 -0.0619135
v -246.896 -69.6944 977.82
vn -0.972464 0.104215 0.208454
v -250.619 -75.4197 978.087
vn -0.442883 0.81021 -0.383947
v -249.139 -72.2299 977.009
vn -0.821353 0.535033 0.197785
v -248.11 -71.0781 977.961
vn -0.835908 0.525895 0.157135
v -248.382 -71.0429 976.98
vn -0.884391 0.466582 -0.0124187
v -250.314 -73.953 976.367
vn 0.0563515 -0.990525 0.125237
v -239.001 -86.6462 1009.59
vn -0.184616 -0.969844 -0.159122
v -239.328 -86.5423 1008.42
vn 0.550963 0.563182 -0.615845
v -239.291 -85.922 1007.82
vn 0.940483 0.335496 -0.0541693
v -239.02 -86.2143 1008.55
vn 0.991531 -0.112601 -0.0647153
v -239.084 -86.2793 1007.68
vn 0.582026 -0.806355 0.10506
v -226.639 -63.2752 1005.91
vn 0.985803 -0.048971 -0.160605
v -226.715 -62.8935 1004.89
vn 0.994503 -0.0474661 -0.0933319
v -226.528 -62.6511 1005.9
vn 0.551875 0.560138 -0.617803
v -239.783 -85.9177 1007.39
vn 0.4021 -0.782575 0.475281
v -239.735 -85.989 1007.13
vn 0.547518 0.571299 -0.611425
v -239.547 -86.0419 1007.48
vn -0.369077 -0.900798 0.228791
v -239.918 -86.1824 1006.97
vn -0.514667 -0.857353 -0.00800436
v -240.294 -86.1528 1006.26
vn 0.290564 -0.864211 0.410746
v -239.477 -86.1656 1006.81
vn 0.90424 0.308198 0.295576
v -239.441 -85.9732 1006.67
vn -0.163744 -0.961209 0.221957
v -239.808 -86.3765 1006.44
vn 0.860821 0.507649 0.0357815
v -239.433 -85.8817 1006.11
vn 0.207786 -0.958976 0.192848
v -239.526 -86.452 1006.08
vn -0.132874 -0.990989 0.0168929
v -239.643 -86.4668 1005.91
vn 0.971159 0.229264 0.0654861
v -239.265 -86.1681 1005.8
vn 0.267101 -0.962353 0.0503313
v -239.267 -86.4024 1005.74
vn 0.673009 -0.71483 -0.18994
v -226.795 -63.1006 1004.7
vn 0.979308 -0.178847 -0.0947082
v -226.967 -63.5907 1003.6
vn -0.414586 -0.903848 0.10572
v -240.341 -86.0751 1005.62
vn 0.859882 0.510144 -0.0188619
v -239.38 -85.9987 1005.4
vn 0.131867 -0.98736 0.0879253
v -239.393 -86.4034 1005.13
vn 0.977535 0.208512 0.0307813
v -239.283 -86.2379 1005.1
vn -0.0968774 -0.988414 0.116847
v -239.612 -86.4438 1005.01
vn 0.375908 -0.780826 0.499004
v -229.344 -65.3615 1002.85
vn 0.257226 -0.812772 0.52272
v -230.127 -66.144 1002.29
vn 0.981035 -0.101632 -0.165047
v -227.316 -63.1228 1002.05
vn 0.0223397 0.913672 -0.405838
v -227.089 -59.9482 1001.94
vn 0.96769 -0.130981 -0.215452
v -226.792 -59.9805 1002.02
vn 0.648102 -0.756042 -0.0914631
v -230.209 -65.813 1000.8
vn 0.665078 -0.746696 -0.0107545
v -229.477 -65.1814 1000.55
vn 0.696507 -0.717174 0.0232257
v -227.885 -63.7853 1001.55
vn 0.238628 0.723035 -0.648288
v -227.112 -60.3857 1001.44
vn -0.271471 0.957678 -0.0956931
v -227.491 -60.4618 1000.5
vn 0.947542 -0.298232 -0.114987
v -227.015 -60.616 1001.4
vn -0.137745 0.97487 -0.175088
v -227.193 -60.4098 1000.36
vn -0.491186 -0.864042 -0.110306
v -241.111 -85.9339 1002.22
vn 0.697632 0.669277 -0.255691
v -241.195 -84.231 1001.61
vn 0.838691 0.524829 -0.145438
v -240.74 -84.4919 1002.25
vn 0.517918 -0.832087 -0.198473
v -231.956 -67.1569 1000.77
vn 0.568659 -0.794544 -0.212902
v -230.964 -66.491 999.297
vn 0.970567 -0.170279 -0.17031
v -227.152 -60.7065 999.858
vn -0.368072 -0.898296 0.239974
v -242.741 -85.6011 1001.25
vn -0.253328 -0.935145 0.247647
v -241.81 -85.7603 1001.23
vn 0.867959 0.490815 -0.0758088
v -241.293 -84.2017 1001.4
vn 0.543935 -0.833493 0.097076
v -231.918 -66.7908 997.905
vn 0.480857 -0.872877 -0.0828406
v -231.169 -66.4465 998.715
vn -0.0881041 0.947414 -0.307642
v -228.784 -61.3664 997.637
vn -0.350488 -0.936139 0.0283191
v -243.274 -85.4993 1000.18
vn 0.427134 -0.900462 0.0820025
v -234.516 -68.2169 997.367
vn 0.453506 -0.8873 -0.0838491
v -234.209 -68.0566 997.022
vn 0.194076 -0.880216 0.433075
v -233.664 -67.9881 996.998
vn 0.365417 -0.918681 0.149988
v -233.077 -67.9264 996.731
vn -0.299379 0.950585 -0.0822286
v -229.715 -62.0621 995.972
vn 0.851902 0.491869 -0.179799
v -242.359 -82.955 997.653
vn 0.476876 -0.849314 -0.226394
v -235.006 -68.4078 996.902
vn 0.634154 0.653195 -0.413745
v -242.895 -83.0556 996.331
vn 0.629368 0.693055 -0.351526
v -243.015 -83.096 996.159
vn 0.986787 0.158855 -0.0318866
v -243.093 -83.0599 995.978
vn 0.993417 0.113018 0.018723
v -243.223 -81.9643 996.415
vn 0.950749 0.258508 -0.17103
v -243.266 -81.8628 996.227
vn 0.921336 0.356764 -0.154464
v -243.377 -81.7063 995.856
vn 0.437247 -0.877567 -0.196702
v -236.895 -69.5663 994.296
vn 0.384312 -0.91905 0.0874705
v -235.913 -69.0769 995.23
vn 0.120841 -0.903441 0.411329
v -235.754 -69.114 994.927
vn 0.271621 -0.960172 -0.0655175
v -235.889 -69.3811 994.508
vn -0.220941 -0.384148 0.896446
v -234.831 -69.0901 995.165
vn 0.342377 -0.926679 -0.155061
v -237.037 -69.5337 993.912
vn -0.522254 -0.850203 0.066366
v -244.648 -84.6953 994.029
vn 0.259965 -0.96077 0.0966364
v -237.707 -70.2016 992.128
vn 0.85471 0.415192 -0.311586
v -244.966 -80.6556 991.849
vn 0.805999 0.481672 -0.344032
v -244.468 -80.8564 992.032
vn 0.328146 -0.940769 -0.0852885
v -239.456 -70.447 990.466
vn -0.848538 -0.527802 0.0375388
v -247.201 -82.9542 990.795
vn 0.967323 0.188486 -0.169587
v -245.084 -80.5457 990.583
vn 0.0448679 -0.939029 0.340898
v -239.755 -70.5438 988.811
vn -0.099516 -0.842652 0.529183
v -239.753 -70.7379 988.56
vn -0.43197 -0.817365 0.381203
v -246.974 -83.5113 988.548
vn 0.310097 -0.947109 0.0826156
v -241.401 -71.0683 987.817
vn 0.149921 -0.962001 0.228205
v -241.571 -71.1302 987.578
vn 0.219732 -0.928921 0.298032
v -241.044 -70.8968 987.808
vn 0.110168 -0.855049 0.506709
v -241.226 -71.0517 987.649
vn -0.0502487 -0.902106 0.428579
v -241.225 -71.2109 987.404
vn -0.145339 -0.758434 0.635338
v -240.876 -70.9666 987.719
vn 0.0195235 -0.921101 0.388835
v -240.903 -71.2146 987.475
vn -0.807601 -0.567082 0.161861
v -247.872 -82.9759 988.212
vn 0.21194 -0.970185 0.117567
v -240.674 -71.1635 986.434
vn -0.845784 -0.529693 0.0638327
v -247.828 -83.0406 986.623
vn 0.953661 0.175419 -0.244455
v -246.626 -78.27 986.058
vn -0.924215 -0.370203 0.0936812
v -249.133 -81.3046 984.584
vn -0.903929 -0.365147 -0.222667
v -248.693 -82.2064 984.028
vn 0.99878 -0.0302744 0.0390134
v -247.091 -78.2478 984.052
vn 0.837148 0.285157 -0.466763
v -247.13 -79.1018 984.396
vn 0.991763 -0.0974881 0.083079
v -247.172 -78.6355 984.273
vn 0.992278 0.0868113 -0.0885948
v -247.199 -79.0854 984.208
vn 0.784733 0.377744 -0.49143
v -246.7 -79.2347 984.844
vn 0.245777 -0.95973 0.136057
v -243.722 -72.0387 984.229
vn -0.212793 0.957484 -0.194791
v -240.474 -67.033 982.289
vn -0.932586 -0.331155 0.143598
v -249.379 -81.1227 984.056
vn 0.980324 -0.0507735 -0.190756
v -247.563 -77.8333 983.441
vn 0.73887 0.454793 -0.497227
v -247.347 -78.2229 983.508
vn 0.662713 0.517321 -0.541471
v -247.694 -79.2776 982.186
vn 0.583546 -0.810666 -0.0479012
v -244.934 -72.558 982.053
vn -0.969133 -0.196775 0.148526
v -249.819 -80.2171 982.162
vn 0.806519 -0.589504 -0.0448518
v -247.128 -74.6388 981.456
vn 0.702495 -0.710119 -0.0472496
v -246.341 -73.8125 980.979
vn -0.959799 -0.238636 0.147779
v -250.248 -78.7664 980.562
vn 0.963748 -0.247146 -0.100546
v -247.808 -76.2413 980.215
vn 0.939177 0.100553 -0.328384
v -248.174 -76.9024 979.18
vn 0.722054 -0.682314 0.114393
v -247.577 -75.2195 980.249
vn 0.948127 -0.25581 -0.188722
v -247.99 -75.7182 979.928
vn -0.258315 0.943585 -0.207172
v -243.647 -68.5105 979.118
vn -0.956376 -0.211776 0.201237
v -250.461 -79.065 979.284
vn -0.871694 -0.349119 0.343898
v -250.089 -80.0757 979.19
vn 0.600221 -0.796336 0.0747191
v -247.642 -74.5734 977.599
vn -0.931275 -0.254498 0.260686
v -250.633 -78.6757 978.083
vn -0.795307 -0.299234 0.527205
v -250.852 -79.7447 977.145
vn -0.966788 -0.136614 0.216002
v -250.945 -79.076 976.559
vn -0.971617 -0.128824 0.198407
v -250.858 -78.1531 978.039
vn 0.478594 -0.863239 0.160515
v -247.812 -74.7693 977.081
vn 0.787313 -0.613437 -0.0619207
v -248.168 -75.0445 976.987
vn -0.906421 -0.210071 0.366431
v -251.147 -79.0252 976.048
vn -0.865232 -0.116822 0.487572
v -251.047 -78.1043 976.575
vn -0.945387 -0.0703413 0.318271
v -251.261 -78.0269 976.241
vn -0.905593 0.40279 0.132893
v -249.512 -72.09 974.469
vn -0.668423 0.738454 -0.0888603
v -248.913 -71.2856 974.523
vn -0.907538 0.410624 0.0881063
v -249.647 -72.0862 973.865
vn -0.673307 0.707226 -0.215613
v -249.042 -71.7556 973.626
vn -0.500057 0.848864 -0.171386
v -248.094 -71.2194 972.81
vn -0.943319 0.331839 0.00562988
v -251.148 -75.967 972.803
vn -0.71436 0.690154 -0.115657
v -249.553 -72.5338 972.4
vn -0.688454 0.708561 -0.15483
v -250.057 -73.1964 972.214
vn 0.0990972 -0.963878 0.247221
v -239.305 -86.5088 1004.63
vn -0.166638 -0.981885 0.090188
v -239.396 -86.638 1004.21
vn -0.175377 -0.983217 -0.0502791
v -239.481 -86.6129 1004.03
vn 0.0237336 -0.996971 0.0740629
v -239.194 -86.6441 1004.11
vn 0.791623 0.582406 -0.184761
v -239.062 -86.4008 1004.08
vn -0.0496788 -0.972081 -0.229325
v -239.263 -86.6118 1003.93
vn -0.173194 -0.984278 0.0346643
v -240.284 -86.6308 1003.07
vn -0.137939 -0.989547 0.042077
v -240.031 -86.5094 1003.86
vn 0.801682 0.593138 -0.0741117
v -239.656 -85.8336 1003.33
vn 0.0869372 -0.993476 -0.0738069
v -239.635 -86.5352 1003.67
vn 0.874597 0.473731 -0.103242
v -239.27 -86.4274 1003.51
vn 0.815755 0.570563 -0.0948737
v -239.459 -86.0633 1002.54
vn 0.435047 -0.879493 -0.192942
v -239.414 -86.4956 1002.23
vn 0.891151 0.410692 -0.192827
v -239.364 -86.3152 1002.05
vn 0.91344 -0.380733 -0.143772
v -227.473 -63.1558 1001.02
vn 0.627202 -0.728529 0.275433
v -228.173 -63.9632 1000.64
vn 0.666861 -0.636629 0.387299
v -227.651 -63.5564 1000.67
vn 0.986334 -0.126392 -0.10569
v -227.516 -63.4153 1000.54
vn 0.263269 -0.529946 0.806131
v -227.615 -63.8179 1000.55
vn 0.931782 -0.308201 -0.191819
v -227.637 -63.6522 999.896
vn 0.74807 -0.660242 -0.0668662
v -227.725 -63.8326 999.902
vn -0.455113 -0.863435 -0.217606
v -240.671 -86.4234 1002.61
vn -0.237021 -0.952077 -0.193312
v -240.378 -86.1135 1001.4
vn -0.0938432 -0.963153 -0.25205
v -239.92 -86.5516 1002.24
vn 0.160776 -0.877253 -0.452303
v -239.615 -86.4259 1001.89
vn 0.188224 -0.914937 -0.357017
v -239.885 -86.1425 1001.39
vn 0.820105 0.537146 -0.197237
v -239.755 -85.9542 1001.35
vn 0.52263 -0.654356 -0.546513
v -239.49 -86.2775 1001.78
vn 0.523175 -0.47649 -0.706573
v -229.702 -65.5785 999.26
vn 0.608305 -0.615552 -0.50106
v -230.082 -65.6294 999.013
vn 0.665688 -0.641246 -0.381659
v -228.454 -64.3715 999.734
vn 0.604391 -0.737989 0.300139
v -228.221 -64.437 998.269
vn -0.110114 -0.990677 0.0802109
v -241.346 -86.0569 1000.53
vn 0.976792 0.130393 0.169925
v -240.919 -84.9234 999.596
vn 0.22958 -0.972758 0.0321687
v -240.398 -86.0313 999.641
vn 0.519553 -0.854436 -0.00185126
v -240.168 -85.938 999.546
vn 0.845413 0.512282 -0.151143
v -240.279 -85.6835 999.247
vn 0.736604 -0.627294 0.252816
v -227.899 -64.1922 997.938
vn -0.133058 0.959624 -0.247827
v -228.001 -61.1693 997.9
vn 0.16442 0.505639 -0.846933
v -228.171 -61.3219 997.76
vn 0.025443 0.952981 -0.30196
v -227.652 -61.1381 998.027
vn 0.331129 0.442122 -0.833596
v -227.794 -61.5291 997.732
vn 0.980338 -0.112192 -0.162329
v -227.724 -61.8006 997.688
vn 0.986457 -0.0139429 -0.163425
v -227.907 -61.6587 996.738
vn 0.357067 -0.86632 0.349274
v -232.555 -67.5454 996.539
vn 0.306257 -0.768617 0.561636
v -232.122 -67.3043 996.698
vn 0.143406 -0.589412 0.795002
v -232.092 -67.8254 996.282
vn 0.557203 -0.818394 0.140559
v -230.782 -66.0283 997.255
vn 0.126634 -0.596335 0.792684
v -230.615 -66.0983 997.166
vn 0.101739 -0.575923 0.811148
v -230.391 -66.6352 996.757
vn -0.396719 0.892221 0.215766
v -228.887 -61.7621 996.516
vn -0.450071 0.878012 0.162884
v -229.309 -61.817 996.038
vn 0.17048 0.904093 -0.391857
v -228.159 -61.5646 996.647
vn -0.047307 -0.982446 -0.180451
v -241.228 -85.8138 997.611
vn 0.888823 0.441373 -0.12322
v -242.082 -83.958 997.381
vn 0.78241 0.595149 -0.183391
v -241.344 -84.8924 997.126
vn -0.038391 -0.610621 0.790992
v -233.555 -68.3979 995.776
vn 0.420428 -0.902163 -0.0966578
v -233.16 -68.4432 995.138
vn 0.548986 -0.829201 -0.105068
v -231.935 -67.7663 995.548
vn -0.0326295 0.913913 -0.404596
v -230.165 -62.6988 994.27
vn -0.311604 -0.947338 -0.0738506
v -242.484 -85.3454 995.371
vn 0.632228 0.718288 -0.290431
v -242.575 -83.4514 995.902
vn 0.453891 -0.879515 -0.142956
v -233.214 -68.103 994.543
vn 0.354407 -0.883054 0.307591
v -233.339 -68.2462 994.136
vn 0.348558 -0.930942 0.108881
v -233.306 -68.3574 993.882
vn -0.152413 0.93452 -0.321624
v -230.834 -62.811 994.12
vn 0.0227862 0.88087 -0.472809
v -230.024 -63.0659 993.526
vn -0.202027 0.962073 -0.183304
v -230.458 -63.447 992.34
vn -0.434186 -0.897795 0.0738012
v -244.4 -84.7976 994.121
vn 0.273884 -0.687882 0.672164
v -243.353 -84.9415 993.832
vn -0.405349 -0.912875 0.048488
v -243.421 -85.2632 993.595
vn -0.13941 -0.976984 -0.161456
v -242.868 -84.9833 993.82
vn 0.839846 0.514839 -0.172043
v -242.616 -84.1739 993.391
vn 0.277467 -0.943243 0.182495
v -235.475 -69.2264 993.221
vn -0.0978979 0.941566 -0.322287
v -232.42 -63.8004 991.876
vn -0.0552555 0.94164 -0.332056
v -231.739 -63.6996 992.059
vn 0.143267 -0.920471 0.363603
v -236.998 -69.9166 989.83
vn 0.265671 -0.946972 0.180728
v -236.612 -69.9612 989.642
vn 0.40331 -0.912822 -0.0640134
v -236.182 -69.7434 989.248
vn -0.445423 -0.877613 0.177186
v -245.882 -84.3079 989.985
vn 0.737099 0.603623 -0.30385
v -244.549 -82.2094 990.098
vn 0.842883 0.487834 -0.227083
v -244.061 -82.8655 989.999
vn 0.87657 0.448458 -0.174671
v -244.679 -82.0786 989.955
vn -0.0451652 -0.867543 0.495308
v -237.695 -70.7275 987.594
vn -0.803805 -0.584081 -0.112905
v -246.674 -83.5641 988.68
vn -0.798675 -0.556942 -0.22789
v -246.161 -84.1507 988.802
vn -0.627565 -0.776702 -0.0538178
v -246.042 -84.4566 988.926
vn -0.0113212 -0.918615 0.39499
v -239.191 -70.8857 986.938
vn -0.779888 -0.603947 -0.164389
v -247.561 -83.3838 986.886
vn -0.661189 -0.748974 0.0431967
v -247.174 -83.9955 986.85
vn -0.224573 -0.729017 0.646608
v -247.647 -83.1892 986.517
vn -0.575868 -0.703149 0.417082
v -247.789 -83.2697 986.349
vn -0.732673 -0.651075 0.198223
v -247.942 -83.1892 985.987
vn -0.665038 -0.741969 0.0848902
v -247.752 -83.3996 986.091
vn -0.636346 -0.771397 -0.00309046
v -247.66 -83.4492 985.845
vn -0.473089 -0.822981 0.314466
v -247.239 -83.7696 986.021
vn -0.514552 -0.83984 0.172933
v -247.118 -83.9578 985.046
vn 0.897721 0.380598 -0.221907
v -246.404 -80.9448 984.91
vn 0.171053 -0.981303 0.0882381
v -240.7 -71.5299 985.107
vn -0.860129 -0.50435 -0.0762235
v -248.454 -83.065 984.463
vn -0.751512 -0.634085 0.182116
v -248.225 -83.3839 984.756
vn -0.492294 -0.84903 0.191818
v -247.803 -83.7252 984.956
vn 0.98656 0.152027 -0.0598929
v -247.115 -79.9061 983.43
vn 0.767421 0.478253 -0.427011
v -246.935 -80.2786 983.694
vn 0.751356 0.477597 -0.455374
v -246.567 -80.3405 983.958
vn 0.0436676 -0.979268 0.197806
v -241.861 -71.7042 982.088
vn -0.71812 -0.634322 0.286252
v -248.753 -82.5313 983.342
vn -0.493589 -0.777355 0.389986
v -248.316 -82.8611 983.09
vn 0.73928 0.548209 -0.391065
v -246.706 -81.2067 982.788
vn 0.857625 0.368511 -0.358719
v -247.224 -79.252 982.637
vn 0.994203 -0.0920974 0.0554892
v -247.675 -79.0819 981.989
vn 0.625203 0.566832 -0.536491
v -247.465 -79.4287 982.28
vn -0.216292 0.9633 -0.158965
v -240.006 -67.124 981.834
vn -0.862497 -0.461238 0.208227
v -249.306 -81.7251 981.933
vn -0.859331 -0.457054 0.229459
v -249.493 -81.7076 981.577
vn -0.874694 -0.476007 0.0912566
v -249.06 -82.2663 981.567
vn 0.998887 -0.0464482 -0.00816083
v -247.681 -80.0866 981.175
vn 0.259894 -0.964649 0.0436723
v -243.907 -72.1236 980.723
vn -0.857958 -0.511373 0.0490583
v -249.345 -82.2266 980.544
vn 0.909331 0.320631 -0.265166
v -247.992 -79.9252 980.007
vn 0.275344 -0.960832 -0.0314162
v -244.856 -72.5929 978.127
vn -0.340311 0.926728 -0.159262
v -242.984 -68.6031 977.903
vn -0.243817 0.950451 -0.192865
v -241.33 -67.7962 978.798
vn -0.231378 -0.559205 0.796087
v -249.948 -80.7718 978.804
vn -0.754271 -0.329801 0.567721
v -250.129 -80.9239 978.645
vn -0.827782 -0.493789 0.266363
v -249.87 -81.2039 978.484
vn -0.931468 -0.330908 0.151218
v -249.696 -81.579 978.572
vn -0.877342 -0.457867 0.143626
v -250.129 -81.3362 977.696
vn -0.964222 -0.263405 0.0299064
v -249.523 -82.2435 978.843
vn 0.993121 0.0133251 -0.11633
v -248.456 -78.4581 977.758
vn 0.735633 -0.671013 -0.0926565
v -246.627 -73.7564 977.557
vn 0.477434 -0.87518 -0.0782033
v -245.535 -72.8938 978.278
vn 0.23938 -0.968822 0.0638745
v -245.214 -72.6084 977.499
vn 0.0282185 -0.962007 0.271563
v -245.14 -72.6685 977.233
vn -0.791538 -0.531709 0.301251
v -250.394 -80.9364 976.317
vn -0.91903 -0.378671 0.109506
v -250.228 -81.1903 976.426
vn 0.92055 0.197553 -0.336989
v -248.949 -79.2704 976.316
vn 0.64003 -0.768164 0.0168965
v -247.55 -74.6953 976.968
vn 0.848445 -0.46419 -0.254299
v -246.993 -73.7373 975.991
vn 0.862496 -0.454765 -0.222012
v -247.253 -74.1017 975.575
vn 0.8972 -0.352465 -0.266085
v -247.15 -73.6991 975.583
vn 0.759933 -0.642098 -0.101058
v -247.058 -73.5227 975.564
vn 0.759422 -0.60778 -0.232124
v -246.77 -73.3867 976.117
vn 0.562091 -0.82244 -0.0874398
v -246.115 -72.9832 976.752
vn 0.403041 -0.9002 0.164917
v -246.874 -73.4018 975.495
vn 0.15549 -0.962376 0.222835
v -246.043 -73.0994 976.075
vn 0.100204 -0.985129 0.13957
v -245.399 -73.0004 976.194
vn -0.705785 -0.464639 0.534769
v -251.119 -79.4762 975.749
vn -0.985241 -0.0793433 0.151671
v -251.259 -79.5532 975.581
vn 0.957527 -0.122786 -0.260895
v -249.251 -77.5142 974.254
vn 0.637611 -0.76952 0.0359448
v -248.361 -75.3155 975.703
vn 0.957106 -0.231098 -0.174765
v -248.729 -76.0652 975.403
vn 0.81398 -0.571989 -0.101314
v -247.407 -74.0861 974.981
vn 0.689684 -0.721521 0.0611809
v -247.302 -73.9434 974.727
vn 0.381273 -0.919206 0.0984439
v -246.532 -73.4538 974.659
vn -0.699158 -0.53552 0.473706
v -251.074 -81.0837 974.388
vn 0.876303 -0.460851 -0.14039
v -249.237 -76.2593 973.301
vn -0.99006 -0.0927848 0.105697
v -251.665 -79.1191 972.045
vn -0.963267 0.225092 0.146462
v -251.091 -75.8282 972.287
vn -0.724086 0.688034 0.0480523
v -249.546 -72.6394 971.511
vn -0.507115 0.853307 -0.121247
v -248.336 -71.5081 971.142
vn -0.986362 0.154739 -0.0560824
v -251.855 -78.0735 971.029
vn -0.987651 0.0362804 0.152408
v -251.776 -77.4977 970.543
vn -0.891037 0.386543 -0.237989
v -251.658 -77.996 970.64
vn -0.989229 0.138979 -0.0459448
v -251.569 -77.1899 970.114
vn -0.960136 0.279524 -0.00239658
v -251.553 -76.6655 970.777
vn -0.944271 0.302238 0.130399
v -251.21 -75.7796 970.157
vn -0.960855 0.258292 0.100212
v -251.497 -76.5451 970.099
vn -0.862664 0.47282 0.179587
v -250.508 -73.4075 970.232
vn -0.740253 0.671484 0.033689
v -250.398 -73.2371 970.245
vn -0.812886 -0.293386 0.50313
v -251.724 -77.2532 969.438
vn -0.832189 0.430462 -0.349521
v -251.296 -75.7891 969.665
vn -0.969599 0.193148 0.150238
v -251.295 -75.5831 969.471
vn -0.946541 0.318873 -0.0487811
v -251.661 -76.7817 969.252
vn -0.875445 0.483316 -0.0013616
v -250.926 -73.974 969.3
vn 0.385239 -0.920995 0.0579543
v -240.322 -86.095 999.151
vn 0.622349 -0.631739 0.462155
v -228.047 -64.8509 997.47
vn 0.98225 -0.11056 -0.151531
v -228.095 -64.7197 996.397
vn 0.835406 0.50901 -0.207379
v -240.669 -85.6359 997.819
vn 0.151899 -0.899159 -0.410414
v -240.812 -85.8076 997.639
vn 0.0641055 -0.995206 -0.0738653
v -240.477 -86.1258 998.439
vn 0.497158 -0.835753 -0.233132
v -240.295 -86.0168 998.258
vn 0.0422604 -0.951002 -0.306284
v -240.593 -86.0947 998.164
vn 0.0866281 -0.994763 0.0542337
v -241.235 -85.7874 997.172
vn 0.334709 -0.939069 0.0782217
v -241.052 -85.7399 997.093
vn 0.851857 0.507143 -0.130941
v -240.993 -85.3418 997.121
vn 0.720068 -0.621872 -0.30786
v -240.893 -85.6039 997.037
vn 0.269987 -0.950688 0.152642
v -240.971 -85.8411 996.595
vn 0.843072 0.520253 -0.136257
v -240.968 -85.5108 996.418
vn -0.125758 -0.981667 -0.143228
v -241.398 -85.9416 996.114
vn 0.906458 -0.419636 -0.0473158
v -240.924 -85.6891 996.149
vn 0.0904219 -0.918053 -0.386008
v -241.055 -85.8679 995.963
vn 0.508644 -0.856619 0.0865186
v -229.144 -65.9445 994.713
vn 0.915404 -0.389982 -0.0997461
v -228.545 -65.4036 994.285
vn -0.17124 0.946202 -0.274552
v -229.34 -62.9788 993.73
vn -0.300146 0.940318 -0.16036
v -228.868 -62.7919 993.912
vn 0.980044 -0.0797433 -0.182086
v -228.555 -63.745 994.745
vn 0.972509 -0.194617 -0.127871
v -228.631 -63.3902 993.494
vn 0.972579 0.0314959 -0.230428
v -228.605 -63.1847 993.414
vn 0.956723 0.128883 -0.260901
v -228.407 -62.7247 994.373
vn 0.273895 0.852277 -0.445651
v -228.578 -62.644 994.273
vn 0.980321 -0.114572 -0.160764
v -228.413 -62.9539 994.343
vn -0.142348 0.959759 -0.242075
v -228.634 -62.7397 993.809
vn -0.419974 -0.893591 -0.158482
v -241.796 -85.7376 996.107
vn 0.848211 0.496881 -0.183434
v -241.737 -84.9042 995.304
vn -0.127195 -0.989839 -0.0635545
v -242.096 -85.4191 994.956
vn 0.0125631 -0.998087 0.0605355
v -241.639 -85.3856 995.414
vn -0.127985 -0.853288 -0.505489
v -241.448 -85.8536 995.927
vn -0.0519868 -0.972355 -0.227645
v -241.798 -85.3936 994.596
vn 0.953512 0.104133 -0.282791
v -241.753 -85.1881 994.604
vn 0.799203 0.542165 -0.259483
v -241.086 -85.5644 995.797
vn 0.872868 -0.160061 -0.460957
v -241.178 -85.5529 995.619
vn 0.297933 0.788863 -0.537523
v -229.408 -63.3517 992.15
vn 0.733579 0.492337 -0.468472
v -228.813 -63.3019 992.701
vn 0.961948 0.0690104 -0.264373
v -229.019 -64.0597 991.8
vn 0.634368 0.544095 -0.549125
v -229.094 -63.853 991.864
vn -0.0563736 -0.953595 -0.295767
v -242.144 -85.0555 993.915
vn -0.0831772 -0.983675 -0.159581
v -242.444 -84.9514 993.403
vn 0.866639 -0.0462895 -0.496784
v -241.928 -85.1101 994.252
vn 0.46168 -0.778984 0.424305
v -242.564 -85.1448 993.145
vn 0.892633 0.282236 -0.351495
v -242.144 -84.7669 993.956
vn 0.949576 0.119123 -0.290025
v -242.37 -84.7639 993.394
vn 0.348434 -0.926097 0.144699
v -233.556 -68.5667 991.297
vn 0.395719 -0.902711 0.168878
v -232.941 -68.5682 991.007
vn 0.479467 -0.860234 0.173521
v -232.25 -68.039 991.674
vn 0.00976237 0.952224 -0.305243
v -229.733 -64.1279 991.012
vn 0.782367 -0.58432 0.215573
v -242.356 -85.0564 992.901
vn 0.472794 -0.86642 0.160565
v -242.463 -85.2501 992.701
vn -0.481384 -0.876207 -0.0230551
v -243.136 -85.463 991.651
vn 0.143398 -0.918167 0.369332
v -234.847 -69.106 990.491
vn 0.32822 -0.944227 0.026589
v -234.352 -68.8009 991.049
vn -0.0261551 -0.790941 0.611333
v -234.066 -68.7671 991.063
vn -0.0728548 -0.72536 0.684504
v -233.608 -68.8605 991.057
vn 0.163915 -0.877145 0.451386
v -233.722 -69.1227 989.738
vn -0.388111 -0.915857 0.102841
v -243.727 -85.0012 990.892
vn 0.860649 -0.508152 0.0326441
v -242.397 -85.2396 991.112
vn 0.0587444 -0.846607 0.528967
v -235.79 -69.9766 988.808
vn 0.122872 -0.839905 0.528642
v -234.413 -69.8719 988.844
vn -0.0913991 0.965232 -0.244894
v -232.929 -64.6605 989.099
vn 0.897465 0.387702 -0.210342
v -243.155 -84.7438 989.311
vn 0.36328 -0.914401 -0.1786
v -235.296 -69.9959 988.128
vn 0.508389 -0.799938 -0.31881
v -234.705 -69.4506 987.703
vn -0.687446 -0.678844 -0.258047
v -245.328 -84.6876 987.667
vn -0.733798 -0.617924 -0.282332
v -245.218 -84.6822 987.393
vn -0.562468 -0.826814 0.00286582
v -245.075 -84.7976 987.31
vn -0.210051 -0.977683 0.00392806
v -244.854 -84.9491 987.407
vn -0.369154 -0.899542 0.233559
v -245.829 -84.7066 986.786
vn -0.39418 -0.871205 0.292617
v -245.169 -84.7888 987.132
vn -0.305557 -0.943058 0.13144
v -244.7 -85.0612 986.874
vn 0.542902 -0.796468 -0.266262
v -238.486 -70.9866 984.587
vn -0.565737 -0.821326 0.0732504
v -246.384 -84.4807 985.073
vn -0.76551 -0.574132 -0.290461
v -245.922 -84.7482 985.264
vn 0.0537216 -0.943122 0.328077
v -238.744 -71.3457 983.99
vn -0.380541 -0.919921 0.0945255
v -246.536 -84.4162 984.263
vn -0.625064 -0.772974 -0.108658
v -246.955 -84.4817 983.114
vn 0.79817 0.547663 -0.25098
v -246.156 -82.2496 983.051
vn -0.165728 0.969517 -0.180475
v -238.438 -66.6829 981.381
vn -0.0702137 0.974291 -0.214073
v -237.254 -66.7983 980.842
vn -0.685397 -0.698603 0.205389
v -248.352 -83.5387 981.898
vn -0.542813 -0.839451 0.0260005
v -247.272 -84.1618 982.194
vn 0.896792 0.387817 -0.212982
v -246.319 -82.1884 982.691
vn 0.888183 0.412926 -0.20155
v -246.809 -81.4139 982.362
vn -0.0940967 -0.926552 0.364207
v -240.856 -71.9218 981.338
vn -0.212391 -0.894021 0.394482
v -240.477 -72.0899 981.271
vn -0.0498655 -0.987862 0.147114
v -240.19 -72.2085 980.985
vn -0.764985 -0.641613 -0.0559521
v -248.454 -83.3812 981.077
vn -0.800636 -0.587257 0.118793
v -248.727 -83.1602 980.345
vn -0.581015 -0.810271 -0.0766965
v -247.619 -84.293 980.779
vn 0.490167 0.603698 -0.628717
v -246.754 -81.8028 980.554
vn 0.119781 -0.992759 -0.00906843
v -241.374 -72.545 979.044
vn -0.117246 -0.9563 0.267851
v -241.036 -72.4248 979.698
vn -0.737754 -0.67031 -0.0800258
v -248.509 -83.3675 979.099
vn 0.818951 0.501092 -0.279689
v -247.597 -80.5153 979.962
vn 0.716321 0.555181 -0.42268
v -247.732 -81.1765 979.042
vn 0.849009 0.466925 -0.247315
v -247.806 -81.33 978.609
vn -0.0536698 -0.971422 0.23121
v -243.257 -72.3211 978.847
vn -0.277468 0.949994 -0.143259
v -240.692 -68.0697 977.434
vn -0.661026 -0.75016 0.0174529
v -249.115 -82.6253 978.597
vn -0.829734 -0.548357 0.104149
v -249.364 -82.508 978.019
vn 0.960973 0.227028 -0.158077
v -248.426 -80.6465 977.214
vn -0.0951605 -0.958808 0.267641
v -243.274 -72.8325 976.11
vn -0.214377 0.957346 -0.193728
v -240.846 -68.1661 975.862
vn -0.769594 -0.573066 0.28164
v -250.766 -81.2951 975.105
vn -0.379553 -0.596142 0.707499
v -250.908 -81.0146 974.543
vn -0.956938 -0.288271 0.0341865
v -250.681 -81.535 974.586
vn 0.979229 -0.00324844 -0.202731
v -249.373 -78.8085 974.353
vn -0.676009 -0.547683 0.493007
v -250.712 -81.609 974.145
vn -0.73732 -0.604979 0.300598
v -250.827 -81.8382 973.721
vn -0.729675 -0.652626 0.204092
v -250.398 -82.1896 973.915
vn 0.939591 0.115241 -0.322316
v -249.506 -78.1346 973.619
vn 0.952109 0.00623324 -0.305696
v -249.776 -78.0489 973.089
vn 0.525948 -0.847171 -0.0753661
v -247.141 -73.6034 972.473
vn -0.990639 -0.102774 0.0898408
v -251.599 -80.1685 971.909
vn 0.915843 0.236245 -0.324684
v -249.995 -79.628 971.412
vn 0.767294 -0.596045 -0.236622
v -248.876 -74.6711 970.912
vn 0.419798 -0.907556 -0.0105258
v -247.541 -73.8266 970.625
vn -0.979291 -0.201831 0.0159048
v -251.803 -80.3962 969.926
vn 0.980502 0.0239517 -0.195043
v -250.313 -79.4296 970.475
vn 0.877734 -0.460056 -0.133908
v -249.537 -75.3559 969.79
vn 0.766057 -0.629088 -0.131927
v -248.977 -74.6617 970.515
vn 0.543591 -0.832199 0.109338
v -248.603 -74.6361 970.342
vn -0.876324 -0.307679 0.370661
v -251.829 -79.5391 968.944
vn -0.770676 -0.404466 0.492407
v -251.961 -79.7992 968.524
vn -0.995126 -0.0174653 -0.0970568
v -251.995 -79.7257 967.916
vn -0.852562 -0.33922 0.397578
v -251.627 -77.9641 969.07
vn -0.596007 -0.484356 0.640449
v -251.818 -77.822 968.957
vn -0.599303 -0.492471 0.631116
v -251.963 -77.9093 968.791
vn -0.962616 0.170884 -0.210166
v -251.939 -77.8529 968.564
vn -0.615242 -0.533201 0.580666
v -251.632 -78.2192 968.814
vn -0.985616 -0.161028 -0.0513024
v -251.903 -78.0931 968.632
vn -0.82598 0.448379 -0.341633
v -251.683 -77.5491 968.436
vn 0.902473 -0.425943 -0.0641506
v -250.288 -76.2965 968.006
vn 0.736139 -0.669864 -0.0968564
v -249.128 -74.9985 968.86
vn 0.636667 -0.759584 0.132992
v -250.001 -75.9576 968.333
vn 0.646873 -0.758912 -0.0748859
v -249.343 -74.4934 968.26
vn -0.46232 0.884189 -0.0668649
v -248.231 -71.8357 968.778
vn -0.681581 0.73164 0.0122385
v -249.487 -72.8725 967.759
vn -0.255482 0.944364 -0.207136
v -247.386 -71.7512 967.523
vn -0.907612 0.320361 -0.271312
v -251.751 -78.3029 967.522
vn -0.977491 0.0652735 -0.200624
v -251.736 -79.035 967.189
vn -0.949538 -0.142436 0.279444
v -251.912 -78.98 966.834
vn -0.985733 0.144586 0.086169
v -251.865 -76.737 966.681
vn 0.934589 -0.147875 -0.323537
v -250.782 -76.2048 966.469
vn 0.895944 -0.390606 -0.21145
v -250.254 -76.3033 967.321
vn 0.342678 -0.872496 0.348313
v -249.597 -74.9534 967.031
vn 0.634307 -0.725305 0.267557
v -250.618 -75.8684 966.19
vn -0.801832 0.597522 0.00564822
v -250.212 -73.6231 966.34
vn -0.688019 0.722497 0.0680359
v -249.301 -72.5574 967.398
vn -0.411569 0.900107 -0.142896
v -248.785 -72.2573 967.42
vn -0.635442 0.76236 -0.122559
v -249.723 -72.8971 966.429
vn -0.383831 0.90946 -0.159861
v -248.836 -72.4261 966.752
vn -0.314899 0.91465 -0.253486
v -248.074 -72.0972 966.662
vn -0.967359 0.134844 0.214554
v -252.076 -77.3137 965.14
vn -0.894188 0.43943 -0.0856087
v -251.487 -75.8301 966.408
vn -0.89255 0.442395 0.0874132
v -251.911 -76.1941 965.219
vn -0.891591 0.117814 0.437248
v -251.855 -76.3295 965.397
vn -0.917056 0.347743 0.195148
v -251.38 -75.6883 966.154
vn -0.761224 0.647162 -0.0414547
v -250.219 -73.9912 964.51
vn -0.952781 0.0470526 0.299991
v -252.217 -76.9898 964.806
vn -0.951631 0.306902 0.0144734
v -252.317 -77.2138 964.376
vn 0.973007 0.054824 -0.224168
v -228.711 -65.1722 993.526
vn 0.460653 -0.878654 0.125566
v -229.201 -66.5048 991.765
vn 0.506398 -0.86075 0.0516696
v -231.75 -67.8686 990.991
vn 0.18414 -0.876511 0.444771
v -231.531 -68.2391 990.39
vn 0.614445 -0.737239 -0.280957
v -230.811 -67.597 990.365
vn 0.445888 -0.885517 0.130552
v -230.115 -67.0705 990.268
vn 0.520183 -0.848873 0.0939309
v -229.87 -66.9789 990.232
vn 0.41573 -0.882579 0.219597
v -233.005 -69.0203 989.521
vn 0.347459 -0.884522 0.311276
v -232.38 -68.5049 990.084
vn 0.589969 -0.806469 -0.0392969
v -232.184 -68.522 989.767
vn 0.642475 -0.713785 -0.278812
v -231.457 -67.7746 989.752
vn 0.73945 -0.672569 0.0293992
v -231.927 -68.2626 989.237
vn 0.526471 -0.84745 -0.0682364
v -232.065 -68.4396 989.054
vn 0.319565 -0.844745 0.429284
v -231.056 -67.7851 989.562
vn 0.515048 -0.848988 0.118087
v -231.885 -68.3828 988.977
vn 0.611267 -0.741618 -0.276325
v -230.898 -67.6743 989.281
vn 0.518552 -0.854902 0.0157159
v -230.463 -67.2406 989.137
vn -0.223001 -0.940085 0.257897
v -242.701 -85.3889 990.367
vn 0.78247 -0.589313 -0.201122
v -242.64 -85.2221 990.115
vn -0.292095 -0.944461 0.150577
v -242.602 -85.4656 990.162
vn 0.432885 -0.850545 -0.298637
v -232.19 -68.4156 988.671
vn 0.46377 -0.877927 0.118998
v -232.241 -68.5133 988.012
vn -0.321244 -0.9395 0.118924
v -243.242 -85.283 989.276
vn 0.917181 0.337935 -0.211137
v -243.046 -85.1062 989.208
vn 0.629755 -0.76718 0.121833
v -243.181 -85.2826 989.024
vn 0.989996 -0.140625 0.0115078
v -243.085 -85.1187 988.915
vn -0.0845563 -0.995802 0.0350657
v -243.39 -85.3912 988.662
vn 0.0869688 -0.978388 -0.1876
v -243.114 -85.3752 988.534
vn 0.96743 0.24297 -0.0710252
v -243.07 -85.1706 988.532
vn 0.336329 -0.931686 0.137274
v -234.511 -69.577 986.48
vn 0.0429469 -0.945575 -0.322559
v -243.597 -85.231 988.113
vn 0.0821424 -0.985045 -0.151454
v -243.795 -84.938 987.133
vn 0.205727 -0.891365 -0.403911
v -243.332 -85.1203 988.004
vn 0.946723 0.285219 -0.149551
v -243.651 -84.6054 987.335
vn 0.297212 -0.932724 0.204184
v -243.74 -85.0489 986.424
vn 0.168484 -0.984597 0.0467053
v -243.946 -85.1826 986.279
vn 0.635411 -0.747901 -0.192085
v -243.752 -85.0621 986.252
vn 0.904979 0.350329 -0.241417
v -244.085 -84.7897 985.063
vn 0.112456 -0.931372 0.346266
v -237.313 -70.9985 983.811
vn -0.14598 -0.988124 0.0479756
v -244.844 -84.7699 983.64
vn 0.737276 -0.593919 -0.322
v -244.521 -84.8876 984.14
vn 0.966665 0.216377 -0.13689
v -244.662 -84.4155 983.604
vn 0.441368 -0.878487 -0.182904
v -244.648 -84.6559 983.564
vn 0.114513 -0.896378 0.428244
v -237.719 -71.5158 982.816
vn 0.320392 -0.943925 0.0797098
v -237.337 -71.6037 982.401
vn -0.245517 -0.961718 0.121734
v -245.857 -84.9096 982.76
vn 0.0566761 -0.993244 0.101258
v -244.736 -84.9112 982.916
vn -0.082515 -0.98777 -0.132294
v -245.181 -84.9962 982.208
vn 0.610454 -0.782562 0.122242
v -244.659 -84.6834 983.272
vn 0.830284 -0.557171 0.0137425
v -244.621 -84.7502 982.87
vn -0.15736 -0.811147 0.563275
v -239.12 -71.8241 982.028
vn -0.494017 -0.310242 0.812217
v -239.285 -71.978 981.898
vn -0.443898 -0.251057 0.860189
v -239.021 -72.1044 982.046
vn -0.360142 -0.257555 0.89664
v -238.812 -71.8703 982.166
vn -0.0729914 -0.971039 0.227497
v -239.182 -72.1912 981.85
vn 0.206413 -0.912182 0.354003
v -238.74 -72.1164 982.098
vn 0.100134 -0.985054 0.140149
v -238.899 -72.188 981.889
vn 0.204468 -0.977381 -0.0540363
v -239.528 -72.1731 979.342
vn -0.266414 -0.962668 0.0478904
v -247.273 -84.3959 981.048
vn -0.60973 -0.770952 -0.184017
v -247.458 -83.8483 979.652
vn -0.474082 -0.875192 0.0963575
v -247.972 -83.8762 979.222
vn -0.26516 -0.934409 0.237845
v -247.184 -84.117 979.04
vn -0.278765 -0.960331 -0.00736192
v -246.587 -84.3326 978.952
vn 0.790288 0.516651 -0.329418
v -246.99 -82.4256 979.409
vn 0.945091 0.322225 -0.0545262
v -247.098 -82.2491 979.023
vn 0.781572 0.538581 -0.314761
v -247.332 -82.2267 978.11
vn 0.112671 -0.993525 0.0145838
v -241.575 -72.3211 978.055
vn -0.0798029 0.96651 -0.243907
v -237.879 -67.4985 977.216
vn -0.138457 0.972241 -0.188619
v -238.092 -67.7456 976.168
vn -0.554263 -0.824551 0.113611
v -248.277 -83.5847 976.955
vn -0.230041 0.954232 -0.191107
v -238.967 -68.0599 975.867
vn -0.67673 -0.72806 0.109384
v -248.957 -83.2106 975.323
vn 0.928816 0.330381 -0.167777
v -248.323 -81.6264 976.137
vn 0.761451 0.589912 -0.268694
v -248.609 -82.4533 973.26
vn 0.782034 0.509546 -0.358868
v -248.744 -81.3344 974.594
vn 0.811767 0.464404 -0.354066
v -248.972 -81.3934 974.247
vn 0.0714795 -0.996414 0.0452808
v -244.219 -72.998 973.189
vn -0.16508 0.951032 -0.261316
v -241.954 -69.1612 973.553
vn 0.934936 0.314319 -0.164617
v -249.538 -81.0851 971.66
vn -0.937935 -0.331855 0.10075
v -251.589 -81.6992 969.866
vn 0.255549 -0.960734 0.108094
v -247.372 -73.716 969.224
vn 0.367899 -0.929826 -0.00860481
v -246.877 -73.7391 968.543
vn -0.301659 0.944062 -0.133227
v -244.691 -70.7505 969.048
vn -0.989268 -0.0764804 -0.124495
v -251.713 -81.0159 967.966
vn -0.889577 -0.44865 0.0858319
v -251.546 -81.5051 967.868
vn -0.913298 -0.366587 -0.177486
v -251.262 -82.3563 968.375
vn -0.86222 -0.345582 0.370337
v -251.801 -80.2374 968.357
vn -0.945243 -0.202904 -0.255629
v -251.727 -80.3071 968.101
vn 0.259792 -0.920332 0.292398
v -248.811 -74.5606 967.555
vn 0.504057 -0.863665 0.00286631
v -247.872 -74.2222 967.606
vn 0.699266 -0.658859 -0.277366
v -248.055 -74.1891 967.029
vn -0.730688 -0.563114 0.386001
v -251.586 -81.1962 966.993
vn -0.99927 0.0196254 0.0327731
v -251.716 -79.9501 967.275
vn -0.739388 -0.577645 0.345877
v -251.652 -80.5814 967.601
vn -0.988944 -0.0539455 -0.138132
v -251.665 -79.8268 966.599
vn 0.963068 -0.192976 -0.187776
v -250.56 -77.1647 967.121
vn 0.940481 0.0402564 -0.337455
v -250.726 -76.6476 966.38
vn 0.323709 -0.853097 0.409193
v -249.519 -75.3588 966.216
vn 0.745108 -0.58129 -0.326981
v -248.648 -74.6308 966.354
vn 0.191527 -0.98146 -0.00737031
v -248.562 -74.244 966.145
vn 0.79534 -0.562566 -0.225732
v -248.887 -74.5641 965.808
vn -0.365441 0.918329 -0.15207
v -247.865 -72.3683 965.858
vn -0.910329 -0.350611 0.21994
v -251.981 -79.7403 966.092
vn -0.985785 -0.156725 0.0605459
v -252.035 -79.5263 965.479
vn 0.976491 -0.167334 -0.135884
v -250.946 -76.9328 965.33
vn 0.375323 -0.843206 0.384886
v -250.231 -75.8934 965.808
vn 0.377004 -0.852543 0.361993
v -250.375 -76.2324 965.16
vn -0.63632 0.766915 -0.0832966
v -249.934 -73.6992 964.416
vn -0.667365 0.735532 0.116694
v -250.212 -73.6934 963.153
vn -0.868973 0.34622 0.353579
v -250.416 -74.0532 963.034
vn -0.95512 -0.21594 0.20277
v -252.621 -78.4509 962.118
vn -0.953975 -0.236365 0.184562
v -252.396 -78.762 962.414
vn -0.796928 0.594506 0.107092
v -251.408 -74.5898 961.643
vn -0.80622 -0.0489941 0.589584
v -250.939 -74.5568 962.318
vn -0.900624 0.146484 0.409169
v -251.484 -75.9118 961.716
vn -0.750449 -0.0734766 0.656831
v -250.811 -74.3569 962.509
vn -0.775268 0.094433 0.624533
v -250.791 -74.1366 962.53
vn -0.808534 0.0763044 0.583481
v -250.958 -74.2937 962.364
vn -0.881797 0.0276065 0.47082
v -251.714 -75.1535 961.262
vn -0.907725 0.0357083 0.418043
v -251.685 -75.8684 961.148
vn -0.936866 0.331948 0.109965
v -251.97 -75.4085 960.456
vn -0.850692 0.282147 0.443527
v -251.754 -75.0786 959.732
vn -0.752342 0.648519 -0.115778
v -251.21 -74.5654 960.44
vn -0.657957 0.752664 0.0242955
v -251.105 -74.4385 960.408
vn -0.891821 0.245063 0.380261
v -252.246 -75.3566 958.97
vn 0.693954 -0.712156 -0.106121
v -229.805 -66.8637 989.549
vn 0.34595 -0.879174 0.327676
v -230.511 -67.3445 988.922
vn 0.785461 -0.610995 -0.0986708
v -229.934 -67.0702 989.135
vn 0.974959 -0.00281277 -0.222366
v -229.72 -66.7348 989.081
vn 0.424727 -0.891562 0.157239
v -230.735 -67.6442 988.317
vn 0.982929 -0.157657 -0.0948451
v -230.355 -66.9249 986.414
vn 0.346532 -0.898065 0.270915
v -232.684 -69.184 985.613
vn 0.616186 -0.785548 0.056819
v -230.516 -67.5817 985.909
vn 0.980378 -0.176875 -0.0870317
v -230.474 -67.3948 985.779
vn 0.98785 -0.0644943 -0.141398
v -230.485 -66.3519 984.816
vn 0.585392 -0.805345 0.0934643
v -232.751 -69.5762 983.87
vn 0.342415 0.880537 -0.32773
v -230.856 -66.288 983.886
vn 0.257441 0.939262 -0.226962
v -232.377 -66.7269 982.089
vn -0.30221 0.934857 0.186311
v -233.138 -66.7106 981.112
vn -0.210036 0.97759 -0.0142713
v -233.376 -66.7433 980.774
vn -0.317195 0.939647 0.128264
v -232.792 -66.5873 981.19
vn 0.477886 0.79729 -0.368719
v -232.476 -66.7449 981.465
vn 0.653234 0.525644 -0.544962
v -232.713 -66.82 981.12
vn 0.169629 -0.97784 -0.1227
v -244.883 -84.928 982.077
vn 0.821035 0.524181 -0.226133
v -244.863 -84.7337 981.872
vn 0.0775299 -0.923465 0.375768
v -237.138 -71.6464 980.742
vn -0.0312585 0.989485 -0.141215
v -234.92 -66.9999 980.137
vn -0.189404 -0.978499 -0.0816453
v -245.157 -84.8395 981.55
vn -0.209123 -0.796672 0.567081
v -238.307 -72.1586 979.661
vn -0.236776 -0.819914 0.521227
v -238.864 -72.4626 978.989
vn -0.0737847 -0.919359 0.386439
v -238.036 -72.6137 979.247
vn 0.850438 0.497929 -0.169771
v -245.637 -84.2251 980.079
vn -0.0163846 0.982021 -0.188058
v -235.696 -67.6203 976.618
vn 0.836746 0.408166 -0.365044
v -246.243 -84.1844 978.143
vn 0.35807 -0.925088 -0.126485
v -246.44 -84.324 977.992
vn -0.492634 -0.866568 -0.0798223
v -247.043 -84.2948 977.389
vn -0.490516 -0.819764 -0.295603
v -246.917 -84.2686 976.888
vn 0.237604 -0.943769 -0.229881
v -246.688 -84.4064 976.984
vn 0.918775 0.383686 -0.0929418
v -246.536 -84.1632 976.946
vn -0.288055 -0.820805 -0.493258
v -246.749 -84.1557 976.602
vn -0.0731266 -0.997317 -0.00335152
v -240.68 -73.1655 974.62
vn -0.30524 -0.946297 0.10654
v -240.485 -73.1853 974.526
vn -0.459822 -0.858192 0.228188
v -240.55 -73.1245 974.342
vn -0.562752 -0.751679 0.343933
v -240.338 -73.2925 974.441
vn -0.450227 -0.892866 0.00933353
v -247.56 -84.023 974.997
vn 0.0833101 -0.996521 0.00237088
v -247.277 -83.9997 974.867
vn 0.948904 0.241433 -0.203203
v -247.282 -83.7801 974.766
vn 0.306526 -0.933231 0.187406
v -247.37 -84.0695 974.456
vn 0.219177 -0.964546 0.147011
v -247.282 -84.0483 974.417
vn -0.138877 -0.912473 -0.384845
v -247.412 -83.992 974.296
vn -0.322811 -0.914125 0.245294
v -241.876 -73.1981 972.967
vn -0.578798 -0.675516 0.456806
v -240.664 -73.3509 973.918
vn -0.411624 -0.90885 0.0675096
v -248.317 -83.7751 973.828
vn -0.238325 -0.971162 0.00667684
v -247.871 -83.8731 974.273
vn -0.222235 -0.919661 -0.323783
v -247.629 -83.8906 974.157
vn 0.8657 0.469257 -0.174247
v -247.485 -83.7451 974.11
vn 0.804694 0.471925 -0.360214
v -247.687 -83.4942 973.349
vn 0.867986 0.44271 -0.224963
v -247.902 -83.4162 973.015
vn 0.0750223 -0.966912 0.243831
v -247.584 -83.9435 973.906
vn 0.172595 -0.183688 -0.967714
v -248.036 -83.849 973.017
vn 0.847443 0.10319 -0.520761
v -247.895 -83.6525 972.979
vn 0.636992 0.567479 -0.521736
v -247.695 -83.752 973.06
vn 0.819181 -0.566119 0.0919329
v -247.873 -83.7696 972.061
vn 0.878339 0.437845 -0.191868
v -248.01 -83.5064 971.716
vn -0.56048 -0.810975 0.167878
v -250.352 -83.153 970.417
vn 0.820102 0.551325 -0.153209
v -249.164 -82.4587 970.401
vn 0.864599 0.493775 -0.0930357
v -249.124 -82.6689 969.77
vn 0.890353 -0.359545 -0.279281
v -248.328 -83.4435 970.761
vn 0.0565467 -0.994136 0.0921736
v -249.505 -83.6809 969.721
vn -0.706817 -0.705953 -0.0451689
v -250.909 -82.9139 969.153
vn 0.857458 0.4914 -0.152618
v -249.489 -82.171 969.035
vn -0.261273 -0.936188 0.235136
v -250.108 -83.5452 968.019
vn -0.898433 -0.439078 -0.00533136
v -251.147 -82.087 967.821
vn -0.875348 -0.483471 -0.00454925
v -251.334 -81.9758 967.364
vn -0.818753 -0.559576 -0.128526
v -250.934 -82.5965 967.829
vn -0.869537 -0.487491 -0.079101
v -250.865 -82.7198 967.154
vn -0.324998 0.940097 -0.102927
v -244.691 -70.9837 967.01
vn -0.164375 0.975833 -0.143979
v -243.884 -70.8272 966.207
vn -0.809565 0.0522628 -0.584699
v -251.257 -81.8025 967.245
vn -0.575759 -0.672062 0.465654
v -251.309 -81.6783 966.618
vn -0.948493 -0.109766 -0.297175
v -251.495 -81.6593 966.263
vn -0.758273 -0.65191 -0.00594034
v -251.038 -82.3315 965.953
vn -0.958632 -0.170974 -0.227579
v -251.413 -81.1869 965.895
vn -0.261281 0.961931 -0.080134
v -244.974 -71.1027 964.635
vn -0.795696 -0.578599 0.179139
v -251.041 -81.6289 964.716
vn -0.886694 -0.412987 -0.207883
v -250.884 -81.8326 964.755
vn -0.439267 -0.481898 -0.758168
v -250.85 -81.6557 964.623
vn -0.786622 -0.553373 0.27387
v -251.445 -80.8424 965.462
vn 0.956628 0.158 -0.244743
v -251.294 -80.0783 964.162
vn 0.891566 0.374593 -0.254539
v -250.748 -81.673 964.795
vn -0.380532 0.924237 -0.0313238
v -246 -71.5359 963.984
vn -0.961036 -0.255699 0.105015
v -252.255 -79.6052 963.12
vn -0.886192 -0.443585 0.133773
v -251.679 -80.9971 962.878
vn -0.892014 -0.424969 -0.153988
v -251.477 -81.3652 963.176
vn 0.469516 0.173862 -0.865637
v -251.311 -81.3337 963.102
vn 0.897444 0.287525 -0.334549
v -251.325 -81.0926 963.143
vn -0.616186 -0.671909 -0.410918
v -251.523 -81.0877 962.791
vn 0.940176 0.216651 -0.262929
v -251.47 -80.9899 962.78
vn -0.464488 0.668859 -0.580413
v -251.541 -81.2722 962.551
vn -0.760933 -0.646648 0.0531648
v -251.639 -81.1202 962.618
vn 0.424201 -0.905568 0.000311441
v -248.252 -74.0475 963.339
vn -0.451972 0.891566 -0.0288239
v -247.223 -72.1587 963.134
vn -0.812187 -0.528255 0.247585
v -252.215 -80.1582 961.465
vn -0.733282 -0.651097 0.195881
v -252.095 -80.3164 961.386
vn 0.963416 -0.0463736 -0.263968
v -251.962 -80.2693 961.33
vn 0.96989 -0.0484377 -0.238679
v -251.93 -80.0563 961.345
vn -0.639837 -0.6707 0.375193
v -252.195 -80.3195 961.21
vn -0.89569 -0.425185 0.130217
v -251.963 -80.8139 961.7
vn -0.415374 -0.513531 -0.750833
v -251.918 -80.5482 961.493
vn -0.964751 -0.262343 0.0207893
v -252.482 -80.3428 960.228
vn -0.974468 -0.193178 0.114427
v -252.569 -79.941 959.657
vn 0.841663 -0.534525 -0.0767265
v -251.721 -77.2221 960.085
vn 0.877295 -0.466783 -0.111659
v -251.241 -76.4473 960.19
vn 0.741652 -0.66501 -0.0878256
v -251.057 -75.9009 959.841
vn -0.983193 0.108352 0.146942
v -252.715 -78.4983 959.259
vn -0.925369 0.378505 0.020649
v -252.42 -76.6118 959.162
vn -0.917488 0.127512 0.376772
v -252.56 -76.373 958.593
vn -0.963254 0.259229 0.0702992
v -252.551 -76.9095 959.182
vn -0.535858 0.842899 -0.048755
v -249.909 -73.7463 958.16
vn -0.963402 -0.10141 0.248139
v -252.888 -78.111 957.835
vn -0.932278 0.333474 0.140187
v -252.841 -76.358 957.391
vn -0.97569 0.213543 0.0492732
v -253.748 -77.6951 955.402
vn -0.898877 0.436095 -0.0429063
v -253.169 -76.8666 955.691
vn -0.788556 0.56128 0.251285
v -253.11 -76.3954 955.284
vn -0.823849 0.458022 0.3339
v -253.178 -76.2333 954.893
vn 0.985963 -0.135293 -0.0978394
v -230.592 -67.6289 985.133
vn 0.479955 -0.84361 0.240762
v -231.782 -68.9724 983.745
vn 0.484147 -0.794948 0.365594
v -231.155 -68.9427 982.977
vn 0.775062 0.548208 -0.31424
v -230.775 -66.5341 983.367
vn 0.529897 -0.837785 0.131623
v -232.002 -69.8066 981.927
vn 0.404073 0.846868 -0.345745
v -231.257 -66.9141 981.981
vn 0.983645 0.0509115 -0.172771
v -230.793 -67.354 982.593
vn 0.389168 -0.888661 0.242547
v -234.496 -70.9609 981.49
vn 0.459674 -0.861447 0.215891
v -233.665 -70.2114 981.984
vn 0.106302 -0.830659 0.54654
v -233.288 -70.3189 981.568
vn 0.432683 -0.830896 0.349854
v -233.352 -70.9772 980.771
vn 0.174438 -0.882017 0.437741
v -234.711 -71.5141 979.842
vn 0.344464 0.846788 -0.405333
v -233.185 -67.3621 979.929
vn 0.256708 0.931081 -0.259209
v -232.182 -67.603 979.201
vn 0.456115 0.764026 -0.456315
v -233.574 -67.8198 976.929
vn 0.387555 -0.894748 -0.22187
v -238.513 -73.6328 975.095
vn 0.110308 0.957336 -0.267096
v -234.977 -67.8245 975.806
vn -0.54243 -0.732698 0.411002
v -240.236 -73.6813 974.116
vn -0.415058 -0.77177 0.481765
v -239.654 -73.2375 975.148
vn -0.596873 -0.607585 0.524006
v -240.252 -73.4655 974.319
vn -0.417235 -0.732515 0.5379
v -239.649 -73.7006 974.729
vn 0.390429 -0.867809 -0.307363
v -239.395 -73.9108 974.482
vn 0.292287 -0.938136 -0.18566
v -238.499 -73.4711 974.22
vn 0.274231 0.877726 -0.392931
v -235.866 -68.4133 973.914
vn -0.476407 -0.832223 0.283621
v -240.521 -73.6632 973.584
vn -0.35127 -0.926911 0.132081
v -240.45 -73.7316 973.319
vn 0.290271 -0.916873 -0.27402
v -239.66 -73.6364 973.629
vn 0.133153 -0.0350047 -0.990477
v -247.385 -84.1472 973.115
vn -0.198371 -0.977657 0.0695441
v -248.607 -83.6876 970.413
vn 0.163442 -0.973772 0.158286
v -248.623 -83.6272 969.76
vn -0.178837 -0.976467 0.120536
v -242.318 -73.378 969.568
vn -0.25154 -0.965082 0.0731022
v -249.369 -83.8258 969.192
vn 0.887191 0.443132 -0.128555
v -248.677 -83.289 969.387
vn 0.220915 -0.967323 0.124425
v -248.779 -83.8741 968.908
vn 0.953596 0.297738 -0.0447851
v -248.553 -83.781 968.747
vn -0.242052 -0.923887 0.296383
v -248.661 -83.8713 968.184
vn 0.849597 0.500063 -0.167695
v -249.367 -83.101 966.842
vn -0.428361 -0.699195 -0.572392
v -249.095 -83.6668 967.18
vn 0.817304 0.507931 -0.272065
v -248.949 -83.5084 967.257
vn -0.269167 -0.945348 0.184029
v -248.821 -83.9992 967.57
vn 0.8342 -0.543627 -0.0926287
v -248.694 -83.8432 967.535
vn -0.296334 -0.94876 0.10973
v -248.82 -84.0254 967.346
vn 0.857314 0.30847 -0.412139
v -248.756 -83.8319 967.343
vn 0.865613 0.410673 -0.286465
v -248.778 -83.7407 967.366
vn -0.12967 0.976139 -0.174178
v -241.926 -70.5314 965.773
vn -0.66547 -0.687016 0.291819
v -250.428 -82.8469 966.04
vn -0.894784 -0.316328 -0.315115
v -249.97 -83.2027 965.098
vn 0.809212 0.469469 -0.353235
v -249.855 -82.9973 965.081
vn -0.0924935 -0.822932 0.56056
v -249.276 -83.7078 965.966
vn 0.271159 0.741263 0.614004
v -249.542 -83.6412 965.289
vn 0.890847 0.432309 -0.139647
v -249.434 -83.4747 965.261
vn 0.285406 -0.784782 0.550146
v -251.032 -82.0089 964.214
vn -0.634389 -0.688742 0.350977
v -251.148 -82.0412 964.041
vn -0.842837 -0.522556 0.128692
v -251.228 -82.0078 963.86
vn 0.939785 0.253669 -0.229034
v -250.803 -81.9991 963.683
vn -0.667768 -0.732558 0.132079
v -250.983 -82.3125 963.702
vn 0.341676 -0.787694 0.512636
v -250.76 -82.2812 963.602
vn -0.759085 -0.609003 -0.230012
v -250.12 -82.9437 964.545
vn 0.0212796 -0.997505 0.067317
v -246.282 -73.7814 963.801
vn 0.0860093 -0.994535 -0.0591902
v -245.884 -73.8045 963.611
vn -0.834832 -0.532925 -0.13801
v -251.226 -82.03 963.411
vn 0.469516 0.173862 -0.865637
v -250.984 -82.196 963.106
vn -0.464488 0.668859 -0.580413
v -251.528 -81.2819 962.529
vn -0.464488 0.668859 -0.580413
v -251.511 -81.2623 962.538
vn 0.963258 0.146596 -0.225041
v -251.706 -81.0436 961.77
vn 0.392719 -0.913856 -0.103147
v -248.026 -74.0554 960.35
vn 0.297836 -0.927404 -0.226311
v -247.489 -73.864 960.57
vn 0.294313 -0.948785 -0.114835
v -247.768 -73.7724 960.046
vn -0.146797 -0.973344 0.176214
v -246.2 -73.7476 960.648
vn -0.899333 -0.412897 0.143932
v -252.355 -80.6493 960.348
vn -0.92439 -0.368335 -0.0991625
v -252.414 -80.4099 959.963
vn 0.960366 0.0578802 -0.272665
v -252.281 -80.2582 959.922
vn -0.555732 -0.576344 -0.599157
v -252.369 -80.0242 959.551
vn -0.232098 -0.891476 0.389102
v -252.139 -80.7565 960.231
vn -0.955865 -0.291535 -0.0364699
v -252.311 -80.7641 960.088
vn 0.978015 -0.00213615 -0.208525
v -252.196 -80.553 960.064
vn -0.255487 0.949808 -0.180532
v -248.083 -72.9587 959.194
vn -0.247322 0.95926 -0.136573
v -247.987 -72.9797 958.923
vn -0.976834 -0.0860679 0.195926
v -252.862 -80.1186 958.391
vn -0.138686 -0.889256 0.435878
v -252.726 -80.4622 958.544
vn 0.816448 -0.409313 -0.407279
v -252.657 -80.2381 958.319
vn -0.925542 -0.217367 -0.310037
v -252.77 -80.18 958.158
vn 0.925271 -0.324009 -0.197209
v -252.597 -78.9578 957.803
vn -0.770352 -0.39143 -0.503329
v -252.756 -79.5588 957.793
vn 0.542702 -0.83802 -0.0565389
v -249.188 -74.4381 957.501
vn -0.0128431 -0.984939 0.172424
v -248.111 -74.0163 957.499
vn -0.757737 -0.449059 0.473476
v -253.005 -79.6696 957.644
vn -0.0282289 -0.671059 0.740866
v -252.83 -79.7491 957.579
vn -0.757737 -0.449059 0.473476
v -252.998 -79.9289 957.409
vn 0.469538 0.857635 0.209754
v -252.887 -79.6727 957.393
vn -0.757737 -0.449059 0.473476
v -253.113 -79.909 957.244
vn -0.578478 0.796488 -0.175983
v -252.967 -79.7409 957.199
vn -0.356276 -0.924309 0.136823
v -252.945 -79.9856 957.164
vn -0.995677 0.00775027 0.092563
v -252.901 -79.0434 957.614
vn -0.998142 0.000100672 0.0609235
v -252.947 -78.8759 956.865
vn 0.465288 -0.884966 0.0185068
v -252.768 -78.7717 956.626
vn -0.715839 -0.539202 0.443662
v -253.142 -79.0678 956.261
vn -0.365639 0.914169 -0.174938
v -249.901 -73.9621 957.012
vn -0.647989 0.718574 0.25251
v -250.003 -73.868 956.628
vn -0.508295 0.861093 0.0125016
v -249.682 -73.5948 956.54
vn -0.951072 -0.308613 -0.0148362
v -253.45 -79.2255 955.426
vn -0.776947 -0.467769 0.421362
v -253.369 -79.5004 955.406
vn 0.945 -0.237798 -0.224561
v -253.216 -79.3595 955.364
vn -0.869367 -0.409227 -0.27701
v -253.34 -79.3103 955.206
vn -0.90472 -0.385548 -0.181202
v -253.388 -79.1819 955.024
vn 0.931465 -0.321429 -0.170461
v -253.258 -79.1534 954.967
vn -0.814213 -0.262462 0.517852
v -253.732 -79.6427 954.439
vn -0.113352 -0.917699 0.380762
v -253.998 -79.8166 953.662
vn 0.904423 -0.408505 -0.123055
v -253.606 -79.7752 953.879
vn -0.724692 -0.219095 0.653314
v -254.225 -77.6396 953.629
vn -0.94652 -0.0751671 0.313769
v -254.104 -79.3132 953.56
vn 0.88487 -0.447792 -0.128403
v -252.808 -77.4902 953.652
vn 0.755881 -0.650212 -0.0766115
v -251.987 -76.4124 952.971
vn -0.88627 -0.371978 0.275969
v -254.147 -80.062 952.807
vn -0.903191 -0.1703 0.394011
v -254.516 -78.7131 952.947
vn -0.828567 0.554408 -0.0781623
v -254.471 -78.3693 952.083
vn -0.99111 0.132925 0.00563547
v -254.772 -78.9263 951.785
vn -0.847961 0.526072 0.0648844
v -254.03 -77.5525 951.322
vn -0.847607 0.529809 0.0294192
v -253.931 -77.1567 950.439
vn 0.718472 -0.695551 -0.0025055
v -231.105 -69.3033 982.062
vn 0.959918 -0.27662 -0.045147
v -230.925 -68.9524 981.985
vn 0.833412 -0.527363 -0.165266
v -231.007 -68.9547 981.578
vn 0.662068 -0.723853 0.194175
v -233.008 -70.739 980.487
vn 0.726769 -0.676109 -0.121174
v -232.832 -70.2002 980.034
vn 0.679011 -0.720113 -0.142763
v -232.138 -69.7939 980.878
vn 0.642802 -0.765986 -0.00839246
v -231.376 -69.2431 981.042
vn 0.916457 0.257543 -0.306234
v -231.355 -68.2807 979.831
vn 0.739599 -0.663418 0.113447
v -233.318 -71.1988 979.677
vn 0.901329 -0.276764 -0.333178
v -233.739 -71.2274 978.757
vn 0.468164 -0.862691 0.191276
v -233.903 -72.0314 978.944
vn 0.845707 0.0469074 -0.531583
v -233.808 -71.9084 978.471
vn 0.898868 -0.336677 -0.280508
v -233.206 -70.7231 979.691
vn 0.947053 -0.172589 -0.270747
v -231.477 -68.9815 979.122
vn 0.860365 -0.146531 -0.48816
v -234.291 -71.952 977.801
vn 0.84805 -0.480208 -0.224079
v -234.436 -71.9163 977.428
vn 0.709255 -0.703915 -0.0382171
v -233.952 -71.2864 977.23
vn 0.66274 0.591107 -0.459748
v -232.389 -68.2329 977.65
vn 0.534113 0.686055 -0.494016
v -233.02 -68.4926 976.797
vn 0.761662 0.479574 -0.435752
v -232.219 -68.677 977.508
vn 0.131468 -0.94049 0.313359
v -236.177 -73.004 977.426
vn 0.200719 -0.956113 0.213449
v -236.543 -73.3517 976.213
vn 0.374296 -0.927301 0.0037997
v -235.783 -73.1153 976.557
vn 0.720187 -0.675583 -0.157855
v -234.996 -72.5845 976.93
vn 0.716803 -0.697249 0.00611697
v -235.019 -72.622 976.49
vn 0.239394 -0.951605 0.192712
v -235.911 -73.1397 975.723
vn 0.916619 -0.0566715 -0.395725
v -235.043 -72.4272 976.083
vn 0.499758 0.769587 -0.397464
v -232.976 -68.6102 976.537
vn 0.0948915 -0.992612 0.0756117
v -237.569 -73.4171 974.904
vn 0.409299 -0.894803 0.178334
v -235.63 -73.3633 975.114
vn 0.82025 -0.493587 -0.28907
v -236.165 -72.9888 973.858
vn 0.46061 0.775529 -0.431732
v -235.384 -68.6425 974.1
vn 0.306721 -0.936455 -0.170217
v -238.31 -73.7579 970.972
vn 0.242341 0.908915 -0.339331
v -236.831 -69.176 971.142
vn -0.0497846 -0.990834 0.125577
v -240.048 -73.9319 968.201
vn -0.167948 -0.982536 0.0801015
v -241.487 -74.0525 965.741
vn 0.0108147 -0.998897 -0.0456894
v -242.615 -74.0599 966.048
vn 0.271159 0.741263 0.614004
v -249.386 -83.7226 965.318
vn 0.271159 0.741263 0.614004
v -249.39 -83.638 965.218
vn 0.0406115 -0.98227 -0.183019
v -243.416 -73.7448 963.795
vn -0.157365 -0.982496 0.099688
v -242.17 -73.6838 964.109
vn 0.048998 -0.99541 -0.0822113
v -243.755 -73.6469 963.077
vn 0.22112 0.881199 -0.417846
v -245.213 -72.355 959.043
vn 0.310442 0.838279 -0.448235
v -246.47 -73.2455 956.818
vn 0.261357 0.895343 -0.360628
v -246.419 -73.3637 956.572
vn 0.0318847 0.962751 -0.268502
v -247.86 -73.2984 955.77
vn -0.201081 -0.828597 0.522488
v -253.969 -80.1416 953.158
vn 0.564919 -0.82512 -0.00651646
v -250.984 -75.3677 952.869
vn -0.904622 -0.325774 0.274828
v -254.735 -79.926 951.543
vn -0.696749 -0.620378 0.3601
v -254.354 -80.1443 952.002
vn 0.509629 -0.859792 0.0321904
v -254.197 -80.2338 951.915
vn -0.499734 -0.758386 0.41847
v -254.457 -80.3515 951.576
vn -0.72573 -0.656604 0.205392
v -254.555 -80.3509 951.399
vn 0.770213 -0.633281 -0.0756793
v -254.138 -80.2131 951.533
vn -0.473206 -0.86353 0.174334
v -254.41 -80.4626 951.315
vn 0.861352 -0.48942 -0.136164
v -254.189 -80.2181 951.246
vn 0.794939 -0.606629 -0.00855737
v -252.524 -76.8118 950.94
vn 0.304108 -0.951837 0.0390568
v -250.46 -75.3494 951.511
vn -0.908989 -0.414978 -0.0391455
v -254.679 -80.2578 950.579
vn 0.829157 -0.550795 -0.0955216
v -254.352 -80.4 950.886
vn -0.64001 -0.768101 0.0201913
v -254.597 -80.3336 950.307
vn 0.894587 -0.384869 -0.227134
v -254.406 -80.2165 950.234
vn -0.985526 -0.13253 -0.105711
v -254.629 -80.1143 950.075
vn -0.991441 -0.130379 -0.00680221
v -254.641 -79.8188 949.732
vn 0.897958 -0.392417 -0.199198
v -254.413 -79.8196 949.676
vn 0.914415 -0.370145 -0.163821
v -254.188 -79.2647 949.596
vn 0.838739 -0.526621 -0.138518
v -253.736 -78.3767 949.508
vn 0.791659 -0.589842 -0.159254
v -252.931 -77.3401 950.389
vn 0.662746 -0.748389 0.0260908
v -252.686 -77.0238 950.318
vn 0.572986 -0.786913 -0.229032
v -252.729 -77.0235 950.116
vn 0.670058 -0.720339 -0.179259
v -252.886 -76.9804 949.75
vn -0.676399 0.736027 0.0273616
v -252.793 -75.8448 950.125
vn 0.685338 -0.727593 0.0303412
v -252.198 -76.3377 950.63
vn 0.699108 -0.688692 0.192227
v -252.541 -76.8535 950.496
vn 0.814217 -0.555114 0.169997
v -252.405 -76.7034 950.453
vn 0.863886 -0.490848 0.113005
v -252.301 -76.5404 950.372
vn 0.644589 -0.76451 0.00543584
v -252.47 -76.922 950.231
vn 0.539971 -0.826461 -0.159354
v -252.518 -76.7387 949.611
vn 0.705991 -0.708055 -0.0153341
v -251.958 -76.2004 948.977
vn -0.201682 0.959294 -0.197685
v -251.186 -74.731 949.488
vn -0.0334987 -0.991806 -0.123281
v -254.665 -79.7445 949.141
vn -0.929439 0.329572 -0.165907
v -254.573 -78.7488 948.29
vn -0.999412 -0.012547 -0.0319062
v -254.672 -79.539 948.903
vn -0.993855 0.104852 -0.0354842
v -254.632 -79.1777 948.258
vn -0.733354 -0.558441 -0.387731
v -254.528 -79.2406 948.2
vn 0.566967 -0.753246 -0.333421
v -254.23 -78.9563 948.1
vn -0.361728 -0.874811 0.322272
v -254.54 -79.3211 947.972
vn 0.626612 0.0193071 -0.779092
v -254.295 -78.9429 947.909
vn -0.839424 0.513143 -0.17903
v -254.344 -77.8283 949.425
vn -0.906313 0.348287 -0.23936
v -253.71 -77.0759 949.01
vn -0.894103 0.317326 -0.316044
v -253.688 -77.3462 948.751
vn -0.905782 -0.123997 -0.405195
v -253.537 -76.7816 948.408
vn 0.704708 -0.513718 -0.489368
v -253.346 -77.5286 948.776
vn 0.582676 0.13442 -0.801511
v -253.676 -77.6006 948.585
vn -0.182662 0.532838 -0.826268
v -253.485 -77.471 948.626
vn 0.459434 -0.706537 -0.538261
v -253.351 -77.3197 948.584
vn -0.294756 -0.452003 -0.84191
v -253.486 -77.2506 948.544
vn -0.54342 -0.52082 -0.658362
v -253.454 -77.0572 948.393
vn 0.891312 -0.374853 -0.255044
v -253.758 -78.2333 948.661
vn 0.619644 -0.678128 -0.395201
v -253.16 -77.299 948.72
vn -0.399176 -0.771563 -0.495327
v -253.27 -77.1417 948.349
vn -0.370345 -0.828705 -0.419634
v -253.308 -77.0291 948.159
vn -0.812356 -0.497266 -0.304639
v -253.3 -76.9634 947.942
vn -0.275597 -0.849237 -0.45038
v -253.107 -77.0523 948.08
vn -0.599363 -0.760153 -0.250861
v -253.154 -77.0516 947.861
vn -0.70673 0.707197 0.0201433
v -253.532 -76.5387 948.556
vn -0.782414 0.619063 -0.0677439
v -253.246 -76.2992 948.01
vn -0.947011 0.205359 -0.246976
v -253.395 -76.6683 948.075
vn 0.573113 -0.816492 -0.0698807
v -252.831 -76.9311 948.444
vn -0.96112 0.238314 -0.139483
v -254.647 -79.3385 947.797
vn 0.822777 -0.537617 -0.184407
v -254.528 -79.2922 947.747
vn -0.769504 0.536204 -0.346915
v -254.526 -79.0679 947.72
vn -0.819608 -0.491229 0.29485
v -253.392 -76.9594 947.54
vn -0.92599 0.360114 0.113402
v -253.73 -76.9107 946.369
vn -0.917536 0.396182 0.0341629
v -253.26 -76.3424 947.565
vn -0.628547 0.772047 -0.0941871
v -252.916 -75.854 947.471
vn 0.672512 -0.739612 0.0264798
v -235.303 -73.0584 975.33
vn 0.858367 0.262249 -0.440945
v -232.743 -69.6113 975.619
vn 0.835947 -0.506197 -0.21203
v -232.838 -70.027 975.534
vn 0.515663 -0.850457 -0.10399
v -235.959 -73.5525 973.905
vn 0.821767 0.23176 -0.520564
v -235.974 -73.3234 973.944
vn 0.436601 -0.894578 0.095445
v -235.167 -72.2861 974.734
vn 0.847843 -0.511045 -0.141402
v -234.501 -71.8012 974.133
vn 0.791616 -0.584461 -0.178183
v -233.766 -70.8002 974.374
vn 0.0420537 -0.991288 0.124819
v -236.545 -73.8172 973.921
vn 0.777439 0.270181 -0.567971
v -236.115 -73.2515 973.798
vn 0.81468 0.159698 -0.557489
v -236.578 -73.5331 973.085
vn 0.921924 -0.240001 -0.304064
v -234.97 -72.1375 972.97
vn 0.930798 -0.267194 -0.249445
v -235.161 -72.5254 972.675
vn 0.676334 -0.708141 -0.202754
v -237.33 -73.4739 971.665
vn 0.129609 -0.948748 0.288235
v -236.316 -73.4004 971.548
vn 0.336943 -0.898645 0.280902
v -235.926 -73.4085 971.327
vn 0.877939 -0.225561 -0.422309
v -235.171 -71.1653 970.528
vn -0.254723 -0.911784 0.322128
v -239.165 -74.1787 968.196
vn 0.687294 0.51146 -0.515787
v -236.301 -70.9168 968.866
vn -0.114604 -0.993027 0.0276433
v -239.787 -74.303 967.212
vn -0.357824 -0.887372 0.290746
v -240.442 -74.1479 966.796
vn 0.0103322 -0.986845 -0.161339
v -240.263 -74.0336 966.06
vn -0.205574 -0.963841 0.169555
v -240.533 -74.0057 965.077
vn 0.641937 0.491307 -0.588671
v -239.477 -71.8485 964.162
vn 0.441308 0.747144 -0.497014
v -239.55 -71.2509 964.777
vn -0.160643 -0.968474 0.190399
v -241.434 -74.2199 963.688
vn -0.0168478 -0.993845 0.109489
v -241.743 -74.28 962.265
vn -0.197112 -0.947061 0.25342
v -242.318 -74.2231 962.098
vn -0.0101566 -0.976269 0.216323
v -242.083 -74.3658 961.745
vn -0.273259 -0.910073 0.311604
v -243.31 -74.4072 960.979
vn 0.166497 -0.983913 0.064758
v -242.623 -74.6646 960.62
vn 0.800795 0.260047 -0.53954
v -242.435 -73.9012 960.193
vn 0.487593 0.699184 -0.522872
v -244.236 -73.2039 958.465
vn -0.000634123 -0.998862 0.0476944
v -244.432 -74.7012 958.346
vn 0.738153 0.399665 -0.543505
v -243.794 -73.8605 958.111
vn 0.358799 -0.907844 -0.216986
v -243.501 -74.625 958.811
vn 0.600978 -0.688195 -0.406464
v -243.799 -74.5486 958.07
vn 0.472319 -0.849399 -0.235448
v -244.374 -74.6284 957.438
vn 0.813935 -0.254187 -0.522398
v -244.202 -74.4085 957.388
vn 0.566768 -0.785431 -0.248742
v -244.623 -74.6961 956.878
vn 0.786383 0.157432 -0.597342
v -244.669 -74.4489 956.711
vn 0.756504 -0.325021 -0.567507
v -244.797 -74.6428 956.521
vn 0.0345475 -0.999242 0.0179215
v -245.035 -74.757 956.394
vn -0.162742 -0.979872 0.115613
v -246.39 -74.6795 955.261
vn 0.339946 0.852243 -0.39764
v -246.8 -73.7388 955.362
vn 0.415854 0.799207 -0.433975
v -246.773 -73.8865 955.106
vn 0.630887 0.528864 -0.567701
v -246.03 -74.3661 955.103
vn 0.550283 0.678889 -0.486105
v -247.877 -74.3128 953.115
vn 0.124067 -0.991141 0.047399
v -247.803 -74.7622 953.24
vn 0.714785 0.439592 -0.543914
v -247.666 -74.4839 953.215
vn 0.867853 -0.444343 -0.222241
v -247.95 -74.7509 952.642
vn 0.696011 0.469365 -0.543384
v -247.994 -74.5453 952.692
vn 0.644211 0.513405 -0.566928
v -248.453 -74.4713 952.25
vn 0.542612 -0.789362 -0.287194
v -248.702 -74.8898 951.863
vn 0.711559 0.325763 -0.622545
v -248.598 -74.7208 951.837
vn 0.767423 -0.314737 -0.558572
v -248.779 -74.8695 951.679
vn 0.68932 0.381023 -0.616165
v -248.78 -74.6366 951.712
vn 0.335725 -0.932353 -0.134189
v -248.24 -74.8335 952.544
vn 0.402732 -0.635752 -0.658504
v -248.234 -74.6256 952.348
vn 0.605029 -0.676379 -0.420062
v -248.385 -74.7978 952.172
vn 0.283087 -0.958729 0.0264808
v -249.743 -75.1646 950.531
vn 0.660142 0.504087 -0.556874
v -249.467 -74.8408 950.67
vn 0.441507 0.763548 -0.471238
v -250.882 -74.9653 948.88
vn 0.468274 -0.881956 0.053597
v -252.897 -76.959 947.889
vn -0.0386115 0.917722 -0.395342
v -252.196 -75.5898 947.194
vn 0.545476 -0.838095 0.00725051
v -251.53 -75.9176 947.479
vn -0.320612 -0.871022 0.372194
v -253.274 -77.1817 947.453
vn -0.682604 -0.551202 0.479822
v -253.826 -77.6916 946.082
vn 0.106268 -0.95837 0.265017
v -253.614 -77.7008 946.009
vn 0.859926 0.101688 -0.500187
v -252.541 -76.6365 945.848
vn -0.989909 -0.0302666 0.138432
v -253.938 -77.5565 945.733
vn -0.937948 0.343083 0.0504839
v -253.958 -77.4191 944.845
vn -0.874908 -0.407434 0.26179
v -253.957 -77.7851 945.017
vn 0.0216087 -0.982352 0.185791
v -253.818 -77.9085 944.934
vn 0.649604 0.499014 -0.573585
v -252.947 -76.6623 945.145
vn -0.31545 0.880494 -0.353868
v -253.327 -77.0188 944.382
vn 0.0860223 -0.995869 -0.0290658
v -254.441 -78.5491 943.578
vn -0.966986 0.18809 0.171933
v -254.39 -78.2567 943.818
vn -0.932045 0.351233 -0.0890417
v -254.409 -78.2311 943.607
vn -0.355129 -0.760983 0.542945
v -254.293 -78.5011 943.793
vn -0.556668 0.756437 -0.343399
v -253.919 -77.5963 943.479
vn 0.928026 -0.20927 -0.308178
v -235.877 -73.5006 970.755
vn 0.129568 -0.973816 0.186802
v -236.896 -74.0572 969.82
vn 0.898429 -0.0701 -0.433488
v -236.306 -73.3963 969.635
vn 0.128331 -0.990815 0.0426235
v -237.828 -74.3447 967.989
vn 0.873926 -0.284177 -0.39433
v -237.299 -72.848 967.728
vn 0.376479 -0.926044 -0.0265629
v -236.974 -74.0768 968.517
vn -0.0245177 -0.998439 -0.0501766
v -238.798 -74.033 966.262
vn 0.102154 -0.989155 -0.105536
v -237.966 -74.3553 967.384
vn 0.788002 -0.353704 -0.503932
v -238.426 -73.3547 965.959
vn 0.809918 -0.116171 -0.574924
v -239.473 -72.8262 963.629
vn 0.094809 -0.992125 0.0818503
v -241.412 -74.2611 961.889
vn 0.861061 0.0214166 -0.50805
v -242.354 -74.3889 960.31
vn 0.6155 -0.747743 -0.249078
v -242.529 -74.5416 960.147
vn 0.681127 -0.614451 -0.39814
v -242.641 -74.3189 959.563
vn 0.839272 -0.527659 -0.131145
v -253.578 -77.7526 943.729
vn -0.022692 0.752182 -0.658564
v -253.587 -77.5317 943.542
vn 0.0860223 -0.995869 -0.0290658
v -254.224 -78.5274 943.479
vn -0.896793 0.341107 -0.281796
v -254.235 -78.4143 942.831
vn 0.843098 -0.291523 0.451884
v -241.268 -59.1607 1066.45
vn -0.0516674 -0.800977 0.596461
v -241.268 -59.1607 1066.45
vn -0.662697 0.124648 0.738442
v -241.307 -58.2118 1066.57
vn 0.843098 -0.291523 0.451884
v -241.099 -58.3118 1066.68
vn -0.160089 0.564433 0.809807
v -241.099 -58.3118 1066.68
vn 0.968821 0.123152 -0.214987
v -241.099 -58.3118 1066.68
vn 0.508713 -0.740705 0.438825
v -239.731 -55.0091 1066.06
vn -0.167739 0.707947 0.686058
v -239.731 -55.0091 1066.06
vn -0.420207 -0.246262 0.873374
v -239.731 -55.0091 1066.06
vn -0.167739 0.707947 0.686058
v -239.349 -54.7759 1065.91
vn 0.824788 0.565442 -0.000672001
v -239.349 -54.7759 1065.91
vn -0.167739 0.707947 0.686058
v -239.441 -54.6419 1065.75
vn -0.319349 -0.501115 0.804301
v -239.441 -54.6419 1065.75
vn 0.824788 0.565442 -0.000672001
v -239.441 -54.6419 1065.75
vn -0.283329 0.327938 0.901211
v -239.441 -54.6419 1065.75
vn 0.648894 -0.760355 -0.0282342
v -239.14 -54.6671 1065.85
vn 0.889245 -0.380899 0.253297
v -239.14 -54.6671 1065.85
vn -0.283329 0.327938 0.901211
v -239.14 -54.6671 1065.85
vn 0.634227 -0.773147 -0.000325876
v -239.321 -54.8162 1065.69
vn 0.824788 0.565442 -0.000672001
v -239.321 -54.8162 1065.69
vn -0.283329 0.327938 0.901211
v -239.034 -54.4501 1065.81
vn -0.441545 0.863658 0.243173
v -239.034 -54.4501 1065.81
vn 0.93221 0.199585 0.30191
v -239.034 -54.4501 1065.81
vn 0.889245 -0.380899 0.253297
v -238.873 -54.4188 1065.29
vn 0.93221 0.199585 0.30191
v -238.873 -54.4188 1065.29
vn 0.422146 -0.125613 0.897783
v -238.873 -54.4188 1065.29
vn 0.93221 0.199585 0.30191
v -238.922 -54.26 1065.33
vn 0.422146 -0.125613 0.897783
v -238.922 -54.26 1065.33
vn 0.773838 -0.600788 0.200569
v -238.675 -54.184 1065.23
vn -0.262302 0.96163 0.0804035
v -238.675 -54.184 1065.23
vn 0.905769 0.364482 0.216184
v -241.458 -58.2514 1064.19
vn 0.890764 -0.188189 0.413671
v -241.458 -58.2514 1064.19
vn 0.967367 -0.249475 -0.0443049
v -241.386 -56.9036 1065.64
vn 0.396596 -0.132053 0.908446
v -241.386 -56.9036 1065.64
vn -0.420207 -0.246262 0.873374
v -240.553 -55.7769 1065.44
vn 0.630875 -0.770678 0.0897385
v -240.553 -55.7769 1065.44
vn 0.396596 -0.132053 0.908446
v -240.591 -55.5216 1065.5
vn -0.420207 -0.246262 0.873374
v -240.591 -55.5216 1065.5
vn -0.848388 0.338378 0.40711
v -243.139 -58.369 1064.51
vn -0.980034 -0.144122 0.136973
v -243.238 -58.133 1064.11
vn -0.983253 -0.0946008 0.155768
v -243.065 -57.8467 1063.44
vn -0.898455 -0.376137 0.226493
v -243.118 -59.6871 1062.76
vn -0.953017 -0.264494 0.147652
v -243.249 -57.6149 1062.6
vn -0.930532 0.230256 0.284766
v -243.707 -58.4035 1060.77
vn -0.962674 -0.237733 0.129392
v -243.741 -57.4398 1059.8
vn -0.0600987 -0.829738 0.554908
v -241.019 -59.8575 1065.54
vn 0.971894 0.19115 -0.137419
v -241.019 -59.8575 1065.54
vn 0.977553 0.12288 -0.171145
v -241.066 -60.1299 1065.07
vn 0.887037 0.335261 0.317435
v -241.066 -60.1299 1065.07
vn 0.725851 -0.664547 0.177531
v -241.066 -60.1299 1065.07
vn 0.759453 -0.647522 0.0628203
v -240.659 -60.0202 1063.82
vn 0.148887 -0.985246 -0.0843969
v -240.708 -60.0799 1063.8
vn 0.0354758 0.984034 0.174411
v -237.797 -53.7657 1063.09
vn 0.904879 -0.30872 0.293063
v -237.797 -53.7657 1063.09
vn -0.149994 0.987249 0.0533048
v -239.071 -53.372 1061.52
vn 0.0226765 -0.9986 0.0477801
v -243.452 -59.5323 1058.26
vn 0.0954829 0.995047 -0.0276637
v -241.126 -54.8436 1058.27
vn -0.844263 0.518053 0.13726
v -244.118 -58.3928 1057.68
vn 0.917013 -0.196774 0.346939
v -237.415 -53.7661 1061.91
vn 0.871477 -0.339213 0.354207
v -237.45 -53.9911 1061.78
vn 0.881649 0.0403561 0.470176
v -237.131 -53.7899 1061.05
vn 0.882399 -0.0991499 0.459936
v -237.078 -54.0567 1060.98
vn 0.0933938 -0.970676 -0.221508
v -240.531 -59.6648 1061.55
vn 0.914123 0.389528 0.112456
v -240.531 -59.6648 1061.55
vn 0.950053 -0.190611 0.247117
v -240.531 -59.6648 1061.55
vn 0.884685 0.450879 0.118492
v -240.492 -59.4561 1061.56
vn 0.979642 -0.187075 0.0728375
v -240.408 -59.3779 1060.64
vn 0.252778 -0.903225 -0.346827
v -240.408 -59.3779 1060.64
vn 0.900371 -0.380636 -0.210825
v -240.752 -59.0675 1059.73
vn 0.807347 -0.580018 0.108487
v -240.493 -58.605 1059
vn 0.754204 0.420723 0.504152
v -240.493 -58.605 1059
vn 0.950852 0.298131 -0.0836606
v -240.21 -57.512 1057.91
vn 0.213411 0.975728 -0.0491087
v -240.723 -55.0021 1055.44
vn -0.75265 -0.619687 0.222501
v -244.313 -59.5421 1055.32
vn -0.528933 -0.816177 0.23256
v -244.313 -59.5421 1055.32
vn 0.732881 -0.664254 0.147149
v -243.618 -59.7423 1055.86
vn -0.730861 0.682526 0.000698705
v -242.79 -56.5333 1055.25
vn -0.116272 0.991271 -0.0621547
v -241.875 -55.6274 1054.51
vn 0.865592 0.44565 -0.228356
v -239.976 -58.0064 1057.73
vn 0.924095 -0.372453 0.0856015
v -239.976 -58.0064 1057.73
vn 0.927622 0.358837 -0.1037
v -240.056 -58.1279 1057.25
vn 0.46508 -0.883226 -0.0601075
v -240.103 -57.7843 1056.04
vn 0.94797 -0.292716 -0.12518
v -241.264 -58.3166 1053.88
vn 0.516026 0.852377 -0.0846801
v -241.08 -55.1299 1052.64
vn -0.160034 0.972419 -0.169675
v -240.863 -55.3671 1051.39
vn -0.988214 0.0895604 0.124143
v -245.113 -60.4351 1051.12
vn 0.549321 -0.829818 -0.0982304
v -238.901 -57.1954 1054.89
vn -0.0803585 -0.889771 -0.449277
v -238.901 -57.1954 1054.89
vn 0.0332676 -0.993201 -0.111554
v -239.096 -57.4395 1054.5
vn 0.29946 -0.911751 -0.281129
v -238.838 -57.311 1054.17
vn 0.528976 -0.838746 -0.129189
v -238.665 -56.9511 1054.14
vn -0.376672 -0.879495 -0.290873
v -238.233 -56.6199 1053.76
vn 0.662654 -0.732238 -0.157217
v -238.774 -56.7968 1052.98
vn 0.156256 -0.984514 -0.0794727
v -238.665 -56.4617 1052.43
vn 0.765389 -0.636446 0.0954793
v -241.993 -59.0448 1050.07
vn -0.113991 0.987229 -0.111287
v -240.489 -55.5335 1049.91
vn 0.547152 0.719207 0.428214
v -234.113 -53.8102 1057.19
vn 0.340963 -0.902573 0.262881
v -234.113 -53.8102 1057.19
vn 0.92474 -0.243626 0.292408
v -234.113 -53.8102 1057.19
vn 0.92474 -0.243626 0.292408
v -233.976 -53.7007 1056.85
vn 0.683251 -0.351606 0.639954
v -233.976 -53.7007 1056.85
vn 0.92474 -0.243626 0.292408
v -233.977 -53.9455 1056.65
vn 0.433701 -0.678315 0.593121
v -237.444 -57.1481 1054.21
vn -0.579083 -0.720759 -0.381012
v -237.166 -57.3021 1053.17
vn -0.342068 0.933495 -0.107593
v -234.972 -52.3639 1051.27
vn 0.432711 -0.899742 0.056797
v -238.984 -56.4511 1049.02
vn 0.979127 -0.202785 -0.013697
v -240.945 -58.2083 1048.36
vn -0.0567819 -0.920795 0.385892
v -244.776 -62.2485 1046.25
vn -0.867644 -0.447926 0.215767
v -245.802 -61.9833 1044.32
vn 0.854519 -0.0026774 0.519413
v -232.097 -54.0708 1054.58
vn 0.395812 -0.688354 0.607867
v -236.107 -57.57 1052.85
vn -0.41199 -0.898557 -0.151191
v -236.828 -56.4174 1050.01
vn 0.517464 -0.842317 0.150776
v -241.582 -59.6575 1044.66
vn 0.987954 -0.136172 0.0735101
v -241.183 -59.0462 1045.9
vn 0.912635 -0.404 0.0622941
v -241.161 -58.9571 1044.79
vn 0.976272 0.21415 -0.0321427
v -241.055 -59.2201 1044.99
vn 0.94797 -0.292716 -0.12518
v -243.861 -62.5901 1044.21
vn 0.52134 -0.771138 0.365445
v -243.861 -62.5901 1044.21
vn 0.951642 0.267602 -0.150883
v -241.189 -59.2504 1044.09
vn 0.976632 -0.209272 0.0489452
v -241.189 -59.2504 1044.09
vn -0.815677 -0.510925 0.271342
v -245.329 -63.5844 1042.98
vn -0.997488 0.0185761 -0.068359
v -245.662 -64.0386 1041.01
vn 0.86221 0.420526 0.282404
v -231.746 -53.835 1053.55
vn 0.410989 -0.701062 0.582752
v -234.474 -57.6814 1051.62
vn -0.349745 -0.835853 0.423117
v -234.474 -57.6814 1051.62
vn -0.349745 -0.835853 0.423117
v -234.681 -57.6564 1051.5
vn -0.598437 -0.762403 -0.246203
v -234.681 -57.6564 1051.5
vn 0.411684 -0.701737 0.581448
v -234.384 -57.8662 1051.33
vn -0.321836 -0.934905 -0.14958
v -234.384 -57.8662 1051.33
vn -0.710994 -0.6185 -0.334582
v -235.582 -57.2277 1050.34
vn 0.606375 0.786285 0.118602
v -232.965 -53.2393 1049.31
vn -0.258642 -0.958183 -0.122436
v -235.611 -56.6583 1048.74
vn 0.0668687 -0.992051 0.106602
v -236.439 -56.3019 1046.39
vn 0.636674 -0.738135 0.223168
v -237.999 -56.9478 1043.35
vn 0.819814 -0.571543 0.0352724
v -241.018 -59.2994 1040.48
vn -0.581506 0.808835 -0.0873874
v -240.537 -56.1359 1040.43
vn -0.760617 0.648129 -0.0372906
v -240.537 -56.1359 1040.43
vn -0.935231 0.350521 0.0497853
v -244.672 -60.0869 1034.29
vn 0.915981 0.138492 0.376562
v -230.846 -55.0021 1052.25
vn 0.375397 -0.71482 0.590008
v -233.442 -57.893 1050.66
vn -0.108605 -0.984879 -0.134973
v -233.039 -58.0516 1050.23
vn 0.196806 -0.859377 0.471951
v -241.616 -60.0766 1038.85
vn 0.997798 -0.0346861 0.0565356
v -241.616 -60.0766 1038.85
vn 0.630553 -0.564011 0.533193
v -241.616 -60.0766 1038.85
vn -0.140761 -0.881704 0.450315
v -239.797 -59.2176 1038.99
vn 0.619245 -0.583578 0.525331
v -241.646 -61.0937 1037.81
vn 0.964381 0.262598 -0.0318071
v -241.545 -61.4779 1037.71
vn -0.923883 -0.307061 0.22837
v -245.342 -63.1711 1034.13
vn 0.040704 -0.935165 0.351865
v -233.14 -56.7603 1044.44
vn 0.606375 0.786285 0.118602
v -232.19 -53.1127 1044.51
vn 0.456381 -0.880871 -0.125626
v -234.145 -57.1498 1043.52
vn -0.547009 -0.832851 0.084499
v -234.145 -57.1498 1043.52
vn 0.040704 -0.935165 0.351865
v -234.145 -57.1498 1043.52
vn 0.606375 0.786285 0.118602
v -232.307 -52.9667 1044.14
vn -0.080396 0.918226 0.387811
v -232.307 -52.9667 1044.14
vn 0.146427 0.984356 -0.0979956
v -232.307 -52.9667 1044.14
vn 0.352511 0.930033 -0.1038
v -232.067 -52.9017 1044.03
vn -0.29533 0.951299 -0.0883728
v -232.067 -52.9017 1044.03
vn 0.947649 -0.252709 0.195193
v -242.977 -65.1415 1038.09
vn -0.0722897 -0.874393 0.479803
v -239.692 -60.3292 1037
vn 0.968915 0.242593 0.0485022
v -241.414 -61.8029 1036.71
vn -0.840744 0.534012 -0.0893387
v -243.568 -60.4764 1032.12
vn 0.085963 -0.991345 -0.0992252
v -230.56 -57.8246 1049.32
vn 0.342093 0.939348 -0.0244468
v -229.724 -53.9609 1045.68
vn 0.780127 0.616355 0.107275
v -229.724 -53.9609 1045.68
vn -0.469906 -0.879442 0.0759628
v -233.844 -57.3691 1042.91
vn 0.0907784 -0.974176 -0.206737
v -233.844 -57.3691 1042.91
vn 0.591799 -0.804672 0.047721
v -233.844 -57.3691 1042.91
vn -0.202299 0.979037 -0.0237069
v -232.065 -53.6433 1039.25
vn 0.291876 -0.747483 0.596723
v -242.837 -66.867 1035.66
vn 0.980636 0.192358 -0.0367691
v -242.021 -64.457 1034.62
vn 0.629905 -0.773472 0.0704326
v -229.356 -57.012 1045.75
vn 0.791946 0.600447 -0.110839
v -229.626 -53.9314 1041.63
vn 0.664587 0.708211 -0.238247
v -231.209 -53.5615 1039.3
vn 0.194604 0.980407 -0.030537
v -231.429 -53.6227 1038.51
vn 0.534801 0.796104 -0.283207
v -231.679 -53.5401 1037.97
vn -0.579663 0.814673 -0.0172947
v -231.679 -53.5401 1037.97
vn 0.160135 0.961774 -0.222143
v -231.303 -53.7682 1038.43
vn 0.840792 0.433985 -0.323615
v -231.548 -53.8759 1037.64
vn -0.469731 0.878851 -0.0835114
v -232.679 -54.2201 1036.44
vn 0.302943 0.906365 -0.294496
v -231.962 -54.1301 1036.24
vn 0.976836 -0.0780667 0.199242
v -242.925 -68.6558 1035.12
vn 0.423856 -0.639168 0.641724
v -242.519 -67.6057 1034.71
vn 0.909058 0.359273 -0.211036
v -241.749 -66.0935 1033.59
vn 0.86765 0.387957 -0.310924
v -241.656 -66.1655 1033.76
vn 0.869884 0.412338 -0.2707
v -241.457 -66.7086 1033.59
vn 0.568816 -0.557398 0.604778
v -241.693 -67.683 1033.95
vn 0.904171 -0.0756353 0.420421
v -241.693 -67.683 1033.95
vn 0.772839 -0.630182 -0.0747689
v -232.564 -57.8387 1035.33
vn 0.300226 -0.904788 0.302032
v -232.422 -57.7116 1035.12
vn -0.245349 -0.740034 0.626222
v -232.422 -57.7116 1035.12
vn -0.318064 -0.414525 0.852645
v -233.752 -58.0447 1035.42
vn 0.482 -0.572168 0.663551
v -242.467 -69.9251 1032.67
vn 0.251725 -0.578439 0.775914
v -239.438 -64.1806 1032.33
vn -0.998249 -0.0351525 -0.0475692
v -245.46 -71.8022 1028.08
vn -0.94638 0.321292 -0.0336968
v -245.941 -69.7307 1025.92
vn -0.974392 0.176274 -0.1396
v -246.253 -70.5647 1025.15
vn -0.921717 -0.216312 0.321943
v -245.924 -69.1218 1025.33
vn -0.770335 -0.293236 0.566212
v -244.891 -65.1143 1020.73
vn 0.656702 -0.743541 0.126053
v -228.242 -56.8368 1040.57
vn 0.901489 0.427406 -0.0681353
v -228.097 -56.4857 1040.33
vn 0.975226 0.198764 -0.0970985
v -228.067 -56.7608 1040.06
vn 0.922261 -0.350115 -0.163872
v -228.067 -56.7608 1040.06
vn 0.325076 -0.936562 0.131062
v -228.512 -57.165 1038.42
vn 0.638009 -0.768591 -0.0470374
v -228.512 -57.165 1038.42
vn 0.784633 -0.605771 -0.131882
v -233.268 -58.5184 1034.01
vn 0.488908 -0.751821 0.442418
v -233.268 -58.5184 1034.01
vn 0.631111 -0.731224 0.258862
v -232.408 -58.7662 1033.96
vn -0.000493688 -0.671211 0.741266
v -232.406 -59.218 1033.06
vn -0.507078 -0.624335 0.594204
v -231.678 -58.2196 1033.75
vn 0.0370558 -0.585655 0.809713
v -231.678 -58.2196 1033.75
vn 0.891329 -0.385455 -0.238656
v -235.18 -61.085 1032.54
vn 0.481139 -0.745821 0.460712
v -235.101 -60.6938 1032.34
vn 0.831656 -0.54643 0.0988099
v -235.101 -60.6938 1032.34
vn 0.378604 -0.731523 0.567039
v -234.279 -60.0731 1032.48
vn -0.0258509 -0.808861 0.587432
v -233.576 -60.4557 1032.77
vn 0.687061 -0.671473 0.277619
v -233.576 -60.4557 1032.77
vn 0.300348 -0.689321 0.659263
v -236.254 -62.6812 1031.49
vn 0.820788 -0.544956 0.17126
v -235.632 -61.6827 1031.33
vn 0.134975 -0.653627 0.744684
v -234.853 -61.3656 1031.46
vn 0.748887 -0.350926 0.562156
v -238.786 -66.6671 1030.62
vn 0.206369 -0.588013 0.782082
v -236.464 -63.3896 1030.3
vn -0.953062 -0.150952 0.262462
v -246.426 -72.1757 1022.24
vn 0.510097 -0.835246 0.205342
v -229.437 -57.8093 1036.41
vn 0.600098 -0.795629 0.0828081
v -228.729 -57.2413 1036.73
vn 0.965721 -0.249948 -0.0700617
v -228.54 -56.2619 1036.33
vn 0.912564 0.249889 -0.323702
v -228.54 -56.2619 1036.33
vn 0.976485 -0.197734 -0.0858917
v -228.54 -56.2619 1036.33
vn 0.976881 -0.210714 0.0361105
v -228.981 -57.1417 1034.41
vn 0.896261 -0.402744 0.185777
v -228.981 -57.1417 1034.41
vn 0.679402 -0.571182 0.460613
v -228.981 -57.1417 1034.41
vn 0.893182 0.161076 -0.419858
v -228.672 -57.6919 1034.86
vn 0.697415 -0.706639 0.119475
v -228.672 -57.6919 1034.86
vn -0.560362 -0.510677 0.652076
v -231.599 -59.4238 1032.87
vn 0.130925 0.99101 -0.0275164
v -229.556 -55.9009 1030.85
vn 0.616732 -0.704225 0.351722
v -234.148 -61.8391 1030.84
vn 0.90634 0.374764 0.195189
v -241.079 -73.9868 1029.72
vn 0.791316 -0.388216 0.472343
v -239.288 -68.787 1029.7
vn -0.94035 0.0504888 -0.336441
v -244.401 -75.1755 1025.59
vn -0.977786 -0.168068 0.125252
v -246.431 -73.6069 1021.15
vn -0.58236 0.809877 0.070395
v -239.595 -61.0357 1018.36
vn -0.620083 0.783628 0.0377324
v -240.78 -61.3474 1018.43
vn -0.395146 0.861026 -0.320146
v -240.78 -61.3474 1018.43
vn -0.727572 0.604619 0.324153
v -243.39 -64.1744 1016.81
vn -0.662964 0.722909 -0.194633
v -241.914 -62.6206 1017.23
vn -0.775776 -0.307669 0.550919
v -246.777 -70.4956 1015.29
vn -0.971674 0.11024 0.209037
v -246.777 -70.4956 1015.29
vn 0.554241 -0.75191 0.356998
v -229.272 -58.7736 1032.76
vn 0.339543 0.933904 0.111955
v -228.704 -56.6978 1032.78
vn 0.713273 -0.543215 0.442898
v -228.557 -58.0317 1032.64
vn 0.158065 -0.59896 0.785024
v -228.557 -58.0317 1032.64
vn 0.371481 0.0961734 0.923446
v -228.392 -57.4711 1032.32
vn 0.801068 0.0965804 0.590731
v -228.341 -58.3012 1032.39
vn 0.36413 0.0241743 0.931034
v -228.341 -58.3012 1032.39
vn 0.198126 0.958558 0.204724
v -228.535 -56.6175 1031.6
vn 0.00876141 0.964014 0.265708
v -227.601 -56.4555 1030.96
vn -0.39187 0.661004 0.639931
v -227.601 -56.4555 1030.96
vn 0.541907 -0.78387 0.303126
v -232.712 -61.5468 1030.2
vn 0.58925 -0.786738 0.183925
v -231.429 -61.1792 1029.5
vn 0.891847 -0.184038 0.413206
v -240.253 -73.2895 1027.74
vn 0.420396 -0.432766 0.797484
v -240.253 -73.2895 1027.74
vn 0.99751 -0.0524245 -0.047176
v -239.467 -71.6326 1027.96
vn 0.871183 0.324401 -0.368516
v -239.467 -71.6326 1027.96
vn 0.685146 -0.719647 0.112624
v -234.389 -64.1475 1027.51
vn -0.95968 0.278045 -0.0412884
v -246.649 -73.179 1018.42
vn -0.918778 -0.283077 0.275162
v -246.525 -72.8082 1018.25
vn -0.99522 0.0976099 -0.00302654
v -246.829 -73.7927 1018.19
vn -0.742374 -0.464308 0.483011
v -246.829 -73.7927 1018.19
vn -0.973822 0.16058 -0.160885
v -247.189 -73.7053 1015.26
vn -0.710586 -0.334635 0.618941
v -247.166 -72.4329 1013.42
vn -0.910847 0.366413 0.189996
v -246.306 -68.7854 1012.86
vn 0.559002 -0.810688 0.174074
v -227.729 -58.7664 1032.13
vn 0.383619 -0.0648515 0.921212
v -227.729 -58.7664 1032.13
vn 0.341601 0.174212 0.923558
v -227.047 -58.252 1031.87
vn -0.349297 -0.562939 0.74906
v -227.047 -58.252 1031.87
vn 0.185631 -0.343316 0.920693
v -227.047 -58.252 1031.87
vn 0.239943 -0.587056 0.773171
v -226.843 -58.6108 1031.69
vn 0.332773 0.345896 0.877279
v -226.437 -58.373 1031.7
vn 0.121925 -0.5033 0.855467
v -226.437 -58.373 1031.7
vn -0.32947 -0.582227 0.743278
v -227.412 -59.2716 1030.93
vn -0.220228 0.915744 0.336024
v -226.372 -55.4657 1031.45
vn 0.434755 -0.89895 0.0536265
v -229.48 -60.3244 1030.21
vn -0.339417 -0.57264 0.746243
v -228.173 -59.575 1030.35
vn -0.0849525 -0.6888 0.719957
v -230.572 -60.4662 1029.8
vn 0.205002 -0.909363 0.361986
v -230.275 -60.4735 1029.88
vn 0.24229 -0.847511 0.47225
v -229.597 -60.3368 1029.55
vn 0.838786 0.144296 0.524993
v -239.867 -75.5659 1027.65
vn 0.955245 0.0980699 0.279085
v -240.082 -74.7495 1027.77
vn 0.675801 0.716515 -0.172915
v -240.082 -74.7495 1027.77
vn 0.398786 -0.782321 0.47848
v -234.434 -64.2236 1026.63
vn -0.0387731 -0.674072 0.737647
v -239.693 -74.8785 1026.49
vn -0.90533 0.10663 -0.411105
v -243.739 -77.8536 1023.3
vn -0.93459 -0.34732 -0.0768833
v -243.739 -77.8536 1023.3
vn 0.986746 0.0343808 -0.158587
v -239.72 -72.7472 1023.02
vn 0.905499 -0.220848 -0.36235
v -240.472 -73.093 1022.43
vn 0.81955 -0.332888 0.466394
v -240.472 -73.093 1022.43
vn 0.497939 0.291271 -0.816834
v -239.589 -71.3805 1023.59
vn -0.306582 0.764099 -0.567591
v -241.137 -62.6822 1010.38
vn -0.306582 0.764099 -0.567591
v -244.32 -65.8169 1007.88
vn 0.0416674 -0.697937 0.714946
v -224.913 -57.7453 1032.41
vn 0.112913 -0.657079 0.745317
v -224.277 -57.3777 1032.64
vn 0.886891 -0.291871 0.358101
v -224.277 -57.3777 1032.64
vn 0.864398 -0.466985 0.186389
v -224.288 -57.6251 1032.43
vn 0.326678 -0.00489532 0.945123
v -223.904 -56.2219 1032.52
vn 0.94954 -0.15562 0.272317
v -223.904 -56.2219 1032.52
vn 0.731571 0.640657 0.233155
v -223.904 -56.2219 1032.52
vn 0.678683 0.580113 0.450398
v -223.829 -56.1648 1032.13
vn 0.554945 0.576233 0.599993
v -223.639 -56.0114 1031.84
vn 0.164125 0.202256 0.965482
v -223.639 -56.0114 1031.84
vn 0.595728 -0.707934 0.379391
v -223.494 -56.0804 1031.71
vn 0.62364 0.781135 0.0299998
v -223.373 -55.159 1031.38
vn 0.453974 -0.466434 0.759175
v -223.123 -55.8319 1031.64
vn 0.705625 -0.622111 0.339221
v -223.123 -55.8319 1031.64
vn 0.879864 -0.444229 0.168816
v -222.952 -55.727 1031.36
vn 0.642277 -0.764542 0.0543671
v -228.681 -60.4143 1028.02
vn 0.844957 0.23344 0.481199
v -239.17 -75.8077 1026.84
vn 0.475704 -0.446773 0.757694
v -238.885 -76.4417 1026.65
vn 0.876523 0.280837 0.390945
v -238.954 -75.9401 1026.44
vn 0.90336 0.225115 0.365054
v -239.113 -75.772 1025.43
vn 0.809283 -0.447988 0.379957
v -239.113 -75.772 1025.43
vn 0.809283 -0.447988 0.379957
v -239.049 -75.8306 1025.22
vn 0.969327 0.194577 -0.15015
v -239.059 -75.0278 1026.19
vn 0.809283 -0.447988 0.379957
v -239.059 -75.0278 1026.19
vn 0.0479068 -0.662252 0.747748
v -231.782 -63.2931 1024.17
vn 0.648139 -0.76124 0.0207264
v -231.782 -63.2931 1024.17
vn 0.626883 0.367086 -0.687216
v -239.66 -74.5781 1022.29
vn -0.505894 -0.701872 0.501446
v -242.911 -79.6914 1021.54
vn 0.794402 -0.245428 0.555599
v -240.232 -74.0078 1021.57
vn 0.702351 -0.703172 0.110689
v -239.387 -69.9048 1019.47
vn 0.718749 -0.246922 -0.649946
v -239.387 -69.9048 1019.47
vn -0.800083 -0.509349 0.316907
v -244.591 -78.6051 1018.69
vn 0.470348 0.444663 -0.762265
v -240.123 -70.5443 1018.39
vn 0.872061 -0.454868 0.180565
v -240.449 -71.3803 1017.54
vn 0.932759 -0.346205 0.100511
v -240.449 -71.3803 1017.54
vn 0.60082 -0.558364 0.572052
v -240.449 -71.3803 1017.54
vn 0.443035 0.350308 -0.82523
v -240.07 -71.3058 1017.98
vn 0.820478 -0.571585 0.0103174
v -239.956 -69.6638 1018.88
vn -0.988698 -0.140137 0.0532782
v -246.471 -76.8356 1015.28
vn -0.582258 -0.679241 0.446774
v -246.331 -77.6294 1015
vn -0.900891 0.395379 -0.179086
v -246.986 -77.0143 1011.28
vn -0.825116 -0.451819 0.339181
v -246.986 -77.0143 1011.28
vn -0.976915 0.137005 -0.163909
v -246.986 -77.0143 1011.28
vn -0.966823 0.208739 -0.147243
v -247.539 -76.3099 1010.82
vn -0.80806 0.575722 -0.124834
v -244.715 -66.8861 1006.66
vn 0.154608 -0.896896 0.414335
v -224.652 -58.6009 1030.17
vn 0.304961 -0.868622 0.390506
v -224.652 -58.6009 1030.17
vn -0.214256 -0.705151 0.675912
v -224.652 -58.6009 1030.17
vn 0.92638 -0.371207 0.0634518
v -222.878 -56.0609 1028.8
vn -0.333474 -0.48389 0.809102
v -227.113 -60.156 1027.76
vn 0.478329 -0.732165 0.484908
v -226.613 -60.5653 1027.69
vn -0.26118 -0.494546 0.828981
v -227.584 -61.4375 1026.92
vn 0.384385 -0.753247 0.533729
v -226.477 -60.1501 1027.97
vn -0.368577 -0.426675 0.825893
v -228.961 -62.3327 1025.88
vn -0.0584366 -0.987887 0.143751
v -228.961 -62.3327 1025.88
vn -0.457441 -0.324913 0.827755
v -230.078 -62.3527 1025.29
vn 0.651873 -0.319834 0.687581
v -238.239 -77.1264 1025.72
vn 0.885899 0.444748 -0.131843
v -238.239 -77.1264 1025.72
vn -0.00346187 -0.713846 0.700294
v -232.477 -64.6098 1022.53
vn 0.073744 -0.849136 0.523
v -232.101 -64.8371 1022.33
vn 0.725676 -0.685052 -0.0640098
v -237.978 -68.0228 1016.62
vn 0.946395 -0.16609 0.277038
v -241.113 -73.405 1016.67
vn 0.722067 0.169199 -0.670814
v -240.884 -73.6479 1015.64
vn 0.88795 -0.368336 -0.275451
v -241.279 -74.1835 1015.08
vn 0.94759 -0.23565 0.215737
v -241.279 -74.1835 1015.08
vn 0.939919 -0.283887 0.189633
v -240.662 -72.4915 1014.81
vn -0.471746 0.879324 0.0651559
v -235.251 -59.8058 1012.26
vn -0.477309 -0.693339 0.539867
v -246.129 -79.1981 1012.87
vn -0.244483 -0.6187 0.746618
v -224.778 -60.1759 1027.8
vn 0.534175 -0.676211 0.507342
v -224.497 -59.3518 1028.34
vn 0.942283 0.334814 -0.00130767
v -237.742 -78.9171 1024.41
vn 0.829025 -0.127247 0.544542
v -237.742 -78.9171 1024.41
vn 0.370677 -0.927833 0.0415191
v -229.894 -64.1858 1020.49
vn 0.990411 0.112154 -0.0806701
v -239.3 -79.6128 1020.97
vn 0.110334 0.539528 -0.834707
v -239.988 -78.1001 1019.94
vn 0.957881 0.185741 -0.219005
v -239.566 -77.4861 1020.5
vn 0.447186 -0.869647 -0.209139
v -233.374 -65.6755 1019.24
vn 0.88508 0.237693 -0.400169
v -240.487 -77.2962 1015.83
vn 0.826702 0.257731 -0.500138
v -240.857 -75.1453 1016.09
vn 0.729667 0.261737 -0.631728
v -240.762 -75.3477 1015.35
vn -0.411339 -0.704057 0.578882
v -244.39 -80.949 1015.15
vn 0.984849 -0.072018 0.157752
v -241.425 -75.5411 1014.52
vn 0.663797 0.20992 -0.717849
v -241.693 -76.1027 1012.34
vn 0.74974 0.175549 -0.638022
v -241.269 -75.4639 1012.89
vn 0.752129 -0.372572 -0.543592
v -238.627 -68.9233 1011.68
vn -0.834911 0.0855547 -0.543694
v -245.053 -80.6939 1012.25
vn 0.791017 -0.262883 -0.552435
v -241.117 -71.0062 1009.66
vn 0.9585 -0.265884 -0.102877
v -241.651 -72.1285 1009.31
vn -0.946816 -0.255328 0.195827
v -247.661 -77.5829 1003.13
vn -0.988624 0.147735 -0.0282258
v -247.274 -72.9664 999.354
vn -0.968931 0.24516 0.0326886
v -247.105 -73.0941 999.039
vn 0.996365 -0.0534761 0.0663107
v -224.364 -61.0856 1025.81
vn 0.8275 -0.501044 0.253373
v -224.364 -61.0856 1025.81
vn 0.503161 -0.836454 -0.217194
v -225.328 -61.5161 1025.47
vn 0.636433 -0.72427 -0.265304
v -224.441 -61.8812 1024.48
vn 0.8275 -0.501044 0.253373
v -224.441 -61.8812 1024.48
vn 0.771674 -0.572688 0.276674
v -224.716 -61.8185 1023.73
vn 0.8275 -0.501044 0.253373
v -224.332 -61.715 1024.46
vn 0.771674 -0.572688 0.276674
v -224.587 -61.664 1023.69
vn 0.85138 0.508031 -0.130602
v -223.693 -57.0522 1020.29
vn 0.393988 0.840791 -0.371274
v -223.693 -57.0522 1020.29
vn 0.854407 -0.201678 0.478868
v -237.091 -80.8051 1022.98
vn 0.924556 0.379987 0.0283854
v -236.981 -80.6513 1022.85
vn 0.875964 -0.211293 0.433639
v -236.981 -80.6513 1022.85
vn -0.503672 0.813893 0.289642
v -224.734 -57.004 1019.29
vn 0.18915 0.96638 -0.174161
v -224.734 -57.004 1019.29
vn 0.762684 0.620079 0.183887
v -238.012 -81.4384 1021.08
vn 0.44915 -0.840447 -0.303173
v -229.988 -64.5686 1018.7
vn -0.828108 -0.557538 0.05821
v -240.307 -82.4459 1020.37
vn -0.0623616 0.978707 -0.195557
v -226.453 -57.2861 1017.16
vn 0.826691 0.394753 -0.400938
v -239.661 -81.1549 1017.8
vn 0.384882 -0.810951 0.440708
v -233.446 -66.4598 1015.77
vn 0.312135 -0.922631 -0.226548
v -233.446 -66.4598 1015.77
vn 0.952912 0.259525 -0.156864
v -241.381 -78.15 1011.9
vn -0.95835 -0.259268 -0.119773
v -244.373 -82.5877 1010.9
vn -0.810839 -0.0175323 -0.585006
v -244.373 -82.5877 1010.9
vn -0.715463 -0.653687 -0.24659
v -244.373 -82.5877 1010.9
vn -0.758179 -0.611631 0.225991
v -244.494 -82.1007 1010.59
vn 0.855996 0.321182 -0.405108
v -244.525 -82.5477 1010.54
vn 0.855996 0.321182 -0.405108
v -244.595 -82.5245 1010.4
vn 0.855996 0.321182 -0.405108
v -244.528 -82.5356 1010.54
vn 0.798653 0.166647 -0.578258
v -241.826 -76.394 1010.57
vn 0.965053 -0.222309 0.138751
v -242.813 -76.4567 1007.47
vn 0.937109 0.227989 -0.264288
v -242.541 -75.5701 1006.99
vn -0.574222 -0.772545 -0.271006
v -246.981 -80.2978 1005.55
vn -0.572769 -0.775609 -0.265267
v -247.025 -80.1988 1005.36
vn -0.571291 -0.778638 -0.259518
v -247.071 -80.1026 1005.17
vn -0.929633 -0.209268 -0.303296
v -246.79 -80.3284 1005.23
vn -0.622027 -0.666913 0.410255
v -246.79 -80.3284 1005.23
vn -0.984453 -0.175499 0.0072777
v -247.665 -79.3106 1002
vn -0.999269 -0.0350278 0.0153447
v -247.939 -79.248 1001.24
vn -0.947064 -0.174798 0.269287
v -247.857 -77.8009 1000.29
vn -0.609446 0.524728 -0.594337
v -247.671 -74.4559 998.446
vn -0.918516 -0.243157 0.311775
v -247.671 -74.4559 998.446
vn -0.993921 0.108706 -0.0174633
v -247.609 -75.0097 997.894
vn 0.771674 -0.572688 0.276674
v -224.533 -62.0247 1022.79
vn 0.997234 0.0664217 0.033341
v -224.533 -62.0247 1022.79
vn 0.496505 -0.396037 0.772423
v -224.533 -62.0247 1022.79
vn 0.496505 -0.396037 0.772423
v -224.378 -62.3692 1022.52
vn 0.900541 -0.0743978 0.428359
v -224.378 -62.3692 1022.52
vn 0.561303 -0.809243 0.173393
v -224.378 -62.3692 1022.52
vn 0.842284 0.534191 -0.0720948
v -224.156 -62.3131 1022.06
vn 0.561303 -0.809243 0.173393
v -224.156 -62.3131 1022.06
vn 0.700097 -0.46087 -0.545401
v -224.156 -62.3131 1022.06
vn 0.755007 0.162724 -0.635205
v -224.156 -62.3131 1022.06
vn 0.496505 -0.396037 0.772423
v -224.577 -61.5101 1023.09
vn 0.900541 -0.0743978 0.428359
v -224.577 -61.5101 1023.09
vn 0.755007 0.162724 -0.635205
v -225.09 -62.3938 1020.93
vn 0.561303 -0.809243 0.173393
v -224.862 -62.8926 1021.64
vn 0.72132 -0.438213 -0.536345
v -224.862 -62.8926 1021.64
vn 0.44915 -0.840447 -0.303173
v -224.862 -62.8926 1021.64
vn 0.459025 -0.437733 0.773101
v -224.997 -60.6179 1021.36
vn 0.893488 0.442094 -0.0789401
v -224.997 -60.6179 1021.36
vn 0.755007 0.162724 -0.635205
v -224.605 -61.6545 1021.7
vn 0.81448 -0.578659 0.0421405
v -224.605 -61.6545 1021.7
vn 0.203852 0.123023 0.971241
v -224.748 -61.9472 1020.46
vn 0.938079 0.296616 -0.178959
v -224.748 -61.9472 1020.46
vn 0.479193 0.7424 0.468205
v -224.748 -61.9472 1020.46
vn 0.459025 -0.437733 0.773101
v -224.748 -61.9472 1020.46
vn -0.264554 -0.321147 0.909327
v -224.748 -61.9472 1020.46
vn 0.53638 0.648889 -0.539666
v -236.917 -81.4535 1022.14
vn 0.828024 -0.267158 0.492953
v -236.983 -81.8875 1022.02
vn 0.653441 -0.283292 0.701969
v -236.597 -82.118 1021.57
vn 0.521349 0.68423 -0.509927
v -236.597 -82.118 1021.57
vn 0.548206 0.237512 -0.801909
v -236.597 -82.118 1021.57
vn -0.205148 -0.436998 0.875755
v -226.249 -63.1945 1019.58
vn 0.44915 -0.840447 -0.303173
v -225.949 -62.9327 1020.14
vn 0.117738 -0.805311 0.581044
v -225.949 -62.9327 1020.14
vn 0.811318 0.570215 -0.128914
v -223.526 -57.4552 1019.55
vn 0.382713 0.89695 -0.221387
v -223.526 -57.4552 1019.55
vn 0.770446 0.618821 -0.153209
v -223.526 -57.4552 1019.55
vn 0.490667 0.290124 -0.821629
v -237.12 -82.539 1021.09
vn 0.762684 0.620079 0.183887
v -237.12 -82.539 1021.09
vn 0.939751 -0.101387 0.326479
v -237.12 -82.539 1021.09
vn 0.611362 -0.518925 0.597456
v -237.12 -82.539 1021.09
vn 0.762684 0.620079 0.183887
v -237.029 -82.5702 1020.82
vn 0.939751 -0.101387 0.326479
v -237.029 -82.5702 1020.82
vn -0.185633 -0.568101 0.801749
v -227.757 -64.3326 1018.57
vn 0.118838 -0.884217 0.451706
v -227.757 -64.3326 1018.57
vn 0.457841 -0.618171 0.638942
v -238.088 -83.6247 1019.6
vn 0.683175 0.700877 -0.205046
v -224.28 -57.4204 1015.9
vn -0.721318 -0.68041 0.129389
v -240.488 -84.0006 1018.01
vn -0.627004 -0.777466 0.0491215
v -239.852 -84.523 1017.86
vn 0.995818 0.0913358 -0.0022268
v -239.169 -82.8814 1017.77
vn -0.715111 -0.691376 0.103036
v -242.123 -84.0239 1012.76
vn 0.998816 0.0481773 0.0067909
v -240.524 -80.1137 1012.78
vn 0.405711 0.347653 -0.845302
v -241.051 -78.4872 1011.92
vn 0.427247 0.369978 -0.824971
v -240.845 -79.8686 1011.41
vn 0.930521 0.296742 -0.214649
v -240.845 -79.8686 1011.41
vn -0.665128 -0.683526 0.30066
v -244.161 -82.4186 1010.61
vn -0.673732 -0.694758 0.251788
v -243.526 -83.4363 1009.5
vn 0.708384 0.3365 -0.620452
v -242.082 -76.7698 1008.19
vn 0.67528 0.410027 -0.613086
v -242.002 -77.8547 1007.56
vn 0.184258 -0.933899 0.306402
v -237.818 -68.5358 1006.9
vn 0.441739 -0.869878 -0.219496
v -237.818 -68.5358 1006.9
vn 0.347419 -0.763897 -0.54384
v -235.845 -68.0533 1006.48
vn 0.972265 0.0920619 -0.215
v -242.878 -78.4354 1006.33
vn 0.762958 0.429642 -0.483014
v -242.878 -78.4354 1006.33
vn 0.907701 0.200578 -0.368575
v -243.479 -75.9056 1001.62
vn 0.989347 -0.020383 -0.144141
v -243.479 -75.9056 1001.62
vn 0.762021 -0.647534 -0.00492527
v -242.52 -71.659 1001.32
vn 0.852604 -0.0859189 -0.515446
v -242.712 -72.2655 1001.1
vn 0.895339 -0.131723 -0.42546
v -243.83 -73.7074 999.195
vn 0.488334 -0.84025 0.235604
v -241.754 -70.5755 998.435
vn 0.818324 -0.153484 -0.553886
v -241.754 -70.5755 998.435
vn 0.416213 -0.835857 0.357925
v -242.935 -71.384 997.763
vn 0.771783 -0.624784 -0.118304
v -242.935 -71.384 997.763
vn -0.711609 0.360393 -0.6031
v -248.136 -78.2992 996.623
vn 0.429491 -0.744869 0.510596
v -243.883 -72.3601 996.735
vn -0.918928 -0.228755 0.321314
v -247.759 -78.3272 996.162
vn -0.0071847 -0.643701 0.765243
v -224.145 -62.7233 1020.53
vn 0.102164 -0.642305 0.75961
v -223.996 -62.8152 1020.43
vn 0.589889 -0.76774 0.250211
v -223.996 -62.8152 1020.43
vn 0.553531 -0.810447 0.19178
v -224.153 -62.9717 1020.32
vn 0.541354 -0.837994 -0.068566
v -224.73 -63.4093 1019.75
vn 0.741546 -0.514772 -0.430255
v -224.069 -62.6252 1019.75
vn 0.44889 -0.883145 0.136207
v -224.069 -62.6252 1019.75
vn 0.997523 0.0452153 -0.0538839
v -223.947 -62.8775 1020.12
vn 0.459025 -0.437733 0.773101
v -224.406 -62.0155 1020.22
vn 0.838861 0.539806 -0.0701577
v -224.406 -62.0155 1020.22
vn 0.479193 0.7424 0.468205
v -224.2 -62.2532 1020.38
vn 0.803731 0.592894 -0.0499209
v -224.2 -62.2532 1020.38
vn 0.968168 0.216284 -0.125984
v -224.22 -62.9735 1017.99
vn 0.930552 -0.230756 0.284295
v -224.265 -62.4235 1018.58
vn 0.114051 -0.988916 0.0950706
v -237.511 -83.4932 1020.03
vn 0.842721 -0.507593 0.179364
v -237.511 -83.4932 1020.03
vn 0.611362 -0.518925 0.597456
v -237.069 -83.4183 1020.27
vn 0.56233 -0.813033 -0.150874
v -237.069 -83.4183 1020.27
vn 0.114051 -0.988916 0.0950706
v -237.069 -83.4183 1020.27
vn 0.939751 -0.101387 0.326479
v -236.895 -83.286 1020.21
vn 0.611362 -0.518925 0.597456
v -236.895 -83.286 1020.21
vn 0.56233 -0.813033 -0.150874
v -236.895 -83.286 1020.21
vn 0.56233 -0.813033 -0.150874
v -237.43 -83.5308 1019.54
vn 0.114051 -0.988916 0.0950706
v -237.43 -83.5308 1019.54
vn 0.842721 -0.507593 0.179364
v -237.43 -83.5308 1019.54
vn 0.842721 -0.507593 0.179364
v -237.565 -83.9915 1018.87
vn 0.457841 -0.618171 0.638942
v -237.565 -83.9915 1018.87
vn 0.818319 0.499766 -0.283882
v -237.565 -83.9915 1018.87
vn 0.683175 0.700877 -0.205046
v -224.194 -57.6565 1015.38
vn -0.786843 -0.603586 0.128695
v -239.059 -84.556 1017.93
vn 0.241099 -0.924943 0.293856
v -232.234 -66.409 1009.97
vn 0.570126 -0.750638 -0.333915
v -232.234 -66.409 1009.97
vn 0.235085 -0.969217 0.0731694
v -233.026 -67.0225 1006.86
vn 0.166674 -0.9855 0.0317742
v -235.058 -67.3944 1005.98
vn 0.051819 -0.848651 0.526408
v -235.058 -67.3944 1005.98
vn -0.634028 -0.685417 0.358068
v -246.041 -82.5832 1003.67
vn -0.863763 -0.429011 -0.264315
v -245.245 -83.7168 1002.91
vn 0.945114 -0.163458 0.282915
v -243.586 -78.2425 1000.67
vn -0.696957 -0.569349 0.435997
v -247.106 -81.1094 1000.14
vn -0.292943 -0.737719 0.60824
v -247.106 -81.1094 1000.14
vn -0.891204 -0.359865 -0.276138
v -247.164 -82.2218 998.455
vn -0.64962 -0.613075 0.449591
v -247.751 -81.1982 999.079
vn -0.85846 -0.409989 0.308149
v -247.53 -80.4781 998.427
vn 0.955853 -0.0389559 0.291252
v -244.38 -75.9457 998.026
vn 0.845337 -0.52357 -0.106209
v -242.819 -71.4909 997.379
vn 0.769511 -0.522132 0.367738
v -244.203 -72.9153 996.363
vn 0.865379 -0.227403 -0.446549
v -243.168 -71.8376 996.695
vn 0.877068 -0.283752 -0.387603
v -243.23 -71.5936 996.536
vn -0.74615 0.233248 -0.623582
v -247.587 -80.36 995.196
vn 0.844961 -0.524614 -0.104026
v -244.007 -72.343 994.304
vn 0.733456 -0.679446 0.0198792
v -244.696 -73.2486 993.117
vn 0.547353 0.425374 -0.720736
v -244.643 -73.1416 992.305
vn 0.821699 -0.537575 -0.189273
v -244.153 -72.431 992.843
vn -0.917237 0.358793 -0.173041
v -248.346 -72.5049 986.338
vn 0.939502 0.293991 -0.175798
v -224.067 -62.8757 1017.57
vn 0.55514 -0.708834 -0.435171
v -224.771 -63.4925 1016.84
vn 0.652404 -0.628616 -0.423333
v -224.163 -63.1114 1017.05
vn 0.969055 0.0999895 -0.225686
v -224.163 -63.1114 1017.05
vn 0.971934 0.141089 -0.18825
v -224.32 -62.8624 1016.49
vn 0.457841 -0.618171 0.638942
v -237.247 -85.2432 1017.43
vn 0.946377 0.322571 0.0178429
v -237.247 -85.2432 1017.43
vn 0.600162 -0.593937 0.535765
v -238.263 -85.7132 1016.5
vn -0.0803108 -0.893642 -0.441537
v -238.263 -85.7132 1016.5
vn 0.595879 0.701179 -0.391505
v -237.595 -85.495 1016
vn -0.127235 -0.838854 -0.529279
v -237.595 -85.495 1016
vn 0.53488 0.74893 -0.391163
v -237.343 -85.5907 1016.09
vn 0.0968927 -0.911512 0.399698
v -236.979 -85.7311 1016.43
vn 0.614138 0.699293 -0.365819
v -236.979 -85.7311 1016.43
vn -0.0323508 -0.9369 -0.348097
v -236.979 -85.7311 1016.43
vn 0.766896 -0.601621 -0.223435
v -224.661 -63.0187 1013.51
vn -0.109806 -0.962165 0.249361
v -239.08 -85.8358 1015.56
vn -0.191838 -0.951289 -0.241343
v -239.08 -85.8358 1015.56
vn 0.0570264 -0.964069 0.25946
v -239.08 -85.8358 1015.56
vn 0.402595 -0.718202 0.567542
v -239.08 -85.8358 1015.56
vn -0.200627 -0.947024 -0.250787
v -238.759 -85.9648 1015.81
vn -0.200627 -0.947024 -0.250787
v -237.771 -85.9342 1014.9
vn 0.0570264 -0.964069 0.25946
v -237.771 -85.9342 1014.9
vn 0.74814 -0.218229 -0.626628
v -237.771 -85.9342 1014.9
vn 0.490841 -0.699516 0.519377
v -238.069 -86.0379 1014.59
vn 0.74814 -0.218229 -0.626628
v -238.069 -86.0379 1014.59
vn 0.810747 0.453046 0.370727
v -238.069 -86.0379 1014.59
vn 0.74814 -0.218229 -0.626628
v -238.132 -85.7954 1014.43
vn 0.810747 0.453046 0.370727
v -238.132 -85.7954 1014.43
vn -0.152659 -0.738836 0.656366
v -226.595 -63.9036 1012.74
vn -0.00842343 -0.826267 0.563215
v -225.952 -64.0333 1012.64
vn -0.25076 -0.684157 0.684871
v -228.148 -64.8081 1011.34
vn 0.344689 -0.929857 -0.12867
v -228.148 -64.8081 1011.34
vn 0.607183 -0.458368 -0.64902
v -228.257 -64.7941 1010.94
vn 0.14794 -0.986062 -0.0761292
v -227.397 -64.7206 1011.66
vn 0.596898 -0.562103 -0.572497
v -227.397 -64.7206 1011.66
vn 0.584264 0.770992 -0.25339
v -225.179 -58.3259 1011.07
vn 0.0920659 0.972261 -0.215019
v -225.179 -58.3259 1011.07
vn 0.230422 0.93699 -0.262593
v -225.331 -58.6392 1010.21
vn -0.74407 -0.662889 0.0833006
v -239.474 -86.2813 1012.54
vn -0.22737 0.924824 0.304965
v -225.865 -58.7291 1009.34
vn -0.109977 0.935884 0.334702
v -225.374 -58.7437 1009.54
vn 0.997022 -0.0278675 -0.0719027
v -225.374 -58.7437 1009.54
vn 0.570381 0.816743 -0.0871554
v -225.374 -58.7437 1009.54
vn 0.472076 0.868071 -0.153612
v -225.483 -58.8057 1008.25
vn 0.221824 0.955944 -0.192263
v -225.919 -58.9044 1007.11
vn 0.109662 -0.914981 0.388308
v -232.757 -66.9917 1006.4
vn 0.253323 -0.789252 0.559383
v -238.015 -69.2515 997.531
vn -0.537214 -0.793158 0.286884
v -246.578 -82.9219 996.077
vn 0.479005 0.62497 -0.616414
v -244.791 -78.355 994.317
vn 0.906169 -0.325704 -0.269767
v -244.845 -73.7162 992.32
vn 0.691273 0.30481 -0.655159
v -245.198 -73.6068 991.609
vn 0.921513 -0.344695 -0.178883
v -246.119 -75.1415 989.82
vn 0.643792 -0.706645 0.293571
v -245.831 -75.4781 990.24
vn -0.912573 0.372187 -0.169377
v -249.15 -77.826 987.975
vn -0.879276 0.0610285 0.472386
v -248.977 -74.5537 985.43
vn 0.600162 -0.593937 0.535765
v -237.441 -86.0819 1015.17
vn 0.648581 0.632574 -0.423312
v -237.441 -86.0819 1015.17
vn -0.209379 -0.942584 -0.260184
v -237.441 -86.0819 1015.17
vn 0.519491 -0.709917 0.475549
v -238.143 -86.2516 1014.37
vn 0.810747 0.453046 0.370727
v -237.888 -86.1028 1014.27
vn 0.756163 0.528257 -0.386216
v -237.888 -86.1028 1014.27
vn 0.856876 -0.457156 -0.238268
v -237.888 -86.1028 1014.27
vn 0.572083 -0.724584 0.384318
v -238.057 -86.3293 1014.09
vn 0.856876 -0.457156 -0.238268
v -238.057 -86.3293 1014.09
vn 0.61032 -0.377323 -0.696518
v -238.057 -86.3293 1014.09
vn 0.702122 0.0667339 -0.708922
v -237.967 -86.1514 1014.08
vn 0.480709 -0.847013 0.226908
v -225.071 -62.7202 1012.19
vn 0.955989 -0.112546 -0.270958
v -225.037 -62.7666 1011.94
vn 0.938487 -0.291588 0.184984
v -225.037 -62.7666 1011.94
vn 0.582702 -0.236503 -0.777512
v -238.194 -86.2725 1013.94
vn 0.962918 -0.207054 -0.172965
v -238.194 -86.2725 1013.94
vn 0.962918 -0.207054 -0.172965
v -238.148 -86.0676 1013.95
vn 0.422217 -0.125867 0.897714
v -238.665 -86.2711 1013.05
vn 0.00209258 -0.999958 0.00893684
v -238.382 -86.2884 1012.91
vn 0.962918 -0.207054 -0.172965
v -238.382 -86.2884 1012.91
vn 0.422217 -0.125867 0.897714
v -238.382 -86.2884 1012.91
vn 0.919232 0.332957 0.210124
v -238.382 -86.2884 1012.91
vn 0.272472 -0.921589 0.276466
v -238.242 -86.6055 1012.8
vn 0.422217 -0.125867 0.897714
v -238.242 -86.6055 1012.8
vn 0.919232 0.332957 0.210124
v -238.242 -86.6055 1012.8
vn 0.919232 0.332957 0.210124
v -238.078 -86.7185 1012.27
vn 0.762286 0.610776 -0.214182
v -238.078 -86.7185 1012.27
vn 0.665302 -0.742314 -0.0796411
v -225.424 -62.4812 1010.6
vn 0.316519 -0.945816 0.0724479
v -238.451 -86.8486 1012.2
vn -0.173467 -0.777815 -0.60408
v -238.895 -86.6759 1011.1
vn -0.329363 -0.943293 -0.0414466
v -238.671 -86.7853 1011.2
vn -0.146332 -0.818472 -0.555599
v -238.671 -86.7853 1011.2
vn 0.790334 0.466651 -0.397001
v -238.578 -86.6353 1010.95
vn 0.563427 -0.782667 -0.26454
v -238.578 -86.6353 1010.95
vn -0.69076 -0.62688 -0.360378
v -239.086 -86.1737 1010.59
vn 0.72277 0.520471 -0.454658
v -239.086 -86.1737 1010.59
vn -0.0507657 -0.88944 0.454225
v -239.086 -86.1737 1010.59
vn 0.978383 0.205 0.0272459
v -239.086 -86.1737 1010.59
vn 0.862752 -0.48403 -0.146202
v -226.097 -62.4113 1008.03
vn 0.60719 -0.278945 -0.743982
v -226.488 -62.3044 1007.12
vn 0.857992 0.132091 -0.496388
v -226.488 -62.3044 1007.12
vn 0.991419 -0.130646 0.00439358
v -226.488 -62.3044 1007.12
vn 0.400847 -0.737501 0.543521
v -226.488 -62.3044 1007.12
vn 0.60719 -0.278945 -0.743982
v -226.267 -62.6184 1007.42
vn 0.903755 0.140098 -0.404474
v -226.267 -62.6184 1007.42
vn 0.557691 0.546785 -0.624506
v -240.257 -84.4338 1008.26
vn 0.60719 -0.278945 -0.743982
v -227.455 -63.4231 1006.75
vn 0.046957 0.976638 -0.209697
v -226.306 -59.1252 1005.25
vn 0.0623791 -0.541645 -0.83829
v -239.971 -86.0525 1007.46
vn 0.624284 -0.735225 0.264033
v -239.971 -86.0525 1007.46
vn 0.622859 -0.23387 -0.74656
v -229.262 -65.1602 1005.57
vn 0.67744 -0.711444 0.186875
v -229.998 -65.9756 1005.14
vn 0.536536 -0.113929 -0.836152
v -229.998 -65.9756 1005.14
vn 0.497609 -0.856306 0.138293
v -229.144 -64.932 1005.55
vn 0.686283 -0.478673 -0.54762
v -229.144 -64.932 1005.55
vn 0.792265 0.551802 -0.260444
v -226.447 -59.7755 1003.44
vn 0.52616 -0.18484 -0.830054
v -231.648 -66.6962 1004.25
vn 0.240158 -0.773455 0.586593
v -230.595 -66.0946 1002.5
vn 0.32354 0.769295 -0.550915
v -241.793 -82.8112 1003.64
vn 0.64306 0.578721 -0.501554
v -241.691 -82.295 1002.33
vn 0.572571 -0.702702 -0.422341
v -232.479 -67.5631 1000.73
vn 0.158824 -0.848693 0.504475
v -232.573 -67.1961 1001.5
vn -0.531082 -0.816627 0.225993
v -243.93 -84.7811 1001.48
vn 0.512246 -0.609886 -0.604685
v -236.078 -68.5877 998.718
vn 0.994069 0.0551003 0.0937604
v -243.503 -80.9167 998.031
vn 0.454281 -0.868651 -0.197673
v -235.901 -68.9405 996.803
vn -0.0168554 -0.802271 0.596722
v -237.253 -69.2211 995.617
vn -0.336479 -0.413599 0.846001
v -239.183 -70.2237 994.156
vn 0.230616 -0.942943 0.240155
v -238.632 -70.3274 994.328
vn -0.341501 -0.403356 0.848929
v -238.632 -70.3274 994.328
vn 0.253007 -0.961195 -0.109961
v -238.999 -70.4624 993.814
vn 0.880959 -0.123038 -0.456917
v -245.586 -73.4778 986.909
vn 0.858014 -0.0512907 -0.511059
v -247.164 -76.7747 984.589
vn -0.840221 0.427468 -0.333617
v -249.501 -76.762 983.63
vn -0.985403 -0.0297439 0.167622
v -249.89 -78.9817 982.369
vn -0.818421 0.574442 0.0142427
v -249.139 -72.2299 977.009
vn 0.999842 0.00135323 -0.0177444
v -239.001 -86.6462 1009.59
vn 0.833858 0.54427 -0.0919325
v -239.291 -85.922 1007.82
vn -0.143106 -0.91783 -0.370282
v -239.084 -86.2793 1007.68
vn 0.842754 0.528627 -0.101586
v -239.084 -86.2793 1007.68
vn 0.391441 -0.900454 -0.189622
v -239.084 -86.2793 1007.68
vn 0.0621682 -0.557389 -0.82792
v -239.084 -86.2793 1007.68
vn 0.549116 0.569247 -0.611906
v -239.084 -86.2793 1007.68
vn 0.976734 -0.193127 -0.0932294
v -226.639 -63.2752 1005.91
vn 0.954463 0.289962 0.0701655
v -239.783 -85.9177 1007.39
vn 0.0625679 -0.525707 -0.848361
v -239.783 -85.9177 1007.39
vn 0.582689 -0.75843 0.291987
v -239.783 -85.9177 1007.39
vn 0.873218 0.298483 0.385224
v -239.735 -85.989 1007.13
vn 0.0623791 -0.541645 -0.83829
v -239.547 -86.0419 1007.48
vn 0.407055 -0.819263 0.403874
v -239.918 -86.1824 1006.97
vn 0.946426 0.052336 0.318651
v -239.477 -86.1656 1006.81
vn 0.99551 -0.0289173 0.0901303
v -239.267 -86.4024 1005.74
vn 0.806739 -0.5668 -0.16706
v -239.267 -86.4024 1005.74
vn 0.949623 -0.306287 -0.0663692
v -226.795 -63.1006 1004.7
vn 0.421566 -0.809723 0.408204
v -226.795 -63.1006 1004.7
vn 0.46893 -0.793681 0.387524
v -226.967 -63.5907 1003.6
vn 0.69254 -0.668284 -0.271633
v -226.967 -63.5907 1003.6
vn 0.834702 -0.549003 0.0432241
v -239.393 -86.4034 1005.13
vn 0.82323 -0.542281 0.167998
v -239.283 -86.2379 1005.1
vn 0.623951 -0.75335 -0.207721
v -230.127 -66.144 1002.29
vn 0.524884 -0.750351 0.401834
v -227.316 -63.1228 1002.05
vn 0.714468 -0.609326 -0.343885
v -227.316 -63.1228 1002.05
vn 0.767133 0.582173 -0.26941
v -226.792 -59.9805 1002.02
vn 0.217808 0.853641 -0.473136
v -226.792 -59.9805 1002.02
vn 0.659479 0.390553 -0.642305
v -226.792 -59.9805 1002.02
vn 0.659479 0.390553 -0.642305
v -227.112 -60.3857 1001.44
vn -0.27369 0.961318 -0.0310004
v -227.112 -60.3857 1001.44
vn 0.914098 0.397957 -0.0778169
v -227.112 -60.3857 1001.44
vn 0.659479 0.390553 -0.642305
v -227.015 -60.616 1001.4
vn 0.931341 0.352923 -0.0897156
v -227.015 -60.616 1001.4
vn 0.931341 0.352923 -0.0897156
v -227.193 -60.4098 1000.36
vn 0.658821 0.67176 -0.338665
v -227.193 -60.4098 1000.36
vn 0.28161 -0.673233 0.683706
v -230.964 -66.491 999.297
vn 0.582299 -0.799228 0.148869
v -230.964 -66.491 999.297
vn 0.946287 0.30702 -0.101393
v -227.152 -60.7065 999.858
vn 0.658821 0.67176 -0.338665
v -227.152 -60.7065 999.858
vn 0.135646 0.501289 -0.854582
v -228.784 -61.3664 997.637
vn 0.119527 -0.704189 0.69988
v -234.209 -68.0566 997.022
vn 0.11386 -0.919679 0.375802
v -234.209 -68.0566 997.022
vn 0.78893 0.570339 -0.228699
v -243.093 -83.0599 995.978
vn 0.144979 -0.909408 0.389819
v -236.895 -69.5663 994.296
vn 0.274402 -0.926493 0.257514
v -235.913 -69.0769 995.23
vn 0.558012 -0.814195 -0.160343
v -235.913 -69.0769 995.23
vn -0.17338 -0.484168 0.857625
v -235.754 -69.114 994.927
vn -0.0389834 -0.836963 0.54587
v -235.889 -69.3811 994.508
vn 0.373915 -0.867371 -0.328413
v -235.889 -69.3811 994.508
vn -0.123396 -0.818352 0.561315
v -234.831 -69.0901 995.165
vn 0.361248 -0.930501 0.0605602
v -234.831 -69.0901 995.165
vn -0.814266 -0.388534 -0.43129
v -244.648 -84.6953 994.029
vn -0.274091 -0.755594 0.594939
v -247.828 -83.0406 986.623
vn -0.618276 -0.713186 0.330304
v -248.693 -82.2064 984.028
vn 0.9972 -0.0697794 0.0268757
v -247.694 -79.2776 982.186
vn 0.863115 0.0242607 -0.504424
v -247.128 -74.6388 981.456
vn 0.87667 0.139024 -0.460566
v -247.808 -76.2413 980.215
vn -0.287638 -0.508611 0.811529
v -250.089 -80.0757 979.19
vn -0.23273 -0.613901 0.754296
v -250.633 -78.6757 978.083
vn -0.994639 -0.0803066 0.0651512
v -250.852 -79.7447 977.145
vn -0.735479 -0.554115 0.389908
v -250.852 -79.7447 977.145
vn -0.23273 -0.613901 0.754296
v -250.852 -79.7447 977.145
vn -0.550021 -0.484499 0.680248
v -251.147 -79.0252 976.048
vn -0.486548 0.776105 -0.401164
v -249.647 -72.0862 973.865
vn -0.925075 0.377147 0.0446751
v -250.057 -73.1964 972.214
vn 0.778029 -0.560111 0.284511
v -239.305 -86.5088 1004.63
vn 0.799299 -0.527338 0.288161
v -239.194 -86.6441 1004.11
vn 0.795 -0.473904 -0.378668
v -239.194 -86.6441 1004.11
vn 0.96946 0.161799 0.184304
v -239.062 -86.4008 1004.08
vn 0.861805 -0.437393 0.256864
v -239.062 -86.4008 1004.08
vn 0.794012 -0.516975 -0.319817
v -239.062 -86.4008 1004.08
vn 0.794012 -0.516975 -0.319817
v -239.263 -86.6118 1003.93
vn 0.788799 -0.557295 -0.259265
v -239.27 -86.4274 1003.51
vn 0.198679 -0.959747 -0.198527
v -239.27 -86.4274 1003.51
vn 0.933427 -0.3481 -0.0868391
v -239.27 -86.4274 1003.51
vn 0.833903 -0.489814 -0.254339
v -239.364 -86.3152 1002.05
vn 0.656286 -0.65959 0.366373
v -227.473 -63.1558 1001.02
vn 0.263269 -0.529946 0.806131
v -228.173 -63.9632 1000.64
vn 0.235488 -0.367658 0.899652
v -227.651 -63.5564 1000.67
vn 0.761533 -0.172866 0.624648
v -227.651 -63.5564 1000.67
vn 0.797361 -0.557643 0.230757
v -227.516 -63.4153 1000.54
vn 0.761533 -0.172866 0.624648
v -227.516 -63.4153 1000.54
vn 0.761533 -0.172866 0.624648
v -227.615 -63.8179 1000.55
vn 0.824479 -0.541151 -0.165502
v -227.615 -63.8179 1000.55
vn 0.582299 -0.799228 0.148869
v -227.615 -63.8179 1000.55
vn 0.792928 -0.580218 -0.186044
v -239.885 -86.1425 1001.39
vn 0.524663 -0.489312 -0.696636
v -239.755 -85.9542 1001.35
vn 0.962168 0.163482 -0.217962
v -239.755 -85.9542 1001.35
vn 0.792928 -0.580218 -0.186044
v -239.755 -85.9542 1001.35
vn 0.894483 0.218749 -0.389934
v -239.49 -86.2775 1001.78
vn 0.582299 -0.799228 0.148869
v -229.702 -65.5785 999.26
vn 0.718574 -0.617782 -0.319368
v -229.702 -65.5785 999.26
vn 0.0795197 -0.628448 0.773776
v -228.221 -64.437 998.269
vn 0.778143 0.602923 -0.176003
v -240.919 -84.9234 999.596
vn 0.960332 0.224707 -0.165134
v -240.168 -85.938 999.546
vn 0.792928 -0.580218 -0.186044
v -240.168 -85.938 999.546
vn 0.990467 -0.113027 -0.0787337
v -227.899 -64.1922 997.938
vn 0.196905 0.545732 -0.814497
v -228.001 -61.1693 997.9
vn 0.658821 0.67176 -0.338665
v -227.652 -61.1381 998.027
vn 0.471068 0.416291 -0.777687
v -227.652 -61.1381 998.027
vn 0.961861 0.0346377 -0.271337
v -227.652 -61.1381 998.027
vn 0.952658 0.268237 -0.14315
v -227.794 -61.5291 997.732
vn 0.395751 0.903837 -0.162666
v -227.794 -61.5291 997.732
vn 0.187191 0.864766 -0.465982
v -227.794 -61.5291 997.732
vn -0.381712 0.908689 0.169057
v -227.794 -61.5291 997.732
vn 0.661792 0.28389 -0.693857
v -227.724 -61.8006 997.688
vn 0.482384 0.803529 -0.348779
v -227.907 -61.6587 996.738
vn 0.308767 -0.910913 0.273681
v -232.555 -67.5454 996.539
vn 0.444791 -0.888872 0.109853
v -232.092 -67.8254 996.282
vn 0.184353 -0.609726 0.770875
v -230.782 -66.0283 997.255
vn 0.589215 -0.807969 0.00354338
v -230.391 -66.6352 996.757
vn 0.430405 -0.759995 0.48699
v -230.391 -66.6352 996.757
vn 0.0810907 0.857124 -0.508687
v -229.309 -61.817 996.038
vn -0.277279 0.955541 0.100286
v -228.159 -61.5646 996.647
vn 0.315901 -0.912349 0.260435
v -233.555 -68.3979 995.776
vn -0.00118551 -0.738888 -0.673827
v -242.484 -85.3454 995.371
vn 0.133954 -0.604779 0.785047
v -244.4 -84.7976 994.121
vn -0.0851687 -0.996208 0.0177608
v -243.353 -84.9415 993.832
vn 0.289939 -0.605218 0.741381
v -243.421 -85.2632 993.595
vn 0.201273 -0.958578 0.201537
v -243.421 -85.2632 993.595
vn 0.0944579 -0.914135 0.394253
v -236.182 -69.7434 989.248
vn -0.0603147 -0.860573 0.505743
v -236.182 -69.7434 989.248
vn 0.319934 -0.934256 -0.157503
v -237.695 -70.7275 987.594
vn -0.434906 -0.780462 0.44915
v -246.674 -83.5641 988.68
vn -0.709528 -0.678318 -0.19093
v -247.647 -83.1892 986.517
vn -0.204525 -0.879533 0.429641
v -248.225 -83.3839 984.756
vn 0.878819 0.442954 -0.177394
v -247.681 -80.0866 981.175
vn -0.879928 -0.362799 0.306764
v -249.948 -80.7718 978.804
vn -0.231378 -0.559205 0.796087
v -250.129 -80.9239 978.645
vn -0.597305 -0.735585 0.319596
v -250.129 -80.9239 978.645
vn -0.974844 -0.204442 0.0887867
v -250.129 -80.9239 978.645
vn -0.173739 -0.606464 0.775897
v -249.87 -81.2039 978.484
vn -0.643505 -0.758118 0.105632
v -249.523 -82.2435 978.843
vn 0.831893 0.284883 -0.476231
v -248.456 -78.4581 977.758
vn 0.912023 0.201546 -0.357202
v -248.456 -78.4581 977.758
vn -0.23273 -0.613901 0.754296
v -250.394 -80.9364 976.317
vn -0.441518 -0.567786 0.694752
v -251.259 -79.5532 975.581
vn -0.907146 -0.205969 0.366963
v -251.658 -77.996 970.64
vn -0.739128 -0.317273 0.594161
v -251.497 -76.5451 970.099
vn -0.97243 0.146101 0.181756
v -251.296 -75.7891 969.665
vn 0.79565 -0.605553 -0.0157081
v -228.047 -64.8509 997.47
vn 0.858886 -0.438559 -0.264539
v -240.669 -85.6359 997.819
vn 0.771044 0.0235357 -0.636347
v -240.669 -85.6359 997.819
vn 0.720068 -0.621872 -0.30786
v -240.812 -85.8076 997.639
vn 0.771044 0.0235357 -0.636347
v -240.812 -85.8076 997.639
vn 0.871666 0.448453 -0.197706
v -240.295 -86.0168 998.258
vn 0.771044 0.0235357 -0.636347
v -240.295 -86.0168 998.258
vn 0.541825 -0.771137 -0.334325
v -241.052 -85.7399 997.093
vn 0.919676 0.374038 -0.119549
v -240.893 -85.6039 997.037
vn 0.678227 -0.690583 0.251204
v -240.893 -85.6039 997.037
vn 0.952249 -0.305301 -0.00356226
v -240.893 -85.6039 997.037
vn 0.906458 -0.419636 -0.0473158
v -240.971 -85.8411 996.595
vn 0.893804 0.427744 -0.13472
v -240.924 -85.6891 996.149
vn 0.872868 -0.160061 -0.460957
v -240.924 -85.6891 996.149
vn 0.845182 -0.526803 -0.090261
v -241.055 -85.8679 995.963
vn 0.87263 -0.160997 -0.461083
v -241.055 -85.8679 995.963
vn 0.557479 0.759268 -0.335751
v -228.407 -62.7247 994.373
vn -0.302662 0.942347 -0.142752
v -228.578 -62.644 994.273
vn 0.873167 0.354211 -0.334834
v -228.634 -62.7397 993.809
vn 0.525174 0.818481 -0.232984
v -228.634 -62.7397 993.809
vn 0.360996 -0.136786 -0.922481
v -241.737 -84.9042 995.304
vn 0.0184074 -0.735119 -0.677688
v -241.639 -85.3856 995.414
vn 0.360996 -0.136786 -0.922481
v -241.639 -85.3856 995.414
vn 0.989801 -0.0119697 -0.141953
v -241.639 -85.3856 995.414
vn 0.884328 -0.228933 -0.406883
v -241.798 -85.3936 994.596
vn 0.873106 -0.159124 -0.460831
v -241.086 -85.5644 995.797
vn 0.0367559 -0.73055 -0.681869
v -241.178 -85.5529 995.619
vn 0.784871 0.494779 -0.373056
v -241.178 -85.5529 995.619
vn 0.360996 -0.136786 -0.922481
v -241.178 -85.5529 995.619
vn 0.00682839 0.950154 -0.311706
v -229.094 -63.853 991.864
vn 0.852625 -0.131133 -0.505802
v -242.144 -85.0555 993.915
vn 0.632288 -0.685386 0.36119
v -242.444 -84.9514 993.403
vn 0.781956 -0.333371 -0.526696
v -242.444 -84.9514 993.403
vn 0.908139 -0.348431 0.232117
v -242.37 -84.7639 993.394
vn -0.00355921 -0.702657 0.71152
v -233.556 -68.5667 991.297
vn 0.261537 -0.898715 0.352008
v -232.25 -68.039 991.674
vn 0.0336922 -0.635196 0.771615
v -232.25 -68.039 991.674
vn 0.994225 0.102171 -0.0328372
v -242.356 -85.0564 992.901
vn 0.210208 -0.97562 0.063065
v -243.136 -85.463 991.651
vn -0.0792547 -0.877834 -0.472362
v -243.136 -85.463 991.651
vn 0.165243 -0.892712 0.419237
v -234.352 -68.8009 991.049
vn 0.405275 -0.910398 0.083227
v -233.608 -68.8605 991.057
vn -0.0792547 -0.877834 -0.472362
v -243.727 -85.0012 990.892
vn 0.903075 0.410312 -0.126885
v -242.397 -85.2396 991.112
vn 0.293143 -0.95605 0.00593188
v -242.397 -85.2396 991.112
vn -0.0792547 -0.877834 -0.472362
v -242.397 -85.2396 991.112
vn -0.213317 -0.937505 0.274917
v -242.397 -85.2396 991.112
vn 0.78247 -0.589313 -0.201122
v -242.397 -85.2396 991.112
vn 0.468486 -0.851182 -0.236664
v -234.413 -69.8719 988.844
vn 0.366649 0.623409 -0.690601
v -232.929 -64.6605 989.099
vn 0.276179 -0.942442 0.188491
v -234.705 -69.4506 987.703
vn -0.416912 -0.856963 0.302984
v -245.218 -84.6822 987.393
vn -0.127704 -0.894149 0.429172
v -238.486 -70.9866 984.587
vn 0.215769 -0.91528 0.340158
v -238.486 -70.9866 984.587
vn -0.0924473 -0.683858 0.723734
v -245.922 -84.7482 985.264
vn -0.333034 -0.942746 -0.0178365
v -245.922 -84.7482 985.264
vn -0.204525 -0.879533 0.429641
v -246.955 -84.4817 983.114
vn -0.41547 -0.326877 0.848844
v -240.477 -72.0899 981.271
vn -0.362097 -0.911269 0.19615
v -248.727 -83.1602 980.345
vn 0.912019 0.381928 -0.149506
v -246.754 -81.8028 980.554
vn -0.996935 -0.0342264 -0.0703456
v -250.766 -81.2951 975.105
vn 0.205729 -0.928575 0.308908
v -247.141 -73.6034 972.473
vn 0.799407 -0.286398 -0.528133
v -247.541 -73.8266 970.625
vn 0.226892 -0.905643 0.358233
v -248.977 -74.6617 970.515
vn -0.956344 -0.292169 0.00662554
v -251.961 -79.7992 968.524
vn -0.994851 0.0997542 -0.0178818
v -251.963 -77.9093 968.791
vn -0.994018 -0.0569825 0.0931757
v -251.632 -78.2192 968.814
vn -0.625061 -0.560855 0.5429
v -251.903 -78.0931 968.632
vn 0.833041 -0.198732 -0.516284
v -249.128 -74.9985 968.86
vn -0.914626 -0.159216 0.371631
v -251.751 -78.3029 967.522
vn -0.875934 -0.280368 0.392597
v -251.736 -79.035 967.189
vn -0.947271 -0.20713 0.24449
v -252.317 -77.2138 964.376
vn 0.967838 -0.184095 -0.171461
v -229.201 -66.5048 991.765
vn 0.24488 -0.782708 0.572191
v -229.201 -66.5048 991.765
vn 0.602987 -0.796216 -0.0494785
v -229.201 -66.5048 991.765
vn 0.156593 -0.814019 0.559331
v -231.75 -67.8686 990.991
vn 0.638984 -0.726697 -0.252211
v -231.531 -68.2391 990.39
vn 0.232582 -0.811919 0.535437
v -231.457 -67.7746 989.752
vn 0.325329 -0.817014 0.476077
v -231.927 -68.2626 989.237
vn 0.434651 -0.788227 0.435633
v -232.065 -68.4396 989.054
vn 0.24349 -0.959759 -0.139914
v -231.885 -68.3828 988.977
vn 0.78247 -0.589313 -0.201122
v -242.701 -85.3889 990.367
vn 0.910373 0.208459 0.357443
v -242.701 -85.3889 990.367
vn 0.809096 0.556955 -0.187521
v -242.64 -85.2221 990.115
vn 0.910373 0.208459 0.357443
v -242.64 -85.2221 990.115
vn 0.849438 0.0297794 -0.526848
v -242.64 -85.2221 990.115
vn 0.910373 0.208459 0.357443
v -242.602 -85.4656 990.162
vn 0.889584 0.194313 -0.41338
v -242.602 -85.4656 990.162
vn 0.479654 -0.723927 -0.495845
v -242.602 -85.4656 990.162
vn 0.512113 -0.850485 -0.120065
v -232.19 -68.4156 988.671
vn 0.479654 -0.723927 -0.495845
v -243.242 -85.283 989.276
vn 0.528878 -0.839013 0.12785
v -243.242 -85.283 989.276
vn 0.479654 -0.723927 -0.495845
v -243.046 -85.1062 989.208
vn 0.771928 -0.634416 0.0405345
v -243.046 -85.1062 989.208
vn 0.943401 -0.303789 0.133071
v -243.114 -85.3752 988.534
vn 0.871448 -0.191213 -0.451681
v -243.114 -85.3752 988.534
vn 0.885696 -0.110053 -0.451032
v -243.07 -85.1706 988.532
vn 0.872284 -0.0858302 -0.481408
v -243.795 -84.938 987.133
vn 0.874865 -0.463729 0.139881
v -243.795 -84.938 987.133
vn 0.881381 -0.101979 -0.461267
v -243.332 -85.1203 988.004
vn 0.883655 -0.0570232 -0.464653
v -243.651 -84.6054 987.335
vn 0.960961 -0.273914 0.0390555
v -243.74 -85.0489 986.424
vn 0.985615 0.10161 -0.135051
v -243.752 -85.0621 986.252
vn 0.827582 -0.443235 -0.344458
v -244.085 -84.7897 985.063
vn 0.629 -0.777282 0.0138478
v -244.844 -84.7699 983.64
vn -0.177544 -0.979028 -0.0999128
v -244.521 -84.8876 984.14
vn 0.333012 -0.846935 -0.414492
v -244.521 -84.8876 984.14
vn 0.838651 -0.415064 -0.352684
v -244.648 -84.6559 983.564
vn 0.977009 0.0867599 -0.194748
v -244.648 -84.6559 983.564
vn -0.410363 -0.307969 0.858346
v -237.719 -71.5158 982.816
vn -0.204525 -0.879533 0.429641
v -245.857 -84.9096 982.76
vn -0.379958 -0.895214 -0.232863
v -245.857 -84.9096 982.76
vn 0.818995 -0.571614 0.0500486
v -244.736 -84.9112 982.916
vn 0.998686 -0.0360147 0.0364608
v -244.659 -84.6834 983.272
vn 0.984203 -0.134132 0.115552
v -244.621 -84.7502 982.87
vn 0.847187 0.497286 -0.187031
v -244.621 -84.7502 982.87
vn -0.454061 -0.191367 0.870177
v -239.12 -71.8241 982.028
vn -0.0818276 -0.904425 0.418712
v -239.021 -72.1044 982.046
vn -0.49953 -0.412757 0.761644
v -239.182 -72.1912 981.85
vn -0.290853 -0.334163 0.896515
v -238.74 -72.1164 982.098
vn -0.112814 -0.91043 0.397982
v -238.74 -72.1164 982.098
vn -0.154097 -0.876818 0.45546
v -239.528 -72.1731 979.342
vn -0.917457 -0.267248 0.294706
v -251.713 -81.0159 967.966
vn -0.874328 0.0468438 -0.48307
v -251.713 -81.0159 967.966
vn -0.961577 -0.116045 -0.248804
v -251.801 -80.2374 968.357
vn -0.630812 -0.49829 0.594797
v -251.716 -79.9501 967.275
vn -0.970466 0.0892511 -0.224122
v -251.716 -79.9501 967.275
vn -0.810151 -0.431098 0.397252
v -251.665 -79.8268 966.599
vn 0.68727 -0.700027 -0.193962
v -249.519 -75.3588 966.216
vn 0.779729 -0.477317 -0.405206
v -248.562 -74.244 966.145
vn 0.688441 -0.724854 0.0252368
v -248.562 -74.244 966.145
vn 0.632299 -0.774724 0.000376582
v -248.887 -74.5641 965.808
vn 0.776602 -0.629065 0.0341525
v -250.375 -76.2324 965.16
vn -0.860736 0.505006 -0.0640553
v -251.484 -75.9118 961.716
vn -0.72604 0.66782 0.163959
v -250.791 -74.1366 962.53
vn -0.747302 -0.111445 0.655072
v -251.21 -74.5654 960.44
vn -0.886234 0.308148 0.345883
v -251.21 -74.5654 960.44
vn -0.596437 0.787581 -0.154852
v -252.246 -75.3566 958.97
vn 0.285699 -0.888227 0.359762
v -229.805 -66.8637 989.549
vn 0.297857 -0.891418 0.341549
v -229.934 -67.0702 989.135
vn 0.791723 -0.606282 -0.074814
v -229.72 -66.7348 989.081
vn 0.668432 -0.729982 -0.142567
v -230.735 -67.6442 988.317
vn 0.952684 -0.293488 0.0791111
v -230.735 -67.6442 988.317
vn 0.75023 -0.643787 -0.150639
v -230.355 -66.9249 986.414
vn 0.964921 -0.262486 -0.00527052
v -230.516 -67.5817 985.909
vn 0.781908 0.560409 -0.273061
v -230.485 -66.3519 984.816
vn -0.330053 0.903858 0.272225
v -232.377 -66.7269 982.089
vn 0.715083 0.412731 -0.564189
v -232.792 -66.5873 981.19
vn 0.515959 0.850031 -0.105986
v -232.792 -66.5873 981.19
vn 0.817295 -0.506209 -0.275283
v -244.883 -84.928 982.077
vn 0.782827 -0.48746 -0.386737
v -244.863 -84.7337 981.872
vn 0.697232 -0.552247 -0.457046
v -245.157 -84.8395 981.55
vn 0.954022 0.0306754 -0.298163
v -245.157 -84.8395 981.55
vn 0.704595 -0.620706 -0.343902
v -245.157 -84.8395 981.55
vn 0.623926 0.632667 -0.458747
v -245.637 -84.2251 980.079
vn 0.926936 0.30927 -0.212466
v -245.637 -84.2251 980.079
vn 0.697596 -0.551234 -0.457712
v -245.637 -84.2251 980.079
vn 0.674752 0.506119 -0.537171
v -235.696 -67.6203 976.618
vn 0.843278 0.500044 -0.197075
v -246.243 -84.1844 978.143
vn 0.722858 -0.656078 -0.216883
v -246.243 -84.1844 978.143
vn -0.436552 -0.884575 0.164166
v -246.917 -84.2686 976.888
vn 0.267976 -0.939573 -0.213054
v -246.917 -84.2686 976.888
vn 0.727947 0.547488 -0.412735
v -246.536 -84.1632 976.946
vn 0.773131 -0.538187 -0.335594
v -246.536 -84.1632 976.946
vn 0.816874 0.487762 -0.307903
v -246.749 -84.1557 976.602
vn 0.719316 -0.52321 -0.456986
v -246.749 -84.1557 976.602
vn 0.153311 -0.975448 -0.158106
v -246.749 -84.1557 976.602
vn 0.947013 -0.117374 -0.298982
v -246.749 -84.1557 976.602
vn 0.188618 -0.982036 -0.00533605
v -247.56 -84.023 974.997
vn 0.986047 -0.0515617 -0.158281
v -247.277 -83.9997 974.867
vn -0.186153 -0.93675 -0.296389
v -247.37 -84.0695 974.456
vn 0.97333 0.181073 -0.14086
v -247.282 -84.0483 974.417
vn 0.0229975 -0.897062 -0.441307
v -247.282 -84.0483 974.417
vn 0.521335 -0.410545 -0.748106
v -247.282 -84.0483 974.417
vn 0.400004 -0.473906 -0.784481
v -247.412 -83.992 974.296
vn 0.27065 -0.527761 -0.80512
v -247.629 -83.8906 974.157
vn 0.0305812 -0.976983 0.211114
v -247.629 -83.8906 974.157
vn 0.728102 -0.633273 0.262362
v -247.629 -83.8906 974.157
vn 0.400004 -0.473906 -0.784481
v -247.485 -83.7451 974.11
vn 0.692626 -0.655436 0.30112
v -247.485 -83.7451 974.11
vn 0.692626 -0.655436 0.30112
v -247.584 -83.9435 973.906
vn 0.819181 -0.566119 0.0919329
v -248.036 -83.849 973.017
vn -0.209361 -0.976761 -0.0458989
v -248.036 -83.849 973.017
vn 0.537251 0.622877 -0.56867
v -247.895 -83.6525 972.979
vn 0.207863 -0.32793 -0.92155
v -247.895 -83.6525 972.979
vn 0.819181 -0.566119 0.0919329
v -247.895 -83.6525 972.979
vn 0.999483 0.0244191 0.0209262
v -247.895 -83.6525 972.979
vn 0.172595 -0.183688 -0.967714
v -247.695 -83.752 973.06
vn 0.978418 0.0175632 -0.205889
v -247.873 -83.7696 972.061
vn 0.0539739 -0.99583 -0.0735551
v -247.873 -83.7696 972.061
vn 0.781308 0.598986 -0.175427
v -248.328 -83.4435 970.761
vn 0.957187 -0.132121 -0.25756
v -248.328 -83.4435 970.761
vn -0.364 -0.900018 0.239734
v -249.505 -83.6809 969.721
vn -0.243382 -0.910208 0.335093
v -250.909 -82.9139 969.153
vn -0.748097 -0.66154 -0.0521163
v -250.108 -83.5452 968.019
vn -0.480796 -0.738282 -0.473049
v -250.108 -83.5452 968.019
vn -0.837218 -0.00640183 -0.546832
v -251.334 -81.9758 967.364
vn -0.375803 -0.718042 -0.585822
v -250.865 -82.7198 967.154
vn -0.0924935 -0.822932 0.56056
v -250.865 -82.7198 967.154
vn -0.551071 -0.833288 -0.0441665
v -250.865 -82.7198 967.154
vn -0.799169 -0.545015 0.253551
v -251.495 -81.6593 966.263
vn -0.439267 -0.481898 -0.758168
v -251.041 -81.6289 964.716
vn 0.181408 -0.783031 0.59494
v -251.041 -81.6289 964.716
vn -0.414871 -0.729178 0.544225
v -251.041 -81.6289 964.716
vn -0.439267 -0.481898 -0.758168
v -250.884 -81.8326 964.755
vn 0.724737 -0.495662 -0.478618
v -250.884 -81.8326 964.755
vn 0.0400252 0.212293 -0.976386
v -250.884 -81.8326 964.755
vn 0.724737 -0.495662 -0.478618
v -250.85 -81.6557 964.623
vn 0.304399 -0.786158 0.537863
v -250.85 -81.6557 964.623
vn 0.966325 0.173887 -0.189684
v -250.85 -81.6557 964.623
vn -0.926029 -0.376152 -0.0313099
v -251.445 -80.8424 965.462
vn 0.724737 -0.495662 -0.478618
v -250.748 -81.673 964.795
vn 0.809212 0.469469 -0.353235
v -250.748 -81.673 964.795
vn 0.595871 0.236276 -0.767536
v -250.748 -81.673 964.795
vn 0.0400252 0.212293 -0.976386
v -250.748 -81.673 964.795
vn -0.616186 -0.671909 -0.410918
v -251.679 -80.9971 962.878
vn -0.305381 -0.877763 0.369154
v -251.679 -80.9971 962.878
vn -0.616186 -0.671909 -0.410918
v -251.477 -81.3652 963.176
vn -0.101105 -0.812777 -0.573735
v -251.477 -81.3652 963.176
vn -0.377733 -0.147285 -0.914125
v -251.477 -81.3652 963.176
vn -0.101105 -0.812777 -0.573735
v -251.311 -81.3337 963.102
vn 0.864073 0.133459 -0.485352
v -251.311 -81.3337 963.102
vn -0.377733 -0.147285 -0.914125
v -251.311 -81.3337 963.102
vn 0.469516 0.173862 -0.865637
v -251.325 -81.0926 963.143
vn 0.864073 0.133459 -0.485352
v -251.325 -81.0926 963.143
vn 0.767736 -0.466308 -0.439476
v -251.325 -81.0926 963.143
vn -0.305381 -0.877763 0.369154
v -251.523 -81.0877 962.791
vn -0.101105 -0.812777 -0.573735
v -251.523 -81.0877 962.791
vn 0.864073 0.133459 -0.485352
v -251.523 -81.0877 962.791
vn 0.820659 -0.480094 -0.309884
v -251.523 -81.0877 962.791
vn 0.423672 -0.89855 -0.114497
v -251.523 -81.0877 962.791
vn 0.820659 -0.480094 -0.309884
v -251.47 -80.9899 962.78
vn 0.464488 -0.668859 0.580413
v -251.541 -81.2722 962.551
vn -0.305381 -0.877763 0.369154
v -251.639 -81.1202 962.618
vn 0.423672 -0.89855 -0.114497
v -251.639 -81.1202 962.618
vn -0.53565 -0.459673 -0.708364
v -252.215 -80.1582 961.465
vn -0.169865 -0.51647 -0.839288
v -252.095 -80.3164 961.386
vn 0.277837 -0.950319 -0.140357
v -252.095 -80.3164 961.386
vn -0.169865 -0.51647 -0.839288
v -251.962 -80.2693 961.33
vn 0.277837 -0.950319 -0.140357
v -251.962 -80.2693 961.33
vn -0.095459 -0.914937 0.392145
v -251.962 -80.2693 961.33
vn 0.525962 -0.232198 -0.818198
v -251.93 -80.0563 961.345
vn 0.277837 -0.950319 -0.140357
v -252.195 -80.3195 961.21
vn 0.0185956 -0.934968 0.354244
v -252.195 -80.3195 961.21
vn -0.415374 -0.513531 -0.750833
v -251.963 -80.8139 961.7
vn -0.79563 -0.605714 0.00916615
v -251.918 -80.5482 961.493
vn 0.897818 -0.105165 -0.427624
v -251.918 -80.5482 961.493
vn -0.169865 -0.51647 -0.839288
v -251.918 -80.5482 961.493
vn 0.525962 -0.232198 -0.818198
v -251.918 -80.5482 961.493
vn -0.555732 -0.576344 -0.599157
v -252.569 -79.941 959.657
vn -0.138686 -0.889256 0.435878
v -252.569 -79.941 959.657
vn -0.649228 0.75528 -0.0897536
v -252.841 -76.358 957.391
vn -0.86513 -0.222483 0.449502
v -253.748 -77.6951 955.402
vn -0.921999 0.0577715 0.382859
v -253.11 -76.3954 955.284
vn -0.487683 0.857338 -0.164733
v -253.178 -76.2333 954.893
vn -0.729422 0.682872 0.040376
v -253.178 -76.2333 954.893
vn 0.624417 -0.751895 0.21156
v -230.592 -67.6289 985.133
vn -0.310042 -0.891182 0.331162
v -239.395 -73.9108 974.482
vn -0.136096 -0.973698 0.182728
v -238.499 -73.4711 974.22
vn 0.221571 -0.934931 -0.277146
v -240.45 -73.7316 973.319
vn 0.827121 0.484577 -0.284704
v -247.385 -84.1472 973.115
vn -0.205396 -0.972647 0.108491
v -247.385 -84.1472 973.115
vn 0.654898 -0.675467 0.338899
v -247.385 -84.1472 973.115
vn 0.0646229 -0.993513 -0.0935751
v -248.607 -83.6876 970.413
vn 0.792041 -0.560458 -0.241988
v -248.607 -83.6876 970.413
vn 0.71177 -0.697661 -0.0815564
v -248.623 -83.6272 969.76
vn 0.993069 0.0332906 -0.112716
v -248.623 -83.6272 969.76
vn 0.218003 -0.954513 -0.20342
v -242.318 -73.378 969.568
vn 0.446346 -0.887485 0.114654
v -248.553 -83.781 968.747
vn 0.819037 -0.569887 -0.0663861
v -248.553 -83.781 968.747
vn -0.295183 -0.94113 -0.164746
v -248.661 -83.8713 968.184
vn 0.418526 -0.905899 0.0646745
v -248.661 -83.8713 968.184
vn 0.793767 -0.604564 -0.0666038
v -248.661 -83.8713 968.184
vn -0.0924935 -0.822932 0.56056
v -249.367 -83.101 966.842
vn -0.306098 -0.592001 -0.745546
v -249.367 -83.101 966.842
vn 0.601966 -0.175717 -0.778948
v -249.367 -83.101 966.842
vn 0.478475 -0.097025 -0.872725
v -249.095 -83.6668 967.18
vn 0.528409 -0.0754566 -0.84563
v -248.949 -83.5084 967.257
vn 0.776479 -0.630124 0.00487803
v -248.821 -83.9992 967.57
vn 0.90465 0.384175 -0.18444
v -248.694 -83.8432 967.535
vn 0.870697 -0.477223 -0.118932
v -248.82 -84.0254 967.346
vn -0.526964 -0.655708 -0.540699
v -248.82 -84.0254 967.346
vn 0.374378 -0.138673 -0.916848
v -248.82 -84.0254 967.346
vn 0.411031 -0.056414 -0.909874
v -248.756 -83.8319 967.343
vn 0.902009 -0.304104 -0.306431
v -248.756 -83.8319 967.343
vn -0.872792 -0.386161 -0.298519
v -250.428 -82.8469 966.04
vn -0.800534 0.0529124 -0.596947
v -250.428 -82.8469 966.04
vn -0.474127 -0.871151 -0.127668
v -249.97 -83.2027 965.098
vn -0.669313 -0.738252 -0.0836841
v -249.97 -83.2027 965.098
vn 0.772788 -0.467723 -0.428991
v -249.97 -83.2027 965.098
vn 0.198066 -0.188479 -0.961897
v -249.97 -83.2027 965.098
vn 0.772788 -0.467723 -0.428991
v -249.855 -82.9973 965.081
vn 0.595871 0.236276 -0.767536
v -249.855 -82.9973 965.081
vn 0.198066 -0.188479 -0.961897
v -249.855 -82.9973 965.081
vn 0.946618 0.302531 -0.11131
v -249.276 -83.7078 965.966
vn -0.474127 -0.871151 -0.127668
v -249.276 -83.7078 965.966
vn -0.271159 -0.741263 -0.614004
v -249.542 -83.6412 965.289
vn -0.390391 -0.896533 -0.20934
v -249.434 -83.4747 965.261
vn 0.595871 0.236276 -0.767536
v -249.434 -83.4747 965.261
vn 0.198066 -0.188479 -0.961897
v -249.434 -83.4747 965.261
vn -0.455994 -0.744726 0.487291
v -251.032 -82.0089 964.214
vn 0.363813 -0.782303 0.50561
v -250.983 -82.3125 963.702
vn 0.0513086 -0.980103 -0.191745
v -250.983 -82.3125 963.702
vn 0.961312 0.20069 -0.188684
v -250.76 -82.2812 963.602
vn 0.0513086 -0.980103 -0.191745
v -250.76 -82.2812 963.602
vn 0.809212 0.469469 -0.353235
v -250.12 -82.9437 964.545
vn 0.772788 -0.467723 -0.428991
v -250.12 -82.9437 964.545
vn 0.0400252 0.212293 -0.976386
v -250.12 -82.9437 964.545
vn 0.891298 0.263553 -0.368954
v -250.984 -82.196 963.106
vn -0.753983 -0.596851 -0.274369
v -250.984 -82.196 963.106
vn 0.0513086 -0.980103 -0.191745
v -250.984 -82.196 963.106
vn -0.377733 -0.147285 -0.914125
v -250.984 -82.196 963.106
vn 0.464488 -0.668859 0.580413
v -251.528 -81.2819 962.529
vn 0.464488 -0.668859 0.580413
v -251.511 -81.2623 962.538
vn 0.857346 -0.484382 -0.174162
v -251.706 -81.0436 961.77
vn 0.423672 -0.89855 -0.114497
v -251.706 -81.0436 961.77
vn -0.66341 -0.748103 -0.015123
v -251.706 -81.0436 961.77
vn -0.287136 -0.557543 -0.778908
v -251.706 -81.0436 961.77
vn 0.525962 -0.232198 -0.818198
v -251.706 -81.0436 961.77
vn -0.149581 -0.912698 0.380274
v -252.355 -80.6493 960.348
vn -0.555732 -0.576344 -0.599157
v -252.414 -80.4099 959.963
vn 0.214099 -0.321211 -0.922488
v -252.414 -80.4099 959.963
vn 0.557233 -0.635818 -0.534067
v -252.414 -80.4099 959.963
vn 0.161631 -0.389843 -0.906586
v -252.281 -80.2582 959.922
vn 0.557233 -0.635818 -0.534067
v -252.281 -80.2582 959.922
vn 0.967112 -0.164634 -0.193882
v -252.369 -80.0242 959.551
vn 0.557233 -0.635818 -0.534067
v -252.369 -80.0242 959.551
vn -0.138686 -0.889256 0.435878
v -252.369 -80.0242 959.551
vn 0.973538 0.104576 -0.203196
v -252.139 -80.7565 960.231
vn 0.598144 -0.403244 -0.692545
v -252.139 -80.7565 960.231
vn -0.255657 -0.899924 0.353237
v -252.311 -80.7641 960.088
vn 0.442245 -0.334784 -0.832069
v -252.311 -80.7641 960.088
vn 0.350618 -0.356947 -0.865827
v -252.196 -80.553 960.064
vn -0.637828 0.716296 0.283012
v -247.987 -72.9797 958.923
vn -0.770352 -0.39143 -0.503329
v -252.862 -80.1186 958.391
vn -0.925542 -0.217367 -0.310037
v -252.862 -80.1186 958.391
vn 0.964952 -0.253862 -0.0665017
v -252.862 -80.1186 958.391
vn -0.933164 -0.256607 0.251709
v -252.726 -80.4622 958.544
vn -0.866985 -0.443521 -0.227214
v -252.726 -80.4622 958.544
vn 0.898415 -0.417156 -0.137229
v -252.726 -80.4622 958.544
vn 0.442169 -0.69948 -0.56144
v -252.726 -80.4622 958.544
vn 0.608804 -0.508132 -0.609229
v -252.77 -80.18 958.158
vn -0.92724 0.0221413 -0.373813
v -252.597 -78.9578 957.803
vn 0.964952 -0.253862 -0.0665017
v -252.597 -78.9578 957.803
vn 0.548524 -0.131743 -0.825691
v -252.597 -78.9578 957.803
vn 0.377248 -0.904736 -0.197829
v -252.597 -78.9578 957.803
vn 0.964952 -0.253862 -0.0665017
v -252.756 -79.5588 957.793
vn 0.548524 -0.131743 -0.825691
v -252.756 -79.5588 957.793
vn -0.0282289 -0.671059 0.740866
v -253.005 -79.6696 957.644
vn 0.469538 0.857635 0.209754
v -253.005 -79.6696 957.644
vn -0.578478 0.796488 -0.175983
v -253.005 -79.6696 957.644
vn 0.469538 0.857635 0.209754
v -252.83 -79.7491 957.579
vn 0.892447 -0.309084 -0.328642
v -252.83 -79.7491 957.579
vn -0.0282289 -0.671059 0.740866
v -252.998 -79.9289 957.409
vn 0.823415 -0.47697 -0.307388
v -252.998 -79.9289 957.409
vn -0.356276 -0.924309 0.136823
v -252.998 -79.9289 957.409
vn 0.978705 0.0617086 0.195779
v -252.998 -79.9289 957.409
vn -0.351718 0.919296 -0.176604
v -252.887 -79.6727 957.393
vn 0.931669 -0.130874 -0.338918
v -252.887 -79.6727 957.393
vn -0.766769 0.62071 -0.163659
v -253.113 -79.909 957.244
vn -0.356276 -0.924309 0.136823
v -253.113 -79.909 957.244
vn -0.39151 0.0947068 -0.915287
v -253.113 -79.909 957.244
vn 0.892447 -0.309084 -0.328642
v -252.967 -79.7409 957.199
vn 0.978705 0.0617086 0.195779
v -252.967 -79.7409 957.199
vn -0.39151 0.0947068 -0.915287
v -252.967 -79.7409 957.199
vn 0.978705 0.0617086 0.195779
v -252.945 -79.9856 957.164
vn -0.39151 0.0947068 -0.915287
v -252.945 -79.9856 957.164
vn -0.770352 -0.39143 -0.503329
v -252.901 -79.0434 957.614
vn 0.548524 -0.131743 -0.825691
v -252.901 -79.0434 957.614
vn 0.313199 -0.925671 -0.212224
v -252.901 -79.0434 957.614
vn -0.799551 -0.446983 0.401153
v -252.947 -78.8759 956.865
vn 0.421801 -0.903325 -0.0780188
v -252.947 -78.8759 956.865
vn 0.914631 -0.351191 -0.200287
v -252.768 -78.7717 956.626
vn 0.468992 -0.856854 0.214122
v -253.142 -79.0678 956.261
vn -0.674532 0.655691 0.339228
v -249.901 -73.9621 957.012
vn 0.532573 -0.815902 0.225099
v -253.369 -79.5004 955.406
vn -0.90214 -0.239655 -0.35876
v -253.369 -79.5004 955.406
vn 0.463167 -0.674093 -0.575391
v -253.369 -79.5004 955.406
vn 0.688217 -0.71977 0.0910379
v -253.216 -79.3595 955.364
vn 0.364183 -0.768057 -0.526743
v -253.216 -79.3595 955.364
vn 0.224691 -0.803929 -0.550647
v -253.34 -79.3103 955.206
vn -0.675335 -0.331115 0.659003
v -253.388 -79.1819 955.024
vn -0.0656338 -0.82386 -0.56298
v -253.388 -79.1819 955.024
vn 0.370305 -0.823204 0.43036
v -253.388 -79.1819 955.024
vn 0.0973591 -0.847052 -0.522518
v -253.258 -79.1534 954.967
vn 0.436326 -0.820758 0.368749
v -253.258 -79.1534 954.967
vn 0.436326 -0.820758 0.368749
v -253.732 -79.6427 954.439
vn -0.0215735 -0.974019 0.225436
v -253.732 -79.6427 954.439
vn -0.920831 -0.254529 0.295441
v -253.998 -79.8166 953.662
vn 0.498787 -0.811615 0.304128
v -253.606 -79.7752 953.879
vn -0.113352 -0.917699 0.380762
v -253.606 -79.7752 953.879
vn -0.874567 0.374455 0.308086
v -254.225 -77.6396 953.629
vn -0.876172 0.479261 -0.0512947
v -254.225 -77.6396 953.629
vn -0.674469 0.614451 -0.409319
v -254.104 -79.3132 953.56
vn 0.866039 -0.415981 -0.277375
v -233.008 -70.739 980.487
vn 0.927189 -0.111687 -0.357556
v -233.318 -71.1988 979.677
vn 0.707583 -0.705416 -0.0414061
v -233.808 -71.9084 978.471
vn -0.313886 -0.739889 0.595013
v -236.177 -73.004 977.426
vn 0.39292 -0.907429 -0.148949
v -236.177 -73.004 977.426
vn -0.297338 -0.890273 0.344969
v -236.177 -73.004 977.426
vn 0.0525756 -0.998069 0.0330704
v -236.543 -73.3517 976.213
vn 0.626463 -0.767579 0.135521
v -235.019 -72.622 976.49
vn 0.831328 0.184472 -0.524275
v -236.165 -72.9888 973.858
vn 0.608989 -0.790947 -0.059468
v -236.165 -72.9888 973.858
vn 0.738909 -0.364425 -0.566752
v -238.31 -73.7579 970.972
vn -0.271159 -0.741263 -0.614004
v -249.386 -83.7226 965.318
vn -0.271159 -0.741263 -0.614004
v -249.39 -83.638 965.218
vn -0.686889 -0.686833 0.237581
v -253.969 -80.1416 953.158
vn 0.573821 -0.818641 -0.023597
v -253.969 -80.1416 953.158
vn -0.250558 -0.90707 0.338298
v -254.197 -80.2338 951.915
vn 0.707099 -0.706879 -0.018231
v -254.41 -80.4626 951.315
vn 0.054958 -0.989078 -0.136767
v -254.41 -80.4626 951.315
vn 0.244543 -0.946157 -0.212097
v -254.352 -80.4 950.886
vn 0.226302 -0.894097 -0.386494
v -254.597 -80.3336 950.307
vn -0.924336 -0.332508 -0.187192
v -254.597 -80.3336 950.307
vn 0.217077 -0.818368 -0.532119
v -254.406 -80.2165 950.234
vn 0.0167647 -0.764998 -0.643814
v -254.629 -80.1143 950.075
vn -0.158128 -0.751445 -0.640567
v -254.641 -79.8188 949.732
vn -0.0334987 -0.991806 -0.123281
v -254.641 -79.8188 949.732
vn -0.0596554 -0.787237 -0.613758
v -254.413 -79.8196 949.676
vn -0.0334987 -0.991806 -0.123281
v -254.413 -79.8196 949.676
vn 0.532713 -0.766834 -0.358026
v -254.413 -79.8196 949.676
vn 0.566967 -0.753246 -0.333421
v -254.665 -79.7445 949.141
vn -0.992399 -0.123044 -0.00216773
v -254.665 -79.7445 949.141
vn -0.822509 -0.442795 -0.356948
v -254.665 -79.7445 949.141
vn -0.733354 -0.558441 -0.387731
v -254.672 -79.539 948.903
vn -0.627867 -0.66165 -0.40988
v -254.632 -79.1777 948.258
vn -0.361728 -0.874811 0.322272
v -254.632 -79.1777 948.258
vn 0.600108 -0.738178 -0.308162
v -254.528 -79.2406 948.2
vn -0.349447 -0.877778 0.327708
v -254.528 -79.2406 948.2
vn 0.710567 -0.67445 0.200529
v -254.528 -79.2406 948.2
vn 0.860154 -0.495815 -0.119593
v -254.23 -78.9563 948.1
vn 0.745499 -0.66172 0.0797351
v -254.54 -79.3211 947.972
vn 0.321855 -0.941009 -0.104456
v -254.54 -79.3211 947.972
vn 0.875715 -0.306715 -0.372892
v -254.295 -78.9429 947.909
vn -0.135801 0.538573 -0.831563
v -253.688 -77.3462 948.751
vn -0.632796 -0.318464 -0.705798
v -253.688 -77.3462 948.751
vn -0.135801 0.538573 -0.831563
v -253.676 -77.6006 948.585
vn 0.305909 -0.152777 -0.939723
v -253.676 -77.6006 948.585
vn 0.870148 -0.168332 -0.463148
v -253.676 -77.6006 948.585
vn -0.620913 -0.276308 -0.733567
v -253.485 -77.471 948.626
vn 0.505537 -0.412719 -0.757691
v -253.485 -77.471 948.626
vn 0.0969363 -0.344037 -0.933939
v -253.485 -77.471 948.626
vn -0.14852 -0.552429 -0.820222
v -253.351 -77.3197 948.584
vn 0.492194 -0.215146 -0.84348
v -253.758 -78.2333 948.661
vn 0.447175 -0.833943 -0.323377
v -253.27 -77.1417 948.349
vn -0.773951 -0.532957 -0.34199
v -253.308 -77.0291 948.159
vn -0.106855 -0.99407 0.0201557
v -253.308 -77.0291 948.159
vn -0.870916 -0.450727 0.195833
v -253.3 -76.9634 947.942
vn -0.320612 -0.871022 0.372194
v -253.3 -76.9634 947.942
vn 0.277691 -0.960381 -0.0235882
v -253.107 -77.0523 948.08
vn 0.18905 -0.980675 0.0503606
v -253.154 -77.0516 947.861
vn -0.320612 -0.871022 0.372194
v -253.154 -77.0516 947.861
vn -0.948987 0.199761 -0.243964
v -253.532 -76.5387 948.556
vn -0.901863 -0.381011 0.203651
v -253.395 -76.6683 948.075
vn -0.37394 -0.871678 0.316775
v -254.647 -79.3385 947.797
vn 0.321855 -0.941009 -0.104456
v -254.647 -79.3385 947.797
vn -0.345089 -0.109025 -0.932216
v -254.647 -79.3385 947.797
vn 0.321855 -0.941009 -0.104456
v -254.528 -79.2922 947.747
vn 0.66072 -0.096109 -0.744454
v -254.528 -79.2922 947.747
vn -0.345089 -0.109025 -0.932216
v -254.528 -79.2922 947.747
vn 0.626612 0.0193071 -0.779092
v -254.526 -79.0679 947.72
vn -0.0886324 0.543092 -0.834982
v -254.526 -79.0679 947.72
vn -0.345089 -0.109025 -0.932216
v -254.526 -79.0679 947.72
vn -0.978474 0.142929 0.148861
v -253.392 -76.9594 947.54
vn 0.930126 0.0386755 -0.365197
v -235.303 -73.0584 975.33
vn 0.809152 0.166134 -0.563625
v -235.959 -73.5525 973.905
vn 0.738909 -0.364425 -0.566752
v -235.959 -73.5525 973.905
vn 0.438636 -0.857706 -0.268213
v -236.578 -73.5331 973.085
vn 0.738909 -0.364425 -0.566752
v -236.578 -73.5331 973.085
vn 0.557269 -0.812095 0.17307
v -235.161 -72.5254 972.675
vn 0.883512 -0.00492334 -0.468382
v -237.33 -73.4739 971.665
vn 0.265239 -0.963853 -0.025221
v -237.33 -73.4739 971.665
vn 0.52218 -0.678831 -0.516253
v -245.035 -74.757 956.394
vn 0.471065 -0.764329 -0.44034
v -246.39 -74.6795 955.261
vn 0.569523 -0.627694 -0.530701
v -246.03 -74.3661 955.103
vn 0.726976 -0.560566 -0.396574
v -247.803 -74.7622 953.24
vn 0.802998 -0.42973 -0.412949
v -247.666 -74.4839 953.215
vn 0.300987 -0.949169 -0.0921132
v -247.95 -74.7509 952.642
vn 0.770619 0.300995 -0.561736
v -247.95 -74.7509 952.642
vn 0.402732 -0.635752 -0.658504
v -247.95 -74.7509 952.642
vn 0.721512 -0.516074 -0.461615
v -248.598 -74.7208 951.837
vn 0.402732 -0.635752 -0.658504
v -248.24 -74.8335 952.544
vn 0.851879 -0.373843 -0.366803
v -248.24 -74.8335 952.544
vn 0.652925 0.386103 -0.651623
v -248.234 -74.6256 952.348
vn 0.851879 -0.373843 -0.366803
v -248.234 -74.6256 952.348
vn 0.712219 0.300878 -0.634205
v -248.385 -74.7978 952.172
vn 0.851879 -0.373843 -0.366803
v -248.385 -74.7978 952.172
vn 0.726237 -0.558465 -0.400869
v -249.743 -75.1646 950.531
vn 0.818959 -0.297918 -0.490461
v -249.467 -74.8408 950.67
vn 0.783868 -0.526493 -0.329175
v -251.53 -75.9176 947.479
vn 0.800636 0.204329 -0.563234
v -251.53 -75.9176 947.479
vn 0.203722 -0.940646 0.271447
v -253.274 -77.1817 947.453
vn -0.76939 -0.542011 0.338027
v -253.274 -77.1817 947.453
vn -0.922473 -0.306592 0.234618
v -253.826 -77.6916 946.082
vn 0.0461833 -0.965864 0.254901
v -253.826 -77.6916 946.082
vn 0.704811 -0.70936 0.00703444
v -253.614 -77.7008 946.009
vn 0.680894 -0.732027 0.0228006
v -252.541 -76.6365 945.848
vn 0.916029 -0.237582 -0.323181
v -252.541 -76.6365 945.848
vn -0.817912 -0.369542 0.440974
v -253.957 -77.7851 945.017
vn -0.496591 -0.792902 0.353134
v -253.818 -77.9085 944.934
vn 0.683553 -0.727648 0.0573104
v -253.818 -77.9085 944.934
vn 0.416005 0.726362 -0.547117
v -253.327 -77.0188 944.382
vn -0.732902 -0.349894 0.583462
v -254.441 -78.5491 943.578
vn -0.991282 0.108856 -0.0742329
v -254.441 -78.5491 943.578
vn -0.778127 -0.36098 0.514015
v -254.39 -78.2567 943.818
vn -0.778127 -0.36098 0.514015
v -254.293 -78.5011 943.793
vn 0.702904 -0.702538 0.111205
v -254.293 -78.5011 943.793
vn 0.150313 -0.981943 0.114866
v -254.293 -78.5011 943.793
vn 0.480516 -0.869523 0.114165
v -235.877 -73.5006 970.755
vn 0.844222 -0.246931 -0.475725
v -236.974 -74.0768 968.517
vn 0.67499 -0.55444 -0.48681
v -238.798 -74.033 966.262
vn 0.654168 -0.503221 -0.564653
v -237.966 -74.3553 967.384
vn 0.691333 -0.622243 -0.36725
v -241.412 -74.2611 961.889
vn 0.702355 -0.658429 -0.270498
v -242.354 -74.3889 960.31
vn 0.84942 0.207845 -0.485062
v -242.641 -74.3189 959.563
vn 0.890516 -0.273144 -0.363832
v -253.587 -77.5317 943.542
vn 0.682554 0.492841 -0.539655
v -253.587 -77.5317 943.542
vn 0.759596 -0.648708 0.0468211
v -254.224 -78.5274 943.479
vn 0.0195772 -0.984855 -0.172269
v -254.235 -78.4143 942.831
vn 0.840608 -0.471103 -0.267285
v -254.235 -78.4143 942.831
vn 0.0285846 0.613939 -0.788836
v -254.235 -78.4143 942.831
f 1//1 26//26 17//17
f 27//27 2814//2814 1//1
f 30//30 27//27 1//1
f 2//2 17//17 19//19
f 2//2 4//4 5//5
f 5//5 17//17 2//2
f 2779//2779 2776//2776 43//43
f 2821//2821 2777//2777 19//19
f 3//3 23//23 20//20
f 2778//2778 20//20 1//1
f 2780//2780 23//23 3//3
f 5//5 4//4 2778//2778
f 5//5 2778//2778 17//17
f 2781//2781 21//21 2808//2808
f 2781//2781 2822//2822 21//21
f 6//6 9//9 30//30
f 2782//2782 7//7 8//8
f 2783//2783 2785//2785 2787//2787
f 11//11 10//10 2788//2788
f 2794//2794 8//8 7//7
f 2789//2789 2786//2786 2795//2795
f 2791//2791 2794//2794 13//13
f 2792//2792 2799//2799 12//12
f 7//7 13//13 2794//2794
f 2793//2793 2796//2796 2790//2790
f 2797//2797 14//14 9//9
f 2798//2798 2800//2800 2802//2802
f 2801//2801 15//15 2803//2803
f 13//13 48//48 2804//2804
f 26//26 16//16 17//17
f 16//16 18//18 17//17
f 19//19 17//17 18//18
f 19//19 18//18 34//34
f 2817//2817 18//18 16//16
f 1//1 17//17 2778//2778
f 1//1 20//20 30//30
f 22//22 2808//2808 21//21
f 22//22 21//21 2822//2822
f 25//25 30//30 23//23
f 20//20 23//23 30//30
f 2809//2809 24//24 2812//2812
f 22//22 49//49 2808//2808
f 2813//2813 2810//2810 2784//2784
f 6//6 30//30 25//25
f 2782//2782 2811//2811 7//7
f 32//32 30//30 9//9
f 13//13 7//7 2811//2811
f 13//13 2811//2811 48//48
f 9//9 14//14 32//32
f 32//32 14//14 2828//2828
f 2805//2805 2828//2828 14//14
f 28//28 16//16 26//26
f 2815//2815 28//28 26//26
f 37//37 16//16 28//28
f 33//33 2817//2817 16//16
f 30//30 29//29 27//27
f 35//35 29//29 30//30
f 72//72 49//49 22//22
f 2811//2811 2808//2808 31//31
f 2808//2808 49//49 31//31
f 48//48 2811//2811 31//31
f 32//32 36//36 30//30
f 37//37 28//28 2815//2815
f 33//33 16//16 2819//2819
f 35//35 30//30 38//38
f 40//40 39//39 30//30
f 30//30 39//39 38//38
f 30//30 36//36 40//40
f 32//32 51//51 36//36
f 58//58 37//37 2815//2815
f 29//29 2833//2833 27//27
f 2833//2833 29//29 60//60
f 53//53 33//33 37//37
f 38//38 42//42 35//35
f 56//56 2816//2816 2818//2818
f 56//56 2818//2818 2820//2820
f 2816//2816 56//56 60//60
f 40//40 41//41 39//39
f 2820//2820 61//61 56//56
f 42//42 38//38 61//61
f 41//41 40//40 88//88
f 19//19 44//44 2821//2821
f 44//44 19//19 34//34
f 2822//2822 2823//2823 22//22
f 2824//2824 46//46 2806//2806
f 44//44 34//34 45//45
f 47//47 2826//2826 2825//2825
f 44//44 45//45 2827//2827
f 2826//2826 47//47 68//68
f 2838//2838 2827//2827 45//45
f 2839//2839 2806//2806 46//46
f 2828//2828 2830//2830 32//32
f 2830//2830 2828//2828 63//63
f 54//54 45//45 34//34
f 50//50 31//31 49//49
f 49//49 72//72 80//80
f 80//80 50//50 49//49
f 31//31 50//50 48//48
f 50//50 65//65 48//48
f 50//50 67//67 65//65
f 2817//2817 33//33 53//53
f 54//54 34//34 53//53
f 53//53 37//37 52//52
f 52//52 59//59 53//53
f 52//52 37//37 59//59
f 36//36 51//51 40//40
f 85//85 2830//2830 106//106
f 37//37 58//58 59//59
f 59//59 55//55 53//53
f 54//54 53//53 55//55
f 56//56 61//61 60//60
f 41//41 88//88 39//39
f 2852//2852 38//38 39//39
f 51//51 57//57 40//40
f 89//89 40//40 57//57
f 40//40 89//89 90//90
f 81//81 57//57 51//51
f 57//57 81//81 83//83
f 58//58 86//86 59//59
f 2833//2833 60//60 62//62
f 58//58 62//62 86//86
f 55//55 59//59 2849//2849
f 2852//2852 40//40 90//90
f 82//82 89//89 2832//2832
f 62//62 93//93 86//86
f 61//61 62//62 60//60
f 61//61 38//38 95//95
f 70//70 2838//2838 45//45
f 2807//2807 2840//2840 69//69
f 2828//2828 64//64 63//63
f 2835//2835 2834//2834 2829//2829
f 2835//2835 2837//2837 2834//2834
f 63//63 64//64 66//66
f 2837//2837 2836//2836 2834//2834
f 2837//2837 150//150 2836//2836
f 2872//2872 63//63 66//66
f 79//79 70//70 45//45
f 72//72 22//22 71//71
f 69//69 2840//2840 2842//2842
f 2841//2841 71//71 22//22
f 70//70 79//79 73//73
f 70//70 2843//2843 2838//2838
f 73//73 2843//2843 70//70
f 54//54 79//79 45//45
f 72//72 75//75 78//78
f 74//74 2843//2843 73//73
f 79//79 74//74 73//73
f 71//71 2844//2844 75//75
f 72//72 71//71 75//75
f 75//75 2844//2844 77//77
f 78//78 75//75 76//76
f 2845//2845 75//75 77//77
f 80//80 72//72 78//78
f 104//104 106//106 2830//2830
f 2830//2830 135//135 104//104
f 2831//2831 79//79 54//54
f 2831//2831 107//107 79//79
f 79//79 77//77 74//74
f 107//107 2831//2831 87//87
f 107//107 105//105 79//79
f 79//79 105//105 77//77
f 2832//2832 2848//2848 82//82
f 148//148 83//83 81//81
f 148//148 81//81 92//92
f 51//51 84//84 81//81
f 84//84 2830//2830 85//85
f 84//84 92//92 81//81
f 85//85 106//106 112//112
f 84//84 85//85 112//112
f 2831//2831 2850//2850 87//87
f 2850//2850 113//113 87//87
f 38//38 2852//2852 95//95
f 2848//2848 89//89 82//82
f 2848//2848 91//91 89//89
f 89//89 91//91 108//108
f 90//90 89//89 109//109
f 2871//2871 110//110 2848//2848
f 110//110 91//91 2848//2848
f 110//110 2859//2859 91//91
f 144//144 84//84 111//111
f 94//94 93//93 62//62
f 86//86 93//93 94//94
f 113//113 2850//2850 116//116
f 95//95 2852//2852 117//117
f 90//90 117//117 2852//2852
f 2861//2861 86//86 94//94
f 95//95 62//62 61//61
f 167//167 95//95 117//117
f 2845//2845 77//77 97//97
f 50//50 120//120 67//67
f 119//119 136//136 2830//2830
f 135//135 2830//2830 136//136
f 154//154 136//136 119//119
f 105//105 97//97 77//77
f 78//78 2846//2846 98//98
f 80//80 78//78 98//98
f 2854//2854 96//96 2847//2847
f 2845//2845 97//97 2855//2855
f 97//97 105//105 99//99
f 97//97 99//99 2855//2855
f 2854//2854 2856//2856 96//96
f 2856//2856 102//102 96//96
f 96//96 102//102 2847//2847
f 2857//2857 99//99 105//105
f 2857//2857 105//105 142//142
f 103//103 80//80 2857//2857
f 80//80 100//100 50//50
f 100//100 80//80 103//103
f 100//100 103//103 123//123
f 123//123 101//101 100//100
f 100//100 101//101 50//50
f 142//142 122//122 2857//2857
f 103//103 2857//2857 122//122
f 104//104 145//145 106//106
f 112//112 111//111 84//84
f 148//148 92//92 84//84
f 106//106 145//145 112//112
f 110//110 115//115 2859//2859
f 2860//2860 110//110 2871//2871
f 144//144 148//148 84//84
f 112//112 144//144 111//111
f 112//112 143//143 144//144
f 227//227 143//143 112//112
f 87//87 113//113 164//164
f 107//107 2851//2851 191//191
f 114//114 117//117 2853//2853
f 89//89 108//108 149//149
f 149//149 109//109 89//89
f 2860//2860 149//149 108//108
f 90//90 109//109 149//149
f 113//113 116//116 164//164
f 95//95 94//94 62//62
f 118//118 117//117 114//114
f 168//168 117//117 118//118
f 2853//2853 149//149 114//114
f 149//149 118//118 114//114
f 95//95 167//167 94//94
f 2873//2873 67//67 120//120
f 119//119 2830//2830 63//63
f 63//63 151//151 152//152
f 152//152 119//119 63//63
f 152//152 154//154 119//119
f 120//120 153//153 2873//2873
f 120//120 121//121 153//153
f 120//120 50//50 101//101
f 101//101 121//121 120//120
f 125//125 123//123 103//103
f 122//122 125//125 103//103
f 123//123 125//125 124//124
f 123//123 124//124 127//127
f 124//124 125//125 126//126
f 127//127 126//126 128//128
f 124//124 126//126 127//127
f 129//129 126//126 125//125
f 2864//2864 125//125 122//122
f 129//129 128//128 126//126
f 128//128 129//129 130//130
f 130//130 132//132 128//128
f 2862//2862 2866//2866 138//138
f 134//134 121//121 101//101
f 101//101 123//123 134//134
f 133//133 127//127 2863//2863
f 2867//2867 133//133 2863//2863
f 130//130 129//129 131//131
f 132//132 130//130 131//131
f 131//131 139//139 132//132
f 2868//2868 138//138 2866//2866
f 127//127 134//134 123//123
f 127//127 133//133 134//134
f 137//137 122//122 142//142
f 137//137 2865//2865 2864//2864
f 122//122 137//137 2864//2864
f 2865//2865 137//137 2868//2868
f 140//140 2868//2868 137//137
f 138//138 2868//2868 141//141
f 140//140 137//137 142//142
f 140//140 162//162 2868//2868
f 141//141 2868//2868 162//162
f 104//104 146//146 145//145
f 104//104 135//135 146//146
f 136//136 182//182 135//135
f 163//163 2881//2881 142//142
f 112//112 145//145 2911//2911
f 227//227 144//144 143//143
f 148//148 144//144 2912//2912
f 135//135 182//182 146//146
f 107//107 191//191 105//105
f 2858//2858 2892//2892 147//147
f 105//105 2870//2870 142//142
f 2871//2871 149//149 2860//2860
f 146//146 182//182 145//145
f 163//163 142//142 2870//2870
f 87//87 164//164 2893//2893
f 118//118 149//149 168//168
f 164//164 116//116 166//166
f 94//94 165//165 2861//2861
f 94//94 167//167 165//165
f 2872//2872 151//151 63//63
f 2874//2874 2877//2877 2875//2875
f 121//121 173//173 153//153
f 134//134 133//133 155//155
f 2878//2878 121//121 134//134
f 155//155 133//133 156//156
f 2867//2867 156//156 133//133
f 172//172 155//155 156//156
f 172//172 156//156 157//157
f 156//156 2867//2867 157//157
f 2878//2878 2886//2886 121//121
f 159//159 136//136 154//154
f 2867//2867 158//158 157//157
f 158//158 2867//2867 175//175
f 157//157 158//158 175//175
f 136//136 2880//2880 161//161
f 2881//2881 140//140 142//142
f 160//160 2867//2867 2869//2869
f 175//175 2867//2867 160//160
f 161//161 2880//2880 177//177
f 2881//2881 160//160 2869//2869
f 182//182 136//136 218//218
f 2870//2870 183//183 163//163
f 2881//2881 163//163 225//225
f 149//149 2871//2871 2911//2911
f 196//196 2883//2883 195//195
f 164//164 196//196 2893//2893
f 168//168 149//149 2911//2911
f 166//166 2896//2896 164//164
f 166//166 116//116 2884//2884
f 166//166 2884//2884 2896//2896
f 117//117 168//168 167//167
f 200//200 199//199 167//167
f 169//169 200//200 167//167
f 168//168 169//169 167//167
f 171//171 153//153 173//173
f 202//202 152//152 151//151
f 170//170 202//202 151//151
f 153//153 171//171 2876//2876
f 171//171 2885//2885 2876//2876
f 202//202 154//154 152//152
f 202//202 174//174 154//154
f 121//121 2886//2886 173//173
f 176//176 2879//2879 2887//2887
f 157//157 207//207 172//172
f 210//210 154//154 174//174
f 178//178 154//154 210//210
f 176//176 206//206 2879//2879
f 206//206 176//176 211//211
f 154//154 178//178 159//159
f 178//178 177//177 2880//2880
f 161//161 177//177 180//180
f 213//213 175//175 160//160
f 2881//2881 213//213 160//160
f 2887//2887 179//179 176//176
f 136//136 161//161 181//181
f 161//161 180//180 181//181
f 181//181 177//177 178//178
f 177//177 181//181 180//180
f 136//136 181//181 218//218
f 183//183 185//185 163//163
f 192//192 2870//2870 2893//2893
f 183//183 2870//2870 184//184
f 183//183 187//187 185//185
f 2870//2870 192//192 184//184
f 183//183 2888//2888 187//187
f 187//187 2888//2888 190//190
f 192//192 193//193 184//184
f 2889//2889 186//186 2882//2882
f 187//187 189//189 185//185
f 2889//2889 2891//2891 186//186
f 186//186 188//188 2882//2882
f 186//186 2891//2891 188//188
f 2890//2890 225//225 163//163
f 189//189 187//187 190//190
f 189//189 190//190 194//194
f 2891//2891 2894//2894 188//188
f 2895//2895 225//225 2890//2890
f 224//224 2893//2893 223//223
f 196//196 222//222 2893//2893
f 2893//2893 222//222 223//223
f 2893//2893 224//224 192//192
f 2888//2888 193//193 190//190
f 194//194 190//190 193//193
f 2910//2910 194//194 193//193
f 182//182 2911//2911 145//145
f 196//196 195//195 222//222
f 168//168 2911//2911 198//198
f 197//197 2896//2896 2884//2884
f 167//167 230//230 165//165
f 198//198 2911//2911 226//226
f 230//230 167//167 199//199
f 169//169 201//201 237//237
f 237//237 200//200 169//169
f 168//168 201//201 169//169
f 201//201 168//168 198//198
f 231//231 232//232 199//199
f 200//200 237//237 199//199
f 199//199 237//237 231//231
f 173//173 240//240 171//171
f 173//173 243//243 240//240
f 2885//2885 171//171 2914//2914
f 2885//2885 2914//2914 2898//2898
f 207//207 204//204 172//172
f 172//172 204//204 203//203
f 2886//2886 2899//2899 173//173
f 2900//2900 2901//2901 205//205
f 173//173 2899//2899 2903//2903
f 2905//2905 2879//2879 206//206
f 211//211 2905//2905 206//206
f 2907//2907 208//208 207//207
f 204//204 207//207 209//209
f 209//209 207//207 208//208
f 209//209 208//208 212//212
f 212//212 208//208 2907//2907
f 210//210 174//174 279//279
f 215//215 176//176 179//179
f 215//215 179//179 2887//2887
f 2907//2907 215//215 212//212
f 176//176 215//215 2907//2907
f 246//246 181//181 178//178
f 210//210 246//246 178//178
f 214//214 175//175 213//213
f 213//213 217//217 214//214
f 2908//2908 175//175 214//214
f 217//217 213//213 2881//2881
f 217//217 2908//2908 214//214
f 247//247 215//215 216//216
f 216//216 2908//2908 217//217
f 219//219 2881//2881 225//225
f 2881//2881 219//219 217//217
f 229//229 182//182 220//220
f 182//182 218//218 220//220
f 218//218 181//181 255//255
f 218//218 221//221 220//220
f 221//221 229//229 220//220
f 255//255 181//181 249//249
f 218//218 255//255 221//221
f 255//255 229//229 221//221
f 192//192 2910//2910 193//193
f 222//222 195//195 294//294
f 294//294 195//195 292//292
f 292//292 2896//2896 197//197
f 256//256 192//192 257//257
f 192//192 251//251 2910//2910
f 233//233 226//226 2911//2911
f 2911//2911 182//182 228//228
f 182//182 229//229 228//228
f 2911//2911 228//228 233//233
f 165//165 230//230 2897//2897
f 226//226 233//233 198//198
f 260//260 230//230 234//234
f 230//230 236//236 234//234
f 232//232 231//231 235//235
f 199//199 236//236 230//230
f 232//232 236//236 199//199
f 198//198 239//239 201//201
f 238//238 198//198 233//233
f 238//238 267//267 198//198
f 234//234 263//263 260//260
f 263//263 234//234 236//236
f 236//236 264//264 263//263
f 232//232 264//264 236//236
f 262//262 235//235 231//231
f 231//231 237//237 262//262
f 198//198 267//267 239//239
f 2913//2913 237//237 201//201
f 267//267 238//238 310//310
f 262//262 261//261 235//235
f 235//235 261//261 232//232
f 240//240 243//243 316//316
f 2904//2904 242//242 241//241
f 2903//2903 2915//2915 173//173
f 241//241 242//242 2916//2916
f 173//173 2915//2915 243//243
f 2916//2916 242//242 245//245
f 244//244 2916//2916 245//245
f 274//274 271//271 2916//2916
f 2904//2904 2902//2902 245//245
f 2904//2904 245//245 242//242
f 2902//2902 209//209 245//245
f 202//202 317//317 174//174
f 212//212 245//245 209//209
f 245//245 212//212 280//280
f 283//283 246//246 210//210
f 278//278 210//210 279//279
f 174//174 275//275 279//279
f 280//280 212//212 215//215
f 246//246 283//283 285//285
f 2929//2929 2906//2906 2925//2925
f 280//280 215//215 247//247
f 288//288 181//181 246//246
f 246//246 285//285 289//289
f 289//289 288//288 246//246
f 247//247 216//216 248//248
f 280//280 247//247 331//331
f 288//288 249//249 181//181
f 248//248 216//216 217//217
f 290//290 247//247 248//248
f 248//248 217//217 332//332
f 290//290 248//248 332//332
f 224//224 223//223 250//250
f 222//222 294//294 223//223
f 2917//2917 252//252 225//225
f 192//192 256//256 2918//2918
f 252//252 253//253 225//225
f 253//253 219//219 225//225
f 253//253 254//254 219//219
f 298//298 253//253 252//252
f 254//254 253//253 339//339
f 2920//2920 291//291 219//219
f 339//339 299//299 254//254
f 291//291 2920//2920 2935//2935
f 291//291 217//217 219//219
f 301//301 302//302 257//257
f 301//301 257//257 192//192
f 301//301 192//192 337//337
f 2917//2917 298//298 252//252
f 256//256 257//257 259//259
f 2918//2918 256//256 258//258
f 2921//2921 298//298 2919//2919
f 2922//2922 258//258 256//256
f 259//259 257//257 302//302
f 302//302 298//298 2921//2921
f 2936//2936 258//258 2922//2922
f 298//298 340//340 253//253
f 228//228 229//229 270//270
f 305//305 270//270 229//229
f 303//303 2897//2897 230//230
f 303//303 230//230 401//401
f 238//238 233//233 269//269
f 268//268 233//233 228//228
f 353//353 270//270 305//305
f 261//261 262//262 352//352
f 304//304 260//260 263//263
f 232//232 261//261 2923//2923
f 2923//2923 261//261 352//352
f 264//264 307//307 263//263
f 307//307 2923//2923 352//352
f 265//265 262//262 237//237
f 237//237 2913//2913 265//265
f 266//266 262//262 265//265
f 267//267 266//266 239//239
f 265//265 2913//2913 266//266
f 266//266 267//267 314//314
f 310//310 314//314 267//267
f 238//238 269//269 2937//2937
f 269//269 315//315 2937//2937
f 270//270 268//268 228//228
f 233//233 268//268 315//315
f 270//270 315//315 268//268
f 315//315 269//269 233//233
f 309//309 308//308 262//262
f 266//266 309//309 262//262
f 309//309 266//266 312//312
f 2916//2916 271//271 2938//2938
f 2938//2938 271//271 355//355
f 355//355 271//271 274//274
f 316//316 272//272 240//240
f 274//274 2916//2916 244//244
f 245//245 274//274 244//244
f 356//356 2898//2898 2914//2914
f 273//273 274//274 245//245
f 273//273 245//245 280//280
f 317//317 275//275 174//174
f 317//317 279//279 275//275
f 273//273 280//280 281//281
f 277//277 274//274 273//273
f 277//277 273//273 276//276
f 2930//2930 278//278 284//284
f 284//284 279//279 317//317
f 278//278 279//279 284//284
f 2939//2939 325//325 2932//2932
f 322//322 281//281 280//280
f 2926//2926 276//276 273//273
f 282//282 2927//2927 322//322
f 282//282 322//322 321//321
f 319//319 2924//2924 2928//2928
f 2941//2941 2927//2927 282//282
f 282//282 321//321 2941//2941
f 286//286 2931//2931 2933//2933
f 325//325 286//286 2932//2932
f 327//327 280//280 331//331
f 322//322 280//280 327//327
f 322//322 327//327 363//363
f 2931//2931 286//286 287//287
f 2931//2931 287//287 285//285
f 289//289 389//389 288//288
f 389//389 249//249 288//288
f 287//287 329//329 285//285
f 286//286 329//329 287//287
f 376//376 285//285 329//329
f 290//290 331//331 247//247
f 389//389 255//255 249//249
f 289//289 285//285 389//389
f 285//285 376//376 389//389
f 291//291 2935//2935 217//217
f 332//332 331//331 290//290
f 294//294 292//292 334//334
f 293//293 223//223 294//294
f 295//295 223//223 293//293
f 294//294 390//390 383//383
f 294//294 383//383 293//293
f 296//296 297//297 224//224
f 2934//2934 224//224 250//250
f 223//223 295//295 250//250
f 297//297 192//192 224//224
f 250//250 335//335 2934//2934
f 337//337 192//192 297//297
f 298//298 302//302 340//340
f 339//339 253//253 340//340
f 332//332 2909//2909 299//299
f 402//402 292//292 197//197
f 390//390 294//294 334//334
f 383//383 295//295 293//293
f 300//300 301//301 337//337
f 300//300 342//342 301//301
f 342//342 302//302 301//301
f 255//255 306//306 229//229
f 255//255 350//350 306//306
f 401//401 443//443 197//197
f 402//402 197//197 443//443
f 2897//2897 303//303 401//401
f 260//260 401//401 230//230
f 304//304 263//263 307//307
f 229//229 306//306 305//305
f 304//304 307//307 351//351
f 308//308 352//352 262//262
f 312//312 308//308 309//309
f 416//416 315//315 270//270
f 353//353 416//416 270//270
f 353//353 305//305 311//311
f 305//305 354//354 311//311
f 306//306 354//354 305//305
f 313//313 308//308 312//312
f 314//314 312//312 266//266
f 357//357 316//316 2947//2947
f 272//272 316//316 357//357
f 356//356 2914//2914 272//272
f 274//274 320//320 355//355
f 2898//2898 356//356 2940//2940
f 320//320 274//274 318//318
f 277//277 276//276 323//323
f 274//274 277//277 318//318
f 320//320 318//318 277//277
f 324//324 320//320 277//277
f 358//358 326//326 2939//2939
f 321//321 323//323 2942//2942
f 321//321 322//322 323//323
f 276//276 2943//2943 323//323
f 323//323 322//322 363//363
f 323//323 324//324 277//277
f 323//323 359//359 324//324
f 360//360 324//324 359//359
f 325//325 328//328 286//286
f 2939//2939 326//326 325//325
f 326//326 330//330 325//325
f 330//330 328//328 325//325
f 361//361 326//326 358//358
f 331//331 363//363 327//327
f 323//323 363//363 359//359
f 328//328 329//329 286//286
f 329//329 328//328 330//330
f 376//376 329//329 330//330
f 326//326 361//361 2944//2944
f 366//366 2955//2955 2944//2944
f 363//363 331//331 374//374
f 375//375 363//363 374//374
f 378//378 374//374 331//331
f 332//332 333//333 331//331
f 332//332 386//386 333//333
f 331//331 333//333 378//378
f 334//334 432//432 390//390
f 338//338 335//335 384//384
f 295//295 383//383 250//250
f 2957//2957 335//335 250//250
f 391//391 384//384 335//335
f 297//297 296//296 336//336
f 337//337 297//297 336//336
f 296//296 2945//2945 336//336
f 335//335 338//338 2934//2934
f 336//336 2945//2945 2958//2958
f 300//300 337//337 343//343
f 343//343 337//337 396//396
f 336//336 2958//2958 2962//2962
f 396//396 337//337 336//336
f 341//341 342//342 300//300
f 343//343 344//344 300//300
f 300//300 344//344 341//341
f 302//302 346//346 340//340
f 346//346 339//339 340//340
f 339//339 400//400 299//299
f 400//400 339//339 346//346
f 332//332 299//299 400//400
f 400//400 385//385 332//332
f 332//332 385//385 386//386
f 255//255 348//348 350//350
f 347//347 255//255 389//389
f 334//334 292//292 402//402
f 342//342 341//341 393//393
f 345//345 342//342 393//393
f 342//342 345//345 346//346
f 343//343 392//392 344//344
f 392//392 341//341 344//344
f 392//392 398//398 2946//2946
f 398//398 2959//2959 2946//2946
f 399//399 346//346 345//345
f 399//399 345//345 393//393
f 342//342 346//346 302//302
f 255//255 347//347 348//348
f 405//405 401//401 260//260
f 348//348 403//403 350//350
f 304//304 351//351 407//407
f 304//304 407//407 260//260
f 349//349 354//354 306//306
f 350//350 349//349 306//306
f 308//308 409//409 352//352
f 307//307 352//352 410//410
f 352//352 409//409 410//410
f 353//353 311//311 416//416
f 411//411 313//313 312//312
f 312//312 314//314 411//411
f 2937//2937 315//315 314//314
f 416//416 311//311 415//415
f 413//413 415//415 311//311
f 311//311 354//354 413//413
f 349//349 413//413 354//354
f 356//356 272//272 357//357
f 357//357 2947//2947 462//462
f 356//356 2948//2948 2940//2940
f 418//418 355//355 320//320
f 417//417 355//355 418//418
f 2975//2975 355//355 417//417
f 320//320 324//324 360//360
f 365//365 360//360 359//359
f 365//365 359//359 364//364
f 365//365 320//320 360//360
f 320//320 365//365 418//418
f 423//423 418//418 365//365
f 369//369 367//367 2949//2949
f 362//362 361//361 358//358
f 361//361 362//362 2953//2953
f 362//362 372//372 2953//2953
f 420//420 362//362 358//358
f 364//364 359//359 363//363
f 365//365 364//364 375//375
f 375//375 364//364 363//363
f 365//365 375//375 423//423
f 2944//2944 361//361 366//366
f 2950//2950 366//366 361//361
f 368//368 366//366 2950//2950
f 2955//2955 366//366 380//380
f 369//369 2951//2951 367//367
f 369//369 370//370 2951//2951
f 366//366 2952//2952 380//380
f 2952//2952 382//382 380//380
f 371//371 2953//2953 372//372
f 369//369 2954//2954 370//370
f 2954//2954 377//377 370//370
f 370//370 2956//2956 2951//2951
f 2956//2956 382//382 2951//2951
f 372//372 2956//2956 371//371
f 372//372 362//362 373//373
f 420//420 373//373 362//362
f 375//375 374//374 379//379
f 428//428 375//375 379//379
f 423//423 375//375 428//428
f 2955//2955 380//380 381//381
f 372//372 429//429 2956//2956
f 429//429 382//382 2956//2956
f 378//378 333//333 387//387
f 387//387 333//333 386//386
f 387//387 379//379 378//378
f 374//374 378//378 379//379
f 381//381 389//389 376//376
f 380//380 382//382 381//381
f 385//385 439//439 386//386
f 386//386 439//439 388//388
f 388//388 387//387 386//386
f 430//430 388//388 439//439
f 388//388 430//430 387//387
f 432//432 391//391 390//390
f 391//391 383//383 390//390
f 2957//2957 391//391 335//335
f 433//433 384//384 391//391
f 398//398 392//392 394//394
f 2959//2959 398//398 2960//2960
f 2963//2963 392//392 343//343
f 2963//2963 395//395 392//392
f 392//392 395//395 394//394
f 2961//2961 2959//2959 2960//2960
f 435//435 395//395 2963//2963
f 435//435 397//397 395//395
f 2961//2961 397//397 2959//2959
f 440//440 393//393 441//441
f 2959//2959 397//397 441//441
f 399//399 393//393 440//440
f 399//399 442//442 346//346
f 346//346 436//436 400//400
f 497//497 437//437 400//400
f 385//385 400//400 2969//2969
f 402//402 443//443 800//800
f 800//800 334//334 402//402
f 401//401 405//405 443//443
f 404//404 403//403 348//348
f 348//348 347//347 404//404
f 403//403 404//404 406//406
f 404//404 347//347 406//406
f 405//405 449//449 443//443
f 405//405 260//260 407//407
f 412//412 349//349 350//350
f 347//347 389//389 406//406
f 406//406 389//389 447//447
f 558//558 405//405 407//407
f 351//351 307//307 408//408
f 351//351 408//408 452//452
f 2971//2971 408//408 453//453
f 408//408 307//307 410//410
f 413//413 349//349 412//412
f 407//407 351//351 451//451
f 454//454 351//351 452//452
f 410//410 453//453 408//408
f 2972//2972 451//451 351//351
f 456//456 308//308 313//313
f 308//308 2973//2973 409//409
f 414//414 315//315 416//416
f 415//415 413//413 412//412
f 412//412 350//350 459//459
f 314//314 460//460 411//411
f 314//314 315//315 460//460
f 414//414 460//460 315//315
f 412//412 459//459 415//415
f 460//460 414//414 416//416
f 417//417 468//468 2975//2975
f 463//463 356//356 357//357
f 2948//2948 356//356 2976//2976
f 471//471 417//417 418//418
f 2948//2948 419//419 420//420
f 421//421 419//419 2948//2948
f 422//422 419//419 421//421
f 423//423 424//424 418//418
f 474//474 471//471 418//418
f 420//420 484//484 373//373
f 419//419 422//422 420//420
f 420//420 422//422 484//484
f 421//421 477//477 422//422
f 423//423 428//428 426//426
f 425//425 424//424 423//423
f 423//423 2964//2964 425//425
f 2964//2964 427//427 425//425
f 474//474 418//418 424//424
f 2965//2965 424//424 425//425
f 2966//2966 473//473 424//424
f 2966//2966 478//478 473//473
f 429//429 372//372 373//373
f 484//484 422//422 477//477
f 431//431 2967//2967 379//379
f 426//426 428//428 431//431
f 427//427 2964//2964 2981//2981
f 381//381 382//382 429//429
f 484//484 429//429 373//373
f 430//430 379//379 387//387
f 379//379 430//430 431//431
f 434//434 432//432 542//542
f 434//434 391//391 432//432
f 391//391 434//434 433//433
f 2963//2963 441//441 435//435
f 397//397 435//435 441//441
f 399//399 440//440 442//442
f 497//497 400//400 436//436
f 438//438 385//385 2969//2969
f 496//496 2969//2969 497//497
f 438//438 2969//2969 496//496
f 496//496 501//501 438//438
f 438//438 501//501 498//498
f 438//438 439//439 385//385
f 438//438 498//498 439//439
f 429//429 446//446 381//381
f 495//495 2958//2958 2968//2968
f 548//548 495//495 433//433
f 434//434 548//548 433//433
f 441//441 442//442 440//440
f 346//346 442//442 436//436
f 497//497 436//436 442//442
f 389//389 448//448 447//447
f 381//381 444//444 389//389
f 389//389 444//444 448//448
f 444//444 450//450 448//448
f 445//445 557//557 444//444
f 444//444 381//381 445//445
f 381//381 446//446 445//445
f 446//446 557//557 445//445
f 557//557 450//450 444//444
f 2970//2970 405//405 508//508
f 403//403 406//406 457//457
f 450//450 447//447 448//448
f 2971//2971 453//453 2972//2972
f 2973//2973 453//453 410//410
f 410//410 409//409 2973//2973
f 453//453 2973//2973 562//562
f 459//459 350//350 403//403
f 519//519 403//403 457//457
f 406//406 447//447 458//458
f 2973//2973 455//455 562//562
f 411//411 516//516 313//313
f 403//403 519//519 459//459
f 406//406 458//458 457//457
f 458//458 519//519 457//457
f 458//458 447//447 450//450
f 2973//2973 313//313 513//513
f 411//411 517//517 516//516
f 460//460 517//517 411//411
f 416//416 461//461 648//648
f 416//416 415//415 461//461
f 459//459 518//518 415//415
f 519//519 518//518 459//459
f 519//519 458//458 575//575
f 648//648 460//460 416//416
f 518//518 461//461 415//415
f 357//357 2975//2975 463//463
f 2975//2975 468//468 464//464
f 463//463 2975//2975 465//465
f 464//464 467//467 466//466
f 464//464 466//466 465//465
f 464//464 465//465 2975//2975
f 465//465 466//466 463//463
f 2977//2977 523//523 2976//2976
f 2976//2976 523//523 2948//2948
f 468//468 417//417 470//470
f 470//470 417//417 471//471
f 468//468 467//467 464//464
f 467//467 468//468 466//466
f 3001//3001 2978//2978 469//469
f 466//466 468//468 2979//2979
f 470//470 2979//2979 468//468
f 470//470 471//471 472//472
f 2979//2979 470//470 520//520
f 520//520 470//470 472//472
f 522//522 3001//3001 469//469
f 3000//3000 2980//2980 2999//2999
f 471//471 474//474 476//476
f 472//472 471//471 476//476
f 520//520 472//472 521//521
f 521//521 472//472 476//476
f 421//421 2948//2948 523//523
f 474//474 424//424 473//473
f 473//473 475//475 474//474
f 480//480 473//473 478//478
f 473//473 480//480 475//475
f 475//475 482//482 474//474
f 483//483 474//474 482//482
f 476//476 474//474 2985//2985
f 476//476 2985//2985 533//533
f 523//523 477//477 421//421
f 479//479 480//480 478//478
f 479//479 478//478 489//489
f 2983//2983 482//482 475//475
f 490//490 480//480 479//479
f 482//482 2983//2983 483//483
f 2983//2983 481//481 483//483
f 2986//2986 2984//2984 534//534
f 431//431 485//485 426//426
f 2964//2964 2987//2987 488//488
f 2987//2987 486//486 488//488
f 488//488 486//486 2981//2981
f 2987//2987 487//487 486//486
f 492//492 486//486 487//487
f 2988//2988 2990//2990 2982//2982
f 493//493 2990//2990 2988//2988
f 2987//2987 492//492 487//487
f 2981//2981 2964//2964 488//488
f 494//494 490//490 479//479
f 489//489 494//494 479//479
f 541//541 2991//2991 2995//2995
f 2992//2992 3011//3011 2983//2983
f 537//537 429//429 484//484
f 537//537 484//484 477//477
f 502//502 439//439 498//498
f 503//503 504//504 491//491
f 430//430 2993//2993 431//431
f 2993//2993 485//485 431//431
f 430//430 544//544 503//503
f 491//491 492//492 2987//2987
f 430//430 503//503 2993//2993
f 492//492 505//505 2994//2994
f 2995//2995 493//493 2997//2997
f 491//491 504//504 492//492
f 492//492 504//504 505//505
f 492//492 2994//2994 2989//2989
f 2995//2995 2990//2990 493//493
f 537//537 547//547 429//429
f 613//613 495//495 548//548
f 2958//2958 495//495 2962//2962
f 2962//2962 495//495 613//613
f 3035//3035 441//441 2963//2963
f 543//543 442//442 550//550
f 498//498 501//501 496//496
f 543//543 497//497 442//442
f 496//496 543//543 499//499
f 499//499 498//498 496//496
f 497//497 543//543 496//496
f 499//499 543//543 500//500
f 499//499 500//500 498//498
f 502//502 498//498 2996//2996
f 3013//3013 502//502 2996//2996
f 439//439 502//502 430//430
f 544//544 430//430 502//502
f 545//545 544//544 502//502
f 544//544 504//504 503//503
f 429//429 547//547 507//507
f 507//507 506//506 429//429
f 506//506 446//446 429//429
f 506//506 557//557 446//446
f 507//507 557//557 506//506
f 547//547 557//557 507//507
f 449//449 555//555 443//443
f 555//555 630//630 443//443
f 558//558 508//508 405//405
f 508//508 849//849 2970//2970
f 558//558 407//407 560//560
f 407//407 451//451 560//560
f 2972//2972 560//560 451//451
f 453//453 509//509 2972//2972
f 562//562 509//509 453//453
f 560//560 2972//2972 509//509
f 564//564 511//511 510//510
f 513//513 3015//3015 2998//2998
f 562//562 561//561 560//560
f 509//509 562//562 560//560
f 562//562 511//511 563//563
f 563//563 511//511 564//564
f 2973//2973 513//513 455//455
f 513//513 2998//2998 455//455
f 511//511 562//562 455//455
f 511//511 455//455 510//510
f 313//313 512//512 513//513
f 512//512 313//313 514//514
f 313//313 516//516 514//514
f 512//512 515//515 513//513
f 514//514 515//515 512//512
f 640//640 514//514 516//516
f 640//640 516//516 517//517
f 518//518 519//519 575//575
f 458//458 450//450 575//575
f 517//517 460//460 572//572
f 572//572 460//460 573//573
f 655//655 461//461 518//518
f 518//518 575//575 574//574
f 581//581 574//574 575//575
f 570//570 575//575 450//450
f 524//524 520//520 521//521
f 522//522 530//530 3001//3001
f 527//527 3002//3002 3007//3007
f 3003//3003 526//526 532//532
f 3000//3000 2999//2999 3008//3008
f 3008//3008 2999//2999 529//529
f 524//524 521//521 476//476
f 524//524 476//476 533//533
f 524//524 533//533 535//535
f 583//583 2999//2999 524//524
f 583//583 529//529 2999//2999
f 583//583 582//582 529//529
f 531//531 582//582 525//525
f 585//585 3004//3004 525//525
f 3005//3005 526//526 3003//3003
f 532//532 526//526 528//528
f 3005//3005 528//528 526//526
f 528//528 589//589 532//532
f 531//531 527//527 3007//3007
f 3005//3005 589//589 528//528
f 529//529 531//531 3008//3008
f 529//529 582//582 531//531
f 527//527 531//531 525//525
f 3009//3009 533//533 2985//2985
f 535//535 533//533 534//534
f 534//534 604//604 535//535
f 583//583 524//524 535//535
f 535//535 584//584 583//583
f 537//537 477//477 536//536
f 589//589 588//588 532//532
f 477//477 523//523 536//536
f 539//539 536//536 523//523
f 539//539 537//537 536//536
f 532//532 539//539 523//523
f 539//539 532//532 540//540
f 588//588 540//540 532//532
f 588//588 595//595 540//540
f 3011//3011 604//604 481//481
f 2983//2983 3011//3011 481//481
f 604//604 534//534 2984//2984
f 539//539 538//538 537//537
f 539//539 3010//3010 538//538
f 3010//3010 609//609 538//538
f 595//595 596//596 540//540
f 596//596 609//609 3010//3010
f 538//538 547//547 537//537
f 538//538 609//609 547//547
f 3012//3012 548//548 434//434
f 550//550 615//615 543//543
f 615//615 551//551 3013//3013
f 502//502 617//617 545//545
f 544//544 546//546 504//504
f 552//552 545//545 617//617
f 545//545 552//552 544//544
f 546//546 544//544 552//552
f 505//505 504//504 546//546
f 2997//2997 546//546 553//553
f 3011//3011 553//553 626//626
f 2995//2995 2997//2997 553//553
f 2995//2995 553//553 541//541
f 612//612 604//604 3011//3011
f 554//554 557//557 547//547
f 620//620 547//547 609//609
f 542//542 432//432 795//795
f 3035//3035 549//549 442//442
f 3035//3035 442//442 441//441
f 614//614 549//549 3036//3036
f 442//442 549//549 550//550
f 550//550 549//549 615//615
f 502//502 3013//3013 551//551
f 622//622 502//502 551//551
f 617//617 502//502 622//622
f 622//622 623//623 617//617
f 552//552 617//617 546//546
f 553//553 546//546 617//617
f 554//554 547//547 620//620
f 620//620 628//628 554//554
f 443//443 716//716 621//621
f 630//630 716//716 443//443
f 716//716 815//815 621//621
f 554//554 628//628 556//556
f 557//557 554//554 556//556
f 742//742 449//449 3106//3106
f 849//849 508//508 558//558
f 557//557 567//567 450//450
f 557//557 556//556 567//567
f 3106//3106 558//558 560//560
f 561//561 562//562 559//559
f 562//562 563//563 559//559
f 3106//3106 560//560 746//746
f 561//561 559//559 560//560
f 747//747 559//559 563//563
f 450//450 566//566 570//570
f 556//556 568//568 567//567
f 563//563 564//564 747//747
f 565//565 3015//3015 513//513
f 565//565 513//513 515//515
f 569//569 565//565 515//515
f 637//637 565//565 569//569
f 3015//3015 565//565 637//637
f 569//569 515//515 514//514
f 566//566 576//576 570//570
f 571//571 576//576 566//566
f 450//450 567//567 566//566
f 566//566 567//567 3017//3017
f 567//567 568//568 3018//3018
f 639//639 641//641 569//569
f 514//514 639//639 569//569
f 640//640 3040//3040 514//514
f 3041//3041 517//517 646//646
f 570//570 576//576 3019//3019
f 568//568 577//577 3018//3018
f 3016//3016 636//636 577//577
f 647//647 646//646 572//572
f 517//517 572//572 646//646
f 460//460 648//648 573//573
f 573//573 648//648 650//650
f 461//461 655//655 580//580
f 579//579 2974//2974 580//580
f 574//574 655//655 518//518
f 581//581 575//575 654//654
f 3018//3018 577//577 3020//3020
f 3020//3020 577//577 575//575
f 575//575 577//577 654//654
f 577//577 644//644 654//654
f 578//578 648//648 461//461
f 3021//3021 2974//2974 579//579
f 579//579 580//580 3021//3021
f 581//581 655//655 574//574
f 655//655 581//581 656//656
f 658//658 580//580 655//655
f 585//585 525//525 582//582
f 582//582 583//583 3023//3023
f 586//586 583//583 594//594
f 586//586 3023//3023 583//583
f 3023//3023 586//586 587//587
f 662//662 587//587 586//586
f 664//664 592//592 587//587
f 664//664 587//587 662//662
f 587//587 3006//3006 3023//3023
f 589//589 3005//3005 590//590
f 589//589 593//593 588//588
f 587//587 3025//3025 3006//3006
f 593//593 589//589 591//591
f 590//590 591//591 589//589
f 3026//3026 587//587 592//592
f 665//665 593//593 591//591
f 591//591 590//590 3028//3028
f 3027//3027 3029//3029 665//665
f 671//671 593//593 665//665
f 671//671 602//602 593//593
f 604//604 606//606 535//535
f 535//535 3033//3033 605//605
f 535//535 605//605 584//584
f 594//594 583//583 584//584
f 584//584 605//605 608//608
f 594//594 584//584 608//608
f 594//594 607//607 586//586
f 594//594 608//608 607//607
f 3034//3034 691//691 586//586
f 586//586 691//691 662//662
f 3024//3024 3030//3030 595//595
f 3030//3030 597//597 595//595
f 596//596 595//595 597//597
f 596//596 597//597 598//598
f 598//598 600//600 596//596
f 599//599 598//598 597//597
f 599//599 600//600 598//598
f 597//597 601//601 599//599
f 601//601 600//600 599//599
f 601//601 597//597 3031//3031
f 597//597 3030//3030 3031//3031
f 601//601 3032//3032 603//603
f 611//611 601//601 603//603
f 612//612 619//619 604//604
f 619//619 606//606 604//604
f 605//605 3033//3033 608//608
f 3033//3033 3039//3039 696//696
f 3033//3033 607//607 608//608
f 3033//3033 696//696 607//607
f 693//693 3059//3059 607//607
f 610//610 620//620 609//609
f 620//620 610//610 611//611
f 609//609 596//596 610//610
f 600//600 610//610 596//596
f 600//600 611//611 610//610
f 611//611 600//600 601//601
f 626//626 612//612 3011//3011
f 619//619 612//612 626//626
f 611//611 701//701 620//620
f 548//548 3012//3012 703//703
f 795//795 432//432 334//334
f 800//800 795//795 334//334
f 3063//3063 613//613 548//548
f 711//711 614//614 3036//3036
f 614//614 615//615 549//549
f 616//616 551//551 615//615
f 3037//3037 622//622 551//551
f 624//624 618//618 617//617
f 624//624 617//617 623//623
f 553//553 617//617 618//618
f 625//625 553//553 618//618
f 618//618 624//624 625//625
f 626//626 553//553 625//625
f 704//704 3039//3039 626//626
f 620//620 629//629 628//628
f 620//620 701//701 629//629
f 701//701 632//632 629//629
f 701//701 634//634 632//632
f 800//800 443//443 621//621
f 622//622 710//710 623//623
f 623//623 710//710 722//722
f 623//623 625//625 624//624
f 625//625 623//623 722//722
f 627//627 631//631 704//704
f 627//627 704//704 626//626
f 631//631 726//726 3065//3065
f 729//729 630//630 555//555
f 724//724 625//625 722//722
f 626//626 723//723 627//627
f 627//627 723//723 631//631
f 726//726 631//631 740//740
f 723//723 740//740 631//631
f 628//628 633//633 556//556
f 628//628 629//629 632//632
f 628//628 632//632 633//633
f 449//449 742//742 555//555
f 633//633 632//632 636//636
f 632//632 634//634 636//636
f 560//560 559//559 635//635
f 556//556 633//633 3016//3016
f 633//633 636//636 3016//3016
f 744//744 747//747 748//748
f 747//747 635//635 559//559
f 635//635 746//746 560//560
f 746//746 635//635 747//747
f 748//748 747//747 564//564
f 746//746 747//747 745//745
f 3015//3015 637//637 748//748
f 639//639 642//642 641//641
f 638//638 637//637 569//569
f 3040//3040 643//643 3042//3042
f 569//569 641//641 638//638
f 641//641 3043//3043 638//638
f 644//644 751//751 645//645
f 3043//3043 866//866 638//638
f 3113//3113 3042//3042 643//643
f 3040//3040 640//640 643//643
f 577//577 636//636 644//644
f 645//645 654//654 644//644
f 649//649 572//572 573//573
f 649//649 573//573 752//752
f 649//649 3044//3044 572//572
f 578//578 651//651 648//648
f 650//650 648//648 651//651
f 752//752 573//573 650//650
f 871//871 752//752 650//650
f 653//653 3118//3118 651//651
f 3021//3021 580//580 652//652
f 652//652 580//580 658//658
f 650//650 651//651 3118//3118
f 651//651 3022//3022 652//652
f 652//652 653//653 651//651
f 653//653 652//652 658//658
f 657//657 3046//3046 581//581
f 760//760 581//581 654//654
f 654//654 645//645 760//760
f 658//658 756//756 653//653
f 655//655 758//758 658//658
f 758//758 655//655 657//657
f 655//655 3046//3046 657//657
f 657//657 759//759 758//758
f 659//659 660//660 673//673
f 669//669 659//659 672//672
f 660//660 674//674 673//673
f 681//681 680//680 661//661
f 660//660 661//661 674//674
f 681//681 661//661 682//682
f 3047//3047 663//663 666//666
f 686//686 666//666 663//663
f 3048//3048 665//665 3029//3029
f 672//672 665//665 667//667
f 3048//3048 3049//3049 665//665
f 665//665 3049//3049 667//667
f 3049//3049 3053//3053 667//667
f 672//672 667//667 3053//3053
f 668//668 3050//3050 3058//3058
f 785//785 3054//3054 3052//3052
f 3052//3052 3054//3054 3051//3051
f 785//785 3052//3052 670//670
f 3055//3055 668//668 3058//3058
f 670//670 786//786 785//785
f 672//672 671//671 665//665
f 672//672 3032//3032 671//671
f 678//678 679//679 672//672
f 679//679 687//687 672//672
f 672//672 659//659 678//678
f 659//659 673//673 678//678
f 674//674 675//675 673//673
f 678//678 673//673 676//676
f 676//676 673//673 675//675
f 678//678 676//676 679//679
f 3056//3056 677//677 680//680
f 679//679 676//676 687//687
f 676//676 675//675 688//688
f 3056//3056 680//680 688//688
f 3056//3056 674//674 677//677
f 680//680 677//677 661//661
f 677//677 674//674 661//661
f 681//681 682//682 680//680
f 3059//3059 692//692 685//685
f 692//692 683//683 685//685
f 3060//3060 684//684 3057//3057
f 3060//3060 694//694 684//684
f 3057//3057 684//684 695//695
f 664//664 662//662 685//685
f 685//685 662//662 3059//3059
f 685//685 683//683 664//664
f 3047//3047 3057//3057 663//663
f 663//663 3057//3057 695//695
f 686//686 663//663 3061//3061
f 670//670 686//686 786//786
f 786//786 686//686 3061//3061
f 3061//3061 793//793 786//786
f 672//672 687//687 3032//3032
f 687//687 603//603 3032//3032
f 603//603 701//701 611//611
f 687//687 676//676 688//688
f 687//687 688//688 603//603
f 603//603 688//688 701//701
f 689//689 688//688 680//680
f 701//701 688//688 689//689
f 689//689 680//680 682//682
f 689//689 682//682 690//690
f 690//690 701//701 689//689
f 692//692 3059//3059 693//693
f 607//607 694//694 693//693
f 694//694 3060//3060 693//693
f 694//694 695//695 684//684
f 695//695 694//694 697//697
f 792//792 701//701 690//690
f 696//696 3039//3039 704//704
f 696//696 705//705 697//697
f 696//696 694//694 607//607
f 696//696 697//697 694//694
f 698//698 3061//3061 697//697
f 698//698 697//697 700//700
f 698//698 699//699 3061//3061
f 699//699 698//698 700//700
f 795//795 702//702 542//542
f 3062//3062 703//703 3012//3012
f 797//797 703//703 3062//3062
f 711//711 3063//3063 708//708
f 795//795 3092//3092 702//702
f 3064//3064 796//796 709//709
f 802//802 709//709 796//796
f 613//613 3063//3063 711//711
f 616//616 615//615 807//807
f 696//696 706//706 705//705
f 700//700 697//697 705//705
f 707//707 700//700 705//705
f 707//707 705//705 706//706
f 794//794 701//701 792//792
f 701//701 794//794 799//799
f 621//621 815//815 800//800
f 3064//3064 709//709 708//708
f 805//805 708//708 709//709
f 711//711 708//708 801//801
f 708//708 805//805 801//801
f 802//802 805//805 709//709
f 711//711 712//712 614//614
f 710//710 3038//3038 714//714
f 622//622 3037//3037 710//710
f 615//615 614//614 713//713
f 3066//3066 803//803 713//713
f 713//713 614//614 3066//3066
f 801//801 712//712 711//711
f 710//710 808//808 715//715
f 801//801 3094//3094 712//712
f 3097//3097 804//804 3038//3038
f 3038//3038 804//804 714//714
f 714//714 804//804 710//710
f 804//804 808//808 710//710
f 808//808 720//720 715//715
f 715//715 720//720 710//710
f 710//710 720//720 717//717
f 713//713 807//807 615//615
f 710//710 717//717 722//722
f 809//809 728//728 820//820
f 706//706 696//696 728//728
f 728//728 809//809 706//706
f 706//706 810//810 707//707
f 810//810 706//706 809//809
f 634//634 701//701 799//799
f 716//716 630//630 826//826
f 826//826 630//630 729//729
f 716//716 826//826 815//815
f 721//721 720//720 818//818
f 816//816 721//721 818//818
f 722//722 717//717 719//719
f 718//718 717//717 720//720
f 717//717 718//718 719//719
f 719//719 718//718 816//816
f 722//722 719//719 816//816
f 731//731 734//734 722//722
f 720//720 721//721 718//718
f 721//721 816//816 718//718
f 734//734 724//724 722//722
f 724//724 734//734 735//735
f 723//723 626//626 625//625
f 723//723 625//625 724//724
f 724//724 740//740 723//723
f 740//740 724//724 738//738
f 739//739 847//847 725//725
f 726//726 740//740 739//739
f 3065//3065 726//726 739//739
f 704//704 739//739 725//725
f 704//704 725//725 741//741
f 704//704 741//741 727//727
f 840//840 727//727 741//741
f 820//820 728//728 727//727
f 821//821 820//820 727//727
f 727//727 840//840 821//821
f 696//696 704//704 727//727
f 727//727 728//728 696//696
f 730//730 3067//3067 3014//3014
f 3014//3014 832//832 730//730
f 742//742 832//832 555//555
f 3068//3068 833//833 831//831
f 730//730 833//833 3067//3067
f 832//832 833//833 730//730
f 829//829 3072//3072 732//732
f 733//733 3072//3072 829//829
f 734//734 3070//3070 735//735
f 737//737 724//724 735//735
f 736//736 737//737 735//735
f 738//738 737//737 736//736
f 736//736 743//743 738//738
f 738//738 724//724 737//737
f 738//738 743//743 740//740
f 739//739 740//740 847//847
f 741//741 725//725 847//847
f 847//847 740//740 743//743
f 840//840 741//741 3104//3104
f 747//747 744//744 745//745
f 745//745 744//744 749//749
f 745//745 749//749 746//746
f 749//749 744//744 748//748
f 748//748 637//637 864//864
f 748//748 864//864 749//749
f 864//864 637//637 638//638
f 751//751 634//634 863//863
f 636//636 634//634 751//751
f 864//864 638//638 750//750
f 3113//3113 750//750 638//638
f 3113//3113 643//643 869//869
f 640//640 3115//3115 643//643
f 644//644 636//636 751//751
f 750//750 3113//3113 864//864
f 646//646 3116//3116 3041//3041
f 3116//3116 646//646 647//647
f 869//869 649//649 752//752
f 3044//3044 649//649 3117//3117
f 645//645 751//751 754//754
f 755//755 751//751 868//868
f 753//753 3045//3045 756//756
f 3045//3045 753//753 871//871
f 658//658 757//757 756//756
f 645//645 754//754 760//760
f 754//754 755//755 760//760
f 754//754 751//751 755//755
f 658//658 758//758 759//759
f 581//581 760//760 657//657
f 3073//3073 875//875 3074//3074
f 785//785 786//786 764//764
f 761//761 659//659 669//669
f 762//762 659//659 761//761
f 660//660 659//659 762//762
f 3075//3075 3054//3054 785//785
f 762//762 763//763 765//765
f 765//765 660//660 762//762
f 785//785 764//764 3075//3075
f 3076//3076 3075//3075 764//764
f 763//763 762//762 761//761
f 3078//3078 769//769 3077//3077
f 879//879 769//769 3078//3078
f 769//769 879//879 788//788
f 765//765 766//766 660//660
f 660//660 766//766 661//661
f 763//763 3079//3079 765//765
f 766//766 767//767 661//661
f 770//770 768//768 3080//3080
f 3082//3082 767//767 3081//3081
f 775//775 661//661 767//767
f 3080//3080 3077//3077 769//769
f 770//770 3080//3080 769//769
f 770//770 769//769 788//788
f 768//768 770//770 772//772
f 767//767 3082//3082 3083//3083
f 3083//3083 775//775 767//767
f 773//773 770//770 788//788
f 771//771 770//770 773//773
f 770//770 771//771 772//772
f 771//771 774//774 772//772
f 3085//3085 771//771 773//773
f 773//773 788//788 884//884
f 3085//3085 773//773 784//784
f 773//773 884//884 784//784
f 775//775 776//776 682//682
f 661//661 775//775 682//682
f 775//775 777//777 776//776
f 3084//3084 777//777 775//775
f 778//778 776//776 777//777
f 789//789 776//776 778//778
f 781//781 777//777 3084//3084
f 777//777 781//781 779//779
f 779//779 778//778 777//777
f 3086//3086 779//779 780//780
f 780//780 791//791 3086//3086
f 791//791 789//789 3086//3086
f 772//772 774//774 3087//3087
f 779//779 781//781 783//783
f 779//779 783//783 782//782
f 780//780 779//779 782//782
f 782//782 791//791 780//780
f 3085//3085 784//784 3088//3088
f 784//784 3089//3089 3088//3088
f 764//764 786//786 793//793
f 793//793 787//787 764//764
f 3078//3078 878//878 879//879
f 764//764 787//787 3120//3120
f 682//682 776//776 789//789
f 792//792 682//682 790//790
f 790//790 682//682 789//789
f 791//791 880//880 790//790
f 791//791 790//790 789//789
f 880//880 792//792 790//790
f 880//880 794//794 792//792
f 782//782 880//880 791//791
f 682//682 792//792 690//690
f 793//793 3120//3120 787//787
f 887//887 3120//3120 793//793
f 794//794 880//880 886//886
f 699//699 700//700 793//793
f 700//700 798//798 793//793
f 793//793 798//798 812//812
f 812//812 813//813 793//793
f 3061//3061 699//699 793//793
f 886//886 799//799 794//794
f 797//797 3091//3091 703//703
f 797//797 3093//3093 3091//3091
f 795//795 995//995 3092//3092
f 707//707 812//812 798//798
f 700//700 707//707 798//798
f 897//897 793//793 814//814
f 3094//3094 801//801 805//805
f 805//805 804//804 3094//3094
f 806//806 804//804 805//805
f 817//817 804//804 806//806
f 800//800 995//995 795//795
f 802//802 900//900 805//805
f 805//805 900//900 806//806
f 900//900 996//996 817//817
f 806//806 900//900 817//817
f 713//713 803//803 807//807
f 3095//3095 3096//3096 3098//3098
f 817//817 808//808 804//804
f 810//810 809//809 823//823
f 810//810 823//823 811//811
f 823//823 824//824 811//811
f 811//811 824//824 813//813
f 707//707 810//810 812//812
f 812//812 810//810 811//811
f 813//813 812//812 811//811
f 825//825 902//902 3099//3099
f 814//814 902//902 903//903
f 813//813 3100//3100 3090//3090
f 808//808 817//817 720//720
f 817//817 818//818 720//720
f 818//818 819//819 816//816
f 818//818 905//905 819//819
f 722//722 816//816 731//731
f 820//820 821//821 809//809
f 809//809 821//821 822//822
f 809//809 822//822 823//823
f 821//821 823//823 822//822
f 821//821 841//841 825//825
f 813//813 824//824 825//825
f 3100//3100 813//813 825//825
f 824//824 823//823 825//825
f 825//825 823//823 821//821
f 827//827 733//733 829//829
f 733//733 827//827 834//834
f 827//827 836//836 834//834
f 828//828 731//731 816//816
f 3101//3101 836//836 827//827
f 3069//3069 734//734 731//731
f 828//828 3069//3069 731//731
f 3101//3101 827//827 732//732
f 827//827 829//829 732//732
f 821//821 840//840 841//841
f 841//841 830//830 825//825
f 826//826 729//729 3102//3102
f 832//832 927//927 833//833
f 733//733 834//834 835//835
f 834//834 920//920 835//835
f 834//834 836//836 920//920
f 923//923 838//838 3103//3103
f 839//839 838//838 924//924
f 924//924 842//842 839//839
f 920//920 921//921 835//835
f 921//921 923//923 3103//3103
f 923//923 924//924 838//838
f 837//837 735//735 3071//3071
f 736//736 735//735 837//837
f 3103//3103 837//837 3071//3071
f 837//837 838//838 736//736
f 743//743 736//736 838//838
f 743//743 838//838 839//839
f 838//838 837//837 3103//3103
f 842//842 743//743 839//839
f 842//842 847//847 743//743
f 3105//3105 848//848 840//840
f 841//841 848//848 858//858
f 840//840 848//848 841//841
f 858//858 932//932 841//841
f 830//830 841//841 932//932
f 742//742 927//927 832//832
f 929//929 843//843 844//844
f 850//850 843//843 929//929
f 845//845 843//843 850//850
f 842//842 844//844 843//843
f 845//845 847//847 843//843
f 842//842 843//843 847//847
f 846//846 845//845 857//857
f 845//845 852//852 857//857
f 853//853 845//845 850//850
f 3105//3105 846//846 848//848
f 845//845 846//846 3105//3105
f 857//857 848//848 846//846
f 858//858 848//848 3112//3112
f 858//858 860//860 932//932
f 940//940 1011//1011 932//932
f 634//634 799//799 863//863
f 749//749 3106//3106 746//746
f 742//742 3106//3106 944//944
f 854//854 948//948 855//855
f 853//853 850//850 937//937
f 936//936 856//856 935//935
f 936//936 948//948 854//854
f 851//851 857//857 852//852
f 855//855 857//857 851//851
f 852//852 845//845 853//853
f 855//855 851//851 854//854
f 853//853 935//935 852//852
f 852//852 856//856 851//851
f 856//856 852//852 935//935
f 3111//3111 854//854 3107//3107
f 860//860 3108//3108 861//861
f 936//936 854//854 3111//3111
f 858//858 3112//3112 859//859
f 3112//3112 3109//3109 859//859
f 3110//3110 860//860 859//859
f 859//859 860//860 858//858
f 932//932 860//860 861//861
f 3135//3135 932//932 861//861
f 862//862 942//942 3106//3106
f 749//749 862//862 3106//3106
f 862//862 943//943 942//942
f 862//862 749//749 943//943
f 943//943 749//749 945//945
f 865//865 863//863 956//956
f 749//749 864//864 959//959
f 863//863 865//865 868//868
f 3113//3113 867//867 864//864
f 867//867 3113//3113 869//869
f 868//868 751//751 863//863
f 868//868 865//865 870//870
f 968//968 870//870 965//965
f 965//965 870//870 865//865
f 871//871 967//967 752//752
f 753//753 756//756 871//871
f 870//870 755//755 868//868
f 755//755 870//870 973//973
f 1166//1166 967//967 871//871
f 969//969 756//756 757//757
f 871//871 756//756 969//969
f 870//870 968//968 973//973
f 969//969 658//658 971//971
f 757//757 658//658 969//969
f 759//759 971//971 658//658
f 755//755 973//973 3119//3119
f 874//874 759//759 657//657
f 873//873 759//759 874//874
f 759//759 873//873 872//872
f 975//975 872//872 873//873
f 873//873 874//874 975//975
f 759//759 872//872 972//972
f 975//975 972//972 872//872
f 975//975 874//874 876//876
f 657//657 760//760 3119//3119
f 978//978 657//657 877//877
f 657//657 3119//3119 877//877
f 874//874 1067//1067 876//876
f 657//657 978//978 874//874
f 883//883 884//884 788//788
f 880//880 782//782 885//885
f 885//885 782//782 783//783
f 3089//3089 784//784 884//884
f 3089//3089 884//884 3123//3123
f 878//878 983//983 879//879
f 3121//3121 881//881 3144//3144
f 881//881 982//982 3144//3144
f 879//879 882//882 788//788
f 882//882 883//883 788//788
f 983//983 882//882 879//879
f 988//988 884//884 883//883
f 880//880 984//984 886//886
f 885//885 984//984 880//880
f 884//884 988//988 3123//3123
f 893//893 894//894 890//890
f 891//891 3122//3122 3124//3124
f 888//888 891//891 3124//3124
f 3126//3126 888//888 3128//3128
f 889//889 891//891 888//888
f 889//889 888//888 3126//3126
f 892//892 3127//3127 3125//3125
f 3125//3125 890//890 894//894
f 3125//3125 894//894 892//892
f 881//881 892//892 990//990
f 985//985 892//892 894//894
f 990//990 892//892 985//985
f 894//894 895//895 985//985
f 892//892 3121//3121 3127//3127
f 881//881 3121//3121 892//892
f 897//897 887//887 793//793
f 888//888 3124//3124 3130//3130
f 3128//3128 888//888 3130//3130
f 896//896 895//895 898//898
f 896//896 898//898 899//899
f 894//894 893//893 895//895
f 896//896 899//899 993//993
f 895//895 896//896 985//985
f 814//814 898//898 897//897
f 3129//3129 897//897 898//898
f 997//997 899//899 904//904
f 898//898 895//895 893//893
f 800//800 1101//1101 995//995
f 797//797 901//901 3093//3093
f 3092//3092 995//995 3131//3131
f 996//996 3132//3132 3145//3145
f 3132//3132 996//996 900//900
f 802//802 3132//3132 900//900
f 814//814 904//904 898//898
f 814//814 903//903 904//904
f 898//898 904//904 899//899
f 904//904 915//915 919//919
f 919//919 997//997 904//904
f 1106//1106 800//800 815//815
f 906//906 817//817 998//998
f 1107//1107 905//905 906//906
f 818//818 817//817 906//906
f 905//905 818//818 906//906
f 817//817 996//996 998//998
f 825//825 907//907 902//902
f 907//907 825//825 908//908
f 908//908 825//825 909//909
f 908//908 909//909 914//914
f 909//909 916//916 914//914
f 909//909 917//917 916//916
f 903//903 902//902 907//907
f 903//903 907//907 910//910
f 907//907 908//908 910//910
f 910//910 908//908 911//911
f 903//903 910//910 911//911
f 904//904 903//903 912//912
f 903//903 911//911 912//912
f 908//908 914//914 3133//3133
f 3134//3134 904//904 912//912
f 3134//3134 912//912 913//913
f 913//913 3133//3133 914//914
f 913//913 914//914 3134//3134
f 3134//3134 914//914 916//916
f 913//913 912//912 3133//3133
f 915//915 917//917 918//918
f 916//916 917//917 3134//3134
f 915//915 918//918 919//919
f 919//919 926//926 997//997
f 815//815 826//826 1004//1004
f 1001//1001 816//816 819//819
f 828//828 816//816 1001//1001
f 905//905 1107//1107 819//819
f 922//922 836//836 3101//3101
f 830//830 932//932 909//909
f 830//830 909//909 825//825
f 909//909 926//926 917//917
f 918//918 917//917 926//926
f 918//918 926//926 919//919
f 831//831 833//833 927//927
f 826//826 3102//3102 1222//1222
f 920//920 1117//1117 921//921
f 3101//3101 1007//1007 922//922
f 1007//1007 836//836 922//922
f 1001//1001 3150//3150 828//828
f 1005//1005 920//920 836//836
f 1117//1117 920//920 1005//1005
f 1007//1007 1006//1006 836//836
f 1006//1006 3149//3149 836//836
f 924//924 1117//1117 842//842
f 1117//1117 923//923 921//921
f 923//923 1117//1117 924//924
f 925//925 909//909 932//932
f 1011//1011 1008//1008 926//926
f 1011//1011 926//926 932//932
f 909//909 925//925 926//926
f 926//926 925//925 932//932
f 863//863 799//799 956//956
f 3256//3256 831//831 927//927
f 844//844 928//928 929//929
f 931//931 844//844 842//842
f 931//931 842//842 1117//1117
f 930//930 928//928 844//844
f 928//928 930//930 929//929
f 844//844 931//931 930//930
f 929//929 930//930 933//933
f 956//956 799//799 1013//1013
f 742//742 944//944 1133//1133
f 933//933 930//930 1134//1134
f 933//933 937//937 850//850
f 929//929 933//933 850//850
f 933//933 938//938 937//937
f 934//934 938//938 933//933
f 938//938 1024//1024 939//939
f 1021//1021 934//934 933//933
f 1024//1024 938//938 934//934
f 1024//1024 934//934 3152//3152
f 853//853 938//938 935//935
f 853//853 937//937 938//938
f 935//935 938//938 936//936
f 936//936 938//938 939//939
f 939//939 948//948 936//936
f 1011//1011 940//940 941//941
f 1013//1013 1019//1019 956//956
f 944//944 3106//3106 942//942
f 1028//1028 749//749 959//959
f 944//944 942//942 943//943
f 943//943 946//946 944//944
f 946//946 943//943 945//945
f 944//944 946//946 1234//1234
f 945//945 1234//1234 946//946
f 3155//3155 945//945 749//749
f 947//947 3136//3136 1023//1023
f 3153//3153 948//948 1024//1024
f 1024//1024 948//948 939//939
f 950//950 949//949 947//947
f 1030//1030 952//952 3137//3137
f 1023//1023 1025//1025 947//947
f 950//950 947//947 1025//1025
f 3137//3137 3154//3154 1030//1030
f 3108//3108 3136//3136 949//949
f 949//949 3136//3136 947//947
f 3108//3108 949//949 861//861
f 949//949 950//950 953//953
f 950//950 3138//3138 953//953
f 953//953 861//861 949//949
f 951//951 861//861 954//954
f 951//951 3135//3135 861//861
f 951//951 954//954 941//941
f 941//941 940//940 951//951
f 956//956 955//955 865//865
f 957//957 956//956 1019//1019
f 1019//1019 958//958 957//957
f 1019//1019 1120//1120 958//958
f 3140//3140 3139//3139 1031//1031
f 960//960 861//861 953//953
f 941//941 954//954 1033//1033
f 962//962 1033//1033 954//954
f 958//958 956//956 957//957
f 1061//1061 958//958 1120//1120
f 1354//1354 959//959 1139//1139
f 864//864 1035//1035 959//959
f 1139//1139 959//959 1035//1035
f 964//964 867//867 869//869
f 1147//1147 3114//3114 3142//3142
f 1039//1039 960//960 1045//1045
f 861//861 960//960 954//954
f 961//961 960//960 1039//1039
f 960//960 961//961 954//954
f 1040//1040 954//954 961//961
f 865//865 963//963 965//965
f 955//955 963//963 865//865
f 963//963 955//955 956//956
f 956//956 958//958 3141//3141
f 869//869 1050//1050 964//964
f 968//968 965//965 963//963
f 966//966 968//968 3141//3141
f 3141//3141 958//958 966//966
f 958//958 1061//1061 966//966
f 752//752 967//967 869//869
f 967//967 1050//1050 869//869
f 970//970 966//966 1061//1061
f 970//970 968//968 966//966
f 1166//1166 1050//1050 967//967
f 968//968 976//976 973//973
f 970//970 976//976 968//968
f 871//871 969//969 1166//1166
f 1061//1061 976//976 970//970
f 971//971 759//759 974//974
f 759//759 972//972 974//974
f 975//975 1067//1067 972//972
f 1067//1067 1179//1179 972//972
f 876//876 1067//1067 975//975
f 877//877 977//977 978//978
f 3119//3119 973//973 877//877
f 877//877 973//973 976//976
f 1067//1067 874//874 978//978
f 977//977 877//877 980//980
f 976//976 979//979 877//877
f 979//979 976//976 1085//1085
f 1068//1068 977//977 980//980
f 980//980 877//877 1072//1072
f 877//877 981//981 1072//1072
f 1072//1072 981//981 1073//1073
f 981//981 1074//1074 1083//1083
f 981//981 877//877 1074//1074
f 979//979 1074//1074 877//877
f 3144//3144 982//982 1087//1087
f 986//986 983//983 3166//3166
f 986//986 882//882 983//983
f 988//988 984//984 885//885
f 881//881 990//990 3143//3143
f 990//990 993//993 982//982
f 993//993 1088//1088 982//982
f 987//987 989//989 988//988
f 988//988 883//883 987//987
f 989//989 984//984 988//988
f 3168//3168 993//993 994//994
f 990//990 985//985 993//993
f 985//985 896//896 993//993
f 1088//1088 994//994 1089//1089
f 883//883 1207//1207 987//987
f 1100//1100 886//886 984//984
f 984//984 989//989 3174//3174
f 899//899 997//997 993//993
f 997//997 991//991 993//993
f 991//991 992//992 993//993
f 997//997 992//992 991//991
f 993//993 992//992 994//994
f 994//994 992//992 1089//1089
f 996//996 1102//1102 998//998
f 3145//3145 3177//3177 996//996
f 3176//3176 3178//3178 3146//3146
f 997//997 926//926 992//992
f 1104//1104 799//799 886//886
f 906//906 998//998 1107//1107
f 1106//1106 815//815 1004//1004
f 1002//1002 1218//1218 1000//1000
f 1218//1218 1226//1226 1000//1000
f 819//819 1107//1107 1002//1002
f 1000//1000 819//819 1002//1002
f 1001//1001 819//819 3148//3148
f 1001//1001 3148//3148 3258//3258
f 1008//1008 999//999 926//926
f 3147//3147 3151//3151 1009//1009
f 1003//1003 799//799 1104//1104
f 1003//1003 1104//1104 1014//1014
f 1110//1110 1014//1014 1104//1104
f 1111//1111 1106//1106 1004//1004
f 1006//1006 1118//1118 3149//3149
f 1118//1118 1006//1006 1007//1007
f 3185//3185 1117//1117 1005//1005
f 1009//1009 1008//1008 1011//1011
f 1112//1112 1009//1009 1011//1011
f 1003//1003 1013//1013 799//799
f 1003//1003 1014//1014 1013//1013
f 930//930 931//931 1134//1134
f 1015//1015 1010//1010 941//941
f 1011//1011 941//941 1010//1010
f 1011//1011 1010//1010 1112//1112
f 1010//1010 1015//1015 1012//1012
f 1010//1010 1012//1012 1113//1113
f 1012//1012 1015//1015 1113//1113
f 1112//1112 1010//1010 1113//1113
f 1014//1014 1019//1019 1013//1013
f 1120//1120 1019//1019 1014//1014
f 927//927 742//742 1133//1133
f 941//941 1033//1033 1015//1015
f 1136//1136 1017//1017 1016//1016
f 1016//1016 1026//1026 1136//1136
f 1119//1119 1113//1113 1015//1015
f 1017//1017 1119//1119 1015//1015
f 1018//1018 1119//1119 1017//1017
f 1136//1136 1125//1125 1017//1017
f 1126//1126 1119//1119 1018//1018
f 1125//1125 1018//1018 1017//1017
f 1125//1125 1127//1127 1018//1018
f 3155//3155 1235//1235 1020//1020
f 945//945 3155//3155 1020//1020
f 1234//1234 1020//1020 1235//1235
f 1234//1234 945//945 1020//1020
f 1024//1024 3152//3152 1022//1022
f 1348//1348 1022//1022 3152//3152
f 3153//3153 1024//1024 1022//1022
f 1023//1023 1022//1022 1350//1350
f 1025//1025 1023//1023 1350//1350
f 1015//1015 1026//1026 1017//1017
f 1026//1026 1015//1015 1033//1033
f 1016//1016 1017//1017 1026//1026
f 1026//1026 1033//1033 1027//1027
f 959//959 1354//1354 1028//1028
f 1030//1030 1137//1137 1032//1032
f 1137//1137 1029//1029 3156//3156
f 1142//1142 1031//1031 1029//1029
f 952//952 1030//1030 1032//1032
f 1031//1031 3139//3139 3156//3156
f 1031//1031 3156//3156 1029//1029
f 1031//1031 1037//1037 3140//3140
f 953//953 3158//3158 1038//1038
f 1037//1037 1031//1031 1142//1142
f 1061//1061 1120//1120 1034//1034
f 1035//1035 1245//1245 1139//1139
f 1036//1036 1045//1045 1038//1038
f 3158//3158 3157//3157 1038//1038
f 953//953 1038//1038 960//960
f 960//960 1038//1038 1045//1045
f 1045//1045 1036//1036 1151//1151
f 1039//1039 1045//1045 1040//1040
f 1040//1040 961//961 1039//1039
f 1040//1040 1045//1045 1044//1044
f 954//954 1040//1040 962//962
f 962//962 1048//1048 1049//1049
f 962//962 1049//1049 1041//1041
f 962//962 1041//1041 1033//1033
f 1033//1033 1041//1041 1042//1042
f 1033//1033 1042//1042 1145//1145
f 1146//1146 1035//1035 864//864
f 1043//1043 864//864 867//867
f 864//864 1043//1043 3189//3189
f 3192//3192 1043//1043 867//867
f 3142//3142 1250//1250 1147//1147
f 1250//1250 964//964 1050//1050
f 1051//1051 1047//1047 3196//3196
f 1044//1044 1045//1045 1151//1151
f 3196//3196 1047//1047 1044//1044
f 1047//1047 1051//1051 1044//1044
f 1051//1051 1046//1046 1044//1044
f 1046//1046 1040//1040 1044//1044
f 1040//1040 1048//1048 962//962
f 1048//1048 1040//1040 1046//1046
f 1048//1048 1055//1055 1049//1049
f 1049//1049 1055//1055 1053//1053
f 1041//1041 1049//1049 1042//1042
f 1049//1049 1053//1053 1042//1042
f 1058//1058 1042//1042 1054//1054
f 3159//3159 1053//1053 3161//3161
f 1042//1042 1058//1058 1145//1145
f 1058//1058 1059//1059 1145//1145
f 1132//1132 1061//1061 1034//1034
f 1051//1051 1153//1153 1052//1052
f 1055//1055 1155//1155 1156//1156
f 1046//1046 1051//1051 1052//1052
f 1052//1052 1048//1048 1046//1046
f 1055//1055 1052//1052 1155//1155
f 1048//1048 1052//1052 1055//1055
f 1055//1055 1056//1056 3161//3161
f 1055//1055 3161//3161 1053//1053
f 3162//3162 1057//1057 1054//1054
f 1057//1057 1058//1058 1054//1054
f 1058//1058 1057//1057 1160//1160
f 1058//1058 1160//1160 1060//1060
f 1058//1058 1060//1060 1059//1059
f 1059//1059 1060//1060 1145//1145
f 3162//3162 1168//1168 1057//1057
f 969//969 1173//1173 1164//1164
f 969//969 971//971 974//974
f 1063//1063 969//969 974//974
f 974//974 1062//1062 1063//1063
f 972//972 1062//1062 974//974
f 1176//1176 1063//1063 1064//1064
f 1065//1065 1176//1176 1064//1064
f 1063//1063 1062//1062 1065//1065
f 1064//1064 1063//1063 1065//1065
f 3163//3163 1062//1062 1066//1066
f 1063//1063 3204//3204 969//969
f 972//972 1179//1179 1066//1066
f 972//972 1066//1066 1062//1062
f 1301//1301 976//976 1061//1061
f 1067//1067 1181//1181 1179//1179
f 1181//1181 1067//1067 1070//1070
f 1181//1181 1075//1075 1295//1295
f 1068//1068 1070//1070 977//977
f 1070//1070 1068//1068 1071//1071
f 1071//1071 1068//1068 980//980
f 1071//1071 980//980 1069//1069
f 978//978 1070//1070 1067//1067
f 1070//1070 978//978 977//977
f 1075//1075 1070//1070 1071//1071
f 1070//1070 1075//1075 1181//1181
f 1072//1072 1069//1069 980//980
f 1081//1081 1072//1072 1073//1073
f 1069//1069 1072//1072 1081//1081
f 981//981 1083//1083 1082//1082
f 976//976 1301//1301 1085//1085
f 1081//1081 1077//1077 1069//1069
f 1069//1069 1077//1077 1076//1076
f 1079//1079 1077//1077 1081//1081
f 3164//3164 1076//1076 1077//1077
f 1078//1078 1187//1187 1071//1071
f 1069//1069 1078//1078 1071//1071
f 1076//1076 1078//1078 1069//1069
f 1184//1184 1076//1076 3164//3164
f 1186//1186 3207//3207 1079//1079
f 1081//1081 1073//1073 981//981
f 1081//1081 981//981 1080//1080
f 1082//1082 3165//3165 981//981
f 1079//1079 1081//1081 1080//1080
f 1082//1082 1189//1189 3165//3165
f 1082//1082 1083//1083 1189//1189
f 1083//1083 1074//1074 1086//1086
f 1074//1074 1190//1190 1086//1086
f 1084//1084 1190//1190 1074//1074
f 1084//1084 979//979 1085//1085
f 1084//1084 1074//1074 979//979
f 1191//1191 1084//1084 1085//1085
f 1085//1085 1301//1301 1306//1306
f 1191//1191 1190//1190 1084//1084
f 1085//1085 1306//1306 1191//1191
f 3166//3166 1093//1093 986//986
f 1090//1090 982//982 1088//1088
f 1093//1093 1092//1092 986//986
f 982//982 1090//1090 1087//1087
f 1089//1089 1090//1090 1088//1088
f 992//992 1090//1090 1089//1089
f 1094//1094 3169//3169 1096//1096
f 1096//1096 3169//3169 1091//1091
f 986//986 1092//1092 882//882
f 1094//1094 1092//1092 1093//1093
f 3166//3166 1094//1094 1093//1093
f 3172//3172 3167//3167 3170//3170
f 1095//1095 1094//1094 1096//1096
f 1095//1095 1092//1092 1094//1094
f 987//987 1207//1207 1208//1208
f 987//987 1208//1208 989//989
f 1090//1090 992//992 1097//1097
f 999//999 1090//1090 1097//1097
f 3169//3169 3147//3147 1098//1098
f 3169//3169 1098//1098 1091//1091
f 1091//1091 1099//1099 1192//1192
f 3210//3210 3173//3173 3171//3171
f 1103//1103 1192//1192 1099//1099
f 883//883 882//882 1207//1207
f 1198//1198 882//882 1092//1092
f 882//882 1198//1198 1207//1207
f 1195//1195 1095//1095 1096//1096
f 1095//1095 1195//1195 1092//1092
f 992//992 926//926 1097//1097
f 999//999 1097//1097 926//926
f 1098//1098 3147//3147 1099//1099
f 1099//1099 1091//1091 1098//1098
f 886//886 1100//1100 1104//1104
f 1106//1106 1211//1211 800//800
f 1202//1202 1101//1101 800//800
f 3176//3176 3236//3236 3178//3178
f 1202//1202 800//800 1211//1211
f 1108//1108 998//998 1102//1102
f 1109//1109 1103//1103 3147//3147
f 3147//3147 1103//1103 1099//1099
f 1197//1197 1103//1103 1109//1109
f 1105//1105 1104//1104 1100//1100
f 1002//1002 1107//1107 1218//1218
f 998//998 1108//1108 1107//1107
f 1109//1109 3147//3147 1009//1009
f 1105//1105 1122//1122 1110//1110
f 1105//1105 1110//1110 1104//1104
f 1338//1338 1106//1106 1111//1111
f 3314//3314 3183//3183 1004//1004
f 1109//1109 1009//1009 1112//1112
f 1112//1112 1113//1113 1109//1109
f 1109//1109 1113//1113 1119//1119
f 1231//1231 1230//1230 1119//1119
f 1121//1121 1122//1122 1114//1114
f 1122//1122 1014//1014 1110//1110
f 1114//1114 1122//1122 3179//3179
f 1115//1115 1121//1121 1114//1114
f 3179//3179 1115//1115 1114//1114
f 1116//1116 1124//1124 3184//3184
f 1116//1116 1220//1220 1124//1124
f 1220//1220 3184//3184 3180//3180
f 1220//1220 1116//1116 3184//3184
f 3150//3150 1001//1001 1229//1229
f 3150//3150 1229//1229 3185//3185
f 1129//1129 1119//1119 1126//1126
f 1129//1129 1231//1231 1119//1119
f 1014//1014 1122//1122 1120//1120
f 1122//1122 1123//1123 1120//1120
f 1115//1115 1124//1124 1121//1121
f 1123//1123 1122//1122 1124//1124
f 1121//1121 1124//1124 1122//1122
f 1130//1130 1123//1123 1124//1124
f 1220//1220 1130//1130 1124//1124
f 1221//1221 1132//1132 1220//1220
f 927//927 1133//1133 3256//3256
f 3256//3256 1133//1133 1449//1449
f 1127//1127 1126//1126 1018//1018
f 1128//1128 1125//1125 1136//1136
f 1126//1126 3186//3186 1129//1129
f 1128//1128 1129//1129 3187//3187
f 1125//1125 1128//1128 3187//3187
f 1129//1129 1128//1128 1231//1231
f 1136//1136 1231//1231 1128//1128
f 1231//1231 1136//1136 1033//1033
f 1120//1120 1123//1123 1130//1130
f 1130//1130 1034//1034 1120//1120
f 1220//1220 1131//1131 1130//1130
f 1131//1131 1220//1220 1132//1132
f 1133//1133 944//944 1234//1234
f 933//933 1134//1134 1135//1135
f 1022//1022 1348//1348 1350//1350
f 933//933 1135//1135 1021//1021
f 1021//1021 1135//1135 1349//1349
f 1136//1136 1026//1026 1027//1027
f 1027//1027 1033//1033 1136//1136
f 1130//1130 1131//1131 1034//1034
f 1131//1131 1132//1132 1034//1034
f 3154//3154 1236//1236 1030//1030
f 1236//1236 1137//1137 1030//1030
f 1033//1033 1145//1145 1138//1138
f 1231//1231 1033//1033 1138//1138
f 1138//1138 1145//1145 1231//1231
f 1139//1139 1245//1245 1354//1354
f 1144//1144 1029//1029 1137//1137
f 1144//1144 1238//1238 1141//1141
f 3261//3261 1140//1140 1141//1141
f 1151//1151 1036//1036 1247//1247
f 1143//1143 3158//3158 1142//1142
f 1143//1143 3157//3157 3158//3158
f 1143//1143 1140//1140 3157//3157
f 1247//1247 1036//1036 3188//3188
f 1144//1144 1142//1142 1029//1029
f 1142//1142 1141//1141 1143//1143
f 1141//1141 1140//1140 1143//1143
f 1142//1142 1144//1144 1141//1141
f 1145//1145 1060//1060 1240//1240
f 1061//1061 1132//1132 1242//1242
f 3160//3160 1243//1243 3190//3190
f 1035//1035 1146//1146 1245//1245
f 1149//1149 1148//1148 1150//1150
f 3193//3193 3194//3194 3195//3195
f 3264//3264 1043//1043 3192//3192
f 3196//3196 1154//1154 1152//1152
f 3196//3196 1252//1252 1154//1154
f 1260//1260 1248//1248 1060//1060
f 1241//1241 1248//1248 1249//1249
f 1240//1240 1248//1248 1241//1241
f 1248//1248 1240//1240 1060//1060
f 1153//1153 1152//1152 1154//1154
f 1257//1257 1153//1153 1365//1365
f 3196//3196 1152//1152 1051//1051
f 1052//1052 1153//1153 1155//1155
f 1051//1051 1152//1152 1153//1153
f 1153//1153 1257//1257 1155//1155
f 1156//1156 1155//1155 1257//1257
f 1156//1156 1157//1157 1055//1055
f 1157//1157 1156//1156 1255//1255
f 3266//3266 1258//1258 1156//1156
f 1258//1258 1255//1255 1156//1156
f 1265//1265 1158//1158 3197//3197
f 1055//1055 1157//1157 1056//1056
f 1158//1158 3162//3162 3197//3197
f 1158//1158 1159//1159 3162//3162
f 1060//1060 1160//1160 1260//1260
f 1160//1160 1268//1268 1260//1260
f 3162//3162 1159//1159 1168//1168
f 1159//1159 1266//1266 1168//1168
f 1271//1271 1168//1168 1266//1266
f 1057//1057 1169//1169 1160//1160
f 1269//1269 1160//1160 1161//1161
f 1269//1269 1161//1161 1272//1272
f 1166//1166 969//969 1162//1162
f 1163//1163 1162//1162 969//969
f 969//969 1164//1164 1163//1163
f 3199//3199 3200//3200 1165//1165
f 3200//3200 3201//3201 1165//1165
f 1166//1166 1162//1162 1167//1167
f 1167//1167 1162//1162 3202//3202
f 3203//3203 1164//1164 1373//1373
f 1274//1274 1167//1167 3202//3202
f 1166//1166 1167//1167 1372//1372
f 1372//1372 1167//1167 1274//1274
f 1274//1274 3202//3202 1373//1373
f 1276//1276 1169//1169 1168//1168
f 1169//1169 1057//1057 1168//1168
f 1170//1170 1160//1160 1169//1169
f 1276//1276 1170//1170 1169//1169
f 1160//1160 1170//1170 1171//1171
f 1160//1160 1171//1171 1161//1161
f 1173//1173 1373//1373 1164//1164
f 1276//1276 1174//1174 1170//1170
f 1175//1175 1174//1174 1276//1276
f 1175//1175 1171//1171 1170//1170
f 1170//1170 1174//1174 1175//1175
f 1171//1171 1175//1175 1277//1277
f 1277//1277 1282//1282 1171//1171
f 1161//1161 1171//1171 1284//1284
f 1288//1288 1061//1061 1242//1242
f 1177//1177 3204//3204 3163//3163
f 1177//1177 3163//3163 1066//1066
f 1177//1177 1066//1066 1178//1178
f 1181//1181 1180//1180 1179//1179
f 1066//1066 1179//1179 3205//3205
f 1386//1386 1179//1179 1387//1387
f 1180//1180 1387//1387 1179//1179
f 1294//1294 1061//1061 1288//1288
f 1181//1181 1182//1182 3206//3206
f 1295//1295 1182//1182 1181//1181
f 1187//1187 1295//1295 1071//1071
f 1075//1075 1071//1071 1295//1295
f 1185//1185 1078//1078 1076//1076
f 1183//1183 1185//1185 1076//1076
f 3208//3208 1183//1183 1076//1076
f 1078//1078 1185//1185 1187//1187
f 1185//1185 1183//1183 3208//3208
f 1079//1079 1080//1080 1186//1186
f 1294//1294 1301//1301 1061//1061
f 1185//1185 3208//3208 3209//3209
f 1185//1185 3209//3209 1405//1405
f 3209//3209 1188//1188 1405//1405
f 1189//1189 1405//1405 1188//1188
f 1188//1188 3209//3209 3165//3165
f 1189//1189 1188//1188 3165//3165
f 1299//1299 1189//1189 1083//1083
f 1086//1086 1299//1299 1083//1083
f 1299//1299 1086//1086 1190//1190
f 1192//1192 1103//1103 1193//1193
f 3211//3211 1195//1195 1096//1096
f 3220//3220 3212//3212 3213//3213
f 3221//3221 3214//3214 1194//1194
f 1195//1195 3216//3216 1199//1199
f 3215//3215 3223//3223 3217//3217
f 3218//3218 3224//3224 1196//1196
f 3219//3219 3222//3222 3228//3228
f 1092//1092 1195//1195 1198//1198
f 1195//1195 1199//1199 1198//1198
f 1193//1193 1103//1103 1197//1197
f 3224//3224 1206//1206 1196//1196
f 1196//1196 1206//1206 1200//1200
f 1320//1320 3230//3230 1309//1309
f 1196//1196 1200//1200 3229//3229
f 1199//1199 3231//3231 1198//1198
f 3232//3232 3295//3295 1319//1319
f 3233//3233 3293//3293 3226//3226
f 3294//3294 1463//1463 3227//3227
f 1208//1208 1209//1209 989//989
f 989//989 3243//3243 3174//3174
f 3236//3236 1201//1201 3178//3178
f 3235//3235 1108//1108 1102//1102
f 1203//1203 1108//1108 3235//3235
f 1202//1202 1211//1211 1204//1204
f 1201//1201 3236//3236 3237//3237
f 3238//3238 1203//1203 3235//3235
f 3246//3246 1203//1203 3239//3239
f 3241//3241 3225//3225 3182//3182
f 1206//1206 1213//1213 1205//1205
f 3240//3240 3252//3252 1309//1309
f 1321//1321 1309//1309 3252//3252
f 3252//3252 1215//1215 1321//1321
f 1200//1200 1206//1206 1205//1205
f 3240//3240 1309//1309 3234//3234
f 1207//1207 1198//1198 1336//1336
f 1336//1336 1208//1208 1207//1207
f 1336//1336 1217//1217 1208//1208
f 1208//1208 1217//1217 1209//1209
f 1210//1210 1211//1211 1106//1106
f 1106//1106 1326//1326 1210//1210
f 1106//1106 1219//1219 1326//1326
f 1219//1219 1332//1332 1326//1326
f 1211//1211 1210//1210 1327//1327
f 1212//1212 1328//1328 1108//1108
f 1328//1328 1329//1329 1108//1108
f 1327//1327 1210//1210 1326//1326
f 3247//3247 3250//3250 3181//3181
f 3246//3246 1108//1108 1203//1203
f 3253//3253 3242//3242 1109//1109
f 3253//3253 1109//1109 1119//1119
f 1119//1119 1214//1214 3252//3252
f 1119//1119 1216//1216 1214//1214
f 1216//1216 1119//1119 1230//1230
f 1214//1214 1216//1216 1215//1215
f 1214//1214 1215//1215 3252//3252
f 1215//1215 1216//1216 1330//1330
f 3175//3175 3244//3244 3180//3180
f 3314//3314 1004//1004 826//826
f 1219//1219 1106//1106 1338//1338
f 1108//1108 1218//1218 1107//1107
f 1219//1219 1338//1338 1439//1439
f 1329//1329 1218//1218 1108//1108
f 1231//1231 1331//1331 1230//1230
f 1334//1334 1331//1331 1231//1231
f 1334//1334 1232//1232 1333//1333
f 1220//1220 3180//3180 1221//1221
f 1221//1221 3180//3180 3244//3244
f 1223//1223 1224//1224 826//826
f 1224//1224 1338//1338 826//826
f 1223//1223 826//826 1222//1222
f 1339//1339 1224//1224 1223//1223
f 1224//1224 1339//1339 1338//1338
f 1339//1339 3257//3257 3256//3256
f 1229//1229 3258//3258 1225//1225
f 1225//1225 1227//1227 1229//1229
f 1342//1342 3185//3185 1229//1229
f 3258//3258 1227//1227 1225//1225
f 1227//1227 1342//1342 1229//1229
f 1228//1228 3258//3258 1341//1341
f 1227//1227 3258//3258 1228//1228
f 1342//1342 1227//1227 1228//1228
f 1441//1441 1341//1341 1226//1226
f 1229//1229 1001//1001 3258//3258
f 1334//1334 1231//1231 1232//1232
f 1233//1233 1333//1333 1232//1232
f 1342//1342 1117//1117 3185//3185
f 1232//1232 1231//1231 1145//1145
f 1232//1232 1145//1145 1233//1233
f 1233//1233 1145//1145 1343//1343
f 1333//1333 1233//1233 1343//1343
f 1117//1117 1134//1134 931//931
f 1349//1349 1135//1135 1134//1134
f 1117//1117 1349//1349 1134//1134
f 1240//1240 1343//1343 1145//1145
f 1449//1449 1133//1133 1234//1234
f 1449//1449 1234//1234 1235//1235
f 3152//3152 1349//1349 1348//1348
f 1025//1025 1350//1350 3260//3260
f 1240//1240 1345//1345 1343//1343
f 1132//1132 1221//1221 1242//1242
f 1359//1359 1354//1354 1245//1245
f 1237//1237 1144//1144 1137//1137
f 1239//1239 1144//1144 1237//1237
f 1237//1237 1137//1137 1355//1355
f 1356//1356 1239//1239 1237//1237
f 1239//1239 1238//1238 1144//1144
f 3261//3261 3262//3262 1140//1140
f 3263//3263 1247//1247 3188//3188
f 1241//1241 1345//1345 1240//1240
f 1249//1249 1345//1345 1241//1241
f 1249//1249 1357//1357 1345//1345
f 1357//1357 1344//1344 1345//1345
f 1244//1244 1243//1243 1251//1251
f 1244//1244 3190//3190 1243//1243
f 3265//3265 3264//3264 3192//3192
f 1246//1246 3191//3191 1244//1244
f 1146//1146 1246//1246 1245//1245
f 1246//1246 1244//1244 1251//1251
f 1247//1247 3263//3263 1618//1618
f 1247//1247 1252//1252 1151//1151
f 1618//1618 1252//1252 1247//1247
f 1249//1249 1248//1248 1260//1260
f 1249//1249 1254//1254 1357//1357
f 1250//1250 1251//1251 1147//1147
f 1154//1154 1252//1252 1365//1365
f 1153//1153 1154//1154 1365//1365
f 1366//1366 1257//1257 1365//1365
f 3268//3268 1268//1268 1253//1253
f 1249//1249 3269//3269 1254//1254
f 1254//1254 3269//3269 1357//1357
f 1253//1253 3315//3315 3268//3268
f 1258//1258 1256//1256 1255//1255
f 1510//1510 1255//1255 1256//1256
f 1366//1366 1505//1505 1259//1259
f 3267//3267 1509//1509 1256//1256
f 3267//3267 1505//1505 1509//1509
f 3267//3267 1258//1258 3266//3266
f 1259//1259 1257//1257 1366//1366
f 1258//1258 3267//3267 1256//1256
f 1367//1367 1261//1261 1262//1262
f 1261//1261 1269//1269 1262//1262
f 1261//1261 1253//1253 1268//1268
f 1262//1262 1264//1264 1368//1368
f 1368//1368 1367//1367 1262//1262
f 1253//1253 1261//1261 1263//1263
f 1367//1367 3270//3270 1261//1261
f 3271//3271 1157//1157 1255//1255
f 3272//3272 1255//1255 1510//1510
f 1510//1510 1508//1508 3272//3272
f 1514//1514 1267//1267 1513//1513
f 1267//1267 1159//1159 1158//1158
f 1267//1267 1266//1266 1159//1159
f 1158//1158 1265//1265 1369//1369
f 1266//1266 1371//1371 1271//1271
f 1369//1369 1513//1513 3198//3198
f 1513//1513 1267//1267 3198//3198
f 1371//1371 1266//1266 1516//1516
f 1269//1269 1268//1268 1160//1160
f 1261//1261 1268//1268 1269//1269
f 1264//1264 1262//1262 1269//1269
f 1166//1166 1511//1511 1507//1507
f 1266//1266 1267//1267 1514//1514
f 1276//1276 1168//1168 1270//1270
f 1276//1276 1270//1270 1378//1378
f 1270//1270 1168//1168 1271//1271
f 1271//1271 1371//1371 1270//1270
f 1270//1270 1371//1371 1378//1378
f 1172//1172 1272//1272 1161//1161
f 1172//1172 1279//1279 1272//1272
f 1272//1272 1264//1264 1269//1269
f 1272//1272 1273//1273 1264//1264
f 1273//1273 1272//1272 1279//1279
f 1273//1273 1279//1279 1370//1370
f 1370//1370 1264//1264 1273//1273
f 1279//1279 1291//1291 1370//1370
f 1370//1370 1291//1291 1392//1392
f 1173//1173 1520//1520 1373//1373
f 1372//1372 1274//1274 1374//1374
f 1274//1274 1373//1373 1374//1374
f 1276//1276 1381//1381 1275//1275
f 1378//1378 1381//1381 1276//1276
f 1275//1275 1381//1381 1379//1379
f 1175//1175 1276//1276 1275//1275
f 1175//1175 1275//1275 1281//1281
f 1277//1277 1281//1281 1283//1283
f 1277//1277 1175//1175 1281//1281
f 1285//1285 1278//1278 1161//1161
f 1286//1286 1278//1278 1285//1285
f 1161//1161 1284//1284 1285//1285
f 1172//1172 1161//1161 1278//1278
f 1172//1172 1278//1278 1286//1286
f 1279//1279 1172//1172 3275//3275
f 3204//3204 1280//1280 969//969
f 1280//1280 1173//1173 969//969
f 1277//1277 3273//3273 1282//1282
f 1171//1171 1282//1282 1289//1289
f 1171//1171 1287//1287 1284//1284
f 1284//1284 1287//1287 1285//1285
f 1285//1285 3276//3276 1286//1286
f 3277//3277 1286//1286 3276//3276
f 1171//1171 1289//1289 1287//1287
f 3275//3275 1291//1291 1279//1279
f 1242//1242 1294//1294 1288//1288
f 1386//1386 3205//3205 1179//1179
f 3204//3204 1177//1177 1383//1383
f 3323//3323 1177//1177 1178//1178
f 1382//1382 3323//3323 1178//1178
f 1389//1389 1289//1289 1282//1282
f 3275//3275 1290//1290 1291//1291
f 3275//3275 1289//1289 1290//1290
f 1294//1294 1242//1242 1496//1496
f 1182//1182 1393//1393 1388//1388
f 1388//1388 3327//3327 3206//3206
f 1388//1388 3206//3206 1182//1182
f 1295//1295 1393//1393 1182//1182
f 1289//1289 1390//1390 1290//1290
f 1394//1394 1390//1390 1289//1289
f 1390//1390 1296//1296 1293//1293
f 1293//1293 1296//1296 1292//1292
f 1293//1293 1290//1290 1390//1390
f 3280//3280 1391//1391 3278//3278
f 1293//1293 1291//1291 1290//1290
f 1291//1291 1293//1293 1292//1292
f 3282//3282 1187//1187 1298//1298
f 1185//1185 1298//1298 1187//1187
f 1405//1405 3284//3284 1185//1185
f 1398//1398 1296//1296 1390//1390
f 1398//1398 1395//1395 1296//1296
f 1296//1296 1395//1395 1297//1297
f 1296//1296 1297//1297 3281//3281
f 3280//3280 3283//3283 1391//1391
f 1294//1294 1412//1412 1300//1300
f 1189//1189 1299//1299 1413//1413
f 1300//1300 1301//1301 1294//1294
f 1301//1301 1300//1300 1412//1412
f 1414//1414 1299//1299 1302//1302
f 1299//1299 1190//1190 1302//1302
f 1412//1412 1304//1304 1301//1301
f 1412//1412 1565//1565 1304//1304
f 1303//1303 1302//1302 1190//1190
f 1303//1303 1421//1421 1302//1302
f 1303//1303 1191//1191 1422//1422
f 1190//1190 1191//1191 1303//1303
f 1306//1306 1305//1305 1191//1191
f 1306//1306 1308//1308 1307//1307
f 1301//1301 1304//1304 1306//1306
f 1422//1422 1421//1421 1303//1303
f 1305//1305 1424//1424 1191//1191
f 1306//1306 1307//1307 1305//1305
f 1308//1308 1306//1306 1426//1426
f 1310//1310 1311//1311 1320//1320
f 1321//1321 1310//1310 1309//1309
f 1309//1309 1310//1310 1320//1320
f 1314//1314 1311//1311 1312//1312
f 1312//1312 1311//1311 1310//1310
f 1313//1313 3285//3285 1321//1321
f 3286//3286 3285//3285 1313//1313
f 1314//1314 1315//1315 1311//1311
f 1311//1311 1315//1315 3296//3296
f 1313//1313 1321//1321 1316//1316
f 1321//1321 1215//1215 1316//1316
f 3296//3296 1324//1324 1463//1463
f 3296//3296 1315//1315 1324//1324
f 3288//3288 3289//3289 1318//1318
f 3288//3288 1318//1318 3287//3287
f 3292//3292 1314//1314 1312//1312
f 1314//1314 3292//3292 1315//1315
f 1318//1318 3289//3289 1322//1322
f 3292//3292 1317//1317 1315//1315
f 1322//1322 3290//3290 1318//1318
f 1315//1315 1317//1317 1324//1324
f 3296//3296 1463//1463 3294//3294
f 1215//1215 1330//1330 3289//3289
f 3289//3289 1331//1331 1322//1322
f 1322//1322 1331//1331 3290//3290
f 1331//1331 1323//1323 3291//3291
f 1317//1317 1325//1325 1324//1324
f 1317//1317 3297//3297 1325//1325
f 1324//1324 1325//1325 1463//1463
f 3251//3251 3248//3248 3304//3304
f 3249//3249 3301//3301 3305//3305
f 3302//3302 3307//3307 3306//3306
f 3299//3299 3308//3308 3303//3303
f 3310//3310 3309//3309 3300//3300
f 1230//1230 1330//1330 1216//1216
f 1331//1331 1330//1330 1230//1230
f 3289//3289 1330//1330 1331//1331
f 1323//1323 1331//1331 1434//1434
f 1325//1325 1438//1438 1463//1463
f 1442//1442 1439//1439 1338//1338
f 1218//1218 1441//1441 1226//1226
f 3311//3311 3254//3254 3344//3344
f 3312//3312 1218//1218 1329//1329
f 1441//1441 1218//1218 3312//3312
f 3345//3345 1441//1441 3312//3312
f 1434//1434 1331//1331 1334//1334
f 1333//1333 1434//1434 1334//1334
f 1335//1335 1434//1434 1333//1333
f 1335//1335 1333//1333 1343//1343
f 1343//1343 1434//1434 1335//1335
f 1463//1463 1336//1336 1198//1198
f 1217//1217 1336//1336 1484//1484
f 1209//1209 1217//1217 1337//1337
f 3255//3255 3245//3245 3313//3313
f 1338//1338 1339//1339 1442//1442
f 1442//1442 1339//1339 1440//1440
f 1441//1441 1452//1452 1341//1341
f 1337//1337 1217//1217 1484//1484
f 1337//1337 1484//1484 1471//1471
f 1228//1228 1341//1341 1465//1465
f 1342//1342 1228//1228 1465//1465
f 1339//1339 3256//3256 1450//1450
f 1450//1450 3256//3256 1449//1449
f 1343//1343 1345//1345 1340//1340
f 1344//1344 1340//1340 1345//1345
f 1456//1456 1344//1344 1347//1347
f 1456//1456 1340//1340 1344//1344
f 3375//3375 3255//3255 3313//3313
f 1349//1349 1117//1117 1342//1342
f 1474//1474 1349//1349 1342//1342
f 3316//3316 1346//1346 1344//1344
f 1344//1344 1346//1346 1347//1347
f 1346//1346 3316//3316 1347//1347
f 1347//1347 3315//3315 1352//1352
f 3376//3376 1242//1242 1221//1221
f 1242//1242 3376//3376 1353//1353
f 1353//1353 3376//3376 1481//1481
f 1475//1475 1449//1449 1235//1235
f 1348//1348 1349//1349 1474//1474
f 3315//3315 1358//1358 1352//1352
f 1351//1351 1352//1352 1358//1358
f 1353//1353 1481//1481 1242//1242
f 3259//3259 1028//1028 1354//1354
f 3259//3259 1354//1354 1359//1359
f 1348//1348 1355//1355 1350//1350
f 1355//1355 1356//1356 1237//1237
f 1137//1137 1236//1236 1355//1355
f 1350//1350 1355//1355 3260//3260
f 1488//1488 1358//1358 3315//3315
f 1488//1488 3315//3315 1360//1360
f 1488//1488 1351//1351 1358//1358
f 1245//1245 1246//1246 1359//1359
f 1359//1359 1246//1246 1498//1498
f 1607//1607 1359//1359 1498//1498
f 1360//1360 1253//1253 1361//1361
f 1360//1360 3315//3315 1253//1253
f 1488//1488 1360//1360 1361//1361
f 1251//1251 1250//1250 1497//1497
f 1498//1498 1246//1246 1251//1251
f 1497//1497 1250//1250 1638//1638
f 1618//1618 1365//1365 1252//1252
f 3270//3270 1367//1367 1361//1361
f 1362//1362 1367//1367 1368//1368
f 1361//1361 1367//1367 1362//1362
f 1263//1263 1361//1361 1253//1253
f 3317//3317 3318//3318 1499//1499
f 1264//1264 3385//3385 3319//3319
f 1361//1361 1362//1362 1488//1488
f 3317//3317 1499//1499 1488//1488
f 1166//1166 1363//1363 1050//1050
f 1250//1250 1050//1050 1364//1364
f 1364//1364 1050//1050 1363//1363
f 1363//1363 1504//1504 1364//1364
f 1364//1364 1504//1504 1250//1250
f 1363//1363 1166//1166 1504//1504
f 1504//1504 1166//1166 1506//1506
f 1504//1504 1506//1506 1638//1638
f 1642//1642 1509//1509 1505//1505
f 1365//1365 1505//1505 1366//1366
f 3385//3385 1264//1264 1370//1370
f 1499//1499 1370//1370 1500//1500
f 1506//1506 1166//1166 1507//1507
f 1508//1508 1369//1369 1265//1265
f 1508//1508 1512//1512 1369//1369
f 1509//1509 1510//1510 1256//1256
f 1166//1166 3320//3320 1511//1511
f 1511//1511 3320//3320 1376//1376
f 1514//1514 1516//1516 1266//1266
f 3321//3321 1372//1372 1374//1374
f 1375//1375 3321//3321 1374//1374
f 1377//1377 1375//1375 1374//1374
f 1374//1374 1373//1373 1377//1377
f 1377//1377 1373//1373 1520//1520
f 3321//3321 1375//1375 1377//1377
f 1658//1658 1371//1371 1516//1516
f 1378//1378 1371//1371 1658//1658
f 1173//1173 1519//1519 1520//1520
f 1173//1173 1280//1280 1519//1519
f 1384//1384 3274//3274 1380//1380
f 1281//1281 3322//3322 1283//1283
f 1379//1379 1380//1380 3274//3274
f 1379//1379 1521//1521 1380//1380
f 1281//1281 1275//1275 3322//3322
f 3204//3204 1383//1383 1280//1280
f 1530//1530 1280//1280 1383//1383
f 1528//1528 1530//1530 1383//1383
f 3324//3324 1382//1382 1528//1528
f 3273//3273 1531//1531 1282//1282
f 1532//1532 1282//1282 1531//1531
f 1532//1532 1389//1389 1282//1282
f 3326//3326 1382//1382 1178//1178
f 1385//1385 1382//1382 3326//3326
f 1528//1528 1382//1382 1385//1385
f 1387//1387 1527//1527 1386//1386
f 1527//1527 3327//3327 1388//1388
f 1527//1527 1393//1393 1537//1537
f 1527//1527 1388//1388 1393//1393
f 1386//1386 1527//1527 3325//3325
f 1289//1289 1389//1389 1394//1394
f 1394//1394 1389//1389 1540//1540
f 1406//1406 3329//3329 1397//1397
f 1400//1400 1392//1392 1291//1291
f 1402//1402 1392//1392 1408//1408
f 1402//1402 1522//1522 1392//1392
f 1537//1537 1393//1393 1539//1539
f 1398//1398 1390//1390 1394//1394
f 3330//3330 1396//1396 3283//3283
f 1396//1396 3330//3330 1398//1398
f 1397//1397 1396//1396 1406//1406
f 1398//1398 1406//1406 1396//1396
f 1399//1399 3278//3278 1391//1391
f 1397//1397 1391//1391 3283//3283
f 3279//3279 3331//3331 3332//3332
f 1397//1397 3283//3283 1396//1396
f 3331//3331 3329//3329 1406//1406
f 1406//1406 3332//3332 3331//3331
f 3332//3332 1407//1407 3334//3334
f 1406//1406 1407//1407 3332//3332
f 1401//1401 1400//1400 1408//1408
f 1392//1392 1400//1400 1401//1401
f 1392//1392 1401//1401 1408//1408
f 1402//1402 1408//1408 1410//1410
f 1402//1402 1410//1410 1542//1542
f 1295//1295 1404//1404 1393//1393
f 1685//1685 1393//1393 1404//1404
f 1404//1404 3284//3284 1546//1546
f 3284//3284 1405//1405 1546//1546
f 3333//3333 3282//3282 1298//1298
f 1406//1406 1398//1398 1394//1394
f 1415//1415 1407//1407 1406//1406
f 3334//3334 1407//1407 1415//1415
f 1408//1408 3335//3335 1411//1411
f 3335//3335 1409//1409 1411//1411
f 1411//1411 1409//1409 1544//1544
f 3335//3335 1417//1417 1409//1409
f 1409//1409 1417//1417 1418//1418
f 1409//1409 1418//1418 1544//1544
f 1408//1408 1411//1411 1410//1410
f 1542//1542 1410//1410 1544//1544
f 1411//1411 1544//1544 1410//1410
f 1294//1294 1496//1496 1412//1412
f 1412//1412 1496//1496 1403//1403
f 1189//1189 1413//1413 1405//1405
f 1414//1414 1552//1552 1413//1413
f 1405//1405 1413//1413 1546//1546
f 1413//1413 1299//1299 1414//1414
f 1414//1414 1302//1302 1420//1420
f 1406//1406 1549//1549 1415//1415
f 1419//1419 3335//3335 1550//1550
f 3389//3389 1416//1416 3337//3337
f 1417//1417 1419//1419 1418//1418
f 3335//3335 1419//1419 1417//1417
f 3337//3337 1551//1551 1418//1418
f 1565//1565 1412//1412 1403//1403
f 1414//1414 1420//1420 1559//1559
f 1559//1559 1420//1420 1302//1302
f 1416//1416 1554//1554 3337//3337
f 1422//1422 1191//1191 1424//1424
f 1421//1421 1422//1422 1423//1423
f 1423//1423 1422//1422 1424//1424
f 1568//1568 1567//1567 1423//1423
f 1424//1424 3393//3393 1423//1423
f 1425//1425 1424//1424 1305//1305
f 1426//1426 1307//1307 1308//1308
f 1425//1425 1568//1568 1424//1424
f 1307//1307 1569//1569 1425//1425
f 1305//1305 1307//1307 1425//1425
f 1307//1307 1426//1426 1569//1569
f 1306//1306 1429//1429 1426//1426
f 1426//1426 1429//1429 1428//1428
f 1306//1306 1304//1304 1429//1429
f 1703//1703 1427//1427 1428//1428
f 1428//1428 1427//1427 1426//1426
f 1426//1426 1427//1427 3394//3394
f 1429//1429 1304//1304 1430//1430
f 1428//1428 1429//1429 1431//1431
f 1431//1431 1432//1432 1572//1572
f 1429//1429 1430//1430 1431//1431
f 1431//1431 1430//1430 1432//1432
f 1432//1432 1430//1430 1572//1572
f 1430//1430 1573//1573 1572//1572
f 1571//1571 1428//1428 1431//1431
f 1323//1323 1433//1433 3298//3298
f 1438//1438 1325//1325 3339//3339
f 1323//1323 1434//1434 1435//1435
f 3340//3340 1436//1436 3341//3341
f 1343//1343 1436//1436 3340//3340
f 1323//1323 1435//1435 1433//1433
f 1436//1436 1437//1437 3341//3341
f 3342//3342 3343//3343 3339//3339
f 3339//3339 3343//3343 1438//1438
f 1438//1438 3343//3343 1447//1447
f 1437//1437 1436//1436 3354//3354
f 1438//1438 1447//1447 1463//1463
f 1441//1441 3345//3345 1445//1445
f 1343//1343 1340//1340 1436//1436
f 1436//1436 1340//1340 1446//1446
f 1436//1436 1446//1446 3354//3354
f 1339//1339 1451//1451 1440//1440
f 1439//1439 1442//1442 3351//3351
f 1440//1440 1451//1451 1575//1575
f 1443//1443 3346//3346 3395//3395
f 1441//1441 3348//3348 1452//1452
f 1440//1440 3351//3351 1442//1442
f 3347//3347 3349//3349 1444//1444
f 3350//3350 1441//1441 3352//3352
f 3350//3350 3348//3348 1441//1441
f 3348//3348 3396//3396 1452//1452
f 3353//3353 3347//3347 1444//1444
f 1456//1456 1457//1457 1340//1340
f 1457//1457 1446//1446 1340//1340
f 1446//1446 1462//1462 3354//3354
f 1447//1447 1464//1464 1463//1463
f 1464//1464 3354//3354 1448//1448
f 1451//1451 1339//1339 1450//1450
f 1577//1577 1450//1450 1449//1449
f 1452//1452 1465//1465 1341//1341
f 1455//1455 1452//1452 1453//1453
f 1576//1576 3355//3355 1577//1577
f 3396//3396 1453//1453 1452//1452
f 3360//3360 3359//3359 3356//3356
f 3361//3361 3357//3357 1454//1454
f 3363//3363 3358//3358 3398//3398
f 3362//3362 3364//3364 3366//3366
f 1457//1457 1456//1456 1347//1347
f 1446//1446 1457//1457 1458//1458
f 1458//1458 1457//1457 1459//1459
f 1459//1459 1457//1457 1347//1347
f 1459//1459 1347//1347 1466//1466
f 3368//3368 1460//1460 3369//3369
f 1460//1460 3368//3368 3370//3370
f 1461//1461 3368//3368 3369//3369
f 1462//1462 1469//1469 1448//1448
f 1458//1458 1461//1461 1446//1446
f 1461//1461 1458//1458 1459//1459
f 3369//3369 1446//1446 1461//1461
f 1448//1448 1470//1470 1582//1582
f 1462//1462 1448//1448 3354//3354
f 1584//1584 1585//1585 1448//1448
f 1585//1585 1464//1464 1448//1448
f 1464//1464 1585//1585 1463//1463
f 1484//1484 1336//1336 1624//1624
f 1577//1577 1449//1449 1589//1589
f 1474//1474 1342//1342 1465//1465
f 1452//1452 1590//1590 1465//1465
f 1590//1590 1474//1474 1465//1465
f 1588//1588 1590//1590 1452//1452
f 1589//1589 1449//1449 1473//1473
f 1352//1352 1476//1476 1466//1466
f 1467//1467 3371//3371 1476//1476
f 1466//1466 1347//1347 1352//1352
f 1467//1467 1476//1476 1478//1478
f 1460//1460 3370//3370 1468//1468
f 3371//3371 1467//1467 3373//3373
f 1469//1469 3374//3374 3372//3372
f 3372//3372 1448//1448 1469//1469
f 3372//3372 1470//1470 1448//1448
f 1467//1467 1478//1478 1470//1470
f 1460//1460 1468//1468 3369//3369
f 1462//1462 3374//3374 1469//1469
f 1478//1478 1582//1582 1470//1470
f 1336//1336 1463//1463 1613//1613
f 1336//1336 1613//1613 1624//1624
f 1484//1484 1472//1472 1471//1471
f 3377//3377 1481//1481 3376//3376
f 3378//3378 1449//1449 1475//1475
f 1351//1351 1476//1476 1352//1352
f 1488//1488 1480//1480 1477//1477
f 1478//1478 1477//1477 1479//1479
f 1478//1478 1476//1476 1477//1477
f 1477//1477 1480//1480 1479//1479
f 1476//1476 1488//1488 1477//1477
f 1583//1583 1582//1582 1478//1478
f 1583//1583 1478//1478 1479//1479
f 1583//1583 1479//1479 1593//1593
f 1479//1479 1480//1480 1593//1593
f 1482//1482 1481//1481 3377//3377
f 1482//1482 1483//1483 1481//1481
f 1481//1481 1483//1483 1242//1242
f 3377//3377 1485//1485 1482//1482
f 3380//3380 1486//1486 3379//3379
f 3379//3379 1486//1486 1483//1483
f 1496//1496 1483//1483 1486//1486
f 1472//1472 1484//1484 3381//3381
f 1484//1484 1490//1490 3381//3381
f 3382//3382 3383//3383 1486//1486
f 1235//1235 1607//1607 1487//1487
f 1487//1487 1475//1475 1235//1235
f 1355//1355 1348//1348 1474//1474
f 1474//1474 1618//1618 1355//1355
f 1476//1476 1351//1351 1488//1488
f 1480//1480 1488//1488 1489//1489
f 1496//1496 1242//1242 1483//1483
f 1624//1624 1491//1491 1484//1484
f 1491//1491 1490//1490 1484//1484
f 1492//1492 1493//1493 1490//1490
f 3384//3384 1486//1486 3383//3383
f 3384//3384 1496//1496 1486//1486
f 1490//1490 1491//1491 1492//1492
f 1625//1625 1493//1493 1492//1492
f 1627//1627 1607//1607 1498//1498
f 1607//1607 3259//3259 1359//1359
f 1355//1355 1618//1618 1356//1356
f 1618//1618 3263//3263 1356//1356
f 1501//1501 1502//1502 1489//1489
f 1488//1488 1501//1501 1489//1489
f 1489//1489 1502//1502 1494//1494
f 1495//1495 1494//1494 1502//1502
f 1495//1495 1503//1503 1620//1620
f 1496//1496 3384//3384 3442//3442
f 1498//1498 1251//1251 1497//1497
f 1501//1501 1499//1499 1500//1500
f 1502//1502 1500//1500 1370//1370
f 1501//1501 1488//1488 1499//1499
f 1502//1502 1501//1501 1500//1500
f 1628//1628 1502//1502 1370//1370
f 1503//1503 1502//1502 1628//1628
f 1503//1503 1495//1495 1502//1502
f 1504//1504 1638//1638 1250//1250
f 1365//1365 1642//1642 1505//1505
f 1518//1518 1641//1641 1370//1370
f 1628//1628 1370//1370 1641//1641
f 1641//1641 1640//1640 1628//1628
f 1638//1638 1506//1506 1507//1507
f 1647//1647 1508//1508 1510//1510
f 1509//1509 3453//3453 1510//1510
f 1518//1518 1370//1370 1392//1392
f 1403//1403 1496//1496 1752//1752
f 1767//1767 1511//1511 1376//1376
f 1508//1508 1647//1647 1512//1512
f 1651//1651 1513//1513 1369//1369
f 1656//1656 1514//1514 1513//1513
f 1514//1514 1656//1656 1657//1657
f 1515//1515 1377//1377 1520//1520
f 3321//3321 1377//1377 1655//1655
f 1377//1377 1515//1515 3457//3457
f 1515//1515 1773//1773 3457//3457
f 1773//1773 1515//1515 1520//1520
f 1517//1517 1516//1516 1514//1514
f 1517//1517 1514//1514 1657//1657
f 1658//1658 1517//1517 1657//1657
f 1516//1516 1517//1517 1658//1658
f 1378//1378 1658//1658 1381//1381
f 1664//1664 1520//1520 1519//1519
f 1773//1773 1520//1520 1664//1664
f 1379//1379 1658//1658 1661//1661
f 1911//1911 1661//1661 1658//1658
f 1658//1658 1379//1379 1381//1381
f 1521//1521 1379//1379 1661//1661
f 1665//1665 1521//1521 1661//1661
f 1521//1521 1665//1665 1380//1380
f 1661//1661 1781//1781 1665//1665
f 1392//1392 1522//1522 1518//1518
f 1518//1518 1522//1522 1524//1524
f 1530//1530 1519//1519 1280//1280
f 3273//3273 1533//1533 1531//1531
f 3274//3274 1384//1384 1533//1533
f 1384//1384 1380//1380 3459//3459
f 1523//1523 1522//1522 1535//1535
f 3386//3386 1522//1522 1523//1523
f 3386//3386 1523//1523 1525//1525
f 1525//1525 1523//1523 1535//1535
f 1525//1525 1526//1526 3386//3386
f 3386//3386 1526//1526 1666//1666
f 1526//1526 1525//1525 1670//1670
f 1526//1526 1670//1670 1666//1666
f 1529//1529 1528//1528 1385//1385
f 1530//1530 1528//1528 1529//1529
f 1674//1674 1529//1529 1385//1385
f 3325//3325 1527//1527 1674//1674
f 1530//1530 1529//1529 1674//1674
f 1534//1534 1531//1531 1533//1533
f 1531//1531 1534//1534 1669//1669
f 1532//1532 1531//1531 1669//1669
f 1532//1532 1669//1669 3328//3328
f 1669//1669 1534//1534 1786//1786
f 1522//1522 1402//1402 1535//1535
f 1402//1402 1536//1536 1535//1535
f 1670//1670 1525//1525 1536//1536
f 1536//1536 1525//1525 1535//1535
f 1539//1539 1538//1538 1537//1537
f 1527//1527 1537//1537 1674//1674
f 1537//1537 3387//3387 1674//1674
f 1539//1539 1393//1393 1685//1685
f 1540//1540 1683//1683 1541//1541
f 1389//1389 1669//1669 1540//1540
f 1669//1669 1683//1683 1540//1540
f 1541//1541 1394//1394 1540//1540
f 1402//1402 1542//1542 1536//1536
f 1542//1542 1672//1672 1536//1536
f 1546//1546 1685//1685 1404//1404
f 1686//1686 1394//1394 1543//1543
f 1394//1394 1541//1541 1543//1543
f 1545//1545 1542//1542 1544//1544
f 1542//1542 1545//1545 1675//1675
f 1546//1546 1413//1413 1552//1552
f 1798//1798 1546//1546 1552//1552
f 1547//1547 1406//1406 1394//1394
f 1548//1548 1547//1547 1394//1394
f 1549//1549 1406//1406 1547//1547
f 1544//1544 1418//1418 1551//1551
f 1698//1698 1687//1687 1544//1544
f 1544//1544 1687//1687 1545//1545
f 1552//1552 1414//1414 1559//1559
f 1559//1559 1558//1558 1552//1552
f 1553//1553 1547//1547 1799//1799
f 1799//1799 1560//1560 1553//1553
f 1549//1549 1553//1553 1415//1415
f 1547//1547 1553//1553 1549//1549
f 1562//1562 1415//1415 1553//1553
f 3392//3392 1550//1550 3335//3335
f 1563//1563 1561//1561 3390//3390
f 3389//3389 1562//1562 1416//1416
f 1563//1563 1416//1416 1562//1562
f 1562//1562 1553//1553 1560//1560
f 1557//1557 3337//3337 1555//1555
f 1563//1563 3390//3390 3336//3336
f 1554//1554 1555//1555 3337//3337
f 1557//1557 1555//1555 1556//1556
f 3391//3391 1555//1555 1554//1554
f 1556//1556 1555//1555 1561//1561
f 1551//1551 3337//3337 1557//1557
f 1557//1557 1556//1556 1551//1551
f 1556//1556 1564//1564 1551//1551
f 1551//1551 1698//1698 1544//1544
f 1559//1559 1566//1566 1558//1558
f 1558//1558 1689//1689 1552//1552
f 1302//1302 1421//1421 1559//1559
f 1559//1559 1421//1421 1566//1566
f 1560//1560 1954//1954 1562//1562
f 1954//1954 1563//1563 1562//1562
f 1556//1556 1561//1561 1564//1564
f 1566//1566 1421//1421 1423//1423
f 1690//1690 1566//1566 1568//1568
f 1568//1568 1566//1566 1567//1567
f 1423//1423 1567//1567 1566//1566
f 1564//1564 1561//1561 1695//1695
f 1564//1564 1695//1695 1551//1551
f 1698//1698 1551//1551 1696//1696
f 1551//1551 1695//1695 1696//1696
f 1568//1568 1699//1699 1690//1690
f 1425//1425 1570//1570 1568//1568
f 1568//1568 1570//1570 1699//1699
f 1570//1570 1823//1823 1699//1699
f 1569//1569 1570//1570 1425//1425
f 3468//3468 1570//1570 1569//1569
f 1570//1570 1704//1704 1706//1706
f 1569//1569 3338//3338 3468//3468
f 1428//1428 1571//1571 1703//1703
f 1430//1430 1304//1304 1573//1573
f 1304//1304 1709//1709 1573//1573
f 1431//1431 1572//1572 1571//1571
f 1571//1571 1573//1573 1574//1574
f 1572//1572 1573//1573 1571//1571
f 1574//1574 1703//1703 1571//1571
f 1573//1573 1709//1709 1574//1574
f 3360//3360 3397//3397 3359//3359
f 3398//3398 1578//1578 3363//3363
f 3367//3367 3365//3365 3399//3399
f 3400//3400 1581//1581 1455//1455
f 1588//1588 1452//1452 1581//1581
f 1581//1581 1452//1452 1455//1455
f 1576//1576 1577//1577 1579//1579
f 1578//1578 3398//3398 3402//3402
f 3401//3401 3403//3403 1580//1580
f 3400//3400 3405//3405 1581//1581
f 1579//1579 1577//1577 1587//1587
f 3405//3405 3404//3404 3409//3409
f 1588//1588 3405//3405 3409//3409
f 3405//3405 1588//1588 1581//1581
f 1448//1448 1582//1582 1584//1584
f 1582//1582 1586//1586 3406//3406
f 1586//1586 1582//1582 1583//1583
f 3407//3407 1583//1583 1593//1593
f 3408//3408 1585//1585 1584//1584
f 1595//1595 1585//1585 3407//3407
f 1591//1591 1589//1589 1473//1473
f 1598//1598 1591//1591 1473//1473
f 1598//1598 1473//1473 1597//1597
f 1592//1592 3417//3417 3423//3423
f 1577//1577 3413//3413 1587//1587
f 3411//3411 3410//3410 3414//3414
f 3413//3413 1577//1577 1589//1589
f 3412//3412 3418//3418 3415//3415
f 3419//3419 3420//3420 3416//3416
f 3421//3421 1601//1601 1590//1590
f 1593//1593 1480//1480 1594//1594
f 1594//1594 3407//3407 1593//1593
f 1463//1463 1585//1585 1595//1595
f 1463//1463 1595//1595 1604//1604
f 3407//3407 1594//1594 1595//1595
f 1605//1605 1596//1596 3422//3422
f 1596//1596 1595//1595 1594//1594
f 1597//1597 3378//3378 1475//1475
f 1597//1597 1475//1475 1599//1599
f 1600//1600 1592//1592 3423//3423
f 1597//1597 3425//3425 1598//1598
f 3424//3424 1602//1602 3426//3426
f 1599//1599 3425//3425 1597//1597
f 1602//1602 3424//3424 1610//1610
f 1475//1475 3429//3429 1599//1599
f 1474//1474 1590//1590 1601//1601
f 1601//1601 3430//3430 1474//1474
f 3427//3427 3430//3430 1601//1601
f 1592//1592 1600//1600 3428//3428
f 1601//1601 3421//3421 3427//3427
f 1480//1480 1489//1489 1594//1594
f 1489//1489 1603//1603 3422//3422
f 1605//1605 3422//3422 1603//1603
f 1605//1605 1606//1606 1596//1596
f 1596//1596 1606//1606 1604//1604
f 1595//1595 1596//1596 1604//1604
f 1606//1606 1615//1615 1604//1604
f 3433//3433 1606//1606 1614//1614
f 1487//1487 1608//1608 3431//3431
f 1608//1608 1487//1487 1607//1607
f 1607//1607 1609//1609 1608//1608
f 1607//1607 1722//1722 1609//1609
f 3431//3431 1608//1608 1721//1721
f 1721//1721 1608//1608 1609//1609
f 1721//1721 1609//1609 1722//1722
f 3431//3431 1475//1475 1487//1487
f 1724//1724 1474//1474 3432//3432
f 1494//1494 1495//1495 1603//1603
f 1603//1603 1489//1489 1494//1494
f 1603//1603 1611//1611 1605//1605
f 1603//1603 1495//1495 1611//1611
f 1495//1495 1620//1620 1611//1611
f 1611//1611 1620//1620 1623//1623
f 1605//1605 1611//1611 1606//1606
f 1606//1606 1611//1611 1612//1612
f 1614//1614 1606//1606 1612//1612
f 1611//1611 1623//1623 1612//1612
f 1612//1612 1623//1623 1617//1617
f 1623//1623 1622//1622 1616//1616
f 1614//1614 1612//1612 1617//1617
f 3434//3434 3438//3438 3441//3441
f 1604//1604 1613//1613 1463//1463
f 1604//1604 1615//1615 1613//1613
f 3433//3433 1614//1614 1617//1617
f 1615//1615 3439//3439 1613//1613
f 1613//1613 3439//3439 3435//3435
f 3436//3436 1728//1728 1613//1613
f 1491//1491 1637//1637 1492//1492
f 1722//1722 1607//1607 1627//1627
f 1474//1474 1724//1724 1618//1618
f 1723//1723 1729//1729 3440//3440
f 1724//1724 3472//3472 1618//1618
f 1503//1503 1619//1619 1620//1620
f 1619//1619 1630//1630 1621//1621
f 1633//1633 1636//1636 1621//1621
f 1621//1621 1630//1630 1633//1633
f 1619//1619 1621//1621 1620//1620
f 1621//1621 1622//1622 1620//1620
f 1622//1622 1621//1621 3448//3448
f 1622//1622 1635//1635 1726//1726
f 1623//1623 1620//1620 1622//1622
f 1622//1622 1726//1726 3437//3437
f 1491//1491 1624//1624 1637//1637
f 1625//1625 1492//1492 3450//3450
f 1618//1618 1626//1626 1365//1365
f 1626//1626 1618//1618 3479//3479
f 1365//1365 1626//1626 1639//1639
f 1732//1732 1627//1627 1498//1498
f 1634//1634 1628//1628 1640//1640
f 1503//1503 1629//1629 1619//1619
f 1629//1629 1503//1503 1628//1628
f 1629//1629 1634//1634 1630//1630
f 1630//1630 1619//1619 1629//1629
f 1634//1634 1629//1629 1628//1628
f 3446//3446 1633//1633 1630//1630
f 3447//3447 1631//1631 3445//3445
f 3445//3445 1631//1631 3449//3449
f 1622//1622 3448//3448 1632//1632
f 3449//3449 1631//1631 1632//1632
f 1632//1632 1635//1635 1622//1622
f 1632//1632 1646//1646 1635//1635
f 1759//1759 1637//1637 1624//1624
f 1639//1639 1763//1763 1365//1365
f 1632//1632 1640//1640 1641//1641
f 3447//3447 3451//3451 1631//1631
f 1631//1631 1640//1640 1632//1632
f 1641//1641 1644//1644 1632//1632
f 1644//1644 1646//1646 1632//1632
f 1752//1752 1496//1496 3442//3442
f 1637//1637 1759//1759 1753//1753
f 3450//3450 3497//3497 1625//1625
f 3442//3442 3498//3498 1752//1752
f 1509//1509 1642//1642 1643//1643
f 1643//1643 3453//3453 1509//1509
f 3453//3453 1643//1643 1649//1649
f 1643//1643 1642//1642 1763//1763
f 1763//1763 1762//1762 1643//1643
f 1365//1365 1763//1763 1642//1642
f 1644//1644 1641//1641 1518//1518
f 1644//1644 1518//1518 1654//1654
f 1645//1645 1644//1644 1654//1654
f 1646//1646 1644//1644 1645//1645
f 1646//1646 1645//1645 1654//1654
f 3452//3452 3456//3456 1750//1750
f 1754//1754 3494//3494 1764//1764
f 1768//1768 1511//1511 1767//1767
f 1761//1761 1511//1511 1768//1768
f 1761//1761 1507//1507 1511//1511
f 1651//1651 1369//1369 1512//1512
f 1649//1649 1650//1650 3453//3453
f 1648//1648 1647//1647 1650//1650
f 1648//1648 1512//1512 1647//1647
f 1648//1648 1650//1650 1762//1762
f 1643//1643 1762//1762 1649//1649
f 1762//1762 1650//1650 1649//1649
f 1769//1769 1512//1512 1648//1648
f 1769//1769 1648//1648 1762//1762
f 1890//1890 1512//1512 1769//1769
f 1651//1651 1512//1512 1890//1890
f 1513//1513 3454//3454 1656//1656
f 1652//1652 1653//1653 1750//1750
f 1652//1652 1750//1750 3456//3456
f 1653//1653 1659//1659 1662//1662
f 1653//1653 1652//1652 1659//1659
f 3494//3494 3455//3455 1764//1764
f 3455//3455 3458//3458 1764//1764
f 1757//1757 1660//1660 1752//1752
f 3457//3457 1767//1767 1376//1376
f 1773//1773 1767//1767 3457//3457
f 3565//3565 1658//1658 1657//1657
f 1912//1912 1658//1658 3565//3565
f 3454//3454 3565//3565 1656//1656
f 3565//3565 1657//1657 1656//1656
f 1654//1654 1518//1518 1659//1659
f 1652//1652 3456//3456 1659//1659
f 1662//1662 1524//1524 1764//1764
f 1565//1565 1403//1403 1660//1660
f 1660//1660 1403//1403 1752//1752
f 1663//1663 1565//1565 1660//1660
f 1658//1658 1912//1912 1911//1911
f 1661//1661 1779//1779 1781//1781
f 1911//1911 1779//1779 1661//1661
f 1524//1524 1662//1662 1518//1518
f 1518//1518 1662//1662 1659//1659
f 1667//1667 1774//1774 3386//3386
f 1664//1664 1519//1519 1530//1530
f 1667//1667 3386//3386 1666//1666
f 1666//1666 1670//1670 1671//1671
f 3460//3460 1666//1666 1671//1671
f 3460//3460 1671//1671 1672//1672
f 1668//1668 1774//1774 3460//3460
f 1774//1774 1668//1668 1780//1780
f 1668//1668 3460//3460 1672//1672
f 1668//1668 1672//1672 1780//1780
f 1384//1384 1534//1534 1533//1533
f 1784//1784 1785//1785 1384//1384
f 1384//1384 1785//1785 1534//1534
f 1670//1670 1536//1536 1671//1671
f 1672//1672 1671//1671 1536//1536
f 1673//1673 3461//3461 1675//1675
f 1925//1925 1674//1674 3387//3387
f 1530//1530 1674//1674 1925//1925
f 1793//1793 1925//1925 3387//3387
f 1786//1786 1683//1683 1669//1669
f 1786//1786 1938//1938 1683//1683
f 1676//1676 1675//1675 1678//1678
f 1545//1545 1678//1678 1675//1675
f 1677//1677 1676//1676 1678//1678
f 3465//3465 1680//1680 3463//3463
f 1679//1679 1680//1680 3465//3465
f 1679//1679 1681//1681 1680//1680
f 1542//1542 1675//1675 3461//3461
f 3462//3462 1673//1673 1675//1675
f 1673//1673 3462//3462 3464//3464
f 3463//3463 1680//1680 1681//1681
f 3463//3463 1681//1681 1673//1673
f 1681//1681 1792//1792 1787//1787
f 1792//1792 1679//1679 1682//1682
f 1792//1792 1681//1681 1679//1679
f 1539//1539 1685//1685 1793//1793
f 3523//3523 1538//1538 1539//1539
f 1541//1541 1796//1796 1543//1543
f 1683//1683 1796//1796 1541//1541
f 1545//1545 1687//1687 1684//1684
f 1684//1684 3465//3465 1545//1545
f 1684//1684 1679//1679 3465//3465
f 1679//1679 1684//1684 1682//1682
f 1687//1687 1682//1682 1684//1684
f 1798//1798 1685//1685 1546//1546
f 1543//1543 1795//1795 1686//1686
f 1799//1799 1548//1548 1394//1394
f 1799//1799 1394//1394 1686//1686
f 1799//1799 1686//1686 1795//1795
f 1552//1552 1688//1688 1798//1798
f 1547//1547 1548//1548 1799//1799
f 1698//1698 1803//1803 1687//1687
f 1688//1688 1552//1552 1689//1689
f 1558//1558 1566//1566 1810//1810
f 1810//1810 1689//1689 1558//1558
f 1563//1563 1954//1954 1561//1561
f 1954//1954 1813//1813 1561//1561
f 1561//1561 1693//1693 1695//1695
f 1561//1561 1813//1813 1693//1693
f 1696//1696 1702//1702 1698//1698
f 1821//1821 1804//1804 1698//1698
f 1804//1804 1803//1803 1698//1698
f 1690//1690 1699//1699 1814//1814
f 1691//1691 1566//1566 1690//1690
f 1690//1690 1692//1692 1691//1691
f 1700//1700 1693//1693 1813//1813
f 1694//1694 1693//1693 1700//1700
f 1695//1695 1693//1693 1694//1694
f 3466//3466 1697//1697 1702//1702
f 1695//1695 1701//1701 1696//1696
f 3466//3466 3467//3467 1697//1697
f 1698//1698 1702//1702 1821//1821
f 1823//1823 1814//1814 1699//1699
f 1690//1690 1814//1814 1692//1692
f 1694//1694 1701//1701 1695//1695
f 1694//1694 1700//1700 1824//1824
f 1824//1824 1701//1701 1694//1694
f 1700//1700 1813//1813 1820//1820
f 1697//1697 1705//1705 1702//1702
f 1828//1828 1823//1823 1570//1570
f 3469//3469 1828//1828 1570//1570
f 1570//1570 3468//3468 1704//1704
f 1706//1706 1704//1704 3468//3468
f 1824//1824 1705//1705 1697//1697
f 1701//1701 1824//1824 1697//1697
f 1827//1827 1702//1702 1829//1829
f 1708//1708 1304//1304 1565//1565
f 1707//1707 1828//1828 3469//3469
f 1707//1707 3469//3469 1703//1703
f 1843//1843 1707//1707 1703//1703
f 1709//1709 1304//1304 1712//1712
f 1304//1304 1708//1708 1712//1712
f 1707//1707 1843//1843 1831//1831
f 1843//1843 1840//1840 1831//1831
f 1716//1716 1843//1843 1703//1703
f 1574//1574 1716//1716 1703//1703
f 1708//1708 1715//1715 1711//1711
f 1708//1708 1711//1711 1712//1712
f 1713//1713 1714//1714 1710//1710
f 1710//1710 1717//1717 1713//1713
f 1718//1718 1710//1710 1714//1714
f 1709//1709 1713//1713 1717//1717
f 3470//3470 1710//1710 1718//1718
f 1712//1712 1713//1713 1709//1709
f 1713//1713 1712//1712 1711//1711
f 1715//1715 1714//1714 1711//1711
f 1713//1713 1711//1711 1714//1714
f 1715//1715 1850//1850 1714//1714
f 1848//1848 1716//1716 1854//1854
f 1716//1716 1574//1574 1720//1720
f 1720//1720 1854//1854 1716//1716
f 1709//1709 1720//1720 1574//1574
f 1709//1709 3470//3470 1720//1720
f 1719//1719 3470//3470 1718//1718
f 1714//1714 1719//1719 1718//1718
f 1850//1850 1719//1719 1714//1714
f 1715//1715 1853//1853 1850//1850
f 1854//1854 1720//1720 3470//3470
f 1719//1719 1850//1850 1849//1849
f 1850//1850 1851//1851 1849//1849
f 3432//3432 3471//3471 1724//1724
f 1724//1724 3471//3471 1725//1725
f 1722//1722 1627//1627 3473//3473
f 3472//3472 1724//1724 3474//3474
f 1721//1721 1722//1722 3475//3475
f 1731//1731 1729//1729 1723//1723
f 3476//3476 3443//3443 3483//3483
f 1723//1723 3477//3477 1731//1731
f 1726//1726 1635//1635 1646//1646
f 3436//3436 3478//3478 1728//1728
f 3478//3478 1727//1727 1728//1728
f 1728//1728 1727//1727 1613//1613
f 1726//1726 1646//1646 1742//1742
f 1727//1727 3478//3478 3488//3488
f 3443//3443 3480//3480 3483//3483
f 3444//3444 3484//3484 3481//3481
f 3481//3481 3484//3484 1730//1730
f 1733//1733 1498//1498 1497//1497
f 1626//1626 1737//1737 1639//1639
f 1733//1733 1497//1497 1744//1744
f 3479//3479 3482//3482 1626//1626
f 1730//1730 3484//3484 1734//1734
f 1732//1732 1498//1498 1736//1736
f 3485//3485 1735//1735 3482//3482
f 3482//3482 1735//1735 1626//1626
f 1736//1736 1498//1498 1733//1733
f 1736//1736 1733//1733 1739//1739
f 1739//1739 1733//1733 1748//1748
f 1736//1736 1734//1734 3484//3484
f 1738//1738 1736//1736 1739//1739
f 1735//1735 1737//1737 1626//1626
f 1738//1738 1734//1734 1736//1736
f 3485//3485 1740//1740 1735//1735
f 1735//1735 1740//1740 1737//1737
f 1738//1738 1741//1741 1734//1734
f 1739//1739 1741//1741 1738//1738
f 1748//1748 1741//1741 1739//1739
f 1740//1740 1745//1745 1737//1737
f 1740//1740 3485//3485 3486//3486
f 1747//1747 1740//1740 3486//3486
f 1740//1740 1747//1747 1745//1745
f 3489//3489 3452//3452 1749//1749
f 1613//1613 1727//1727 1751//1751
f 3488//3488 1743//1743 1727//1727
f 1743//1743 1751//1751 1727//1727
f 1749//1749 3490//3490 3489//3489
f 1613//1613 1751//1751 1624//1624
f 1744//1744 1497//1497 1638//1638
f 1748//1748 1733//1733 1744//1744
f 1745//1745 1639//1639 1737//1737
f 1748//1748 1744//1744 1638//1638
f 1745//1745 1763//1763 1639//1639
f 1748//1748 1746//1746 1741//1741
f 3487//3487 3492//3492 3493//3493
f 3452//3452 1750//1750 1749//1749
f 1749//1749 1750//1750 3490//3490
f 3494//3494 1754//1754 3491//3491
f 1899//1899 1624//1624 1751//1751
f 1754//1754 1756//1756 3495//3495
f 1754//1754 3496//3496 3491//3491
f 1751//1751 1756//1756 1871//1871
f 1751//1751 1871//1871 1899//1899
f 1899//1899 1759//1759 1624//1624
f 1752//1752 3498//3498 1757//1757
f 3500//3500 3499//3499 3503//3503
f 1863//1863 1638//1638 1507//1507
f 1863//1863 1507//1507 1878//1878
f 1864//1864 1638//1638 1863//1863
f 1865//1865 1763//1763 1745//1745
f 1754//1754 1755//1755 1756//1756
f 1756//1756 1755//1755 1871//1871
f 1755//1755 1765//1765 1872//1872
f 1755//1755 1872//1872 3548//3548
f 1872//1872 1873//1873 3548//3548
f 1759//1759 1899//1899 1766//1766
f 1758//1758 3501//3501 1760//1760
f 3502//3502 3504//3504 3505//3505
f 3504//3504 3509//3509 3505//3505
f 1878//1878 1507//1507 1761//1761
f 1879//1879 1878//1878 1761//1761
f 1761//1761 1768//1768 1879//1879
f 1754//1754 1764//1764 1755//1755
f 1765//1765 1755//1755 1764//1764
f 1765//1765 1886//1886 1885//1885
f 1877//1877 1887//1887 1770//1770
f 1887//1887 1886//1886 1770//1770
f 1758//1758 1760//1760 1895//1895
f 1760//1760 1897//1897 1895//1895
f 3570//3570 3506//3506 3510//3510
f 1889//1889 1767//1767 1773//1773
f 1768//1768 1767//1767 1889//1889
f 1773//1773 2037//2037 1889//1889
f 1889//1889 1879//1879 1768//1768
f 1769//1769 1762//1762 3565//3565
f 1764//1764 1524//1524 1771//1771
f 3386//3386 1774//1774 1771//1771
f 1770//1770 1886//1886 1771//1771
f 1764//1764 1771//1771 1765//1765
f 1765//1765 1771//1771 1886//1886
f 1660//1660 3501//3501 1663//1663
f 1758//1758 1663//1663 3501//3501
f 1895//1895 1772//1772 1758//1758
f 1896//1896 3511//3511 3569//3569
f 1775//1775 1771//1771 1774//1774
f 3512//3512 1776//1776 1770//1770
f 1775//1775 1770//1770 1771//1771
f 1777//1777 1776//1776 3513//3513
f 1770//1770 1776//1776 1777//1777
f 1770//1770 1777//1777 1901//1901
f 1777//1777 1788//1788 1901//1901
f 1901//1901 1902//1902 1770//1770
f 1663//1663 1758//1758 1565//1565
f 1758//1758 1772//1772 1565//1565
f 1664//1664 1530//1530 1925//1925
f 1917//1917 1773//1773 1664//1664
f 1774//1774 1780//1780 1775//1775
f 1672//1672 1775//1775 1780//1780
f 3513//3513 3461//3461 1673//1673
f 1673//1673 1777//1777 3513//3513
f 1673//1673 1788//1788 1777//1777
f 3579//3579 3516//3516 1789//1789
f 3518//3518 1791//1791 1913//1913
f 1913//1913 1901//1901 3518//3518
f 1565//1565 1772//1772 1778//1778
f 1783//1783 1784//1784 3459//3459
f 1785//1785 1784//1784 1783//1783
f 3514//3514 1665//1665 1782//1782
f 1781//1781 1782//1782 1665//1665
f 1786//1786 1785//1785 1783//1783
f 1781//1781 1779//1779 1918//1918
f 1918//1918 1782//1782 1781//1781
f 1929//1929 3514//3514 1782//1782
f 1929//1929 1786//1786 1783//1783
f 1918//1918 1929//1929 1782//1782
f 2061//2061 1918//1918 1779//1779
f 3459//3459 1784//1784 1384//1384
f 1534//1534 1785//1785 1786//1786
f 1673//1673 1681//1681 1788//1788
f 3517//3517 1681//1681 1787//1787
f 3515//3515 1789//1789 3516//3516
f 1792//1792 1790//1790 1787//1787
f 1789//1789 3519//3519 3521//3521
f 1789//1789 3515//3515 3519//3519
f 2096//2096 1938//1938 1786//1786
f 1682//1682 1930//1930 1792//1792
f 1930//1930 1682//1682 1794//1794
f 1792//1792 1930//1930 1790//1790
f 1919//1919 1790//1790 1930//1930
f 1794//1794 1682//1682 1687//1687
f 1687//1687 1797//1797 1794//1794
f 1796//1796 1795//1795 3388//3388
f 1683//1683 1938//1938 1796//1796
f 1796//1796 1937//1937 1795//1795
f 1936//1936 1798//1798 1943//1943
f 1799//1799 1795//1795 1939//1939
f 1803//1803 1797//1797 1687//1687
f 1800//1800 1801//1801 1933//1933
f 1801//1801 1808//1808 1809//1809
f 1801//1801 1800//1800 1808//1808
f 1801//1801 1934//1934 1933//1933
f 1934//1934 1801//1801 1809//1809
f 1931//1931 2095//2095 1565//1565
f 1802//1802 1689//1689 1810//1810
f 1943//1943 1798//1798 1942//1942
f 1798//1798 1688//1688 1941//1941
f 3595//3595 1688//1688 1689//1689
f 3595//3595 1689//1689 1802//1802
f 1803//1803 1805//1805 1797//1797
f 1803//1803 1806//1806 1805//1805
f 1803//1803 1804//1804 1806//1806
f 1800//1800 1797//1797 1805//1805
f 1805//1805 1808//1808 1800//1800
f 1808//1808 1805//1805 1806//1806
f 1807//1807 1806//1806 1804//1804
f 1807//1807 1809//1809 1806//1806
f 1809//1809 1808//1808 1806//1806
f 1811//1811 1809//1809 1821//1821
f 1811//1811 1934//1934 1809//1809
f 1812//1812 1810//1810 1566//1566
f 1812//1812 1945//1945 1810//1810
f 1954//1954 1560//1560 1799//1799
f 1821//1821 1807//1807 1804//1804
f 1809//1809 1807//1807 1821//1821
f 1566//1566 1957//1957 1949//1949
f 1949//1949 1957//1957 1958//1958
f 1949//1949 1812//1812 1566//1566
f 3524//3524 1948//1948 1947//1947
f 1948//1948 1812//1812 1949//1949
f 1957//1957 1691//1691 1692//1692
f 1566//1566 1691//1691 1957//1957
f 1708//1708 1565//1565 1822//1822
f 1692//1692 1956//1956 1957//1957
f 1956//1956 1692//1692 1814//1814
f 1956//1956 1814//1814 1815//1815
f 1963//1963 3525//3525 1814//1814
f 1960//1960 1817//1817 1820//1820
f 1819//1819 1817//1817 1960//1960
f 1959//1959 1819//1819 1960//1960
f 1818//1818 1816//1816 1700//1700
f 1700//1700 1820//1820 1817//1817
f 1819//1819 1700//1700 1817//1817
f 1818//1818 1700//1700 1819//1819
f 1816//1816 1818//1818 1819//1819
f 1813//1813 1961//1961 1820//1820
f 1959//1959 1816//1816 1819//1819
f 1825//1825 1824//1824 1700//1700
f 1821//1821 1702//1702 1827//1827
f 1822//1822 1715//1715 1708//1708
f 1963//1963 1814//1814 1823//1823
f 1972//1972 1963//1963 1823//1823
f 1972//1972 1823//1823 1970//1970
f 1700//1700 1966//1966 1825//1825
f 1700//1700 1816//1816 1966//1966
f 1826//1826 1825//1825 1966//1966
f 1826//1826 1824//1824 1825//1825
f 3526//3526 1967//1967 1824//1824
f 1967//1967 1705//1705 1824//1824
f 1702//1702 1705//1705 1829//1829
f 1974//1974 1821//1821 1827//1827
f 1969//1969 1836//1836 1822//1822
f 1970//1970 1823//1823 1828//1828
f 1971//1971 1970//1970 1828//1828
f 1975//1975 1971//1971 1828//1828
f 1705//1705 1832//1832 1829//1829
f 1834//1834 1829//1829 1835//1835
f 1827//1827 1829//1829 1830//1830
f 1829//1829 1834//1834 1830//1830
f 1831//1831 1985//1985 1828//1828
f 1831//1831 1828//1828 1707//1707
f 3528//3528 1835//1835 3527//3527
f 1705//1705 1986//1986 1832//1832
f 1986//1986 1705//1705 2136//2136
f 1833//1833 1835//1835 3528//3528
f 1705//1705 1976//1976 2136//2136
f 3528//3528 3605//3605 1833//1833
f 1834//1834 1835//1835 1830//1830
f 1827//1827 1830//1830 1988//1988
f 1836//1836 1715//1715 1822//1822
f 1981//1981 1838//1838 1837//1837
f 1837//1837 1838//1838 1831//1831
f 1840//1840 1837//1837 1831//1831
f 1839//1839 1830//1830 1845//1845
f 1835//1835 1845//1845 1830//1830
f 1830//1830 1839//1839 1987//1987
f 1839//1839 1994//1994 1987//1987
f 1715//1715 1836//1836 1853//1853
f 1843//1843 1841//1841 1840//1840
f 3531//3531 1843//1843 1842//1842
f 1848//1848 1847//1847 1716//1716
f 1842//1842 1843//1843 1716//1716
f 1847//1847 1842//1842 1716//1716
f 1845//1845 1844//1844 1839//1839
f 1844//1844 1845//1845 2007//2007
f 1842//1842 1848//1848 1846//1846
f 1846//1846 1848//1848 2005//2005
f 2005//2005 1848//1848 1854//1854
f 1842//1842 1847//1847 1848//1848
f 3470//3470 1719//1719 1854//1854
f 1719//1719 1849//1849 1854//1854
f 1853//1853 1852//1852 1850//1850
f 3535//3535 1850//1850 1856//1856
f 1850//1850 1852//1852 1856//1856
f 1855//1855 1856//1856 1852//1852
f 1853//1853 1855//1855 1852//1852
f 1849//1849 2015//2015 1854//1854
f 1849//1849 2022//2022 2015//2015
f 3536//3536 2023//2023 1851//1851
f 1856//1856 1855//1855 2016//2016
f 2016//2016 1855//1855 1853//1853
f 2017//2017 2016//2016 1853//1853
f 1748//1748 1638//1638 1858//1858
f 1858//1858 1860//1860 1748//1748
f 1859//1859 1858//1858 1638//1638
f 1864//1864 1859//1859 1638//1638
f 1859//1859 1864//1864 1862//1862
f 1746//1746 1748//1748 1857//1857
f 3493//3493 3492//3492 3537//3537
f 1857//1857 1748//1748 1860//1860
f 1861//1861 1865//1865 1745//1745
f 3493//3493 3537//3537 3538//3538
f 1747//1747 3540//3540 1745//1745
f 1860//1860 1858//1858 1859//1859
f 1865//1865 1861//1861 1867//1867
f 3541//3541 3493//3493 3538//3538
f 1859//1859 1862//1862 1860//1860
f 3539//3539 3543//3543 3542//3542
f 3543//3543 3544//3544 3542//3542
f 1864//1864 1863//1863 1866//1866
f 1864//1864 1866//1866 1862//1862
f 1763//1763 1865//1865 1868//1868
f 1869//1869 3545//3545 1866//1866
f 1867//1867 1868//1868 1865//1865
f 1869//1869 1866//1866 1863//1863
f 1866//1866 3545//3545 1862//1862
f 1878//1878 1880//1880 1863//1863
f 1870//1870 1868//1868 1867//1867
f 1880//1880 1869//1869 1863//1863
f 3546//3546 1869//1869 3547//3547
f 1875//1875 3549//3549 3507//3507
f 3549//3549 1875//1875 3550//3550
f 1874//1874 1899//1899 1871//1871
f 1873//1873 3552//3552 3548//3548
f 3551//3551 3554//3554 3553//3553
f 1876//1876 1874//1874 3555//3555
f 1876//1876 1899//1899 1874//1874
f 3555//3555 1877//1877 1876//1876
f 1868//1868 1762//1762 1763//1763
f 1880//1880 1878//1878 1879//1879
f 1883//1883 1762//1762 1868//1868
f 1868//1868 1870//1870 1883//1883
f 1881//1881 1869//1869 1880//1880
f 1879//1879 1881//1881 1880//1880
f 1882//1882 1881//1881 1879//1879
f 1881//1881 1882//1882 1884//1884
f 1884//1884 1882//1882 3558//3558
f 1884//1884 3547//3547 1869//1869
f 1881//1881 1884//1884 1869//1869
f 1870//1870 3561//3561 1883//1883
f 3508//3508 3562//3562 3556//3556
f 1887//1887 1885//1885 1886//1886
f 1887//1887 3555//3555 3563//3563
f 3555//3555 1887//1887 1877//1877
f 1899//1899 1876//1876 1877//1877
f 1888//1888 1894//1894 1877//1877
f 1899//1899 1877//1877 3568//3568
f 1894//1894 1888//1888 2033//2033
f 1882//1882 1879//1879 1889//1889
f 1893//1893 3565//3565 1762//1762
f 1889//1889 2037//2037 2032//2032
f 1889//1889 1891//1891 1882//1882
f 1883//1883 1893//1893 1762//1762
f 1891//1891 1892//1892 1882//1882
f 3559//3559 3566//3566 1893//1893
f 1891//1891 1889//1889 2032//2032
f 3567//3567 3560//3560 3557//3557
f 1892//1892 1891//1891 2032//2032
f 1877//1877 1904//1904 1888//1888
f 1905//1905 3564//3564 3581//3581
f 1905//1905 1903//1903 1906//1906
f 3564//3564 1905//1905 1906//1906
f 2034//2034 1899//1899 3568//3568
f 3571//3571 1898//1898 3569//3569
f 1896//1896 1898//1898 3511//3511
f 1898//1898 1896//1896 3569//3569
f 1899//1899 3572//3572 1766//1766
f 3573//3573 1899//1899 1900//1900
f 3577//3577 1898//1898 3571//3571
f 3578//3578 1909//1909 3574//3574
f 3565//3565 1893//1893 1912//1912
f 2039//2039 2037//2037 1773//1773
f 1773//1773 1910//1910 2039//2039
f 1770//1770 1902//1902 1904//1904
f 1903//1903 3581//3581 1902//1902
f 1915//1915 3582//3582 3580//3580
f 1770//1770 1904//1904 1877//1877
f 1903//1903 1905//1905 3581//3581
f 3582//3582 1915//1915 3612//3612
f 3612//3612 1915//1915 2049//2049
f 1778//1778 1772//1772 3575//3575
f 3576//3576 1907//1907 1778//1778
f 1778//1778 1907//1907 1908//1908
f 1907//1907 3585//3585 1908//1908
f 3585//3585 1907//1907 3576//3576
f 1922//1922 3584//3584 1909//1909
f 1908//1908 1922//1922 1778//1778
f 2053//2053 1900//1900 1899//1899
f 1917//1917 2060//2060 1773//1773
f 2040//2040 1910//1910 1773//1773
f 2042//2042 2045//2045 1912//1912
f 1912//1912 2035//2035 2042//2042
f 1910//1910 2040//2040 2041//2041
f 1773//1773 2044//2044 2040//2040
f 1911//1911 1912//1912 2061//2061
f 1912//1912 2045//2045 2061//2061
f 3522//3522 3520//3520 1914//1914
f 1903//1903 1902//1902 1913//1913
f 1902//1902 1901//1901 1913//1913
f 1914//1914 3580//3580 3586//3586
f 3586//3586 3522//3522 1914//1914
f 3520//3520 1919//1919 1914//1914
f 3580//3580 1914//1914 1915//1915
f 1914//1914 1919//1919 1915//1915
f 1915//1915 1919//1919 2049//2049
f 1920//1920 1921//1921 2049//2049
f 1916//1916 1931//1931 1922//1922
f 1923//1923 1916//1916 2057//2057
f 2051//2051 1923//1923 2057//2057
f 1565//1565 1778//1778 1922//1922
f 1909//1909 1916//1916 1922//1922
f 1916//1916 1909//1909 2057//2057
f 1925//1925 1917//1917 1664//1664
f 1928//1928 1917//1917 1925//1925
f 1918//1918 2061//2061 1929//1929
f 1779//1779 1911//1911 2061//2061
f 2061//2061 2077//2077 1929//1929
f 1919//1919 1930//1930 1920//1920
f 1930//1930 1921//1921 1920//1920
f 1919//1919 1920//1920 2049//2049
f 1565//1565 1922//1922 1931//1931
f 1932//1932 1923//1923 2051//2051
f 1932//1932 2051//2051 1924//1924
f 1927//1927 1925//1925 1793//1793
f 3588//3588 3590//3590 1926//1926
f 2085//2085 1927//1927 1793//1793
f 3589//3589 1928//1928 1925//1925
f 2074//2074 1928//1928 3589//3589
f 3643//3643 1926//1926 2076//2076
f 1926//1926 3590//3590 2076//2076
f 1786//1786 1929//1929 2096//2096
f 2078//2078 1929//1929 2077//2077
f 1794//1794 1921//1921 1930//1930
f 1921//1921 1794//1794 1797//1797
f 1797//1797 1800//1800 1921//1921
f 2079//2079 1921//1921 2087//2087
f 1921//1921 1933//1933 2087//2087
f 1932//1932 1931//1931 1916//1916
f 1932//1932 2095//2095 1931//1931
f 1923//1923 1932//1932 1916//1916
f 1932//1932 1924//1924 2095//2095
f 1793//1793 1685//1685 2091//2091
f 2091//2091 2085//2085 1793//1793
f 1933//1933 1921//1921 1800//1800
f 1933//1933 1934//1934 3652//3652
f 1934//1934 2086//2086 3652//3652
f 2086//2086 1934//1934 1935//1935
f 1936//1936 1685//1685 1798//1798
f 1939//1939 1795//1795 1937//1937
f 1938//1938 1937//1937 1796//1796
f 1937//1937 1954//1954 1939//1939
f 1938//1938 2230//2230 1937//1937
f 2230//2230 1954//1954 1937//1937
f 1935//1935 1934//1934 1811//1811
f 1940//1940 2093//2093 3592//3592
f 1942//1942 1798//1798 1941//1941
f 1941//1941 2100//2100 1942//1942
f 3595//3595 1802//1802 3663//3663
f 1942//1942 2099//2099 1943//1943
f 2099//2099 1942//1942 2100//2100
f 2223//2223 1936//1936 1943//1943
f 1939//1939 1954//1954 1799//1799
f 1811//1811 1944//1944 3592//3592
f 1940//1940 3592//3592 1944//1944
f 1944//1944 1955//1955 1940//1940
f 1822//1822 1565//1565 2095//2095
f 1810//1810 1945//1945 1946//1946
f 1802//1802 1810//1810 1946//1946
f 1821//1821 1944//1944 1811//1811
f 1955//1955 1944//1944 1821//1821
f 1955//1955 1974//1974 1962//1962
f 1952//1952 1947//1947 1948//1948
f 1950//1950 1952//1952 1948//1948
f 1949//1949 1950//1950 1948//1948
f 1952//1952 1950//1950 1951//1951
f 1949//1949 1951//1951 1950//1950
f 1951//1951 1949//1949 1953//1953
f 2107//2107 1952//1952 1951//1951
f 2107//2107 1951//1951 1953//1953
f 1812//1812 3596//3596 1945//1945
f 1953//1953 1949//1949 1958//1958
f 1945//1945 3596//3596 2108//2108
f 3666//3666 1947//1947 1952//1952
f 2110//2110 2107//2107 1953//1953
f 1946//1946 1945//1945 2108//2108
f 2107//2107 3667//3667 1952//1952
f 2110//2110 1953//1953 1958//1958
f 1954//1954 2117//2117 1813//1813
f 2112//2112 2117//2117 1954//1954
f 2112//2112 1954//1954 2341//2341
f 1955//1955 1821//1821 1974//1974
f 2095//2095 1969//1969 1822//1822
f 2095//2095 2113//2113 1969//1969
f 1956//1956 1815//1815 2116//2116
f 1956//1956 2116//2116 2111//2111
f 2111//2111 1957//1957 1956//1956
f 1961//1961 1960//1960 1820//1820
f 1961//1961 1965//1965 1960//1960
f 2117//2117 1965//1965 1961//1961
f 2115//2115 1963//1963 1972//1972
f 1963//1963 2115//2115 1964//1964
f 2116//2116 1964//1964 2115//2115
f 2116//2116 3525//3525 1964//1964
f 1964//1964 3525//3525 1963//1963
f 1959//1959 1966//1966 1816//1816
f 1965//1965 2118//2118 1960//1960
f 2118//2118 1966//1966 1959//1959
f 2118//2118 1959//1959 1960//1960
f 2125//2125 1968//1968 1966//1966
f 1966//1966 1968//1968 1826//1826
f 1962//1962 1974//1974 2132//2132
f 2123//2123 2122//2122 1972//1972
f 2123//2123 1975//1975 2128//2128
f 2115//2115 1972//1972 2122//2122
f 2123//2123 1970//1970 1971//1971
f 1975//1975 2123//2123 1971//1971
f 1972//1972 1970//1970 2123//2123
f 3526//3526 1973//1973 1967//1967
f 2129//2129 1976//1976 3598//3598
f 1968//1968 2260//2260 1826//1826
f 1826//1826 2260//2260 3598//3598
f 1705//1705 1973//1973 1976//1976
f 1967//1967 1973//1973 1705//1705
f 1988//1988 1974//1974 1827//1827
f 1969//1969 1979//1979 1836//1836
f 1978//1978 1836//1836 1979//1979
f 2113//2113 1979//1979 1969//1969
f 1831//1831 1983//1983 1985//1985
f 1828//1828 1985//1985 1975//1975
f 2136//2136 1976//1976 2131//2131
f 1974//1974 1988//1988 1977//1977
f 1977//1977 2132//2132 1974//1974
f 1989//1989 2132//2132 1977//1977
f 2017//2017 1978//1978 1979//1979
f 2133//2133 2017//2017 1979//1979
f 2017//2017 2133//2133 2172//2172
f 1838//1838 1983//1983 1831//1831
f 3529//3529 3600//3600 1980//1980
f 1983//1983 1838//1838 3599//3599
f 1982//1982 3601//3601 1984//1984
f 1984//1984 3602//3602 1837//1837
f 1983//1983 3599//3599 1982//1982
f 3603//3603 1980//1980 3600//3600
f 1985//1985 1983//1983 2135//2135
f 1983//1983 1982//1982 2135//2135
f 3606//3606 1835//1835 1833//1833
f 1986//1986 2136//2136 2269//2269
f 1830//1830 2000//2000 1988//1988
f 1988//1988 1989//1989 1977//1977
f 1988//1988 2000//2000 1989//1989
f 1989//1989 2002//2002 1990//1990
f 1990//1990 2132//2132 1989//1989
f 2003//2003 1990//1990 2002//2002
f 2011//2011 2003//2003 2002//2002
f 1853//1853 1836//1836 1978//1978
f 1853//1853 1978//1978 2017//2017
f 1992//1992 1837//1837 1840//1840
f 1837//1837 1992//1992 1984//1984
f 1991//1991 3532//3532 2139//2139
f 1840//1840 1991//1991 1992//1992
f 2268//2268 1984//1984 1992//1992
f 3533//3533 3607//3607 3530//3530
f 1842//1842 3672//3672 3531//3531
f 1993//1993 1835//1835 3606//3606
f 2006//2006 1835//1835 1993//1993
f 1844//1844 1994//1994 1839//1839
f 1844//1844 2007//2007 1994//1994
f 2008//2008 1835//1835 2006//2006
f 1835//1835 2008//2008 1845//1845
f 2013//2013 1845//1845 2008//2008
f 2007//2007 2009//2009 1994//1994
f 1987//1987 1994//1994 1995//1995
f 1987//1987 1995//1995 1999//1999
f 1998//1998 1999//1999 1995//1995
f 1999//1999 1998//1998 2000//2000
f 2009//2009 1996//1996 1994//1994
f 1994//1994 1996//1996 1995//1995
f 1995//1995 1996//1996 1997//1997
f 1998//1998 1995//1995 1997//1997
f 2000//2000 1998//1998 2001//2001
f 1830//1830 1987//1987 2000//2000
f 2000//2000 1987//1987 1999//1999
f 2000//2000 2001//2001 1989//1989
f 1989//1989 2001//2001 2002//2002
f 2011//2011 2002//2002 2001//2001
f 2140//2140 2143//2143 3608//3608
f 2140//2140 3608//3608 2012//2012
f 2004//2004 1842//1842 1846//1846
f 2004//2004 3534//3534 3608//3608
f 2004//2004 3608//3608 2143//2143
f 2004//2004 2143//2143 1842//1842
f 2006//2006 1993//1993 2142//2142
f 2013//2013 2008//2008 2006//2006
f 1845//1845 2013//2013 2007//2007
f 2013//2013 2009//2009 2007//2007
f 2009//2009 1997//1997 1996//1996
f 2010//2010 1998//1998 2009//2009
f 1998//1998 1997//1997 2009//2009
f 1998//1998 2010//2010 2001//2001
f 2010//2010 2011//2011 2001//2001
f 2010//2010 2148//2148 2011//2011
f 2010//2010 2009//2009 2013//2013
f 2148//2148 2010//2010 2013//2013
f 2148//2148 2003//2003 2011//2011
f 2014//2014 2005//2005 2018//2018
f 2005//2005 2149//2149 2276//2276
f 2014//2014 2149//2149 2005//2005
f 1854//1854 2018//2018 2005//2005
f 1854//1854 2020//2020 2018//2018
f 2020//2020 1854//1854 2015//2015
f 2022//2022 2019//2019 2015//2015
f 2015//2015 2019//2019 3609//3609
f 2021//2021 2019//2019 2022//2022
f 2022//2022 1849//1849 2024//2024
f 2021//2021 2022//2022 2024//2024
f 2023//2023 3536//3536 2025//2025
f 1851//1851 2024//2024 1849//1849
f 2023//2023 2024//2024 1851//1851
f 1856//1856 2016//2016 2025//2025
f 2016//2016 2017//2017 2026//2026
f 2016//2016 2026//2026 2025//2025
f 2025//2025 2026//2026 2031//2031
f 2027//2027 2021//2021 2024//2024
f 2027//2027 3610//3610 2163//2163
f 2030//2030 3677//3677 2024//2024
f 3677//3677 2030//2030 2164//2164
f 2164//2164 2030//2030 2028//2028
f 2024//2024 2023//2023 3611//3611
f 3611//3611 2023//2023 2029//2029
f 2030//2030 2024//2024 3611//3611
f 3611//3611 2029//2029 2178//2178
f 2029//2029 2031//2031 2178//2178
f 2031//2031 2190//2190 2178//2178
f 2025//2025 2031//2031 2023//2023
f 2023//2023 2031//2031 2029//2029
f 2026//2026 2017//2017 2031//2031
f 2173//2173 2183//2183 2017//2017
f 1892//1892 2032//2032 2038//2038
f 3566//3566 3617//3617 1893//1893
f 1888//1888 3583//3583 2033//2033
f 2034//2034 3568//3568 3612//3612
f 2038//2038 2032//2032 2037//2037
f 3617//3617 1912//1912 1893//1893
f 1910//1910 2041//2041 2036//2036
f 3615//3615 2043//2043 3613//3613
f 3615//3615 3619//3619 2043//2043
f 2039//2039 2038//2038 2037//2037
f 2038//2038 2039//2039 2036//2036
f 3618//3618 3616//3616 3614//3614
f 1912//1912 3617//3617 2035//2035
f 2039//2039 1910//1910 2036//2036
f 2049//2049 2050//2050 3612//3612
f 2034//2034 3612//3612 2050//2050
f 2034//2034 2050//2050 2053//2053
f 2053//2053 1899//1899 2034//2034
f 2035//2035 3620//3620 2042//2042
f 2040//2040 2044//2044 2041//2041
f 1773//1773 2060//2060 2046//2046
f 2064//2064 2046//2046 2060//2060
f 3621//3621 2041//2041 2044//2044
f 2044//2044 1773//1773 2046//2046
f 2042//2042 3620//3620 2045//2045
f 3623//3623 2047//2047 3622//3622
f 3620//3620 3624//3624 2045//2045
f 2046//2046 2048//2048 2044//2044
f 2067//2067 2061//2061 2045//2045
f 2047//2047 3623//3623 3626//3626
f 3625//3625 3627//3627 2068//2068
f 3625//3625 2068//2068 3637//3637
f 2045//2045 3624//3624 2067//2067
f 2064//2064 2048//2048 2046//2046
f 2048//2048 2064//2064 3638//3638
f 2050//2050 2081//2081 2198//2198
f 2053//2053 2050//2050 2197//2197
f 2051//2051 2052//2052 2059//2059
f 2051//2051 3629//3629 2052//2052
f 2051//2051 2059//2059 1924//1924
f 2058//2058 2053//2053 2055//2055
f 2054//2054 2055//2055 2053//2053
f 2071//2071 2054//2054 2053//2053
f 2054//2054 2071//2071 2055//2055
f 2055//2055 2071//2071 2070//2070
f 3630//3630 2055//2055 2070//2070
f 3578//3578 2057//2057 1909//1909
f 2053//2053 2058//2058 1900//1900
f 2056//2056 1900//1900 2058//2058
f 3628//3628 2057//2057 3578//3578
f 2059//2059 2052//2052 3629//3629
f 3631//3631 2057//2057 3628//3628
f 2055//2055 2056//2056 2058//2058
f 2056//2056 2055//2055 3630//3630
f 2064//2064 2060//2060 1917//1917
f 2063//2063 1917//1917 2062//2062
f 1928//1928 2062//2062 1917//1917
f 2063//2063 2062//2062 2065//2065
f 2065//2065 2062//2062 1928//1928
f 2066//2066 2077//2077 2061//2061
f 3633//3633 2064//2064 3587//3587
f 2064//2064 3633//3633 3638//3638
f 2067//2067 3639//3639 2061//2061
f 3640//3640 3634//3634 3632//3632
f 2066//2066 2061//2061 3635//3635
f 2066//2066 3635//3635 3636//3636
f 1921//1921 2079//2079 2049//2049
f 2049//2049 2079//2079 3647//3647
f 2050//2050 2049//2049 2081//2081
f 2069//2069 2095//2095 2059//2059
f 2070//2070 2069//2069 2059//2059
f 2072//2072 3661//3661 2069//2069
f 2072//2072 2070//2070 2071//2071
f 2070//2070 2072//2072 2069//2069
f 2073//2073 2065//2065 1928//1928
f 2077//2077 2066//2066 2075//2075
f 3642//3642 2078//2078 2077//2077
f 2074//2074 2073//2073 1928//1928
f 3642//3642 3644//3644 2078//2078
f 3636//3636 3642//3642 2075//2075
f 3636//3636 2075//2075 2066//2066
f 2075//2075 3642//3642 2077//2077
f 2076//2076 2083//2083 3643//3643
f 2083//2083 3645//3645 3643//3643
f 3646//3646 2089//2089 3648//3648
f 3653//3653 2080//2080 2081//2081
f 2080//2080 2198//2198 2081//2081
f 2198//2198 2080//2080 2199//2199
f 2095//2095 1924//1924 2059//2059
f 3641//3641 2082//2082 2095//2095
f 2082//2082 2333//2333 2095//2095
f 2333//2333 2082//2082 3641//3641
f 2076//2076 3591//3591 2084//2084
f 2084//2084 3591//3591 3650//3650
f 2076//2076 2084//2084 2083//2083
f 2084//2084 2092//2092 2083//2083
f 3655//3655 2078//2078 3649//3649
f 3656//3656 2084//2084 3650//3650
f 3657//3657 3651//3651 3654//3654
f 2078//2078 3655//3655 1929//1929
f 3652//3652 2088//2088 3646//3646
f 2086//2086 2088//2088 3652//3652
f 2089//2089 3646//3646 2088//2088
f 2089//2089 2088//2088 2086//2086
f 3593//3593 2089//2089 2086//2086
f 3653//3653 3592//3592 2080//2080
f 3592//3592 2090//2090 2080//2080
f 2093//2093 2090//2090 3592//3592
f 2205//2205 2199//2199 2080//2080
f 2204//2204 2080//2080 2090//2090
f 2090//2090 2093//2093 2094//2094
f 2094//2094 2204//2204 2090//2090
f 2091//2091 1685//1685 1936//1936
f 2219//2219 2091//2091 1936//1936
f 2216//2216 2091//2091 2219//2219
f 2096//2096 1929//1929 3655//3655
f 2097//2097 2217//2217 3660//3660
f 1940//1940 2094//2094 2093//2093
f 3660//3660 3594//3594 2097//2097
f 2098//2098 2217//2217 2097//2097
f 2223//2223 2219//2219 1936//1936
f 2222//2222 2096//2096 2220//2220
f 2096//2096 2225//2225 1938//1938
f 1938//1938 2225//2225 2230//2230
f 3594//3594 1955//1955 2097//2097
f 2102//2102 2223//2223 1943//1943
f 2099//2099 2100//2100 2101//2101
f 2101//2101 3663//3663 2104//2104
f 2104//2104 3663//3663 1802//1802
f 2099//2099 2102//2102 1943//1943
f 2099//2099 2101//2101 2102//2102
f 2105//2105 2102//2102 2101//2101
f 2105//2105 2101//2101 2104//2104
f 2102//2102 2227//2227 2223//2223
f 2231//2231 2228//2228 2102//2102
f 2097//2097 2106//2106 2098//2098
f 2113//2113 2095//2095 2114//2114
f 2103//2103 1802//1802 1946//1946
f 3667//3667 2103//2103 1946//1946
f 2104//2104 1802//1802 2103//2103
f 2103//2103 2105//2105 2104//2104
f 3667//3667 2105//2105 2103//2103
f 2234//2234 1954//1954 2230//2230
f 2097//2097 1955//1955 1962//1962
f 2097//2097 1962//1962 3664//3664
f 3665//3665 2109//2109 2235//2235
f 2110//2110 3667//3667 2107//2107
f 3667//3667 2110//2110 2236//2236
f 2109//2109 2119//2119 2235//2235
f 2247//2247 2235//2235 2119//2119
f 3664//3664 1962//1962 2109//2109
f 2242//2242 1958//1958 1957//1957
f 3722//3722 3597//3597 3668//3668
f 2110//2110 1958//1958 2242//2242
f 3723//3723 2111//2111 2116//2116
f 2341//2341 2348//2348 2112//2112
f 2348//2348 2117//2117 2112//2112
f 1961//1961 1813//1813 2117//2117
f 2119//2119 2109//2109 1962//1962
f 2251//2251 2120//2120 2121//2121
f 2247//2247 2119//2119 2120//2120
f 3669//3669 2248//2248 3728//3728
f 3730//3730 2248//2248 3669//3669
f 2124//2124 2116//2116 2115//2115
f 2124//2124 2255//2255 2116//2116
f 2348//2348 1965//1965 2117//2117
f 1965//1965 3766//3766 2118//2118
f 2118//2118 3671//3671 1966//1966
f 2118//2118 3767//3767 3671//3671
f 2119//2119 1962//1962 2132//2132
f 2120//2120 2119//2119 2132//2132
f 2121//2121 2120//2120 2132//2132
f 2126//2126 2121//2121 2127//2127
f 2114//2114 1979//1979 2113//2113
f 2124//2124 2115//2115 2122//2122
f 2122//2122 2256//2256 2124//2124
f 2256//2256 2122//2122 3670//3670
f 2260//2260 1968//1968 2350//2350
f 1968//1968 3671//3671 2350//2350
f 3671//3671 3767//3767 2350//2350
f 2132//2132 2003//2003 2127//2127
f 2127//2127 2121//2121 2132//2132
f 2126//2126 2127//2127 2003//2003
f 2114//2114 2133//2133 1979//1979
f 2128//2128 1975//1975 2134//2134
f 2128//2128 2257//2257 2123//2123
f 2352//2352 2257//2257 2128//2128
f 2134//2134 2352//2352 2128//2128
f 2352//2352 2134//2134 2353//2353
f 1975//1975 3604//3604 2134//2134
f 3598//3598 2261//2261 2129//2129
f 3598//3598 2260//2260 2261//2261
f 2355//2355 2129//2129 2261//2261
f 2129//2129 2130//2130 1976//1976
f 2131//2131 1976//1976 2130//2130
f 2129//2129 2262//2262 2130//2130
f 2262//2262 2131//2131 2130//2130
f 1990//1990 2003//2003 2132//2132
f 2137//2137 2263//2263 2003//2003
f 2133//2133 2114//2114 2138//2138
f 2264//2264 2138//2138 2114//2114
f 2135//2135 1982//1982 1984//1984
f 2268//2268 2135//2135 1984//1984
f 2266//2266 2134//2134 3604//3604
f 2266//2266 3604//3604 2135//2135
f 2268//2268 2266//2266 2135//2135
f 3772//3772 2134//2134 2266//2266
f 2262//2262 2136//2136 2131//2131
f 2133//2133 2138//2138 2172//2172
f 1992//1992 1991//1991 2268//2268
f 2268//2268 1991//1991 2139//2139
f 2269//2269 2271//2271 1986//1986
f 3606//3606 2271//2271 1993//1993
f 2271//2271 2272//2272 1993//1993
f 2273//2273 2137//2137 2003//2003
f 2141//2141 1842//1842 2143//2143
f 2141//2141 3672//3672 1842//1842
f 2139//2139 2141//2141 2145//2145
f 2143//2143 2140//2140 2012//2012
f 2268//2268 2139//2139 2145//2145
f 2141//2141 2143//2143 2145//2145
f 2146//2146 2006//2006 2142//2142
f 1993//1993 2275//2275 2142//2142
f 2148//2148 2273//2273 2003//2003
f 2005//2005 2276//2276 2012//2012
f 2012//2012 2144//2144 2143//2143
f 2144//2144 2012//2012 2276//2276
f 2145//2145 2143//2143 2144//2144
f 2381//2381 2145//2145 2144//2144
f 2144//2144 2276//2276 2381//2381
f 2146//2146 2142//2142 2275//2275
f 2146//2146 2147//2147 2006//2006
f 2006//2006 2147//2147 2013//2013
f 2013//2013 2151//2151 2148//2148
f 2172//2172 2138//2138 2174//2174
f 2274//2274 2279//2279 2174//2174
f 2138//2138 2274//2274 2174//2174
f 2381//2381 2276//2276 2386//2386
f 2146//2146 2150//2150 2147//2147
f 2154//2154 2147//2147 2150//2150
f 2154//2154 2013//2013 2147//2147
f 2151//2151 2156//2156 2148//2148
f 3675//3675 2157//2157 3673//3673
f 2152//2152 2148//2148 2157//2157
f 2152//2152 2273//2273 2148//2148
f 2014//2014 2153//2153 2276//2276
f 2149//2149 2014//2014 2276//2276
f 2153//2153 2014//2014 2018//2018
f 2013//2013 2155//2155 2151//2151
f 2151//2151 2155//2155 2156//2156
f 2155//2155 2170//2170 2156//2156
f 2157//2157 2169//2169 2152//2152
f 3675//3675 2170//2170 2157//2157
f 2171//2171 2277//2277 2152//2152
f 2277//2277 2273//2273 2152//2152
f 2280//2280 2153//2153 2018//2018
f 2020//2020 2280//2280 2018//2018
f 3609//3609 2019//2019 2158//2158
f 3609//3609 2158//2158 3734//3734
f 2158//2158 2283//2283 3734//3734
f 2159//2159 2283//2283 2158//2158
f 2019//2019 2159//2159 2158//2158
f 2019//2019 2160//2160 3676//3676
f 2027//2027 2163//2163 2162//2162
f 2028//2028 2167//2167 2164//2164
f 2021//2021 2027//2027 2161//2161
f 2027//2027 2162//2162 2161//2161
f 2162//2162 2163//2163 2165//2165
f 2166//2166 3677//3677 2164//2164
f 3679//3679 2165//2165 2163//2163
f 2021//2021 2161//2161 3678//3678
f 2161//2161 2162//2162 2165//2165
f 2167//2167 2175//2175 2164//2164
f 2028//2028 2175//2175 2167//2167
f 3611//3611 2177//2177 3681//3681
f 2178//2178 2177//2177 3611//3611
f 2021//2021 3678//3678 2289//2289
f 2165//2165 3679//3679 3737//3737
f 2021//2021 2160//2160 2019//2019
f 3738//3738 2160//2160 2021//2021
f 2164//2164 3738//3738 2166//2166
f 2154//2154 2168//2168 2155//2155
f 2013//2013 2154//2154 2155//2155
f 2157//2157 2170//2170 2180//2180
f 2170//2170 2155//2155 2168//2168
f 3680//3680 2171//2171 3674//3674
f 2171//2171 3680//3680 2179//2179
f 2171//2171 2179//2179 2182//2182
f 2169//2169 2157//2157 2180//2180
f 2170//2170 2168//2168 2180//2180
f 2181//2181 2171//2171 2182//2182
f 2171//2171 2181//2181 2285//2285
f 2171//2171 2285//2285 2277//2277
f 2173//2173 2017//2017 2172//2172
f 2185//2185 2172//2172 2174//2174
f 2173//2173 2172//2172 2184//2184
f 2172//2172 2185//2185 2184//2184
f 2185//2185 2174//2174 2187//2187
f 2393//2393 2298//2298 2174//2174
f 2298//2298 2188//2188 2174//2174
f 2178//2178 2300//2300 2177//2177
f 2175//2175 2176//2176 2164//2164
f 3681//3681 2177//2177 3682//3682
f 2189//2189 2178//2178 2190//2190
f 2301//2301 2179//2179 2293//2293
f 2179//2179 2301//2301 2182//2182
f 2154//2154 2292//2292 2168//2168
f 2301//2301 2292//2292 2154//2154
f 2168//2168 2292//2292 2180//2180
f 2293//2293 2180//2180 2292//2292
f 2179//2179 2180//2180 2293//2293
f 2031//2031 2183//2183 2190//2190
f 2180//2180 2179//2179 3680//3680
f 2017//2017 2183//2183 2031//2031
f 2183//2183 2173//2173 2184//2184
f 2183//2183 2184//2184 2186//2186
f 2184//2184 2185//2185 2186//2186
f 2188//2188 2187//2187 2174//2174
f 2189//2189 2195//2195 2408//2408
f 2190//2190 2193//2193 2189//2189
f 2190//2190 2183//2183 2193//2193
f 2192//2192 2189//2189 2193//2193
f 2192//2192 2193//2193 2191//2191
f 2195//2195 2192//2192 2191//2191
f 2196//2196 2195//2195 2191//2191
f 2189//2189 2192//2192 2195//2195
f 2183//2183 2191//2191 2193//2193
f 2186//2186 2185//2185 2187//2187
f 2188//2188 2304//2304 2186//2186
f 2194//2194 2191//2191 2186//2186
f 2186//2186 2304//2304 2194//2194
f 2187//2187 2188//2188 2186//2186
f 2195//2195 3683//3683 2408//2408
f 2053//2053 2197//2197 2325//2325
f 2197//2197 2050//2050 2325//2325
f 2325//2325 2050//2050 3684//3684
f 3685//3685 3687//3687 2200//2200
f 2200//2200 3687//3687 2205//2205
f 3686//3686 3688//3688 2201//2201
f 3686//3686 2201//2201 2202//2202
f 3686//3686 2202//2202 2203//2203
f 3686//3686 2203//2203 2322//2322
f 2071//2071 2053//2053 2327//2327
f 2053//2053 2325//2325 2327//2327
f 2071//2071 2333//2333 2072//2072
f 2327//2327 2331//2331 2071//2071
f 2071//2071 3757//3757 2333//2333
f 2080//2080 2204//2204 2205//2205
f 2206//2206 2205//2205 2204//2204
f 2204//2204 2209//2209 2206//2206
f 3660//3660 2209//2209 2204//2204
f 2206//2206 2200//2200 2205//2205
f 2206//2206 2209//2209 2208//2208
f 2206//2206 2201//2201 3688//3688
f 2201//2201 2206//2206 2207//2207
f 2208//2208 2207//2207 2206//2206
f 3690//3690 2211//2211 2210//2210
f 3689//3689 3690//3690 2210//2210
f 3691//3691 2211//2211 3690//3690
f 2209//2209 2217//2217 3692//3692
f 2210//2210 2202//2202 3689//3689
f 3701//3701 2218//2218 2213//2213
f 2210//2210 2203//2203 2202//2202
f 2210//2210 2211//2211 2203//2203
f 2203//2203 2211//2211 2212//2212
f 2213//2213 2212//2212 3701//3701
f 3701//3701 2212//2212 2211//2211
f 2201//2201 2207//2207 2202//2202
f 2203//2203 2212//2212 2322//2322
f 2212//2212 2213//2213 2322//2322
f 3750//3750 2213//2213 2323//2323
f 2323//2323 2213//2213 2218//2218
f 2333//2333 2114//2114 2095//2095
f 2091//2091 2214//2214 3658//3658
f 3659//3659 3693//3693 2215//2215
f 3655//3655 3695//3695 2096//2096
f 2216//2216 2214//2214 2091//2091
f 3696//3696 3694//3694 3698//3698
f 3697//3697 3699//3699 2096//2096
f 2217//2217 2209//2209 3660//3660
f 3701//3701 2226//2226 2218//2218
f 2323//2323 2218//2218 2326//2326
f 2218//2218 2226//2226 2326//2326
f 3702//3702 3704//3704 3700//3700
f 2223//2223 2221//2221 3703//3703
f 3703//3703 2221//2221 3705//3705
f 2221//2221 2222//2222 3705//3705
f 3699//3699 2220//2220 2096//2096
f 2221//2221 2223//2223 2224//2224
f 2222//2222 2221//2221 3706//3706
f 2225//2225 2222//2222 3706//3706
f 2222//2222 2225//2225 2096//2096
f 2227//2227 2224//2224 2223//2223
f 2224//2224 2227//2227 2229//2229
f 3712//3712 3708//3708 3711//3711
f 3707//3707 3711//3711 3708//3708
f 3662//3662 2226//2226 3701//3701
f 2229//2229 2227//2227 2228//2228
f 2227//2227 2102//2102 2228//2228
f 3709//3709 3712//3712 3711//3711
f 3710//3710 3713//3713 2230//2230
f 3662//3662 2235//2235 2226//2226
f 2226//2226 2235//2235 2240//2240
f 2226//2226 2240//2240 2326//2326
f 2231//2231 2102//2102 2232//2232
f 2232//2232 2102//2102 2105//2105
f 2232//2232 2105//2105 3667//3667
f 2231//2231 2232//2232 2233//2233
f 2230//2230 3713//3713 3714//3714
f 2232//2232 2237//2237 2233//2233
f 3667//3667 3717//3717 2232//2232
f 2230//2230 3714//3714 2234//2234
f 2235//2235 3662//3662 3665//3665
f 2236//2236 3717//3717 3667//3667
f 3718//3718 3716//3716 2239//2239
f 2233//2233 2237//2237 3715//3715
f 3719//3719 3715//3715 2237//2237
f 2239//2239 3716//3716 2245//2245
f 2234//2234 2238//2238 1954//1954
f 2234//2234 3720//3720 2238//2238
f 2238//2238 3720//3720 3725//3725
f 2240//2240 2235//2235 2247//2247
f 2241//2241 2328//2328 2252//2252
f 2328//2328 2240//2240 2252//2252
f 2328//2328 2241//2241 2342//2342
f 2110//2110 2242//2242 2236//2236
f 2243//2243 2236//2236 2242//2242
f 2246//2246 2245//2245 3716//3716
f 3724//3724 2246//2246 3716//3716
f 2244//2244 3723//3723 2116//2116
f 2244//2244 2243//2243 2242//2242
f 2340//2340 2243//2243 2244//2244
f 3761//3761 2246//2246 3724//3724
f 2116//2116 2344//2344 2244//2244
f 3726//3726 2238//2238 3725//3725
f 1954//1954 2238//2238 3727//3727
f 2250//2250 3721//3721 3728//3728
f 2249//2249 2250//2250 3728//3728
f 2248//2248 2249//2249 3728//3728
f 2248//2248 3730//3730 2249//2249
f 2253//2253 2251//2251 2121//2121
f 3731//3731 3721//3721 2250//2250
f 3729//3729 2253//2253 3732//3732
f 2249//2249 3731//3731 2250//2250
f 2253//2253 3729//3729 2251//2251
f 2241//2241 2252//2252 2253//2253
f 2253//2253 2121//2121 2254//2254
f 2253//2253 2254//2254 2241//2241
f 2241//2241 2254//2254 2342//2342
f 2116//2116 2255//2255 2344//2344
f 2126//2126 2254//2254 2121//2121
f 2126//2126 2263//2263 2254//2254
f 2345//2345 2342//2342 3733//3733
f 2346//2346 2345//2345 3733//3733
f 2256//2256 2259//2259 2124//2124
f 3670//3670 2259//2259 2256//2256
f 2124//2124 2259//2259 2255//2255
f 2355//2355 2260//2260 3770//3770
f 2003//2003 2263//2263 2126//2126
f 2137//2137 3733//3733 2263//2263
f 2137//2137 2346//2346 3733//3733
f 2258//2258 3670//3670 2257//2257
f 2258//2258 2257//2257 2352//2352
f 2259//2259 3670//3670 2258//2258
f 2352//2352 2259//2259 2258//2258
f 2261//2261 2260//2260 2355//2355
f 3774//3774 2262//2262 2129//2129
f 2267//2267 2264//2264 2265//2265
f 2269//2269 2136//2136 2262//2262
f 2264//2264 2267//2267 2274//2274
f 2361//2361 2266//2266 2268//2268
f 2262//2262 2372//2372 2269//2269
f 2269//2269 2372//2372 2271//2271
f 2357//2357 2137//2137 2273//2273
f 2274//2274 2267//2267 2393//2393
f 2393//2393 2267//2267 2265//2265
f 2369//2369 2268//2268 2145//2145
f 2270//2270 2272//2272 2271//2271
f 2275//2275 2272//2272 2270//2270
f 1993//1993 2272//2272 2275//2275
f 2274//2274 2138//2138 2264//2264
f 2374//2374 2275//2275 2270//2270
f 2382//2382 2275//2275 2374//2374
f 2369//2369 2145//2145 2381//2381
f 2393//2393 2279//2279 2274//2274
f 2154//2154 2150//2150 2275//2275
f 2146//2146 2275//2275 2150//2150
f 2276//2276 2282//2282 2386//2386
f 2282//2282 2276//2276 2153//2153
f 2285//2285 2278//2278 2277//2277
f 2278//2278 2273//2273 2277//2277
f 2285//2285 2286//2286 2278//2278
f 2500//2500 2273//2273 2278//2278
f 2174//2174 2279//2279 2393//2393
f 2281//2281 2389//2389 2153//2153
f 2281//2281 2153//2153 2280//2280
f 2281//2281 2280//2280 2390//2390
f 3808//3808 3735//3735 2395//2395
f 2153//2153 2389//2389 2282//2282
f 3735//3735 2284//2284 2395//2395
f 2281//2281 2390//2390 2389//2389
f 2284//2284 3736//3736 3676//3676
f 2284//2284 3735//3735 3736//3736
f 2290//2290 3676//3676 2160//2160
f 3676//3676 2290//2290 2284//2284
f 2405//2405 2154//2154 2406//2406
f 2405//2405 2301//2301 2154//2154
f 2285//2285 2294//2294 2286//2286
f 2286//2286 3740//3740 2287//2287
f 2286//2286 2287//2287 2278//2278
f 2296//2296 2500//2500 2278//2278
f 2399//2399 2397//2397 2291//2291
f 2487//2487 2290//2290 2396//2396
f 2290//2290 2288//2288 2396//2396
f 2288//2288 3812//3812 2396//2396
f 2160//2160 3738//3738 2397//2397
f 3739//3739 3682//3682 2177//2177
f 2291//2291 2164//2164 2176//2176
f 3738//3738 2164//2164 2291//2291
f 3739//3739 2177//2177 2299//2299
f 2177//2177 2300//2300 2299//2299
f 2290//2290 2160//2160 2288//2288
f 2288//2288 2160//2160 3812//3812
f 2291//2291 2397//2397 3738//3738
f 3739//3739 2299//2299 2404//2404
f 3822//3822 2399//2399 2291//2291
f 2293//2293 2292//2292 2301//2301
f 2294//2294 2181//2181 2182//2182
f 2294//2294 2182//2182 2302//2302
f 2182//2182 2303//2303 2302//2302
f 2302//2302 2303//2303 2294//2294
f 3740//3740 3744//3744 2297//2297
f 2181//2181 2294//2294 2285//2285
f 3740//3740 2295//2295 2287//2287
f 2295//2295 3740//3740 2297//2297
f 2287//2287 2295//2295 3741//3741
f 2287//2287 3741//3741 2278//2278
f 2295//2295 2297//2297 3741//3741
f 2298//2298 2393//2393 2418//2418
f 2300//2300 2404//2404 2299//2299
f 2404//2404 2300//2300 2408//2408
f 2189//2189 2408//2408 2178//2178
f 2408//2408 2300//2300 2178//2178
f 2301//2301 3744//3744 2182//2182
f 2297//2297 3744//3744 2428//2428
f 3744//3744 2301//2301 2428//2428
f 2298//2298 2304//2304 2188//2188
f 2298//2298 2418//2418 2305//2305
f 2408//2408 3683//3683 2308//2308
f 3683//3683 2307//2307 2308//2308
f 2424//2424 2408//2408 2308//2308
f 2186//2186 2191//2191 2183//2183
f 2304//2304 2306//2306 2194//2194
f 2194//2194 2306//2306 2191//2191
f 2298//2298 2305//2305 2304//2304
f 2305//2305 2306//2306 2304//2304
f 2306//2306 2305//2305 2313//2313
f 2431//2431 2307//2307 2196//2196
f 2191//2191 2431//2431 2196//2196
f 2315//2315 2310//2310 2314//2314
f 2316//2316 2310//2310 2315//2315
f 2315//2315 2314//2314 2309//2309
f 3746//3746 2309//2309 2314//2314
f 2316//2316 2311//2311 2310//2310
f 3745//3745 2191//2191 2306//2306
f 2312//2312 2310//2310 2306//2306
f 2306//2306 2313//2313 2312//2312
f 2310//2310 2312//2312 2314//2314
f 2312//2312 2313//2313 2314//2314
f 2306//2306 2310//2310 2311//2311
f 3746//3746 2305//2305 2309//2309
f 2305//2305 2320//2320 2309//2309
f 2316//2316 2315//2315 2317//2317
f 2315//2315 2309//2309 2317//2317
f 2309//2309 2320//2320 2319//2319
f 2317//2317 2309//2309 2319//2319
f 2317//2317 2319//2319 2432//2432
f 2319//2319 2320//2320 2318//2318
f 2433//2433 3747//3747 2318//2318
f 2433//2433 2432//2432 3748//3748
f 2320//2320 2305//2305 2418//2418
f 2418//2418 2435//2435 2320//2320
f 2320//2320 2321//2321 2318//2318
f 2433//2433 2318//2318 2321//2321
f 2324//2324 3752//3752 2322//2322
f 2322//2322 3752//3752 3686//3686
f 3750//3750 2323//2323 3751//3751
f 2323//2323 2326//2326 3751//3751
f 3755//3755 3752//3752 2324//2324
f 2324//2324 3753//3753 3755//3755
f 2240//2240 2328//2328 2326//2326
f 2332//2332 2329//2329 2328//2328
f 3756//3756 2327//2327 3754//3754
f 2328//2328 2329//2329 2326//2326
f 2327//2327 2330//2330 2331//2331
f 2327//2327 3756//3756 2330//2330
f 2330//2330 3756//3756 2442//2442
f 2331//2331 2330//2330 2442//2442
f 2329//2329 2332//2332 3868//3868
f 2328//2328 2449//2449 2332//2332
f 2114//2114 2333//2333 2343//2343
f 2333//2333 2334//2334 2343//2343
f 2334//2334 2333//2333 2447//2447
f 2342//2342 2347//2347 2449//2449
f 2328//2328 2342//2342 2449//2449
f 3758//3758 2335//2335 2343//2343
f 2335//2335 2336//2336 2343//2343
f 2336//2336 2349//2349 2343//2343
f 2337//2337 2335//2335 3758//3758
f 2337//2337 2349//2349 2336//2336
f 2335//2335 2337//2337 2336//2336
f 2338//2338 2334//2334 2447//2447
f 2338//2338 2339//2339 3759//3759
f 2334//2334 2338//2338 3760//3760
f 2454//2454 3769//3769 2339//2339
f 2339//2339 3769//3769 3759//3759
f 2447//2447 2454//2454 2338//2338
f 2454//2454 2339//2339 2338//2338
f 2246//2246 3761//3761 3762//3762
f 2344//2344 2340//2340 2244//2244
f 1954//1954 3727//3727 2341//2341
f 2347//2347 2342//2342 2345//2345
f 2343//2343 2264//2264 2114//2114
f 2343//2343 2349//2349 2265//2265
f 3761//3761 3763//3763 3762//3762
f 3763//3763 3768//3768 3762//3762
f 2347//2347 2345//2345 2346//2346
f 2264//2264 2343//2343 2265//2265
f 2259//2259 2344//2344 2255//2255
f 3767//3767 3764//3764 2350//2350
f 2347//2347 2346//2346 2137//2137
f 2259//2259 2352//2352 2354//2354
f 2351//2351 2344//2344 2259//2259
f 2354//2354 2351//2351 2259//2259
f 3765//3765 2351//2351 3771//3771
f 2354//2354 3771//3771 2351//2351
f 3771//3771 2354//2354 3775//3775
f 2394//2394 2265//2265 2349//2349
f 3772//3772 2266//2266 2361//2361
f 2354//2354 2352//2352 2353//2353
f 2353//2353 2356//2356 2354//2354
f 3774//3774 3776//3776 2262//2262
f 2354//2354 3777//3777 3775//3775
f 2347//2347 2137//2137 2357//2357
f 2357//2357 2358//2358 2347//2347
f 2358//2358 2357//2357 2359//2359
f 2360//2360 2358//2358 2359//2359
f 2460//2460 2347//2347 2358//2358
f 2460//2460 2358//2358 2360//2360
f 2460//2460 2360//2360 2461//2461
f 2461//2461 2359//2359 2459//2459
f 2461//2461 2360//2360 2359//2359
f 2370//2370 2268//2268 2369//2369
f 2361//2361 2268//2268 2370//2370
f 2363//2363 2372//2372 2262//2262
f 3778//3778 3773//3773 3780//3780
f 3776//3776 2363//2363 2262//2262
f 3778//3778 3780//3780 2362//2362
f 3781//3781 2363//2363 3779//3779
f 2365//2365 2362//2362 3780//3780
f 3783//3783 2372//2372 2363//2363
f 3783//3783 2363//2363 3781//3781
f 2365//2365 3780//3780 2364//2364
f 3782//3782 2361//2361 2370//2370
f 2366//2366 3782//3782 2370//2370
f 2370//2370 2371//2371 2366//2366
f 3786//3786 3787//3787 3790//3790
f 3784//3784 3782//3782 2366//2366
f 3785//3785 3786//3786 3790//3790
f 2359//2359 2357//2357 2273//2273
f 2359//2359 2273//2273 2367//2367
f 2368//2368 2367//2367 2466//2466
f 2368//2368 2359//2359 2367//2367
f 2459//2459 2359//2359 2368//2368
f 2394//2394 2393//2393 2265//2265
f 2271//2271 2374//2374 2270//2270
f 2374//2374 2373//2373 2377//2377
f 2373//2373 2374//2374 2271//2271
f 3788//3788 2370//2370 2375//2375
f 3791//3791 3789//3789 3792//3792
f 2372//2372 2373//2373 2271//2271
f 2378//2378 3795//3795 2373//2373
f 3799//3799 2376//2376 3796//3796
f 2469//2469 2376//2376 3799//3799
f 3872//3872 2378//2378 2373//2373
f 3797//3797 3793//3793 2379//2379
f 3798//3798 3800//3800 2374//2374
f 2375//2375 2370//2370 3873//3873
f 3873//3873 2370//2370 2369//2369
f 3792//3792 3874//3874 3791//3791
f 3794//3794 3873//3873 2369//2369
f 2372//2372 3872//3872 2373//2373
f 2466//2466 2367//2367 2467//2467
f 2467//2467 2367//2367 2472//2472
f 2470//2470 2369//2369 2381//2381
f 3794//3794 2369//2369 2470//2470
f 3800//3800 2380//2380 2374//2374
f 2380//2380 2382//2382 2374//2374
f 2470//2470 3801//3801 3794//3794
f 3800//3800 2384//2384 2380//2380
f 2380//2380 3802//3802 2382//2382
f 2472//2472 2367//2367 2273//2273
f 2471//2471 3875//3875 2385//2385
f 2382//2382 2383//2383 2275//2275
f 2382//2382 2474//2474 2383//2383
f 3800//3800 3876//3876 2384//2384
f 2273//2273 2500//2500 2472//2472
f 3804//3804 2470//2470 2381//2381
f 3804//3804 2381//2381 2473//2473
f 2473//2473 2381//2381 2386//2386
f 2388//2388 2477//2477 3805//3805
f 2383//2383 2387//2387 2275//2275
f 2480//2480 2387//2387 2474//2474
f 2383//2383 2474//2474 2387//2387
f 2386//2386 3882//3882 2473//2473
f 2387//2387 2154//2154 2275//2275
f 2391//2391 2386//2386 2282//2282
f 2282//2282 2389//2389 2391//2391
f 2389//2389 2390//2390 2392//2392
f 2391//2391 2389//2389 2392//2392
f 2387//2387 2406//2406 2154//2154
f 3806//3806 2386//2386 2391//2391
f 3806//3806 2391//2391 2392//2392
f 2480//2480 2478//2478 2387//2387
f 2387//2387 2478//2478 2406//2406
f 2479//2479 3807//3807 3809//3809
f 2472//2472 2500//2500 2685//2685
f 2407//2407 2393//2393 2394//2394
f 2398//2398 2396//2396 3812//3812
f 3897//3897 2392//2392 2390//2390
f 3808//3808 2395//2395 3898//3898
f 3898//3898 2395//2395 2284//2284
f 2284//2284 2290//2290 2487//2487
f 2487//2487 2396//2396 2398//2398
f 2397//2397 2399//2399 2402//2402
f 2398//2398 2397//2397 2402//2402
f 2407//2407 2394//2394 2400//2400
f 2518//2518 2407//2407 2400//2400
f 2402//2402 2399//2399 3822//3822
f 2402//2402 3822//3822 2401//2401
f 3816//3816 3813//3813 2403//2403
f 3823//3823 3817//3817 3819//3819
f 3820//3820 3814//3814 2493//2493
f 3912//3912 3815//3815 2404//2404
f 2494//2494 3912//3912 2404//2404
f 2495//2495 2494//2494 2404//2404
f 2408//2408 2495//2495 2404//2404
f 3821//3821 2405//2405 2406//2406
f 2405//2405 2422//2422 2301//2301
f 2296//2296 2417//2417 2500//2500
f 2501//2501 2500//2500 2507//2507
f 2418//2418 2393//2393 2407//2407
f 2408//2408 2410//2410 2502//2502
f 2506//2506 2405//2405 2414//2414
f 2405//2405 2506//2506 2422//2422
f 2408//2408 2424//2424 2409//2409
f 2424//2424 2416//2416 2409//2409
f 2408//2408 2409//2409 2410//2410
f 3827//3827 2413//2413 3829//3829
f 2405//2405 2412//2412 2414//2414
f 3838//3838 3828//3828 3845//3845
f 2503//2503 2411//2411 3835//3835
f 3830//3830 3839//3839 3832//3832
f 3833//3833 3840//3840 3836//3836
f 3841//3841 3843//3843 3837//3837
f 3926//3926 3843//3843 3841//3841
f 3927//3927 3842//3842 3846//3846
f 2505//2505 2504//2504 2415//2415
f 3742//3742 3743//3743 2417//2417
f 2417//2417 3743//3743 2430//2430
f 2507//2507 2500//2500 2417//2417
f 2417//2417 2430//2430 2507//2507
f 2424//2424 2307//2307 2419//2419
f 2307//2307 2511//2511 2419//2419
f 2426//2426 2511//2511 2307//2307
f 2425//2425 3856//3856 3847//3847
f 2511//2511 2423//2423 2419//2419
f 3857//3857 2419//2419 2420//2420
f 2420//2420 2419//2419 2423//2423
f 2422//2422 2517//2517 2301//2301
f 2422//2422 3858//3858 2421//2421
f 3848//3848 3850//3850 3859//3859
f 3854//3854 3851//3851 3849//3849
f 2422//2422 2421//2421 2517//2517
f 2424//2424 3928//3928 2416//2416
f 3856//3856 2425//2425 3929//3929
f 3930//3930 3860//3860 3853//3853
f 2424//2424 2308//2308 2307//2307
f 2429//2429 2297//2297 2428//2428
f 2507//2507 2430//2430 2526//2526
f 2418//2418 2407//2407 2435//2435
f 2431//2431 2426//2426 2307//2307
f 2427//2427 2426//2426 2431//2431
f 2520//2520 2427//2427 2431//2431
f 3931//3931 3852//3852 3855//3855
f 2512//2512 2511//2511 2426//2426
f 3861//3861 2514//2514 3932//3932
f 2520//2520 2431//2431 2535//2535
f 2431//2431 2311//2311 2316//2316
f 2317//2317 2431//2431 2316//2316
f 3745//3745 2431//2431 2191//2191
f 2317//2317 2434//2434 2431//2431
f 2524//2524 2429//2429 2428//2428
f 2430//2430 2297//2297 2429//2429
f 2429//2429 2524//2524 2430//2430
f 2434//2434 2436//2436 2431//2431
f 2301//2301 2524//2524 2428//2428
f 2431//2431 2436//2436 2535//2535
f 2317//2317 2432//2432 2434//2434
f 2434//2434 2432//2432 2436//2436
f 2433//2433 2436//2436 2432//2432
f 3749//3749 2320//2320 2435//2435
f 2437//2437 2433//2433 2321//2321
f 3749//3749 2435//2435 3863//3863
f 2433//2433 2437//2437 2438//2438
f 2433//2433 2438//2438 2436//2436
f 2438//2438 2437//2437 2439//2439
f 2435//2435 2440//2440 3863//3863
f 2435//2435 2441//2441 2440//2440
f 2437//2437 3865//3865 2439//2439
f 2542//2542 2436//2436 2438//2438
f 2439//2439 3865//3865 2552//2552
f 2438//2438 2439//2439 4005//4005
f 2331//2331 2442//2442 2448//2448
f 2332//2332 2450//2450 2443//2443
f 2443//2443 3868//3868 2332//2332
f 2443//2443 2444//2444 3868//3868
f 2562//2562 2444//2444 2561//2561
f 2445//2445 2331//2331 2448//2448
f 2444//2444 2562//2562 3868//3868
f 2448//2448 2442//2442 2562//2562
f 3757//3757 2445//2445 2333//2333
f 2445//2445 2447//2447 2333//2333
f 2332//2332 2449//2449 2450//2450
f 2444//2444 2450//2450 2451//2451
f 2452//2452 2444//2444 2451//2451
f 2452//2452 2446//2446 2444//2444
f 2452//2452 2566//2566 2446//2446
f 2450//2450 2444//2444 2443//2443
f 2444//2444 2446//2446 2561//2561
f 2568//2568 2447//2447 2445//2445
f 2448//2448 2568//2568 2445//2445
f 2568//2568 2448//2448 2562//2562
f 2449//2449 2347//2347 2453//2453
f 2453//2453 2450//2450 2449//2449
f 2453//2453 2452//2452 2451//2451
f 2450//2450 2453//2453 2451//2451
f 2568//2568 2578//2578 2447//2447
f 2453//2453 2571//2571 2452//2452
f 2349//2349 2454//2454 2455//2455
f 2455//2455 2454//2454 2447//2447
f 2578//2578 2455//2455 2447//2447
f 2581//2581 2453//2453 2347//2347
f 2456//2456 2458//2458 2455//2455
f 2458//2458 2349//2349 2455//2455
f 2456//2456 2465//2465 2458//2458
f 2581//2581 2347//2347 2460//2460
f 4009//4009 2460//2460 2462//2462
f 4010//4010 2457//2457 2464//2464
f 2463//2463 2457//2457 4010//4010
f 2458//2458 2394//2394 2349//2349
f 2467//2467 2459//2459 2466//2466
f 2462//2462 2459//2459 3869//3869
f 3869//3869 2459//2459 2467//2467
f 2459//2459 2462//2462 2460//2460
f 2460//2460 2461//2461 2459//2459
f 3869//3869 4009//4009 2462//2462
f 2463//2463 2468//2468 2457//2457
f 2457//2457 2468//2468 2464//2464
f 2394//2394 2458//2458 2465//2465
f 2466//2466 2459//2459 2368//2368
f 2468//2468 2463//2463 3871//3871
f 2464//2464 2468//2468 3879//3879
f 2465//2465 2594//2594 2394//2394
f 2468//2468 3871//3871 3879//3879
f 3870//3870 2472//2472 2685//2685
f 2594//2594 2486//2486 2394//2394
f 2382//2382 3802//3802 2474//2474
f 2384//2384 3876//3876 3877//3877
f 3803//3803 3878//3878 2474//2474
f 2476//2476 2474//2474 3878//3878
f 2473//2473 2471//2471 2385//2385
f 2475//2475 2471//2471 2473//2473
f 2475//2475 3880//3880 2471//2471
f 3882//3882 2475//2475 2473//2473
f 3880//3880 2475//2475 3883//3883
f 2481//2481 2477//2477 2388//2388
f 2482//2482 3881//3881 3884//3884
f 2476//2476 3891//3891 2474//2474
f 3890//3890 2482//2482 3884//3884
f 2490//2490 3885//3885 3810//3810
f 3886//3886 2479//2479 3809//3809
f 2485//2485 2480//2480 2474//2474
f 2480//2480 2485//2485 2484//2484
f 3895//3895 3888//3888 3889//3889
f 3887//3887 3889//3889 3888//3888
f 2478//2478 3906//3906 2492//2492
f 2492//2492 2406//2406 2478//2478
f 2481//2481 2388//2388 2483//2483
f 3890//3890 3892//3892 2482//2482
f 2482//2482 3892//3892 3896//3896
f 3891//3891 2484//2484 2485//2485
f 2474//2474 3891//3891 2485//2485
f 3893//3893 3807//3807 2479//2479
f 3888//3888 3895//3895 3894//3894
f 2685//2685 2500//2500 2597//2597
f 2486//2486 2400//2400 2394//2394
f 2488//2488 2392//2392 3897//3897
f 3907//3907 3811//3811 3899//3899
f 3900//3900 2487//2487 2398//2398
f 3900//3900 2398//2398 2499//2499
f 2489//2489 3917//3917 3824//3824
f 3918//3918 3903//3903 3901//3901
f 3909//3909 3907//3907 3899//3899
f 3910//3910 3904//3904 3825//3825
f 2491//2491 2598//2598 2599//2599
f 4018//4018 4017//4017 3908//3908
f 3911//3911 3902//3902 3905//3905
f 2597//2597 2500//2500 2501//2501
f 2486//2486 2518//2518 2400//2400
f 2494//2494 2497//2497 3912//3912
f 2497//2497 2494//2494 2495//2495
f 2493//2493 3913//3913 3820//3820
f 3820//3820 3913//3913 2498//2498
f 3821//3821 3915//3915 2496//2496
f 2496//2496 3915//3915 3920//3920
f 3826//3826 3919//3919 3818//3818
f 2398//2398 2402//2402 2499//2499
f 3821//3821 2496//2496 2405//2405
f 2405//2405 2496//2496 2412//2412
f 2602//2602 2597//2597 2501//2501
f 2408//2408 2502//2502 2495//2495
f 2495//2495 2502//2502 2497//2497
f 2497//2497 2502//2502 3921//3921
f 2502//2502 2410//2410 3921//3921
f 3916//3916 3914//3914 3922//3922
f 2412//2412 2496//2496 3920//3920
f 3831//3831 3834//3834 3923//3923
f 3844//3844 3924//3924 3925//3925
f 2501//2501 2507//2507 2508//2508
f 2602//2602 2501//2501 2508//2508
f 2602//2602 2508//2508 2509//2509
f 2602//2602 2509//2509 2510//2510
f 2486//2486 2603//2603 2606//2606
f 2509//2509 2507//2507 2526//2526
f 2509//2509 2508//2508 2507//2507
f 2519//2519 2518//2518 2486//2486
f 2515//2515 3852//3852 3931//3931
f 2512//2512 2516//2516 2511//2511
f 3931//3931 3942//3942 2515//2515
f 2517//2517 2513//2513 2301//2301
f 3944//3944 3933//3933 3935//3935
f 2512//2512 2426//2426 2427//2427
f 3937//3937 2301//2301 2513//2513
f 3938//3938 3936//3936 3934//3934
f 3862//3862 2521//2521 3939//3939
f 2421//2421 3940//3940 2517//2517
f 3941//3941 3943//3943 3944//3944
f 3943//3943 3933//3933 3944//3944
f 2518//2518 2435//2435 2407//2407
f 2527//2527 2510//2510 2509//2509
f 2486//2486 2606//2606 2519//2519
f 2519//2519 2606//2606 2541//2541
f 2520//2520 3949//3949 2427//2427
f 2525//2525 3946//3946 3979//3979
f 2522//2522 2524//2524 3937//3937
f 2523//2523 3947//3947 3954//3954
f 2523//2523 3950//3950 3947//3947
f 3948//3948 3958//3958 3955//3955
f 3937//3937 3951//3951 2522//2522
f 2524//2524 2522//2522 3953//3953
f 2522//2522 3952//3952 3953//3953
f 2301//2301 3937//3937 2524//2524
f 3959//3959 3980//3980 3956//3956
f 2526//2526 2527//2527 2509//2509
f 2430//2430 2554//2554 2526//2526
f 2435//2435 2518//2518 2539//2539
f 2518//2518 2519//2519 2539//2539
f 3986//3986 3945//3945 2540//2540
f 2541//2541 2540//2540 3945//3945
f 2530//2530 2528//2528 2532//2532
f 3965//3965 2529//2529 3960//3960
f 3961//3961 3963//3963 2531//2531
f 3971//3971 3962//3962 2533//2533
f 3962//3962 3969//3969 2533//2533
f 3964//3964 3966//3966 3974//3974
f 3964//3964 3974//3974 3970//3970
f 3967//3967 3972//3972 2534//2534
f 3977//3977 3975//3975 3968//3968
f 3978//3978 3973//3973 3976//3976
f 3981//3981 2537//2537 3957//3957
f 2536//2536 2535//2535 2436//2436
f 2436//2436 2538//2538 3982//3982
f 2543//2543 2538//2538 2436//2436
f 3981//3981 3983//3983 2537//2537
f 3983//3983 3985//3985 2537//2537
f 2537//2537 3985//3985 3987//3987
f 2524//2524 2553//2553 2430//2430
f 3866//3866 2435//2435 2539//2539
f 3867//3867 3986//3986 2540//2540
f 2553//2553 2524//2524 3984//3984
f 2542//2542 2543//2543 2436//2436
f 2553//2553 3984//3984 2547//2547
f 2545//2545 2542//2542 2546//2546
f 3988//3988 2542//2542 2545//2545
f 2542//2542 2438//2438 2546//2546
f 3993//3993 3864//3864 2548//2548
f 2547//2547 3984//3984 2544//2544
f 2537//2537 3987//3987 3990//3990
f 3989//3989 3992//3992 3991//3991
f 3991//3991 3992//3992 3996//3996
f 3992//3992 3994//3994 3996//3996
f 3998//3998 3997//3997 3995//3995
f 2553//2553 2547//2547 2550//2550
f 4001//4001 3997//3997 3998//3998
f 2430//2430 2553//2553 2554//2554
f 2540//2540 2541//2541 3867//3867
f 2526//2526 2554//2554 2608//2608
f 4002//4002 3999//3999 2549//2549
f 2552//2552 2555//2555 4000//4000
f 2607//2607 4002//4002 2549//2549
f 4000//4000 2555//2555 4019//4019
f 2551//2551 2556//2556 3865//3865
f 3864//3864 4000//4000 2548//2548
f 2552//2552 4000//4000 3864//3864
f 2552//2552 3865//3865 2556//2556
f 2441//2441 4003//4003 2440//2440
f 2558//2558 2609//2609 2556//2556
f 2609//2609 2610//2610 2556//2556
f 2619//2619 2609//2609 2558//2558
f 4004//4004 3867//3867 2557//2557
f 2558//2558 4004//4004 2557//2557
f 2552//2552 2556//2556 2555//2555
f 2556//2556 4004//4004 2558//2558
f 3867//3867 2559//2559 2557//2557
f 2558//2558 2557//2557 2559//2559
f 2562//2562 2561//2561 2563//2563
f 2562//2562 2563//2563 2568//2568
f 2563//2563 2565//2565 2567//2567
f 2569//2569 2452//2452 2571//2571
f 2452//2452 2569//2569 2564//2564
f 2446//2446 2566//2566 2561//2561
f 2566//2566 2452//2452 2564//2564
f 4006//4006 2565//2565 2566//2566
f 2573//2573 2565//2565 4006//4006
f 2567//2567 2565//2565 2577//2577
f 2561//2561 2566//2566 2563//2563
f 2563//2563 2566//2566 2565//2565
f 2574//2574 2568//2568 2563//2563
f 2567//2567 2574//2574 2563//2563
f 2573//2573 4006//4006 4007//4007
f 2572//2572 2570//2570 4007//4007
f 4008//4008 2569//2569 2571//2571
f 2572//2572 2575//2575 2570//2570
f 4007//4007 2570//2570 2573//2573
f 2573//2573 2570//2570 2565//2565
f 2567//2567 2577//2577 2679//2679
f 2568//2568 2580//2580 2578//2578
f 2567//2567 2679//2679 2574//2574
f 2568//2568 2574//2574 2580//2580
f 2580//2580 2574//2574 2678//2678
f 2571//2571 2453//2453 2581//2581
f 4008//4008 2571//2571 2584//2584
f 2570//2570 2577//2577 2565//2565
f 2576//2576 2570//2570 2575//2575
f 2572//2572 2584//2584 2575//2575
f 2575//2575 2584//2584 2576//2576
f 2570//2570 2576//2576 2577//2577
f 2576//2576 2584//2584 2577//2577
f 2455//2455 2578//2578 2456//2456
f 2579//2579 2578//2578 2580//2580
f 2578//2578 2579//2579 2456//2456
f 2579//2579 2592//2592 2456//2456
f 2580//2580 2588//2588 2579//2579
f 2588//2588 2592//2592 2579//2579
f 2678//2678 2574//2574 2679//2679
f 2583//2583 2581//2581 2582//2582
f 4012//4012 4011//4011 3870//3870
f 4012//4012 3870//3870 2589//2589
f 2583//2583 2571//2571 2581//2581
f 2584//2584 2571//2571 2583//2583
f 2584//2584 2583//2583 2586//2586
f 2589//2589 2586//2586 2583//2583
f 2585//2585 2584//2584 2586//2586
f 2586//2586 2590//2590 2585//2585
f 2685//2685 2590//2590 2586//2586
f 2677//2677 4013//4013 2590//2590
f 2584//2584 2585//2585 2577//2577
f 2577//2577 2585//2585 2587//2587
f 2577//2577 2683//2683 2684//2684
f 2456//2456 2592//2592 2465//2465
f 2589//2589 2583//2583 4012//4012
f 3870//3870 2685//2685 2589//2589
f 2685//2685 2586//2586 2589//2589
f 2577//2577 2587//2587 2591//2591
f 2585//2585 4077//4077 2587//2587
f 2587//2587 4077//4077 2681//2681
f 2681//2681 2686//2686 2587//2587
f 2587//2587 2686//2686 4014//4014
f 4015//4015 2690//2690 2682//2682
f 2577//2577 4015//4015 2682//2682
f 4083//4083 4014//4014 2687//2687
f 2594//2594 2465//2465 2592//2592
f 2588//2588 2594//2594 2592//2592
f 2685//2685 2597//2597 2593//2593
f 2593//2593 2595//2595 4084//4084
f 2595//2595 2593//2593 2597//2597
f 2594//2594 2588//2588 2695//2695
f 2597//2597 2596//2596 2595//2595
f 2596//2596 2600//2600 2696//2696
f 2603//2603 2486//2486 2594//2594
f 2701//2701 2603//2603 2594//2594
f 2600//2600 2602//2602 2601//2601
f 2596//2596 2597//2597 2600//2600
f 2600//2600 2601//2601 2698//2698
f 2597//2597 2602//2602 2600//2600
f 2601//2601 2510//2510 2702//2702
f 2601//2601 2602//2602 2510//2510
f 2702//2702 2510//2510 2704//2704
f 2527//2527 2704//2704 2510//2510
f 2709//2709 2604//2604 2603//2603
f 2709//2709 2605//2605 2604//2604
f 2604//2604 2606//2606 2603//2603
f 2604//2604 2605//2605 2606//2606
f 2709//2709 2721//2721 2605//2605
f 2526//2526 2608//2608 2527//2527
f 2618//2618 2527//2527 2608//2608
f 2710//2710 2527//2527 2720//2720
f 2618//2618 2725//2725 2527//2527
f 2739//2739 2606//2606 2605//2605
f 2721//2721 2722//2722 2739//2739
f 2721//2721 2739//2739 2605//2605
f 2618//2618 2734//2734 2725//2725
f 2614//2614 2550//2550 4020//4020
f 2608//2608 2554//2554 2617//2617
f 2640//2640 2606//2606 2739//2739
f 2610//2610 4019//4019 2555//2555
f 2555//2555 2556//2556 2610//2610
f 2619//2619 2613//2613 2609//2609
f 4020//4020 2611//2611 2614//2614
f 2610//2610 4021//4021 4019//4019
f 2550//2550 2614//2614 2626//2626
f 4021//4021 2610//2610 2612//2612
f 2610//2610 2609//2609 2612//2612
f 2609//2609 2613//2613 2612//2612
f 2615//2615 4021//4021 2612//2612
f 4022//4022 2614//2614 2611//2611
f 2615//2615 2612//2612 2613//2613
f 2616//2616 2614//2614 4022//4022
f 4022//4022 2620//2620 2616//2616
f 2626//2626 2614//2614 2616//2616
f 2550//2550 2626//2626 2553//2553
f 2633//2633 2608//2608 2617//2617
f 2633//2633 2639//2639 2742//2742
f 2633//2633 2618//2618 2608//2608
f 2606//2606 2640//2640 2541//2541
f 2633//2633 2742//2742 2618//2618
f 2742//2742 2737//2737 2618//2618
f 2613//2613 2619//2619 2615//2615
f 2622//2622 2626//2626 2616//2616
f 2619//2619 2621//2621 2615//2615
f 4023//4023 4025//4025 4024//4024
f 2619//2619 2623//2623 4026//4026
f 2558//2558 2623//2623 2619//2619
f 2624//2624 2623//2623 2558//2558
f 2622//2622 2616//2616 2620//2620
f 4024//4024 4025//4025 4027//4027
f 2626//2626 2622//2622 2625//2625
f 4027//4027 4025//4025 4028//4028
f 4027//4027 4028//4028 4031//4031
f 4031//4031 4028//4028 4029//4029
f 4032//4032 4030//4030 2641//2641
f 4033//4033 4034//4034 2646//2646
f 2558//2558 2559//2559 2649//2649
f 2626//2626 2627//2627 2553//2553
f 4043//4043 2626//2626 2625//2625
f 2627//2627 2626//2626 4043//4043
f 2649//2649 2559//2559 2560//2560
f 2617//2617 2554//2554 2628//2628
f 2617//2617 2628//2628 2629//2629
f 2637//2637 2634//2634 2629//2629
f 2634//2634 2617//2617 2629//2629
f 2627//2627 2628//2628 2554//2554
f 2627//2627 2554//2554 2553//2553
f 2629//2629 2628//2628 2630//2630
f 2637//2637 2629//2629 2630//2630
f 2637//2637 2630//2630 2631//2631
f 2628//2628 2631//2631 2630//2630
f 2628//2628 2627//2627 2631//2631
f 2627//2627 2660//2660 2631//2631
f 2660//2660 2669//2669 2631//2631
f 2541//2541 2632//2632 3867//3867
f 2632//2632 2559//2559 3867//3867
f 2617//2617 2634//2634 2635//2635
f 2637//2637 2635//2635 2634//2634
f 2635//2635 2636//2636 2617//2617
f 2636//2636 2633//2633 2617//2617
f 2636//2636 2635//2635 2637//2637
f 2637//2637 2639//2639 2636//2636
f 2636//2636 2639//2639 2633//2633
f 2639//2639 2637//2637 2638//2638
f 2631//2631 2638//2638 2637//2637
f 2669//2669 2638//2638 2631//2631
f 2638//2638 2669//2669 2639//2639
f 2669//2669 2742//2742 2639//2639
f 4035//4035 2558//2558 2643//2643
f 4035//4035 2624//2624 2558//2558
f 4036//4036 4037//4037 2645//2645
f 4034//4034 4040//4040 2646//2646
f 2642//2642 2558//2558 2649//2649
f 2558//2558 2642//2642 2644//2644
f 2642//2642 2649//2649 2672//2672
f 4037//4037 4038//4038 2645//2645
f 2643//2643 2558//2558 2644//2644
f 2670//2670 2644//2644 2642//2642
f 2659//2659 2627//2627 4043//4043
f 4073//4073 2654//2654 2648//2648
f 4043//4043 4046//4046 2659//2659
f 2647//2647 4041//4041 4039//4039
f 2647//2647 4039//4039 4067//4067
f 4042//4042 4044//4044 4043//4043
f 4043//4043 4044//4044 2671//2671
f 4043//4043 2671//2671 4046//4046
f 4068//4068 4070//4070 4045//4045
f 4073//4073 2648//2648 4071//4071
f 2560//2560 2559//2559 2632//2632
f 2666//2666 2560//2560 2632//2632
f 2560//2560 2650//2650 2649//2649
f 2649//2649 2650//2650 2651//2651
f 2651//2651 2650//2650 4065//4065
f 4065//4065 2650//2650 2560//2560
f 2672//2672 2649//2649 2651//2651
f 2651//2651 4065//4065 2652//2652
f 2652//2652 4065//4065 2668//2668
f 4047//4047 2655//2655 4049//4049
f 4052//4052 4048//4048 2657//2657
f 2658//2658 2657//2657 4048//4048
f 4074//4074 4047//4047 4049//4049
f 2658//2658 4048//4048 2652//2652
f 2653//2653 2627//2627 2659//2659
f 2627//2627 2653//2653 2660//2660
f 2653//2653 4056//4056 4053//4053
f 2653//2653 4053//4053 2660//2660
f 2660//2660 4053//4053 2656//2656
f 4053//4053 4056//4056 4050//4050
f 2657//2657 4055//4055 4054//4054
f 4055//4055 2657//2657 2658//2658
f 4055//4055 2658//2658 2661//2661
f 2659//2659 4046//4046 4051//4051
f 2658//2658 2662//2662 2661//2661
f 4058//4058 2658//2658 2652//2652
f 2663//2663 4058//4058 2652//2652
f 2673//2673 4060//4060 4066//4066
f 2663//2663 2652//2652 2668//2668
f 4057//4057 2669//2669 2660//2660
f 2656//2656 4057//4057 2660//2660
f 2664//2664 2661//2661 2662//2662
f 4057//4057 4062//4062 2669//2669
f 2663//2663 2665//2665 4058//4058
f 4059//4059 4063//4063 4062//4062
f 2669//2669 4062//4062 2740//2740
f 4063//4063 2740//2740 4062//4062
f 2743//2743 4064//4064 4061//4061
f 4063//4063 4104//4104 2740//2740
f 4105//4105 4060//4060 2673//2673
f 2632//2632 2541//2541 2667//2667
f 2666//2666 2632//2632 2667//2667
f 4065//4065 2667//2667 2668//2668
f 2675//2675 2668//2668 2667//2667
f 2541//2541 2676//2676 2667//2667
f 2675//2675 4076//4076 2668//2668
f 2667//2667 2676//2676 2675//2675
f 2541//2541 2640//2640 2676//2676
f 2670//2670 2642//2642 2672//2672
f 4075//4075 4072//4072 4069//4069
f 4076//4076 2675//2675 2674//2674
f 2675//2675 2676//2676 2674//2674
f 2679//2679 2577//2577 2684//2684
f 2678//2678 2588//2588 2580//2580
f 2590//2590 2680//2680 2677//2677
f 4077//4077 4078//4078 2681//2681
f 2685//2685 2680//2680 2590//2590
f 2684//2684 2693//2693 2679//2679
f 4014//4014 2686//2686 2687//2687
f 4084//4084 2691//2691 2682//2682
f 2593//2593 4084//4084 4080//4080
f 2593//2593 2680//2680 2685//2685
f 2691//2691 2577//2577 2682//2682
f 2681//2681 4078//4078 2686//2686
f 4078//4078 2687//2687 2686//2686
f 4016//4016 4081//4081 4079//4079
f 2689//2689 2758//2758 2688//2688
f 2688//2688 2684//2684 2683//2683
f 2577//2577 4082//4082 2683//2683
f 2683//2683 2689//2689 2688//2688
f 2688//2688 2762//2762 2684//2684
f 2684//2684 2762//2762 2693//2693
f 2678//2678 2679//2679 2693//2693
f 2693//2693 2695//2695 2678//2678
f 4084//4084 2595//2595 2691//2691
f 2691//2691 4082//4082 2577//2577
f 4082//4082 2691//2691 2692//2692
f 2759//2759 2692//2692 2691//2691
f 4082//4082 2692//2692 4121//4121
f 2759//2759 4121//4121 2692//2692
f 2678//2678 2695//2695 2588//2588
f 2691//2691 2694//2694 2759//2759
f 2766//2766 2693//2693 2762//2762
f 2694//2694 2691//2691 2595//2595
f 2694//2694 2696//2696 2759//2759
f 2761//2761 2759//2759 2696//2696
f 2701//2701 2594//2594 2695//2695
f 2693//2693 2766//2766 2767//2767
f 2695//2695 2693//2693 2767//2767
f 2595//2595 2596//2596 2697//2697
f 2697//2697 2694//2694 2595//2595
f 2694//2694 2697//2697 2696//2696
f 2765//2765 2761//2761 2696//2696
f 2697//2697 2596//2596 2696//2696
f 2696//2696 2600//2600 2698//2698
f 2698//2698 2764//2764 2696//2696
f 2764//2764 2698//2698 2699//2699
f 2700//2700 2701//2701 2695//2695
f 2700//2700 2695//2695 2767//2767
f 2698//2698 2601//2601 2699//2699
f 2702//2702 2699//2699 2601//2601
f 2764//2764 2699//2699 2702//2702
f 2768//2768 2764//2764 2702//2702
f 2704//2704 2703//2703 2702//2702
f 2703//2703 2768//2768 2702//2702
f 2705//2705 2703//2703 2704//2704
f 2704//2704 2706//2706 2707//2707
f 2707//2707 2705//2705 2704//2704
f 2703//2703 2705//2705 2768//2768
f 2705//2705 2707//2707 2768//2768
f 2700//2700 2709//2709 2701//2701
f 2706//2706 2527//2527 2710//2710
f 2706//2706 2704//2704 2527//2527
f 2707//2707 2706//2706 2710//2710
f 2769//2769 2708//2708 2767//2767
f 2770//2770 4126//4126 2707//2707
f 2707//2707 2712//2712 2770//2770
f 2770//2770 2712//2712 2771//2771
f 2711//2711 2708//2708 4127//4127
f 2701//2701 2709//2709 2603//2603
f 2767//2767 2709//2709 2700//2700
f 2708//2708 2709//2709 2767//2767
f 2711//2711 2709//2709 2708//2708
f 2712//2712 2707//2707 2710//2710
f 2715//2715 2711//2711 4127//4127
f 2771//2771 2712//2712 2713//2713
f 2771//2771 2713//2713 2715//2715
f 2714//2714 2712//2712 2710//2710
f 2712//2712 2714//2714 2713//2713
f 2720//2720 2719//2719 2710//2710
f 2716//2716 2714//2714 2710//2710
f 2719//2719 2716//2716 2710//2710
f 2717//2717 2711//2711 2715//2715
f 2723//2723 2717//2717 2718//2718
f 2711//2711 2717//2717 2723//2723
f 2713//2713 2714//2714 2715//2715
f 2716//2716 2715//2715 2714//2714
f 2718//2718 2716//2716 4085//4085
f 2716//2716 2718//2718 2715//2715
f 2715//2715 2718//2718 2717//2717
f 4085//4085 4086//4086 4087//4087
f 2722//2722 2721//2721 2709//2709
f 2709//2709 2723//2723 2722//2722
f 2711//2711 2723//2723 2709//2709
f 4085//4085 4087//4087 2718//2718
f 2527//2527 2725//2725 2720//2720
f 2724//2724 2739//2739 2722//2722
f 2723//2723 2726//2726 2724//2724
f 4087//4087 4086//4086 4088//4088
f 4089//4089 4087//4087 4088//4088
f 2722//2722 2723//2723 2724//2724
f 2726//2726 2728//2728 2724//2724
f 2728//2728 2729//2729 2724//2724
f 4088//4088 2727//2727 4089//4089
f 2734//2734 4090//4090 2725//2725
f 2726//2726 4091//4091 2728//2728
f 4092//4092 4094//4094 2735//2735
f 4091//4091 4096//4096 2728//2728
f 2734//2734 2618//2618 2730//2730
f 2737//2737 2730//2730 2618//2618
f 2729//2729 2739//2739 2724//2724
f 2729//2729 2733//2733 2739//2739
f 2733//2733 2738//2738 2739//2739
f 2728//2728 4096//4096 2729//2729
f 2734//2734 2730//2730 2736//2736
f 2731//2731 2729//2729 4098//4098
f 2730//2730 2732//2732 4093//4093
f 2731//2731 2732//2732 2733//2733
f 2731//2731 2733//2733 2729//2729
f 2730//2730 4100//4100 2732//2732
f 2732//2732 4100//4100 4101//4101
f 2733//2733 2732//2732 4101//4101
f 2729//2729 4096//4096 4098//4098
f 4099//4099 4097//4097 4095//4095
f 2736//2736 2730//2730 4093//4093
f 4101//4101 4100//4100 4102//4102
f 2669//2669 2740//2740 2742//2742
f 2676//2676 2741//2741 2752//2752
f 2640//2640 2741//2741 2676//2676
f 2751//2751 4103//4103 2746//2746
f 2741//2741 2640//2640 2739//2739
f 2739//2739 2738//2738 4103//4103
f 4103//4103 2751//2751 2739//2739
f 4105//4105 2673//2673 2744//2744
f 2674//2674 4106//4106 4076//4076
f 4104//4104 4107//4107 2745//2745
f 4108//4108 4109//4109 2740//2740
f 2751//2751 4114//4114 2741//2741
f 4104//4104 2745//2745 2740//2740
f 4109//4109 2742//2742 2740//2740
f 2741//2741 2739//2739 2751//2751
f 2674//2674 2747//2747 4106//4106
f 2748//2748 2747//2747 2674//2674
f 2674//2674 2757//2757 2748//2748
f 4106//4106 2747//2747 2749//2749
f 2749//2749 2747//2747 2748//2748
f 2745//2745 4107//4107 2750//2750
f 2749//2749 4112//4112 4106//4106
f 4109//4109 4108//4108 4113//4113
f 2754//2754 2749//2749 2748//2748
f 2755//2755 2754//2754 2748//2748
f 2748//2748 2757//2757 2755//2755
f 2757//2757 2752//2752 2773//2773
f 2756//2756 4112//4112 2749//2749
f 4117//4117 4118//4118 4111//4111
f 2772//2772 4128//4128 4110//4110
f 4109//4109 4113//4113 4119//4119
f 4109//4109 4119//4119 2772//2772
f 2674//2674 2676//2676 2757//2757
f 2676//2676 2752//2752 2757//2757
f 2746//2746 4129//4129 2751//2751
f 4129//4129 4114//4114 2751//2751
f 2753//2753 2774//2774 4120//4120
f 4118//4118 4117//4117 4115//4115
f 2755//2755 4116//4116 2754//2754
f 2775//2775 4116//4116 2755//2755
f 4119//4119 4130//4130 2772//2772
f 4131//4131 2774//2774 2753//2753
f 2775//2775 2755//2755 2757//2757
f 2759//2759 2763//2763 4121//4121
f 2760//2760 2758//2758 4122//4122
f 2688//2688 2758//2758 2760//2760
f 2760//2760 2762//2762 2688//2688
f 2760//2760 2766//2766 2762//2762
f 2760//2760 4122//4122 2766//2766
f 2763//2763 2759//2759 2761//2761
f 2763//2763 2761//2761 2765//2765
f 4122//4122 4124//4124 2766//2766
f 2765//2765 2696//2696 2764//2764
f 4124//4124 4123//4123 2766//2766
f 2766//2766 4123//4123 2767//2767
f 4123//4123 4125//4125 2767//2767
f 2767//2767 4125//4125 4126//4126
f 2707//2707 4126//4126 4125//4125
f 4126//4126 2770//2770 2771//2771
f 2769//2769 4127//4127 2708//2708
f 4132//4132 2772//2772 4130//4130
f 2772//2772 4132//4132 4128//4128
f 2773//2773 4133//4133 2757//2757
