# Wavafront OBJ file of BodyParts3D
# BodyParts3D, Copyright(C) 2010-2011 The Database Center for Life Science licensed under CC Attribution-Share Alike 2.1 Japan.
vn -0.9719 0.0715892 -0.224242
v 187.078 -68.0495 1067.95
vn -0.86596 0.414268 -0.28017
v 187.046 -67.3504 1068.89
vn -0.948321 0.211954 -0.236143
v 186.884 -66.8241 1070.24
vn -0.81621 -0.410118 0.406946
v 186.905 -66.099 1071.37
vn -0.870519 0.303766 -0.387198
v 186.769 -65.7337 1071.13
vn -0.582701 0.59227 -0.556485
v 186.817 -65.2876 1071.49
vn -0.93428 -0.0227687 -0.355812
v 188.792 -72.2316 1063.4
vn -0.801609 -0.564104 0.198017
v 188.732 -72.8245 1065.07
vn -0.233388 -0.77748 0.583999
v 189.029 -72.9792 1065.09
vn -0.0811366 -0.768218 0.635026
v 189.168 -72.5281 1065.66
vn -0.833966 -0.519444 0.186222
v 189.26 -72.2256 1066.43
vn -0.875655 -0.457788 0.153812
v 189.018 -71.2667 1068.14
vn -0.762481 0.32685 -0.558383
v 188.62 -70.9379 1063.87
vn -0.459185 0.589541 -0.664522
v 188.612 -70.6817 1064.05
vn -0.109443 0.821398 -0.559757
v 188.82 -70.712 1063.9
vn -0.454925 0.703062 -0.546578
v 189.087 -71.141 1063.1
vn 0.0744215 0.814064 -0.575987
v 188.55 -70.2273 1064.6
vn -0.963733 -0.242523 -0.111361
v 187.613 -69.9574 1066.55
vn -0.481471 -0.675435 0.558546
v 188.072 -70.332 1068.01
vn -0.870531 0.176706 -0.459294
v 187.824 -69.6168 1065.72
vn -0.899148 -0.403326 0.169885
v 187.485 -68.9046 1069.06
vn -0.466714 -0.655351 0.59388
v 187.942 -69.313 1068.91
vn -0.859134 -0.474562 0.191517
v 188.28 -69.4212 1069.14
vn -0.620877 -0.583301 0.52371
v 187.361 -67.9099 1070.16
vn -0.658168 -0.573052 0.48829
v 187.733 -67.9351 1070.38
vn -0.750268 0.401322 -0.525394
v 187.445 -68.0332 1067.36
vn -0.824781 0.499257 -0.265478
v 187.14 -67.3221 1068.49
vn -0.720711 0.623966 -0.302062
v 187.121 -67.2367 1068.88
vn 0.114951 0.852393 -0.51011
v 187.35 -67.3729 1068.37
vn 0.113998 0.857118 -0.502348
v 187.306 -67.0838 1068.87
vn 0.238954 0.836797 -0.492617
v 187.512 -67.1278 1068.88
vn -0.764296 0.468525 -0.443097
v 187.034 -66.6407 1069.82
vn -0.57304 -0.576509 0.582462
v 187.359 -66.8924 1071.07
vn -0.591633 0.636273 -0.495103
v 187.177 -66.1868 1070.25
vn -0.810338 0.530586 -0.248659
v 186.861 -65.042 1071.87
vn 0.253214 0.814493 -0.521999
v 187.035 -65.1863 1071.69
vn -0.994915 0.0287135 0.0965413
v 186.807 -65.0259 1072.08
vn -0.794616 -0.361626 0.48766
v 187.018 -64.964 1072.47
vn -0.806695 -0.314573 0.500287
v 187.126 -64.9322 1072.67
vn -0.702529 0.520459 -0.485361
v 187.061 -64.7391 1072.65
vn 0.320424 0.810925 -0.489621
v 187.173 -64.7687 1072.46
vn -0.754215 0.546461 0.364061
v 187.275 -64.6756 1073.06
vn -0.715871 -0.455191 0.529461
v 187.581 -65.464 1072.94
vn -0.816716 -0.263118 0.513559
v 187.411 -64.6408 1073.26
vn -0.771587 -0.288031 0.567179
v 187.519 -64.609 1073.46
vn -0.220384 0.937197 -0.270356
v 187.523 -64.4596 1073.24
vn -0.845594 0.509007 -0.160884
v 187.511 -64.4064 1073.47
vn 0.334546 0.831417 -0.44365
v 187.715 -64.4242 1073.45
vn -0.75711 -0.289565 0.585607
v 187.67 -64.5726 1073.66
vn -0.940521 -0.153576 -0.303044
v 187.644 -64.3752 1073.64
vn -0.867207 -0.482227 -0.124133
v 191.632 -77.5591 1057.39
vn -0.693898 -0.708872 0.126512
v 190.963 -76.6714 1059.7
vn -0.898523 -0.434816 -0.059923
v 191.472 -77.2691 1060.38
vn -0.530127 -0.819515 0.217625
v 191.433 -77.1397 1058.95
vn -0.60366 -0.750899 0.267853
v 191.283 -76.6684 1060.51
vn -0.926485 -0.0291085 -0.375205
v 191.235 -75.5798 1057.39
vn -0.522937 -0.798356 0.298604
v 190.67 -76.0882 1060.87
vn -0.532563 -0.789274 0.305651
v 190.346 -75.2216 1062.14
vn -0.837593 -0.546251 0.00685085
v 190.44 -75.1112 1062.74
vn -0.867191 -0.497852 0.0110867
v 190.373 -75.0774 1063.14
vn -0.943193 -0.298862 -0.145151
v 190.717 -75.7231 1062.41
vn -0.904042 -0.427437 -0.00237585
v 190.558 -75.5352 1062.99
vn -0.820137 -0.545533 0.172538
v 190.584 -74.6228 1066.12
vn -0.753827 -0.616255 0.227979
v 191.117 -75.5537 1065.62
vn -0.919354 0.0142952 -0.393171
v 190.741 -74.7088 1058.49
vn -0.931348 -0.332893 -0.147557
v 189.723 -74.7093 1061.47
vn -0.778461 -0.62687 0.0321356
v 189.649 -74.555 1063.06
vn -0.758829 -0.641056 0.115002
v 189.663 -74.5941 1062.65
vn -0.506146 -0.782838 0.361912
v 190.071 -74.7206 1062.98
vn -0.671876 -0.607325 0.423957
v 189.914 -72.6564 1068.51
vn -0.821271 0.259879 -0.507913
v 189.91 -72.7191 1060.98
vn -0.503726 0.59587 -0.625459
v 189.871 -72.4126 1061.25
vn -0.673047 0.449127 -0.587616
v 189.361 -71.6535 1062.36
vn -0.123104 0.803522 -0.582407
v 190.419 -71.977 1061.62
vn -0.825849 -0.493276 0.273225
v 189.32 -71.5737 1068.79
vn -0.380462 -0.668989 0.638516
v 190.268 -72.3427 1069.1
vn 0.0631632 0.924882 -0.37497
v 189.293 -71.16 1063
vn -0.0595234 0.696534 -0.715051
v 189.751 -71.489 1062.16
vn 0.275762 0.90221 -0.331621
v 189.884 -71.1724 1063.54
vn 0.312371 0.853911 -0.416246
v 189.509 -70.0272 1065.62
vn -0.714123 -0.533241 0.453522
v 189.23 -70.8807 1069.72
vn -0.799878 -0.45481 0.39159
v 188.988 -69.8241 1070.41
vn -0.560611 -0.564068 0.606253
v 188.994 -68.5027 1071.69
vn -0.704809 -0.344281 0.620254
v 188.265 -64.2068 1074.66
vn -0.0155151 0.968011 -0.250426
v 188.455 -64.1016 1074.65
vn -0.429506 -0.559184 0.709111
v 189.211 -65.5338 1074.57
vn -0.442484 -0.47947 0.757836
v 189.254 -64.2295 1075.42
vn -0.0644606 0.971411 0.228487
v 189.453 -64.2112 1075.4
vn -0.825621 -0.563953 0.0175473
v 193.581 -80.5344 1057.96
vn -0.867043 -0.467188 -0.173126
v 193.526 -80.1605 1057.72
vn -0.886903 -0.438081 -0.146586
v 193.393 -80.1336 1058.11
vn -0.852964 -0.50877 -0.116642
v 193.095 -79.2714 1055
vn -0.755185 -0.653082 0.0563877
v 192.546 -78.5655 1056.52
vn -0.839361 -0.539904 -0.0630618
v 192.989 -79.5351 1058.44
vn -0.847378 -0.530501 0.0227924
v 192.972 -79.4346 1059.44
vn -0.542292 -0.768605 0.339361
v 192.954 -78.8909 1061.8
vn -0.909567 -0.308326 -0.278608
v 192.259 -77.6976 1055.42
vn -0.89338 -0.43718 -0.103663
v 191.834 -77.5742 1059.01
vn -0.782055 -0.605625 0.147001
v 191.733 -77.1962 1062.79
vn -0.782618 -0.604876 0.147083
v 191.822 -76.864 1063.97
vn -0.168787 -0.784315 0.59696
v 192.057 -76.7763 1064.57
vn -0.877914 0.165978 -0.449131
v 192.462 -76.3321 1054.69
vn -0.561025 0.624931 -0.542874
v 192.799 -75.7996 1055.05
vn -0.350058 -0.753066 0.557092
v 191.282 -75.497 1066.01
vn -0.169211 -0.760626 0.62675
v 191.68 -75.4539 1066.03
vn -0.426227 -0.757317 0.494775
v 192.067 -75.4085 1066.45
vn -0.380383 -0.742573 0.551266
v 192.279 -75.5138 1066.47
vn -0.782813 0.336499 -0.523424
v 191.479 -75.1915 1056.99
vn -0.429954 0.711559 -0.555719
v 191.718 -73.8916 1058.04
vn 0.0695233 0.911816 -0.40467
v 191.871 -73.5707 1058.62
vn -0.356501 -0.677352 0.643507
v 192.193 -73.3204 1068.66
vn 0.177138 0.917161 -0.356984
v 192.54 -72.7034 1060.36
vn 0.141078 0.920348 -0.364768
v 190.974 -71.7538 1062.63
vn 0.419684 0.877225 -0.233112
v 191.83 -72.1844 1062.3
vn 0.320069 0.838246 -0.441475
v 192.314 -71.5988 1064.67
vn -0.165068 -0.622742 0.764817
v 191.166 -69.4515 1071.86
vn 0.291356 0.826985 -0.48084
v 190.586 -66.4427 1071.74
vn 0.0984132 -0.590637 0.800914
v 191.139 -64.8889 1075.23
vn 0.308983 0.836911 -0.451784
v 191.162 -64.8823 1075.03
vn 0.838875 0.272051 0.471462
v 191.41 -65.0768 1074.85
vn -0.253988 -0.550995 0.794918
v 189.876 -64.4411 1075.54
vn 0.202835 0.885835 -0.417319
v 190.069 -64.3564 1075.34
vn -0.136481 -0.517017 0.845024
v 190.223 -64.5198 1075.56
vn 0.662363 -0.642396 -0.385489
v 190.081 -64.4722 1075.55
vn 0.662363 -0.642396 -0.385489
v 190.074 -64.3553 1075.34
vn -0.207733 -0.275195 0.938677
v 190.064 -64.3289 1075.61
vn -0.0972606 -0.514571 0.851914
v 190.285 -64.512 1075.57
vn 0.272097 0.848497 -0.453889
v 190.266 -64.317 1075.52
vn -0.684308 -0.728775 0.0246743
v 195.138 -82.024 1052.13
vn -0.631919 -0.774875 0.0157404
v 195.346 -82.3581 1054.18
vn -0.896575 -0.352134 -0.268615
v 195.487 -82.2046 1053.57
vn -0.509635 -0.830065 0.226416
v 195.24 -82.1535 1056.57
vn -0.887196 -0.219447 -0.405864
v 195.095 -81.0909 1051.03
vn -0.868833 -0.39867 -0.293583
v 194.595 -80.4615 1051.76
vn -0.848995 -0.517348 -0.107515
v 194.262 -80.974 1053
vn -0.916046 -0.244994 -0.317551
v 194.587 -81.4707 1055.71
vn -0.914681 -0.304655 -0.2656
v 193.797 -80.7731 1057.39
vn -0.604418 -0.788299 0.115166
v 194.071 -81.1853 1057.04
vn -0.931981 -0.105678 -0.346762
v 195.095 -79.9768 1048.1
vn -0.791605 -0.593577 -0.14501
v 194.429 -79.8015 1050.48
vn -0.893929 -0.309229 -0.32445
v 193.956 -80.006 1052.89
vn -0.57968 -0.741318 0.338258
v 194.132 -78.7748 1062.43
vn -0.614833 -0.732922 0.291215
v 194.349 -79.1084 1063.2
vn -0.880003 -0.448395 0.156643
v 193.71 -77.8246 1064.53
vn -0.923096 -0.38456 0.00264051
v 193.663 -77.65 1064.31
vn -0.915412 -0.40208 -0.018774
v 193.875 -78.2688 1063.98
vn -0.786295 -0.572678 0.231905
v 193.863 -78.2496 1064.18
vn -0.55919 -0.662233 0.498752
v 193.749 -77.6393 1064.92
vn -0.15279 -0.752761 0.640317
v 194.253 -78.4414 1064.21
vn -0.84995 -0.50248 0.158426
v 193.556 -77.3998 1064.89
vn -0.703001 -0.65756 0.270932
v 192.996 -76.3791 1065.55
vn -0.404365 -0.705971 0.581458
v 193.274 -76.527 1065.8
vn 0.0483646 -0.647319 0.760683
v 193.655 -76.9141 1065.58
vn 0.231008 -0.60139 0.764831
v 194.056 -76.8654 1065.46
vn -0.478582 -0.689544 0.543588
v 194.144 -76.1264 1066.86
vn -0.67158 -0.647152 0.360798
v 194.587 -77.2094 1065.71
vn -0.523144 0.672731 -0.523215
v 194.386 -76.8021 1052.19
vn -0.121843 0.873722 -0.470918
v 194.469 -75.9003 1053.11
vn -0.615243 0.558427 -0.556449
v 193.406 -75.6657 1054.38
vn 0.873447 0.486061 0.0288802
v 194.807 -75.931 1054.33
vn -0.324101 -0.705121 0.630684
v 192.958 -74.6036 1067.61
vn -0.229961 -0.669554 0.706269
v 193.536 -74.5095 1068.22
vn -0.502862 -0.68128 0.531966
v 193.063 -73.9113 1068.55
vn 0.57708 0.773263 -0.26276
v 194.228 -74.9668 1056.43
vn 0.416881 0.863285 -0.284515
v 194.091 -73.9581 1059.94
vn 0.708552 0.70563 -0.00633467
v 193.442 -73.6104 1060.29
vn 0.691397 0.713076 -0.116158
v 194.239 -73.9563 1060.35
vn 0.509166 0.821399 -0.257008
v 194 -73.5241 1061.7
vn -0.272721 -0.650602 0.708759
v 192.686 -72.5408 1069.78
vn 0.47267 0.720567 -0.507313
v 193.195 -69.4307 1068.51
vn 0.517519 0.785851 -0.338545
v 193.661 -69.9536 1068.18
vn 0.0499582 -0.549965 0.833692
v 193.571 -70.0034 1071.95
vn 0.674357 -0.118008 0.728914
v 193.173 -66.635 1073.66
vn 0.385341 0.80726 -0.447039
v 193.176 -66.4344 1073.64
vn 0.0804432 -0.587486 0.805226
v 191.615 -65.4739 1074.72
vn 0.273768 -0.398014 0.875578
v 192.49 -66.035 1074.28
vn -0.681017 -0.721784 -0.123467
v 197.226 -83.7989 1048.56
vn -0.409635 -0.88153 0.234745
v 197.036 -83.4818 1054.76
vn -0.876509 -0.343072 -0.337688
v 196.847 -82.8342 1048.05
vn -0.814893 -0.541923 -0.205592
v 196.026 -82.9162 1050.04
vn -0.670632 -0.74166 -0.0139297
v 196.577 -83.1559 1051.09
vn -0.76795 -0.626637 -0.132585
v 195.92 -82.8205 1053.04
vn -0.765764 -0.64234 0.0316863
v 196.398 -82.4997 1057.65
vn -0.333234 -0.861479 0.383157
v 195.577 -81.8623 1057.96
vn -0.613316 -0.755947 0.228884
v 195.74 -81.64 1058.55
vn -0.69609 -0.682451 0.22298
v 195.903 -81.588 1059.15
vn -0.642287 -0.725058 0.248512
v 196.133 -82.0048 1058.8
vn -0.680481 -0.713375 0.167457
v 195.799 -81.3171 1059.93
vn -0.801518 -0.59341 0.0737169
v 195.663 -81.1313 1059.9
vn -0.563226 -0.779502 0.274139
v 196.717 -81.7916 1060.29
vn -0.756446 -0.61264 0.229045
v 196.336 -80.66 1062.7
vn -0.845561 -0.480514 -0.232664
v 196.579 -82.0621 1047.96
vn -0.889071 -0.334675 -0.312322
v 196.37 -82.0023 1048.75
vn -0.405904 -0.756218 0.513202
v 195.914 -80.3671 1062.25
vn -0.734143 -0.646391 0.207875
v 196.237 -80.6253 1062.29
vn 0.0641029 -0.697025 0.714175
v 194.938 -79.0388 1063.49
vn -0.731515 -0.623305 0.276364
v 195.566 -79.285 1063.54
vn -0.825025 -0.546872 0.142352
v 196.02 -80.1867 1062.84
vn -0.452942 -0.716056 0.531137
v 195.723 -79.0546 1064.32
vn 0.117696 -0.654284 0.747034
v 196.13 -79.0972 1064.34
vn -0.918991 -0.112215 -0.377972
v 196.378 -80.5844 1044.84
vn -0.820181 0.314715 -0.477763
v 197.011 -80.2251 1043.77
vn -0.862627 0.275986 -0.423918
v 196.052 -79.9214 1045.72
vn -0.60048 0.663089 -0.446919
v 196.837 -79.2609 1045.08
vn 0.541432 0.824987 0.162009
v 196.715 -78.8169 1048.05
vn 0.758221 0.648595 0.0665237
v 196.278 -78.827 1050.25
vn 0.790836 0.610044 -0.0492386
v 196.39 -79.0107 1052.28
vn -0.696962 -0.643277 0.316921
v 195.438 -78.9044 1064.1
vn 0.198763 -0.601999 0.773363
v 196.152 -78.5678 1064.69
vn -0.560381 0.71394 -0.419836
v 196.076 -78.368 1047.58
vn 0.540805 0.840514 -0.0326338
v 196.275 -78.4018 1047.79
vn -0.306827 0.880031 -0.362496
v 196.505 -78.4817 1047
vn -0.67567 0.577279 -0.458496
v 195.29 -78.7231 1048.31
vn -0.618929 0.660983 -0.424298
v 195.611 -78.0518 1048.74
vn -0.592616 0.674677 -0.44002
v 195.813 -78.0189 1048.54
vn 0.50027 0.856428 -0.127515
v 196.042 -78.19 1048.16
vn 0.661987 0.745471 0.0777546
v 196.064 -78.2129 1048.57
vn -0.538948 0.720579 -0.436235
v 195.295 -77.3837 1050.47
vn 0.76995 0.63799 -0.0120723
v 195.685 -77.7095 1049.91
vn 0.902372 0.422482 -0.0850555
v 195.814 -77.9937 1050.95
vn 0.862309 0.383404 -0.330792
v 195.598 -77.1958 1051.07
vn 0.952889 0.303306 -0.00274496
v 195.619 -77.1731 1051.26
vn 0.900929 0.429116 -0.0646973
v 195.763 -77.8969 1051.94
vn 0.689194 0.676656 -0.259129
v 195.76 -77.3129 1053.7
vn 0.919333 0.387656 -0.0674485
v 196.34 -77.4679 1055.54
vn 0.927212 0.362232 -0.0952183
v 196.457 -78.0557 1055.61
vn 0.969773 0.215507 0.114445
v 196.273 -77.434 1055.94
vn 0.929148 0.368302 0.0322059
v 196.14 -77.0069 1056.29
vn 0.880618 0.468644 -0.0698875
v 196.107 -76.9695 1056.69
vn 0.706268 0.633927 -0.315153
v 196.022 -76.4761 1057.65
vn -0.0313202 -0.665358 0.745867
v 194.868 -77.0972 1066.11
vn 0.329704 -0.510118 0.794402
v 195.861 -75.4218 1067.59
vn -0.53676 0.649045 -0.5391
v 195.244 -77.034 1051.03
vn 0.360432 0.819933 -0.444746
v 195.546 -76.9808 1051.24
vn 0.642877 0.746168 -0.173042
v 194.92 -75.3207 1056.69
vn 0.678181 0.713508 -0.176
v 195.286 -75.6146 1056.93
vn 0.802156 0.583922 -0.124825
v 195.634 -76.2804 1056
vn 0.810133 0.577923 -0.0984349
v 195.535 -75.9886 1056.98
vn 0.536893 0.820761 -0.195186
v 194.655 -74.9825 1057.81
vn 0.53711 0.769804 -0.344839
v 195.757 -75.9878 1058.19
vn 0.297295 0.831322 -0.469595
v 195.397 -74.8851 1059.88
vn 0.435621 0.790938 -0.429711
v 195.735 -74.5096 1060.86
vn 0.533415 0.809318 -0.245912
v 195.722 -74.4343 1061.05
vn 0.481608 0.828463 -0.285836
v 195.884 -74.2541 1061.84
vn 0.462902 0.829014 -0.313779
v 195.207 -73.9112 1061.79
vn 0.455881 0.825793 -0.332023
v 195.287 -74.1174 1061.01
vn 0.127216 -0.583722 0.801926
v 195.019 -73.5361 1069.18
vn 0.755054 -0.176023 0.631593
v 195.537 -72.2784 1069.48
vn 0.558157 0.761668 -0.329125
v 195.356 -72.0594 1065.63
vn 0.406095 0.814987 -0.41338
v 194.441 -71.2313 1066.52
vn 0.496094 0.779278 -0.382906
v 195.016 -71.1577 1067.34
vn 0.635977 0.736683 -0.229852
v 195.486 -71.7261 1067.04
vn 0.568342 0.756738 -0.323009
v 193.873 -70.1055 1068.4
vn 0.372187 0.703474 -0.605476
v 193.976 -69.3528 1069.13
vn 0.253371 0.674484 -0.693451
v 194.259 -70.0547 1068.81
vn 0.0162506 0.539839 -0.841611
v 194.406 -69.6039 1069.1
vn 0.606573 0.668416 -0.430452
v 194.901 -70.3313 1068.46
vn 0.499594 -0.35859 0.788555
v 193.947 -69.7605 1071.97
vn 0.951964 0.291158 0.0948239
v 194.277 -68.1439 1071.64
vn 0.83162 -0.039724 0.553923
v 193.733 -67.2578 1072.94
vn -0.569403 -0.821589 0.0277911
v 198.73 -85.1368 1050.36
vn -0.651439 -0.749448 -0.11813
v 198.78 -84.5827 1046.08
vn -0.521262 -0.846403 0.109027
v 197.556 -84.1833 1053.03
vn -0.742729 -0.66909 -0.0259424
v 197.789 -84.1014 1054.44
vn -0.595188 -0.798042 0.0942276
v 197.694 -84.1156 1055.24
vn -0.819238 -0.547138 -0.171725
v 198.209 -82.7246 1041.85
vn -0.43438 -0.818532 0.375925
v 197.335 -82.1143 1061.07
vn 0.0484235 -0.752421 0.6569
v 197.477 -81.6909 1061.63
vn -0.917007 -0.286915 -0.27709
v 198.108 -82.3761 1041.41
vn -0.909379 -0.329714 -0.253609
v 197.851 -82.1212 1042.18
vn -0.921299 -0.0799046 -0.380557
v 197.759 -81.5442 1041.99
vn 0.13629 0.985727 -0.0988254
v 197.693 -79.9026 1053.62
vn -0.0799946 0.992289 -0.0946805
v 198.275 -79.8456 1054.24
vn 0.200811 -0.63126 0.749123
v 196.565 -79.3204 1063.98
vn 0.102475 -0.66077 0.74356
v 196.962 -79.2755 1063.99
vn -0.543489 0.67281 -0.501942
v 198.206 -80.1081 1042.2
vn 0.552873 0.830244 0.070894
v 198.247 -79.1006 1044.31
vn 0.486797 0.873319 -0.0185299
v 197.798 -79.0372 1045.9
vn 0.299815 0.950902 0.0767848
v 197.992 -79.1179 1046.51
vn -0.0764343 0.996781 -0.0241909
v 197.967 -79.1245 1047.52
vn -0.0412026 0.998597 0.0332689
v 198.352 -79.0042 1047.72
vn 0.13796 0.977561 0.159193
v 197.345 -79.1364 1048.3
vn -0.00726099 0.97512 0.221558
v 197.705 -79.2405 1048.73
vn -0.0622894 0.992179 0.108173
v 197.749 -79.1501 1048.32
vn 0.369475 0.916843 0.151285
v 197.136 -79.4028 1049.73
vn 0.0380783 0.978305 0.203639
v 197.75 -79.507 1049.76
vn 0.0672353 0.99375 0.0891132
v 197.729 -79.8562 1052.01
vn 0.508934 0.8606 -0.0188145
v 197.3 -79.8335 1053
vn 0.776381 0.599524 -0.19443
v 196.8 -79.1426 1054.52
vn 0.524743 0.802856 -0.28296
v 197.214 -79.4991 1054.57
vn 0.496395 0.678425 -0.541602
v 197.591 -77.9523 1057.45
vn 0.53826 0.713661 -0.44829
v 197.73 -78.9945 1056.35
vn -0.334047 0.859929 -0.385921
v 198.036 -79.0007 1044.29
vn 0.516278 0.844868 0.1402
v 197.129 -78.5416 1046.43
vn 0.680796 0.624053 -0.383502
v 196.618 -77.9709 1056.27
vn 0.266634 0.713188 -0.648282
v 197.414 -76.6079 1058.9
vn 0.544804 0.720151 -0.429618
v 197.734 -76.3117 1059.5
vn 0.685976 0.714978 -0.135073
v 197.52 -75.986 1060.06
vn 0.245563 0.743945 -0.621486
v 196.735 -76.0183 1059.42
vn 0.152995 0.763632 -0.627263
v 196.647 -75.3496 1060.12
vn 0.502858 0.799442 -0.328672
v 196.829 -75.231 1060.37
vn 0.250726 0.753025 -0.608351
v 197.111 -75.8177 1059.63
vn 0.624138 0.754598 -0.202565
v 196.314 -74.5223 1061.89
vn 0.469275 0.788521 -0.397512
v 197.168 -75.1158 1062.38
vn 0.424105 0.807071 -0.410817
v 197.491 -74.6371 1063.55
vn 0.7587 0.338913 0.556338
v 197.447 -74.3847 1066.74
vn 0.67714 -0.158354 0.718613
v 196.663 -74.3855 1067.52
vn 0.752762 0.10625 0.649662
v 196.868 -74.1842 1067.3
vn 0.827563 0.00978719 0.561288
v 196.726 -73.9787 1067.48
vn 0.842254 0.220188 0.492063
v 196.93 -73.9932 1067.13
vn 0.625625 -0.144154 0.76669
v 197.235 -74.9521 1066.99
vn 0.545565 0.760255 -0.352663
v 195.959 -73.5196 1063.79
vn 0.615258 0.731358 -0.294234
v 196.221 -73.318 1064.58
vn 0.435918 0.80004 -0.412204
v 196.509 -73.356 1065.2
vn 0.74469 0.666717 0.0304333
v 196.529 -72.7013 1066.34
vn 0.8076 0.530616 0.25735
v 197.103 -73.6412 1066.45
vn 0.773941 0.622148 0.118098
v 197.182 -73.6737 1066.06
vn 0.929389 0.288736 0.229929
v 195.743 -72.0976 1069.07
vn 0.776763 0.629289 -0.0251667
v 195.846 -72.0912 1067.06
vn -0.31732 -0.91061 0.264758
v 200.334 -85.9486 1053.91
vn -0.731566 -0.659512 -0.172786
v 199.649 -85.4058 1045.79
vn -0.525091 -0.850373 0.0338481
v 199.649 -85.9197 1048.66
vn -0.423389 -0.904777 0.0460544
v 200.513 -86.2511 1048.12
vn -0.405978 -0.897132 0.174171
v 199.367 -85.4215 1050.2
vn -0.506146 -0.860981 0.0502868
v 200.513 -86.1674 1049.31
vn -0.5399 -0.839567 0.0602901
v 199.105 -85.1279 1051.37
vn -0.459555 -0.881575 0.107868
v 200.213 -86.1318 1051.51
vn -0.267242 -0.92142 0.282075
v 199.014 -84.937 1054.17
vn -0.652079 -0.744125 -0.145157
v 199.509 -85.3617 1054.23
vn -0.645199 -0.759736 -0.0807386
v 200.245 -85.3937 1055.15
vn -0.162139 -0.894865 0.415846
v 200.5 -85.7058 1054.3
vn -0.513428 -0.83881 0.18108
v 199.132 -84.6038 1056.08
vn -0.270797 -0.875629 0.39993
v 199.409 -85.109 1055.2
vn -0.610154 -0.781954 0.127516
v 199.556 -84.9316 1056.4
vn -0.612497 -0.790141 0.0228843
v 200.229 -85.5427 1055.68
vn -0.675821 -0.728102 -0.1146
v 200.048 -85.3618 1055.65
vn -0.741911 -0.642134 -0.192955
v 200.343 -85.5716 1055.28
vn -0.40526 -0.855259 0.322948
v 199.491 -84.5454 1057.56
vn 0.0926409 -0.803386 0.588208
v 200.064 -84.3279 1057.83
vn -0.71026 -0.689294 -0.142847
v 200.372 -85.1795 1041.37
vn -0.880308 0.10737 -0.462092
v 199.983 -83.0287 1037.12
vn -0.879254 -0.376723 -0.291533
v 199.961 -83.8109 1037.4
vn -0.75054 -0.63991 -0.164942
v 199.975 -84.0823 1040.64
vn 0.138869 -0.728617 0.670696
v 199.051 -81.3945 1061.82
vn -0.155953 0.987745 -0.00628816
v 199.311 -79.7532 1052.66
vn 0.0152671 0.998129 -0.059207
v 199.66 -79.6763 1054.47
vn -0.00914936 0.997119 0.0752926
v 199.684 -79.612 1053.26
vn -0.124969 0.959791 -0.251365
v 199.004 -79.5145 1055.84
vn 0.143102 0.930903 -0.336066
v 198.381 -79.4174 1056.21
vn -0.330813 0.823326 -0.461191
v 198.958 -79.563 1042.37
vn 0.499908 0.86267 -0.0767602
v 198.937 -79.4963 1042.56
vn -0.386525 0.758372 -0.524853
v 199.184 -79.7859 1041.94
vn 0.640527 0.766478 0.0472982
v 199.274 -79.7298 1042.4
vn 0.494478 0.867841 -0.0484063
v 199.384 -79.7913 1042.01
vn 0.697948 0.702155 0.140877
v 199.429 -79.9135 1042.42
vn 0.0431076 0.932146 -0.359508
v 198.659 -79.4393 1045.36
vn -0.147736 0.895198 -0.42047
v 198.628 -79.2422 1045.75
vn 0.0106117 0.992311 -0.123316
v 198.617 -79.1822 1045.94
vn -0.0144484 0.979995 -0.198497
v 199.45 -79.267 1045.17
vn 0.0510498 0.995542 0.0793087
v 199.563 -79.351 1049.01
vn -0.104066 0.986715 0.124755
v 199.546 -79.6344 1050.84
vn -0.285385 0.917018 -0.278629
v 199.774 -79.3273 1055.65
vn 0.389699 0.741307 -0.546442
v 198.315 -78.9674 1056.97
vn -0.0330924 0.931557 -0.362086
v 199.671 -78.6256 1057.59
vn 0.300234 0.853539 -0.42583
v 199.409 -78.2307 1058.34
vn 0.557573 0.782681 -0.276627
v 199.336 -77.7844 1059.3
vn 0.264742 0.837181 -0.47858
v 199.491 -77.5128 1060.08
vn 0.397782 -0.488765 0.776452
v 199.088 -78.5012 1064.19
vn 0.4004 0.81729 -0.414387
v 197.853 -74.4054 1064.17
vn 0.718962 0.693586 -0.0450793
v 198.173 -74.5537 1064.37
vn 0.741493 0.64178 0.19572
v 197.773 -74.2322 1065.93
vn 0.791194 0.123695 0.598926
v 198.064 -74.9857 1066.18
vn 0.824977 0.52366 0.212586
v 198.339 -74.8137 1065.61
vn -0.132398 -0.956932 0.258364
v 201.988 -87.1595 1049.26
vn 0.0859218 -0.908725 0.408457
v 202.174 -87.0631 1049.46
vn -0.126578 -0.941092 0.313565
v 201.054 -86.3905 1051.17
vn -0.577214 -0.812762 -0.0789979
v 201.687 -86.6343 1051.01
vn -0.252699 -0.940107 0.228783
v 202.12 -87.0783 1051.67
vn -0.071353 -0.895306 0.4397
v 200.761 -86.1039 1053.62
vn -0.611255 -0.786541 -0.0878681
v 201.033 -86.4826 1052.38
vn -0.460997 -0.87915 0.120734
v 202.034 -86.6598 1052.84
vn -0.378632 -0.90827 0.177996
v 200.915 -86.0243 1055.15
vn -0.061821 -0.913824 0.401377
v 201.317 -86.0723 1055.34
vn -0.0781992 -0.956129 0.282315
v 202.22 -86.6458 1053.85
vn 0.256225 -0.791414 0.55499
v 201.513 -86.0252 1055.37
vn 0.352757 -0.726248 0.590023
v 201.876 -85.7008 1055.55
vn -0.637745 -0.767604 -0.0637524
v 201.394 -85.8971 1039.26
vn -0.538418 -0.84265 0.00687698
v 201.647 -86.0295 1039.69
vn -0.721728 -0.676492 -0.146515
v 201.771 -86.1348 1040.51
vn -0.0874007 -0.859615 0.503411
v 200.63 -85.5064 1056.29
vn -0.0319426 -0.845599 0.532862
v 200.696 -84.5434 1057.61
vn -0.79293 -0.398713 -0.460749
v 202.541 -85.2509 1032.6
vn -0.835321 -0.104769 -0.539687
v 202.484 -85.0569 1032.58
vn -0.776711 -0.581688 -0.241577
v 202.27 -85.4182 1033.21
vn -0.8576 -0.222107 -0.463886
v 202.208 -85.045 1032.97
vn -0.712434 -0.62998 -0.309133
v 202.652 -85.6188 1032.85
vn -0.712956 -0.672475 -0.198671
v 201.36 -85.0889 1035.36
vn -0.439088 -0.888956 -0.130223
v 201.751 -85.3869 1035.41
vn -0.673651 -0.683661 -0.280717
v 201.783 -85.1261 1034.58
vn -0.445892 -0.884296 -0.138571
v 202.043 -85.4376 1035.22
vn -0.45844 -0.888721 -0.0028018
v 202.157 -85.5314 1035.84
vn -0.554294 -0.832232 0.012189
v 201.062 -84.955 1036.95
vn -0.729471 -0.66811 -0.146634
v 202.139 -85.5519 1036.64
vn -0.832293 -0.488882 -0.261309
v 201.404 -85.7573 1038.65
vn -0.871196 -0.362324 -0.331267
v 201.756 -85.4224 1037.62
vn -0.819287 0.17874 -0.544812
v 202.573 -84.2472 1032.51
vn -0.880471 -0.120133 -0.458628
v 201.66 -84.3798 1034.1
vn -0.843345 0.104455 -0.527122
v 202.225 -84.443 1032.92
vn -0.845136 -0.320827 -0.427569
v 201.18 -84.5486 1034.9
vn -0.837712 0.0765757 -0.540718
v 201.131 -83.9535 1034.84
vn -0.69061 0.487186 -0.534516
v 201.943 -83.0948 1034.18
vn 0.292362 0.944675 -0.148705
v 200.726 -80.8657 1041.15
vn -0.316468 0.834536 -0.450997
v 201.102 -80.7071 1041.55
vn 0.329082 0.902181 0.27888
v 201.556 -79.735 1051.33
vn 0.235798 0.948653 0.210846
v 200.296 -79.601 1052.88
vn -0.12788 0.987132 -0.0960009
v 200.292 -79.7603 1053.7
vn 0.178046 0.97155 0.156174
v 200.5 -79.7082 1053.18
vn 0.575684 0.798124 0.177723
v 201.022 -79.3388 1054.89
vn 0.304716 0.8747 -0.376894
v 201.136 -79.2418 1057.9
vn 0.295482 -0.591224 0.750429
v 200.116 -80.2064 1062.49
vn -0.324419 0.828452 -0.45653
v 201.19 -80.8202 1038.55
vn -0.241978 0.882136 -0.404082
v 201.256 -80.3529 1041.93
vn -0.0471286 0.960982 -0.272566
v 200.536 -79.7053 1043.85
vn 0.0230948 0.994133 -0.105672
v 200.244 -79.2644 1045.6
vn -0.355293 0.931308 -0.0801991
v 200.593 -79.2965 1047.83
vn -0.234708 0.95851 -0.161774
v 201.212 -79.2085 1046.84
vn -0.376578 0.923375 0.074624
v 200.543 -79.2069 1049.43
vn -0.119078 0.992574 -0.0248622
v 200.938 -78.9376 1048.61
vn 0.391265 0.896871 0.206239
v 201.355 -79.0361 1048.44
vn -0.084841 0.982885 0.16352
v 200.739 -79.3062 1050.05
vn 0.0778392 0.985527 0.150588
v 200.736 -79.4351 1051.67
vn -0.159449 0.973105 -0.166259
v 201.457 -79.3204 1053.5
vn 0.340127 0.937372 0.0751475
v 201.445 -79.2933 1053.9
vn -0.27147 0.913356 -0.303455
v 200.379 -79.1465 1055.65
vn 0.446848 0.893794 -0.0382041
v 200.61 -79.2188 1055.87
vn 0.10342 0.994159 -0.0308614
v 200.811 -79.2421 1054.87
vn 0.358725 0.872075 -0.33287
v 200.013 -78.3418 1058.78
vn 0.413918 0.881305 -0.227978
v 200.486 -78.7844 1057.83
vn 0.32995 0.844247 -0.422351
v 200.673 -78.761 1058.3
vn 0.119254 0.829012 -0.546368
v 201.29 -78.8958 1058.33
vn 0.4723 0.812797 -0.341018
v 200.063 -77.3147 1060.49
vn 0.844117 0.252733 0.472856
v 199.851 -77.0596 1063.87
vn 0.680295 -0.173339 0.712147
v 200.29 -78.2703 1063.45
vn 0.799834 0.579492 0.15638
v 200.596 -77.504 1062.74
vn 0.830154 0.137792 0.540238
v 200.694 -78.0735 1063
vn 0.827877 0.530732 0.1815
v 199.856 -76.6999 1063.44
vn 0.736667 0.674289 -0.0515444
v 199.948 -76.7934 1062.85
vn -0.54743 -0.831431 -0.0950942
v 203.615 -87.9027 1048.99
vn -0.172735 -0.955353 0.239714
v 203.864 -87.915 1049.81
vn -0.0955328 -0.951506 0.292419
v 203.799 -87.5289 1050.77
vn -0.761618 -0.619823 -0.189097
v 204.282 -88.2027 1035.57
vn -0.646924 -0.757138 -0.0907227
v 202.943 -87.6731 1040.1
vn -0.425875 -0.903039 0.056137
v 202.709 -87.6357 1046.6
vn -0.210258 -0.959744 0.186233
v 203.038 -87.3964 1048.52
vn -0.55352 -0.826148 -0.10533
v 203.835 -87.7818 1047.98
vn -0.201512 -0.946521 0.251975
v 202.49 -86.9731 1052.48
vn 0.138277 -0.901539 0.410008
v 202.832 -86.6316 1053.47
vn -0.122853 -0.906759 0.403356
v 202.294 -85.8568 1055.58
vn 0.240856 -0.777024 0.581569
v 202.707 -85.9119 1055.4
vn -0.85919 -0.402242 -0.316218
v 203.845 -87.212 1033.85
vn 0.0945946 -0.831153 0.547939
v 202.735 -84.6293 1056.88
vn -0.869658 -0.194229 -0.453839
v 202.935 -85.0912 1031.8
vn -0.801121 -0.512401 -0.309274
v 203.118 -85.8517 1032.08
vn -0.646478 -0.756874 -0.0959566
v 202.899 -85.9521 1033.29
vn -0.632633 -0.77252 -0.0546627
v 203.12 -86.088 1033.71
vn 0.255541 -0.688816 0.678403
v 202.121 -83.1544 1059.13
vn -0.847914 0.14669 -0.509434
v 203.404 -84.7286 1030.92
vn -0.206937 0.871765 -0.444075
v 204.055 -83.4509 1031.68
vn 0.486213 -0.46918 0.737202
v 201.644 -81.0052 1061.05
vn 0.745392 -0.115508 0.656543
v 201.975 -80.3529 1061.17
vn 0.491254 0.870915 -0.0132722
v 203.659 -82.393 1034.98
vn -0.318045 0.880743 -0.350912
v 203.571 -82.0321 1036.95
vn 0.596937 0.795816 0.101699
v 202.756 -82.0269 1037.32
vn -0.02863 0.96569 -0.258115
v 203.138 -81.9271 1037.73
vn -0.443298 0.781309 -0.439367
v 203.714 -81.618 1037.52
vn 0.331341 0.932471 0.143916
v 202.999 -79.9321 1050.8
vn 0.497734 0.867221 -0.0137467
v 202.382 -80.4167 1054.24
vn 0.294132 0.939274 -0.176777
v 203.196 -80.6937 1054.1
vn 0.414451 0.903976 -0.105154
v 202.295 -80.1436 1055.62
vn 0.063244 0.87287 -0.483837
v 201.967 -79.4077 1057.55
vn 0.440879 0.87397 -0.204455
v 202.814 -79.7221 1057.2
vn 0.855213 0.388622 0.342904
v 202.03 -79.1581 1060.94
vn -0.12974 0.944445 -0.301979
v 202.681 -80.383 1041.38
vn -0.102354 0.987731 -0.117947
v 201.879 -79.3365 1044.87
vn -0.0399074 0.975029 -0.218465
v 203.131 -79.4385 1043.51
vn 0.199577 0.979751 0.0160435
v 202.432 -79.2459 1046.49
vn 0.454566 0.860757 0.229059
v 202 -79.4947 1048.71
vn 0.013878 0.999077 0.0406519
v 201.742 -79.3364 1050.29
vn 0.292671 0.931041 0.217958
v 201.946 -79.3643 1050.3
vn 0.143694 0.864435 -0.481773
v 201.874 -78.7916 1058.69
vn -0.191444 -0.962197 0.193718
v 205.799 -89.2138 1042.36
vn -0.202986 -0.964247 0.170363
v 205.426 -88.773 1047.34
vn -0.680452 -0.721387 -0.128785
v 205.942 -88.7598 1030.46
vn -0.644849 -0.754295 -0.123323
v 206.109 -88.9014 1030.88
vn -0.756223 -0.630931 -0.173356
v 205.145 -88.3932 1033.01
vn -0.053207 -0.94388 0.325974
v 204.203 -87.3135 1052.17
vn 0.309167 -0.808534 0.500688
v 204.252 -86.7854 1053.33
vn 0.23015 -0.835953 0.49821
v 204.882 -86.8258 1052.75
vn -0.0166778 -0.902728 0.429889
v 204.963 -86.0503 1054.29
vn -0.855792 -0.400213 -0.327796
v 206.092 -87.7731 1026.14
vn -0.695651 -0.709271 -0.114032
v 205.122 -87.3264 1029.49
vn -0.811607 -0.539909 -0.223143
v 204.713 -87.5252 1031.9
vn 0.219609 -0.751461 0.622156
v 203.858 -84.4172 1057.1
vn 0.474738 -0.54271 0.692885
v 204.101 -84.2775 1057.1
vn -0.830916 0.160535 -0.532735
v 205.245 -86.1045 1027.49
vn -0.3537 0.798235 -0.487563
v 205.754 -85.2021 1027.49
vn -0.68194 0.479517 -0.552288
v 204.851 -85.2371 1028.46
vn -0.230413 0.86132 -0.452811
v 205.465 -84.6892 1028.83
vn -0.429316 0.755727 -0.494534
v 204.388 -84.3344 1030.17
vn 0.16174 0.946307 -0.279899
v 204.839 -83.3025 1031.89
vn -0.135099 0.923234 -0.359705
v 205.175 -83.0535 1033.49
vn 0.60785 0.739638 0.288886
v 204.986 -81.6905 1051.04
vn 0.348948 0.917403 -0.191331
v 204.011 -80.9467 1054.75
vn 0.732543 0.64349 0.222039
v 204.947 -81.4811 1057.05
vn -0.247397 0.90133 -0.355526
v 204.7 -80.2226 1040.43
vn -0.62928 -0.768997 -0.112477
v 207.62 -89.6544 1027.94
vn -0.57972 -0.812632 -0.0596093
v 206.726 -90.1336 1033.44
vn -0.397229 -0.917718 -0.00155435
v 207.186 -89.3666 1043.84
vn -0.637778 -0.766346 -0.0771626
v 206.592 -88.9164 1028.29
vn 0.140571 -0.892626 0.428321
v 206.739 -87.076 1051.95
vn 0.243532 -0.788874 0.564243
v 205.779 -86.1354 1054.2
vn -0.708102 0.423382 -0.565102
v 207.188 -86.6225 1024.45
vn -0.0824217 0.921336 -0.37993
v 207.729 -86.1728 1025.04
vn 0.142731 0.944222 -0.296771
v 207.484 -84.7284 1028.71
vn 0.342254 0.938447 -0.046684
v 205.204 -81.8832 1051.27
vn 0.345639 0.935302 -0.0757894
v 205.598 -81.9071 1051.69
vn 0.312878 0.949637 0.017227
v 205.843 -82.0898 1050.71
vn 0.216322 0.968918 -0.120011
v 205.819 -81.9998 1051.3
vn 0.429173 0.900385 0.0715363
v 206.024 -82.1404 1051.73
vn 0.543151 0.839607 -0.00693831
v 205.101 -81.4081 1055.64
vn -0.34145 0.810367 -0.476148
v 205.684 -82.3459 1034.24
vn 0.10629 0.988869 -0.104119
v 206.345 -80.3299 1039.49
vn 0.539778 0.791789 0.28585
v 206.627 -81.0515 1047.22
vn 0.587978 0.75623 0.28705
v 205.349 -80.793 1048.96
vn 0.160818 0.986875 0.0146764
v 205.396 -79.9144 1043.44
vn -0.0184101 -0.971923 0.234578
v 208.214 -89.6912 1044.31
vn -0.724283 -0.666229 -0.177631
v 209.969 -91.152 1020.85
vn -0.400475 -0.909659 0.110186
v 209.472 -90.8018 1023.15
vn -0.410562 -0.909066 0.0709817
v 208.545 -90.1524 1025.26
vn -0.332885 -0.934051 0.129366
v 209.431 -90.6055 1023.93
vn 0.186672 -0.904188 0.384184
v 207.56 -88.3738 1048.78
vn 0.202311 -0.904107 0.376379
v 208.065 -87.7196 1049.94
vn -0.822596 0.150094 -0.548459
v 209.896 -89.2888 1019.39
vn -0.237531 0.841978 -0.48441
v 209.256 -86.8418 1023.15
vn 0.661611 -0.283832 0.694054
v 207.241 -84.7645 1054.28
vn -0.608556 0.55856 -0.563622
v 208.016 -86.6301 1023.54
vn 0.13696 0.950031 -0.280506
v 207.995 -86.5113 1023.87
vn -0.246356 0.865873 -0.435399
v 208.539 -86.1285 1024.66
vn 0.160327 0.953026 -0.256975
v 208.933 -86.0588 1024.67
vn 0.626427 0.779327 0.0154419
v 209.084 -86.1803 1024.89
vn 0.404858 0.901064 -0.15548
v 207.747 -85.0361 1027.54
vn 0.21442 0.906491 -0.363727
v 208.162 -85.2156 1027.77
vn -0.0962982 0.856914 -0.506385
v 209.04 -85.7364 1027.05
vn -0.158682 0.824375 -0.543346
v 208.982 -85.3155 1027.61
vn 0.295787 0.95256 0.0716849
v 207.972 -82.6488 1048.43
vn -0.228586 0.82879 -0.51074
v 208.612 -84.2166 1029.7
vn 0.431827 0.86578 0.252885
v 207.35 -82.5098 1048.57
vn 0.606202 0.68882 0.397551
v 207.327 -82.1624 1048.04
vn 0.440091 0.850799 0.287159
v 207.764 -82.5125 1048.13
vn 0.301323 0.953517 -0.0031424
v 206.89 -82.3799 1050.3
vn -0.330765 0.807952 -0.487656
v 208.712 -82.072 1032.71
vn -0.115459 0.941833 -0.315627
v 208.646 -81.7825 1034.09
vn -0.426658 0.769017 -0.475999
v 207.929 -81.1292 1035.86
vn 0.171283 0.984406 -0.0400779
v 206.974 -80.4859 1039.13
vn 0.414197 0.884025 0.216657
v 207.886 -80.7741 1044.02
vn -0.377046 -0.923561 0.0697956
v 211.047 -91.7476 1020.48
vn -0.595438 -0.794506 -0.119222
v 211.194 -91.7939 1019.28
vn -0.390733 -0.91904 0.0518937
v 210.454 -92.1726 1029.75
vn 0.0809097 -0.938464 0.335767
v 210.611 -91.325 1035.91
vn -0.859771 -0.285392 -0.423493
v 211.247 -90.5924 1017.16
vn -0.765737 -0.573343 -0.291416
v 210.867 -91.4281 1019.24
vn -0.384629 -0.918673 0.0900008
v 210.177 -91.3524 1021.42
vn -0.255787 -0.94831 0.187834
v 210.372 -91.3489 1021.62
vn 0.226295 -0.908082 0.352389
v 210.07 -88.6396 1046.08
vn 0.000750427 -0.977925 0.208953
v 210.245 -88.5286 1046.68
vn 0.17416 -0.92893 0.326739
v 210.435 -88.4756 1046.88
vn -0.70737 0.402706 -0.580909
v 211.233 -89.0537 1017.81
vn -0.0596136 0.913989 -0.401337
v 211.398 -88.8016 1018.19
vn 0.398148 -0.73177 0.553165
v 210.171 -86.7973 1050.33
vn -0.07716 0.907594 -0.412697
v 211.035 -87.8373 1020.58
vn 0.545901 0.837594 -0.0207023
v 211.208 -87.7894 1021.5
vn 0.342466 0.921324 -0.184062
v 211.242 -87.8035 1020.7
vn -0.0371917 0.909314 -0.414444
v 209.866 -86.8122 1022.76
vn 0.535171 0.843107 -0.0525598
v 209.837 -86.6687 1023.31
vn 0.277553 0.928772 -0.245654
v 209.802 -86.6894 1024.76
vn 0.756796 0.461335 0.463066
v 209.874 -84.4177 1051.08
vn -0.320386 0.780013 -0.537524
v 209.397 -85.2812 1027.42
vn -0.423763 0.688216 -0.588884
v 210.735 -84.7261 1027.42
vn 0.456996 0.865956 0.203165
v 209.903 -83.1448 1045.74
vn 0.586492 0.757153 0.287657
v 209.433 -83.5239 1049.98
vn 0.550698 0.827817 0.107009
v 208.787 -83.4802 1051.46
vn -0.312592 0.783342 -0.537272
v 210.117 -83.3181 1030.07
vn -0.291455 0.816237 -0.498809
v 210.368 -82.3451 1031.99
vn 0.500289 0.813437 0.2967
v 208.763 -81.5304 1044.32
vn -0.107053 0.945966 -0.306085
v 208.907 -82.0139 1032.71
vn -0.174807 -0.966188 0.189532
v 211.837 -92.58 1032.46
vn -0.188157 -0.970882 0.148271
v 211.796 -91.3698 1036.96
vn -0.546683 -0.836195 -0.0437721
v 212.148 -92.3324 1019.17
vn 0.14883 -0.914787 0.37552
v 211.381 -88.0006 1047.27
vn 0.1191 0.950509 -0.286965
v 213.056 -89.0388 1017.27
vn 0.280714 0.943095 -0.178245
v 213.005 -88.8885 1018.66
vn -0.0126213 0.923113 -0.384322
v 211.753 -87.5279 1022.7
vn -0.218431 0.831262 -0.511166
v 211.253 -86.9185 1024.03
vn -0.198423 0.836803 -0.510283
v 211.156 -86.2262 1024.97
vn 0.0501163 0.959213 -0.278206
v 211.515 -83.0779 1029.49
vn -0.260992 0.825029 -0.50121
v 211.1 -83.0042 1029.67
vn -0.181056 0.880161 -0.438789
v 210.789 -82.4323 1031.61
vn -0.569346 0.516571 -0.63953
v 211.172 -82.2451 1031.61
vn 0.606355 0.698039 0.380887
v 211.686 -81.669 1040.62
vn -0.567857 0.534867 -0.625664
v 210.914 -81.8171 1032.08
vn -0.542762 0.605508 -0.58204
v 211.749 -81.8942 1031.19
vn -0.0785354 0.94048 -0.330652
v 211.967 -81.8006 1031.19
vn -0.430137 0.755774 -0.493748
v 210.451 -81.4432 1032.91
vn -0.125932 0.952735 -0.276472
v 210.632 -81.3005 1033.11
vn 0.155215 0.98376 -0.0901373
v 210.805 -81.2569 1033.71
vn -0.161205 0.939591 -0.301963
v 211.431 -81.3505 1033.54
vn -0.390352 -0.920496 0.0176658
v 213.606 -93.8769 1023.6
vn -0.244939 -0.965085 0.0928161
v 213.699 -93.5151 1026.38
vn -0.190834 -0.974962 0.114157
v 214.014 -93.5773 1028.61
vn 0.250429 -0.879493 0.404693
v 214.128 -92.8684 1030.56
vn 0.218189 -0.894505 0.390199
v 213.528 -92.9851 1030.93
vn -0.847188 -0.0703969 -0.526608
v 215.022 -92.6499 1011.06
vn -0.798427 -0.505937 -0.326409
v 214.337 -93.1587 1012.69
vn 0.291702 -0.871017 0.39527
v 213.192 -90.1982 1040.51
vn 0.400919 -0.79902 0.448141
v 213.59 -90.108 1040.32
vn -0.0962676 -0.985075 0.142685
v 214.166 -89.8925 1040.52
vn 0.101537 -0.959674 0.262137
v 213.439 -89.2344 1042.64
vn 0.2752 -0.881869 0.382848
v 213.682 -89.4469 1041.87
vn -0.337914 0.791021 -0.51
v 214.543 -90.6774 1013.03
vn 0.327732 0.94192 -0.0733421
v 214.951 -90.8055 1013.35
vn 0.122656 -0.947902 0.294002
v 212.707 -88.5722 1044.96
vn 0.00258701 -0.983806 0.179218
v 212.889 -88.4902 1045.36
vn 0.078596 -0.954594 0.287357
v 212.864 -88.3908 1045.95
vn 0.390777 -0.753909 0.528124
v 213 -87.9633 1046.72
vn -0.280864 0.834925 -0.473304
v 213.972 -89.7281 1015.76
vn -0.326651 0.848049 -0.417266
v 214.247 -89.6194 1015.76
vn -0.351486 0.819884 -0.451937
v 214.383 -89.7225 1015.37
vn -0.308082 0.8473 -0.432629
v 214.577 -89.6521 1015.37
vn 0.377446 0.923608 -0.0669546
v 214.151 -89.5637 1015.95
vn 0.424226 0.90204 -0.0797246
v 213.256 -89.0786 1017.48
vn -0.217411 0.846423 -0.486108
v 214.306 -88.3079 1020.46
vn 0.66796 -0.332583 0.665746
v 213.287 -86.6476 1047.61
vn 0.754325 0.205195 0.623609
v 213.023 -86.0344 1047.94
vn -0.210694 0.83731 -0.504499
v 213.312 -87.1604 1022.92
vn -0.488185 0.626887 -0.607197
v 213.874 -86.7541 1023.1
vn -0.362551 0.745936 -0.558691
v 214.265 -86.5958 1022.9
vn 0.389789 0.907779 0.154927
v 212.839 -84.0395 1044.72
vn 0.636857 0.673585 0.375096
v 212.464 -84.7965 1046.78
vn 0.626323 0.683413 0.375056
v 212.631 -85.2754 1047.85
vn -0.306302 0.791247 -0.529252
v 213.957 -85.8974 1024.23
vn 0.507134 0.805671 0.306119
v 212.663 -83.7843 1042.66
vn 0.335186 0.927619 0.164841
v 213.297 -83.9414 1042.11
vn -0.723144 0.282103 -0.630461
v 213.323 -82.9101 1028.87
vn -0.7181 0.308573 -0.623791
v 212.841 -82.3426 1029.67
vn 0.000120773 0.953843 -0.300305
v 213.232 -82.2841 1029.88
vn 0.591854 0.732342 0.336726
v 212.785 -82.2744 1039.53
vn 0.28957 0.955543 0.0555674
v 212.363 -82.4235 1040.92
vn -0.116809 0.959429 -0.256616
v 212.806 -80.9372 1033.15
vn -0.489125 -0.870912 -0.0476252
v 216.973 -95.2706 1015.61
vn -0.38568 -0.922307 0.0245245
v 216.495 -94.9805 1017.38
vn -0.786482 -0.479665 -0.389059
v 215.743 -93.8375 1010.58
vn -0.547668 -0.828785 -0.114779
v 215.732 -94.3349 1011.65
vn -0.442228 -0.89513 -0.0563566
v 216.359 -94.5165 1012.9
vn -0.175015 -0.972099 0.156183
v 215.822 -93.2617 1028.85
vn -0.782691 0.222846 -0.58115
v 216.2 -92.2229 1009.65
vn -0.107775 -0.985692 0.129602
v 214.799 -90.0403 1039.95
vn 0.183652 -0.925189 0.33211
v 215.051 -90.2365 1038.77
vn -0.0784894 -0.986149 0.146113
v 215.244 -90.2083 1038.98
vn 0.233141 -0.900424 0.367263
v 215.415 -89.0011 1043.09
vn 0.290542 0.952957 -0.0863596
v 215.192 -90.9337 1012.3
vn -0.285182 0.818072 -0.49943
v 216.169 -90.7617 1012.72
vn 0.389854 0.916902 -0.0854633
v 215.89 -90.4476 1014.49
vn 0.313792 0.943317 -0.108109
v 214.987 -89.9272 1016.22
vn 0.608301 0.687121 0.397284
v 215.367 -85.776 1044.18
vn 0.565406 0.747527 0.348595
v 214.035 -84.5158 1044
vn 0.643402 0.64175 0.417362
v 213.92 -84.6859 1044.43
vn -0.24962 0.806946 -0.535283
v 215.526 -85.4041 1024.03
vn -0.109677 0.881503 -0.459265
v 214.152 -84.3782 1026.1
vn 0.0734886 0.943164 -0.324101
v 214.966 -84.4504 1026.01
vn -0.200567 0.851557 -0.484379
v 215.47 -83.617 1026.47
vn -0.22385 0.877632 -0.423854
v 214.742 -81.5337 1030.66
vn 0.215414 0.976159 0.0266432
v 214.029 -81.0601 1033
vn 0.267783 0.960868 0.0708825
v 214.22 -81.2066 1034.03
vn 0.46441 0.848691 0.253077
v 213.981 -81.4333 1036.46
vn -0.416447 -0.907223 -0.0593218
v 218.555 -95.2869 1008.83
vn -0.308295 -0.951137 0.0170994
v 217.616 -95.5596 1015.26
vn -0.189625 -0.978544 0.080583
v 217.758 -95.3288 1017.66
vn -0.159135 -0.980769 0.112996
v 217.498 -95.2102 1018.44
vn -0.398521 -0.914718 -0.0668789
v 218.429 -95.0491 1021.68
vn -0.335188 -0.94172 0.0285134
v 217.109 -93.8036 1027.94
vn -0.152627 -0.976235 0.153852
v 217.309 -93.8433 1028.15
vn -0.83598 -0.151199 -0.527519
v 218.881 -94.4577 1005.34
vn -0.313993 0.840121 -0.442272
v 218.144 -92.843 1006.97
vn -0.130301 0.922318 -0.363802
v 218.222 -92.1487 1008.91
vn 0.00494218 -0.973746 0.227582
v 216.752 -90.6526 1036.87
vn -0.0561029 -0.983884 0.169778
v 216.945 -90.6213 1037.07
vn 0.0255098 0.956016 -0.292204
v 217.161 -91.7973 1009.64
vn -0.278945 0.84733 -0.451909
v 217.297 -91.4633 1010.82
vn -0.0754932 0.916873 -0.391975
v 216.842 -90.2792 1015.92
vn 0.604563 -0.523066 0.600754
v 216.686 -87.776 1043.42
vn 0.764786 -0.00919722 0.644219
v 216.895 -87.0973 1043.56
vn 0.591481 0.726546 0.349687
v 215.682 -86.0758 1044.22
vn -0.386205 0.734367 -0.558168
v 217.61 -87.2351 1019.87
vn -0.148335 0.870882 -0.468573
v 217.046 -86.1298 1022.35
vn 0.559318 0.767165 0.314041
v 216.473 -85.2124 1041.14
vn -0.602505 0.509328 -0.614469
v 215.786 -84.4343 1025.34
vn 0.503023 0.803687 0.31789
v 216.013 -84.2392 1038.82
vn 0.138939 0.982589 -0.123348
v 215.431 -81.4767 1030.88
vn 0.134089 0.987081 -0.0876946
v 216.157 -81.6581 1030.93
vn 0.269769 0.962385 0.0322304
v 216.542 -81.5954 1031.34
vn -0.60256 -0.765671 -0.225097
v 220.036 -95.6387 1004.5
vn -0.351597 -0.936115 -0.00827013
v 219.164 -95.6984 1010.3
vn -0.508571 -0.849838 -0.138313
v 219.585 -95.8894 1010.37
vn -0.0549963 -0.98817 0.143163
v 220.35 -96.0425 1012.59
vn -0.124225 -0.984589 0.123098
v 219.803 -95.6254 1016.55
vn 0.302182 -0.852504 0.426523
v 219.121 -92.5551 1030.7
vn 0.210474 -0.9108 0.355167
v 218.622 -92.0095 1032.24
vn 0.431037 -0.760401 0.485795
v 218.767 -91.7107 1033.22
vn 0.179006 -0.93109 0.31785
v 218.898 -91.2883 1034.2
vn 0.35577 -0.828246 0.432939
v 219.298 -91.2134 1034
vn 0.00641492 0.95272 -0.303781
v 219.503 -91.6633 1011.93
vn -0.150923 -0.979673 0.132145
v 218.965 -90.4188 1035.92
vn -0.135688 -0.977657 0.160549
v 219.161 -90.4759 1036.33
vn 0.0810954 -0.952855 0.292389
v 217.898 -90.1114 1037.05
vn 0.187064 -0.92396 0.333623
v 218.61 -89.671 1038.85
vn -0.355204 0.80989 -0.466807
v 218.991 -91.8021 1008.9
vn 0.227158 0.963897 -0.138934
v 218.488 -91.5639 1011.88
vn 0.664451 0.587556 0.461826
v 217.186 -86.7134 1043.07
vn -0.0685397 0.913219 -0.401663
v 217.762 -86.7824 1020.63
vn -0.376965 0.749635 -0.544008
v 217.906 -86.4361 1021.45
vn -0.398108 0.720866 -0.567328
v 218.302 -84.8046 1022.87
vn -0.0433676 0.944419 -0.325872
v 218.279 -84.6755 1023.26
vn -0.0363038 0.947459 -0.31781
v 218.457 -84.5408 1023.61
vn -0.0602325 0.93253 -0.356035
v 218.723 -84.8949 1022.49
vn -0.35321 0.754211 -0.553542
v 218.176 -83.9759 1024.39
vn 0.504984 0.833398 0.224586
v 217.39 -82.173 1032.03
vn 0.546866 0.77448 0.317991
v 217.835 -82.7369 1032.7
vn 0.604049 0.714808 0.352385
v 217.016 -82.3056 1033.03
vn -0.563687 -0.800582 -0.203286
v 221.552 -96.8742 1008.29
vn -0.258184 -0.965567 0.0319671
v 221.762 -96.9628 1008.31
vn 0.103623 -0.958868 0.264261
v 220.923 -96.153 1014.23
vn 0.0749482 -0.967377 0.242002
v 221.532 -96.111 1013.85
vn -0.203766 -0.969765 0.134297
v 221.722 -96.2271 1014.79
vn -0.399117 -0.913772 -0.0756709
v 221.948 -96.194 1013.67
vn -0.172874 -0.979626 0.102212
v 220.35 -95.8298 1019.61
vn 0.177764 -0.931869 0.316258
v 221.319 -95.5744 1020.02
vn -0.424083 -0.901786 -0.0832815
v 220.94 -96.3925 1006.61
vn -0.499207 -0.85042 -0.166064
v 221.32 -96.4267 1007.64
vn -0.251484 -0.964299 0.0829711
v 221.336 -96.4363 1007.24
vn 0.00656214 -0.977221 0.212121
v 220.338 -94.7951 1023.73
vn -0.049696 -0.979415 0.195645
v 220.643 -94.1045 1026.69
vn 0.362852 -0.80069 0.476691
v 220.487 -93.4712 1028.23
vn -0.730982 0.349524 -0.586088
v 220.827 -94.3406 1002.57
vn 0.209677 -0.900271 0.381508
v 220.057 -92.0809 1031.49
vn 0.258599 -0.883362 0.390893
v 219.592 -91.7181 1032.45
vn 0.166726 -0.915201 0.366893
v 220.305 -91.0874 1033.42
vn -0.0849297 0.959952 -0.266982
v 221.478 -93.3064 1004.32
vn -0.271233 0.880506 -0.38877
v 221.674 -93.2615 1004.36
vn -0.271564 0.855318 -0.441229
v 220.353 -91.8948 1011.11
vn -0.352088 0.789465 -0.502772
v 219.933 -90.4533 1013.76
vn -0.262891 0.829137 -0.493375
v 221.106 -90.1836 1013.24
vn -0.445309 0.67943 -0.583159
v 221.193 -89.2935 1014.77
vn -0.25347 0.818604 -0.515403
v 221.125 -88.7828 1015.32
vn -0.562179 0.574212 -0.595177
v 220.988 -87.8973 1017.04
vn 0.322294 0.937172 0.133547
v 219.443 -85.9324 1038.1
vn 0.612842 0.65256 0.445635
v 220.341 -87.0048 1039.05
vn 0.567285 0.728882 0.383299
v 218.861 -86.6371 1040.17
vn 0.49593 0.800401 0.336766
v 219.077 -86.8338 1040.39
vn 0.772319 0.227553 0.593079
v 219.085 -86.9684 1040.66
vn -0.708441 0.345996 -0.61514
v 220.713 -87.3448 1017.66
vn -0.218232 0.846611 -0.485413
v 219.973 -86.4879 1019.47
vn 0.524508 0.800331 0.290452
v 220.229 -84.526 1032.96
vn 0.618282 0.682435 0.389884
v 220.374 -85.7486 1035.5
vn -0.443811 0.68702 -0.575356
v 220.604 -85.2464 1021.18
vn -0.248756 0.857246 -0.450833
v 219.58 -83.8018 1023.82
vn 0.512977 0.835481 0.197045
v 219.25 -82.4998 1028.91
vn -0.18909 -0.974195 0.123242
v 223.504 -97.3212 1004.59
vn -0.161857 -0.982001 0.0973502
v 223.901 -97.3276 1004.8
vn -0.660885 -0.660476 -0.356373
v 222.406 -96.9799 1006.78
vn -0.453618 -0.874475 -0.171829
v 222.635 -97.2315 1006.76
vn 0.00959127 -0.982635 0.185302
v 222.833 -97.2527 1006.97
vn -0.0256204 -0.964896 0.26138
v 223.23 -96.7924 1013.17
vn -0.0186058 -0.957535 0.287716
v 222.342 -96.3207 1014.5
vn -0.25639 -0.963884 0.0720513
v 222.126 -96.135 1015.28
vn 0.0513632 -0.966708 0.250673
v 222.57 -95.6587 1019.47
vn -0.0109953 -0.971608 0.236341
v 222.691 -95.4355 1020.86
vn -0.806348 -0.309049 -0.504273
v 224.119 -96.3044 997.87
vn -0.759875 -0.487212 -0.430365
v 222.471 -96.0262 1000.26
vn -0.820227 -0.19489 -0.537816
v 222.567 -95.8426 999.981
vn -0.176154 -0.980033 0.092222
v 223.558 -97.0036 1001.14
vn -0.0820418 -0.982889 0.164921
v 222.581 -94.8581 1022.81
vn 0.296977 -0.846689 0.441499
v 222.383 -93.7264 1025.91
vn -0.0795834 -0.967821 0.238723
v 222.475 -93.1803 1027.95
vn -0.54279 0.662005 -0.516844
v 222.466 -94.5915 1000.46
vn -0.0140455 0.963419 -0.267632
v 223.249 -93.3829 1006.2
vn 0.199121 -0.909432 0.365082
v 221.285 -92.1021 1030.74
vn 0.276366 -0.903701 0.327026
v 222.455 -91.8021 1030.95
vn 0.0953273 -0.952409 0.289534
v 222.409 -91.5501 1031.73
vn -0.203013 0.923694 -0.324924
v 223.577 -93.5778 1002.01
vn -0.193429 0.936519 -0.292433
v 222.983 -93.7168 1002.2
vn -0.321991 0.8742 -0.36345
v 223.165 -93.5803 1002.39
vn 0.0120909 0.983767 -0.179043
v 223.41 -93.4873 1002.39
vn -0.106518 0.957528 -0.267943
v 222.063 -93.1261 1004.32
vn 0.316828 0.948481 -0.00206398
v 222.469 -93.213 1004.54
vn 0.171514 0.984122 -0.0456843
v 222.481 -93.1886 1003.94
vn -0.463735 0.744521 -0.480248
v 223.432 -93.2525 1006.39
vn -0.451177 0.746209 -0.489501
v 221.982 -91.771 1009.81
vn -0.223832 0.894431 -0.38716
v 222.142 -91.4756 1010.19
vn -0.250591 0.852498 -0.45875
v 222.71 -91.2311 1010.59
vn -0.273142 0.838096 -0.472216
v 222.838 -90.7684 1011.55
vn -0.299097 0.790221 -0.534875
v 222.028 -89.3999 1014
vn -0.141441 0.886461 -0.440659
v 221.983 -89.1057 1014.58
vn 0.151959 0.933755 -0.324053
v 222.219 -87.8856 1016.07
vn 0.455778 0.85468 0.248571
v 220.734 -86.1701 1035.76
vn 0.223953 0.972335 0.0664085
v 221.557 -86.307 1035.6
vn 0.44426 0.856417 0.263025
v 221.753 -86.3619 1036.02
vn 0.682228 0.523944 0.509948
v 220.846 -86.5151 1037.41
vn 0.113882 0.943229 -0.31201
v 221.329 -87.3533 1017.2
vn 0.0801226 0.949554 -0.303196
v 221.307 -87.2304 1017.58
vn -0.0403147 0.909156 -0.4145
v 221.497 -87.1773 1017.79
vn -0.0889987 0.925839 -0.367289
v 221.364 -86.1821 1018.89
vn -0.504915 0.608521 -0.612179
v 221.654 -86.8479 1018.16
vn -0.0077237 0.951634 -0.307138
v 221.787 -86.2835 1018.51
vn -0.238847 0.843572 -0.480977
v 222.236 -86.5431 1017.75
vn -0.100386 0.919624 -0.379756
v 221.743 -86.0585 1019.32
vn 0.627115 0.686014 0.368933
v 222.113 -85.513 1032.12
vn 0.57999 0.734943 0.351384
v 220.696 -85.548 1034.69
vn 0.577019 0.72867 0.368903
v 220.66 -84.9024 1033.42
vn 0.621549 0.689488 0.371864
v 220.919 -85.7707 1034.74
vn -0.282491 0.832323 -0.476903
v 222.167 -84.6556 1020.58
vn 0.583861 0.766418 0.267787
v 221.48 -83.7472 1028.31
vn 0.286238 0.957498 -0.0355728
v 221.05 -82.9486 1025.8
vn -0.52197 -0.822897 -0.224471
v 224.671 -97.4149 998.604
vn 0.105286 -0.953027 0.283996
v 225.691 -97.5576 998.654
vn -0.453307 -0.882779 -0.123343
v 225.038 -97.9646 1002.29
vn 0.336625 -0.819563 0.463681
v 224.798 -97.7347 1002.86
vn 0.166779 -0.93041 0.326377
v 224.768 -97.5376 1003.24
vn -0.370974 -0.919323 -0.131238
v 224.967 -97.674 1003.87
vn -0.151146 -0.988035 0.030683
v 225.175 -97.7396 1003.88
vn -0.0074572 -0.985226 0.171096
v 224.276 -97.3078 1005.82
vn -0.267303 -0.963591 -0.00641922
v 224.022 -97.0514 1008.4
vn -0.0848926 -0.988349 0.126329
v 225.034 -97.4093 1008.07
vn -0.0706598 -0.967968 0.240926
v 223.908 -97.1767 1011.83
vn -0.35374 -0.93158 -0.0838322
v 224.977 -97.4995 1010.69
vn -0.233914 -0.970258 0.0623115
v 224.49 -97.0652 1012.24
vn -0.30681 -0.95121 -0.0326717
v 224.486 -97.1279 1012.65
vn 0.123982 -0.972444 0.197436
v 225.099 -97.1806 1012.47
vn 0.141671 -0.955261 0.259627
v 223.782 -96.7439 1015
vn 0.185342 -0.942492 0.278133
v 225.21 -96.6506 1013.83
vn -0.187111 -0.979353 0.0765374
v 223.886 -96.1459 1016.35
vn -0.239553 -0.969893 0.0438392
v 224.965 -96.6643 1015.63
vn -0.0800021 -0.976756 0.198867
v 224.917 -96.4935 1016.82
vn -0.288362 -0.957009 0.031314
v 223.404 -95.0979 1023.06
vn -0.793329 0.209397 -0.571648
v 225.298 -95.9642 996.069
vn 0.0752048 -0.936832 0.341599
v 223.866 -94.1228 1024.59
vn 0.365276 -0.820125 0.440419
v 223.032 -92.7579 1028.05
vn -0.590739 0.661194 -0.46244
v 225.504 -95.2404 996.407
vn -0.0719883 0.970474 -0.230211
v 224.523 -94.2647 999.292
vn -0.13128 0.943767 -0.30343
v 224.498 -94.1716 999.885
vn -0.104259 0.932357 -0.346179
v 224.669 -93.9721 1000.27
vn -0.200836 0.93333 -0.29759
v 224.903 -94.1494 999.696
vn 0.0684685 0.978194 -0.196085
v 224.869 -93.9666 1000.28
vn 0.0584029 0.982789 -0.175255
v 224.218 -93.7484 1001.24
vn 0.357863 -0.841457 0.404827
v 224.216 -92.4973 1027.86
vn 0.240674 -0.910084 0.337377
v 223.19 -91.3303 1031.73
vn -0.448695 0.772232 -0.449811
v 224.227 -93.0145 1005.79
vn 0.547142 -0.642944 0.535965
v 222.413 -88.922 1036.49
vn -0.11881 0.872592 -0.473779
v 224.034 -89.1641 1013.25
vn 0.519293 0.800891 0.298174
v 222.639 -86.217 1032.62
vn -0.144718 0.887843 -0.436797
v 222.88 -86.7734 1017.13
vn -0.0528863 0.939167 -0.339365
v 222.851 -86.6082 1017.58
vn 0.523329 0.823754 0.218072
v 222.537 -84.9954 1028.87
vn 0.580409 0.752786 0.310546
v 222.368 -85.3804 1031.52
vn -0.0959324 0.931284 -0.351435
v 222.37 -84.6608 1020.49
vn -0.202172 0.867318 -0.454847
v 223.387 -84.693 1020.22
vn -0.122703 0.889292 -0.440571
v 223.558 -84.4576 1020.41
vn -0.164254 0.847225 -0.505203
v 223.794 -84.6956 1020.04
vn 0.567519 0.793278 0.220528
v 223.111 -84.1438 1024.78
vn -0.43068 -0.891414 -0.141053
v 226.28 -97.7472 1007.94
vn -0.0832364 -0.991955 0.0953745
v 226.352 -97.8233 997.497
vn -0.344742 -0.921287 -0.179956
v 226.369 -97.7486 996.485
vn 0.00238294 -0.988281 0.152627
v 227.176 -97.8729 996.929
vn -0.0629918 -0.987082 0.147312
v 226.297 -97.5361 998.473
vn -0.103012 -0.994158 0.0322143
v 227.372 -98.4226 999.403
vn -0.592524 -0.74829 -0.298291
v 226.173 -97.9454 999.514
vn -0.394669 -0.90654 -0.149735
v 226.323 -98.2432 1000.35
vn 0.309736 -0.825661 0.471537
v 227.148 -98.299 999.785
vn 0.296469 -0.877526 0.376902
v 227.115 -98.0771 1000.16
vn 0.245246 -0.912724 0.326786
v 225.867 -98.0123 1001.52
vn 0.118568 -0.966989 0.225553
v 226.238 -97.8073 1001.92
vn -0.237615 -0.971264 0.0135907
v 226.511 -97.6925 1006.54
vn 0.150363 -0.961661 0.229346
v 226.383 -97.3923 1010.33
vn -0.0651103 -0.992476 0.103687
v 225.76 -97.3404 1010.9
vn 0.088133 -0.961346 0.260858
v 225.934 -96.5662 1016.66
vn 0.14448 -0.93021 0.337395
v 225.243 -96.1003 1018.2
vn -0.141842 -0.986961 0.0760882
v 226.637 -96.1738 1018.26
vn 0.36397 -0.830979 0.420713
v 224.783 -93.4086 1025.16
vn -0.400437 0.831306 -0.385461
v 226.444 -94.6645 996.585
vn 0.00523713 0.987327 -0.158614
v 225.77 -94.5095 997.953
vn 0.205924 0.97825 -0.0249512
v 226.777 -94.5357 998.796
vn 0.261186 0.965233 -0.0103623
v 225.47 -94.3355 1001.91
vn -0.635564 0.569256 -0.521542
v 225.339 -93.5486 1003.8
vn -0.252947 0.911862 -0.323304
v 225.869 -94.2491 1002.35
vn -0.554356 0.702062 -0.446988
v 225.733 -93.3858 1003.47
vn -0.620268 0.625429 -0.4734
v 226.042 -94.1449 1002.35
vn 0.510167 -0.733335 0.449388
v 225.012 -92.2685 1027.27
vn -0.0251305 -0.989676 0.141101
v 225.396 -92.1451 1027.47
vn 0.398694 -0.824825 0.400883
v 225.625 -92.2215 1026.68
vn -0.202221 -0.97919 -0.0171453
v 226.039 -92.2921 1026.5
vn -0.171198 -0.984112 0.0470584
v 226.03 -92.3022 1026.9
vn -0.0688457 0.965165 -0.252422
v 226.649 -92.8227 1004.65
vn -0.232391 0.89008 -0.392113
v 225.748 -92.3723 1006.59
vn -0.206108 0.898134 -0.388426
v 225.363 -91.2217 1009.08
vn -0.216473 0.845587 -0.487978
v 224.675 -89.3831 1012.69
vn -0.266331 0.82724 -0.494713
v 224.965 -89.9573 1011.59
vn -0.490893 0.663417 -0.564714
v 225.702 -89.4036 1011.92
vn 0.601464 0.683984 0.412804
v 224.118 -87.3316 1034.06
vn -0.377828 0.747777 -0.545963
v 224.613 -88.9734 1013.45
vn -0.512816 0.620472 -0.593324
v 224.972 -88.5567 1013.41
vn -0.30929 0.788365 -0.531808
v 225.289 -88.3018 1013.61
vn 0.261109 0.963584 0.0576896
v 224.539 -86.6078 1030.31
vn 0.361333 0.920811 0.146784
v 223.901 -86.5102 1031.28
vn 0.468758 0.866492 0.171631
v 223.906 -86.4116 1030.67
vn -0.337367 0.786517 -0.517275
v 224.985 -87.226 1015.3
vn -0.379845 0.77389 -0.506766
v 224.141 -85.5718 1017.92
vn -0.158803 0.906946 -0.390167
v 224.521 -85.4112 1018.12
vn 0.103654 0.969306 -0.222939
v 224.366 -84.4718 1020.34
vn -0.371445 -0.91074 -0.180504
v 229.099 -98.684 995.871
vn -0.298044 -0.952774 -0.0582415
v 228.44 -98.1727 1003.84
vn -0.37585 -0.910433 -0.172767
v 228.194 -98.2223 1005.85
vn 0.113797 -0.976595 0.182518
v 228.813 -98.2793 1005.47
vn -0.162252 -0.986749 0.000160879
v 228.826 -98.3064 1005.07
vn -0.0666165 -0.995505 0.0673169
v 228.193 -98.2676 1006.05
vn -0.18517 -0.982078 0.0351287
v 227.35 -97.2695 1011.35
vn -0.299819 -0.93642 -0.182278
v 228.452 -97.962 994.57
vn -0.415992 -0.887987 -0.196036
v 228.647 -98.1487 995.601
vn 0.381848 -0.828997 0.408603
v 227.749 -98.1797 999.393
vn -0.116221 -0.99204 0.0484705
v 227.662 -97.9761 1001.98
vn 0.0557122 -0.980705 0.187389
v 228.411 -96.6492 1014.55
vn -0.23531 -0.971208 0.0372047
v 227.106 -96.2303 1016.67
vn -0.03412 -0.988027 0.150459
v 228.38 -96.6516 1015.75
vn 0.272171 -0.896882 0.348605
v 228.106 -96.2841 1017.12
vn -0.747031 -0.474616 -0.465493
v 228.602 -96.7687 990.837
vn -0.822083 0.179917 -0.540195
v 227.541 -96.3166 992.363
vn 0.363733 -0.831142 0.420597
v 227.625 -94.505 1020.74
vn 0.368946 -0.839259 0.399404
v 227.822 -93.0557 1022.82
vn 0.00192551 -0.991961 0.126531
v 227.742 -92.7144 1024.59
vn -0.24984 -0.968283 -0.00287043
v 227.324 -92.6129 1024.77
vn 0.0271581 0.994783 -0.09833
v 227.925 -94.9817 995.06
vn -0.107291 0.981882 -0.156195
v 228.524 -94.9015 994.873
vn 0.190859 0.981291 0.0253132
v 228.067 -94.761 996.451
vn 0.252943 0.964463 0.0763638
v 228.49 -94.9665 996.487
vn -0.70705 0.524705 -0.474094
v 227.114 -94.0815 1000.77
vn -0.201429 -0.978775 -0.0377521
v 227.335 -92.6214 1024.37
vn 0.238534 -0.911973 0.333776
v 226.26 -92.3334 1025.91
vn 0.461818 -0.761134 0.455412
v 226.593 -90.6499 1029.58
vn -0.260258 0.896962 -0.357387
v 227.05 -92.8086 1004.67
vn -0.408778 0.794691 -0.448738
v 227.41 -92.4471 1004.85
vn -0.0335901 0.971627 -0.234121
v 226.68 -91.7581 1006.96
vn -0.261473 0.883534 -0.388586
v 227.269 -91.6756 1007.18
vn -0.37319 0.804512 -0.46205
v 227.821 -91.2765 1007.56
vn 0.533645 -0.684038 0.497308
v 227.073 -89.7483 1030.71
vn 0.724432 -0.342122 0.598457
v 227.229 -89.3607 1030.87
vn 0.788098 0.0402244 0.614234
v 226.655 -88.7176 1031.8
vn 0.731274 0.412723 0.543046
v 225.776 -88.1078 1032.71
vn -0.688909 0.36472 -0.626406
v 227.095 -87.5819 1012.91
vn -0.553082 0.58732 -0.590893
v 226.069 -87.6427 1013.98
vn -0.654385 0.486188 -0.579138
v 226.449 -87.3814 1013.76
vn 0.662426 0.633729 0.399474
v 225.937 -86.4424 1027.12
vn 0.530786 0.80097 0.276971
v 225.775 -86.7982 1027.76
vn -0.559695 0.596462 -0.575304
v 227.056 -87.2735 1013.17
vn -0.415092 0.747509 -0.518583
v 226.733 -86.4843 1014.69
vn -0.218375 0.909764 -0.353047
v 227.282 -86.0604 1015.07
vn 0.469187 0.872671 0.135309
v 226.907 -85.4976 1019.62
vn 0.473622 0.86884 0.144218
v 225.816 -85.2099 1021.77
vn 0.147348 0.981885 -0.119121
v 225.585 -86.0127 1026.26
vn -0.110846 0.936949 -0.331422
v 225.687 -85.0649 1018.33
vn -0.0105905 -0.998996 0.0435199
v 229.717 -98.7801 995.702
vn 0.522669 -0.712097 0.468759
v 229.887 -98.6814 996.507
vn -0.133915 -0.990145 -0.0409753
v 229.596 -98.3515 998.672
vn -0.151941 -0.987673 -0.0376364
v 229.988 -98.2992 998.881
vn -0.583643 -0.756251 -0.29571
v 230.371 -98.7317 1001.43
vn -0.166821 -0.985437 -0.0329449
v 230.588 -98.873 1001.37
vn -0.195969 -0.979701 0.0422225
v 229.287 -98.5354 1003.71
vn 0.14405 -0.96767 0.207038
v 230.088 -98.5073 1003.73
vn 0.300037 -0.903308 0.306616
v 229.355 -97.8872 1006.26
vn -0.0277436 -0.997001 0.0722397
v 229.719 -97.6141 1006.65
vn -0.192091 -0.98121 -0.0181005
v 228.823 -96.7465 1014.57
vn -0.27714 -0.942566 -0.186447
v 230.759 -97.6101 989.389
vn -0.408237 -0.874194 -0.262923
v 230.559 -98.0598 991.236
vn -0.242358 -0.96025 -0.138504
v 230.555 -98.4248 992.881
vn -0.454185 -0.832656 -0.316861
v 230.73 -98.7203 993.319
vn 0.379107 -0.864281 0.3306
v 230.464 -98.3774 996.292
vn -0.159925 -0.984367 -0.0737995
v 230.645 -98.2861 996.692
vn -0.35726 -0.907755 -0.219876
v 229.387 -98.2251 998.45
vn 0.363385 -0.871946 0.328118
v 229.791 -96.4365 1014.78
vn -0.577613 -0.730008 -0.36531
v 229.774 -97.1886 989.513
vn -0.825373 0.187983 -0.532374
v 230.166 -96.4493 988.448
vn -0.828472 -0.187306 -0.527778
v 230.287 -96.6571 988.272
vn 0.501852 -0.738262 0.450682
v 228.402 -94.1873 1020.54
vn 0.0497571 -0.969581 0.239662
v 228.438 -93.0756 1022.44
vn 0.256809 -0.906702 0.334576
v 229.26 -93.1518 1022.08
vn 0.141831 -0.967462 0.209528
v 229.224 -92.8096 1022.85
vn 0.0262695 -0.99613 0.0838791
v 228.16 -92.7286 1024.01
vn -0.669606 0.586015 -0.456305
v 229.288 -95.737 990.357
vn -0.307521 0.91569 -0.258734
v 229.659 -95.2238 991.124
vn -0.0140535 0.996652 -0.0805464
v 229.853 -95.2048 991.33
vn -0.506057 0.799197 -0.324331
v 230.349 -95.0049 994.747
vn -0.0170814 0.996769 -0.078487
v 229.312 -95.0397 996.121
vn -0.69449 0.561545 -0.449835
v 229.836 -94.3653 996.475
vn -0.101 0.970139 -0.220522
v 229.369 -94.0806 997.838
vn -0.1393 0.961805 -0.235642
v 228.895 -93.7793 999.4
vn -0.0689003 0.975574 -0.208587
v 229.032 -93.5574 1000.99
vn 0.389923 -0.83553 0.387105
v 228.914 -92.3909 1024.6
vn 0.533237 -0.690192 0.489176
v 229.094 -90.826 1026.87
vn -0.333871 0.84783 -0.411964
v 228.282 -91.5569 1006.4
vn -0.240698 0.896242 -0.372578
v 229.354 -90.4978 1007.34
vn -0.421323 0.729754 -0.538467
v 228.833 -89.784 1009.06
vn -0.660243 0.397056 -0.637515
v 229.09 -88.6693 1010.17
vn -0.712527 0.263556 -0.650264
v 229.421 -88.2552 1009.93
vn 0.629818 0.698509 0.339728
v 228.541 -86.7249 1019.8
vn 0.494349 0.831349 0.253926
v 228.765 -86.8303 1023.24
vn 0.566791 0.739168 0.363839
v 227.947 -87.0785 1024.83
vn 0.368418 0.91687 0.153677
v 227.257 -87.0842 1028.24
vn -0.517611 0.673351 -0.527899
v 228.38 -86.4657 1013.14
vn 0.0664753 0.977754 -0.198942
v 228.456 -85.8911 1015.7
vn 0.59815 0.700409 0.389415
v 229.029 -86.0983 1017.55
vn 0.458438 0.856355 0.237679
v 228.019 -85.9024 1018.5
vn 0.296098 0.950459 0.0946197
v 227.975 -85.673 1017.87
vn 0.409368 0.87058 0.272963
v 228.386 -85.761 1017.89
vn 0.589303 0.746894 0.308013
v 228.897 -86.5692 1019
vn 0.5429 0.818604 0.187475
v 227.742 -85.8556 1019.89
vn 0.642935 0.695057 0.321762
v 227.327 -85.9299 1020.89
vn -0.106669 -0.99268 -0.0566409
v 231.195 -98.8309 993.145
vn -0.156882 -0.986717 -0.0421635
v 231.677 -98.8456 997.991
vn 0.0533891 -0.994338 0.0918741
v 231.441 -98.7495 998.978
vn -0.0340796 -0.998785 0.0356073
v 231.429 -98.7348 999.378
vn -0.217044 -0.975262 -0.0418912
v 230.975 -97.9527 1006.12
vn 0.151105 -0.968061 0.200061
v 230.89 -97.8767 1009.13
vn 0.111617 -0.98536 0.128871
v 231.331 -96.894 1011.46
vn 0.106193 -0.985263 0.134089
v 230.9 -96.8621 1012.45
vn -0.362566 -0.893425 -0.265211
v 232.418 -97.7053 987.849
vn -0.577162 -0.718213 -0.388657
v 231.893 -98.0066 989.268
vn -0.557483 -0.742676 -0.371006
v 232.454 -98.2521 988.709
vn -0.375224 -0.903652 -0.206444
v 231.625 -98.4958 990.676
vn 0.0622283 -0.994727 0.0815248
v 231.827 -98.519 990.724
vn -0.332636 -0.906466 -0.260139
v 231.387 -98.4972 992.114
vn 0.489593 -0.795544 0.356944
v 232.558 -98.5482 993.166
vn -0.64974 -0.617359 -0.443516
v 231.769 -97.1057 986.358
vn -0.797027 -0.304549 -0.521535
v 231.254 -96.7189 986.704
vn -0.820488 0.218192 -0.528386
v 231.11 -96.5127 986.888
vn 0.299658 -0.863299 0.406104
v 230.546 -94.6469 1017.24
vn 0.283437 -0.846913 0.44989
v 230.939 -94.5617 1017.25
vn 0.362727 -0.833253 0.417275
v 230.839 -93.8837 1018.38
vn 0.158559 -0.952531 0.259892
v 229.718 -93.4075 1020.91
vn 0.363849 -0.864765 0.346114
v 230.308 -93.2253 1020.71
vn 0.293201 -0.910164 0.292635
v 230.881 -92.985 1020.91
vn 0.265737 -0.924753 0.272424
v 229.605 -92.8023 1022.86
vn -0.596733 0.701045 -0.390444
v 231.854 -95.8275 986.436
vn -0.297282 0.93723 -0.182275
v 231.794 -95.5001 987.407
vn 0.17815 0.983905 0.0138984
v 231.488 -94.5016 995.341
vn -0.417841 0.821355 -0.388311
v 230.474 -93.5971 999.841
vn -0.427774 0.812935 -0.395152
v 231.241 -93.1836 999.626
vn 0.268732 0.96319 0.00690664
v 231.442 -93.2357 999.84
vn 0.525672 -0.730125 0.436562
v 230.556 -92.277 1022.84
vn 0.37539 -0.844781 0.38135
v 230.206 -91.3154 1024.74
vn -0.530702 0.646076 -0.54858
v 230.998 -91.8636 1003.71
vn 0.477818 -0.756821 0.445996
v 229.473 -90.567 1026.72
vn -0.279622 0.891471 -0.356498
v 230.667 -90.994 1005.22
vn -0.0216752 0.978011 -0.207424
v 231.066 -90.9707 1005.23
vn -0.168212 0.91766 -0.360008
v 231.258 -90.9331 1005.44
vn 0.336363 0.931527 0.138263
v 230.268 -87.7116 1023.18
vn 0.384138 0.909236 0.160402
v 229.604 -87.8036 1025.95
vn 0.550283 0.763564 0.337873
v 229.391 -88.0688 1027.51
vn 0.737971 0.425726 0.523599
v 229.757 -88.4409 1027.46
vn -0.479836 0.638832 -0.601375
v 230.769 -88.8898 1008.31
vn -0.716027 0.194031 -0.670565
v 229.71 -88.6738 1009.5
vn -0.368506 0.780745 -0.504619
v 230.5 -88.4318 1009.1
vn -0.245444 0.85483 -0.457191
v 229.438 -88.144 1010.12
vn 0.405356 0.899837 0.161181
v 229.289 -87.1246 1019.67
vn 0.163335 0.984655 -0.0614587
v 229.687 -87.4303 1021.12
vn -0.139383 0.922374 -0.360276
v 229.675 -87.3611 1021.32
vn 0.339686 0.938807 0.0570546
v 229.829 -87.1036 1022.1
vn 0.495767 0.81759 0.292852
v 230.475 -87.5039 1022.09
vn -0.478651 0.646909 -0.593635
v 229.514 -87.2809 1011.46
vn -0.448652 0.655466 -0.607515
v 229.641 -86.6369 1011.69
vn -0.115298 0.941045 -0.318026
v 229.616 -86.4608 1011.97
vn -0.411865 -0.850118 -0.328126
v 232.655 -98.8504 991.188
vn 0.346274 -0.909329 0.230685
v 232.803 -98.6854 992.585
vn 0.210861 -0.968154 0.134965
v 233.752 -98.8336 995.449
vn -0.194361 -0.967908 -0.159307
v 232.682 -98.8975 998.233
vn -0.108482 -0.993802 -0.0242601
v 233.723 -98.3332 1002.44
vn 0.315953 -0.91222 0.260823
v 233.411 -96.9284 1008.92
vn 0.276871 -0.943288 0.183167
v 232.566 -96.8804 1010.3
vn 0.323675 -0.91334 0.247072
v 231.934 -96.8899 1011.48
vn 0.0124162 -0.999868 -0.0105019
v 233.924 -98.6268 987.793
vn 0.139775 -0.983583 0.11414
v 232.647 -98.477 989.944
vn -0.121525 -0.98956 -0.0774752
v 233.158 -98.3772 993.171
vn 0.353647 -0.906445 0.230849
v 233.594 -98.4102 991.983
vn 0.195297 -0.968345 0.155457
v 232.537 -98.3499 993.749
vn 0.390432 -0.873247 0.291552
v 232.936 -96.6178 1010.48
vn 0.305337 -0.91392 0.267431
v 232.058 -96.3448 1012.24
vn 0.263629 -0.934907 0.237589
v 232.465 -96.3412 1012.05
vn 0.304163 -0.912628 0.27312
v 231.83 -96.2808 1013.03
vn 0.492439 -0.765091 0.414897
v 231.979 -95.9224 1013.6
vn 0.480278 -0.802419 0.3542
v 232.432 -96.1604 1012.6
vn 0.443968 -0.804262 0.395039
v 231.894 -95.3383 1014.54
vn 0.331129 -0.890771 0.311257
v 232.497 -95.2438 1014.15
vn 0.212714 -0.916521 0.338737
v 231.627 -94.9905 1015.71
vn 0.327657 -0.873111 0.360996
v 232.018 -94.8837 1015.71
vn -0.767265 -0.396726 -0.503897
v 233.187 -96.8017 983.966
vn -0.838283 0.0788397 -0.539505
v 233.403 -96.4735 983.539
vn -0.395282 -0.888165 -0.234339
v 234.118 -97.6094 983.878
vn -0.622869 0.695597 -0.358021
v 233.288 -95.5996 984.454
vn -0.171953 0.983575 -0.0548819
v 233.582 -95.0452 986.42
vn -0.0218337 0.999411 -0.0264935
v 232.926 -95.1704 989.024
vn 0.280285 0.943422 0.177189
v 232.328 -94.4649 993.799
vn 0.274171 0.953213 0.127338
v 233.394 -94.901 993.237
vn -0.0246985 0.984285 -0.17485
v 233.38 -94.8678 993.635
vn -0.344324 0.870243 -0.352305
v 232.438 -94.1665 996.146
vn -0.460123 0.808408 -0.367102
v 232.749 -93.7381 996.517
vn 0.352169 0.928626 0.116747
v 232.947 -93.6096 997.57
vn -0.368961 0.880755 -0.296881
v 233.19 -93.656 996.123
vn 0.0825167 0.987224 -0.136309
v 232.291 -93.4782 999.09
vn 0.320934 0.943545 0.0820036
v 232.481 -93.4435 997.685
vn 0.421789 -0.822092 0.382438
v 231.502 -91.6508 1022.61
vn 0.544104 -0.72844 0.416326
v 232.303 -91.4777 1022.02
vn 0.516982 -0.734158 0.440161
v 231.03 -91.3166 1023.97
vn 0.558729 -0.68745 0.463934
v 231.609 -90.9808 1023.55
vn -0.292493 0.870756 -0.395263
v 232.62 -92.9678 999.855
vn -0.176643 0.927739 -0.328782
v 232.793 -92.7961 1000.25
vn 0.0659988 0.989354 -0.129699
v 233.404 -92.9622 999.481
vn -0.529819 0.57723 -0.621367
v 232.665 -91.9782 1001.93
vn 0.0798259 0.984061 -0.158906
v 232.142 -91.2134 1003.49
vn -0.43415 0.735679 -0.519894
v 232.402 -91.5395 1002.53
vn 0.110804 0.989978 -0.0875592
v 231.712 -91.1332 1004.27
vn -0.420315 0.724236 -0.546642
v 232.244 -90.6452 1005.04
vn -0.445878 0.713408 -0.540593
v 231.501 -88.2052 1008.34
vn -0.297203 0.85856 -0.417786
v 231.042 -87.913 1009.35
vn -0.159594 0.92413 -0.34715
v 231.691 -88.1095 1008.39
vn -0.346617 0.748211 -0.565718
v 232.26 -87.8743 1008.79
vn 0.258952 0.935005 -0.242302
v 232.05 -86.9274 1013.11
vn 0.586105 0.729703 0.352156
v 232.23 -86.9423 1014
vn 0.604833 0.688745 0.399759
v 231.021 -86.9138 1015.49
vn 0.407652 0.87909 0.247023
v 231.845 -87.6269 1016.19
vn 0.0738038 0.986648 -0.145185
v 230.936 -87.6042 1020.18
vn 0.357119 0.922216 0.148267
v 231.325 -87.7142 1021.16
vn 0.225695 0.961057 -0.159471
v 231.422 -86.7324 1013.27
vn 0.389264 0.920236 -0.0404954
v 232.008 -86.6704 1013.69
vn 0.609455 0.69544 0.380694
v 231.367 -86.5533 1014.72
vn -0.171658 -0.975289 -0.139085
v 235.255 -98.7719 991.475
vn -0.280652 -0.943227 -0.177643
v 234.416 -98.7281 992.647
vn 0.0836717 -0.995879 0.034989
v 235.015 -98.8443 993.283
vn 0.0115826 -0.999798 -0.0164445
v 234.128 -98.6812 995.85
vn -0.143215 -0.989374 -0.0250913
v 234.371 -98.1698 1000.03
vn 0.330562 -0.920442 0.208605
v 234.47 -98.0756 1003.65
vn 0.470769 -0.836156 0.281461
v 233.771 -97.6804 1005.79
vn 0.373486 -0.896956 0.236597
v 234.096 -97.2841 1007.17
vn -0.47913 -0.795672 -0.370595
v 234.738 -98.1196 985.324
vn -0.304272 -0.928335 -0.21357
v 235.345 -97.7672 983.736
vn 0.0541389 -0.998242 0.0241077
v 234.316 -98.4779 987.591
vn -0.346827 -0.906044 -0.242478
v 234.307 -98.6342 988.614
vn -0.236275 -0.948465 -0.21116
v 234.516 -98.7109 988.627
vn -0.27706 -0.94106 -0.194022
v 235.455 -98.4157 990.039
vn 0.422487 -0.858308 0.291223
v 234.22 -96.839 1008.14
vn 0.547517 -0.727534 0.413424
v 233.476 -94.9361 1013.96
vn -0.29428 0.945164 -0.141651
v 234.486 -95.327 983.665
vn 0.198098 0.963957 0.177606
v 235.025 -94.9461 984.652
vn -0.176638 0.980661 -0.0842792
v 234.813 -95.1909 986.077
vn -0.499279 0.81211 -0.301989
v 234.54 -94.8754 987.592
vn 0.0316292 0.999206 0.0242347
v 234.912 -94.6946 988.042
vn -0.194381 0.958794 -0.207196
v 234.636 -95.0037 992.286
vn -0.527171 0.70241 -0.478238
v 234.552 -94.4768 993.426
vn 0.0623808 0.996981 -0.0462261
v 235.088 -93.9359 993.805
vn -0.515835 0.731344 -0.44615
v 233.629 -93.7837 995.194
vn -0.203938 0.943791 -0.260131
v 233.824 -93.7102 995.145
vn 0.244293 0.956482 0.15957
v 234.65 -93.9779 995.403
vn 0.0865709 0.981812 0.16897
v 234.856 -94.0795 995.621
vn -0.038311 0.978479 0.202759
v 234.853 -93.9971 995.412
vn -0.265568 0.921476 -0.283472
v 235.047 -94.0748 996.03
vn 0.205081 0.978528 0.0205968
v 233.586 -93.5986 996.131
vn 0.000341424 0.984531 -0.175208
v 233.847 -93.0764 999.508
vn 0.50701 -0.796005 0.33063
v 233.699 -91.0721 1020.82
vn 0.68114 -0.603187 0.414987
v 234.072 -90.7859 1020.81
vn 0.366425 -0.875257 0.315687
v 232.868 -91.1025 1022
vn 0.560078 -0.706812 0.432121
v 233.055 -91.0186 1022.2
vn -0.50166 0.69272 -0.518147
v 234.417 -92.8043 999.702
vn -0.422826 0.688727 -0.58896
v 233.877 -91.8576 1001.2
vn 0.0633757 0.968354 -0.241398
v 234.05 -91.7795 1002
vn 0.180975 0.983116 -0.0270278
v 234.303 -91.8831 1001.22
vn 0.099683 0.991418 -0.0845847
v 234.485 -91.9544 1001.43
vn -0.247964 0.890955 -0.380411
v 234.677 -91.9138 1001.63
vn -0.385319 0.755122 -0.530396
v 234.624 -91.5465 1002.2
vn 0.744803 -0.452228 0.490672
v 233.635 -90.6468 1021.78
vn 0.756523 -0.348243 0.553533
v 233.837 -90.0048 1021.93
vn 0.810158 0.00726238 0.586166
v 233.187 -89.3504 1023.05
vn -0.477184 0.648769 -0.592785
v 233.694 -89.301 1005.76
vn -0.332167 0.805351 -0.490994
v 232.969 -88.462 1007.06
vn -0.217364 0.902212 -0.372513
v 232.925 -88.2347 1007.84
vn -0.0632601 0.976959 -0.203837
v 233.51 -87.8087 1008.22
vn -0.215455 0.832708 -0.510074
v 232.618 -87.5518 1009.17
vn 0.213967 0.968549 -0.127004
v 233.186 -87.7063 1011.22
vn 0.387456 0.919813 -0.0618246
v 232.669 -87.1294 1013.36
vn 0.497782 0.847476 0.184384
v 232.692 -87.1425 1013.56
vn 0.103335 0.994624 -0.0066865
v 232.468 -87.8239 1016.23
vn 0.121862 -0.99213 0.0287853
v 236.626 -98.5302 991.902
vn -0.113534 -0.990259 -0.0806089
v 236.004 -98.8865 994.127
vn 0.171981 -0.979093 0.108624
v 236.185 -98.7922 994.527
vn 0.170189 -0.972227 0.160653
v 235.682 -98.4542 997.09
vn 0.189854 -0.976519 0.101811
v 235.817 -98.3556 999.297
vn -0.133829 -0.987851 -0.07899
v 236.651 -97.8962 980.377
vn 0.0187311 -0.999825 -0.000207725
v 237.017 -97.8443 981.592
vn 0.220007 -0.971921 0.0834686
v 236.38 -98.3093 984.833
vn 0.00629948 -0.997673 -0.0678877
v 236.98 -98.226 984.645
vn 0.121254 -0.992266 0.0265704
v 236.524 -98.3035 987.049
vn 0.253673 -0.948335 0.190552
v 236.488 -96.5959 1005.18
vn 0.376474 -0.864565 0.33286
v 235.122 -96.0385 1009.13
vn 0.218685 -0.943995 0.247082
v 235.291 -95.867 1009.69
vn 0.516537 -0.772381 0.369618
v 235.662 -95.6589 1010.08
vn -0.720528 -0.500444 -0.479994
v 236.016 -96.9742 979.459
vn -0.435942 -0.849001 -0.298582
v 236.443 -97.8426 980.415
vn 0.503185 -0.766905 0.398324
v 234.631 -93.081 1016.23
vn -0.824117 0.245954 -0.510233
v 235.934 -95.7824 979.338
vn -0.154918 0.987682 -0.0220046
v 236.167 -95.14 980.087
vn -0.138423 0.985371 -0.0994155
v 236.619 -94.8157 984.696
vn 0.293418 0.918089 0.266495
v 236.732 -94.9028 988.53
vn -0.437016 0.839049 -0.324058
v 236.488 -94.9319 990.334
vn -0.36601 0.859946 -0.355709
v 235.762 -94.2577 992.382
vn -0.0800446 0.988517 -0.12817
v 236.706 -94.131 994.285
vn -0.0647706 0.991161 0.11578
v 235.248 -93.9336 995.42
vn -0.213881 0.976009 -0.0407573
v 235.445 -93.9424 995.629
vn -0.306019 0.825114 -0.47491
v 235.186 -93.6236 996.593
vn -0.128485 0.955561 -0.265322
v 235.353 -93.3901 996.978
vn -0.468077 0.865368 -0.179005
v 235.522 -93.2265 997.571
vn -0.571734 0.749835 -0.332968
v 235.896 -92.9589 997.558
vn -0.372373 0.845574 -0.382548
v 236.371 -93.376 996.42
vn -0.0715015 0.989076 -0.128905
v 235.123 -93.3044 997.766
vn -0.380007 0.898202 -0.220969
v 235.517 -93.2316 997.773
vn -0.628809 0.731684 -0.263131
v 235.703 -93.0869 997.765
vn -0.354104 0.874792 -0.33068
v 236.274 -92.7253 997.549
vn -0.52477 0.756817 -0.389672
v 235.87 -92.8051 997.944
vn -0.254587 0.905878 -0.338483
v 236.231 -92.5042 998.33
vn -0.200912 0.928949 -0.310948
v 234.921 -91.9813 1000.24
vn 0.0606614 0.998127 0.00797195
v 234.911 -91.9852 1000.64
vn -0.0552816 0.991761 -0.115558
v 235.508 -91.9254 1000.66
vn -0.435014 0.756908 -0.487702
v 235.871 -91.5979 1000.84
vn 0.148195 0.9851 0.087268
v 235.33 -87.9439 1014.94
vn 0.733847 0.467848 0.492531
v 234.427 -88.8241 1021.03
vn 0.395219 0.888437 0.233412
v 234.348 -88.6528 1020.81
vn -0.636663 0.501697 -0.585628
v 235.878 -88.6932 1004.37
vn -0.0958845 0.99161 -0.0866928
v 234.665 -87.9628 1009.49
vn -0.237104 0.967859 -0.0838482
v 235.649 -87.6594 1009.09
vn 0.162397 0.986303 0.0288671
v 234.344 -87.5398 1012.45
vn -0.209775 -0.948703 -0.236554
v 238.487 -98.5326 989.958
vn -0.144005 -0.959731 -0.241203
v 238.492 -98.6849 990.375
vn 0.29835 -0.950654 0.0851081
v 238.692 -98.7216 990.587
vn 0.0715128 -0.997392 0.00974345
v 238.009 -98.5449 992.959
vn -0.0304137 -0.996176 -0.0819
v 238.423 -98.5126 992.367
vn 0.131979 -0.990817 0.0293735
v 238.416 -98.5412 992.772
vn 0.548068 -0.77588 0.31246
v 237.142 -97.7046 999.883
vn -0.0857734 -0.991954 -0.0931115
v 237.878 -97.9081 979.618
vn -0.109784 -0.979985 -0.166063
v 237.633 -98.1213 982.245
vn 0.125508 -0.99177 0.0253156
v 238.211 -98.1722 983.477
vn -0.113897 -0.982621 -0.146571
v 238.364 -98.5008 986.733
vn 0.487171 -0.827132 0.280211
v 237.913 -97.2408 999.261
vn 0.205139 -0.973676 0.0993629
v 238.306 -97.1364 999.193
vn 0.22786 -0.962732 0.145695
v 238.044 -97.0476 1001.26
vn 0.441099 -0.852905 0.279259
v 237.171 -96.8503 1003.11
vn 0.186081 -0.970865 0.150979
v 238.364 -96.7046 1003.05
vn 0.324516 -0.909174 0.260944
v 237.896 -96.4559 1004.61
vn -0.489869 -0.771408 -0.40615
v 238.709 -97.4058 976.5
vn -0.148984 -0.96705 -0.206442
v 238.92 -97.5721 976.806
vn -0.190543 -0.956523 -0.220812
v 238.307 -97.722 977.805
vn 0.694688 -0.556598 0.45564
v 237.49 -94.8532 1008.46
vn 0.732222 -0.473744 0.489303
v 237.59 -94.5205 1008.63
vn 0.448786 -0.859493 0.24467
v 237.337 -94.3119 1009.81
vn 0.436597 -0.833088 0.339628
v 236.899 -94.2506 1010.98
vn -0.743835 0.520999 -0.418652
v 238.857 -94.8518 975.931
vn -0.290682 0.951693 -0.0989188
v 237.377 -95.0333 979.516
vn 0.0804042 0.990272 0.113563
v 237.525 -95.0101 981.53
vn -0.429696 0.866247 -0.254908
v 237.27 -94.862 983.027
vn -0.152295 0.981371 -0.117121
v 237.467 -94.798 982.915
vn -0.254757 0.955951 -0.145796
v 237.711 -94.9683 981.935
vn -0.0131292 0.999665 -0.0223033
v 237.882 -94.8418 982.611
vn 0.0831477 0.994571 0.0625653
v 238.492 -94.9418 982.765
vn 0.0703488 0.98922 0.12843
v 238.624 -94.764 984.763
vn -0.369044 0.84289 -0.391589
v 238.615 -94.3821 983.518
vn 0.268201 0.939041 0.215103
v 237.854 -94.5664 985.319
vn 0.0563511 0.998253 0.0177506
v 237.984 -94.6572 985.735
vn 0.140731 0.983634 0.112512
v 237.133 -94.5926 987.307
vn -0.00637351 0.988028 0.154144
v 237.952 -94.6924 987.145
vn -0.324806 0.942341 -0.0805848
v 238.344 -94.5918 987.149
vn -0.178449 0.983865 0.01288
v 237.348 -95.0224 988.564
vn 0.0547075 0.998499 0.00243439
v 236.937 -94.0748 992.88
vn -0.0129534 0.984574 -0.174489
v 237.497 -92.7361 996.99
vn -0.0727364 0.960327 -0.269225
v 237.464 -92.5656 997.576
vn -0.233752 0.914559 -0.330063
v 238.075 -92.5967 997.399
vn -0.382684 0.771164 -0.508782
v 237.422 -91.0438 1000.84
vn -0.477453 0.77449 -0.414974
v 237.612 -88.8111 1002.24
vn -0.425837 0.808612 -0.405967
v 237.005 -87.9307 1004.34
vn -0.179545 0.980206 -0.0834292
v 236.568 -87.8871 1005.53
vn -0.440709 0.865418 -0.238384
v 237.135 -87.6364 1005.92
vn 0.103962 0.985029 0.137512
v 237.253 -87.7668 1009.76
vn 0.476533 -0.862077 0.172451
v 239.275 -98.4353 990.178
vn 0.205989 -0.978309 -0.0219084
v 239.7 -98.4116 989.185
vn 0.294152 -0.951411 0.0910566
v 239.052 -98.4115 990.972
vn 0.574295 -0.728596 0.373274
v 240.059 -97.5678 995.349
vn 0.132608 -0.991167 0.00191126
v 239.547 -97.909 977.264
vn 0.221228 -0.975144 0.0123285
v 240.101 -97.728 978.473
vn -0.112432 -0.960788 -0.253467
v 240.068 -97.8023 980.088
vn 0.274283 -0.956232 0.101926
v 239.44 -98.0515 982.101
vn 0.0800415 -0.996158 -0.0355379
v 240.078 -98.1007 980.922
vn 0.149315 -0.988717 -0.0120008
v 239.17 -98.4739 986.558
vn 0.211234 -0.965538 0.152041
v 239.148 -97.1275 997.686
vn 0.0190044 -0.999419 0.0282972
v 239.537 -97.1146 998.176
vn -0.443958 -0.794974 -0.413421
v 239.953 -97.4005 975.016
vn -0.0549211 -0.987598 -0.147083
v 239.346 -97.8802 977.146
vn 0.400546 -0.894342 0.199288
v 239.936 -97.7322 977.06
vn 0.395609 -0.917198 0.0473473
v 240.49 -97.5512 978.268
vn 0.710696 -0.567067 0.416349
v 239.683 -94.4865 1005.29
vn -0.75619 -0.363255 -0.544263
v 240.116 -95.9761 973.272
vn -0.847781 0.21213 -0.486075
v 239.321 -95.537 974.407
vn -0.233842 0.972253 0.00651731
v 239.048 -94.8018 976.134
vn 0.367494 0.902379 0.225077
v 239.246 -94.601 983.361
vn -0.400883 0.916027 0.0137297
v 239.448 -94.3231 982.16
vn -0.721475 0.537843 -0.436118
v 239.641 -94.1876 981.927
vn 0.476125 0.799999 0.365113
v 239.644 -94.2955 982.233
vn 0.423759 0.843978 0.328831
v 239.851 -94.2787 981.943
vn -0.377298 0.912326 -0.159085
v 240.054 -94.5957 983.189
vn 0.433008 0.857897 0.276615
v 238.81 -94.3263 983.52
vn 0.221044 0.972079 0.0787554
v 239.236 -94.608 983.764
vn -0.239299 0.959446 -0.148996
v 239.432 -94.6044 983.972
vn -0.0887764 0.991904 -0.0908041
v 239.65 -94.6724 983.584
vn -0.480128 0.820196 -0.311057
v 239.833 -94.5513 983.78
vn -0.419253 0.899748 -0.121161
v 239.795 -94.3252 984.359
vn -0.173567 0.984381 0.0294747
v 239.981 -94.3318 984.97
vn -0.1583 0.98573 -0.0572433
v 238.807 -94.7396 985.37
vn -0.354632 0.931136 -0.0849783
v 239.385 -94.5005 985.367
vn -0.342683 0.91723 -0.203119
v 239.35 -94.3506 986.156
vn -0.258284 0.951311 -0.168218
v 239.945 -94.224 985.963
vn -0.249519 0.964838 -0.0826328
v 239.109 -94.2111 987.139
vn -0.196136 0.979415 -0.0477135
v 239.301 -94.2219 987.549
vn -0.419026 0.888101 -0.18893
v 238.69 -94.342 988.343
vn -0.382966 0.899455 -0.210517
v 238.869 -94.1838 988.535
vn -0.154135 0.984473 -0.0839973
v 238.839 -94.0412 989.123
vn 0.185791 0.967382 0.172205
v 239.24 -94.1238 989.548
vn -0.0528501 0.996045 0.071421
v 239.657 -93.9713 988.341
vn 0.0867184 0.98064 0.175571
v 239.859 -94.1706 989.135
vn 0.202052 0.974431 0.0982806
v 238.615 -94.0657 990.123
vn 0.208393 0.977395 0.035658
v 238.815 -94.1538 990.541
vn -0.0312301 0.995641 -0.0878872
v 239.014 -94.1842 990.753
vn 0.0531243 0.99851 0.0124702
v 239.24 -94.2781 990.167
vn -0.015749 0.994857 -0.100054
v 239.436 -93.0612 993.271
vn -0.123322 0.982761 -0.137744
v 239.828 -93.1693 994.1
vn 0.580236 -0.738459 0.343518
v 239.382 -92.7928 1010.14
vn -0.25829 0.965887 -0.0186497
v 240.205 -94.3329 976.129
vn -0.00855749 0.99517 0.0977958
v 239.182 -94.5881 977.88
vn -0.757426 0.479378 -0.443287
v 240.352 -94.1737 980.744
vn -0.621764 0.47273 -0.624448
v 238.117 -90.522 1000.82
vn 0.344886 0.904955 0.249219
v 237.589 -88.5667 1015.69
vn 0.691614 0.563855 0.451372
v 237.808 -88.7965 1015.95
vn -0.482099 0.783342 -0.392372
v 238.119 -88.4918 1002.42
vn -0.648346 0.559367 -0.516484
v 238.29 -88.2518 1002.61
vn -0.616457 0.640401 -0.458113
v 238.222 -87.7426 1003.16
vn -0.396484 0.895648 -0.201532
v 238.209 -87.6611 1003.35
vn -0.333785 0.932201 -0.139958
v 237.788 -87.7703 1004.55
vn -0.469637 0.844796 -0.256439
v 238.519 -87.1132 1004.72
vn -0.545968 0.776268 -0.315163
v 238.765 -87.3505 1003.94
vn -0.0459417 0.996685 0.0671424
v 238.283 -87.0747 1005.91
vn 0.302117 0.909856 0.284406
v 238.728 -87.7898 1007.2
vn 0.181579 0.963675 0.195857
v 238.086 -88.051 1009.82
vn -0.132412 0.989578 -0.0565864
v 238.893 -88.0303 1009.65
vn -0.371545 -0.856792 -0.357579
v 241.279 -97.743 978.517
vn 0.244643 -0.96934 -0.0230074
v 241.514 -97.7855 978.529
vn 0.488029 -0.85952 0.151831
v 241.288 -97.7914 979.527
vn 0.211474 -0.974262 -0.0780543
v 241.846 -97.4541 979.916
vn 0.0801363 -0.99093 -0.107871
v 241.262 -97.9564 982.358
vn 0.06864 -0.995888 -0.0591236
v 240.752 -98.1745 986.384
vn 0.421917 -0.893107 0.156031
v 241.496 -97.9343 987.794
vn 0.33939 -0.93607 0.0926689
v 241.873 -97.7366 987.989
vn 0.361775 -0.929732 0.0686866
v 241.136 -97.4083 991.751
vn 0.42051 -0.898477 0.126139
v 240.562 -97.7608 992.168
vn 0.289251 -0.956462 0.038915
v 241.127 -97.437 992.357
vn 0.407217 -0.871974 0.271729
v 240.635 -97.2618 995.138
vn 0.1279 -0.987776 0.089102
v 240.822 -97.1717 995.337
vn 0.0581576 -0.996937 0.0522868
v 241.013 -97.1763 995.746
vn 0.260071 -0.954341 0.146955
v 241.417 -97.1448 995.556
vn 0.22767 -0.965734 0.124596
v 241.551 -96.8375 996.938
vn -0.16133 -0.955328 -0.247631
v 241.811 -97.2808 972.648
vn 0.0534182 -0.997312 -0.0501447
v 240.927 -97.4937 976.669
vn 0.12684 -0.986791 -0.100772
v 240.878 -97.4103 978.268
vn 0.509741 -0.854055 0.103703
v 242.06 -97.3338 978.906
vn 0.483785 -0.868402 0.108766
v 242.316 -97.5219 977.526
vn 0.525648 -0.795063 0.302604
v 240.288 -94.3548 1004.69
vn -0.0742583 0.996361 0.0418325
v 240.554 -94.6549 979.592
vn -0.736156 0.59008 -0.33148
v 240.73 -94.4659 979.781
vn -0.708665 0.663656 -0.239487
v 241.139 -94.3327 978.978
vn 0.483797 0.774045 0.408406
v 240.468 -94.1634 980.948
vn 0.363427 0.871205 0.330035
v 240.691 -94.4269 981.184
vn -0.127316 0.990908 0.0434929
v 240.893 -94.4883 981.398
vn -0.498117 0.840229 -0.214233
v 241.272 -94.3154 981.596
vn -0.465686 0.861607 -0.201913
v 241.862 -94.0909 981.192
vn -0.630455 0.698227 -0.339123
v 240.393 -94.0847 983.552
vn -0.0154392 0.999831 0.009953
v 241.002 -94.2842 984.197
vn 0.0885334 0.980113 0.177595
v 240.67 -94.0007 988.179
vn -0.276157 0.952612 -0.127547
v 240.678 -93.7881 986.952
vn -0.00433685 0.993254 0.115874
v 240.667 -93.7765 987.353
vn -0.0695209 0.997163 0.0288489
v 240.868 -94.025 988.39
vn -0.461986 0.827035 -0.320284
v 240.815 -93.8562 989.779
vn -0.417794 0.855966 -0.304581
v 240.967 -93.4835 990.15
vn -0.187266 0.975947 -0.111616
v 241.116 -93.2217 991.135
vn -0.365586 0.882283 -0.296518
v 240.81 -92.8926 993.907
vn -0.281734 0.9363 -0.209686
v 241.419 -92.7992 993.316
vn -0.772666 0.540532 -0.332886
v 241.315 -94.2334 971.333
vn -0.499513 0.859791 -0.106052
v 241.092 -94.1671 972.201
vn -0.222688 0.967403 0.120586
v 241.468 -93.9899 972.521
vn -0.118489 0.978229 0.170375
v 241.664 -93.9956 972.729
vn -0.419707 0.896654 -0.140918
v 241.04 -94.2305 974.54
vn 0.217262 0.929595 0.297741
v 241.629 -94.0482 974.342
vn -0.575264 0.796049 -0.188089
v 241.784 -94.2412 976.981
vn -0.693094 0.671779 -0.261409
v 241.955 -94.0031 977.165
vn -0.68893 0.677677 -0.257156
v 241.931 -93.8694 977.553
vn -0.764435 0.571743 -0.297908
v 241.05 -94.0229 979.548
vn -0.741706 0.604488 -0.29063
v 241.078 -93.9323 979.741
vn 0.322867 0.89417 0.310187
v 241.37 -93.9891 979.556
vn -0.698488 0.64953 -0.300376
v 241.509 -93.9704 978.754
vn 0.0198747 0.996512 0.0810544
v 241.701 -93.9297 978.958
vn -0.285355 0.919063 -0.271837
v 241.192 -92.7023 993.901
vn -0.643357 0.546404 -0.536222
v 240.413 -91.8282 997.206
vn -0.397053 0.817805 -0.416587
v 240.669 -92.1663 996.444
vn 0.773551 -0.390512 0.499119
v 240.446 -90.4908 1012.56
vn -0.758479 0.05812 -0.6491
v 240.527 -89.4929 998.587
vn 0.439051 0.833485 0.335464
v 239.666 -88.3726 1012.32
vn 0.718031 0.517147 0.465823
v 240.11 -88.7441 1012.19
vn -0.674911 0.644784 -0.358815
v 240.665 -88.237 998.87
vn -0.568515 0.735821 -0.36791
v 239.765 -88.3215 1000.25
vn -0.769976 -0.147967 -0.620679
v 240.068 -88.8796 999.114
vn -0.694244 0.599598 -0.39813
v 240.802 -87.9612 999.451
vn 0.205926 0.918058 0.338767
v 240.541 -87.0866 1004.18
vn -0.0597435 0.997752 0.0303571
v 239.55 -87.8146 1006.63
vn -0.0343553 0.993597 0.107634
v 240.124 -87.8829 1008.07
vn -0.282642 0.952898 -0.109998
v 240.322 -87.8465 1008.07
vn 0.250868 0.932907 0.258359
v 240.476 -87.8368 1009.88
vn -0.191056 0.980195 -0.0521107
v 240.49 -87.6768 1008.66
vn -0.0135588 0.998256 0.057452
v 239.447 -87.8071 1010.65
vn -0.28245 0.949084 -0.139501
v 240.369 -86.8686 1002.14
vn -0.298218 0.947997 -0.111208
v 239.328 -86.966 1003.93
vn 0.332471 -0.941882 0.0481704
v 242.339 -97.8701 986.008
vn 0.499696 -0.851808 0.15725
v 242.446 -97.5509 988.394
vn 0.501981 -0.844242 0.187806
v 242.78 -97.1352 989.37
vn 0.0869384 -0.993934 -0.067354
v 243.181 -97.1212 989.383
vn 0.478918 -0.835665 0.268889
v 242.708 -96.4679 997.366
vn 0.763144 -0.510291 0.396503
v 242.418 -95.9572 998.692
vn 0.244477 -0.969538 0.0150835
v 243.005 -97.1651 972.689
vn 0.281141 -0.958404 0.0492096
v 242.972 -97.2073 974.17
vn 0.156521 -0.987256 -0.0287387
v 243.193 -97.1871 973.301
vn 0.297544 -0.953935 0.0384204
v 242.921 -96.938 974.876
vn -0.203897 -0.936253 -0.286107
v 242.919 -96.977 975.282
vn -0.109618 -0.951762 -0.28659
v 243.139 -97.2085 975.514
vn 0.109385 -0.978469 -0.175022
v 243.728 -96.7691 974.284
vn -0.47598 -0.778056 -0.409966
v 242.719 -97.1336 975.893
vn 0.668888 -0.660417 0.341231
v 242.938 -94.6407 999.184
vn 0.681096 -0.649697 0.337642
v 242.141 -94.0855 1001.92
vn 0.616465 -0.733065 0.287379
v 242.013 -93.7493 1002.88
vn -0.722871 -0.461465 -0.514303
v 243.055 -95.5165 968.908
vn -0.556292 -0.673343 -0.486979
v 243.77 -95.6419 967.94
vn -0.513838 -0.72037 -0.465873
v 243.21 -96.4391 969.608
vn -0.14998 0.988009 0.0366703
v 243.507 -94.2013 980.256
vn -0.379937 0.902305 -0.203702
v 242.827 -94.0976 982.836
vn -0.453861 0.853359 -0.256493
v 243.194 -93.8041 983.021
vn -0.0123114 0.99282 0.118984
v 241.896 -93.7494 986.388
vn -0.210195 0.977229 0.0290064
v 242.097 -93.9979 987.426
vn -0.623154 0.769327 -0.140765
v 242.243 -93.8997 987.421
vn -0.322698 0.942476 0.0872039
v 242.293 -93.8073 986.811
vn -0.547229 0.827592 -0.12503
v 242.465 -93.7172 987.009
vn -0.586858 0.761571 -0.27497
v 242.827 -93.2802 987.381
vn 0.664214 -0.678618 0.313525
v 242.716 -92.5096 1004.41
vn -0.828089 -0.147456 -0.540856
v 243.765 -94.3845 967.413
vn -0.723502 -0.353845 -0.592738
v 242.807 -94.7628 968.623
vn -0.838337 0.0232703 -0.544655
v 242.611 -94.3705 968.703
vn -0.914578 0.2352 -0.328981
v 243.523 -94.9692 967.865
vn -0.789455 0.49247 -0.366381
v 242.515 -93.7114 969.313
vn 0.103435 0.969722 0.221226
v 242.861 -93.4535 970.908
vn 0.21134 0.949911 0.230229
v 243.071 -93.4987 970.719
vn 0.0571267 0.954009 0.294286
v 243.253 -93.6131 971.944
vn -0.0887115 0.988067 0.12591
v 243.265 -93.5311 971.132
vn 0.161915 0.904084 0.395493
v 243.474 -93.8539 972.177
vn 0.0938355 0.91053 0.402654
v 243.66 -93.6064 971.757
vn -0.0265505 0.863036 0.504444
v 243.668 -93.7275 971.938
vn -0.299192 0.954164 -0.00739725
v 242.257 -93.8988 972.741
vn -0.154292 0.986866 0.0478566
v 242.255 -94.3183 974.592
vn -0.567277 0.800479 -0.19347
v 243.419 -93.8629 974.388
vn -0.663686 0.710787 -0.233032
v 243.571 -93.5323 974.964
vn 0.0289574 0.989388 0.14238
v 243.138 -93.8297 977.373
vn -0.250256 0.968091 0.0130743
v 242.478 -93.9175 979.99
vn -0.283382 0.92568 -0.25062
v 241.984 -92.5845 993.918
vn -0.724395 0.465242 -0.508725
v 242.536 -92.1625 994.2
vn -0.514628 0.794313 -0.322838
v 242.99 -92.3978 993.131
vn -0.810609 0.301022 -0.502295
v 242.182 -91.3077 995.005
vn 0.849028 -0.323271 0.417909
v 242.313 -90.2213 1009.38
vn 0.858617 0.167998 0.484308
v 242.327 -90.0166 1009.39
vn -0.424514 0.904781 -0.03405
v 242.857 -93.3433 970.586
vn -0.663872 0.619033 -0.41961
v 242.358 -90.7497 995.359
vn -0.746562 0.289017 -0.599261
v 241.571 -89.7057 997.439
vn -0.784294 -0.136269 -0.605239
v 242.699 -89.33 996.035
vn -0.763975 0.557083 -0.325577
v 241.066 -87.7742 999.04
vn 0.175964 0.938076 0.298412
v 240.983 -87.5713 1004.65
vn -0.0785252 0.992211 0.0967036
v 240.937 -87.6185 1006.66
vn 0.140101 0.953922 0.265339
v 240.733 -87.6867 1007.06
vn -0.147264 0.98526 0.0870444
v 240.934 -87.7388 1007.28
vn -0.191869 0.981306 0.0149862
v 241.522 -87.541 1007.08
vn 0.119878 0.980086 0.158309
v 241.711 -87.6135 1007.83
vn 0.469237 0.813358 0.343899
v 241.921 -87.7656 1008.12
vn -0.698663 0.552348 -0.454733
v 240.88 -87.3199 999.713
vn -0.656027 0.661618 -0.363166
v 241.263 -87.0475 999.377
vn -0.37393 0.904473 -0.205194
v 241.45 -86.9099 999.37
vn -0.412398 0.893313 -0.178661
v 240.81 -86.8997 1000.75
vn -0.247368 0.961282 -0.121429
v 241.216 -86.8868 1000.57
vn -0.369602 0.917601 -0.146295
v 241.952 -86.3759 1001.15
vn -0.443617 0.869634 -0.216658
v 240.754 -86.6999 1002.14
vn 0.152104 0.951573 0.267158
v 241.948 -86.6412 1002.38
vn 0.345817 -0.937902 -0.0273798
v 244.167 -97.116 982.178
vn 0.506389 -0.852328 0.130794
v 243.899 -97.1579 984.988
vn 0.246766 -0.968659 -0.02838
v 244.779 -96.9312 989.019
vn 0.528344 -0.826058 0.196167
v 244.76 -96.8938 989.618
vn 0.239365 -0.966393 0.093744
v 243.958 -97.1121 990.415
vn 0.477691 -0.856087 0.197297
v 243.894 -96.7866 991.587
vn 0.216808 -0.976091 -0.0154898
v 243.646 -96.7272 993.181
vn 0.289664 -0.956577 0.0324811
v 243.641 -96.7775 993.588
vn 0.420045 -0.895865 0.14487
v 244.158 -96.2363 994.76
vn 0.871511 -0.315998 0.374984
v 244.142 -95.7233 995.312
vn 0.151726 -0.976539 -0.152812
v 244.442 -96.8686 970.097
vn 0.5547 -0.820674 0.137122
v 244.628 -96.7114 970.289
vn 0.255515 -0.963806 -0.0760922
v 245.02 -96.7229 970.706
vn 0.527112 -0.824749 0.204799
v 245.189 -96.6039 971.505
vn 0.544188 -0.800923 0.249764
v 244.346 -96.5924 972.881
vn 0.258498 -0.964025 -0.0619188
v 244.535 -96.5005 973.08
vn 0.393432 -0.919241 -0.0143729
v 244.125 -96.7755 974.5
vn 0.331303 -0.941721 -0.0583033
v 244.477 -96.4847 975.289
vn 0.224916 -0.966663 -0.122377
v 244.067 -97.0076 977.739
vn 0.40316 -0.911567 -0.0806697
v 244.26 -96.915 977.695
vn 0.549028 -0.820067 0.161427
v 245.234 -96.4001 984.759
vn 0.845625 -0.408058 0.344103
v 244.749 -95.1818 994.073
vn 0.790868 -0.515839 0.329299
v 244.074 -94.8074 996.425
vn 0.826745 -0.44653 0.342204
v 244.078 -94.0636 997.76
vn 0.778012 -0.526805 0.342307
v 243.754 -94.2365 998.368
vn 0.765611 -0.553685 0.327527
v 243.802 -93.7957 998.676
vn -0.306559 -0.841967 -0.443974
v 245.222 -95.7899 966.8
vn 0.472148 -0.877895 0.0798551
v 245.52 -96.0613 972.066
vn -0.465618 0.864306 -0.190197
v 243.646 -93.9013 981.438
vn 0.451808 -0.874821 0.174805
v 244.4 -93.57 997.923
vn 0.621263 -0.734308 0.273541
v 244.574 -93.4045 998.315
vn 0.674826 -0.672084 0.304815
v 243.281 -93.1382 1001.66
vn -0.620316 -0.512299 -0.593934
v 245.314 -94.1485 964.227
vn -0.752379 -0.428256 -0.500523
v 244.371 -94.6844 965.856
vn -0.479857 -0.721203 -0.499603
v 244.753 -94.8716 965.618
vn -0.851373 -0.0335358 -0.523488
v 245.089 -93.9493 964.425
vn -0.833231 -0.321293 -0.449996
v 244.11 -94.6631 966.323
vn -0.882965 0.426811 -0.195461
v 244.201 -94.4818 966.031
vn -0.87635 0.450101 -0.171522
v 244.174 -94.4437 966.428
vn -0.328771 0.917195 0.225086
v 243.874 -93.8305 972.189
vn -0.101889 0.942935 0.317004
v 243.861 -93.6133 971.764
vn -0.322323 0.900237 0.292715
v 244.058 -93.619 971.973
vn -0.408271 0.910792 0.0614265
v 244.249 -93.5722 972.176
vn -0.292138 0.955411 0.042959
v 244.385 -93.5343 974.591
vn -0.6099 0.78046 0.137493
v 245.136 -93.1688 975.185
vn -0.610458 0.791084 0.0390715
v 245.139 -93.2964 975.6
vn -0.401625 0.906341 -0.131317
v 243.725 -93.7222 977.602
vn -0.342282 0.92746 -0.150534
v 243.695 -93.5765 978.19
vn -0.00804562 0.989211 0.146278
v 243.891 -93.5308 978.193
vn -0.536436 0.839918 -0.0823058
v 245.122 -93.7793 978.261
vn -0.325317 0.935252 -0.139544
v 243.563 -93.5384 983.209
vn -0.324134 0.936995 -0.130299
v 244.27 -93.0875 985.201
vn -0.169151 0.984761 -0.0404267
v 244.67 -93.0642 985.213
vn -0.361732 0.913777 -0.184828
v 244.345 -92.8035 988.997
vn -0.843166 0.021174 -0.537236
v 244.014 -91.4421 991.867
vn -0.725534 0.530988 -0.43778
v 243.17 -92.2043 993.159
vn 0.775868 -0.543294 0.320718
v 243.45 -91.3723 1004.91
vn 0.821237 -0.451605 0.348744
v 244.093 -90.4745 1005.14
vn 0.718671 -0.605735 0.341462
v 242.677 -90.9642 1007.46
vn -0.909944 0.0782736 -0.407279
v 245.481 -93.1511 963.933
vn -0.882077 0.375094 -0.285034
v 244.947 -93.7052 964.975
vn -0.793075 -0.197715 -0.576143
v 243.966 -93.4159 966.804
vn -0.80485 0.56696 -0.175421
v 244.44 -93.0561 965.898
vn -0.821988 0.450711 -0.348133
v 243.91 -93.0437 967.487
vn -0.291429 0.954336 0.0656665
v 244.192 -92.8368 968.281
vn 0.165314 0.926798 0.337219
v 244.269 -92.9677 968.897
vn -0.317623 0.889832 0.32759
v 244.853 -92.4863 967.666
vn 0.199043 0.908119 0.368378
v 245.081 -92.8527 968.113
vn -0.432766 0.868531 0.241594
v 245.282 -92.9049 968.326
vn -0.337687 0.733426 0.589961
v 245.259 -92.5819 967.891
vn -0.224539 0.895783 0.383607
v 245.248 -92.4228 967.674
vn 0.271642 0.899151 0.343129
v 243.857 -92.9705 969.281
vn 0.101403 0.949913 0.295606
v 244.276 -93.1293 969.284
vn -0.187077 0.97381 0.129216
v 244.669 -93.1061 969.531
vn -0.798329 0.377309 -0.469371
v 244.32 -91.0506 991.437
vn -0.700565 0.5213 -0.487293
v 243.74 -90.2202 994.198
vn 0.746538 0.48303 0.457561
v 242.468 -88.3066 1008.19
vn -0.778295 -0.309328 -0.546419
v 244.299 -88.4271 993.388
vn -0.751644 -0.336712 -0.567147
v 244.159 -88.0417 993.345
vn -0.904414 0.142165 -0.402275
v 243.23 -88.3965 994.754
vn -0.75327 0.544343 -0.369155
v 243.185 -88.1807 994.933
vn -0.662393 -0.507982 -0.550626
v 243.324 -88.2239 994.374
vn -0.696194 0.595134 -0.401409
v 243.271 -87.9479 995.315
vn 0.245248 0.911187 0.331048
v 243.815 -87.1013 1002.09
vn -0.0470484 0.996525 0.0687273
v 243.206 -87.2461 1002.89
vn -0.0546899 0.998298 0.0202489
v 243.181 -87.1982 1003.68
vn 0.20055 0.974882 0.0968792
v 243.816 -87.2618 1002.71
vn 0.294199 0.944248 0.147793
v 243.582 -87.2356 1003.9
vn -0.731493 0.514916 -0.446967
v 243.118 -86.805 996.587
vn -0.406729 0.895397 -0.181207
v 243.508 -86.6373 996.4
vn -0.496703 0.835015 -0.236718
v 243.873 -86.4312 996.996
vn 0.406605 -0.913043 -0.0320017
v 245.623 -96.249 976.714
vn 0.692467 -0.693846 0.197655
v 246.381 -95.919 981.334
vn 0.130777 -0.970363 -0.203209
v 246.631 -95.6256 981.973
vn 0.714816 -0.635543 0.291761
v 245.235 -94.759 993.77
vn 0.837637 -0.418874 0.350584
v 245.706 -94.0808 993.999
vn 0.592798 -0.800929 0.0842834
v 246.624 -95.6394 966.433
vn 0.238372 -0.97057 -0.0342515
v 246.696 -95.527 971.066
vn 0.880525 -0.296551 0.369775
v 246.234 -93.5067 993.156
vn 0.296107 -0.952989 0.0642861
v 246.08 -93.3768 994.344
vn 0.669778 -0.680634 0.296875
v 246.261 -93.2793 994.743
vn 0.253066 -0.964778 0.0718431
v 245.248 -93.5008 995.936
vn 0.235633 -0.967528 0.0914654
v 245.238 -93.4895 996.286
vn 0.308772 -0.94594 0.0992881
v 245.651 -93.4601 995.745
vn 0.727112 -0.624312 0.285557
v 244.627 -92.4099 1000.03
vn 0.740922 -0.603971 0.293691
v 245.371 -91.8236 999.997
vn -0.500616 0.862934 -0.0687625
v 245.33 -93.0048 974.773
vn -0.665099 0.746736 0.00532586
v 245.503 -92.8269 975.164
vn -0.649226 0.747559 -0.14022
v 245.312 -93.0769 975.785
vn 0.260991 0.907393 0.329427
v 245.567 -93.1151 975.999
vn 0.409975 0.812666 0.414118
v 245.748 -93.6004 976.657
vn -0.118696 0.989154 0.0865244
v 246.768 -93.4092 975.87
vn -0.78924 0.487225 -0.373781
v 246.915 -93.1936 975.854
vn -0.217349 0.975934 0.0176553
v 245.537 -93.6535 977.258
vn -0.545627 0.834589 -0.0758512
v 245.67 -93.2372 978.227
vn -0.623152 0.705506 -0.337552
v 245.913 -93.4044 977.247
vn -0.533361 0.845706 -0.0175565
v 245.476 -93.4619 978.846
vn -0.339732 0.938761 -0.0575295
v 246.219 -93.1126 979.844
vn -0.479369 0.856617 -0.190822
v 245.9 -92.1353 988.383
vn -0.701854 0.621122 -0.348725
v 246.077 -91.969 988.609
vn -0.606312 0.714722 -0.348652
v 245.055 -92.1326 989.961
vn -0.823193 0.217417 -0.524484
v 245.355 -91.7055 989.93
vn -0.705779 -0.471019 -0.529167
v 246.799 -93.2373 961.777
vn -0.847343 -0.101544 -0.521247
v 245.652 -93.3703 963.596
vn -0.745267 -0.32372 -0.582909
v 246.004 -93.578 963.19
vn -0.5237 -0.66153 -0.536765
v 246.482 -93.7685 962.824
vn -0.172391 0.953337 0.247849
v 246.419 -91.9809 967.27
vn -0.606416 0.791691 0.0740603
v 245.65 -92.6175 968.512
vn -0.446148 0.802645 0.39587
v 245.647 -92.4899 968.097
vn -0.539871 0.822055 0.18101
v 245.773 -92.4703 968.301
vn -0.319482 0.909206 0.266975
v 245.839 -92.3588 967.89
vn -0.328298 0.934787 0.135626
v 246.02 -92.3893 968.842
vn -0.48235 0.875658 0.0237056
v 245.433 -92.7583 969.725
vn -0.599193 0.733351 -0.321191
v 245.478 -90.481 990.215
vn -0.606723 0.719712 -0.337493
v 244.602 -90.3777 992.587
vn -0.820698 0.241632 -0.517754
v 244.651 -89.8313 993.138
vn 0.903207 -0.0257751 0.42843
v 244.471 -89.4437 1004.96
vn -0.906687 -0.0703168 -0.415902
v 246.019 -92.2373 962.454
vn -0.936962 0.205737 -0.282442
v 245.751 -91.9427 963.622
vn -0.924803 0.303442 -0.229482
v 245.969 -91.6015 962.792
vn -0.741242 0.665181 -0.0899653
v 246.226 -91.0662 963.15
vn -0.216 0.957877 0.189251
v 246.806 -90.749 962.737
vn -0.417069 0.89834 0.13798
v 246.016 -91.381 964.783
vn -0.670535 0.664168 -0.330552
v 244.302 -87.7577 993.523
vn 0.614609 0.713249 0.336944
v 245.081 -87.7988 1002.65
vn 0.832485 0.323965 0.449462
v 245.399 -88.191 1002.45
vn 0.753572 0.52699 0.392952
v 244.137 -87.6988 1004.57
vn -0.757429 0.492615 -0.428523
v 244.733 -86.4376 994.614
vn -0.544971 0.804072 -0.237643
v 244.637 -85.9353 996.572
vn 0.610348 -0.785646 0.10117
v 247.305 -95.6621 979.331
vn 0.550712 -0.834081 0.0320187
v 248.205 -95.5531 983.072
vn 0.7385 -0.62506 0.252819
v 247.158 -95.0803 988.72
vn 0.736497 -0.585451 0.338851
v 246.931 -94.6002 989.669
vn 0.5634 -0.821215 0.0904762
v 248.572 -95.0372 966.443
vn 0.510461 -0.857334 0.0663981
v 247.937 -95.167 968.243
vn -0.053056 -0.968859 -0.241862
v 248.126 -95.1078 968.445
vn -0.158301 -0.961352 -0.225264
v 248.153 -95.2001 968.858
vn -0.160209 -0.964044 -0.21202
v 248.536 -95.2801 968.879
vn 0.430555 -0.897296 0.0973739
v 247.891 -95.2719 970.464
vn 0.659266 -0.730175 0.179477
v 248.634 -94.6747 970.432
vn 0.759425 -0.62144 0.192578
v 247.644 -95.0428 979.281
vn 0.791043 -0.538633 0.290043
v 247.669 -94.1854 989.051
vn 0.571069 -0.808486 0.142237
v 247.979 -93.1319 989.159
vn 0.451604 -0.881916 0.135195
v 246.69 -93.2927 993.755
vn 0.852225 -0.360869 0.378796
v 246.874 -92.5369 994.088
vn 0.851525 -0.389176 0.351352
v 247.125 -92.9924 993.338
vn -0.173362 -0.894017 -0.413133
v 248.605 -94.2542 961.876
vn -0.198433 0.979807 -0.0245555
v 247.975 -92.9695 973.457
vn -0.417665 0.872271 -0.254361
v 248.156 -92.8263 973.65
vn -0.282475 0.949662 -0.135463
v 248.378 -92.9228 973.265
vn 0.395986 0.853581 0.338518
v 246.963 -93.1458 974.444
vn -0.702103 0.635615 -0.321008
v 246.876 -92.7941 976.417
vn -0.187429 0.9776 0.0957481
v 248.257 -92.3942 975.823
vn -0.342046 0.937252 -0.0675519
v 247.342 -92.6541 981.246
vn -0.373949 0.922922 -0.0915198
v 247.02 -92.4182 985.032
vn -0.832098 0.405018 -0.378911
v 247.489 -91.8125 984.788
vn -0.691857 0.680093 -0.242503
v 247.139 -91.8205 985.782
vn 0.83983 -0.436758 0.322378
v 247.832 -92.2495 991.994
vn 0.692735 -0.676165 0.250836
v 247.486 -91.4546 994.405
vn 0.872535 -0.307508 0.379633
v 246.704 -90.5246 998.106
vn 0.0291062 0.981124 0.191178
v 247.234 -92.385 968.546
vn -0.10921 0.988905 0.100696
v 248.044 -92.2985 967.963
vn -0.262798 0.964677 0.0183124
v 247.592 -92.5099 970.783
vn -0.397624 0.916484 -0.0441914
v 247.98 -92.3659 970.783
vn -0.777203 0.51692 -0.358817
v 248.492 -92.2523 973.605
vn -0.613549 0.765763 -0.192781
v 248.063 -92.2621 974.999
vn 0.796554 -0.526195 0.297693
v 247.168 -89.937 997.461
vn 0.748881 -0.586722 0.308114
v 247.431 -89.7094 997.247
vn 0.767166 -0.583836 0.265692
v 246.325 -89.9395 1000.25
vn 0.884257 0.13453 0.447203
v 246.357 -88.6538 1000.93
vn -0.864072 -0.118115 -0.489315
v 247.312 -91.3667 959.8
vn 0.0354192 0.944392 0.326909
v 248.039 -90.7423 963.183
vn 0.240198 0.912964 0.329852
v 247.218 -91.5898 965.852
vn 0.741617 0.56454 0.362351
v 247.139 -87.0734 997.823
vn 0.706913 0.582807 0.400763
v 246.429 -87.7073 1000.23
vn 0.844622 0.275327 0.45914
v 246.119 -88.2379 1001.28
vn -0.859541 0.369561 -0.353007
v 247.309 -90.7464 959.94
vn -0.523324 0.849152 -0.0712295
v 247.803 -90.0592 960.233
vn -0.236778 0.953816 0.184856
v 248.205 -90.1202 960.513
vn -0.872029 0.348218 -0.343961
v 247.306 -87.0827 987.731
vn -0.637576 -0.633761 -0.437998
v 246.804 -87.4352 988.736
vn -0.731365 0.602286 -0.319931
v 246.467 -86.6623 990.878
vn -0.691361 0.65488 -0.305209
v 246 -86.3567 992.169
vn -0.620319 0.745107 -0.24499
v 245.73 -86.1003 993.812
vn 0.423422 0.829168 0.364959
v 246.858 -86.0421 996.662
vn -0.706594 0.651482 -0.276218
v 246.072 -85.5634 993.972
vn -0.00910289 0.982725 0.184849
v 246.638 -85.5051 995.193
vn 0.676793 -0.73022 0.0934388
v 249.356 -95.1414 967.688
vn -0.216865 -0.915918 -0.337733
v 248.949 -95.1388 967.874
vn 0.192182 -0.961369 -0.197066
v 249.223 -94.618 978.692
vn 0.464856 -0.88125 0.0854871
v 248.362 -92.8288 989.344
vn 0.654993 -0.735565 0.172997
v 248.338 -92.787 990.143
vn 0.351512 -0.923807 -0.151723
v 249.001 -94.6094 963.601
vn -0.0230788 -0.914645 -0.403599
v 249.927 -94.4322 966.029
vn 0.711869 -0.701332 0.0370976
v 250.102 -93.8317 964.569
vn 0.822285 -0.541387 0.175351
v 250.434 -93.964 966.806
vn 0.0826482 0.981693 0.171606
v 248.62 -92.8841 971.46
vn -0.353831 0.935299 0.00437566
v 249.223 -92.7772 971.069
vn 0.720048 -0.683016 0.122558
v 249.802 -93.833 974.613
vn -0.339841 0.939986 0.0305589
v 248.657 -92.3257 975.63
vn 0.908409 -0.27904 0.311337
v 249.502 -91.8785 988.034
vn 0.841449 -0.44179 0.311103
v 248.665 -90.5885 993.557
vn -0.367533 -0.808896 -0.45892
v 248.946 -93.08 959.425
vn 0.0292002 -0.962944 -0.268116
v 249.544 -92.8784 958.823
vn 0.0525459 -0.918472 -0.39198
v 249.776 -93.3302 959.479
vn 0.105055 -0.931258 -0.348887
v 249.745 -92.6796 958.006
vn -0.027634 -0.920267 -0.390314
v 249.945 -92.8252 958.631
vn 0.0146065 0.926384 0.376298
v 249.082 -91.8707 964.927
vn -0.50185 0.859474 0.0972201
v 249.477 -91.8588 965.155
vn -0.384637 0.863722 0.325635
v 249.468 -91.6725 964.734
vn -0.476086 0.877391 -0.0593886
v 248.841 -91.9855 966.955
vn 0.360537 0.855637 0.371348
v 250.018 -91.7461 967.172
vn 0.204177 0.931063 0.30238
v 249.422 -92.2123 968.808
vn 0.0450956 0.968607 0.244471
v 249.833 -92.2067 968.42
vn -0.291285 0.953026 0.0830366
v 250.033 -92.2465 968.632
vn -0.320377 0.929005 0.185225
v 249.631 -92.4929 969.648
vn -0.148824 0.958138 0.244588
v 249.627 -92.3741 969.317
vn -0.433248 0.894058 0.113824
v 249.821 -92.334 969.438
vn -0.685665 0.725396 -0.0605281
v 250.169 -92.1051 969.427
vn -0.770886 0.59668 -0.222952
v 249.458 -92.596 971.261
vn -0.821097 0.476218 -0.314668
v 249.494 -91.7555 971.983
vn -0.242728 0.968526 0.0551348
v 249.466 -91.9276 973.809
vn -0.24387 0.958692 0.146415
v 249.672 -91.733 972.792
vn -0.549399 0.835462 0.0128006
v 249.863 -91.8343 973.613
vn -0.461808 0.881755 -0.0961333
v 249.654 -91.8467 974.009
vn -0.68811 0.700537 -0.189084
v 249.436 -91.4663 981.002
vn -0.535587 0.826397 -0.173826
v 249.118 -91.3067 982.182
vn -0.841088 0.417801 -0.343531
v 249.096 -90.6884 982.321
vn -0.812635 0.459387 -0.358592
v 248.798 -90.2743 984.682
vn -0.778736 0.524041 -0.344892
v 249.042 -89.8075 985.047
vn 0.882214 -0.306832 0.357145
v 248.445 -89.6887 994.667
vn 0.635247 -0.75612 0.157303
v 248.633 -89.2279 995.03
vn 0.802584 -0.520946 0.290643
v 248.863 -88.9832 995.215
vn 0.868589 -0.337592 0.362746
v 247.825 -89.047 997.598
vn -0.604621 -0.617273 -0.503395
v 250.075 -91.4838 955.899
vn -0.727023 -0.47072 -0.49986
v 249.168 -91.2575 957.04
vn -0.676398 -0.54478 -0.495683
v 249.897 -91.8469 956.476
vn -0.527081 -0.678592 -0.511564
v 250.119 -92.0302 956.438
vn 0.427067 -0.866911 -0.257059
v 250.316 -91.9983 956.551
vn 0.399092 0.820831 0.408611
v 249.458 -90.8269 961.633
vn 0.289129 0.908941 0.300385
v 249.884 -91.2084 962.29
vn 0.202831 0.941343 0.269691
v 248.858 -91.3031 963.469
vn 0.219133 0.905 0.364632
v 249.063 -91.5918 964.51
vn 0.142654 0.957545 0.250513
v 249.269 -91.5906 964.317
vn -0.0657786 0.930138 0.361272
v 249.271 -91.6812 964.616
vn -0.282823 0.947555 0.148833
v 249.467 -91.6149 964.527
vn -0.575396 0.81442 0.075098
v 249.843 -91.4563 964.927
vn -0.531146 0.847252 -0.0069774
v 249.834 -91.4701 965.331
vn -0.886189 0.0766511 -0.456939
v 247.808 -89.0305 987.942
vn -0.868953 -0.0260057 -0.494211
v 248.108 -88.0418 987.43
vn 0.491356 0.841178 0.225806
v 248.43 -87.3466 995.641
vn 0.596987 0.733732 0.324411
v 248.855 -87.5358 995.542
vn 0.509735 0.807687 0.29633
v 247.574 -87.278 997.363
vn 0.377907 0.914016 0.147515
v 247.694 -87.1421 996.6
vn 0.451401 0.869062 0.202408
v 247.99 -87.2219 996.618
vn 0.924121 -0.124061 0.361399
v 248.53 -88.0748 996.521
vn 0.912575 -0.0347713 0.407428
v 248.529 -87.6544 996.681
vn 0.623117 0.7499 0.222205
v 248.546 -87.5139 996.064
vn 0.740561 0.602755 0.297077
v 248.653 -87.6919 996.191
vn -0.808332 -0.330324 -0.487325
v 249.955 -90.3789 954.97
vn -0.919049 0.128663 -0.372551
v 249.956 -90.1238 954.945
vn -0.879766 0.112253 -0.461964
v 248.748 -90.6716 957.262
vn -0.73009 0.65209 -0.204324
v 248.824 -89.7443 958.344
vn -0.30719 0.932084 0.191973
v 249.194 -89.4673 958.473
vn -0.308784 0.902673 0.299721
v 249.597 -89.5356 958.695
vn -0.443612 0.837143 0.320001
v 249.581 -89.2781 958.267
vn -0.164191 0.97346 0.159424
v 249.785 -89.4578 958.895
vn 0.840185 0.389477 0.377356
v 250.152 -89.5694 958.718
vn 0.815218 0.463577 0.347155
v 249.989 -89.5309 959.111
vn -0.375925 0.847778 0.374103
v 249.976 -89.3082 958.686
vn -0.208246 0.968376 0.137409
v 249.162 -89.7082 960.708
vn 0.11345 0.974097 0.195612
v 249.569 -89.6532 960.314
vn 0.743002 0.525912 0.413962
v 249.923 -90.2506 960.185
vn 0.796333 0.487047 0.358663
v 249.781 -89.56 959.508
vn 0.805242 0.484989 0.341132
v 250.069 -89.9169 959.353
vn -0.424483 0.876752 0.226098
v 248.596 -90.3096 961.752
vn -0.483522 0.853627 0.19372
v 248.775 -89.8974 960.914
vn 0.733428 0.429844 0.526609
v 248.984 -90.1843 961.768
vn -0.297932 0.922497 0.245431
v 248.964 -89.9874 961.738
vn 0.823036 0.297943 0.483572
v 249.363 -90.0072 961.147
vn -0.920713 0.0994159 -0.377364
v 248.923 -86.8395 984.548
vn -0.662341 -0.651973 -0.3691
v 249.169 -87.1933 984.793
vn -0.865448 -0.0623852 -0.497099
v 248.202 -87.6498 987.216
vn 0.688932 0.633372 0.352438
v 248.83 -87.0474 994.419
vn 0.802081 0.419438 0.425132
v 247.767 -86.9567 996.364
vn -0.897843 0.324048 -0.298112
v 249.498 -89.1813 957.249
vn -0.870703 0.356084 -0.339235
v 249.771 -88.6341 956.4
vn -0.914671 0.303477 -0.266979
v 249.043 -86.0062 984.67
vn -0.848015 0.44229 -0.291978
v 248.373 -86.1132 986.266
vn -0.774744 0.577311 -0.257845
v 247.833 -86.2064 987.865
vn -0.688857 0.707054 -0.159843
v 248.791 -85.0631 987.786
vn -0.655192 0.707214 -0.265654
v 247.51 -85.2237 991.376
vn -0.125202 0.99029 0.0604156
v 247.865 -85.1695 992.992
vn 0.434238 -0.892924 -0.118845
v 250.412 -93.9534 976.658
vn 0.528163 -0.829239 -0.182774
v 251.265 -93.2611 963.95
vn 0.582042 -0.813158 0.001078
v 250.511 -93.3315 970.165
vn 0.255645 -0.944629 -0.205724
v 251.593 -92.5739 971.938
vn 0.489731 -0.870148 -0.0548284
v 251.007 -92.9321 972.757
vn 0.790336 -0.589586 0.166608
v 250.757 -92.1958 981.725
vn 0.861681 -0.481962 0.158807
v 251.318 -91.4138 982.874
vn 0.66045 -0.738143 0.137665
v 249.983 -92.1602 986.118
vn 0.903964 -0.301918 0.302812
v 250.286 -91.7953 986.093
vn 0.94139 -0.0198695 0.336734
v 250.333 -91.608 985.903
vn 0.223599 -0.8954 -0.385049
v 250.984 -92.4054 957.822
vn 0.529925 -0.832551 -0.161361
v 250.557 -93.2358 960.001
vn 0.831707 -0.547715 0.0909467
v 251.751 -92.7317 963.714
vn 0.139703 0.925901 0.350985
v 250.432 -91.8211 966.996
vn -0.439151 0.895275 0.0750238
v 250.56 -91.8683 967.407
vn -0.392479 0.905931 0.158901
v 250.632 -91.8125 967.002
vn -0.754898 0.653575 -0.054486
v 250.994 -91.5147 967.388
vn -0.590616 0.795946 0.132827
v 251.01 -91.4277 966.374
vn -0.801922 0.574271 -0.164722
v 250.591 -91.4809 969.18
vn -0.482744 0.87576 -0.0018706
v 251.085 -91.0923 969.963
vn -0.557652 0.830062 -0.00470817
v 250.038 -91.6297 973.8
vn -0.586539 0.809771 0.0155949
v 250.052 -91.5148 972.784
vn -0.625832 0.767707 0.1377
v 250.226 -91.4635 973.648
vn -0.466964 0.857391 0.216391
v 250.415 -91.3868 973.79
vn -0.518278 0.844056 0.137688
v 250.41 -91.1316 972.96
vn -0.333232 0.92386 0.188255
v 250.802 -91.1369 973.376
vn -0.257883 0.950349 0.174163
v 250.802 -90.9858 972.758
vn -0.424834 0.899409 0.10286
v 251.192 -90.9242 972.967
vn -0.465244 0.884992 -0.0183412
v 250.021 -91.6139 974.401
vn -0.532095 0.846277 0.0262656
v 250.98 -91.1597 974.391
vn -0.885919 0.326959 -0.329006
v 249.953 -90.8026 980.352
vn 0.804431 -0.551067 0.221847
v 250.14 -90.3752 988.36
vn 0.919574 -0.239314 0.31163
v 250.023 -89.5316 990.686
vn 0.861305 -0.447836 0.239992
v 250.229 -89.1506 990.253
vn 0.240001 -0.842232 -0.482747
v 250.874 -91.1266 954.643
vn -0.264557 -0.842659 -0.468973
v 250.486 -91.4746 955.5
vn 0.265045 -0.909296 -0.320831
v 250.688 -91.4664 955.456
vn -0.0428127 -0.917194 -0.396135
v 250.684 -91.3138 954.978
vn -0.414507 -0.703719 -0.57703
v 250.673 -91.1424 954.69
vn 0.475868 -0.839653 -0.261787
v 250.878 -91.2804 955.093
vn 0.37494 -0.860112 -0.345872
v 251.256 -91.2432 955.907
vn 0.132175 -0.855485 -0.500675
v 251.284 -91.6867 956.649
vn 0.174966 0.93429 0.310625
v 250.883 -90.5094 959.642
vn -0.00841733 0.959038 0.283154
v 250.298 -91.3304 962.317
vn 0.0710816 0.928032 0.365655
v 250.283 -91.0594 961.788
vn -0.46187 0.88625 0.0351676
v 250.687 -91.1988 962.318
vn -0.249389 0.93082 0.267171
v 250.685 -91.0836 961.904
vn -0.602727 0.792822 0.090296
v 250.977 -90.9558 962.103
vn -0.513791 0.857091 0.0376138
v 251.022 -90.9015 963.708
vn -0.376303 0.92586 0.034353
v 250.425 -91.1031 964.31
vn -0.248905 0.938456 0.23947
v 251.01 -91.1737 965.343
vn 0.00354941 0.968021 0.250843
v 250.208 -91.392 966.141
vn -0.858206 0.491466 -0.148134
v 251.424 -90.8179 966.932
vn -0.542781 0.834489 0.094961
v 251.496 -90.5848 967.514
vn -0.809125 0.525538 -0.262919
v 250.337 -89.7005 980.859
vn -0.899512 0.346974 -0.265493
v 250.79 -88.8321 980.991
vn -0.936488 0.0579429 -0.345879
v 250.551 -88.5141 982.358
vn 0.908271 -0.269189 0.320283
v 250.68 -89.0258 989.05
vn 0.883081 -0.36772 0.291461
v 250.217 -88.629 991.408
vn 0.871084 0.430547 0.23631
v 249.417 -87.6062 994.294
vn 0.720494 0.653008 0.233384
v 249.277 -87.4234 994.271
vn 0.940699 -0.109411 0.321115
v 249.525 -87.8184 994.089
vn 0.766792 0.616708 0.17805
v 249.401 -87.5875 994.493
vn 0.00446973 -0.891838 -0.452332
v 251.569 -89.5293 952.329
vn -0.758353 -0.391593 -0.521111
v 250.757 -89.67 953.201
vn -0.186721 -0.774099 -0.604902
v 251.019 -90.3917 953.782
vn 0.299364 -0.840293 -0.451984
v 251.41 -90.2391 953.601
vn 0.432842 -0.832219 -0.346496
v 251.799 -90.3133 954.426
vn 0.855475 0.386572 0.344564
v 250.631 -89.4624 957.314
vn 0.482992 0.808074 0.337246
v 250.866 -89.8436 957.564
vn 0.242824 0.920575 0.305906
v 251.482 -89.7247 956.569
vn 0.926798 -0.0132977 0.375326
v 250.41 -89.2239 957.889
vn -0.383309 0.910077 0.157588
v 251.282 -90.3318 959.035
vn -0.866096 0.48873 -0.104982
v 251.711 -89.8463 958.399
vn -0.643062 0.756934 0.116285
v 251.698 -89.9454 959.414
vn -0.917064 -0.0401354 -0.396714
v 250.006 -87.8716 983.255
vn -0.946218 -0.0209128 -0.322853
v 250.677 -88.1569 981.775
vn -0.91323 0.132663 -0.385241
v 249.357 -87.7737 984.857
vn -0.905652 0.0630419 -0.419309
v 249.326 -87.5608 984.993
vn 0.831722 0.348599 0.432109
v 249.504 -85.7601 992.506
vn -0.582212 -0.635652 -0.506928
v 251.548 -88.8197 950.851
vn -0.123291 -0.897953 -0.422468
v 251.75 -89.039 951.081
vn -0.466406 -0.701951 -0.538266
v 251.736 -88.8167 950.692
vn -0.75981 -0.353513 -0.545634
v 251.705 -88.4465 950.392
vn -0.490094 -0.741889 -0.457612
v 251.318 -89.3214 952.099
vn -0.714477 -0.579294 -0.392354
v 251.13 -89.1356 952.128
vn -0.772059 -0.466881 -0.431215
v 251.292 -88.8057 951.242
vn -0.612019 -0.689014 -0.388191
v 251.336 -89.0224 951.466
vn -0.947688 0.306997 -0.0874133
v 251.219 -88.1801 952.586
vn -0.955595 0.272753 -0.111555
v 251.255 -88.1072 952.177
vn -0.817783 0.456325 -0.350713
v 250.467 -89.186 954.267
vn -0.911961 0.239907 -0.332825
v 250.69 -89.4648 953.297
vn -0.917486 0.333585 -0.216657
v 251.009 -88.34 953.599
vn 0.920267 0.343945 0.186577
v 251.181 -88.331 954.007
vn -0.358109 0.743329 -0.564996
v 251.086 -88.1614 953.786
vn -0.90014 0.34926 -0.260318
v 250.971 -88.0735 953.974
vn -0.80915 -0.378991 -0.449046
v 251.136 -87.9561 953.767
vn -0.927145 -0.134897 -0.349578
v 251.032 -87.9466 953.963
vn 0.911225 -0.0248776 -0.411158
v 251.178 -88.1242 953.986
vn -0.544993 0.736646 0.40042
v 251.412 -88.1489 952.79
vn -0.767565 -0.417115 -0.486682
v 251.361 -87.8065 953.358
vn 0.630626 -0.552922 -0.5446
v 251.357 -87.9118 953.978
vn 0.849864 0.419923 0.318426
v 251.079 -89.1579 955.895
vn 0.965873 -0.155075 0.207462
v 251.465 -87.7783 955.169
vn -0.454471 0.849197 0.268926
v 250.379 -88.1905 956.176
vn 0.951317 -0.267137 0.153731
v 250.825 -88.6618 957.043
vn 0.970631 -0.175836 0.164187
v 250.764 -88.6273 957.44
vn 0.965935 -0.033454 0.256613
v 250.785 -88.4455 957.222
vn 0.513913 0.640618 0.570528
v 250.721 -88.3825 957.213
vn 0.949658 -0.103472 0.295709
v 250.972 -88.2667 956.808
vn -0.480705 0.847662 0.224483
v 250.898 -88.0027 956.579
vn 0.955107 0.00222041 0.296252
v 251.092 -87.883 956.373
vn -0.381993 0.861228 0.335212
v 250.158 -89.0149 958.207
vn -0.933487 -0.113881 -0.34005
v 250.382 -85.6536 980.862
vn -0.553896 0.823905 -0.119916
v 249.114 -84.6451 989.164
vn 0.304566 0.914794 0.265315
v 249.7 -84.8757 990.816
vn -0.915606 0.318118 -0.2459
v 251.411 -87.8954 951.76
vn -0.903277 0.424273 -0.0639053
v 251.393 -87.8167 952.154
vn 0.575465 0.75147 0.322695
v 251.61 -87.9016 951.856
vn 0.622484 0.277067 -0.731948
v 251.544 -87.4335 952.545
vn -0.824392 -0.512021 -0.241273
v 251.697 -87.2195 952.507
vn -0.913213 -0.119325 -0.389619
v 251.09 -87.7608 953.746
vn -0.908918 0.311097 -0.277643
v 251.246 -87.3647 953.511
vn 0.930784 -0.363992 0.0339249
v 251.607 -87.6655 954.157
vn -0.824392 -0.512021 -0.241273
v 251.63 -87.206 952.705
vn -0.524249 0.849593 -0.0579135
v 251.285 -87.4114 954.724
vn -0.447581 0.837382 0.313788
v 251.265 -87.3194 955.116
vn 0.38581 0.897061 0.215481
v 251.479 -87.3486 954.725
vn 0.984499 0.0990809 0.144722
v 251.492 -87.3752 955.13
vn -0.964565 -0.145729 -0.219949
v 250.521 -83.9611 979.493
vn -0.941615 -0.189172 -0.278523
v 250.229 -84.4694 980.74
vn -0.91054 -0.268607 -0.314274
v 250.623 -84.7302 979.774
vn -0.758506 0.65155 -0.0122991
v 250.477 -83.9856 980.298
vn -0.938408 0.292955 -0.183216
v 249.928 -84.758 982.165
vn -0.736221 0.674135 -0.0593315
v 250.224 -84.176 983.124
vn -0.754382 0.64629 -0.114966
v 249.803 -84.388 984.738
vn -0.586576 0.809085 -0.0361902
v 249.745 -84.4144 987.152
vn -0.806429 -0.567705 -0.16548
v 250.435 -82.483 959.836
vn 0.109279 -0.993966 0.00951671
v 250.209 -82.4889 960.834
vn 0.508379 -0.858562 -0.0664899
v 250.61 -82.446 960.713
vn -0.54136 -0.83743 0.0751066
v 250.659 -82.2798 964.248
vn -0.914682 0.345096 0.210394
v 250.696 -82.0553 964.429
vn -0.371482 -0.926333 -0.0625233
v 250.811 -82.382 965.068
vn -0.982676 -0.156083 0.0999312
v 250.754 -82.1879 965.047
vn -0.746574 -0.65202 -0.132282
v 250.437 -82.3966 959.399
vn 0.622466 -0.762886 -0.174757
v 250.55 -82.3617 959.627
vn -0.94147 0.234131 -0.242523
v 250.409 -82.1786 959.582
vn -0.572837 -0.581504 -0.577677
v 250.619 -82.2186 959.414
vn 0.708275 -0.656596 -0.259283
v 250.641 -82.3316 959.829
vn 0.984464 -0.149209 -0.0925628
v 250.677 -81.9482 959.591
vn -0.563532 0.289027 -0.773883
v 250.577 -81.8608 959.578
vn 0.0355096 -0.0983966 -0.994514
v 250.722 -81.5433 959.552
vn -0.75729 -0.6495 -0.0682776
v 249.995 -82.2565 961.206
vn -0.922988 0.315488 -0.220364
v 250.033 -82.0523 961.187
vn -0.991063 0.102373 0.0855263
v 249.988 -82.0162 961.584
vn -0.780259 0.621304 0.0719535
v 250.064 -81.8081 961.566
vn 0.662274 -0.749004 -0.0196749
v 252.263 -91.7837 966.052
vn 0.398568 -0.889975 -0.221558
v 253.155 -91.3784 968.859
vn 0.461077 -0.884171 -0.0751642
v 252.183 -91.9957 970.092
vn 0.382434 -0.911051 -0.154048
v 252.372 -91.9365 970.294
vn 0.558069 -0.827026 -0.0677235
v 252.449 -91.865 969.485
vn -0.639512 0.768781 0.000782702
v 251.557 -90.6655 973.357
vn 0.933529 -0.132116 0.33327
v 252.931 -91.3846 973.678
vn 0.791436 -0.610698 -0.0260182
v 252.969 -91.0079 974.648
vn 0.895361 -0.421467 0.143855
v 253.129 -90.8204 975.037
vn 0.877668 -0.437485 0.195719
v 252.222 -91.8549 975.711
vn 0.754978 -0.653545 0.0537335
v 252.59 -91.416 975.68
vn 0.935588 -0.254587 0.244664
v 251.901 -91.3877 978.669
vn 0.873889 -0.434067 0.21887
v 252.145 -91.4379 977.879
vn 0.919696 -0.319198 0.22863
v 252.119 -91.0201 978.037
vn 0.825841 -0.555973 0.0942349
v 251.422 -91.2774 981.256
vn 0.820728 -0.558364 0.120976
v 252.171 -90.551 980.406
vn 0.916129 -0.314902 0.248079
v 252.227 -90.0812 981.166
vn 0.892254 -0.396969 0.21517
v 251.644 -90.1177 983.361
vn 0.756938 -0.650294 -0.0645216
v 252.579 -90.8729 957.728
vn 0.765843 -0.641944 -0.0373152
v 252.609 -90.9161 956.727
vn 0.837446 -0.545468 -0.0338929
v 253.176 -90.7697 959.75
vn 0.791501 -0.611166 -0.00181662
v 252.939 -90.5696 961.934
vn -0.757878 0.652272 -0.0127384
v 252.242 -89.9564 964.663
vn -0.455987 0.865245 0.208394
v 251.885 -90.408 967.31
vn -0.574836 0.813949 0.0839674
v 251.885 -90.26 966.692
vn -0.272077 0.940879 0.201794
v 251.691 -90.6296 967.928
vn -0.526751 0.843261 0.106979
v 251.885 -90.6075 968.134
vn -0.634073 0.770345 -0.0672303
v 251.672 -90.7402 969.145
vn -0.638586 0.76906 -0.027469
v 252.009 -90.3041 969.918
vn -0.720043 0.69386 0.00985869
v 252.538 -89.8335 970.896
vn -0.629317 0.777092 0.00935991
v 251.93 -90.3259 973.135
vn -0.844737 0.518564 -0.132331
v 252.689 -89.4503 973.076
vn -0.719263 0.690338 -0.0780661
v 251.909 -90.414 974.311
vn -0.859829 0.442129 -0.255374
v 252.243 -89.2928 975.055
vn -0.878494 0.404273 -0.25458
v 251.486 -90.2296 976.529
vn 0.784137 -0.600589 0.156275
v 252.157 -89.5248 982.717
vn 0.828053 -0.533086 0.173631
v 252.668 -89.1118 982.292
vn 0.834335 -0.50975 0.209858
v 252.357 -87.8262 985.573
vn 0.840572 -0.497714 0.213823
v 252.388 -87.7319 986.168
vn 0.890339 -0.349998 0.291201
v 251.221 -89.112 987.67
vn 0.927578 -0.236432 0.289308
v 251.689 -87.8118 988.056
vn 0.737136 -0.649815 0.185395
v 251.112 -88.3363 989.199
vn 0.865218 -0.419301 0.274925
v 251.294 -88.1607 989.188
vn 0.778656 -0.600147 0.18308
v 251.393 -88.2323 988.193
vn 0.832803 -0.461353 0.305928
v 250.939 -88.3165 989.794
vn 0.90953 -0.195607 0.366732
v 251.047 -87.8921 989.882
vn 0.312963 -0.885369 -0.343768
v 251.974 -89.7128 952.966
vn 0.430479 -0.836401 -0.339296
v 252.984 -90.1176 954.486
vn 0.320298 -0.871644 -0.371007
v 253.341 -89.3671 953.181
vn 0.645184 -0.738837 -0.194571
v 253.476 -89.3715 953.388
vn -0.923316 0.359518 -0.135037
v 252.512 -89.2276 955.752
vn 0.968311 0.00764864 0.249632
v 253.484 -89.3662 955.398
vn 0.941007 -0.330717 0.0716316
v 253.18 -89.8961 956.446
vn -0.736554 0.675975 0.0233482
v 253.101 -89.0383 958.972
vn -0.943526 0.300314 -0.139895
v 252.908 -88.9768 959.764
vn -0.812695 0.580801 0.0468684
v 253.082 -88.6361 960.339
vn -0.748065 0.663554 0.00976751
v 252.46 -89.481 961.205
vn -0.69898 0.713581 0.0472184
v 253.018 -89.302 965.632
vn -0.8902 0.363279 -0.274904
v 252.795 -88.373 975.587
vn -0.93306 0.110976 -0.342175
v 252.306 -87.3858 977.816
vn 0.870274 0.302296 0.388895
v 251.232 -86.1872 988.588
vn 0.932486 0.0734619 0.353657
v 251.025 -87.2663 990.095
vn 0.190159 -0.829086 -0.525791
v 252.309 -88.2623 949.614
vn -0.827572 -0.26516 -0.494788
v 252.109 -88.2815 949.627
vn 0.509116 -0.756412 -0.410661
v 252.882 -88.1263 950.226
vn 0.397295 -0.853049 -0.338325
v 252.149 -89.1123 951.505
vn 0.274918 -0.873813 -0.401087
v 252.74 -89.2931 952.75
vn -0.952908 0.206986 -0.221638
v 252.539 -89.0041 955.932
vn -0.965304 0.181632 -0.18761
v 252.789 -88.4391 955.282
vn -0.930666 0.275113 -0.241192
v 253.075 -88.6205 959.131
vn -0.944423 -0.147257 -0.293904
v 252.294 -85.8046 975.516
vn -0.866082 -0.370612 -0.335482
v 251.642 -86.4075 978.167
vn 0.888818 0.272648 0.368328
v 252.045 -85.3263 986.319
vn -0.0687787 0.981597 0.17815
v 250.532 -84.6009 988.607
vn 0.911935 0.336121 0.235365
v 251.164 -85.235 988.089
vn 0.875997 0.407229 0.258444
v 251.128 -85.1979 988.486
vn 0.756767 0.574007 0.312762
v 250.967 -84.8308 988.286
vn 0.92662 0.192025 0.323267
v 251.311 -85.7993 988.351
vn -0.908114 0.333385 -0.253343
v 252.426 -87.399 949.334
vn -0.079995 -0.748471 -0.658325
v 252.642 -87.346 948.532
vn -0.926414 0.298331 -0.229685
v 252.719 -87.1208 948.512
vn 0.610302 -0.709407 -0.352524
v 252.87 -87.809 949.39
vn 0.0395823 -0.786149 -0.616769
v 252.842 -87.3173 948.444
vn 0.267053 -0.805645 -0.528789
v 253.041 -87.3167 948.543
vn 0.248649 0.45388 -0.855667
v 253.034 -87.2481 948.536
vn 0.225401 0.931441 0.285677
v 253.029 -87.2624 948.791
vn 0.682198 -0.650271 -0.334296
v 253.05 -87.6496 949.582
vn -0.824392 -0.512021 -0.241273
v 251.741 -87.3945 952.727
vn 0.832925 -0.552764 -0.026238
v 251.801 -87.3472 953.127
vn 0.853188 -0.480666 -0.20256
v 251.872 -87.1806 952.711
vn -0.505983 0.858432 0.0841155
v 251.69 -86.998 952.887
vn 0.530154 0.846238 0.0530853
v 251.891 -87.1377 953.11
vn -0.723546 -0.657617 -0.209813
v 251.714 -84.0855 975.124
vn -0.890259 -0.302298 -0.340667
v 251.374 -85.0558 977.822
vn -0.899781 -0.330006 -0.285464
v 251.862 -84.927 976.62
vn -0.903566 -0.319558 -0.285396
v 250.873 -84.2469 978.327
vn -0.458283 0.884564 0.0867323
v 250.667 -83.8843 980.295
vn -0.52489 0.846092 0.0928385
v 250.667 -83.73 979.676
vn -0.546906 0.835833 0.0477245
v 251.055 -83.6437 979.883
vn -0.454182 0.889629 0.0477407
v 251.146 -83.4176 983.283
vn -0.137314 -0.975511 -0.17182
v 251.465 -83.204 969.799
vn -0.164036 -0.976008 -0.143177
v 251.256 -83.1712 969.989
vn -0.928737 -0.370534 -0.0123578
v 251.121 -83.0952 971.586
vn -0.999172 0.0350761 0.0206295
v 251.132 -82.8735 971.765
vn -0.970117 -0.236776 -0.0530011
v 251.15 -83.2264 974.214
vn -0.989602 0.142468 0.0197484
v 251.131 -83.0692 973.796
vn -0.853015 -0.519205 -0.0528347
v 251.177 -83.2645 973.816
vn -0.88655 0.46167 0.0298257
v 251.196 -82.9806 974.593
vn -0.736687 -0.662502 -0.135582
v 251.389 -83.597 974.46
vn -0.214682 -0.971633 -0.0992021
v 251.61 -83.6518 973.87
vn -0.799426 -0.580101 -0.156209
v 251.257 -83.8313 976.088
vn -0.558266 0.819231 0.131149
v 251.283 -83.0126 976.209
vn -0.981383 0.0416803 -0.187483
v 250.879 -83.5278 977.452
vn -0.950817 -0.256734 -0.173303
v 250.991 -83.5774 976.857
vn -0.986568 0.129495 -0.0995739
v 250.983 -83.3577 977.036
vn -0.45681 0.880922 0.123699
v 251.082 -83.417 977.85
vn -0.499153 0.857467 0.124889
v 251.476 -83.2866 977.65
vn -0.648778 0.74938 0.132349
v 251.658 -82.8539 976.609
vn -0.708853 0.704306 0.0384884
v 251.925 -82.7561 978.016
vn 0.395818 -0.913999 -0.0890752
v 251.135 -82.3116 963.263
vn -0.181554 -0.983354 -0.00729852
v 250.914 -82.4154 964.472
vn 0.367768 -0.919299 -0.140128
v 251.696 -82.1081 964.067
vn 0.0463003 -0.991574 -0.120983
v 251.097 -82.536 965.697
vn 0.0620654 -0.982638 -0.174843
v 251.477 -82.7682 967.544
vn -0.0666289 -0.978549 -0.194942
v 252.267 -82.4838 966.941
vn -0.966449 -0.25632 0.0166031
v 251.025 -82.586 968.716
vn -0.678207 0.730477 0.0802436
v 251.532 -82.347 971.526
vn -0.670838 -0.668559 -0.320945
v 251.54 -81.0021 957.718
vn 0.0355358 -0.0984326 -0.994509
v 250.951 -81.5894 959.565
vn -0.5625 -0.668694 -0.486254
v 250.94 -81.161 959.12
vn 0.690403 -0.68646 -0.22829
v 251.143 -81.6416 960.141
vn 0.555845 -0.78452 -0.274892
v 251.133 -81.2987 959.14
vn 0.0817692 -0.973187 -0.214991
v 251.33 -81.4618 959.968
vn 0.0094941 -0.986148 -0.165597
v 251.927 -81.2539 959.366
vn 0.51703 -0.835912 -0.184203
v 251.335 -81.9102 961.622
vn -0.648585 0.746764 0.147245
v 251.033 -81.5699 964.191
vn -0.627447 -0.732725 -0.263485
v 251.331 -80.8425 957.896
vn -0.963519 0.226959 -0.14185
v 251.45 -80.0502 957.62
vn -0.765772 0.642053 0.0368936
v 251.432 -80.0112 958.018
vn -0.784932 0.618999 0.0268791
v 251.252 -80.52 959.147
vn -0.854144 0.51347 -0.082381
v 252.245 -79.2512 954.352
vn 0.453033 -0.880249 -0.141149
v 253.348 -91.3501 969.064
vn 0.858779 -0.479387 0.180794
v 253.276 -91.4944 972.495
vn 0.955508 -0.101913 0.276799
v 253.275 -91.2301 972.871
vn 0.950318 0.0261353 0.310181
v 253.248 -90.6328 972.811
vn 0.558589 -0.813322 -0.162746
v 253.411 -90.0281 961.092
vn 0.519484 -0.839154 -0.161111
v 254.307 -90.21 966.17
vn 0.772458 -0.635033 -0.00649551
v 254.309 -90.5914 968.219
vn 0.981286 -0.0436268 0.187549
v 254.419 -90.1388 968.58
vn 0.950377 0.1701 0.260478
v 254.298 -89.931 968.757
vn 0.95555 -0.256547 0.145287
v 253.998 -89.8399 969.943
vn 0.880827 -0.462409 0.101595
v 253.628 -89.8494 974.154
vn 0.927172 -0.320758 0.193565
v 253.479 -89.1172 977.495
vn 0.870059 -0.469982 0.148706
v 253.601 -88.7247 977.26
vn 0.555449 -0.784901 -0.274604
v 253.532 -89.2237 952.973
vn 0.920331 -0.385924 0.0636757
v 253.509 -89.5914 955.422
vn 0.718831 -0.655256 -0.232209
v 253.653 -89.342 956.609
vn 0.914453 -0.402623 0.0408669
v 253.675 -89.5984 958.847
vn 0.784863 -0.618017 -0.045222
v 253.689 -89.5561 959.246
vn 0.622449 -0.76965 -0.142113
v 254.359 -89.5747 961.484
vn -0.845228 0.534297 -0.0107848
v 253.277 -89.0836 966.223
vn -0.795819 0.604764 0.030542
v 253.64 -88.2732 968.569
vn 0.901207 -0.425239 0.0836504
v 254.494 -88.3009 972.624
vn -0.945958 -0.0366339 -0.322214
v 253.501 -87.4415 974.112
vn 0.891333 -0.410194 0.193046
v 253.421 -87.4729 981.755
vn 0.866189 -0.45288 0.211227
v 253.142 -87.3386 983.34
vn 0.39778 -0.824713 -0.40202
v 253.858 -87.8391 950.233
vn 0.981605 -0.121509 0.147264
v 253.891 -88.6867 953.737
vn 0.35667 -0.874706 -0.328141
v 254.381 -88.0018 954.089
vn 0.765162 -0.629393 -0.135615
v 254.774 -87.7525 954.078
vn 0.970258 -0.183964 0.157342
v 253.609 -88.7528 955.342
vn 0.312006 -0.918062 -0.244568
v 254.002 -88.5143 955.304
vn 0.548167 -0.812636 -0.197826
v 254.375 -88.4107 955.939
vn -0.80994 0.578285 0.0978945
v 254.107 -87.5259 954.984
vn 0.462036 -0.861536 -0.210424
v 254.395 -88.3405 954.927
vn -0.573789 0.803019 0.161016
v 253.355 -88.4894 956.916
vn -0.97059 -0.122116 -0.207466
v 253.678 -87.5202 957.435
vn -0.970988 0.207513 -0.118826
v 253.963 -87.7721 956.665
vn -0.896526 -0.380796 -0.226353
v 253.964 -87.4127 956.228
vn -0.927805 0.0722592 -0.366002
v 253.449 -88.4424 958.523
vn -0.93572 0.337767 -0.101693
v 253.391 -88.0075 958.88
vn -0.789352 0.596876 0.143744
v 253.858 -87.3376 959.032
vn -0.845728 0.530401 0.0584783
v 254.33 -87.2841 961.047
vn -0.529133 0.833674 0.158131
v 254.395 -86.7056 964.016
vn -0.960911 0.242139 -0.134234
v 254.47 -87.1279 970.295
vn -0.936646 -0.242272 -0.252981
v 254.197 -86.8544 971.264
vn -0.893173 -0.360694 -0.268591
v 252.922 -86.1226 973.76
vn -0.872049 -0.37933 -0.309254
v 253.163 -86.6359 974.423
vn 0.93794 0.077325 0.338066
v 253.764 -86.1546 982.441
vn 0.706489 -0.667713 -0.23459
v 254.011 -87.0728 948.956
vn -0.144437 -0.115558 -0.982743
v 253.45 -87.7279 950.006
vn -0.0895283 0.962618 0.25564
v 253.458 -87.8729 950.288
vn 0.437349 -0.773612 -0.458531
v 253.444 -87.6749 950.001
vn 0.621053 -0.737487 0.26534
v 253.442 -87.6883 950.133
vn -0.061424 -0.954104 0.293108
v 253.529 -87.6721 950.205
vn -0.563896 -0.707832 0.425436
v 253.649 -87.7595 950.218
vn -0.00522911 -0.102514 -0.994718
v 253.646 -87.6811 950
vn -0.953995 0.285531 -0.0914666
v 253.746 -87.1878 950.768
vn -0.984925 0.121011 -0.123606
v 253.969 -86.4254 950.097
vn 0.826082 -0.546747 -0.136587
v 254.248 -87.7351 950.84
vn -0.709739 0.694281 0.119351
v 254.288 -86.3231 950.774
vn -0.662341 0.736737 0.136098
v 253.722 -87.0363 952.266
vn 0.92487 -0.375424 0.0605937
v 254.255 -87.6116 952.035
vn 0.56612 -0.797202 -0.209707
v 254.552 -87.2676 952.212
vn -0.537186 0.811348 0.230534
v 253.916 -87.3398 953.805
vn -0.984196 -0.131522 -0.118579
v 254.26 -86.9859 954.185
vn -0.950898 0.309504 -0.000164537
v 254.053 -86.0688 953.483
vn -0.876175 0.472428 0.0955496
v 254.277 -86.7471 952.955
vn -0.940057 -0.301663 -0.159033
v 254.244 -86.4831 953.194
vn -0.947947 0.318325 0.00815652
v 253.721 -87.1156 957.396
vn -0.94215 -0.28506 -0.176335
v 253.816 -87.0487 955.985
vn -0.79452 0.596891 0.111622
v 254.134 -86.1944 956.113
vn -0.985129 0.136921 -0.103793
v 254.649 -86.3313 960.167
vn -0.966972 0.19451 -0.164715
v 254.543 -86.1015 960.543
vn -0.920364 0.389633 -0.0334144
v 254.433 -86.1905 961.754
vn -0.986152 0.00808217 -0.165648
v 253.601 -85.2598 969.677
vn -0.974088 -0.0748243 -0.213432
v 253.093 -85.4065 972.69
vn -0.938669 -0.255649 -0.231396
v 253.193 -84.8584 972.024
vn 0.497332 0.837382 0.226832
v 253.005 -83.2081 980.513
vn -0.778408 0.613023 0.135217
v 254.492 -85.5541 948.219
vn -0.983349 0.178585 0.0336386
v 254.692 -85.1329 948.185
vn -0.919475 0.391173 0.0393574
v 254.533 -85.9454 950.271
vn -0.990619 0.114733 -0.0742304
v 254.538 -85.9244 950.47
vn -0.991687 -0.0684018 -0.108984
v 254.59 -85.5802 949.834
vn -0.946202 -0.265518 -0.184937
v 254.341 -85.6837 951.042
vn -0.846553 0.524556 0.0904907
v 254.527 -85.3096 953.023
vn -0.747413 -0.658735 -0.0862712
v 253.563 -83.1647 966.25
vn -0.892212 -0.444735 -0.0785419
v 254.09 -83.9555 966.146
vn -0.691294 -0.698948 -0.18326
v 253.552 -83.2893 967.267
vn -0.79836 -0.601136 -0.0354626
v 253.97 -83.6862 966.92
vn -0.977599 -0.137857 -0.159043
v 254.089 -84.0739 966.962
vn -0.869389 -0.467773 -0.159222
v 254.074 -83.855 967.141
vn -0.481407 -0.845062 -0.232632
v 252.488 -83.429 970.059
vn 0.312099 0.927057 0.20775
v 253.22 -82.405 976.62
vn -0.200712 0.972628 0.11709
v 252.38 -82.4003 977.997
vn 0.391343 0.901326 0.185639
v 252.595 -82.8878 979.461
vn -0.181738 0.972693 0.144357
v 252.167 -82.6842 979.627
vn -0.131341 0.975684 0.175471
v 252.149 -82.9552 981.463
vn -0.77498 -0.581218 -0.248174
v 254.008 -84.4182 942.056
vn -0.571386 -0.755402 -0.320757
v 254.124 -84.581 942.076
vn -0.734081 0.544947 0.405164
v 254.28 -84.1949 942.245
vn -0.817033 0.509304 0.270307
v 254.48 -84.2985 942.75
vn -0.726208 0.645152 0.237488
v 254.117 -84.7208 942.936
vn -0.762667 0.61657 0.1954
v 254.426 -84.9085 944.734
vn -0.994604 0.0848689 -0.0596674
v 254.656 -84.5365 948.124
vn -0.919185 0.393004 0.0254355
v 254.65 -84.394 949.518
vn -0.6419 -0.743935 -0.185811
v 253.878 -82.5659 962.18
vn -0.490171 -0.858038 -0.153305
v 253.12 -82.3191 964.34
vn -0.596209 -0.783249 -0.176226
v 253.111 -82.8732 967.009
vn -0.24463 0.962596 0.116466
v 252.909 -81.5532 969.486
vn -0.418222 -0.855726 -0.30467
v 254.617 -83.9379 940.22
vn -0.866758 0.483675 0.121615
v 254.475 -83.5892 941.79
vn -0.936374 0.346121 0.0583452
v 254.645 -83.3303 942.172
vn 0.021181 -0.986433 -0.162791
v 252.743 -81.5162 960.024
vn -0.0627951 -0.984633 -0.162955
v 253.141 -81.2296 959.004
vn -0.525431 -0.83713 -0.152106
v 253.347 -81.331 959.223
vn -0.608204 -0.782843 -0.131316
v 253.357 -81.2859 958.616
vn -0.610521 -0.784809 -0.106485
v 253.812 -81.7999 958.683
vn -0.680526 -0.721542 -0.12752
v 254.01 -81.9973 959.715
vn -0.256404 -0.94599 -0.198395
v 252.941 -81.74 961.059
vn -0.291247 0.94097 0.172483
v 252.967 -80.5509 963.032
vn -0.853769 -0.520326 -0.0184144
v 254.345 -80.8584 941.716
vn -0.473272 -0.878831 -0.0605744
v 254.024 -80.4382 944.679
vn -0.198132 -0.949422 0.2436
v 254.001 -80.3605 945.274
vn -0.100893 -0.991492 -0.0822455
v 254.23 -80.4339 944.485
vn -0.0639912 -0.997939 0.00477549
v 254.226 -80.4451 944.687
vn -0.185812 -0.977904 0.0957968
v 254.213 -80.418 945.086
vn -0.456646 -0.871566 0.178457
v 254.194 -80.3384 945.48
vn -0.789039 -0.614318 -0.00549325
v 254.187 -80.2459 947.079
vn -0.773021 -0.631465 -0.0607536
v 254.135 -80.1491 948.073
vn 0.139651 -0.982347 -0.124469
v 253.649 -80.0334 949.854
vn -0.356656 -0.925627 -0.126536
v 252.634 -80.6353 952.709
vn -0.482678 -0.864807 -0.138316
v 253.816 -80.4919 953.123
vn -0.207221 -0.972488 -0.106428
v 252.616 -80.8488 954.322
vn 0.167095 0.979812 0.109764
v 253.439 -79.6305 956.443
vn -0.0339172 0.987851 0.151656
v 252.792 -80.0418 959.88
vn -0.903591 0.409635 -0.125391
v 254.144 -80.3298 938.438
vn -0.940631 -0.312574 -0.132329
v 254.399 -80.7644 937.887
vn -0.941892 -0.206907 -0.26463
v 254.303 -80.554 938.064
vn 0.120548 0.945435 -0.30269
v 254.382 -80.3816 938.251
vn -0.945472 0.23545 -0.225044
v 253.971 -80.1638 940.226
vn -0.923186 0.315218 -0.219921
v 254.088 -79.9719 940.01
vn 0.123654 0.970132 -0.208694
v 254.33 -80.1174 939.228
vn -0.854521 -0.51856 -0.0298384
v 253.808 -79.8992 940.998
vn -0.962697 0.122485 -0.241273
v 253.827 -79.6971 940.979
vn -0.857056 -0.514368 0.0296778
v 254.086 -80.3883 941.861
vn -0.820749 -0.570279 0.0339489
v 253.851 -80.0164 941.816
vn -0.643983 -0.750569 0.148097
v 254.074 -80.2825 942.051
vn 0.125233 0.969523 -0.210575
v 254.02 -79.6062 941.379
vn -0.461237 -0.78184 0.419508
v 254.285 -80.3735 942.068
vn -0.980545 0.078406 -0.179954
v 253.582 -79.5797 942.366
vn -0.990909 0.0584575 -0.121167
v 253.459 -79.47 943.557
vn -0.801944 -0.596339 -0.0355788
v 253.739 -79.9224 942.808
vn -0.440477 0.789042 -0.428245
v 253.545 -79.2894 942.939
vn -0.550768 0.776233 -0.306785
v 253.765 -79.3759 942.553
vn -0.462146 -0.886592 -0.0194014
v 254.042 -80.2155 943.049
vn -0.127664 0.989803 -0.0631874
v 253.2 -78.8853 946.909
vn -0.658693 -0.748667 0.074979
v 253.523 -79.8233 946.008
vn -0.539261 -0.840078 0.0588792
v 253.712 -79.9022 946.827
vn -0.613521 -0.788129 0.0494436
v 254.182 -80.1282 946.263
vn 0.242124 0.969243 -0.0441015
v 254.039 -79.0288 946.149
vn -0.804059 -0.593299 -0.0385337
v 253.049 -79.2018 948.544
vn -0.895975 -0.434608 -0.0913458
v 253.001 -78.9493 947.115
vn -0.65201 -0.75559 0.062987
v 253.242 -79.488 947.775
vn -0.801347 -0.598112 0.0102433
v 253.221 -79.4351 948.372
vn -0.644252 0.764806 0.00331986
v 253.175 -78.9824 948.325
vn -0.364479 0.929105 0.0625937
v 253.182 -78.8785 947.624
vn -0.491754 -0.850781 0.185337
v 253.464 -79.6402 947.596
vn -0.373307 -0.916575 0.143289
v 253.442 -79.5297 947.987
vn -0.5627 -0.826595 0.0104474
v 253.644 -79.5851 948.201
vn -0.671042 -0.735268 0.095307
v 254.029 -80.0011 947.653
vn -0.632266 -0.736329 -0.240956
v 252.901 -79.1561 949.137
vn -0.834123 0.406588 -0.372726
v 252.972 -79.1142 948.935
vn -0.897919 0.440043 -0.0101297
v 252.945 -79.005 949.526
vn -0.785958 0.510655 -0.348571
v 253.105 -78.9549 948.924
vn -0.96801 0.205653 -0.143749
v 252.951 -78.9542 949.084
vn -0.00510614 0.998224 0.0593563
v 253.148 -78.9284 949.138
vn -0.0178332 0.999644 0.0198558
v 253.361 -78.9344 948.73
vn -0.986105 -0.127751 -0.106189
v 252.567 -79.505 951.975
vn -0.981797 -0.117489 -0.149237
v 252.481 -79.1369 952.539
vn 0.0070532 0.997605 0.0688035
v 252.462 -79.168 953.393
vn -0.758881 0.608179 -0.232848
v 252.895 -79.1063 951.948
vn 0.888181 -0.454433 -0.0680046
v 255.254 -88.549 961.582
vn 0.600172 -0.786786 -0.144088
v 254.887 -89.2912 963.284
vn 0.924569 -0.38087 0.0104859
v 255.012 -89.3055 964.296
vn 0.988059 -0.0872593 0.126987
v 254.973 -89.0278 965.071
vn 0.926699 -0.370654 0.0620008
v 255.32 -88.0183 964.714
vn 0.897887 -0.42928 0.0975614
v 254.842 -88.6938 968.452
vn 0.978529 -0.0257293 0.204496
v 255.188 -87.8367 968.581
vn 0.91379 -0.348257 0.209056
v 255.06 -87.8092 968.976
vn 0.954031 0.217026 0.206698
v 255.017 -87.6136 968.955
vn 0.906546 -0.408707 0.105513
v 254.647 -87.2755 976.55
vn 0.982451 -0.177017 0.0587852
v 255.808 -86.7027 963.262
vn -0.814911 0.576626 0.0584959
v 254.782 -86.5857 965.426
vn -0.913984 0.405431 0.0160753
v 254.839 -86.4774 966.423
vn 0.980385 0.122867 0.154107
v 255.386 -87.1996 966.715
vn 0.864392 -0.501362 -0.038238
v 255.652 -86.3509 966.841
vn -0.892975 -0.397884 -0.210438
v 254.626 -86.0748 968.587
vn 0.895607 -0.443837 0.0299428
v 255.656 -86.527 969.058
vn 0.912075 -0.385843 0.138724
v 255.195 -85.8314 976.427
vn 0.972942 -0.158786 0.167841
v 255.293 -85.6069 976.408
vn 0.898241 -0.381459 0.218293
v 254.151 -86.2161 981.455
vn 0.816102 -0.563929 -0.126336
v 255.213 -86.2534 950.527
vn 0.832385 -0.550919 -0.0601979
v 254.975 -87.3108 954.243
vn 0.984056 -0.17296 -0.0414506
v 256.069 -85.5382 956.633
vn -0.910329 0.408403 0.0671353
v 254.862 -85.7694 957.555
vn -0.99705 0.0559146 -0.0525726
v 254.856 -85.5342 957.883
vn -0.838551 0.541696 0.0582795
v 254.803 -85.7231 959.71
vn -0.34451 0.916768 0.202114
v 254.984 -85.7253 960.521
vn -0.715565 0.671109 0.193856
v 254.983 -85.5741 959.903
vn -0.161895 0.952405 0.258291
v 255.183 -85.7099 960.527
vn -0.32531 0.91628 0.233676
v 255.215 -85.4919 959.903
vn -0.963106 0.269012 0.00773889
v 255.235 -85.4489 960.302
vn -0.160164 0.958798 0.234634
v 255.182 -85.3694 959.162
vn -0.319121 0.930656 0.179003
v 254.787 -86.1273 962.015
vn -0.234974 0.95217 0.195342
v 254.984 -86.0246 961.758
vn -0.297341 0.938862 0.173568
v 254.981 -86.0926 962.159
vn -0.710329 0.702342 0.0463393
v 255.085 -85.9217 961.751
vn -0.831584 0.553369 -0.0474502
v 255.096 -85.9 961.95
vn -0.983522 -0.15143 -0.0987651
v 255.061 -85.7241 961.731
vn -0.998373 0.0108711 -0.055976
v 255.029 -85.5275 961.71
vn -0.856286 0.514023 0.0505371
v 255.168 -85.7623 961.336
vn -0.857656 0.503675 0.103619
v 255.211 -85.1082 961.675
vn -0.613938 0.784446 0.0878886
v 254.785 -86.2419 962.576
vn -0.963209 0.266145 -0.0373567
v 254.937 -85.9941 963.161
vn -0.990493 -0.00747842 -0.137362
v 254.988 -85.8501 962.545
vn 0.991276 -0.107731 0.0759374
v 255.811 -86.3226 963.023
vn 0.978691 -0.189687 0.0786244
v 255.834 -86.0998 963.203
vn 0.963073 -0.267444 0.0310677
v 256.038 -85.5963 963.965
vn -0.913578 0.385453 0.129621
v 255.018 -84.403 954.962
vn -0.817944 0.449623 0.358895
v 255.16 -84.1459 954.941
vn -0.984372 0.0248331 0.174341
v 255.337 -83.9655 955.131
vn -0.808954 0.508723 0.294608
v 255.351 -84.1331 955.29
vn -0.495983 0.83686 0.23166
v 255.17 -84.4412 955.775
vn -0.533906 0.805687 0.25654
v 255.368 -84.6061 956.57
vn -0.852835 -0.512981 -0.0975874
v 255.534 -84.3852 956.587
vn -0.790557 0.6027 0.108498
v 254.843 -85.2741 958.461
vn -0.562078 0.821229 0.0982435
v 254.976 -85.2068 958.66
vn -0.161028 0.960001 0.229059
v 255.179 -85.1202 958.256
vn -0.891172 -0.423253 -0.163305
v 255.2 -84.6159 958.609
vn -0.84059 -0.519809 -0.15234
v 255.236 -84.4939 957.794
vn -0.151299 0.951692 0.267191
v 255.378 -85.1995 958.652
vn -0.817022 -0.543597 -0.192292
v 255.405 -84.9944 958.654
vn -0.943202 0.318135 0.0957107
v 255.317 -84.183 958.772
vn -0.831048 0.555929 0.0173781
v 255.36 -85.1495 959.157
vn -0.841156 -0.522481 -0.139534
v 255.153 -83.7752 960.938
vn -0.995362 0.0956486 -0.0103069
v 255.479 -84.7002 961.443
vn -0.86527 -0.466622 -0.183224
v 254.848 -84.1416 963.577
vn 0.311461 0.935744 0.165456
v 254.475 -82.3384 974.446
vn 0.482677 0.836652 0.258913
v 254.701 -82.5501 975.28
vn 0.809096 0.499297 0.309946
v 254.439 -83.1939 977.144
vn 0.480424 0.829391 0.285138
v 254.269 -82.787 976.494
vn -0.974271 0.225251 -0.00758726
v 254.824 -84.1391 947.89
vn -0.990157 -0.133946 -0.0405886
v 254.796 -83.6806 948.447
vn 0.935735 -0.345171 -0.0724997
v 256.023 -83.2126 947.841
vn -0.999568 0.0269046 0.011864
v 254.817 -83.9762 949.482
vn -0.999179 -0.000371795 0.0405078
v 254.707 -83.4855 950.435
vn -0.931144 0.363732 0.0258938
v 254.798 -83.2554 950.617
vn 0.986459 0.160824 0.0321469
v 255.873 -83.0034 950.027
vn -0.956238 0.280531 0.0831378
v 254.868 -84.4075 951.136
vn -0.988834 -0.136821 0.0590536
v 254.798 -83.835 950.875
vn 0.993533 -0.0835995 -0.0768272
v 255.886 -83.259 951.461
vn 0.99599 0.0869759 -0.0209622
v 256.016 -84.0115 952.344
vn -0.977981 0.156097 0.138517
v 255.087 -83.5182 953.67
vn -0.983044 -0.182923 -0.0128143
v 255.019 -82.7456 953.39
vn -0.87195 -0.47987 -0.0970991
v 255.255 -83.7575 955.107
vn -0.811467 -0.563163 -0.156102
v 255.188 -83.8828 955.922
vn -0.66513 -0.735056 -0.131508
v 254.236 -82.0654 958.925
vn -0.758873 -0.639648 -0.122322
v 255.447 -83.0024 934.728
vn 0.766663 -0.642049 -0.00071751
v 255.551 -83.3406 936.173
vn 0.71012 -0.703972 -0.0123604
v 255.848 -83.0375 935.952
vn 0.893189 -0.447825 -0.0408224
v 255.792 -82.8593 937.742
vn -0.277764 -0.909643 -0.308862
v 255.122 -83.9196 939.633
vn -0.966498 0.255675 -0.0226055
v 254.972 -82.757 941.524
vn -0.998201 0.0328796 -0.0501433
v 254.993 -82.4321 942.699
vn 0.99727 -0.0715761 0.0181734
v 256.139 -82.3113 942.728
vn -0.778521 0.613514 0.132305
v 254.981 -82.127 945.68
vn 0.998142 0.0526861 0.0305983
v 255.896 -82.5894 946.166
vn 0.999961 0.00215568 0.0085452
v 255.925 -82.4636 947.361
vn -0.918527 0.389466 0.0680042
v 254.735 -83.0664 948.585
vn -0.947971 -0.315901 -0.0394674
v 254.953 -81.8226 948.67
vn -0.837093 0.535876 0.110056
v 255.183 -82.3213 947.521
vn 0.970446 0.229772 0.0737566
v 255.9 -82.4048 947.958
vn 0.98887 -0.133081 -0.0665312
v 255.81 -81.9528 948.513
vn -0.875356 0.482276 0.0340774
v 255.113 -82.7652 949.172
vn -0.9992 -0.0351048 0.0191537
v 254.853 -81.6695 950.261
vn -0.98468 0.167398 0.0488188
v 254.972 -81.4365 950.443
vn -0.950977 -0.305692 -0.046851
v 255.167 -82.5595 949.153
vn 0.984388 -0.156951 -0.0796699
v 255.945 -82.3752 950.168
vn -0.997354 -0.0691483 -0.0224212
v 255.054 -82.4077 950.743
vn -0.991018 0.129949 0.0315626
v 254.887 -81.7636 951.277
vn -0.993219 -0.109395 -0.0393427
v 254.911 -81.6589 952.273
vn -0.754307 -0.646989 -0.111474
v 254.699 -81.2044 952.974
vn -0.896062 -0.434205 -0.09241
v 254.812 -82.1218 955.734
vn -0.634535 -0.75816 -0.150193
v 254.242 -81.9254 958.107
vn 0.161161 0.977806 0.133875
v 254.974 -80.9528 964.875
vn -0.919298 -0.39075 -0.0469566
v 255.59 -82.7189 929.476
vn -0.848661 -0.525321 -0.0617442
v 255.682 -82.7728 928.68
vn -0.731297 -0.675205 0.0964531
v 255.393 -82.4694 930.852
vn -0.252382 0.904266 -0.344392
v 255.485 -82.3867 930.847
vn -0.857885 -0.510484 -0.0586377
v 255.647 -82.9744 930.866
vn -0.730783 0.674639 -0.104016
v 255.597 -82.4977 930.862
vn -0.731297 -0.675205 0.0964531
v 255.193 -82.1151 931.815
vn -0.361888 -0.931246 0.0426295
v 255.573 -82.9163 931.506
vn -0.731297 -0.675205 0.0964531
v 255.522 -82.5215 931.465
vn -0.882456 -0.470377 -0.00409731
v 254.992 -81.7521 933.582
vn 0.00597417 0.967947 -0.251083
v 255.018 -81.5493 933.563
vn 0.395697 0.895682 -0.202923
v 255.241 -81.6292 933.378
vn -0.868539 -0.493637 -0.0442958
v 255.577 -82.8444 933.108
vn -0.908604 -0.416839 -0.0261473
v 254.756 -81.3315 935.945
vn 0.995825 0.0616251 -0.0673376
v 255.785 -82.4235 936.09
vn 0.626671 0.764556 -0.150787
v 255.605 -81.4831 935.588
vn 0.411136 0.899182 -0.149798
v 255.284 -80.9907 936.936
vn 0.56885 0.810991 -0.13676
v 256.049 -81.3909 938.008
vn -0.993031 -0.11775 0.00496744
v 254.975 -82.0997 940.051
vn -0.336973 -0.633119 0.696857
v 254.557 -80.9616 941.711
vn -0.987761 -0.118812 -0.101056
v 254.95 -82.0569 942.459
vn -0.915456 -0.398349 0.0570834
v 254.826 -81.4823 941.191
vn -0.973254 -0.186849 0.133659
v 254.884 -81.5659 941.403
vn -0.854922 -0.296082 0.425962
v 254.876 -81.3463 941.582
vn -0.616328 -0.574789 0.538291
v 254.789 -81.2248 941.567
vn -0.988024 -0.0582188 0.142898
v 254.924 -81.3207 941.782
vn -0.999629 -0.026888 0.00431662
v 254.938 -81.2784 942.181
vn -0.52339 -0.603105 0.601937
v 254.91 -81.1221 941.762
vn -0.831731 -0.54953 0.0789991
v 254.792 -80.6731 942.317
vn 0.925129 0.37857 -0.028642
v 255.574 -80.6317 941.938
vn 0.727157 0.683958 0.058685
v 255.749 -80.835 941.751
vn -0.981589 -0.115925 -0.151805
v 254.815 -82.0302 942.854
vn -0.992354 0.120355 -0.0273637
v 254.89 -81.6427 942.617
vn -0.968181 -0.249669 -0.0170594
v 254.899 -81.0984 943.971
vn -0.774473 -0.62984 -0.0591073
v 254.675 -80.5588 943.307
vn 0.894958 0.444899 0.0333865
v 255.645 -80.8607 943.572
vn 0.990716 0.131315 -0.0351774
v 255.595 -80.7068 943.153
vn 0.979212 -0.185946 -0.08104
v 255.639 -80.6408 943.751
vn 0.956884 -0.272918 -0.0994369
v 255.67 -80.4783 943.334
vn 0.994161 -0.0891046 0.0608568
v 256.059 -81.8583 943.284
vn 0.833745 0.540572 0.112476
v 256.096 -81.2337 943.424
vn -0.554751 -0.831933 -0.011786
v 254.416 -80.4902 945.302
vn -0.773346 -0.633054 -0.0343295
v 254.481 -80.5786 945.514
vn -0.159392 -0.98658 -0.0354079
v 254.434 -80.4655 944.495
vn 0.938882 -0.31843 -0.130777
v 255.757 -80.7261 944.77
vn 0.998313 -0.0245286 0.0526272
v 256.105 -81.5511 944.26
vn 0.993825 0.0964748 -0.0548184
v 255.837 -80.5057 944.868
vn 0.979336 0.201033 0.0220703
v 255.728 -81.4271 945.844
vn 0.96993 0.240416 0.0379078
v 255.996 -80.8761 947.005
vn -0.92129 -0.38887 0.00218354
v 254.766 -81.2626 948.407
vn 0.788366 0.614144 0.0361537
v 255.573 -79.9772 948.309
vn 0.952094 0.296724 0.0739693
v 255.903 -81.302 948.854
vn 0.949442 0.310648 0.0453665
v 255.819 -80.5106 948.773
vn -0.93809 -0.346311 -0.00745316
v 254.953 -81.218 950.622
vn 0.894312 0.44559 0.0406921
v 255.55 -80.5504 952.588
vn 0.248096 0.964937 0.0856976
v 254.803 -79.8243 954.5
vn 0.842061 0.53937 0.00364864
v 255.155 -80.2442 955.962
vn 0.281211 0.944579 -0.169386
v 255.127 -81.1145 935.719
vn -0.911743 0.242872 -0.331268
v 254.661 -80.7876 936.893
vn -0.754382 0.590519 -0.286697
v 254.909 -81.0495 936.124
vn 0.526632 0.842082 -0.116435
v 255.107 -80.1589 940.467
vn 0.420635 0.887082 -0.190134
v 254.629 -79.7092 941.612
vn 0.796943 0.59546 -0.10154
v 255.483 -80.4616 941.717
vn 0.870575 0.43514 -0.229679
v 255.497 -80.1987 942.295
vn -0.401144 -0.915199 -0.0386497
v 254.45 -80.327 943.276
vn 0.991695 -0.00362267 -0.128558
v 255.57 -80.3707 942.516
vn 0.687514 0.704969 -0.174197
v 255.43 -79.9342 942.668
vn 0.98593 0.129706 -0.105441
v 255.764 -80.248 943.516
vn 0.549347 0.834227 -0.0477924
v 255.138 -79.5456 944.63
vn 0.506677 0.862065 0.0110265
v 254.849 -79.332 947.213
vn 0.408747 0.907973 0.0922565
v 254.586 -79.2692 949.41
vn 0.791119 -0.588723 -0.165941
v 256.278 -84.8116 963.494
vn 0.758054 -0.6126 -0.223774
v 256.444 -84.7533 963.896
vn 0.980481 -0.193405 0.0353782
v 256.413 -84.6748 964.692
vn 0.897438 -0.439855 -0.0336407
v 256.227 -85.422 965.765
vn 0.966664 -0.243993 0.0776449
v 256.062 -85.3233 968.564
vn 0.97452 -0.219459 0.0463535
v 256.212 -84.687 968.708
vn 0.981804 -0.143897 0.123911
v 256.196 -84.6432 971.116
vn 0.957545 -0.288099 -0.0103382
v 256.406 -84.2186 961.63
vn 0.963258 -0.257263 -0.0771336
v 256.444 -84.4146 963.259
vn 0.984005 -0.177992 0.00724428
v 256.642 -84.0095 965.036
vn 0.953508 0.293935 0.0665158
v 256.462 -83.4078 965.171
vn 0.957377 0.263148 0.119094
v 256.663 -83.5962 964.795
vn 0.914797 -0.377126 -0.144648
v 256.586 -83.1231 965.851
vn 0.888857 -0.418044 -0.18754
v 256.729 -82.8978 965.935
vn 0.936817 -0.349404 -0.0170701
v 256.579 -84.048 968.658
vn 0.988431 0.111186 0.103164
v 256.571 -83.8284 968.837
vn 0.959675 0.194191 0.20326
v 256.018 -83.1592 971.968
vn 0.880094 0.420018 0.221403
v 255.832 -82.399 971.685
vn 0.981131 -0.15449 -0.116254
v 256.152 -82.8468 953.239
vn 0.994979 -0.047167 -0.0882696
v 256.207 -82.641 953.221
vn 0.931797 0.361692 -0.0305655
v 255.993 -81.9066 960.581
vn 0.865188 0.495743 0.0754299
v 256.359 -82.823 963.099
vn 0.990252 -0.064294 -0.123565
v 256.226 -82.4573 962.856
vn 0.976801 -0.139089 -0.162831
v 256.192 -81.922 962.199
vn 0.968769 0.246838 0.0235943
v 256.64 -83.0549 962.528
vn 0.870945 0.491288 -0.00951236
v 256.343 -81.6607 964.592
vn 0.94939 -0.243033 -0.198981
v 256.614 -82.4324 964.678
vn 0.940521 0.338187 0.032411
v 256.557 -82.177 965.254
vn 0.480658 0.869541 0.113429
v 255.769 -81.6037 967.984
vn 0.777623 0.628672 0.00857868
v 256.131 -81.9355 968.03
vn 0.729054 0.675512 0.110287
v 256.111 -81.6602 966.795
vn 0.913823 0.402167 0.0564709
v 256.251 -82.123 968.053
vn 0.655305 0.751082 0.0803209
v 256.133 -81.8944 968.428
vn 0.933113 0.353291 0.0669709
v 256.261 -82.0809 968.451
vn 0.909471 -0.382093 -0.163911
v 256.102 -81.6811 948.899
vn 0.512929 0.853731 0.0897093
v 255.812 -81.087 964.114
vn 0.999966 -0.00434671 0.00695303
v 256.314 -81.4972 940.643
vn 0.578009 0.814632 0.0477597
v 256.221 -81.0455 941.198
vn -0.916538 -0.345161 0.202045
v 186.884 -66.8241 1070.24
vn -0.990812 -0.0960071 0.095259
v 186.769 -65.7337 1071.13
vn -0.914229 0.364645 -0.176689
v 186.817 -65.2876 1071.49
vn 0.121328 0.82424 -0.55309
v 186.817 -65.2876 1071.49
vn -0.707396 -0.626686 0.326889
v 189.168 -72.5281 1065.66
vn -0.400176 -0.668951 0.626389
v 187.485 -68.9046 1069.06
vn -0.361112 -0.703609 0.611991
v 188.28 -69.4212 1069.14
vn 0.163102 0.816801 -0.553384
v 187.445 -68.0332 1067.36
vn -0.0983985 0.844119 -0.527049
v 187.14 -67.3221 1068.49
vn -0.606926 0.716474 -0.343956
v 187.306 -67.0838 1068.87
vn 0.262266 0.815678 -0.515642
v 187.177 -66.1868 1070.25
vn 0.153059 0.838652 -0.522719
v 186.861 -65.042 1071.87
vn -0.435556 0.882131 -0.179265
v 186.861 -65.042 1071.87
vn -0.435556 0.882131 -0.179265
v 186.807 -65.0259 1072.08
vn -0.737381 0.603659 0.303092
v 186.807 -65.0259 1072.08
vn -0.737381 0.603659 0.303092
v 187.018 -64.964 1072.47
vn -0.702529 0.520459 -0.485361
v 187.018 -64.964 1072.47
vn -0.842553 -0.232802 0.485703
v 187.061 -64.7391 1072.65
vn -0.220384 0.937197 -0.270356
v 187.061 -64.7391 1072.65
vn -0.747285 0.590774 0.304223
v 187.061 -64.7391 1072.65
vn -0.435556 0.882131 -0.179265
v 187.173 -64.7687 1072.46
vn -0.737381 0.603659 0.303092
v 187.173 -64.7687 1072.46
vn -0.702529 0.520459 -0.485361
v 187.173 -64.7687 1072.46
vn -0.220384 0.937197 -0.270356
v 187.173 -64.7687 1072.46
vn -0.782699 -0.32459 0.531059
v 187.275 -64.6756 1073.06
vn -0.756927 0.499092 0.421863
v 187.411 -64.6408 1073.26
vn -0.845594 0.509007 -0.160884
v 187.411 -64.6408 1073.26
vn -0.754215 0.546461 0.364061
v 187.523 -64.4596 1073.24
vn 0.213054 0.909233 -0.357636
v 187.523 -64.4596 1073.24
vn -0.845594 0.509007 -0.160884
v 187.523 -64.4596 1073.24
vn -0.837556 -0.0643768 0.542546
v 187.511 -64.4064 1073.47
vn 0.138289 0.800414 0.583279
v 187.511 -64.4064 1073.47
vn 0.0590479 0.972835 -0.223841
v 187.511 -64.4064 1073.47
vn -0.940521 -0.153576 -0.303044
v 187.715 -64.4242 1073.45
vn 0.138289 0.800414 0.583279
v 187.715 -64.4242 1073.45
vn -0.0155151 0.968011 -0.250426
v 187.715 -64.4242 1073.45
vn -0.940521 -0.153576 -0.303044
v 187.67 -64.5726 1073.66
vn 0.138289 0.800414 0.583279
v 187.67 -64.5726 1073.66
vn -0.848751 -0.0555324 0.525869
v 187.644 -64.3752 1073.64
vn -0.0155151 0.968011 -0.250426
v 187.644 -64.3752 1073.64
vn -0.472045 0.869799 0.143608
v 187.644 -64.3752 1073.64
vn -0.938799 -0.315174 -0.139003
v 191.283 -76.6684 1060.51
vn -0.302899 -0.817967 0.489062
v 189.649 -74.555 1063.06
vn 0.451017 0.860783 -0.235874
v 190.419 -71.977 1061.62
vn 0.193043 0.932158 -0.306293
v 189.751 -71.489 1062.16
vn -0.556265 0.559994 -0.613983
v 189.751 -71.489 1062.16
vn -0.43852 0.830842 0.342639
v 188.265 -64.2068 1074.66
vn -0.318263 0.895851 0.310097
v 188.455 -64.1016 1074.65
vn 0.439724 0.761865 -0.47561
v 188.455 -64.1016 1074.65
vn -0.232515 0.891124 0.389659
v 189.254 -64.2295 1075.42
vn 0.0358981 0.570807 0.8203
v 189.254 -64.2295 1075.42
vn 0.265264 0.870345 -0.41489
v 189.453 -64.2112 1075.4
vn 0.0358981 0.570807 0.8203
v 189.453 -64.2112 1075.4
vn -0.331229 -0.0290155 0.943104
v 189.453 -64.2112 1075.4
vn 0.075552 0.947607 0.310374
v 189.453 -64.2112 1075.4
vn -0.538672 0.641304 -0.546407
v 192.462 -76.3321 1054.69
vn 0.63979 0.763656 -0.0865942
v 192.54 -72.7034 1060.36
vn 0.838875 0.272051 0.471462
v 191.139 -64.8889 1075.23
vn 0.614173 0.783001 0.0984948
v 191.139 -64.8889 1075.23
vn 0.458445 0.258701 0.850236
v 191.139 -64.8889 1075.23
vn 0.614173 0.783001 0.0984948
v 191.162 -64.8823 1075.03
vn 0.331632 0.828405 -0.451404
v 191.41 -65.0768 1074.85
vn 0.658291 0.745752 0.102503
v 191.41 -65.0768 1074.85
vn 0.378716 -0.120457 0.917641
v 191.41 -65.0768 1074.85
vn 0.716225 0.556168 0.421544
v 191.41 -65.0768 1074.85
vn 0.0358981 0.570807 0.8203
v 189.876 -64.4411 1075.54
vn -0.297223 0.947975 0.114026
v 189.876 -64.4411 1075.54
vn -0.109531 -0.875657 -0.470348
v 189.876 -64.4411 1075.54
vn -0.223612 -0.213803 0.95094
v 189.876 -64.4411 1075.54
vn -0.0162083 0.180455 0.98345
v 189.876 -64.4411 1075.54
vn -0.297223 0.947975 0.114026
v 190.069 -64.3564 1075.34
vn 0.662363 -0.642396 -0.385489
v 190.069 -64.3564 1075.34
vn -0.109531 -0.875657 -0.470348
v 190.069 -64.3564 1075.34
vn -0.0162083 0.180455 0.98345
v 190.223 -64.5198 1075.56
vn -0.251378 -0.846373 -0.469534
v 190.223 -64.5198 1075.56
vn 0.686247 -0.269053 -0.675777
v 190.223 -64.5198 1075.56
vn -0.109531 -0.875657 -0.470348
v 190.081 -64.4722 1075.55
vn -0.145404 -0.35036 0.92526
v 190.081 -64.4722 1075.55
vn -0.251378 -0.846373 -0.469534
v 190.081 -64.4722 1075.55
vn 0.182882 0.91991 -0.34687
v 190.074 -64.3553 1075.34
vn -0.251378 -0.846373 -0.469534
v 190.074 -64.3553 1075.34
vn 0.686247 -0.269053 -0.675777
v 190.074 -64.3553 1075.34
vn 0.363826 0.260402 0.894327
v 190.064 -64.3289 1075.61
vn 0.075552 0.947607 0.310374
v 190.064 -64.3289 1075.61
vn 0.411697 0.259906 0.873473
v 190.285 -64.512 1075.57
vn 0.567997 0.817627 0.0941569
v 190.266 -64.317 1075.52
vn -0.297223 0.947975 0.114026
v 190.266 -64.317 1075.52
vn -0.0162083 0.180455 0.98345
v 190.266 -64.317 1075.52
vn 0.686247 -0.269053 -0.675777
v 190.266 -64.317 1075.52
vn 0.411697 0.259906 0.873473
v 190.266 -64.317 1075.52
vn 0.176844 0.907238 -0.381635
v 190.266 -64.317 1075.52
vn 0.075552 0.947607 0.310374
v 190.266 -64.317 1075.52
vn -0.905717 -0.30103 -0.298424
v 195.346 -82.3581 1054.18
vn -0.625527 -0.778333 0.0539823
v 195.487 -82.2046 1053.57
vn -0.8842 -0.427968 -0.187173
v 194.071 -81.1853 1057.04
vn -0.592205 -0.689355 0.417233
v 194.056 -76.8654 1065.46
vn 0.309043 -0.572157 0.75969
v 192.958 -74.6036 1067.61
vn 0.940296 0.321436 0.111903
v 194.228 -74.9668 1056.43
vn 0.26669 0.882194 -0.388085
v 193.442 -73.6104 1060.29
vn 0.752871 0.0444774 0.656664
v 193.176 -66.4344 1073.64
vn 0.716225 0.556168 0.421544
v 193.176 -66.4344 1073.64
vn 0.792776 0.604257 -0.079876
v 193.176 -66.4344 1073.64
vn 0.838875 0.272051 0.471462
v 191.615 -65.4739 1074.72
vn 0.378716 -0.120457 0.917641
v 191.615 -65.4739 1074.72
vn 0.378716 -0.120457 0.917641
v 192.49 -66.035 1074.28
vn 0.716225 0.556168 0.421544
v 192.49 -66.035 1074.28
vn -0.0883302 -0.745761 0.660332
v 196.336 -80.66 1062.7
vn 0.292181 0.938139 -0.185809
v 196.076 -78.368 1047.58
vn 0.39759 0.911465 0.105609
v 196.505 -78.4817 1047
vn 0.617552 0.786337 -0.0174394
v 195.813 -78.0189 1048.54
vn 0.50512 0.850877 -0.14444
v 195.813 -78.0189 1048.54
vn 0.621846 0.782801 -0.0230259
v 195.295 -77.3837 1050.47
vn 0.590212 0.602615 -0.537126
v 195.295 -77.3837 1050.47
vn 0.183846 0.864532 -0.467745
v 195.244 -77.034 1051.03
vn 0.902665 0.430168 -0.0122692
v 195.546 -76.9808 1051.24
vn 0.138443 0.778486 -0.612204
v 195.486 -71.7261 1067.04
vn 0.478344 0.771056 -0.42031
v 194.406 -69.6039 1069.1
vn 0.905745 0.423102 -0.0247352
v 194.901 -70.3313 1068.46
vn -0.0841097 0.703229 -0.705971
v 194.901 -70.3313 1068.46
vn 0.561886 0.728884 -0.391167
v 194.901 -70.3313 1068.46
vn 0.50149 0.760525 -0.412444
v 194.277 -68.1439 1071.64
vn 0.792776 0.604257 -0.079876
v 194.277 -68.1439 1071.64
vn 0.792776 0.604257 -0.079876
v 193.733 -67.2578 1072.94
vn 0.504366 0.861779 0.0543343
v 198.036 -79.0007 1044.29
vn -0.159473 0.949009 -0.271937
v 197.129 -78.5416 1046.43
vn -0.631862 -0.758132 -0.161202
v 199.014 -84.937 1054.17
vn 0.372068 0.90217 -0.218299
v 198.958 -79.563 1042.37
vn -0.13032 0.933016 -0.335407
v 198.937 -79.4963 1042.56
vn 0.126873 0.940702 -0.314615
v 199.184 -79.7859 1041.94
vn -0.250338 -0.914576 0.317618
v 201.876 -85.7008 1055.55
vn -0.310127 0.928843 -0.202662
v 200.5 -79.7082 1053.18
vn 0.101769 0.966695 -0.234829
v 201.19 -80.8202 1038.55
vn 0.54048 0.841351 0.00315467
v 201.19 -80.8202 1038.55
vn -0.202432 0.954979 0.216881
v 200.938 -78.9376 1048.61
vn 0.39585 0.869098 0.296599
v 200.739 -79.3062 1050.05
vn 0.316793 0.942856 -0.103274
v 200.379 -79.1465 1055.65
vn -0.0626843 0.962422 -0.264226
v 202.756 -82.0269 1037.32
vn -0.544547 0.705727 -0.45323
v 203.138 -81.9271 1037.73
vn -0.251953 0.90285 -0.348399
v 202.999 -79.9321 1050.8
vn 0.00495679 0.995106 -0.098684
v 202 -79.4947 1048.71
vn 0.673827 0.738832 -0.00913861
v 201.874 -78.7916 1058.69
vn 0.196291 0.980303 -0.0218169
v 205.396 -79.9144 1043.44
vn -0.359562 0.866994 -0.345018
v 205.396 -79.9144 1043.44
vn -0.0395892 0.921915 -0.385365
v 208.016 -86.6301 1023.54
vn -0.106312 -0.983941 0.143379
v 210.07 -88.6396 1046.08
vn -0.290049 0.819391 -0.494439
v 211.233 -89.0537 1017.81
vn 0.372345 0.921763 -0.108227
v 211.398 -88.8016 1018.19
vn 0.291691 0.949832 -0.112849
v 214.543 -90.6774 1013.03
vn -0.271557 0.836897 -0.475248
v 214.951 -90.8055 1013.35
vn 0.340856 0.940113 -0.00233193
v 214.247 -89.6194 1015.76
vn 0.436043 0.899207 0.0359596
v 214.577 -89.6521 1015.37
vn -0.0945368 0.915871 -0.390183
v 212.841 -82.3426 1029.67
vn -0.41137 0.678576 -0.608531
v 212.841 -82.3426 1029.67
vn 0.599005 0.688838 0.408282
v 212.363 -82.4235 1040.92
vn 0.504561 0.82457 0.255935
v 212.363 -82.4235 1040.92
vn -0.43074 0.735901 -0.522411
v 216.2 -92.2229 1009.65
vn 0.398009 -0.789791 0.46671
v 214.799 -90.0403 1039.95
vn 0.340897 0.930374 -0.134885
v 216.169 -90.7617 1012.72
vn -0.447207 0.68843 -0.571025
v 214.966 -84.4504 1026.01
vn -0.453872 0.655441 -0.603653
v 215.47 -83.617 1026.47
vn -0.0207512 0.944059 -0.329124
v 215.47 -83.617 1026.47
vn 0.372405 -0.815982 0.44214
v 216.945 -90.6213 1037.07
vn 0.195582 0.972337 -0.127705
v 217.297 -91.4633 1010.82
vn -0.423288 0.701892 -0.572865
v 215.786 -84.4343 1025.34
vn 0.25356 0.9656 -0.0576491
v 218.991 -91.8021 1008.9
vn -0.110032 0.924996 -0.363697
v 218.302 -84.8046 1022.87
vn -0.642551 0.420668 -0.640442
v 218.302 -84.8046 1022.87
vn -0.424879 0.676628 -0.601376
v 218.457 -84.5408 1023.61
vn 0.205738 -0.888156 0.410915
v 220.643 -94.1045 1026.69
vn 0.534625 0.759351 0.370893
v 219.085 -86.9684 1040.66
vn -0.361319 0.75572 -0.5462
v 220.713 -87.3448 1017.66
vn 0.20325 0.977611 -0.0544583
v 220.229 -84.526 1032.96
vn 0.36239 -0.807148 0.466032
v 223.504 -97.3212 1004.59
vn -0.532769 -0.803185 -0.266553
v 223.901 -97.3276 1004.8
vn -0.23885 -0.967947 0.0776503
v 222.57 -95.6587 1019.47
vn 0.475857 -0.732917 0.486203
v 222.475 -93.1803 1027.95
vn -0.420183 0.709478 -0.565763
v 221.329 -87.3533 1017.2
vn -0.651251 0.412835 -0.636741
v 221.364 -86.1821 1018.89
vn 0.313976 -0.851584 0.41979
v 225.038 -97.9646 1002.29
vn -0.521818 -0.835804 -0.170697
v 223.908 -97.1767 1011.83
vn 0.093717 -0.956793 0.275254
v 224.977 -97.4995 1010.69
vn 0.295744 -0.84897 0.437933
v 223.404 -95.0979 1023.06
vn 0.402853 -0.782699 0.474438
v 227.372 -98.4226 999.403
vn 0.243935 -0.896816 0.369076
v 226.323 -98.2432 1000.35
vn -0.360692 -0.912611 -0.192462
v 226.238 -97.8073 1001.92
vn 0.168184 0.985692 -0.0112169
v 226.444 -94.6645 996.585
vn -0.140696 -0.989687 0.0269042
v 225.625 -92.2215 1026.68
vn -0.667976 0.388447 -0.634757
v 224.965 -89.9573 1011.59
vn -0.409124 -0.901274 -0.142556
v 228.647 -98.1487 995.601
vn 0.161099 -0.932634 0.322862
v 227.335 -92.6214 1024.37
vn -0.239585 -0.970807 -0.0115143
v 226.26 -92.3334 1025.91
vn 0.0781644 -0.991403 0.104934
v 229.887 -98.6814 996.507
vn -0.515413 0.767689 -0.380792
v 229.312 -95.0397 996.121
vn -0.0905674 0.988344 -0.122364
v 229.836 -94.3653 996.475
vn 0.248507 0.968545 -0.0128728
v 228.282 -91.5569 1006.4
vn -0.270902 0.82371 -0.49811
v 229.421 -88.2552 1009.93
vn -0.474753 -0.833584 -0.282397
v 231.429 -98.7348 999.378
vn 0.251217 0.967931 -0.000489262
v 231.241 -93.1836 999.626
vn -0.716015 0.195022 -0.67029
v 230.769 -88.8898 1008.31
vn 0.16382 -0.98155 0.0986005
v 232.655 -98.8504 991.188
vn -0.2824 0.920742 -0.269228
v 232.481 -93.4435 997.685
vn 0.24919 0.968382 -0.0118363
v 232.793 -92.7961 1000.25
vn -0.178743 -0.9774 -0.112872
v 234.128 -98.6812 995.85
vn 0.25526 -0.961014 0.106275
v 234.516 -98.7109 988.627
vn -0.436416 0.848759 -0.298578
v 234.912 -94.6946 988.042
vn 0.00617397 0.977154 -0.212444
v 233.877 -91.8576 1001.2
vn 0.315974 0.946839 -0.0604652
v 232.618 -87.5518 1009.17
vn -0.651128 0.664063 -0.367495
v 236.167 -95.14 980.087
vn -0.45771 0.761849 -0.458352
v 235.508 -91.9254 1000.66
vn 0.403362 -0.88216 0.24309
v 237.59 -94.5205 1008.63
vn -0.359709 0.929057 -0.0863915
v 238.857 -94.8518 975.931
vn -0.510388 0.800551 -0.314042
v 238.492 -94.9418 982.765
vn -0.625477 0.692892 -0.358718
v 238.492 -94.9418 982.765
vn -0.780699 0.00694751 -0.624869
v 237.612 -88.8111 1002.24
vn 0.500018 0.819186 0.280921
v 237.253 -87.7668 1009.76
vn 0.207029 -0.976781 0.0551253
v 240.059 -97.5678 995.349
vn -0.330622 -0.907654 -0.258561
v 239.953 -97.4005 975.016
vn -0.537839 -0.776541 -0.328197
v 239.346 -97.8802 977.146
vn 0.467319 -0.83819 0.28116
v 239.683 -94.4865 1005.29
vn 0.402993 0.85672 0.321912
v 239.641 -94.1876 981.927
vn -0.382376 0.900611 0.206611
v 239.641 -94.1876 981.927
vn -0.0529274 0.998397 -0.020072
v 239.641 -94.1876 981.927
vn -0.187791 0.972434 0.138225
v 239.644 -94.2955 982.233
vn -0.39455 0.849169 -0.351059
v 238.81 -94.3263 983.52
vn -0.119583 0.991367 -0.0537636
v 238.81 -94.3263 983.52
vn -0.136603 0.990232 0.0279154
v 240.352 -94.1737 980.744
vn -0.00731074 0.984558 0.174907
v 238.283 -87.0747 1005.91
vn -0.585823 0.783702 -0.206451
v 240.554 -94.6549 979.592
vn -0.136603 0.990232 0.0279154
v 240.468 -94.1634 980.948
vn 0.172668 0.973095 0.152552
v 241.862 -94.0909 981.192
vn 0.0126672 0.990138 0.139525
v 240.393 -94.0847 983.552
vn -0.0859004 0.994768 0.0552911
v 241.931 -93.8694 977.553
vn -0.218999 0.972789 0.0756413
v 241.078 -93.9323 979.741
vn 0.420035 0.833362 0.359275
v 241.078 -93.9323 979.741
vn -0.115427 0.989348 -0.0886919
v 241.078 -93.9323 979.741
vn -0.165244 0.985397 -0.0410659
v 241.509 -93.9704 978.754
vn -0.719638 0.494559 -0.487373
v 240.068 -88.8796 999.114
vn 0.141226 -0.969817 -0.19877
v 242.446 -97.5509 988.394
vn 0.0384909 -0.992901 -0.112542
v 242.78 -97.1352 989.37
vn 0.215933 -0.976356 0.0100846
v 243.005 -97.1651 972.689
vn 0.647945 -0.66351 0.374061
v 242.972 -97.2073 974.17
vn -0.363276 -0.808524 -0.462947
v 243.728 -96.7691 974.284
vn -0.928891 0.150215 -0.338522
v 243.055 -95.5165 968.908
vn 0.0147645 0.996723 0.0795262
v 243.571 -93.5323 974.964
vn 0.27163 0.877425 0.395402
v 242.857 -93.3433 970.586
vn 0.0666326 0.972679 0.222388
v 241.952 -86.3759 1001.15
vn 0.818323 -0.433843 0.376998
v 244.158 -96.2363 994.76
vn 0.132642 -0.979468 -0.151817
v 244.628 -96.7114 970.289
vn 0.133515 -0.980191 -0.146284
v 245.234 -96.4001 984.759
vn -0.926572 0.301292 -0.22514
v 244.11 -94.6631 966.323
vn -0.827633 -0.272161 -0.490868
v 244.201 -94.4818 966.031
vn -0.00551638 0.983257 0.18214
v 243.891 -93.5308 978.193
vn -0.838435 0.446306 -0.312789
v 243.966 -93.4159 966.804
vn -0.887933 0.0342443 -0.458696
v 244.44 -93.0561 965.898
vn -0.514789 0.855814 -0.0507373
v 243.91 -93.0437 967.487
vn 0.350062 0.804081 0.480531
v 244.853 -92.4863 967.666
vn -0.31136 0.716081 0.624726
v 245.081 -92.8527 968.113
vn -0.332887 0.942857 0.0143456
v 243.857 -92.9705 969.281
vn -0.724299 0.593723 -0.350548
v 244.159 -88.0417 993.345
vn -0.698124 -0.472429 -0.537991
v 243.23 -88.3965 994.754
vn -0.620369 0.715484 -0.321288
v 243.324 -88.2239 994.374
vn -0.970537 -0.00493064 -0.240902
v 243.324 -88.2239 994.374
vn -0.47855 0.844828 -0.239282
v 243.118 -86.805 996.587
vn 0.617347 -0.780995 0.094499
v 246.631 -95.6256 981.973
vn 0.181263 -0.96377 -0.195681
v 246.624 -95.6394 966.433
vn 0.5105 -0.842866 0.170195
v 246.234 -93.5067 993.156
vn 0.100947 0.94286 0.317529
v 245.503 -92.8269 975.164
vn -0.0729109 0.963207 0.25868
v 245.312 -93.0769 975.785
vn -0.116397 0.988298 0.0985839
v 245.748 -93.6004 976.657
vn -0.732808 0.559173 -0.387709
v 246.768 -93.4092 975.87
vn -0.536479 0.835885 -0.116134
v 246.768 -93.4092 975.87
vn -0.590086 0.761373 -0.268532
v 245.537 -93.6535 977.258
vn -0.42497 0.886992 -0.18068
v 244.733 -86.4376 994.614
vn 0.0212546 0.982723 0.183856
v 244.637 -85.9353 996.572
vn 0.4789 -0.850457 0.217666
v 248.536 -95.2801 968.879
vn 0.893178 -0.294629 0.339745
v 247.979 -93.1319 989.159
vn -0.781425 0.420118 -0.461385
v 248.156 -92.8263 973.65
vn -0.801737 0.373029 -0.466977
v 248.378 -92.9228 973.265
vn -0.06871 0.991914 0.106701
v 246.963 -93.1458 974.444
vn -0.763786 0.533581 -0.36321
v 247.02 -92.4182 985.032
vn 0.383769 0.860479 0.335108
v 247.98 -92.3659 970.783
vn -0.165146 0.977187 0.133537
v 248.063 -92.2621 974.999
vn -0.825656 0.46163 -0.324331
v 246.804 -87.4352 988.736
vn -0.890471 -0.0257728 -0.454309
v 246.804 -87.4352 988.736
vn -0.194829 0.980337 0.0313062
v 246.072 -85.5634 993.972
vn -0.148818 -0.938148 -0.312622
v 249.356 -95.1414 967.688
vn 0.392517 -0.914194 -0.100899
v 250.102 -93.8317 964.569
vn 0.125886 -0.928661 -0.348915
v 250.102 -93.8317 964.569
vn -0.340238 -0.837388 -0.427809
v 249.745 -92.6796 958.006
vn 0.433489 -0.869439 -0.236988
v 249.745 -92.6796 958.006
vn -0.417196 0.908816 0.00052317
v 249.494 -91.7555 971.983
vn -0.87547 0.252661 -0.411965
v 249.118 -91.3067 982.182
vn 0.192541 -0.899351 -0.392551
v 250.119 -92.0302 956.438
vn 0.832842 0.356661 0.423281
v 247.694 -87.1421 996.6
vn 0.659475 0.714338 0.234123
v 248.529 -87.6544 996.681
vn 0.943527 -0.019079 0.330746
v 248.653 -87.6919 996.191
vn -0.000392506 0.946964 0.321341
v 249.989 -89.5309 959.111
vn 0.727361 0.541892 0.421069
v 249.976 -89.3082 958.686
vn 0.790838 0.50052 0.352213
v 249.569 -89.6532 960.314
vn 0.184917 0.969148 0.162965
v 249.781 -89.56 959.508
vn -0.0857098 0.141058 0.986284
v 248.596 -90.3096 961.752
vn -0.308577 0.937055 0.163424
v 248.984 -90.1843 961.768
vn -0.0857098 0.141058 0.986284
v 248.984 -90.1843 961.768
vn 0.844385 0.0612082 0.532229
v 248.984 -90.1843 961.768
vn -0.0857098 0.141058 0.986284
v 248.964 -89.9874 961.738
vn 0.764716 0.403912 0.50206
v 248.964 -89.9874 961.738
vn -0.627536 -0.688352 -0.363828
v 248.923 -86.8395 984.548
vn -0.623583 -0.666744 -0.408162
v 248.202 -87.6498 987.216
vn 0.913958 -0.0194176 0.405344
v 247.767 -86.9567 996.364
vn -0.499826 0.862667 0.077324
v 249.498 -89.1813 957.249
vn -0.799718 0.587971 0.121413
v 249.498 -89.1813 957.249
vn -0.670706 0.719567 0.179934
v 249.771 -88.6341 956.4
vn -0.158898 0.985246 0.0635678
v 247.51 -85.2237 991.376
vn 0.628519 -0.763458 0.148644
v 250.217 -88.629 991.408
vn 0.921699 -0.0420934 0.385616
v 249.401 -87.5875 994.493
vn -0.784676 -0.498298 -0.368758
v 249.326 -87.5608 984.993
vn -0.900172 0.332567 -0.28123
v 251.705 -88.4465 950.392
vn -0.970668 0.127777 -0.203658
v 251.13 -89.1356 952.128
vn -0.947864 0.225449 -0.225227
v 251.292 -88.8057 951.242
vn -0.544993 0.736646 0.40042
v 251.219 -88.1801 952.586
vn -0.128799 0.991225 -0.0297208
v 251.219 -88.1801 952.586
vn -0.358109 0.743329 -0.564996
v 251.009 -88.34 953.599
vn 0.911225 -0.0248776 -0.411158
v 251.181 -88.331 954.007
vn 0.685856 0.68939 0.233115
v 251.086 -88.1614 953.786
vn 0.911225 -0.0248776 -0.411158
v 251.086 -88.1614 953.786
vn 0.244833 0.927116 -0.283749
v 251.086 -88.1614 953.786
vn -0.869288 0.483269 -0.103873
v 251.086 -88.1614 953.786
vn -0.128799 0.991225 -0.0297208
v 251.086 -88.1614 953.786
vn -0.358109 0.743329 -0.564996
v 250.971 -88.0735 953.974
vn 0.244833 0.927116 -0.283749
v 250.971 -88.0735 953.974
vn 0.0356026 -0.0983282 -0.994517
v 250.971 -88.0735 953.974
vn 0.630626 -0.552922 -0.5446
v 251.136 -87.9561 953.767
vn 0.334718 -0.929439 -0.155262
v 251.136 -87.9561 953.767
vn 0.0356026 -0.0983282 -0.994517
v 251.032 -87.9466 953.963
vn 0.992382 0.0295038 0.119618
v 251.178 -88.1242 953.986
vn -0.705385 -0.621333 -0.341142
v 251.178 -88.1242 953.986
vn 0.244833 0.927116 -0.283749
v 251.178 -88.1242 953.986
vn 0.0356026 -0.0983282 -0.994517
v 251.178 -88.1242 953.986
vn 0.630626 -0.552922 -0.5446
v 251.178 -88.1242 953.986
vn 0.763918 -0.644816 -0.0253206
v 251.178 -88.1242 953.986
vn 0.679931 0.674633 0.287339
v 251.412 -88.1489 952.79
vn -0.128799 0.991225 -0.0297208
v 251.412 -88.1489 952.79
vn 0.59766 -0.789949 -0.137047
v 251.361 -87.8065 953.358
vn 0.652813 -0.752654 -0.0857211
v 251.357 -87.9118 953.978
vn -0.880004 0.374169 -0.292558
v 250.379 -88.1905 956.176
vn -0.671325 0.740753 -0.0246672
v 250.379 -88.1905 956.176
vn 0.461838 0.645771 0.608018
v 250.764 -88.6273 957.44
vn 0.784658 0.000581578 0.619928
v 250.764 -88.6273 957.44
vn 0.544723 0.633124 0.549937
v 250.785 -88.4455 957.222
vn -0.481635 0.819516 0.310519
v 250.721 -88.3825 957.213
vn 0.481495 0.652717 0.584912
v 250.972 -88.2667 956.808
vn 0.442228 0.656129 0.611497
v 250.898 -88.0027 956.579
vn 0.302482 0.672633 0.675329
v 251.092 -87.883 956.373
vn -0.436865 0.872095 0.220451
v 251.092 -87.883 956.373
vn 0.191929 0.885249 0.423671
v 251.092 -87.883 956.373
vn 0.779882 0.302812 0.547803
v 250.158 -89.0149 958.207
vn 0.387276 0.662871 0.640796
v 250.158 -89.0149 958.207
vn -0.0369156 0.987853 0.150943
v 249.114 -84.6451 989.164
vn 0.0338128 0.999411 -0.00584007
v 251.411 -87.8954 951.76
vn -0.544993 0.736646 0.40042
v 251.393 -87.8167 952.154
vn 0.689188 0.650581 0.319005
v 251.393 -87.8167 952.154
vn 0.121921 0.974355 -0.189124
v 251.393 -87.8167 952.154
vn 0.0338128 0.999411 -0.00584007
v 251.61 -87.9016 951.856
vn -0.700821 -0.575555 -0.42141
v 251.544 -87.4335 952.545
vn -0.843062 0.422625 -0.332616
v 251.544 -87.4335 952.545
vn 0.438157 -0.85022 -0.291794
v 251.544 -87.4335 952.545
vn -0.809586 0.501208 -0.305552
v 251.697 -87.2195 952.507
vn 0.709213 -0.475236 -0.520738
v 251.697 -87.2195 952.507
vn 0.360264 0.808448 -0.465426
v 251.697 -87.2195 952.507
vn -0.58324 0.809996 0.0611329
v 251.246 -87.3647 953.511
vn 0.622484 0.277067 -0.731948
v 251.63 -87.206 952.705
vn -0.773028 0.529346 -0.349601
v 251.63 -87.206 952.705
vn -0.789461 0.587649 -0.177259
v 251.265 -87.3194 955.116
vn 0.217393 0.94499 0.244405
v 251.265 -87.3194 955.116
vn -0.298162 0.925902 -0.23196
v 251.265 -87.3194 955.116
vn -0.306881 0.950711 -0.0444176
v 251.479 -87.3486 954.725
vn 0.976882 0.175316 0.122337
v 251.479 -87.3486 954.725
vn 0.234954 0.970377 0.0562535
v 251.479 -87.3486 954.725
vn 0.217393 0.94499 0.244405
v 251.492 -87.3752 955.13
vn -0.8595 0.510121 -0.0321976
v 250.521 -83.9611 979.493
vn -0.914761 0.396087 -0.079541
v 250.229 -84.4694 980.74
vn -0.0327127 0.988072 0.150479
v 249.745 -84.4144 987.152
vn 0.580167 -0.804305 -0.128448
v 250.435 -82.483 959.836
vn 0.112255 -0.993488 0.0195191
v 250.435 -82.483 959.836
vn -0.696636 -0.717176 0.0188692
v 250.209 -82.4889 960.834
vn -0.974289 -0.140319 0.176272
v 250.659 -82.2798 964.248
vn -0.957928 -0.276957 0.075286
v 250.811 -82.382 965.068
vn -0.79528 0.583997 0.162717
v 250.754 -82.1879 965.047
vn 0.568328 -0.807669 -0.15708
v 250.437 -82.3966 959.399
vn -0.966589 0.0813583 -0.243077
v 250.437 -82.3966 959.399
vn 0.759561 0.471506 -0.44805
v 250.437 -82.3966 959.399
vn 0.759561 0.471506 -0.44805
v 250.55 -82.3617 959.627
vn -0.572837 -0.581504 -0.577677
v 250.55 -82.3617 959.627
vn 0.759561 0.471506 -0.44805
v 250.409 -82.1786 959.582
vn -0.572837 -0.581504 -0.577677
v 250.409 -82.1786 959.582
vn -0.563532 0.289027 -0.773883
v 250.409 -82.1786 959.582
vn -0.563532 0.289027 -0.773883
v 250.619 -82.2186 959.414
vn 0.707905 -0.67106 -0.220337
v 250.619 -82.2186 959.414
vn 0.984464 -0.149209 -0.0925628
v 250.619 -82.2186 959.414
vn 0.460276 0.414023 -0.785322
v 250.619 -82.2186 959.414
vn 0.984464 -0.149209 -0.0925628
v 250.641 -82.3316 959.829
vn 0.460276 0.414023 -0.785322
v 250.677 -81.9482 959.591
vn 0.0355621 -0.0984687 -0.994505
v 250.677 -81.9482 959.591
vn 0.556368 -0.47486 -0.681882
v 250.677 -81.9482 959.591
vn -0.874527 0.417952 -0.246005
v 250.577 -81.8608 959.578
vn 0.460276 0.414023 -0.785322
v 250.577 -81.8608 959.578
vn 0.0355358 -0.0984326 -0.994509
v 250.577 -81.8608 959.578
vn -0.244362 -0.707052 -0.6636
v 250.722 -81.5433 959.552
vn -0.915809 0.26213 -0.304273
v 250.722 -81.5433 959.552
vn -0.969348 0.138467 -0.202954
v 249.995 -82.2565 961.206
vn -0.92029 -0.337298 0.198231
v 249.995 -82.2565 961.206
vn -0.298498 0.934798 0.192488
v 252.512 -89.2276 955.752
vn -0.938691 0.10543 -0.328242
v 253.101 -89.0383 958.972
vn -0.831482 -0.444746 -0.332925
v 252.306 -87.3858 977.816
vn 0.856576 -0.493865 0.149579
v 252.309 -88.2623 949.614
vn -0.0222059 -0.847381 -0.530521
v 252.109 -88.2815 949.627
vn -0.2808 -0.126327 -0.951416
v 252.882 -88.1263 950.226
vn 0.621053 -0.737487 0.26534
v 252.882 -88.1263 950.226
vn -0.369297 0.619128 0.693038
v 252.882 -88.1263 950.226
vn -0.785864 0.617574 0.0319375
v 252.789 -88.4391 955.282
vn 0.614231 0.723952 0.314029
v 250.532 -84.6009 988.607
vn 0.327633 0.886187 0.327613
v 252.426 -87.399 949.334
vn 0.146531 0.908525 0.391295
v 252.426 -87.399 949.334
vn -0.0557153 0.982508 0.177689
v 252.426 -87.399 949.334
vn 0.351675 -0.62972 -0.69266
v 252.426 -87.399 949.334
vn 0.474217 0.784771 -0.399065
v 252.426 -87.399 949.334
vn -0.369297 0.619128 0.693038
v 252.426 -87.399 949.334
vn 0.197864 0.97498 0.101306
v 252.426 -87.399 949.334
vn -0.877276 -0.0583224 -0.47643
v 252.642 -87.346 948.532
vn -0.910531 0.348735 -0.222073
v 252.642 -87.346 948.532
vn -0.408755 0.0614461 -0.910573
v 252.642 -87.346 948.532
vn 0.24388 0.946706 0.210404
v 252.719 -87.1208 948.512
vn -0.408755 0.0614461 -0.910573
v 252.719 -87.1208 948.512
vn 0.248649 0.45388 -0.855667
v 252.719 -87.1208 948.512
vn -0.408755 0.0614461 -0.910573
v 252.842 -87.3173 948.444
vn 0.248649 0.45388 -0.855667
v 252.842 -87.3173 948.444
vn 0.44711 -0.0454899 -0.893322
v 252.842 -87.3173 948.444
vn 0.856576 -0.493865 0.149579
v 253.041 -87.3167 948.543
vn 0.44711 -0.0454899 -0.893322
v 253.041 -87.3167 948.543
vn 0.994172 0.104819 0.025197
v 253.041 -87.3167 948.543
vn 0.44711 -0.0454899 -0.893322
v 253.034 -87.2481 948.536
vn 0.994172 0.104819 0.025197
v 253.034 -87.2481 948.536
vn 0.37069 0.926857 0.0593629
v 253.034 -87.2481 948.536
vn 0.364302 -0.734181 -0.572942
v 253.029 -87.2624 948.791
vn 0.856576 -0.493865 0.149579
v 253.029 -87.2624 948.791
vn 0.994172 0.104819 0.025197
v 253.029 -87.2624 948.791
vn 0.788854 -0.543614 -0.286692
v 253.029 -87.2624 948.791
vn 0.185076 0.884589 0.428076
v 253.05 -87.6496 949.582
vn 0.474217 0.784771 -0.399065
v 253.05 -87.6496 949.582
vn 0.622484 0.277067 -0.731948
v 251.741 -87.3945 952.727
vn 0.707968 -0.665643 -0.236011
v 251.741 -87.3945 952.727
vn 0.51802 0.802295 -0.296612
v 251.872 -87.1806 952.711
vn -0.788197 0.520143 -0.328933
v 251.69 -86.998 952.887
vn 0.489249 0.862848 -0.126999
v 251.69 -86.998 952.887
vn 0.954599 -0.280776 0.0995318
v 251.891 -87.1377 953.11
vn -0.865495 -0.500752 -0.0128437
v 251.256 -83.1712 969.989
vn -0.777954 0.62408 0.0728752
v 251.132 -82.8735 971.765
vn -0.671447 -0.730446 -0.124928
v 251.61 -83.6518 973.87
vn -0.686274 0.725949 0.0450191
v 250.879 -83.5278 977.452
vn -0.645008 0.756884 0.105312
v 250.983 -83.3577 977.036
vn -0.822492 0.558754 0.106306
v 251.025 -82.586 968.716
vn -0.00572792 -0.986438 -0.164037
v 251.54 -81.0021 957.718
vn 0.683167 -0.58484 -0.437315
v 250.951 -81.5894 959.565
vn -0.126435 -0.792424 -0.596724
v 250.951 -81.5894 959.565
vn -0.935224 0.296218 -0.193936
v 250.94 -81.161 959.12
vn -0.348583 -0.7517 -0.559855
v 251.133 -81.2987 959.14
vn 0.0212767 -0.979936 -0.198174
v 251.133 -81.2987 959.14
vn 0.541656 -0.802477 -0.250278
v 251.33 -81.4618 959.968
vn -0.975312 0.114727 -0.188693
v 251.331 -80.8425 957.896
vn -0.0597305 0.992153 0.109835
v 252.245 -79.2512 954.352
vn 0.806141 -0.591133 0.0264131
v 253.248 -90.6328 972.811
vn 0.979667 0.118396 0.161972
v 254.494 -88.3009 972.624
vn -0.193536 -0.884489 -0.424527
v 253.858 -87.8391 950.233
vn -0.0903426 -0.412703 -0.906374
v 253.858 -87.8391 950.233
vn 0.637145 -0.735964 -0.228916
v 253.609 -88.7528 955.342
vn 0.897503 -0.439294 0.0388395
v 254.375 -88.4107 955.939
vn -0.886028 0.456606 -0.0804073
v 253.449 -88.4424 958.523
vn -0.974584 0.197719 -0.105329
v 254.011 -87.0728 948.956
vn -0.0655157 -0.852145 -0.519188
v 254.011 -87.0728 948.956
vn -0.817635 0.541001 0.196955
v 254.011 -87.0728 948.956
vn -0.213967 -0.917317 -0.335778
v 254.011 -87.0728 948.956
vn -0.999152 0.0411536 -0.00153801
v 254.011 -87.0728 948.956
vn 0.621053 -0.737487 0.26534
v 253.45 -87.7279 950.006
vn -0.061424 -0.954104 0.293108
v 253.45 -87.7279 950.006
vn -0.563896 -0.707832 0.425436
v 253.45 -87.7279 950.006
vn 0.209161 -0.918898 -0.334483
v 253.45 -87.7279 950.006
vn 0.26279 -0.802869 -0.53511
v 253.458 -87.8729 950.288
vn -0.921907 0.38741 0.000427221
v 253.458 -87.8729 950.288
vn -0.117791 -0.37473 -0.919621
v 253.458 -87.8729 950.288
vn 0.474217 0.784771 -0.399065
v 253.444 -87.6749 950.001
vn -0.144437 -0.115558 -0.982743
v 253.444 -87.6749 950.001
vn -0.00940381 0.998323 0.057124
v 253.444 -87.6749 950.001
vn -0.369297 0.619128 0.693038
v 253.442 -87.6883 950.133
vn -0.029801 0.994548 0.0999309
v 253.442 -87.6883 950.133
vn -0.061424 -0.954104 0.293108
v 253.442 -87.6883 950.133
vn -0.563896 -0.707832 0.425436
v 253.529 -87.6721 950.205
vn -0.14496 -0.335868 -0.930688
v 253.529 -87.6721 950.205
vn -0.114165 0.992888 0.0337711
v 253.529 -87.6721 950.205
vn -0.601713 0.705201 -0.37501
v 253.529 -87.6721 950.205
vn -0.933408 0.354722 0.0540483
v 253.529 -87.6721 950.205
vn 0.209161 -0.918898 -0.334483
v 253.649 -87.7595 950.218
vn -0.117791 -0.37473 -0.919621
v 253.649 -87.7595 950.218
vn -0.316448 -0.893485 -0.31866
v 253.649 -87.7595 950.218
vn 0.209161 -0.918898 -0.334483
v 253.646 -87.6811 950
vn 0.0303867 0.999184 -0.026626
v 253.646 -87.6811 950
vn -0.193536 -0.884489 -0.424527
v 253.646 -87.6811 950
vn -0.92537 0.362051 -0.112293
v 253.646 -87.6811 950
vn -0.601713 0.705201 -0.37501
v 253.646 -87.6811 950
vn -0.601713 0.705201 -0.37501
v 253.746 -87.1878 950.768
vn -0.642291 0.751148 0.152443
v 253.969 -86.4254 950.097
vn -0.399538 0.89974 0.175603
v 254.433 -86.1905 961.754
vn -0.770838 -0.557477 -0.308266
v 253.601 -85.2598 969.677
vn 0.428459 0.887154 0.171407
v 252.167 -82.6842 979.627
vn 0.537323 0.804584 0.252841
v 252.149 -82.9552 981.463
vn -0.705671 0.598879 0.378645
v 254.008 -84.4182 942.056
vn -0.880973 0.438619 -0.177484
v 254.008 -84.4182 942.056
vn -0.999152 0.0411536 -0.00153801
v 254.124 -84.581 942.076
vn -0.805093 -0.584373 -0.101655
v 254.117 -84.7208 942.936
vn -0.999152 0.0411536 -0.00153801
v 254.117 -84.7208 942.936
vn -0.996015 0.0566588 -0.0688806
v 254.426 -84.9085 944.734
vn -0.939718 0.332932 0.0780121
v 254.426 -84.9085 944.734
vn -0.940716 0.32445 -0.0989177
v 254.617 -83.9379 940.22
vn -0.414582 -0.63828 0.648629
v 254.345 -80.8584 941.716
vn -0.6996 -0.711521 0.0655492
v 254.024 -80.4382 944.679
vn -0.6996 -0.711521 0.0655492
v 254.001 -80.3605 945.274
vn -0.605269 -0.781966 -0.148924
v 253.649 -80.0334 949.854
vn -0.699293 -0.695789 -0.163912
v 253.649 -80.0334 949.854
vn -0.982388 -0.0799949 -0.168861
v 252.634 -80.6353 952.709
vn -0.54817 -0.757473 -0.354604
v 252.634 -80.6353 952.709
vn 0.220841 -0.967209 -0.12544
v 252.634 -80.6353 952.709
vn -0.552024 -0.810234 -0.196951
v 252.616 -80.8488 954.322
vn 0.290162 -0.949783 -0.117128
v 252.616 -80.8488 954.322
vn -0.928348 -0.332078 -0.167014
v 254.144 -80.3298 938.438
vn -0.1475 0.919682 -0.363907
v 254.144 -80.3298 938.438
vn -0.489239 0.734686 -0.469981
v 254.303 -80.554 938.064
vn -0.863501 -0.503852 -0.0223523
v 253.971 -80.1638 940.226
vn 0.138826 0.966055 -0.217863
v 254.088 -79.9719 940.01
vn -0.975772 0.0755098 -0.205347
v 253.808 -79.8992 940.998
vn -0.646145 0.742403 -0.177017
v 253.827 -79.6971 940.979
vn 0.0144676 0.973518 -0.228151
v 253.827 -79.6971 940.979
vn -0.502443 -0.681087 0.532608
v 254.086 -80.3883 941.861
vn -0.885642 -0.462276 -0.0440307
v 253.582 -79.5797 942.366
vn -0.550768 0.776233 -0.306785
v 253.582 -79.5797 942.366
vn -0.989512 0.0923545 -0.111069
v 253.582 -79.5797 942.366
vn -0.863121 -0.50409 -0.0302582
v 253.459 -79.47 943.557
vn -0.990909 0.0584575 -0.121167
v 253.545 -79.2894 942.939
vn -0.0494891 0.992202 -0.114398
v 253.545 -79.2894 942.939
vn 0.155165 0.97762 -0.142063
v 253.765 -79.3759 942.553
vn -0.6996 -0.711521 0.0655492
v 253.523 -79.8233 946.008
vn -0.842267 0.531442 -0.0903084
v 253.049 -79.2018 948.544
vn -0.991065 0.0244873 -0.131113
v 253.001 -78.9493 947.115
vn -0.49051 0.871435 0.000943646
v 253.001 -78.9493 947.115
vn -0.338731 -0.940141 -0.0373669
v 253.221 -79.4351 948.372
vn -0.980444 -0.144913 -0.13315
v 252.901 -79.1561 949.137
vn -0.944924 0.290765 -0.150249
v 252.901 -79.1561 949.137
vn 0.121005 0.983328 0.135731
v 252.945 -79.005 949.526
vn -0.125175 0.988532 -0.0844749
v 253.105 -78.9549 948.924
vn -0.630084 0.484559 -0.606791
v 252.951 -78.9542 949.084
vn -0.131062 0.991364 0.00443924
v 252.951 -78.9542 949.084
vn -0.818166 0.547876 -0.17446
v 252.567 -79.505 951.975
vn -0.700317 0.544063 -0.462115
v 252.481 -79.1369 952.539
vn -0.844887 0.529488 -0.0762119
v 252.481 -79.1369 952.539
vn -0.131654 0.990739 0.0332071
v 252.481 -79.1369 952.539
vn 0.176445 0.982175 0.0647961
v 252.895 -79.1063 951.948
vn 0.94543 0.228258 0.232509
v 255.06 -87.8092 968.976
vn 0.919568 0.27641 0.279271
v 254.151 -86.2161 981.455
vn -0.865175 0.499665 -0.0425087
v 254.803 -85.7231 959.71
vn -0.118903 0.959788 0.2543
v 254.983 -85.5741 959.903
vn -0.93912 0.343265 0.0148976
v 255.183 -85.7099 960.527
vn -0.905357 0.420847 0.0567146
v 255.215 -85.4919 959.903
vn -0.873895 -0.443147 -0.199821
v 255.235 -85.4489 960.302
vn -0.776605 0.629522 0.024202
v 255.182 -85.3694 959.162
vn -0.758918 0.649058 0.0525958
v 254.984 -86.0246 961.758
vn -0.932668 0.356652 -0.0541239
v 254.981 -86.0926 962.159
vn -0.72721 0.679319 -0.0984436
v 254.981 -86.0926 962.159
vn -0.987604 -0.12842 -0.0902562
v 255.085 -85.9217 961.751
vn -0.983018 -0.182568 -0.0185597
v 255.096 -85.9 961.95
vn -0.942184 -0.265231 -0.204796
v 255.168 -85.7623 961.336
vn -0.792174 0.577913 0.196154
v 255.534 -84.3852 956.587
vn -0.991115 0.130981 -0.0231385
v 255.534 -84.3852 956.587
vn 0.150832 0.94829 0.279278
v 254.976 -85.2068 958.66
vn -0.969294 0.236677 0.0667301
v 255.2 -84.6159 958.609
vn -0.774873 0.625715 -0.0897348
v 255.378 -85.1995 958.652
vn -0.795125 0.582234 0.169643
v 255.378 -85.1995 958.652
vn -0.990727 0.131065 -0.0357979
v 255.378 -85.1995 958.652
vn -0.990727 0.131065 -0.0357979
v 255.405 -84.9944 958.654
vn -0.847614 -0.482093 -0.221668
v 255.36 -85.1495 959.157
vn -0.990181 0.131129 -0.0484516
v 255.36 -85.1495 959.157
vn 0.981756 0.186808 0.0354704
v 256.023 -83.2126 947.841
vn -0.976817 0.179257 -0.117026
v 255.447 -83.0024 934.728
vn -0.380661 -0.908017 -0.174934
v 255.551 -83.3406 936.173
vn 0.993551 0.108633 -0.0324999
v 255.848 -83.0375 935.952
vn 0.781458 -0.619948 -0.0706241
v 255.122 -83.9196 939.633
vn -0.996569 0.0403211 0.0722785
v 254.981 -82.127 945.68
vn -0.983605 -0.180137 0.0084768
v 255.183 -82.3213 947.521
vn -0.961544 0.266701 -0.0655989
v 255.167 -82.5595 949.153
vn -0.730783 0.674639 -0.104016
v 255.59 -82.7189 929.476
vn -0.604448 0.787154 -0.122604
v 255.682 -82.7728 928.68
vn 0.978119 -0.208009 -0.00388838
v 255.682 -82.7728 928.68
vn 0.831359 0.55445 -0.037777
v 255.682 -82.7728 928.68
vn -0.629415 0.677827 -0.379983
v 255.393 -82.4694 930.852
vn -0.134537 -0.989337 -0.055795
v 255.393 -82.4694 930.852
vn 0.0357489 -0.0984995 -0.994495
v 255.393 -82.4694 930.852
vn 0.0357489 -0.0984995 -0.994495
v 255.485 -82.3867 930.847
vn 0.682435 0.714671 -0.153384
v 255.485 -82.3867 930.847
vn -0.361888 -0.931246 0.0426295
v 255.647 -82.9744 930.866
vn 0.632747 -0.771653 0.0646736
v 255.647 -82.9744 930.866
vn 0.978119 -0.208009 -0.00388838
v 255.647 -82.9744 930.866
vn -0.134537 -0.989337 -0.055795
v 255.597 -82.4977 930.862
vn 0.0357489 -0.0984995 -0.994495
v 255.597 -82.4977 930.862
vn 0.706341 0.691874 -0.149641
v 255.597 -82.4977 930.862
vn 0.928326 0.369753 -0.0386429
v 255.597 -82.4977 930.862
vn -0.427737 0.828504 -0.361416
v 255.193 -82.1151 931.815
vn -0.891503 -0.452926 0.00896543
v 255.193 -82.1151 931.815
vn -0.984291 0.113486 -0.135247
v 255.193 -82.1151 931.815
vn -0.806307 -0.162744 -0.568668
v 255.193 -82.1151 931.815
vn -0.947066 -0.318662 -0.0389991
v 255.573 -82.9163 931.506
vn -0.806307 -0.162744 -0.568668
v 255.573 -82.9163 931.506
vn -0.900133 -0.435079 0.0215948
v 255.573 -82.9163 931.506
vn -0.991326 -0.129735 -0.0210044
v 255.522 -82.5215 931.465
vn -0.134537 -0.989337 -0.055795
v 255.522 -82.5215 931.465
vn -0.83595 0.542582 -0.0824149
v 255.522 -82.5215 931.465
vn -0.806307 -0.162744 -0.568668
v 255.522 -82.5215 931.465
vn -0.985263 0.114373 -0.12718
v 254.992 -81.7521 933.582
vn -0.955606 0.262009 -0.134794
v 255.018 -81.5493 933.563
vn 0.667486 -0.735907 -0.113591
v 255.577 -82.8444 933.108
vn 0.989005 0.120222 -0.086109
v 255.577 -82.8444 933.108
vn -0.361888 -0.931246 0.0426295
v 255.577 -82.8444 933.108
vn 0.632747 -0.771653 0.0646736
v 255.577 -82.8444 933.108
vn -0.88244 0.403048 -0.242595
v 254.756 -81.3315 935.945
vn 0.632747 -0.771653 0.0646736
v 255.785 -82.4235 936.09
vn 0.978119 -0.208009 -0.00388838
v 255.785 -82.4235 936.09
vn 0.985287 0.130049 -0.110894
v 255.605 -81.4831 935.588
vn 0.986109 0.109854 -0.124585
v 256.049 -81.3909 938.008
vn -0.461855 -0.75178 0.470655
v 254.826 -81.4823 941.191
vn -0.989475 -0.114651 0.0882851
v 254.91 -81.1221 941.762
vn -0.693945 -0.717338 -0.062183
v 254.434 -80.4655 944.495
vn -0.920318 0.370792 0.124613
v 254.766 -81.2626 948.407
vn 0.742231 0.669871 0.0191376
v 254.803 -79.8243 954.5
vn -0.662661 0.669304 -0.336024
v 254.661 -80.7876 936.893
vn 0.315587 0.924814 -0.212426
v 254.661 -80.7876 936.893
vn 0.112986 0.977995 -0.175386
v 254.909 -81.0495 936.124
vn 0.997713 -0.0507751 0.0446232
v 256.444 -84.7533 963.896
vn 0.977942 0.196999 0.0694267
v 256.729 -82.8978 965.935
vn 0.367906 0.915859 0.16077
v 255.832 -82.399 971.685
vn 0.916871 0.386469 -0.0999429
v 256.192 -81.922 962.199
vn 0.955171 0.291827 -0.0498597
v 256.614 -82.4324 964.678
vn 0.93865 0.331088 0.0965192
v 256.102 -81.6811 948.899
vn 0.977156 0.212335 -0.00892808
v 256.221 -81.0455 941.198
f 18//18 21//21 1//1
f 27//27 26//26 1//1
f 1//1 2//2 27//27
f 27//27 2//2 28//28
f 1//1 3//3 2//2
f 1//1 21//21 2536//2536
f 2//2 3//3 32//32
f 21//21 24//24 2536//2536
f 2//2 32//32 34//34
f 24//24 4//4 2536//2536
f 32//32 3//3 5//5
f 2536//2536 4//4 2537//2537
f 4//4 37//37 2537//2537
f 32//32 5//5 6//6
f 2538//2538 2537//2537 37//37
f 7//7 65//65 66//66
f 68//68 67//67 8//8
f 68//68 8//8 66//66
f 8//8 2578//2578 9//9
f 69//69 9//9 2578//2578
f 9//9 69//69 10//10
f 66//66 18//18 7//7
f 66//66 8//8 18//18
f 11//11 2540//2540 69//69
f 11//11 12//12 23//23
f 11//11 75//75 12//12
f 12//12 75//75 23//23
f 73//73 13//13 16//16
f 7//7 20//20 13//13
f 13//13 20//20 14//14
f 16//16 13//13 15//15
f 15//15 13//13 14//14
f 15//15 14//14 17//17
f 80//80 15//15 17//17
f 77//77 16//16 15//15
f 20//20 7//7 18//18
f 9//9 19//19 8//8
f 8//8 21//21 18//18
f 2540//2540 11//11 23//23
f 19//19 21//21 8//8
f 19//19 9//9 2542//2542
f 22//22 19//19 2542//2542
f 9//9 10//10 2542//2542
f 75//75 25//25 23//23
f 1//1 20//20 18//18
f 14//14 20//20 26//26
f 17//17 14//14 2543//2543
f 20//20 1//1 26//26
f 80//80 17//17 2543//2543
f 19//19 22//22 2541//2541
f 22//22 24//24 2541//2541
f 24//24 22//22 25//25
f 22//22 2542//2542 25//25
f 25//25 83//83 43//43
f 2543//2543 2544//2544 29//29
f 30//30 29//29 2544//2544
f 27//27 28//28 2545//2545
f 2545//2545 28//28 34//34
f 31//31 29//29 30//30
f 31//31 30//30 2546//2546
f 117//117 29//29 31//31
f 29//29 117//117 2543//2543
f 34//34 28//28 2//2
f 33//33 24//24 25//25
f 117//117 31//31 2546//2546
f 33//33 4//4 24//24
f 25//25 43//43 33//33
f 43//43 4//4 33//33
f 34//34 32//32 6//6
f 36//36 2546//2546 2539//2539
f 35//35 2538//2538 37//37
f 2547//2547 36//36 2539//2539
f 36//36 2547//2547 41//41
f 48//48 36//36 41//41
f 48//48 2546//2546 36//36
f 4//4 38//38 37//37
f 2549//2549 2556//2556 2548//2548
f 2550//2550 2551//2551 2557//2557
f 2558//2558 2552//2552 40//40
f 2553//2553 38//38 39//39
f 2559//2559 2554//2554 46//46
f 2555//2555 42//42 2563//2563
f 43//43 38//38 4//4
f 43//43 39//39 38//38
f 39//39 2560//2560 2553//2553
f 39//39 43//43 2560//2560
f 41//41 2564//2564 48//48
f 43//43 44//44 2560//2560
f 42//42 2561//2561 2563//2563
f 2565//2565 2562//2562 47//47
f 2566//2566 44//44 45//45
f 44//44 43//43 45//45
f 45//45 49//49 2566//2566
f 50//50 2569//2569 2572//2572
f 2573//2573 2570//2570 2567//2567
f 2564//2564 2568//2568 48//48
f 43//43 86//86 45//45
f 117//117 2546//2546 48//48
f 49//49 84//84 2574//2574
f 2571//2571 2575//2575 85//85
f 2583//2583 2576//2576 2582//2582
f 86//86 49//49 45//45
f 86//86 84//84 49//49
f 97//97 51//51 56//56
f 54//54 51//51 93//93
f 54//54 52//52 51//51
f 52//52 54//54 57//57
f 57//57 54//54 93//93
f 55//55 57//57 93//93
f 53//53 2577//2577 98//98
f 53//53 61//61 2577//2577
f 62//62 99//99 63//63
f 65//65 108//108 56//56
f 52//52 66//66 51//51
f 66//66 52//52 68//68
f 68//68 52//52 57//57
f 55//55 58//58 57//57
f 58//58 67//67 68//68
f 58//58 69//69 2578//2578
f 58//58 68//68 57//57
f 59//59 69//69 58//58
f 62//62 11//11 60//60
f 53//53 62//62 61//61
f 61//61 62//62 59//59
f 62//62 60//60 59//59
f 59//59 2577//2577 61//61
f 58//58 55//55 59//59
f 62//62 63//63 11//11
f 63//63 100//100 64//64
f 71//71 108//108 65//65
f 108//108 71//71 72//72
f 65//65 7//7 71//71
f 56//56 51//51 65//65
f 51//51 66//66 65//65
f 69//69 59//59 60//60
f 69//69 60//60 11//11
f 63//63 70//70 75//75
f 63//63 75//75 11//11
f 63//63 64//64 70//70
f 70//70 64//64 104//104
f 70//70 104//104 76//76
f 7//7 13//13 71//71
f 71//71 13//13 73//73
f 72//72 71//71 73//73
f 78//78 74//74 72//72
f 79//79 2579//2579 2580//2580
f 110//110 2579//2579 79//79
f 80//80 113//113 79//79
f 75//75 70//70 76//76
f 76//76 81//81 75//75
f 2581//2581 72//72 73//73
f 2581//2581 73//73 16//16
f 16//16 77//77 2580//2580
f 77//77 79//79 2580//2580
f 79//79 15//15 80//80
f 79//79 77//77 15//15
f 75//75 81//81 82//82
f 75//75 82//82 25//25
f 81//81 76//76 83//83
f 81//81 83//83 82//82
f 82//82 83//83 25//25
f 116//116 83//83 76//76
f 117//117 80//80 2543//2543
f 86//86 83//83 116//116
f 83//83 86//86 43//43
f 87//87 84//84 86//86
f 2582//2582 2585//2585 2583//2583
f 88//88 2583//2583 2585//2585
f 2584//2584 2587//2587 48//48
f 121//121 87//87 86//86
f 117//117 48//48 2587//2587
f 2586//2586 2601//2601 2588//2588
f 90//90 89//89 91//91
f 94//94 90//90 91//91
f 92//92 51//51 141//141
f 92//92 93//93 51//51
f 141//141 51//51 97//97
f 93//93 92//92 135//135
f 92//92 141//141 135//135
f 98//98 93//93 135//135
f 94//94 98//98 135//135
f 90//90 94//94 135//135
f 94//94 53//53 98//98
f 94//94 95//95 53//53
f 91//91 95//95 94//94
f 89//89 99//99 95//95
f 89//89 95//95 91//91
f 100//100 89//89 96//96
f 89//89 100//100 99//99
f 142//142 101//101 96//96
f 97//97 56//56 139//139
f 139//139 56//56 102//102
f 98//98 2577//2577 93//93
f 99//99 62//62 53//53
f 53//53 95//95 99//99
f 100//100 63//63 99//99
f 96//96 64//64 100//100
f 101//101 104//104 96//96
f 104//104 64//64 96//96
f 101//101 105//105 104//104
f 101//101 142//142 105//105
f 102//102 56//56 108//108
f 105//105 76//76 104//104
f 106//106 105//105 142//142
f 106//106 107//107 76//76
f 106//106 76//76 105//105
f 107//107 106//106 142//142
f 151//151 107//107 142//142
f 152//152 107//107 151//151
f 107//107 116//116 76//76
f 111//111 152//152 161//161
f 2591//2591 108//108 109//109
f 109//109 103//103 2591//2591
f 108//108 72//72 109//109
f 109//109 110//110 158//158
f 111//111 116//116 107//107
f 107//107 152//152 111//111
f 72//72 74//74 109//109
f 110//110 109//109 74//74
f 112//112 158//158 113//113
f 79//79 113//113 110//110
f 158//158 110//110 113//113
f 114//114 166//166 2592//2592
f 114//114 2592//2592 113//113
f 114//114 113//113 80//80
f 115//115 168//168 80//80
f 169//169 116//116 111//111
f 117//117 115//115 80//80
f 127//127 86//86 116//116
f 116//116 118//118 127//127
f 118//118 116//116 175//175
f 2593//2593 2638//2638 120//120
f 122//122 117//117 2587//2587
f 122//122 128//128 117//117
f 119//119 117//117 128//128
f 2594//2594 2596//2596 2621//2621
f 2597//2597 117//117 119//119
f 2598//2598 2596//2596 2594//2594
f 2602//2602 2622//2622 2606//2606
f 125//125 124//124 2607//2607
f 2603//2603 2608//2608 2612//2612
f 2604//2604 2613//2613 126//126
f 2615//2615 122//122 2587//2587
f 126//126 2589//2589 2604//2604
f 86//86 123//123 121//121
f 86//86 127//127 123//123
f 2623//2623 2605//2605 2609//2609
f 2614//2614 2616//2616 2610//2610
f 2624//2624 2611//2611 2617//2617
f 2613//2613 123//123 127//127
f 2613//2613 127//127 126//126
f 2618//2618 2620//2620 2625//2625
f 2626//2626 2615//2615 2587//2587
f 2627//2627 2590//2590 2619//2619
f 2620//2620 2595//2595 2625//2625
f 180//180 181//181 129//129
f 179//179 180//180 133//133
f 263//263 132//132 138//138
f 130//130 263//263 138//138
f 263//263 130//130 182//182
f 182//182 2628//2628 131//131
f 2628//2628 136//136 131//131
f 132//132 184//184 96//96
f 141//141 134//134 133//133
f 133//133 134//134 193//193
f 180//180 135//135 141//141
f 135//135 180//180 129//129
f 133//133 180//180 141//141
f 135//135 129//129 90//90
f 90//90 131//131 136//136
f 90//90 129//129 2629//2629
f 137//137 90//90 136//136
f 89//89 90//90 137//137
f 137//137 2628//2628 2630//2630
f 137//137 2630//2630 89//89
f 137//137 136//136 2628//2628
f 89//89 138//138 132//132
f 89//89 132//132 96//96
f 184//184 142//142 96//96
f 142//142 184//184 185//185
f 139//139 102//102 213//213
f 140//140 97//97 139//139
f 134//134 97//97 140//140
f 134//134 141//141 97//97
f 143//143 146//146 142//142
f 146//146 145//145 142//142
f 142//142 189//189 143//143
f 149//149 143//143 196//196
f 147//147 148//148 144//144
f 147//147 144//144 145//145
f 144//144 150//150 145//145
f 144//144 148//148 150//150
f 145//145 151//151 142//142
f 145//145 150//150 151//151
f 143//143 147//147 146//146
f 145//145 146//146 147//147
f 149//149 147//147 143//143
f 149//149 148//148 147//147
f 149//149 153//153 148//148
f 196//196 153//153 149//149
f 154//154 153//153 196//196
f 218//218 213//213 157//157
f 2591//2591 103//103 213//213
f 213//213 103//103 157//157
f 150//150 148//148 151//151
f 153//153 152//152 148//148
f 152//152 151//151 148//148
f 152//152 153//153 161//161
f 2632//2632 153//153 154//154
f 161//161 2631//2631 163//163
f 163//163 2631//2631 156//156
f 155//155 163//163 156//156
f 163//163 155//155 162//162
f 231//231 162//162 155//155
f 157//157 103//103 159//159
f 157//157 159//159 233//233
f 233//233 159//159 158//158
f 2649//2649 158//158 234//234
f 234//234 158//158 112//112
f 2592//2592 160//160 2650//2650
f 109//109 159//159 103//103
f 158//158 159//159 109//109
f 2592//2592 164//164 160//160
f 2592//2592 235//235 164//164
f 163//163 111//111 161//161
f 235//235 2592//2592 166//166
f 239//239 235//235 166//166
f 165//165 239//239 2634//2634
f 236//236 239//239 165//165
f 167//167 236//236 165//165
f 238//238 236//236 167//167
f 2634//2634 114//114 165//165
f 165//165 114//114 80//80
f 168//168 167//167 165//165
f 238//238 167//167 168//168
f 168//168 165//165 80//80
f 111//111 163//163 169//169
f 169//169 163//163 162//162
f 247//247 169//169 162//162
f 241//241 168//168 115//115
f 250//250 245//245 115//115
f 247//247 116//116 169//169
f 115//115 117//117 170//170
f 254//254 170//170 117//117
f 171//171 115//115 170//170
f 253//253 171//171 170//170
f 116//116 172//172 176//176
f 176//176 258//258 173//173
f 2597//2597 174//174 117//117
f 173//173 2635//2635 176//176
f 2635//2635 173//173 260//260
f 116//116 176//176 175//175
f 2640//2640 2599//2599 2639//2639
f 2636//2636 2600//2600 2641//2641
f 182//182 261//261 263//263
f 178//178 264//264 185//185
f 183//183 185//185 264//264
f 183//183 265//265 187//187
f 265//265 190//190 187//187
f 192//192 179//179 193//193
f 193//193 179//179 133//133
f 181//181 180//180 177//177
f 261//261 181//181 177//177
f 182//182 181//181 261//261
f 181//181 2629//2629 129//129
f 181//181 182//182 131//131
f 132//132 263//263 178//178
f 184//184 132//132 178//178
f 185//185 184//184 178//178
f 183//183 187//187 185//185
f 185//185 186//186 142//142
f 185//185 187//187 186//186
f 186//186 190//190 188//188
f 187//187 190//190 186//186
f 188//188 189//189 186//186
f 188//188 143//143 189//189
f 188//188 190//190 143//143
f 267//267 195//195 190//190
f 195//195 194//194 190//190
f 267//267 191//191 195//195
f 2642//2642 267//267 268//268
f 139//139 266//266 140//140
f 140//140 192//192 134//134
f 192//192 193//193 134//134
f 189//189 142//142 186//186
f 194//194 143//143 190//190
f 197//197 194//194 195//195
f 191//191 198//198 195//195
f 194//194 196//196 143//143
f 2631//2631 194//194 197//197
f 197//197 208//208 2631//2631
f 191//191 197//197 198//198
f 208//208 197//197 191//191
f 191//191 199//199 208//208
f 197//197 195//195 198//198
f 200//200 2642//2642 268//268
f 2642//2642 200//200 199//199
f 203//203 202//202 201//201
f 202//202 203//203 204//204
f 203//203 201//201 139//139
f 203//203 139//139 213//213
f 204//204 213//213 210//210
f 201//201 266//266 139//139
f 204//204 203//203 213//213
f 206//206 205//205 217//217
f 285//285 205//205 206//206
f 207//207 223//223 289//289
f 289//289 226//226 295//295
f 196//196 194//194 154//154
f 2631//2631 199//199 156//156
f 199//199 2631//2631 208//208
f 199//199 200//200 231//231
f 231//231 200//200 209//209
f 274//274 209//209 200//200
f 275//275 209//209 274//274
f 199//199 155//155 156//156
f 199//199 231//231 155//155
f 212//212 204//204 210//210
f 2644//2644 2643//2643 211//211
f 216//216 211//211 2643//2643
f 205//205 2644//2644 211//211
f 210//210 213//213 215//215
f 215//215 213//213 214//214
f 2643//2643 2645//2645 216//216
f 217//217 216//216 2645//2645
f 216//216 217//217 211//211
f 217//217 205//205 211//211
f 218//218 214//214 213//213
f 215//215 214//214 218//218
f 218//218 157//157 233//233
f 2646//2646 2647//2647 219//219
f 2648//2648 2649//2649 234//234
f 219//219 2647//2647 220//220
f 2648//2648 221//221 220//220
f 2648//2648 234//234 221//221
f 2645//2645 206//206 217//217
f 206//206 220//220 223//223
f 206//206 2645//2645 219//219
f 220//220 206//206 219//219
f 221//221 222//222 220//220
f 222//222 221//221 2650//2650
f 222//222 2650//2650 160//160
f 220//220 222//222 223//223
f 223//223 222//222 160//160
f 207//207 206//206 223//223
f 223//223 224//224 225//225
f 225//225 224//224 237//237
f 226//226 223//223 225//225
f 226//226 225//225 227//227
f 225//225 228//228 227//227
f 226//226 289//289 223//223
f 225//225 237//237 228//228
f 229//229 238//238 230//230
f 237//237 238//238 229//229
f 227//227 228//228 226//226
f 295//295 226//226 230//230
f 226//226 228//228 229//229
f 226//226 229//229 230//230
f 237//237 229//229 228//228
f 231//231 209//209 275//275
f 231//231 275//275 232//232
f 223//223 160//160 2633//2633
f 164//164 224//224 223//223
f 235//235 224//224 164//164
f 235//235 236//236 224//224
f 236//236 235//235 239//239
f 236//236 237//237 224//224
f 238//238 237//237 236//236
f 230//230 238//238 240//240
f 240//240 238//238 168//168
f 241//241 240//240 168//168
f 242//242 241//241 246//246
f 241//241 242//242 240//240
f 240//240 242//242 230//230
f 230//230 242//242 299//299
f 243//243 242//242 246//246
f 242//242 243//243 244//244
f 244//244 312//312 303//303
f 247//247 162//162 231//231
f 247//247 231//231 232//232
f 241//241 115//115 246//246
f 245//245 246//246 115//115
f 246//246 245//245 243//243
f 244//244 243//243 245//245
f 244//244 245//245 312//312
f 304//304 303//303 312//312
f 312//312 245//245 249//249
f 232//232 248//248 247//247
f 310//310 318//318 248//248
f 245//245 250//250 249//249
f 249//249 250//250 252//252
f 251//251 250//250 171//171
f 251//251 252//252 250//250
f 251//251 257//257 319//319
f 251//251 319//319 252//252
f 318//318 319//319 2653//2653
f 248//248 258//258 247//247
f 258//258 248//248 260//260
f 248//248 318//318 260//260
f 260//260 318//318 259//259
f 116//116 247//247 172//172
f 258//258 172//172 247//247
f 171//171 250//250 115//115
f 251//251 171//171 253//253
f 253//253 170//170 255//255
f 255//255 170//170 254//254
f 254//254 256//256 255//255
f 254//254 174//174 2652//2652
f 117//117 174//174 254//254
f 251//251 253//253 255//255
f 2654//2654 251//251 255//255
f 2654//2654 255//255 256//256
f 2652//2652 174//174 2656//2656
f 2653//2653 259//259 318//318
f 2656//2656 2655//2655 2652//2652
f 258//258 176//176 172//172
f 2637//2637 2658//2658 2657//2657
f 173//173 258//258 260//260
f 321//321 322//322 262//262
f 262//262 322//322 261//261
f 261//261 326//326 263//263
f 263//263 326//326 178//178
f 192//192 340//340 179//179
f 340//340 177//177 179//179
f 262//262 177//177 340//340
f 262//262 340//340 389//389
f 179//179 177//177 180//180
f 261//261 177//177 262//262
f 264//264 178//178 326//326
f 326//326 265//265 264//264
f 265//265 183//183 264//264
f 190//190 265//265 332//332
f 332//332 334//334 190//190
f 334//334 338//338 267//267
f 267//267 190//190 334//334
f 390//390 268//268 267//267
f 390//390 267//267 338//338
f 341//341 342//342 269//269
f 342//342 266//266 269//269
f 140//140 343//343 192//192
f 268//268 344//344 275//275
f 270//270 271//271 269//269
f 341//341 269//269 271//271
f 341//341 271//271 202//202
f 270//270 201//201 271//271
f 271//271 201//201 202//202
f 269//269 266//266 270//270
f 270//270 266//266 201//201
f 288//288 272//272 287//287
f 272//272 345//345 287//287
f 345//345 272//272 273//273
f 272//272 349//349 273//273
f 274//274 200//200 268//268
f 275//275 274//274 268//268
f 204//204 276//276 202//202
f 276//276 204//204 293//293
f 2659//2659 277//277 351//351
f 278//278 294//294 279//279
f 278//278 279//279 358//358
f 278//278 356//356 412//412
f 278//278 357//357 356//356
f 357//357 278//278 358//358
f 205//205 285//285 282//282
f 279//279 294//294 205//205
f 282//282 284//284 280//280
f 205//205 282//282 279//279
f 279//279 282//282 280//280
f 358//358 279//279 280//280
f 284//284 281//281 280//280
f 281//281 284//284 283//283
f 358//358 280//280 281//281
f 358//358 281//281 359//359
f 359//359 281//281 360//360
f 283//283 360//360 281//281
f 285//285 286//286 282//282
f 283//283 282//282 286//286
f 284//284 282//282 283//283
f 286//286 285//285 287//287
f 287//287 361//361 286//286
f 288//288 206//206 207//207
f 288//288 285//285 206//206
f 287//287 285//285 288//288
f 207//207 289//289 288//288
f 289//289 290//290 288//288
f 288//288 290//290 272//272
f 290//290 349//349 272//272
f 290//290 295//295 292//292
f 289//289 295//295 290//290
f 349//349 290//290 292//292
f 292//292 295//295 291//291
f 292//292 291//291 363//363
f 363//363 349//349 292//292
f 363//363 291//291 297//297
f 277//277 2659//2659 278//278
f 294//294 278//278 2659//2659
f 204//204 212//212 293//293
f 205//205 294//294 2644//2644
f 212//212 2660//2660 293//293
f 291//291 295//295 230//230
f 296//296 297//297 291//291
f 291//291 230//230 299//299
f 299//299 296//296 291//291
f 296//296 299//299 302//302
f 296//296 302//302 297//297
f 302//302 301//301 297//297
f 301//301 298//298 297//297
f 368//368 311//311 232//232
f 311//311 368//368 443//443
f 299//299 242//242 300//300
f 300//300 302//302 299//299
f 301//301 302//302 300//300
f 301//301 300//300 242//242
f 301//301 244//244 303//303
f 244//244 301//301 242//242
f 298//298 301//301 303//303
f 298//298 303//303 366//366
f 305//305 304//304 312//312
f 304//304 366//366 303//303
f 305//305 441//441 304//304
f 314//314 305//305 313//313
f 369//369 305//305 314//314
f 306//306 311//311 372//372
f 311//311 306//306 308//308
f 308//308 306//306 310//310
f 317//317 370//370 315//315
f 307//307 232//232 311//311
f 232//232 307//307 248//248
f 308//308 309//309 307//307
f 307//307 309//309 248//248
f 310//310 309//309 308//308
f 311//311 308//308 307//307
f 313//313 312//312 249//249
f 305//305 312//312 313//313
f 369//369 314//314 2651//2651
f 313//313 249//249 252//252
f 313//313 252//252 314//314
f 316//316 317//317 315//315
f 316//316 310//310 306//306
f 369//369 252//252 315//315
f 316//316 319//319 318//318
f 319//319 316//316 315//315
f 316//316 318//318 310//310
f 309//309 310//310 248//248
f 319//319 315//315 252//252
f 453//453 327//327 325//325
f 374//374 376//376 327//327
f 327//327 376//376 328//328
f 380//380 378//378 320//320
f 379//379 320//320 378//378
f 379//379 331//331 320//320
f 381//381 382//382 335//335
f 388//388 389//389 340//340
f 321//321 452//452 322//322
f 322//322 323//323 325//325
f 323//323 453//453 325//325
f 326//326 261//261 324//324
f 322//322 324//324 261//261
f 322//322 325//325 324//324
f 325//325 327//327 326//326
f 326//326 324//324 325//325
f 265//265 326//326 327//327
f 328//328 265//265 327//327
f 377//377 380//380 329//329
f 320//320 329//329 380//380
f 2661//2661 329//329 265//265
f 320//320 333//333 265//265
f 329//329 2661//2661 377//377
f 331//331 333//333 320//320
f 332//332 333//333 331//331
f 329//329 320//320 265//265
f 330//330 332//332 331//331
f 330//330 381//381 337//337
f 330//330 331//331 381//381
f 333//333 332//332 265//265
f 336//336 335//335 334//334
f 332//332 336//336 334//334
f 332//332 330//330 336//336
f 338//338 334//334 335//335
f 338//338 335//335 390//390
f 335//335 336//336 330//330
f 335//335 337//337 381//381
f 337//337 335//335 330//330
f 382//382 390//390 335//335
f 268//268 390//390 339//339
f 339//339 391//391 268//268
f 342//342 397//397 266//266
f 402//402 266//266 397//397
f 397//397 342//342 409//409
f 340//340 192//192 404//404
f 404//404 192//192 343//343
f 262//262 389//389 321//321
f 409//409 342//342 341//341
f 402//402 140//140 266//266
f 402//402 343//343 140//140
f 466//466 420//420 344//344
f 420//420 275//275 344//344
f 341//341 202//202 276//276
f 411//411 341//341 276//276
f 361//361 287//287 345//345
f 345//345 273//273 347//347
f 347//347 415//415 431//431
f 273//273 346//346 347//347
f 347//347 346//346 416//416
f 346//346 349//349 348//348
f 273//273 349//349 346//346
f 416//416 346//346 348//348
f 232//232 275//275 368//368
f 421//421 276//276 352//352
f 354//354 355//355 471//471
f 350//350 276//276 293//293
f 350//350 293//293 2663//2663
f 352//352 276//276 350//350
f 2662//2662 351//351 353//353
f 355//355 353//353 278//278
f 2662//2662 354//354 2664//2664
f 354//354 2667//2667 2664//2664
f 2662//2662 353//353 354//354
f 278//278 353//353 277//277
f 351//351 277//277 353//353
f 353//353 355//355 354//354
f 412//412 355//355 278//278
f 357//357 413//413 356//356
f 422//422 413//413 357//357
f 359//359 422//422 357//357
f 423//423 422//422 359//359
f 357//357 358//358 359//359
f 360//360 283//283 361//361
f 361//361 425//425 360//360
f 286//286 361//361 283//283
f 361//361 345//345 431//431
f 345//345 347//347 431//431
f 348//348 364//364 362//362
f 416//416 348//348 362//362
f 363//363 365//365 349//349
f 364//364 348//348 349//349
f 349//349 365//365 364//364
f 362//362 364//364 434//434
f 2671//2671 364//364 438//438
f 364//364 365//365 438//438
f 365//365 363//363 297//297
f 365//365 297//297 366//366
f 366//366 437//437 365//365
f 438//438 365//365 437//437
f 367//367 437//437 366//366
f 298//298 366//366 297//297
f 366//366 304//304 367//367
f 367//367 304//304 441//441
f 370//370 441//441 369//369
f 447//447 441//441 373//373
f 447//447 373//373 446//446
f 442//442 446//446 373//373
f 443//443 442//442 372//372
f 369//369 441//441 305//305
f 370//370 317//317 371//371
f 369//369 315//315 370//370
f 371//371 373//373 370//370
f 370//370 373//373 441//441
f 443//443 372//372 311//311
f 316//316 371//371 317//317
f 306//306 371//371 316//316
f 306//306 373//373 371//371
f 372//372 373//373 306//306
f 372//372 442//442 373//373
f 321//321 389//389 452//452
f 322//322 452//452 323//323
f 327//327 453//453 374//374
f 375//375 376//376 374//374
f 375//375 454//454 376//376
f 374//374 454//454 375//375
f 376//376 377//377 328//328
f 454//454 377//377 376//376
f 380//380 377//377 448//448
f 378//378 381//381 379//379
f 378//378 456//456 381//381
f 456//456 384//384 381//381
f 456//456 457//457 384//384
f 379//379 381//381 331//331
f 384//384 382//382 381//381
f 384//384 383//383 382//382
f 385//385 383//383 384//384
f 384//384 457//457 385//385
f 383//383 390//390 382//382
f 383//383 385//385 390//390
f 385//385 457//457 386//386
f 460//460 405//405 502//502
f 387//387 340//340 404//404
f 404//404 493//493 387//387
f 388//388 340//340 387//387
f 387//387 493//493 388//388
f 493//493 389//389 388//388
f 385//385 339//339 390//390
f 385//385 386//386 339//339
f 458//458 459//459 391//391
f 459//459 344//344 391//391
f 391//391 339//339 2665//2665
f 458//458 391//391 2665//2665
f 344//344 268//268 391//391
f 393//393 462//462 392//392
f 392//392 463//463 396//396
f 462//462 463//463 392//392
f 395//395 394//394 407//407
f 394//394 399//399 407//407
f 465//465 399//399 394//394
f 392//392 394//394 395//395
f 392//392 395//395 393//393
f 464//464 394//394 396//396
f 396//396 394//394 392//392
f 394//394 464//464 465//465
f 407//407 399//399 409//409
f 409//409 399//399 397//397
f 399//399 398//398 397//397
f 397//397 398//398 402//402
f 399//399 400//400 398//398
f 465//465 401//401 400//400
f 400//400 401//401 398//398
f 398//398 401//401 402//402
f 399//399 465//465 400//400
f 465//465 403//403 401//401
f 502//502 403//403 465//465
f 401//401 403//403 343//343
f 403//403 405//405 343//343
f 405//405 403//403 502//502
f 402//402 401//401 343//343
f 404//404 405//405 460//460
f 404//404 343//343 405//405
f 407//407 410//410 411//411
f 407//407 408//408 395//395
f 408//408 393//393 395//395
f 407//407 411//411 408//408
f 393//393 408//408 406//406
f 408//408 411//411 406//406
f 410//410 409//409 341//341
f 407//407 409//409 410//410
f 411//411 410//410 341//341
f 420//420 466//466 469//469
f 420//420 469//469 368//368
f 473//473 355//355 412//412
f 356//356 413//413 412//412
f 422//422 475//475 413//413
f 415//415 414//414 431//431
f 415//415 417//417 414//414
f 414//414 417//417 476//476
f 416//416 417//417 347//347
f 2666//2666 416//416 432//432
f 416//416 362//362 432//432
f 417//417 415//415 347//347
f 2666//2666 432//432 2674//2674
f 436//436 2671//2671 435//435
f 418//418 435//435 479//479
f 436//436 435//435 418//418
f 419//419 435//435 438//438
f 435//435 419//419 479//479
f 440//440 419//419 439//439
f 480//480 419//419 440//440
f 469//469 443//443 368//368
f 443//443 469//469 470//470
f 275//275 420//420 368//368
f 411//411 276//276 421//421
f 354//354 471//471 2668//2668
f 423//423 485//485 422//422
f 485//485 423//423 484//484
f 423//423 359//359 424//424
f 360//360 424//424 359//359
f 360//360 484//484 424//424
f 423//423 424//424 484//484
f 484//484 426//426 486//486
f 484//484 360//360 425//425
f 484//484 425//425 426//426
f 426//426 425//425 428//428
f 426//426 428//428 486//486
f 425//425 361//361 427//427
f 428//428 425//425 427//427
f 2669//2669 427//427 430//430
f 427//427 361//361 430//430
f 428//428 2670//2670 429//429
f 486//486 428//428 429//429
f 429//429 2670//2670 487//487
f 2675//2675 430//430 488//488
f 487//487 486//486 429//429
f 488//488 361//361 431//431
f 430//430 361//361 488//488
f 489//489 431//431 414//414
f 488//488 431//431 489//489
f 436//436 362//362 434//434
f 433//433 432//432 436//436
f 432//432 362//362 436//436
f 436//436 418//418 433//433
f 438//438 435//435 2671//2671
f 437//437 439//439 438//438
f 367//367 439//439 437//437
f 439//439 419//419 438//438
f 367//367 440//440 439//439
f 441//441 440//440 367//367
f 480//480 440//440 490//490
f 444//444 2676//2676 441//441
f 447//447 444//444 441//441
f 447//447 446//446 444//444
f 446//446 442//442 444//444
f 443//443 470//470 445//445
f 445//445 444//444 442//442
f 443//443 445//445 442//442
f 445//445 470//470 482//482
f 482//482 444//444 445//445
f 491//491 454//454 453//453
f 448//448 518//518 492//492
f 455//455 518//518 448//448
f 448//448 378//378 380//380
f 448//448 449//449 378//378
f 449//449 450//450 378//378
f 492//492 449//449 448//448
f 450//450 492//492 496//496
f 492//492 541//541 496//496
f 389//389 451//451 452//452
f 389//389 493//493 495//495
f 452//452 451//451 517//517
f 453//453 323//323 452//452
f 374//374 453//453 454//454
f 377//377 454//454 455//455
f 448//448 377//377 455//455
f 450//450 496//496 378//378
f 378//378 496//496 456//456
f 456//456 496//496 457//457
f 496//496 2665//2665 457//457
f 496//496 458//458 2665//2665
f 497//497 459//459 496//496
f 496//496 459//459 458//458
f 465//465 464//464 501//501
f 464//464 463//463 500//500
f 464//464 500//500 501//501
f 502//502 493//493 460//460
f 404//404 460//460 493//493
f 461//461 344//344 459//459
f 344//344 461//461 466//466
f 503//503 466//466 461//461
f 462//462 467//467 505//505
f 467//467 507//507 505//505
f 463//463 462//462 500//500
f 463//463 464//464 396//396
f 503//503 504//504 466//466
f 469//469 466//466 504//504
f 504//504 470//470 469//469
f 506//506 507//507 509//509
f 462//462 393//393 467//467
f 393//393 406//406 467//467
f 467//467 406//406 411//411
f 467//467 411//411 507//507
f 509//509 411//411 468//468
f 411//411 509//509 507//507
f 512//512 477//477 525//525
f 477//477 478//478 525//525
f 510//510 468//468 421//421
f 421//421 468//468 411//411
f 510//510 2668//2668 471//471
f 471//471 355//355 473//473
f 2672//2672 472//472 511//511
f 511//511 472//472 475//475
f 474//474 2672//2672 412//412
f 474//474 412//412 413//413
f 472//472 2672//2672 474//474
f 2673//2673 475//475 472//472
f 2673//2673 413//413 475//475
f 489//489 414//414 476//476
f 432//432 433//433 476//476
f 477//477 479//479 478//478
f 418//418 479//479 477//477
f 477//477 512//512 418//418
f 479//479 526//526 478//478
f 513//513 479//479 419//419
f 513//513 419//419 480//480
f 480//480 481//481 513//513
f 514//514 481//481 2676//2676
f 481//481 480//480 490//490
f 481//481 514//514 530//530
f 2676//2676 444//444 482//482
f 514//514 2676//2676 482//482
f 595//595 475//475 422//422
f 595//595 422//422 483//483
f 422//422 485//485 483//483
f 485//485 515//515 483//483
f 486//486 485//485 484//484
f 2675//2675 488//488 535//535
f 535//535 488//488 489//489
f 440//440 441//441 490//490
f 453//453 452//452 517//517
f 518//518 454//454 491//491
f 455//455 454//454 518//518
f 450//450 449//449 492//492
f 494//494 451//451 495//495
f 495//495 493//493 494//494
f 451//451 389//389 495//495
f 497//497 496//496 498//498
f 496//496 541//541 498//498
f 520//520 498//498 541//541
f 499//499 498//498 520//520
f 498//498 499//499 461//461
f 520//520 521//521 499//499
f 498//498 459//459 497//497
f 498//498 461//461 459//459
f 499//499 521//521 461//461
f 461//461 521//521 503//503
f 505//505 500//500 462//462
f 500//500 537//537 501//501
f 501//501 502//502 465//465
f 502//502 501//501 537//537
f 507//507 506//506 505//505
f 506//506 509//509 508//508
f 545//545 470//470 504//504
f 509//509 468//468 508//508
f 524//524 468//468 510//510
f 556//556 524//524 511//511
f 524//524 510//510 471//471
f 524//524 471//471 511//511
f 511//511 471//471 473//473
f 534//534 418//418 512//512
f 525//525 478//478 526//526
f 479//479 513//513 526//526
f 591//591 513//513 530//530
f 470//470 514//514 482//482
f 475//475 531//531 511//511
f 486//486 487//487 2677//2677
f 476//476 433//433 534//534
f 534//534 433//433 418//418
f 530//530 513//513 481//481
f 614//614 515//515 532//532
f 515//515 485//485 532//532
f 2677//2677 532//532 485//485
f 486//486 2677//2677 485//485
f 597//597 536//536 518//518
f 518//518 536//536 492//492
f 516//516 519//519 539//539
f 516//516 493//493 519//519
f 598//598 517//517 451//451
f 516//516 598//598 451//451
f 597//597 518//518 491//491
f 541//541 492//492 536//536
f 520//520 541//541 542//542
f 537//537 500//500 570//570
f 537//537 519//519 502//502
f 519//519 493//493 502//502
f 493//493 516//516 494//494
f 451//451 494//494 516//516
f 520//520 579//579 521//521
f 505//505 506//506 522//522
f 500//500 505//505 543//543
f 522//522 543//543 505//505
f 522//522 577//577 543//543
f 522//522 546//546 577//577
f 504//504 503//503 521//521
f 521//521 545//545 504//504
f 522//522 506//506 546//546
f 2679//2679 506//506 547//547
f 547//547 506//506 523//523
f 578//578 547//547 523//523
f 523//523 508//508 468//468
f 506//506 508//508 523//523
f 549//549 523//523 468//468
f 551//551 468//468 524//524
f 514//514 470//470 586//586
f 545//545 586//586 470//470
f 591//591 514//514 586//586
f 556//556 511//511 531//531
f 534//534 558//558 533//533
f 512//512 525//525 527//527
f 528//528 527//527 525//525
f 512//512 558//558 534//534
f 527//527 528//528 560//560
f 525//525 526//526 528//528
f 526//526 513//513 529//529
f 560//560 528//528 526//526
f 560//560 526//526 529//529
f 514//514 591//591 530//530
f 531//531 475//475 595//595
f 561//561 531//531 595//595
f 562//562 483//483 515//515
f 595//595 483//483 562//562
f 532//532 564//564 615//615
f 534//534 565//565 476//476
f 533//533 565//565 534//534
f 532//532 615//615 614//614
f 564//564 532//532 2677//2677
f 453//453 568//568 596//596
f 453//453 596//596 491//491
f 572//572 538//538 537//537
f 540//540 538//538 572//572
f 538//538 539//539 519//519
f 537//537 538//538 519//519
f 538//538 540//540 539//539
f 540//540 598//598 516//516
f 516//516 539//539 540//540
f 536//536 624//624 541//541
f 574//574 541//541 625//625
f 574//574 542//542 541//541
f 500//500 543//543 570//570
f 542//542 579//579 520//520
f 521//521 579//579 545//545
f 2681//2681 2679//2679 578//578
f 580//580 578//578 544//544
f 2679//2679 547//547 578//578
f 549//549 550//550 584//584
f 549//549 584//584 583//583
f 578//578 523//523 544//544
f 544//544 523//523 548//548
f 544//544 548//548 583//583
f 583//583 548//548 549//549
f 523//523 549//549 548//548
f 550//550 551//551 585//585
f 550//550 549//549 551//551
f 551//551 549//549 468//468
f 585//585 551//551 552//552
f 551//551 524//524 552//552
f 556//556 554//554 552//552
f 552//552 553//553 585//585
f 553//553 552//552 554//554
f 554//554 556//556 587//587
f 587//587 553//553 554//554
f 524//524 556//556 552//552
f 559//559 558//558 557//557
f 557//557 555//555 559//559
f 527//527 560//560 555//555
f 591//591 529//529 513//513
f 545//545 643//643 586//586
f 561//561 592//592 531//531
f 594//594 533//533 657//657
f 533//533 558//558 2689//2689
f 559//559 589//589 558//558
f 589//589 559//559 555//555
f 512//512 557//557 558//558
f 512//512 527//527 557//557
f 527//527 555//555 557//557
f 563//563 562//562 515//515
f 563//563 515//515 614//614
f 565//565 535//535 489//489
f 476//476 565//565 489//489
f 594//594 565//565 533//533
f 618//618 568//568 617//617
f 618//618 596//596 568//568
f 537//537 567//567 572//572
f 567//567 566//566 572//572
f 567//567 598//598 566//566
f 566//566 598//598 573//573
f 537//537 571//571 567//567
f 568//568 517//517 617//617
f 517//517 568//568 453//453
f 491//491 596//596 569//569
f 597//597 751//751 536//536
f 624//624 536//536 716//716
f 570//570 571//571 537//537
f 540//540 572//572 573//573
f 573//573 572//572 566//566
f 540//540 573//573 598//598
f 574//574 627//627 575//575
f 627//627 576//576 575//575
f 576//576 542//542 575//575
f 599//599 542//542 631//631
f 575//575 542//542 574//574
f 542//542 599//599 579//579
f 629//629 2681//2681 578//578
f 642//642 545//545 579//579
f 545//545 642//642 643//643
f 582//582 581//581 640//640
f 640//640 581//581 601//601
f 580//580 544//544 583//583
f 580//580 583//583 582//582
f 582//582 584//584 581//581
f 584//584 582//582 583//583
f 601//601 585//585 602//602
f 601//601 581//581 585//585
f 581//581 584//584 550//550
f 581//581 550//550 585//585
f 603//603 585//585 553//553
f 603//603 602//602 585//585
f 591//591 586//586 590//590
f 604//604 603//603 587//587
f 587//587 603//603 553//553
f 604//604 587//587 556//556
f 644//644 604//604 556//556
f 588//588 556//556 531//531
f 592//592 588//588 531//531
f 560//560 647//647 555//555
f 589//589 555//555 647//647
f 647//647 560//560 529//529
f 647//647 529//529 590//590
f 591//591 590//590 529//529
f 606//606 595//595 605//605
f 594//594 609//609 565//565
f 592//592 561//561 606//606
f 606//606 561//561 595//595
f 595//595 562//562 605//605
f 593//593 605//605 562//562
f 593//593 562//562 563//563
f 613//613 563//563 614//614
f 615//615 564//564 2677//2677
f 616//616 2678//2678 658//658
f 615//615 2677//2677 616//616
f 658//658 535//535 682//682
f 598//598 617//617 517//517
f 617//617 688//688 618//618
f 618//618 619//619 596//596
f 619//619 621//621 596//596
f 569//569 621//621 620//620
f 569//569 596//596 621//621
f 664//664 597//597 569//569
f 597//597 491//491 569//569
f 622//622 623//623 570//570
f 571//571 570//570 623//623
f 567//567 571//571 623//623
f 662//662 598//598 567//567
f 2704//2704 716//716 536//536
f 625//625 541//541 624//624
f 543//543 622//622 570//570
f 622//622 543//543 665//665
f 577//577 665//665 543//543
f 2691//2691 2681//2681 629//629
f 631//631 576//576 627//627
f 599//599 631//631 633//633
f 576//576 631//631 542//542
f 634//634 599//599 633//633
f 599//599 634//634 579//579
f 634//634 642//642 579//579
f 578//578 580//580 600//600
f 600//600 582//582 640//640
f 600//600 580//580 582//582
f 673//673 640//640 601//601
f 603//603 644//644 602//602
f 644//644 603//603 604//604
f 556//556 645//645 644//644
f 676//676 647//647 590//590
f 590//590 648//648 676//676
f 590//590 586//586 649//649
f 649//649 586//586 643//643
f 588//588 646//646 645//645
f 592//592 646//646 588//588
f 588//588 645//645 556//556
f 2689//2689 558//558 651//651
f 651//651 558//558 589//589
f 606//606 677//677 592//592
f 607//607 679//679 605//605
f 608//608 2694//2694 607//607
f 593//593 607//607 605//605
f 593//593 608//608 607//607
f 609//609 2690//2690 656//656
f 609//609 594//594 2690//2690
f 608//608 611//611 654//654
f 2687//2687 611//611 612//612
f 610//610 593//593 563//563
f 610//610 563//563 613//613
f 608//608 610//610 611//611
f 608//608 593//593 610//610
f 611//611 610//610 613//613
f 611//611 613//613 612//612
f 613//613 614//614 612//612
f 615//615 612//612 614//614
f 612//612 615//615 655//655
f 616//616 655//655 615//615
f 535//535 565//565 682//682
f 617//617 660//660 688//688
f 662//662 663//663 598//598
f 660//660 617//617 598//598
f 618//618 715//715 619//619
f 619//619 746//746 621//621
f 620//620 621//621 746//746
f 620//620 664//664 569//569
f 751//751 597//597 691//691
f 623//623 662//662 567//567
f 667//667 574//574 625//625
f 626//626 2680//2680 667//667
f 626//626 666//666 2680//2680
f 2692//2692 628//628 574//574
f 628//628 627//627 574//574
f 725//725 669//669 627//627
f 669//669 631//631 627//627
f 2683//2683 630//630 670//670
f 2683//2683 2682//2682 630//630
f 632//632 633//633 631//631
f 632//632 669//669 633//633
f 669//669 634//634 633//633
f 632//632 631//631 669//669
f 700//700 634//634 669//669
f 642//642 634//634 700//700
f 635//635 2684//2684 578//578
f 635//635 578//578 600//600
f 636//636 635//635 600//600
f 2685//2685 600//600 639//639
f 637//637 2684//2684 635//635
f 637//637 635//635 636//636
f 636//636 638//638 637//637
f 639//639 673//673 2685//2685
f 673//673 2686//2686 2685//2685
f 600//600 640//640 673//673
f 639//639 600//600 673//673
f 673//673 601//601 602//602
f 602//602 644//644 641//641
f 641//641 644//644 760//760
f 644//644 645//645 760//760
f 646//646 760//760 645//645
f 676//676 648//648 705//705
f 705//705 648//648 649//649
f 649//649 648//648 590//590
f 650//650 646//646 592//592
f 592//592 677//677 729//729
f 606//606 678//678 677//677
f 606//606 605//605 678//678
f 679//679 678//678 605//605
f 651//651 647//647 652//652
f 2689//2689 651//651 707//707
f 707//707 651//651 652//652
f 589//589 647//647 651//651
f 654//654 653//653 608//608
f 680//680 2687//2687 655//655
f 706//706 2694//2694 608//608
f 706//706 653//653 654//654
f 608//608 653//653 706//706
f 680//680 655//655 681//681
f 738//738 609//609 656//656
f 737//737 656//656 2690//2690
f 655//655 2687//2687 612//612
f 681//681 655//655 616//616
f 659//659 660//660 598//598
f 686//686 687//687 660//660
f 687//687 688//688 660//660
f 715//715 618//618 688//688
f 619//619 715//715 689//689
f 620//620 785//785 664//664
f 664//664 691//691 597//597
f 623//623 661//661 662//662
f 623//623 622//622 661//661
f 598//598 663//663 659//659
f 622//622 692//692 661//661
f 692//692 622//622 665//665
f 667//667 625//625 624//624
f 695//695 696//696 667//667
f 668//668 666//666 626//626
f 626//626 667//667 668//668
f 667//667 696//696 668//668
f 666//666 668//668 696//696
f 720//720 2692//2692 2697//2697
f 720//720 628//628 2692//2692
f 628//628 725//725 627//627
f 697//697 693//693 2691//2691
f 697//697 2691//2691 629//629
f 697//697 2683//2683 670//670
f 630//630 697//697 670//670
f 697//697 630//630 694//694
f 694//694 2684//2684 698//698
f 671//671 698//698 2684//2684
f 2684//2684 637//637 671//671
f 727//727 2693//2693 672//672
f 638//638 671//671 637//637
f 2686//2686 673//673 672//672
f 673//673 602//602 699//699
f 2686//2686 672//672 2693//2693
f 699//699 727//727 673//673
f 673//673 727//727 672//672
f 641//641 699//699 602//602
f 760//760 699//699 641//641
f 649//649 643//643 728//728
f 702//702 674//674 649//649
f 674//674 705//705 649//649
f 728//728 702//702 649//649
f 646//646 761//761 760//760
f 761//761 646//646 650//650
f 707//707 647//647 705//705
f 705//705 675//675 676//676
f 676//676 675//675 647//647
f 675//675 705//705 647//647
f 704//704 729//729 677//677
f 677//677 678//678 704//704
f 704//704 678//678 679//679
f 2694//2694 706//706 704//704
f 707//707 652//652 647//647
f 2699//2699 2688//2688 2695//2695
f 738//738 684//684 609//609
f 681//681 616//616 658//658
f 658//658 682//682 708//708
f 708//708 682//682 683//683
f 658//658 708//708 681//681
f 682//682 565//565 683//683
f 683//683 565//565 684//684
f 609//609 684//684 565//565
f 711//711 685//685 662//662
f 663//663 662//662 685//685
f 685//685 747//747 663//663
f 686//686 663//663 713//713
f 663//663 686//686 659//659
f 686//686 660//660 659//659
f 687//687 715//715 688//688
f 785//785 620//620 746//746
f 2710//2710 690//690 664//664
f 2710//2710 691//691 690//690
f 664//664 690//690 691//691
f 692//692 711//711 661//661
f 661//661 711//711 662//662
f 665//665 753//753 692//692
f 693//693 753//753 2691//2691
f 697//697 694//694 693//693
f 694//694 698//698 726//726
f 667//667 755//755 695//695
f 755//755 719//719 695//695
f 720//720 2697//2697 719//719
f 719//719 696//696 695//695
f 724//724 628//628 720//720
f 724//724 725//725 628//628
f 724//724 723//723 725//725
f 2698//2698 2693//2693 727//727
f 2700//2700 2698//2698 727//727
f 2700//2700 727//727 804//804
f 701//701 642//642 700//700
f 643//643 642//642 701//701
f 643//643 701//701 728//728
f 767//767 674//674 702//702
f 705//705 674//674 765//765
f 592//592 703//703 650//650
f 703//703 592//592 729//729
f 812//812 729//729 704//704
f 730//730 704//704 706//706
f 736//736 683//683 684//684
f 738//738 736//736 684//684
f 738//738 656//656 737//737
f 876//876 681//681 708//708
f 708//708 683//683 709//709
f 708//708 709//709 832//832
f 832//832 709//709 710//710
f 683//683 736//736 710//710
f 683//683 710//710 709//709
f 739//739 740//740 686//686
f 740//740 781//781 686//686
f 689//689 745//745 619//619
f 746//746 619//619 745//745
f 711//711 788//788 833//833
f 711//711 747//747 685//685
f 747//747 749//749 712//712
f 747//747 712//712 663//663
f 663//663 712//712 713//713
f 712//712 748//748 713//713
f 748//748 739//739 713//713
f 739//739 686//686 713//713
f 714//714 686//686 781//781
f 714//714 841//841 687//687
f 714//714 687//687 686//686
f 2710//2710 750//750 691//691
f 750//750 751//751 691//691
f 752//752 716//716 2704//2704
f 792//792 716//716 752//752
f 692//692 788//788 711//711
f 792//792 717//717 716//716
f 717//717 754//754 624//624
f 792//792 754//754 717//717
f 717//717 624//624 716//716
f 718//718 624//624 754//754
f 718//718 667//667 624//624
f 755//755 718//718 754//754
f 718//718 755//755 667//667
f 720//720 719//719 755//755
f 794//794 753//753 693//693
f 757//757 694//694 758//758
f 758//758 694//694 726//726
f 803//803 2700//2700 804//804
f 758//758 726//726 803//803
f 795//795 727//727 721//721
f 759//759 721//721 699//699
f 722//722 723//723 724//724
f 867//867 669//669 725//725
f 727//727 699//699 721//721
f 760//760 759//759 699//699
f 728//728 701//701 769//769
f 867//867 701//701 700//700
f 767//767 702//702 728//728
f 767//767 728//728 768//768
f 704//704 730//730 812//812
f 705//705 765//765 814//814
f 771//771 2699//2699 731//731
f 731//731 2699//2699 2695//2695
f 732//732 2701//2701 2696//2696
f 733//733 732//732 2696//2696
f 732//732 733//733 2701//2701
f 733//733 734//734 2701//2701
f 735//735 680//680 681//681
f 680//680 735//735 2703//2703
f 774//774 2703//2703 735//735
f 775//775 774//774 735//735
f 735//735 681//681 775//775
f 831//831 736//736 738//738
f 831//831 738//738 737//737
f 737//737 872//872 831//831
f 2690//2690 872//872 737//737
f 780//780 740//740 739//739
f 780//780 739//739 779//779
f 779//779 739//739 748//748
f 687//687 741//741 715//715
f 741//741 742//742 715//715
f 744//744 743//743 715//715
f 715//715 742//742 744//744
f 743//743 784//784 715//715
f 846//846 745//745 689//689
f 784//784 689//689 715//715
f 749//749 748//748 712//712
f 840//840 714//714 781//781
f 714//714 840//840 841//841
f 855//855 754//754 792//792
f 788//788 692//692 789//789
f 789//789 692//692 854//854
f 692//692 753//753 854//854
f 794//794 854//854 753//753
f 754//754 796//796 755//755
f 755//755 796//796 720//720
f 796//796 756//756 720//720
f 756//756 724//724 720//720
f 756//756 798//798 722//722
f 798//798 723//723 722//722
f 694//694 757//757 693//693
f 795//795 721//721 759//759
f 807//807 759//759 760//760
f 756//756 722//722 724//724
f 669//669 867//867 700//700
f 807//807 760//760 808//808
f 766//766 701//701 965//965
f 766//766 769//769 701//701
f 650//650 703//703 762//762
f 763//763 762//762 703//703
f 812//812 763//763 729//729
f 763//763 703//703 729//729
f 816//816 674//674 817//817
f 917//917 767//767 766//766
f 817//817 767//767 917//917
f 674//674 767//767 817//817
f 674//674 816//816 765//765
f 767//767 768//768 766//766
f 2705//2705 766//766 768//768
f 728//728 2705//2705 768//768
f 706//706 770//770 764//764
f 771//771 2706//2706 2699//2699
f 812//812 730//730 764//764
f 730//730 706//706 764//764
f 821//821 2701//2701 734//734
f 707//707 828//828 772//772
f 826//826 828//828 707//707
f 827//827 705//705 773//773
f 814//814 773//773 705//705
f 814//814 827//827 773//773
f 827//827 707//707 705//705
f 734//734 733//733 825//825
f 2703//2703 774//774 825//825
f 2690//2690 976//976 872//872
f 2689//2689 707//707 772//772
f 876//876 708//708 832//832
f 736//736 776//776 710//710
f 710//710 776//776 832//832
f 776//776 736//736 878//878
f 833//833 790//790 711//711
f 777//777 749//749 747//747
f 777//777 778//778 749//749
f 837//837 778//778 777//777
f 779//779 2709//2709 780//780
f 780//780 781//781 740//740
f 748//748 2709//2709 779//779
f 748//748 749//749 778//778
f 839//839 781//781 780//780
f 2709//2709 839//839 780//780
f 839//839 840//840 781//781
f 842//842 741//741 687//687
f 841//841 842//842 687//687
f 843//843 782//782 743//743
f 782//782 783//783 743//743
f 743//743 744//744 2715//2715
f 845//845 783//783 782//782
f 783//783 784//784 743//743
f 845//845 784//784 783//783
f 784//784 845//845 846//846
f 846//846 689//689 784//784
f 745//745 848//848 746//746
f 850//850 785//785 746//746
f 786//786 750//750 2710//2710
f 786//786 791//791 750//750
f 791//791 853//853 751//751
f 788//788 787//787 833//833
f 789//789 787//787 788//788
f 789//789 854//854 787//787
f 790//790 747//747 711//711
f 791//791 751//751 750//750
f 2717//2717 752//752 2704//2704
f 2717//2717 792//792 752//752
f 793//793 754//754 855//855
f 856//856 754//754 2711//2711
f 858//858 794//794 693//693
f 859//859 858//858 800//800
f 799//799 859//859 800//800
f 901//901 804//804 727//727
f 802//802 804//804 901//901
f 864//864 796//796 754//754
f 856//856 864//864 754//754
f 796//796 798//798 756//756
f 796//796 797//797 798//798
f 725//725 723//723 798//798
f 725//725 798//798 865//865
f 858//858 693//693 757//757
f 800//800 858//858 757//757
f 799//799 800//800 802//802
f 799//799 802//802 863//863
f 758//758 800//800 757//757
f 805//805 802//802 803//803
f 801//801 800//800 758//758
f 801//801 758//758 803//803
f 802//802 800//800 801//801
f 801//801 803//803 802//802
f 901//901 863//863 802//802
f 805//805 803//803 804//804
f 805//805 804//804 802//802
f 806//806 795//795 759//759
f 806//806 759//759 807//807
f 806//806 807//807 866//866
f 807//807 808//808 866//866
f 865//865 867//867 725//725
f 808//808 760//760 912//912
f 912//912 760//760 809//809
f 761//761 809//809 760//760
f 809//809 761//761 810//810
f 810//810 761//761 650//650
f 810//810 650//650 762//762
f 811//811 810//810 762//762
f 762//762 763//763 811//811
f 812//812 811//811 763//763
f 764//764 915//915 812//812
f 770//770 2723//2723 764//764
f 868//868 818//818 813//813
f 820//820 813//813 818//818
f 868//868 813//813 820//820
f 918//918 868//868 820//820
f 820//820 822//822 918//918
f 814//814 869//869 829//829
f 869//869 814//814 815//815
f 922//922 869//869 815//815
f 815//815 814//814 765//765
f 922//922 815//815 816//816
f 815//815 765//765 816//816
f 1024//1024 816//816 917//917
f 1024//1024 922//922 816//816
f 816//816 817//817 917//917
f 2712//2712 2706//2706 771//771
f 819//819 818//818 771//771
f 820//820 818//818 819//819
f 819//819 771//771 820//820
f 731//731 822//822 771//771
f 820//820 771//771 822//822
f 2713//2713 822//822 2702//2702
f 825//825 821//821 734//734
f 824//824 822//822 2713//2713
f 824//824 821//821 823//823
f 825//825 824//824 823//823
f 825//825 823//823 821//821
f 824//824 825//825 871//871
f 825//825 924//924 871//871
f 774//774 924//924 825//825
f 828//828 873//873 772//772
f 826//826 873//873 828//828
f 869//869 826//826 827//827
f 829//829 869//869 827//827
f 707//707 827//827 826//826
f 829//829 827//827 814//814
f 830//830 774//774 775//775
f 775//775 874//874 830//830
f 875//875 775//775 681//681
f 736//736 831//831 975//975
f 927//927 876//876 832//832
f 927//927 832//832 974//974
f 776//776 878//878 832//832
f 832//832 878//878 974//974
f 879//879 933//933 844//844
f 880//880 790//790 833//833
f 880//880 834//834 790//790
f 834//834 883//883 790//790
f 883//883 747//747 790//790
f 885//885 835//835 747//747
f 835//835 885//885 886//886
f 2719//2719 889//889 2714//2714
f 889//889 837//837 2714//2714
f 889//889 890//890 837//837
f 835//835 777//777 747//747
f 778//778 837//837 890//890
f 2714//2714 836//836 2708//2708
f 836//836 837//837 2708//2708
f 2714//2714 837//837 836//836
f 2720//2720 839//839 838//838
f 839//839 938//938 840//840
f 839//839 2709//2709 838//838
f 838//838 2709//2709 2720//2720
f 841//841 840//840 929//929
f 842//842 742//742 741//741
f 841//841 929//929 842//842
f 891//891 879//879 744//744
f 891//891 742//742 842//842
f 891//891 744//744 742//742
f 744//744 879//879 2715//2715
f 879//879 844//844 2715//2715
f 2716//2716 782//782 843//843
f 782//782 893//893 845//845
f 845//845 893//893 846//846
f 847//847 846//846 893//893
f 847//847 848//848 846//846
f 893//893 892//892 847//847
f 892//892 849//849 847//847
f 847//847 849//849 848//848
f 846//846 848//848 745//745
f 848//848 849//849 746//746
f 849//849 850//850 746//746
f 851//851 852//852 2710//2710
f 850//850 851//851 2710//2710
f 2710//2710 852//852 786//786
f 852//852 895//895 786//786
f 895//895 791//791 786//786
f 895//895 939//939 791//791
f 939//939 940//940 791//791
f 792//792 2717//2717 855//855
f 854//854 944//944 787//787
f 942//942 793//793 855//855
f 897//897 2711//2711 942//942
f 897//897 856//856 2711//2711
f 864//864 856//856 897//897
f 794//794 857//857 854//854
f 898//898 857//857 794//794
f 898//898 794//794 858//858
f 2721//2721 858//858 899//899
f 899//899 858//858 859//859
f 860//860 862//862 859//859
f 859//859 862//862 861//861
f 863//863 862//862 860//860
f 899//899 859//859 861//861
f 899//899 861//861 862//862
f 859//859 799//799 863//863
f 863//863 901//901 862//862
f 860//860 859//859 863//863
f 902//902 905//905 806//806
f 866//866 902//902 806//806
f 864//864 797//797 796//796
f 864//864 906//906 797//797
f 865//865 798//798 797//797
f 866//866 808//808 911//911
f 911//911 808//808 912//912
f 809//809 810//810 912//912
f 963//963 867//867 962//962
f 811//811 915//915 810//810
f 958//958 912//912 810//810
f 915//915 811//811 812//812
f 964//964 965//965 701//701
f 867//867 963//963 701//701
f 915//915 2706//2706 868//868
f 914//914 915//915 868//868
f 2706//2706 2712//2712 868//868
f 914//914 868//868 918//918
f 961//961 914//914 918//918
f 919//919 918//918 822//822
f 919//919 822//822 824//824
f 919//919 824//824 920//920
f 922//922 826//826 869//869
f 870//870 824//824 871//871
f 924//924 870//870 871//871
f 870//870 920//920 824//824
f 920//920 870//870 924//924
f 924//924 774//774 925//925
f 830//830 925//925 774//774
f 831//831 872//872 1021//1021
f 976//976 2690//2690 2707//2707
f 926//926 830//830 874//874
f 875//875 926//926 874//874
f 877//877 926//926 875//875
f 876//876 877//877 875//875
f 876//876 927//927 877//877
f 876//876 875//875 681//681
f 775//775 875//875 874//874
f 975//975 878//878 736//736
f 933//933 892//892 2716//2716
f 943//943 881//881 833//833
f 881//881 943//943 997//997
f 882//882 881//881 936//936
f 881//881 880//880 833//833
f 881//881 882//882 880//880
f 882//882 834//834 880//880
f 885//885 936//936 928//928
f 883//883 2724//2724 747//747
f 936//936 885//885 747//747
f 882//882 883//883 834//834
f 883//883 882//882 936//936
f 928//928 886//886 885//885
f 928//928 884//884 886//886
f 937//937 888//888 2718//2718
f 887//887 888//888 2719//2719
f 2718//2718 887//887 2719//2719
f 2718//2718 888//888 887//887
f 888//888 889//889 2719//2719
f 888//888 890//890 889//889
f 2720//2720 980//980 839//839
f 980//980 938//938 839//839
f 938//938 929//929 840//840
f 929//929 891//891 842//842
f 2716//2716 893//893 782//782
f 2716//2716 892//892 893//893
f 934//934 849//849 892//892
f 849//849 934//934 850//850
f 851//851 850//850 934//934
f 851//851 1039//1039 894//894
f 851//851 894//894 852//852
f 894//894 895//895 852//852
f 939//939 895//895 894//894
f 791//791 940//940 896//896
f 896//896 853//853 791//791
f 896//896 942//942 2717//2717
f 942//942 855//855 2717//2717
f 854//854 857//857 944//944
f 943//943 833//833 787//787
f 943//943 787//787 944//944
f 942//942 945//945 897//897
f 945//945 864//864 897//897
f 900//900 899//899 862//862
f 862//862 901//901 900//900
f 903//903 1009//1009 901//901
f 2728//2728 903//903 905//905
f 901//901 727//727 795//795
f 901//901 795//795 903//903
f 904//904 953//953 905//905
f 806//806 903//903 795//795
f 902//902 904//904 905//905
f 904//904 902//902 866//866
f 903//903 806//806 905//905
f 904//904 866//866 1012//1012
f 946//946 908//908 906//906
f 946//946 955//955 908//908
f 908//908 797//797 906//906
f 946//946 906//906 864//864
f 797//797 907//907 865//865
f 797//797 2722//2722 907//907
f 910//910 865//865 907//907
f 2726//2726 909//909 2722//2722
f 909//909 910//910 2722//2722
f 2722//2722 910//910 907//907
f 2726//2726 910//910 909//909
f 867//867 865//865 1014//1014
f 1012//1012 866//866 911//911
f 911//911 912//912 957//957
f 957//957 912//912 958//958
f 959//959 958//958 913//913
f 913//913 958//958 810//810
f 1014//1014 956//956 867//867
f 913//913 810//810 915//915
f 960//960 913//913 915//915
f 915//915 914//914 961//961
f 961//961 918//918 916//916
f 918//918 919//919 916//916
f 965//965 917//917 766//766
f 701//701 963//963 964//964
f 1018//1018 916//916 919//919
f 967//967 920//920 924//924
f 969//969 873//873 826//826
f 921//921 923//923 922//922
f 826//826 922//922 923//923
f 1024//1024 917//917 1074//1074
f 925//925 967//967 924//924
f 968//968 967//967 925//925
f 831//831 1033//1033 975//975
f 831//831 1021//1021 1033//1033
f 772//772 873//873 969//969
f 926//926 925//925 830//830
f 925//925 926//926 977//977
f 927//927 926//926 877//877
f 926//926 927//927 977//977
f 1026//1026 977//977 927//927
f 878//878 975//975 974//974
f 891//891 929//929 984//984
f 891//891 930//930 879//879
f 879//879 930//930 933//933
f 933//933 930//930 932//932
f 930//930 891//891 932//932
f 984//984 932//932 891//891
f 931//931 933//933 932//932
f 931//931 986//986 933//933
f 985//985 986//986 931//931
f 985//985 931//931 932//932
f 986//986 892//892 933//933
f 987//987 1038//1038 934//934
f 987//987 934//934 892//892
f 934//934 1039//1039 851//851
f 990//990 935//935 997//997
f 1045//1045 936//936 990//990
f 990//990 936//936 935//935
f 881//881 997//997 935//935
f 935//935 936//936 881//881
f 937//937 890//890 888//888
f 979//979 937//937 2718//2718
f 890//890 937//937 993//993
f 993//993 937//937 979//979
f 980//980 2720//2720 995//995
f 939//939 894//894 1039//1039
f 940//940 939//939 988//988
f 942//942 896//896 940//940
f 988//988 941//941 940//940
f 941//941 942//942 940//940
f 1041//1041 941//941 988//988
f 942//942 941//941 1041//1041
f 942//942 1000//1000 945//945
f 944//944 999//999 943//943
f 1005//1005 998//998 944//944
f 944//944 857//857 1005//1005
f 864//864 1000//1000 946//946
f 1000//1000 864//864 945//945
f 954//954 947//947 948//948
f 1004//1004 947//947 954//954
f 946//946 2725//2725 955//955
f 1006//1006 1005//1005 857//857
f 1006//1006 857//857 898//898
f 1006//1006 2721//2721 1007//1007
f 949//949 1007//1007 2721//2721
f 1007//1007 950//950 1116//1116
f 2721//2721 899//899 949//949
f 950//950 949//949 899//899
f 950//950 899//899 951//951
f 949//949 950//950 1007//1007
f 951//951 1116//1116 950//950
f 951//951 899//899 900//900
f 900//900 901//901 951//951
f 951//951 952//952 1116//1116
f 901//901 952//952 951//951
f 901//901 1009//1009 952//952
f 953//953 1008//1008 905//905
f 1008//1008 2728//2728 905//905
f 1008//1008 953//953 1010//1010
f 904//904 1010//1010 953//953
f 2729//2729 904//904 1011//1011
f 1011//1011 904//904 1012//1012
f 948//948 910//910 2726//2726
f 2726//2726 954//954 948//948
f 948//948 947//947 910//910
f 947//947 865//865 910//910
f 947//947 1014//1014 865//865
f 1062//1062 957//957 958//958
f 959//959 1063//1063 958//958
f 1063//1063 1062//1062 958//958
f 1016//1016 960//960 961//961
f 959//959 913//913 960//960
f 915//915 961//961 960//960
f 956//956 962//962 867//867
f 1068//1068 962//962 956//956
f 961//961 916//916 1018//1018
f 919//919 920//920 1018//1018
f 920//920 967//967 1018//1018
f 971//971 967//967 968//968
f 966//966 967//967 971//971
f 1022//1022 772//772 969//969
f 1023//1023 969//969 970//970
f 1023//1023 970//970 1072//1072
f 921//921 1072//1072 970//970
f 1022//1022 969//969 1023//1023
f 826//826 923//923 970//970
f 970//970 969//969 826//826
f 970//970 923//923 921//921
f 1072//1072 921//921 1024//1024
f 921//921 922//922 1024//1024
f 971//971 968//968 925//925
f 1025//1025 972//972 973//973
f 925//925 973//973 972//972
f 925//925 977//977 973//973
f 1028//1028 975//975 1032//1032
f 975//975 1033//1033 1032//1032
f 974//974 975//975 1028//1028
f 1080//1080 1021//1021 872//872
f 976//976 2707//2707 1022//1022
f 973//973 977//977 1026//1026
f 974//974 1029//1029 927//927
f 928//928 992//992 1034//1034
f 992//992 928//928 936//936
f 928//928 1034//1034 978//978
f 1034//1034 1089//1089 978//978
f 978//978 884//884 928//928
f 884//884 978//978 2727//2727
f 978//978 1089//1089 2727//2727
f 1089//1089 993//993 979//979
f 994//994 1035//1035 981//981
f 995//995 994//994 980//980
f 994//994 981//981 980//980
f 981//981 938//938 980//980
f 981//981 1035//1035 938//938
f 1035//1035 929//929 938//938
f 1035//1035 1036//1036 929//929
f 1036//1036 1037//1037 929//929
f 2732//2732 983//983 982//982
f 982//982 929//929 2732//2732
f 982//982 983//983 929//929
f 983//983 984//984 929//929
f 985//985 984//984 983//983
f 985//985 932//932 984//984
f 985//985 1209//1209 986//986
f 986//986 987//987 892//892
f 1040//1040 939//939 1039//1039
f 1040//1040 1041//1041 939//939
f 1041//1041 996//996 942//942
f 989//989 990//990 997//997
f 1045//1045 991//991 936//936
f 1045//1045 1046//1046 991//991
f 991//991 992//992 936//936
f 993//993 994//994 890//890
f 995//995 2720//2720 994//994
f 988//988 939//939 1041//1041
f 1113//1113 997//997 1049//1049
f 1050//1050 997//997 999//999
f 1050//1050 999//999 1051//1051
f 999//999 998//998 1051//1051
f 999//999 997//997 943//943
f 944//944 998//998 999//999
f 1000//1000 1054//1054 946//946
f 1054//1054 1001//1001 946//946
f 1001//1001 1055//1055 1002//1002
f 1055//1055 1054//1054 1277//1277
f 1001//1001 1054//1054 1055//1055
f 1002//1002 1277//1277 1056//1056
f 1002//1002 1055//1055 1277//1277
f 946//946 1001//1001 2725//2725
f 1002//1002 2725//2725 1001//1001
f 1002//1002 1003//1003 2725//2725
f 1002//1002 1056//1056 1003//1003
f 1056//1056 1057//1057 1003//1003
f 1003//1003 1004//1004 954//954
f 1004//1004 1014//1014 947//947
f 1004//1004 1003//1003 1058//1058
f 1058//1058 1014//1014 1004//1004
f 1005//1005 1006//1006 1059//1059
f 1059//1059 1006//1006 1060//1060
f 1006//1006 1007//1007 1060//1060
f 952//952 1009//1009 1116//1116
f 1116//1116 1009//1009 1008//1008
f 1012//1012 911//911 1013//1013
f 1013//1013 1120//1120 1012//1012
f 1120//1120 1013//1013 1062//1062
f 957//957 1013//1013 911//911
f 1013//1013 957//957 1062//1062
f 956//956 1014//1014 1065//1065
f 1066//1066 1015//1015 956//956
f 1066//1066 1068//1068 1015//1015
f 1015//1015 1068//1068 956//956
f 1067//1067 1016//1016 961//961
f 1067//1067 961//961 1069//1069
f 1186//1186 962//962 1068//1068
f 1186//1186 963//963 962//962
f 1069//1069 961//961 1017//1017
f 1017//1017 961//961 1018//1018
f 1018//1018 1071//1071 1017//1017
f 1074//1074 1073//1073 1024//1024
f 917//917 965//965 1075//1075
f 1075//1075 1074//1074 917//917
f 1019//1019 1018//1018 967//967
f 967//967 966//966 1019//1019
f 966//966 1020//1020 1019//1019
f 1020//1020 966//966 971//971
f 1020//1020 1077//1077 1019//1019
f 2731//2731 971//971 1079//1079
f 971//971 925//925 1079//1079
f 1081//1081 1080//1080 872//872
f 872//872 976//976 1081//1081
f 1022//1022 1023//1023 1084//1084
f 1023//1023 1072//1072 1084//1084
f 1073//1073 1072//1072 1024//1024
f 1085//1085 972//972 1025//1025
f 1087//1087 1025//1025 973//973
f 1087//1087 973//973 1026//1026
f 1148//1148 1087//1087 1026//1026
f 974//974 1028//1028 1029//1029
f 1028//1028 1032//1032 1031//1031
f 1030//1030 1029//1029 1028//1028
f 1031//1031 1027//1027 1028//1028
f 1027//1027 1030//1030 1028//1028
f 1031//1031 1033//1033 1021//1021
f 1032//1032 1033//1033 1031//1031
f 992//992 1088//1088 1034//1034
f 1034//1034 2735//2735 1089//1089
f 1089//1089 1048//1048 993//993
f 994//994 1152//1152 1035//1035
f 1090//1090 1036//1036 1035//1035
f 2732//2732 1091//1091 983//983
f 1091//1091 1208//1208 983//983
f 1208//1208 1209//1209 983//983
f 983//983 1209//1209 985//985
f 1038//1038 987//987 1092//1092
f 1038//1038 1039//1039 934//934
f 1093//1093 1094//1094 1040//1040
f 1093//1093 1040//1040 1039//1039
f 1095//1095 1041//1041 1040//1040
f 1095//1095 996//996 1041//1041
f 1102//1102 996//996 1095//1095
f 1160//1160 1043//1043 1042//1042
f 1042//1042 989//989 1160//1160
f 1159//1159 1043//1043 1160//1160
f 990//990 989//989 1042//1042
f 990//990 1043//1043 1045//1045
f 1043//1043 990//990 1042//1042
f 1045//1045 1096//1096 1046//1046
f 1045//1045 1043//1043 1044//1044
f 1096//1096 1097//1097 1046//1046
f 1096//1096 1045//1045 1044//1044
f 1159//1159 1044//1044 1043//1043
f 1097//1097 991//991 1046//1046
f 1097//1097 1047//1047 991//991
f 992//992 991//991 1047//1047
f 1048//1048 1100//1100 993//993
f 1099//1099 1100//1100 1048//1048
f 1098//1098 994//994 1100//1100
f 994//994 1098//1098 1152//1152
f 1100//1100 994//994 993//993
f 996//996 1105//1105 942//942
f 1102//1102 1104//1104 996//996
f 1104//1104 1105//1105 996//996
f 1105//1105 1000//1000 942//942
f 1000//1000 1105//1105 1107//1107
f 1107//1107 1109//1109 1052//1052
f 1107//1107 1052//1052 1000//1000
f 1109//1109 1110//1110 1052//1052
f 1052//1052 1110//1110 1053//1053
f 1050//1050 1112//1112 1111//1111
f 1112//1112 1050//1050 1051//1051
f 1111//1111 1049//1049 1050//1050
f 1049//1049 997//997 1050//1050
f 1052//1052 1054//1054 1000//1000
f 1053//1053 1054//1054 1052//1052
f 1110//1110 1054//1054 1053//1053
f 1277//1277 1057//1057 1056//1056
f 1222//1222 1058//1058 1057//1057
f 1057//1057 1058//1058 1003//1003
f 1058//1058 1065//1065 1014//1014
f 1114//1114 1051//1051 1059//1059
f 1114//1114 1059//1059 1060//1060
f 1051//1051 998//998 1005//1005
f 1059//1059 1051//1051 1005//1005
f 1116//1116 1060//1060 1007//1007
f 1061//1061 2729//2729 1011//1011
f 1061//1061 1011//1011 1119//1119
f 1119//1119 1118//1118 1061//1061
f 1011//1011 1120//1120 1119//1119
f 1120//1120 1011//1011 1012//1012
f 1062//1062 1063//1063 1121//1121
f 1125//1125 2733//2733 1064//1064
f 2733//2733 959//959 1064//1064
f 1064//1064 959//959 1124//1124
f 1222//1222 1065//1065 1058//1058
f 1065//1065 1222//1222 1126//1126
f 1066//1066 956//956 1126//1126
f 1126//1126 956//956 1065//1065
f 1066//1066 1126//1126 1128//1128
f 1068//1068 1066//1066 1128//1128
f 1128//1128 1129//1129 1068//1068
f 960//960 1124//1124 959//959
f 1124//1124 960//960 1130//1130
f 1130//1130 960//960 1016//1016
f 1135//1135 1069//1069 1134//1134
f 1135//1135 1067//1067 1069//1069
f 1070//1070 1069//1069 1017//1017
f 1070//1070 1017//1017 1071//1071
f 1137//1137 1071//1071 1018//1018
f 1197//1197 1137//1137 1018//1018
f 1084//1084 1072//1072 1147//1147
f 1249//1249 1073//1073 1074//1074
f 1248//1248 1074//1074 1075//1075
f 964//964 1075//1075 965//965
f 1076//1076 1018//1018 1019//1019
f 1077//1077 2734//2734 1019//1019
f 2734//2734 1077//1077 1020//1020
f 1076//1076 2731//2731 1078//1078
f 1078//1078 2731//2731 1079//1079
f 1076//1076 1078//1078 1138//1138
f 1138//1138 1078//1078 1139//1139
f 1078//1078 1079//1079 925//925
f 972//972 1078//1078 925//925
f 1139//1139 1078//1078 972//972
f 972//972 1085//1085 1139//1139
f 1027//1027 1080//1080 1144//1144
f 1080//1080 1027//1027 1031//1031
f 1021//1021 1080//1080 1031//1031
f 1205//1205 1080//1080 1247//1247
f 1247//1247 1080//1080 1081//1081
f 1082//1082 1081//1081 976//976
f 1146//1146 976//976 1083//1083
f 976//976 1022//1022 1083//1083
f 1082//1082 976//976 1146//1146
f 1083//1083 1022//1022 1084//1084
f 1081//1081 1082//1082 1146//1146
f 1083//1083 1084//1084 1147//1147
f 1147//1147 1146//1146 1083//1083
f 1025//1025 1086//1086 1085//1085
f 1086//1086 1025//1025 1087//1087
f 1086//1086 1141//1141 1085//1085
f 1086//1086 1087//1087 1201//1201
f 1201//1201 1141//1141 1086//1086
f 1087//1087 1148//1148 2742//2742
f 1148//1148 1029//1029 1149//1149
f 927//927 1148//1148 1026//1026
f 1148//1148 927//927 1029//1029
f 1030//1030 1149//1149 1029//1029
f 1027//1027 1144//1144 1150//1150
f 1030//1030 1027//1027 1150//1150
f 1089//1089 1099//1099 1048//1048
f 1153//1153 1090//1090 1035//1035
f 1152//1152 1153//1153 1035//1035
f 1090//1090 1154//1154 1036//1036
f 1154//1154 1037//1037 1036//1036
f 2738//2738 1091//1091 2732//2732
f 2738//2738 1208//1208 1091//1091
f 1209//1209 987//987 986//986
f 1038//1038 1092//1092 1039//1039
f 1158//1158 1039//1039 1157//1157
f 1039//1039 1158//1158 1093//1093
f 1158//1158 1165//1165 1093//1093
f 1093//1093 1165//1165 1094//1094
f 1101//1101 1094//1094 1165//1165
f 1101//1101 1095//1095 1094//1094
f 1094//1094 1095//1095 1040//1040
f 1102//1102 1095//1095 1101//1101
f 997//997 1113//1113 989//989
f 1113//1113 1160//1160 989//989
f 1096//1096 1161//1161 1097//1097
f 1159//1159 1096//1096 1044//1044
f 1161//1161 1047//1047 1097//1097
f 1047//1047 1088//1088 992//992
f 1047//1047 1162//1162 1088//1088
f 1047//1047 1161//1161 1162//1162
f 1099//1099 1215//1215 1098//1098
f 1099//1099 1098//1098 1100//1100
f 1103//1103 1101//1101 1165//1165
f 1103//1103 1104//1104 1102//1102
f 1101//1101 1103//1103 1102//1102
f 1103//1103 1106//1106 1104//1104
f 1165//1165 1106//1106 1103//1103
f 1106//1106 1105//1105 1104//1104
f 1107//1107 1105//1105 1106//1106
f 1217//1217 1107//1107 1106//1106
f 1110//1110 1108//1108 1217//1217
f 1107//1107 1110//1110 1109//1109
f 1217//1217 1108//1108 1107//1107
f 1108//1108 1110//1110 1107//1107
f 1166//1166 1054//1054 1110//1110
f 1113//1113 1049//1049 1111//1111
f 1166//1166 1277//1277 1054//1054
f 1277//1277 1222//1222 1057//1057
f 1051//1051 1114//1114 1112//1112
f 1167//1167 1114//1114 1060//1060
f 1060//1060 1115//1115 1167//1167
f 1115//1115 1060//1060 1116//1116
f 1115//1115 1169//1169 1168//1168
f 1169//1169 1115//1115 1116//1116
f 1170//1170 1008//1008 1010//1010
f 2729//2729 1117//1117 1171//1171
f 1117//1117 2729//2729 1061//1061
f 1061//1061 1118//1118 1117//1117
f 1118//1118 1119//1119 1172//1172
f 1119//1119 1120//1120 1172//1172
f 1120//1120 1123//1123 1175//1175
f 1175//1175 1123//1123 1176//1176
f 1176//1176 1123//1123 1181//1181
f 1121//1121 1120//1120 1062//1062
f 1123//1123 1120//1120 1121//1121
f 1123//1123 1121//1121 2736//2736
f 1181//1181 1125//1125 1122//1122
f 2736//2736 1181//1181 1123//1123
f 2736//2736 1121//1121 1063//1063
f 1064//1064 1124//1124 1125//1125
f 1122//1122 1125//1125 1124//1124
f 1130//1130 1180//1180 1124//1124
f 1126//1126 1127//1127 1128//1128
f 1127//1127 1185//1185 1129//1129
f 1185//1185 1068//1068 1129//1129
f 1127//1127 1129//1129 1128//1128
f 1131//1131 1132//1132 1130//1130
f 1016//1016 1131//1131 1130//1130
f 2730//2730 1182//1182 2737//2737
f 1132//1132 2737//2737 1182//1182
f 1187//1187 1016//1016 1067//1067
f 1182//1182 1016//1016 1187//1187
f 1187//1187 1067//1067 1133//1133
f 1133//1133 1135//1135 1188//1188
f 2741//2741 1135//1135 1134//1134
f 1135//1135 1133//1133 1067//1067
f 1189//1189 1134//1134 1136//1136
f 1189//1189 1136//1136 1071//1071
f 1134//1134 1069//1069 1136//1136
f 1069//1069 1070//1070 1136//1136
f 1136//1136 1070//1070 1071//1071
f 1071//1071 1137//1137 1193//1193
f 1195//1195 963//963 1186//1186
f 1193//1193 1137//1137 1197//1197
f 1197//1197 1018//1018 1076//1076
f 1146//1146 1147//1147 1247//1247
f 1249//1249 1247//1247 1147//1147
f 1072//1072 1249//1249 1147//1147
f 1072//1072 1073//1073 1249//1249
f 1074//1074 1248//1248 1249//1249
f 1196//1196 1075//1075 964//964
f 1248//1248 1075//1075 1196//1196
f 1197//1197 1076//1076 1138//1138
f 1198//1198 1138//1138 1140//1140
f 1198//1198 1140//1140 1199//1199
f 1140//1140 1138//1138 1139//1139
f 1199//1199 1140//1140 1139//1139
f 1085//1085 1199//1199 1139//1139
f 1199//1199 1085//1085 1141//1141
f 1142//1142 1202//1202 1148//1148
f 1143//1143 1144//1144 1145//1145
f 1143//1143 1149//1149 1150//1150
f 1143//1143 1145//1145 1204//1204
f 1203//1203 1142//1142 1149//1149
f 1203//1203 1149//1149 1204//1204
f 1149//1149 1143//1143 1204//1204
f 1150//1150 1144//1144 1143//1143
f 1080//1080 1205//1205 1145//1145
f 1080//1080 1145//1145 1144//1144
f 1247//1247 1081//1081 1146//1146
f 1202//1202 2742//2742 1148//1148
f 1142//1142 1148//1148 1149//1149
f 1150//1150 1149//1149 1030//1030
f 1152//1152 1164//1164 1151//1151
f 1151//1151 1153//1153 1152//1152
f 1153//1153 1206//1206 1090//1090
f 1206//1206 1154//1154 1090//1090
f 1206//1206 1254//1254 1154//1154
f 1154//1154 1254//1254 1207//1207
f 1208//1208 2738//2738 1207//1207
f 1209//1209 1208//1208 1257//1257
f 1209//1209 1210//1210 1155//1155
f 1092//1092 1155//1155 1210//1210
f 1092//1092 987//987 1155//1155
f 1209//1209 1155//1155 987//987
f 1156//1156 1092//1092 1210//1210
f 1092//1092 1156//1156 1039//1039
f 1156//1156 1157//1157 1039//1039
f 1211//1211 1212//1212 1113//1113
f 1160//1160 1113//1113 1212//1212
f 1159//1159 1160//1160 1262//1262
f 1159//1159 1262//1262 1096//1096
f 1262//1262 1213//1213 1096//1096
f 1161//1161 1214//1214 1163//1163
f 1161//1161 1213//1213 1214//1214
f 1162//1162 1161//1161 1163//1163
f 1096//1096 1213//1213 1161//1161
f 2739//2739 1215//1215 1089//1089
f 1162//1162 1163//1163 1088//1088
f 2735//2735 2739//2739 1089//1089
f 1164//1164 1098//1098 1215//1215
f 1215//1215 1099//1099 1089//1089
f 1098//1098 1164//1164 1152//1152
f 1166//1166 1110//1110 1219//1219
f 1111//1111 1223//1223 1220//1220
f 1221//1221 1113//1113 1220//1220
f 1113//1113 1111//1111 1220//1220
f 1111//1111 1112//1112 1223//1223
f 1223//1223 1112//1112 1114//1114
f 1224//1224 1114//1114 1167//1167
f 1224//1224 1167//1167 1279//1279
f 1279//1279 1167//1167 1115//1115
f 1357//1357 1115//1115 1168//1168
f 1279//1279 1115//1115 1357//1357
f 1168//1168 1280//1280 1357//1357
f 1280//1280 1168//1168 1169//1169
f 1169//1169 1116//1116 1008//1008
f 1169//1169 1008//1008 1170//1170
f 1169//1169 1170//1170 1225//1225
f 1225//1225 1170//1170 2729//2729
f 1225//1225 2729//2729 1171//1171
f 1117//1117 1118//1118 1226//1226
f 1118//1118 1172//1172 1226//1226
f 1172//1172 1120//1120 1173//1173
f 1175//1175 1173//1173 1120//1120
f 1175//1175 1228//1228 1173//1173
f 1175//1175 1176//1176 1228//1228
f 1228//1228 1176//1176 1174//1174
f 1172//1172 1173//1173 1228//1228
f 1176//1176 1181//1181 1174//1174
f 1174//1174 1181//1181 1177//1177
f 1181//1181 1178//1178 1177//1177
f 1174//1174 1177//1177 1179//1179
f 1178//1178 1179//1179 1177//1177
f 1174//1174 1179//1179 1230//1230
f 1178//1178 1230//1230 1179//1179
f 1122//1122 1124//1124 1178//1178
f 1124//1124 1180//1180 1178//1178
f 1178//1178 1181//1181 1122//1122
f 1233//1233 1130//1130 1132//1132
f 1180//1180 1130//1130 1232//1232
f 1232//1232 1130//1130 1233//1233
f 1233//1233 1132//1132 1237//1237
f 1238//1238 1182//1182 1187//1187
f 1237//1237 1132//1132 1182//1182
f 1222//1222 1127//1127 1126//1126
f 1185//1185 1127//1127 1183//1183
f 1183//1183 1186//1186 1185//1185
f 1185//1185 1186//1186 1068//1068
f 1184//1184 1186//1186 1183//1183
f 1194//1194 1186//1186 1184//1184
f 1243//1243 1187//1187 1133//1133
f 1243//1243 1133//1133 1188//1188
f 1191//1191 1134//1134 1189//1189
f 1190//1190 1134//1134 1191//1191
f 1134//1134 1190//1190 2741//2741
f 1192//1192 1191//1191 1189//1189
f 1192//1192 1189//1189 1193//1193
f 1243//1243 2741//2741 1190//1190
f 1243//1243 1190//1190 1244//1244
f 1190//1190 1191//1191 1244//1244
f 1244//1244 1191//1191 1245//1245
f 1245//1245 1191//1191 1192//1192
f 1071//1071 1193//1193 1189//1189
f 1184//1184 1195//1195 1194//1194
f 963//963 1195//1195 1196//1196
f 1186//1186 1194//1194 1195//1195
f 963//963 1196//1196 964//964
f 1197//1197 1198//1198 1300//1300
f 1250//1250 1197//1197 1300//1300
f 1197//1197 1138//1138 1198//1198
f 1198//1198 1199//1199 1300//1300
f 1199//1199 1141//1141 1200//1200
f 1300//1300 1199//1199 1200//1200
f 1141//1141 1201//1201 1200//1200
f 2742//2742 1202//1202 1200//1200
f 1202//1202 1142//1142 1253//1253
f 1142//1142 1203//1203 1253//1253
f 1253//1253 1204//1204 1145//1145
f 1203//1203 1204//1204 1253//1253
f 1145//1145 1371//1371 1253//1253
f 1205//1205 1371//1371 1145//1145
f 1247//1247 1372//1372 1205//1205
f 1205//1205 1372//1372 1371//1371
f 1151//1151 1164//1164 1264//1264
f 1151//1151 1264//1264 1313//1313
f 1313//1313 1153//1153 1151//1151
f 1206//1206 1378//1378 1254//1254
f 1313//1313 1206//1206 1153//1153
f 1254//1254 1255//1255 1207//1207
f 1255//1255 1256//1256 1207//1207
f 1256//1256 1208//1208 1207//1207
f 1257//1257 1259//1259 1209//1209
f 1210//1210 1260//1260 1156//1156
f 1260//1260 1157//1157 1156//1156
f 1265//1265 1157//1157 1260//1260
f 1157//1157 1265//1265 1158//1158
f 1268//1268 1158//1158 1267//1267
f 1113//1113 1221//1221 1211//1211
f 1211//1211 1261//1261 1212//1212
f 1160//1160 1212//1212 1262//1262
f 1262//1262 1214//1214 1213//1213
f 1263//1263 1163//1163 1214//1214
f 1263//1263 1215//1215 2739//2739
f 1215//1215 1264//1264 1164//1164
f 1268//1268 1165//1165 1158//1158
f 1216//1216 1165//1165 1268//1268
f 1216//1216 1106//1106 1165//1165
f 1217//1217 1270//1270 1218//1218
f 1270//1270 1219//1219 1218//1218
f 1218//1218 1110//1110 1217//1217
f 1218//1218 1219//1219 1110//1110
f 1166//1166 1219//1219 1274//1274
f 1321//1321 1271//1271 1220//1220
f 1220//1220 1223//1223 1321//1321
f 1271//1271 1221//1221 1220//1220
f 1211//1211 1221//1221 1273//1273
f 1276//1276 1277//1277 1166//1166
f 1355//1355 1222//1222 1277//1277
f 1355//1355 1127//1127 1222//1222
f 2743//2743 1278//1278 1223//1223
f 2743//2743 1223//1223 1114//1114
f 1282//1282 1281//1281 1169//1169
f 1169//1169 1283//1283 1280//1280
f 1283//1283 1169//1169 1281//1281
f 1282//1282 1169//1169 1225//1225
f 1282//1282 1225//1225 1285//1285
f 1225//1225 1171//1171 1285//1285
f 1330//1330 1171//1171 1288//1288
f 1171//1171 1289//1289 1288//1288
f 1117//1117 1290//1290 1171//1171
f 1226//1226 1290//1290 1117//1117
f 1293//1293 1172//1172 1227//1227
f 1172//1172 1293//1293 1226//1226
f 1174//1174 1294//1294 1228//1228
f 1294//1294 1174//1174 1229//1229
f 1229//1229 1236//1236 1409//1409
f 1174//1174 1230//1230 1229//1229
f 1178//1178 1180//1180 1231//1231
f 1178//1178 1231//1231 1230//1230
f 1231//1231 1180//1180 1236//1236
f 1231//1231 1229//1229 1230//1230
f 1236//1236 1229//1229 1231//1231
f 1236//1236 1180//1180 1232//1232
f 1236//1236 1232//1232 1233//1233
f 1233//1233 1237//1237 1236//1236
f 1236//1236 1237//1237 1234//1234
f 1234//1234 1237//1237 1238//1238
f 1239//1239 1234//1234 1238//1238
f 1235//1235 1234//1234 1239//1239
f 1236//1236 1234//1234 1235//1235
f 1241//1241 1235//1235 1239//1239
f 1236//1236 1235//1235 1240//1240
f 1235//1235 1241//1241 1240//1240
f 1237//1237 1182//1182 1238//1238
f 1239//1239 1238//1238 1187//1187
f 1239//1239 1187//1187 1241//1241
f 1127//1127 1431//1431 1183//1183
f 1184//1184 1183//1183 1431//1431
f 1241//1241 1187//1187 1243//1243
f 1241//1241 1243//1243 1242//1242
f 1242//1242 1243//1243 1296//1296
f 1242//1242 1240//1240 1241//1241
f 1240//1240 1242//1242 1296//1296
f 1243//1243 1244//1244 1245//1245
f 1296//1296 1243//1243 1245//1245
f 1297//1297 1296//1296 1245//1245
f 1246//1246 1297//1297 2744//2744
f 1297//1297 1246//1246 1298//1298
f 2744//2744 1192//1192 1246//1246
f 1192//1192 1193//1193 1246//1246
f 1197//1197 1246//1246 1193//1193
f 1298//1298 1246//1246 1197//1197
f 1431//1431 1195//1195 1184//1184
f 1195//1195 1431//1431 1196//1196
f 1431//1431 1248//1248 1196//1196
f 1359//1359 1197//1197 1250//1250
f 1249//1249 1360//1360 1247//1247
f 1248//1248 1431//1431 1361//1361
f 1360//1360 1249//1249 1361//1361
f 1249//1249 1248//1248 1361//1361
f 1301//1301 1200//1200 1251//1251
f 1251//1251 1200//1200 1202//1202
f 1301//1301 1251//1251 1252//1252
f 1251//1251 1202//1202 1253//1253
f 1251//1251 1253//1253 1252//1252
f 1254//1254 1378//1378 1305//1305
f 1254//1254 1305//1305 1255//1255
f 1305//1305 1256//1256 1255//1255
f 1259//1259 1258//1258 1306//1306
f 1256//1256 1306//1306 1208//1208
f 1306//1306 1257//1257 1208//1208
f 1306//1306 1258//1258 1257//1257
f 1258//1258 1259//1259 1257//1257
f 1259//1259 1210//1210 1209//1209
f 1382//1382 1210//1210 1259//1259
f 1265//1265 1260//1260 1307//1307
f 1317//1317 1308//1308 1261//1261
f 1212//1212 1261//1261 1308//1308
f 1212//1212 1309//1309 1262//1262
f 1214//1214 1262//1262 1312//1312
f 1311//1311 1215//1215 1263//1263
f 1215//1215 1311//1311 1377//1377
f 1215//1215 1377//1377 1264//1264
f 1377//1377 1313//1313 1264//1264
f 1378//1378 1206//1206 1313//1313
f 1313//1313 1448//1448 1378//1378
f 1265//1265 1266//1266 1158//1158
f 1314//1314 1267//1267 1266//1266
f 1266//1266 1265//1265 1314//1314
f 1266//1266 1267//1267 1158//1158
f 1267//1267 1388//1388 1268//1268
f 1452//1452 1269//1269 1388//1388
f 1388//1388 1216//1216 1268//1268
f 1269//1269 1270//1270 1216//1216
f 1388//1388 1269//1269 1216//1216
f 1219//1219 1270//1270 1452//1452
f 1270//1270 1106//1106 1216//1216
f 1270//1270 1217//1217 1106//1106
f 1320//1320 1274//1274 1219//1219
f 1321//1321 1316//1316 1271//1271
f 1271//1271 2752//2752 1272//1272
f 1261//1261 1272//1272 2752//2752
f 2753//2753 1261//1261 2752//2752
f 1271//1271 1273//1273 1221//1221
f 1273//1273 1261//1261 1211//1211
f 1272//1272 1273//1273 1271//1271
f 1272//1272 1261//1261 1273//1273
f 1320//1320 1275//1275 1274//1274
f 1276//1276 2745//2745 2754//2754
f 1274//1274 1275//1275 1166//1166
f 2745//2745 1276//1276 1166//1166
f 1322//1322 1321//1321 1223//1223
f 2746//2746 1224//1224 1323//1323
f 1223//1223 1278//1278 1322//1322
f 1323//1323 1224//1224 1279//1279
f 1281//1281 1282//1282 1283//1283
f 1284//1284 1282//1282 1285//1285
f 1283//1283 1284//1284 1491//1491
f 1282//1282 1284//1284 1283//1283
f 1284//1284 1285//1285 1491//1491
f 1285//1285 1395//1395 1491//1491
f 2747//2747 1287//1287 2759//2759
f 1330//1330 1288//1288 1286//1286
f 1286//1286 1288//1288 1289//1289
f 1287//1287 2740//2740 2759//2759
f 1287//1287 2747//2747 2740//2740
f 1289//1289 1291//1291 1292//1292
f 1286//1286 1289//1289 1337//1337
f 1337//1337 1289//1289 1292//1292
f 1289//1289 1171//1171 1290//1290
f 1290//1290 1226//1226 1291//1291
f 1226//1226 1293//1293 1291//1291
f 1289//1289 1290//1290 1291//1291
f 1292//1292 1291//1291 1293//1293
f 1293//1293 1343//1343 1292//1292
f 1343//1343 1227//1227 1228//1228
f 1293//1293 1227//1227 1343//1343
f 1343//1343 1228//1228 1345//1345
f 1345//1345 1344//1344 1343//1343
f 1227//1227 1172//1172 1228//1228
f 1345//1345 1228//1228 1294//1294
f 1345//1345 1294//1294 1349//1349
f 1349//1349 1294//1294 1350//1350
f 1294//1294 1351//1351 1350//1350
f 1294//1294 1229//1229 1351//1351
f 1351//1351 1229//1229 1409//1409
f 1410//1410 1409//1409 1240//1240
f 1236//1236 1240//1240 1409//1409
f 1354//1354 1353//1353 1295//1295
f 1297//1297 1354//1354 1295//1295
f 1353//1353 1240//1240 1295//1295
f 1295//1295 1240//1240 1296//1296
f 1297//1297 1295//1295 1296//1296
f 1430//1430 1297//1297 1298//1298
f 1359//1359 1298//1298 1197//1197
f 1250//1250 1432//1432 1359//1359
f 1361//1361 1433//1433 1360//1360
f 1362//1362 1299//1299 1300//1300
f 1299//1299 1250//1250 1300//1300
f 1432//1432 1250//1250 2749//2749
f 1300//1300 1301//1301 1365//1365
f 1365//1365 1301//1301 1366//1366
f 1364//1364 1300//1300 1365//1365
f 1364//1364 1363//1363 1300//1300
f 1300//1300 1200//1200 1301//1301
f 1302//1302 1301//1301 1252//1252
f 1366//1366 1301//1301 1302//1302
f 1369//1369 1367//1367 1302//1302
f 1302//1302 1252//1252 1369//1369
f 1252//1252 1253//1253 1303//1303
f 1303//1303 2762//2762 1252//1252
f 1253//1253 1371//1371 1303//1303
f 1305//1305 1304//1304 1256//1256
f 1304//1304 1306//1306 1256//1256
f 1305//1305 1306//1306 1304//1304
f 1382//1382 1259//1259 1306//1306
f 1210//1210 2751//2751 1260//1260
f 1212//1212 1308//1308 1318//1318
f 1310//1310 1262//1262 1309//1309
f 1311//1311 1263//1263 1312//1312
f 1312//1312 1263//1263 1214//1214
f 1312//1312 1262//1262 1310//1310
f 1311//1311 1375//1375 1376//1376
f 1312//1312 1375//1375 1311//1311
f 1305//1305 1448//1448 1306//1306
f 1314//1314 1265//1265 1307//1307
f 1307//1307 1384//1384 1314//1314
f 1315//1315 1267//1267 1314//1314
f 1452//1452 1270//1270 1269//1269
f 1453//1453 1219//1219 1452//1452
f 1316//1316 1308//1308 1317//1317
f 1318//1318 1390//1390 1212//1212
f 1212//1212 1390//1390 1309//1309
f 1319//1319 1310//1310 1309//1309
f 1319//1319 1391//1391 1310//1310
f 1355//1355 1276//1276 2754//2754
f 1355//1355 1277//1277 1276//1276
f 1414//1414 1322//1322 1278//1278
f 1280//1280 1491//1491 1357//1357
f 1280//1280 1283//1283 1491//1491
f 2763//2763 1397//1397 1491//1491
f 2748//2748 1396//1396 2763//2763
f 1326//1326 1396//1396 2748//2748
f 1399//1399 1328//1328 1324//1324
f 1358//1358 1396//1396 1326//1326
f 1398//1398 2755//2755 1399//1399
f 1324//1324 1330//1330 1331//1331
f 1324//1324 1331//1331 1333//1333
f 1325//1325 2747//2747 2759//2759
f 1324//1324 1333//1333 1400//1400
f 1325//1325 2756//2756 2747//2747
f 1324//1324 1327//1327 1330//1330
f 1325//1325 2758//2758 2756//2756
f 1325//1325 2760//2760 2758//2758
f 1400//1400 1333//1333 1329//1329
f 1324//1324 1328//1328 1327//1327
f 1328//1328 2755//2755 1327//1327
f 1399//1399 1324//1324 1400//1400
f 1400//1400 1329//1329 1401//1401
f 1332//1332 1286//1286 1338//1338
f 1286//1286 1331//1331 1330//1330
f 1331//1331 1286//1286 1332//1332
f 1331//1331 1332//1332 1333//1333
f 1335//1335 1338//1338 1336//1336
f 1329//1329 1333//1333 1334//1334
f 1335//1335 1334//1334 1332//1332
f 1334//1334 1333//1333 1332//1332
f 1332//1332 1338//1338 1335//1335
f 1334//1334 1401//1401 1329//1329
f 1403//1403 1401//1401 1334//1334
f 1334//1334 1335//1335 1403//1403
f 2766//2766 1335//1335 1336//1336
f 1336//1336 1404//1404 2766//2766
f 1286//1286 1337//1337 1338//1338
f 1338//1338 1337//1337 1292//1292
f 1292//1292 1339//1339 1338//1338
f 1340//1340 1338//1338 1339//1339
f 1336//1336 1338//1338 1340//1340
f 1404//1404 1336//1336 1340//1340
f 1339//1339 1292//1292 1341//1341
f 1341//1341 1292//1292 1343//1343
f 1341//1341 1343//1343 1342//1342
f 1340//1340 1341//1341 1342//1342
f 1406//1406 1342//1342 1343//1343
f 1340//1340 1339//1339 1341//1341
f 1406//1406 1340//1340 1342//1342
f 1407//1407 1406//1406 1347//1347
f 1347//1347 1345//1345 1346//1346
f 1346//1346 1345//1345 1349//1349
f 1343//1343 1344//1344 1406//1406
f 1349//1349 1352//1352 1346//1346
f 1344//1344 1345//1345 1347//1347
f 1406//1406 1344//1344 1347//1347
f 1346//1346 1352//1352 1348//1348
f 1348//1348 1347//1347 1346//1346
f 1350//1350 1352//1352 1349//1349
f 1350//1350 1351//1351 1352//1352
f 1352//1352 1351//1351 1409//1409
f 1410//1410 1240//1240 1353//1353
f 1411//1411 1353//1353 1354//1354
f 1431//1431 1127//1127 1355//1355
f 1415//1415 1414//1414 2746//2746
f 2746//2746 1323//1323 1415//1415
f 1418//1418 1323//1323 1279//1279
f 1356//1356 1418//1418 1279//1279
f 1356//1356 1279//1279 1357//1357
f 1399//1399 2755//2755 1328//1328
f 1396//1396 1358//1358 1424//1424
f 2761//2761 2764//2764 2768//2768
f 2761//2761 2757//2757 2764//2764
f 1429//1429 1298//1298 1359//1359
f 1504//1504 1429//1429 1359//1359
f 1359//1359 1432//1432 1504//1504
f 1443//1443 1247//1247 1433//1433
f 1434//1434 1433//1433 1361//1361
f 1247//1247 1360//1360 1433//1433
f 1432//1432 2749//2749 1437//1437
f 1299//1299 1362//1362 1436//1436
f 1436//1436 2772//2772 1299//1299
f 1436//1436 1362//1362 1438//1438
f 1363//1363 1438//1438 1362//1362
f 1363//1363 1362//1362 1300//1300
f 1514//1514 1363//1363 1364//1364
f 1514//1514 1364//1364 1365//1365
f 1514//1514 1365//1365 1517//1517
f 1368//1368 1517//1517 1366//1366
f 1517//1517 1365//1365 1366//1366
f 1302//1302 1368//1368 1366//1366
f 1367//1367 1368//1368 1302//1302
f 1368//1368 1367//1367 1447//1447
f 1447//1447 1367//1367 1369//1369
f 1517//1517 1368//1368 1447//1447
f 1370//1370 1507//1507 1439//1439
f 1370//1370 1369//1369 2750//2750
f 1369//1369 1370//1370 1439//1439
f 1370//1370 1303//1303 1440//1440
f 1371//1371 1509//1509 1303//1303
f 1445//1445 1372//1372 1247//1247
f 1373//1373 1461//1461 1459//1459
f 1373//1373 1459//1459 1374//1374
f 1393//1393 1374//1374 1459//1459
f 1373//1373 1312//1312 1310//1310
f 1461//1461 1373//1373 1310//1310
f 1373//1373 1374//1374 1312//1312
f 1374//1374 1375//1375 1312//1312
f 1392//1392 1375//1375 1374//1374
f 1392//1392 1374//1374 1393//1393
f 1376//1376 1377//1377 1311//1311
f 1378//1378 1448//1448 1305//1305
f 1306//1306 1380//1380 1382//1382
f 1379//1379 1306//1306 1448//1448
f 1380//1380 1306//1306 1379//1379
f 1380//1380 1449//1449 1382//1382
f 1523//1523 1380//1380 1379//1379
f 1450//1450 1381//1381 1449//1449
f 1449//1449 1381//1381 1382//1382
f 1451//1451 1383//1383 1381//1381
f 1383//1383 1210//1210 1382//1382
f 1383//1383 2751//2751 1210//1210
f 1381//1381 1383//1383 1382//1382
f 1451//1451 2751//2751 1383//1383
f 1526//1526 2751//2751 1451//1451
f 1526//1526 1384//1384 1307//1307
f 1526//1526 1385//1385 1384//1384
f 1526//1526 1386//1386 1385//1385
f 1526//1526 1387//1387 1386//1386
f 1387//1387 1315//1315 1314//1314
f 1385//1385 1314//1314 1384//1384
f 1387//1387 1267//1267 1315//1315
f 1385//1385 1386//1386 1314//1314
f 1386//1386 1387//1387 1314//1314
f 1387//1387 1388//1388 1267//1267
f 1320//1320 1219//1219 1453//1453
f 1321//1321 1467//1467 1316//1316
f 1389//1389 1308//1308 1316//1316
f 1389//1389 1316//1316 1467//1467
f 1389//1389 1454//1454 1308//1308
f 2775//2775 1318//1318 1308//1308
f 2775//2775 1390//1390 1318//1318
f 1457//1457 1319//1319 1309//1309
f 1457//1457 1458//1458 1391//1391
f 1457//1457 1391//1391 1319//1319
f 1310//1310 1458//1458 1461//1461
f 1310//1310 1391//1391 1458//1458
f 1392//1392 1376//1376 1375//1375
f 1462//1462 1320//1320 1453//1453
f 1462//1462 1394//1394 2754//2754
f 1394//1394 1462//1462 1463//1463
f 1394//1394 1355//1355 2754//2754
f 1355//1355 1394//1394 1463//1463
f 1355//1355 1463//1463 1464//1464
f 1479//1479 1465//1465 1321//1321
f 1467//1467 1321//1321 1465//1465
f 1420//1420 1491//1491 1397//1397
f 2763//2763 1396//1396 1397//1397
f 1495//1495 1568//1568 1401//1401
f 1401//1401 1402//1402 1495//1495
f 2765//2765 1468//1468 1495//1495
f 1568//1568 1400//1400 1401//1401
f 1403//1403 1402//1402 1401//1401
f 2766//2766 1404//1404 2765//2765
f 1468//1468 1404//1404 1469//1469
f 2765//2765 1404//1404 1468//1468
f 1340//1340 1469//1469 1404//1404
f 1470//1470 1469//1469 1340//1340
f 1406//1406 1470//1470 1340//1340
f 1348//1348 1408//1408 1347//1347
f 1347//1347 1405//1405 1407//1407
f 1405//1405 1347//1347 1408//1408
f 1471//1471 1406//1406 1407//1407
f 1405//1405 1408//1408 1472//1472
f 1408//1408 1409//1409 1472//1472
f 1405//1405 1471//1471 1407//1407
f 1472//1472 1471//1471 1405//1405
f 1408//1408 1348//1348 1352//1352
f 1409//1409 1408//1408 1352//1352
f 1410//1410 1353//1353 1411//1411
f 1297//1297 1412//1412 1354//1354
f 1354//1354 1412//1412 1413//1413
f 1413//1413 1412//1412 1428//1428
f 1464//1464 1477//1477 1355//1355
f 1431//1431 1355//1355 1477//1477
f 1580//1580 1477//1477 1578//1578
f 1580//1580 1431//1431 1477//1477
f 1322//1322 1480//1480 1321//1321
f 1415//1415 1482//1482 1414//1414
f 1480//1480 1479//1479 1321//1321
f 1502//1502 1415//1415 1416//1416
f 1323//1323 1416//1416 1415//1415
f 1416//1416 1323//1323 1417//1417
f 1417//1417 1323//1323 1490//1490
f 1323//1323 1418//1418 1490//1490
f 1356//1356 1490//1490 1418//1418
f 1485//1485 1490//1490 1356//1356
f 1485//1485 1356//1356 1419//1419
f 1356//1356 1357//1357 1419//1419
f 1419//1419 1357//1357 1491//1491
f 1421//1421 1492//1492 1420//1420
f 1426//1426 1422//1422 1397//1397
f 1421//1421 1397//1397 1422//1422
f 1421//1421 1420//1420 1397//1397
f 1423//1423 1397//1397 1396//1396
f 1424//1424 1423//1423 1396//1396
f 1397//1397 1423//1423 1426//1426
f 1426//1426 1423//1423 1424//1424
f 1494//1494 1425//1425 1399//1399
f 1425//1425 1494//1494 1427//1427
f 1425//1425 1427//1427 2769//2769
f 2770//2770 1427//1427 2771//2771
f 1425//1425 2769//2769 1399//1399
f 2767//2767 2771//2771 1427//1427
f 1400//1400 1494//1494 1399//1399
f 1427//1427 1494//1494 2767//2767
f 1398//1398 1399//1399 2769//2769
f 1412//1412 1297//1297 1428//1428
f 1413//1413 1428//1428 1496//1496
f 1297//1297 1430//1430 1496//1496
f 1428//1428 1297//1297 1496//1496
f 1499//1499 1497//1497 1429//1429
f 1429//1429 1430//1430 1298//1298
f 1431//1431 1501//1501 1361//1361
f 1443//1443 1433//1433 1513//1513
f 1434//1434 1361//1361 1501//1501
f 1513//1513 1433//1433 1434//1434
f 1436//1436 1435//1435 2772//2772
f 1514//1514 1438//1438 1363//1363
f 1435//1435 1436//1436 1438//1438
f 1506//1506 1435//1435 1438//1438
f 1507//1507 1370//1370 1440//1440
f 1605//1605 1439//1439 1507//1507
f 1440//1440 1303//1303 1508//1508
f 1441//1441 1510//1510 1509//1509
f 1508//1508 1303//1303 1509//1509
f 1510//1510 1441//1441 1442//1442
f 1442//1442 1441//1441 1372//1372
f 1442//1442 1372//1372 1444//1444
f 1442//1442 1511//1511 1510//1510
f 1442//1442 1444//1444 1511//1511
f 1371//1371 1372//1372 1441//1441
f 1441//1441 1509//1509 1371//1371
f 1372//1372 1445//1445 1444//1444
f 1444//1444 1445//1445 1512//1512
f 1445//1445 1247//1247 1443//1443
f 1443//1443 1512//1512 1445//1445
f 1446//1446 1517//1517 1447//1447
f 1447//1447 1520//1520 1446//1446
f 1447//1447 1369//1369 1439//1439
f 1522//1522 1313//1313 1377//1377
f 1540//1540 1522//1522 1377//1377
f 1313//1313 1522//1522 1448//1448
f 1671//1671 1448//1448 1522//1522
f 1448//1448 1523//1523 1379//1379
f 1523//1523 1449//1449 1380//1380
f 1449//1449 1542//1542 1450//1450
f 2784//2784 1451//1451 2774//2774
f 2774//2774 1451//1451 1381//1381
f 1527//1527 1528//1528 1388//1388
f 1527//1527 1388//1388 1387//1387
f 1388//1388 1528//1528 1529//1529
f 1530//1530 1388//1388 1529//1529
f 1452//1452 1388//1388 1530//1530
f 1467//1467 1532//1532 1389//1389
f 1532//1532 1454//1454 1389//1389
f 1532//1532 1533//1533 1454//1454
f 1456//1456 1534//1534 1535//1535
f 1456//1456 2775//2775 1534//1534
f 1534//1534 2775//2775 2783//2783
f 2775//2775 1456//1456 1390//1390
f 1309//1309 1456//1456 1455//1455
f 1456//1456 1309//1309 1390//1390
f 1456//1456 1535//1535 1455//1455
f 1536//1536 2776//2776 1535//1535
f 1537//1537 1457//1457 1536//1536
f 1537//1537 1460//1460 1457//1457
f 1460//1460 1537//1537 1538//1538
f 1309//1309 1536//1536 1457//1457
f 1458//1458 1459//1459 1461//1461
f 1536//1536 1309//1309 2776//2776
f 1457//1457 1460//1460 1458//1458
f 1458//1458 2777//2777 1459//1459
f 1459//1459 1460//1460 1538//1538
f 1392//1392 1393//1393 1538//1538
f 1538//1538 1393//1393 1459//1459
f 1392//1392 1539//1539 1376//1376
f 1540//1540 1377//1377 1376//1376
f 1539//1539 1540//1540 1376//1376
f 1540//1540 1541//1541 1522//1522
f 1541//1541 1613//1613 1522//1522
f 1552//1552 1553//1553 1464//1464
f 1477//1477 1464//1464 1553//1553
f 1465//1465 1555//1555 1466//1466
f 1467//1467 1465//1465 1466//1466
f 1548//1548 1532//1532 1467//1467
f 1468//1468 1469//1469 1550//1550
f 1470//1470 1550//1550 1469//1469
f 1550//1550 1470//1470 1572//1572
f 1572//1572 1406//1406 1471//1471
f 1572//1572 1470//1470 1406//1406
f 1474//1474 1471//1471 1472//1472
f 1471//1471 1474//1474 1639//1639
f 1639//1639 1474//1474 1475//1475
f 1572//1572 1471//1471 1639//1639
f 1409//1409 1473//1473 1472//1472
f 1472//1472 1473//1473 1474//1474
f 1476//1476 1409//1409 1410//1410
f 1473//1473 1475//1475 1474//1474
f 1476//1476 1475//1475 1473//1473
f 1476//1476 1473//1473 1409//1409
f 1476//1476 1410//1410 1411//1411
f 1575//1575 1411//1411 1354//1354
f 1413//1413 1575//1575 1354//1354
f 1496//1496 1575//1575 1413//1413
f 1500//1500 1431//1431 1580//1580
f 1555//1555 1465//1465 1558//1558
f 1481//1481 2785//2785 2778//2778
f 1583//1583 1478//1478 1480//1480
f 1480//1480 1322//1322 1482//1482
f 1414//1414 1482//1482 1322//1322
f 1478//1478 1465//1465 1479//1479
f 1585//1585 1480//1480 1482//1482
f 1478//1478 1479//1479 1480//1480
f 2778//2778 1478//1478 1481//1481
f 2790//2790 1415//1415 1502//1502
f 1415//1415 2790//2790 1482//1482
f 1484//1484 1594//1594 2780//2780
f 2780//2780 1416//1416 1483//1483
f 1417//1417 1483//1483 1416//1416
f 1417//1417 1486//1486 1483//1483
f 1483//1483 1484//1484 2780//2780
f 1484//1484 1483//1483 1486//1486
f 1595//1595 1486//1486 1485//1485
f 1489//1489 1485//1485 1487//1487
f 1489//1489 1488//1488 1485//1485
f 1594//1594 1484//1484 1486//1486
f 1488//1488 1595//1595 1485//1485
f 1489//1489 1487//1487 1561//1561
f 1489//1489 1562//1562 1488//1488
f 1562//1562 1595//1595 1488//1488
f 1490//1490 1486//1486 1417//1417
f 1486//1486 1490//1490 1485//1485
f 1485//1485 1419//1419 1487//1487
f 1419//1419 1491//1491 1487//1487
f 1487//1487 1491//1491 1561//1561
f 1561//1561 1491//1491 1492//1492
f 1491//1491 1420//1420 1492//1492
f 1561//1561 1492//1492 1564//1564
f 1564//1564 1492//1492 1493//1493
f 2779//2779 1565//1565 1564//1564
f 1492//1492 1421//1421 1422//1422
f 2779//2779 2767//2767 1494//1494
f 1492//1492 1422//1422 1493//1493
f 2779//2779 1494//1494 1565//1565
f 1494//1494 1400//1400 1568//1568
f 1569//1569 1568//1568 1495//1495
f 1569//1569 1495//1495 1570//1570
f 1570//1570 1495//1495 1468//1468
f 1575//1575 1496//1496 1498//1498
f 1498//1498 1642//1642 1575//1575
f 1497//1497 1496//1496 1430//1430
f 1497//1497 1498//1498 1496//1496
f 1498//1498 1497//1497 1577//1577
f 1497//1497 1430//1430 1429//1429
f 1499//1499 1429//1429 1503//1503
f 1503//1503 1596//1596 1499//1499
f 1429//1429 1504//1504 1503//1503
f 1579//1579 1500//1500 1580//1580
f 1501//1501 1431//1431 1500//1500
f 1434//1434 1501//1501 1598//1598
f 2788//2788 1480//1480 1585//1585
f 1584//1584 2788//2788 1585//1585
f 1502//1502 1586//1586 2790//2790
f 1594//1594 1593//1593 2780//2780
f 1586//1586 1502//1502 2793//2793
f 1657//1657 1597//1597 1504//1504
f 1597//1597 1503//1503 1504//1504
f 1504//1504 1432//1432 1505//1505
f 1505//1505 1432//1432 1437//1437
f 1434//1434 1598//1598 1513//1513
f 1501//1501 1668//1668 1598//1598
f 2772//2772 1435//1435 1602//1602
f 1506//1506 1610//1610 1435//1435
f 1605//1605 1521//1521 1439//1439
f 1440//1440 1606//1606 1507//1507
f 1606//1606 1605//1605 1507//1507
f 1508//1508 1509//1509 1510//1510
f 1510//1510 1511//1511 1508//1508
f 1511//1511 1512//1512 1607//1607
f 1440//1440 1508//1508 1607//1607
f 1607//1607 1508//1508 1511//1511
f 1512//1512 1511//1511 1444//1444
f 1443//1443 1513//1513 1512//1512
f 1516//1516 1518//1518 1612//1612
f 1506//1506 1438//1438 1515//1515
f 1515//1515 1438//1438 1514//1514
f 1517//1517 1515//1515 1514//1514
f 1515//1515 1610//1610 1506//1506
f 1516//1516 1515//1515 1517//1517
f 1516//1516 1517//1517 1518//1518
f 1518//1518 1520//1520 1612//1612
f 1517//1517 1446//1446 1518//1518
f 1518//1518 1446//1446 1520//1520
f 1520//1520 1447//1447 1519//1519
f 1439//1439 2781//2781 1447//1447
f 1439//1439 1521//1521 2781//2781
f 1523//1523 1448//1448 1671//1671
f 1671//1671 1614//1614 1523//1523
f 1615//1615 2784//2784 2773//2773
f 1614//1614 1449//1449 1523//1523
f 1524//1524 2784//2784 1672//1672
f 1672//1672 1525//1525 1524//1524
f 1524//1524 1526//1526 1451//1451
f 1451//1451 2784//2784 1524//1524
f 1525//1525 1526//1526 1524//1524
f 1525//1525 1387//1387 1526//1526
f 1387//1387 1525//1525 1527//1527
f 1527//1527 1525//1525 1673//1673
f 1527//1527 1673//1673 1528//1528
f 1529//1529 1528//1528 1673//1673
f 1529//1529 1673//1673 1530//1530
f 2782//2782 1453//1453 1452//1452
f 1453//1453 2782//2782 1531//1531
f 1544//1544 1453//1453 1531//1531
f 1618//1618 1533//1533 1532//1532
f 1535//1535 1534//1534 1675//1675
f 1535//1535 1549//1549 1536//1536
f 1536//1536 1549//1549 1537//1537
f 1537//1537 1549//1549 1538//1538
f 1538//1538 1539//1539 1392//1392
f 1549//1549 1539//1539 1538//1538
f 1539//1539 1541//1541 1540//1540
f 1613//1613 1541//1541 1539//1539
f 2799//2799 1449//1449 1614//1614
f 1531//1531 1543//1543 1544//1544
f 1544//1544 1543//1543 1616//1616
f 1616//1616 1545//1545 1544//1544
f 1545//1545 1620//1620 1547//1547
f 1462//1462 1453//1453 1544//1544
f 1544//1544 1545//1545 1546//1546
f 1545//1545 1547//1547 1546//1546
f 1464//1464 1547//1547 1551//1551
f 1552//1552 1464//1464 1551//1551
f 1462//1462 1544//1544 1546//1546
f 1463//1463 1462//1462 1546//1546
f 1547//1547 1463//1463 1546//1546
f 1464//1464 1463//1463 1547//1547
f 1466//1466 1688//1688 1548//1548
f 1688//1688 1532//1532 1548//1548
f 2800//2800 1532//1532 1688//1688
f 1466//1466 1548//1548 1467//1467
f 2783//2783 2800//2800 1534//1534
f 1539//1539 1549//1549 1613//1613
f 1468//1468 1550//1550 1639//1639
f 1573//1573 1639//1639 1475//1475
f 1475//1475 1476//1476 1573//1573
f 1626//1626 1553//1553 1552//1552
f 1477//1477 1553//1553 1626//1626
f 1626//1626 1627//1627 1477//1477
f 1578//1578 1477//1477 1627//1627
f 1646//1646 1554//1554 1557//1557
f 1645//1645 1646//1646 1557//1557
f 1646//1646 1647//1647 1554//1554
f 1556//1556 1466//1466 1555//1555
f 1582//1582 1559//1559 1560//1560
f 1555//1555 2786//2786 1557//1557
f 1582//1582 1557//1557 1559//1559
f 1556//1556 1688//1688 1466//1466
f 1555//1555 1554//1554 1556//1556
f 1557//1557 1554//1554 1555//1555
f 1688//1688 1556//1556 1554//1554
f 1555//1555 1558//1558 2786//2786
f 2785//2785 1560//1560 1559//1559
f 1481//1481 1560//1560 2785//2785
f 1560//1560 1481//1481 1582//1582
f 1582//1582 1481//1481 1581//1581
f 1481//1481 1478//1478 1581//1581
f 1563//1563 1562//1562 1489//1489
f 1561//1561 1563//1563 1489//1489
f 1595//1595 1562//1562 1563//1563
f 1561//1561 1564//1564 1563//1563
f 1594//1594 1486//1486 1595//1595
f 1595//1595 1563//1563 1564//1564
f 1564//1564 1565//1565 1704//1704
f 1628//1628 1565//1565 1566//1566
f 1566//1566 1565//1565 1567//1567
f 1566//1566 1567//1567 1629//1629
f 1628//1628 1566//1566 1629//1629
f 1565//1565 1494//1494 1568//1568
f 1567//1567 1565//1565 1568//1568
f 1568//1568 1630//1630 1567//1567
f 1568//1568 1569//1569 1570//1570
f 1630//1630 1568//1568 1570//1570
f 1638//1638 1468//1468 1639//1639
f 1468//1468 1638//1638 1571//1571
f 1639//1639 1550//1550 1572//1572
f 1695//1695 1639//1639 1573//1573
f 1574//1574 1695//1695 1573//1573
f 1573//1573 1476//1476 1411//1411
f 1411//1411 1574//1574 1573//1573
f 1574//1574 1411//1411 1575//1575
f 1642//1642 1577//1577 1643//1643
f 1499//1499 1576//1576 1497//1497
f 1596//1596 1576//1576 1499//1499
f 1577//1577 1642//1642 1498//1498
f 1577//1577 1497//1497 1643//1643
f 1497//1497 1576//1576 1643//1643
f 1578//1578 1579//1579 1580//1580
f 1500//1500 1579//1579 1658//1658
f 1658//1658 1501//1501 1500//1500
f 1645//1645 1557//1557 1581//1581
f 2789//2789 1581//1581 1478//1478
f 1557//1557 1582//1582 1581//1581
f 1581//1581 2789//2789 1660//1660
f 2789//2789 1478//1478 1583//1583
f 1664//1664 1584//1584 1585//1585
f 1664//1664 1588//1588 1592//1592
f 1587//1587 1593//1593 1594//1594
f 1587//1587 1588//1588 1586//1586
f 1593//1593 1587//1587 1586//1586
f 2790//2790 1586//1586 1588//1588
f 1664//1664 2790//2790 1588//1588
f 1594//1594 1589//1589 1587//1587
f 1587//1587 1589//1589 2791//2791
f 1594//1594 1590//1590 1589//1589
f 1594//1594 1595//1595 1590//1590
f 1588//1588 2792//2792 1591//1591
f 2792//2792 1590//1590 1591//1591
f 1592//1592 1588//1588 1591//1591
f 1590//1590 1650//1650 1591//1591
f 1650//1650 1590//1590 1651//1651
f 1591//1591 1650//1650 1592//1592
f 1590//1590 1595//1595 1654//1654
f 1654//1654 1595//1595 1564//1564
f 1655//1655 1503//1503 1656//1656
f 1655//1655 1596//1596 1503//1503
f 1597//1597 1656//1656 1503//1503
f 1657//1657 1656//1656 1597//1597
f 1505//1505 1657//1657 1504//1504
f 1599//1599 1657//1657 1505//1505
f 1668//1668 1513//1513 1598//1598
f 1658//1658 1668//1668 1501//1501
f 1599//1599 1603//1603 1600//1600
f 2794//2794 2796//2796 1665//1665
f 1665//1665 2796//2796 1602//1602
f 1602//1602 1601//1601 2772//2772
f 1604//1604 1435//1435 1610//1610
f 1505//1505 1437//1437 2795//2795
f 1603//1603 1599//1599 2795//2795
f 2797//2797 1601//1601 1602//1602
f 1604//1604 1602//1602 1435//1435
f 1599//1599 1505//1505 2795//2795
f 1604//1604 1665//1665 1602//1602
f 1608//1608 1607//1607 1609//1609
f 1608//1608 1606//1606 1607//1607
f 1605//1605 1606//1606 1608//1608
f 1607//1607 1606//1606 1440//1440
f 1609//1609 1513//1513 1668//1668
f 1512//1512 1513//1513 1609//1609
f 1512//1512 1609//1609 1607//1607
f 1604//1604 1610//1610 1669//1669
f 2808//2808 2798//2798 1611//1611
f 2798//2798 1515//1515 1611//1611
f 1611//1611 1515//1515 1612//1612
f 2808//2808 1611//1611 1612//1612
f 1516//1516 1612//1612 1515//1515
f 1612//1612 1520//1520 1670//1670
f 1670//1670 1520//1520 1519//1519
f 2781//2781 1521//1521 2809//2809
f 2809//2809 1521//1521 1726//1726
f 1605//1605 1726//1726 1521//1521
f 1605//1605 1666//1666 1726//1726
f 1525//1525 1672//1672 1673//1673
f 1671//1671 1522//1522 1613//1613
f 1614//1614 1671//1671 1682//1682
f 2799//2799 1614//1614 1682//1682
f 2784//2784 1615//1615 1672//1672
f 1674//1674 1616//1616 1543//1543
f 1674//1674 1543//1543 1673//1673
f 1673//1673 1531//1531 2782//2782
f 1673//1673 1543//1543 1531//1531
f 1683//1683 1617//1617 1616//1616
f 1616//1616 1617//1617 1545//1545
f 1620//1620 1545//1545 1617//1617
f 1688//1688 1734//1734 2800//2800
f 1534//1534 2800//2800 1734//1734
f 1619//1619 1675//1675 1676//1676
f 1675//1675 1549//1549 1535//1535
f 1675//1675 1619//1619 1549//1549
f 1549//1549 1619//1619 1613//1613
f 1619//1619 1680//1680 1613//1613
f 1622//1622 1625//1625 1621//1621
f 1622//1622 1621//1621 1685//1685
f 2801//2801 1551//1551 1547//1547
f 1551//1551 2801//2801 1623//1623
f 1624//1624 1552//1552 1551//1551
f 1623//1623 1624//1624 1551//1551
f 1621//1621 1623//1623 2801//2801
f 1621//1621 1625//1625 1623//1623
f 1623//1623 1625//1625 1624//1624
f 1624//1624 1625//1625 1552//1552
f 1552//1552 1625//1625 1622//1622
f 1622//1622 1686//1686 1552//1552
f 1686//1686 1699//1699 1626//1626
f 1686//1686 1626//1626 1552//1552
f 1554//1554 1647//1647 1688//1688
f 1628//1628 1705//1705 1704//1704
f 1704//1704 1565//1565 1628//1628
f 1630//1630 1629//1629 1567//1567
f 2802//2802 2803//2803 1631//1631
f 1705//1705 1628//1628 1629//1629
f 1631//1631 1738//1738 2816//2816
f 1631//1631 2816//2816 2802//2802
f 1692//1692 1631//1631 1632//1632
f 1631//1631 1570//1570 1632//1632
f 1468//1468 1632//1632 1570//1570
f 1631//1631 2803//2803 2787//2787
f 1468//1468 1635//1635 2804//2804
f 1635//1635 1633//1633 2804//2804
f 2805//2805 2807//2807 1637//1637
f 1637//1637 1693//1693 2805//2805
f 1693//1693 1634//1634 2805//2805
f 2807//2807 1571//1571 1636//1636
f 1635//1635 1468//1468 1571//1571
f 1571//1571 1638//1638 1636//1636
f 1636//1636 1637//1637 2807//2807
f 1636//1636 1693//1693 1637//1637
f 1707//1707 1693//1693 1636//1636
f 2817//2817 1636//1636 1694//1694
f 1636//1636 1638//1638 1639//1639
f 1636//1636 1639//1639 1694//1694
f 1694//1694 1639//1639 1695//1695
f 1696//1696 1574//1574 1575//1575
f 1576//1576 1770//1770 1643//1643
f 1596//1596 1770//1770 1576//1576
f 1575//1575 1642//1642 1640//1640
f 1641//1641 1640//1640 1642//1642
f 1642//1642 1643//1643 1641//1641
f 1701//1701 1578//1578 1627//1627
f 1644//1644 1647//1647 1646//1646
f 1659//1659 1644//1644 1646//1646
f 1646//1646 1645//1645 1659//1659
f 1645//1645 1581//1581 1659//1659
f 1659//1659 1581//1581 1660//1660
f 1592//1592 1652//1652 1648//1648
f 1649//1649 1651//1651 1590//1590
f 1654//1654 1649//1649 1590//1590
f 1592//1592 1650//1650 1652//1652
f 1652//1652 1650//1650 1651//1651
f 1649//1649 1654//1654 1653//1653
f 1651//1651 1649//1649 1653//1653
f 1652//1652 1651//1651 1648//1648
f 1651//1651 1653//1653 1648//1648
f 1702//1702 1648//1648 1653//1653
f 1564//1564 1653//1653 1654//1654
f 1704//1704 1653//1653 1564//1564
f 1655//1655 1770//1770 1596//1596
f 1656//1656 1771//1771 1655//1655
f 1656//1656 1657//1657 1771//1771
f 1657//1657 1790//1790 1771//1771
f 1790//1790 1657//1657 1599//1599
f 1579//1579 1775//1775 1658//1658
f 1658//1658 1711//1711 1668//1668
f 1668//1668 1711//1711 1667//1667
f 1659//1659 1661//1661 1718//1718
f 1659//1659 1712//1712 1644//1644
f 1659//1659 1718//1718 1712//1712
f 1660//1660 2789//2789 1662//1662
f 1659//1659 1660//1660 1661//1661
f 1661//1661 1660//1660 1662//1662
f 1718//1718 1661//1661 1662//1662
f 1718//1718 1662//1662 1719//1719
f 1662//1662 1664//1664 1663//1663
f 1662//1662 1663//1663 1719//1719
f 1720//1720 1663//1663 1713//1713
f 1662//1662 1584//1584 1664//1664
f 1592//1592 1713//1713 1664//1664
f 1663//1663 1664//1664 1713//1713
f 1592//1592 1648//1648 1713//1713
f 1648//1648 1714//1714 1713//1713
f 1599//1599 1600//1600 1722//1722
f 1665//1665 1723//1723 2794//2794
f 1608//1608 1666//1666 1605//1605
f 1667//1667 1717//1717 1666//1666
f 1716//1716 1666//1666 1717//1717
f 1666//1666 1668//1668 1667//1667
f 1609//1609 1666//1666 1608//1608
f 1609//1609 1668//1668 1666//1666
f 1831//1831 2818//2818 2794//2794
f 1831//1831 2794//2794 1723//1723
f 1669//1669 1724//1724 1723//1723
f 1724//1724 2808//2808 1725//1725
f 1723//1723 1665//1665 1604//1604
f 1669//1669 1723//1723 1604//1604
f 1725//1725 2808//2808 1612//1612
f 1727//1727 1725//1725 1612//1612
f 1612//1612 1670//1670 1727//1727
f 2820//2820 2809//2809 1728//1728
f 1728//1728 2809//2809 1726//1726
f 1615//1615 1731//1731 1672//1672
f 1673//1673 1672//1672 2003//2003
f 1683//1683 1673//1673 2003//2003
f 1674//1674 1673//1673 1683//1683
f 1616//1616 1674//1674 1683//1683
f 1734//1734 1675//1675 1534//1534
f 1736//1736 1676//1676 1675//1675
f 1677//1677 1676//1676 2822//2822
f 1730//1730 1677//1677 1735//1735
f 1676//1676 1677//1677 1619//1619
f 1677//1677 1678//1678 1619//1619
f 1679//1679 1619//1619 1678//1678
f 1678//1678 1677//1677 1679//1679
f 1681//1681 2810//2810 1729//1729
f 1679//1679 1677//1677 1730//1730
f 2810//2810 1680//1680 1619//1619
f 1680//1680 2810//2810 1681//1681
f 1680//1680 1681//1681 1613//1613
f 1837//1837 1740//1740 1671//1671
f 1671//1671 1740//1740 1682//1682
f 1682//1682 1839//1839 2799//2799
f 1732//1732 1684//1684 1840//1840
f 2811//2811 1617//1617 1683//1683
f 1617//1617 2811//2811 1620//1620
f 1684//1684 1732//1732 2801//2801
f 1733//1733 1687//1687 1685//1685
f 1732//1732 1733//1733 1685//1685
f 1732//1732 1621//1621 2801//2801
f 1732//1732 1685//1685 1621//1621
f 1685//1685 1687//1687 1622//1622
f 1699//1699 1686//1686 1687//1687
f 1622//1622 1687//1687 1686//1686
f 1688//1688 1647//1647 1744//1744
f 1692//1692 1738//1738 1631//1631
f 1689//1689 1738//1738 2814//2814
f 1738//1738 1689//1689 1691//1691
f 1691//1691 1689//1689 1690//1690
f 1706//1706 2813//2813 2812//2812
f 1706//1706 2805//2805 1634//1634
f 2804//2804 1689//1689 2814//2814
f 1689//1689 2804//2804 1633//1633
f 1693//1693 1707//1707 1706//1706
f 1689//1689 2806//2806 1690//1690
f 1706//1706 2812//2812 2805//2805
f 1693//1693 1706//1706 1634//1634
f 1741//1741 1695//1695 1767//1767
f 1574//1574 1696//1696 1695//1695
f 1768//1768 1695//1695 1696//1696
f 1697//1697 2827//2827 2815//2815
f 1698//1698 1769//1769 1697//1697
f 1575//1575 1698//1698 2815//2815
f 1698//1698 1697//1697 2815//2815
f 1575//1575 1640//1640 1698//1698
f 1698//1698 1640//1640 1641//1641
f 1698//1698 1641//1641 1770//1770
f 1643//1643 1770//1770 1641//1641
f 1700//1700 1626//1626 1699//1699
f 1626//1626 1700//1700 1627//1627
f 1701//1701 1743//1743 1708//1708
f 1708//1708 1578//1578 1701//1701
f 1708//1708 1710//1710 1578//1578
f 1579//1579 1578//1578 1710//1710
f 1744//1744 1647//1647 1644//1644
f 1744//1744 1644//1644 1777//1777
f 1749//1749 1784//1784 1714//1714
f 1749//1749 1714//1714 1703//1703
f 1714//1714 1648//1648 1702//1702
f 1703//1703 1702//1702 1704//1704
f 1702//1702 1653//1653 1704//1704
f 1702//1702 1703//1703 1714//1714
f 1752//1752 1703//1703 1704//1704
f 1752//1752 1704//1704 1705//1705
f 1694//1694 1764//1764 2817//2817
f 1775//1775 1708//1708 1709//1709
f 1775//1775 1710//1710 1708//1708
f 1775//1775 1579//1579 1710//1710
f 1775//1775 1798//1798 1711//1711
f 1658//1658 1775//1775 1711//1711
f 1716//1716 1711//1711 1798//1798
f 1711//1711 1717//1717 1667//1667
f 1711//1711 1716//1716 1717//1717
f 1777//1777 1644//1644 1803//1803
f 1803//1803 1644//1644 1712//1712
f 1718//1718 1803//1803 1712//1712
f 1817//1817 1720//1720 1713//1713
f 1781//1781 1713//1713 1714//1714
f 1714//1714 1783//1783 1781//1781
f 1784//1784 1783//1783 1714//1714
f 1785//1785 1783//1783 1784//1784
f 1791//1791 1599//1599 1824//1824
f 1791//1791 1790//1790 1599//1599
f 2843//2843 1599//1599 1722//1722
f 1716//1716 1794//1794 1666//1666
f 1715//1715 1666//1666 1794//1794
f 1804//1804 1803//1803 1719//1719
f 1803//1803 1718//1718 1719//1719
f 1663//1663 1720//1720 1719//1719
f 1818//1818 1720//1720 1817//1817
f 1817//1817 1820//1820 1818//1818
f 2819//2819 1721//1721 1822//1822
f 2818//2818 1831//1831 1721//1721
f 1726//1726 1666//1666 1715//1715
f 1831//1831 1723//1723 1832//1832
f 1723//1723 1724//1724 1833//1833
f 1727//1727 1724//1724 1725//1725
f 1727//1727 1833//1833 1724//1724
f 2820//2820 1728//1728 1834//1834
f 1735//1735 2821//2821 1730//1730
f 1679//1679 1730//1730 2821//2821
f 1681//1681 1729//1729 1737//1737
f 1613//1613 1837//1837 1671//1671
f 1682//1682 1740//1740 1839//1839
f 1838//1838 1731//1731 1839//1839
f 1731//1731 1835//1835 1672//1672
f 1839//1839 1731//1731 1615//1615
f 2003//2003 1840//1840 1683//1683
f 2811//2811 1683//1683 1840//1840
f 1840//1840 1842//1842 1732//1732
f 1732//1732 1842//1842 1733//1733
f 1744//1744 1746//1746 1688//1688
f 1746//1746 1734//1734 1688//1688
f 1734//1734 1846//1846 1736//1736
f 1734//1734 1736//1736 1675//1675
f 2823//2823 1735//1735 1677//1677
f 1729//1729 1735//1735 1836//1836
f 2823//2823 1836//1836 1735//1735
f 1991//1991 1681//1681 1737//1737
f 1681//1681 1991//1991 1837//1837
f 1738//1738 1691//1691 1739//1739
f 1761//1761 1739//1739 1691//1691
f 2813//2813 1706//1706 1761//1761
f 1681//1681 1837//1837 1613//1613
f 1839//1839 1740//1740 1837//1837
f 1694//1694 1695//1695 1741//1741
f 1767//1767 1695//1695 1768//1768
f 1697//1697 1769//1769 2827//2827
f 1733//1733 1842//1842 1843//1843
f 1687//1687 1733//1733 1843//1843
f 1742//1742 1687//1687 1843//1843
f 1699//1699 1687//1687 1742//1742
f 1743//1743 1699//1699 1866//1866
f 1743//1743 1700//1700 1699//1699
f 1627//1627 1700//1700 1743//1743
f 1743//1743 1701//1701 1627//1627
f 1845//1845 1748//1748 1747//1747
f 1744//1744 1745//1745 1748//1748
f 1745//1745 1744//1744 1747//1747
f 1748//1748 1745//1745 1747//1747
f 1746//1746 1748//1748 1845//1845
f 1748//1748 1746//1746 1744//1744
f 1734//1734 1746//1746 1846//1846
f 1786//1786 1784//1784 1749//1749
f 1749//1749 1750//1750 1751//1751
f 1749//1749 1703//1703 1750//1750
f 1750//1750 1703//1703 1752//1752
f 1786//1786 1751//1751 1787//1787
f 1786//1786 1749//1749 1751//1751
f 1789//1789 1750//1750 1752//1752
f 1751//1751 1750//1750 1788//1788
f 1789//1789 1752//1752 1705//1705
f 1753//1753 1886//1886 2816//2816
f 1756//1756 1754//1754 1758//1758
f 1754//1754 1753//1753 2816//2816
f 1756//1756 1755//1755 1754//1754
f 1755//1755 1753//1753 1754//1754
f 1755//1755 1756//1756 1849//1849
f 1756//1756 1851//1851 1849//1849
f 1738//1738 1754//1754 2816//2816
f 1739//1739 1761//1761 1757//1757
f 1757//1757 1738//1738 1739//1739
f 1757//1757 1754//1754 1738//1738
f 1758//1758 1754//1754 1757//1757
f 1758//1758 1757//1757 1759//1759
f 1758//1758 1759//1759 1756//1756
f 1757//1757 1760//1760 1759//1759
f 1761//1761 1760//1760 1757//1757
f 1759//1759 1760//1760 1756//1756
f 1761//1761 1853//1853 1760//1760
f 1762//1762 1761//1761 1706//1706
f 2817//2817 1764//1764 2826//2826
f 1706//1706 1707//1707 1762//1762
f 1765//1765 1764//1764 1763//1763
f 1766//1766 1765//1765 1763//1763
f 1856//1856 2826//2826 1764//1764
f 1766//1766 1855//1855 1765//1765
f 1857//1857 1765//1765 1855//1855
f 1856//1856 1764//1764 1765//1765
f 1764//1764 1694//1694 1741//1741
f 1763//1763 1764//1764 1741//1741
f 1763//1763 1741//1741 1766//1766
f 1766//1766 1741//1741 1863//1863
f 1863//1863 1741//1741 1864//1864
f 1855//1855 1766//1766 1863//1863
f 1767//1767 2827//2827 1865//1865
f 1865//1865 1769//1769 1889//1889
f 2827//2827 1769//1769 1865//1865
f 1770//1770 1889//1889 1769//1769
f 1770//1770 1769//1769 1698//1698
f 1771//1771 1770//1770 1655//1655
f 1896//1896 1774//1774 1893//1893
f 2849//2849 1773//1773 1708//1708
f 1773//1773 1774//1774 1708//1708
f 1743//1743 1772//1772 1708//1708
f 1708//1708 1772//1772 1893//1893
f 2849//2849 1774//1774 1773//1773
f 1709//1709 1708//1708 1774//1774
f 1775//1775 1709//1709 1774//1774
f 1774//1774 1896//1896 1775//1775
f 1777//1777 1776//1776 1778//1778
f 1776//1776 1870//1870 1779//1779
f 1776//1776 1779//1779 1778//1778
f 1801//1801 1776//1776 1777//1777
f 1801//1801 1777//1777 1803//1803
f 1871//1871 2828//2828 1870//1870
f 1873//1873 1776//1776 1801//1801
f 1776//1776 1873//1873 1872//1872
f 1776//1776 1872//1872 1870//1870
f 1777//1777 1778//1778 1744//1744
f 1779//1779 2824//2824 1744//1744
f 1779//1779 1744//1744 1778//1778
f 2825//2825 2828//2828 1780//1780
f 1871//1871 1875//1875 1780//1780
f 1871//1871 1780//1780 2828//2828
f 1780//1780 1875//1875 2825//2825
f 1781//1781 1877//1877 1814//1814
f 1781//1781 1819//1819 1713//1713
f 1814//1814 1819//1819 1781//1781
f 1781//1781 1785//1785 1782//1782
f 1782//1782 1785//1785 1878//1878
f 1781//1781 1878//1878 1879//1879
f 1782//1782 1878//1878 1781//1781
f 1877//1877 1781//1781 1879//1879
f 1783//1783 1785//1785 1781//1781
f 1878//1878 1785//1785 1787//1787
f 1880//1880 1787//1787 1788//1788
f 1784//1784 1786//1786 1785//1785
f 1785//1785 1786//1786 1787//1787
f 1787//1787 1751//1751 1788//1788
f 1788//1788 1750//1750 1789//1789
f 1884//1884 1788//1788 1789//1789
f 1884//1884 1789//1789 1886//1886
f 1789//1789 1705//1705 1886//1886
f 1771//1771 1790//1790 1891//1891
f 1913//1913 1790//1790 1791//1791
f 1824//1824 1913//1913 1791//1791
f 1825//1825 1792//1792 1793//1793
f 1792//1792 1799//1799 1793//1793
f 1793//1793 1799//1799 1800//1800
f 1825//1825 1793//1793 1897//1897
f 2850//2850 2831//2831 1797//1797
f 1897//1897 1793//1793 1800//1800
f 1795//1795 1715//1715 1794//1794
f 1826//1826 1715//1715 2829//2829
f 1825//1825 1826//1826 2829//2829
f 1795//1795 1794//1794 1796//1796
f 1775//1775 1896//1896 1797//1797
f 1825//1825 2829//2829 1792//1792
f 1792//1792 1795//1795 1796//1796
f 1799//1799 1792//1792 1796//1796
f 1798//1798 1775//1775 1797//1797
f 1798//1798 1797//1797 2831//2831
f 1799//1799 2830//2830 1800//1800
f 1796//1796 2830//2830 1799//1799
f 1716//1716 2830//2830 1796//1796
f 1794//1794 1716//1716 1796//1796
f 1801//1801 1803//1803 1802//1802
f 1899//1899 1801//1801 1802//1802
f 1802//1802 1803//1803 1827//1827
f 1827//1827 1803//1803 1804//1804
f 1805//1805 1804//1804 1719//1719
f 2845//2845 1804//1804 1805//1805
f 1806//1806 1807//1807 1805//1805
f 1805//1805 1807//1807 2845//2845
f 1720//1720 1808//1808 1806//1806
f 1811//1811 1806//1806 1808//1808
f 1811//1811 1807//1807 1806//1806
f 1815//1815 1816//1816 1810//1810
f 1811//1811 1808//1808 2832//2832
f 2835//2835 2832//2832 1808//1808
f 1807//1807 1811//1811 1947//1947
f 1904//1904 1816//1816 1814//1814
f 1816//1816 1809//1809 1810//1810
f 2833//2833 1810//1810 1809//1809
f 1809//1809 2891//2891 2833//2833
f 1720//1720 1805//1805 1719//1719
f 1720//1720 1818//1818 1812//1812
f 1806//1806 1805//1805 1720//1720
f 1812//1812 1808//1808 1720//1720
f 1808//1808 1812//1812 1813//1813
f 1815//1815 2834//2834 1816//1816
f 1808//1808 1813//1813 2835//2835
f 1816//1816 2834//2834 1814//1814
f 2837//2837 1817//1817 1713//1713
f 2840//2840 2836//2836 2838//2838
f 1818//1818 1820//1820 1812//1812
f 2839//2839 1821//1821 2841//2841
f 1821//1821 2839//2839 1814//1814
f 2841//2841 1821//1821 2834//2834
f 1813//1813 1812//1812 1820//1820
f 1821//1821 1814//1814 2834//2834
f 1910//1910 1790//1790 1912//1912
f 2842//2842 1823//1823 1722//1722
f 1830//1830 1829//1829 1822//1822
f 1913//1913 1912//1912 1790//1790
f 1822//1822 1721//1721 1830//1830
f 1830//1830 1721//1721 1831//1831
f 1722//1722 1823//1823 2843//2843
f 2851//2851 2843//2843 1823//1823
f 1950//1950 1728//1728 1726//1726
f 1950//1950 1726//1726 1914//1914
f 1950//1950 1834//1834 1728//1728
f 1826//1826 1914//1914 1726//1726
f 2051//2051 1826//1826 1825//1825
f 1826//1826 1726//1726 1715//1715
f 1802//1802 1827//1827 1828//1828
f 2847//2847 2846//2846 1807//1807
f 2847//2847 1807//1807 1939//1939
f 1970//1970 1829//1829 1830//1830
f 1832//1832 1830//1830 1831//1831
f 1830//1830 1832//1832 1970//1970
f 1723//1723 1833//1833 1832//1832
f 2848//2848 2820//2820 1834//1834
f 1834//1834 1950//1950 2848//2848
f 1731//1731 1838//1838 1835//1835
f 1672//1672 2000//2000 2003//2003
f 1729//1729 1847//1847 1737//1737
f 1836//1836 1847//1847 1729//1729
f 1737//1737 1847//1847 2012//2012
f 1839//1839 1993//1993 1838//1838
f 1835//1835 1838//1838 1993//1993
f 2003//2003 2002//2002 1840//1840
f 2005//2005 1840//1840 2002//2002
f 1841//1841 1842//1842 1840//1840
f 1843//1843 1842//1842 1841//1841
f 1844//1844 2007//2007 1742//1742
f 1841//1841 1844//1844 1843//1843
f 1843//1843 1844//1844 1742//1742
f 2038//2038 1846//1846 1845//1845
f 1746//1746 1845//1845 1846//1846
f 1737//1737 2012//2012 1991//1991
f 1850//1850 1755//1755 1849//1849
f 1755//1755 1848//1848 1753//1753
f 1848//1848 1755//1755 1850//1850
f 1848//1848 1886//1886 1753//1753
f 1848//1848 1850//1850 1885//1885
f 1885//1885 1886//1886 1848//1848
f 1852//1852 1885//1885 1850//1850
f 1851//1851 1852//1852 1850//1850
f 1851//1851 1850//1850 1849//1849
f 2047//2047 1885//1885 1852//1852
f 1756//1756 1760//1760 1851//1851
f 1851//1851 1760//1760 1853//1853
f 1887//1887 1851//1851 1853//1853
f 1853//1853 1888//1888 1887//1887
f 1991//1991 1995//1995 1837//1837
f 1762//1762 1853//1853 1761//1761
f 2826//2826 1854//1854 1853//1853
f 1854//1854 1856//1856 2019//2019
f 1854//1854 2826//2826 1856//1856
f 1859//1859 2019//2019 1856//1856
f 1765//1765 1859//1859 1856//1856
f 1765//1765 1857//1857 1859//1859
f 1857//1857 1855//1855 1858//1858
f 1859//1859 1857//1857 1858//1858
f 1859//1859 1858//1858 1860//1860
f 1860//1860 1858//1858 1864//1864
f 1861//1861 1859//1859 1860//1860
f 1861//1861 1860//1860 1862//1862
f 1862//1862 1860//1860 1864//1864
f 1862//1862 1864//1864 1996//1996
f 1863//1863 1864//1864 1855//1855
f 1858//1858 1855//1855 1864//1864
f 1767//1767 1864//1864 1741//1741
f 1864//1864 1767//1767 2023//2023
f 1865//1865 2025//2025 1767//1767
f 2023//2023 1767//1767 2025//2025
f 1841//1841 2007//2007 1844//1844
f 2008//2008 2026//2026 1742//1742
f 2026//2026 1866//1866 1742//1742
f 1699//1699 1742//1742 1866//1866
f 1893//1893 1772//1772 1867//1867
f 1867//1867 1743//1743 2030//2030
f 2030//2030 1892//1892 1867//1867
f 1892//1892 1868//1868 1867//1867
f 1893//1893 1867//1867 1868//1868
f 2035//2035 1893//1893 1868//1868
f 1743//1743 1867//1867 1772//1772
f 1869//1869 1873//1873 1900//1900
f 1870//1870 1872//1872 1871//1871
f 1873//1873 1801//1801 1899//1899
f 1872//1872 1874//1874 1871//1871
f 1873//1873 1869//1869 1872//1872
f 1872//1872 1869//1869 1874//1874
f 1875//1875 1871//1871 1874//1874
f 1876//1876 1875//1875 2038//2038
f 1874//1874 1869//1869 1902//1902
f 1875//1875 1874//1874 1902//1902
f 1902//1902 2038//2038 1875//1875
f 1876//1876 1845//1845 1747//1747
f 2038//2038 1845//1845 1876//1876
f 1876//1876 1747//1747 1875//1875
f 1904//1904 1814//1814 1877//1877
f 1907//1907 1877//1877 1881//1881
f 1907//1907 1881//1881 1882//1882
f 1881//1881 1878//1878 1880//1880
f 1878//1878 1881//1881 1879//1879
f 1877//1877 1879//1879 1881//1881
f 1882//1882 1881//1881 1880//1880
f 1883//1883 1882//1882 1880//1880
f 1882//1882 1883//1883 2047//2047
f 1787//1787 1880//1880 1878//1878
f 1884//1884 1880//1880 1788//1788
f 1883//1883 1880//1880 1884//1884
f 1883//1883 1884//1884 1885//1885
f 1885//1885 2047//2047 1883//1883
f 1884//1884 1886//1886 1885//1885
f 1851//1851 2047//2047 1852//1852
f 1887//1887 2013//2013 1851//1851
f 1888//1888 2013//2013 1887//1887
f 1888//1888 1853//1853 1854//1854
f 2016//2016 1888//1888 1854//1854
f 2018//2018 2017//2017 1854//1854
f 2016//2016 1854//1854 2017//2017
f 2018//2018 1854//1854 2019//2019
f 1859//1859 1861//1861 2019//2019
f 2019//2019 1861//1861 1862//1862
f 2025//2025 1865//1865 2024//2024
f 2024//2024 1865//1865 1889//1889
f 1770//1770 2049//2049 1889//1889
f 1771//1771 1890//1890 1770//1770
f 2049//2049 1770//1770 1890//1890
f 1891//1891 1910//1910 1911//1911
f 1891//1891 1890//1890 1771//1771
f 1911//1911 1890//1890 1891//1891
f 1910//1910 1891//1891 1790//1790
f 1868//1868 1892//1892 2034//2034
f 1896//1896 1893//1893 2035//2035
f 2052//2052 1896//1896 2036//2036
f 2052//2052 2051//2051 1894//1894
f 1896//1896 2052//2052 1894//1894
f 1825//1825 1897//1897 1895//1895
f 1825//1825 1895//1895 2051//2051
f 2051//2051 1895//1895 1894//1894
f 1896//1896 1894//1894 1897//1897
f 1897//1897 1894//1894 1895//1895
f 2850//2850 1797//1797 1896//1896
f 1900//1900 1873//1873 1899//1899
f 1926//1926 1899//1899 1802//1802
f 1900//1900 1901//1901 1869//1869
f 1901//1901 1902//1902 1869//1869
f 1900//1900 1898//1898 1901//1901
f 2037//2037 1902//1902 1901//1901
f 2037//2037 1901//1901 1898//1898
f 1903//1903 1809//1809 1816//1816
f 1906//1906 1903//1903 1937//1937
f 1903//1903 1906//1906 1809//1809
f 1903//1903 1816//1816 1904//1904
f 1904//1904 1937//1937 1903//1903
f 1937//1937 1904//1904 1905//1905
f 1905//1905 1904//1904 1907//1907
f 1809//1809 1906//1906 2891//2891
f 1904//1904 1877//1877 1907//1907
f 1908//1908 2041//2041 1907//1907
f 1909//1909 1908//1908 1907//1907
f 1909//1909 1907//1907 1882//1882
f 1909//1909 1882//1882 2166//2166
f 1890//1890 1911//1911 2050//2050
f 1910//1910 2050//2050 1911//1911
f 2050//2050 1910//1910 1912//1912
f 1912//1912 1913//1913 2050//2050
f 2851//2851 2062//2062 2949//2949
f 2062//2062 2851//2851 1823//1823
f 2842//2842 2062//2062 1823//1823
f 1915//1915 1921//1921 1918//1918
f 1922//1922 1921//1921 1915//1915
f 1916//1916 1922//1922 1915//1915
f 1916//1916 1915//1915 1917//1917
f 1917//1917 1915//1915 1918//1918
f 1917//1917 1918//1918 2054//2054
f 1951//1951 2069//2069 2852//2852
f 1917//1917 2951//2951 1916//1916
f 1899//1899 1919//1919 1900//1900
f 1899//1899 1920//1920 1919//1919
f 1922//1922 1920//1920 1921//1921
f 2854//2854 2853//2853 1924//1924
f 1951//1951 2854//2854 1924//1924
f 1924//1924 2853//2853 1923//1923
f 2853//2853 1927//1927 1923//1923
f 1919//1919 1916//1916 1898//1898
f 1900//1900 1919//1919 1898//1898
f 1922//1922 1916//1916 1919//1919
f 1920//1920 1922//1922 1919//1919
f 2854//2854 1951//1951 2852//2852
f 1952//1952 1924//1924 1923//1923
f 2895//2895 2855//2855 1934//1934
f 1924//1924 1952//1952 1951//1951
f 2896//2896 2876//2876 1953//1953
f 1898//1898 1916//1916 2037//2037
f 2876//2876 1905//1905 1953//1953
f 1926//1926 1802//1802 1925//1925
f 1925//1925 1802//1802 1828//1828
f 1926//1926 1925//1925 2880//2880
f 1899//1899 1926//1926 2853//2853
f 1926//1926 1927//1927 2853//2853
f 1930//1930 1927//1927 1926//1926
f 1930//1930 1926//1926 2880//2880
f 2876//2876 1928//1928 1937//1937
f 1929//1929 2857//2857 2864//2864
f 2859//2859 1928//1928 2876//2876
f 2860//2860 1933//1933 2858//2858
f 1940//1940 1928//1928 2870//2870
f 2871//2871 1932//1932 1931//1931
f 2861//2861 2865//2865 2872//2872
f 2869//2869 2873//2873 2866//2866
f 1923//1923 1927//1927 2862//2862
f 1931//1931 1932//1932 1956//1956
f 2880//2880 1932//1932 1930//1930
f 2880//2880 1956//1956 1932//1932
f 2863//2863 2877//2877 2856//2856
f 1936//1936 2874//2874 2867//2867
f 2875//2875 2879//2879 1940//1940
f 1931//1931 1956//1956 1935//1935
f 2878//2878 2879//2879 2868//2868
f 1940//1940 2879//2879 1958//1958
f 1925//1925 1828//1828 2880//2880
f 1940//1940 1938//1938 1944//1944
f 1937//1937 1928//1928 1940//1940
f 1937//1937 1905//1905 2876//2876
f 1938//1938 1940//1940 1958//1958
f 1944//1944 1938//1938 1946//1946
f 1938//1938 1963//1963 1946//1946
f 1939//1939 1807//1807 1947//1947
f 1940//1940 1941//1941 1906//1906
f 2882//2882 1943//1943 2892//2892
f 1947//1947 2885//2885 1939//1939
f 1939//1939 2885//2885 1945//1945
f 1937//1937 1940//1940 1906//1906
f 1941//1941 1940//1940 1942//1942
f 1943//1943 2882//2882 2884//2884
f 2886//2886 1943//1943 2884//2884
f 1944//1944 1942//1942 1940//1940
f 2886//2886 2887//2887 1943//1943
f 2887//2887 2886//2886 2888//2888
f 1945//1945 2889//2889 1939//1939
f 1906//1906 2883//2883 2891//2891
f 1948//1948 1966//1966 2062//2062
f 1948//1948 1822//1822 1968//1968
f 1948//1948 2062//2062 1822//1822
f 1829//1829 1968//1968 1822//1822
f 1970//1970 1968//1968 1829//1829
f 1970//1970 1969//1969 1968//1968
f 1971//1971 2090//2090 1970//1970
f 1832//1832 1971//1971 1970//1970
f 1949//1949 1971//1971 1832//1832
f 1833//1833 1949//1949 1832//1832
f 1950//1950 2917//2917 2893//2893
f 2064//2064 2917//2917 1950//1950
f 1950//1950 2893//2893 2848//2848
f 2897//2897 2898//2898 2894//2894
f 2078//2078 1959//1959 1955//1955
f 2985//2985 1954//1954 2906//2906
f 1956//1956 2880//2880 1957//1957
f 2881//2881 2081//2081 2905//2905
f 1935//1935 1956//1956 2899//2899
f 1957//1957 2900//2900 1956//1956
f 2878//2878 1958//1958 2879//2879
f 2988//2988 2900//2900 1957//1957
f 2079//2079 1958//1958 2878//2878
f 2901//2901 2986//2986 2878//2878
f 2900//2900 2988//2988 2907//2907
f 2902//2902 2907//2907 2988//2988
f 1939//1939 2889//2889 1961//1961
f 1960//1960 2081//2081 2881//2881
f 2908//2908 1960//1960 2881//2881
f 2909//2909 2890//2890 2914//2914
f 2082//2082 2989//2989 1962//1962
f 2081//2081 1960//1960 2911//2911
f 1960//1960 2910//2910 2911//2911
f 1963//1963 1938//1938 1958//1958
f 2912//2912 1958//1958 2990//2990
f 1963//1963 1958//1958 2912//2912
f 2909//2909 2914//2914 2913//2913
f 2086//2086 1966//1966 1965//1965
f 2086//2086 1965//1965 1964//1964
f 1948//1948 1968//1968 1965//1965
f 2916//2916 1968//1968 1967//1967
f 1967//1967 2915//2915 2916//2916
f 1966//1966 1948//1948 1965//1965
f 1967//1967 2087//2087 2088//2088
f 2915//2915 1967//1967 2088//2088
f 1969//1969 1967//1967 1968//1968
f 2090//2090 1967//1967 1969//1969
f 1969//1969 1970//1970 2090//2090
f 2090//2090 2917//2917 2064//2064
f 1979//1979 1972//1972 1987//1987
f 1980//1980 2918//2918 2924//2924
f 1980//1980 1983//1983 2918//2918
f 1983//1983 1974//1974 2918//2918
f 1973//1973 2919//2919 1974//1974
f 2920//2920 1987//1987 1972//1972
f 1987//1987 2920//2920 1975//1975
f 2111//2111 1973//1973 1974//1974
f 1975//1975 2920//2920 2111//2111
f 1974//1974 2110//2110 2111//2111
f 2111//2111 2113//2113 1977//1977
f 2111//2111 1977//1977 1975//1975
f 2922//2922 1978//1978 2921//2921
f 2921//2921 1978//1978 1976//1976
f 2113//2113 2092//2092 1977//1977
f 2922//2922 2991//2991 2116//2116
f 2922//2922 2116//2116 1978//1978
f 1981//1981 2945//2945 1988//1988
f 1981//1981 2925//2925 2945//2945
f 2926//2926 2929//2929 2927//2927
f 2928//2928 2930//2930 1982//1982
f 2932//2932 2931//2931 1985//1985
f 1988//1988 2940//2940 1981//1981
f 1980//1980 2933//2933 1983//1983
f 2936//2936 2934//2934 1984//1984
f 2937//2937 2935//2935 2941//2941
f 2119//2119 2938//2938 2942//2942
f 2942//2942 1986//1986 2119//2119
f 2121//2121 1983//1983 2998//2998
f 1983//1983 2939//2939 2998//2998
f 2998//2998 2122//2122 2121//2121
f 3001//3001 2999//2999 2943//2943
f 2943//2943 2120//2120 3001//3001
f 1988//1988 2944//2944 2940//2940
f 3000//3000 2944//2944 1988//1988
f 2945//2945 1989//1989 1988//1988
f 1988//1988 1989//1989 1990//1990
f 1983//1983 2121//2121 1974//1974
f 2946//2946 2921//2921 1989//1989
f 1976//1976 1990//1990 1989//1989
f 1989//1989 2921//2921 1976//1976
f 1976//1976 2126//2126 1990//1990
f 1990//1990 2126//2126 2251//2251
f 2133//2133 1672//1672 1835//1835
f 1672//1672 2133//2133 2000//2000
f 1841//1841 1840//1840 2005//2005
f 1847//1847 1836//1836 2011//2011
f 2011//2011 2012//2012 1847//1847
f 2150//2150 1995//1995 1991//1991
f 1995//1995 2150//2150 2314//2314
f 2314//2314 1992//1992 1995//1995
f 1992//1992 2132//2132 1995//1995
f 1839//1839 1837//1837 1993//1993
f 1837//1837 1995//1995 1993//1993
f 1994//1994 1835//1835 1993//1993
f 1993//1993 2132//2132 1994//1994
f 2132//2132 1835//1835 1994//1994
f 1995//1995 2132//2132 1993//1993
f 2000//2000 2133//2133 1997//1997
f 2000//2000 1997//1997 2135//2135
f 2134//2134 1997//1997 2133//2133
f 2134//2134 2135//2135 1997//1997
f 2000//2000 3006//3006 2001//2001
f 3006//3006 1998//1998 2001//2001
f 1998//1998 1999//1999 2001//2001
f 1999//1999 1998//1998 2142//2142
f 2142//2142 1998//1998 3006//3006
f 2000//2000 2001//2001 2003//2003
f 1999//1999 2003//2003 2001//2001
f 2004//2004 1999//1999 2142//2142
f 2004//2004 2003//2003 1999//1999
f 2003//2003 2004//2004 2002//2002
f 2002//2002 2004//2004 2005//2005
f 2005//2005 2004//2004 2006//2006
f 2142//2142 2006//2006 2004//2004
f 2142//2142 2143//2143 2006//2006
f 2143//2143 2007//2007 2006//2006
f 2008//2008 2007//2007 2143//2143
f 2005//2005 2006//2006 1841//1841
f 2006//2006 2007//2007 1841//1841
f 2008//2008 2144//2144 2026//2026
f 2007//2007 2008//2008 1742//1742
f 1866//1866 2030//2030 1743//1743
f 2038//2038 2010//2010 1846//1846
f 1736//1736 1846//1846 2010//2010
f 2038//2038 2146//2146 2010//2010
f 1736//1736 2010//2010 2009//2009
f 2146//2146 2009//2009 2010//2010
f 2147//2147 2009//2009 2043//2043
f 2823//2823 2009//2009 1836//1836
f 1836//1836 2009//2009 2011//2011
f 2011//2011 2149//2149 2012//2012
f 2136//2136 2150//2150 2012//2012
f 2149//2149 2136//2136 2012//2012
f 2047//2047 1851//1851 2013//2013
f 2012//2012 2150//2150 1991//1991
f 2013//2013 1888//1888 2015//2015
f 2015//2015 1888//1888 2014//2014
f 2015//2015 2014//2014 2151//2151
f 2151//2151 2014//2014 2017//2017
f 2048//2048 2015//2015 2151//2151
f 2017//2017 2018//2018 2019//2019
f 2014//2014 1888//1888 2017//2017
f 1888//1888 2016//2016 2017//2017
f 2019//2019 2151//2151 2017//2017
f 2019//2019 1862//1862 1996//1996
f 2019//2019 1996//1996 2021//2021
f 2021//2021 2023//2023 2020//2020
f 2019//2019 2021//2021 2020//2020
f 2023//2023 2022//2022 2020//2020
f 1996//1996 1864//1864 2021//2021
f 1864//1864 2023//2023 2021//2021
f 2022//2022 2023//2023 2025//2025
f 2049//2049 2022//2022 2024//2024
f 2024//2024 2022//2022 2025//2025
f 2024//2024 1889//1889 2049//2049
f 2049//2049 1890//1890 2050//2050
f 2144//2144 2027//2027 2026//2026
f 2027//2027 1866//1866 2026//2026
f 1866//1866 2027//2027 2030//2030
f 2156//2156 2029//2029 2028//2028
f 1892//1892 2030//2030 2028//2028
f 2028//2028 2034//2034 1892//1892
f 2034//2034 2028//2028 2029//2029
f 2031//2031 2034//2034 2029//2029
f 1868//1868 2034//2034 2032//2032
f 2035//2035 1868//1868 2032//2032
f 2032//2032 2033//2033 2035//2035
f 2033//2033 2036//2036 2035//2035
f 2032//2032 2034//2034 2033//2033
f 2031//2031 2033//2033 2034//2034
f 2031//2031 2052//2052 2033//2033
f 2036//2036 1896//1896 2035//2035
f 2036//2036 2033//2033 2052//2052
f 1902//1902 2057//2057 2038//2038
f 2057//2057 1902//1902 2037//2037
f 2057//2057 2039//2039 2038//2038
f 2040//2040 2038//2038 2039//2039
f 2145//2145 2040//2040 2039//2039
f 1905//1905 1907//1907 2947//2947
f 2947//2947 2182//2182 1905//1905
f 2042//2042 2043//2043 2146//2146
f 2042//2042 2161//2161 2043//2043
f 1908//1908 2058//2058 2041//2041
f 2043//2043 2009//2009 2146//2146
f 3010//3010 2147//2147 2043//2043
f 2147//2147 2011//2011 2009//2009
f 1882//1882 2044//2044 2166//2166
f 2047//2047 2044//2044 1882//1882
f 2060//2060 2170//2170 2948//2948
f 2047//2047 2046//2046 2045//2045
f 2045//2045 2948//2948 2047//2047
f 2060//2060 2948//2948 2045//2045
f 2046//2046 2060//2060 2045//2045
f 2148//2148 2149//2149 2011//2011
f 2046//2046 2047//2047 2013//2013
f 2013//2013 2015//2015 2048//2048
f 2049//2049 2050//2050 2178//2178
f 2949//2949 2062//2062 2178//2178
f 2844//2844 2051//2051 1914//1914
f 1914//1914 2051//2051 2068//2068
f 2063//2063 2068//2068 2051//2051
f 1916//1916 2951//2951 2053//2053
f 2053//2053 2056//2056 1916//1916
f 2053//2053 2072//2072 2056//2056
f 2056//2056 2055//2055 2057//2057
f 2072//2072 2055//2055 2056//2056
f 2055//2055 3022//3022 2057//2057
f 1916//1916 2056//2056 2037//2037
f 2037//2037 2056//2056 2057//2057
f 1953//1953 1905//1905 2957//2957
f 2039//2039 2057//2057 2145//2145
f 2041//2041 2058//2058 2059//2059
f 2058//2058 1908//1908 2059//2059
f 1908//1908 1909//1909 2955//2955
f 1909//1909 2166//2166 2195//2195
f 2170//2170 2060//2060 2171//2171
f 2177//2177 2062//2062 2061//2061
f 2062//2062 2085//2085 2061//2061
f 2062//2062 2177//2177 2178//2178
f 2084//2084 2085//2085 2062//2062
f 1966//1966 2084//2084 2062//2062
f 2063//2063 2381//2381 2067//2067
f 2063//2063 2065//2065 2068//2068
f 2067//2067 2065//2065 2063//2063
f 2067//2067 2956//2956 1950//1950
f 1914//1914 2066//2066 1950//1950
f 2067//2067 1950//1950 2066//2066
f 2068//2068 2065//2065 2066//2066
f 2068//2068 2066//2066 1914//1914
f 2065//2065 2067//2067 2066//2066
f 2053//2053 2951//2951 2070//2070
f 2054//2054 1918//1918 2964//2964
f 2069//2069 2965//2965 2852//2852
f 2965//2965 2069//2069 2071//2071
f 2053//2053 2070//2070 2073//2073
f 2076//2076 2967//2967 2958//2958
f 2968//2968 2970//2970 2966//2966
f 2053//2053 2979//2979 2072//2072
f 2073//2073 2074//2074 2053//2053
f 2075//2075 2971//2971 2969//2969
f 2980//2980 2950//2950 2973//2973
f 2974//2974 2972//2972 2976//2976
f 2981//2981 2975//2975 2977//2977
f 2967//2967 2076//2076 2978//2978
f 2959//2959 2894//2894 2898//2898
f 2072//2072 2077//2077 2055//2055
f 2960//2960 3022//3022 2055//2055
f 2957//2957 1905//1905 2182//2182
f 2958//2958 2983//2983 2076//2076
f 2183//2183 2055//2055 2077//2077
f 3025//3025 2984//2984 2961//2961
f 3026//3026 2181//2181 2952//2952
f 2953//2953 3018//3018 2184//2184
f 2954//2954 3028//3028 2962//2962
f 2072//2072 2982//2982 2077//2077
f 3029//3029 3027//3027 2963//2963
f 2986//2986 2903//2903 2080//2080
f 2079//2079 2878//2878 2986//2986
f 1958//1958 2079//2079 2990//2990
f 2986//2986 2080//2080 2079//2079
f 2079//2079 2080//2080 2990//2990
f 2989//2989 2987//2987 2904//2904
f 2082//2082 2987//2987 2989//2989
f 2083//2083 2085//2085 2101//2101
f 2061//2061 2085//2085 2177//2177
f 2086//2086 1964//1964 2104//2104
f 2086//2086 2085//2085 2084//2084
f 2104//2104 2085//2085 2086//2086
f 2101//2101 2085//2085 2104//2104
f 2086//2086 2084//2084 1966//1966
f 2087//2087 1967//1967 2090//2090
f 2088//2088 2087//2087 2089//2089
f 2087//2087 2090//2090 2089//2089
f 2089//2089 2090//2090 2109//2109
f 2228//2228 2090//2090 2064//2064
f 3049//3049 2956//2956 2067//2067
f 2115//2115 2223//2223 2091//2091
f 2991//2991 2093//2093 2116//2116
f 2091//2091 2100//2100 2092//2092
f 2991//2991 2993//2993 2093//2093
f 2091//2091 2223//2223 2100//2100
f 2097//2097 2096//2096 2093//2093
f 2094//2094 2093//2093 2096//2096
f 2993//2993 2097//2097 2093//2093
f 2992//2992 2096//2096 2117//2117
f 2096//2096 2097//2097 2095//2095
f 2096//2096 2095//2095 2098//2098
f 2095//2095 2099//2099 2101//2101
f 2097//2097 2099//2099 2095//2095
f 2083//2083 2099//2099 2993//2993
f 2101//2101 2099//2099 2083//2083
f 2993//2993 2099//2099 2097//2097
f 2098//2098 2117//2117 2096//2096
f 2098//2098 2102//2102 2117//2117
f 2104//2104 2105//2105 2095//2095
f 2105//2105 2098//2098 2095//2095
f 2095//2095 2101//2101 2104//2104
f 2117//2117 2102//2102 2108//2108
f 2104//2104 1964//1964 2103//2103
f 2104//2104 2103//2103 2105//2105
f 2995//2995 2102//2102 2098//2098
f 2995//2995 2994//2994 2106//2106
f 2102//2102 2995//2995 2106//2106
f 2106//2106 2107//2107 2102//2102
f 2102//2102 2107//2107 2108//2108
f 2107//2107 2109//2109 2108//2108
f 2108//2108 2109//2109 2117//2117
f 2994//2994 2915//2915 2088//2088
f 2106//2106 2994//2994 2088//2088
f 2106//2106 2088//2088 2107//2107
f 2088//2088 2089//2089 2107//2107
f 2107//2107 2089//2089 2109//2109
f 2109//2109 2090//2090 2225//2225
f 2109//2109 2225//2225 2117//2117
f 2228//2228 2227//2227 2090//2090
f 2111//2111 2110//2110 2113//2113
f 2125//2125 2112//2112 2110//2110
f 2124//2124 2112//2112 2125//2125
f 2110//2110 2112//2112 2113//2113
f 2112//2112 2115//2115 2113//2113
f 2112//2112 2124//2124 2115//2115
f 2126//2126 2923//2923 2996//2996
f 2092//2092 2114//2114 2091//2091
f 2113//2113 2114//2114 2092//2092
f 2117//2117 2126//2126 2996//2996
f 2113//2113 2115//2115 2114//2114
f 2114//2114 2115//2115 2091//2091
f 2115//2115 2239//2239 2223//2223
f 2126//2126 2117//2117 2240//2240
f 2116//2116 2093//2093 2094//2094
f 2992//2992 2117//2117 2996//2996
f 2118//2118 2120//2120 2127//2127
f 3000//3000 2129//2129 3004//3004
f 2264//2264 2124//2124 2997//2997
f 3066//3066 2118//2118 2127//2127
f 1988//1988 1990//1990 2130//2130
f 1988//1988 2130//2130 3000//3000
f 3002//3002 2997//2997 2123//2123
f 2122//2122 3003//3003 2121//2121
f 3001//3001 2120//2120 2118//2118
f 2130//2130 1990//1990 2251//2251
f 2244//2244 2124//2124 2264//2264
f 3067//3067 2245//2245 2244//2244
f 1974//1974 2125//2125 2110//2110
f 2121//2121 2125//2125 1974//1974
f 2121//2121 3003//3003 2125//2125
f 2123//2123 2124//2124 2125//2125
f 2123//2123 2997//2997 2124//2124
f 2126//2126 1976//1976 2923//2923
f 2126//2126 2240//2240 2251//2251
f 2262//2262 3066//3066 2127//2127
f 3004//3004 2128//2128 3063//3063
f 3063//3063 2128//2128 2310//2310
f 2131//2131 2128//2128 2129//2129
f 3005//3005 2129//2129 2266//2266
f 3004//3004 2129//2129 2128//2128
f 2129//2129 3000//3000 2130//2130
f 2130//2130 2251//2251 2129//2129
f 2310//2310 2309//2309 3063//3063
f 2312//2312 3095//3095 3096//3096
f 2128//2128 2131//2131 3097//3097
f 2311//2311 3098//3098 3005//3005
f 2314//2314 2132//2132 1992//1992
f 2137//2137 2138//2138 2132//2132
f 2132//2132 2138//2138 1835//1835
f 2134//2134 2138//2138 2139//2139
f 1835//1835 2138//2138 2133//2133
f 2133//2133 2138//2138 2134//2134
f 2318//2318 2142//2142 3006//3006
f 2315//2315 2138//2138 2314//2314
f 2314//2314 2137//2137 2132//2132
f 2137//2137 2314//2314 2138//2138
f 2316//2316 2140//2140 2139//2139
f 2140//2140 2316//2316 2141//2141
f 2135//2135 2134//2134 2140//2140
f 2134//2134 2139//2139 2140//2140
f 2141//2141 2135//2135 2140//2140
f 2141//2141 2318//2318 3006//3006
f 2318//2318 2153//2153 2142//2142
f 2153//2153 2143//2143 2142//2142
f 2143//2143 2153//2153 2144//2144
f 2144//2144 2008//2008 2143//2143
f 2027//2027 2144//2144 2322//2322
f 2028//2028 2030//2030 2027//2027
f 2038//2038 2040//2040 2146//2146
f 2146//2146 2040//2040 2145//2145
f 2146//2146 2158//2158 2042//2042
f 2147//2147 2163//2163 2011//2011
f 2147//2147 3010//3010 2163//2163
f 3010//3010 2162//2162 2163//2163
f 2148//2148 2011//2011 3011//3011
f 2334//2334 2149//2149 2148//2148
f 2334//2334 2148//2148 3011//3011
f 2149//2149 2334//2334 2150//2150
f 2149//2149 2150//2150 2136//2136
f 2048//2048 2046//2046 2013//2013
f 2151//2151 2019//2019 2152//2152
f 2020//2020 2152//2152 2019//2019
f 2152//2152 2020//2020 2022//2022
f 2022//2022 2175//2175 2152//2152
f 2022//2022 2049//2049 2175//2175
f 2175//2175 2154//2154 2176//2176
f 2178//2178 2154//2154 2049//2049
f 2175//2175 2049//2049 2154//2154
f 2322//2322 2330//2330 2155//2155
f 2322//2322 2155//2155 2027//2027
f 2028//2028 2027//2027 2155//2155
f 2156//2156 2028//2028 2155//2155
f 2330//2330 2332//2332 2155//2155
f 2156//2156 2155//2155 2332//2332
f 2156//2156 2332//2332 2179//2179
f 2029//2029 2179//2179 2031//2031
f 2052//2052 2031//2031 2179//2179
f 2029//2029 2156//2156 2179//2179
f 2051//2051 2052//2052 2179//2179
f 2157//2157 2057//2057 3022//3022
f 2157//2157 2180//2180 2190//2190
f 2057//2057 2157//2157 2145//2145
f 2041//2041 2188//2188 3023//3023
f 2145//2145 2190//2190 2146//2146
f 2157//2157 2190//2190 2145//2145
f 2158//2158 2193//2193 2042//2042
f 2146//2146 2190//2190 2158//2158
f 2158//2158 2190//2190 2193//2193
f 2161//2161 2042//2042 2193//2193
f 1909//1909 2195//2195 2192//2192
f 3010//3010 2193//2193 2194//2194
f 2194//2194 2162//2162 3010//3010
f 2159//2159 2162//2162 2194//2194
f 2165//2165 2162//2162 2159//2159
f 2198//2198 2195//2195 2164//2164
f 2196//2196 2198//2198 2164//2164
f 2164//2164 2168//2168 2196//2196
f 2169//2169 2196//2196 2168//2168
f 2162//2162 2165//2165 2163//2163
f 2160//2160 3011//3011 2165//2165
f 2165//2165 2159//2159 2160//2160
f 2160//2160 2334//2334 3011//3011
f 2168//2168 2166//2166 2044//2044
f 2195//2195 2166//2166 2164//2164
f 3012//3012 2168//2168 2044//2044
f 2164//2164 2166//2166 2168//2168
f 2167//2167 2168//2168 2170//2170
f 2168//2168 2167//2167 2169//2169
f 2046//2046 2171//2171 2060//2060
f 2171//2171 2167//2167 2170//2170
f 2167//2167 2171//2171 2200//2200
f 2171//2171 2172//2172 2200//2200
f 2046//2046 2172//2172 2171//2171
f 2172//2172 2046//2046 2173//2173
f 2173//2173 2046//2046 2048//2048
f 2151//2151 2173//2173 2048//2048
f 2152//2152 2325//2325 2324//2324
f 2325//2325 2152//2152 2175//2175
f 2177//2177 2207//2207 2206//2206
f 2328//2328 2176//2176 2178//2178
f 2177//2177 3047//3047 2328//2328
f 2177//2177 2328//2328 2178//2178
f 2178//2178 2176//2176 2154//2154
f 3101//3101 2381//2381 2179//2179
f 2051//2051 2179//2179 2063//2063
f 2179//2179 2381//2381 2063//2063
f 2181//2181 3026//3026 2187//2187
f 2185//2185 3030//3030 3019//3019
f 3031//3031 3020//3020 2186//2186
f 3036//3036 3021//3021 3039//3039
f 3037//3037 3024//3024 3032//3032
f 3029//3029 3033//3033 3027//3027
f 3027//3027 3033//3033 3040//3040
f 3038//3038 3041//3041 3008//3008
f 3009//3009 3024//3024 3037//3037
f 3013//3013 3042//3042 2188//2188
f 3043//3043 3034//3034 3044//3044
f 2188//2188 3035//3035 3023//3023
f 3008//3008 3041//3041 3014//3014
f 2188//2188 2059//2059 2189//2189
f 2189//2189 3013//3013 2188//2188
f 2333//2333 2190//2190 2180//2180
f 2190//2190 2333//2333 2193//2193
f 2188//2188 2041//2041 2059//2059
f 2955//2955 1909//1909 2192//2192
f 2192//2192 3045//3045 2955//2955
f 3045//3045 2192//2192 2191//2191
f 2191//2191 2192//2192 2198//2198
f 2193//2193 2333//2333 2194//2194
f 2195//2195 2198//2198 2192//2192
f 2333//2333 2159//2159 2194//2194
f 2199//2199 2196//2196 2201//2201
f 2199//2199 2201//2201 2215//2215
f 2201//2201 2197//2197 2215//2215
f 2198//2198 2196//2196 2199//2199
f 2333//2333 2160//2160 2159//2159
f 2201//2201 2200//2200 2197//2197
f 2200//2200 2202//2202 2197//2197
f 2196//2196 2169//2169 2201//2201
f 2201//2201 2167//2167 2200//2200
f 2169//2169 2167//2167 2201//2201
f 2200//2200 2172//2172 2202//2202
f 2202//2202 2172//2172 2336//2336
f 2173//2173 2151//2151 2203//2203
f 2338//2338 2203//2203 2204//2204
f 2203//2203 2151//2151 2204//2204
f 3102//3102 2204//2204 2205//2205
f 2151//2151 2205//2205 2204//2204
f 3046//3046 2174//2174 2345//2345
f 2174//2174 3046//3046 2152//2152
f 2152//2152 2205//2205 2151//2151
f 3047//3047 2221//2221 2328//2328
f 2206//2206 2207//2207 2221//2221
f 2083//2083 2222//2222 2208//2208
f 2222//2222 2083//2083 2223//2223
f 2207//2207 2208//2208 2221//2221
f 2222//2222 2221//2221 2208//2208
f 2993//2993 2223//2223 2083//2083
f 2177//2177 2085//2085 2207//2207
f 2207//2207 2085//2085 2208//2208
f 2083//2083 2208//2208 2085//2085
f 2209//2209 3049//3049 2067//2067
f 2381//2381 2209//2209 2067//2067
f 2234//2234 2233//2233 3015//3015
f 3013//3013 2189//2189 3055//3055
f 3045//3045 2191//2191 2210//2210
f 2191//2191 2212//2212 2210//2210
f 3045//3045 2210//2210 3056//3056
f 2211//2211 2210//2210 2212//2212
f 2211//2211 3056//3056 2210//2210
f 3056//3056 2211//2211 2235//2235
f 2213//2213 2212//2212 2191//2191
f 2191//2191 2198//2198 2213//2213
f 2198//2198 2199//2199 2213//2213
f 2215//2215 2213//2213 2199//2199
f 2212//2212 2214//2214 2211//2211
f 2212//2212 2213//2213 2214//2214
f 2213//2213 2215//2215 2214//2214
f 2214//2214 2235//2235 2211//2211
f 2214//2214 2215//2215 2235//2235
f 2215//2215 2197//2197 2235//2235
f 2197//2197 2236//2236 2235//2235
f 2216//2216 2197//2197 2202//2202
f 2336//2336 2216//2216 2202//2202
f 2217//2217 2219//2219 2239//2239
f 2217//2217 2220//2220 2219//2219
f 2376//2376 2218//2218 2217//2217
f 2218//2218 2222//2222 2220//2220
f 2218//2218 2220//2220 2217//2217
f 2328//2328 2218//2218 2378//2378
f 2221//2221 2218//2218 2328//2328
f 2218//2218 2221//2221 2222//2222
f 2223//2223 2239//2239 2219//2219
f 2219//2219 2220//2220 2222//2222
f 2219//2219 2222//2222 2223//2223
f 2117//2117 2225//2225 2240//2240
f 2225//2225 2224//2224 2426//2426
f 2224//2224 2226//2226 2209//2209
f 2224//2224 2209//2209 2382//2382
f 2090//2090 2227//2227 2225//2225
f 2225//2225 3048//3048 2224//2224
f 2224//2224 3048//3048 2226//2226
f 2381//2381 2382//2382 2209//2209
f 3048//3048 2209//2209 2226//2226
f 2209//2209 3048//3048 3049//3049
f 2230//2230 2229//2229 2241//2241
f 2229//2229 2230//2230 3053//3053
f 3050//3050 2233//2233 2232//2232
f 3050//3050 2231//2231 2242//2242
f 2231//2231 3050//3050 2232//2232
f 2242//2242 2231//2231 2232//2232
f 2230//2230 2403//2403 3016//3016
f 3054//3054 3052//3052 3017//3017
f 2233//2233 2234//2234 2232//2232
f 2232//2232 3056//3056 2243//2243
f 3056//3056 2235//2235 2383//2383
f 2235//2235 2236//2236 2383//2383
f 2398//2398 2376//2376 2249//2249
f 2237//2237 2249//2249 2376//2376
f 2246//2246 2249//2249 2237//2237
f 2250//2250 2115//2115 2124//2124
f 2250//2250 2238//2238 2115//2115
f 2238//2238 2250//2250 2237//2237
f 2250//2250 2246//2246 2237//2237
f 2237//2237 2376//2376 2239//2239
f 2239//2239 2238//2238 2237//2237
f 2238//2238 2239//2239 2115//2115
f 2239//2239 2376//2376 2217//2217
f 2240//2240 2225//2225 2426//2426
f 2403//2403 2230//2230 2241//2241
f 2242//2242 3057//3057 3051//3051
f 2242//2242 2404//2404 3057//3057
f 2243//2243 2242//2242 2232//2232
f 2242//2242 2243//2243 2404//2404
f 2261//2261 2245//2245 3067//3067
f 2245//2245 2261//2261 2263//2263
f 2247//2247 2245//2245 2263//2263
f 2247//2247 2263//2263 2423//2423
f 2423//2423 2248//2248 2247//2247
f 2248//2248 2425//2425 2398//2398
f 2248//2248 2423//2423 2425//2425
f 2250//2250 2245//2245 2246//2246
f 2245//2245 2247//2247 2246//2246
f 2248//2248 2249//2249 2246//2246
f 2247//2247 2248//2248 2246//2246
f 2248//2248 2398//2398 2249//2249
f 2244//2244 2250//2250 2124//2124
f 2244//2244 2245//2245 2250//2250
f 2251//2251 2426//2426 2266//2266
f 2251//2251 2240//2240 2426//2426
f 2440//2440 2252//2252 2268//2268
f 2252//2252 2276//2276 2268//2268
f 3058//3058 2280//2280 3076//3076
f 3058//3058 2446//2446 2280//2280
f 2255//2255 2256//2256 2253//2253
f 2256//2256 2257//2257 2253//2253
f 2253//2253 2257//2257 2254//2254
f 2257//2257 2258//2258 2254//2254
f 2254//2254 2258//2258 2288//2288
f 2470//2470 2468//2468 2257//2257
f 2256//2256 2470//2470 2257//2257
f 2468//2468 2469//2469 2258//2258
f 2257//2257 2468//2468 2258//2258
f 2256//2256 2255//2255 2470//2470
f 2290//2290 2288//2288 2258//2258
f 2290//2290 2469//2469 2259//2259
f 2290//2290 2258//2258 2469//2469
f 2259//2259 2260//2260 2301//2301
f 2259//2259 2423//2423 2260//2260
f 3061//3061 2260//2260 2423//2423
f 3062//3062 3064//3064 2302//2302
f 2309//2309 3089//3089 3063//3063
f 3061//3061 2423//2423 2263//2263
f 3065//3065 2261//2261 3067//3067
f 2265//2265 2482//2482 3099//3099
f 2266//2266 2265//2265 3005//3005
f 2482//2482 2265//2265 2426//2426
f 2265//2265 2266//2266 2426//2426
f 2129//2129 2251//2251 2266//2266
f 2267//2267 2271//2271 2272//2272
f 2268//2268 2269//2269 2485//2485
f 2268//2268 3068//3068 2269//2269
f 3175//3175 3070//3070 2270//2270
f 3070//3070 3069//3069 2270//2270
f 3071//3071 3068//3068 2268//2268
f 2270//2270 3069//3069 2273//2273
f 3069//3069 3072//3072 2273//2273
f 2268//2268 2276//2276 3071//3071
f 2270//2270 2443//2443 3176//3176
f 2273//2273 2487//2487 2270//2270
f 2276//2276 2274//2274 3071//3071
f 2274//2274 2277//2277 2283//2283
f 2271//2271 3073//3073 2275//2275
f 3073//3073 2281//2281 2275//2275
f 2274//2274 2283//2283 3077//3077
f 2271//2271 2275//2275 2272//2272
f 3074//3074 3078//3078 2285//2285
f 2276//2276 2277//2277 2274//2274
f 2276//2276 2278//2278 2277//2277
f 2283//2283 2277//2277 2278//2278
f 2286//2286 2283//2283 2278//2278
f 2279//2279 3072//3072 3075//3075
f 3075//3075 3083//3083 2279//2279
f 3076//3076 2280//2280 2278//2278
f 2280//2280 2286//2286 2278//2278
f 2279//2279 2488//2488 3072//3072
f 2491//2491 2286//2286 2280//2280
f 2488//2488 2279//2279 3083//3083
f 2285//2285 3078//3078 2284//2284
f 3079//3079 2282//2282 3081//3081
f 2283//2283 2253//2253 3080//3080
f 3080//3080 3077//3077 2283//2283
f 2291//2291 3083//3083 3082//3082
f 2253//2253 2283//2283 2286//2286
f 2253//2253 2286//2286 2491//2491
f 2491//2491 2255//2255 2253//2253
f 2255//2255 2491//2491 2470//2470
f 2253//2253 2293//2293 3080//3080
f 2282//2282 3086//3086 3081//3081
f 3087//3087 2287//2287 3082//3082
f 2288//2288 2293//2293 2253//2253
f 3082//3082 2287//2287 2291//2291
f 3084//3084 3059//3059 3060//3060
f 2287//2287 3087//3087 2297//2297
f 2294//2294 2289//2289 2298//2298
f 2288//2288 2294//2294 2293//2293
f 2291//2291 2287//2287 2297//2297
f 2288//2288 2289//2289 2294//2294
f 2288//2288 2290//2290 2289//2289
f 2290//2290 2259//2259 2289//2289
f 2294//2294 2295//2295 2292//2292
f 2293//2293 2294//2294 2292//2292
f 2295//2295 3062//3062 2292//2292
f 3087//3087 3085//3085 2297//2297
f 3085//3085 2296//2296 2297//2297
f 2294//2294 2298//2298 2299//2299
f 2294//2294 2299//2299 3088//3088
f 2297//2297 2296//2296 2308//2308
f 2289//2289 2301//2301 2298//2298
f 2299//2299 2300//2300 3088//3088
f 3088//3088 2300//2300 3061//3061
f 2300//2300 2298//2298 2301//2301
f 2299//2299 2298//2298 2300//2300
f 2291//2291 2297//2297 2308//2308
f 2289//2289 2259//2259 2301//2301
f 2260//2260 3061//3061 2300//2300
f 2301//2301 2260//2260 2300//2300
f 2303//2303 3085//3085 3090//3090
f 2306//2306 2303//2303 3090//3090
f 2306//2306 3090//3090 2304//2304
f 2292//2292 3062//3062 2302//2302
f 2303//2303 2305//2305 3085//3085
f 2305//2305 2296//2296 3085//3085
f 2303//2303 3093//3093 2305//2305
f 2307//2307 3094//3094 3091//3091
f 2296//2296 3092//3092 2308//2308
f 3092//3092 3094//3094 2307//2307
f 3092//3092 2307//2307 2308//2308
f 2307//2307 3091//3091 2497//2497
f 2307//2307 2497//2497 2308//2308
f 2497//2497 3091//3091 2482//2482
f 2291//2291 2308//2308 2497//2497
f 3095//3095 2312//2312 2304//2304
f 3095//3095 2304//2304 3090//3090
f 3099//3099 3098//3098 2311//2311
f 3091//3091 3099//3099 2482//2482
f 3099//3099 2311//2311 2265//2265
f 2265//2265 2311//2311 3005//3005
f 2138//2138 2315//2315 2139//2139
f 2150//2150 2313//2313 2314//2314
f 2314//2314 2313//2313 2315//2315
f 2139//2139 2315//2315 2316//2316
f 2313//2313 2316//2316 2315//2315
f 2316//2316 2313//2313 2323//2323
f 2317//2317 2141//2141 2316//2316
f 2323//2323 2317//2317 2316//2316
f 2318//2318 2317//2317 2323//2323
f 2317//2317 2318//2318 2141//2141
f 2323//2323 2319//2319 2318//2318
f 2318//2318 2319//2319 2320//2320
f 2319//2319 2326//2326 2321//2321
f 2319//2319 2321//2321 3100//3100
f 2323//2323 2326//2326 2319//2319
f 2318//2318 2320//2320 2153//2153
f 3007//3007 3100//3100 2321//2321
f 2153//2153 2329//2329 2322//2322
f 2144//2144 2153//2153 2322//2322
f 2313//2313 2150//2150 2334//2334
f 2313//2313 2335//2335 2323//2323
f 2354//2354 2174//2174 2324//2324
f 2324//2324 2174//2174 2152//2152
f 2326//2326 2323//2323 2357//2357
f 2326//2326 2357//2357 2358//2358
f 2326//2326 2358//2358 2321//2321
f 3007//3007 2321//2321 2358//2358
f 2329//2329 2327//2327 2501//2501
f 2175//2175 2176//2176 2328//2328
f 2153//2153 2358//2358 2327//2327
f 2153//2153 2327//2327 2329//2329
f 2322//2322 2504//2504 2330//2330
f 2330//2330 2331//2331 2332//2332
f 2331//2331 2330//2330 2504//2504
f 2331//2331 2504//2504 2514//2514
f 2514//2514 3101//3101 2331//2331
f 2334//2334 2160//2160 2333//2333
f 2333//2333 2313//2313 2334//2334
f 2335//2335 2313//2313 2385//2385
f 2172//2172 2173//2173 2336//2336
f 2173//2173 2203//2203 2336//2336
f 2203//2203 2337//2337 2336//2336
f 2367//2367 2337//2337 2203//2203
f 2360//2360 2336//2336 2337//2337
f 2367//2367 2340//2340 2368//2368
f 3116//3116 3103//3103 2369//2369
f 2203//2203 2338//2338 2367//2367
f 2338//2338 3046//3046 2339//2339
f 2338//2338 2339//2339 2340//2340
f 2367//2367 2338//2338 2340//2340
f 2342//2342 3103//3103 2341//2341
f 2341//2341 3103//3103 2339//2339
f 2342//2342 2344//2344 3103//3103
f 2344//2344 2369//2369 3103//3103
f 3104//3104 2343//2343 3105//3105
f 3104//3104 2352//2352 2343//2343
f 3105//3105 2343//2343 2375//2375
f 3106//3106 3113//3113 2370//2370
f 2344//2344 2372//2372 2369//2369
f 3107//3107 2375//2375 3118//3118
f 3107//3107 3105//3105 2375//2375
f 2370//2370 3122//3122 3106//3106
f 2174//2174 2354//2354 2345//2345
f 2346//2346 3046//3046 2345//2345
f 3046//3046 2346//2346 2339//2339
f 2345//2345 2354//2354 2347//2347
f 2347//2347 2346//2346 2345//2345
f 2341//2341 2339//2339 2346//2346
f 2349//2349 2348//2348 3108//3108
f 3109//3109 2349//2349 3108//3108
f 3109//3109 2356//2356 2349//2349
f 3104//3104 3108//3108 2352//2352
f 3108//3108 2348//2348 2352//2352
f 3111//3111 2350//2350 3113//3113
f 3111//3111 3112//3112 2350//2350
f 3112//3112 2351//2351 2350//2350
f 3112//3112 2356//2356 2351//2351
f 2350//2350 2351//2351 3113//3113
f 3113//3113 2351//2351 2370//2370
f 3117//3117 2351//2351 2374//2374
f 2374//2374 2351//2351 2353//2353
f 2351//2351 2325//2325 2353//2353
f 2323//2323 2335//2335 2357//2357
f 2357//2357 2335//2335 2505//2505
f 2354//2354 2355//2355 3110//3110
f 2354//2354 2324//2324 2355//2355
f 2355//2355 2356//2356 3109//3109
f 2355//2355 2324//2324 2325//2325
f 2356//2356 2355//2355 2351//2351
f 2325//2325 2351//2351 2355//2355
f 2357//2357 2505//2505 2358//2358
f 2358//2358 2505//2505 2359//2359
f 2505//2505 2327//2327 2359//2359
f 2175//2175 2377//2377 2325//2325
f 2377//2377 2175//2175 2328//2328
f 2358//2358 2359//2359 2327//2327
f 2381//2381 3101//3101 2514//2514
f 2216//2216 2390//2390 2197//2197
f 2216//2216 2360//2360 2390//2390
f 2385//2385 2313//2313 2333//2333
f 2336//2336 2360//2360 2216//2216
f 2335//2335 3124//3124 2393//2393
f 2363//2363 2361//2361 2360//2360
f 2363//2363 2360//2360 2364//2364
f 2361//2361 2363//2363 2362//2362
f 2363//2363 2366//2366 2362//2362
f 2360//2360 2367//2367 2364//2364
f 2364//2364 2367//2367 2369//2369
f 2364//2364 2369//2369 2365//2365
f 2365//2365 2369//2369 2372//2372
f 2363//2363 2364//2364 2365//2365
f 2397//2397 2371//2371 2395//2395
f 3119//3119 3114//3114 2365//2365
f 2363//2363 2365//2365 3114//3114
f 2371//2371 2397//2397 2366//2366
f 2360//2360 2337//2337 2367//2367
f 2368//2368 2369//2369 2367//2367
f 2373//2373 2370//2370 2371//2371
f 2371//2371 2370//2370 2395//2395
f 2374//2374 2395//2395 3117//3117
f 3120//3120 3123//3123 3121//3121
f 3122//3122 2370//2370 2373//2373
f 3115//3115 3120//3120 3121//3121
f 2371//2371 2366//2366 2373//2373
f 2374//2374 2377//2377 2395//2395
f 2395//2395 2377//2377 2376//2376
f 2377//2377 2328//2328 2376//2376
f 2328//2328 2378//2378 2376//2376
f 2374//2374 2353//2353 2377//2377
f 2377//2377 2353//2353 2325//2325
f 2376//2376 2378//2378 2218//2218
f 2224//2224 2380//2380 2379//2379
f 2515//2515 2380//2380 2381//2381
f 2379//2379 2380//2380 3180//3180
f 2514//2514 2515//2515 2381//2381
f 2382//2382 2380//2380 2224//2224
f 2380//2380 2382//2382 2381//2381
f 3128//3128 2402//2402 2180//2180
f 3128//3128 2400//2400 2402//2402
f 2402//2402 2333//2333 2180//2180
f 2405//2405 2384//2384 2458//2458
f 2333//2333 2406//2406 2385//2385
f 2406//2406 2408//2408 3124//3124
f 2236//2236 2386//2386 2383//2383
f 2383//2383 2386//2386 2384//2384
f 2386//2386 2387//2387 2384//2384
f 2383//2383 2384//2384 2405//2405
f 2387//2387 2410//2410 2384//2384
f 2236//2236 2197//2197 2390//2390
f 2236//2236 2390//2390 2386//2386
f 2386//2386 2391//2391 2387//2387
f 2387//2387 2388//2388 2410//2410
f 2391//2391 2386//2386 2390//2390
f 2360//2360 2394//2394 2390//2390
f 2390//2390 2394//2394 2391//2391
f 2391//2391 2394//2394 2387//2387
f 2387//2387 2394//2394 2388//2388
f 2394//2394 2420//2420 2388//2388
f 2389//2389 2392//2392 2393//2393
f 2389//2389 2393//2393 3124//3124
f 2392//2392 2517//2517 2516//2516
f 2392//2392 2419//2419 2517//2517
f 2362//2362 2395//2395 2394//2394
f 2420//2420 2394//2394 2395//2395
f 2394//2394 2360//2360 2361//2361
f 2376//2376 2424//2424 2395//2395
f 2366//2366 2397//2397 2396//2396
f 2361//2361 2362//2362 2394//2394
f 2362//2362 2396//2396 2395//2395
f 2366//2366 2396//2396 2362//2362
f 2397//2397 2395//2395 2396//2396
f 2424//2424 2376//2376 2398//2398
f 2224//2224 2379//2379 2426//2426
f 2439//2439 3126//3126 2399//2399
f 3161//3161 2401//2401 2400//2400
f 3127//3127 3162//3162 2441//2441
f 2399//2399 3126//3126 2241//2241
f 3057//3057 2445//2445 3125//3125
f 2399//2399 2445//2445 2440//2440
f 2400//2400 2401//2401 2402//2402
f 3127//3127 2441//2441 2402//2402
f 2403//2403 2241//2241 3126//3126
f 2404//2404 2445//2445 3057//3057
f 2243//2243 2405//2405 2404//2404
f 2405//2405 2447//2447 2404//2404
f 2405//2405 2458//2458 2447//2447
f 2243//2243 3056//3056 2405//2405
f 3056//3056 2383//2383 2405//2405
f 2402//2402 2406//2406 2333//2333
f 2466//2466 2408//2408 2406//2406
f 2406//2406 2534//2534 2466//2466
f 2466//2466 2472//2472 2408//2408
f 2410//2410 2407//2407 2459//2459
f 2467//2467 2413//2413 2472//2472
f 2458//2458 2384//2384 2410//2410
f 2412//2412 2407//2407 2410//2410
f 3130//3130 2460//2460 3129//3129
f 2460//2460 3130//3130 2411//2411
f 2408//2408 2409//2409 3124//3124
f 2408//2408 2472//2472 2409//2409
f 2413//2413 2409//2409 2472//2472
f 2410//2410 2415//2415 2412//2412
f 2418//2418 2420//2420 2411//2411
f 2420//2420 2416//2416 2411//2411
f 2416//2416 2476//2476 2411//2411
f 2415//2415 3131//3131 2412//2412
f 2411//2411 3130//3130 2418//2418
f 3124//3124 2414//2414 2389//2389
f 2409//2409 2413//2413 3124//3124
f 3124//3124 2413//2413 2414//2414
f 2389//2389 2414//2414 2392//2392
f 2392//2392 2414//2414 2419//2419
f 2532//2532 2419//2419 2414//2414
f 2413//2413 2474//2474 2414//2414
f 2532//2532 2414//2414 2471//2471
f 2414//2414 2474//2474 2471//2471
f 2410//2410 2388//2388 2415//2415
f 3131//3131 2415//2415 2388//2388
f 2420//2420 3131//3131 2388//2388
f 2420//2420 2395//2395 2416//2416
f 2416//2416 2417//2417 3173//3173
f 2417//2417 2480//2480 2476//2476
f 2419//2419 2481//2481 2517//2517
f 2419//2419 3183//3183 2481//2481
f 3183//3183 2478//2478 2481//2481
f 2416//2416 2395//2395 2421//2421
f 2395//2395 2422//2422 2421//2421
f 2416//2416 2421//2421 2417//2417
f 2421//2421 2422//2422 2417//2417
f 2480//2480 2422//2422 2423//2423
f 2417//2417 2422//2422 2480//2480
f 2395//2395 2424//2424 2422//2422
f 2424//2424 2423//2423 2422//2422
f 2398//2398 2425//2425 2424//2424
f 2423//2423 2424//2424 2425//2425
f 2518//2518 2483//2483 2523//2523
f 2428//2428 2431//2431 2427//2427
f 2429//2429 2435//2435 2433//2433
f 3136//3136 3148//3148 2430//2430
f 3141//3141 3163//3163 2434//2434
f 2431//2431 3152//3152 2427//2427
f 2427//2427 3152//3152 3155//3155
f 3133//3133 3132//3132 2432//2432
f 3137//3137 3144//3144 3156//3156
f 3138//3138 3139//3139 3145//3145
f 3157//3157 2432//2432 3132//3132
f 3146//3146 3140//3140 2442//2442
f 3164//3164 3142//3142 3166//3166
f 3143//3143 3134//3134 3167//3167
f 3135//3135 3147//3147 2441//2441
f 2441//2441 3147//3147 3168//3168
f 2439//2439 2436//2436 3149//3149
f 2430//2430 3148//3148 2437//2437
f 3159//3159 3160//3160 3150//3150
f 3153//3153 3151//3151 3158//3158
f 2439//2439 3149//3149 3154//3154
f 3159//3159 3165//3165 3160//3160
f 3160//3160 3165//3165 2486//2486
f 2439//2439 2440//2440 2436//2436
f 2430//2430 2437//2437 2438//2438
f 2438//2438 2437//2437 2484//2484
f 2437//2437 3177//3177 2484//2484
f 2399//2399 2440//2440 2439//2439
f 2438//2438 2442//2442 3140//3140
f 2484//2484 2442//2442 2438//2438
f 2443//2443 2442//2442 2484//2484
f 2442//2442 2443//2443 2444//2444
f 2441//2441 3168//3168 3169//3169
f 3165//3165 2268//2268 2485//2485
f 2402//2402 2441//2441 2406//2406
f 2404//2404 2447//2447 2445//2445
f 2487//2487 2489//2489 2457//2457
f 2487//2487 2535//2535 2444//2444
f 2441//2441 2534//2534 2406//2406
f 2448//2448 2252//2252 2440//2440
f 3170//3170 2451//2451 3058//3058
f 3058//3058 2451//2451 2446//2446
f 2446//2446 2454//2454 2280//2280
f 2280//2280 2454//2454 2455//2455
f 2447//2447 2459//2459 2449//2449
f 2447//2447 2449//2449 2445//2445
f 2448//2448 2440//2440 2445//2445
f 2448//2448 2449//2449 2451//2451
f 2448//2448 2445//2445 2449//2449
f 2449//2449 2452//2452 2450//2450
f 2449//2449 2453//2453 2452//2452
f 2449//2449 2459//2459 2453//2453
f 2450//2450 2451//2451 2449//2449
f 2451//2451 2450//2450 2454//2454
f 2450//2450 2452//2452 3171//3171
f 2452//2452 2453//2453 3171//3171
f 2453//2453 2455//2455 3171//3171
f 2454//2454 2446//2446 2451//2451
f 2491//2491 2455//2455 2461//2461
f 2457//2457 2489//2489 2456//2456
f 2489//2489 2490//2490 2456//2456
f 2457//2457 2456//2456 2463//2463
f 2456//2456 2490//2490 2492//2492
f 2487//2487 2457//2457 2535//2535
f 2535//2535 2457//2457 2467//2467
f 3172//3172 2491//2491 2461//2461
f 2447//2447 2458//2458 2459//2459
f 2458//2458 2410//2410 2459//2459
f 2459//2459 2460//2460 2453//2453
f 2453//2453 2460//2460 2455//2455
f 2455//2455 2460//2460 2461//2461
f 2462//2462 2463//2463 2464//2464
f 2474//2474 2462//2462 2464//2464
f 2463//2463 2456//2456 2492//2492
f 2463//2463 2492//2492 2465//2465
f 2464//2464 2463//2463 2465//2465
f 2494//2494 2465//2465 2492//2492
f 2474//2474 2467//2467 2462//2462
f 2462//2462 2457//2457 2463//2463
f 2471//2471 2474//2474 2464//2464
f 2464//2464 2465//2465 2494//2494
f 2464//2464 2494//2494 2471//2471
f 2462//2462 2467//2467 2457//2457
f 2469//2469 2460//2460 2476//2476
f 2469//2469 3172//3172 2461//2461
f 2468//2468 3172//3172 2469//2469
f 3129//3129 2460//2460 2459//2459
f 2469//2469 2461//2461 2460//2460
f 2413//2413 2467//2467 2474//2474
f 2471//2471 2494//2494 2473//2473
f 2411//2411 2476//2476 2460//2460
f 2473//2473 2477//2477 2479//2479
f 2532//2532 2473//2473 2475//2475
f 2471//2471 2473//2473 2532//2532
f 2475//2475 2473//2473 2479//2479
f 2497//2497 2481//2481 2477//2477
f 2477//2477 2481//2481 2479//2479
f 2475//2475 2479//2479 2478//2478
f 2259//2259 2480//2480 2423//2423
f 2476//2476 2480//2480 2259//2259
f 2259//2259 2469//2469 2476//2476
f 2481//2481 2478//2478 2479//2479
f 3174//3174 2481//2481 2497//2497
f 3174//3174 2483//2483 2481//2481
f 3174//3174 2523//2523 2483//2483
f 3177//3177 2443//2443 2484//2484
f 3165//3165 2485//2485 2486//2486
f 2443//2443 3177//3177 3176//3176
f 2487//2487 2444//2444 2270//2270
f 2444//2444 2443//2443 2270//2270
f 2487//2487 2273//2273 3072//3072
f 2487//2487 3072//3072 2488//2488
f 2488//2488 2489//2489 2487//2487
f 2491//2491 2280//2280 2455//2455
f 2488//2488 2490//2490 2489//2489
f 2488//2488 2493//2493 2490//2490
f 2488//2488 3083//3083 2291//2291
f 2495//2495 2488//2488 2291//2291
f 2493//2493 2488//2488 2495//2495
f 2490//2490 2493//2493 2494//2494
f 2493//2493 2495//2495 2494//2494
f 2490//2490 2494//2494 2492//2492
f 2477//2477 2494//2494 2495//2495
f 2495//2495 2291//2291 2496//2496
f 2477//2477 2495//2495 2496//2496
f 2494//2494 2477//2477 2473//2473
f 2291//2291 2497//2497 2496//2496
f 2497//2497 2477//2477 2496//2496
f 2327//2327 2505//2505 2498//2498
f 2327//2327 2498//2498 2501//2501
f 2498//2498 2499//2499 2501//2501
f 2498//2498 2505//2505 2506//2506
f 2499//2499 2498//2498 2506//2506
f 2500//2500 2501//2501 3178//3178
f 3178//3178 2506//2506 2500//2500
f 2501//2501 2502//2502 2329//2329
f 2329//2329 2502//2502 2322//2322
f 2501//2501 2500//2500 2502//2502
f 2503//2503 2502//2502 2500//2500
f 2322//2322 2502//2502 2503//2503
f 2322//2322 2503//2503 2512//2512
f 2322//2322 2512//2512 2504//2504
f 2335//2335 2522//2522 2505//2505
f 2505//2505 2522//2522 2506//2506
f 2506//2506 2522//2522 2507//2507
f 2519//2519 2520//2520 2508//2508
f 2507//2507 2500//2500 2506//2506
f 2509//2509 2508//2508 2503//2503
f 2522//2522 2508//2508 2509//2509
f 2522//2522 2519//2519 2508//2508
f 2508//2508 2520//2520 2510//2510
f 2503//2503 2507//2507 2509//2509
f 2509//2509 2507//2507 2522//2522
f 2510//2510 2503//2503 2508//2508
f 2503//2503 2500//2500 2507//2507
f 2512//2512 2503//2503 2510//2510
f 2510//2510 2520//2520 2511//2511
f 2510//2510 2511//2511 2512//2512
f 2512//2512 3179//3179 2513//2513
f 2513//2513 2531//2531 2504//2504
f 2512//2512 2513//2513 2504//2504
f 2531//2531 2515//2515 2514//2514
f 2504//2504 2531//2531 2514//2514
f 2393//2393 2392//2392 2516//2516
f 2393//2393 2516//2516 2335//2335
f 2516//2516 2517//2517 2335//2335
f 2335//2335 2517//2517 2522//2522
f 2483//2483 2518//2518 2522//2522
f 2520//2520 2518//2518 2521//2521
f 2518//2518 2523//2523 3181//3181
f 2518//2518 2520//2520 2519//2519
f 2520//2520 2521//2521 2524//2524
f 3182//3182 3181//3181 2523//2523
f 2519//2519 2522//2522 2518//2518
f 2520//2520 2524//2524 2511//2511
f 3179//3179 3182//3182 2525//2525
f 2523//2523 2525//2525 3182//3182
f 2426//2426 2379//2379 2526//2526
f 2533//2533 2426//2426 2526//2526
f 2533//2533 2526//2526 2528//2528
f 2533//2533 2528//2528 2523//2523
f 2525//2525 2523//2523 2529//2529
f 2523//2523 2528//2528 2529//2529
f 3179//3179 2525//2525 2529//2529
f 2529//2529 2528//2528 2527//2527
f 2527//2527 2528//2528 2526//2526
f 2530//2530 2527//2527 2526//2526
f 3179//3179 2529//2529 2513//2513
f 2513//2513 2529//2529 2531//2531
f 2527//2527 2531//2531 2529//2529
f 2530//2530 2531//2531 2527//2527
f 2379//2379 2530//2530 2526//2526
f 2530//2530 2379//2379 3180//3180
f 2515//2515 2531//2531 2530//2530
f 2517//2517 2481//2481 2522//2522
f 2481//2481 2483//2483 2522//2522
f 2533//2533 2523//2523 3174//3174
f 2482//2482 2426//2426 2533//2533
f 2441//2441 3169//3169 2534//2534
f 3169//3169 3184//3184 2534//2534
f 2467//2467 2534//2534 3184//3184
f 2472//2472 2466//2466 2534//2534
f 2467//2467 2472//2472 2534//2534
f 2475//2475 2478//2478 3183//3183
