# Wavafront OBJ file of BodyParts3D
# BodyParts3D, Copyright(C) 2010-2011 The Database Center for Life Science licensed under CC Attribution-Share Alike 2.1 Japan.
vn 0.621193 -0.769056 -0.150572
v 295.935 -138.46 729.24
vn 0.949881 -0.255997 -0.179422
v 295.87 -137.81 727.966
vn 0.934355 -0.355156 -0.0290695
v 296.311 -137.937 730.036
vn 0.989689 -0.131767 0.0561515
v 296.556 -136.728 730.848
vn 0.447478 -0.887896 0.10679
v 295.223 -138.897 729.847
vn 0.739781 -0.629064 0.238751
v 296.128 -138.081 730.625
vn 0.83792 -0.410135 0.36011
v 296.115 -137.131 732.181
vn 0.895588 -0.240966 0.373976
v 296.466 -136.158 731.885
vn 0.498252 -0.821034 0.278654
v 294.86 -138.52 731.914
vn 0.647469 -0.641263 0.411784
v 294.902 -138.084 732.703
vn 0.00161487 -0.154275 -0.988027
v 295.308 -137.925 727.182
vn 0.00161487 -0.154275 -0.988027
v 295.336 -137.589 727.129
vn -0.643624 0.603097 -0.471192
v 295.113 -137.615 727.302
vn 0.486685 -0.771179 -0.410391
v 295.003 -138.588 727.759
vn 0.244938 -0.845234 -0.474957
v 294.529 -138.745 727.622
vn 0.00161487 -0.154275 -0.988027
v 294.568 -138.475 727.266
vn 0.972206 -0.142655 -0.18565
v 296.241 -137.014 728.795
vn 0.329987 0.778573 -0.533791
v 296.019 -136.119 729.593
vn -0.735972 0.676978 0.00676482
v 295.645 -136.352 729.126
vn -0.285431 0.803807 -0.521943
v 295.673 -136.105 729.804
vn 0.959417 0.281912 0.00668528
v 296.42 -136.081 730.315
vn 0.507785 0.74969 -0.424404
v 295.89 -134.842 731.417
vn -0.387912 0.62473 -0.67767
v 295.599 -134.973 730.89
vn 0.352617 -0.899963 -0.256374
v 294.301 -139.2 728.542
vn 0.292676 -0.955018 -0.0477543
v 293.727 -139.579 729.315
vn 0.0796281 -0.96968 0.231042
v 293.69 -139.57 729.516
vn -0.245701 -0.844519 0.475835
v 293.734 -139.442 729.802
vn 0.0692734 -0.990424 -0.119419
v 293.493 -139.598 729.107
vn -0.73171 0.579666 0.358591
v 293.609 -139.294 729.729
vn -0.24842 -0.935573 0.250979
v 293.227 -139.574 729.205
vn -0.713557 0.584261 0.386621
v 293.295 -139.431 729.442
vn -0.76702 0.501633 -0.400055
v 293.794 -138.813 728.149
vn 0.063185 -0.922344 -0.381167
v 293.156 -139.491 728.642
vn -0.802514 0.528162 -0.277517
v 293.281 -139.25 728.625
vn -0.818363 0.57414 -0.025414
v 293.094 -139.427 728.932
vn -0.773138 0.165029 -0.612391
v 294.761 -135.402 732.207
vn 0.92054 0.385843 0.0610858
v 295.813 -134.818 731.86
vn 0.929675 0.350448 0.113538
v 295.622 -134.624 733.463
vn 0.32094 0.862821 -0.39056
v 295.717 -134.669 731.659
vn 0.243155 -0.923719 0.296004
v 294.082 -139.213 730.288
vn -0.653562 -0.534114 0.536264
v 293.928 -139.089 730.259
vn -0.257857 -0.861518 0.437374
v 294.076 -138.575 731.532
vn -0.820032 0.460733 -0.339519
v 293.955 -138.083 731.545
vn -0.806811 0.344754 -0.479792
v 294.547 -136.559 731.969
vn -0.477719 -0.837737 0.264541
v 293.702 -137.391 734.118
vn -0.881311 -0.472083 -0.0206792
v 293.447 -137.171 733.013
vn -0.514494 0.821436 -0.246047
v 295.163 -135.026 731.624
vn -0.80165 0.103882 -0.588698
v 295.151 -134.676 731.804
vn 0.931051 0.354216 0.0876117
v 295.617 -134.216 732.628
vn -0.151333 0.443228 -0.883543
v 295.305 -134.482 731.84
vn 0.181815 0.821814 -0.539967
v 295.185 -134.265 732.008
vn -0.330997 0.620494 -0.710935
v 295.058 -134.384 731.898
vn -0.845443 0.112007 -0.522188
v 293.357 -136.132 733.254
vn -0.760515 0.289028 -0.581447
v 293.733 -134.575 733.283
vn -0.676324 0.565153 -0.472427
v 293.976 -134.068 733.453
vn -0.367268 0.770413 -0.521131
v 294.47 -133.018 734.347
vn 0.931432 0.341998 0.124385
v 294.875 -134.193 736.093
vn -0.191889 -0.919551 0.342935
v 292.86 -135.992 737.248
vn 0.842048 -0.368012 0.394362
v 293.928 -132.244 739.932
vn -0.713244 -0.69933 0.0471298
v 292.496 -135.77 737.345
vn -0.944734 -0.121599 -0.304454
v 292.064 -134.984 737.479
vn -0.333011 -0.915648 0.225149
v 291.652 -134.884 739.738
vn 0.571367 -0.820445 0.0202316
v 291.737 -130.585 756.479
vn 0.93227 -0.361654 0.00890391
v 292.136 -130.048 757.562
vn 0.77846 -0.62671 0.0351337
v 291.962 -130.297 758.891
vn -0.281208 -0.95648 0.0779031
v 291.004 -130.371 759.792
vn 0.293409 -0.952162 0.0854301
v 291.693 -130.433 760.482
vn 0.892274 -0.44515 0.0754177
v 291.983 -130.073 760.869
vn 0.99923 0.0155321 0.0360358
v 292.241 -128.691 760.204
vn 0.70106 -0.707 0.0930966
v 291.632 -129.9 764.415
vn 0.414076 -0.907374 0.0722012
v 291.352 -130.076 764.133
vn 0.264923 -0.955682 0.128402
v 291.22 -130.048 764.84
vn 0.926265 -0.359252 0.113892
v 291.768 -129.613 764.66
vn 0.671513 -0.728371 0.136183
v 291.543 -129.957 764.851
vn -0.381267 -0.920125 0.0894731
v 290.623 -129.895 764.535
vn 0.554491 -0.815405 0.166295
v 291.145 -129.821 766.24
vn 0.852156 -0.502771 0.145094
v 291.587 -129.152 767.157
vn 0.99378 0.0179191 0.109907
v 291.748 -128.518 767.342
vn 0.811048 -0.566952 0.144105
v 291.053 -129.158 771.011
vn -0.027929 -0.994187 0.103977
v 290.689 -129.404 770.899
vn -0.569944 -0.821627 0.00967148
v 289.95 -129.012 770.943
vn 0.564753 -0.803665 0.187553
v 290.428 -128.888 774.953
vn 0.0607683 -0.982359 0.176856
v 290.002 -128.693 776.617
vn 0.929487 -0.307991 0.202967
v 290.246 -128.226 777.557
vn 0.791731 -0.55051 0.264765
v 289.96 -128.252 778.407
vn -0.263009 -0.95299 0.150451
v 289.252 -128.415 777.583
vn 0.24171 -0.932607 0.267994
v 288.91 -127.462 781.554
vn 0.971305 -0.13542 0.195517
v 288.997 -126.863 782.987
vn 0.982376 -0.00470273 0.186855
v 288.75 -126.378 785.19
vn -0.126793 -0.964674 0.230928
v 288.521 -126.558 785.203
vn -0.851171 0.32821 -0.409617
v 292.608 -134.226 735.879
vn -0.805146 0.42951 -0.408975
v 293.415 -133.292 735.34
vn -0.662206 0.571406 -0.484746
v 292.988 -133.194 736.455
vn 0.157241 0.882767 -0.442716
v 293.878 -131.703 736.854
vn -0.245368 0.784175 -0.569969
v 293.458 -131.479 737.21
vn -0.769832 0.387614 -0.507064
v 292.924 -132.651 737.2
vn -0.542346 0.60967 -0.578068
v 292.699 -132.667 737.363
vn -0.769911 0.366239 -0.522596
v 292.789 -131.737 737.601
vn 0.92577 0.378012 -0.00759658
v 293.821 -131.786 739.204
vn 0.92954 0.366853 0.0370622
v 293.735 -131.673 738.823
vn -0.650346 0.441419 -0.618223
v 292.09 -131.951 738.6
vn 0.964722 0.253033 0.0727008
v 293.387 -130.591 740.46
vn 0.723939 0.651739 -0.22616
v 293.399 -130.58 739.683
vn -0.888886 -0.215751 -0.404146
v 291.261 -133.39 739.38
vn 0.964173 0.192698 0.182311
v 293.295 -131.144 741.418
vn -0.846642 -0.507052 -0.161541
v 291.515 -134.768 739.599
vn 0.760468 -0.493785 0.42174
v 291.839 -133.697 742.186
vn 0.959936 -0.16119 0.229217
v 293.201 -131.404 742.269
vn 0.00365983 -0.935831 0.35243
v 291.25 -133.74 742.298
vn -0.0663565 -0.90162 0.42741
v 290.814 -134.106 741.695
vn -0.278598 -0.934821 0.220211
v 290.768 -133.435 743.247
vn -0.45586 -0.863085 0.217431
v 290.396 -133.946 741.801
vn -0.244232 -0.907814 0.340917
v 290.574 -133.474 742.78
vn -0.411142 -0.891192 0.191675
v 290.197 -133.15 743.322
vn 0.667104 -0.688417 0.2847
v 292.243 -131.921 744.512
vn 0.593176 -0.686817 0.420031
v 291.345 -132.64 744.58
vn 0.842995 -0.507131 0.17938
v 292.116 -131.339 746.846
vn 0.589252 -0.78792 0.178787
v 291.767 -131.547 747.292
vn 0.996334 -0.0161821 0.0840012
v 292.182 -129.696 748.576
vn 0.212985 -0.936547 0.278419
v 290.381 -132.564 746.085
vn 0.0851417 -0.982422 0.166125
v 289.89 -131.907 749.533
vn 0.477675 -0.86837 0.133267
v 291.151 -131.248 750.992
vn 0.879475 -0.474649 0.0351096
v 291.85 -130.333 752.477
vn 0.97589 0.213349 -0.0460598
v 292.192 -128.046 754.789
vn 0.965212 0.255204 -0.0568964
v 291.945 -127.496 755.645
vn 0.726471 -0.68719 0.00314121
v 291.354 -130.851 753.975
vn 0.0816252 -0.991888 0.0974453
v 291.067 -130.745 755.684
vn 0.996041 -0.0842811 -0.0282567
v 292.285 -129.21 756.268
vn -0.276751 -0.95262 0.12619
v 290.264 -129.964 761.098
vn -0.497165 -0.84638 0.190965
v 289.449 -129.03 764.743
vn 0.882445 0.441452 0.162516
v 288.8 -124.967 784.305
vn -0.169161 -0.960899 0.21922
v 288.157 -126.821 783.809
vn -0.173016 -0.96003 0.220017
v 287.687 -126.637 784.241
vn 0.698226 -0.501972 0.510397
v 288.58 -125.972 785.822
vn 0.978952 0.0723281 0.190843
v 288.767 -125.424 785.124
vn 0.939051 -0.225244 0.259709
v 288.52 -125.618 786.762
vn 0.562746 -0.764479 0.314467
v 288.37 -125.859 786.795
vn 0.634374 -0.594997 0.493506
v 287.673 -125.978 787.057
vn 0.000995733 -0.975996 0.217785
v 287.582 -126.196 786.391
vn 0.939702 0.198117 0.278763
v 288.133 -125.081 788.109
vn 0.819633 -0.38739 0.422055
v 287.969 -125.318 788.398
vn 0.517664 -0.656384 0.548802
v 287.285 -125.144 789.616
vn 0.327098 -0.865532 0.37929
v 286.953 -125.435 789.502
vn 0.824723 0.539948 0.168189
v 287.474 -124.338 789.122
vn 0.830487 -0.254172 0.49567
v 287.196 -124.434 790.201
vn 0.410077 0.857403 -0.31096
v 292.874 -130.234 739.784
vn 0.0991677 0.838378 -0.535993
v 292.95 -130.041 740.169
vn -0.496129 0.56963 -0.65527
v 291.988 -129.827 739.937
vn -0.0656322 0.827776 -0.557206
v 291.994 -129.57 740.299
vn -0.746173 0.358156 -0.561204
v 291.245 -131.911 739.638
vn -0.715967 0.277109 -0.640783
v 291.322 -130.311 740.549
vn 0.671802 0.69246 -0.263023
v 292.766 -129.364 741.168
vn -0.0326535 0.834198 -0.550497
v 291.899 -129.384 741.438
vn 0.697938 0.690434 -0.190221
v 292.223 -128.217 743.182
vn -0.725194 0.235927 -0.646863
v 290.605 -130.771 740.877
vn 0.887899 0.458932 -0.0318906
v 292.236 -127.549 745.653
vn -0.422726 -0.895846 0.136975
v 289.914 -132.843 744.569
vn -0.418426 -0.859967 0.292191
v 289.42 -132.716 743.693
vn -0.726541 -0.684358 -0.0615736
v 288.788 -132.146 743.93
vn 0.97536 0.190014 0.112105
v 292.038 -127.669 748.504
vn 0.199832 0.94621 -0.254467
v 291.816 -127.495 748.976
vn 0.976831 0.160646 0.141397
v 291.968 -127.145 747.948
vn 0.537804 0.813322 -0.221976
v 291.821 -127.081 750.521
vn 0.97049 -0.21194 0.115024
v 291.979 -127.239 751.856
vn 0.879844 0.472929 -0.0470337
v 291.998 -126.924 751.513
vn 0.691387 0.711958 -0.122882
v 291.836 -126.806 751.495
vn 0.934474 0.349631 -0.0672074
v 291.881 -128.34 751.485
vn 0.989314 -0.133542 0.0585193
v 291.747 -127.543 752.327
vn 0.995493 0.0930234 0.0184381
v 291.906 -127.082 753.734
vn 0.850994 0.525171 -0.00200146
v 291.88 -126.821 752.436
vn -0.600247 -0.799407 0.0255257
v 288.093 -131.399 749.924
vn -0.368317 -0.910587 0.187548
v 287.766 -130.952 753.107
vn 0.967863 0.251232 -0.0111002
v 291.928 -126.331 758.887
vn 0.928926 0.369959 -0.0150785
v 291.359 -124.707 760.417
vn 0.970289 0.232537 0.0668301
v 291.248 -124.789 762.165
vn 0.969042 0.237599 0.0671134
v 291.031 -125.051 766.62
vn 0.964952 0.253913 0.066296
v 290.862 -124.58 767.287
vn 0.940999 0.324038 0.0975754
v 290.61 -124.129 769.205
vn -0.565111 -0.815357 0.12587
v 288.181 -127.462 766.847
vn -0.545332 -0.838217 0.00233822
v 287.135 -127.219 777.34
vn -0.252853 -0.960089 0.11956
v 286.525 -126.3 784.801
vn -0.150808 -0.988001 0.0333189
v 285.685 -126.134 785.646
vn 0.149943 -0.95952 0.238409
v 285.621 -125.286 790.536
vn 0.478699 -0.564984 0.672042
v 285.683 -124.737 790.873
vn 0.597427 -0.516585 0.613369
v 286.715 -123.896 791.223
vn 0.662771 0.673197 0.327933
v 286.523 -123.656 791.224
vn 0.364813 -0.67672 0.639501
v 286.076 -123.729 791.784
vn 0.428791 -0.644901 0.632646
v 285.266 -123.851 792.124
vn -0.633129 0.350685 -0.690049
v 290.818 -129.414 741.222
vn -0.0244543 0.819417 -0.572676
v 291.633 -128.654 742.437
vn -0.584423 0.392479 -0.710218
v 289.981 -129.146 742.124
vn -0.4697 0.607662 -0.640413
v 290.616 -128.102 742.522
vn 0.472803 0.836765 -0.276192
v 290.577 -128.003 743.08
vn 0.664794 0.741562 -0.0901961
v 291.793 -127.096 745.786
vn -0.406339 0.809542 -0.423712
v 290.387 -126.949 746.736
vn -0.325626 0.843302 -0.427563
v 290.627 -126.664 747.049
vn -0.36636 0.856939 -0.36254
v 290.758 -126.228 747.778
vn 0.992343 0.078955 0.0949805
v 291.691 -126.061 750.172
vn -0.632149 -0.774836 -0.00413916
v 287.563 -131.292 746.732
vn 0.993521 0.0064439 0.113463
v 291.715 -126.458 750.256
vn 0.920941 0.386641 0.0487533
v 291.548 -126.168 751.617
vn 0.372077 0.921173 -0.114014
v 291.135 -125.838 751.256
vn 0.225177 0.958264 -0.176142
v 290.653 -125.707 751.433
vn 0.856755 0.510707 -0.0717581
v 291.556 -126.283 752.351
vn 0.017021 0.980972 -0.193404
v 290.854 -125.465 752.638
vn 0.827442 0.55835 -0.0598749
v 291.102 -125.447 752.775
vn 0.206749 0.961886 -0.178972
v 290.467 -125.068 754.701
vn 0.883153 0.466123 -0.0526259
v 291.218 -125.259 755.365
vn 0.815128 0.575096 -0.069504
v 290.85 -123.928 760.887
vn 0.933924 0.353391 0.0538529
v 290.725 -123.396 764.671
vn 0.866089 0.484936 0.121352
v 289.248 -122.81 773.482
vn -0.617468 -0.784792 -0.0532394
v 285.8 -125.791 774.411
vn 0.137738 0.990439 0.00767451
v 287.05 -122.111 782.135
vn 0.623858 0.775912 0.0936053
v 287.691 -122.318 782.57
vn 0.388414 0.919831 0.0551878
v 287.081 -121.999 782.952
vn -0.444782 -0.894631 -0.0424729
v 284.778 -125.731 781.694
vn 0.571255 0.803146 0.169188
v 285.965 -122.358 787.874
vn -0.0664603 0.996971 -0.0403855
v 284.867 -122.232 788.778
vn 0.619492 0.762876 0.185068
v 285.688 -122.861 790.831
vn 0.801911 0.566519 0.189724
v 285.272 -122.881 792.65
vn 0.454473 -0.616612 0.642841
v 284.921 -123.06 793.109
vn 0.543505 0.818291 0.187089
v 285.072 -122.833 792.542
vn 0.171674 0.978432 0.114891
v 284.986 -122.854 792.851
vn 0.818943 0.487149 0.303345
v 284.649 -122.764 793.613
vn 0.691905 0.685296 0.227237
v 284.512 -122.589 793.616
vn 0.158518 -0.951164 0.264875
v 282.981 -125.578 792.568
vn 0.560797 -0.359533 0.745817
v 283.102 -125.473 792.705
vn 0.40899 -0.508688 0.757604
v 283.576 -124.582 792.724
vn 0.345548 -0.591747 0.728308
v 284.444 -122.76 793.742
vn 0.260196 -0.609813 0.748616
v 283.971 -122.697 793.987
vn -0.772945 0.284754 -0.566984
v 287.807 -128.726 744.06
vn -0.841023 -0.0131272 -0.540841
v 287.454 -130.064 744.422
vn -0.222603 0.918535 -0.326714
v 290.206 -126.342 748.258
vn 0.138712 0.95387 -0.266254
v 289.814 -126.274 748.297
vn -0.86527 -0.391907 -0.312597
v 286.512 -130.105 746.405
vn -0.891285 0.158305 -0.424913
v 286.404 -129.647 746.579
vn -0.288428 0.914168 -0.284791
v 289.875 -125.826 750.159
vn -0.0436628 0.967532 -0.248947
v 289.739 -126.042 749.52
vn -0.789134 0.343653 -0.509088
v 286.252 -128.816 747.715
vn -0.886828 -0.0211513 -0.461616
v 285.716 -129.434 748.078
vn -0.793164 -0.590979 -0.147085
v 285.717 -129.625 748.24
vn 0.0601414 0.97155 -0.229073
v 289.232 -124.364 755.782
vn -0.673943 -0.737374 0.0456152
v 286.541 -130.034 751.348
vn -0.66732 -0.744587 0.0165545
v 286.339 -129.934 752.647
vn -0.712407 -0.699766 -0.0529426
v 286.229 -129.806 752.434
vn 0.361062 0.916745 -0.170919
v 289.926 -124.486 756.969
vn 0.0721655 0.970168 -0.231444
v 288.732 -124.283 755.966
vn 0.282504 0.939037 -0.195963
v 289.873 -123.867 759.554
vn -0.325485 -0.877631 0.351886
v 285.734 -128.808 757.267
vn 0.0700271 0.984277 -0.162158
v 288.585 -122.883 761.94
vn -0.449577 -0.85775 0.24929
v 285.968 -128.686 757.866
vn -0.3905 -0.886964 0.246587
v 285.641 -128.372 758.143
vn -0.251853 -0.945084 0.208296
v 285.581 -128.223 758.98
vn -0.504649 -0.831708 0.231499
v 285.136 -128.463 757.693
vn -0.48305 -0.842497 0.238455
v 285.04 -128.045 758.511
vn -0.152259 -0.938261 0.310617
v 285.603 -127.943 759.943
vn -0.208373 0.972225 -0.106583
v 287.886 -122.916 763.035
vn 0.460946 0.886053 -0.0493886
v 289.234 -122.769 764.226
vn -0.213947 -0.949157 0.230929
v 285.313 -128.018 759.894
vn -0.60556 -0.792739 0.069733
v 284.789 -127.715 759.707
vn 0.0238924 0.992602 -0.119039
v 287.572 -121.8 770.656
vn 0.583286 0.812148 0.0139065
v 287.965 -122.198 772.165
vn 0.769583 0.62801 0.115523
v 287.624 -121.845 772.654
vn 0.374873 0.926491 0.0329312
v 287.534 -121.701 772.408
vn 0.431467 0.90211 -0.00589676
v 288.2 -122.155 773.661
vn 0.151591 0.988246 0.0197271
v 286.969 -121.672 773.89
vn 0.422585 0.903811 0.0674351
v 287.262 -121.823 774.381
vn 0.376165 0.919141 0.116964
v 286.262 -121.901 782.249
vn 0.388971 0.901767 0.18846
v 285.167 -121.901 783.626
vn 0.258963 0.964093 0.058848
v 284.162 -122.31 789.055
vn 0.653729 0.723885 0.22052
v 284.168 -121.986 792.657
vn 0.0656703 0.996385 0.0538923
v 283.442 -121.96 793.24
vn -0.360542 -0.923142 -0.133483
v 281.012 -124.971 792.108
vn -0.30263 -0.948105 -0.0975261
v 280.62 -124.823 792.047
vn 0.627473 0.740591 0.240422
v 283.611 -122.144 794.595
vn 0.173584 -0.566853 0.805324
v 282.933 -122.325 794.592
vn 0.0591544 0.980991 0.184817
v 282.985 -122.049 794.204
vn 0.0848975 0.961553 0.261166
v 282.829 -122.137 794.58
vn 0.251676 0.95915 0.129189
v 282.357 -121.741 793.424
vn 0.434846 0.863685 0.254866
v 282.047 -121.863 794.369
vn -0.266164 -0.96383 -0.0137129
v 281.129 -125.392 793.583
vn 0.405849 -0.217486 0.887686
v 281.129 -125.326 793.832
vn 0.298758 -0.366408 0.881186
v 281.338 -123.603 794.114
vn 0.210287 0.950662 0.228082
v 282.282 -122.105 794.787
vn 0.202143 -0.500623 0.841733
v 281.584 -122.302 794.814
vn 0.628239 0.75447 -0.189976
v 287.874 -124.827 748.193
vn -0.854777 0.311429 -0.415173
v 285.566 -127.637 749.47
vn 0.735488 0.676921 -0.028892
v 288.013 -124.211 751.101
vn 0.642297 0.766193 -0.0200508
v 287.623 -123.532 753.049
vn -0.793122 0.214205 -0.570152
v 285.242 -128.936 748.819
vn -0.665131 -0.741619 0.0871867
v 285.196 -129.11 748.959
vn -0.934603 0.0612852 -0.350372
v 284.869 -128.523 749.583
vn -0.683501 -0.721869 0.108308
v 284.844 -128.667 749.752
vn -0.64078 0.542848 -0.542879
v 285.343 -128.018 749.38
vn -0.651986 0.665345 -0.363635
v 285.33 -127.772 749.767
vn -0.739369 0.529502 -0.415886
v 285 -128.065 749.653
vn -0.775445 0.529414 -0.344102
v 285.268 -127.687 750.035
vn -0.742634 0.629383 -0.228849
v 284.969 -128.005 749.928
vn -0.797709 0.539335 -0.269775
v 284.854 -128.04 750.359
vn -0.949246 0.229579 -0.215
v 284.713 -128.289 750.394
vn -0.901438 0.299228 -0.312844
v 284.687 -127.964 750.815
vn 0.759803 0.638597 -0.122038
v 288.213 -123.905 754.954
vn 0.578147 0.805186 -0.13199
v 287.888 -123.75 753.415
vn 0.522646 0.845808 -0.107009
v 287.503 -123.561 753.48
vn 0.609947 0.769646 -0.188707
v 287.616 -123.013 755.045
vn -0.683981 -0.725078 0.0801975
v 284.653 -128.307 750.872
vn -0.0554742 0.98725 -0.149199
v 287.804 -123.055 761.326
vn 0.685155 0.727805 0.0293761
v 286.98 -122.394 761.49
vn -0.608665 -0.772115 0.182661
v 283.861 -127.068 759.173
vn -0.206721 0.972355 -0.108594
v 287.138 -122.851 765.046
vn 0.756806 0.641689 0.124422
v 286.451 -122.218 764.56
vn 0.581393 0.801887 0.137696
v 286.254 -122.211 765.486
vn -0.492474 -0.849386 0.189774
v 283.941 -126.769 762.343
vn -0.205202 -0.925954 0.31702
v 284.182 -126.363 763.985
vn -0.0892971 0.98642 -0.137846
v 287.108 -122.409 768.056
vn 0.354931 0.934868 -0.00677007
v 285.8 -122.13 767.86
vn -0.292682 -0.917512 0.269275
v 284.09 -124.759 768.086
vn -0.721614 -0.69211 0.0160288
v 283.215 -123.849 773.11
vn 0.0839263 0.995077 -0.0527107
v 285.015 -121.346 774.078
vn 0.387282 0.914696 0.115519
v 284.459 -120.892 781.062
vn 0.161782 0.981197 0.105252
v 282.87 -120.84 786.087
vn 0.380043 0.915183 0.134187
v 282.817 -121.432 788.894
vn -0.199341 0.975772 0.0901816
v 281.755 -121.141 788.078
vn 0.00551995 0.986913 0.161162
v 281.081 -121.472 789.82
vn -0.449252 -0.887941 -0.0986619
v 280.356 -124.766 788.662
vn -0.226098 0.969939 0.0899902
v 280.991 -121.529 790.257
vn -0.0439427 0.994755 0.0923713
v 282.387 -121.523 790.928
vn 0.166126 0.966585 0.195231
v 281.803 -121.43 791.115
vn -0.278594 0.959237 0.047423
v 281.241 -121.336 790.527
vn -0.244245 0.957144 0.155624
v 281.158 -121.987 793.809
vn -0.175395 0.928305 0.327852
v 281.482 -122.127 794.74
vn 0.234381 -0.212663 0.948599
v 280.307 -122.607 795.015
vn 0.161166 0.92505 0.343958
v 280.609 -122.258 794.614
vn 0.019344 0.945868 0.323975
v 280.434 -122.376 794.96
vn 0.202769 0.892548 0.402795
v 280.166 -122.356 795.055
vn -0.267013 -0.925998 0.266894
v 278.596 -124.387 794.503
vn -0.172467 -0.78091 0.600362
v 278.712 -124.163 794.828
vn 0.0967352 0.953561 0.285243
v 279.333 -122.294 795.323
vn -0.380878 0.688952 -0.616666
v 286.551 -125.485 748.124
vn -0.169321 0.851048 -0.497039
v 286.053 -124.425 749.598
vn -0.906077 0.185412 -0.380325
v 285.603 -124.363 750.464
vn 0.794488 0.555695 0.244932
v 287.241 -123.279 752.139
vn 0.780152 0.590564 0.206392
v 287.107 -123.331 752.549
vn -0.086931 0.888899 -0.44978
v 287.148 -123.12 751.966
vn 0.693504 0.708102 0.132832
v 286.866 -122.98 752.577
vn 0.544231 0.838855 -0.0115875
v 286.5 -122.748 752.721
vn 0.476641 0.840307 -0.258258
v 287.334 -123.269 752.954
vn 0.473668 0.843859 -0.252072
v 287.365 -123.098 754.663
vn 0.625279 0.773238 -0.10549
v 286.776 -122.558 754.587
vn 0.670608 0.740659 0.0413346
v 286.4 -122.664 753.489
vn 0.54457 0.837614 -0.0429746
v 286.216 -122.511 753.712
vn 0.42448 0.886726 -0.183124
v 286.166 -122.457 754.138
vn -0.718086 -0.695946 0.00346278
v 283.739 -127.243 754.257
vn -0.902694 0.275226 -0.330749
v 283.187 -125.424 756.973
vn -0.634796 -0.767121 0.0925165
v 283.422 -126.663 759.098
vn 0.799544 0.548968 0.243647
v 286.133 -121.828 765.085
vn -0.574477 -0.81417 0.0842782
v 283.064 -125.944 763.459
vn -0.623783 -0.779689 0.0545827
v 283.094 -125.849 762.476
vn 0.0528858 0.998169 -0.0293502
v 285.602 -122.087 766.521
vn 0.861758 0.335036 0.380952
v 284.864 -121.705 767.728
vn -0.194687 -0.944216 0.265618
v 282.35 -125.013 766.629
vn -0.0426568 0.994298 -0.0977356
v 284.792 -121.876 771.011
vn -0.0470939 -0.950597 0.306835
v 282.573 -124.111 769.035
vn -0.0149066 0.999391 0.0315418
v 284.204 -121.928 771.084
vn 0.459573 0.821536 0.337448
v 283.763 -121.887 770.845
vn 0.74266 0.543066 0.391836
v 283.681 -121.731 770.611
vn -0.559794 -0.821282 0.110117
v 283.092 -123.715 771.778
vn -0.646612 -0.592646 0.480275
v 282.429 -122.975 772.795
vn -0.899257 -0.200647 0.388687
v 282.425 -122.617 772.97
vn 0.28226 0.782306 0.555272
v 282.643 -122.136 772.598
vn -0.16907 0.0849069 0.98194
v 282.292 -122.476 772.909
vn 0.0404873 0.799776 0.598932
v 282.421 -122.33 772.873
vn -0.303494 -0.699125 0.647391
v 282.09 -122.77 772.714
vn -0.280652 -0.373497 0.884157
v 282.171 -122.639 772.842
vn -0.275041 -0.904074 0.327114
v 281.79 -123.054 771.799
vn 0.0193426 -0.565229 0.824707
v 281.981 -122.544 772.865
vn 0.134591 -0.156831 0.978412
v 282.106 -122.377 772.927
vn -0.838233 -0.372093 0.398638
v 282.66 -122.859 773.388
vn -0.396391 0.918081 0.00137399
v 282.986 -122.16 773.078
vn -0.792315 0.564811 0.230707
v 282.711 -122.463 773.258
vn -0.72301 0.669194 -0.171569
v 283.044 -121.939 773.762
vn -0.231462 0.925439 0.299982
v 282.83 -122.205 772.686
vn -0.265496 0.814862 0.515277
v 282.588 -122.395 772.949
vn -0.821008 -0.558806 -0.116969
v 282.859 -123.443 773.871
vn -0.994221 0.0475453 -0.0962511
v 282.679 -122.701 773.899
vn -0.356403 0.923005 -0.145049
v 282.625 -121.004 778.461
vn 0.0198393 0.999176 -0.0354199
v 283.787 -120.658 780.2
vn -0.0492281 0.998476 0.024927
v 282.872 -120.825 783.2
vn -0.18422 0.982491 -0.0278436
v 281.755 -120.842 783.948
vn -0.63645 0.75228 -0.170313
v 280.703 -121.314 783.86
vn -0.311447 0.949838 -0.0284502
v 280.964 -120.993 785.26
vn 0.0513089 0.986996 0.152333
v 281.406 -120.984 787.403
vn 0.450511 0.841615 0.297866
v 280.209 -121.528 790.789
vn -0.16237 0.984901 0.0600475
v 280.05 -121.414 790.744
vn -0.937236 0.248156 -0.244966
v 278.259 -122.621 789.691
vn -0.679817 0.721384 -0.13211
v 278.185 -122.256 790.628
vn 0.0140429 0.976423 0.21541
v 279.91 -121.892 791.974
vn 0.742264 0.565311 0.359816
v 279.853 -121.695 791.779
vn 0.606361 0.7111 0.355898
v 279.565 -121.834 792.565
vn 0.669409 0.654311 0.351807
v 279.726 -121.529 791.783
vn -0.233568 0.97029 0.0631178
v 279.055 -121.674 792.311
vn -0.870656 -0.448206 -0.202656
v 277.887 -123.174 791.516
vn 0.184323 0.945686 0.267772
v 279.108 -121.873 793.293
vn -0.395279 0.91708 0.0521448
v 277.981 -122.073 793.75
vn -0.925968 0.351139 -0.138872
v 277.338 -122.637 793.808
vn 0.193557 -0.347723 0.917401
v 278.705 -122.504 795.318
vn -0.225373 0.943258 0.243869
v 278.799 -122.38 795.184
vn 0.267242 -0.413084 0.8706
v 278.391 -122.852 795.253
vn 0.41598 0.444098 0.79356
v 278.447 -122.413 795.459
vn 0.0569265 0.883179 0.465568
v 278.304 -122.272 795.439
vn 0.294566 -0.572569 0.765112
v 277.442 -122.937 795.644
vn -0.208673 -0.768609 0.604728
v 277.172 -123.226 795.488
vn -0.609863 0.785722 0.103482
v 277.29 -122.591 795.381
vn -0.98723 -0.141313 0.0735336
v 277.101 -123.094 795.396
vn -0.933525 0.34848 0.0842187
v 277.131 -122.825 795.412
vn 0.309139 -0.4912 0.814344
v 277.286 -122.719 795.836
vn -0.928726 0.0758781 -0.36292
v 284.744 -123.27 753.376
vn 0.429984 0.900443 -0.0656924
v 285.97 -122.367 754.171
vn 0.450919 0.891548 -0.0425928
v 285.827 -122.3 753.876
vn 0.0785416 0.935363 -0.344857
v 285.514 -122.107 754.515
vn -0.823513 0.339417 -0.454557
v 284.63 -122.402 754.131
vn -0.873282 0.129874 -0.469586
v 283.963 -122.28 755.23
vn -0.49621 0.668206 -0.554325
v 283.993 -122.003 755.4
vn 0.252381 0.910548 -0.327424
v 285.887 -121.894 755.141
vn 0.618972 0.784986 -0.0259038
v 284.864 -120.96 757.331
vn 0.646631 0.762186 -0.0306676
v 285.65 -121.348 759.49
vn 0.504592 0.859438 -0.0821748
v 284.551 -120.312 761.212
vn -0.954864 0.00345181 -0.297024
v 283.07 -123.019 758.978
vn 0.628526 0.777757 0.00697971
v 284.999 -120.602 762.88
vn -0.65161 -0.75854 0.00469713
v 281.798 -125.137 762.668
vn -0.857558 0.395073 -0.329411
v 281.484 -124.659 762.305
vn 0.608646 0.786704 0.103183
v 283.375 -119.742 767.526
vn -0.558118 -0.829647 -0.0137726
v 280.571 -124.251 765.602
vn -0.712768 -0.691479 -0.117554
v 280.427 -124.113 765.58
vn 0.859724 0.277752 0.428635
v 283.301 -121.152 770.932
vn -0.0665639 -0.978323 0.196096
v 280.012 -123.691 770.269
vn 0.177128 -0.938099 0.29765
v 280.984 -123.734 770.632
vn 0.253344 -0.605103 0.754763
v 281.871 -122.319 773.02
vn 0.00479472 -0.840598 0.541638
v 281.392 -122.653 772.73
vn 0.817958 -0.0662961 0.571445
v 282.171 -121.993 772.887
vn -0.264624 -0.964114 -0.0214199
v 279.285 -123.552 771.704
vn -0.44555 -0.879326 -0.168138
v 279.126 -123.58 772.322
vn 0.183137 -0.728441 0.660178
v 281.559 -122.438 773.03
vn 0.295813 -0.821037 0.488256
v 280.882 -122.372 773.404
vn 0.410121 -0.83908 0.357415
v 279.875 -123.145 772.965
vn 0.840716 -0.259845 0.475054
v 280.68 -120.628 775.523
vn 0.651246 -0.450552 -0.61064
v 273.649 -138.383 731.532
vn 0.903132 -0.35473 -0.241907
v 273.888 -138.308 731.731
vn -0.0131955 -0.999911 0.00206158
v 274.049 -137.944 731.244
vn 0.928416 -0.37077 0.0239624
v 274.249 -137.51 731.612
vn 0.0699396 -0.973072 0.219634
v 274.018 -137.885 731.519
vn 0.873264 -0.464972 0.145639
v 274.141 -137.586 731.762
vn 0.879878 -0.434695 -0.191974
v 273.855 -138.128 731.563
vn 0.932641 -0.345758 -0.103115
v 274.002 -137.837 731.798
vn 0.473051 -0.844989 -0.249431
v 273.801 -138.402 731.887
vn -0.0466058 -0.998307 -0.0348134
v 273.504 -138.418 732.733
vn 0.599762 -0.674666 0.430246
v 273.607 -138.303 732.864
vn 0.890204 -0.419397 0.177886
v 274.2 -137.418 732.682
vn -0.516865 -0.821209 0.241799
v 273.327 -138.001 733.366
vn -0.347896 0.774666 -0.528073
v 283.316 -121.266 756.66
vn -0.898723 -0.363849 -0.244769
v 282.637 -120.919 758.011
vn -0.00769764 0.938004 -0.346539
v 282.583 -120.517 758.58
vn 0.355302 0.926054 -0.127217
v 283.109 -119.407 762.795
vn -0.938415 0.179615 -0.295153
v 281.693 -122.314 764.231
vn -0.96462 -0.08356 -0.250054
v 280.988 -121.22 766.72
vn 0.607981 0.769821 0.194255
v 281.438 -119.015 771.891
vn -0.837618 0.440696 -0.322774
v 279.145 -123.345 769.518
vn -0.400205 -0.916094 0.024663
v 278.46 -123.361 771.256
vn -0.033887 -0.967061 0.252278
v 278.904 -123.459 771.386
vn -0.858074 0.417507 -0.298992
v 279.273 -122.138 771.666
vn 0.811662 0.450697 0.371588
v 281.171 -119.949 774.372
vn -0.523098 -0.832845 -0.180936
v 278.322 -123.169 772.734
vn -0.918553 0.305239 -0.251178
v 278.319 -122.871 772.742
vn -0.537787 -0.818593 -0.201718
v 278.124 -123.209 773.484
vn -0.877433 0.420963 -0.230002
v 278.405 -121.734 774.99
vn -0.554461 -0.80224 -0.221323
v 277.88 -123.276 774.339
vn 0.284055 -0.929891 0.233699
v 278.654 -123.076 774.963
vn 0.00912856 -0.993011 0.117672
v 277.902 -123.08 774.985
vn 0.0353142 -0.992241 0.119211
v 277.734 -123.117 775.608
vn -0.989027 0.03097 -0.144454
v 277.756 -122.86 775.006
vn -0.968299 0.100205 -0.228816
v 278.267 -120.88 776.411
vn 0.666879 -0.638709 0.383826
v 279.422 -121.441 776.88
vn 0.890181 0.0754008 0.449324
v 278.786 -120 779.6
vn -0.987751 0.0993163 -0.120353
v 277.352 -122.454 778.66
vn -0.0475635 -0.956908 0.286471
v 277.59 -122.444 778.812
vn -0.993848 0.0864541 -0.0692266
v 277.416 -122.06 779.159
vn 0.667958 -0.602301 0.437111
v 277.54 -121.908 779.872
vn -0.670847 -0.601622 0.433608
v 277.499 -121.625 780.238
vn -0.801351 -0.50971 0.313101
v 277.424 -121.688 780.035
vn 0.653818 -0.499358 0.568475
v 277.716 -120.769 781.107
vn 0.858126 0.029737 -0.512578
v 274.159 -136.758 730.563
vn 0.891151 0.136945 -0.432547
v 274.375 -136.388 730.988
vn -0.965111 -0.121803 -0.231785
v 273.971 -136.668 730.562
vn 0.185718 0.376714 -0.907522
v 274.099 -135.419 731.106
vn -0.0956053 -0.971785 -0.215624
v 273.964 -137.858 730.891
vn -0.0131955 -0.999911 0.00206158
v 273.795 -137.941 731.341
vn 0.91523 -0.337951 -0.219418
v 274.076 -137.702 730.972
vn 0.0724232 0.0627819 -0.995396
v 273.685 -138.017 731.558
vn 0.928261 -0.252262 -0.273303
v 274.098 -137.436 730.678
vn 0.953233 -0.156754 -0.258409
v 274.325 -136.91 730.932
vn -0.41128 -0.659796 -0.628903
v 273.934 -137.567 730.924
vn -0.918657 -0.0257725 -0.394214
v 273.726 -137.04 731.778
vn 0.927086 -0.351678 0.129749
v 274.415 -136.812 732.361
vn 0.946752 -0.299219 0.118861
v 274.377 -136.711 732.916
vn 0.995035 -0.0966059 -0.0239244
v 275.11 -133.451 734.104
vn -0.840652 -0.532429 -0.0991166
v 273.135 -137.903 733.291
vn 0.847336 -0.423727 0.32012
v 274.429 -135.414 734.701
vn -0.678101 -0.734934 -0.00715232
v 272.923 -137.712 733.779
vn -0.899493 -0.407332 -0.158092
v 272.733 -137.438 733.799
vn -0.798706 -0.47514 0.369202
v 272.508 -136.819 734.245
vn 0.47873 -0.671532 0.565564
v 273.817 -134.028 737.145
vn -0.0434749 0.953142 -0.299383
v 281.759 -119.819 760.612
vn 0.098847 0.959374 -0.264256
v 282.243 -119.283 762.277
vn -0.37704 0.844521 -0.380296
v 280.95 -119.471 762.367
vn 0.135879 0.978303 -0.156398
v 281.976 -118.947 763.69
vn -0.17797 0.935158 -0.306278
v 281.144 -118.963 763.296
vn 0.443954 0.895983 0.0109018
v 281.873 -118.687 766.346
vn 0.709298 0.368694 0.6008
v 277.569 -119.778 781.805
vn 0.734571 0.488872 0.470542
v 277.424 -119.344 781.711
vn -0.997665 0.0261868 -0.0630724
v 277.288 -119.908 782.074
vn 0.104059 0.449296 -0.887302
v 273.618 -134.237 731.77
vn 0.0207034 0.4571 -0.889174
v 273.428 -134.141 731.794
vn 0.274738 0.619133 -0.735658
v 273.612 -133.862 732.017
vn -0.781817 0.0744324 -0.61905
v 273.704 -135.168 731.453
vn -0.815156 0.0138286 -0.579077
v 273.534 -134.647 731.62
vn -0.226151 0.265847 -0.937113
v 273.515 -134.363 731.759
vn -0.809473 -0.0543778 -0.584634
v 273.396 -134.473 731.884
vn -0.314008 0.694657 -0.647187
v 273.298 -133.523 732.33
vn 0.772389 0.439928 -0.458124
v 274.923 -132.696 734.07
vn 0.634782 0.646551 -0.423113
v 274.531 -131.245 735.349
vn -0.994342 -0.102834 0.026647
v 272.149 -135.783 734.035
vn -0.892957 -0.175193 -0.414652
v 272.179 -135.744 733.813
vn -0.806862 -0.0946517 -0.583108
v 272.208 -134.768 733.567
vn -0.98452 -0.0601867 -0.164616
v 272.121 -134.889 733.707
vn 0.993625 0.0824179 -0.0769203
v 274.849 -130.383 738.37
vn -0.957486 -0.283997 0.0506568
v 272.232 -136.219 734.12
vn -0.641656 -0.577283 0.504997
v 272.651 -134.41 736.719
vn 0.687176 -0.542238 0.483495
v 274.13 -132.181 739.136
vn 0.976916 -0.181477 0.1127
v 274.657 -130.75 740.257
vn 0.445223 -0.631899 0.634413
v 274.454 -130.813 740.351
vn 0.688405 -0.518222 0.507489
v 273.76 -132.315 739.607
vn 0.686574 -0.503904 0.524116
v 273.798 -131.801 739.909
vn 0.358382 -0.748304 0.558215
v 273.314 -131.999 740.434
vn -0.549254 -0.700054 0.456338
v 272.694 -132.331 739.597
vn 0.778829 -0.463458 0.42265
v 273.605 -131.771 740.323
vn 0.746843 -0.422998 0.513125
v 273.33 -131.493 741.079
vn 0.545262 -0.588302 0.597152
v 273.648 -130.57 741.26
vn -0.252864 -0.77695 0.576549
v 273.005 -131.62 740.874
vn 0.78421 -0.341076 0.518345
v 273.343 -131.103 741.298
vn 0.555128 -0.625467 0.548292
v 274.195 -130.328 740.966
vn 0.322702 -0.720593 0.613685
v 274.449 -129.302 741.95
vn 0.44236 -0.696213 0.565336
v 274.936 -129.174 741.816
vn -0.528303 0.76601 -0.366231
v 280.192 -118.931 764.521
vn -0.291106 0.916648 -0.273886
v 279.259 -118.377 767.094
vn -0.931809 0.00547662 -0.362908
v 278.9 -118.376 767.645
vn -0.84037 -0.519766 -0.153695
v 278.661 -118.416 768.781
vn 0.0167331 0.994429 -0.104074
v 278.698 -117.675 770.222
vn -0.945624 -0.252601 -0.204908
v 278.145 -117.769 770.364
vn -0.162512 0.986495 0.0204367
v 277.602 -117.915 773.099
vn 0.436668 0.893273 0.106693
v 276.946 -117.407 776.811
vn 0.60936 0.752323 0.250379
v 277.053 -117.757 778.596
vn -0.602348 0.745874 0.284339
v 276.843 -117.789 778.233
vn -0.884994 -0.437762 -0.158585
v 277.075 -118.34 779.614
vn -0.808525 0.277007 -0.519187
v 272.641 -133.731 732.833
vn 0.129839 0.791532 -0.597176
v 274.229 -131.437 734.794
vn -0.606423 0.662179 -0.440194
v 273.478 -131.319 735.478
vn 0.418725 0.776719 -0.470507
v 274.403 -129.881 737.499
vn -0.203118 0.812023 -0.54714
v 273.621 -130.131 737.001
vn 0.841141 0.460252 -0.283989
v 274.604 -129.836 737.956
vn -0.961175 0.212938 -0.1755
v 272.208 -131.451 737.72
vn -0.777284 0.511501 -0.366328
v 272.537 -130.087 738.935
vn -0.678028 0.588056 -0.440985
v 273.257 -129.707 738.567
vn 0.986017 -0.0825 -0.144787
v 275.081 -128.753 741.086
vn 0.804188 0.407889 -0.432328
v 274.87 -128.519 740.535
vn 0.942854 -0.0501798 -0.329406
v 275.486 -127.68 742.114
vn 0.567624 0.474322 -0.67292
v 275.058 -127.031 741.714
vn 0.954631 0.0260587 -0.296649
v 276.271 -126.01 743.665
vn 0.998415 -0.0273766 -0.0491691
v 276.279 -125.112 744.632
vn 0.768567 0.230125 -0.596948
v 276.582 -123.532 745.632
vn -0.879985 -0.410398 0.239163
v 272.313 -132.272 739.149
vn -0.984047 0.0127598 -0.177449
v 271.947 -130.488 740.696
vn 0.579184 -0.678139 0.452409
v 274.216 -129.44 742.247
vn 0.283205 -0.767126 0.575598
v 273.68 -129.412 742.568
vn 0.974982 -0.197716 0.101581
v 276.253 -126.229 744.542
vn 0.92572 -0.313218 0.211983
v 276.219 -125.129 745.636
vn 0.633602 -0.661945 0.40047
v 275.908 -125.368 746.091
vn 0.870198 -0.461474 0.172617
v 276.494 -123.947 745.664
vn 0.978785 -0.185159 -0.0877247
v 276.697 -123.425 746.081
vn 0.98779 -0.0157671 -0.154992
v 276.72 -123.214 746.21
vn 0.831419 -0.517892 0.20132
v 276.77 -123.016 746.876
vn -0.204503 0.623147 0.754895
v 276.639 -122.907 746.847
vn 0.667967 -0.674839 0.313708
v 276.676 -123.063 746.986
vn 0.941782 -0.110869 0.317419
v 276.813 -122.852 746.993
vn 0.766624 -0.569413 0.296744
v 276.642 -123.076 747.022
vn 0.608253 -0.733874 0.302417
v 276.719 -122.973 747.129
vn 0.719226 -0.598822 0.352315
v 276.73 -122.953 747.154
vn 0.946113 -0.250279 0.205502
v 276.651 -122.848 747.414
vn -0.876042 -0.455928 0.157097
v 272.021 -130.792 741.284
vn 0.143312 -0.936682 0.319513
v 273.746 -129.096 743.466
vn -0.773938 -0.570141 0.275606
v 273.597 -128.975 743.4
vn -0.854527 -0.478339 0.202424
v 273.487 -128.808 743.332
vn -0.499998 -0.575033 0.647565
v 273.582 -128.023 744.673
vn 0.425447 -0.681766 0.595138
v 274.077 -127.279 745.159
vn -0.580908 -0.609793 0.539165
v 273.374 -127.981 744.576
vn -0.513694 -0.517178 0.684577
v 273.413 -127.531 744.903
vn -0.555356 -0.599902 0.575932
v 273.527 -126.952 745.494
vn 0.307787 -0.802483 0.511164
v 273.864 -126.397 746.281
vn 0.432701 -0.75632 0.490663
v 274.52 -125.81 746.508
vn 0.49433 -0.773324 0.396999
v 275.908 -124.594 747.823
vn 0.992046 -0.0823223 0.0952203
v 276.044 -124.307 748.068
vn 0.376357 -0.839621 0.391654
v 275.24 -124.771 747.809
vn 0.89309 -0.39261 0.219652
v 275.736 -123.436 751.491
vn 0.417848 -0.872188 0.254346
v 275.512 -123.582 751.79
vn 0.776305 -0.590861 0.219623
v 274.688 -122.913 756.604
vn -0.176933 0.753362 -0.633357
v 273.58 -127.818 740.324
vn 0.12472 0.736532 -0.664805
v 274.956 -125.529 743.066
vn -0.0226004 0.800727 -0.598602
v 274.137 -125.195 743.251
vn 0.421465 0.637227 -0.64522
v 276.034 -124.12 744.699
vn 0.0269915 0.854168 -0.519296
v 276.342 -123.543 745.482
vn -0.618096 0.59589 -0.512712
v 272.257 -129.08 740.606
vn -0.602225 0.578094 -0.550574
v 272.9 -127.426 741.63
vn -0.16516 0.848219 -0.503237
v 275.456 -124.196 744.839
vn 0.598276 0.754829 -0.268886
v 276.59 -122.893 746.822
vn -0.403569 -0.525393 -0.749062
v 276.625 -122.79 747.051
vn -0.0166075 0.897956 -0.439771
v 276.678 -122.682 747.221
vn 0.994645 -0.103133 -0.00664218
v 276.685 -122.545 747.709
vn -0.0383594 0.897945 -0.438434
v 276.439 -122.56 747.568
vn -0.922254 -0.38044 0.0686489
v 271.724 -129.958 742.193
vn -0.452725 -0.65092 0.60938
v 272.988 -127.862 744.382
vn -0.532294 -0.58869 0.608365
v 273.202 -126.694 745.435
vn -0.330378 -0.780573 0.530618
v 273.322 -126.4 746.002
vn 0.190045 -0.797232 0.572978
v 272.931 -126.387 745.927
vn 0.982962 -0.167925 0.0747491
v 276.82 -121.614 749.506
vn 0.810196 -0.54504 0.215671
v 276.72 -121.628 750.222
vn 0.978704 -0.201252 0.0404438
v 276.747 -121.523 750.094
vn -0.0585882 0.939873 -0.336461
v 275.218 -121.477 750.092
vn 0.949108 -0.31007 -0.0552362
v 276.856 -121.306 750.749
vn 0.292831 0.895657 -0.334736
v 276.597 -121.291 750.585
vn 0.581282 -0.757231 0.297846
v 276.653 -121.467 750.733
vn 0.0640571 0.909306 -0.411167
v 276.773 -121.237 750.731
vn 0.602786 -0.725134 0.332912
v 276.623 -121.478 750.765
vn 0.542921 -0.765362 0.345628
v 276.672 -121.419 750.829
vn 0.665735 -0.675077 0.317912
v 276.651 -121.267 751.16
vn 0.01084 0.93487 -0.354824
v 276.579 -121.279 750.585
vn 0.0857771 0.952007 -0.29381
v 276.604 -121.128 751.046
vn 0.682795 -0.366206 0.632206
v 271.898 -128.5 744.366
vn -0.465612 -0.736233 0.491087
v 271.162 -128.001 744.96
vn 0.0138263 -0.621819 0.783039
v 271.094 -127.676 745.3
vn 0.0824328 -0.887633 0.453115
v 274.399 -124.663 748.886
vn 0.0488166 -0.960704 0.27325
v 274.423 -124.147 750.233
vn 0.770066 -0.571913 0.282691
v 276.537 -121.068 751.981
vn 0.958711 0.277142 -0.0637656
v 276.596 -120.849 752.138
vn 0.816808 -0.516914 0.256175
v 275.978 -121.502 752.165
vn 0.700822 -0.654174 0.284438
v 276.43 -120.91 752.521
vn 0.664429 -0.705315 0.247111
v 276.393 -120.576 753.466
vn 0.146156 0.939891 -0.308616
v 276.396 -120.718 752.341
vn -0.141921 -0.943881 0.29824
v 273.231 -124.041 750.548
vn 0.976716 0.167277 -0.134328
v 276.547 -120.269 753.997
vn 0.54132 -0.771581 0.334118
v 276.399 -120.312 754.139
vn 0.817879 -0.50907 0.26818
v 275.371 -121.479 754.128
vn 0.506944 -0.821083 0.262355
v 276.472 -120.137 754.545
vn 0.951753 0.263055 -0.158015
v 276.554 -119.934 754.596
vn -0.0802135 0.961285 -0.263621
v 276.01 -119.684 755.007
vn 0.313605 0.925272 -0.213363
v 276.153 -119.56 755.432
vn -0.307804 0.9432 -0.125019
v 275.686 -119.712 755.566
vn 0.909972 -0.396709 0.120723
v 276.486 -119.529 756.442
vn 0.288051 -0.926555 0.241912
v 276.01 -119.712 756.308
vn -0.0605608 0.972146 -0.226417
v 275.17 -119.848 755.411
vn 0.427453 -0.835291 0.345792
v 276.142 -119.587 756.727
vn 0.311612 0.938384 -0.149447
v 276.117 -119.435 756.266
vn 0.683566 -0.67351 0.281285
v 275.964 -119.64 756.58
vn -0.587567 -0.548771 0.594656
v 276.07 -119.527 756.711
vn 0.319667 0.932225 -0.169613
v 276.255 -119.362 756.923
vn -0.345308 0.93012 -0.125053
v 275.934 -119.476 756.747
vn 0.732204 -0.640631 0.231234
v 275.708 -119.547 757.512
vn -0.350396 0.934243 -0.0664272
v 275.656 -119.445 757.532
vn 0.783781 -0.600285 0.159203
v 275.699 -119.534 757.597
vn 0.990083 0.0472604 0.132293
v 275.806 -119.37 757.673
vn 0.669151 -0.708143 0.225325
v 275.707 -119.466 757.819
vn 0.741375 -0.63897 0.205133
v 275.713 -119.457 757.828
vn 0.242372 0.938565 -0.245665
v 275.565 -119.329 757.787
vn 0.670493 0.725974 -0.152974
v 275.559 -119.268 758.046
vn 0.717527 -0.657878 0.228804
v 275.584 -119.517 757.973
vn 0.98918 0.124225 -0.0780405
v 275.666 -118.97 759.888
vn 0.117477 0.969525 -0.214988
v 275.289 -118.933 759.143
vn -0.247247 -0.95146 0.183284
v 273.844 -122.836 757.135
vn 0.897689 0.135647 -0.41923
v 275.489 -118.928 760.596
vn 0.276536 0.944851 -0.175455
v 275.479 -118.675 760.656
vn 0.897689 0.135647 -0.41923
v 275.683 -118.627 761.109
vn 0.0977456 0.965319 -0.242086
v 275.639 -118.617 761.126
vn 0.612745 -0.769536 0.179884
v 275.68 -118.619 761.153
vn 0.610943 -0.771762 0.176442
v 275.66 -118.581 761.393
vn 0.642601 -0.745267 0.177877
v 275.541 -118.701 761.279
vn 0.803886 -0.32715 -0.49673
v 275.547 -118.737 761.313
vn 0.069554 0.987682 -0.140166
v 275.632 -118.577 761.407
vn 0.104843 0.974535 -0.198213
v 275.165 -118.417 761.863
vn 0.939174 -0.273991 0.207078
v 274.132 -122.063 760.639
vn -0.0518482 -0.972699 0.226206
v 273.893 -122.073 761.001
vn 0.709177 -0.676965 0.196943
v 275.403 -118.497 762.877
vn 0.964013 0.261222 0.0494164
v 275.341 -118.261 762.856
vn 0.720876 -0.657673 0.218641
v 275.536 -118.285 763.079
vn 0.779716 -0.582121 0.230605
v 275.31 -118.434 763.375
vn 0.0373265 0.994719 -0.0956057
v 275.294 -118.222 763.216
vn -0.349346 -0.923657 0.157528
v 273.043 -121.148 763.571
vn 0.797749 -0.558228 0.227984
v 274.786 -118.289 765.474
vn 0.96416 0.201552 0.172548
v 274.892 -118.138 765.363
vn 0.479284 0.875905 0.0554678
v 274.678 -118.032 765.54
vn -0.203937 -0.969292 0.137412
v 272.491 -120.965 764.377
vn 0.454177 -0.847294 0.275347
v 273.382 -121.088 764.877
vn 0.806456 -0.480681 0.344347
v 273.352 -120.593 765.649
vn 0.945442 0.233407 0.227289
v 274.441 -117.858 768.109
vn 0.944602 0.284299 0.164017
v 274.442 -117.685 767.927
vn 0.0157077 -0.983671 0.17929
v 272.993 -120.557 766.482
vn 0.0409749 -0.987828 0.150057
v 272.362 -120.609 766.313
vn 0.917512 -0.348935 0.190832
v 272.883 -120.259 768.149
vn 0.824981 -0.521476 0.217873
v 273.433 -119.355 767.159
vn 0.822934 -0.501894 0.266237
v 272.19 -120.071 770.949
vn 0.769756 -0.550147 0.323751
v 272.205 -118.673 773.289
vn -0.460108 0.722863 -0.515528
v 273.469 -124.174 744.842
vn -0.284642 0.802392 -0.524544
v 273.633 -123.674 745.483
vn -0.410258 0.726433 -0.551347
v 273.274 -124.124 745.236
vn -0.712042 0.344487 -0.611821
v 271.09 -126.893 744.163
vn -0.466166 0.661117 -0.587889
v 271.624 -125.603 744.686
vn -0.552281 0.507895 -0.661081
v 271.148 -125.94 744.715
vn -0.475316 0.682399 -0.555343
v 273.262 -123.697 745.75
vn -0.103486 0.872119 -0.478226
v 272.707 -123.063 747.037
vn -0.162032 0.825695 -0.540345
v 272.235 -123.002 747.282
vn -0.825075 -0.565018 -0.0024867
v 270.908 -127.578 745.318
vn 0.151127 -0.627509 0.763802
v 271.073 -127.274 745.528
vn -0.234005 -0.768525 0.595493
v 270.779 -127.195 745.637
vn -0.737564 -0.661961 0.133446
v 270.648 -127.225 745.437
vn -0.826237 -0.561521 0.0450074
v 270.459 -126.921 745.044
vn -0.835038 -0.544385 -0.0797279
v 270.025 -126.332 745.861
vn -0.760391 0.272272 -0.589639
v 270.25 -125.822 745.496
vn 0.208426 -0.857855 0.469726
v 272.075 -125.199 748.101
vn 0.213277 -0.918176 0.333864
v 271.827 -124.829 749.148
vn -0.0360331 -0.943735 0.328734
v 271.604 -124.869 749.018
vn 0.4411 -0.669562 0.597593
v 271.348 -125.057 748.746
vn 0.103233 -0.901185 0.420962
v 271.068 -124.762 749.256
vn 0.115306 -0.915815 0.38469
v 272.538 -124.312 749.413
vn 0.173132 -0.923838 0.341392
v 272.578 -124.077 750.093
vn 0.470133 -0.827972 0.305675
v 272.371 -124.34 749.551
vn -0.086068 -0.957565 0.275065
v 271.292 -124.699 749.679
vn -0.224784 -0.940504 0.254802
v 272.637 -123.571 751.432
vn 0.17892 0.946854 -0.267311
v 273.06 -120.911 752.379
vn 0.086882 -0.892518 0.442565
v 271.09 -124.406 750.504
vn 0.14158 -0.947447 0.28688
v 272.259 -123.404 751.822
vn 0.0644206 -0.957129 0.282408
v 271.905 -123.407 752.375
vn 0.20979 -0.894121 0.395647
v 271.793 -123.506 751.916
vn -0.590654 -0.784609 0.188458
v 271.628 -123.3 752.247
vn -0.560852 -0.793495 0.236242
v 271.463 -123.144 752.388
vn -0.456508 -0.866911 0.200164
v 272.786 -123.37 752.718
vn -0.196148 -0.937475 0.287517
v 272.43 -123.007 753.203
vn -0.389446 -0.879247 0.274329
v 271.617 -123.137 752.916
vn -0.0098269 0.971435 -0.237102
v 273.342 -120.159 755.342
vn 0.291718 0.932663 -0.212226
v 273.065 -120.013 755.762
vn -0.124674 -0.928549 0.349648
v 271.215 -122.57 754.492
vn -0.732045 -0.661783 0.161723
v 271.69 -122.107 755.285
vn -0.516136 -0.83746 0.179622
v 272.223 -122.211 757.272
vn -0.0199774 0.971307 -0.236987
v 274.687 -118.503 761.311
vn -0.536952 -0.834561 0.123247
v 271.617 -120.807 761.743
vn -0.747604 -0.656498 0.100492
v 271.329 -120.507 761.793
vn -0.122972 0.987194 -0.10162
v 273.472 -117.99 766.338
vn -0.238983 0.970406 -0.0346413
v 272.269 -118.013 768.42
vn -0.452539 0.89044 0.0482182
v 271.516 -118.279 770.145
vn 0.874562 0.349033 0.336626
v 273.394 -117.861 770.833
vn -0.996497 -0.0549585 0.0630288
v 270.959 -119.114 770.114
vn -0.676945 0.733277 0.0636441
v 271.071 -118.641 770.18
vn -0.524936 0.833153 0.174063
v 272.02 -118.388 772.793
vn 0.829873 -0.481192 0.282426
v 273.106 -117.919 771.926
vn 0.701728 -0.613596 0.362048
v 271.582 -119.391 773.279
vn -0.536644 -0.834538 0.12474
v 271.379 -119.459 772.746
vn -0.919909 0.00395378 0.392111
v 271.464 -119.259 773.117
vn 0.211164 -0.197409 0.957308
v 271.641 -118.985 773.349
vn -0.898907 0.385671 0.207906
v 271.355 -118.968 772.564
vn -0.648206 0.704776 0.288305
v 271.723 -118.67 772.97
vn 0.524876 0.548833 0.650605
v 272.154 -118.429 773.124
vn 0.317017 -0.939044 0.133026
v 259.068 -141.228 730.81
vn 0.317017 -0.939044 0.133026
v 259.222 -141.156 730.952
vn 0.429826 -0.902875 -0.00819182
v 259.184 -141.169 730.354
vn 0.993781 0.109883 -0.0180263
v 259.221 -140.989 730.777
vn 0.969447 0.133865 0.205553
v 259.197 -140.934 731.054
vn -0.515487 -0.813539 -0.269123
v 258.996 -141.089 730.311
vn -0.458048 0.577015 -0.676199
v 270.515 -125.074 745.811
vn -0.919019 0.198856 -0.340383
v 270.074 -124.792 746.458
vn -0.095896 0.827233 -0.553615
v 271.103 -123.09 747.796
vn -0.350898 0.707242 -0.613742
v 270.961 -122.702 748.437
vn 0.193436 -0.943309 0.269724
v 259.034 -141.155 731.09
vn 0.868288 0.062322 0.492129
v 259.071 -140.795 731.308
vn -0.798879 -0.60145 -0.00714644
v 269.655 -125.921 746.626
vn -0.248955 -0.856156 0.45279
v 269.738 -125.871 747.498
vn -0.943457 0.324449 -0.0679914
v 269.7 -125.758 746.743
vn -0.992922 0.0975202 -0.0677899
v 269.694 -125.73 747.035
vn -0.27484 0.770271 -0.575453
v 270.705 -122.046 749.187
vn -0.0452991 -0.879534 0.473675
v 270.571 -123.694 751.958
vn 0.439756 0.867236 -0.233489
v 271.74 -119.957 753.592
vn -0.172839 -0.901822 0.396035
v 268.923 -123.795 751.87
vn 0.20553 -0.801402 0.561705
v 270.683 -123.254 752.695
vn -0.00728011 -0.879619 0.475624
v 269.331 -123.518 752.266
vn -0.530511 -0.819098 0.218258
v 271.189 -122.473 753.771
vn -0.90267 -0.342255 -0.260859
v 271.027 -122.508 754.379
vn 0.314416 -0.726368 0.611173
v 270.643 -122.114 754.07
vn 0.205561 -0.770004 0.604019
v 269.986 -122.202 754.274
vn 0.175449 -0.973282 0.148124
v 269.92 -122.123 754.869
vn 0.581986 -0.621383 0.524572
v 269.859 -121.857 755.266
vn -0.508994 -0.85537 0.0962649
v 269.912 -121.421 756.365
vn 0.29369 0.948573 -0.118128
v 272.462 -119.027 759.841
vn -0.482948 -0.855584 0.186378
v 269.746 -121.12 757.43
vn 0.494131 0.864909 -0.0881299
v 271.673 -118.573 760.347
vn -0.076849 -0.981627 0.174649
v 269.586 -120.319 760.827
vn -0.797826 -0.585895 0.142125
v 271.083 -120.208 761.641
vn -0.0499028 -0.982195 0.181114
v 270.837 -119.943 762.477
vn 0.124383 0.990765 -0.0539717
v 272.053 -118.55 763.51
vn 0.51863 0.854999 -0.000645994
v 271.626 -118.355 763.793
vn 0.645927 0.760342 0.0682508
v 271.429 -118.201 764.072
vn -0.983801 -0.174176 0.0424077
v 271.132 -119.512 764.059
vn -0.357319 0.929195 -0.0944405
v 271.855 -118.535 764.469
vn -0.648525 -0.695123 0.310191
v 271.037 -119.143 764.688
vn -0.556485 0.828586 -0.0613991
v 271.489 -118.365 767.71
vn 0.876273 0.147178 0.458786
v 270.191 -117.921 766.82
vn 0.259278 -0.772556 -0.579596
v 259.128 -140.6 729.158
vn 0.259278 -0.772556 -0.579596
v 259.35 -139.74 728.111
vn 0.259278 -0.772556 -0.579596
v 259.295 -139.734 728.078
vn 0.50627 0.407977 -0.759766
v 259.26 -139.665 728.091
vn -0.516863 -0.100267 -0.850176
v 259.068 -139.656 728.207
vn 0.0989343 -0.141179 -0.985028
v 259.166 -139.387 728.178
vn 0.899648 0.33687 0.277762
v 259.172 -139.506 728.3
vn 0.0989343 -0.141179 -0.985028
v 258.912 -139.175 728.122
vn 0.963464 0.256785 0.0761546
v 259.127 -140.718 729.919
vn 0.212874 -0.965587 -0.149422
v 258.914 -140.725 729.661
vn 0.961362 0.27493 -0.0139897
v 259.049 -140.314 730.499
vn 0.9537 0.279709 0.110542
v 258.865 -139.862 729.828
vn -0.747828 -0.623032 -0.229314
v 258.214 -140.209 729.998
vn 0.980512 0.0893001 0.17499
v 258.787 -139.473 731.379
vn 0.999156 -0.037805 -0.0160813
v 258.846 -138.663 731.778
vn 0.9248 -0.157675 0.346242
v 258.803 -138.651 732.018
vn -0.708541 -0.68448 0.171629
v 258.539 -140.812 731.037
vn 0.851294 -0.0974875 0.515552
v 258.483 -139.718 731.834
vn -0.848559 0.188434 -0.494408
v 269.616 -123.318 747.735
vn -0.936073 -0.31274 -0.161123
v 269.337 -123.182 748.412
vn 0.167608 0.909256 -0.381001
v 269.582 -122.023 749.58
vn -0.103481 0.844464 -0.525521
v 269.562 -121.863 750.061
vn -0.333185 0.734476 -0.591213
v 269.699 -121.732 750.152
vn -0.048305 0.873534 -0.48436
v 268.738 -121.71 750.121
vn -0.0324613 0.882971 -0.468305
v 268.693 -121.133 751.454
vn 0.00597246 0.907803 -0.419354
v 270.652 -119.204 754.19
vn -0.673423 -0.694257 0.253984
v 268.538 -123.178 752.358
vn 0.127177 -0.773752 0.620592
v 268.806 -122.998 753.018
vn -0.438139 -0.796661 0.416371
v 268.454 -122.654 753.524
vn 0.055889 -0.835732 0.546286
v 268.617 -122.392 753.778
vn -0.342709 -0.804186 0.485629
v 268.427 -122.503 753.7
vn -0.493393 -0.765537 0.412937
v 268.299 -122.498 753.618
vn 0.191474 -0.855611 0.480903
v 268.34 -122.367 753.933
vn -0.58908 -0.808023 -0.009089
v 269.275 -121.798 755.435
vn -0.247851 -0.891403 0.379435
v 268.86 -122.338 754.078
vn 0.0694704 -0.869957 0.48821
v 269.192 -121.643 755.199
vn -0.109777 -0.881814 0.458642
v 268.565 -121.748 755.251
vn -0.963593 -0.257536 -0.071855
v 268.108 -121.905 754.335
vn -0.956658 -0.261457 -0.128237
v 268.022 -121.33 754.324
vn 0.124137 -0.917018 0.379035
v 269.277 -121.4 756.44
vn -0.507959 -0.858848 0.0660221
v 268.702 -121.286 756.378
vn -0.0924251 -0.932786 0.348379
v 268.262 -121.21 756.268
vn -0.000966316 -0.927434 0.373985
v 268.616 -121.224 757.005
vn -0.16703 -0.91995 0.354672
v 267.796 -121.088 756.445
vn -0.213935 -0.967346 0.135921
v 268.132 -120.085 761.123
vn -0.0722228 -0.978205 0.194679
v 268.222 -119.861 763.147
vn 0.558443 0.829531 -0.00447574
v 270.714 -117.709 764.386
vn 0.503128 0.863744 -0.0284298
v 269.611 -116.892 764.09
vn -0.240115 -0.9688 0.0614203
v 267.74 -119.58 764.82
vn 0.649841 0.743157 0.159449
v 269.379 -116.951 767.326
vn 0.444495 -0.788401 0.425263
v 268.179 -118.568 767.861
vn 0.753473 0.546638 0.365329
v 268.68 -116.767 768.802
vn -0.222928 -0.974656 -0.0186741
v 267.033 -119.212 768.233
vn 0.70074 -0.572504 0.425679
v 267.391 -118.411 769.166
vn 0.832525 0.249486 0.494629
v 268.46 -117.166 769.494
vn 0.544034 0.387506 -0.744222
v 258.773 -138.389 728.343
vn 0.419812 0.393507 -0.817869
v 258.547 -138.009 728.41
vn -0.791605 -0.132023 -0.5966
v 257.669 -138.245 729.11
vn 0.943345 0.172629 -0.283373
v 258.489 -136.917 729.209
vn -0.754521 -0.400166 -0.520159
v 257.544 -139.149 729.857
vn 0.995438 0.0766049 -0.0568816
v 258.547 -138.425 730.436
vn 0.987891 -0.0645853 0.141066
v 258.876 -136.396 732.226
vn -0.652891 -0.638823 0.406987
v 257.824 -139.124 732.278
vn 0.844319 -0.142817 0.516459
v 258.132 -137.906 733.025
vn -0.769798 -0.556722 0.312204
v 256.908 -137.801 733.054
vn -0.102959 0.889726 -0.444732
v 268.355 -121.127 751.35
vn -0.863066 0.185859 -0.469652
v 268.023 -121.166 751.516
vn -0.824405 -0.56586 0.0125912
v 267.823 -120.712 752.943
vn -0.130413 0.889328 -0.438278
v 267.84 -120.337 753.084
vn -0.15397 0.888029 -0.433242
v 268.149 -119.735 754.476
vn 0.155431 0.944622 -0.289016
v 269.615 -118.332 756.208
vn -0.909445 -0.41175 -0.0580662
v 267.601 -120.738 756.205
vn -0.507947 -0.854691 0.107202
v 267.395 -120.456 758.27
vn 0.350749 0.923675 -0.154271
v 269.154 -117.281 759.889
vn -0.0180846 -0.943192 0.331757
v 267.03 -120.169 759.816
vn -0.841717 -0.538578 -0.0380294
v 267.08 -120.081 758.719
vn 0.329875 0.937882 -0.107515
v 268.312 -116.899 761.571
vn 0.34322 0.92877 -0.139951
v 269.309 -116.876 763.121
vn -0.8849 -0.462787 -0.0527218
v 266.687 -119.656 760.917
vn -0.282325 -0.954893 0.0920399
v 267.109 -119.751 763.442
vn -0.717213 -0.696586 0.01931
v 266.339 -119.197 763.038
vn -0.585798 -0.810365 0.0122309
v 265.876 -118.691 766.951
vn -0.882765 -0.466454 -0.056089
v 265.81 -118.544 766.723
vn -0.213221 -0.976708 0.0240298
v 265.782 -118.938 768.863
vn -0.914315 -0.382195 -0.133998
v 265.521 -118.749 770.107
vn 0.781433 -0.519867 0.34511
v 265.531 -118.917 771.866
vn -0.946126 0.311874 -0.0870632
v 265.524 -118.247 771.168
vn 0.825598 -0.430126 0.365212
v 266.261 -117.658 771.977
vn 0.749469 -0.538154 0.385598
v 265.734 -117.814 773.121
vn 0.795592 -0.322262 0.513012
v 266.394 -116.932 772.718
vn 0.755677 0.142459 0.639263
v 265.718 -116.46 773.839
vn 0.937112 -0.227005 0.265124
v 265.248 -118.509 773.214
vn 0.440725 -0.802613 0.401962
v 265.466 -117.958 773.129
vn 0.857028 -0.400594 0.324081
v 265.318 -118.418 773.046
vn -0.879357 0.461789 -0.116116
v 265.034 -118.732 772.951
vn -0.818369 0.570435 -0.0698224
v 265.197 -118.467 773.203
vn 0.749094 -0.413115 0.517875
v 265.689 -117.508 773.783
vn -0.9346 -0.348291 0.0722188
v 265.561 -117.289 773.815
vn 0.715375 0.347971 -0.605933
v 258.371 -136.763 729.126
vn 0.830143 0.269958 -0.487837
v 258.459 -136.627 729.243
vn 0.967068 0.139351 -0.212983
v 258.5 -136.528 729.43
vn 0.289089 0.51267 -0.808453
v 258.37 -136.385 729.365
vn -0.680411 0.204425 -0.703741
v 257.23 -137.168 729.66
vn 0.974786 0.0304908 -0.221051
v 258.476 -136.234 729.456
vn -0.12558 0.61943 -0.774942
v 258.234 -135.8 729.795
vn 0.889305 0.313716 -0.332744
v 258.631 -135.152 730.445
vn -0.435471 0.472226 -0.766399
v 257.744 -136.095 729.789
vn 0.973927 0.0594033 -0.218944
v 258.871 -135.43 730.898
vn 0.95472 0.272467 -0.119462
v 258.865 -135.224 731.004
vn 0.748542 0.599246 -0.283882
v 258.409 -134.126 731.741
vn -0.930756 -0.314093 -0.187187
v 256.786 -137.923 730.743
vn -0.910473 -0.0573774 -0.40957
v 256.67 -137.13 730.623
vn -0.768475 0.263293 -0.5832
v 256.847 -136.178 730.462
vn -0.831467 -0.535675 0.147361
v 256.789 -137.906 731.995
vn -0.919553 -0.384004 0.0834423
v 256.573 -137.474 732.216
vn -0.829212 -0.505919 0.237601
v 256.534 -136.973 733.091
vn 0.943738 -0.147205 0.296124
v 258.139 -134.905 734.642
vn 0.856344 -0.308406 0.414198
v 257.38 -135.234 735.802
vn 0.0497717 -0.762259 0.645356
v 256.707 -135.862 735.31
vn -0.744337 -0.575503 0.33876
v 256.442 -135.579 735.187
vn -0.518917 0.717256 -0.465047
v 266.522 -118.837 756.506
vn -0.878857 -0.476433 -0.024936
v 266.431 -118.857 756.698
vn -0.707798 0.628921 -0.321683
v 266.151 -118.322 758.116
vn -0.413259 0.846605 -0.335375
v 266.186 -118.116 758.513
vn -0.137914 0.947224 -0.289391
v 267.879 -117.189 759.614
vn 0.0351749 0.974381 -0.222135
v 267.694 -116.585 761.963
vn -0.914027 -0.400657 -0.0634684
v 265.694 -117.764 761.798
vn -0.95227 0.155774 -0.26252
v 265.42 -117.348 763.418
vn -0.775137 0.560512 -0.291527
v 265.424 -117.027 763.594
vn -0.946492 -0.316621 -0.0624764
v 265.273 -117.033 764.016
vn -0.53638 0.793687 -0.286978
v 265.573 -116.481 764.513
vn 0.107763 0.989762 -0.093583
v 266.215 -115.667 766.169
vn -0.90736 -0.419922 -0.0190783
v 264.964 -116.632 766.659
vn 0.299992 0.95394 -0.00173867
v 266.938 -115.566 768.067
vn 0.444501 0.876693 0.183922
v 266.651 -115.808 770.861
vn -0.018109 0.996882 0.0768028
v 264.698 -115.389 771.89
vn -0.412998 0.907535 0.0762476
v 264.579 -115.456 772.038
vn 0.627972 0.515071 0.583398
v 265.602 -116.278 773.859
vn -0.803906 -0.587049 0.0954354
v 265.269 -116.122 773.558
vn 0.560341 0.710705 0.425344
v 265.407 -115.931 773.652
vn 0.219171 0.950585 0.219893
v 265.279 -115.642 772.931
vn -0.812656 -0.576899 0.0823281
v 264.673 -115.558 772.402
vn -0.0661077 0.969888 0.234408
v 264.747 -115.468 772.407
vn -0.932457 -0.33798 0.127642
v 265.48 -116.366 773.993
vn -0.950122 0.0474603 -0.308245
v 256.302 -134.985 731.793
vn -0.743008 0.456401 -0.489528
v 256.229 -134.289 732.382
vn -0.349563 0.647013 -0.677628
v 257.08 -132.93 732.627
vn 0.16597 0.814087 -0.556522
v 257.283 -132.076 733.824
vn -0.981876 -0.0922687 -0.165547
v 256.092 -135.675 732.336
vn 0.963071 0.268728 0.0167491
v 257.939 -132.395 735.637
vn -0.983481 -0.17913 -0.0260448
v 255.895 -135.202 734.302
vn 0.983023 -0.116647 0.141633
v 257.629 -131.965 738.252
vn -0.558764 -0.69082 0.458858
v 256.117 -134.142 737.39
vn -0.64705 -0.658713 0.383957
v 255.517 -133.104 737.965
vn 0.0527879 -0.803762 0.592604
v 257.059 -133.323 738.459
vn -0.270149 -0.777228 0.568275
v 256.146 -132.826 739.17
vn -0.210974 -0.735053 0.64435
v 256.628 -132.166 740.07
vn -0.41718 -0.690679 0.590697
v 256.78 -131.846 740.59
vn -0.53447 -0.602715 0.592517
v 256.651 -131.666 740.656
vn 0.299788 -0.675733 0.673433
v 256.132 -131.689 740.531
vn 0.048867 -0.681578 0.730112
v 256.358 -131.375 740.69
vn 0.911801 -0.375853 0.165392
v 257.591 -129.751 742.313
vn 0.984612 -0.163806 -0.0608836
v 257.704 -129.651 740.862
vn 0.471103 -0.654075 0.591817
v 256.021 -131.844 740.448
vn -0.0198499 -0.692371 0.721269
v 256.892 -130.378 742.037
vn -0.717178 0.654836 -0.238423
v 264.994 -116.325 766.318
vn -0.825246 0.522308 -0.214857
v 264.866 -116.35 766.746
vn -0.943551 -0.32915 0.0370342
v 264.705 -116.073 769.105
vn -0.577191 0.788238 -0.213381
v 264.651 -115.45 770.509
vn -0.859124 0.355117 -0.368509
v 256.439 -131.319 735.172
vn -0.811795 0.416117 -0.409677
v 256.135 -131.233 736.234
vn 0.754287 0.60337 -0.258835
v 256.697 -129.562 737.611
vn -0.834371 0.356778 -0.420159
v 255.826 -130.268 737.698
vn -0.924751 0.202703 -0.322099
v 255.305 -130.529 738.264
vn 0.91964 0.345118 -0.187498
v 257.445 -129.741 739.536
vn 0.727291 0.606263 -0.321704
v 256.758 -129.249 738.515
vn 0.819794 0.354635 -0.449635
v 257.428 -128.929 740.286
vn 0.743927 0.216941 -0.632068
v 258.633 -125.388 743.416
vn -0.977462 -0.184515 -0.102577
v 255.109 -131.195 739.091
vn 0.940756 -0.303823 0.150562
v 258.343 -127.84 743.315
vn 0.989539 -0.137228 0.0445172
v 258.378 -127.24 742.344
vn 0.962822 -0.152984 0.222641
v 258.28 -127.318 744.08
vn 0.979492 -0.126514 0.15681
v 258.249 -126.49 744.504
vn 0.880076 0.111837 -0.461475
v 258.779 -125.168 743.725
vn 0.945151 -0.316097 0.0822923
v 258.598 -125.585 743.644
vn 0.88106 -0.413333 0.229975
v 258.468 -125.373 744.461
vn 0.858497 0.0909218 -0.504694
v 258.813 -124.996 743.84
vn 0.87919 -0.452735 0.148511
v 258.761 -125.087 743.969
vn 0.818158 0.0768741 -0.569831
v 258.964 -124.721 744.089
vn 0.891043 -0.11502 -0.439105
v 259.389 -123.872 744.828
vn 0.655714 -0.706358 0.266641
v 259.454 -123.692 745.232
vn 0.915554 -0.33005 -0.229842
v 260.4 -122.44 746.799
vn -0.320543 -0.830813 0.454976
v 255.775 -131.86 740.307
vn -0.409693 -0.764919 0.497042
v 255.816 -131.695 740.744
vn 0.320411 -0.603593 0.730077
v 255.988 -131.354 740.909
vn -0.483361 -0.750713 0.450324
v 255.413 -131.655 740.329
vn -0.686326 -0.640467 0.344613
v 254.792 -130.65 740.953
vn 0.0327497 -0.670795 0.740919
v 255.787 -131.152 741.147
vn 0.0334534 -0.737353 0.674679
v 255.622 -130.333 741.985
vn 0.188525 -0.64512 0.740459
v 256.961 -129.473 742.752
vn 0.182194 -0.678368 0.711774
v 256.297 -129.503 742.9
vn 0.158168 -0.642248 0.750001
v 256.741 -128.956 743.307
vn 0.835909 -0.404064 0.371467
v 258.181 -127.402 744.233
vn 0.923502 -0.248371 0.292329
v 258.081 -126.448 745.205
vn 0.932519 -0.289057 0.216459
v 258.145 -124.96 747.101
vn 0.922909 -0.341955 0.176935
v 258.215 -124.617 747.332
vn 0.832522 -0.487552 0.26306
v 258.019 -124.786 747.637
vn 0.0219306 0.828691 -0.559277
v 256.206 -129.281 737.955
vn -0.677782 0.521034 -0.518783
v 255.365 -129.944 738.618
vn -0.632755 0.543607 -0.551465
v 255.477 -129.67 738.84
vn 0.403524 0.785526 -0.469167
v 256.457 -128.996 738.446
vn 0.543255 0.66288 -0.515232
v 256.675 -128.426 739.614
vn 0.0355621 0.818939 -0.572777
v 256.278 -128.314 739.438
vn -0.647607 0.493392 -0.580663
v 255.538 -128.718 739.392
vn 0.449198 0.531615 -0.718058
v 257.133 -127.465 741.168
vn 0.648759 0.53373 -0.542443
v 256.659 -127.547 740.611
vn -0.128335 0.752221 -0.646292
v 256.33 -127.695 740.345
vn 0.837618 0.0819347 -0.540077
v 258.72 -124.559 743.76
vn -0.0952311 0.813322 -0.573967
v 259.142 -123.444 744.859
vn 0.906674 -0.213498 -0.363815
v 259.871 -123.025 745.533
vn -0.623904 0.49259 -0.606711
v 255.151 -129.529 739.224
vn 0.0930177 0.71646 -0.691399
v 257.885 -124.79 743.595
vn 0.126543 0.734338 -0.666885
v 257.231 -124.465 743.681
vn 0.688196 0.542397 -0.481862
v 260.092 -122.584 746.197
vn 0.535342 0.71747 -0.445697
v 260.187 -122.334 746.714
vn 0.487881 -0.754524 0.438937
v 259.363 -123.312 746.166
vn 0.43053 -0.767771 0.474523
v 259.852 -122.516 746.919
vn -0.425718 0.860122 -0.280987
v 259.567 -122.749 746.078
vn -0.514018 0.79999 -0.309516
v 259.573 -122.485 746.75
vn 0.061747 0.857432 -0.51088
v 258.59 -122.164 747.057
vn -0.516143 0.847055 -0.126861
v 260.062 -122.325 746.899
vn 0.471455 0.801201 -0.368521
v 259.982 -121.899 748.095
vn 0.324296 0.851391 -0.412269
v 259.76 -121.957 747.685
vn -0.802956 -0.581083 0.132678
v 254.046 -129.45 741.69
vn -0.198199 -0.717959 0.667272
v 254.766 -129.27 742.701
vn 0.342482 -0.708739 0.616762
v 256.435 -127.014 744.856
vn 0.562599 -0.736084 0.37638
v 259.022 -122.386 748.279
vn 0.36444 0.850946 -0.378251
v 259.623 -121.429 749.108
vn 0.359619 0.81105 -0.46138
v 259.453 -121.342 749.128
vn 0.714845 -0.663359 0.22125
v 259.499 -121.529 749.295
vn 0.886733 -0.395953 0.238591
v 259.643 -121.299 749.277
vn 0.381911 0.691304 0.613386
v 259.485 -121.534 749.309
vn 0.62559 -0.715804 0.310262
v 259.5 -121.519 749.327
vn 0.736952 -0.630583 0.243447
v 259.474 -121.021 750.368
vn 0.18548 0.912922 -0.363552
v 259.434 -121.337 749.118
vn 0.852635 -0.516451 0.079324
v 259.565 -120.899 750.18
vn 0.728229 -0.66983 -0.144948
v 260.427 -120.176 751.402
vn 0.740884 -0.66762 -0.073311
v 259.695 -120.804 750.632
vn 0.161051 0.820662 -0.548249
v 259.513 -120.561 750.495
vn -0.589205 -0.767639 0.252127
v 254.641 -128.749 744.044
vn -0.127547 -0.772523 0.622045
v 253.874 -128.616 743.235
vn 0.393392 -0.667322 0.632396
v 255.602 -128.502 744.211
vn -0.0498886 -0.817723 0.573447
v 254.533 -128.369 744.771
vn 0.291885 -0.766252 0.572417
v 255.227 -127.665 745.487
vn 0.323438 -0.850471 0.414833
v 256.364 -125.71 746.826
vn 0.909044 -0.359262 0.211115
v 258.238 -123.165 748.655
vn 0.80513 -0.574806 0.146163
v 258.212 -123.738 749.909
vn 0.625777 -0.746369 0.226575
v 258.12 -123.827 750.063
vn 0.998387 -0.0556387 0.011317
v 258.189 -122.516 750.55
vn 0.556837 -0.752169 0.352383
v 258.87 -121.216 750.65
vn 0.951661 -0.29378 0.0896299
v 258.313 -121.583 751.398
vn 0.728229 -0.66983 -0.144948
v 260.463 -120.207 751.728
vn 0.162097 0.90795 -0.38646
v 259.997 -120.019 751.518
vn 0.979179 -0.190109 0.0711777
v 260.5 -119.961 751.885
vn 0.185868 -0.88897 0.418551
v 260.353 -120.104 752.011
vn 0.329765 -0.838194 0.43438
v 260.406 -119.995 752.18
vn 0.066237 -0.902536 0.425489
v 260.144 -120.072 752.114
vn 0.814862 -0.566269 -0.123849
v 260.245 -119.956 752.244
vn 0.0526129 0.951531 -0.303019
v 260.279 -119.865 752.053
vn 0.40433 0.776325 0.483567
v 260.131 -119.861 752.219
vn 0.289949 -0.657628 0.695309
v 260.159 -119.946 752.289
vn 0.985105 -0.127893 0.114939
v 260.256 -119.765 752.354
vn 0.277546 -0.888357 0.365773
v 259.896 -120.032 752.234
vn 0.884282 -0.450822 -0.121672
v 260.007 -119.82 752.258
vn 0.428929 -0.736022 0.523728
v 254.959 -126.573 746.742
vn 0.377866 -0.816086 0.437288
v 255.498 -126.019 747.399
vn -0.131245 -0.823913 0.551309
v 257.017 -123.919 750.332
vn 0.433028 -0.841262 0.323674
v 256.33 -124.1 750.566
vn 0.540105 -0.792147 0.284236
v 258.267 -123.446 751.156
vn -0.261207 -0.759936 0.595204
v 257.843 -123.688 751.052
vn 0.437086 -0.858803 0.267232
v 256.858 -123.643 750.901
vn 0.347176 -0.811512 0.470019
v 258.181 -123.105 751.809
vn -0.263011 -0.6861 0.6783
v 257.909 -123.124 751.689
vn -0.107035 -0.761568 0.639186
v 258.137 -122.743 752.095
vn 0.976113 -0.207526 0.06431
v 258.289 -122.536 752.187
vn 0.981868 -0.186968 0.0312753
v 258.301 -122.168 752.656
vn 0.570913 -0.814697 0.101621
v 258.203 -122.452 752.701
vn -0.130807 -0.786219 0.603944
v 257.849 -122.792 752.016
vn 0.884282 -0.450822 -0.121672
v 260.853 -118.853 754.823
vn 0.53331 0.773715 -0.341971
v 260.57 -118.446 754.9
vn 0.218599 0.903657 -0.368264
v 260.169 -118.339 754.731
vn 0.773641 0.58494 -0.243569
v 260.769 -118.206 756.108
vn 0.927665 -0.305613 0.214564
v 260.676 -118.215 756.496
vn 0.274779 0.916149 -0.291834
v 260.569 -118.058 756.378
vn 0.23699 0.900397 -0.364857
v 260.015 -117.623 756.943
vn 0.0638556 -0.954473 0.291383
v 260.702 -117.997 757.204
vn 0.876353 0.335381 -0.345725
v 260.81 -117.879 757.161
vn 0.989874 -0.139238 -0.0276074
v 258.325 -122.25 753.681
vn 0.649819 -0.738779 0.178719
v 258.202 -122.279 754.11
vn -0.135619 -0.871978 0.470386
v 257.275 -121.722 755.085
vn 0.54975 -0.787486 0.278642
v 259.093 -118.881 756.004
vn 0.840806 0.500102 -0.207226
v 260.802 -117.654 758.052
vn 0.210858 -0.919134 0.332764
v 260.428 -117.97 757.355
vn 0.505622 0.793763 -0.338065
v 260.582 -117.78 757.373
vn 0.601803 0.734411 -0.313805
v 260.68 -117.504 757.973
vn 0.769622 0.617547 -0.162228
v 260.691 -117.364 758.455
vn 0.0899906 0.97326 -0.211344
v 260.339 -117.085 758.711
vn 0.761234 0.642169 -0.0902289
v 260.671 -117.166 759.295
vn 0.519906 0.836461 -0.173293
v 260.543 -117.083 758.991
vn 0.700054 0.446069 0.557626
v 260.491 -117.014 759.491
vn -0.21304 -0.84897 0.483595
v 257.067 -121.641 755.136
vn -0.148104 -0.876319 0.4584
v 258.072 -120.931 756.855
vn 0.685661 -0.682589 0.252867
v 258.327 -120.739 756.864
vn 0.264417 -0.847118 0.460949
v 260.434 -117.151 759.672
vn 0.121946 -0.903995 0.409782
v 260.286 -117.244 759.548
vn 0.84045 0.495169 -0.220114
v 260.25 -116.894 760.477
vn 0.525107 -0.755579 0.391617
v 260.093 -116.929 760.617
vn 0.376398 -0.87769 0.296623
v 260.034 -117.134 759.916
vn -0.188314 0.977934 -0.0904626
v 260.151 -117.019 759.817
vn 0.543538 0.79214 -0.277633
v 260.214 -116.674 760.834
vn 0.581862 -0.670194 0.460735
v 260.007 -116.823 760.88
vn -0.301245 0.634374 0.711913
v 259.983 -116.663 760.727
vn 0.17821 -0.963733 0.198643
v 258.281 -120.494 758.545
vn 0.664901 -0.725531 0.177514
v 259.751 -116.369 762.796
vn 0.571276 -0.781733 0.250075
v 259.442 -116.679 762.687
vn 0.988894 -0.139007 0.0525875
v 258.335 -119.725 762.155
vn 0.620191 -0.779018 0.092165
v 258.109 -119.903 762.172
vn 0.847781 -0.485039 0.214487
v 259.405 -116.04 764.586
vn 0.921007 -0.363174 0.140894
v 258.866 -116.656 764.948
vn 0.619687 -0.784315 0.0289444
v 258.273 -119.736 763.161
vn 0.191969 -0.959215 0.207497
v 258.062 -119.692 763.571
vn 0.997757 -0.0479071 0.0467476
v 258.282 -119.471 763.836
vn -0.441422 -0.847914 0.293578
v 257.309 -119.394 763.755
vn 0.858066 -0.478278 0.187008
v 258.205 -119.238 765.227
vn 0.637116 -0.74626 0.192823
v 258.075 -119.31 765.388
vn 0.7744 -0.538344 0.332399
v 258.152 -119.182 765.521
vn 0.944336 -0.2684 0.190238
v 258.18 -118.747 766.001
vn -0.367349 -0.824836 0.429767
v 257.939 -119.105 765.58
vn -0.419181 -0.854116 0.307853
v 257.965 -118.954 766.04
vn 0.691033 -0.669744 0.271877
v 258.056 -118.271 767.49
vn -0.583203 -0.735954 0.343869
v 257.734 -118.118 767.858
vn 0.918157 -0.346441 0.192267
v 258.401 -116.119 769.141
vn 0.94704 -0.276283 0.163654
v 257.947 -117.441 768.917
vn 0.136488 -0.769623 0.62374
v 257.707 -117.117 769.37
vn 0.963452 -0.163489 0.212207
v 258.155 -116.177 769.999
vn -0.484979 0.577798 -0.656464
v 255.824 -125.978 742.372
vn -0.363282 0.711428 -0.601578
v 255.536 -126.305 742.268
vn 0.045589 0.73371 -0.677931
v 256.479 -124.954 743.096
vn -0.328742 0.70525 -0.628133
v 255.934 -125.468 742.719
vn -0.330489 0.802702 -0.496433
v 256.51 -123.639 744.876
vn -0.0606144 0.848336 -0.525977
v 255.469 -124.874 744.309
vn -0.539193 0.691893 -0.480162
v 255.709 -124.003 745.464
vn -0.0845759 0.880121 -0.467156
v 257.889 -121.356 748.867
vn -0.690627 0.353169 -0.631115
v 253.192 -128.184 742.591
vn -0.64034 -0.748766 0.171215
v 253.401 -127.609 744.395
vn -0.0379122 0.914131 -0.403641
v 258.982 -119.167 752.879
vn -0.189596 -0.880107 0.435276
v 254.172 -127.076 746.513
vn -0.363759 -0.839341 0.403963
v 253.256 -126.441 747.082
vn 0.383644 -0.80838 0.446475
v 254.676 -126.079 747.999
vn -0.154053 -0.946088 0.284929
v 254.439 -126.087 747.844
vn -0.378087 0.849496 -0.367977
v 256.533 -120.876 750.854
vn -0.378032 -0.872322 0.310075
v 253.382 -126.392 747.894
vn -0.430825 -0.870207 0.239018
v 253.808 -125.547 749.159
vn 0.47149 -0.589877 0.655547
v 253.304 -125.942 748.753
vn 0.521811 -0.444779 0.727931
v 253.421 -125.749 748.792
vn 0.335177 -0.836901 0.432727
v 254.462 -125.483 749.103
vn 0.0227884 -0.92062 0.389795
v 254.177 -125.038 750.732
vn -0.127124 -0.961268 0.244547
v 253.953 -125.653 749.296
vn 0.412766 -0.755243 0.509148
v 254.063 -125.499 749.381
vn -0.300801 -0.902172 0.309198
v 253.963 -124.975 750.623
vn -0.33426 -0.8742 0.3522
v 253.309 -124.785 750.715
vn 0.415726 -0.804919 0.423411
v 255.323 -124.527 750.718
vn 0.273103 -0.875505 0.39863
v 255.012 -124.063 751.706
vn -0.394827 0.875283 -0.279269
v 257.053 -119.118 755.042
vn -0.0809943 0.93868 -0.335141
v 259.45 -117.764 756.579
vn -0.0758631 0.962789 -0.259387
v 259.493 -117.481 757.454
vn 0.14884 -0.836033 0.528105
v 253.981 -124.336 752.032
vn -0.26355 -0.87363 0.409039
v 253.473 -124.193 752.213
vn 0.14694 -0.953305 0.263853
v 254.973 -123.85 752.692
vn -0.0524323 -0.956151 0.288142
v 254.472 -123.869 752.492
vn -0.160795 -0.950653 0.265338
v 254.394 -123.801 753.107
vn 0.213248 -0.908078 0.360442
v 255.333 -122.95 754.463
vn -0.277276 0.927392 -0.251121
v 259.707 -116.507 761.376
vn 0.474448 -0.801639 0.363695
v 255.973 -121.78 756.315
vn -0.312862 0.921136 -0.231572
v 258.239 -116.914 761.495
vn 0.0487337 -0.374799 0.925824
v 259.565 -116.292 762.837
vn 0.638585 -0.719759 0.272314
v 256.054 -120.569 759.126
vn 0.386103 -0.889411 0.244687
v 255.653 -121.129 758.704
vn 0.216719 -0.940066 0.263264
v 254.438 -121.187 759.559
vn -0.159193 -0.966983 0.199001
v 256.87 -120.04 760.899
vn 0.160276 -0.941691 0.295853
v 256.184 -120.176 759.901
vn -0.43877 0.886229 -0.148589
v 258.444 -116.208 764.118
vn -0.235256 0.949126 -0.209318
v 259.248 -115.905 764.547
vn -0.488926 -0.81283 0.316638
v 256.094 -119.343 762.266
vn 0.819474 -0.489432 0.298192
v 255.802 -119.615 762.105
vn 0.958182 0.0896799 0.271744
v 255.663 -119.229 762.746
vn -0.652676 -0.676563 0.340992
v 255.837 -118.923 762.629
vn 0.353346 0.15213 0.92304
v 255.496 -118.978 762.769
vn -0.655686 0.753716 -0.0445927
v 256.71 -117.432 763.356
vn -0.943738 0.277681 0.179587
v 256.271 -117.828 764.694
vn -0.648309 0.761235 -0.0147353
v 256.803 -117.137 764.894
vn 0.927833 -0.339027 0.155519
v 258.696 -116.186 767.195
vn 0.890024 -0.409135 0.20116
v 259.049 -115.736 766.089
vn -0.757517 0.596176 0.265976
v 258.55 -116.007 767.336
vn -0.513821 0.856212 0.0537421
v 258.37 -116.002 766.813
vn 0.457938 -0.865858 0.201453
v 254.956 -120.273 763.03
vn 0.222236 -0.963986 0.146091
v 254.078 -120.42 763.76
vn 0.901534 -0.334262 0.274784
v 255.235 -119.565 764.65
vn -0.870632 -0.34094 0.354627
v 257.139 -117.604 767.708
vn 0.92782 -0.340437 0.152491
v 258.508 -116.001 768.749
vn 0.915262 0.286706 0.28301
v 258.282 -115.819 769.222
vn 0.555138 -0.793456 0.249498
v 254.205 -119.909 766.32
vn 0.890827 0.332377 0.309762
v 254.737 -118.969 766.259
vn -0.939328 -0.026325 0.34201
v 257.616 -116.942 769.246
vn -0.912912 0.300708 0.275982
v 257.915 -116.387 769.989
vn 0.9453 -0.22825 0.233045
v 258.21 -116.074 769.827
vn 0.958714 -0.047228 0.280424
v 258.148 -116.094 770.038
vn -0.779924 0.617156 0.104102
v 258.086 -115.986 769.529
vn 0.82485 -0.376975 0.421322
v 254.181 -119.442 767.436
vn -0.35222 0.681433 -0.641553
v 253.239 -125.651 743.72
vn 0.0074776 0.878363 -0.477935
v 254.583 -123.918 745.793
vn -0.912575 -0.155749 -0.378087
v 251.937 -126.854 744.312
vn 0.228703 0.883095 -0.409681
v 254.839 -123.872 746.007
vn -0.122372 0.881558 -0.455938
v 254.96 -123.469 746.984
vn -0.919853 -0.200063 -0.337411
v 251.939 -127.139 744.424
vn -0.117741 -0.850119 0.513258
v 252.208 -127.394 744.632
vn -0.251861 0.891793 -0.375859
v 255.357 -121.85 750.113
vn -0.282947 -0.842194 0.458967
v 251.992 -125.875 747.772
vn -0.953057 -0.268331 0.140285
v 251.918 -125.65 747.762
vn -0.0428099 -0.809098 0.586113
v 252.154 -125.065 748.902
vn -0.881969 -0.426749 0.200042
v 251.787 -124.616 748.671
vn 0.523659 -0.436427 0.731651
v 252.873 -125.19 749.517
vn -0.661532 -0.692113 0.288712
v 251.842 -124.521 749.979
vn -0.459879 -0.838196 0.293154
v 251.963 -123.488 752.143
vn -0.459917 0.857804 -0.229453
v 255.249 -119.929 755.483
vn -0.307131 -0.923149 0.231229
v 253.153 -123.167 753.952
vn -0.241225 -0.889179 0.388807
v 252.365 -122.882 754.106
vn -0.365795 -0.896971 0.248267
v 252.199 -122.313 755.525
vn -0.501917 0.849823 -0.160876
v 255.384 -118.706 760.471
vn -0.876021 0.470751 0.104793
v 255.594 -118.611 761.188
vn 0.47974 0.849074 0.221186
v 254.155 -118.564 766.838
vn 0.218708 -0.969607 0.109681
v 253.166 -120.367 766.526
vn 0.0475905 -0.995487 0.0821079
v 251.676 -120.497 765.989
vn -0.0679973 -0.995732 -0.0624104
v 250.983 -120.43 768.196
vn 0.754283 0.487658 0.439598
v 253.436 -118.908 768.807
vn 0.794503 -0.179409 0.580153
v 252.47 -119.361 770.289
vn 0.55312 -0.749085 0.364596
v 251.884 -119.882 770.671
vn 0.681599 -0.482332 0.550254
v 251.56 -119.709 771.338
vn 0.285391 -0.923243 0.257243
v 250.43 -120.19 771.628
vn 0.410892 -0.799704 0.437767
v 250.431 -119.931 772.309
vn -0.88345 -0.455612 0.109245
v 250.228 -119.928 772.439
vn 0.479022 -0.606721 0.634371
v 250.402 -119.672 772.692
vn -0.968122 -0.129474 -0.214421
v 251.239 -125.035 745.971
vn -0.680782 -0.652628 0.332586
v 251.055 -124.719 746.714
vn -0.247968 0.791247 -0.558963
v 251.538 -123.773 746.995
vn -0.503897 0.663274 -0.553313
v 250.945 -124.026 747.013
vn -0.0243825 0.896692 -0.441983
v 252.532 -122.297 749.264
vn -0.287596 0.819335 -0.495963
v 251.111 -122.859 748.542
vn -0.499025 -0.787697 0.361257
v 250.679 -123.26 749.245
vn -0.919039 -0.36069 0.158966
v 251.679 -123.857 750.49
vn -0.753115 -0.61651 0.229637
v 251.378 -122.915 750.971
vn -0.348591 -0.884695 0.309513
v 251.992 -122.328 755.208
vn 0.0859768 0.950007 -0.300158
v 252.935 -118.982 757.592
vn 0.120812 0.96923 -0.214472
v 253.176 -118.904 757.989
vn -0.496836 -0.842378 0.208696
v 250.834 -121.543 756.246
vn -0.859919 -0.509706 0.0271805
v 250.726 -121.476 755.611
vn -0.185431 -0.953002 0.239589
v 251.791 -121.554 757.858
vn 0.0788827 0.980748 -0.178638
v 252.684 -118.41 759.7
vn -0.625644 -0.774101 0.0966308
v 250.509 -121.097 758.217
vn -0.401249 -0.908934 0.113307
v 250.577 -121.006 759.451
vn -0.431364 -0.895974 0.105618
v 250.405 -120.574 761.871
vn 0.25719 0.963416 0.0753898
v 251.162 -117.724 767.926
vn -0.305816 -0.95031 -0.0582077
v 250.38 -120.391 768.691
vn -0.380404 -0.924605 -0.0199803
v 250.391 -120.526 769.329
vn -0.847913 -0.530033 0.0104312
v 250.151 -120.252 769.053
vn 0.353606 0.899198 0.257695
v 250.983 -118.134 769.693
vn 0.124352 0.930639 0.344161
v 250.119 -118.191 771.005
vn -0.976909 -0.178841 0.116896
v 250.158 -119.649 772.51
vn -0.969032 -0.230032 0.0897947
v 249.994 -118.937 771.235
vn -0.975032 -0.209481 0.0736889
v 250.002 -118.641 772.19
vn 0.614892 0.512377 0.599481
v 250.362 -119.023 772.751
vn -0.99308 -0.109861 0.0414936
v 250.132 -118.977 772.776
vn 0.497001 0.583182 0.642564
v 250.231 -118.864 772.749
vn 0.573939 0.636961 0.51466
v 250.271 -118.593 772.394
vn 0.289725 0.900941 0.323055
v 250.108 -118.486 772.344
vn 0.728848 -0.0945659 0.678113
v 250.404 -119.473 772.801
vn -0.924565 -0.175187 0.338362
v 250.231 -119.442 772.965
vn -0.951968 -0.0655659 0.299095
v 250.138 -119.285 772.777
vn 0.73801 0.118848 0.664242
v 250.213 -119.16 772.915
vn 0.832151 -0.00385906 -0.554536
v 240.269 -138.589 732.065
vn 0.185239 -0.355793 -0.916023
v 240.129 -138.3 731.853
vn -0.772464 -0.177654 -0.609703
v 239.9 -138.502 732.129
vn 0.185239 -0.355793 -0.916023
v 240.364 -139.567 732.393
vn 0.915118 -0.191945 0.354565
v 240.025 -139.625 733.312
vn -0.729949 -0.61485 -0.298552
v 240.006 -139.486 732.724
vn 0.948208 0.0304806 0.316186
v 239.982 -139.277 733.611
vn 0.185239 -0.355793 -0.916023
v 240.128 -139.164 732.189
vn -0.890688 -0.272265 -0.364069
v 239.629 -138.694 732.635
vn 0.98914 0.0567961 0.135561
v 239.642 -138.358 734.141
vn 0.970955 -0.138212 0.195306
v 239.725 -139.16 734.292
vn 0.993647 -0.0861832 -0.0723795
v 239.771 -138.093 735.686
vn -0.541041 -0.804356 0.24553
v 239.147 -138.658 734.966
vn 0.937509 -0.325558 0.122834
v 239.684 -138.318 736.297
vn 0.887402 -0.133279 -0.441311
v 240.029 -138.074 736.77
vn 0.994461 -0.0818556 0.065937
v 240.816 -135.625 737.183
vn 0.613544 -0.345281 -0.710173
v 240.58 -136.046 737.144
vn -0.507938 -0.798729 0.322538
v 250.399 -122.018 751.623
vn -0.974379 -0.22127 -0.0403128
v 250.246 -121.827 751.841
vn -0.174091 0.903598 -0.391411
v 251.143 -120.447 752.987
vn 0.810205 -0.534419 0.240757
v 239.522 -138.55 736.328
vn 0.846731 -0.310533 -0.431991
v 239.97 -138.321 736.75
vn 0.11016 -0.895139 0.431963
v 239.953 -138.273 737.028
vn -0.318668 -0.838175 0.442621
v 239.549 -138.278 736.98
vn 0.932266 -0.15044 -0.329011
v 240.514 -137.171 737.731
vn -0.240866 -0.806407 0.540085
v 239.501 -137.294 738.523
vn -0.705004 -0.68725 0.175091
v 250.583 -121.146 754.086
vn -0.969743 -0.0968321 -0.224104
v 249.789 -120.937 753.432
vn -0.998633 0.0388469 -0.0349709
v 249.898 -120.324 754.625
vn -0.497047 -0.815267 0.297127
v 249.915 -120.49 754.81
vn 0.968332 -0.212895 0.13042
v 240.392 -135.155 741.103
vn -0.699023 -0.693593 0.174055
v 249.777 -120.019 756.024
vn -0.367975 0.865839 -0.338996
v 249.861 -119.754 755.96
vn 0.0384554 0.983708 -0.175613
v 252.088 -118.459 759.824
vn 0.200886 0.975136 -0.0935615
v 251.378 -118.278 760.135
vn -0.0565384 0.976177 -0.209482
v 251.042 -118.256 759.659
vn -0.954365 0.28617 -0.0854091
v 249.381 -118.223 763.572
vn -0.32226 0.929315 -0.18034
v 249.362 -117.767 765.649
vn -0.916599 -0.398944 0.0262765
v 249.304 -117.978 765.909
vn -0.0584446 0.992881 -0.103784
v 249.787 -117.484 766.347
vn -0.239039 0.964489 -0.112343
v 249.281 -117.561 766.759
vn -0.945203 -0.321379 0.0574982
v 249.185 -117.647 766.912
vn -0.973561 -0.189333 0.1278
v 249.355 -117.711 769.094
vn 0.0470618 0.998362 0.0325328
v 249.31 -117.493 768.922
vn 0.0913264 0.876223 0.473173
v 249.806 -117.917 770.605
vn 0.136036 0.94986 0.281532
v 249.673 -117.674 770.119
vn -0.970097 -0.11627 0.213056
v 249.587 -117.752 770.284
vn -0.162318 0.859941 0.483895
v 249.84 -118.212 770.995
vn 0.37865 0.576557 -0.724021
v 239.963 -137.567 732.147
vn 0.908206 0.154169 -0.389094
v 240.209 -137.43 732.385
vn -0.82062 0.289312 -0.492831
v 239.669 -137.253 732.646
vn 0.240908 0.712017 -0.659542
v 239.844 -136.763 732.971
vn -0.861435 0.0399853 -0.506291
v 239.62 -137.979 732.486
vn 0.998376 -0.0466761 -0.0326643
v 239.66 -136.673 734.269
vn -0.513906 0.670913 -0.534581
v 239.618 -136.776 733.132
vn 0.972607 0.148928 0.17848
v 239.748 -136.737 733.503
vn -0.325623 0.861116 -0.390448
v 239.582 -136.633 733.448
vn 0.577566 0.734772 -0.355707
v 239.644 -136.412 734.006
vn -0.907837 0.178255 -0.379548
v 239.213 -136.501 734.063
vn 0.9496 -0.28274 -0.135345
v 239.756 -136.449 735.243
vn 0.938563 -0.225221 -0.261485
v 240.386 -135.341 734.942
vn 0.88674 -0.326768 -0.326978
v 239.849 -135.931 734.003
vn 0.960349 -0.162423 -0.2266
v 239.761 -136.187 734.329
vn 0.850009 0.177137 -0.496092
v 240.247 -135.218 734.585
vn -0.547074 0.566941 -0.615864
v 239.602 -136.132 734.057
vn 0.306931 0.356392 -0.882484
v 240.05 -135.194 734.371
vn 0.580981 0.635227 -0.50887
v 240.172 -134.965 734.687
vn 0.306931 0.356392 -0.882484
v 239.721 -135.624 734.083
vn -0.265382 0.107853 -0.958092
v 239.545 -135.874 734.094
vn -0.717014 0.348852 -0.603484
v 239.318 -136.077 734.361
vn 0.932685 -0.276865 -0.231181
v 240.71 -135.131 736.417
vn 0.920034 0.262828 -0.290618
v 240.483 -135.08 735.24
vn -0.966194 -0.0286383 -0.256221
v 239.014 -137.6 734.393
vn 0.975527 -0.174804 -0.133384
v 240.319 -135.978 736.925
vn 0.831615 -0.519363 -0.196668
v 240.521 -135.648 736.447
vn -0.770557 -0.57023 0.284745
v 238.421 -136.806 738.08
vn -0.0154204 -0.786626 0.617237
v 239.428 -134.864 742.063
vn -0.501395 -0.716262 0.485358
v 239.174 -134.952 741.685
vn 0.487542 -0.705228 0.514739
v 240.271 -134.484 742.068
vn 0.993722 -0.111704 0.00619679
v 240.546 -134.012 742.347
vn 0.00230042 -0.754689 0.656079
v 239.975 -133.517 743.472
vn 0.545063 -0.707347 0.450074
v 240.595 -132.913 744.023
vn 0.96692 -0.252303 -0.0375268
v 240.939 -132.066 744.182
vn 0.973105 -0.0872147 -0.213213
v 241.809 -129.915 746.444
vn -0.868165 0.161504 -0.469262
v 249.648 -119.708 756.369
vn -0.51475 0.819562 -0.251697
v 249.772 -119.342 757.175
vn 0.333231 -0.767261 0.547967
v 239.258 -133.375 743.673
vn -0.039555 -0.775351 0.630291
v 239.743 -132.565 744.533
vn 0.695407 -0.690478 0.199121
v 241.177 -131.29 746.074
vn 0.502281 -0.830633 0.240339
v 241.196 -131.002 747.031
vn -0.0371396 -0.809705 0.585661
v 240.581 -131.35 746.527
vn 0.95664 -0.251673 -0.14663
v 242.697 -128.776 749.756
vn -0.778289 -0.617814 0.112128
v 249.603 -119.395 757.978
vn 0.554265 -0.831551 -0.0362256
v 242.056 -129.14 749.922
vn -0.219209 -0.704524 0.674977
v 241.901 -129.08 749.325
vn 0.379298 -0.898682 0.220235
v 241.318 -129.528 749.222
vn -0.105186 -0.82467 0.555748
v 241.166 -129.098 750.142
vn 0.993031 -0.0534831 -0.105015
v 242.989 -128.313 750.989
vn 0.9768 0.0865617 -0.19588
v 242.949 -128.148 750.524
vn 0.586684 -0.802424 0.109163
v 242.278 -128.902 750.481
vn 0.951893 0.296416 -0.0777052
v 242.955 -127.372 751.999
vn -0.105099 -0.728512 0.676923
v 242.827 -127.489 752.137
vn 0.946149 0.256836 0.197073
v 242.715 -126.946 752.595
vn 0.964217 0.250568 -0.0866092
v 242.788 -126.892 752.173
vn 0.842662 -0.532624 0.0789439
v 242.863 -126.633 753.125
vn -0.349111 0.919946 -0.178385
v 249.518 -118.309 762.301
vn -0.598522 0.548234 -0.584132
v 239.185 -134.281 735.764
vn -0.17143 0.7932 -0.584333
v 239.425 -133.486 736.485
vn -0.905437 0.244261 -0.347162
v 238.485 -134.817 736.589
vn -0.743054 0.525853 -0.413944
v 238.756 -133.274 737.336
vn -0.988901 -0.121638 -0.0853145
v 238.166 -135.972 737.599
vn -0.981443 0.147243 -0.122836
v 238.034 -134.166 738.745
vn -0.941297 0.305477 -0.143682
v 238.192 -133.261 739.6
vn 0.994867 -0.0244307 -0.0981976
v 240.606 -131.505 742.221
vn -0.98934 -0.137607 0.0476403
v 238.117 -133.816 741.185
vn 0.942949 0.200697 -0.265645
v 242.054 -127.608 747.998
vn -0.475208 -0.734951 0.483761
v 238.709 -134.004 742.585
vn 0.678721 -0.600818 0.422323
v 239.3 -132.325 745.056
vn 0.358091 -0.782862 0.508819
v 239.595 -131.414 745.966
vn 0.396145 -0.830231 0.392155
v 239.609 -131.215 746.385
vn 0.0590147 -0.840694 0.538285
v 239.987 -131.149 746.387
vn 0.60214 0.518628 -0.607003
v 241.99 -126.075 749.293
vn 0.821603 0.31428 -0.475601
v 242.212 -126.012 749.719
vn 0.869501 0.222917 -0.440767
v 243.039 -123.917 752.068
vn 0.853401 -0.520597 0.0261925
v 243.273 -123.241 753.114
vn 0.779298 0.097567 -0.619011
v 243.524 -122.849 753.492
vn 0.664031 -0.634344 0.395815
v 239.23 -131.667 746.153
vn -0.480083 -0.655824 0.582594
v 238.184 -131.572 745.783
vn -0.663656 -0.670675 0.331294
v 238.275 -131.302 746.394
vn 0.371916 -0.829184 0.417291
v 239.466 -130.758 747.589
vn 0.644376 -0.691406 0.326706
v 239.625 -130.455 748.121
vn -0.00552001 -0.927499 0.373784
v 239.263 -130.594 748.185
vn 0.0155446 -0.869161 0.494285
v 238.705 -131.058 747.765
vn 0.304799 -0.782675 0.542695
v 238.726 -130.605 748.23
vn -0.00763467 -0.900784 0.4342
v 240.56 -128.877 749.988
vn 0.132879 -0.82238 0.553204
v 241.395 -127.616 751.617
vn 0.399995 -0.811981 0.425078
v 240.677 -128.421 750.706
vn 0.885172 -0.456474 0.0900065
v 242.652 -124.294 752.398
vn -0.127129 -0.966661 0.222272
v 239.264 -130.417 748.954
vn 0.788158 -0.509617 0.345105
v 239.559 -129.862 749.449
vn 0.68364 -0.558982 0.46923
v 239.385 -130.101 749.496
vn 0.588379 -0.626334 0.511386
v 239.423 -129.914 749.593
vn -0.52977 -0.757811 0.380876
v 239.095 -130.218 749.173
vn 0.44383 -0.637061 0.630213
v 239.236 -129.899 749.74
vn 0.171439 -0.840257 0.51437
v 240.375 -128.602 750.671
vn 0.494389 -0.756377 0.428337
v 239.939 -128.54 750.676
vn 0.809285 -0.518121 0.276782
v 239.797 -128.788 750.712
vn 0.303153 -0.79806 0.520768
v 239.581 -129.175 750.623
vn 0.404171 -0.778526 0.48015
v 239.057 -129.16 750.95
vn 0.0345538 -0.804602 0.592808
v 241.175 -127.163 752.24
vn 0.501852 -0.794518 0.341886
v 240.187 -127.33 752.743
vn 0.785583 -0.487156 0.381495
v 242.773 -125.184 755.161
vn 0.978812 0.0876665 -0.185044
v 242.951 -124.53 755.63
vn 0.989287 0.0507907 -0.136862
v 242.879 -123.433 756.435
vn 0.632712 -0.69312 0.345341
v 239.893 -127.224 753.46
vn 0.285347 -0.844979 0.452313
v 241.105 -125.605 755.103
vn 0.105198 -0.88329 0.456873
v 242.34 -124.851 756.367
vn -0.165927 -0.784561 0.597438
v 242.821 -124.23 757.308
vn 0.558486 -0.697053 0.449678
v 241.848 -124.663 756.491
vn 0.115579 -0.878626 0.463311
v 241.702 -124.335 757.196
vn 0.713885 -0.6181 0.32912
v 241.347 -124.654 757.127
vn 0.279991 -0.777201 0.563527
v 241.424 -124.317 757.36
vn 0.97947 0.0652405 -0.190743
v 243.226 -124.186 757.316
vn 0.327017 -0.889614 0.31882
v 243.174 -124.108 757.586
vn 0.947882 0.225381 -0.22522
v 243.283 -123.597 757.933
vn 0.0159411 -0.891107 0.453514
v 243.094 -123.807 757.958
vn 0.0106342 -0.88612 0.463333
v 242.483 -123.677 758.54
vn 0.880035 -0.474357 0.0229146
v 243.391 -123.55 759.084
vn 0.990817 -0.135204 -0.000955086
v 243.499 -123.239 759.323
vn 0.279704 -0.906591 0.316004
v 241.775 -123.47 759.103
vn 0.996151 -0.0876174 -0.00238474
v 243.503 -122.772 760.104
vn -0.00775387 -0.918676 0.394935
v 243.465 -122.906 760.269
vn 0.0694673 -0.934699 0.348586
v 241.965 -123.124 760.206
vn 0.978365 -0.195688 -0.067138
v 243.706 -122.299 762.337
vn 0.268023 -0.944551 0.189701
v 243.567 -122.453 761.635
vn 0.945418 -0.324159 -0.033249
v 243.633 -122.307 761.757
vn 0.991584 -0.0367733 -0.124136
v 243.721 -122.176 762.198
vn 0.319774 -0.919028 0.230504
v 243.442 -122.48 762.063
vn 0.990786 0.0565178 -0.123082
v 243.519 -121.281 761.705
vn 0.0692671 -0.952903 0.295258
v 242.207 -122.548 761.67
vn 0.992133 -0.118554 -0.0402117
v 243.847 -121.477 763.926
vn 0.107709 -0.930241 0.350787
v 243.288 -121.675 764.5
vn 0.28803 -0.935079 0.206559
v 243.731 -121.447 764.918
vn 0.996345 -0.0850352 -0.00810151
v 244.264 -118.628 768.369
vn 0.0838462 0.0106456 0.996422
v 244.419 -117.966 769.091
vn 0.993504 -0.112307 -0.0183602
v 244.342 -118.341 769.102
vn 0.979372 -0.200414 -0.0257735
v 244.402 -117.987 768.805
vn 0.965349 -0.260833 0.00815143
v 244.079 -120.22 768.18
vn 0.988498 0.141178 0.054225
v 244.286 -119.35 770.629
vn 0.994605 0.0351926 -0.0975867
v 244.28 -119.229 770.825
vn 0.70019 0.326737 -0.634805
v 244.306 -118.966 770.849
vn 0.968703 0.0832498 -0.233846
v 244.318 -119.133 771.017
vn 0.544512 0.721388 -0.427909
v 244.115 -119.113 770.811
vn 0.988419 0.0773098 0.130581
v 244.267 -118.859 771.081
vn 0.74164 -0.670569 -0.0174935
v 244.334 -118.607 770.533
vn 0.890814 0.435269 0.130351
v 244.069 -118.902 770.62
vn 0.989793 0.138976 0.0315538
v 244.282 -118.116 769.973
vn 0.0838462 0.0106456 0.996422
v 243.995 -118.346 769.131
vn 0.0667757 -0.991076 0.115363
v 244.28 -119.927 770.578
vn -0.586243 -0.528354 0.614135
v 244.106 -119.435 770.836
vn -0.912422 0.0139779 0.409012
v 244.153 -119.204 770.882
vn -0.381838 -0.530641 0.756716
v 244.185 -119.305 770.966
vn 0.858728 -0.163974 0.485489
v 244.307 -119.141 771.033
vn 0.961992 0.0691122 0.264187
v 244.265 -118.897 771.122
vn 0.56927 0.683991 -0.456168
v 244.155 -119.02 770.982
vn -0.493882 0.859392 0.132383
v 244.229 -118.89 771.138
vn 0.982269 0.00499967 0.187412
v 240.59 -122.634 771.403
vn 0.92731 0.271952 0.257173
v 240.634 -122.267 771.102
vn 0.473228 -0.880305 -0.0334493
v 238.689 -124.047 772.008
vn 0.738998 -0.664182 0.112895
v 239.837 -123.466 773.086
vn 0.449689 -0.893134 0.00960538
v 239.248 -123.874 773.264
vn -0.537699 -0.824682 0.175442
v 238.905 -123.88 772.859
vn -0.839649 -0.50849 0.190859
v 238.745 -123.714 773.014
vn 0.927821 0.227437 0.29567
v 240.113 -122.928 773.296
vn 0.682974 0.685642 0.251875
v 239.925 -122.513 773.394
vn 0.608171 -0.756132 0.241644
v 239.342 -123.648 774.238
vn 0.230877 -0.904428 0.358757
v 239.185 -123.684 774.378
vn -0.846898 -0.526223 0.0765009
v 238.948 -123.965 773.542
vn -0.14072 -0.879173 0.45525
v 239.011 -123.649 774.455
vn 0.275968 -0.836004 0.474278
v 239.295 -123.004 775.606
vn -0.911305 0.320743 -0.258161
v 238.38 -132.416 740.18
vn 0.770845 0.516801 -0.372443
v 239.517 -130.016 742.007
vn -0.46473 0.755044 -0.462532
v 238.991 -129.849 742.493
vn 0.391081 0.723254 -0.569174
v 239.831 -127.572 746.234
vn -0.893624 0.321061 -0.313618
v 237.557 -130.647 744.268
vn -0.148365 0.840555 -0.521014
v 240.638 -125.091 750.099
vn -0.00815883 0.772272 -0.635239
v 242.527 -124.362 750.961
vn 0.853178 0.201278 -0.481222
v 243.241 -122.928 753.124
vn -0.377744 -0.700873 0.60505
v 238.091 -131.333 745.911
vn -0.174454 -0.684372 0.707955
v 237.773 -131.387 745.858
vn -0.219546 -0.785304 0.578876
v 237.463 -131.094 746.07
vn -0.436749 -0.760073 0.481185
v 237.116 -130.831 746.245
vn -0.944702 0.153878 -0.289586
v 237.164 -130.313 745.765
vn 0.272299 0.812807 -0.514974
v 243.674 -122.053 754.467
vn -0.0250772 0.887741 -0.459661
v 242.749 -122.101 754.168
vn -0.179731 0.882228 -0.435167
v 242.189 -121.897 754.957
vn 0.810357 -0.545308 0.214384
v 243.714 -121.833 755.482
vn 0.054572 0.918007 -0.392791
v 243.788 -121.522 755.962
vn 0.731012 -0.455099 0.508434
v 243.568 -121.344 756.438
vn 0.491437 0.86545 -0.0973947
v 243.216 -121.152 756.365
vn 0.223706 -0.756567 0.614461
v 238.713 -129.63 749.536
vn 0.359408 -0.701319 0.615611
v 238.395 -129.791 749.501
vn -0.540228 -0.786595 0.299034
v 237.766 -129.287 750.337
vn -0.420591 -0.835904 0.352659
v 237.193 -129.321 749.215
vn -0.432737 -0.825923 0.361373
v 238.409 -129.069 750.642
vn 0.819755 -0.533079 0.209354
v 243.335 -121.981 756.203
vn 0.599253 0.625339 -0.499846
v 243.541 -120.495 757.372
vn -0.397466 0.877371 -0.268778
v 242.711 -120.487 757.906
vn 0.844065 -0.529787 0.0829464
v 243.991 -120.62 758.162
vn 0.92993 -0.356415 0.0905505
v 244.07 -120.147 759.523
vn 0.994496 -0.104745 0.00268713
v 244.091 -119.958 759.311
vn -0.0161758 0.961207 -0.275353
v 243.649 -119.883 759.203
vn -0.415887 -0.835639 0.358812
v 238.24 -128.314 751.868
vn -0.452861 -0.850618 0.267146
v 237.098 -128.67 751.081
vn 0.163235 -0.861623 0.480584
v 241.482 -124.165 757.48
vn 0.822409 -0.504062 0.263751
v 241.376 -124.243 757.631
vn 0.910029 -0.408997 0.0675919
v 243.823 -119.866 761.616
vn 0.36871 -0.854296 0.366375
v 239.443 -126.808 755.226
vn 0.0572483 -0.939246 0.338437
v 239.053 -126.816 755.489
vn 0.453923 -0.808775 0.373947
v 239.392 -126.261 756.276
vn 0.690312 -0.669646 0.273942
v 240.258 -125.511 757.784
vn 0.270704 -0.909046 0.316789
v 239.387 -125.733 757.632
vn 0.579663 -0.76202 0.288645
v 241.297 -123.839 758.849
vn 0.420254 -0.847929 0.323114
v 241.621 -123.203 760.196
vn 0.221318 0.94186 -0.252818
v 244.104 -118.83 763.525
vn 0.190627 -0.913034 0.360596
v 238.527 -125.563 758.971
vn 0.658069 -0.69232 0.296039
v 239.846 -125.161 759.277
vn 0.141172 -0.922541 0.359149
v 239.269 -125.054 759.541
vn 0.6948 -0.68236 0.227241
v 241.446 -123.189 760.614
vn 0.400603 -0.866854 0.296784
v 241.697 -122.797 760.992
vn 0.695296 -0.698157 0.170702
v 241.572 -122.859 761.139
vn 0.515196 -0.836672 0.185882
v 241.671 -122.706 761.55
vn 0.249963 -0.916874 0.311225
v 241.92 -122.218 763.032
vn 0.978196 -0.199616 0.0573222
v 244.536 -117.974 766.005
vn -0.317556 0.935265 -0.156327
v 244.41 -117.902 766.486
vn 0.991568 -0.118609 0.0522004
v 244.43 -117.83 767.033
vn 0.212228 -0.937244 0.276646
v 238.649 -124.622 761.402
vn 0.120485 -0.968568 0.217622
v 238.721 -124.342 762.333
vn 0.739455 -0.632023 0.231846
v 241.644 -122.276 763.343
vn 0.793479 -0.556803 0.245687
v 241.636 -122 764.013
vn 0.907214 -0.384997 0.169529
v 241.516 -122.267 764.053
vn 0.904225 -0.402364 0.143109
v 241.6 -121.902 764.569
vn 0.798886 -0.582635 0.14939
v 241.266 -122.523 764.803
vn 0.313924 -0.81029 0.494855
v 241.736 -121.649 764.532
vn 0.282396 -0.851222 0.442349
v 241.948 -121.398 764.809
vn 0.902745 -0.381538 0.198699
v 241.731 -121.409 764.921
vn 0.950391 -0.12974 0.28271
v 241.625 -121.688 764.964
vn 0.740343 -0.163939 0.651933
v 241.52 -121.184 765.164
vn 0.851882 0.469975 0.231129
v 241.446 -121.221 765.359
vn -0.0556397 0.258907 0.964298
v 241.32 -121.033 765.112
vn -0.617424 -0.683074 0.390126
v 241.277 -120.7 764.473
vn -0.305615 0.835901 0.455926
v 240.905 -120.922 764.632
vn -0.137037 -0.815437 0.562391
v 242.033 -121.207 765.147
vn -0.526413 -0.560145 0.639631
v 241.682 -120.993 765.151
vn -0.151095 0.266643 0.951878
v 241.559 -120.844 765.075
vn -0.3212 -0.845936 0.425702
v 242.542 -120.491 766.746
vn 0.321844 0.94267 0.0882542
v 244.273 -117.913 768.495
vn 0.519774 -0.828018 0.21029
v 239.548 -123.726 764.326
vn 0.813968 -0.574258 0.0876561
v 241.451 -122.041 765.448
vn 0.834046 0.535031 0.134574
v 241.055 -120.987 766.827
vn 0.100574 0.99426 0.0365019
v 240.701 -120.823 766.656
vn 0.0426727 -0.993493 0.105601
v 238.013 -123.957 765.812
vn 0.505432 -0.857463 0.0964086
v 239.712 -123.421 766.443
vn 0.97054 0.174874 0.165745
v 241.209 -121.531 767.668
vn 0.742806 0.623783 0.243173
v 240.963 -121.314 768.41
vn 0.333715 0.914384 0.229209
v 240.578 -121.112 768.525
vn -0.893668 -0.406062 0.190972
v 238.577 -123.857 772.035
vn 0.28822 0.942549 0.16891
v 238.475 -121.804 773.071
vn -0.80552 -0.517119 0.289354
v 238.247 -122.263 774.773
vn -0.852118 -0.33743 0.400045
v 238.138 -122.103 774.676
vn -0.86081 -0.423015 0.282956
v 238.874 -122.423 776.12
vn 0.78321 0.547263 0.295102
v 239.018 -122.259 776.085
vn 0.461503 0.874349 0.150095
v 238.927 -122.117 775.837
vn -0.867352 -0.328692 0.373714
v 238.685 -122.054 775.973
vn -0.609668 0.618862 -0.495293
v 237.708 -128.264 746.439
vn -0.859564 0.322901 -0.396086
v 237.176 -129.687 746.373
vn -0.230842 0.815376 -0.530918
v 237.707 -126.524 749.067
vn -0.968928 -0.0136654 -0.246967
v 236.306 -128.854 748.611
vn -0.686687 -0.705842 0.173921
v 236.236 -128.731 749.8
vn -0.933871 0.0469784 -0.354512
v 236.182 -128.315 749.081
vn -0.806969 -0.586273 -0.0713139
v 235.805 -128.188 750.214
vn 0.230252 -0.734906 0.637884
v 237.271 -128.299 751.532
vn -0.312147 -0.864449 0.394072
v 237.1 -127.677 752.264
vn -0.323084 0.881209 -0.34509
v 240.081 -122.886 755.653
vn -0.390901 0.834132 -0.389127
v 240.863 -122.018 756.904
vn -0.479067 0.829426 -0.287311
v 240.791 -121.454 757.95
vn -0.374024 0.89532 -0.241886
v 240.052 -122.173 757.597
vn -0.269412 -0.904237 0.331319
v 237.421 -127.245 753.642
vn 0.472335 -0.604817 0.641168
v 236.367 -127.219 753.217
vn 0.160708 -0.794152 0.586085
v 236.001 -127.569 752.869
vn -0.282479 -0.879309 0.383434
v 236.542 -126.28 755.297
vn -0.102842 0.943204 -0.315896
v 239.104 -122.248 757.714
vn -0.347873 0.888974 -0.297841
v 240.225 -121.778 758.978
vn -0.505843 0.85535 -0.111801
v 240.9 -121.213 759.468
vn -0.088097 0.969978 -0.226673
v 239.225 -121.506 760.3
vn -0.393103 -0.876453 0.278029
v 237.087 -125.054 759.864
vn 0.194431 -0.967125 0.163907
v 237.797 -124.031 764.838
vn -0.0434712 -0.976776 0.209805
v 237.555 -124.035 765.201
vn -0.694314 -0.697359 0.177813
v 237.377 -123.708 766.048
vn 0.00055114 0.978461 0.20643
v 237.507 -121.516 772.564
vn -0.171234 0.963364 0.206417
v 237.214 -121.614 772.859
vn -0.847075 -0.318741 0.425287
v 237.175 -121.747 773.024
vn -0.262855 0.947072 0.184285
v 237.279 -121.517 772.396
vn -0.879705 0.472818 0.0506099
v 236.747 -121.563 771.521
vn -0.845968 0.268929 -0.460451
v 236.611 -127.255 748.883
vn -0.56759 0.700706 -0.432265
v 236.183 -126.277 750.44
vn -0.749832 0.487956 -0.446824
v 235.878 -126.355 750.721
vn -0.878435 0.225673 -0.421216
v 236.251 -125.663 751.342
vn -0.497546 0.723221 -0.478956
v 236.202 -125.187 751.829
vn -0.488823 0.844715 -0.217963
v 235.981 -124.596 753.579
vn -0.869903 0.341585 -0.355793
v 235.474 -124.941 753.319
vn -0.320001 0.883939 -0.340955
v 237.16 -124.094 753.554
vn 0.339937 -0.70149 0.626382
v 235.897 -126.762 753.999
vn -0.572859 -0.766045 0.291561
v 234.973 -126.908 752.847
vn -0.924209 0.168126 -0.342887
v 234.902 -126.366 752.961
vn -0.494554 -0.802747 0.333187
v 234.774 -126.177 754.119
vn -0.648487 0.666301 -0.368114
v 235.354 -125.265 753.736
vn -0.605182 0.767218 -0.212442
v 235.624 -124.527 754.694
vn -0.712746 0.617278 -0.333108
v 234.871 -125.435 754.231
vn -0.693036 0.65347 -0.304431
v 235.755 -124.236 754.939
vn -0.28408 -0.889783 0.357189
v 235.842 -124.945 757.534
vn -0.77883 0.597453 -0.190979
v 235.518 -124.032 756.47
vn -0.236032 0.919959 -0.312994
v 238.178 -121.871 759.142
vn -0.12501 0.963551 -0.236519
v 238.379 -121.412 760.576
vn -0.120663 -0.920595 0.37141
v 234.98 -124.449 758.531
vn -0.159302 -0.927839 0.337251
v 235.14 -123.663 760.783
vn -0.712272 -0.674613 0.193822
v 236.402 -123.428 761.937
vn -0.151725 -0.93139 0.330897
v 235.251 -123.179 762.11
vn -0.606589 0.775312 -0.175903
v 236.178 -121.556 762.981
vn -0.325659 0.94449 -0.0434169
v 237.189 -120.837 764.569
vn -0.713551 0.700128 -0.0258039
v 235.546 -121.992 764.169
vn -0.155843 -0.937236 0.311931
v 235.403 -122.203 765.12
vn -0.167422 0.97944 0.11255
v 237.385 -120.87 769.422
vn -0.879705 0.472818 0.0506099
v 236.443 -121.917 769.547
vn -0.494516 0.857878 0.139637
v 236.864 -121.231 770.46
vn -0.931706 -0.124521 0.341202
v 236.386 -121.783 769.443
vn -0.494596 0.832032 -0.251191
v 235.545 -124.797 753.439
vn -0.509535 0.803313 -0.308321
v 235.893 -123.913 755.204
vn -0.979445 -0.0903793 -0.180333
v 234.52 -125.64 754.676
vn -0.921012 -0.386535 -0.0482387
v 234.469 -125.598 755.301
vn -0.618294 0.752425 -0.227089
v 234.991 -124.63 755.534
vn -0.631403 0.753672 -0.182509
v 235.281 -124.248 756.723
vn -0.1887 -0.913447 0.360564
v 234.606 -124.962 757.088
vn -0.760616 0.623869 -0.179587
v 234.552 -124.725 757.033
vn -0.14647 -0.921513 0.359666
v 234.822 -124.131 759.254
vn -0.847956 0.522899 -0.0868798
v 234.891 -123.864 759.566
vn -0.984406 0.167405 0.0540416
v 235.041 -123.485 760.66
vn -0.846281 -0.485492 0.219328
v 235.103 -122.998 762.016
vn 0.938944 -0.265728 -0.218568
v 295.935 -138.46 729.24
vn 0.841616 -0.0106151 -0.539972
v 295.87 -137.81 727.966
vn 0.65323 -0.660439 -0.370286
v 295.87 -137.81 727.966
vn 0.943081 0.325939 0.0660393
v 296.466 -136.158 731.885
vn -0.166066 -0.868731 0.466613
v 294.86 -138.52 731.914
vn -0.0669806 -0.900806 0.429025
v 294.902 -138.084 732.703
vn 0.5999 -0.669886 -0.437461
v 295.308 -137.925 727.182
vn 0.814027 -0.153765 -0.560104
v 295.308 -137.925 727.182
vn -0.525084 0.620374 -0.582601
v 295.336 -137.589 727.129
vn 0.841616 -0.0106151 -0.539972
v 295.336 -137.589 727.129
vn 0.380398 0.743969 -0.549369
v 295.336 -137.589 727.129
vn 0.285469 -0.765609 -0.576498
v 294.568 -138.475 727.266
vn -0.707114 0.409115 -0.576728
v 294.568 -138.475 727.266
vn 0.850977 0.132764 -0.508145
v 296.241 -137.014 728.795
vn 0.650459 0.589129 -0.479406
v 296.241 -137.014 728.795
vn -0.0036991 0.896394 -0.443242
v 295.645 -136.352 729.126
vn -0.8401 0.487267 -0.238336
v 295.645 -136.352 729.126
vn -0.850245 0.382806 -0.361307
v 295.673 -136.105 729.804
vn 0.687066 0.597762 -0.413063
v 296.42 -136.081 730.315
vn 0.878712 0.46 0.127535
v 295.89 -134.842 731.417
vn 0.424604 0.796136 -0.431137
v 295.599 -134.973 730.89
vn -0.514494 0.821436 -0.246047
v 295.599 -134.973 730.89
vn -0.807007 0.380587 -0.451547
v 295.599 -134.973 730.89
vn -0.651623 -0.349475 0.673242
v 293.734 -139.442 729.802
vn -0.691544 -0.251874 0.676997
v 293.609 -139.294 729.729
vn -0.738458 -0.674276 -0.00559002
v 293.227 -139.574 729.205
vn -0.91885 -0.161152 0.3602
v 293.227 -139.574 729.205
vn -0.469672 -0.688867 0.55215
v 293.295 -139.431 729.442
vn -0.628344 -0.156175 0.762098
v 293.295 -139.431 729.442
vn -0.91885 -0.161152 0.3602
v 293.295 -139.431 729.442
vn -0.811272 0.374791 -0.448743
v 293.156 -139.491 728.642
vn -0.738458 -0.674276 -0.00559002
v 293.156 -139.491 728.642
vn -0.738458 -0.674276 -0.00559002
v 293.094 -139.427 728.932
vn -0.91885 -0.161152 0.3602
v 293.094 -139.427 728.932
vn 0.844468 0.535589 -0.0041669
v 295.717 -134.669 731.659
vn -0.514494 0.821436 -0.246047
v 295.717 -134.669 731.659
vn -0.206689 0.406768 -0.889842
v 295.717 -134.669 731.659
vn 0.230717 0.890627 -0.391859
v 295.717 -134.669 731.659
vn -0.463353 -0.730397 0.501821
v 294.082 -139.213 730.288
vn -0.774944 0.585097 0.239005
v 293.928 -139.089 730.259
vn -0.85847 0.412571 -0.304656
v 293.928 -139.089 730.259
vn -0.948978 -0.238536 0.206254
v 293.928 -139.089 730.259
vn -0.943885 -0.327747 0.0407714
v 294.076 -138.575 731.532
vn -0.971044 -0.23871 0.00952189
v 293.955 -138.083 731.545
vn -0.712105 0.276307 -0.645415
v 293.447 -137.171 733.013
vn -0.957366 -0.0164254 -0.28841
v 293.447 -137.171 733.013
vn -0.84744 0.292292 -0.443182
v 295.163 -135.026 731.624
vn -0.271322 0.415061 -0.868395
v 295.163 -135.026 731.624
vn -0.22937 0.350139 -0.908181
v 295.151 -134.676 731.804
vn 0.408763 0.818459 -0.403779
v 295.617 -134.216 732.628
vn 0.414331 0.799994 -0.433981
v 295.305 -134.482 731.84
vn -0.719504 -0.000492854 -0.694489
v 295.058 -134.384 731.898
vn 0.826406 -0.371043 0.423534
v 294.875 -134.193 736.093
vn 0.948575 0.287246 0.133022
v 293.928 -132.244 739.932
vn -0.223752 -0.974026 0.0347703
v 291.352 -130.076 764.133
vn -0.279574 -0.957938 0.0647549
v 291.22 -130.048 764.84
vn -0.213249 -0.971064 0.107518
v 291.145 -129.821 766.24
vn 0.0925091 -0.956927 0.275195
v 289.96 -128.252 778.407
vn 0.564539 -0.77321 0.288864
v 288.997 -126.863 782.987
vn 0.660164 -0.654032 0.369359
v 288.75 -126.378 785.19
vn 0.588785 -0.722021 0.363343
v 288.521 -126.558 785.203
vn 0.932375 0.358347 0.047582
v 293.878 -131.703 736.854
vn 0.491982 0.834021 -0.249724
v 293.878 -131.703 736.854
vn 0.1028 -0.907493 0.407295
v 291.839 -133.697 742.186
vn -0.884241 -0.273405 -0.378639
v 290.396 -133.946 741.801
vn 0.211911 -0.972579 0.0958291
v 291.354 -130.851 753.975
vn 0.950498 -0.225804 0.213462
v 288.58 -125.972 785.822
vn 0.22373 -0.961463 0.159791
v 288.58 -125.972 785.822
vn 0.266804 -0.919789 0.287756
v 287.673 -125.978 787.057
vn 0.892549 0.366849 0.262256
v 287.196 -124.434 790.201
vn 0.602027 0.788887 -0.123377
v 291.994 -129.57 740.299
vn -0.0752277 0.840254 -0.536948
v 292.766 -129.364 741.168
vn 0.627259 0.775274 -0.0741408
v 291.899 -129.384 741.438
vn 0.0902087 0.885876 -0.455068
v 292.223 -128.217 743.182
vn -0.229377 0.866835 -0.4427
v 292.223 -128.217 743.182
vn 0.309266 0.92137 -0.235438
v 292.038 -127.669 748.504
vn 0.983909 0.111474 0.139632
v 291.816 -127.495 748.976
vn 0.736744 0.652425 -0.177623
v 291.816 -127.495 748.976
vn 0.645019 0.754499 -0.12117
v 291.968 -127.145 747.948
vn 0.485349 -0.558774 0.672464
v 285.621 -125.286 790.536
vn 0.798976 0.49615 0.339812
v 286.715 -123.896 791.223
vn 0.657534 0.621342 0.426126
v 286.076 -123.729 791.784
vn 0.773365 0.0927926 0.627133
v 286.076 -123.729 791.784
vn -0.0618653 0.814902 -0.576288
v 290.616 -128.102 742.522
vn 0.662939 0.739551 -0.116516
v 290.616 -128.102 742.522
vn -0.152873 0.883375 -0.443033
v 291.793 -127.096 745.786
vn 0.501239 0.848265 -0.170898
v 290.387 -126.949 746.736
vn 0.125254 0.926549 -0.35471
v 290.387 -126.949 746.736
vn 0.610238 0.775732 -0.160779
v 290.758 -126.228 747.778
vn 0.345511 0.930049 -0.125026
v 290.758 -126.228 747.778
vn 0.603703 0.743539 -0.287565
v 291.691 -126.061 750.172
vn 0.363311 0.931654 -0.0051971
v 291.691 -126.061 750.172
vn 0.140716 0.973674 -0.179327
v 291.102 -125.447 752.775
vn 0.356483 0.924245 -0.136718
v 291.218 -125.259 755.365
vn 0.358403 0.918234 -0.168502
v 290.85 -123.928 760.887
vn 0.401019 0.914418 -0.054994
v 290.725 -123.396 764.671
vn 0.40852 0.912747 -0.00220335
v 289.248 -122.81 773.482
vn -0.386321 0.915754 -0.110226
v 287.081 -121.999 782.952
vn 0.773365 0.0927926 0.627133
v 285.272 -122.881 792.65
vn 0.187241 0.978538 0.0860469
v 285.272 -122.881 792.65
vn 0.490348 0.617446 0.615076
v 285.272 -122.881 792.65
vn 0.773365 0.0927926 0.627133
v 284.921 -123.06 793.109
vn 0.490348 0.617446 0.615076
v 284.921 -123.06 793.109
vn 0.906116 0.188532 0.378694
v 284.921 -123.06 793.109
vn 0.490348 0.617446 0.615076
v 284.986 -122.854 792.851
vn 0.843449 0.429642 0.322493
v 284.986 -122.854 792.851
vn 0.46201 -0.594709 0.657927
v 284.649 -122.764 793.613
vn 0.499206 0.3793 0.779054
v 284.649 -122.764 793.613
vn 0.641863 0.275783 0.715511
v 284.512 -122.589 793.616
vn 0.285102 -0.866019 0.410764
v 283.102 -125.473 792.705
vn 0.641863 0.275783 0.715511
v 284.444 -122.76 793.742
vn 0.712042 0.699778 -0.0574981
v 289.814 -126.274 748.297
vn 0.725192 0.688524 -0.00564004
v 289.739 -126.042 749.52
vn 0.65149 0.744638 -0.145172
v 289.739 -126.042 749.52
vn 0.697754 0.713371 -0.0651233
v 288.732 -124.283 755.966
vn 0.0630226 0.998012 0.000568914
v 284.168 -121.986 792.657
vn 0.761988 0.162584 0.62685
v 283.611 -122.144 794.595
vn 0.237765 -0.644253 0.726915
v 283.611 -122.144 794.595
vn 0.0693897 0.98495 0.158302
v 283.611 -122.144 794.595
vn -0.0188243 0.0533578 0.998398
v 283.611 -122.144 794.595
vn 0.172806 0.158418 0.972133
v 282.933 -122.325 794.592
vn 0.172806 0.158418 0.972133
v 282.829 -122.137 794.58
vn -0.16696 0.95739 0.235647
v 282.047 -121.863 794.369
vn -0.0430426 -0.913729 0.404037
v 281.129 -125.326 793.832
vn 0.356063 0.255802 0.898768
v 282.282 -122.105 794.787
vn -0.0546622 0.850822 0.522604
v 282.282 -122.105 794.787
vn 0.144036 -0.384668 0.911748
v 282.282 -122.105 794.787
vn -0.0653619 0.359427 0.930881
v 282.282 -122.105 794.787
vn 0.0451815 0.323636 0.945102
v 281.584 -122.302 794.814
vn -0.266599 0.789796 -0.552401
v 287.874 -124.827 748.193
vn 0.896419 0.350521 0.271234
v 287.623 -123.532 753.049
vn -0.90072 -0.189431 -0.390922
v 285.196 -129.11 748.959
vn -0.971438 -0.118162 -0.205781
v 284.844 -128.667 749.752
vn 0.896419 0.350521 0.271234
v 287.503 -123.561 753.48
vn -0.98446 0.000917803 -0.175609
v 284.653 -128.307 750.872
vn 0.625573 0.780164 -0.00121027
v 287.804 -123.055 761.326
vn 0.560425 0.827016 0.044374
v 287.138 -122.851 765.046
vn 0.0103877 0.397771 0.917426
v 281.482 -122.127 794.74
vn -0.56323 0.819156 -0.108426
v 280.609 -122.258 794.614
vn 0.182298 0.217457 0.958895
v 280.434 -122.376 794.96
vn 0.321722 0.0281428 0.946416
v 280.166 -122.356 795.055
vn -0.665399 -0.733288 -0.139761
v 278.596 -124.387 794.503
vn 0.283542 -0.218731 0.933681
v 278.712 -124.163 794.828
vn -0.358132 0.911794 0.200934
v 279.333 -122.294 795.323
vn 0.185523 -0.210688 0.959787
v 279.333 -122.294 795.323
vn -0.883612 0.180182 -0.432163
v 286.551 -125.485 748.124
vn -0.824817 0.338378 -0.452964
v 286.053 -124.425 749.598
vn 0.369688 0.864681 -0.340085
v 287.107 -123.331 752.549
vn 0.721072 0.684492 0.107364
v 287.148 -123.12 751.966
vn -0.127986 0.882418 -0.452722
v 286.5 -122.748 752.721
vn 0.896419 0.350521 0.271234
v 286.776 -122.558 754.587
vn -0.9453 0.133922 -0.297443
v 283.739 -127.243 754.257
vn 0.755868 0.561955 0.335962
v 285.602 -122.087 766.521
vn -0.0634893 0.996957 0.0452342
v 283.763 -121.887 770.845
vn -0.354981 -0.0751499 0.931848
v 282.425 -122.617 772.97
vn -0.744467 0.435617 0.505972
v 282.425 -122.617 772.97
vn 0.027266 0.210388 0.977238
v 282.421 -122.33 772.873
vn 0.562779 0.387906 0.729937
v 282.421 -122.33 772.873
vn -0.981102 -0.192145 -0.0227964
v 282.66 -122.859 773.388
vn -0.75228 0.291623 0.590789
v 282.66 -122.859 773.388
vn -0.212712 0.330114 0.919662
v 282.588 -122.395 772.949
vn 0.504827 0.816973 0.278756
v 280.05 -121.414 790.744
vn 0.726345 0.5877 0.356415
v 279.91 -121.892 791.974
vn -0.109531 0.985446 0.129993
v 279.726 -121.529 791.783
vn 0.542324 0.394013 0.74205
v 278.705 -122.504 795.318
vn -0.270309 0.793602 0.545095
v 278.705 -122.504 795.318
vn 0.511534 0.705634 0.49032
v 278.799 -122.38 795.184
vn 0.343148 -0.434326 0.832833
v 278.447 -122.413 795.459
vn 0.258152 -0.510929 0.819945
v 277.172 -123.226 795.488
vn -0.754843 -0.639872 -0.144137
v 277.172 -123.226 795.488
vn -0.867855 -0.13434 0.478309
v 277.172 -123.226 795.488
vn -0.303653 0.918166 0.254491
v 277.286 -122.719 795.836
vn 0.208662 0.339368 0.917218
v 277.286 -122.719 795.836
vn -0.913789 -0.0262217 0.405341
v 277.286 -122.719 795.836
vn -0.80561 0.57252 0.152363
v 277.286 -122.719 795.836
vn -0.162165 0.903049 -0.397751
v 285.827 -122.3 753.876
vn -0.162019 0.901278 -0.401804
v 284.63 -122.402 754.131
vn 0.240309 0.932507 -0.269595
v 284.864 -120.96 757.331
vn -0.797059 -0.596193 -0.0961766
v 281.484 -124.659 762.305
vn -0.952094 -0.0899666 -0.292272
v 281.484 -124.659 762.305
vn -0.938995 0.107865 -0.326579
v 280.427 -124.113 765.58
vn 0.372958 0.034623 0.927202
v 281.871 -122.319 773.02
vn 0.695573 -0.397018 0.598795
v 281.871 -122.319 773.02
vn 0.513304 0.676081 0.528614
v 282.171 -121.993 772.887
vn 0.267444 0.0560724 0.961941
v 282.171 -121.993 772.887
vn 0.220293 -0.939807 0.261215
v 279.126 -123.58 772.322
vn 0.28205 -0.727564 0.625379
v 280.68 -120.628 775.523
vn 0.473051 -0.844989 -0.249431
v 273.649 -138.383 731.532
vn 0.0724232 0.0627819 -0.995396
v 273.649 -138.383 731.532
vn -0.941241 0.112047 -0.318607
v 273.649 -138.383 731.532
vn -0.0466058 -0.998307 -0.0348134
v 273.649 -138.383 731.532
vn -0.863654 -0.489922 -0.118647
v 273.649 -138.383 731.532
vn 0.473051 -0.844989 -0.249431
v 273.888 -138.308 731.731
vn 0.891908 -0.442617 -0.0926855
v 274.049 -137.944 731.244
vn 0.807001 -0.540613 0.237669
v 274.018 -137.885 731.519
vn 0.611561 -0.518001 -0.598053
v 274.018 -137.885 731.519
vn 0.0724232 0.0627819 -0.995396
v 273.855 -138.128 731.563
vn 0.611561 -0.518001 -0.598053
v 273.855 -138.128 731.563
vn -0.464851 -0.735448 -0.492981
v 273.855 -138.128 731.563
vn 0.775273 -0.598767 0.201069
v 273.801 -138.402 731.887
vn -0.0466058 -0.998307 -0.0348134
v 273.801 -138.402 731.887
vn 0.60793 -0.768614 0.199132
v 273.504 -138.418 732.733
vn -0.863654 -0.489922 -0.118647
v 273.504 -138.418 732.733
vn -0.533631 -0.767117 0.356047
v 273.504 -138.418 732.733
vn 0.167597 -0.801053 0.574653
v 273.504 -138.418 732.733
vn 0.272916 -0.719636 0.638468
v 273.327 -138.001 733.366
vn -0.652066 0.588305 -0.478233
v 283.316 -121.266 756.66
vn -0.787993 0.41418 -0.455545
v 282.637 -120.919 758.011
vn -0.662181 0.580589 -0.473744
v 282.583 -120.517 758.58
vn -0.818754 0.477536 -0.318749
v 278.46 -123.361 771.256
vn -0.995769 -0.00945543 -0.0913991
v 278.46 -123.361 771.256
vn -0.115643 -0.980131 0.16115
v 278.322 -123.169 772.734
vn -0.984708 -0.00706731 -0.174071
v 278.322 -123.169 772.734
vn -0.963192 -0.0317699 -0.26693
v 278.124 -123.209 773.484
vn -0.965394 0.0194011 -0.260073
v 277.88 -123.276 774.339
vn 0.0517606 -0.967741 0.246572
v 277.88 -123.276 774.339
vn -0.809226 -0.554228 0.194897
v 277.88 -123.276 774.339
vn -0.834837 -0.549746 -0.02874
v 277.902 -123.08 774.985
vn -0.925551 -0.334718 -0.176974
v 277.734 -123.117 775.608
vn -0.166579 -0.933197 0.318425
v 277.352 -122.454 778.66
vn -0.978987 -0.0795868 0.187749
v 277.352 -122.454 778.66
vn 0.693427 -0.644339 0.32247
v 277.59 -122.444 778.812
vn -0.978987 -0.0795868 0.187749
v 277.416 -122.06 779.159
vn -0.239857 -0.870761 0.429237
v 277.54 -121.908 779.872
vn -0.978987 -0.0795868 0.187749
v 277.54 -121.908 779.872
vn -0.698225 -0.6257 0.347825
v 277.54 -121.908 779.872
vn 0.256512 -0.719771 0.645082
v 277.499 -121.625 780.238
vn -0.0713305 -0.160908 -0.984388
v 274.159 -136.758 730.563
vn 0.185718 0.376714 -0.907522
v 274.159 -136.758 730.563
vn -0.0713305 -0.160908 -0.984388
v 273.971 -136.668 730.562
vn 0.185718 0.376714 -0.907522
v 273.971 -136.668 730.562
vn -0.450902 0.395229 -0.800301
v 273.971 -136.668 730.562
vn 0.694328 0.390661 -0.604394
v 274.099 -135.419 731.106
vn -0.561094 0.218888 -0.798287
v 274.099 -135.419 731.106
vn -0.279824 0.381123 -0.88116
v 274.099 -135.419 731.106
vn 0.84123 -0.442282 -0.310996
v 273.964 -137.858 730.891
vn -0.931981 -0.0542406 -0.358427
v 273.964 -137.858 730.891
vn 0.440033 0.145255 -0.886156
v 273.964 -137.858 730.891
vn 0.611561 -0.518001 -0.598053
v 273.795 -137.941 731.341
vn -0.936157 0.0446701 -0.348734
v 273.795 -137.941 731.341
vn -0.464851 -0.735448 -0.492981
v 273.795 -137.941 731.341
vn -0.41128 -0.659796 -0.628903
v 274.076 -137.702 730.972
vn 0.440033 0.145255 -0.886156
v 274.076 -137.702 730.972
vn -0.9199 0.122725 -0.372455
v 273.685 -138.017 731.558
vn -0.464851 -0.735448 -0.492981
v 273.685 -138.017 731.558
vn -0.948301 -0.194635 -0.250683
v 274.098 -137.436 730.678
vn -0.0713305 -0.160908 -0.984388
v 274.098 -137.436 730.678
vn -0.41128 -0.659796 -0.628903
v 274.098 -137.436 730.678
vn -0.858949 0.314951 -0.403748
v 274.098 -137.436 730.678
vn -0.931021 0.107266 -0.348846
v 273.934 -137.567 730.924
vn 0.440033 0.145255 -0.886156
v 273.934 -137.567 730.924
vn -0.863654 -0.489922 -0.118647
v 273.135 -137.903 733.291
vn 0.0824044 -0.683137 0.725626
v 272.923 -137.712 733.779
vn -0.663517 -0.564876 0.490572
v 272.923 -137.712 733.779
vn -0.730975 0.504068 -0.459991
v 281.759 -119.819 760.612
vn -0.881244 0.224315 -0.416042
v 280.95 -119.471 762.367
vn 0.789879 -0.27072 0.550275
v 277.569 -119.778 781.805
vn -0.685807 0.605463 0.403835
v 277.424 -119.344 781.711
vn -0.713027 -0.551061 0.433501
v 277.288 -119.908 782.074
vn 0.0990357 -0.721044 0.685775
v 277.288 -119.908 782.074
vn -0.946269 -0.303528 -0.111559
v 277.288 -119.908 782.074
vn 0.727469 -0.319908 0.606999
v 277.288 -119.908 782.074
vn 0.556528 0.35055 0.753254
v 277.288 -119.908 782.074
vn -0.839861 0.42184 0.341591
v 277.288 -119.908 782.074
vn -0.735754 -0.109732 -0.668301
v 273.428 -134.141 731.794
vn -0.630894 0.427756 -0.6473
v 273.428 -134.141 731.794
vn -0.333172 0.384551 -0.860882
v 273.534 -134.647 731.62
vn -0.741535 0.0433731 -0.66951
v 273.515 -134.363 731.759
vn 0.555288 -0.627259 0.546078
v 274.657 -130.75 740.257
vn -0.03923 -0.760499 0.648153
v 273.33 -131.493 741.079
vn 0.776231 -0.506506 0.37539
v 274.449 -129.302 741.95
vn 0.954708 -0.296893 -0.019658
v 274.936 -129.174 741.816
vn -0.487021 0.807207 -0.333509
v 278.9 -118.376 767.645
vn -0.904071 -0.375544 -0.204017
v 278.9 -118.376 767.645
vn -0.716042 0.663347 -0.217382
v 278.698 -117.675 770.222
vn -0.198034 0.971877 -0.127431
v 278.145 -117.769 770.364
vn -0.716042 0.663347 -0.217382
v 277.602 -117.915 773.099
vn -0.944321 -0.260204 -0.201375
v 277.602 -117.915 773.099
vn -0.683027 -0.725633 -0.0832594
v 277.602 -117.915 773.099
vn -0.959528 -0.246673 -0.135865
v 277.602 -117.915 773.099
vn -0.716042 0.663347 -0.217382
v 276.946 -117.407 776.811
vn -0.469818 0.860437 0.19728
v 276.946 -117.407 776.811
vn -0.959528 -0.246673 -0.135865
v 276.946 -117.407 776.811
vn -0.566685 0.751073 0.338759
v 277.053 -117.757 778.596
vn -0.736704 -0.669174 -0.0973289
v 276.843 -117.789 778.233
vn -0.959528 -0.246673 -0.135865
v 276.843 -117.789 778.233
vn -0.694861 0.60472 0.389206
v 277.075 -118.34 779.614
vn 0.981621 -0.127621 -0.14189
v 276.582 -123.532 745.632
vn 0.327608 0.745561 -0.580355
v 276.582 -123.532 745.632
vn -0.772942 -0.590162 0.232958
v 273.68 -129.412 742.568
vn -0.378821 -0.769989 0.513431
v 273.68 -129.412 742.568
vn 0.4232 -0.735064 0.5297
v 276.253 -126.229 744.542
vn 0.186933 0.854937 -0.483879
v 276.72 -123.214 746.21
vn 0.598276 0.754829 -0.268886
v 276.72 -123.214 746.21
vn 0.598276 0.754829 -0.268886
v 276.77 -123.016 746.876
vn 0.506835 0.408382 -0.759173
v 276.77 -123.016 746.876
vn 0.506835 0.408382 -0.759173
v 276.639 -122.907 746.847
vn -0.527097 0.780936 0.335124
v 276.639 -122.907 746.847
vn -0.959946 0.0172046 0.279656
v 276.639 -122.907 746.847
vn -0.204503 0.623147 0.754895
v 276.676 -123.063 746.986
vn 0.336314 0.736299 0.587161
v 276.676 -123.063 746.986
vn -0.959946 0.0172046 0.279656
v 276.676 -123.063 746.986
vn 0.506657 0.408097 -0.759444
v 276.813 -122.852 746.993
vn -0.527097 0.780936 0.335124
v 276.813 -122.852 746.993
vn -0.403569 -0.525393 -0.749062
v 276.813 -122.852 746.993
vn 0.102331 0.825319 -0.555317
v 276.813 -122.852 746.993
vn 0.336314 0.736299 0.587161
v 276.642 -123.076 747.022
vn 0.878428 -0.213781 -0.427389
v 276.642 -123.076 747.022
vn 0.458429 -0.782089 0.422114
v 276.642 -123.076 747.022
vn -0.527097 0.780936 0.335124
v 276.719 -122.973 747.129
vn -0.959946 0.0172046 0.279656
v 276.719 -122.973 747.129
vn -0.403569 -0.525393 -0.749062
v 276.719 -122.973 747.129
vn 0.878428 -0.213781 -0.427389
v 276.719 -122.973 747.129
vn 0.895994 0.335826 -0.290545
v 276.719 -122.973 747.129
vn 0.426386 -0.78621 0.447292
v 276.651 -122.848 747.414
vn -0.597409 -0.679405 0.42604
v 273.746 -129.096 743.466
vn 0.563746 -0.615637 0.550619
v 273.746 -129.096 743.466
vn -0.421915 -0.764247 0.487764
v 273.487 -128.808 743.332
vn 0.252564 -0.640544 0.7252
v 273.582 -128.023 744.673
vn 0.0599471 -0.756272 0.651506
v 273.527 -126.952 745.494
vn 0.584372 -0.74016 0.332676
v 276.044 -124.307 748.068
vn 0.0502439 -0.977907 0.202912
v 274.688 -122.913 756.604
vn 0.368659 0.673195 -0.641014
v 276.034 -124.12 744.699
vn -0.923644 0.181599 -0.337495
v 272.257 -129.08 740.606
vn -0.138182 0.898268 -0.417158
v 276.59 -122.893 746.822
vn -0.204503 0.623147 0.754895
v 276.59 -122.893 746.822
vn 0.336314 0.736299 0.587161
v 276.59 -122.893 746.822
vn 0.507012 0.408666 -0.758901
v 276.59 -122.893 746.822
vn 0.878428 -0.213781 -0.427389
v 276.59 -122.893 746.822
vn 0.895994 0.335826 -0.290545
v 276.59 -122.893 746.822
vn 0.895994 0.335826 -0.290545
v 276.625 -122.79 747.051
vn -0.0524607 0.874264 -0.482607
v 276.625 -122.79 747.051
vn 0.979593 0.0635975 0.190662
v 276.678 -122.682 747.221
vn 0.151816 0.916995 -0.368881
v 276.685 -122.545 747.709
vn -0.799783 0.198668 -0.566461
v 271.724 -129.958 742.193
vn 0.167971 -0.738771 0.652689
v 272.988 -127.862 744.382
vn 0.460537 -0.646065 0.608692
v 272.988 -127.862 744.382
vn -0.119902 -0.870908 0.476595
v 273.202 -126.694 745.435
vn 0.418544 -0.648954 0.635358
v 273.202 -126.694 745.435
vn 0.0545578 0.934508 -0.351736
v 276.82 -121.614 749.506
vn 0.0295388 0.954643 -0.296283
v 276.747 -121.523 750.094
vn 0.292831 0.895657 -0.334736
v 276.747 -121.523 750.094
vn 0.645198 0.686654 -0.335002
v 276.747 -121.523 750.094
vn 0.587178 -0.745296 0.315843
v 276.856 -121.306 750.749
vn 0.645198 0.686654 -0.335002
v 276.856 -121.306 750.749
vn 0.594396 0.772673 0.222867
v 276.856 -121.306 750.749
vn 0.411851 0.659829 0.628494
v 276.597 -121.291 750.585
vn -0.60823 0.610553 0.50723
v 276.597 -121.291 750.585
vn -0.964733 -0.103361 0.24209
v 276.597 -121.291 750.585
vn 0.411352 0.659861 0.628787
v 276.653 -121.467 750.733
vn -0.964733 -0.103361 0.24209
v 276.653 -121.467 750.733
vn 0.645198 0.686654 -0.335002
v 276.773 -121.237 750.731
vn -0.60823 0.610553 0.50723
v 276.773 -121.237 750.731
vn 0.55544 -0.611556 -0.563458
v 276.773 -121.237 750.731
vn 0.719126 0.648475 0.249677
v 276.773 -121.237 750.731
vn 0.0292754 0.949042 -0.313786
v 276.773 -121.237 750.731
vn 0.410853 0.659893 0.62908
v 276.623 -121.478 750.765
vn 0.860743 -0.222224 -0.457971
v 276.623 -121.478 750.765
vn -0.60823 0.610553 0.50723
v 276.672 -121.419 750.829
vn -0.964733 -0.103361 0.24209
v 276.672 -121.419 750.829
vn 0.731892 -0.430902 -0.52788
v 276.672 -121.419 750.829
vn 0.827429 0.541428 0.14905
v 276.651 -121.267 751.16
vn 0.504515 0.829732 -0.238768
v 276.579 -121.279 750.585
vn 0.411352 0.659861 0.628787
v 276.579 -121.279 750.585
vn 0.731892 -0.430902 -0.52788
v 276.579 -121.279 750.585
vn 0.910696 0.399562 0.104798
v 276.604 -121.128 751.046
vn 0.263998 -0.637547 0.723767
v 271.898 -128.5 744.366
vn 0.869474 -0.420549 0.259139
v 276.596 -120.849 752.138
vn 0.362979 0.903504 -0.227876
v 276.596 -120.849 752.138
vn 0.754997 0.513044 0.408368
v 276.596 -120.849 752.138
vn 0.754997 0.513044 0.408368
v 276.43 -120.91 752.521
vn 0.991563 0.0697672 -0.10925
v 276.43 -120.91 752.521
vn 0.754997 0.513044 0.408368
v 276.396 -120.718 752.341
vn 0.976716 0.167277 -0.134328
v 276.396 -120.718 752.341
vn 0.607994 -0.727638 0.317626
v 276.547 -120.269 753.997
vn 0.884368 -0.411376 0.220596
v 276.547 -120.269 753.997
vn 0.898389 -0.404591 0.170891
v 276.472 -120.137 754.545
vn 0.270041 0.920392 -0.282765
v 276.554 -119.934 754.596
vn 0.898389 -0.404591 0.170891
v 276.554 -119.934 754.596
vn -0.344568 0.926099 -0.15367
v 276.153 -119.56 755.432
vn 0.412263 -0.855262 0.313953
v 276.486 -119.529 756.442
vn 0.358712 0.919893 -0.158499
v 276.486 -119.529 756.442
vn 0.654656 -0.694425 0.298662
v 276.01 -119.712 756.308
vn -0.637031 -0.660121 0.398035
v 276.01 -119.712 756.308
vn -0.587567 -0.548771 0.594656
v 276.142 -119.587 756.727
vn -0.390599 0.912547 -0.121202
v 276.117 -119.435 756.266
vn 0.39196 0.89176 0.226121
v 276.117 -119.435 756.266
vn -0.707478 0.703186 0.0707458
v 276.117 -119.435 756.266
vn -0.0870652 -0.719156 0.689372
v 275.964 -119.64 756.58
vn 0.990083 0.0472604 0.132293
v 275.964 -119.64 756.58
vn 0.498852 -0.813581 0.298719
v 276.07 -119.527 756.711
vn 0.39196 0.89176 0.226121
v 276.07 -119.527 756.711
vn -0.707478 0.703186 0.0707458
v 276.07 -119.527 756.711
vn -0.0870652 -0.719156 0.689372
v 276.07 -119.527 756.711
vn 0.525341 -0.694013 0.492303
v 276.255 -119.362 756.923
vn -0.707478 0.703186 0.0707458
v 276.255 -119.362 756.923
vn -0.506665 -0.408058 0.75946
v 276.255 -119.362 756.923
vn 0.39196 0.89176 0.226121
v 275.934 -119.476 756.747
vn -0.0870652 -0.719156 0.689372
v 275.934 -119.476 756.747
vn 0.990083 0.0472604 0.132293
v 275.934 -119.476 756.747
vn 0.818763 0.573327 -0.0304046
v 275.708 -119.547 757.512
vn -0.892316 -0.450962 -0.0201116
v 275.708 -119.547 757.512
vn 0.401374 0.878534 -0.258993
v 275.656 -119.445 757.532
vn 0.893831 0.431836 0.120767
v 275.656 -119.445 757.532
vn -0.913475 -0.402332 0.060772
v 275.656 -119.445 757.532
vn -0.913475 -0.402332 0.060772
v 275.699 -119.534 757.597
vn 0.773903 -0.603593 0.191703
v 275.806 -119.37 757.673
vn -0.454318 0.890831 0.00377905
v 275.806 -119.37 757.673
vn -0.425396 -0.595569 -0.681422
v 275.806 -119.37 757.673
vn 0.409319 0.667626 0.621879
v 275.806 -119.37 757.673
vn 0.703978 0.687006 -0.180102
v 275.707 -119.466 757.819
vn -0.561516 0.811726 0.160626
v 275.707 -119.466 757.819
vn -0.926087 -0.349938 0.141087
v 275.707 -119.466 757.819
vn -0.425396 -0.595569 -0.681422
v 275.707 -119.466 757.819
vn 0.409319 0.667626 0.621879
v 275.713 -119.457 757.828
vn 0.670493 0.725974 -0.152974
v 275.713 -119.457 757.828
vn 0.763986 -0.109771 0.635827
v 275.713 -119.457 757.828
vn 0.818763 0.573327 -0.0304046
v 275.565 -119.329 757.787
vn -0.425396 -0.595569 -0.681422
v 275.565 -119.329 757.787
vn 0.409319 0.667626 0.621879
v 275.565 -119.329 757.787
vn 0.670493 0.725974 -0.152974
v 275.565 -119.329 757.787
vn 0.763986 -0.109771 0.635827
v 275.559 -119.268 758.046
vn 0.305885 0.928391 -0.211008
v 275.559 -119.268 758.046
vn 0.98918 0.124225 -0.0780405
v 275.559 -119.268 758.046
vn 0.763986 -0.109771 0.635827
v 275.584 -119.517 757.973
vn 0.98918 0.124225 -0.0780405
v 275.584 -119.517 757.973
vn 0.883093 -0.408408 0.230977
v 275.666 -118.97 759.888
vn 0.58273 0.796122 -0.16314
v 275.666 -118.97 759.888
vn 0.835335 -0.500292 0.227867
v 275.489 -118.928 760.596
vn 0.897689 0.135647 -0.41923
v 275.479 -118.675 760.656
vn 0.969675 -0.0182931 0.243711
v 275.479 -118.675 760.656
vn 0.621616 -0.759243 0.192726
v 275.683 -118.627 761.109
vn 0.0893352 0.956943 -0.276188
v 275.683 -118.627 761.109
vn 0.206105 0.794648 0.571013
v 275.639 -118.617 761.126
vn -0.741566 0.661213 -0.113483
v 275.639 -118.617 761.126
vn 0.154223 0.975209 -0.158688
v 275.68 -118.619 761.153
vn 0.803886 -0.32715 -0.49673
v 275.66 -118.581 761.393
vn 0.107675 0.983899 -0.142648
v 275.66 -118.581 761.393
vn 0.294206 -0.592989 0.749538
v 275.66 -118.581 761.393
vn 0.803886 -0.32715 -0.49673
v 275.541 -118.701 761.279
vn 0.206105 0.794648 0.571013
v 275.541 -118.701 761.279
vn -0.741566 0.661213 -0.113483
v 275.541 -118.701 761.279
vn -0.883671 0.229988 0.407715
v 275.541 -118.701 761.279
vn 0.964013 0.261222 0.0494164
v 275.541 -118.701 761.279
vn 0.284997 0.921248 -0.264726
v 275.541 -118.701 761.279
vn 0.294206 -0.592989 0.749538
v 275.547 -118.737 761.313
vn -0.883671 0.229988 0.407715
v 275.547 -118.737 761.313
vn -0.741566 0.661213 -0.113483
v 275.632 -118.577 761.407
vn 0.294206 -0.592989 0.749538
v 275.632 -118.577 761.407
vn -0.883671 0.229988 0.407715
v 275.632 -118.577 761.407
vn 0.429449 -0.865288 0.258554
v 274.132 -122.063 760.639
vn 0.964013 0.261222 0.0494164
v 275.403 -118.497 762.877
vn 0.752675 0.143522 -0.642559
v 275.403 -118.497 762.877
vn 0.0995809 0.985446 -0.13777
v 275.341 -118.261 762.856
vn 0.752675 0.143522 -0.642559
v 275.341 -118.261 762.856
vn 0.752675 0.143522 -0.642559
v 275.536 -118.285 763.079
vn 0.210126 0.974461 -0.0792026
v 275.536 -118.285 763.079
vn 0.51659 0.539754 0.664681
v 275.536 -118.285 763.079
vn 0.51659 0.539754 0.664681
v 275.31 -118.434 763.375
vn 0.96416 0.201552 0.172548
v 275.31 -118.434 763.375
vn 0.51659 0.539754 0.664681
v 275.294 -118.222 763.216
vn 0.96416 0.201552 0.172548
v 275.294 -118.222 763.216
vn 0.479284 0.875905 0.0554678
v 275.294 -118.222 763.216
vn -0.831865 -0.519234 0.19595
v 273.043 -121.148 763.571
vn 0.659382 0.0846958 0.747022
v 274.786 -118.289 765.474
vn 0.966052 0.247404 0.0743993
v 274.786 -118.289 765.474
vn 0.867575 -0.431887 0.246551
v 274.892 -118.138 765.363
vn 0.479284 0.875905 0.0554678
v 274.892 -118.138 765.363
vn 0.659382 0.0846958 0.747022
v 274.892 -118.138 765.363
vn 0.659382 0.0846958 0.747022
v 274.678 -118.032 765.54
vn 0.924672 0.379038 0.0362186
v 274.678 -118.032 765.54
vn -0.0440754 0.991947 -0.118738
v 274.678 -118.032 765.54
vn 0.848982 -0.431851 0.304523
v 273.382 -121.088 764.877
vn -0.474941 -0.864776 0.163074
v 273.382 -121.088 764.877
vn 0.789067 -0.577752 0.20875
v 274.441 -117.858 768.109
vn 0.391361 0.907691 0.151438
v 274.441 -117.858 768.109
vn -0.158918 0.983043 -0.0914978
v 274.442 -117.685 767.927
vn 0.832249 -0.474498 0.286728
v 272.993 -120.557 766.482
vn -0.565759 -0.816062 0.118151
v 272.362 -120.609 766.313
vn 0.513891 -0.837965 0.18366
v 272.883 -120.259 768.149
vn 0.291003 -0.944056 0.155164
v 272.19 -120.071 770.949
vn -0.394256 -0.909858 0.12931
v 272.19 -120.071 770.949
vn 0.211164 -0.197409 0.957308
v 272.205 -118.673 773.289
vn 0.524876 0.548833 0.650605
v 272.205 -118.673 773.289
vn -0.199736 0.520447 0.830205
v 272.205 -118.673 773.289
vn -0.966795 0.0154858 -0.255084
v 271.09 -126.893 744.163
vn -0.128787 -0.622633 0.771844
v 270.908 -127.578 745.318
vn -0.611704 -0.61813 0.493694
v 270.908 -127.578 745.318
vn -0.830698 0.106172 -0.546505
v 270.459 -126.921 745.044
vn -0.87869 0.0480254 -0.474971
v 270.025 -126.332 745.861
vn -0.508507 -0.831959 0.22196
v 271.793 -123.506 751.916
vn 0.190528 -0.802631 0.565228
v 271.463 -123.144 752.388
vn -0.929325 -0.258982 -0.263219
v 271.617 -123.137 752.916
vn 0.00853422 -0.918381 0.395606
v 271.69 -122.107 755.285
vn -0.656001 -0.741831 0.139106
v 271.69 -122.107 755.285
vn 0.206105 0.794648 0.571013
v 274.687 -118.503 761.311
vn 0.391361 0.907691 0.151438
v 273.394 -117.861 770.833
vn -0.160238 0.98693 -0.0171041
v 273.394 -117.861 770.833
vn -0.973304 0.22386 0.0506608
v 271.071 -118.641 770.18
vn -0.952753 -0.301887 0.0335565
v 271.071 -118.641 770.18
vn 0.391361 0.907691 0.151438
v 273.106 -117.919 771.926
vn -0.246281 0.96494 0.0907545
v 273.106 -117.919 771.926
vn 0.524876 0.548833 0.650605
v 273.106 -117.919 771.926
vn -0.240936 -0.946816 0.213282
v 271.582 -119.391 773.279
vn 0.211164 -0.197409 0.957308
v 271.582 -119.391 773.279
vn -0.853712 -0.159189 0.495816
v 271.582 -119.391 773.279
vn -0.963066 -0.0954752 0.251769
v 271.379 -119.459 772.746
vn -0.796972 0.410615 0.44298
v 271.641 -118.985 773.349
vn -0.199736 0.520447 0.830205
v 271.641 -118.985 773.349
vn -0.455836 0.823581 0.337532
v 272.154 -118.429 773.124
vn -0.199736 0.520447 0.830205
v 272.154 -118.429 773.124
vn -0.59147 -0.800902 -0.0933773
v 259.068 -141.228 730.81
vn 0.983817 -0.0382541 0.175046
v 259.222 -141.156 730.952
vn 0.516518 -0.482487 0.707401
v 259.222 -141.156 730.952
vn -0.305104 -0.893796 -0.328694
v 259.184 -141.169 730.354
vn 0.996609 -0.01456 -0.0809813
v 259.184 -141.169 730.354
vn 0.694228 -0.452048 -0.56009
v 259.184 -141.169 730.354
vn 0.516518 -0.482487 0.707401
v 259.034 -141.155 731.09
vn -0.556149 -0.744216 0.369921
v 259.034 -141.155 731.09
vn -0.0264075 -0.516405 0.855937
v 259.034 -141.155 731.09
vn 0.516518 -0.482487 0.707401
v 259.071 -140.795 731.308
vn -0.0264075 -0.516405 0.855937
v 259.071 -140.795 731.308
vn 0.408269 -0.21089 0.888168
v 259.071 -140.795 731.308
vn -0.960757 0.195165 -0.197119
v 269.655 -125.921 746.626
vn -0.938886 -0.336503 0.0725122
v 269.738 -125.871 747.498
vn 0.26981 -0.77185 0.575717
v 268.923 -123.795 751.87
vn -0.693985 -0.660444 0.286703
v 268.923 -123.795 751.87
vn -0.90267 -0.342255 -0.260859
v 271.189 -122.473 753.771
vn -0.461696 -0.865387 0.194788
v 271.027 -122.508 754.379
vn -0.447833 -0.866297 0.221305
v 270.643 -122.114 754.07
vn 0.175449 -0.973282 0.148124
v 270.643 -122.114 754.07
vn 0.601589 -0.602911 0.524012
v 270.643 -122.114 754.07
vn 0.00148797 -0.957175 0.289505
v 270.643 -122.114 754.07
vn 0.175449 -0.973282 0.148124
v 269.986 -122.202 754.274
vn -0.565905 -0.822267 -0.0602417
v 269.986 -122.202 754.274
vn 0.14079 -0.901933 0.408283
v 269.92 -122.123 754.869
vn -0.86911 -0.42291 -0.256504
v 269.912 -121.421 756.365
vn -0.540046 -0.828174 0.149925
v 269.912 -121.421 756.365
vn 0.000383325 -0.959747 0.280866
v 269.912 -121.421 756.365
vn -0.0463512 -0.955839 0.290214
v 269.746 -121.12 757.43
vn -0.0605968 -0.965371 0.253745
v 271.083 -120.208 761.641
vn -0.648525 -0.695123 0.310191
v 270.837 -119.943 762.477
vn 0.170107 -0.931372 0.321885
v 270.837 -119.943 762.477
vn 0.602473 -0.652274 0.459962
v 270.837 -119.943 762.477
vn -0.241105 0.599418 0.76326
v 271.429 -118.201 764.072
vn 0.903055 -0.102897 0.417017
v 271.429 -118.201 764.072
vn -0.0880336 -0.956751 0.277269
v 271.132 -119.512 764.059
vn -0.648525 -0.695123 0.310191
v 271.132 -119.512 764.059
vn -0.952753 -0.301887 0.0335565
v 271.132 -119.512 764.059
vn 0.540062 0.840627 0.0409809
v 271.855 -118.535 764.469
vn -0.241105 0.599418 0.76326
v 271.855 -118.535 764.469
vn 0.2144 -0.908892 0.357699
v 271.037 -119.143 764.688
vn -0.687271 0.721645 -0.0829867
v 271.037 -119.143 764.688
vn -0.241105 0.599418 0.76326
v 271.037 -119.143 764.688
vn 0.828403 -0.276687 0.487024
v 271.037 -119.143 764.688
vn -0.952753 -0.301887 0.0335565
v 271.037 -119.143 764.688
vn 0.952917 -0.299928 -0.0446349
v 259.128 -140.6 729.158
vn -0.650003 -0.568323 -0.504485
v 259.128 -140.6 729.158
vn 0.212874 -0.965587 -0.149422
v 259.128 -140.6 729.158
vn 0.952917 -0.299928 -0.0446349
v 259.35 -139.74 728.111
vn 0.860769 0.395617 0.320255
v 259.35 -139.74 728.111
vn 0.50627 0.407977 -0.759766
v 259.35 -139.74 728.111
vn 0.650387 0.710546 -0.268553
v 259.35 -139.74 728.111
vn 0.50627 0.407977 -0.759766
v 259.295 -139.734 728.078
vn -0.516863 -0.100267 -0.850176
v 259.295 -139.734 728.078
vn -0.537857 -0.615114 -0.576493
v 259.295 -139.734 728.078
vn -0.516863 -0.100267 -0.850176
v 259.26 -139.665 728.091
vn 0.650387 0.710546 -0.268553
v 259.26 -139.665 728.091
vn -0.363351 0.660005 -0.657548
v 259.26 -139.665 728.091
vn -0.666259 -0.501393 -0.552001
v 259.068 -139.656 728.207
vn -0.363351 0.660005 -0.657548
v 259.068 -139.656 728.207
vn 0.0989343 -0.141179 -0.985028
v 259.068 -139.656 728.207
vn 0.85118 -0.352716 -0.388696
v 259.068 -139.656 728.207
vn 0.85118 -0.352716 -0.388696
v 259.166 -139.387 728.178
vn 0.914904 0.311379 0.256891
v 259.166 -139.387 728.178
vn 0.445574 0.313854 -0.838427
v 259.166 -139.387 728.178
vn 0.650387 0.710546 -0.268553
v 259.172 -139.506 728.3
vn -0.363351 0.660005 -0.657548
v 259.172 -139.506 728.3
vn 0.85118 -0.352716 -0.388696
v 259.172 -139.506 728.3
vn 0.340783 0.309204 -0.88784
v 258.912 -139.175 728.122
vn -0.712919 -0.243389 -0.657654
v 258.912 -139.175 728.122
vn 0.952917 -0.299928 -0.0446349
v 259.127 -140.718 729.919
vn 0.212874 -0.965587 -0.149422
v 259.127 -140.718 729.919
vn 0.694228 -0.452048 -0.56009
v 259.127 -140.718 729.919
vn 0.694228 -0.452048 -0.56009
v 258.914 -140.725 729.661
vn -0.540252 -0.738063 -0.404217
v 258.914 -140.725 729.661
vn 0.414229 -0.411369 0.811905
v 258.803 -138.651 732.018
vn 0.386529 -0.237298 0.891227
v 258.483 -139.718 731.834
vn -0.0909166 0.764286 -0.638437
v 269.616 -123.318 747.735
vn -0.752212 0.383819 -0.535594
v 268.738 -121.71 750.121
vn -0.982006 -0.0550057 -0.180661
v 268.538 -123.178 752.358
vn -0.45585 -0.794259 0.401688
v 268.806 -122.998 753.018
vn 0.178963 -0.739436 0.649005
v 268.454 -122.654 753.524
vn 0.201239 -0.768273 0.607667
v 268.427 -122.503 753.7
vn -0.964567 -0.260481 -0.0419618
v 268.299 -122.498 753.618
vn -0.534448 -0.744597 0.399926
v 268.34 -122.367 753.933
vn -0.740632 -0.651507 -0.164328
v 269.192 -121.643 755.199
vn -0.539394 -0.757261 0.368254
v 268.108 -121.905 754.335
vn -0.57299 -0.819488 0.0110167
v 268.616 -121.224 757.005
vn -0.826328 -0.562391 0.029975
v 267.796 -121.088 756.445
vn 0.59119 -0.709601 0.383354
v 267.033 -119.212 768.233
vn 0.965514 0.205904 0.159331
v 258.773 -138.389 728.343
vn -0.595694 0.170138 -0.784985
v 258.547 -138.009 728.41
vn -0.846599 -0.532124 0.0107358
v 257.544 -139.149 729.857
vn -0.0264075 -0.516405 0.855937
v 257.824 -139.124 732.278
vn 0.377604 -0.459425 0.803955
v 257.824 -139.124 732.278
vn 0.48911 -0.542412 0.683053
v 258.132 -137.906 733.025
vn -0.332245 0.81268 -0.478712
v 268.023 -121.166 751.516
vn -0.75573 -0.647149 0.100346
v 268.023 -121.166 751.516
vn -0.97918 0.108844 -0.171348
v 268.023 -121.166 751.516
vn -0.928295 0.154139 -0.338392
v 267.823 -120.712 752.943
vn -0.940175 0.156378 -0.302683
v 267.84 -120.337 753.084
vn -0.813877 -0.579193 -0.0462529
v 267.03 -120.169 759.816
vn -0.974771 0.209598 -0.0767462
v 265.81 -118.544 766.723
vn -0.824291 -0.550545 -0.132076
v 265.782 -118.938 768.863
vn -0.959606 0.255431 -0.117942
v 265.521 -118.749 770.107
vn -0.31105 -0.9502 -0.019198
v 265.531 -118.917 771.866
vn 0.4409 -0.829331 0.343245
v 265.531 -118.917 771.866
vn -0.317498 0.946871 0.051279
v 265.524 -118.247 771.168
vn 0.145106 -0.220315 0.964575
v 265.734 -117.814 773.121
vn 0.4409 -0.829331 0.343245
v 265.248 -118.509 773.214
vn -0.506873 -0.40793 0.75939
v 265.248 -118.509 773.214
vn 0.451521 0.691696 0.563635
v 265.248 -118.509 773.214
vn -0.963647 0.258721 -0.0666846
v 265.466 -117.958 773.129
vn 0.145106 -0.220315 0.964575
v 265.466 -117.958 773.129
vn -0.676334 -0.478524 0.559989
v 265.466 -117.958 773.129
vn -0.317498 0.946871 0.051279
v 265.318 -118.418 773.046
vn -0.945204 0.317781 -0.0748586
v 265.318 -118.418 773.046
vn 0.145106 -0.220315 0.964575
v 265.318 -118.418 773.046
vn 0.451521 0.691696 0.563635
v 265.318 -118.418 773.046
vn -0.953431 -0.254623 -0.161665
v 265.034 -118.732 772.951
vn -0.399839 -0.916191 -0.0268867
v 265.034 -118.732 772.951
vn 0.4409 -0.829331 0.343245
v 265.034 -118.732 772.951
vn -0.506873 -0.40793 0.75939
v 265.034 -118.732 772.951
vn -0.317498 0.946871 0.051279
v 265.197 -118.467 773.203
vn -0.506873 -0.40793 0.75939
v 265.197 -118.467 773.203
vn 0.451521 0.691696 0.563635
v 265.197 -118.467 773.203
vn -0.0930792 -0.197167 0.975941
v 265.689 -117.508 773.783
vn -0.676334 -0.478524 0.559989
v 265.689 -117.508 773.783
vn -0.971405 0.22727 -0.0687066
v 265.561 -117.289 773.815
vn -0.0930792 -0.197167 0.975941
v 265.561 -117.289 773.815
vn -0.676334 -0.478524 0.559989
v 265.561 -117.289 773.815
vn -0.437149 0.409079 -0.800971
v 258.371 -136.763 729.126
vn 0.289089 0.51267 -0.808453
v 258.371 -136.763 729.126
vn 0.289089 0.51267 -0.808453
v 258.459 -136.627 729.243
vn 0.541404 0.117177 -0.832557
v 258.5 -136.528 729.43
vn 0.755155 0.493886 -0.431065
v 258.37 -136.385 729.365
vn 0.541404 0.117177 -0.832557
v 258.37 -136.385 729.365
vn -0.244933 0.534002 -0.809228
v 258.37 -136.385 729.365
vn 0.541404 0.117177 -0.832557
v 258.476 -136.234 729.456
vn 0.00984204 0.619735 -0.784749
v 258.476 -136.234 729.456
vn 0.205135 0.730318 -0.651579
v 258.631 -135.152 730.445
vn 0.303168 -0.670144 0.677493
v 257.38 -135.234 735.802
vn -0.705569 -0.603487 0.37145
v 256.707 -135.862 735.31
vn -0.872875 0.309525 -0.377204
v 266.431 -118.857 756.698
vn -0.974758 -0.204233 -0.0901973
v 266.151 -118.322 758.116
vn -0.87487 -0.484095 -0.0159436
v 265.42 -117.348 763.418
vn -0.764663 0.597005 -0.242643
v 265.424 -117.027 763.594
vn -0.829654 0.481964 -0.281754
v 265.273 -117.033 764.016
vn -0.414712 0.869921 -0.266931
v 266.215 -115.667 766.169
vn -0.849835 -0.521915 0.0733853
v 264.579 -115.456 772.038
vn -0.734095 0.579741 0.353559
v 264.579 -115.456 772.038
vn -0.998662 0.020978 -0.0472717
v 264.579 -115.456 772.038
vn -0.782727 0.297387 0.546717
v 265.269 -116.122 773.558
vn -0.748583 0.371317 0.549315
v 265.407 -115.931 773.652
vn -0.0746502 0.920897 0.382592
v 265.407 -115.931 773.652
vn -0.736522 0.468556 0.487843
v 264.673 -115.558 772.402
vn -0.703725 0.548876 0.451117
v 264.747 -115.468 772.407
vn -0.0930792 -0.197167 0.975941
v 265.48 -116.366 773.993
vn 0.512771 0.300564 0.804193
v 265.48 -116.366 773.993
vn -0.783222 0.298355 0.54548
v 265.48 -116.366 773.993
vn -0.57787 0.484823 -0.656516
v 256.302 -134.985 731.793
vn -0.970814 0.112695 -0.211705
v 256.229 -134.289 732.382
vn -0.547505 0.649126 -0.528085
v 256.229 -134.289 732.382
vn -0.944394 -0.311965 0.103915
v 255.517 -133.104 737.965
vn 0.92933 -0.292171 0.225792
v 257.059 -133.323 738.459
vn 0.560126 -0.644696 0.520218
v 257.059 -133.323 738.459
vn 0.505343 -0.659566 0.556418
v 256.146 -132.826 739.17
vn 0.455895 -0.663954 0.592727
v 256.78 -131.846 740.59
vn 0.406773 -0.660922 0.630648
v 257.591 -129.751 742.313
vn -0.211401 -0.857122 0.469735
v 256.021 -131.844 740.448
vn -0.981562 -0.182163 -0.0579024
v 264.866 -116.35 766.746
vn -6.52913e-005 0.99886 -0.0477462
v 264.651 -115.45 770.509
vn -0.996366 0.0570833 -0.0632121
v 264.651 -115.45 770.509
vn -0.507419 0.861452 -0.0206426
v 264.651 -115.45 770.509
vn -0.200334 0.79549 -0.571893
v 256.439 -131.319 735.172
vn 0.101251 0.836456 -0.5386
v 256.697 -129.562 737.611
vn 0.96291 -0.258372 -0.0777671
v 258.633 -125.388 743.416
vn 0.580699 0.422678 -0.695796
v 258.378 -127.24 742.344
vn 0.908376 -0.401281 0.11759
v 258.779 -125.168 743.725
vn 0.914038 -0.396001 0.087854
v 258.813 -124.996 743.84
vn 0.754389 -0.60226 0.261113
v 258.964 -124.721 744.089
vn 0.746798 -0.643921 0.166306
v 259.389 -123.872 744.828
vn 0.44419 -0.789276 0.423956
v 260.4 -122.44 746.799
vn 0.688196 0.542397 -0.481862
v 260.4 -122.44 746.799
vn 0.369916 0.906466 0.203673
v 260.4 -122.44 746.799
vn 0.231965 -0.151593 0.960839
v 260.4 -122.44 746.799
vn 0.408696 -0.59785 0.689596
v 255.816 -131.695 740.744
vn -0.909422 -0.409723 0.0712667
v 255.413 -131.655 740.329
vn -0.449798 -0.657674 0.604274
v 255.787 -131.152 741.147
vn -0.632479 -0.729686 0.25986
v 255.622 -130.333 741.985
vn 0.18304 -0.649815 0.737724
v 258.181 -127.402 744.233
vn 0.116994 -0.745111 0.656599
v 258.081 -126.448 745.205
vn 0.313537 -0.807322 0.499926
v 258.145 -124.96 747.101
vn 0.333912 -0.842636 0.422453
v 258.019 -124.786 747.637
vn -0.680193 0.55834 -0.474967
v 256.206 -129.281 737.955
vn 0.045778 0.719094 -0.693404
v 256.659 -127.547 740.611
vn 0.0790677 0.673569 -0.734883
v 258.72 -124.559 743.76
vn 0.194996 0.724584 -0.661026
v 259.871 -123.025 745.533
vn 0.802978 0.337318 -0.491368
v 259.871 -123.025 745.533
vn -0.938735 -0.0747302 -0.336441
v 255.151 -129.529 739.224
vn -0.553077 0.787273 -0.272594
v 257.885 -124.79 743.595
vn -0.107054 0.875018 -0.472106
v 260.092 -122.584 746.197
vn -0.260405 0.905083 -0.336175
v 260.187 -122.334 746.714
vn 0.369916 0.906466 0.203673
v 260.187 -122.334 746.714
vn -0.673311 0.738981 0.0236315
v 259.852 -122.516 746.919
vn 0.442701 0.785223 -0.432943
v 259.852 -122.516 746.919
vn 0.231965 -0.151593 0.960839
v 259.852 -122.516 746.919
vn 0.312228 0.883278 -0.349762
v 259.567 -122.749 746.078
vn 0.227264 0.834634 -0.501734
v 259.573 -122.485 746.75
vn 0.369916 0.906466 0.203673
v 260.062 -122.325 746.899
vn 0.231965 -0.151593 0.960839
v 260.062 -122.325 746.899
vn 0.472445 -0.765812 0.436265
v 259.982 -121.899 748.095
vn -0.892631 -0.179656 -0.41344
v 254.046 -129.45 741.69
vn -0.26615 -0.860258 0.43488
v 254.046 -129.45 741.69
vn -0.70787 -0.704555 0.0502236
v 254.046 -129.45 741.69
vn -0.657028 -0.721518 0.218463
v 254.766 -129.27 742.701
vn 0.749997 -0.601081 0.276054
v 259.623 -121.429 749.108
vn -0.212053 0.621015 0.754568
v 259.453 -121.342 749.128
vn -0.596835 0.525252 0.606546
v 259.453 -121.342 749.128
vn -0.982986 -0.164193 0.0823345
v 259.453 -121.342 749.128
vn -0.212053 0.621015 0.754568
v 259.499 -121.529 749.295
vn 0.381911 0.691304 0.613386
v 259.499 -121.529 749.295
vn -0.982986 -0.164193 0.0823345
v 259.499 -121.529 749.295
vn 0.306325 0.738855 -0.600215
v 259.643 -121.299 749.277
vn -0.596835 0.525252 0.606546
v 259.643 -121.299 749.277
vn 0.575328 -0.517353 -0.633517
v 259.643 -121.299 749.277
vn 0.137088 0.909602 -0.392212
v 259.643 -121.299 749.277
vn 0.839757 -0.249196 -0.4824
v 259.485 -121.534 749.309
vn 0.503813 -0.779442 0.372348
v 259.485 -121.534 749.309
vn -0.596835 0.525252 0.606546
v 259.5 -121.519 749.327
vn -0.982986 -0.164193 0.0823345
v 259.5 -121.519 749.327
vn 0.722572 -0.391415 -0.569811
v 259.5 -121.519 749.327
vn -0.212053 0.621015 0.754568
v 259.434 -121.337 749.118
vn 0.381911 0.691304 0.613386
v 259.434 -121.337 749.118
vn 0.722572 -0.391415 -0.569811
v 259.434 -121.337 749.118
vn 0.178555 0.852594 -0.491122
v 259.565 -120.899 750.18
vn 0.835559 0.438212 -0.331377
v 259.565 -120.899 750.18
vn 0.990471 -0.0717137 -0.117581
v 260.427 -120.176 751.402
vn 0.679483 0.0999397 -0.726853
v 260.427 -120.176 751.402
vn 0.185447 0.861281 -0.473081
v 260.427 -120.176 751.402
vn 0.230355 -0.89139 0.390334
v 259.695 -120.804 750.632
vn 0.728229 -0.66983 -0.144948
v 259.695 -120.804 750.632
vn 0.679483 0.0999397 -0.726853
v 259.695 -120.804 750.632
vn 0.835559 0.438212 -0.331377
v 259.695 -120.804 750.632
vn 0.679483 0.0999397 -0.726853
v 259.513 -120.561 750.495
vn 0.835559 0.438212 -0.331377
v 259.513 -120.561 750.495
vn -0.61821 -0.693772 0.369455
v 253.874 -128.616 743.235
vn 0.998908 0.0349254 -0.0310204
v 258.212 -123.738 749.909
vn 0.979179 -0.190109 0.0711777
v 260.463 -120.207 751.728
vn 0.241205 -0.877678 0.414127
v 260.463 -120.207 751.728
vn 0.17482 0.906503 -0.384305
v 260.5 -119.961 751.885
vn 0.547326 0.793495 0.266081
v 260.5 -119.961 751.885
vn -0.815498 -0.335005 0.471947
v 260.353 -120.104 752.011
vn 0.441837 -0.0202965 0.896865
v 260.353 -120.104 752.011
vn 0.91915 -0.299041 0.256393
v 260.406 -119.995 752.18
vn -0.815498 -0.335005 0.471947
v 260.406 -119.995 752.18
vn 0.547326 0.793495 0.266081
v 260.406 -119.995 752.18
vn 0.441837 -0.0202965 0.896865
v 260.144 -120.072 752.114
vn 0.814862 -0.566269 -0.123849
v 260.144 -120.072 752.114
vn 0.202611 -0.80157 0.562525
v 260.144 -120.072 752.114
vn -0.609271 -0.615612 0.499811
v 260.144 -120.072 752.114
vn 0.375269 -0.295263 0.878631
v 260.144 -120.072 752.114
vn 0.985105 -0.127893 0.114939
v 260.245 -119.956 752.244
vn 0.289949 -0.657628 0.695309
v 260.245 -119.956 752.244
vn -0.815498 -0.335005 0.471947
v 260.279 -119.865 752.053
vn 0.547326 0.793495 0.266081
v 260.279 -119.865 752.053
vn 0.441837 -0.0202965 0.896865
v 260.279 -119.865 752.053
vn 0.814862 -0.566269 -0.123849
v 260.279 -119.865 752.053
vn 0.985105 -0.127893 0.114939
v 260.279 -119.865 752.053
vn 0.383357 0.86589 0.321359
v 260.279 -119.865 752.053
vn -0.334346 0.887487 -0.317142
v 260.279 -119.865 752.053
vn -0.334346 0.887487 -0.317142
v 260.131 -119.861 752.219
vn -0.786361 0.213799 0.579591
v 260.131 -119.861 752.219
vn -0.609271 -0.615612 0.499811
v 260.159 -119.946 752.289
vn 0.411243 0.659764 0.628959
v 260.159 -119.946 752.289
vn -0.786361 0.213799 0.579591
v 260.159 -119.946 752.289
vn -0.334346 0.887487 -0.317142
v 260.256 -119.765 752.354
vn -0.786361 0.213799 0.579591
v 260.256 -119.765 752.354
vn 0.363956 -0.483448 0.796124
v 260.256 -119.765 752.354
vn 0.884282 -0.450822 -0.121672
v 259.896 -120.032 752.234
vn 0.375269 -0.295263 0.878631
v 259.896 -120.032 752.234
vn 0.40433 0.776325 0.483567
v 260.007 -119.82 752.258
vn 0.356299 0.840851 -0.407455
v 260.007 -119.82 752.258
vn -0.609271 -0.615612 0.499811
v 260.007 -119.82 752.258
vn 0.375269 -0.295263 0.878631
v 260.007 -119.82 752.258
vn -0.180584 -0.928462 0.324573
v 254.959 -126.573 746.742
vn -0.123074 -0.867352 0.482237
v 256.33 -124.1 750.566
vn 0.997237 0.0462019 -0.0581769
v 258.267 -123.446 751.156
vn 0.874755 -0.372335 0.310113
v 258.267 -123.446 751.156
vn 0.41612 -0.850024 0.322959
v 257.843 -123.688 751.052
vn -0.260323 -0.667082 0.698021
v 258.181 -123.105 751.809
vn 0.874755 -0.372335 0.310113
v 258.181 -123.105 751.809
vn 0.308642 -0.566329 0.764207
v 258.181 -123.105 751.809
vn 0.308642 -0.566329 0.764207
v 258.137 -122.743 752.095
vn 0.733543 -0.640342 0.227764
v 258.137 -122.743 752.095
vn 0.874755 -0.372335 0.310113
v 258.289 -122.536 752.187
vn 0.308642 -0.566329 0.764207
v 258.289 -122.536 752.187
vn 0.0377934 -0.902438 0.429159
v 258.203 -122.452 752.701
vn 0.892201 -0.432131 0.131302
v 258.203 -122.452 752.701
vn 0.203368 -0.857387 0.472788
v 257.849 -122.792 752.016
vn 0.577797 -0.809545 0.103863
v 257.849 -122.792 752.016
vn 0.738193 0.579515 -0.345301
v 260.853 -118.853 754.823
vn 0.927665 -0.305613 0.214564
v 260.853 -118.853 754.823
vn 0.308608 -0.880826 0.359035
v 260.853 -118.853 754.823
vn 0.927665 -0.305613 0.214564
v 260.769 -118.206 756.108
vn 0.351448 0.905475 -0.237906
v 260.769 -118.206 756.108
vn 0.738659 0.64633 0.191418
v 260.769 -118.206 756.108
vn 0.738659 0.64633 0.191418
v 260.676 -118.215 756.496
vn 0.251673 -0.908862 0.332611
v 260.676 -118.215 756.496
vn 0.876353 0.335381 -0.345725
v 260.676 -118.215 756.496
vn 0.757823 -0.630879 0.166421
v 260.676 -118.215 756.496
vn 0.738659 0.64633 0.191418
v 260.569 -118.058 756.378
vn 0.876353 0.335381 -0.345725
v 260.569 -118.058 756.378
vn 0.757823 -0.630879 0.166421
v 260.702 -117.997 757.204
vn 0.504473 -0.337898 0.794564
v 260.702 -117.997 757.204
vn 0.757823 -0.630879 0.166421
v 260.81 -117.879 757.161
vn 0.164827 0.949448 -0.267171
v 260.81 -117.879 757.161
vn 0.594537 -0.261531 0.760347
v 260.81 -117.879 757.161
vn 0.731053 -0.662333 0.163941
v 258.325 -122.25 753.681
vn -0.0572571 -0.889151 0.454018
v 258.202 -122.279 754.11
vn 0.333884 -0.877441 0.344409
v 260.802 -117.654 758.052
vn 0.775684 -0.616102 -0.136863
v 260.802 -117.654 758.052
vn 0.406785 -0.409157 0.816772
v 260.428 -117.97 757.355
vn 0.775684 -0.616102 -0.136863
v 260.428 -117.97 757.355
vn 0.504473 -0.337898 0.794564
v 260.582 -117.78 757.373
vn 0.775684 -0.616102 -0.136863
v 260.582 -117.78 757.373
vn 0.808618 0.318245 0.494829
v 260.671 -117.166 759.295
vn 0.520363 -0.774868 0.358889
v 260.671 -117.166 759.295
vn 0.239713 0.967247 -0.083498
v 260.491 -117.014 759.491
vn 0.385422 -0.868112 0.312779
v 257.067 -121.641 755.136
vn 0.49144 -0.83566 0.245274
v 258.072 -120.931 756.855
vn 0.989277 -0.143228 0.028576
v 258.327 -120.739 756.864
vn 0.700054 0.446069 0.557626
v 260.434 -117.151 759.672
vn 0.757974 -0.258505 0.598875
v 260.286 -117.244 759.548
vn 0.577011 -0.778135 0.248121
v 260.25 -116.894 760.477
vn -0.250718 -0.923459 0.290456
v 260.093 -116.929 760.617
vn 0.757974 -0.258505 0.598875
v 260.034 -117.134 759.916
vn 0.567173 -0.813526 0.128411
v 260.034 -117.134 759.916
vn -0.250718 -0.923459 0.290456
v 260.034 -117.134 759.916
vn 0.569039 0.559588 0.602541
v 260.151 -117.019 759.817
vn 0.757974 -0.258505 0.598875
v 260.151 -117.019 759.817
vn -0.037232 -0.775486 0.630266
v 260.151 -117.019 759.817
vn 0.700849 0.661195 -0.267642
v 260.151 -117.019 759.817
vn 0.710368 -0.703345 0.0261407
v 260.151 -117.019 759.817
vn 0.575894 -0.671774 0.465903
v 260.214 -116.674 760.834
vn -0.301245 0.634374 0.711913
v 260.214 -116.674 760.834
vn -0.250718 -0.923459 0.290456
v 260.007 -116.823 760.88
vn -0.301245 0.634374 0.711913
v 260.007 -116.823 760.88
vn 0.894946 0.369584 0.249958
v 260.007 -116.823 760.88
vn 0.626721 -0.736518 0.254483
v 260.007 -116.823 760.88
vn 0.894946 0.369584 0.249958
v 259.983 -116.663 760.727
vn 0.664901 -0.725531 0.177514
v 259.983 -116.663 760.727
vn -0.113791 0.955252 -0.273031
v 259.983 -116.663 760.727
vn 0.296134 0.949733 -0.101547
v 259.983 -116.663 760.727
vn 0.973707 -0.223331 0.0449136
v 258.281 -120.494 758.545
vn 0.618198 -0.770585 0.155015
v 258.281 -120.494 758.545
vn 0.328778 0.938934 -0.101526
v 259.751 -116.369 762.796
vn 0.0487337 -0.374799 0.925824
v 259.751 -116.369 762.796
vn 0.854172 -0.495057 0.159088
v 259.442 -116.679 762.687
vn 0.894946 0.369584 0.249958
v 259.442 -116.679 762.687
vn 0.664901 -0.725531 0.177514
v 259.442 -116.679 762.687
vn 0.0487337 -0.374799 0.925824
v 259.442 -116.679 762.687
vn 0.620191 -0.779018 0.092165
v 258.335 -119.725 762.155
vn -0.00323572 -0.988255 0.152779
v 258.109 -119.903 762.172
vn 0.654949 0.755299 -0.023776
v 259.405 -116.04 764.586
vn 0.273516 -0.93085 0.242294
v 258.273 -119.736 763.161
vn 0.982057 -0.179453 0.0579736
v 258.273 -119.736 763.161
vn 0.558899 -0.80048 0.216478
v 258.282 -119.471 763.836
vn -0.429891 -0.861358 0.270658
v 258.075 -119.31 765.388
vn -0.060865 -0.704492 0.707098
v 258.075 -119.31 765.388
vn -0.157627 -0.835253 0.526788
v 258.152 -119.182 765.521
vn 0.674245 -0.630728 0.384155
v 257.965 -118.954 766.04
vn 0.051298 -0.904801 0.422734
v 257.965 -118.954 766.04
vn 0.112779 -0.877898 0.465377
v 258.056 -118.271 767.49
vn 0.995411 -0.0270174 0.0917969
v 258.056 -118.271 767.49
vn 0.0458015 -0.86713 0.495971
v 257.734 -118.118 767.858
vn 0.915262 0.286706 0.28301
v 258.401 -116.119 769.141
vn 0.24375 -0.760982 0.601242
v 257.947 -117.441 768.917
vn -0.838447 -0.33945 0.426358
v 257.707 -117.117 769.37
vn 0.412574 -0.507695 0.756326
v 258.155 -116.177 769.999
vn -0.864071 -0.260798 -0.430541
v 253.192 -128.184 742.591
vn -0.101812 -0.820243 0.562882
v 253.401 -127.609 744.395
vn -0.154053 -0.946088 0.284929
v 254.676 -126.079 747.999
vn 0.464976 -0.580383 0.668545
v 254.439 -126.087 747.844
vn -0.442835 -0.88396 0.150043
v 254.439 -126.087 747.844
vn -0.231788 -0.834185 0.50041
v 253.304 -125.942 748.753
vn -0.232219 -0.947939 0.217913
v 254.462 -125.483 749.103
vn 0.458747 -0.700918 0.546137
v 253.953 -125.653 749.296
vn -0.590437 -0.794392 0.142569
v 253.953 -125.653 749.296
vn -0.211968 -0.906457 0.365248
v 254.063 -125.499 749.381
vn 0.307264 -0.867652 0.390855
v 253.963 -124.975 750.623
vn 0.452293 -0.654426 0.605936
v 253.309 -124.785 750.715
vn 0.328778 0.938934 -0.101526
v 259.707 -116.507 761.376
vn 0.928707 -0.345496 0.13467
v 259.565 -116.292 762.837
vn 0.361034 0.927025 -0.101385
v 259.565 -116.292 762.837
vn -0.233988 0.949584 -0.208664
v 259.565 -116.292 762.837
vn 0.657841 0.751612 -0.0482172
v 259.565 -116.292 762.837
vn 0.654949 0.755299 -0.023776
v 259.248 -115.905 764.547
vn 0.558737 -0.775364 0.294317
v 256.094 -119.343 762.266
vn 0.125536 -0.602986 0.787812
v 256.094 -119.343 762.266
vn 0.125536 -0.602986 0.787812
v 255.802 -119.615 762.105
vn 0.353346 0.15213 0.92304
v 255.663 -119.229 762.746
vn 0.125536 -0.602986 0.787812
v 255.837 -118.923 762.629
vn 0.857818 -0.336504 0.388475
v 255.837 -118.923 762.629
vn 0.353346 0.15213 0.92304
v 255.837 -118.923 762.629
vn -0.969308 0.0756742 0.233911
v 255.837 -118.923 762.629
vn -0.110858 0.986259 0.122489
v 255.837 -118.923 762.629
vn 0.43372 0.893997 0.1125
v 255.496 -118.978 762.769
vn 0.834082 0.504407 0.223338
v 258.696 -116.186 767.195
vn 0.651651 0.758519 0.000680002
v 259.049 -115.736 766.089
vn -0.331948 0.942439 -0.0402542
v 259.049 -115.736 766.089
vn 0.837634 0.357288 0.413176
v 259.049 -115.736 766.089
vn 0.783325 0.601867 0.155431
v 258.55 -116.007 767.336
vn -0.26776 0.958182 0.100954
v 258.55 -116.007 767.336
vn -0.385829 0.911006 -0.145619
v 258.55 -116.007 767.336
vn 0.904933 0.270129 0.328826
v 258.508 -116.001 768.749
vn 0.71816 0.695634 0.0184275
v 258.508 -116.001 768.749
vn 0.647095 0.76224 0.0160657
v 258.282 -115.819 769.222
vn -0.527817 0.845837 -0.0772624
v 258.282 -115.819 769.222
vn -0.213894 0.908773 0.358304
v 258.282 -115.819 769.222
vn 0.394146 -0.562011 0.727181
v 257.915 -116.387 769.989
vn -0.213894 0.908773 0.358304
v 258.21 -116.074 769.827
vn 0.923321 0.302572 0.236492
v 258.21 -116.074 769.827
vn 0.269862 0.948082 0.168273
v 258.21 -116.074 769.827
vn 0.303588 -0.387762 0.870331
v 258.148 -116.094 770.038
vn 0.269862 0.948082 0.168273
v 258.148 -116.094 770.038
vn -0.781107 0.584782 0.218862
v 258.148 -116.094 770.038
vn -0.213894 0.908773 0.358304
v 258.086 -115.986 769.529
vn 0.269862 0.948082 0.168273
v 258.086 -115.986 769.529
vn -0.634348 0.34706 -0.690762
v 251.937 -126.854 744.312
vn -0.854514 -0.491485 0.168071
v 251.939 -127.139 744.424
vn -0.7384 -0.65835 0.146082
v 252.208 -127.394 744.632
vn -0.0762756 -0.899505 0.4302
v 251.992 -125.875 747.772
vn -0.871615 -0.418453 0.255314
v 251.992 -125.875 747.772
vn -0.749424 -0.616034 0.242624
v 252.154 -125.065 748.902
vn -0.241506 -0.855369 0.458277
v 252.873 -125.19 749.517
vn -0.244709 -0.850187 0.466155
v 251.963 -123.488 752.143
vn -0.841752 -0.515207 0.161296
v 251.963 -123.488 752.143
vn 0.151923 0.952035 -0.265612
v 255.249 -119.929 755.483
vn 0.144527 0.989262 -0.0217181
v 255.384 -118.706 760.471
vn -0.893464 0.39762 0.208858
v 255.384 -118.706 760.471
vn 0.701354 0.410498 0.582746
v 253.436 -118.908 768.807
vn 0.687473 0.483902 0.541497
v 252.47 -119.361 770.289
vn -0.54998 -0.825039 0.129739
v 250.43 -120.19 771.628
vn 0.216188 -0.818908 0.531651
v 250.228 -119.928 772.439
vn -0.610705 0.435036 -0.661652
v 251.239 -125.035 745.971
vn -0.980117 -0.132316 -0.147862
v 251.055 -124.719 746.714
vn -0.984442 -0.135983 -0.111278
v 250.945 -124.026 747.013
vn -0.969743 -0.0968321 -0.224104
v 251.111 -122.859 748.542
vn -0.983246 -0.172805 -0.0580173
v 250.679 -123.26 749.245
vn -0.900198 0.313993 0.301748
v 250.002 -118.641 772.19
vn 0.75597 -0.0445437 0.653089
v 250.362 -119.023 772.751
vn -0.898466 0.264601 0.35035
v 250.132 -118.977 772.776
vn -0.395676 0.528469 0.751107
v 250.132 -118.977 772.776
vn -0.872886 -0.0165978 0.487643
v 250.132 -118.977 772.776
vn -0.395676 0.528469 0.751107
v 250.231 -118.864 772.749
vn -0.900198 0.313993 0.301748
v 250.108 -118.486 772.344
vn -0.465261 0.572074 0.675473
v 250.108 -118.486 772.344
vn 0.0926744 -0.731492 0.675523
v 250.231 -119.442 772.965
vn 0.594874 -0.390028 0.702853
v 250.231 -119.442 772.965
vn 0.693973 0.169259 0.699823
v 250.231 -119.442 772.965
vn 0.481408 0.40543 0.777093
v 250.213 -119.16 772.915
vn -0.881032 0.00420746 0.473038
v 250.213 -119.16 772.915
vn -0.321159 0.478277 0.817379
v 250.213 -119.16 772.915
vn 0.955393 0.115497 0.271816
v 240.269 -138.589 732.065
vn 0.832151 -0.00385906 -0.554536
v 240.129 -138.3 731.853
vn -0.729482 -0.0590566 -0.681446
v 240.129 -138.3 731.853
vn 0.500686 0.417182 -0.758468
v 240.129 -138.3 731.853
vn 0.707725 -0.161662 -0.687743
v 240.364 -139.567 732.393
vn 0.954401 0.00377717 0.298505
v 240.364 -139.567 732.393
vn -0.511568 -0.778298 -0.364075
v 240.364 -139.567 732.393
vn -0.387589 -0.899823 -0.200234
v 240.025 -139.625 733.312
vn -0.421158 -0.862472 0.280658
v 240.025 -139.625 733.312
vn -0.820009 -0.562356 -0.106489
v 240.025 -139.625 733.312
vn -0.714264 -0.416742 -0.562275
v 240.128 -139.164 732.189
vn -0.458842 -0.854756 0.242604
v 239.725 -139.16 734.292
vn -0.944393 -0.291971 -0.151244
v 239.147 -138.658 734.966
vn 0.806956 -0.266545 -0.527044
v 239.684 -138.318 736.297
vn 0.658155 -0.305921 -0.687927
v 240.816 -135.625 737.183
vn 0.780851 -0.550532 -0.295274
v 240.816 -135.625 737.183
vn -0.716703 0.5896 -0.372437
v 250.246 -121.827 751.841
vn -0.969743 -0.0968321 -0.224104
v 250.246 -121.827 751.841
vn -0.535417 -0.785069 0.311441
v 250.246 -121.827 751.841
vn -0.605475 -0.752457 0.259246
v 239.522 -138.55 736.328
vn 0.703141 -0.551511 -0.448808
v 239.522 -138.55 736.328
vn 0.138256 -0.947191 0.289333
v 239.522 -138.55 736.328
vn 0.305521 -0.934759 0.181334
v 239.97 -138.321 736.75
vn 0.842951 -0.519059 0.141463
v 239.97 -138.321 736.75
vn 0.779899 -0.566503 0.266141
v 239.953 -138.273 737.028
vn 0.981191 -0.147921 0.12403
v 240.514 -137.171 737.731
vn 0.626345 -0.388942 -0.675586
v 240.514 -137.171 737.731
vn 0.779899 -0.566503 0.266141
v 240.514 -137.171 737.731
vn -0.426349 0.80823 -0.406191
v 249.789 -120.937 753.432
vn -0.548709 -0.786147 0.284415
v 249.789 -120.937 753.432
vn -0.995908 0.0012228 0.0903686
v 249.789 -120.937 753.432
vn -0.41292 0.829355 -0.376387
v 249.898 -120.324 754.625
vn -0.996793 -0.0776461 0.0193774
v 249.915 -120.49 754.81
vn 0.699869 -0.601614 0.385024
v 240.392 -135.155 741.103
vn 0.35952 -0.748468 0.557262
v 240.392 -135.155 741.103
vn -0.968899 0.0947211 -0.228612
v 249.777 -120.019 756.024
vn -0.925207 0.218525 -0.310225
v 249.861 -119.754 755.96
vn -0.952111 0.284739 -0.111391
v 249.362 -117.767 765.649
vn -0.789199 0.590998 -0.166992
v 249.362 -117.767 765.649
vn -0.994232 0.0758411 -0.0758401
v 249.304 -117.978 765.909
vn -0.737978 0.668632 -0.091209
v 249.281 -117.561 766.759
vn -0.985035 0.0899042 -0.147047
v 249.185 -117.647 766.912
vn -0.737978 0.668632 -0.091209
v 249.185 -117.647 766.912
vn -0.986685 -0.0952659 0.131823
v 249.31 -117.493 768.922
vn -0.676135 0.736642 -0.0141136
v 249.31 -117.493 768.922
vn -0.352453 0.903639 0.243339
v 249.31 -117.493 768.922
vn -0.215081 0.873312 0.437111
v 249.587 -117.752 770.284
vn -0.974261 -0.151942 0.166521
v 249.84 -118.212 770.995
vn -0.897605 0.361876 0.251696
v 249.84 -118.212 770.995
vn -0.774723 0.136467 -0.617399
v 239.963 -137.567 732.147
vn -0.472017 0.599471 -0.646401
v 239.963 -137.567 732.147
vn 0.37865 0.576557 -0.724021
v 240.209 -137.43 732.385
vn 0.953963 0.140764 0.264838
v 240.209 -137.43 732.385
vn -0.426369 0.726121 -0.539405
v 239.844 -136.763 732.971
vn 0.916206 0.372901 0.14667
v 239.844 -136.763 732.971
vn 0.517505 0.854103 0.0519226
v 239.844 -136.763 732.971
vn 0.560581 0.813367 -0.155511
v 239.748 -136.737 733.503
vn 0.560581 0.813367 -0.155511
v 239.582 -136.633 733.448
vn 0.976365 0.0707555 -0.204219
v 239.644 -136.412 734.006
vn -0.233072 0.912437 -0.336358
v 239.644 -136.412 734.006
vn -0.161301 0.154834 -0.974684
v 239.644 -136.412 734.006
vn -0.315408 0.870916 -0.37686
v 239.213 -136.501 734.063
vn -0.595133 0.55467 -0.581513
v 239.213 -136.501 734.063
vn -0.161301 0.154834 -0.974684
v 239.213 -136.501 734.063
vn 0.504922 -0.740501 -0.443522
v 239.849 -135.931 734.003
vn 0.306931 0.356392 -0.882484
v 239.849 -135.931 734.003
vn -0.265382 0.107853 -0.958092
v 239.849 -135.931 734.003
vn 0.504922 -0.740501 -0.443522
v 239.761 -136.187 734.329
vn -0.161301 0.154834 -0.974684
v 239.602 -136.132 734.057
vn 0.862443 0.213392 -0.458972
v 239.602 -136.132 734.057
vn 0.504922 -0.740501 -0.443522
v 239.602 -136.132 734.057
vn -0.271564 0.0767618 -0.959354
v 239.602 -136.132 734.057
vn -0.734244 -0.0676095 -0.675511
v 239.602 -136.132 734.057
vn 0.718893 0.288978 -0.632206
v 240.05 -135.194 734.371
vn -0.188306 0.735676 -0.650631
v 240.05 -135.194 734.371
vn -0.258933 0.138836 -0.955865
v 239.721 -135.624 734.083
vn -0.514479 0.582489 -0.6293
v 239.721 -135.624 734.083
vn -0.782744 0.256996 -0.566803
v 239.545 -135.874 734.094
vn 0.854452 0.461037 -0.239491
v 240.71 -135.131 736.417
vn 0.990683 0.122772 -0.0589422
v 240.71 -135.131 736.417
vn 0.878125 -0.0866017 -0.470528
v 240.319 -135.978 736.925
vn 0.552141 -0.338671 -0.761868
v 240.319 -135.978 736.925
vn 0.717725 -0.676915 -0.163272
v 240.319 -135.978 736.925
vn 0.724582 -0.568029 0.390288
v 240.546 -134.012 742.347
vn -0.642172 0.730215 -0.233241
v 249.648 -119.708 756.369
vn -0.897202 -0.437548 0.0598416
v 249.648 -119.708 756.369
vn -0.139309 -0.727824 0.671465
v 241.196 -131.002 747.031
vn -0.0990912 -0.745448 0.659157
v 242.697 -128.776 749.756
vn 0.493013 -0.869989 -0.00759377
v 242.697 -128.776 749.756
vn -0.997408 -0.0672781 -0.0255218
v 249.603 -119.395 757.978
vn -0.852952 0.504241 -0.134959
v 249.603 -119.395 757.978
vn 0.0560197 -0.913135 0.403789
v 242.056 -129.14 749.922
vn 0.559466 -0.824215 -0.0875683
v 241.901 -129.08 749.325
vn 0.555169 -0.81828 0.149015
v 242.989 -128.313 750.989
vn 0.222044 -0.776854 0.589232
v 242.989 -128.313 750.989
vn 0.816241 -0.408699 0.408308
v 242.989 -128.313 750.989
vn 0.0681879 -0.831233 0.551727
v 242.278 -128.902 750.481
vn 0.81654 -0.34093 0.465864
v 242.955 -127.372 751.999
vn 0.81654 -0.34093 0.465864
v 242.827 -127.489 752.137
vn 0.810383 -0.270466 0.519737
v 242.715 -126.946 752.595
vn -0.0387135 -0.767949 0.63934
v 242.715 -126.946 752.595
vn 0.842662 -0.532624 0.0789439
v 242.715 -126.946 752.595
vn 0.842662 -0.532624 0.0789439
v 242.788 -126.892 752.173
vn 0.0706818 -0.849567 0.522724
v 242.863 -126.633 753.125
vn 0.972343 0.165604 -0.164696
v 242.863 -126.633 753.125
vn 0.785583 -0.487156 0.381495
v 242.863 -126.633 753.125
vn -0.858557 0.495286 -0.132562
v 249.518 -118.309 762.301
vn 0.776525 0.515744 -0.361963
v 240.606 -131.505 742.221
vn 0.577926 0.607492 -0.544936
v 242.054 -127.608 747.998
vn 0.374695 -0.869683 0.321333
v 239.987 -131.149 746.387
vn 0.112952 -0.848311 0.517311
v 239.987 -131.149 746.387
vn -0.406195 -0.742238 0.532999
v 239.987 -131.149 746.387
vn 0.957538 -0.28416 0.0487326
v 242.212 -126.012 749.719
vn 0.773246 -0.590762 0.230415
v 243.039 -123.917 752.068
vn 0.882724 0.103101 -0.458442
v 243.273 -123.241 753.114
vn 0.882285 -0.462027 0.0900263
v 243.524 -122.849 753.492
vn 0.57776 0.586182 -0.567965
v 243.524 -122.849 753.492
vn -0.0418464 -0.96699 0.251356
v 239.466 -130.758 747.589
vn -0.737172 -0.663617 0.127238
v 239.263 -130.594 748.185
vn 0.478045 -0.712627 0.513456
v 238.705 -131.058 747.765
vn -0.657389 -0.679087 0.326619
v 238.705 -131.058 747.765
vn -0.326409 -0.679903 0.65665
v 240.56 -128.877 749.988
vn 0.376239 -0.80863 0.452285
v 240.56 -128.877 749.988
vn 0.580937 -0.761667 0.287012
v 239.264 -130.417 748.954
vn -0.264339 -0.806153 0.52938
v 239.264 -130.417 748.954
vn -0.651316 -0.739364 0.170668
v 239.264 -130.417 748.954
vn -0.257666 -0.811057 0.525162
v 239.385 -130.101 749.496
vn -0.418163 -0.791878 0.44505
v 239.236 -129.899 749.74
vn 0.818454 -0.515331 0.254099
v 239.581 -129.175 750.623
vn -0.350381 -0.834589 0.425081
v 239.057 -129.16 750.95
vn 0.233424 -0.875566 0.422963
v 242.773 -125.184 755.161
vn 0.976579 -0.176221 -0.123451
v 242.773 -125.184 755.161
vn 0.785583 -0.487156 0.381495
v 242.951 -124.53 755.63
vn 0.00149554 -0.84941 0.527731
v 241.848 -124.663 756.491
vn 0.79492 -0.485227 0.364221
v 241.424 -124.317 757.36
vn 0.310133 -0.889817 0.334728
v 243.226 -124.186 757.316
vn 0.882988 -0.377785 0.278587
v 243.226 -124.186 757.316
vn -0.208625 -0.770363 0.602509
v 243.174 -124.108 757.586
vn 0.78179 -0.455952 0.425337
v 243.174 -124.108 757.586
vn 0.78179 -0.455952 0.425337
v 243.283 -123.597 757.933
vn 0.87339 -0.482991 -0.0625212
v 243.283 -123.597 757.933
vn 0.650973 -0.516845 0.555972
v 243.094 -123.807 757.958
vn 0.74146 -0.669656 -0.0423947
v 243.094 -123.807 757.958
vn 0.282025 -0.948781 0.142396
v 243.391 -123.55 759.084
vn -0.18099 -0.846978 0.499871
v 243.391 -123.55 759.084
vn 0.934728 -0.34258 0.0944554
v 243.465 -122.906 760.269
vn 0.514493 -0.83423 0.198385
v 243.706 -122.299 762.337
vn 0.849462 -0.50651 0.147859
v 243.567 -122.453 761.635
vn 0.50619 -0.837837 0.204451
v 243.847 -121.477 763.926
vn 0.832949 -0.541337 0.114676
v 243.731 -121.447 764.918
vn 0.74164 -0.670569 -0.0174935
v 244.264 -118.628 768.369
vn 0.978206 -0.202723 -0.0449118
v 244.419 -117.966 769.091
vn -0.667875 0.744178 -0.0118889
v 244.419 -117.966 769.091
vn 0.0838462 0.0106456 0.996422
v 244.342 -118.341 769.102
vn -0.0355624 0.966939 -0.252515
v 244.342 -118.341 769.102
vn 0.321844 0.94267 0.0882542
v 244.402 -117.987 768.805
vn -0.563684 0.804896 0.18548
v 244.402 -117.987 768.805
vn 0.00623104 -0.957597 0.288044
v 244.079 -120.22 768.18
vn 0.544512 0.721388 -0.427909
v 244.286 -119.35 770.629
vn 0.70019 0.326737 -0.634805
v 244.286 -119.35 770.629
vn -0.470743 -0.725275 0.502372
v 244.286 -119.35 770.629
vn 0.684696 -0.388549 0.61662
v 244.286 -119.35 770.629
vn 0.544512 0.721388 -0.427909
v 244.28 -119.229 770.825
vn 0.411194 0.659676 0.629085
v 244.28 -119.229 770.825
vn 0.56927 0.683991 -0.456168
v 244.28 -119.229 770.825
vn -0.286361 0.462444 -0.839132
v 244.28 -119.229 770.825
vn -0.331811 -0.67968 -0.654168
v 244.306 -118.966 770.849
vn 0.684696 -0.388549 0.61662
v 244.306 -118.966 770.849
vn 0.985046 0.125691 0.117841
v 244.306 -118.966 770.849
vn 0.497765 0.817412 -0.289943
v 244.306 -118.966 770.849
vn 0.56927 0.683991 -0.456168
v 244.318 -119.133 771.017
vn -0.331811 -0.67968 -0.654168
v 244.318 -119.133 771.017
vn 0.927814 -0.0524147 0.369343
v 244.318 -119.133 771.017
vn -0.935139 0.0366771 0.352377
v 244.115 -119.113 770.811
vn 0.411194 0.659676 0.629085
v 244.115 -119.113 770.811
vn -0.470743 -0.725275 0.502372
v 244.115 -119.113 770.811
vn 0.497765 0.817412 -0.289943
v 244.267 -118.859 771.081
vn -0.493882 0.859392 0.132383
v 244.267 -118.859 771.081
vn 0.411325 0.659854 0.628811
v 244.267 -118.859 771.081
vn 0.999663 -0.0259457 0.000939399
v 244.334 -118.607 770.533
vn -0.502675 0.626346 0.595826
v 244.334 -118.607 770.533
vn 0.70019 0.326737 -0.634805
v 244.069 -118.902 770.62
vn 0.74164 -0.670569 -0.0174935
v 244.069 -118.902 770.62
vn -0.942515 0.157484 0.294728
v 244.069 -118.902 770.62
vn 0.497765 0.817412 -0.289943
v 244.069 -118.902 770.62
vn -0.493882 0.859392 0.132383
v 244.069 -118.902 770.62
vn -0.502675 0.626346 0.595826
v 244.069 -118.902 770.62
vn -0.0355624 0.966939 -0.252515
v 244.282 -118.116 769.973
vn -0.502675 0.626346 0.595826
v 244.282 -118.116 769.973
vn -0.788964 0.59552 0.151303
v 244.282 -118.116 769.973
vn -0.652943 0.752133 0.0892305
v 243.995 -118.346 769.131
vn -0.0355624 0.966939 -0.252515
v 243.995 -118.346 769.131
vn -0.55071 -0.646939 0.527436
v 244.28 -119.927 770.578
vn 0.997513 -0.0116668 -0.0695131
v 244.28 -119.927 770.578
vn 0.861135 -0.276144 0.426837
v 244.28 -119.927 770.578
vn 0.207582 -0.494849 0.843822
v 244.28 -119.927 770.578
vn -0.90645 0.075316 0.415544
v 244.106 -119.435 770.836
vn 0.411194 0.659676 0.629085
v 244.153 -119.204 770.882
vn -0.286361 0.462444 -0.839132
v 244.153 -119.204 770.882
vn 0.111291 -0.441897 0.890136
v 244.185 -119.305 770.966
vn -0.914658 -0.0480899 0.401358
v 244.185 -119.305 770.966
vn 0.196026 -0.386344 0.901284
v 244.307 -119.141 771.033
vn 0.358223 -0.264065 0.895514
v 244.265 -118.897 771.122
vn 0.411325 0.659854 0.628811
v 244.265 -118.897 771.122
vn -0.286361 0.462444 -0.839132
v 244.155 -119.02 770.982
vn -0.331811 -0.67968 -0.654168
v 244.155 -119.02 770.982
vn -0.470743 -0.725275 0.502372
v 244.155 -119.02 770.982
vn 0.684696 -0.388549 0.61662
v 244.155 -119.02 770.982
vn -0.947726 -0.0117889 0.318868
v 244.155 -119.02 770.982
vn -0.913949 0.0383282 0.404014
v 244.229 -118.89 771.138
vn 0.189007 -0.328909 0.925254
v 244.229 -118.89 771.138
vn 0.411325 0.659854 0.628811
v 244.229 -118.89 771.138
vn 0.827381 -0.553238 0.0967885
v 240.59 -122.634 771.403
vn -0.651235 -0.719901 0.240073
v 238.689 -124.047 772.008
vn -0.356239 -0.934054 0.0252379
v 238.689 -124.047 772.008
vn -0.280054 -0.926203 0.252425
v 239.248 -123.874 773.264
vn 0.173289 -0.976074 -0.131341
v 238.905 -123.88 772.859
vn 0.828689 -0.512083 0.225933
v 240.113 -122.928 773.296
vn 0.241583 -0.959592 0.144297
v 238.948 -123.965 773.542
vn -0.916812 -0.353842 0.18507
v 239.011 -123.649 774.455
vn 0.933077 0.130627 0.335118
v 239.295 -123.004 775.606
vn 0.537615 -0.305943 0.785728
v 239.295 -123.004 775.606
vn -0.193543 0.84386 -0.500442
v 239.517 -130.016 742.007
vn 0.394788 0.782353 -0.481732
v 239.517 -130.016 742.007
vn -0.268502 0.844045 -0.464214
v 239.831 -127.572 746.234
vn 0.818316 0.291629 -0.49529
v 242.527 -124.362 750.961
vn 0.177506 0.786559 -0.591452
v 243.241 -122.928 753.124
vn -0.973585 -0.182185 -0.137626
v 237.116 -130.831 746.245
vn 0.985958 -0.166234 -0.0159287
v 243.674 -122.053 754.467
vn 0.880531 -0.416169 0.226868
v 243.788 -121.522 755.962
vn 0.491437 0.86545 -0.0973947
v 243.788 -121.522 755.962
vn 0.491437 0.86545 -0.0973947
v 243.568 -121.344 756.438
vn 0.656586 0.567512 -0.496815
v 243.568 -121.344 756.438
vn 0.945621 -0.308607 -0.102769
v 243.568 -121.344 756.438
vn 0.291251 0.762428 -0.57782
v 243.216 -121.152 756.365
vn -0.616926 -0.73281 0.28704
v 238.713 -129.63 749.536
vn 0.160438 -0.744688 0.647842
v 237.766 -129.287 750.337
vn -0.0649185 0.93689 -0.343544
v 243.541 -120.495 757.372
vn 0.52524 0.771996 -0.357974
v 242.711 -120.487 757.906
vn 0.792097 0.481738 -0.374849
v 243.991 -120.62 758.162
vn 0.992224 -0.123628 -0.0143959
v 243.991 -120.62 758.162
vn 0.778793 0.511929 -0.362506
v 244.091 -119.958 759.311
vn 0.227704 0.930503 -0.286907
v 244.091 -119.958 759.311
vn 0.0808648 -0.78444 0.614911
v 237.098 -128.67 751.081
vn 0.785783 -0.559009 0.264677
v 241.482 -124.165 757.48
vn 0.96769 0.132749 -0.214368
v 243.823 -119.866 761.616
vn 0.199039 -0.937174 0.286509
v 240.258 -125.511 757.784
vn -0.332404 0.923786 -0.190071
v 244.104 -118.83 763.525
vn 0.52524 0.771996 -0.357974
v 244.104 -118.83 763.525
vn 0.941953 -0.321214 0.0977044
v 244.104 -118.83 763.525
vn 0.96769 0.132749 -0.214368
v 244.104 -118.83 763.525
vn 0.0785646 -0.934569 0.346998
v 239.846 -125.161 759.277
vn 0.52524 0.771996 -0.357974
v 244.536 -117.974 766.005
vn -0.276713 0.943922 -0.180111
v 244.536 -117.974 766.005
vn 0.96769 0.132749 -0.214368
v 244.536 -117.974 766.005
vn 0.321844 0.94267 0.0882542
v 244.43 -117.83 767.033
vn 0.0559211 0.989611 -0.13245
v 244.43 -117.83 767.033
vn -0.625357 0.778312 -0.0562052
v 244.43 -117.83 767.033
vn 0.873688 -0.440583 0.206291
v 241.736 -121.649 764.532
vn 0.283141 -0.839371 0.463991
v 241.731 -121.409 764.921
vn -0.288067 -0.48932 0.823154
v 241.731 -121.409 764.921
vn 0.597643 -0.261927 0.757771
v 241.731 -121.409 764.921
vn -0.151095 0.266643 0.951878
v 241.52 -121.184 765.164
vn 0.50805 0.790158 0.342834
v 241.52 -121.184 765.164
vn 0.645934 0.729278 0.225659
v 241.32 -121.033 765.112
vn -0.416799 0.794431 0.441768
v 241.32 -121.033 765.112
vn 0.24465 0.96954 0.011771
v 241.32 -121.033 765.112
vn -0.773967 0.619819 0.129616
v 241.277 -120.7 764.473
vn -0.416799 0.794431 0.441768
v 241.277 -120.7 764.473
vn -0.859262 0.229879 0.456972
v 241.277 -120.7 764.473
vn 0.0182263 0.999519 -0.0250957
v 240.905 -120.922 764.632
vn 0.503561 -0.373177 0.779208
v 241.682 -120.993 765.151
vn -0.245142 0.271892 0.930581
v 241.682 -120.993 765.151
vn -0.52203 0.741614 0.4213
v 241.559 -120.844 765.075
vn -0.767189 -0.363807 0.528267
v 241.559 -120.844 765.075
vn -0.859262 0.229879 0.456972
v 241.559 -120.844 765.075
vn -0.445654 -0.834222 0.324756
v 242.542 -120.491 766.746
vn -0.859262 0.229879 0.456972
v 242.542 -120.491 766.746
vn -0.645131 0.750566 0.143028
v 244.273 -117.913 768.495
vn 0.38214 0.919166 0.0954085
v 241.055 -120.987 766.827
vn -0.331875 0.937488 0.10476
v 238.475 -121.804 773.071
vn 0.0666378 0.966257 0.248809
v 238.138 -122.103 774.676
vn -0.331875 0.937488 0.10476
v 238.138 -122.103 774.676
vn -0.519795 0.720971 0.458273
v 238.138 -122.103 774.676
vn -0.403773 -0.752163 0.520787
v 238.874 -122.423 776.12
vn 0.537615 -0.305943 0.785728
v 238.874 -122.423 776.12
vn -0.125541 0.310337 0.9423
v 238.874 -122.423 776.12
vn 0.537615 -0.305943 0.785728
v 239.018 -122.259 776.085
vn -0.125541 0.310337 0.9423
v 239.018 -122.259 776.085
vn 0.352239 0.914193 0.200444
v 238.685 -122.054 775.973
vn -0.331875 0.937488 0.10476
v 238.685 -122.054 775.973
vn -0.125541 0.310337 0.9423
v 238.685 -122.054 775.973
vn -0.823494 0.362137 -0.436708
v 237.708 -128.264 746.439
vn -0.955514 -0.0312047 -0.293291
v 235.805 -128.188 750.214
vn 0.297144 -0.68713 0.662991
v 237.1 -127.677 752.264
vn -0.102305 -0.903328 0.416572
v 236.367 -127.219 753.217
vn -0.514968 -0.789423 0.334095
v 236.001 -127.569 752.869
vn -0.649255 0.659766 0.378387
v 237.214 -121.614 772.859
vn -0.788486 -0.58344 0.194649
v 237.175 -121.747 773.024
vn -0.649255 0.659766 0.378387
v 237.175 -121.747 773.024
vn -0.897493 -0.38884 0.208112
v 236.747 -121.563 771.521
vn -0.761259 0.58082 0.288327
v 236.747 -121.563 771.521
vn -0.385487 0.903559 0.187033
v 236.747 -121.563 771.521
vn -0.523564 0.722229 -0.451958
v 236.251 -125.663 751.342
vn -0.35421 -0.819276 0.450913
v 235.897 -126.762 753.999
vn -0.971011 -0.0797943 -0.225323
v 234.973 -126.908 752.847
vn -0.959711 -0.00718113 -0.280896
v 235.354 -125.265 753.736
vn -0.881341 -0.40617 0.241378
v 235.14 -123.663 760.783
vn -0.146432 -0.931369 0.33333
v 236.402 -123.428 761.937
vn -0.809859 -0.535807 0.238829
v 235.251 -123.179 762.11
vn -0.642988 -0.751209 0.149168
v 235.403 -122.203 765.12
vn -0.757161 0.650553 0.0590645
v 235.403 -122.203 765.12
vn -0.948091 -0.21277 0.236331
v 235.403 -122.203 765.12
vn -0.809003 -0.545912 0.217934
v 235.403 -122.203 765.12
vn -0.728292 -0.657044 0.194639
v 236.443 -121.917 769.547
vn -0.931706 -0.124521 0.341202
v 236.443 -121.917 769.547
vn -0.879705 0.472818 0.0506099
v 236.864 -121.231 770.46
vn -0.897568 -0.0338999 0.439571
v 236.864 -121.231 770.46
vn -0.868715 0.471458 0.151859
v 236.386 -121.783 769.443
vn -0.861765 -0.499638 0.0878801
v 234.52 -125.64 754.676
vn -0.833172 0.49365 -0.249268
v 234.52 -125.64 754.676
vn -0.350571 -0.873509 0.337761
v 234.469 -125.598 755.301
vn -0.954805 0.281246 -0.0961714
v 234.469 -125.598 755.301
vn -0.971631 -0.189242 0.141847
v 234.469 -125.598 755.301
vn -0.972236 0.0731576 -0.222275
v 234.991 -124.63 755.534
vn -0.97033 -0.18605 0.154418
v 234.606 -124.962 757.088
vn -0.989066 -0.0696798 0.129973
v 234.552 -124.725 757.033
vn -0.987077 -0.0412599 0.154846
v 234.822 -124.131 759.254
vn -0.788197 0.600979 -0.132552
v 235.103 -122.998 762.016
f 24//24 14//14 1//1
f 17//17 3//3 1698//1698
f 17//17 1698//1698 2//2
f 17//17 4//4 3//3
f 17//17 21//21 4//4
f 25//25 24//24 5//5
f 26//26 25//25 5//5
f 5//5 24//24 1//1
f 1//1 6//6 5//5
f 5//5 40//40 26//26
f 3//3 6//6 1//1
f 3//3 4//4 6//6
f 6//6 4//4 7//7
f 7//7 10//10 6//6
f 4//4 8//8 7//7
f 40//40 5//5 9//9
f 5//5 6//6 9//9
f 6//6 10//10 9//9
f 42//42 1702//1702 1703//1703
f 12//12 11//11 16//16
f 1704//1704 14//14 1709//1709
f 1706//1706 1710//1710 13//13
f 1705//1705 1707//1707 1699//1699
f 1699//1699 1707//1707 1711//1711
f 1708//1708 18//18 1712//1712
f 1706//1706 13//13 19//19
f 18//18 1708//1708 1713//1713
f 1//1 14//14 1704//1704
f 24//24 33//33 15//15
f 15//15 14//14 24//24
f 1709//1709 15//15 33//33
f 14//14 15//15 1709//1709
f 1710//1710 32//32 13//13
f 32//32 1710//1710 1728//1728
f 1//1 1704//1704 1700//1700
f 32//32 19//19 13//13
f 1712//1712 18//18 1716//1716
f 20//20 18//18 1713//1713
f 20//20 23//23 18//18
f 1701//1701 4//4 21//21
f 18//18 22//22 1716//1716
f 21//21 1717//1717 37//37
f 1718//1718 22//22 18//18
f 39//39 22//22 1718//1718
f 1732//1732 37//37 1717//1717
f 47//47 1733//1733 1719//1719
f 28//28 24//24 25//25
f 26//26 28//28 25//25
f 24//24 28//28 33//33
f 26//26 30//30 28//28
f 28//28 30//30 33//33
f 31//31 29//29 19//19
f 26//26 27//27 30//30
f 30//30 27//27 1725//1725
f 1722//1722 1726//1726 1721//1721
f 34//34 19//19 32//32
f 35//35 19//19 34//34
f 1730//1730 1729//1729 1723//1723
f 31//31 19//19 35//35
f 1727//1727 1731//1731 1724//1724
f 1728//1728 34//34 32//32
f 34//34 1728//1728 35//35
f 1721//1721 41//41 1722//1722
f 29//29 1737//1737 19//19
f 1714//1714 43//43 1715//1715
f 44//44 1715//1715 43//43
f 1715//1715 44//44 36//36
f 38//38 1701//1701 21//21
f 38//38 21//21 37//37
f 1715//1715 36//36 1744//1744
f 1720//1720 1715//1715 1744//1744
f 37//37 1732//1732 49//49
f 49//49 38//38 37//37
f 1745//1745 50//50 1734//1734
f 1747//1747 1735//1735 1748//1748
f 27//27 26//26 40//40
f 1721//1721 1736//1736 41//41
f 1736//1736 42//42 41//41
f 42//42 1736//1736 1702//1702
f 43//43 1714//1714 1738//1738
f 1739//1739 1740//1740 1741//1741
f 1740//1740 46//46 1741//1741
f 43//43 1742//1742 44//44
f 44//44 1742//1742 36//36
f 36//36 1742//1742 53//53
f 42//42 1703//1703 45//45
f 46//46 1740//1740 45//45
f 45//45 1703//1703 58//58
f 46//46 45//45 60//60
f 58//58 60//60 45//45
f 46//46 60//60 61//61
f 7//7 107//107 10//10
f 7//7 8//8 107//107
f 58//58 1703//1703 1761//1761
f 36//36 48//48 1744//1744
f 1746//1746 50//50 1745//1745
f 51//51 1747//1747 1748//1748
f 1746//1746 52//52 50//50
f 48//48 36//36 1749//1749
f 51//51 50//50 52//52
f 36//36 54//54 1749//1749
f 56//56 51//51 52//52
f 1743//1743 61//61 53//53
f 54//54 36//36 53//53
f 52//52 54//54 55//55
f 56//56 52//52 55//55
f 54//54 53//53 91//91
f 54//54 91//91 55//55
f 55//55 91//91 92//92
f 1701//1701 38//38 57//57
f 51//51 94//94 1747//1747
f 91//91 53//53 61//61
f 57//57 38//38 49//49
f 57//57 49//49 100//100
f 1750//1750 107//107 8//8
f 1750//1750 59//59 108//108
f 62//62 60//60 58//58
f 60//60 106//106 61//61
f 106//106 60//60 62//62
f 58//58 1761//1761 62//62
f 1761//1761 110//110 62//62
f 64//64 65//65 63//63
f 123//123 64//64 63//63
f 67//67 63//63 65//65
f 67//67 127//127 63//63
f 128//128 69//69 64//64
f 69//69 68//68 64//64
f 67//67 65//65 68//68
f 68//68 65//65 64//64
f 66//66 127//127 67//67
f 73//73 68//68 69//69
f 73//73 70//70 68//68
f 68//68 70//70 67//67
f 71//71 67//67 70//70
f 72//72 71//71 74//74
f 74//74 71//71 70//70
f 72//72 74//74 76//76
f 66//66 67//67 75//75
f 75//75 67//67 1752//1752
f 75//75 1752//1752 1753//1753
f 70//70 73//73 74//74
f 69//69 78//78 73//73
f 78//78 74//74 73//73
f 75//75 1753//1753 1754//1754
f 74//74 77//77 76//76
f 79//79 76//76 77//77
f 78//78 77//77 74//74
f 78//78 79//79 77//77
f 75//75 1754//1754 80//80
f 80//80 76//76 79//79
f 81//81 75//75 80//80
f 80//80 86//86 81//81
f 83//83 80//80 82//82
f 82//82 80//80 79//79
f 86//86 80//80 83//83
f 84//84 79//79 78//78
f 84//84 82//82 79//79
f 83//83 82//82 85//85
f 82//82 84//84 85//85
f 84//84 135//135 85//85
f 86//86 83//83 1755//1755
f 84//84 78//78 135//135
f 135//135 88//88 85//85
f 87//87 86//86 1755//1755
f 87//87 1755//1755 1756//1756
f 86//86 87//87 132//132
f 132//132 87//87 90//90
f 135//135 89//89 88//88
f 1757//1757 87//87 1756//1756
f 1757//1757 1758//1758 87//87
f 1758//1758 1757//1757 138//138
f 139//139 90//90 1766//1766
f 138//138 1757//1757 134//134
f 56//56 94//94 51//51
f 95//95 94//94 56//56
f 92//92 56//56 55//55
f 98//98 56//56 92//92
f 93//93 92//92 91//91
f 91//91 150//150 93//93
f 150//150 97//97 93//93
f 100//100 49//49 1759//1759
f 92//92 96//96 98//98
f 92//92 93//93 96//96
f 93//93 97//97 96//96
f 1759//1759 102//102 100//100
f 56//56 98//98 95//95
f 91//91 61//61 150//150
f 96//96 97//97 101//101
f 101//101 97//97 150//150
f 96//96 101//101 151//151
f 1751//1751 57//57 99//99
f 99//99 57//57 100//100
f 98//98 96//96 151//151
f 95//95 149//149 94//94
f 102//102 1751//1751 99//99
f 99//99 100//100 102//102
f 102//102 1759//1759 103//103
f 146//146 103//103 1760//1760
f 146//146 147//147 103//103
f 1751//1751 102//102 105//105
f 108//108 1751//1751 105//105
f 103//103 156//156 102//102
f 104//104 61//61 106//106
f 61//61 104//104 155//155
f 110//110 1761//1761 109//109
f 107//107 1750//1750 108//108
f 108//108 115//115 107//107
f 102//102 108//108 105//105
f 102//102 156//156 108//108
f 160//160 108//108 156//156
f 62//62 110//110 112//112
f 62//62 112//112 106//106
f 104//104 106//106 1762//1762
f 110//110 109//109 113//113
f 113//113 109//109 111//111
f 113//113 111//111 114//114
f 110//110 113//113 158//158
f 158//158 113//113 114//114
f 116//116 120//120 107//107
f 115//115 116//116 107//107
f 116//116 115//115 120//120
f 1761//1761 120//120 109//109
f 111//111 109//109 120//120
f 108//108 117//117 115//115
f 160//160 119//119 108//108
f 120//120 157//157 111//111
f 115//115 118//118 120//120
f 115//115 117//117 118//118
f 117//117 123//123 118//118
f 108//108 119//119 117//117
f 120//120 122//122 121//121
f 157//157 120//120 172//172
f 172//172 120//120 121//121
f 117//117 119//119 123//123
f 122//122 120//120 118//118
f 118//118 123//123 122//122
f 123//123 126//126 122//122
f 124//124 128//128 123//123
f 123//123 128//128 64//64
f 119//119 124//124 123//123
f 167//167 124//124 119//119
f 63//63 126//126 123//123
f 122//122 1763//1763 127//127
f 63//63 127//127 1763//1763
f 122//122 127//127 121//121
f 69//69 124//124 125//125
f 124//124 69//69 128//128
f 173//173 78//78 69//69
f 129//129 121//121 127//127
f 66//66 129//129 127//127
f 66//66 75//75 129//129
f 75//75 130//130 129//129
f 75//75 179//179 130//130
f 179//179 75//75 81//81
f 180//180 81//81 86//86
f 86//86 132//132 133//133
f 131//131 135//135 78//78
f 86//86 133//133 181//181
f 181//181 180//180 86//86
f 216//216 180//180 181//181
f 133//133 132//132 90//90
f 181//181 133//133 90//90
f 135//135 1764//1764 89//89
f 135//135 136//136 1764//1764
f 135//135 131//131 144//144
f 181//181 90//90 139//139
f 1766//1766 1765//1765 137//137
f 137//137 1764//1764 136//136
f 135//135 140//140 136//136
f 140//140 141//141 136//136
f 136//136 141//141 137//137
f 140//140 135//135 144//144
f 145//145 141//141 140//140
f 144//144 1767//1767 140//140
f 145//145 142//142 141//141
f 1766//1766 137//137 142//142
f 142//142 137//137 141//141
f 1766//1766 143//143 139//139
f 1766//1766 142//142 143//143
f 183//183 139//139 143//143
f 143//143 142//142 1777//1777
f 145//145 185//185 142//142
f 1778//1778 1767//1767 144//144
f 185//185 187//187 142//142
f 148//148 95//95 98//98
f 149//149 95//95 148//148
f 148//148 98//98 151//151
f 146//146 153//153 147//147
f 1768//1768 146//146 1760//1760
f 1768//1768 1770//1770 146//146
f 147//147 152//152 103//103
f 150//150 61//61 155//155
f 155//155 101//101 150//150
f 155//155 151//151 101//101
f 148//148 151//151 189//189
f 156//156 103//103 152//152
f 190//190 147//147 153//153
f 1769//1769 147//147 190//190
f 152//152 154//154 156//156
f 112//112 110//110 158//158
f 156//156 162//162 160//160
f 159//159 112//112 158//158
f 111//111 157//157 114//114
f 158//158 114//114 157//157
f 159//159 158//158 157//157
f 157//157 199//199 159//159
f 1762//1762 159//159 104//104
f 163//163 1773//1773 161//161
f 162//162 1774//1774 160//160
f 119//119 160//160 165//165
f 163//163 165//165 1773//1773
f 162//162 200//200 1774//1774
f 167//167 119//119 168//168
f 119//119 165//165 164//164
f 119//119 164//164 168//168
f 1775//1775 204//204 163//163
f 165//165 169//169 164//164
f 165//165 170//170 169//169
f 165//165 163//163 166//166
f 170//170 165//165 166//166
f 166//166 163//163 204//204
f 204//204 170//170 166//166
f 208//208 170//170 204//204
f 168//168 169//169 125//125
f 167//167 168//168 125//125
f 164//164 169//169 168//168
f 208//208 169//169 170//170
f 206//206 208//208 204//204
f 157//157 172//172 171//171
f 125//125 124//124 167//167
f 169//169 174//174 125//125
f 174//174 169//169 208//208
f 125//125 173//173 69//69
f 174//174 173//173 125//125
f 172//172 121//121 129//129
f 130//130 172//172 129//129
f 78//78 173//173 174//174
f 174//174 210//210 175//175
f 174//174 175//175 78//78
f 172//172 130//130 179//179
f 78//78 176//176 178//178
f 78//78 175//175 176//176
f 210//210 176//176 175//175
f 210//210 177//177 176//176
f 177//177 210//210 178//178
f 177//177 178//178 176//176
f 212//212 179//179 81//81
f 81//81 180//180 212//212
f 78//78 178//178 131//131
f 211//211 131//131 178//178
f 181//181 182//182 216//216
f 181//181 139//139 182//182
f 144//144 131//131 219//219
f 217//217 219//219 131//131
f 186//186 144//144 219//219
f 182//182 139//139 183//183
f 184//184 1777//1777 142//142
f 142//142 187//187 184//184
f 186//186 1778//1778 144//144
f 187//187 188//188 184//184
f 1779//1779 1778//1778 186//186
f 186//186 219//219 1779//1779
f 219//219 220//220 1779//1779
f 187//187 221//221 188//188
f 1796//1796 1799//1799 1780//1780
f 191//191 189//189 151//151
f 151//151 155//155 191//191
f 148//148 189//189 192//192
f 189//189 191//191 192//192
f 193//193 1770//1770 1768//1768
f 190//190 1771//1771 1769//1769
f 1781//1781 149//149 148//148
f 191//191 155//155 231//231
f 193//193 190//190 153//153
f 1768//1768 1782//1782 193//193
f 190//190 193//193 1771//1771
f 154//154 194//194 156//156
f 104//104 232//232 155//155
f 1772//1772 196//196 1783//1783
f 1772//1772 195//195 196//196
f 1771//1771 193//193 1784//1784
f 197//197 1783//1783 196//196
f 194//194 1776//1776 156//156
f 194//194 1786//1786 1776//1776
f 199//199 235//235 159//159
f 159//159 235//235 104//104
f 195//195 233//233 196//196
f 196//196 233//233 197//197
f 1785//1785 234//234 233//233
f 162//162 198//198 200//200
f 1776//1776 1786//1786 1788//1788
f 202//202 1789//1789 1787//1787
f 203//203 202//202 1787//1787
f 246//246 203//203 1787//1787
f 242//242 246//246 1787//1787
f 200//200 198//198 201//201
f 200//200 201//201 1774//1774
f 1774//1774 201//201 204//204
f 202//202 201//201 1789//1789
f 201//201 202//202 206//206
f 1790//1790 202//202 203//203
f 203//203 205//205 1790//1790
f 199//199 157//157 171//171
f 199//199 171//171 243//243
f 206//206 204//204 201//201
f 207//207 1790//1790 205//205
f 207//207 205//205 203//203
f 246//246 207//207 203//203
f 174//174 208//208 209//209
f 207//207 1791//1791 1790//1790
f 1791//1791 207//207 1792//1792
f 244//244 171//171 172//172
f 243//243 171//171 245//245
f 245//245 171//171 244//244
f 207//207 248//248 1792//1792
f 246//246 248//248 207//207
f 251//251 172//172 179//179
f 209//209 210//210 174//174
f 1793//1793 258//258 1794//1794
f 178//178 210//210 211//211
f 1794//1794 262//262 265//265
f 1794//1794 265//265 268//268
f 216//216 212//212 180//180
f 131//131 211//211 214//214
f 214//214 1794//1794 213//213
f 213//213 1794//1794 268//268
f 213//213 215//215 214//214
f 1795//1795 213//213 218//218
f 215//215 217//217 214//214
f 131//131 214//214 217//217
f 215//215 218//218 217//217
f 217//217 222//222 219//219
f 222//222 217//217 225//225
f 188//188 228//228 184//184
f 219//219 222//222 1797//1797
f 222//222 223//223 1797//1797
f 1798//1798 1802//1802 1800//1800
f 221//221 228//228 188//188
f 224//224 1803//1803 222//222
f 1801//1801 1803//1803 224//224
f 228//228 221//221 1804//1804
f 228//228 1804//1804 229//229
f 1805//1805 1806//1806 1808//1808
f 224//224 222//222 225//225
f 217//217 271//271 225//225
f 271//271 275//275 225//225
f 1814//1814 1808//1808 1806//1806
f 217//217 218//218 1813//1813
f 182//182 183//183 226//226
f 227//227 1777//1777 184//184
f 226//226 183//183 1807//1807
f 227//227 184//184 228//228
f 227//227 228//228 282//282
f 226//226 1807//1807 1821//1821
f 230//230 228//228 229//229
f 1815//1815 230//230 229//229
f 276//276 228//228 230//230
f 1815//1815 276//276 230//230
f 282//282 228//228 283//283
f 226//226 1821//1821 281//281
f 288//288 193//193 1782//1782
f 155//155 232//232 231//231
f 288//288 1782//1782 286//286
f 231//231 192//192 191//191
f 231//231 339//339 192//192
f 288//288 1784//1784 193//193
f 232//232 235//235 236//236
f 288//288 1809//1809 1784//1784
f 234//234 238//238 233//233
f 242//242 197//197 237//237
f 233//233 237//237 197//197
f 232//232 104//104 235//235
f 235//235 199//199 241//241
f 232//232 236//236 231//231
f 231//231 236//236 239//239
f 288//288 1810//1810 1809//1809
f 233//233 238//238 237//237
f 238//238 242//242 237//237
f 235//235 241//241 240//240
f 235//235 240//240 236//236
f 236//236 240//240 239//239
f 199//199 243//243 241//241
f 291//291 241//241 243//243
f 1829//1829 240//240 241//241
f 306//306 243//243 353//353
f 247//247 242//242 238//238
f 353//353 245//245 244//244
f 242//242 250//250 246//246
f 250//250 248//248 246//246
f 247//247 307//307 242//242
f 258//258 248//248 250//250
f 307//307 250//250 242//242
f 244//244 172//172 254//254
f 254//254 172//172 249//249
f 172//172 251//251 249//249
f 249//249 251//251 252//252
f 254//254 249//249 252//252
f 1792//1792 248//248 258//258
f 258//258 1793//1793 1792//1792
f 256//256 251//251 179//179
f 252//252 251//251 253//253
f 259//259 252//252 253//253
f 259//259 260//260 252//252
f 255//255 254//254 252//252
f 260//260 255//255 252//252
f 256//256 253//253 251//251
f 259//259 253//253 256//256
f 257//257 250//250 307//307
f 307//307 310//310 257//257
f 314//314 259//259 256//256
f 313//313 260//260 259//259
f 259//259 314//314 313//313
f 250//250 257//257 315//315
f 310//310 315//315 257//257
f 256//256 179//179 317//317
f 314//314 256//256 317//317
f 250//250 261//261 258//258
f 258//258 261//261 264//264
f 250//250 315//315 261//261
f 1794//1794 258//258 262//262
f 258//258 264//264 263//263
f 263//263 262//262 258//258
f 267//267 262//262 263//263
f 264//264 267//267 263//263
f 267//267 264//264 266//266
f 262//262 267//267 265//265
f 265//265 267//267 268//268
f 267//267 320//320 268//268
f 269//269 268//268 320//320
f 268//268 269//269 213//213
f 270//270 213//213 269//269
f 218//218 213//213 270//270
f 218//218 270//270 272//272
f 279//279 272//272 270//270
f 272//272 279//279 284//284
f 270//270 322//322 279//279
f 279//279 322//322 327//327
f 272//272 1813//1813 218//218
f 1813//1813 272//272 1816//1816
f 281//281 182//182 226//226
f 216//216 182//182 273//273
f 273//273 182//182 281//281
f 274//274 216//216 273//273
f 274//274 325//325 216//216
f 273//273 281//281 274//274
f 284//284 277//277 272//272
f 1816//1816 272//272 277//277
f 277//277 278//278 1816//1816
f 1819//1819 1818//1818 1817//1817
f 277//277 284//284 278//278
f 1819//1819 1822//1822 1818//1818
f 284//284 279//279 280//280
f 331//331 1823//1823 1820//1820
f 1820//1820 279//279 327//327
f 1820//1820 330//330 331//331
f 274//274 281//281 336//336
f 325//325 274//274 336//336
f 285//285 283//283 228//228
f 285//285 228//228 276//276
f 285//285 276//276 1824//1824
f 1826//1826 1825//1825 1835//1835
f 339//339 1827//1827 192//192
f 231//231 239//239 287//287
f 1843//1843 231//231 287//287
f 288//288 343//343 1810//1810
f 340//340 344//344 1827//1827
f 286//286 1846//1846 288//288
f 290//290 239//239 240//240
f 1829//1829 290//290 240//240
f 239//239 290//290 294//294
f 239//239 294//294 287//287
f 287//287 294//294 295//295
f 1811//1811 289//289 303//303
f 347//347 289//289 1811//1811
f 1845//1845 347//347 1811//1811
f 343//343 288//288 342//342
f 347//347 349//349 289//289
f 303//303 289//289 304//304
f 1831//1831 1828//1828 1848//1848
f 292//292 290//290 1829//1829
f 243//243 293//293 291//291
f 1830//1830 292//292 1829//1829
f 294//294 290//290 296//296
f 292//292 296//296 290//290
f 300//300 296//296 292//292
f 1830//1830 300//300 292//292
f 306//306 293//293 243//243
f 296//296 295//295 294//294
f 1830//1830 1832//1832 300//300
f 287//287 295//295 297//297
f 296//296 298//298 295//295
f 295//295 298//298 297//297
f 296//296 300//300 298//298
f 298//298 299//299 297//297
f 298//298 300//300 299//299
f 299//299 300//300 301//301
f 299//299 301//301 297//297
f 300//300 1832//1832 301//301
f 302//302 1811//1811 303//303
f 1811//1811 302//302 1812//1812
f 348//348 304//304 349//349
f 304//304 348//348 303//303
f 348//348 305//305 303//303
f 305//305 1812//1812 302//302
f 303//303 305//305 302//302
f 1849//1849 301//301 1832//1832
f 308//308 1812//1812 429//429
f 353//353 244//244 254//254
f 429//429 356//356 308//308
f 309//309 355//355 254//254
f 308//308 1833//1833 1812//1812
f 308//308 1834//1834 1833//1833
f 357//357 260//260 313//313
f 255//255 260//260 358//358
f 254//254 255//255 309//309
f 309//309 255//255 358//358
f 357//357 358//358 260//260
f 308//308 311//311 1834//1834
f 1834//1834 311//311 312//312
f 1834//1834 312//312 316//316
f 312//312 311//311 356//356
f 357//357 313//313 314//314
f 361//361 357//357 314//314
f 1834//1834 316//316 315//315
f 362//362 316//316 312//312
f 362//362 312//312 359//359
f 312//312 356//356 1850//1850
f 315//315 316//316 362//362
f 317//317 361//361 314//314
f 363//363 361//361 317//317
f 315//315 362//362 261//261
f 261//261 362//362 264//264
f 367//367 375//375 317//317
f 367//367 317//317 179//179
f 318//318 367//367 179//179
f 266//266 264//264 362//362
f 362//362 319//319 266//266
f 212//212 318//318 179//179
f 362//362 387//387 319//319
f 266//266 319//319 267//267
f 216//216 318//318 212//212
f 319//319 387//387 267//267
f 216//216 384//384 318//318
f 267//267 387//387 320//320
f 321//321 269//269 320//320
f 320//320 387//387 321//321
f 321//321 270//270 269//269
f 216//216 325//325 384//384
f 321//321 322//322 270//270
f 328//328 322//322 321//321
f 321//321 329//329 328//328
f 323//323 321//321 392//392
f 324//324 323//323 392//392
f 329//329 321//321 323//323
f 324//324 326//326 323//323
f 323//323 326//326 329//329
f 325//325 402//402 384//384
f 328//328 327//327 322//322
f 329//329 338//338 328//328
f 329//329 326//326 1841//1841
f 333//333 327//327 328//328
f 327//327 1836//1836 330//330
f 333//333 328//328 338//338
f 327//327 330//330 1820//1820
f 408//408 283//283 332//332
f 338//338 335//335 333//333
f 330//330 334//334 331//331
f 1826//1826 1835//1835 1837//1837
f 283//283 285//285 332//332
f 330//330 333//333 334//334
f 332//332 1826//1826 1837//1837
f 332//332 1837//1837 1838//1838
f 333//333 335//335 334//334
f 281//281 1821//1821 336//336
f 336//336 1821//1821 337//337
f 337//337 412//412 336//336
f 282//282 283//283 1840//1840
f 332//332 1842//1842 408//408
f 283//283 408//408 1840//1840
f 1842//1842 406//406 408//408
f 1840//1840 408//408 1866//1866
f 1842//1842 332//332 1838//1838
f 1827//1827 339//339 340//340
f 1843//1843 287//287 341//341
f 341//341 1844//1844 1843//1843
f 1844//1844 341//341 421//421
f 342//342 288//288 1846//1846
f 343//343 342//342 1846//1846
f 1846//1846 346//346 345//345
f 343//343 1846//1846 345//345
f 350//350 343//343 345//345
f 344//344 340//340 1847//1847
f 287//287 297//297 428//428
f 287//287 428//428 341//341
f 350//350 352//352 343//343
f 1845//1845 352//352 347//347
f 352//352 424//424 347//347
f 347//347 424//424 349//349
f 348//348 349//349 425//425
f 425//425 349//349 424//424
f 350//350 345//345 346//346
f 346//346 351//351 350//350
f 351//351 352//352 350//350
f 351//351 346//346 419//419
f 352//352 351//351 419//419
f 352//352 419//419 418//418
f 352//352 420//420 424//424
f 297//297 301//301 354//354
f 354//354 301//301 1849//1849
f 428//428 297//297 354//354
f 348//348 1875//1875 305//305
f 426//426 429//429 1812//1812
f 426//426 1812//1812 305//305
f 1875//1875 426//426 305//305
f 243//243 245//245 353//353
f 254//254 355//355 353//353
f 356//356 311//311 308//308
f 355//355 309//309 358//358
f 430//430 355//355 358//358
f 430//430 358//358 433//433
f 466//466 356//356 432//432
f 361//361 433//433 357//357
f 358//358 357//357 433//433
f 366//366 1850//1850 360//360
f 1850//1850 356//356 360//360
f 366//366 360//360 435//435
f 360//360 356//356 435//435
f 363//363 317//317 375//375
f 364//364 362//362 359//359
f 366//366 365//365 1850//1850
f 1851//1851 364//364 359//359
f 363//363 444//444 437//437
f 441//441 363//363 437//437
f 444//444 363//363 375//375
f 379//379 364//364 1851//1851
f 382//382 379//379 1851//1851
f 366//366 435//435 440//440
f 1881//1881 365//365 366//366
f 379//379 362//362 364//364
f 368//368 375//375 367//367
f 439//439 444//444 375//375
f 367//367 318//318 368//368
f 368//368 318//318 378//378
f 1856//1856 318//318 384//384
f 378//378 369//369 368//368
f 368//368 373//373 375//375
f 373//373 368//368 374//374
f 368//368 1852//1852 374//374
f 382//382 365//365 370//370
f 383//383 370//370 372//372
f 1858//1858 1854//1854 371//371
f 1858//1858 371//371 1852//1852
f 371//371 374//374 1852//1852
f 1881//1881 1855//1855 370//370
f 371//371 1854//1854 377//377
f 377//377 1854//1854 1882//1882
f 375//375 373//373 439//439
f 439//439 373//373 376//376
f 373//373 374//374 376//376
f 371//371 377//377 374//374
f 374//374 377//377 376//376
f 1881//1881 370//370 365//365
f 376//376 377//377 438//438
f 1882//1882 1879//1879 377//377
f 439//439 376//376 443//443
f 376//376 438//438 443//443
f 1857//1857 380//380 1853//1853
f 382//382 380//380 379//379
f 383//383 380//380 382//382
f 379//379 380//380 381//381
f 362//362 379//379 381//381
f 383//383 1853//1853 380//380
f 382//382 370//370 383//383
f 385//385 1856//1856 384//384
f 385//385 380//380 1856//1856
f 385//385 381//381 380//380
f 386//386 362//362 381//381
f 387//387 362//362 386//386
f 381//381 390//390 386//386
f 386//386 389//389 387//387
f 388//388 321//321 387//387
f 387//387 389//389 388//388
f 384//384 402//402 385//385
f 390//390 381//381 395//395
f 381//381 385//385 395//395
f 390//390 389//389 386//386
f 389//389 390//390 391//391
f 396//396 391//391 390//390
f 401//401 391//391 396//396
f 390//390 395//395 396//396
f 388//388 389//389 321//321
f 389//389 391//391 321//321
f 321//321 391//391 392//392
f 401//401 392//392 391//391
f 394//394 392//392 401//401
f 402//402 395//395 385//385
f 392//392 393//393 324//324
f 324//324 393//393 326//326
f 393//393 397//397 326//326
f 392//392 1859//1859 393//393
f 400//400 398//398 393//393
f 398//398 1860//1860 393//393
f 1859//1859 400//400 393//393
f 394//394 401//401 1861//1861
f 1839//1839 402//402 325//325
f 396//396 404//404 401//401
f 404//404 396//396 405//405
f 326//326 397//397 407//407
f 399//399 1864//1864 1860//1860
f 400//400 1860//1860 398//398
f 400//400 399//399 1860//1860
f 399//399 400//400 403//403
f 403//403 1864//1864 399//399
f 403//403 1861//1861 401//401
f 395//395 402//402 405//405
f 396//396 395//395 405//405
f 326//326 407//407 1841//1841
f 1864//1864 403//403 410//410
f 401//401 404//404 403//403
f 404//404 405//405 413//413
f 402//402 414//414 405//405
f 1862//1862 1864//1864 409//409
f 407//407 1863//1863 1841//1841
f 410//410 409//409 1864//1864
f 1865//1865 408//408 406//406
f 416//416 408//408 1865//1865
f 1869//1869 410//410 413//413
f 1870//1870 409//409 410//410
f 403//403 404//404 410//410
f 410//410 404//404 413//413
f 402//402 1839//1839 1867//1867
f 416//416 411//411 408//408
f 1866//1866 408//408 411//411
f 402//402 1867//1867 414//414
f 1866//1866 411//411 416//416
f 414//414 1868//1868 1871//1871
f 405//405 415//415 413//413
f 405//405 414//414 415//415
f 413//413 415//415 1872//1872
f 1871//1871 415//415 414//414
f 341//341 428//428 417//417
f 341//341 417//417 421//421
f 340//340 1874//1874 1847//1847
f 1874//1874 1873//1873 1847//1847
f 420//420 418//418 419//419
f 420//420 352//352 418//418
f 1874//1874 420//420 1873//1873
f 428//428 422//422 417//417
f 422//422 421//421 417//417
f 423//423 421//421 422//422
f 423//423 420//420 1874//1874
f 1875//1875 427//427 426//426
f 427//427 429//429 426//426
f 429//429 427//427 517//517
f 513//513 463//463 427//427
f 354//354 1849//1849 431//431
f 464//464 354//354 431//431
f 428//428 354//354 464//464
f 356//356 429//429 432//432
f 430//430 353//353 355//355
f 430//430 1876//1876 353//353
f 434//434 1876//1876 430//430
f 434//434 430//430 433//433
f 466//466 435//435 356//356
f 434//434 433//433 468//468
f 470//470 464//464 431//431
f 363//363 441//441 436//436
f 436//436 361//361 363//363
f 437//437 442//442 441//441
f 433//433 361//361 468//468
f 444//444 445//445 437//437
f 1883//1883 437//437 445//445
f 441//441 472//472 436//436
f 440//440 446//446 1880//1880
f 446//446 440//440 435//435
f 361//361 436//436 469//469
f 436//436 1909//1909 469//469
f 443//443 438//438 444//444
f 438//438 1884//1884 444//444
f 439//439 443//443 444//444
f 444//444 482//482 445//445
f 444//444 446//446 482//482
f 435//435 471//471 446//446
f 477//477 1883//1883 445//445
f 477//477 445//445 482//482
f 447//447 453//453 448//448
f 455//455 1885//1885 1890//1890
f 496//496 495//495 449//449
f 1933//1933 497//497 1891//1891
f 1894//1894 1886//1886 498//498
f 1887//1887 502//502 1941//1941
f 453//453 454//454 448//448
f 448//448 458//458 1897//1897
f 497//497 450//450 1891//1891
f 449//449 451//451 496//496
f 1891//1891 450//450 1892//1892
f 450//450 452//452 1892//1892
f 450//450 503//503 452//452
f 1936//1936 1893//1893 1895//1895
f 1892//1892 452//452 453//453
f 452//452 454//454 453//453
f 452//452 458//458 454//454
f 454//454 458//458 448//448
f 458//458 452//452 504//504
f 458//458 457//457 1897//1897
f 456//456 1888//1888 1898//1898
f 1897//1897 457//457 1899//1899
f 458//458 504//504 507//507
f 502//502 1887//1887 506//506
f 1949//1949 1889//1889 1900//1900
f 506//506 1901//1901 459//459
f 457//457 1903//1903 1902//1902
f 422//422 460//460 423//423
f 420//420 423//423 460//460
f 422//422 461//461 460//460
f 424//424 460//460 1875//1875
f 460//460 424//424 420//420
f 422//422 428//428 461//461
f 462//462 1875//1875 460//460
f 462//462 512//512 1875//1875
f 1906//1906 1904//1904 1905//1905
f 1906//1906 1905//1905 1952//1952
f 427//427 1875//1875 513//513
f 463//463 517//517 427//427
f 465//465 428//428 464//464
f 465//465 461//461 428//428
f 432//432 429//429 517//517
f 464//464 470//470 465//465
f 465//465 563//563 461//461
f 517//517 466//466 432//432
f 1877//1877 1878//1878 467//467
f 466//466 471//471 435//435
f 1907//1907 467//467 1878//1878
f 431//431 467//467 470//470
f 466//466 561//561 471//471
f 361//361 469//469 468//468
f 468//468 469//469 1909//1909
f 472//472 441//441 442//442
f 467//467 473//473 470//470
f 470//470 473//473 475//475
f 1910//1910 473//473 1908//1908
f 1907//1907 473//473 467//467
f 470//470 481//481 465//465
f 474//474 472//472 442//442
f 476//476 474//474 442//442
f 1911//1911 473//473 1910//1910
f 1911//1911 1912//1912 473//473
f 477//477 1913//1913 1883//1883
f 475//475 473//473 480//480
f 481//481 470//470 475//475
f 475//475 486//486 481//481
f 475//475 480//480 486//486
f 561//561 519//519 471//471
f 1913//1913 477//477 478//478
f 477//477 479//479 478//478
f 485//485 479//479 477//477
f 480//480 1914//1914 1915//1915
f 1916//1916 480//480 1915//1915
f 473//473 1912//1912 480//480
f 477//477 482//482 1919//1919
f 481//481 486//486 520//520
f 483//483 490//490 446//446
f 483//483 446//446 471//471
f 471//471 519//519 483//483
f 1916//1916 484//484 480//480
f 480//480 484//484 486//486
f 485//485 1917//1917 479//479
f 446//446 487//487 482//482
f 482//482 487//487 1919//1919
f 1917//1917 485//485 1921//1921
f 1922//1922 1920//1920 1918//1918
f 486//486 1923//1923 489//489
f 488//488 489//489 1923//1923
f 486//486 489//489 520//520
f 1956//1956 489//489 488//488
f 446//446 490//490 487//487
f 490//490 1924//1924 487//487
f 1924//1924 490//490 1957//1957
f 499//499 491//491 500//500
f 492//492 500//500 491//491
f 505//505 500//500 492//492
f 502//502 493//493 1943//1943
f 1944//1944 1927//1927 1925//1925
f 1928//1928 494//494 1926//1926
f 491//491 1930//1930 492//492
f 1930//1930 529//529 492//492
f 501//501 1945//1945 1939//1939
f 1934//1934 1937//1937 1947//1947
f 1940//1940 1935//1935 1948//1948
f 502//502 1947//1947 1937//1937
f 1896//1896 1942//1942 1938//1938
f 499//499 500//500 450//450
f 500//500 505//505 450//450
f 499//499 450//450 497//497
f 450//450 505//505 503//503
f 1937//1937 1941//1941 502//502
f 1946//1946 1947//1947 502//502
f 493//493 502//502 524//524
f 503//503 504//504 452//452
f 503//503 505//505 504//504
f 505//505 507//507 504//504
f 529//529 505//505 492//492
f 502//502 532//532 527//527
f 502//502 506//506 509//509
f 508//508 506//506 459//459
f 457//457 511//511 1903//1903
f 502//502 509//509 532//532
f 506//506 508//508 509//509
f 457//457 458//458 511//511
f 505//505 539//539 507//507
f 507//507 511//511 458//458
f 1966//1966 511//511 507//507
f 1950//1950 1903//1903 511//511
f 509//509 1951//1951 510//510
f 1950//1950 511//511 537//537
f 510//510 1951//1951 537//537
f 536//536 509//509 510//510
f 537//537 536//536 510//510
f 1875//1875 512//512 513//513
f 512//512 514//514 513//513
f 1953//1953 1952//1952 1905//1905
f 555//555 1953//1953 1905//1905
f 514//514 516//516 513//513
f 553//553 516//516 514//514
f 1970//1970 553//553 514//514
f 515//515 517//517 463//463
f 515//515 463//463 513//513
f 516//516 515//515 513//513
f 516//516 554//554 515//515
f 556//556 1971//1971 461//461
f 557//557 466//466 517//517
f 560//560 466//466 557//557
f 561//561 466//466 560//560
f 481//481 563//563 465//465
f 563//563 556//556 461//461
f 481//481 1958//1958 563//563
f 1984//1984 1955//1955 1981//1981
f 519//519 518//518 483//483
f 490//490 483//483 1954//1954
f 490//490 1954//1954 1959//1959
f 1960//1960 518//518 519//519
f 1961//1961 1955//1955 1984//1984
f 1929//1929 524//524 1931//1931
f 524//524 525//525 1931//1931
f 521//521 529//529 1930//1930
f 526//526 521//521 1964//1964
f 1964//1964 521//521 1932//1932
f 521//521 523//523 529//529
f 521//521 526//526 522//522
f 522//522 523//523 521//521
f 524//524 502//502 525//525
f 525//525 502//502 527//527
f 525//525 527//527 1965//1965
f 527//527 1962//1962 1965//1965
f 564//564 1962//1962 527//527
f 1963//1963 564//564 528//528
f 523//523 522//522 528//528
f 565//565 529//529 523//523
f 530//530 529//529 565//565
f 565//565 567//567 530//530
f 530//530 567//567 569//569
f 569//569 529//529 530//530
f 532//532 509//509 536//536
f 536//536 531//531 532//532
f 527//527 532//532 533//533
f 564//564 527//527 533//533
f 534//534 533//533 532//532
f 531//531 534//534 532//532
f 564//564 533//533 534//534
f 505//505 535//535 539//539
f 505//505 529//529 535//535
f 535//535 574//574 573//573
f 531//531 536//536 537//537
f 531//531 537//537 534//534
f 580//580 534//534 537//537
f 580//580 537//537 544//544
f 1966//1966 538//538 511//511
f 538//538 541//541 511//511
f 542//542 538//538 1966//1966
f 1966//1966 540//540 542//542
f 1966//1966 552//552 540//540
f 1969//1969 535//535 573//573
f 1969//1969 539//539 535//535
f 573//573 575//575 1969//1969
f 548//548 537//537 543//543
f 537//537 511//511 543//543
f 543//543 511//511 541//541
f 538//538 542//542 541//541
f 541//541 542//542 543//543
f 542//542 545//545 543//543
f 544//544 537//537 548//548
f 547//547 542//542 540//540
f 550//550 547//547 540//540
f 545//545 542//542 549//549
f 549//549 546//546 545//545
f 548//548 543//543 1967//1967
f 543//543 545//545 546//546
f 547//547 549//549 542//542
f 547//547 646//646 549//549
f 551//551 550//550 540//540
f 551//551 540//540 552//552
f 1968//1968 582//582 550//550
f 547//547 550//550 582//582
f 551//551 552//552 603//603
f 515//515 557//557 517//517
f 553//553 554//554 516//516
f 557//557 515//515 554//554
f 554//554 553//553 1970//1970
f 557//557 554//554 1970//1970
f 1971//1971 556//556 558//558
f 557//557 1970//1970 1973//1973
f 559//559 557//557 1973//1973
f 1972//1972 1974//1974 1978//1978
f 1975//1975 558//558 556//556
f 1979//1979 562//562 1981//1981
f 1976//1976 556//556 1982//1982
f 1980//1980 1977//1977 1983//1983
f 556//556 563//563 1982//1982
f 1981//1981 562//562 1984//1984
f 528//528 564//564 566//566
f 566//566 564//564 570//570
f 565//565 523//523 528//528
f 568//568 567//567 565//565
f 566//566 565//565 528//528
f 565//565 566//566 568//568
f 566//566 570//570 571//571
f 566//566 572//572 615//615
f 566//566 615//615 568//568
f 572//572 566//566 571//571
f 529//529 569//569 535//535
f 569//569 574//574 535//535
f 567//567 574//574 569//569
f 568//568 615//615 567//567
f 574//574 567//567 615//615
f 564//564 534//534 570//570
f 571//571 570//570 581//581
f 615//615 572//572 621//621
f 615//615 576//576 574//574
f 574//574 575//575 573//573
f 576//576 575//575 574//574
f 576//576 577//577 575//575
f 575//575 577//577 1969//1969
f 577//577 576//576 618//618
f 618//618 578//578 577//577
f 618//618 579//579 578//578
f 1985//1985 587//587 578//578
f 1985//1985 588//588 587//587
f 588//588 1985//1985 589//589
f 2020//2020 619//619 1986//1986
f 619//619 1990//1990 1986//1986
f 580//580 570//570 534//534
f 580//580 544//544 598//598
f 580//580 598//598 570//570
f 570//570 598//598 581//581
f 549//549 646//646 546//546
f 1967//1967 647//647 548//548
f 548//548 647//647 544//544
f 1968//1968 603//603 582//582
f 547//547 582//582 583//583
f 583//583 2064//2064 547//547
f 583//583 582//582 599//599
f 2013//2013 600//600 1987//1987
f 1969//1969 577//577 584//584
f 552//552 1989//1989 608//608
f 577//577 578//578 584//584
f 586//586 584//584 585//585
f 578//578 585//585 584//584
f 585//585 578//578 610//610
f 1989//1989 586//586 608//608
f 585//585 609//609 586//586
f 585//585 2018//2018 609//609
f 608//608 586//586 609//609
f 578//578 653//653 610//610
f 578//578 587//587 653//653
f 588//588 590//590 587//587
f 588//588 589//589 590//590
f 1991//1991 623//623 1992//1992
f 592//592 594//594 587//587
f 592//592 587//587 590//590
f 619//619 2022//2022 1990//1990
f 591//591 2023//2023 1997//1997
f 1998//1998 2024//2024 2004//2004
f 594//594 653//653 587//587
f 2025//2025 1994//1994 1993//1993
f 595//595 592//592 590//590
f 595//595 590//590 596//596
f 590//590 593//593 596//596
f 1994//1994 2000//2000 1993//1993
f 1995//1995 2007//2007 2001//2001
f 1996//1996 1999//1999 2008//2008
f 2002//2002 2009//2009 624//624
f 2005//2005 2026//2026 2010//2010
f 2028//2028 2011//2011 2027//2027
f 2003//2003 2029//2029 625//625
f 2030//2030 597//597 593//593
f 596//596 2006//2006 595//595
f 596//596 2012//2012 2006//2006
f 593//593 597//597 596//596
f 2030//2030 626//626 597//597
f 594//594 597//597 653//653
f 1967//1967 2064//2064 647//647
f 598//598 544//544 647//647
f 628//628 598//598 647//647
f 2014//2014 582//582 603//603
f 604//604 600//600 2013//2013
f 601//601 1987//1987 600//600
f 601//601 600//600 604//604
f 604//604 629//629 2015//2015
f 629//629 1988//1988 2015//2015
f 2033//2033 2064//2064 583//583
f 2013//2013 602//602 604//604
f 2016//2016 2014//2014 603//603
f 605//605 604//604 602//602
f 605//605 602//602 606//606
f 2016//2016 603//603 2017//2017
f 629//629 604//604 605//605
f 603//603 552//552 608//608
f 607//607 603//603 608//608
f 607//607 2017//2017 603//603
f 608//608 611//611 607//607
f 608//608 609//609 611//611
f 611//611 649//649 607//607
f 611//611 609//609 649//649
f 609//609 2018//2018 649//649
f 653//653 612//612 610//610
f 653//653 597//597 634//634
f 2018//2018 613//613 649//649
f 2018//2018 612//612 613//613
f 653//653 660//660 612//612
f 614//614 613//613 612//612
f 660//660 697//697 612//612
f 612//612 697//697 614//614
f 650//650 613//613 2019//2019
f 2019//2019 2148//2148 698//698
f 572//572 571//571 620//620
f 572//572 620//620 621//621
f 616//616 576//576 615//615
f 615//615 617//617 616//616
f 616//616 618//618 576//576
f 622//622 616//616 617//617
f 622//622 2022//2022 619//619
f 622//622 618//618 616//616
f 619//619 618//618 622//622
f 571//571 581//581 2021//2021
f 722//722 621//621 620//620
f 615//615 621//621 719//719
f 621//621 723//723 719//719
f 724//724 621//621 722//722
f 617//617 615//615 719//719
f 719//719 723//723 721//721
f 617//617 627//627 622//622
f 627//627 2022//2022 622//622
f 2029//2029 2022//2022 627//627
f 625//625 2029//2029 627//627
f 2031//2031 625//625 627//627
f 626//626 633//633 597//597
f 2037//2037 2031//2031 627//627
f 627//627 636//636 2037//2037
f 598//598 628//628 581//581
f 647//647 732//732 628//628
f 581//581 628//628 2183//2183
f 581//581 2183//2183 2021//2021
f 605//605 630//630 629//629
f 630//630 605//605 606//606
f 631//631 630//630 606//606
f 606//606 649//649 631//631
f 631//631 632//632 2035//2035
f 649//649 632//632 631//631
f 649//649 2017//2017 607//607
f 726//726 636//636 627//627
f 633//633 634//634 597//597
f 633//633 635//635 634//634
f 653//653 634//634 641//641
f 636//636 2038//2038 2037//2037
f 636//636 644//644 2038//2038
f 636//636 645//645 644//644
f 645//645 636//636 656//656
f 635//635 637//637 634//634
f 634//634 2041//2041 639//639
f 641//641 634//634 639//639
f 642//642 639//639 2041//2041
f 2041//2041 643//643 642//642
f 2060//2060 638//638 2039//2039
f 640//640 2039//2039 638//638
f 2040//2040 2049//2049 2042//2042
f 2047//2047 2061//2061 2054//2054
f 2047//2047 2044//2044 2061//2061
f 2045//2045 2056//2056 2050//2050
f 2046//2046 2048//2048 2057//2057
f 2055//2055 2062//2062 2058//2058
f 2051//2051 2058//2058 2062//2062
f 2043//2043 2052//2052 2059//2059
f 643//643 641//641 642//642
f 643//643 653//653 641//641
f 2063//2063 2059//2059 2052//2052
f 2063//2063 652//652 2059//2059
f 2053//2053 644//644 645//645
f 2064//2064 2033//2033 729//729
f 728//728 732//732 647//647
f 729//729 648//648 2064//2064
f 2064//2064 648//648 647//647
f 2184//2184 647//647 648//648
f 729//729 2033//2033 791//791
f 648//648 729//729 2184//2184
f 649//649 735//735 632//632
f 2036//2036 632//632 2034//2034
f 613//613 650//650 649//649
f 2065//2065 651//651 643//643
f 643//643 651//651 653//653
f 2065//2065 654//654 651//651
f 653//653 651//651 654//654
f 656//656 2066//2066 645//645
f 2070//2070 2068//2068 2067//2067
f 2071//2071 658//658 2069//2069
f 2072//2072 655//655 654//654
f 653//653 654//654 660//660
f 660//660 654//654 655//655
f 655//655 2072//2072 660//660
f 662//662 658//658 2071//2071
f 656//656 663//663 2075//2075
f 636//636 663//663 656//656
f 650//650 657//657 649//649
f 659//659 660//660 2072//2072
f 661//661 659//659 2072//2072
f 2076//2076 2074//2074 2073//2073
f 2074//2074 2076//2076 666//666
f 2078//2078 659//659 661//661
f 2079//2079 2075//2075 664//664
f 2079//2079 664//664 670//670
f 2075//2075 663//663 664//664
f 659//659 2078//2078 667//667
f 659//659 2080//2080 660//660
f 665//665 2083//2083 2077//2077
f 665//665 663//663 668//668
f 663//663 665//665 2077//2077
f 2079//2079 670//670 673//673
f 744//744 657//657 2019//2019
f 686//686 744//744 2019//2019
f 686//686 752//752 744//744
f 686//686 753//753 752//752
f 657//657 650//650 2019//2019
f 660//660 716//716 697//697
f 669//669 667//667 2078//2078
f 672//672 2081//2081 2082//2082
f 2088//2088 671//671 2080//2080
f 2080//2080 671//671 660//660
f 671//671 675//675 660//660
f 660//660 683//683 716//716
f 674//674 2083//2083 665//665
f 668//668 676//676 665//665
f 676//676 674//674 665//665
f 660//660 675//675 683//683
f 668//668 681//681 2100//2100
f 2092//2092 669//669 2078//2078
f 2089//2089 2084//2084 2095//2095
f 2093//2093 2085//2085 2090//2090
f 2096//2096 2086//2086 2091//2091
f 2082//2082 2094//2094 672//672
f 2097//2097 678//678 2087//2087
f 671//671 2104//2104 675//675
f 675//675 2104//2104 677//677
f 679//679 677//677 680//680
f 680//680 677//677 2104//2104
f 2105//2105 674//674 676//676
f 2098//2098 2101//2101 2115//2115
f 2098//2098 2115//2115 2108//2108
f 675//675 679//679 683//683
f 2099//2099 2103//2103 2102//2102
f 676//676 2109//2109 2105//2105
f 2102//2102 2103//2103 2110//2110
f 2106//2106 2111//2111 2116//2116
f 2107//2107 2117//2117 2112//2112
f 682//682 2113//2113 2118//2118
f 2119//2119 2122//2122 2114//2114
f 679//679 680//680 683//683
f 668//668 2120//2120 681//681
f 2123//2123 2121//2121 684//684
f 683//683 2124//2124 716//716
f 668//668 685//685 2120//2120
f 2125//2125 2120//2120 688//688
f 688//688 2120//2120 685//685
f 2019//2019 698//698 686//686
f 698//698 759//759 686//686
f 2127//2127 689//689 687//687
f 2128//2128 2126//2126 2124//2124
f 2129//2129 693//693 2126//2126
f 688//688 760//760 2130//2130
f 716//716 2124//2124 2126//2126
f 760//760 688//688 685//685
f 691//691 692//692 693//693
f 691//691 693//693 2129//2129
f 694//694 2137//2137 2134//2134
f 760//760 690//690 2130//2130
f 2130//2130 690//690 2133//2133
f 2193//2193 2138//2138 2131//2131
f 2135//2135 2133//2133 690//690
f 2135//2135 690//690 695//695
f 2145//2145 2132//2132 2139//2139
f 2143//2143 2136//2136 2146//2146
f 2144//2144 2147//2147 2140//2140
f 693//693 716//716 2126//2126
f 693//693 699//699 716//716
f 2149//2149 2141//2141 700//700
f 696//696 2142//2142 760//760
f 2142//2142 696//696 2151//2151
f 2148//2148 709//709 698//698
f 697//697 716//716 2170//2170
f 702//702 699//699 701//701
f 2152//2152 2153//2153 2150//2150
f 702//702 716//716 699//699
f 763//763 2151//2151 696//696
f 2151//2151 703//703 2154//2154
f 2151//2151 763//763 703//703
f 2155//2155 2158//2158 2156//2156
f 759//759 698//698 704//704
f 758//758 759//759 2161//2161
f 2171//2171 704//704 698//698
f 2159//2159 706//706 2157//2157
f 2164//2164 705//705 702//702
f 702//702 705//705 716//716
f 2160//2160 707//707 2165//2165
f 2167//2167 2162//2162 2166//2166
f 2163//2163 2168//2168 712//712
f 703//703 763//763 2169//2169
f 2169//2169 763//763 2174//2174
f 2171//2171 713//713 704//704
f 713//713 708//708 704//704
f 713//713 714//714 708//708
f 708//708 761//761 704//704
f 761//761 708//708 2176//2176
f 2170//2170 710//710 2175//2175
f 716//716 710//710 2170//2170
f 712//712 711//711 2163//2163
f 705//705 2172//2172 716//716
f 711//711 712//712 766//766
f 2175//2175 710//710 716//716
f 716//716 715//715 2175//2175
f 715//715 716//716 717//717
f 2172//2172 717//717 716//716
f 2177//2177 2178//2178 713//713
f 713//713 2178//2178 714//714
f 2172//2172 770//770 717//717
f 717//717 770//770 718//718
f 2194//2194 2198//2198 2173//2173
f 717//717 718//718 771//771
f 772//772 762//762 2179//2179
f 772//772 2179//2179 2201//2201
f 774//774 2202//2202 2180//2180
f 617//617 720//720 627//627
f 720//720 617//617 719//719
f 721//721 720//720 719//719
f 720//720 726//726 627//627
f 725//725 720//720 721//721
f 2032//2032 2186//2186 722//722
f 723//723 621//621 724//724
f 721//721 723//723 784//784
f 784//784 723//723 724//724
f 725//725 721//721 726//726
f 725//725 726//726 720//720
f 721//721 727//727 726//726
f 727//727 794//794 726//726
f 721//721 794//794 727//727
f 728//728 731//731 732//732
f 733//733 732//732 731//731
f 2186//2186 734//734 722//722
f 729//729 730//730 2184//2184
f 730//730 729//729 791//791
f 731//731 2185//2185 730//730
f 731//731 730//730 791//791
f 2186//2186 2187//2187 734//734
f 722//722 734//734 724//724
f 731//731 790//790 733//733
f 740//740 735//735 649//649
f 791//791 790//790 731//731
f 797//797 791//791 2033//2033
f 738//738 632//632 735//735
f 738//738 735//735 739//739
f 739//739 735//735 737//737
f 736//736 737//737 735//735
f 739//739 737//737 736//736
f 2034//2034 632//632 738//738
f 739//739 736//736 743//743
f 739//739 743//743 799//799
f 2034//2034 738//738 2223//2223
f 2223//2223 738//738 739//739
f 739//739 799//799 2223//2223
f 657//657 740//740 649//649
f 740//740 657//657 741//741
f 742//742 740//740 741//741
f 742//742 735//735 740//740
f 736//736 735//735 742//742
f 741//741 736//736 742//742
f 749//749 736//736 741//741
f 743//743 746//746 799//799
f 743//743 736//736 746//746
f 741//741 657//657 744//744
f 744//744 747//747 741//741
f 745//745 636//636 726//726
f 636//636 745//745 668//668
f 668//668 663//663 636//636
f 736//736 749//749 746//746
f 799//799 746//746 795//795
f 753//753 744//744 752//752
f 741//741 747//747 749//749
f 753//753 747//747 744//744
f 747//747 753//753 748//748
f 749//749 747//747 748//748
f 2188//2188 748//748 754//754
f 748//748 753//753 754//754
f 750//750 2188//2188 754//754
f 751//751 750//750 754//754
f 2188//2188 750//750 751//751
f 749//749 2189//2189 746//746
f 754//754 800//800 751//751
f 745//745 755//755 668//668
f 668//668 755//755 760//760
f 746//746 798//798 795//795
f 757//757 753//753 2191//2191
f 757//757 754//754 753//753
f 2190//2190 801//801 2225//2225
f 754//754 757//757 2226//2226
f 2226//2226 757//757 808//808
f 759//759 753//753 686//686
f 753//753 759//759 758//758
f 760//760 755//755 807//807
f 756//756 807//807 755//755
f 685//685 668//668 760//760
f 763//763 760//760 807//807
f 763//763 696//696 760//760
f 2192//2192 704//704 761//761
f 761//761 762//762 2192//2192
f 811//811 2192//2192 762//762
f 762//762 816//816 811//811
f 2176//2176 762//762 761//761
f 817//817 764//764 763//763
f 2174//2174 763//763 2195//2195
f 763//763 764//764 2195//2195
f 2199//2199 2195//2195 764//764
f 765//765 764//764 819//819
f 2179//2179 762//762 2176//2176
f 765//765 2199//2199 764//764
f 767//767 762//762 772//772
f 767//767 2204//2204 775//775
f 769//769 768//768 775//775
f 2196//2196 767//767 775//775
f 768//768 769//769 765//765
f 767//767 816//816 762//762
f 767//767 2196//2196 816//816
f 2181//2181 2200//2200 777//777
f 765//765 769//769 2199//2199
f 2199//2199 769//769 2207//2207
f 769//769 775//775 776//776
f 769//769 776//776 2207//2207
f 773//773 2204//2204 2203//2203
f 2203//2203 2205//2205 773//773
f 2208//2208 2206//2206 2182//2182
f 2204//2204 773//773 775//775
f 775//775 773//773 2205//2205
f 2207//2207 776//776 2205//2205
f 776//776 775//775 2205//2205
f 780//780 779//779 778//778
f 788//788 778//778 779//779
f 783//783 2212//2212 2209//2209
f 781//781 2210//2210 2213//2213
f 781//781 782//782 2210//2210
f 789//789 2210//2210 782//782
f 2215//2215 2211//2211 2218//2218
f 829//829 781//781 2213//2213
f 781//781 831//831 782//782
f 833//833 783//783 2209//2209
f 734//734 2187//2187 2221//2221
f 734//734 784//784 724//724
f 2221//2221 785//785 734//734
f 785//785 2221//2221 792//792
f 734//734 785//785 784//784
f 785//785 839//839 784//784
f 721//721 784//784 786//786
f 721//721 786//786 787//787
f 794//794 721//721 787//787
f 842//842 787//787 786//786
f 794//794 787//787 842//842
f 841//841 842//842 786//786
f 837//837 2209//2209 2216//2216
f 837//837 2216//2216 883//883
f 2217//2217 2219//2219 2302//2302
f 2221//2221 2222//2222 793//793
f 2221//2221 793//793 792//792
f 2222//2222 847//847 793//793
f 847//847 2222//2222 2224//2224
f 785//785 792//792 793//793
f 793//793 2288//2288 785//785
f 2288//2288 859//859 785//785
f 840//840 785//785 859//859
f 746//746 2189//2189 798//798
f 726//726 846//846 796//796
f 745//745 726//726 796//796
f 796//796 891//891 745//745
f 745//745 891//891 894//894
f 848//848 2223//2223 799//799
f 795//795 798//798 857//857
f 857//857 855//855 795//795
f 799//799 795//795 850//850
f 848//848 799//799 850//850
f 795//795 855//855 850//850
f 802//802 798//798 2189//2189
f 800//800 2227//2227 751//751
f 803//803 798//798 802//802
f 806//806 2227//2227 800//800
f 2231//2231 2228//2228 804//804
f 803//803 856//856 798//798
f 798//798 856//856 857//857
f 757//757 2191//2191 2237//2237
f 745//745 756//756 755//755
f 894//894 807//807 756//756
f 894//894 756//756 745//745
f 2229//2229 805//805 2233//2233
f 2232//2232 2233//2233 854//854
f 854//854 2233//2233 863//863
f 2225//2225 801//801 2234//2234
f 808//808 2235//2235 2226//2226
f 2229//2229 860//860 805//805
f 860//860 2233//2233 805//805
f 2230//2230 2236//2236 860//860
f 860//860 863//863 2233//2233
f 894//894 809//809 807//807
f 2238//2238 2237//2237 2191//2191
f 809//809 867//867 807//807
f 2237//2237 2238//2238 810//810
f 763//763 807//807 813//813
f 817//817 763//763 813//813
f 814//814 813//813 807//807
f 814//814 2247//2247 813//813
f 815//815 814//814 807//807
f 2247//2247 814//814 815//815
f 807//807 867//867 815//815
f 2238//2238 2244//2244 812//812
f 2245//2245 818//818 2239//2239
f 2240//2240 2249//2249 871//871
f 819//819 817//817 2250//2250
f 2248//2248 2242//2242 2251//2251
f 2252//2252 2243//2243 820//820
f 820//820 815//815 870//870
f 867//867 870//870 815//815
f 764//764 817//817 819//819
f 819//819 2250//2250 768//768
f 819//819 768//768 765//765
f 2197//2197 2253//2253 2246//2246
f 910//910 2252//2252 820//820
f 827//827 832//832 829//829
f 821//821 823//823 822//822
f 2257//2257 2279//2279 2254//2254
f 2258//2258 827//827 829//829
f 2261//2261 824//824 2259//2259
f 825//825 2264//2264 2262//2262
f 2267//2267 2263//2263 2255//2255
f 2265//2265 2274//2274 2260//2260
f 2266//2266 2268//2268 2275//2275
f 2269//2269 828//828 826//826
f 2276//2276 2270//2270 2271//2271
f 2255//2255 880//880 2267//2267
f 827//827 2272//2272 832//832
f 2273//2273 2277//2277 876//876
f 880//880 2278//2278 2267//2267
f 832//832 2272//2272 2299//2299
f 2256//2256 2280//2280 830//830
f 2282//2282 2281//2281 2214//2214
f 2283//2283 2212//2212 783//783
f 831//831 781//781 829//829
f 2283//2283 783//783 833//833
f 831//831 829//829 832//832
f 934//934 833//833 837//837
f 837//837 883//883 934//934
f 2283//2283 833//833 2255//2255
f 834//834 831//831 832//832
f 833//833 880//880 2255//2255
f 834//834 782//782 831//831
f 834//834 789//789 782//782
f 789//789 834//834 838//838
f 836//836 838//838 834//834
f 834//834 832//832 881//881
f 834//834 835//835 836//836
f 834//834 881//881 835//835
f 833//833 2209//2209 837//837
f 2285//2285 2303//2303 2220//2220
f 2303//2303 2285//2285 2284//2284
f 2286//2286 786//786 784//784
f 839//839 785//785 840//840
f 794//794 842//842 843//843
f 845//845 842//842 841//841
f 845//845 843//843 842//842
f 786//786 2286//2286 844//844
f 841//841 786//786 844//844
f 840//840 887//887 839//839
f 839//839 887//887 2287//2287
f 844//844 845//845 841//841
f 845//845 794//794 843//843
f 889//889 794//794 845//845
f 846//846 794//794 889//889
f 889//889 890//890 846//846
f 794//794 846//846 726//726
f 891//891 796//796 846//846
f 847//847 2224//2224 2289//2289
f 847//847 2289//2289 849//849
f 848//848 850//850 2290//2290
f 852//852 849//849 851//851
f 852//852 847//847 849//849
f 850//850 2291//2291 2290//2290
f 853//853 2291//2291 850//850
f 857//857 853//853 850//850
f 859//859 2288//2288 858//858
f 2288//2288 2292//2292 858//858
f 855//855 857//857 850//850
f 859//859 947//947 840//840
f 852//852 851//851 2293//2293
f 2295//2295 852//852 2293//2293
f 2295//2295 2293//2293 857//857
f 854//854 2294//2294 2232//2232
f 857//857 856//856 862//862
f 2295//2295 857//857 864//864
f 859//859 892//892 947//947
f 892//892 859//859 858//858
f 858//858 2297//2297 892//892
f 2294//2294 854//854 861//861
f 2296//2296 861//861 854//854
f 856//856 861//861 862//862
f 862//862 861//861 893//893
f 861//861 2296//2296 893//893
f 864//864 857//857 862//862
f 895//895 863//863 860//860
f 893//893 2296//2296 2310//2310
f 864//864 862//862 893//893
f 860//860 2236//2236 2237//2237
f 2237//2237 865//865 860//860
f 810//810 2238//2238 866//866
f 898//898 868//868 809//809
f 894//894 898//898 809//809
f 867//867 809//809 868//868
f 865//865 2237//2237 810//810
f 810//810 866//866 900//900
f 810//810 900//900 865//865
f 866//866 2238//2238 812//812
f 868//868 870//870 867//867
f 869//869 866//866 812//812
f 820//820 870//870 872//872
f 872//872 875//875 820//820
f 954//954 870//870 868//868
f 869//869 812//812 904//904
f 904//904 812//812 873//873
f 874//874 2298//2298 2241//2241
f 871//871 874//874 2241//2241
f 2249//2249 910//910 871//871
f 872//872 870//870 954//954
f 871//871 910//910 874//874
f 910//910 820//820 875//875
f 875//875 872//872 910//910
f 908//908 874//874 910//910
f 2299//2299 881//881 832//832
f 2277//2277 877//877 876//876
f 2278//2278 878//878 2300//2300
f 880//880 878//878 2278//2278
f 2299//2299 879//879 881//881
f 877//877 919//919 876//876
f 919//919 879//879 876//876
f 921//921 879//879 920//920
f 920//920 879//879 919//919
f 2300//2300 923//923 2340//2340
f 924//924 882//882 921//921
f 928//928 929//929 882//882
f 934//934 2301//2301 833//833
f 879//879 921//921 881//881
f 880//880 931//931 878//878
f 835//835 881//881 882//882
f 835//835 882//882 836//836
f 882//882 881//881 921//921
f 934//934 883//883 885//885
f 882//882 884//884 836//836
f 2304//2304 2303//2303 2284//2284
f 882//882 938//938 884//884
f 2304//2304 2350//2350 2303//2303
f 938//938 882//882 937//937
f 2303//2303 2350//2350 939//939
f 883//883 2351//2351 885//885
f 844//844 886//886 845//845
f 886//886 889//889 845//845
f 886//886 844//844 2305//2305
f 2305//2305 889//889 886//886
f 888//888 2306//2306 840//840
f 2309//2309 2307//2307 2308//2308
f 840//840 947//947 888//888
f 941//941 2309//2309 2308//2308
f 890//890 941//941 846//846
f 941//941 891//891 846//846
f 941//941 890//890 889//889
f 944//944 891//891 941//941
f 891//891 945//945 894//894
f 896//896 947//947 892//892
f 892//892 2297//2297 896//896
f 896//896 2297//2297 893//893
f 944//944 945//945 891//891
f 2310//2310 896//896 893//893
f 947//947 896//896 2310//2310
f 895//895 860//860 901//901
f 894//894 945//945 946//946
f 897//897 898//898 894//894
f 897//897 894//894 946//946
f 901//901 899//899 2310//2310
f 860//860 865//865 901//901
f 2310//2310 899//899 947//947
f 947//947 899//899 901//901
f 946//946 954//954 898//898
f 898//898 954//954 868//868
f 900//900 866//866 902//902
f 901//901 865//865 900//900
f 902//902 901//901 900//900
f 869//869 902//902 866//866
f 869//869 2312//2312 902//902
f 901//901 902//902 903//903
f 953//953 901//901 903//903
f 903//903 902//902 2312//2312
f 953//953 903//903 918//918
f 955//955 872//872 954//954
f 2312//2312 905//905 903//903
f 2298//2298 874//874 906//906
f 2311//2311 2313//2313 907//907
f 2311//2311 907//907 2337//2337
f 988//988 918//918 964//964
f 874//874 909//909 906//906
f 904//904 873//873 2314//2314
f 907//907 2313//2313 915//915
f 2312//2312 2328//2328 905//905
f 907//907 915//915 916//916
f 909//909 874//874 908//908
f 908//908 917//917 909//909
f 910//910 917//917 908//908
f 909//909 917//917 913//913
f 2366//2366 2338//2338 2335//2335
f 872//872 911//911 910//910
f 917//917 910//910 911//911
f 872//872 958//958 911//911
f 911//911 2367//2367 917//917
f 904//904 2314//2314 2329//2329
f 914//914 906//906 909//909
f 914//914 912//912 906//906
f 2318//2318 2330//2330 2315//2315
f 2324//2324 2316//2316 2332//2332
f 907//907 2325//2325 2321//2321
f 2322//2322 2326//2326 2317//2317
f 2331//2331 2319//2319 2333//2333
f 2334//2334 2320//2320 2327//2327
f 2337//2337 907//907 2321//2321
f 2339//2339 2323//2323 2336//2336
f 2341//2341 922//922 2342//2342
f 920//920 2344//2344 921//921
f 2347//2347 2343//2343 2345//2345
f 878//878 923//923 2300//2300
f 2340//2340 927//927 2346//2346
f 927//927 2340//2340 923//923
f 928//928 882//882 924//924
f 2346//2346 925//925 2348//2348
f 924//924 926//926 928//928
f 2346//2346 927//927 925//925
f 2348//2348 925//925 2349//2349
f 926//926 929//929 928//928
f 929//929 970//970 882//882
f 930//930 929//929 926//926
f 878//878 931//931 932//932
f 932//932 923//923 878//878
f 932//932 933//933 923//923
f 923//923 933//933 927//927
f 967//967 927//927 933//933
f 932//932 969//969 933//933
f 932//932 931//931 969//969
f 882//882 970//970 937//937
f 929//929 930//930 970//970
f 931//931 2301//2301 934//934
f 934//934 935//935 931//931
f 931//931 935//935 969//969
f 935//935 934//934 936//936
f 940//940 936//936 934//934
f 940//940 934//934 885//885
f 969//969 935//935 936//936
f 936//936 971//971 969//969
f 940//940 885//885 2351//2351
f 974//974 940//940 2351//2351
f 939//939 2350//2350 975//975
f 938//938 972//972 2373//2373
f 888//888 947//947 942//942
f 941//941 2308//2308 2352//2352
f 941//941 2352//2352 943//943
f 2353//2353 942//942 947//947
f 944//944 941//941 943//943
f 2353//2353 947//947 949//949
f 2355//2355 944//944 943//943
f 949//949 945//945 944//944
f 947//947 948//948 949//949
f 946//946 898//898 897//897
f 945//945 949//949 946//946
f 2354//2354 947//947 953//953
f 2354//2354 953//953 950//950
f 946//946 949//949 951//951
f 948//948 2356//2356 949//949
f 949//949 2356//2356 951//951
f 946//946 952//952 954//954
f 946//946 951//951 2357//2357
f 989//989 2357//2357 951//951
f 947//947 901//901 953//953
f 951//951 2356//2356 986//986
f 951//951 986//986 989//989
f 953//953 918//918 988//988
f 954//954 952//952 2380//2380
f 954//954 956//956 955//955
f 954//954 2380//2380 956//956
f 955//955 956//956 961//961
f 959//959 988//988 964//964
f 988//988 959//959 962//962
f 963//963 956//956 957//957
f 2358//2358 988//988 962//962
f 872//872 955//955 960//960
f 872//872 960//960 958//958
f 2361//2361 2368//2368 2362//2362
f 960//960 2367//2367 958//958
f 961//961 960//960 955//955
f 961//961 963//963 2363//2363
f 2362//2362 2364//2364 2361//2361
f 2362//2362 2365//2365 2364//2364
f 956//956 963//963 961//961
f 2359//2359 2364//2364 2365//2365
f 2367//2367 911//911 958//958
f 925//925 927//927 967//967
f 930//930 2349//2349 968//968
f 925//925 967//967 2349//2349
f 933//933 969//969 965//965
f 2369//2369 967//967 933//933
f 967//967 2369//2369 966//966
f 967//967 966//966 990//990
f 2370//2370 965//965 969//969
f 2349//2349 967//967 968//968
f 2383//2383 968//968 967//967
f 930//930 968//968 992//992
f 992//992 970//970 930//930
f 2383//2383 1028//1028 968//968
f 971//971 2370//2370 969//969
f 940//940 974//974 936//936
f 971//971 936//936 2372//2372
f 973//973 974//974 2351//2351
f 938//938 937//937 972//972
f 983//983 2373//2373 972//972
f 970//970 995//995 937//937
f 937//937 995//995 972//972
f 976//976 973//973 939//939
f 974//974 973//973 976//976
f 974//974 976//976 1016//1016
f 975//975 976//976 939//939
f 975//975 977//977 976//976
f 983//983 982//982 2373//2373
f 977//977 975//975 978//978
f 2376//2376 2374//2374 2377//2377
f 977//977 978//978 979//979
f 980//980 984//984 2375//2375
f 980//980 976//976 977//977
f 980//980 977//977 981//981
f 977//977 979//979 981//981
f 1013//1013 976//976 2378//2378
f 982//982 983//983 1000//1000
f 979//979 978//978 985//985
f 983//983 1001//1001 1000//1000
f 982//982 1000//1000 1023//1023
f 2378//2378 1014//1014 1013//1013
f 984//984 980//980 2395//2395
f 981//981 2395//2395 980//980
f 2376//2376 2377//2377 985//985
f 2377//2377 2399//2399 985//985
f 989//989 986//986 987//987
f 2356//2356 987//987 986//986
f 2379//2379 950//950 953//953
f 953//953 988//988 2379//2379
f 2379//2379 988//988 2381//2381
f 988//988 2360//2360 2381//2381
f 2382//2382 957//957 956//956
f 966//966 991//991 990//990
f 2371//2371 1030//1030 991//991
f 990//990 991//991 993//993
f 968//968 1028//1028 2384//2384
f 991//991 1030//1030 993//993
f 993//993 2403//2403 990//990
f 970//970 992//992 995//995
f 971//971 999//999 2370//2370
f 999//999 994//994 2370//2370
f 995//995 992//992 996//996
f 996//996 992//992 1031//1031
f 1031//1031 2384//2384 1028//1028
f 1029//1029 1030//1030 2371//2371
f 997//997 983//983 972//972
f 995//995 997//997 972//972
f 995//995 996//996 1032//1032
f 997//997 995//995 1032//1032
f 1032//1032 1036//1036 997//997
f 1032//1032 996//996 1031//1031
f 1169//1169 2404//2404 1032//1032
f 1036//1036 1035//1035 997//997
f 997//997 1035//1035 2386//2386
f 2386//2386 1035//1035 998//998
f 998//998 1038//1038 1004//1004
f 1007//1007 1004//1004 1038//1038
f 1007//1007 1038//1038 1009//1009
f 1009//1009 1038//1038 1010//1010
f 1012//1012 1010//1010 1040//1040
f 971//971 2372//2372 999//999
f 999//999 2372//2372 2396//2396
f 1016//1016 976//976 1013//1013
f 999//999 1017//1017 1054//1054
f 997//997 1001//1001 983//983
f 1000//1000 1002//1002 1023//1023
f 1000//1000 1001//1001 1002//1002
f 1003//1003 1002//1002 1001//1001
f 2385//2385 1005//1005 1001//1001
f 1001//1001 1025//1025 1003//1003
f 2385//2385 2387//2387 1005//1005
f 2387//2387 1006//1006 1005//1005
f 2387//2387 1008//1008 1006//1006
f 1008//1008 2389//2389 1006//1006
f 1005//1005 1006//1006 1001//1001
f 2388//2388 1008//1008 2387//2387
f 1008//1008 2388//2388 2389//2389
f 1006//1006 2389//2389 1076//1076
f 2389//2389 2390//2390 1011//1011
f 2390//2390 2391//2391 1011//1011
f 1011//1011 2391//2391 1046//1046
f 1046//1046 2391//2391 1047//1047
f 1044//1044 1045//1045 2392//2392
f 981//981 1015//1015 2395//2395
f 1019//1019 1018//1018 1015//1015
f 1019//1019 1015//1015 981//981
f 2395//2395 1015//1015 1018//1018
f 1016//1016 1013//1013 1014//1014
f 1017//1017 1016//1016 1014//1014
f 1017//1017 1014//1014 2397//2397
f 999//999 2396//2396 1017//1017
f 985//985 981//981 979//979
f 1019//1019 981//981 985//985
f 1018//1018 1019//1019 1055//1055
f 1020//1020 985//985 2399//2399
f 985//985 1020//1020 1021//1021
f 1021//1021 1020//1020 1022//1022
f 1021//1021 1022//1022 1056//1056
f 985//985 1021//1021 1019//1019
f 1020//1020 2399//2399 1022//1022
f 1022//1022 2399//2399 1056//1056
f 1021//1021 1056//1056 1072//1072
f 1056//1056 1074//1074 1072//1072
f 1003//1003 1024//1024 1002//1002
f 1002//1002 1024//1024 1023//1023
f 2400//2400 1056//1056 2399//2399
f 1056//1056 2400//2400 2401//2401
f 1003//1003 1025//1025 1024//1024
f 1001//1001 1026//1026 1025//1025
f 1027//1027 1025//1025 1026//1026
f 1026//1026 1077//1077 1078//1078
f 2370//2370 994//994 1029//1029
f 1029//1029 994//994 1041//1041
f 1033//1033 1031//1031 1028//1028
f 2403//2403 993//993 1034//1034
f 2403//2403 1034//1034 1033//1033
f 1034//1034 993//993 1030//1030
f 1041//1041 1030//1030 1029//1029
f 1031//1031 1033//1033 1032//1032
f 1033//1033 1034//1034 1240//1240
f 1032//1032 1037//1037 1169//1169
f 1033//1033 1037//1037 1032//1032
f 1240//1240 1037//1037 1033//1033
f 998//998 1035//1035 1038//1038
f 1035//1035 1042//1042 2405//2405
f 1038//1038 1040//1040 1010//1010
f 1042//1042 1039//1039 2405//2405
f 1039//1039 2406//2406 2405//2405
f 1044//1044 2392//2392 2407//2407
f 2408//2408 994//994 999//999
f 2421//2421 2408//2408 999//999
f 1034//1034 1030//1030 1041//1041
f 1034//1034 1041//1041 1174//1174
f 2408//2408 2421//2421 2589//2589
f 1037//1037 1240//1240 1167//1167
f 1168//1168 1035//1035 1036//1036
f 2404//2404 1169//1169 1168//1168
f 1037//1037 1167//1167 1166//1166
f 1037//1037 1166//1166 1169//1169
f 1168//1168 1043//1043 1035//1035
f 1035//1035 1043//1043 1042//1042
f 1011//1011 1046//1046 2389//2389
f 2409//2409 1048//1048 1039//1039
f 1049//1049 1048//1048 2409//2409
f 1050//1050 2417//2417 1042//1042
f 1043//1043 1050//1050 1042//1042
f 1050//1050 1043//1043 1170//1170
f 2406//2406 1039//1039 2410//2410
f 1039//1039 1048//1048 2410//2410
f 2410//2410 1048//1048 2411//2411
f 2413//2413 1051//1051 1048//1048
f 2411//2411 1048//1048 1051//1051
f 2414//2414 2416//2416 2417//2417
f 1057//1057 1046//1046 1047//1047
f 2412//2412 2418//2418 2393//2393
f 2419//2419 2415//2415 2394//2394
f 2417//2417 1053//1053 2414//2414
f 2414//2414 1053//1053 1052//1052
f 1047//1047 2420//2420 1057//1057
f 1053//1053 2417//2417 1050//1050
f 2401//2401 2402//2402 1056//1056
f 1006//1006 1076//1076 1001//1001
f 1001//1001 1079//1079 1026//1026
f 1076//1076 1079//1079 1001//1001
f 1057//1057 2389//2389 1046//1046
f 1052//1052 1053//1053 1058//1058
f 1057//1057 2420//2420 2425//2425
f 1058//1058 1053//1053 1065//1065
f 1057//1057 2425//2425 1060//1060
f 1065//1065 1053//1053 1050//1050
f 1080//1080 2389//2389 1057//1057
f 1063//1063 1060//1060 2425//2425
f 1063//1063 2425//2425 1064//1064
f 1064//1064 2425//2425 1061//1061
f 1061//1061 1066//1066 1064//1064
f 1063//1063 1064//1064 1080//1080
f 1065//1065 1059//1059 1058//1058
f 2432//2432 1058//1058 1059//1059
f 2429//2429 2426//2426 2441//2441
f 2430//2430 2442//2442 1062//1062
f 2427//2427 2438//2438 2433//2433
f 2428//2428 2431//2431 2439//2439
f 2434//2434 2440//2440 2443//2443
f 2436//2436 2443//2443 2440//2440
f 2435//2435 1065//1065 2444//2444
f 1060//1060 2437//2437 1057//1057
f 2437//2437 1080//1080 1057//1057
f 1080//1080 2437//2437 1063//1063
f 1066//1066 1068//1068 1064//1064
f 1064//1064 2449//2449 1080//1080
f 1050//1050 1173//1173 1065//1065
f 1065//1065 1173//1173 2444//2444
f 1173//1173 1069//1069 2444//2444
f 1176//1176 1069//1069 1173//1173
f 1082//1082 2450//2450 1067//1067
f 2457//2457 2446//2446 1084//1084
f 2453//2453 2447//2447 2451//2451
f 1083//1083 2459//2459 2448//2448
f 2445//2445 2454//2454 2452//2452
f 1069//1069 1083//1083 2448//2448
f 1083//1083 1069//1069 1176//1176
f 1073//1073 1019//1019 1021//1021
f 1072//1072 1073//1073 1021//1021
f 2424//2424 2398//2398 1070//1070
f 1070//1070 2398//2398 1073//1073
f 1070//1070 1175//1175 2424//2424
f 1071//1071 1018//1018 1055//1055
f 2590//2590 1071//1071 1055//1055
f 1073//1073 1072//1072 1074//1074
f 1095//1095 1056//1056 1096//1096
f 1095//1095 1074//1074 1056//1056
f 1095//1095 1184//1184 1074//1074
f 1056//1056 2402//2402 1075//1075
f 1075//1075 1096//1096 1056//1056
f 1026//1026 1078//1078 1027//1027
f 1078//1078 1075//1075 2402//2402
f 1026//1026 1079//1079 2456//2456
f 1077//1077 1099//1099 1078//1078
f 2456//2456 1079//1079 2496//2496
f 2389//2389 1080//1080 1076//1076
f 1080//1080 1081//1081 1076//1076
f 1076//1076 1081//1081 1079//1079
f 1083//1083 1089//1089 2459//2459
f 2449//2449 1085//1085 1087//1087
f 2458//2458 1085//1085 2449//2449
f 1080//1080 2449//2449 1093//1093
f 2449//2449 1087//1087 1093//1093
f 1080//1080 1093//1093 1121//1121
f 1085//1085 2458//2458 1086//1086
f 2463//2463 2457//2457 1084//1084
f 2464//2464 2473//2473 2461//2461
f 2465//2465 2460//2460 2474//2474
f 2462//2462 2475//2475 2466//2466
f 2467//2467 2476//2476 1088//1088
f 2477//2477 1092//1092 2471//2471
f 2468//2468 2472//2472 1091//1091
f 2488//2488 1094//1094 1109//1109
f 2490//2490 1090//1090 2478//2478
f 1083//1083 2491//2491 1089//1089
f 2485//2485 2479//2479 2480//2480
f 2482//2482 2492//2492 2469//2469
f 2483//2483 1090//1090 2490//2490
f 2470//2470 2493//2493 2489//2489
f 2484//2484 2486//2486 2481//2481
f 1091//1091 2472//2472 2487//2487
f 1111//1111 2491//2491 1176//1176
f 1083//1083 1176//1176 2491//2491
f 1110//1110 1112//1112 2510//2510
f 2510//2510 2491//2491 1110//1110
f 2491//2491 1111//1111 1110//1110
f 1182//1182 1074//1074 2594//2594
f 1074//1074 1182//1182 1177//1177
f 1179//1179 1095//1095 1096//1096
f 1096//1096 1075//1075 1192//1192
f 1100//1100 1097//1097 1075//1075
f 1075//1075 1097//1097 1101//1101
f 1098//1098 1075//1075 1101//1101
f 1098//1098 1192//1192 1075//1075
f 1078//1078 1099//1099 2498//2498
f 2498//2498 1099//1099 1102//1102
f 1079//1079 1105//1105 2496//2496
f 1075//1075 1078//1078 2498//2498
f 1100//1100 2499//2499 1103//1103
f 1097//1097 1100//1100 1103//1103
f 1097//1097 1103//1103 1108//1108
f 2508//2508 1101//1101 1097//1097
f 1101//1101 1107//1107 1119//1119
f 1101//1101 2509//2509 1107//1107
f 1098//1098 1101//1101 1119//1119
f 2497//2497 2504//2504 2500//2500
f 1103//1103 2499//2499 1104//1104
f 2501//2501 2505//2505 2502//2502
f 1103//1103 1104//1104 1108//1108
f 2506//2506 1108//1108 1104//1104
f 1105//1105 2507//2507 2503//2503
f 1105//1105 1106//1106 2507//2507
f 1106//1106 1118//1118 2507//2507
f 2527//2527 1119//1119 1107//1107
f 1079//1079 1081//1081 1105//1105
f 1105//1105 1081//1081 1106//1106
f 1081//1081 1118//1118 1106//1106
f 1080//1080 1121//1121 1081//1081
f 2511//2511 2513//2513 1113//1113
f 1110//1110 1114//1114 2514//2514
f 1114//1114 1110//1110 1111//1111
f 1111//1111 1195//1195 1114//1114
f 2515//2515 2520//2520 2516//2516
f 1123//1123 2512//2512 2517//2517
f 1116//1116 1123//1123 2517//2517
f 1123//1123 1093//1093 2512//2512
f 1114//1114 1115//1115 1124//1124
f 1114//1114 1195//1195 1115//1115
f 2521//2521 1117//1117 2518//2518
f 2519//2519 2524//2524 2522//2522
f 1114//1114 1124//1124 2525//2525
f 2533//2533 2523//2523 2526//2526
f 1124//1124 1115//1115 1125//1125
f 1120//1120 1131//1131 2495//2495
f 2495//2495 2528//2528 1120//1120
f 2527//2527 1133//1133 1119//1119
f 2540//2540 1118//1118 1081//1081
f 1149//1149 2540//2540 1081//1081
f 1093//1093 1123//1123 1121//1121
f 2533//2533 2531//2531 2523//2523
f 1124//1124 1125//1125 1122//1122
f 1122//1122 1125//1125 1126//1126
f 1123//1123 2529//2529 1135//1135
f 1122//1122 1126//1126 1128//1128
f 2534//2534 2530//2530 2532//2532
f 1129//1129 1126//1126 1125//1125
f 1126//1126 1129//1129 1128//1128
f 1127//1127 1129//1129 1125//1125
f 1115//1115 1127//1127 1125//1125
f 1135//1135 1138//1138 1123//1123
f 1196//1196 1127//1127 1115//1115
f 1196//1196 1139//1139 1127//1127
f 1138//1138 1121//1121 1123//1123
f 1134//1134 1135//1135 2529//2529
f 1130//1130 2541//2541 2535//2535
f 2529//2529 2536//2536 1134//1134
f 2548//2548 2541//2541 1130//1130
f 1127//1127 2537//2537 1129//1129
f 2537//2537 1128//1128 1129//1129
f 2537//2537 1127//1127 1139//1139
f 1132//1132 1131//1131 1120//1120
f 1119//1119 1133//1133 2539//2539
f 1120//1120 2528//2528 1132//1132
f 2539//2539 1143//1143 2538//2538
f 1143//1143 2539//2539 1133//1133
f 2540//2540 1149//1149 2563//2563
f 2549//2549 2545//2545 2542//2542
f 1121//1121 1138//1138 1145//1145
f 1121//1121 2567//2567 1081//1081
f 1081//1081 2567//2567 1149//1149
f 1135//1135 1134//1134 2550//2550
f 2551//2551 1140//1140 1136//1136
f 1137//1137 2543//2543 2553//2553
f 1141//1141 1137//1137 2553//2553
f 2552//2552 2543//2543 2546//2546
f 2546//2546 2543//2543 1137//1137
f 1196//1196 1140//1140 2551//2551
f 2555//2555 2547//2547 2544//2544
f 1142//1142 2556//2556 2554//2554
f 2559//2559 2568//2568 2557//2557
f 2560//2560 1144//1144 2569//2569
f 1196//1196 2561//2561 1140//1140
f 1205//1205 1203//1203 2561//2561
f 1145//1145 1138//1138 2558//2558
f 1143//1143 1211//1211 2538//2538
f 1149//1149 1146//1146 2563//2563
f 1211//1211 1143//1143 1210//1210
f 2601//2601 2565//2565 2562//2562
f 2566//2566 1206//1206 2570//2570
f 2602//2602 1148//1148 2567//2567
f 2564//2564 2571//2571 1147//1147
f 1147//1147 2571//2571 1150//1150
f 2572//2572 2574//2574 1151//1151
f 1210//1210 1143//1143 2572//2572
f 1146//1146 1152//1152 2575//2575
f 1146//1146 1157//1157 1152//1152
f 1149//1149 1157//1157 1146//1146
f 1149//1149 1163//1163 1157//1157
f 2567//2567 1148//1148 1149//1149
f 2572//2572 1151//1151 1210//1210
f 1155//1155 1151//1151 2576//2576
f 1151//1151 2574//2574 2576//2576
f 2577//2577 1210//1210 1151//1151
f 2576//2576 1154//1154 1155//1155
f 1152//1152 1157//1157 1154//1154
f 1210//1210 2577//2577 1153//1153
f 1154//1154 1157//1157 1156//1156
f 1149//1149 1223//1223 1163//1163
f 1223//1223 1222//1222 1163//1163
f 1159//1159 1153//1153 1158//1158
f 1161//1161 1153//1153 1159//1159
f 1155//1155 1154//1154 1156//1156
f 1153//1153 2577//2577 1158//1158
f 2578//2578 2579//2579 1158//1158
f 1159//1159 1158//1158 2579//2579
f 1156//1156 1157//1157 2580//2580
f 1157//1157 1160//1160 2580//2580
f 2584//2584 2581//2581 2582//2582
f 2583//2583 1157//1157 1163//1163
f 1229//1229 1217//1217 1161//1161
f 1230//1230 1162//1162 1222//1222
f 2624//2624 1231//1231 2585//2585
f 1222//1222 1162//1162 1163//1163
f 2584//2584 2582//2582 2586//2586
f 2586//2586 1164//1164 2584//2584
f 1161//1161 2587//2587 1229//1229
f 1234//1234 1229//1229 2587//2587
f 1235//1235 1234//1234 2587//2587
f 2629//2629 1164//1164 2586//2586
f 1236//1236 1163//1163 1162//1162
f 1236//1236 1165//1165 1163//1163
f 1236//1236 1237//1237 1165//1165
f 2586//2586 2588//2588 2629//2629
f 2588//2588 2633//2633 2629//2629
f 1168//1168 1169//1169 1170//1170
f 1167//1167 1169//1169 1166//1166
f 1043//1043 1168//1168 1170//1170
f 1034//1034 1174//1174 1240//1240
f 1167//1167 1172//1172 1169//1169
f 1169//1169 1172//1172 1170//1170
f 1172//1172 1167//1167 1171//1171
f 1167//1167 1240//1240 1171//1171
f 1170//1170 1172//1172 1244//1244
f 1172//1172 1171//1171 1244//1244
f 1171//1171 1241//1241 1243//1243
f 1170//1170 1173//1173 1050//1050
f 1170//1170 1247//1247 1173//1173
f 2455//2455 1054//1054 1017//1017
f 2455//2455 1017//1017 2397//2397
f 1246//1246 2422//2422 1071//1071
f 1071//1071 2590//2590 1246//1246
f 1247//1247 1170//1170 1244//1244
f 1181//1181 1173//1173 1247//1247
f 1181//1181 1176//1176 1173//1173
f 1070//1070 1073//1073 1248//1248
f 1073//1073 1074//1074 1177//1177
f 1178//1178 1248//1248 1073//1073
f 1073//1073 1177//1177 1178//1178
f 1250//1250 1248//1248 1178//1178
f 1178//1178 1177//1177 1182//1182
f 1175//1175 1070//1070 1248//1248
f 2494//2494 2591//2591 1180//1180
f 1188//1188 1180//1180 2591//2591
f 1179//1179 1096//1096 2596//2596
f 1095//1095 2592//2592 1184//1184
f 1186//1186 1189//1189 1096//1096
f 1247//1247 1194//1194 1181//1181
f 1194//1194 1176//1176 1181//1181
f 1195//1195 1176//1176 1194//1194
f 1111//1111 1176//1176 1195//1195
f 2596//2596 1096//1096 1189//1189
f 2592//2592 1185//1185 1184//1184
f 2597//2597 1183//1183 2593//2593
f 1184//1184 1185//1185 1252//1252
f 2592//2592 1252//1252 1185//1185
f 1183//1183 2644//2644 2593//2593
f 2594//2594 1253//1253 1182//1182
f 1253//1253 2594//2594 2644//2644
f 1192//1192 1187//1187 1096//1096
f 1192//1192 1193//1193 1187//1187
f 1096//1096 1187//1187 2595//2595
f 1187//1187 1190//1190 2595//2595
f 1189//1189 1186//1186 2599//2599
f 2597//2597 1254//1254 1183//1183
f 2598//2598 1190//1190 1191//1191
f 1183//1183 2645//2645 2644//2644
f 1189//1189 2600//2600 2596//2596
f 1191//1191 1254//1254 2597//2597
f 1193//1193 1192//1192 1098//1098
f 1199//1199 1193//1193 1098//1098
f 1193//1193 1197//1197 1187//1187
f 1098//1098 2538//2538 1204//1204
f 1195//1195 1196//1196 1115//1115
f 1196//1196 1195//1195 1194//1194
f 1198//1198 1187//1187 1197//1197
f 1198//1198 1190//1190 1187//1187
f 1190//1190 1198//1198 1191//1191
f 1254//1254 1191//1191 1198//1198
f 1098//1098 1202//1202 1199//1199
f 1193//1193 1199//1199 1200//1200
f 1200//1200 1199//1199 1201//1201
f 1201//1201 1199//1199 1202//1202
f 1193//1193 1200//1200 1197//1197
f 1200//1200 1201//1201 1256//1256
f 1200//1200 1256//1256 1257//1257
f 1197//1197 1200//1200 1257//1257
f 1202//1202 1098//1098 1204//1204
f 1205//1205 1194//1194 1255//1255
f 1196//1196 1194//1194 1205//1205
f 2561//2561 1196//1196 1205//1205
f 1201//1201 1258//1258 1256//1256
f 1201//1201 1202//1202 1287//1287
f 1211//1211 1207//1207 2538//2538
f 1255//1255 1212//1212 1205//1205
f 2601//2601 2603//2603 2565//2565
f 1203//1203 1205//1205 2604//2604
f 2604//2604 1205//1205 1213//1213
f 2538//2538 1208//1208 1209//1209
f 2538//2538 1209//1209 1204//1204
f 1209//1209 1202//1202 1204//1204
f 2538//2538 1207//1207 1208//1208
f 1211//1211 1210//1210 1153//1153
f 1207//1207 1226//1226 1208//1208
f 1212//1212 1213//1213 1205//1205
f 2605//2605 2606//2606 2573//2573
f 2573//2573 2606//2606 2618//2618
f 1149//1149 1148//1148 1223//1223
f 1213//1213 1212//1212 2619//2619
f 1211//1211 1215//1215 1207//1207
f 1207//1207 1215//1215 1228//1228
f 1228//1228 1232//1232 1207//1207
f 1207//1207 1232//1232 1226//1226
f 1208//1208 1227//1227 1263//1263
f 1211//1211 1153//1153 1214//1214
f 1211//1211 2607//2607 1215//1215
f 1215//1215 1216//1216 1228//1228
f 2609//2609 2608//2608 2611//2611
f 1215//1215 2612//2612 1216//1216
f 2613//2613 1218//1218 2610//2610
f 1214//1214 1153//1153 1161//1161
f 1219//1219 1221//1221 1212//1212
f 1221//1221 1260//1260 1220//1220
f 1260//1260 2614//2614 1220//1220
f 1221//1221 1219//1219 1260//1260
f 2619//2619 1212//1212 1225//1225
f 1212//1212 1221//1221 1225//1225
f 1225//1225 1221//1221 1224//1224
f 2620//2620 2621//2621 2617//2617
f 2622//2622 2619//2619 1225//1225
f 1208//1208 1226//1226 1227//1227
f 1227//1227 1226//1226 1262//1262
f 1262//1262 1226//1226 1232//1232
f 1216//1216 1233//1233 1228//1228
f 1216//1216 2616//2616 1233//1233
f 1161//1161 1217//1217 1214//1214
f 2614//2614 1229//1229 1220//1220
f 1220//1220 1238//1238 1221//1221
f 2621//2621 2625//2625 2617//2617
f 2621//2621 2626//2626 2625//2625
f 2623//2623 1221//1221 2627//2627
f 1228//1228 1239//1239 1232//1232
f 1228//1228 1233//1233 1239//1239
f 1234//1234 1220//1220 1229//1229
f 1238//1238 1220//1220 1235//1235
f 1235//1235 1220//1220 1234//1234
f 2627//2627 1221//1221 1238//1238
f 2628//2628 2636//2636 2630//2630
f 1231//1231 2631//2631 2585//2585
f 2632//2632 2637//2637 2634//2634
f 1238//1238 1235//1235 2635//2635
f 1267//1267 1262//1262 1232//1232
f 1233//1233 1265//1265 1239//1239
f 1233//1233 1261//1261 1265//1265
f 1241//1241 1171//1171 1240//1240
f 2421//2421 1245//1245 2589//2589
f 1245//1245 1242//1242 2589//2589
f 1174//1174 2638//2638 1240//1240
f 1243//1243 1244//1244 1171//1171
f 1244//1244 1243//1243 1241//1241
f 1278//1278 1241//1241 1240//1240
f 1329//1329 1244//1244 1277//1277
f 1244//1244 1241//1241 1277//1277
f 1278//1278 1277//1277 1241//1241
f 2640//2640 2639//2639 2423//2423
f 2590//2590 2641//2641 1246//1246
f 2640//2640 2642//2642 2639//2639
f 1255//1255 1194//1194 1247//1247
f 1249//1249 2639//2639 2642//2642
f 1249//1249 2642//2642 1251//1251
f 1182//1182 1253//1253 1178//1178
f 1253//1253 2643//2643 1178//1178
f 1251//1251 2642//2642 2643//2643
f 1251//1251 2643//2643 1253//1253
f 2639//2639 1249//1249 1251//1251
f 1251//1251 1274//1274 2639//2639
f 1253//1253 2644//2644 2645//2645
f 1253//1253 2646//2646 1280//1280
f 1251//1251 1253//1253 1280//1280
f 1212//1212 1255//1255 1259//1259
f 1257//1257 1254//1254 1198//1198
f 1257//1257 1198//1198 1197//1197
f 1257//1257 1256//1256 1258//1258
f 1258//1258 1282//1282 1257//1257
f 1284//1284 1288//1288 2647//2647
f 1291//1291 1287//1287 1202//1202
f 2647//2647 1288//1288 2648//2648
f 2649//2649 2614//2614 1260//1260
f 2648//2648 2616//2616 2615//2615
f 2648//2648 1292//1292 2616//2616
f 2648//2648 1288//1288 1292//1292
f 1212//1212 1259//1259 1219//1219
f 2649//2649 1260//1260 1219//1219
f 1291//1291 1202//1202 1209//1209
f 1263//1263 1209//1209 1208//1208
f 1233//1233 2616//2616 1261//1261
f 1261//1261 2616//2616 1292//1292
f 1227//1227 1262//1262 1263//1263
f 1263//1263 1262//1262 1264//1264
f 1263//1263 1264//1264 1293//1293
f 1232//1232 1239//1239 1267//1267
f 1269//1269 1262//1262 1267//1267
f 1239//1239 1266//1266 1267//1267
f 1266//1266 1239//1239 1265//1265
f 1265//1265 1261//1261 1305//1305
f 1305//1305 1304//1304 1265//1265
f 2651//2651 2650//2650 1304//1304
f 1264//1264 1262//1262 1294//1294
f 1293//1293 1264//1264 1294//1294
f 1294//1294 1262//1262 1269//1269
f 1266//1266 1268//1268 1267//1267
f 1271//1271 1294//1294 2652//2652
f 1268//1268 1270//1270 1267//1267
f 1269//1269 1267//1267 1270//1270
f 1269//1269 1270//1270 2653//2653
f 1266//1266 1306//1306 1268//1268
f 1268//1268 1272//1272 1270//1270
f 1268//1268 1306//1306 1272//1272
f 1270//1270 1272//1272 2653//2653
f 1245//1245 1273//1273 1242//1242
f 1240//1240 1276//1276 1275//1275
f 1275//1275 1278//1278 1240//1240
f 2654//2654 1240//1240 2638//2638
f 1276//1276 1240//1240 2654//2654
f 2655//2655 1273//1273 1245//1245
f 1273//1273 2655//2655 2656//2656
f 1276//1276 1278//1278 1275//1275
f 1281//1281 1274//1274 1251//1251
f 1274//1274 1281//1281 1279//1279
f 2656//2656 2655//2655 2658//2658
f 1278//1278 1329//1329 1277//1277
f 1281//1281 1251//1251 1280//1280
f 1280//1280 2646//2646 1281//1281
f 1329//1329 1247//1247 1244//1244
f 1283//1283 2647//2647 1247//1247
f 1257//1257 1285//1285 1254//1254
f 1281//1281 2646//2646 1286//1286
f 1336//1336 1281//1281 1286//1286
f 1282//1282 1285//1285 1257//1257
f 1285//1285 1282//1282 1258//1258
f 1284//1284 2647//2647 1283//1283
f 1283//1283 1345//1345 1284//1284
f 1285//1285 1286//1286 2646//2646
f 1289//1289 1286//1286 1285//1285
f 1285//1285 1258//1258 1289//1289
f 1286//1286 1289//1289 1348//1348
f 1289//1289 1258//1258 1201//1201
f 1343//1343 1288//1288 1284//1284
f 1292//1292 1288//1288 1349//1349
f 1201//1201 1287//1287 1289//1289
f 1289//1289 1287//1287 1290//1290
f 1291//1291 1290//1290 1287//1287
f 1291//1291 1289//1289 1290//1290
f 1348//1348 1289//1289 1291//1291
f 1291//1291 1209//1209 1263//1263
f 1292//1292 1296//1296 1261//1261
f 1291//1291 1263//1263 1293//1293
f 1292//1292 1355//1355 1296//1296
f 1354//1354 1296//1296 1355//1355
f 1294//1294 1295//1295 1293//1293
f 1295//1295 1291//1291 1293//1293
f 1348//1348 1291//1291 1295//1295
f 1295//1295 1299//1299 1348//1348
f 1296//1296 1305//1305 1261//1261
f 1297//1297 1305//1305 1296//1296
f 1296//1296 1354//1354 1297//1297
f 1297//1297 1354//1354 1357//1357
f 1297//1297 1357//1357 1305//1305
f 1295//1295 1294//1294 1271//1271
f 1309//1309 1306//1306 1266//1266
f 2651//2651 1304//1304 1301//1301
f 1299//1299 1271//1271 1298//1298
f 1309//1309 1266//1266 2660//2660
f 1302//1302 1299//1299 1298//1298
f 1298//1298 1307//1307 1308//1308
f 1302//1302 1298//1298 1308//1308
f 1295//1295 1271//1271 1299//1299
f 1299//1299 1302//1302 1300//1300
f 1299//1299 1300//1300 2720//2720
f 2665//2665 2659//2659 2661//2661
f 2665//2665 2721//2721 2659//2659
f 1356//1356 1299//1299 2720//2720
f 1301//1301 1303//1303 2670//2670
f 1304//1304 1303//1303 1301//1301
f 1305//1305 1303//1303 1304//1304
f 2666//2666 2662//2662 2664//2664
f 1307//1307 1298//1298 1271//1271
f 1272//1272 2667//2667 2653//2653
f 1272//1272 1306//1306 2668//2668
f 1306//1306 1309//1309 2669//2669
f 1308//1308 1307//1307 2671//2671
f 2671//2671 2663//2663 1308//1308
f 2662//2662 2672//2672 2664//2664
f 1313//1313 1317//1317 1311//1311
f 2674//2674 1310//1310 2677//2677
f 2683//2683 1312//1312 2675//2675
f 2674//2674 1359//1359 1310//1310
f 2676//2676 1358//1358 2724//2724
f 1312//1312 1362//1362 2675//2675
f 2673//2673 1316//1316 2678//2678
f 2678//2678 1316//1316 1314//1314
f 2679//2679 2680//2680 1315//1315
f 1320//1320 1314//1314 1316//1316
f 1315//1315 2683//2683 2679//2679
f 1322//1322 2681//2681 2684//2684
f 1316//1316 1319//1319 1320//1320
f 2682//2682 2685//2685 1315//1315
f 2673//2673 1319//1319 1316//1316
f 1315//1315 1318//1318 2683//2683
f 1318//1318 1315//1315 2685//2685
f 2683//2683 1318//1318 1312//1312
f 1318//1318 1362//1362 1312//1312
f 1318//1318 2685//2685 1382//1382
f 2656//2656 2658//2658 1328//1328
f 1276//1276 2689//2689 1278//1278
f 1320//1320 1321//1321 1323//1323
f 1323//1323 1330//1330 1320//1320
f 1321//1321 1320//1320 1319//1319
f 1319//1319 1369//1369 1321//1321
f 1369//1369 1383//1383 1321//1321
f 1322//1322 2684//2684 2692//2692
f 2686//2686 1331//1331 2693//2693
f 1324//1324 1331//1331 2686//2686
f 1334//1334 1331//1331 1324//1324
f 1334//1334 1324//1324 2753//2753
f 1321//1321 1383//1383 1323//1323
f 2686//2686 2753//2753 1324//1324
f 2698//2698 1325//1325 1340//1340
f 1326//1326 2754//2754 2687//2687
f 2687//2687 2699//2699 1326//1326
f 2754//2754 1326//1326 2699//2699
f 1327//1327 1279//1279 1281//1281
f 2657//2657 2690//2690 1337//1337
f 1329//1329 1278//1278 2701//2701
f 2691//2691 1279//1279 1327//1327
f 2702//2702 2691//2691 1327//1327
f 1333//1333 2694//2694 1332//1332
f 1332//1332 2694//2694 2695//2695
f 2696//2696 2700//2700 2697//2697
f 1333//1333 1332//1332 1335//1335
f 2700//2700 2706//2706 2697//2697
f 2707//2707 1335//1335 1332//1332
f 1336//1336 1327//1327 1281//1281
f 2702//2702 1327//1327 1339//1339
f 1327//1327 1336//1336 1339//1339
f 2703//2703 2705//2705 1338//1338
f 2704//2704 1329//1329 2701//2701
f 1341//1341 1339//1339 1336//1336
f 1338//1338 2705//2705 2708//2708
f 1395//1395 1329//1329 1342//1342
f 1283//1283 1247//1247 1329//1329
f 1335//1335 2707//2707 1386//1386
f 1336//1336 1286//1286 1348//1348
f 1336//1336 1348//1348 1402//1402
f 2708//2708 2709//2709 1338//1338
f 2704//2704 1342//1342 1329//1329
f 2708//2708 1394//1394 2709//2709
f 1336//1336 1402//1402 1341//1341
f 1395//1395 1342//1342 2757//2757
f 1341//1341 1402//1402 2758//2758
f 1283//1283 1329//1329 1345//1345
f 1395//1395 1345//1345 1329//1329
f 1288//1288 1343//1343 1349//1349
f 1345//1345 1344//1344 1284//1284
f 1344//1344 1343//1343 1284//1284
f 1344//1344 1349//1349 1343//1343
f 1344//1344 1345//1345 1349//1349
f 1345//1345 1415//1415 1349//1349
f 1345//1345 1395//1395 1415//1415
f 1347//1347 1349//1349 1415//1415
f 1346//1346 2762//2762 2712//2712
f 2710//2710 2779//2779 1346//1346
f 1299//1299 1351//1351 1348//1348
f 1350//1350 1349//1349 1347//1347
f 1346//1346 2712//2712 2710//2710
f 2712//2712 2714//2714 2710//2710
f 2711//2711 2715//2715 2713//2713
f 1353//1353 1349//1349 1350//1350
f 1299//1299 1352//1352 1351//1351
f 1351//1351 1352//1352 2716//2716
f 2713//2713 2715//2715 2717//2717
f 1349//1349 1353//1353 1292//1292
f 1352//1352 1299//1299 1356//1356
f 1352//1352 1356//1356 2716//2716
f 2719//2719 1357//1357 1354//1354
f 1292//1292 1353//1353 1355//1355
f 2719//2719 1354//1354 1355//1355
f 2719//2719 1355//1355 2718//2718
f 2722//2722 1362//1362 1360//1360
f 2675//2675 1362//1362 2722//2722
f 1319//1319 2725//2725 1365//1365
f 1361//1361 2724//2724 1358//1358
f 2723//2723 1360//1360 1364//1364
f 2726//2726 2723//2723 1364//1364
f 2727//2727 1365//1365 2725//2725
f 1318//1318 1382//1382 1362//1362
f 1362//1362 1382//1382 1360//1360
f 1319//1319 2673//2673 2725//2725
f 1319//1319 1363//1363 1369//1369
f 1364//1364 1360//1360 1368//1368
f 1368//1368 1360//1360 1382//1382
f 1365//1365 1363//1363 1319//1319
f 2726//2726 1364//1364 1366//1366
f 2728//2728 2730//2730 2729//2729
f 1367//1367 2729//2729 2730//2730
f 1363//1363 1365//1365 2731//2731
f 2731//2731 1372//1372 1363//1363
f 1364//1364 2734//2734 1366//1366
f 2732//2732 1366//1366 2734//2734
f 2735//2735 1379//1379 1374//1374
f 2736//2736 2741//2741 2733//2733
f 2731//2731 2742//2742 1372//1372
f 1379//1379 2735//2735 1418//1418
f 1372//1372 1369//1369 1363//1363
f 1371//1371 1373//1373 1370//1370
f 1384//1384 1369//1369 1371//1371
f 1370//1370 1384//1384 1371//1371
f 1371//1371 1369//1369 1372//1372
f 2740//2740 2743//2743 2737//2737
f 1381//1381 1370//1370 1373//1373
f 2738//2738 1377//1377 1375//1375
f 1371//1371 2746//2746 1373//1373
f 2746//2746 1376//1376 1373//1373
f 1373//1373 1376//1376 1381//1381
f 2748//2748 2739//2739 1378//1378
f 1378//1378 2739//2739 2744//2744
f 1379//1379 2750//2750 2745//2745
f 2747//2747 2749//2749 1416//1416
f 2749//2749 2750//2750 1416//1416
f 1417//1417 2747//2747 1416//1416
f 1379//1379 1418//1418 2750//2750
f 1376//1376 2747//2747 1417//1417
f 1384//1384 1380//1380 2688//2688
f 1370//1370 1380//1380 1384//1384
f 1381//1381 1380//1380 1370//1370
f 1531//1531 1381//1381 1376//1376
f 2751//2751 1381//1381 1531//1531
f 1368//1368 1382//1382 1418//1418
f 1382//1382 2685//2685 1418//1418
f 1369//1369 1384//1384 2755//2755
f 2688//2688 2755//2755 1384//1384
f 1325//1325 2752//2752 1423//1423
f 1389//1389 1340//1340 1325//1325
f 1325//1325 1423//1423 1389//1389
f 2780//2780 2751//2751 1531//1531
f 1392//1392 1389//1389 1423//1423
f 2692//2692 1385//1385 1322//1322
f 1385//1385 2692//2692 1333//1333
f 2685//2685 1385//1385 1420//1420
f 1335//1335 1385//1385 1333//1333
f 1335//1335 1426//1426 1385//1385
f 1385//1385 1424//1424 1420//1420
f 1426//1426 1335//1335 1387//1387
f 2707//2707 2756//2756 1388//1388
f 2707//2707 1388//1388 1386//1386
f 1335//1335 1386//1386 1387//1387
f 1386//1386 1426//1426 1387//1387
f 1385//1385 1426//1426 1424//1424
f 2756//2756 1391//1391 1388//1388
f 1386//1386 1388//1388 1391//1391
f 1386//1386 1391//1391 1390//1390
f 2756//2756 1392//1392 1391//1391
f 1392//1392 1393//1393 1391//1391
f 1393//1393 1392//1392 1423//1423
f 1395//1395 2757//2757 2763//2763
f 1426//1426 1386//1386 1390//1390
f 1390//1390 1396//1396 1426//1426
f 1391//1391 1397//1397 1390//1390
f 1390//1390 1397//1397 1396//1396
f 1396//1396 1397//1397 1428//1428
f 1391//1391 1398//1398 1400//1400
f 1391//1391 1400//1400 1397//1397
f 1398//1398 1399//1399 1400//1400
f 1400//1400 1430//1430 1397//1397
f 1391//1391 1393//1393 1398//1398
f 1393//1393 1401//1401 1398//1398
f 1398//1398 1401//1401 1399//1399
f 2760//2760 1400//1400 2759//2759
f 1425//1425 1401//1401 1393//1393
f 1430//1430 1400//1400 1404//1404
f 1400//1400 2760//2760 1404//1404
f 1408//1408 1407//1407 1401//1401
f 1408//1408 1401//1401 1425//1425
f 1403//1403 2761//2761 2766//2766
f 1409//1409 1403//1403 2766//2766
f 1406//1406 2764//2764 2769//2769
f 1405//1405 2765//2765 1403//1403
f 1403//1403 2765//2765 2761//2761
f 2782//2782 2765//2765 1405//1405
f 2764//2764 1406//1406 1405//1405
f 1406//1406 2769//2769 1411//1411
f 2769//2769 2767//2767 1411//1411
f 1410//1410 1408//1408 1425//1425
f 1408//1408 1410//1410 1407//1407
f 2770//2770 2771//2771 2768//2768
f 1413//1413 1410//1410 1425//1425
f 1410//1410 1413//1413 1412//1412
f 2772//2772 2771//2771 2770//2770
f 1459//1459 1411//1411 2773//2773
f 1414//1414 2774//2774 2775//2775
f 2776//2776 1459//1459 2773//2773
f 1395//1395 2763//2763 2779//2779
f 1346//1346 2779//2779 2763//2763
f 1418//1418 1416//1416 2750//2750
f 1376//1376 1417//1417 1531//1531
f 1419//1419 1417//1417 1416//1416
f 1532//1532 2895//2895 1417//1417
f 1532//1532 1417//1417 1419//1419
f 1418//1418 2685//2685 1420//1420
f 1418//1418 1419//1419 1416//1416
f 1530//1530 1419//1419 1418//1418
f 1418//1418 1420//1420 1421//1421
f 1421//1421 1420//1420 1424//1424
f 1422//1422 1418//1418 1421//1421
f 1422//1422 1530//1530 1418//1418
f 1422//1422 1421//1421 1424//1424
f 1531//1531 1393//1393 2780//2780
f 1531//1531 1425//1425 1393//1393
f 1533//1533 2781//2781 2896//2896
f 1428//1428 1427//1427 1396//1396
f 1424//1424 1426//1426 1541//1541
f 1428//1428 1397//1397 1430//1430
f 1427//1427 1436//1436 1396//1396
f 1428//1428 1430//1430 1429//1429
f 1428//1428 1436//1436 1427//1427
f 1428//1428 1429//1429 1436//1436
f 1533//1533 1431//1431 2781//2781
f 1432//1432 2781//2781 1431//1431
f 2785//2785 1463//1463 1425//1425
f 1431//1431 1433//1433 1432//1432
f 2786//2786 1447//1447 2785//2785
f 2786//2786 1434//1434 1447//1447
f 2787//2787 1537//1537 1435//1435
f 1434//1434 2788//2788 1447//1447
f 1442//1442 1426//1426 1396//1396
f 1436//1436 2792//2792 1396//1396
f 1436//1436 1429//1429 2792//2792
f 1437//1437 1426//1426 1438//1438
f 1426//1426 2793//2793 1438//1438
f 1426//1426 1437//1437 1539//1539
f 1539//1539 1437//1437 1538//1538
f 1437//1437 1438//1438 1538//1538
f 1438//1438 2793//2793 1552//1552
f 1439//1439 1429//1429 1430//1430
f 2792//2792 1429//1429 1439//1439
f 1440//1440 1439//1439 1430//1430
f 1448//1448 1441//1441 2790//2790
f 2796//2796 1439//1439 1440//1440
f 1439//1439 1443//1443 2792//2792
f 1441//1441 1443//1443 2790//2790
f 1443//1443 1551//1551 2792//2792
f 1443//1443 1550//1550 1551//1551
f 1441//1441 1550//1550 1443//1443
f 2782//2782 1405//1405 1406//1406
f 1440//1440 1430//1430 1455//1455
f 1455//1455 2783//2783 1444//1444
f 1440//1440 1455//1455 1449//1449
f 1449//1449 1450//1450 1440//1440
f 1406//1406 1411//1411 2794//2794
f 2794//2794 2784//2784 1406//1406
f 1446//1446 1454//1454 2795//2795
f 1444//1444 1454//1454 1455//1455
f 1445//1445 2794//2794 1411//1411
f 1445//1445 1446//1446 2795//2795
f 1446//1446 1445//1445 1454//1454
f 1445//1445 1459//1459 1454//1454
f 1445//1445 1411//1411 1459//1459
f 1463//1463 1413//1413 1425//1425
f 1463//1463 2777//2777 1413//1413
f 1447//1447 1463//1463 2785//2785
f 1447//1447 1566//1566 1463//1463
f 2796//2796 1440//1440 1450//1450
f 1451//1451 1450//1450 1449//1449
f 1452//1452 2797//2797 2799//2799
f 1451//1451 1453//1453 1450//1450
f 2799//2799 2800//2800 1452//1452
f 2791//2791 2798//2798 1452//1452
f 1452//1452 2908//2908 2791//2791
f 1453//1453 1451//1451 1458//1458
f 1554//1554 2908//2908 2800//2800
f 2908//2908 1452//1452 2800//2800
f 1554//1554 2800//2800 2802//2802
f 1449//1449 1456//1456 1451//1451
f 1449//1449 1455//1455 1456//1456
f 1451//1451 1457//1457 1458//1458
f 2801//2801 1451//1451 1456//1456
f 1455//1455 1464//1464 1456//1456
f 1456//1456 1464//1464 2801//2801
f 1458//1458 1457//1457 1464//1464
f 1455//1455 1454//1454 1459//1459
f 1455//1455 1460//1460 1464//1464
f 1455//1455 1459//1459 1465//1465
f 1455//1455 1465//1465 1460//1460
f 1459//1459 2776//2776 1465//1465
f 2777//2777 1463//1463 1462//1462
f 2805//2805 1461//1461 2778//2778
f 2803//2803 1465//1465 2776//2776
f 1465//1465 2803//2803 1466//1466
f 1462//1462 1472//1472 2804//2804
f 2808//2808 1466//1466 2803//2803
f 1466//1466 2808//2808 1473//1473
f 1462//1462 1463//1463 1472//1472
f 1463//1463 1474//1474 1472//1472
f 1460//1460 1465//1465 1570//1570
f 1468//1468 1470//1470 1465//1465
f 1465//1465 1470//1470 1570//1570
f 1466//1466 2810//2810 1467//1467
f 1467//1467 2810//2810 1475//1475
f 1465//1465 1466//1466 1467//1467
f 1475//1475 2806//2806 1467//1467
f 2806//2806 1475//1475 1469//1469
f 2806//2806 1465//1465 1467//1467
f 2806//2806 1469//1469 1471//1471
f 2807//2807 1470//1470 1468//1468
f 1469//1469 1564//1564 1471//1471
f 1476//1476 1564//1564 1469//1469
f 2812//2812 2811//2811 2809//2809
f 1477//1477 2813//2813 1478//1478
f 2811//2811 2812//2812 2814//2814
f 2815//2815 2813//2813 1477//1477
f 1475//1475 2816//2816 1469//1469
f 1476//1476 1469//1469 2817//2817
f 1476//1476 2817//2817 1481//1481
f 2818//2818 1477//1477 1478//1478
f 1478//1478 1488//1488 1480//1480
f 1488//1488 1478//1478 1474//1474
f 1474//1474 1463//1463 1488//1488
f 1470//1470 1565//1565 1607//1607
f 1479//1479 1476//1476 1481//1481
f 1479//1479 1572//1572 1476//1476
f 1572//1572 1479//1479 1578//1578
f 1478//1478 1480//1480 2818//2818
f 1480//1480 1485//1485 2818//2818
f 1488//1488 1485//1485 1480//1480
f 1479//1479 1487//1487 1482//1482
f 1489//1489 1482//1482 1487//1487
f 1573//1573 1479//1479 1482//1482
f 1486//1486 1490//1490 1483//1483
f 1491//1491 1487//1487 2819//2819
f 1479//1479 1481//1481 1484//1484
f 2818//2818 1485//1485 2820//2820
f 1485//1485 1488//1488 1486//1486
f 2819//2819 1487//1487 1485//1485
f 1487//1487 2820//2820 1485//1485
f 1486//1486 1483//1483 1485//1485
f 1490//1490 1486//1486 1488//1488
f 1489//1489 1487//1487 1491//1491
f 1484//1484 1487//1487 1479//1479
f 2819//2819 2821//2821 1491//1491
f 1566//1566 1493//1493 1488//1488
f 1582//1582 1489//1489 1491//1491
f 1581//1581 1489//1489 1582//1582
f 1594//1594 1582//1582 1491//1491
f 1491//1491 2821//2821 1492//1492
f 1493//1493 1490//1490 1488//1488
f 1493//1493 1583//1583 1585//1585
f 1497//1497 2822//2822 1490//1490
f 1492//1492 2830//2830 1491//1491
f 1605//1605 1491//1491 2830//2830
f 1491//1491 1605//1605 1602//1602
f 1497//1497 1490//1490 1493//1493
f 1605//1605 2830//2830 1508//1508
f 1585//1585 1496//1496 1493//1493
f 2928//2928 1606//1606 2828//2828
f 1493//1493 1496//1496 1495//1495
f 1507//1507 2826//2826 1494//1494
f 2824//2824 1495//1495 1496//1496
f 2863//2863 2829//2829 2951//2951
f 2825//2825 2829//2829 2863//2863
f 2949//2949 2865//2865 1600//1600
f 2866//2866 1493//1493 1498//1498
f 1493//1493 2866//2866 1497//1497
f 1498//1498 1493//1493 1505//1505
f 1600//1600 2865//2865 1509//1509
f 1498//1498 1499//1499 2866//2866
f 2831//2831 1502//1502 2835//2835
f 2866//2866 1499//1499 1501//1501
f 2854//2854 1500//1500 2832//2832
f 1510//1510 2846//2846 2869//2869
f 2870//2870 2836//2836 2847//2847
f 2837//2837 1514//1514 2843//2843
f 2838//2838 2871//2871 2877//2877
f 2844//2844 2878//2878 2839//2839
f 2848//2848 2833//2833 2879//2879
f 2840//2840 2880//2880 2834//2834
f 2845//2845 1513//1513 1512//1512
f 2841//2841 1513//1513 2845//2845
f 2841//2841 1503//1503 1513//1513
f 1504//1504 2855//2855 2823//2823
f 2846//2846 2856//2856 2869//2869
f 2846//2846 2881//2881 2856//2856
f 2849//2849 2842//2842 2857//2857
f 2850//2850 2858//2858 1515//1515
f 2882//2882 2856//2856 2881//2881
f 1493//1493 1495//1495 2852//2852
f 2869//2869 2856//2856 2940//2940
f 2852//2852 1495//1495 1506//1506
f 2864//2864 2860//2860 2827//2827
f 2861//2861 2859//2859 2853//2853
f 2863//2863 2940//2940 2862//2862
f 2862//2862 2940//2940 2856//2856
f 2865//2865 1511//1511 1509//1509
f 2867//2867 2845//2845 1512//1512
f 2872//2872 2868//2868 2874//2874
f 2873//2873 1510//1510 2869//2869
f 2881//2881 1510//1510 2873//2873
f 2881//2881 2873//2873 2882//2882
f 2883//2883 2872//2872 2874//2874
f 2874//2874 2875//2875 2883//2883
f 2876//2876 2851//2851 2884//2884
f 1613//1613 1516//1516 1608//1608
f 1613//1613 1517//1517 1516//1516
f 1608//1608 1520//1520 1518//1518
f 1608//1608 2885//2885 1519//1519
f 1520//1520 1608//1608 1519//1519
f 1516//1516 1517//1517 1523//1523
f 1517//1517 1524//1524 1523//1523
f 1519//1519 2885//2885 2890//2890
f 1525//1525 1520//1520 1519//1519
f 1519//1519 2890//2890 1525//1525
f 2888//2888 1521//1521 2886//2886
f 1521//1521 1522//1522 2886//2886
f 1522//1522 1521//1521 1527//1527
f 1621//1621 1523//1523 1524//1524
f 2891//2891 2889//2889 1520//1520
f 1520//1520 1525//1525 2891//2891
f 1526//1526 2891//2891 1525//1525
f 1528//1528 2891//2891 1526//1526
f 1522//1522 1527//1527 2892//2892
f 1522//1522 2892//2892 1620//1620
f 2890//2890 1529//1529 1525//1525
f 1526//1526 1525//1525 1529//1529
f 1529//1529 1528//1528 1526//1526
f 2893//2893 1523//1523 1621//1621
f 1529//1529 2957//2957 1528//1528
f 2894//2894 2960//2960 2958//2958
f 1419//1419 1530//1530 1532//1532
f 2895//2895 1532//1532 2897//2897
f 1422//1422 1424//1424 1530//1530
f 1532//1532 1624//1624 2897//2897
f 1624//1624 1532//1532 1530//1530
f 1424//1424 2900//2900 1542//1542
f 1424//1424 1542//1542 1530//1530
f 1530//1530 1542//1542 1534//1534
f 1534//1534 1542//1542 1625//1625
f 1534//1534 1624//1624 1530//1530
f 1624//1624 1534//1534 1625//1625
f 1624//1624 1626//1626 1535//1535
f 2897//2897 1624//1624 1535//1535
f 1535//1535 1536//1536 1431//1431
f 1535//1535 1431//1431 1533//1533
f 1433//1433 1431//1431 2898//2898
f 1433//1433 2898//2898 1537//1537
f 1535//1535 2899//2899 1536//1536
f 1537//1537 2787//2787 1433//1433
f 2789//2789 2899//2899 1543//1543
f 1541//1541 1426//1426 1539//1539
f 1538//1538 1438//1438 1553//1553
f 1541//1541 1539//1539 1540//1540
f 1540//1540 1539//1539 1538//1538
f 1540//1540 1538//1538 1553//1553
f 1628//1628 1540//1540 1553//1553
f 1628//1628 1541//1541 1540//1540
f 1625//1625 1542//1542 1627//1627
f 1627//1627 1542//1542 2900//2900
f 2899//2899 1535//1535 1544//1544
f 2788//2788 1555//1555 1447//1447
f 1447//1447 1555//1555 1566//1566
f 2899//2899 1544//1544 1543//1543
f 1544//1544 1545//1545 1547//1547
f 1545//1545 1544//1544 1535//1535
f 2788//2788 2901//2901 2902//2902
f 2902//2902 1546//1546 2788//2788
f 2788//2788 1546//1546 1555//1555
f 2902//2902 1555//1555 1546//1546
f 1544//1544 1547//1547 1543//1543
f 1555//1555 2902//2902 1548//1548
f 2903//2903 1549//1549 2904//2904
f 1547//1547 1545//1545 2907//2907
f 1545//1545 1556//1556 2907//2907
f 2910//2910 1545//1545 1557//1557
f 2907//2907 1556//1556 2905//2905
f 1553//1553 1438//1438 1552//1552
f 1632//1632 2908//2908 1554//1554
f 2967//2967 1551//1551 1550//1550
f 1551//1551 2909//2909 2792//2792
f 1563//1563 1553//1553 1552//1552
f 1632//1632 1554//1554 2802//2802
f 2967//2967 2909//2909 1551//1551
f 2906//2906 1558//1558 1555//1555
f 1558//1558 1566//1566 1555//1555
f 2905//2905 1556//1556 2912//2912
f 1560//1560 1559//1559 2913//2913
f 1558//1558 1559//1559 1566//1566
f 2912//2912 1556//1556 2914//2914
f 2910//2910 1561//1561 2915//2915
f 2910//2910 1557//1557 1561//1561
f 1637//1637 1562//1562 2802//2802
f 1562//1562 1632//1632 2802//2802
f 2909//2909 2967//2967 1631//1631
f 1631//1631 2916//2916 2909//2909
f 1464//1464 1567//1567 1458//1458
f 2802//2802 1567//1567 1637//1637
f 1567//1567 1464//1464 1460//1460
f 1567//1567 1568//1568 1637//1637
f 2807//2807 1565//1565 1470//1470
f 2917//2917 1565//1565 2807//2807
f 1572//1572 1564//1564 1476//1476
f 1572//1572 1565//1565 2917//2917
f 1566//1566 1488//1488 1463//1463
f 1574//1574 2915//2915 1561//1561
f 1557//1557 2920//2920 1561//1561
f 2925//2925 2921//2921 2911//2911
f 1560//1560 2922//2922 1559//1559
f 1559//1559 2922//2922 1566//1566
f 1460//1460 1569//1569 1567//1567
f 1568//1568 1567//1567 1569//1569
f 1460//1460 2919//2919 1571//1571
f 1571//1571 1569//1569 1460//1460
f 1569//1569 1571//1571 1575//1575
f 1575//1575 1568//1568 1569//1569
f 1575//1575 1645//1645 1568//1568
f 2919//2919 1575//1575 1571//1571
f 1572//1572 1607//1607 1565//1565
f 1578//1578 1592//1592 1572//1572
f 1573//1573 1578//1578 1479//1479
f 1579//1579 1573//1573 1482//1482
f 1573//1573 1579//1579 1578//1578
f 1489//1489 1579//1579 1482//1482
f 1557//1557 1643//1643 2926//2926
f 1583//1583 1493//1493 1566//1566
f 2918//2918 2923//2923 2927//2927
f 1576//1576 1570//1570 1470//1470
f 2919//2919 2924//2924 1575//1575
f 1470//1470 1607//1607 1576//1576
f 2924//2924 1607//1607 1587//1587
f 1577//1577 2924//2924 1587//1587
f 1577//1577 1575//1575 2924//2924
f 1579//1579 1580//1580 1578//1578
f 1578//1578 1580//1580 1592//1592
f 1579//1579 1581//1581 1580//1580
f 1579//1579 1489//1489 1581//1581
f 1580//1580 1581//1581 1592//1592
f 1592//1592 1607//1607 1572//1572
f 1581//1581 1582//1582 1588//1588
f 1581//1581 1588//1588 1592//1592
f 1582//1582 1594//1594 1588//1588
f 1643//1643 1584//1584 2926//2926
f 2929//2929 2926//2926 1584//1584
f 1584//1584 1643//1643 2930//2930
f 1586//1586 1575//1575 1577//1577
f 1586//1586 1577//1577 1587//1587
f 1594//1594 1589//1589 1588//1588
f 1588//1588 1590//1590 1592//1592
f 1588//1588 1589//1589 1590//1590
f 1589//1589 1594//1594 1593//1593
f 1590//1590 1589//1589 1592//1592
f 1589//1589 1591//1591 1592//1592
f 1594//1594 1491//1491 1602//1602
f 1591//1591 1608//1608 1592//1592
f 1591//1591 1596//1596 1608//1608
f 1589//1589 2931//2931 1591//1591
f 2931//2931 1595//1595 1591//1591
f 1594//1594 2932//2932 1593//1593
f 1594//1594 1602//1602 2932//2932
f 1591//1591 1595//1595 1596//1596
f 1603//1603 2933//2933 1602//1602
f 1596//1596 2934//2934 1597//1597
f 2944//2944 1597//1597 2934//2934
f 1598//1598 1596//1596 1597//1597
f 2945//2945 1604//1604 2935//2935
f 1604//1604 1599//1599 2935//2935
f 2937//2937 1598//1598 2936//2936
f 2938//2938 2941//2941 1601//1601
f 2946//2946 2941//2941 2938//2938
f 2943//2943 2940//2940 1643//1643
f 1643//1643 1610//1610 2943//2943
f 1602//1602 1605//1605 1603//1603
f 2947//2947 1603//1603 1605//1605
f 2950//2950 2942//2942 2948//2948
f 1598//1598 1609//1609 1613//1613
f 1598//1598 2937//2937 1609//1609
f 2952//2952 2939//2939 2943//2943
f 2940//2940 2863//2863 1643//1643
f 1643//1643 2863//2863 2951//2951
f 2951//2951 2930//2930 1643//1643
f 1587//1587 1607//1607 1611//1611
f 1646//1646 1586//1586 1587//1587
f 1646//1646 1587//1587 1611//1611
f 1612//1612 1607//1607 1592//1592
f 1592//1592 1608//1608 1612//1612
f 1613//1613 1596//1596 1598//1598
f 1596//1596 1613//1613 1608//1608
f 2952//2952 2943//2943 1610//1610
f 1607//1607 1612//1612 1611//1611
f 1517//1517 1613//1613 1614//1614
f 1613//1613 1609//1609 1614//1614
f 1615//1615 1524//1524 1614//1614
f 2952//2952 1615//1615 1614//1614
f 2952//2952 1610//1610 1615//1615
f 1517//1517 1614//1614 1524//1524
f 1608//1608 1518//1518 1612//1612
f 1610//1610 1649//1649 1615//1615
f 1615//1615 1617//1617 1524//1524
f 1617//1617 1615//1615 1649//1649
f 1612//1612 1518//1518 1611//1611
f 2887//2887 1648//1648 1611//1611
f 2886//2886 1616//1616 1648//1648
f 1648//1648 1616//1616 1522//1522
f 1522//1522 1616//1616 2886//2886
f 1522//1522 1620//1620 1618//1618
f 1648//1648 1522//1522 1618//1618
f 1651//1651 1618//1618 1619//1619
f 1617//1617 1649//1649 2954//2954
f 1621//1621 1524//1524 1622//1622
f 1620//1620 1623//1623 1618//1618
f 1622//1622 1524//1524 1617//1617
f 2962//2962 1622//1622 1617//1617
f 2955//2955 2963//2963 2953//2953
f 1618//1618 1623//1623 1619//1619
f 1622//1622 2962//2962 1621//1621
f 2964//2964 2959//2959 2961//2961
f 1625//1625 1629//1629 1624//1624
f 1625//1625 1627//1627 1629//1629
f 1629//1629 1654//1654 1624//1624
f 1627//1627 2900//2900 1628//1628
f 1629//1629 1627//1627 1628//1628
f 1628//1628 1630//1630 1629//1629
f 1633//1633 1557//1557 1545//1545
f 1535//1535 1633//1633 1545//1545
f 1628//1628 1553//1553 1563//1563
f 1663//1663 1628//1628 1563//1563
f 1632//1632 1562//1562 1637//1637
f 1632//1632 1637//1637 1640//1640
f 1672//1672 1641//1641 1633//1633
f 1633//1633 1641//1641 1636//1636
f 1634//1634 1557//1557 1633//1633
f 1635//1635 1557//1557 1634//1634
f 1634//1634 1633//1633 1635//1635
f 1635//1635 1633//1633 1636//1636
f 1643//1643 1557//1557 1635//1635
f 1643//1643 1635//1635 1636//1636
f 1639//1639 2916//2916 1631//1631
f 1663//1663 1563//1563 2969//2969
f 1631//1631 2967//2967 1638//1638
f 2968//2968 1632//1632 1640//1640
f 1639//1639 1631//1631 1662//1662
f 1631//1631 1638//1638 1662//1662
f 2968//2968 1640//1640 2977//2977
f 1663//1663 2969//2969 2977//2977
f 1640//1640 1637//1637 1568//1568
f 1665//1665 2977//2977 1640//1640
f 1642//1642 1636//1636 1644//1644
f 1636//1636 1641//1641 1644//1644
f 1636//1636 1642//1642 1643//1643
f 1642//1642 1644//1644 1643//1643
f 1568//1568 1645//1645 1640//1640
f 1640//1640 1645//1645 1670//1670
f 1645//1645 1676//1676 1670//1670
f 1643//1643 1644//1644 1610//1610
f 1610//1610 1644//1644 1679//1679
f 1646//1646 1647//1647 1586//1586
f 1575//1575 1586//1586 1645//1645
f 1645//1645 1586//1586 1647//1647
f 1648//1648 1676//1676 1645//1645
f 1679//1679 1682//1682 1610//1610
f 1610//1610 1682//1682 1649//1649
f 1648//1648 1645//1645 1647//1647
f 1647//1647 1646//1646 1611//1611
f 1611//1611 1648//1648 1647//1647
f 1682//1682 1684//1684 1649//1649
f 1653//1653 2989//2989 1683//1683
f 1618//1618 2987//2987 1648//1648
f 1618//1618 2971//2971 2987//2987
f 1650//1650 1649//1649 1652//1652
f 1649//1649 1650//1650 2954//2954
f 2987//2987 2971//2971 2973//2973
f 2974//2974 2972//2972 2970//2970
f 2956//2956 2970//2970 2972//2972
f 1649//1649 1684//1684 1652//1652
f 1652//1652 1684//1684 2975//2975
f 1652//1652 2975//2975 1650//1650
f 1658//1658 1626//1626 1624//1624
f 1535//1535 1626//1626 1658//1658
f 2965//2965 1657//1657 1658//1658
f 1664//1664 1654//1654 1629//1629
f 1656//1656 1624//1624 1654//1654
f 1624//1624 1655//1655 2976//2976
f 1664//1664 1656//1656 1654//1654
f 1655//1655 1624//1624 1656//1656
f 1658//1658 1661//1661 1535//1535
f 1661//1661 1633//1633 1535//1535
f 2966//2966 1664//1664 1629//1629
f 1630//1630 1628//1628 1663//1663
f 2966//2966 2978//2978 1664//1664
f 1656//1656 1664//1664 1668//1668
f 1668//1668 1655//1655 1656//1656
f 1655//1655 1666//1666 2976//2976
f 1666//1666 1655//1655 1668//1668
f 1657//1657 2979//2979 1660//1660
f 1660//1660 1658//1658 1657//1657
f 1661//1661 1658//1658 1686//1686
f 1658//1658 1660//1660 1686//1686
f 1686//1686 1659//1659 1661//1661
f 1659//1659 1669//1669 1661//1661
f 1686//1686 1667//1667 1659//1659
f 1661//1661 1687//1687 1633//1633
f 1664//1664 2978//2978 1688//1688
f 2992//2992 1663//1663 1665//1665
f 2992//2992 1665//1665 1689//1689
f 1664//1664 2993//2993 1668//1668
f 2977//2977 1665//1665 1663//1663
f 1669//1669 1659//1659 1667//1667
f 1687//1687 1661//1661 1669//1669
f 1669//1669 1667//1667 1671//1671
f 1671//1671 1667//1667 1691//1691
f 1691//1691 1667//1667 1690//1690
f 1687//1687 1672//1672 1633//1633
f 1641//1641 1672//1672 1673//1673
f 1692//1692 1665//1665 1670//1670
f 2994//2994 1665//1665 1692//1692
f 1640//1640 1670//1670 1665//1665
f 1691//1691 1695//1695 1671//1671
f 1672//1672 1687//1687 1678//1678
f 1670//1670 2981//2981 1675//1675
f 1692//1692 1670//1670 1674//1674
f 1674//1674 1670//1670 1694//1694
f 1694//1694 1670//1670 1675//1675
f 1694//1694 1692//1692 1674//1674
f 1644//1644 1641//1641 1673//1673
f 1672//1672 1678//1678 1673//1673
f 1679//1679 1644//1644 1673//1673
f 1675//1675 2981//2981 1677//1677
f 1697//1697 2980//2980 2982//2982
f 1681//1681 1677//1677 2981//2981
f 1673//1673 1678//1678 1679//1679
f 1648//1648 2983//2983 1676//1676
f 1678//1678 3001//3001 1680//1680
f 3001//3001 2984//2984 1680//1680
f 1680//1680 2984//2984 1679//1679
f 2984//2984 1684//1684 1679//1679
f 1680//1680 1679//1679 1678//1678
f 1682//1682 1679//1679 1684//1684
f 2983//2983 1648//1648 2987//2987
f 2985//2985 2988//2988 1685//1685
f 2991//2991 1684//1684 2984//2984
f 1685//1685 2988//2988 2990//2990
f 1686//1686 1660//1660 1690//1690
f 1667//1667 1686//1686 1690//1690
f 1660//1660 2979//2979 2997//2997
f 1666//1666 1668//1668 1690//1690
f 1687//1687 1669//1669 1671//1671
f 2995//2995 1693//1693 2993//2993
f 2993//2993 1693//1693 1668//1668
f 1690//1690 1668//1668 1693//1693
f 2996//2996 2998//2998 2999//2999
f 1693//1693 1691//1691 1690//1690
f 1687//1687 1671//1671 1678//1678
f 1691//1691 1693//1693 1695//1695
f 3000//3000 2999//2999 2998//2998
f 1671//1671 1695//1695 1678//1678
f 2999//2999 3000//3000 1695//1695
f 1695//1695 1696//1696 1678//1678
f 1695//1695 3000//3000 1696//1696
f 1696//1696 3000//3000 2980//2980
f 1696//1696 2980//2980 1697//1697
f 1696//1696 3001//3001 1678//1678
f 1697//1697 2982//2982 2986//2986
