# Wavafront OBJ file of BodyParts3D
# BodyParts3D, Copyright(C) 2010-2011 The Database Center for Life Science licensed under CC Attribution-Share Alike 2.1 Japan.
vn -0.973256 0.129614 -0.189664
v 87.0656 -62.9896 486.025
vn -0.867626 0.497055 0.0127228
v 87.1727 -62.4047 486.351
vn -0.977459 0.0268904 -0.209404
v 86.7025 -65.0872 486.543
vn -0.950295 -0.238069 -0.200655
v 86.6846 -67.8447 488.285
vn -0.964777 0.201924 -0.168617
v 86.8002 -61.5953 490.253
vn -0.683052 -0.528648 -0.503956
v 86.7816 -62.4683 489.315
vn -0.919767 0.392245 0.0131729
v 86.6971 -64.3112 490.782
vn -0.993025 0.0763657 -0.0898266
v 86.0808 -65.4723 490.695
vn -0.973249 0.222053 -0.0589778
v 86.0932 -63.1229 492.561
vn -0.723701 -0.526066 -0.446667
v 86.0511 -64.3364 492.528
vn -0.745539 -0.509199 -0.429985
v 86.2902 -64.9482 492.838
vn -0.990636 0.00816146 -0.136288
v 85.8556 -66.4669 494.267
vn -0.934497 -0.200461 -0.294163
v 86.4039 -61.1389 495.954
vn -0.844467 0.535009 -0.0253167
v 86.3841 -60.855 496.562
vn -0.854947 -0.404815 -0.324331
v 86.3288 -62.0805 497.432
vn -0.923179 0.381347 0.0481227
v 85.8576 -64.4264 496.426
vn -0.77663 -0.498581 -0.38505
v 85.6161 -66.1972 495.815
vn -0.979886 0.168078 -0.107575
v 85.945 -61.7814 498.306
vn -0.792963 0.606055 0.0625014
v 86.1529 -61.2212 499.244
vn -0.989455 0.140547 -0.0349926
v 85.4121 -65.9624 498.457
vn -0.95743 -0.202843 -0.205383
v 85.4443 -63.3588 501.838
vn -0.963629 0.26625 0.0230194
v 85.4621 -62.7769 502.457
vn -0.91546 -0.301419 -0.266606
v 85.8133 -63.6658 501.264
vn -0.923048 0.383686 0.0277075
v 85.6033 -62.8223 503.675
vn -0.925241 -0.29306 -0.240924
v 85.324 -64.9254 504.201
vn -0.991419 0.084273 -0.0999302
v 85.5402 -65.2133 503.311
vn -0.974986 -0.170872 -0.142141
v 84.5263 -66.2275 509.219
vn -0.935378 -0.297287 -0.191544
v 84.8535 -66.5317 508.64
vn -0.985993 0.129715 -0.104841
v 84.8629 -63.5721 510.218
vn -0.98896 0.131321 -0.0686537
v 84.463 -65.3667 510.74
vn -0.974044 0.207499 -0.0904605
v 84.5352 -63.6223 512.597
vn -0.986732 -0.0523983 -0.153672
v 84.3995 -65.1519 513.754
vn -0.99646 0.00614418 -0.083845
v 84.3551 -65.768 514.338
vn -0.994821 0.00691206 -0.101407
v 84.0298 -65.1993 516.129
vn -0.901494 0.432409 0.0181735
v 84.1599 -64.3244 516.765
vn -0.995855 -0.044879 -0.0791121
v 83.8449 -69.1749 518.73
vn -0.938117 0.165006 -0.304484
v 90.8553 -63.1281 472.519
vn -0.933816 0.0388635 -0.355637
v 89.428 -63.4597 476.594
vn -0.945352 0.0150607 -0.325705
v 89.6092 -64.3643 476.289
vn -0.929183 -0.220064 -0.296968
v 90.2785 -69.2083 475.937
vn -0.853417 -0.357976 -0.378858
v 90.1532 -68.3073 476.248
vn -0.972506 0.0685553 -0.22256
v 90.2269 -68.9133 476.24
vn -0.841398 0.528237 -0.114083
v 89.1442 -62.0102 479.013
vn -0.949073 0.184757 -0.255197
v 88.7616 -63.1779 478.647
vn -0.932461 -0.162839 -0.322491
v 89.3076 -67.3946 477.695
vn -0.895078 -0.307415 -0.323004
v 89.2697 -68.9307 478.861
vn -0.739861 0.669758 -0.0634788
v 89.5868 -59.6714 480.317
vn -0.723211 0.688128 -0.0586975
v 90.0203 -59.4177 480.968
vn -0.889807 0.368667 -0.26894
v 90.4347 -58.8352 480.72
vn -0.937499 0.12478 -0.324848
v 88.4698 -61.4183 480.771
vn -0.794097 -0.357104 -0.49182
v 88.9565 -61.4237 479.914
vn -0.890683 0.401721 -0.212848
v 89.2445 -61.7383 479.766
vn -0.964429 -0.0666999 -0.255788
v 88.0669 -65.3164 481.243
vn -0.867403 0.412797 -0.277867
v 90.0454 -58.5448 481.896
vn -0.690484 0.719715 0.0724041
v 88.6663 -60.538 483.524
vn -0.888727 0.421995 -0.179119
v 88.9561 -60.3366 483.794
vn -0.94599 0.244826 -0.212515
v 87.7154 -63.5438 483.06
vn -0.936505 -0.0802856 -0.341339
v 87.9919 -62.651 482.785
vn -0.908117 -0.2996 -0.292511
v 88.8638 -70.4963 481.799
vn -0.897177 0.391039 -0.205332
v 89.7327 -57.1563 486.42
vn -0.883863 -0.139672 -0.446406
v 87.7976 -60.6369 486.249
vn -0.887838 -0.131368 -0.441006
v 88.4602 -60.3415 485.016
vn -0.871044 -0.239701 -0.428748
v 88.5059 -60.6489 485.14
vn -0.916217 -0.290482 -0.275984
v 87.4231 -66.5747 484.467
vn -0.88608 -0.361454 -0.290194
v 87.5126 -67.5092 485.358
vn -0.980924 -0.088803 -0.172921
v 87.3615 -68.4098 485.624
vn -0.940541 -0.244819 -0.235471
v 88.0489 -70.8417 485.029
vn -0.873826 -0.428138 -0.230489
v 88.1401 -71.1482 485.03
vn -0.8347 -0.430041 -0.344007
v 89.7594 -57.4676 486.717
vn -0.748812 0.660151 -0.0589981
v 89.7548 -56.8753 487.032
vn -0.791097 0.609362 -0.0533236
v 88.1842 -59.7761 486.812
vn -0.740818 0.656277 -0.143138
v 88.9765 -58.9542 487.812
vn -0.876979 -0.380427 -0.293569
v 89.6262 -57.7863 487.601
vn -0.758028 0.630468 -0.167046
v 89.7376 -58.0942 487.605
vn -0.864116 0.479457 -0.153049
v 87.6396 -60.35 487.048
vn -0.803954 -0.381575 -0.456134
v 87.1821 -62.1683 488.485
vn -0.953971 0.274525 -0.120728
v 87.3389 -62.7792 488.468
vn -0.767381 0.639626 -0.0447801
v 89.2183 -57.5396 490.281
vn -0.898598 0.387313 -0.206178
v 88.154 -59.2811 490.439
vn -0.844237 0.520897 -0.126213
v 88.8486 -58.1341 490.834
vn -0.827631 -0.382901 -0.410382
v 87.0698 -63.0979 489.641
vn -0.88142 -0.414334 -0.226773
v 87.2491 -71.5245 489.458
vn -0.773294 -0.58646 -0.241
v 87.2238 -72.0903 490.648
vn -0.0131991 -0.987936 -0.154297
v 87.6782 -71.8751 489.189
vn -0.792283 0.602129 -0.0986349
v 89.1679 -57.2898 492.091
vn -0.902458 0.390453 -0.181977
v 87.7681 -59.3004 491.908
vn -0.881734 -0.317474 -0.348936
v 87.479 -60.5142 492.888
vn -0.934275 -0.303672 -0.186854
v 86.7019 -69.739 491.256
vn -0.964196 -0.196594 -0.177982
v 86.8606 -70.0411 490.963
vn -0.935561 -0.313974 -0.161698
v 86.7737 -72.193 492.712
vn -0.919552 0.36055 -0.156293
v 88.5006 -58.201 493.814
vn -0.927736 0.277592 -0.249497
v 88.4395 -57.9062 494.143
vn -0.813277 -0.444717 -0.375243
v 86.8441 -61.1411 495.092
vn -0.925263 -0.16672 -0.340725
v 87.0809 -60.5198 493.924
vn -0.372544 0.897582 0.235708
v 88.5183 -57.8535 496.537
vn -0.74405 0.665117 0.0633154
v 87.1528 -60.0405 497.861
vn -0.816568 0.575792 -0.0409826
v 87.5989 -58.5226 496.433
vn -0.932055 -0.143493 -0.332691
v 87.6451 -58.8262 496.43
vn -0.935689 -0.148972 -0.319834
v 87.4122 -59.4458 497.533
vn -0.7749 0.631972 -0.0118671
v 87.8457 -58.1273 497.069
vn -0.715242 0.69736 0.0460171
v 87.7168 -58.5802 498.113
vn -0.0857357 0.920912 0.380224
v 88.41 -58.2208 497.422
vn -0.887039 0.461681 0.00351892
v 86.6373 -62.3835 496.851
vn -0.82089 -0.552316 -0.145211
v 86.6282 -73.0027 496.297
vn -0.97437 0.181926 -0.132312
v 86.9521 -59.7627 499.054
vn -0.689003 0.724746 0.00427792
v 87.8663 -58.5055 499.775
vn -0.721396 0.692336 0.0161116
v 86.7064 -60.6479 499.009
vn -0.972453 0.0638101 -0.224197
v 86.9745 -60.3652 499.042
vn -0.976639 0.152502 -0.151391
v 86.8064 -60.3855 500.08
vn -0.962124 -0.238882 -0.131351
v 85.9391 -72.654 499.856
vn -0.840234 -0.518486 -0.158677
v 86.4225 -73.1226 498.384
vn -0.0790232 -0.990254 -0.114684
v 86.7166 -73.203 498.411
vn -0.809041 0.587691 -0.00842183
v 86.7375 -59.8564 502.649
vn -0.716541 0.69728 -0.0192088
v 87.4694 -59.304 502.732
vn -0.681997 0.710225 0.174532
v 86.2405 -61.5815 501.053
vn -0.959469 0.264054 -0.0984621
v 86.6002 -60.4123 501.417
vn -0.891368 -0.429679 -0.14436
v 85.9486 -73.2917 501.048
vn 0.00715948 -0.992779 -0.119746
v 85.9879 -73.7267 502.549
vn 0.0539743 -0.994165 -0.0933946
v 86.2874 -73.7231 502.578
vn -0.783892 0.61875 -0.0516029
v 87.4194 -59.0451 504.241
vn -0.942783 -0.307748 -0.128265
v 85.654 -73.6896 504.929
vn -0.710191 -0.647296 -0.276835
v 85.7831 -73.8336 504.637
vn -0.948152 -0.252845 -0.192556
v 85.7427 -74.0227 504.93
vn -0.44577 -0.834434 -0.324052
v 86.0719 -73.9972 504.661
vn -0.643195 0.765662 0.00788125
v 87.9115 -57.9567 507.028
vn -0.898526 0.429045 -0.092579
v 87.3421 -59.121 506.945
vn -0.838619 -0.533997 -0.107545
v 85.5996 -74.0482 506.423
vn -0.147477 -0.979897 -0.13436
v 85.9788 -74.126 505.553
vn -0.914027 0.385371 -0.126668
v 86.78 -59.1736 509.905
vn -0.995651 0.0355802 -0.0861032
v 84.917 -67.146 508.933
vn -0.985686 -0.146083 -0.0841579
v 84.7093 -71.3576 509.416
vn -0.9283 -0.355833 -0.107901
v 85.3889 -74.417 509.71
vn -0.77773 0.628167 -0.0232682
v 86.7378 -58.8986 511.414
vn -0.917117 0.395161 -0.0523875
v 85.8334 -61.5959 512.469
vn -0.60764 -0.780992 -0.144309
v 85.5164 -74.7243 510.017
vn -0.0803502 -0.98666 -0.141584
v 85.7489 -74.8835 510.638
vn -0.949969 0.296806 -0.0972826
v 85.9238 -60.1533 514.321
vn -0.659318 0.748976 0.0658417
v 86.7941 -59 514.131
vn -0.860634 -0.497865 -0.106953
v 85.0511 -75.1441 514.635
vn -0.991259 -0.117846 -0.0593111
v 84.4383 -71.8021 514.806
vn -0.764309 -0.632072 -0.127735
v 85.2542 -75.544 515.398
vn 0.16507 -0.979133 -0.118534
v 85.4322 -75.6717 516.618
vn -0.974631 0.186221 -0.124161
v 85.0939 -61.7447 519.027
vn -0.876589 0.480805 -0.0204426
v 85.1638 -61.1573 519.349
vn -0.918193 0.396124 -0.00284299
v 84.5403 -64.1211 519.219
vn -0.954006 -0.293924 -0.0590034
v 85.0221 -75.5282 517.487
vn -0.965604 0.239029 -0.102346
v 84.8765 -61.7663 520.211
vn -0.982166 -0.162972 -0.0937564
v 83.7286 -71.0963 522.894
vn -0.774106 0.632304 0.0308366
v 85.3629 -61.687 526.591
vn -0.985045 0.166019 -0.0460875
v 83.3636 -67.2462 525.663
vn -0.7529 0.656957 0.0393525
v 85.6615 -61.1418 527.838
vn -0.995718 -0.077682 -0.050106
v 83.3127 -69.71 527.71
vn -0.927541 0.373719 0.00159442
v 83.8094 -64.087 529.7
vn -0.979663 0.199332 0.0229792
v 83.3901 -65.6967 534.144
vn -0.995272 0.0971054 0.0020668
v 83.1329 -67.5188 535.282
vn -0.998768 0.0376311 -0.0323542
v 83.1193 -68.4015 534.657
vn -0.976594 -0.214007 0.0215844
v 83.9949 -75.0713 534.583
vn -0.997449 -0.0530792 0.0477382
v 83.1333 -68.8019 537.965
vn -0.901164 0.342791 -0.265326
v 94.2603 -58.348 466.328
vn -0.914618 0.157816 -0.372247
v 93.9093 -60.7109 465.635
vn -0.849251 -0.265345 -0.456471
v 93.4576 -67.3464 467.243
vn -0.910339 0.332334 -0.24665
v 93.1044 -59.6105 469.202
vn -0.880348 0.393788 -0.264421
v 93.6536 -58.6712 468.372
vn -0.909076 0.220487 -0.353504
v 92.9339 -61.0185 467.946
vn -0.36565 -0.871527 -0.326713
v 93.1851 -68.1927 468.704
vn -0.866256 0.361968 -0.344355
v 93.2129 -57.2472 471.981
vn -0.788876 0.586278 -0.184261
v 93.2973 -56.9588 472.214
vn -0.776015 0.622727 -0.100061
v 92.9788 -58.1332 471.938
vn -0.876783 -0.207663 -0.433738
v 91.931 -64.9217 469.867
vn -0.837464 -0.288789 -0.463956
v 92.1051 -65.8529 470.464
vn -0.954524 0.0701445 -0.289763
v 91.419 -67.3586 471.993
vn -0.717515 0.68555 -0.123262
v 93.6861 -56.1575 474.766
vn -0.872716 0.435131 -0.221425
v 91.464 -59.5802 473.265
vn -0.726918 0.680049 -0.0955182
v 92.3379 -58.7097 472.465
vn -0.870444 0.412045 -0.269342
v 92.1676 -58.1423 473.97
vn -0.921232 0.196309 -0.335849
v 91.0536 -61.9599 473.263
vn -0.910465 -0.175244 -0.374623
v 91.2499 -66.7696 472.772
vn -0.957011 0.114213 -0.266619
v 91.1785 -67.3749 473.052
vn -0.946205 0.0776856 -0.314104
v 91.4793 -67.0674 472.184
vn -0.843745 -0.380395 -0.378674
v 91.5458 -68.884 472.449
vn -0.902036 0.0562639 -0.427979
v 91.441 -59.3321 475.077
vn -0.811485 0.57356 -0.111898
v 91.1972 -59.926 475.341
vn -0.952043 -0.0632089 -0.299365
v 90.4044 -68.2998 475.669
vn -0.647195 -0.701283 -0.2989
v 90.4883 -69.9043 476.845
vn -0.0356273 -0.984776 -0.17014
v 91.461 -70.3183 479.039
vn -0.768913 -0.235635 -0.594348
v 91.9049 -55.9373 481.256
vn -0.669431 0.723357 -0.169162
v 91.9668 -55.6492 481.546
vn -0.834556 0.513801 -0.198806
v 92.4047 -55.9518 480.677
vn -0.641551 0.747255 -0.173271
v 92.6298 -55.3567 480.411
vn -0.246549 -0.944037 -0.219108
v 89.8708 -70.4603 479.787
vn -0.353629 0.934003 0.0508382
v 92.4626 -55.2799 482.206
vn -0.781677 0.593661 -0.191177
v 90.9582 -56.2372 483.244
vn -0.781573 -0.439751 -0.442451
v 90.8274 -56.529 483.225
vn -0.769843 -0.430697 -0.471001
v 91.3677 -56.5379 482.372
vn -0.729039 -0.554125 -0.401805
v 91.0524 -56.8516 483.239
vn -0.745471 0.654442 -0.126405
v 91.4768 -57.1553 482.669
vn -0.75847 0.634216 -0.149975
v 91.3713 -57.1662 483.262
vn -0.256551 0.95742 0.132395
v 92.334 -55.5233 483.394
vn -0.82969 0.530962 -0.17232
v 90.516 -56.5533 484.701
vn -0.911504 0.333101 -0.241255
v 90.4132 -56.847 484.685
vn -0.478882 0.877761 0.0144441
v 90.8979 -56.167 485.35
vn -0.842283 -0.398622 -0.36285
v 90.3109 -57.7778 485.858
vn -0.476602 0.878778 0.0244851
v 91.5613 -55.4042 488.447
vn -0.885818 0.39802 -0.23855
v 92.2532 -54.6461 487.627
vn -0.769759 0.616406 -0.165877
v 92.0454 -54.3677 488.82
vn -0.774939 0.598763 -0.202369
v 91.4802 -55.7788 486.923
vn -0.936705 0.289293 -0.197214
v 91.164 -55.2647 490.522
vn -0.676483 0.731223 -0.0876599
v 90.3157 -56.675 489.201
vn -0.656481 0.752324 -0.0551545
v 90.8553 -55.8093 489.274
vn -0.576669 0.805139 0.138578
v 90.9098 -55.8489 490.484
vn -0.541319 0.835173 0.0972621
v 90.7295 -55.9567 490.464
vn -0.927141 0.310577 -0.209647
v 91.0425 -55.7419 490.499
vn -0.59963 0.79286 0.108704
v 91.0062 -55.8667 490.794
vn -0.810404 0.579116 -0.0887183
v 90.6593 -55.3032 492.885
vn -0.478796 0.877512 0.0269655
v 91.7643 -54.5052 493.311
vn -0.908455 0.390041 -0.15026
v 90.27 -56.1969 493.429
vn -0.696957 0.716462 -0.0305397
v 90.6101 -56.1655 491.654
vn -0.761986 0.647037 -0.0268163
v 89.183 -57.4347 496.912
vn -0.791134 0.609857 -0.0467008
v 89.8716 -56.0589 499.725
vn -0.476931 0.874228 0.0909008
v 90.1016 -55.855 500.355
vn 0.12766 -0.986313 -0.104355
v 87.3417 -73.7443 504.186
vn -0.352643 0.92649 0.131377
v 88.4469 -57.6884 506.973
vn -0.543816 0.838672 0.0298841
v 89.1729 -57.2978 505.959
vn -0.596599 0.801173 0.0468148
v 87.4337 -58.5146 513.902
vn -0.653471 0.756246 0.0326653
v 88.1808 -57.7712 516.102
vn -0.55245 0.824274 0.12398
v 88.3949 -57.7763 517.027
vn -0.499485 0.858424 0.116713
v 88.9296 -57.4198 517.087
vn -0.816943 0.576685 -0.00617705
v 87.4235 -58.8223 516.909
vn -0.718924 0.694243 0.0342799
v 87.2319 -58.8307 519
vn -0.599944 0.795395 0.0861078
v 87.6136 -58.6811 521.452
vn -0.504938 0.856017 0.11078
v 88.2516 -58.7622 524.225
vn -0.578434 0.810852 0.0890663
v 86.9362 -59.9896 527.687
vn -0.503227 0.854993 0.125499
v 87.8982 -59.4247 527.492
vn -0.452454 0.885484 0.105844
v 87.8797 -59.8609 530.57
vn 0.183638 -0.976866 -0.109588
v 85.3123 -77.2481 529.533
vn -0.436051 0.892786 0.113101
v 86.9229 -60.9677 536.707
vn -0.647342 0.757085 0.0881507
v 85.5523 -61.9426 534.743
vn -0.951524 -0.305686 0.0340444
v 84.7914 -77.8758 534.593
vn 0.215806 -0.971673 -0.0963327
v 85.2052 -78.11 536.436
vn -0.615214 0.764274 0.193384
v 85.5435 -63.013 543.459
vn -0.249947 -0.964485 -0.0854123
v 85.1686 -78.6992 542.787
vn -0.770958 0.624703 0.123975
v 85.496 -63.7654 545.547
vn -0.866403 0.499236 -0.0104492
v 85.6923 -63.478 545.573
vn -0.897683 0.440637 -0.00186093
v 85.5188 -63.7912 546.363
vn -0.711829 0.695596 0.097192
v 86.0799 -62.8757 544.72
vn -0.798648 0.591258 0.112139
v 84.5145 -64.2833 544.837
vn -0.834638 0.549202 0.0419155
v 85.6293 -63.5008 546.471
vn -0.647629 0.705284 0.288359
v 84.2984 -65.5797 548.427
vn -0.609563 0.753257 0.247057
v 84.6533 -65.3021 548.444
vn -0.55026 0.805283 0.220757
v 84.9751 -65.0139 548.18
vn -0.917871 0.387705 0.0848404
v 85.0911 -64.7301 548.5
vn -0.668621 0.717973 0.193546
v 85.0387 -65.0361 548.789
vn -0.963929 0.257825 0.0660917
v 84.831 -66.3414 552.657
vn -0.682699 0.658935 0.315797
v 84.7218 -67.2448 552.927
vn -0.960237 -0.275118 -0.047481
v 84.5185 -78.9608 552.93
vn -0.713131 0.623438 0.320578
v 84.1768 -68.4466 554.052
vn -0.997204 0.074404 0.00701253
v 84.7322 -67.582 554.125
vn -0.989659 0.110089 0.0919566
v 83.8178 -69.9074 553.379
vn -0.998311 -0.0570384 0.0110445
v 84.1093 -75.0807 554.792
vn -0.975603 0.194036 0.102711
v 84.671 -67.9324 555.92
vn -0.689462 0.636397 0.345892
v 84.6179 -69.777 557.379
vn -0.980053 -0.191383 -0.053566
v 84.2478 -79.6968 558.012
vn -0.89202 0.161377 -0.422206
v 97.0483 -58.9354 459.92
vn -0.890926 0.168928 -0.421561
v 95.4142 -59.2183 462.801
vn -0.908183 0.0706531 -0.412567
v 94.8073 -61.9097 463.583
vn -0.677335 -0.54938 -0.489284
v 95.1882 -67.0675 464.287
vn -0.751363 0.638631 -0.166145
v 96.0388 -54.6223 468.698
vn -0.818343 0.553291 -0.155509
v 94.8222 -56.0351 468.246
vn -0.627439 0.778665 -0.000989276
v 95.9818 -54.381 470.809
vn -0.755812 0.654772 -0.00469229
v 94.2663 -56.6622 470.288
vn -0.838903 0.390481 -0.379166
v 94.224 -56.3678 470.592
vn -0.758365 0.639217 -0.127608
v 93.8056 -56.1364 473.802
vn -0.309242 -0.93273 -0.18543
v 94.3848 -70.3979 476.811
vn -0.432336 0.90161 0.0136063
v 93.1295 -55.0949 481.671
vn -0.468225 0.883537 0.0112883
v 93.0371 -55.2144 482.564
vn -0.732619 0.659113 -0.169821
v 92.7896 -54.657 485.568
vn -0.786382 0.572629 -0.231733
v 92.9379 -54.0456 486.2
vn -0.316377 0.948002 0.0346022
v 93.4363 -53.5238 492.29
vn -0.39765 0.908343 0.129566
v 92.577 -54.0646 494.606
vn -0.137471 0.970635 0.197408
v 93.4972 -53.7125 494.703
vn -0.670614 0.730367 -0.129773
v 93.8799 -53.8131 496.546
vn -0.606031 0.793459 -0.056127
v 93.5922 -54.2549 496.508
vn -0.347211 0.934687 0.0761832
v 94.2868 -53.7861 494.777
vn -0.276877 0.944498 0.176814
v 92.1222 -54.9868 498.761
vn -0.196556 0.95824 0.207707
v 92.9196 -54.5303 497.04
vn -0.392834 0.918746 0.0398321
v 93.3767 -54.084 498.903
vn -0.0292848 -0.992263 -0.120647
v 90.8115 -72.6605 497.009
vn -0.232024 0.956945 0.174418
v 92.3746 -54.9961 499.086
vn -0.689289 0.719406 -0.0856547
v 92.0998 -55.0228 500.567
vn -0.438194 0.898587 0.0229716
v 93.0905 -54.2231 501.887
vn -0.198072 0.973896 0.110879
v 92.781 -54.5531 504.864
vn -0.656188 0.753642 -0.0379499
v 90.4713 -55.9625 509.13
vn -0.489107 0.869305 0.0712949
v 90.3551 -56.0092 510.324
vn -0.141107 0.968467 0.20533
v 91.3092 -55.5705 510.125
vn -0.210275 0.952943 0.218368
v 91.2392 -55.7811 510.716
vn -0.0139278 0.976609 0.214573
v 91.5399 -55.7588 510.745
vn 0.128255 0.969922 0.206889
v 91.9645 -55.5679 509.585
vn -0.259758 0.954391 0.147184
v 89.9245 -56.5526 514.49
vn -0.369969 0.925557 0.0804153
v 92.1155 -56.3754 513.801
vn -0.233964 0.957105 0.170913
v 89.6641 -57.0863 516.864
vn -0.427885 0.899442 0.0889915
v 89.9343 -58.3133 525.905
vn 0.156113 -0.982039 -0.105963
v 88.6955 -76.0028 526.572
vn -0.407736 0.910594 0.0675951
v 88.6851 -61.1172 543.505
vn 0.361793 -0.930591 -0.0557322
v 86.3362 -78.1953 543.567
vn -0.601855 0.788431 0.12707
v 86.7397 -62.6851 547.002
vn -0.569457 0.80842 0.148918
v 87.836 -62.4555 551.531
vn -0.249771 0.939924 0.232715
v 88.1442 -62.3163 551.564
vn -0.864747 -0.493625 -0.0924516
v 84.7645 -79.3927 552.944
vn -0.824927 0.551344 0.12456
v 86.3691 -64.7035 554.954
vn -0.832083 0.52302 0.184629
v 85.4771 -66.5014 556.635
vn -0.639336 0.745741 0.187403
v 86.5286 -65.0956 557.674
vn 0.385309 -0.920944 -0.0583059
v 85.9202 -78.9667 556.984
vn -0.918008 0.386323 0.0895353
v 85.864 -66.6261 559.985
vn -0.979696 0.200259 0.00964257
v 85.7793 -67.2215 559.963
vn -0.871064 0.465234 0.157492
v 85.6998 -67.5167 559.948
vn -0.776013 0.611919 0.152841
v 86.3795 -66.7413 562.745
vn -0.824288 0.556697 0.103145
v 86.7498 -65.8373 561.898
vn -0.892605 0.441987 0.0888987
v 86.6068 -66.4559 562.774
vn -0.855698 0.47179 0.212591
v 85.3507 -68.4311 561.099
vn -0.937456 0.328535 0.115073
v 85.639 -68.1587 561.434
vn -0.82607 0.526985 0.199741
v 85.9622 -67.3236 562.993
vn -0.863746 -0.490045 -0.117469
v 84.1582 -80.3999 561.604
vn -0.325575 -0.930881 -0.165714
v 84.4712 -80.5143 561.632
vn -0.883755 0.462814 0.0691398
v 86.6095 -66.1825 563.685
vn -0.862556 0.483014 0.150645
v 86.3847 -67.0329 563.643
vn -0.942193 0.304262 0.140345
v 85.6528 -68.2136 563.243
vn -0.914642 0.395639 0.0830639
v 86.3473 -67.1207 565.446
vn -0.963551 0.231975 0.133256
v 85.3553 -70.015 563.775
vn -0.988762 0.123005 0.0849635
v 84.498 -78.1083 564.706
vn -0.320809 -0.925912 -0.199419
v 84.3089 -81.101 564.617
vn -0.998401 -0.0477551 0.0302524
v 84.234 -81.1635 566.869
vn 0.698425 -0.704972 -0.123359
v 85.2609 -80.2471 566.236
vn 0.756742 0.503699 0.416689
v 84.0579 -81.674 565.182
vn 0.756742 0.503699 0.416689
v 84.0776 -81.7047 565.183
vn 0.756742 0.503699 0.416689
v 84.0512 -81.7044 565.231
vn -0.979713 0.198572 -0.0270509
v 84.1195 -81.7524 566.693
vn 0.15789 -0.973194 -0.167225
v 84.2976 -81.4637 566.717
vn 0.969101 0.0167045 -0.246098
v 84.3011 -81.7645 566.711
vn -0.651919 -0.0976025 0.751981
v 84.4738 -81.4845 567.035
vn -0.989157 0.125522 0.0762382
v 85.4574 -75.6113 569.681
vn -0.994859 0.0947288 0.0357934
v 84.3212 -81.2098 568.233
vn -0.995443 0.0794484 0.0527454
v 84.384 -81.2409 569.143
vn -0.975918 -0.179522 -0.123918
v 84.3169 -81.501 567.924
vn -0.991041 0.017778 -0.132373
v 84.2626 -81.8069 568.213
vn -0.991408 0.122466 0.0459528
v 84.2722 -81.8256 568.817
vn 0.15789 -0.973194 -0.167225
v 84.4349 -81.5986 567.632
vn -0.716484 -0.662376 -0.218882
v 84.3583 -81.9126 568.22
vn -0.843267 -0.129718 0.521607
v 84.4289 -81.5445 569.14
vn 0.758149 -0.633497 -0.154565
v 84.618 -81.6453 568.854
vn -0.979271 -0.197306 -0.0458094
v 84.4814 -82.0136 570.038
vn -0.99424 -0.0068505 0.106962
v 84.4251 -81.8921 570.718
vn -0.987426 0.0879002 0.131394
v 84.5091 -81.6038 570.955
vn -0.9717 -0.210506 0.107171
v 84.5255 -81.9054 570.949
vn -0.988679 -0.143472 0.0439281
v 84.5024 -81.9219 571.55
vn 0.685084 -0.712865 -0.149948
v 84.7749 -81.913 570.672
vn -0.354409 -0.88762 -0.294151
v 84.6306 -82.1486 571.557
vn -0.913052 0.120562 -0.389616
v 99.6775 -56.2534 455.142
vn -0.899773 0.206743 -0.384273
v 99.4187 -55.965 456.108
vn -0.731882 0.666822 -0.140347
v 100.262 -51.8833 458.618
vn -0.86229 0.432857 -0.262849
v 99.3302 -54.1896 457.268
vn -0.700434 0.706131 -0.103787
v 97.1234 -54.0026 465.778
vn -0.481464 -0.804811 -0.347091
v 97.3805 -67.5919 463.093
vn -0.557182 0.827627 0.0676865
v 98.9629 -51.9433 466.933
vn -0.469864 0.86854 0.157691
v 99.2342 -51.9374 467.261
vn -0.42243 -0.870206 -0.253563
v 96.146 -69.0727 468.968
vn -0.609162 0.785875 -0.10641
v 97.7547 -52.6312 472.83
vn -0.771065 0.581809 -0.258761
v 97.4144 -53.2651 470.672
vn -0.892697 0.14768 -0.425773
v 96.4712 -53.5444 472.986
vn -0.634833 0.763333 -0.119625
v 96.3542 -52.9719 477.812
vn -0.471941 0.880332 -0.0478309
v 95.6503 -52.6606 482.273
vn -0.217087 0.969471 0.114013
v 96.5562 -52.3569 482.368
vn -0.267517 0.959136 0.0921548
v 96.4706 -52.5449 483.26
vn -0.386835 0.922103 -0.00925368
v 95.9552 -52.8291 485.314
vn -0.067461 0.991826 0.108304
v 97.1512 -52.6582 488.749
vn -0.164214 0.982913 0.0831633
v 95.7668 -52.9348 490.418
vn -0.33301 0.942864 -0.0106141
v 96.6641 -52.9428 490.504
vn -0.494333 0.865314 -0.0828673
v 95.0996 -53.3807 493.961
vn -0.329405 0.943563 0.0343589
v 96.2974 -52.9987 494.336
vn -0.13373 0.983085 0.125138
v 94.4879 -53.587 493.897
vn -0.659278 0.739198 -0.137621
v 94.7103 -53.462 494.826
vn -0.450614 0.890471 -0.0633095
v 95.0707 -53.2282 494.565
vn -0.167776 0.980796 0.099454
v 95.2617 -53.3125 495.485
vn 0.148138 0.956455 0.251495
v 93.4132 -54.4688 504.625
vn 0.0114983 0.976092 0.217056
v 93.9286 -54.8873 505.268
vn -0.0473058 0.990753 0.127162
v 94.1975 -54.9188 505.595
vn -0.148551 0.979716 0.134493
v 93.4058 -55.2865 507.319
vn -0.276816 0.953368 0.120263
v 93.7116 -55.1847 507.35
vn -0.0905819 0.98478 0.148335
v 93.8901 -55.303 508.571
vn -0.327692 -0.936803 -0.12255
v 93.1353 -74.3484 509.553
vn -0.463585 0.886049 0.00243563
v 92.7398 -56.0174 512.362
vn -0.379785 0.924195 0.0403298
v 92.7099 -55.9966 514.169
vn -0.1604 0.975193 0.152547
v 93.2587 -56.1458 517.836
vn -0.174966 0.976733 0.124017
v 93.6096 -57.1814 522.97
vn -0.0782517 -0.992756 -0.0911734
v 91.9073 -75.4153 521.77
vn -0.265768 0.956089 0.123533
v 92.0846 -58.4018 531.838
vn -0.250461 0.960854 0.118443
v 91.0763 -60.476 544.354
vn 0.228262 -0.971814 -0.058939
v 88.3851 -77.4605 541.581
vn -0.144565 0.984288 0.101382
v 90.0952 -60.6941 544.857
vn -0.165639 0.965232 0.202215
v 89.1518 -61.2234 548.07
vn -0.154334 0.970401 0.185751
v 90.041 -61.3577 548.152
vn -0.347493 0.932168 0.101545
v 89.4839 -61.8528 550.498
vn -0.146738 0.972446 0.181153
v 88.8398 -62.1242 550.731
vn -0.325084 0.933377 0.152076
v 89.3609 -62.0074 551.689
vn 0.221572 -0.973653 -0.0539028
v 89.0219 -77.8862 553.691
vn -0.504231 0.848043 0.163016
v 88.103 -63.6844 557.416
vn -0.340924 0.92671 0.158048
v 89.4773 -63.6164 558.897
vn -0.616719 0.786971 0.0182716
v 89.759 -63.4469 559.23
vn -0.578378 0.811395 0.0843565
v 88.9132 -64.2201 561.24
vn -0.741178 0.670971 0.0212986
v 88.9819 -64.1915 562.453
vn -0.504798 0.860119 0.0733114
v 89.4931 -63.6246 561.913
vn -0.644204 0.746479 0.166645
v 87.1031 -65.5935 563.445
vn -0.64538 0.752335 0.132203
v 87.9809 -65.3991 564.74
vn -0.668903 0.737186 0.0955244
v 88.7386 -64.5533 566.039
vn -0.706755 0.669397 0.228921
v 86.883 -66.9098 567.312
vn -0.631193 0.743382 0.221312
v 87.5426 -66.3435 567.087
vn -0.79165 0.596742 0.131107
v 87.8071 -66.0606 567.12
vn -0.827595 0.528503 0.189134
v 86.5702 -68.4816 570.259
vn -0.740072 0.644007 0.193772
v 87.3 -67.292 569.152
vn -0.857307 0.503493 0.107331
v 87.3867 -67.3337 570.365
vn 0.693474 -0.717362 -0.0669716
v 85.9727 -81.145 572.614
vn 0.543166 -0.8379 -0.053791
v 87.4002 -79.6175 572.788
vn 0.693447 -0.72045 -0.00912231
v 85.0726 -81.9411 573.413
vn -0.897657 0.432537 0.0844023
v 87.4797 -67.7934 575.488
vn -0.958194 0.262945 0.112799
v 86.5011 -71.0432 575.618
vn -0.996787 0.0208373 0.0773417
v 84.9491 -81.4675 575.523
vn 0.709446 -0.704086 -0.0308158
v 86.0085 -80.9188 575.035
vn -0.866724 -0.486582 0.109671
v 84.9103 -81.8237 575.209
vn -0.990037 -0.104479 0.0944005
v 84.9806 -81.7701 575.518
vn -0.997648 0.0187981 0.065911
v 84.9517 -81.7862 576.118
vn 0.647581 -0.759855 -0.05709
v 85.2082 -81.8445 575.237
vn -0.666386 -0.731256 -0.145578
v 85.0567 -82.0029 576.726
vn -0.989956 0.13822 0.0297173
v 86.9992 -69.9462 578.104
vn -0.994951 0.0413806 0.0914348
v 85.1742 -81.864 578.248
vn 0.394355 -0.914626 -0.0891256
v 85.5126 -81.8774 577.979
vn -0.931919 0.348922 0.0988972
v 87.0805 -70.0326 580.823
vn -0.999959 0.00835252 0.00340734
v 86.9401 -72.1539 581.663
vn -0.999922 0.0124317 -0.000801519
v 86.8559 -71.8568 581.964
vn 0.748917 -0.659644 -0.0631904
v 86.4767 -81.1299 581.104
vn -0.98092 -0.157764 -0.113609
v 85.266 -82.2336 580.359
vn -0.972047 -0.213895 -0.0968141
v 85.2046 -82.2385 580.654
vn -0.991104 -0.0403142 0.12684
v 85.2085 -82.2477 580.956
vn 0.181548 -0.974358 -0.132918
v 85.46 -82.2555 580.678
vn -0.94699 -0.305812 -0.0984321
v 85.3036 -82.5456 580.656
vn -0.980188 0.114022 0.161959
v 85.3012 -81.9624 581.273
vn -0.016729 -0.711535 0.702451
v 85.5457 -82.2688 580.942
vn -0.919597 -0.117708 0.374816
v 85.4787 -82.3654 581.582
vn -0.702023 -0.703748 -0.109097
v 85.3123 -82.2906 582.17
vn 0.664906 -0.743289 -0.0736328
v 85.6749 -82.3302 582.724
vn -0.893955 -0.394062 0.213447
v 85.5426 -82.5072 583.996
vn -0.884305 -0.455456 0.102782
v 85.4972 -82.0744 584.605
vn -0.96697 -0.143309 0.21079
v 85.5871 -82.1164 585.819
vn 0.719657 -0.693696 -0.0296461
v 85.7803 -82.3976 584.752
vn -0.887926 -0.445969 0.112687
v 85.6903 -82.4238 585.821
vn -0.989855 0.091792 0.108448
v 85.9211 -81.2779 587.24
vn -0.299407 -0.911448 0.282167
v 86.0421 -81.326 588.595
vn -0.386789 -0.473572 -0.79128
v 109.628 -49.4625 387.827
vn -0.761931 -0.626596 -0.163822
v 109.459 -49.4603 388.113
vn -0.913109 0.369981 -0.171308
v 104.071 -49.3543 446.383
vn -0.871497 -0.191683 -0.451387
v 103.583 -52.6309 446.369
vn -0.769512 0.638126 0.0254116
v 103.425 -49.9934 449.019
vn -0.94362 0.227904 -0.240083
v 102.84 -52.6413 448.297
vn -0.857574 -0.165584 -0.486979
v 102.939 -54.46 448.565
vn -0.922666 0.0343057 -0.384071
v 103.091 -55.6722 448.551
vn -0.84803 -0.153135 -0.507341
v 102.726 -57.7565 448.629
vn -0.73711 0.673784 0.0518131
v 103.543 -50.0193 449.633
vn -0.903256 0.387291 -0.184757
v 102.847 -50.8926 450.148
vn -0.79371 0.583792 -0.170915
v 103.283 -49.8094 453.23
vn -0.87117 -0.0714524 -0.485754
v 100.811 -59.5625 452.761
vn -0.67163 -0.537025 -0.510408
v 100.351 -65.6415 455.888
vn -0.595906 0.800412 -0.0650856
v 102.363 -49.7376 461.283
vn -0.291889 0.944953 0.147865
v 101.821 -49.9826 463.637
vn -0.316514 0.94221 0.109813
v 101.231 -50.6678 466.202
vn -0.767211 0.556523 -0.318856
v 99.4773 -51.5174 468.178
vn -0.667829 0.731623 -0.136869
v 99.8712 -51.5172 467.332
vn -0.325968 0.942221 -0.0772326
v 101.437 -50.4928 470.522
vn -0.526037 0.848803 -0.0530907
v 99.257 -51.8364 470.28
vn -0.333543 0.94268 -0.0101768
v 100.893 -50.9837 469.553
vn -0.233002 0.971584 0.0416473
v 100.205 -50.8527 473.711
vn 0.270766 0.935518 0.226918
v 100.732 -51.1014 474.359
vn -0.0418965 0.993411 0.106675
v 99.0465 -51.6561 479.007
vn -0.0592693 0.996796 0.0537102
v 100.125 -51.7403 480.314
vn -0.615134 -0.767736 -0.179419
v 97.4635 -72.2735 478.063
vn -0.2687 0.962215 -0.0440643
v 100.034 -52.0954 484.216
vn -0.4782 -0.874144 -0.0848353
v 96.6005 -72.942 486.707
vn -0.683826 -0.728603 -0.0389852
v 98.4368 -74.5264 485.339
vn -0.475374 0.869867 -0.131721
v 98.1208 -52.419 488.245
vn -0.47596 0.874233 -0.0958062
v 98.4377 -52.1434 488.282
vn -0.0850997 0.993252 0.0787891
v 99.2381 -51.8945 489.571
vn -0.672963 -0.738705 -0.0378855
v 97.4315 -73.5463 487.074
vn -0.375331 0.926731 -0.0171975
v 97.1932 -52.6997 491.465
vn -0.37872 0.925483 0.00717063
v 97.3956 -52.4439 492.697
vn -0.0141691 0.985583 0.1686
v 97.6071 -52.4897 493.62
vn 0.531991 0.766274 0.360291
v 97.7292 -53.0499 495.126
vn -0.600122 -0.790323 -0.123461
v 96.5896 -73.8827 495.728
vn 0.299946 0.925662 0.230612
v 97.1291 -53.7766 497.764
vn -0.351598 -0.929129 -0.114444
v 95.8303 -73.7407 497.467
vn -0.464387 0.878864 -0.109286
v 98.284 -53.8064 501.493
vn -0.43459 0.896823 -0.0827079
v 97.6265 -54.2882 501.719
vn -0.235588 0.971528 -0.0251385
v 98.0684 -54.1994 500.558
vn -0.550776 -0.822912 -0.139506
v 96.9146 -75.3252 500.85
vn -0.589071 -0.794797 -0.145921
v 95.6633 -74.3999 501.957
vn -0.0839034 0.988314 0.127262
v 95.8521 -54.6551 504.253
vn -0.275066 0.961008 0.0283299
v 96.9856 -54.3207 505.274
vn -0.189447 -0.961545 -0.198849
v 96.6887 -75.9257 505.939
vn -0.590082 -0.793814 -0.147184
v 96.374 -75.8175 506.213
vn -0.038424 0.989938 0.136183
v 96.2273 -54.8655 509.711
vn -0.445115 -0.880614 -0.162454
v 95.9852 -76.1481 510.086
vn -0.245884 0.965592 0.0846971
v 96.1302 -55.8275 519.627
vn -0.177171 0.976397 0.123526
v 94.2938 -57.9394 531.157
vn -0.119187 0.98276 0.141344
v 94.4149 -58.0719 532.975
vn 0.0150827 0.984966 0.172088
v 94.191 -58.4769 535.054
vn -0.0889113 -0.993667 -0.068713
v 91.3054 -77.0093 539.762
vn -0.466267 -0.881636 -0.0728965
v 92.1561 -77.3049 540.139
vn -0.045586 0.985972 0.160566
v 93.8421 -60.0405 544.019
vn -0.131353 0.974542 0.181698
v 91.7062 -61.1846 549.824
vn -0.285705 0.949871 0.126954
v 92.4313 -61.3741 551.397
vn 0.0983855 -0.994002 -0.047745
v 90.2615 -77.6638 553.514
vn -0.110723 0.981612 0.155496
v 91.5863 -63.2075 562.426
vn -0.303466 0.951557 0.049476
v 91.2394 -63.7671 565.696
vn 0.115097 -0.992507 -0.041025
v 90.4023 -78.2553 564.367
vn -0.332588 0.939976 0.0763558
v 89.3543 -64.2843 566.105
vn -0.28776 0.952835 0.0964383
v 91.3024 -63.6124 568.328
vn 0.355835 -0.933902 -0.0347531
v 89.0152 -78.8999 575.372
vn 0.551221 -0.832371 -0.0575686
v 87.6869 -79.6275 576.131
vn -0.448515 0.884367 0.12934
v 90.1338 -65.836 579.106
vn -0.685573 0.715167 0.136112
v 89.4924 -66.7661 582.037
vn -0.841681 0.517287 0.154876
v 88.5488 -68.7895 586.42
vn -0.962831 0.235863 0.131623
v 87.2133 -71.9975 585.914
vn -0.977149 0.184575 0.105414
v 86.7343 -76.5006 586.665
vn -0.995674 0.0840106 0.0396917
v 86.9916 -75.6161 586.711
vn 0.481261 -0.873993 -0.0672641
v 88.6577 -79.6948 584.966
vn -0.990417 0.118486 0.0709601
v 87.0068 -76.2992 589.41
vn -0.911045 -0.328806 0.248764
v 86.156 -81.6423 587.694
vn 0.653034 -0.754956 -0.0599019
v 86.4451 -81.6353 588.023
vn 0.631548 -0.770389 -0.0874522
v 87.3833 -80.7222 588.135
vn -0.938021 0.306528 0.16173
v 88.5799 -70.7387 591.201
vn -0.677346 -0.708629 -0.197604
v 86.1202 -81.9863 590.395
vn -0.588987 -0.783856 -0.196631
v 86.2041 -81.9838 590.134
vn -0.966372 -0.0144591 0.256742
v 86.1472 -81.9978 590.725
vn -0.93148 -0.178853 0.316792
v 86.2855 -82.0152 591.013
vn -0.988599 0.0139144 0.14993
v 86.2812 -81.7234 591.321
vn 0.45603 -0.862578 -0.219082
v 86.5437 -81.8432 589.836
vn 0.672274 -0.727767 -0.135658
v 86.4425 -82.0984 590.725
vn -0.901966 -0.317388 -0.292782
v 86.1294 -82.2968 590.704
vn -0.414817 -0.909684 -0.020069
v 86.436 -82.0612 592.233
vn -0.995499 0.047995 0.0817245
v 86.4448 -81.7793 592.843
vn -0.287841 -0.956368 -0.0500763
v 86.6265 -82.1325 591.948
vn -0.984992 0.0430956 0.167135
v 86.4496 -82.2449 593.737
vn -0.965696 0.0403237 0.256527
v 86.5703 -82.1242 594.053
vn -0.0681025 -0.984314 0.162751
v 86.7478 -82.2608 593.765
vn -0.97424 0.190269 0.121056
v 87.3846 -78.9445 596.619
vn -0.982329 0.177634 0.0589617
v 86.7205 -82.1701 595.272
vn 0.668293 -0.734283 -0.119217
v 86.9045 -82.2782 595.287
vn -0.229022 -0.965184 -0.126365
v 86.5556 -82.8412 597.954
vn -0.97572 0.218551 0.0143261
v 86.6267 -82.5473 598.032
vn -0.0574461 -0.994204 -0.0908719
v 86.7831 -82.8563 597.975
vn -0.971148 0.238327 0.0084245
v 86.5954 -82.6901 598.263
vn 0.585664 0.651076 0.482802
v 86.7788 -82.865 598.276
vn -0.962193 0.253461 0.09971
v 86.557 -82.8486 598.557
vn -0.216704 -0.975564 -0.0362502
v 86.6196 -82.8725 598.863
vn 0.680987 -0.722119 -0.121658
v 87.1381 -82.5794 598.016
vn -0.0927765 -0.995426 -0.0227894
v 86.8753 -82.8739 598.366
vn -0.956011 -0.0575244 -0.287635
v 111.758 -53.7215 384.917
vn -0.918598 0.355666 -0.172275
v 110.214 -47.9808 387.316
vn -0.900274 0.290279 -0.324414
v 110.115 -48.2748 387.299
vn -0.413811 0.456212 -0.787801
v 110.818 -47.0924 386.491
vn -0.413811 0.456212 -0.787801
v 110.565 -47.3761 386.46
vn -0.366397 -0.493748 -0.788648
v 110.431 -47.9818 386.887
vn -0.301752 -0.431626 -0.850085
v 110.354 -48.59 387.275
vn -0.871999 0.230809 -0.431677
v 110.96 -47.0929 386.203
vn -0.413811 0.456212 -0.787801
v 110.827 -47.3884 386.315
vn -0.759772 0.649736 -0.0242854
v 110.752 -47.115 387.388
vn -0.473916 0.86754 -0.150923
v 111.362 -46.819 386.248
vn -0.450424 -0.130351 -0.883248
v 111.484 -47.1183 385.94
vn -0.346419 -0.480099 -0.805915
v 111.926 -48.3744 386.777
vn -0.229395 -0.38203 -0.895227
v 110.889 -49.2338 387.551
vn -0.449496 -0.143305 -0.881712
v 111.795 -49.5848 387.305
vn -0.673576 0.0990986 -0.732445
v 110.733 -51.6289 387.522
vn -0.868277 -0.0135629 -0.495894
v 111.18 -51.9429 387.013
vn -0.872348 -0.0502163 -0.486299
v 111.022 -52.1368 387.295
vn -0.958693 -0.169847 -0.228167
v 111.496 -53.4305 385.803
vn -0.551902 0.379427 -0.74259
v 111.705 -51.3743 386.995
vn -0.907764 0.412366 -0.0769354
v 110.059 -48.28 387.595
vn -0.887103 -0.406198 -0.219206
v 109.975 -50.0956 388.147
vn -0.752141 -0.0735382 -0.654886
v 110.064 -50.4021 388.148
vn -0.994821 0.101504 0.00532563
v 110.03 -50.4088 388.446
vn -0.928967 0.369974 0.0118501
v 109.913 -50.7016 388.428
vn -0.468727 -0.247772 -0.847882
v 110.185 -50.1045 387.995
vn -0.626104 0.0535738 -0.777897
v 110.116 -51.0053 388.097
vn -0.857432 -0.510541 0.0644864
v 110.08 -51.0531 388.436
vn -0.963589 0.263846 -0.0433716
v 109.921 -48.7064 392.094
vn -0.988219 -0.0561679 0.142364
v 110.203 -50.4653 389.969
vn -0.913166 -0.40608 0.0350281
v 110.05 -49.6165 392.085
vn -0.839022 0.53536 -0.0971132
v 111.414 -45.5628 394.423
vn -0.995218 -0.0615191 -0.0758738
v 110.002 -47.8462 393.328
vn -0.983331 -0.15688 -0.0919216
v 109.925 -47.5495 393.629
vn -0.84428 0.519727 -0.130672
v 110.21 -47.4955 392.754
vn -0.80224 0.590018 -0.091051
v 110.616 -46.6579 392.511
vn -0.978063 -0.206985 -0.0234457
v 109.853 -49.0204 392.683
vn -0.873755 -0.478911 0.0848359
v 110.545 -50.2775 393.021
vn -0.58126 0.809282 -0.0848526
v 110.554 -46.6091 396.124
vn -0.86929 0.492893 -0.037286
v 111.1 -46.161 394.981
vn -0.803686 0.589288 -0.0826325
v 111.328 -45.2836 395.326
vn -0.97494 0.219993 -0.0330999
v 111.184 -45.92 396.804
vn -0.99252 0.122076 0.00147261
v 109.904 -47.3106 395.743
vn -0.935477 -0.350365 0.0461169
v 109.991 -47.6259 396.046
vn -0.639736 0.763921 -0.0846315
v 110.135 -46.7519 396.683
vn -0.982106 0.181353 0.0507871
v 109.844 -48.5357 396.613
vn -0.996557 0.0679181 0.0475508
v 110.142 -47.9305 396.354
vn -0.83629 -0.547634 0.0267451
v 110.396 -49.9824 395.426
vn -0.479249 0.877555 -0.0147516
v 110.444 -46.5533 397.321
vn -0.515275 0.856303 -0.03517
v 110.608 -46.4636 398.846
vn -0.533224 0.845222 -0.0356716
v 111.055 -46.239 397.688
vn -0.984569 0.166679 -0.0533197
v 111.091 -45.6673 398.61
vn -0.973878 0.214764 0.0737429
v 110.133 -48.2994 398.154
vn -0.510178 0.860029 -0.00826486
v 110.065 -46.8012 398.484
vn -0.976429 -0.211217 0.0444181
v 110.003 -49.1744 397.517
vn -0.846239 0.532789 -0.00393032
v 110.377 -46.3829 403.951
vn -0.994479 -0.0949533 0.0446658
v 110.156 -46.9333 402.71
vn -0.992627 -0.119595 0.0196998
v 110.027 -48.4364 402.964
vn -0.974377 -0.220788 0.0429129
v 110.515 -47.544 402.255
vn -0.995143 -0.0981475 -0.00752966
v 110.539 -47.8873 403.629
vn -0.994574 -0.103982 0.00319306
v 110.263 -47.0169 405.281
vn -0.901323 0.412383 -0.132506
v 109.002 -45.0553 422.842
vn -0.988583 -0.00291941 -0.15065
v 108.936 -45.3514 422.829
vn -0.944149 0.301902 -0.132051
v 107.765 -45.5615 432.358
vn -0.931732 -0.202449 -0.301481
v 106.837 -46.5094 435.864
vn -0.538374 0.839365 0.0749597
v 107.341 -45.5828 437.141
vn -0.912601 -0.267354 -0.309325
v 107.03 -47.7333 436.155
vn -0.933282 -0.261263 -0.246426
v 107.193 -49.2738 437.039
vn -0.866268 0.492826 -0.0818673
v 106.678 -46.2613 437.965
vn -0.868836 -0.373755 -0.324701
v 106.867 -50.5353 439.691
vn -0.90055 0.427963 -0.0765383
v 105.433 -48.3722 440.81
vn -0.836542 -0.316113 -0.447516
v 105.711 -49.5928 440.807
vn -0.596645 0.796979 0.0940185
v 105.355 -47.7644 443.831
vn -0.372717 0.90999 0.181662
v 105.591 -47.8685 444.454
vn -0.924163 0.338331 -0.177355
v 104.677 -49.0311 444.339
vn -0.905366 -0.124 -0.406123
v 104.616 -52.3418 444.556
vn -0.854144 -0.168278 -0.492058
v 104.911 -52.635 443.673
vn -0.702314 -0.326165 -0.632749
v 105.538 -56.3009 444.249
vn -0.541253 0.840616 -0.0202331
v 106.112 -47.6418 445.113
vn -0.581055 0.813693 -0.0167142
v 105.962 -47.4389 447.214
vn -0.625281 0.779001 0.0467007
v 105.189 -48.518 446.209
vn -0.917223 -0.0210279 -0.397819
v 104.239 -53.8464 445.388
vn -0.673912 -0.37046 -0.63922
v 105.836 -57.8504 445.146
vn -0.741289 0.671167 -0.004942
v 103.838 -49.7383 449.668
vn -0.62508 -0.428768 -0.652252
v 103.33 -62.3447 449.923
vn -0.636773 0.768167 -0.0666271
v 103.734 -49.1511 453.591
vn -0.452435 0.891631 -0.0172298
v 104.866 -48.403 454.924
vn -0.727852 -0.496073 -0.473438
v 103.096 -66.981 454.614
vn -0.678911 -0.601999 -0.420329
v 102.014 -68.5197 458.09
vn -0.163346 0.979561 0.117384
v 104.416 -48.8039 459.393
vn 0.012408 0.948246 0.317294
v 104.472 -49.5045 461.492
vn 0.109775 0.946282 0.304139
v 104.981 -48.8739 459.747
vn -0.830192 -0.443543 -0.337714
v 103.137 -71.3441 459.639
vn 0.125758 0.92854 0.349282
v 102.387 -50.0733 463.973
vn 0.0601811 0.940695 0.333873
v 102.791 -49.7379 463.133
vn -0.120795 0.976193 0.180153
v 104.705 -49.6648 462.113
vn -0.792256 -0.545388 -0.273647
v 102.464 -72.6134 463.295
vn -0.522254 -0.837266 -0.161975
v 103.103 -73.0542 462.61
vn 0.0226426 0.97891 0.203032
v 102.246 -50.4879 465.173
vn 0.112885 0.940797 0.319621
v 102.643 -50.2947 464.312
vn -0.241832 0.968236 0.0635382
v 102.881 -50.3661 464.936
vn -0.725925 -0.608404 -0.320746
v 101.457 -71.3584 463.697
vn -0.670497 -0.708885 -0.218897
v 102.723 -72.9855 463.479
vn -0.14291 0.988023 0.058204
v 103.326 -50.1115 466.794
vn 0.018736 0.997666 0.0656596
v 103.146 -50.2663 468.581
vn 0.414526 0.86967 0.268034
v 104.118 -50.4401 467.766
vn -0.615222 -0.763603 -0.195991
v 101.77 -73.2282 466.999
vn -0.699026 -0.709683 -0.0878258
v 101.704 -73.3763 467.592
vn -0.728567 -0.652301 -0.209031
v 102.174 -73.3638 465.829
vn -0.421844 -0.890181 -0.172122
v 102.029 -73.4133 467.321
vn 0.296824 -0.941897 0.157241
v 101.983 -73.2498 467.924
vn 0.495807 -0.859158 0.126582
v 102.344 -73.1658 467.358
vn 0.196676 0.956303 0.216339
v 102.399 -50.379 470.014
vn 0.425756 0.855059 0.295982
v 103.375 -50.4827 469.201
vn 0.399069 0.870242 0.28883
v 103.231 -50.9646 470.382
vn -0.705962 -0.673978 -0.21765
v 100.481 -72.3661 469.307
vn -0.573682 -0.813815 -0.0927103
v 101.365 -73.1053 468.169
vn -0.428205 -0.85709 -0.286421
v 101.21 -73.3181 469.657
vn -0.621623 -0.734648 -0.271803
v 101.139 -73.5551 470.247
vn -0.062492 -0.996164 -0.0612595
v 101.599 -73.2512 468.791
vn -0.368885 -0.884116 -0.286813
v 101.427 -73.7309 470.271
vn 0.217055 -0.970965 -0.100565
v 102.232 -73.1481 468.553
vn 0.0506456 -0.963738 -0.262
v 102.163 -73.3447 469.145
vn 0.372536 -0.924235 -0.0837029
v 102.5 -73.1891 468.879
vn 0.0878679 0.989786 0.112264
v 101.288 -51.3226 474.708
vn 0.104691 0.991315 0.0795919
v 102.15 -51.4358 475.09
vn -0.165555 -0.981399 -0.0971961
v 101.035 -74.0989 474.143
vn -0.464169 -0.873326 -0.147816
v 100.235 -74.165 476.175
vn -0.205637 -0.974659 -0.0880494
v 100.472 -74.2458 476.799
vn -0.292494 -0.90395 -0.311965
v 100.677 -74.4337 477.699
vn 0.394892 -0.910694 -0.121232
v 101.455 -73.8 476.301
vn 0.367062 -0.910963 -0.188182
v 101.351 -74.0972 477.188
vn -0.0711753 0.997457 -0.00375956
v 102.696 -51.6317 478.756
vn -0.416621 -0.884751 -0.208908
v 99.7947 -74.1526 477.64
vn -0.459441 -0.844815 -0.274229
v 99.9433 -74.7224 478.861
vn -0.342177 -0.898083 -0.276337
v 100.236 -74.8378 478.872
vn 0.607967 -0.79301 0.0388736
v 101.384 -74.2257 479.299
vn -0.0227824 0.996568 0.0795816
v 100.833 -51.7035 481.589
vn 0.0826641 0.986767 0.139493
v 101.178 -51.7801 481.922
vn -0.487211 0.851271 -0.194841
v 101.445 -51.8397 482.248
vn -0.0364188 0.999028 0.0248318
v 102.018 -51.3605 482.917
vn 0.511412 -0.859309 -0.00677295
v 100.644 -74.7208 481.025
vn 0.403032 -0.910673 -0.0907747
v 101.208 -74.387 481.69
vn -0.442489 0.881825 -0.16306
v 100.278 -51.6268 485.155
vn 0.883411 0.244433 0.399797
v 101.479 -52.5275 487.661
vn -0.646709 -0.756149 -0.10003
v 99.3087 -75.3783 485.101
vn 0.395627 -0.918148 0.0219837
v 99.5581 -75.272 485.73
vn 0.45609 0.843024 0.285119
v 100.515 -51.9712 488.788
vn 0.759942 0.511843 0.40063
v 100.315 -52.5312 490.262
vn 0.739863 0.562696 0.368749
v 100.095 -53.1446 491.131
vn 0.210479 0.970573 0.116987
v 100.756 -53.5849 491.486
vn -0.177222 0.983862 -0.0246648
v 99.6545 -53.937 496.496
vn -0.295382 -0.953179 -0.0647999
v 97.6809 -75.1006 496.105
vn -0.264161 0.959569 -0.0971888
v 100.146 -53.6375 497.455
vn -0.0385282 0.999109 0.0172428
v 101.084 -53.6505 497.545
vn -0.0493205 0.997355 0.0533879
v 99.3103 -53.5663 500.391
vn 0.189475 -0.981521 0.0267494
v 97.6474 -75.439 499.41
vn 0.441884 -0.895264 0.0569244
v 99.4405 -74.5896 500.206
vn -0.0864411 0.992663 0.0845432
v 100.251 -54.0389 502.882
vn 0.414981 -0.909751 -0.0119645
v 98.8809 -74.6787 502.863
vn 0.382186 -0.923965 -0.0149501
v 97.2249 -75.8541 503.58
vn 0.312469 -0.936406 -0.159706
v 99.0601 -74.7877 504.084
vn -0.501726 -0.85637 -0.122072
v 96.8145 -75.8965 504.695
vn 0.467452 -0.884017 0.00135097
v 97.088 -75.782 505.076
vn 0.266244 -0.952061 -0.150647
v 97.0269 -75.8523 505.672
vn -0.383483 -0.903352 -0.192083
v 96.6275 -76.0922 506.532
vn -0.50471 -0.856902 -0.104814
v 96.4479 -76.247 508.32
vn 0.120092 -0.970939 -0.207013
v 96.9229 -76.1541 506.559
vn 0.449146 -0.891115 -0.0646697
v 96.7403 -76.3556 508.345
vn 0.476734 -0.877512 -0.0519401
v 97.2002 -76.0547 506.889
vn -0.0688799 -0.962535 -0.262262
v 96.8296 -76.5419 510.46
vn 0.0631395 -0.980712 -0.184982
v 96.7753 -76.6819 510.936
vn 0.142518 -0.978939 -0.146175
v 97.2204 -76.3709 509.642
vn 0.269758 -0.952787 -0.139385
v 97.1315 -76.5009 510.49
vn 0.405943 -0.9126 -0.0486959
v 98.4953 -75.8442 509.431
vn -0.317187 -0.935268 -0.157055
v 96.435 -76.707 511.322
vn 0.0890021 0.986439 0.137902
v 97.7983 -55.0943 515.283
vn 0.203225 -0.978741 -0.0276574
v 96.3735 -77.0399 514.926
vn -0.339713 -0.932695 -0.121142
v 95.9024 -77.0731 516.689
vn -0.382759 -0.917915 -0.104531
v 95.8108 -77.1785 517.582
vn 0.211058 -0.974843 -0.07166
v 96.2615 -77.0226 516.122
vn -0.299111 -0.94351 -0.142557
v 96.1328 -77.2661 517.309
vn 0.29065 0.941293 0.171728
v 98.2319 -56.1648 519.52
vn 0.341866 0.912712 0.223796
v 96.9463 -56.4781 523.308
vn 0.219281 0.95883 0.180447
v 97.266 -56.603 523.034
vn 0.0168742 0.989886 0.140855
v 97.8664 -56.5725 523.093
vn 0.286091 -0.95764 -0.0328389
v 95.7858 -77.3839 520.891
vn 0.103982 0.976729 0.187585
v 96.2952 -56.4152 523.849
vn 0.470435 0.842837 0.261374
v 97.2019 -56.7201 523.628
vn 0.304157 0.921897 0.23999
v 96.7383 -57.3361 528.091
vn 0.370867 -0.926691 -0.0608371
v 96.4701 -76.9946 526.694
vn 0.468751 0.83757 0.280621
v 96.8551 -58.0059 529.895
vn 0.293207 0.933731 0.205366
v 97.4383 -58.0337 532.965
vn -0.469295 -0.878587 -0.0885797
v 94.786 -78.0667 531.33
vn 0.355732 -0.929145 -0.10072
v 95.3282 -77.9732 531.686
vn 0.288757 -0.951312 -0.107817
v 96.0307 -77.6736 530.856
vn 0.230693 -0.969857 -0.0784749
v 95.1338 -78.3618 533.467
vn 0.46281 -0.885481 -0.0416082
v 95.7852 -77.9749 533.237
vn -0.0828831 0.992629 0.0884224
v 95.0629 -58.4405 535.44
vn 0.14413 0.962409 0.230209
v 94.961 -58.9639 539.337
vn 0.4377 0.846099 0.304196
v 95.6759 -58.9144 538.201
vn 0.195878 0.951359 0.237797
v 95.5703 -59.2396 539.088
vn -0.0119008 0.996865 0.0782225
v 96.3754 -59.3624 540.067
vn -0.25168 -0.965105 -0.0723217
v 94.43 -78.4927 537.616
vn 0.402776 -0.91523 -0.0111577
v 94.7319 -78.4517 537.646
vn -0.201565 0.978509 0.0434965
v 94.9913 -59.6343 541.736
vn -0.227031 0.972534 0.0513196
v 94.8236 -59.6016 543.529
vn 0.0562016 0.993688 0.0970851
v 95.4827 -59.5386 542.991
vn -0.495225 -0.866618 -0.061034
v 94.2931 -79.0467 545.051
vn 0.0704233 0.979809 0.187121
v 95.2617 -60.1559 548.08
vn -0.463838 -0.885831 -0.0125864
v 94.2349 -79.2165 548.735
vn 0.66793 -0.741652 0.0618306
v 94.8964 -79.161 547.594
vn 0.203164 -0.978815 0.0254046
v 94.6075 -79.3979 547.862
vn -0.202907 -0.978358 0.0405431
v 94.5575 -79.2947 548.463
vn -0.583362 -0.810404 -0.0541667
v 93.2136 -78.4888 550.463
vn -0.573403 -0.81512 -0.0823917
v 94.2413 -79.3726 551.746
vn -0.507633 -0.85789 -0.0795815
v 94.5244 -79.5628 551.769
vn -0.387674 -0.921192 -0.0333807
v 92.0994 -78.1444 556.091
vn -0.152965 0.982985 0.101692
v 93.2693 -62.9414 560.786
vn -0.494715 0.86778 -0.0470577
v 91.891 -63.3788 565.466
vn -0.253401 0.96554 0.0593332
v 92.0583 -63.2283 566.993
vn -0.131759 0.98517 0.109908
v 92.604 -63.8707 570.347
vn -0.351203 0.936034 0.0222976
v 92.3328 -64.1309 573.028
vn -0.294636 0.951651 0.0868889
v 92.6119 -64.0035 573.359
vn -0.328601 0.938832 0.103038
v 91.657 -64.4561 573.558
vn -0.460008 0.884352 0.0794593
v 91.9334 -64.3708 573.888
vn -0.447256 0.886434 0.119148
v 91.2257 -65.0089 577.724
vn 0.145669 0.970012 0.194567
v 92.8685 -64.4858 576.688
vn 0.265126 0.922363 0.28099
v 92.1762 -65.3272 580.219
vn 0.115505 -0.992781 -0.0323113
v 91.2089 -78.4932 578.005
vn 0.0481084 0.969645 0.239739
v 91.8165 -65.3871 580.786
vn -0.297209 0.929107 0.220062
v 90.4613 -66.4563 584.78
vn -0.542746 0.838674 0.0453067
v 91.699 -65.9351 584.832
vn -0.587815 0.795391 0.147737
v 89.6299 -67.3584 586.548
vn -0.206383 0.956411 0.206601
v 90.6159 -66.8451 586.063
vn 0.341152 -0.93793 -0.0624667
v 90.392 -79.1377 589.367
vn -0.873159 0.456672 0.170423
v 89.1254 -70.2279 593.074
vn 0.68506 -0.720944 -0.104559
v 88.0128 -81.0126 594.04
vn -0.773658 0.613384 0.15879
v 90.8575 -68.6208 595.992
vn -0.939141 0.306067 0.156002
v 89.556 -72.2666 600.001
vn -0.94971 0.272554 0.154158
v 88.6638 -76.4327 600.419
vn 0.699803 -0.707858 -0.0959835
v 87.03 -83.2994 602.812
vn -0.940697 0.305031 0.148473
v 87.0527 -83.3907 605.224
vn 0.614441 -0.785456 -0.0743027
v 87.2058 -83.4009 605.238
vn 0.689259 -0.718494 -0.0932135
v 87.4689 -83.1411 604.667
vn -0.961226 0.22524 0.159097
v 88.0342 -83.0296 608.342
vn -0.878682 -0.122678 -0.461376
v 114.097 -58.8419 380.197
vn -0.782219 -0.00406726 -0.622991
v 114.297 -58.8458 379.902
vn -0.649872 -0.668261 0.362069
v 114.242 -58.8594 380.472
vn -0.273008 0.42456 -0.863258
v 114.256 -47.2039 382.9
vn -0.273008 0.42456 -0.863258
v 114.496 -46.9921 382.928
vn -0.793836 0.224382 -0.565223
v 114.869 -47.159 382.056
vn -0.589175 0.378185 -0.714037
v 113.373 -56.1216 382
vn -0.790964 0.1657 -0.588998
v 113.355 -56.7339 381.683
vn -0.881859 -0.0179828 -0.471171
v 113.043 -56.1676 382.269
vn -0.864194 -0.499137 0.0634945
v 113.14 -56.4371 382.272
vn -0.862279 -0.485526 0.144013
v 113.456 -57.3417 381.678
vn -0.684621 0.368155 -0.629091
v 113.369 -46.8804 384.028
vn 0.121936 0.935018 -0.332976
v 113.791 -46.5989 383.774
vn -0.273008 0.42456 -0.863258
v 113.875 -46.8951 383.172
vn -0.72387 -0.515627 -0.45841
v 113.713 -47.5165 384.453
vn -0.859178 -0.342393 -0.380237
v 114.582 -48.4547 383.806
vn -0.796646 -0.245016 -0.55256
v 114.103 -49.0599 384.952
vn -0.662447 0.409827 -0.627061
v 114.279 -52.3414 383.685
vn -0.937242 -0.298983 -0.179407
v 112.216 -54.6265 384.035
vn -0.729527 0.270122 -0.62835
v 112.707 -55.5247 382.855
vn -0.72545 0.316117 -0.611386
v 112.406 -54.5428 383.754
vn -0.901214 -0.100709 -0.421511
v 112.706 -55.8657 382.847
vn -0.748364 -0.600292 0.282136
v 113.418 -56.4736 382.901
vn 0.318912 0.917756 -0.236685
v 114.189 -46.0369 386.84
vn 0.375819 0.901676 -0.213868
v 114.5 -46.2927 386.563
vn -0.6083 -0.474214 -0.636468
v 112.867 -47.8026 385.767
vn -0.555396 0.159369 -0.816172
v 112.054 -50.498 387.12
vn -0.681354 0.259542 -0.684394
v 112.699 -50.5232 386.59
vn -0.640855 -0.119115 -0.758364
v 112.762 -49.6263 386.634
vn -0.759859 0.0405457 -0.648822
v 113.569 -49.6525 385.79
vn -0.603836 0.488125 -0.630171
v 112.728 -52.0008 385.654
vn -0.082011 0.970288 -0.227629
v 113.96 -45.1819 389.853
vn -0.583387 0.798021 -0.151068
v 111.945 -45.5242 391.762
vn 0.314841 0.922035 -0.225224
v 114.209 -45.085 390.483
vn 0.209723 0.961767 -0.176126
v 114.115 -44.786 391.687
vn -0.714366 -0.679278 0.168115
v 112.753 -53.048 390.455
vn -0.579026 0.798635 -0.164046
v 111.691 -45.0658 394.763
vn -0.355875 0.928574 -0.105373
v 113.078 -44.1234 396.727
vn -0.736422 -0.676358 0.014903
v 113.035 -52.6457 396.521
vn -0.525738 0.848335 -0.0626633
v 112.792 -44.1738 399.713
vn -0.0961208 0.991437 -0.0883986
v 113.525 -43.8361 398.586
vn -0.81398 -0.580893 -9.69797e-005
v 111.364 -51.0859 398.206
vn -0.386279 0.920765 -0.0546012
v 113.138 -43.6875 402.773
vn -0.713625 0.698365 -0.0550087
v 111.411 -44.6664 404.694
vn -0.885884 -0.463441 0.0207703
v 110.466 -49.7396 405.387
vn -0.88424 -0.466838 -0.0134922
v 111.093 -50.3913 405.733
vn -0.973007 -0.230664 -0.00719386
v 111.217 -51.0097 406.032
vn -0.988415 0.150613 -0.0187246
v 110.335 -46.8336 409.061
vn -0.930839 0.362909 -0.0428459
v 110.76 -45.6148 407.623
vn -0.887349 -0.460915 -0.0129985
v 110.737 -50.1482 408.418
vn -0.93813 -0.344656 -0.0335155
v 111.301 -51.3608 407.539
vn -0.967823 0.242064 -0.0687268
v 110.663 -45.1152 411.243
vn -0.97515 0.213455 -0.0593273
v 110.611 -45.7128 411.224
vn -0.976778 -0.214198 -0.00495
v 110.638 -49.6125 410.833
vn -0.976639 -0.214711 -0.00870508
v 111.241 -51.1102 409.348
vn -0.854632 0.509366 -0.100749
v 110.67 -44.5957 413.97
vn -0.942256 -0.331803 -0.0453898
v 111.223 -51.208 412.66
vn -0.208912 0.977885 0.00985633
v 111.617 -43.7668 415.588
vn -0.983526 0.151091 -0.0992398
v 110.227 -45.8133 415.405
vn -0.91329 -0.404901 -0.0442372
v 110.874 -50.9383 414.442
vn -0.989332 -0.128337 -0.0689394
v 110.085 -47.9525 416.848
vn -0.933297 -0.35401 -0.0602762
v 111.102 -51.945 417.454
vn -0.962501 -0.266604 -0.0501382
v 110.896 -51.3483 418.052
vn -0.949261 -0.305879 -0.0730915
v 111.257 -52.5834 418.359
vn -0.660678 0.744503 -0.0960147
v 109.886 -44.423 419.928
vn -0.114066 0.993108 0.0269358
v 110.118 -44.3261 421.46
vn -0.0733461 0.996473 0.0407698
v 111.011 -44.3995 421.544
vn -0.0445415 0.998205 0.0400335
v 111.143 -44.3683 423.366
vn -0.139571 0.990202 0.00456978
v 109.334 -44.38 426.508
vn 0.315602 0.940381 0.126802
v 110.45 -44.3215 427.521
vn 0.54334 0.827023 0.144272
v 110.738 -44.505 427.545
vn 0.495817 0.844973 0.200465
v 110.165 -44.8015 430.196
vn -0.669318 0.741915 -0.0397022
v 108.221 -44.9129 431.513
vn -0.932114 -0.270494 -0.240823
v 108.142 -48.6322 432.925
vn -0.132249 0.987144 0.0897601
v 108.141 -45.0872 435.421
vn 0.0233412 0.982204 0.186361
v 108.318 -45.2382 436.64
vn 0.347363 0.924775 0.15534
v 108.702 -45.2368 435.772
vn -0.0202278 0.987023 0.159302
v 109.304 -45.8837 438.528
vn -0.841111 -0.366768 -0.397509
v 108.064 -53.3286 440.041
vn -0.129363 0.957872 0.256409
v 107.247 -46.4248 440.729
vn -0.185451 0.962562 0.197691
v 107.446 -46.6716 441.647
vn -0.739473 -0.330174 -0.586655
v 107.437 -53.3229 441.187
vn -0.85505 -0.238861 -0.460256
v 108.204 -54.8675 440.922
vn -0.649852 -0.354901 -0.672114
v 107.12 -55.1414 442.331
vn -0.802104 -0.326474 -0.500044
v 108.309 -57.6152 442.073
vn -0.0282401 0.993114 0.113702
v 108.728 -46.5756 444.12
vn -0.557043 -0.448521 -0.69895
v 106.856 -59.7184 445.103
vn -0.528333 -0.499958 -0.686226
v 105.772 -60.5893 446.363
vn -0.42289 -0.657582 -0.623498
v 106.038 -60.9116 446.516
vn -0.517289 -0.534817 -0.668119
v 107.233 -61.276 446.103
vn -0.579988 -0.353002 -0.734169
v 106.76 -62.4827 447.235
vn -0.620138 -0.383655 -0.684279
v 106.633 -63.7753 447.795
vn -0.661174 -0.287553 -0.692938
v 107.281 -64.9396 447.83
vn -0.847825 -0.206566 -0.488388
v 106.708 -69.4994 450.681
vn -0.86333 -0.23339 -0.447427
v 107.067 -70.7073 450.084
vn -0.0623675 0.992444 0.105666
v 106.619 -47.9216 452.692
vn -0.872999 -0.299055 -0.385279
v 106.132 -71.3272 452.692
vn -0.848961 -0.322673 -0.418506
v 106.295 -71.3829 452.405
vn -0.86724 -0.296678 -0.399846
v 106.248 -71.6707 452.695
vn 0.296169 0.931837 0.209674
v 107.445 -48.4132 456.378
vn 0.0544017 -0.986701 -0.153171
v 106.086 -71.9913 454.18
vn 0.372996 -0.927232 -0.0334058
v 104.424 -72.631 458.526
vn 0.166047 0.958698 0.230924
v 106.787 -49.1681 459.612
vn -0.732753 -0.569245 -0.372872
v 103.743 -72.5947 459.366
vn -0.746823 -0.598344 -0.290241
v 103.669 -72.8907 459.94
vn 0.346595 -0.937934 0.0122901
v 104.027 -72.8382 459.388
vn 0.489627 -0.869522 0.0647851
v 105.286 -71.8595 462.245
vn 0.0108261 0.997493 0.0699372
v 105.473 -50.6217 466.084
vn 0.121185 0.987997 0.0957884
v 105.771 -50.6415 466.112
vn 0.226173 0.961802 0.154217
v 105.572 -50.6631 468.203
vn 0.529125 -0.848512 0.00731917
v 105.163 -71.408 467.531
vn 0.148189 0.988745 0.0205632
v 106.124 -51.6444 471.247
vn 0.413565 -0.905829 -0.0918599
v 104.824 -71.6264 470.949
vn 0.392395 -0.915124 -0.0926031
v 104.694 -71.894 472.136
vn 0.277727 0.957803 0.0740387
v 105.467 -51.483 475.107
vn 0.296887 0.952244 0.0713451
v 105.407 -51.5392 475.703
vn -0.126705 0.987433 -0.0944609
v 104.401 -51.4782 476.512
vn 0.535446 0.827729 0.167815
v 105.603 -51.8676 476.92
vn 0.940312 -0.00630187 0.340256
v 105.374 -53.0995 478.376
vn 0.668474 -0.735632 0.109488
v 102.914 -73.0504 477.364
vn 0.450821 -0.887625 -0.0942418
v 103.229 -72.7992 477.4
vn -0.325376 0.936322 -0.132026
v 103.289 -51.2763 479.123
vn 0.191187 0.980516 0.0451266
v 103.946 -51.241 478.584
vn 0.934506 -0.085273 0.345583
v 105.242 -53.4003 478.657
vn 0.646745 -0.760951 0.0517122
v 102.114 -73.5445 479.084
vn 0.290995 -0.9339 -0.207731
v 102.38 -73.6368 479.409
vn 0.413533 0.891272 0.186079
v 103.899 -51.9073 481.88
vn 0.904689 -0.172738 0.389487
v 102.706 -53.1202 484.751
vn 0.914278 -0.0995358 0.392668
v 103.372 -52.8254 483.533
vn 0.210595 0.977418 0.0174442
v 104.195 -54.1301 486.679
vn -0.0182764 0.998767 -0.0461647
v 102.768 -53.5531 492.585
vn 0.315063 -0.948932 0.016229
v 101.573 -74.1177 490.775
vn 0.340407 0.938748 0.0536192
v 103.544 -53.6923 493.862
vn 0.0763173 0.994566 0.0708102
v 102.07 -53.4412 496.854
vn 0.267002 0.961733 0.0614724
v 102.788 -53.4586 495.905
vn 0.599576 0.776888 0.192236
v 103.135 -54.1817 499.237
vn 0.842859 0.44389 0.304221
v 103.304 -54.4934 499.246
vn 0.91452 0.279938 0.29204
v 103.457 -54.8041 499.254
vn 0.190968 0.973572 0.125252
v 101.417 -54.0831 503.295
vn 0.357504 0.923831 0.136849
v 102.092 -54.2137 502.452
vn 0.204954 -0.963909 -0.169919
v 100.528 -74.0901 501.83
vn 0.14032 -0.959776 -0.243189
v 100.392 -74.4551 503.014
vn 0.308854 0.936075 0.168442
v 100.833 -54.8163 508.949
vn 0.527423 0.82718 0.193901
v 101.072 -55.3155 509.262
vn 0.305072 0.940181 0.151629
v 101.777 -56.0417 514.061
vn 0.0940053 0.992597 0.0769053
v 100.811 -56.1175 514.644
vn 0.541175 0.798648 0.263231
v 101.252 -56.3656 516.188
vn 0.390132 -0.920243 -0.0308114
v 98.4791 -75.9828 515.757
vn 0.221646 0.963878 0.147692
v 99.4797 -56.2579 519.035
vn 0.453745 0.856897 0.244626
v 98.8446 -56.6434 522.281
vn 0.624585 0.717798 0.307668
v 98.6861 -57.0346 523.681
vn 0.48198 0.840535 0.247378
v 99.3777 -57.2278 522.62
vn 0.158442 0.984217 0.0788185
v 99.7609 -57.4994 524.76
vn 0.40716 -0.912898 -0.0289585
v 98.6449 -76.1831 526.621
vn 0.463792 -0.885711 -0.0203472
v 98.3585 -76.4259 526.286
vn 0.685106 0.65132 0.326208
v 98.8475 -58.2576 530.684
vn 0.672706 0.671087 0.311623
v 99.1283 -58.5483 530.704
vn 0.214551 0.965014 0.150718
v 98.4643 -59.1999 537.257
vn 0.313238 0.938217 0.147077
v 97.965 -59.4888 542.327
vn 0.364802 0.896539 0.251272
v 97.3892 -59.832 544.977
vn 0.63667 0.730356 0.247451
v 98.09 -60.0136 544.135
vn 0.679075 0.693767 0.239884
v 98.6172 -60.6802 544.17
vn 0.150592 0.965565 0.212147
v 96.3084 -60.0396 546.677
vn 0.452435 0.851163 0.266128
v 97.5404 -60.3801 546.184
vn 0.58297 0.793357 0.1753
v 98.1737 -60.7239 545.634
vn 0.507369 -0.861728 -0.00113087
v 94.8686 -79.1087 548.497
vn 0.14414 0.976486 0.160306
v 97.5059 -61.4363 552.185
vn 0.527939 -0.848807 -0.0284219
v 96.2285 -78.3981 553.77
vn -0.313335 -0.949245 -0.0274933
v 94.447 -79.5832 552.615
vn 0.462626 -0.886514 0.00834363
v 94.7733 -79.5293 552.397
vn -0.498999 -0.866286 -0.0234345
v 94.1369 -79.4917 555.954
vn 0.27891 -0.960166 -0.0170196
v 94.4029 -79.57 556.279
vn -0.000809195 0.994182 0.107715
v 95.691 -62.2516 558.021
vn -0.219994 -0.975436 -0.0112491
v 94.2419 -79.6892 561.085
vn -0.653293 -0.757021 -0.0113384
v 94.0268 -79.5121 563.48
vn 0.43193 -0.900691 -0.0468295
v 94.7537 -79.5745 561.74
vn 0.295883 -0.951644 -0.0826227
v 94.9053 -79.6421 563.679
vn -0.61742 -0.786628 0.00303188
v 93.2979 -78.8931 565.233
vn -0.651713 -0.758457 0.00373347
v 94.1251 -79.6227 564.693
vn -0.646582 -0.762705 0.0145936
v 94.4858 -79.9261 564.72
vn 0.461966 -0.88673 0.0172444
v 94.7639 -79.8149 565.051
vn 0.0574814 0.984693 0.164546
v 94.6865 -63.3646 567.846
vn 0.167804 0.973083 0.15796
v 95.5447 -63.5434 568.226
vn 0.298292 -0.953985 0.0305803
v 94.5747 -79.6753 567.146
vn -0.0585503 0.995444 0.0752567
v 93.7861 -63.6624 570.767
vn -0.578048 -0.81595 -0.00929862
v 94.0901 -79.476 569.215
vn 0.269792 0.944661 0.186623
v 94.5482 -64.0167 572.038
vn 0.0108205 0.998834 0.0470546
v 95.3696 -64.3288 572.712
vn 0.112349 0.988364 0.102541
v 95.5775 -64.4307 573.634
vn 0.130952 0.982204 0.134636
v 93.9078 -64.4864 575.281
vn 0.0808955 0.991178 0.104982
v 94.5655 -64.4464 574.742
vn -0.250793 0.967943 0.0137441
v 94.4783 -64.4816 575.638
vn 0.306218 0.935219 0.17775
v 94.7995 -64.5832 575.365
vn 0.0691353 0.982542 0.17272
v 94.7345 -64.7143 575.958
vn 0.158044 0.965709 0.205983
v 93.8117 -64.6619 576.172
vn -0.40679 -0.913442 -0.0121064
v 92.5207 -78.4693 576.926
vn 0.2261 0.935088 0.272929
v 92.798 -65.4065 579.976
vn 0.0823883 0.990154 0.113171
v 93.5527 -64.9812 579.154
vn -0.140403 0.989533 0.033342
v 94.1517 -64.7233 578.917
vn -0.409145 0.912212 0.0216553
v 92.5177 -65.3652 582.965
vn -0.221808 0.966072 0.132312
v 92.8802 -65.5176 585.408
vn 0.0305755 0.992263 0.120332
v 93.3967 -65.2166 583.354
vn 0.0961143 0.986002 0.136241
v 93.8613 -65.5417 584.597
vn 0.0395 0.9848 0.169142
v 93.1171 -65.6077 586.031
vn -0.0773589 0.991999 0.099764
v 93.6817 -65.6965 586.385
vn -0.00110548 0.991042 0.133543
v 94.2585 -65.5936 586.745
vn -0.295542 0.945312 0.137985
v 92.321 -66.0455 587.753
vn -0.0209302 -0.998984 -0.0399116
v 92.4673 -78.7439 586.863
vn -0.502528 0.845283 0.181557
v 91.8873 -67.3365 594.615
vn -0.620294 0.753489 0.217921
v 91.2614 -69.0673 600.009
vn -0.779725 0.594704 0.195847
v 90.9859 -70.339 602.898
vn -0.575412 0.794788 0.192907
v 92.3135 -69.481 604.553
vn 0.484799 -0.869679 -0.0928914
v 90.5422 -80.5395 605.929
vn 0.683266 -0.721788 -0.110314
v 89.1965 -81.467 606.732
vn -0.918461 0.353424 0.177542
v 90.8667 -75.755 613.309
vn -0.979004 0.163516 0.121715
v 89.3977 -82.6954 617.223
vn -0.989363 -0.13017 0.0649374
v 89.4237 -83.0067 617.52
vn -0.989594 0.0864358 0.115033
v 89.4499 -83.0354 618.426
vn 0.304392 -0.945708 -0.11394
v 89.8492 -83.051 617.861
vn -0.971702 0.150674 0.181915
v 89.7617 -83.1102 620.263
vn 0.516011 -0.846158 -0.133226
v 89.9326 -83.3309 619.973
vn -0.922853 -0.38488 0.0145193
v 89.6139 -83.3829 619.64
vn -0.405375 -0.1683 -0.898524
v 117.076 -59.8695 378.047
vn -0.461584 0.575918 -0.674728
v 115.955 -48.7475 380.615
vn 0.00980246 0.851233 -0.524696
v 116.117 -48.5954 380.634
vn 0.314287 0.911523 -0.265235
v 117.041 -49.067 380.109
vn -0.326504 0.786642 -0.524014
v 116.661 -49.3505 379.162
vn 0.934978 0.257928 -0.243493
v 117.148 -49.6114 378.599
vn 0.886859 0.293677 -0.356701
v 117.174 -49.9676 378.593
vn 0.897039 0.374613 -0.23449
v 117.379 -49.9952 379.08
vn -0.616759 0.318506 -0.719835
v 115.966 -56.992 379.516
vn -0.823509 -0.536294 -0.184991
v 114.902 -59.7668 379.242
vn -0.828094 -0.469043 -0.307018
v 114.859 -59.8396 379.643
vn -0.541855 -0.274486 -0.794387
v 115.453 -60.3987 379.084
vn -0.490539 -0.166545 -0.855356
v 116.155 -60.1255 378.511
vn -0.176253 -0.745326 -0.64298
v 116.105 -60.4025 378.846
vn 0.273939 -0.897707 0.34508
v 116.083 -60.3114 379.147
vn 0.53367 -0.817161 0.217816
v 116.415 -60.2366 378.879
vn -0.793836 0.224382 -0.565223
v 115.196 -47.8185 381.336
vn -0.0739029 0.0505571 -0.995983
v 115.456 -48.1313 381.185
vn -0.277276 0.60912 -0.743028
v 115.736 -48.4414 380.903
vn -0.256218 0.249475 -0.933871
v 115.515 -47.7618 381.199
vn -0.86856 -0.34105 -0.359568
v 115.605 -48.4417 381.192
vn -0.184369 0.716473 -0.672811
v 115.79 -48.1324 381.217
vn -0.65812 0.360321 -0.661095
v 116.024 -52.995 381.71
vn -0.853299 0.0107081 -0.521312
v 116.26 -51.5085 381.785
vn 0.55543 0.818091 -0.149079
v 116.426 -47.8044 384.301
vn 0.631588 0.760764 -0.149448
v 116.764 -48.0812 383.724
vn 0.77848 0.615814 -0.12142
v 117.145 -48.3605 385.261
vn -0.451643 -0.805788 0.383047
v 115.2 -57.6591 383.949
vn 0.154153 -0.91233 0.37933
v 116.435 -58.4091 383.145
vn 0.622033 0.76275 -0.176884
v 115.995 -47.2052 386.082
vn -0.640042 -0.722942 0.260195
v 114.324 -55.7492 386.924
vn 0.449205 0.870266 -0.20212
v 115.47 -45.87 389.379
vn -0.624181 -0.774644 0.10161
v 115.042 -55.5938 390.259
vn -0.491275 -0.8536 0.17325
v 116.059 -56.3016 388.586
vn 0.397328 0.903362 -0.161454
v 114.7 -45.0033 391.738
vn 0.488081 0.86146 -0.140231
v 114.579 -44.6834 393.241
vn 0.409074 0.900442 -0.147861
v 114.726 -44.586 394.939
vn 0.577119 0.805402 -0.135133
v 115.688 -45.1789 393.939
vn 0.298323 0.946874 -0.12014
v 114.408 -44.2607 395.345
vn 0.244515 0.94758 -0.205681
v 114.991 -44.4967 395.395
vn -0.671646 -0.740446 0.0251221
v 114.867 -54.9592 395.738
vn -0.46286 -0.886001 0.027631
v 115.416 -55.2911 396.084
vn 0.185216 0.982395 -0.0244123
v 114.154 -43.6157 401.667
vn -0.108318 0.989306 -0.0976781
v 114.867 -44.0361 400.218
vn 0.11131 0.991401 -0.0688002
v 114.761 -43.9288 401.416
vn 0.0919926 0.99492 -0.0408905
v 115.089 -43.9182 401.147
vn 0.209405 0.977803 -0.00714946
v 115.031 -43.9071 401.766
vn 0.538678 0.841047 -0.0496507
v 115.44 -43.9939 400.576
vn 0.306006 0.952028 0.00176052
v 114.627 -43.8053 402.914
vn -0.718935 -0.692041 -0.0649061
v 113.743 -54.0658 402.283
vn -0.815489 -0.570705 -0.0963052
v 112.643 -52.9256 406.727
vn -0.703801 -0.688512 -0.17497
v 114.24 -55.427 406.52
vn -0.894247 -0.435633 -0.102693
v 112.222 -53.3151 410.596
vn 0.450009 0.886989 0.103642
v 114.425 -44.1995 414.341
vn 0.233993 0.967272 0.0981449
v 112.789 -43.9812 419.012
vn -0.95383 -0.290082 -0.0778434
v 111.875 -53.7725 416.581
vn 0.00193392 0.995475 0.0950072
v 111.953 -44.1573 421.339
vn 0.526343 0.825881 0.202198
v 112.907 -44.3413 420.824
vn 0.336651 0.934406 0.116409
v 113.142 -44.7251 421.138
vn 0.279976 0.956692 0.0797104
v 113.877 -44.8041 419.7
vn -0.917015 -0.383992 -0.107864
v 111.482 -53.5179 418.961
vn -0.959119 -0.249751 -0.133097
v 111.908 -54.8113 421.082
vn -0.966241 -0.24499 -0.079736
v 111.949 -55.4151 421.071
vn 0.190584 0.980452 0.0489092
v 113.357 -44.7194 422.064
vn -0.942766 -0.306912 -0.130371
v 111.336 -54.2262 422.849
vn -0.968437 -0.212495 -0.130291
v 111.879 -55.1189 421.373
vn 0.287623 0.951932 0.105349
v 111.291 -44.5078 424.885
vn 0.602802 0.771326 0.204171
v 111.929 -44.7904 424.336
vn 0.0280608 0.99812 0.0544907
v 112.525 -44.8253 424.393
vn 0.225276 0.969738 0.0941262
v 112.823 -45.0948 427.43
vn 0.495739 0.849048 0.182648
v 110.711 -45.1849 430.541
vn -0.968669 -0.237269 -0.0733778
v 111.264 -56.5771 431.228
vn -0.918026 -0.377719 -0.120646
v 112.051 -60.2267 430.915
vn -0.130524 0.990719 0.0379331
v 110.72 -45.2989 433.553
vn -0.930862 -0.314204 -0.186475
v 110.447 -54.8276 434.808
vn -0.920338 -0.271971 -0.281088
v 111.595 -59.1203 435.118
vn 0.192034 0.970548 0.145464
v 110.339 -45.4986 437.431
vn 0.532217 0.824042 0.194166
v 111.579 -45.9365 436.787
vn -0.884841 -0.182308 -0.428742
v 110.818 -58.8131 436.558
vn -0.851806 -0.441724 -0.281615
v 110.865 -60.3459 437.431
vn -0.170823 0.975954 0.135397
v 110.05 -46.0394 440.104
vn -0.906225 -0.309087 -0.288483
v 109.731 -58.8129 438.865
vn 0.473584 0.840784 0.262298
v 110.467 -46.6134 441.68
vn 0.643032 0.73305 0.221692
v 111.389 -47.1837 441.11
vn -0.893 -0.338922 -0.296114
v 108.94 -57.9217 440.921
vn -0.80711 -0.505796 -0.304539
v 109.426 -59.1741 441.541
vn 0.449892 0.873878 0.184212
v 109.336 -46.785 443.936
vn 0.348791 0.926298 0.142539
v 109.541 -46.9243 444.857
vn 0.517331 0.842952 0.147649
v 111.339 -47.7724 444.407
vn -0.698737 -0.485404 -0.525499
v 109.988 -60.7591 443.064
vn -0.672704 -0.383559 -0.632733
v 109.577 -61.3599 443.918
vn -0.794585 -0.312109 -0.52079
v 110.327 -61.3827 443.082
vn -0.848952 -0.122524 -0.51407
v 110.688 -62.9093 443.081
vn -0.657868 -0.29817 -0.691596
v 108.18 -63.1511 446.451
vn -0.880308 -0.0167359 -0.474107
v 108.967 -68.3034 446.103
vn -0.508062 -0.672809 -0.537774
v 109.489 -69.5214 445.495
vn -0.202343 -0.877985 -0.433821
v 109.742 -69.7617 445.842
vn -0.801428 -0.294251 -0.520702
v 108.581 -69.8074 446.935
vn 0.460648 0.865875 0.1951
v 110.232 -48.2087 449.415
vn -0.83148 -0.105966 -0.545355
v 108.255 -67.0961 447.475
vn -0.760166 -0.466738 -0.452
v 107.995 -70.105 448.077
vn -0.862023 -0.207674 -0.462371
v 107.705 -70.1037 448.652
vn -0.625439 -0.618236 -0.476037
v 107.96 -70.2466 448.372
vn -0.507373 -0.737045 -0.446473
v 108.247 -70.4476 448.395
vn 0.197085 -0.964155 -0.177657
v 108.673 -70.2287 447.235
vn 0.219735 -0.956733 -0.190734
v 109.146 -70.4322 448.482
vn -0.707928 -0.451996 -0.542713
v 107.148 -70.9409 450.086
vn -0.465244 -0.734221 -0.494437
v 107.224 -71.0183 450.092
vn -0.637161 -0.609358 -0.47192
v 107.136 -71.0146 450.156
vn -0.469566 -0.814193 -0.341464
v 107.073 -71.2337 450.675
vn -0.508806 -0.698395 -0.50335
v 107.508 -70.8759 449.519
vn -0.128484 -0.935534 -0.329041
v 107.436 -71.1145 450.11
vn 0.744346 0.625222 0.234618
v 110.034 -49.684 454.788
vn 0.736947 0.633233 0.236483
v 110.468 -49.3494 452.727
vn 0.948312 0.220228 0.228483
v 110.532 -49.6632 453.027
vn 0.841933 0.49985 0.203221
v 110.5 -50.2801 453.613
vn 0.145774 -0.979473 -0.139225
v 106.912 -71.5278 452.16
vn 0.494872 -0.867571 0.0492221
v 107.156 -71.4909 455.99
vn 0.410683 0.877422 0.247931
v 107.723 -50.1479 461.79
vn 0.647908 0.725855 0.230976
v 109.181 -51.201 461.604
vn 0.433868 0.878938 0.198056
v 107.309 -50.876 465.652
vn 0.462014 0.860318 0.215397
v 107.703 -51.3827 466.28
vn 0.640375 0.74482 0.18752
v 108.833 -51.777 464.873
vn 0.955408 -0.0608271 0.288956
v 109.023 -53.5831 466.657
vn 0.445974 -0.892164 -0.0717655
v 107.814 -69.8228 466.155
vn 0.961029 0.0160553 0.275981
v 108.495 -53.3195 469.024
vn 0.961838 -0.00225879 0.273609
v 108.664 -53.7945 468.426
vn 0.588248 -0.808663 -0.00537333
v 107.866 -69.7707 467.367
vn 0.506622 -0.862048 -0.0143906
v 105.399 -71.3027 468.299
vn 0.524509 -0.851351 -0.00957367
v 106.057 -70.8781 468.021
vn 0.2459 -0.94765 -0.203697
v 105.868 -71.1065 469.856
vn 0.792543 0.562485 0.235555
v 106.963 -52.1416 473.125
vn 0.771586 0.592563 0.231353
v 107.135 -53.3461 472.811
vn 0.68865 0.698334 0.195169
v 107.661 -53.9285 472.547
vn 0.401821 -0.911063 -0.0922167
v 105.366 -71.6249 471.604
vn 0.489168 0.866524 0.0992474
v 106.11 -51.6814 474.561
vn 0.524501 -0.851328 -0.0117962
v 104.826 -71.8582 473.958
vn 0.705771 0.695871 0.132856
v 107.769 -54.9722 477.055
vn 0.649474 0.757414 0.0671468
v 106.907 -54.4747 483.314
vn 0.868089 0.477184 0.136811
v 107.47 -55.159 482.448
vn 0.595696 -0.803158 0.00915971
v 105.916 -72.2757 484.906
vn 0.308261 0.951302 0.000738271
v 105.727 -54.0163 486.528
vn 0.409956 0.908863 0.0768425
v 105.067 -53.9063 490.386
vn 0.787974 0.593776 0.162869
v 105.815 -54.3543 489.241
vn 0.475081 -0.878943 0.0419255
v 104.625 -72.9257 488.083
vn 0.933845 0.283597 0.21796
v 105.478 -54.6865 491.01
vn 0.707465 0.690463 0.150843
v 104.864 -55.1359 494.859
vn 0.370574 -0.928314 -0.0301303
v 104.663 -72.4029 494.43
vn 0.148115 0.988662 0.0246705
v 104.941 -55.0628 497.28
vn 0.672473 0.725497 0.146405
v 105.234 -55.1675 497.306
vn 0.95369 0.144637 0.263734
v 105.812 -55.7632 496.142
vn 0.840628 0.527823 0.121437
v 105.855 -56.1448 496.438
vn 0.88732 0.376114 0.266836
v 103.755 -54.4874 498.084
vn 0.336799 0.936867 0.0940539
v 104.056 -55.1315 500.208
vn 0.33044 -0.941085 -0.0718985
v 102.25 -73.9122 502.904
vn 0.251566 0.962034 0.10585
v 103.07 -55.9452 510.042
vn 0.574324 0.80335 0.15742
v 103.301 -56.1382 510.663
vn 0.53791 -0.842769 0.0198333
v 102.468 -74.3727 509.848
vn 0.742583 -0.660676 0.1099
v 102.763 -73.9839 510.187
vn -0.0624672 -0.974328 -0.216293
v 103.425 -73.8784 509.651
vn 0.619065 0.738477 0.267228
v 102.702 -56.7065 514.209
vn 0.433937 -0.900527 -0.027369
v 101.69 -74.6439 512.782
vn 0.638115 0.723278 0.263966
v 102.737 -57.4324 515.703
vn 0.380156 -0.924872 0.00968748
v 100.627 -75.1582 515.983
vn 0.451815 -0.890924 0.0460169
v 101.579 -74.7479 515.783
vn 0.262285 -0.963018 -0.0616644
v 102.065 -74.7048 514.022
vn 0.468957 0.876497 0.108776
v 103.454 -58.0509 517.265
vn 0.448757 0.877086 0.171282
v 101.785 -57.6555 519.224
vn 0.593791 0.78093 0.193806
v 102.755 -58.1276 521.399
vn 0.341897 -0.939225 -0.0310263
v 100.926 -74.9672 519.333
vn 0.34962 -0.935452 -0.0519153
v 100.794 -75.1278 520.824
vn 0.531466 0.828099 0.178315
v 103.277 -58.8738 521.75
vn 0.229302 0.96982 0.0828799
v 100.907 -57.8307 525.466
vn 0.74483 0.580901 0.328302
v 100.932 -58.1509 526.064
vn 0.265884 0.962142 0.059902
v 102.422 -58.898 524.38
vn 0.477434 0.870636 0.11853
v 103.039 -59.0521 524.135
vn 0.574733 0.786404 0.226386
v 101.043 -58.6486 526.364
vn 0.186036 0.98196 0.0338467
v 101.283 -58.6872 526.989
vn 0.412241 0.902075 0.127745
v 101.727 -58.8885 528.534
vn 0.367662 -0.929841 0.0148371
v 100.789 -75.707 530.155
vn 0.544913 -0.831352 0.109192
v 99.3402 -76.2567 531.51
vn 0.594296 -0.794151 0.127033
v 99.0694 -76.5072 531.478
vn 0.59123 -0.799691 0.104601
v 99.0199 -76.395 532.079
vn 0.545179 -0.831017 0.110406
v 99.3369 -76.1172 532.116
vn 0.596611 0.779884 0.189304
v 100.814 -59.9067 534.753
vn 0.311315 0.949728 0.0331678
v 101.491 -60.8822 536.001
vn 0.165759 0.986163 -0.002495
v 101.3 -60.7729 538.096
vn 0.657772 0.7302 0.184779
v 100.043 -60.3904 538.888
vn 0.590679 0.786798 0.179019
v 100.676 -60.7403 538.338
vn 0.552085 0.827576 0.101592
v 101.452 -60.8749 539.615
vn 0.476062 -0.879379 -0.00760197
v 98.2912 -76.7395 539.839
vn -0.10147 0.994034 -0.0399948
v 99.3066 -60.5863 543.335
vn 0.718798 -0.683423 0.127525
v 100.008 -76.051 543.336
vn 0.121093 0.989495 0.0789737
v 98.8113 -60.5554 545.398
vn 0.573841 0.793911 0.201027
v 99.8242 -61.0844 546.086
vn 0.639668 0.742619 0.198349
v 100.09 -61.7466 547
vn 0.453684 0.857745 0.241753
v 98.1888 -61.4453 551.346
vn 0.444337 0.873582 0.198544
v 98.0847 -61.7471 552.234
vn 0.457193 0.875069 0.158836
v 100.272 -62.5143 550.919
vn 0.334216 0.935072 0.118066
v 99.3363 -62.4802 554.447
vn 0.418782 -0.904231 -0.0835936
v 99.1797 -77.0149 552.278
vn 0.53312 0.829479 0.166576
v 99.7645 -62.934 555.985
vn 0.436766 0.88472 0.162805
v 99.1094 -63.191 559.533
vn 0.309564 0.935768 0.168846
v 97.2201 -63.1398 563.573
vn 0.570805 -0.820839 -0.0201037
v 98.2236 -77.1184 562.735
vn 0.497449 -0.867064 -0.0272933
v 95.4137 -79.265 568.141
vn 0.393503 0.894914 0.210438
v 96.1958 -64.307 570.381
vn 0.134829 0.989197 0.0575346
v 96.0246 -64.3309 572.172
vn 0.0119215 0.994617 0.102934
v 96.4976 -64.5251 573.419
vn -0.0294397 0.994731 0.0982024
v 96.8674 -64.3063 572.857
vn 0.441004 -0.894119 -0.0778875
v 95.0095 -79.8379 572.008
vn 0.32753 0.938107 0.112603
v 96.9846 -64.4995 574.673
vn 0.17031 0.978346 0.117621
v 95.5163 -64.76 577.238
vn 0.0387603 0.996235 0.077543
v 95.5404 -65.082 579.946
vn -0.0877661 0.993317 0.0749604
v 96.0546 -65.0728 580.9
vn -0.475014 -0.879969 0.00400998
v 94.9279 -80.2986 578.923
vn -0.324155 -0.945971 -0.0079349
v 94.8162 -80.088 583.439
vn 0.657468 -0.753454 -0.00659625
v 95.3817 -80.1628 583.793
vn 0.467599 -0.875732 -0.120184
v 95.6982 -79.8927 583.83
vn 0.275596 -0.956041 -0.100166
v 95.533 -80.2648 585.313
vn 0.36937 -0.927068 -0.0641093
v 95.6337 -80.2734 587.433
vn -0.0232409 -0.99793 -0.0599687
v 95.3082 -80.3824 587.604
vn -0.356617 -0.930191 -0.0869988
v 95.2417 -80.3965 588.297
vn 0.110228 -0.971632 -0.209238
v 95.5705 -80.3765 588.027
vn 0.00366164 -0.987623 -0.156801
v 95.5011 -80.5777 588.619
vn 0.0103173 0.992582 0.121142
v 95.3161 -66.9649 593.748
vn -0.3009 0.935107 0.187172
v 93.6862 -68.0374 600.639
vn -0.468599 0.869137 0.158162
v 93.9216 -69.3155 606.822
vn -0.51927 0.829423 0.205953
v 93.102 -70.1227 608.533
vn 0.0912118 -0.993074 -0.0740573
v 93.1162 -79.7503 608.004
vn -0.602264 0.778342 0.177376
v 93.8716 -69.9138 610.119
vn -0.746895 0.631072 0.209511
v 92.7533 -71.3064 611.384
vn -0.973133 0.158391 0.167107
v 90.098 -82.877 621.809
vn -0.728736 -0.679195 0.0874014
v 90.0678 -83.2412 621.797
vn -0.986991 -0.0485436 0.153272
v 90.16 -83.1906 622.109
vn -0.986599 0.0666578 0.148925
v 90.1922 -83.2198 623.015
vn 0.329528 -0.939357 -0.094976
v 90.3965 -83.2236 621.528
vn -0.481313 -0.8695 0.110942
v 90.3346 -83.3079 622.123
vn 0.517517 -0.849214 -0.104942
v 90.5472 -83.3349 623.047
vn -0.402045 -0.915614 0.00334373
v 90.5164 -83.3747 623.344
vn -0.95495 0.248808 0.161754
v 90.3772 -82.9495 623.643
vn -0.983243 0.0796449 0.163979
v 90.3514 -83.2483 623.633
vn -0.961754 0.252612 0.105911
v 90.4136 -83.2781 624.498
vn -0.234507 -0.972114 0.000411557
v 90.7321 -83.355 624.27
vn 0.6134 -0.782499 -0.106938
v 91.5765 -82.8606 625.268
vn -0.670361 -0.736815 0.0878664
v 90.8322 -83.6289 629.398
vn -0.948938 0.305076 0.080284
v 91.0262 -83.1816 630.031
vn -0.964045 0.260301 0.0534867
v 90.9598 -83.4867 630.318
vn -0.873182 -0.483591 0.0607634
v 90.9636 -83.496 630.62
vn -0.794195 -0.60136 0.08729
v 91.0678 -83.7395 630.021
vn -0.496009 -0.868316 -0.00113542
v 90.9851 -83.753 629.109
vn -0.765979 -0.640489 -0.0552186
v 91.05 -83.5197 631.231
vn -0.790531 -0.612349 -0.0094494
v 91.2246 -83.7555 631.543
vn -0.933065 0.345338 0.10066
v 91.1586 -83.5609 632.378
vn -0.936777 0.334982 0.101171
v 91.149 -83.6093 632.444
vn -0.932453 0.346688 0.101682
v 91.1083 -83.8047 632.737
vn -0.975021 0.190775 0.113747
v 91.2226 -83.5852 633.055
vn 0.90659 0.41571 -0.0726567
v 91.2785 -83.8624 632.149
vn 0.757827 0.471203 0.451295
v 91.3079 -83.8734 632.453
vn -0.631993 -0.746079 -0.209645
v 91.129 -83.9249 632.435
vn -0.921971 -0.0710197 0.380691
v 91.2437 -83.8871 633.049
vn -0.982194 0.18384 0.0387091
v 91.1644 -83.8999 633.644
vn -0.771956 0.544076 -0.328735
v 117.857 -51.5067 378.321
vn 0.113404 0.697341 -0.707711
v 118.259 -51.8255 378.071
vn 0.113524 0.692688 -0.712247
v 118.295 -51.5358 378.363
vn 0.987226 -0.126605 -0.0967259
v 118.327 -51.8384 378.358
vn -0.793226 -0.107255 -0.599408
v 118.162 -52.7331 378.459
vn 0.131295 0.566148 -0.81378
v 118.652 -56.0389 377.335
vn 0.80578 0.337929 -0.486336
v 118.757 -55.7558 377.704
vn 0.501277 -0.78893 -0.355402
v 118.611 -56.1738 377.68
vn 0.131295 0.566148 -0.81378
v 118.653 -55.0657 378.012
vn -0.659381 0.17844 -0.730326
v 117.393 -57.7779 377.826
vn -0.56936 0.0319917 -0.821465
v 117.605 -58.384 377.531
vn -0.62798 0.266796 -0.731069
v 117.632 -57.0007 377.867
vn -0.535775 0.191747 -0.8223
v 117.937 -57.5015 377.48
vn -0.694474 0.234907 -0.680092
v 117.981 -56.3125 377.855
vn 0.504036 -0.741351 -0.44311
v 118.162 -56.6269 377.927
vn 0.978651 -0.106182 -0.175979
v 118.148 -57.828 377.897
vn -0.628996 0.072351 -0.774035
v 118.307 -56.3253 377.588
vn -0.629593 -0.195516 -0.751922
v 117.499 -59.0965 377.805
vn -0.514544 -0.0541281 -0.855754
v 117.866 -58.6973 377.393
vn 0.621687 -0.72443 -0.297837
v 117.814 -58.8407 377.841
vn 0.80331 0.563709 -0.192161
v 117.945 -51.1905 378.639
vn -0.386843 -0.276468 -0.879726
v 117.596 -51.5288 378.898
vn -0.789626 0.0798484 -0.60837
v 117.493 -53.3216 379.449
vn -0.873549 -0.147566 -0.463829
v 117.845 -52.4233 378.827
vn -0.0868739 -0.535434 -0.840097
v 118.181 -52.1803 378.638
vn -0.028797 -0.58992 -0.806948
v 118.146 -52.4425 378.831
vn -0.752854 0.0743196 -0.653978
v 118.075 -53.6383 378.744
vn 0.90917 0.403314 -0.103674
v 118.326 -51.5558 378.968
vn 0.961377 -0.190111 -0.199027
v 118.323 -53.0583 378.932
vn 0.934362 -0.355861 -0.0181721
v 118.212 -53.3514 378.914
vn 0.943087 0.281484 -0.17707
v 118.393 -52.7804 379.548
vn 0.131295 0.566148 -0.81378
v 118.059 -54.1109 378.58
vn 0.598911 0.650698 -0.466795
v 118.588 -54.5695 378.62
vn 0.936557 -0.341669 0.0782478
v 118.449 -55.6052 379.788
vn 0.977402 -0.211262 0.00734857
v 118.51 -56.731 380.672
vn 0.612944 -0.787244 0.0674286
v 117.338 -59.5954 378.38
vn 0.967074 -0.246348 0.0638785
v 118.229 -52.8325 381.642
vn 0.999633 -0.0235278 0.013445
v 118.591 -54.38 382.339
vn 0.997622 0.0647185 -0.0236855
v 118.669 -54.4723 385.263
vn 0.762482 0.622023 -0.17807
v 117.037 -47.5217 387.616
vn 0.692029 0.712301 -0.117143
v 117.537 -48.1741 388.253
vn 0.959818 0.272878 -0.0654685
v 118.435 -50.2674 385.943
vn 0.969572 -0.243372 0.0264685
v 118.699 -54.5553 387.977
vn -0.387762 -0.887673 0.248347
v 116.415 -56.7444 387.705
vn 0.355666 -0.901586 0.246261
v 116.801 -57.1707 386.526
vn 0.778315 -0.613068 0.135551
v 117.706 -56.6128 386.928
vn 0.912893 0.380525 -0.147741
v 117.243 -47.8587 388.388
vn 0.793837 0.602289 -0.0840841
v 117.345 -47.5802 388.916
vn 0.693914 0.715798 -0.0782093
v 117.326 -47.8795 388.908
vn 0.780343 0.621159 -0.0722891
v 117.179 -47.2853 389.465
vn 0.819679 0.571708 0.0357346
v 117.39 -47.6102 389.825
vn 0.837398 0.539829 -0.0857297
v 117.791 -48.3469 388.64
vn 0.972313 0.233632 -0.00481146
v 118.238 -50.6268 388.327
vn 0.916682 0.398333 -0.0320303
v 118.28 -49.4455 388.962
vn 0.994509 -0.100715 0.0284254
v 118.115 -50.0446 389.234
vn 0.869821 0.487652 -0.0748845
v 118.446 -50.9502 388.641
vn 0.872926 -0.486495 0.0363677
v 118.18 -55.4764 389.714
vn 0.994958 0.0528247 -0.0852509
v 117.512 -47.9548 391.034
vn 0.870268 0.485673 -0.0821901
v 117.449 -47.3856 392.247
vn 0.789518 0.606428 -0.0943675
v 117.984 -48.2867 391.072
vn 0.999314 0.0272153 -0.0251117
v 118.167 -50.1381 392.251
vn 0.99861 -0.0511512 -0.0127073
v 118.349 -49.5581 392.584
vn 0.981525 0.19133 -0.000875304
v 118.356 -50.7696 392.857
vn -0.431681 -0.895913 0.104843
v 116.195 -56.205 390.41
vn 0.201825 -0.973297 0.109364
v 117.083 -56.3579 390.492
vn 0.631379 -0.771232 0.0810015
v 117.836 -55.7991 391.18
vn 0.974298 0.222975 -0.0320221
v 118.268 -48.3956 394.111
vn 0.995337 -0.0943109 0.0202285
v 118.242 -49.8965 394.073
vn -0.109745 -0.986752 0.119482
v 116.675 -56.0948 394.981
vn 0.424292 -0.901866 0.0813201
v 117.311 -55.959 394.744
vn 0.800237 0.598205 -0.0420786
v 116.543 -45.6559 397.326
vn 0.760254 0.647116 -0.0570485
v 117.799 -47.2253 396.204
vn 0.976928 -0.212558 0.0207444
v 118.305 -49.3896 397.106
vn 0.998757 -0.0338196 0.0366053
v 118.03 -49.9634 396.764
vn 0.0301504 -0.998606 0.0433332
v 117.151 -55.8052 396.541
vn 0.484365 -0.874411 0.0282167
v 117.513 -55.7093 395.975
vn 0.741984 0.670317 0.011652
v 117.148 -46.7009 399.771
vn -0.0594092 -0.988747 -0.137297
v 116.966 -56.0488 398.326
vn 0.230852 0.972986 0.00256225
v 117.887 -46.9779 401.343
vn 0.977089 0.212333 0.0145439
v 117.062 -46.4997 403.687
vn 0.895046 0.445261 0.0252118
v 116.751 -45.3399 405.795
vn 0.976606 0.210582 0.043547
v 117.107 -46.9664 406.394
vn 0.182497 0.982089 0.0468527
v 117.4 -47.0704 406.419
vn 0.55343 0.830468 0.0635547
v 115.659 -44.4376 407.52
vn 0.0684184 -0.981393 -0.179405
v 116.281 -57.2867 407.878
vn 0.683852 0.717248 0.133794
v 114.93 -44.5783 414.38
vn 0.610865 0.789071 0.0648897
v 116.65 -47.0518 412.98
vn 0.66391 0.738801 0.115745
v 115.09 -45.1852 416.19
vn 0.978414 0.185027 0.0920434
v 116.278 -46.534 416.574
vn 0.977538 0.176612 0.115013
v 116.077 -45.9376 417.172
vn 0.983697 0.130814 0.123399
v 116.161 -47.1723 418.055
vn -0.620628 -0.739349 -0.261122
v 115.571 -59.4352 417.054
vn 0.984639 0.128362 0.118362
v 115.682 -46.9479 421.632
vn -0.804887 -0.561883 -0.190906
v 113.523 -58.48 419.643
vn -0.692546 -0.667584 -0.273334
v 115.042 -59.8519 419.154
vn 0.528867 0.842327 0.103852
v 114.547 -45.2685 421.864
vn -0.791071 -0.569965 -0.222141
v 113.692 -60.1145 423.665
vn -0.90181 -0.407318 -0.14433
v 113.343 -60.1416 425.314
vn 0.622625 0.771876 0.12863
v 114.061 -45.809 427.231
vn 0.949969 0.292313 0.110057
v 115.038 -47.0761 427.295
vn 0.884895 0.438963 0.155796
v 114.8 -46.8047 428.786
vn -0.833049 -0.496511 -0.24394
v 113.444 -61.7418 428.33
vn 0.979172 0.1543 0.131958
v 114.789 -47.432 429.674
vn -0.902979 -0.378135 -0.204066
v 113.183 -61.1405 428.892
vn -0.889324 -0.417426 -0.186702
v 113.25 -62.7016 430.671
vn 0.710189 0.672485 0.208315
v 113.364 -46.5128 433.478
vn 0.919577 0.353704 0.171091
v 114.571 -48.4001 432.343
vn -0.904998 -0.384646 -0.181729
v 113.629 -64.2924 432.78
vn 0.834949 0.507363 0.213176
v 114.63 -49.2511 434.138
vn -0.92996 -0.342191 -0.134464
v 113.105 -62.4775 434.581
vn -0.907917 -0.357806 -0.218318
v 113.668 -64.9231 433.673
vn 0.693043 0.699436 0.174587
v 113.983 -49.4156 437.388
vn 0.351556 0.925915 0.138168
v 114.237 -49.6407 438.01
vn -0.833767 -0.435564 -0.339288
v 111.701 -60.9665 436.291
vn -0.868437 -0.444809 -0.219003
v 112.394 -62.5512 437.526
vn -0.956162 -0.216667 -0.197
v 113.194 -63.4519 435.772
vn -0.942495 -0.0724525 -0.326273
v 112.621 -66.1816 437.763
vn -0.967553 -0.0286302 -0.251041
v 113.213 -64.9739 436.341
vn -0.64614 -0.604507 -0.465913
v 112.879 -66.486 437.336
vn -0.874965 -0.315291 -0.367462
v 113.39 -65.6236 435.74
vn 0.831419 0.522358 0.189434
v 112.692 -48.1935 439.403
vn -0.91889 -0.221192 -0.326675
v 112.252 -67.1126 439.514
vn -0.00648702 -0.926807 -0.375483
v 112.73 -67.1121 438.478
vn 0.285982 -0.910068 -0.299984
v 113.081 -66.9138 438.091
vn 0.634043 0.74583 0.204271
v 113.579 -49.9537 441.556
vn -0.863646 -0.416867 -0.283438
v 110.998 -61.3978 441.639
vn -0.941727 -0.100515 -0.321008
v 111.966 -63.5143 440.476
vn -0.879788 -0.208038 -0.427426
v 111.84 -67.8682 440.964
vn 0.302177 -0.928128 -0.21741
v 112.11 -68.0588 441.287
vn 0.785663 0.594046 0.172751
v 111.945 -48.294 444.453
vn 0.939511 0.292278 0.178584
v 112.035 -48.9191 445.05
vn 0.342041 0.9168 0.20612
v 113.226 -50.6069 444.823
vn -0.818411 -0.222666 -0.529739
v 110.314 -68.6215 443.814
vn -0.442591 -0.736264 -0.511887
v 110.201 -69.2379 444.556
vn 0.958752 0.215426 0.185435
v 111.831 -48.9505 446.537
vn 0.897622 0.388048 0.209032
v 111.736 -49.5542 446.815
vn 0.818242 0.543061 0.188588
v 112.35 -50.1961 446.859
vn 0.88011 0.437861 0.183536
v 112.74 -50.8634 446.579
vn 0.359144 0.911998 0.19818
v 113.005 -50.9604 446.904
vn 0.472972 -0.877314 -0.0813464
v 110.533 -69.6624 447.126
vn 0.665503 0.722168 0.188627
v 111.608 -50.0986 449.503
vn 0.636397 0.746885 0.192772
v 112.588 -51.0391 448.068
vn 0.671947 -0.737673 0.0657699
v 110.959 -69.2618 449.287
vn 0.541179 -0.840446 0.0278457
v 109.466 -70.3604 451.529
vn 0.692208 -0.713929 0.105611
v 110.394 -69.1972 452.852
vn 0.685515 -0.718324 0.118664
v 111.058 -68.2162 455.351
vn 0.695226 0.679232 0.235169
v 110.138 -50.9052 458.085
vn 0.832621 0.515407 0.202725
v 110.637 -51.9718 459.615
vn 0.787134 0.560203 0.258055
v 111.318 -53.1832 458.446
vn 0.872027 -0.380445 0.307946
v 110.445 -68.1605 458.308
vn 0.406726 -0.897167 -0.172239
v 110.402 -67.8661 458.612
vn 0.841448 0.473228 0.260808
v 110.29 -52.6218 461.978
vn 0.817097 0.519492 0.24996
v 111.155 -54.1189 459.915
vn 0.93427 0.325655 0.145218
v 110.972 -53.8242 460.508
vn 0.651564 0.699916 0.292544
v 111.69 -54.9864 461.152
vn 0.716613 -0.677188 0.166981
v 108.773 -69.633 460.825
vn 0.96979 0.188707 0.154586
v 111.026 -54.4919 462.607
vn 0.644971 0.691949 0.324373
v 111.081 -55.0966 462.598
vn 0.882403 0.396027 0.254022
v 110.791 -55.4195 463.96
vn 0.950935 0.0502047 0.305289
v 109.206 -53.2821 466.257
vn 0.816862 0.47349 0.329459
v 109.801 -53.5808 464.923
vn 0.864105 0.443533 0.23791
v 110.386 -54.2118 464.663
vn 0.897108 0.364204 0.250107
v 110.285 -54.8511 466.145
vn 0.931617 0.349171 0.100843
v 110.571 -55.4442 465.254
vn 0.851203 0.493462 0.178741
v 110.344 -55.1646 466.445
vn 0.75257 0.583759 0.304737
v 110.243 -55.1693 466.737
vn 0.771691 0.618862 0.146639
v 110.523 -55.4696 466.756
vn 0.955735 0.287737 0.061465
v 110.673 -55.7965 466.763
vn 0.869272 0.456291 0.190169
v 110.818 -56.0616 465.263
vn 0.66864 0.691696 0.272905
v 111.171 -56.4815 465.589
vn 0.617043 0.758464 0.20974
v 109.388 -54.0601 466.982
vn 0.643211 0.741174 0.192198
v 109.654 -54.2441 467.305
vn 0.934385 0.255534 0.248246
v 109.923 -54.8631 467.316
vn 0.818043 0.52066 0.244376
v 109.979 -55.1673 467.314
vn 0.696369 0.700141 0.157711
v 109.997 -55.4831 469.117
vn 0.885865 0.438562 0.151351
v 110.529 -55.8409 468.557
vn 0.985942 0.0400058 0.162228
v 110.642 -56.4225 467.65
vn 0.992331 -0.0190083 0.122141
v 110.565 -56.1439 468.553
vn 0.978756 0.0866602 0.185813
v 110.42 -56.7353 468.525
vn 0.849529 0.45663 0.264177
v 110.702 -56.727 467.648
vn 0.871166 0.446655 0.203885
v 110.551 -57.0703 468.53
vn 0.844896 0.492693 0.208335
v 109.47 -54.896 469.382
vn 0.980601 0.0786802 0.179531
v 109.985 -56.1952 471.511
vn 0.988911 0.0716397 0.130086
v 110.333 -56.7655 469.722
vn 0.868583 -0.430649 0.245165
v 109.724 -68.764 469.981
vn 0.753734 -0.655809 0.0424173
v 110.042 -68.1751 469.725
vn 0.956675 -0.00817306 0.291044
v 109.491 -68.018 475.705
vn 0.658349 -0.752105 -0.0302457
v 109.148 -69.5068 475.938
vn 0.881675 0.227087 0.413619
v 109.645 -68.3197 475.411
vn 0.573473 -0.818369 -0.0374431
v 107.304 -70.5684 475.132
vn 0.629822 -0.776269 -0.0270242
v 108.265 -70.2425 477.041
vn 0.783952 -0.614942 0.0852358
v 108.382 -70.1289 478.261
vn 0.774092 -0.629805 0.0642483
v 108.737 -69.825 477.398
vn 0.917587 0.0927038 0.386574
v 108.714 -69.5409 478.005
vn 0.761523 -0.64323 0.0796068
v 108.732 -69.8427 478
vn 0.92299 0.0709089 0.378234
v 109.056 -69.5367 477.134
vn 0.940382 0.00452952 0.340091
v 108.903 -69.1849 477.429
vn 0.858138 -0.493818 0.140509
v 108.856 -69.54 477.671
vn 0.907359 -0.367724 0.203665
v 107.854 -70.4574 480.313
vn 0.902771 -0.399341 0.159784
v 108.371 -70.1462 478.862
vn 0.843417 -0.535975 0.0371309
v 108.592 -69.2503 478.604
vn 0.945788 -0.13371 0.295985
v 108.47 -69.5127 478.586
vn 0.927161 -0.237158 0.290051
v 108.479 -69.8439 478.579
vn 0.704576 -0.700758 -0.11185
v 109.011 -69.0785 479.552
vn 0.78589 -0.612961 0.0815875
v 107.616 -70.8548 480.28
vn 0.880957 0.465215 0.086543
v 108.437 -57.0174 482.195
vn 0.784176 -0.620333 0.0159681
v 107.897 -70.1792 480.977
vn 0.581201 -0.801724 -0.139442
v 108.076 -70.36 482.145
vn 0.73288 -0.679782 -0.0279864
v 108.238 -70.2634 483.068
vn 0.865728 -0.478248 0.147628
v 107.337 -71.0691 481.756
vn 0.37684 -0.90782 -0.183995
v 107.049 -71.0637 482.934
vn 0.902126 -0.400543 0.160417
v 107.519 -70.7681 481.361
vn 0.563899 0.824977 0.0378374
v 107.211 -55.5436 485.73
vn 0.493637 -0.867714 -0.0582586
v 106.488 -71.6113 485.279
vn 0.544337 -0.836902 -0.057384
v 107.159 -71.3643 484.746
vn 0.217286 0.976108 0.000724999
v 107.046 -55.4739 487.525
vn 0.56606 0.823186 0.0440636
v 107.339 -55.5686 487.551
vn 0.978714 -0.0449945 0.200237
v 107.778 -57.1994 488.157
vn 0.548904 -0.83588 0.00297634
v 105.959 -72.1181 487.326
vn 0.97299 0.158583 0.167753
v 107.566 -56.5744 489.357
vn 0.739638 0.666929 0.0902294
v 108.167 -57.8134 489.989
vn 0.360357 -0.920976 -0.148143
v 107.692 -70.8743 489.03
vn 0.57646 -0.813916 0.0723508
v 106.339 -71.5482 490.089
vn 0.66463 -0.746864 0.0214545
v 107.159 -70.9547 488.374
vn 0.432711 -0.8979 -0.080849
v 107.021 -71.1294 489.562
vn 0.962335 -0.0966194 0.254116
v 106.851 -56.3163 492.309
vn 0.934813 0.301559 0.187583
v 106.819 -56.6389 492.298
vn 0.643737 -0.764857 -0.0244352
v 107.719 -70.7078 492.051
vn 0.927944 0.303336 0.216583
v 106.494 -55.7365 493.796
vn 0.431838 -0.897443 -0.0900723
v 107.1 -71.4492 494.989
vn 0.872443 0.469554 0.135511
v 108.124 -58.6036 495.694
vn 0.931293 0.33804 0.13573
v 108.098 -59.2299 496.581
vn 0.449903 -0.892116 -0.0414336
v 105.503 -72.4157 495.113
vn 0.427456 -0.902901 -0.045289
v 105.617 -72.2169 497.239
vn 0.508345 -0.86031 -0.0381124
v 106.106 -71.8997 495.485
vn 0.807461 0.584365 0.0807779
v 106.592 -57.4257 499.795
vn 0.846669 0.519858 0.113576
v 107.004 -58.0361 499.217
vn 0.363033 -0.928532 -0.0776846
v 105.828 -72.2784 498.163
vn 0.65032 -0.754182 0.0910665
v 106.356 -72.0556 499.123
vn 0.738327 -0.662865 0.124431
v 106.67 -71.552 499.344
vn 0.541707 -0.835051 0.0961481
v 104.853 -72.8569 501.673
vn 0.658541 -0.741449 0.128751
v 105.891 -71.9913 500.889
vn 0.470346 -0.882006 -0.0289889
v 104.752 -72.6702 502.873
vn 0.316294 -0.934789 -0.16164
v 105.945 -72.2889 503.299
vn 0.840345 0.527744 0.123722
v 106.976 -59.1698 507.026
vn 0.0305754 -0.976477 -0.213442
v 104.347 -73.2533 506.74
vn 0.722862 -0.686359 0.079886
v 106.252 -72.3376 506.4
vn 0.285233 -0.955743 -0.0721005
v 104.608 -73.4017 507.063
vn 0.630354 0.755078 0.180306
v 105.209 -58.1801 511.401
vn 0.439307 -0.898272 0.0108132
v 104.856 -73.1267 511.012
vn 0.510215 -0.858258 0.055436
v 103.54 -74.1176 511.465
vn 0.465469 -0.881852 -0.0753336
v 105.601 -72.865 512.899
vn 0.706284 0.689329 0.16121
v 105.387 -59.3342 515.913
vn 0.428045 -0.903141 -0.0333726
v 104.511 -73.7586 517.408
vn 0.279102 -0.95735 -0.0747195
v 102.929 -74.2714 517.809
vn 0.872521 0.463735 0.153806
v 105.604 -61.2867 520.409
vn 0.656174 -0.753311 0.0442482
v 105.006 -73.5686 520.06
vn 0.749505 0.631508 0.198595
v 103.93 -59.7808 523.902
vn 0.932138 0.316748 0.175472
v 105.076 -62.3242 526.062
vn 0.825308 0.552074 0.118662
v 104.939 -62.6606 527.548
vn 0.753542 0.64296 0.137028
v 103.716 -61.6942 531.071
vn 0.68731 -0.722126 0.0783539
v 103.64 -74.0483 528.962
vn 0.445292 0.893156 0.0631433
v 103.113 -61.3344 531.323
vn 0.436131 -0.896547 -0.0774124
v 103.311 -74.3664 532.841
vn 0.507099 -0.861512 0.0254669
v 101.93 -75.2162 530.879
vn 0.499175 -0.865962 0.0305579
v 102.107 -74.9051 532.411
vn 0.524925 -0.851137 -0.00444604
v 102.818 -74.4808 531.585
vn 0.362522 -0.930441 -0.0534597
v 102.021 -74.9233 533.307
vn 0.51522 -0.856791 -0.0213797
v 102.781 -74.8685 534.889
vn 0.778929 -0.616432 0.115245
v 103.257 -74.4943 534.642
vn 0.701381 0.712127 0.0306576
v 102.419 -61.606 537.882
vn 0.520741 0.853571 0.0156955
v 102.802 -62.0196 537.306
vn 0.532507 0.844677 0.0543764
v 103.125 -62.1025 537.034
vn 0.554312 0.830958 0.0473892
v 103.016 -62.0233 538.231
vn 0.655673 -0.754758 0.0208148
v 102.594 -73.9752 538.811
vn 0.426909 -0.903485 -0.0382635
v 101.531 -75.5136 538.069
vn 0.717189 -0.682239 0.142089
v 101.984 -75.1188 538.122
vn 0.606381 0.786015 0.120342
v 103.077 -62.9129 543.341
vn 0.364167 -0.924422 -0.113249
v 101.297 -75.0112 544.088
vn 0.475308 0.872169 0.11577
v 101.193 -64.2507 559.106
vn 0.632344 -0.77065 0.0789863
v 99.7932 -76.4597 557.475
vn 0.383218 0.910912 0.152915
v 99.85 -63.882 560.794
vn 0.501553 -0.861877 -0.0749195
v 100.072 -75.8298 559.627
vn 0.355266 -0.921889 -0.154621
v 98.4287 -77.0678 563.359
vn 0.421274 -0.902083 -0.093674
v 100.686 -75.8526 562.701
vn 0.49361 0.861007 0.122541
v 100.784 -65.0569 566.283
vn 0.600886 -0.799036 -0.0218355
v 99.4876 -76.9649 564.971
vn 0.739555 -0.669737 0.0671664
v 99.7583 -76.5774 565.609
vn 0.302551 -0.936189 -0.178924
v 98.1598 -77.7371 565.729
vn 0.103962 -0.977351 -0.184328
v 99.936 -76.7082 566.829
vn 0.432202 -0.899838 -0.0591032
v 100.141 -76.8615 567.749
vn 0.932089 -0.117587 0.342613
v 100.337 -76.2277 568.688
vn 0.393202 -0.914477 -0.0955181
v 98.7443 -77.3251 569.413
vn 0.280878 -0.951847 -0.122859
v 99.045 -77.3029 569.442
vn 0.926557 -0.237677 0.291551
v 99.9705 -76.8314 569.542
vn 0.572937 -0.819248 -0.0240061
v 99.478 -76.7925 571.606
vn 0.722445 -0.687268 0.0757372
v 98.3037 -78.0237 573.574
vn 0.458277 0.875594 0.152703
v 99.5506 -65.6131 575.496
vn 0.334165 0.935205 0.117153
v 100.063 -66.0737 576.138
vn 0.124811 0.991357 0.0404126
v 99.2396 -66.0534 578.471
vn 0.341982 0.933331 0.10928
v 99.6825 -66.0191 577.007
vn 0.0779489 0.996946 -0.00482102
v 99.9503 -66.0694 577.333
vn 0.1761 0.984358 0.00526847
v 99.841 -66.0089 578.529
vn 0.649751 -0.760034 0.0131188
v 97.8782 -78.1014 576.245
vn 0.377072 -0.919943 -0.107335
v 97.8646 -78.2555 578.048
vn 0.195396 0.978539 0.0654374
v 99.3453 -65.9826 580.593
vn -0.0601916 0.997922 -0.0230138
v 99.4696 -65.9634 579.294
vn 0.467771 -0.880357 -0.0784978
v 97.0618 -78.7981 579.767
vn 0.425575 -0.900592 -0.0884336
v 97.983 -78.43 579.865
vn 0.425967 0.899625 0.096057
v 99.4883 -66.2155 582.108
vn 0.303096 -0.93822 -0.166963
v 96.5006 -79.4009 582.412
vn 0.202831 0.971721 0.120904
v 97.1747 -66.0961 584.3
vn -0.0518608 0.998281 0.0273214
v 97.6539 -66.1922 585.55
vn 0.147358 0.984879 0.0910975
v 97.4551 -66.2044 587.641
vn 0.378035 -0.916501 -0.130825
v 96.1992 -80.148 587.927
vn -0.14179 0.988023 0.0608774
v 96.699 -66.4574 589.069
vn 0.309268 -0.949262 -0.0570516
v 96.0864 -80.5982 591.991
vn 0.0831592 0.991816 0.0968797
v 97.9932 -67.2227 593.999
vn -0.370688 -0.928697 -0.0105597
v 95.5851 -80.6607 594.051
vn 0.0763015 0.991627 0.104184
v 97.7211 -67.4969 596.68
vn -0.0672554 0.994992 0.0739427
v 98.0209 -67.4887 596.709
vn 0.36972 0.916395 0.153386
v 97.1226 -67.7537 599.631
vn -0.136365 0.987741 0.0759825
v 97.6617 -67.7982 600.285
vn 0.0949407 0.985408 0.141268
v 96.448 -67.6138 600.474
vn -0.180754 0.969981 0.162681
v 95.4743 -68.1736 603.984
vn 0.287028 0.943694 0.16449
v 96.7242 -68.234 603.5
vn -0.160884 0.982708 0.0916539
v 96.9105 -68.2307 604.724
vn -0.403374 -0.914974 -0.0105844
v 96.1008 -80.954 604.344
vn -0.376478 -0.926218 -0.0195857
v 94.3258 -79.7411 604.805
vn -0.265544 0.955133 0.131176
v 96.1133 -68.9415 609.454
vn -0.364354 0.914512 0.175822
v 94.565 -69.3125 609.598
vn -0.123544 0.976692 0.175528
v 95.4665 -69.255 609.686
vn -0.139323 -0.988035 -0.066153
v 94.0117 -79.7864 608.09
vn 0.0527116 -0.995947 -0.0728719
v 93.5648 -80.1152 612.578
vn -0.26389 -0.963928 -0.0347075
v 95.0734 -80.3914 612.398
vn -0.449276 0.872805 0.19069
v 94.5384 -70.6885 615.29
vn -0.786389 0.595502 0.164224
v 93.7826 -71.5191 616.31
vn -0.870763 0.460578 0.172162
v 93.4515 -72.779 618.922
vn 0.532072 -0.839487 -0.110275
v 92.7979 -81.0752 620.001
vn 0.109661 -0.992508 -0.0538813
v 94.3284 -80.5383 620.161
vn -0.923193 0.366567 0.115511
v 93.1218 -78.5845 632.753
vn 0.552507 -0.828329 -0.0927788
v 92.0255 -83.5004 632.832
vn -0.280872 -0.775495 -0.565437
v 91.4082 -83.8872 632.701
vn 0.637556 -0.770401 -0.00229361
v 92.6404 -83.1144 634.408
vn -0.629052 -0.775427 -0.0548305
v 91.3072 -84.0479 633.655
vn -0.888251 0.315924 0.333469
v 93.6098 -79.0794 638.215
vn -0.921223 0.33801 0.192607
v 92.8647 -80.806 637.198
vn -0.939302 0.338303 0.0571176
v 91.5129 -83.394 636.102
vn -0.717207 -0.68204 0.142954
v 91.5273 -83.7044 636.397
vn -0.992336 0.0758318 0.0975644
v 91.5164 -83.7217 636.999
vn 0.563014 -0.826032 0.0262057
v 91.6959 -83.7888 636.11
vn -0.963763 0.215484 0.15725
v 91.6068 -83.4357 637.299
vn -0.509269 -0.859883 -0.0353106
v 91.5836 -83.7751 637.305
vn 0.640792 -0.766049 0.0505385
v 91.8944 -83.5938 637.34
vn -0.924211 0.365215 0.111588
v 92.4028 -82.368 640.131
vn -0.893772 -0.432415 0.119115
v 92.4695 -82.4084 641.342
vn -0.966575 0.120762 0.226164
v 92.5741 -82.7069 641.044
vn -0.95923 0.27401 0.0692545
v 92.6545 -82.1382 641.969
vn -0.846387 -0.494477 0.197791
v 92.6306 -82.4371 641.96
vn -0.966145 0.254606 0.0417152
v 92.5585 -82.4593 642.857
vn 0.984951 0.172224 -0.0144884
v 118.756 -52.3349 394.064
vn 0.840857 -0.540756 -0.023303
v 118.305 -54.8711 399.387
vn 0.992714 -0.119109 0.018194
v 118.783 -53.4362 400.673
vn 0.99789 -0.0648383 0.00331671
v 118.673 -52.8728 402.183
vn 0.938027 0.346481 0.00751724
v 118.176 -47.4483 402.867
vn 0.954602 0.297147 0.0209705
v 117.956 -49.5644 403.7
vn 0.963426 -0.265494 0.03637
v 117.916 -49.2972 404.909
vn 0.999641 -0.0148873 0.0222921
v 118.374 -48.3721 403.166
vn 0.932717 0.360381 0.0128467
v 118.291 -50.1877 403.718
vn 0.988249 0.15241 0.0116211
v 118.746 -52.0031 403.116
vn 0.994893 -0.100897 -0.00261664
v 118.688 -54.1029 403.06
vn 0.992022 0.11134 0.0591265
v 118.622 -53.5155 403.671
vn 0.137626 0.988904 0.055922
v 117.728 -47.055 406.15
vn 0.945208 -0.322693 0.0495168
v 118.148 -48.7385 405.849
vn 0.999721 0.00563072 0.0229207
v 118.672 -54.8109 406.659
vn 0.963527 -0.266999 0.0180721
v 117.684 -49.6813 408.193
vn 0.991412 0.119758 0.0525448
v 118.069 -47.9397 409.478
vn 0.841928 0.537685 0.0452956
v 117.83 -50.0005 408.501
vn 0.989674 -0.142052 -0.0191342
v 118.386 -54.5724 409.351
vn 0.757365 -0.64137 -0.122649
v 117.494 -57.0386 408
vn 0.930481 -0.365566 0.0238083
v 117.721 -49.7828 411.511
vn 0.980811 -0.19092 0.0394759
v 117.949 -49.2148 412.149
vn 0.85868 0.50735 0.0725603
v 117.798 -50.0883 411.511
vn 0.846136 0.528984 0.0650348
v 118.291 -50.7402 412.146
vn 0.963127 0.264396 0.049819
v 118.514 -52.4428 410.017
vn 0.981211 0.187977 0.043465
v 118.51 -51.3468 411.851
vn 0.986845 -0.158107 -0.0337374
v 118.884 -53.7219 410.022
vn 0.935286 0.344781 0.0797828
v 118.85 -53.1456 410.937
vn 0.539008 0.833475 0.121614
v 117.637 -47.6645 413.06
vn 0.969216 -0.243487 -0.0365407
v 118.506 -56.4735 412.332
vn 0.983444 0.17288 0.0543204
v 118.426 -56.1767 412.633
vn 0.49565 0.863509 0.0931887
v 117.172 -47.6077 414.826
vn 0.105138 -0.959711 -0.260577
v 117.303 -58.8968 415.475
vn 0.871988 -0.48241 -0.0831689
v 117.926 -58.3461 415.849
vn 0.917153 -0.396388 0.0413217
v 117.151 -50.2704 418.981
vn 0.745739 0.651723 0.138314
v 117.733 -51.3773 419.011
vn 0.994478 0.0824475 0.0649358
v 118.228 -53.9297 418.376
vn 0.96302 0.240341 0.121775
v 116.834 -50.9043 420.744
vn 0.824772 0.526101 0.207289
v 118.031 -55.2183 421.662
vn 0.942598 0.300546 0.145536
v 116.555 -51.2763 423.723
vn 0.813193 0.552756 0.182146
v 116.697 -51.5796 423.428
vn 0.562247 0.808111 0.175598
v 117.278 -51.8577 423.478
vn 0.976453 0.183442 0.113527
v 117.955 -55.2312 422.257
vn 0.858171 0.470558 0.205226
v 117.944 -55.549 422.851
vn 0.991027 -0.132762 0.0154662
v 117.89 -55.5724 423.75
vn 0.906694 -0.419114 0.0474293
v 116.507 -51.0446 426.136
vn 0.548412 0.82453 0.139265
v 116.708 -49.6273 428.601
vn 0.964174 -0.254297 0.0755091
v 116.772 -50.2326 428.593
vn 0.920918 -0.380137 0.0860612
v 115.838 -51.9737 428.461
vn 0.950595 -0.294156 0.0992023
v 116.151 -51.6399 426.691
vn 0.849749 -0.525037 0.047557
v 116.054 -51.6695 427.886
vn 0.624847 0.755552 0.19674
v 116.162 -52.4389 428.481
vn 0.919966 0.239977 0.309958
v 117.128 -60.7477 427.473
vn 0.897435 0.203124 0.391601
v 117.122 -61.0568 427.766
vn 0.645856 0.747945 0.153131
v 115.541 -49.2343 430.91
vn 0.991991 -0.0812315 0.0967267
v 115.615 -52.3044 429.939
vn 0.977376 -0.169836 0.126066
v 116.782 -61.3798 429.233
vn 0.910385 -0.407909 0.0693526
v 116.668 -61.9537 429.209
vn 0.91973 -0.389882 0.0457112
v 116.649 -61.6984 430.117
vn -0.676396 -0.668925 -0.308265
v 114.77 -63.5727 428.987
vn 0.625142 -0.765344 -0.153124
v 115.286 -63.7116 429.938
vn 0.874337 0.471606 0.114552
v 115.346 -52.677 432.919
vn 0.807352 -0.588796 0.0387645
v 115.43 -52.0995 433.544
vn 0.636584 0.75458 0.159278
v 115.7 -53.0316 432.945
vn 0.720412 0.668437 0.184927
v 116.702 -53.6507 432.424
vn -0.677481 -0.656839 -0.331032
v 114.161 -64.4397 431.621
vn 0.846634 -0.53196 -0.0151171
v 115.889 -62.949 433.331
vn 0.50585 0.859357 0.0749769
v 114.921 -49.386 434.162
vn 0.540268 0.832673 0.121519
v 115.128 -49.4925 435.084
vn 0.723818 0.678487 0.125469
v 115.862 -50.0516 434.539
vn 0.956276 -0.285867 0.0617731
v 115.17 -52.4098 434.416
vn 0.780122 -0.622967 -0.0576331
v 115.247 -64.427 433.837
vn -0.16137 -0.912348 -0.376272
v 113.681 -65.8857 435.667
vn 0.867558 -0.494485 0.0531837
v 115.772 -51.6022 436.302
vn 0.785341 0.598477 0.158319
v 115.616 -53.7069 436.539
vn 0.954421 0.251036 0.161433
v 116.431 -55.6158 438.38
vn 0.974591 0.208077 0.0829251
v 114.8 -52.5651 440.406
vn 0.9496 0.299216 0.0934304
v 115.045 -53.1375 438.909
vn 0.931486 0.329713 0.153696
v 115.124 -54.0804 440.1
vn 0.804165 0.551401 0.221979
v 116.026 -55.3424 440.157
vn 0.731726 -0.680575 -0.0373356
v 113.855 -66.6496 439.679
vn 0.945119 -0.323756 0.0439521
v 114.994 -52.2955 441.034
vn 0.977221 0.146585 0.153465
v 115.17 -51.7242 441.668
vn 0.996338 0.049845 0.0694688
v 114.786 -53.8473 443.088
vn 0.702259 -0.694107 -0.158263
v 115.76 -60.4607 440.914
vn 0.957319 -0.247385 0.149466
v 115.604 -63.2 442.341
vn 0.877932 -0.477163 0.0393801
v 114.024 -66.0643 440.915
vn 0.989478 0.101643 0.102966
v 114.822 -55.0813 443.966
vn 0.816058 0.522057 0.248006
v 115.313 -55.995 443.389
vn 0.935336 -0.343458 0.0847521
v 114.851 -62.639 445.297
vn 0.950852 0.147858 0.272064
v 115.485 -62.3266 443.557
vn 0.843805 -0.535438 0.0360585
v 114.098 -66.1862 444.839
vn 0.718817 -0.695141 0.00900393
v 112.76 -67.7751 444.069
vn 0.993208 -0.0580222 0.100853
v 114.445 -53.3496 447.287
vn 0.998463 0.0552182 0.0046833
v 115.223 -57.2991 446.967
vn 0.961112 0.215729 0.17241
v 115.282 -58.2316 447.855
vn 0.873409 -0.486915 0.00835876
v 114.561 -62.9885 447.55
vn 0.681015 0.698094 0.221095
v 113.89 -51.8461 448.475
vn 0.984697 0.0722982 0.15857
v 114.209 -52.7801 448.861
vn 0.98768 0.062834 0.143317
v 113.97 -54.6101 450.226
vn 0.783791 0.556589 0.275463
v 114.436 -56.4083 449.023
vn 0.997561 -0.0530146 0.0454115
v 114.425 -56.4255 449.624
vn 0.780786 0.558851 0.27939
v 114.627 -56.7215 449.034
vn 0.816922 0.526231 0.236049
v 114.999 -56.7192 448.165
vn 0.984504 -0.168306 -0.049246
v 115.303 -57.641 448.172
vn 0.930955 0.270123 0.245675
v 115.124 -60.6614 448.988
vn 0.979215 0.0862503 0.18357
v 114.879 -60.6811 450.17
vn 0.960003 0.0185385 0.279374
v 113.885 -65.1229 449.969
vn 0.866352 -0.499243 0.0138342
v 114.143 -63.5924 448.522
vn 0.919868 -0.363027 0.148504
v 113.777 -65.7168 449.944
vn 0.843988 0.473821 0.251351
v 114.879 -57.6848 450.542
vn 0.993706 -0.109905 0.0216717
v 114.833 -59.8304 451.994
vn 0.930175 0.246743 0.271831
v 114.569 -61.9255 452.221
vn 0.643831 -0.748342 -0.15958
v 114.287 -64.6982 452.429
vn 0.78218 -0.612648 0.113386
v 112.479 -67.4967 451.887
vn 0.924289 0.0880738 0.371392
v 113.119 -65.4445 452.299
vn 0.944094 0.248624 0.216503
v 113.36 -54.9691 453.475
vn 0.890887 0.400355 0.214561
v 113.735 -56.5417 454.981
vn 0.986386 0.0754537 0.146116
v 114.783 -60.7557 452.872
vn 0.914335 -0.402281 -0.0464953
v 114.392 -62.5509 453.395
vn 0.80606 0.432848 0.40362
v 114.485 -62.8576 453.396
vn 0.818156 -0.555584 -0.148147
v 114.337 -62.8927 454.888
vn 0.940369 -0.335268 0.0574584
v 114.161 -63.1221 454.866
vn 0.789067 -0.614166 -0.0131469
v 113.29 -65.1773 453.056
vn 0.938426 0.0635174 0.339591
v 114.349 -64.0956 454.861
vn 0.914239 -0.392671 0.099886
v 114.162 -64.9847 454.822
vn 0.932334 -0.184022 0.311271
v 112.592 -66.6566 453.727
vn 0.640495 0.697167 0.322062
v 112.54 -53.5009 456.411
vn 0.848974 0.447936 0.280351
v 113.236 -56.872 457.036
vn 0.94392 0.276803 0.179986
v 113.932 -58.1293 457.374
vn 0.765871 0.549372 0.334114
v 113.804 -60.2295 457.479
vn 0.865148 0.417776 0.277455
v 114.311 -60.5498 457.052
vn 0.939543 0.0766954 0.333732
v 113.49 -64.7026 456.874
vn 0.970524 -0.124971 0.206073
v 113.424 -64.7072 457.169
vn 0.932004 0.0918683 0.350612
v 113.429 -65.008 457.163
vn 0.888147 0.232216 0.396573
v 113.829 -64.3976 456.01
vn 0.941219 -0.064452 0.331592
v 113.756 -65.3123 456.584
vn 0.915249 -0.00461884 0.402863
v 111.885 -66.6546 455.166
vn 0.262265 -0.946845 -0.186281
v 112.383 -66.2107 455.526
vn 0.274458 -0.941726 -0.194488
v 113.017 -66.0983 455.288
vn 0.640697 -0.767794 -0.000395746
v 113.495 -65.887 456.244
vn 0.895289 0.382286 0.228727
v 112.689 -54.1489 457.651
vn 0.901548 0.373002 0.219272
v 112.919 -57.1965 458.505
vn 0.768743 0.568916 0.292178
v 113.294 -57.5175 458.388
vn 0.992369 -0.0812982 0.0927017
v 113.413 -60.2435 458.782
vn 0.699345 -0.687848 -0.194378
v 113.866 -64.7726 458.416
vn 0.574419 -0.818541 -0.00574086
v 111.36 -67.5467 459.013
vn 0.73965 -0.660198 0.130598
v 112.902 -65.9196 458.598
vn 0.632422 0.706348 0.317985
v 112.172 -55.7432 461.784
vn 0.971543 0.189456 0.142166
v 112.854 -57.5377 459.998
vn 0.975933 -0.215951 0.0303412
v 113.573 -60.3352 461.508
vn 0.840825 0.417296 0.344786
v 113.014 -61.8037 461.522
vn 0.915573 -0.40215 -0.000602044
v 113.016 -61.5093 461.728
vn 0.902681 0.318613 0.289228
v 113.866 -62.1308 460.589
vn 0.956587 -0.234073 0.173642
v 113.344 -63.9353 461.702
vn 0.964086 -0.249629 0.090679
v 113.672 -63.338 461.145
vn 0.92861 -0.341718 0.144612
v 113.599 -65.4458 461.389
vn 0.92981 -0.366917 0.0287398
v 112.814 -65.9769 460.705
vn 0.665166 -0.740726 -0.0942299
v 113.21 -66.0301 461.639
vn 0.744101 0.535025 0.400078
v 113.089 -63.0707 463.507
vn 0.808474 -0.587278 -0.0383953
v 112.736 -64.8594 463.732
vn 0.977565 -0.00874183 0.210454
v 113.269 -63.6838 463.51
vn 0.924663 -0.0428781 0.378365
v 112.579 -66.6612 463.975
vn 0.915022 0.242912 0.322069
v 112.925 -64.0064 464.976
vn 0.560789 -0.826234 -0.0534211
v 111.351 -67.7492 465.339
vn 0.932317 -0.101507 0.347105
v 111.707 -66.6662 466.002
vn 0.833094 -0.548587 0.0707578
v 111.707 -66.3747 466.31
vn 0.893024 0.399466 0.207208
v 111.216 -57.6807 468.278
vn 0.933116 0.293122 0.208265
v 112.206 -59.5137 467.124
vn 0.962882 0.184772 0.196767
v 112.741 -61.9643 467.48
vn 0.623173 0.644717 0.442714
v 111.462 -65.3758 469.023
vn 0.632736 -0.764309 -0.124403
v 111.555 -66.5817 467.195
vn 0.618141 -0.777436 -0.116173
v 111.348 -67.1688 468.97
vn 0.824089 -0.565866 -0.0259348
v 112.156 -66.101 467.566
vn 0.973914 -0.135306 0.182165
v 110.878 -65.535 470.169
vn 0.931988 -0.361701 0.0239076
v 112.236 -63.8221 470.341
vn 0.650934 0.610012 0.451852
v 110.893 -66.4735 471.354
vn 0.797913 -0.602543 0.0166378
v 111.525 -67.0626 469.592
vn 0.762093 0.484535 0.429464
v 111.204 -66.7947 471.377
vn 0.963773 -0.172559 0.203383
v 111.843 -66.4737 469.335
vn 0.969869 -0.175407 0.169077
v 110.188 -66.7902 473.389
vn 0.869391 0.315169 0.380562
v 110.136 -67.0873 473.377
vn 0.891062 -0.427047 0.153751
v 110.531 -68.0151 473.393
vn 0.902514 0.167584 0.396716
v 110.592 -67.7178 473.376
vn 0.993106 0.0243946 0.114653
v 111.103 -63.6172 475.964
vn 0.983912 0.167516 0.0620878
v 110.432 -60.6213 477.78
vn 0.78147 -0.618821 -0.0797867
v 110.674 -66.621 476.756
vn 0.991557 0.0781099 0.103509
v 110.922 -64.2962 478.946
vn 0.93723 0.333532 0.101768
v 110.01 -60.7283 482.259
vn 0.996928 0.043656 0.0650349
v 110.332 -64.993 483.394
vn 0.984918 -0.0476601 0.166325
v 110.174 -67.0502 482.124
vn 0.923428 -0.381104 0.0451709
v 110.022 -67.9597 482.691
vn 0.921356 -0.385747 -0.0479906
v 110.526 -66.8001 483.069
vn 0.958366 -0.262829 -0.111607
v 110.401 -64.7061 483.709
vn 0.568765 -0.820057 -0.0633491
v 108.735 -69.6621 485.24
vn 0.805155 -0.593051 0.00406472
v 109.327 -69.1786 484.706
vn 0.950603 -0.292471 0.103993
v 109.412 -68.9107 485.624
vn 0.935017 0.314858 0.163119
v 110.077 -63.6129 488.075
vn 0.988267 -0.147869 -0.0382622
v 110.724 -65.1091 486.444
vn 0.892164 -0.44121 0.0968371
v 108.978 -69.5369 487.377
vn 0.916715 -0.381653 0.118213
v 109.199 -69.1157 487.106
vn 0.648986 -0.748134 -0.138247
v 109.466 -68.9724 487.575
vn 0.940351 0.323903 0.104048
v 110.32 -63.351 488.859
vn 0.898234 0.393374 0.19604
v 110.377 -64.8755 489.431
vn 0.994376 -0.0130916 0.105098
v 110.085 -67.8434 488.729
vn 0.967188 -0.252895 -0.0243423
v 110.053 -67.2492 489.042
vn 0.761311 -0.647223 0.0388368
v 108.361 -70.438 488.652
vn 0.903448 -0.404893 0.140866
v 108.461 -70.1486 488.82
vn 0.655313 -0.753152 -0.0576832
v 109.199 -69.6326 490.109
vn 0.780121 -0.620963 -0.0762689
v 109.664 -69.0265 488.962
vn 0.927064 -0.367577 0.0737479
v 109.857 -68.7658 489.891
vn 0.903696 -0.396361 -0.161963
v 109.936 -65.5282 492.086
vn 0.875841 0.412586 0.25035
v 109.977 -65.8315 492.083
vn 0.937168 -0.334735 0.0983256
v 109.763 -68.1854 490.8
vn 0.91531 0.309658 0.257527
v 110.458 -66.783 492.71
vn 0.839419 0.481013 0.252988
v 109.86 -65.2857 494.195
vn 0.863177 -0.47681 -0.166066
v 110.077 -66.2106 494.495
vn 0.939129 0.28924 0.18541
v 110.04 -65.9166 494.8
vn 0.948374 0.298138 0.108166
v 110.22 -64.7411 495.335
vn 0.664196 -0.733434 -0.144627
v 109.418 -68.5351 493.171
vn 0.882827 -0.452812 -0.124813
v 109.846 -66.4778 493.864
vn 0.896113 0.361671 0.257247
v 109.976 -66.778 493.568
vn 0.976473 0.0122122 0.215294
v 110.056 -68.0124 494.45
vn 0.936773 0.205567 0.283192
v 109.986 -67.7162 494.752
vn 0.932944 -0.35995 0.00721075
v 110.33 -67.3936 493.286
vn 0.792594 -0.584954 -0.172114
v 109.734 -67.0668 495.648
vn 0.657744 -0.753089 0.0151309
v 107.62 -71.1896 495.949
vn 0.860173 -0.486325 0.15359
v 107.797 -70.9305 496.274
vn 0.711685 -0.701201 -0.0426887
v 108.012 -70.3438 496.309
vn 0.404641 -0.863907 -0.299883
v 108.98 -69.5194 495.517
vn 0.443025 -0.871146 -0.211741
v 108.907 -69.7674 496.107
vn 0.686783 -0.713062 -0.140968
v 109.285 -69.4205 495.549
vn 0.966753 -0.206021 0.151476
v 109.597 -68.9554 496.796
vn 0.863939 0.47272 0.173623
v 108.247 -61.142 499.866
vn 0.890541 0.420994 0.172342
v 108.712 -61.4465 498.999
vn 0.911491 0.368685 0.18236
v 108.904 -62.6883 499.892
vn 0.939734 0.309485 0.145324
v 109.217 -62.9916 499.312
vn 0.640257 -0.720341 -0.266795
v 109.685 -68.1047 498.332
vn 0.491714 -0.815149 -0.306187
v 109.22 -68.9274 499.775
vn 0.98659 0.067102 0.148787
v 109.671 -67.8303 499.241
vn 0.449418 -0.888128 -0.0961892
v 107.593 -70.9714 499.57
vn 0.544897 -0.832438 -0.100665
v 108.237 -70.7087 499.336
vn 0.855649 -0.507717 0.100445
v 108.73 -70.1899 499.698
vn 0.967921 -0.18103 0.174231
v 108.716 -69.8975 500.005
vn 0.985227 0.115466 0.126475
v 109.605 -66.1127 502.29
vn 0.905579 0.348611 0.241654
v 109.229 -67.8549 501.007
vn 0.916385 -0.397507 -0.0471788
v 109.34 -67.5707 501.326
vn 0.948092 0.187473 0.256858
v 109.259 -68.4759 501.598
vn 0.92538 -0.378869 -0.0114486
v 109.1 -68.1738 501.891
vn 0.971874 -0.183512 0.147595
v 109.177 -69.0895 502.179
vn 0.925171 0.356648 0.129849
v 108.123 -61.8338 503.154
vn 0.99685 0.0518477 0.0600073
v 109.159 -64.2979 502.893
vn 0.903488 -0.428593 0.00412974
v 108.939 -68.8362 504.272
vn 0.980169 -0.193106 0.0444894
v 109.471 -67.3329 503.153
vn 0.835624 -0.54886 0.0220474
v 108.835 -69.6858 502.734
vn 0.919634 -0.387479 0.0642968
v 108.518 -69.7188 504.512
vn 0.519814 -0.850525 -0.0800005
v 107.24 -71.6385 502.836
vn 0.993629 -0.0980494 0.0555746
v 108.828 -66.2051 507.037
vn 0.975114 0.136498 0.174703
v 109.07 -67.7058 506.422
vn 0.916827 -0.39924 0.00601788
v 109.153 -68.3123 506.415
vn 0.647835 -0.756839 0.086634
v 107.723 -70.94 506.818
vn 0.892464 -0.441912 0.0906753
v 108.23 -70.0024 506.286
vn 0.974774 0.192002 0.113805
v 108.754 -65.3615 509.16
vn 0.991825 -0.109792 0.0650343
v 108.947 -65.9484 508.26
vn 0.983709 0.124919 0.129274
v 107.428 -63.2417 511.495
vn 0.881661 0.435538 0.181607
v 107.826 -63.5237 510.019
vn 0.991653 -0.101952 0.0789342
v 108.666 -66.2933 510.335
vn 0.970192 0.208943 0.12276
v 108.478 -65.4152 511.544
vn 0.998053 0.0291377 0.0551446
v 108.491 -66.8589 512.114
vn 0.988926 -0.0762368 0.127331
v 108.455 -67.4813 510.287
vn 0.718204 -0.670239 -0.186984
v 108.171 -67.1833 512.075
vn 0.488033 -0.854764 -0.176642
v 107.141 -71.4719 510.367
vn 0.978803 0.0882879 0.184798
v 108.501 -69.6061 510.844
vn 0.99412 0.0636286 0.0876232
v 107.098 -63.9108 514.462
vn 0.906686 0.380012 0.183062
v 107.45 -63.9544 512.384
vn 0.975134 0.0543301 0.214852
v 107.874 -67.8332 513.237
vn 0.99571 0.0744696 0.0549179
v 108.528 -66.9571 512.718
vn 0.688229 -0.697134 -0.20086
v 108.343 -67.4065 513.293
vn 0.689378 -0.723368 -0.0386834
v 106.874 -72.1102 512.738
vn 0.984478 0.149728 0.0915664
v 107.129 -63.6393 515.375
vn 0.957963 0.252079 0.13698
v 107.076 -64.8829 516.848
vn 0.883158 0.413479 0.221513
v 107.854 -66.1187 516.291
vn 0.602767 -0.775874 -0.186258
v 107.278 -69.1096 516.964
vn 0.974171 0.152189 0.166822
v 108.059 -68.5545 516.856
vn 0.427581 -0.873993 -0.230893
v 107.913 -68.8204 516.835
vn 0.779109 -0.624944 0.0493343
v 107.049 -71.4837 516.387
vn 0.910424 0.299163 0.285709
v 107.544 -69.3859 515.58
vn 0.868567 0.422636 0.258784
v 107.316 -65.8184 517.452
vn 0.682678 -0.718399 -0.133617
v 107.046 -69.7559 518.959
vn 0.909301 0.382817 0.163165
v 106.357 -63.732 520.122
vn 0.873376 0.449087 0.188506
v 106.738 -64.3764 520.747
vn 0.984932 0.129544 0.114575
v 106.942 -64.6725 520.156
vn 0.98267 0.147557 0.112188
v 107.033 -66.1812 520.129
vn 0.921806 0.329261 0.2046
v 107.124 -67.0978 520.418
vn 0.914755 -0.403886 -0.00992804
v 106.453 -70.6595 520.269
vn 0.895576 0.320036 0.309065
v 106.448 -70.9597 520.261
vn 0.79006 0.492563 0.364947
v 106.729 -70.9604 519.685
vn 0.870331 0.36165 0.334265
v 106.498 -71.2726 520.56
vn 0.895653 -0.429991 0.113639
v 106.901 -71.2724 519.694
vn 0.946775 0.311795 0.0800003
v 105.915 -63.1556 521.902
vn 0.975238 0.182131 0.125458
v 105.812 -62.5657 522.509
vn 0.995367 0.0959873 -0.0055894
v 106.17 -63.7736 521.912
vn 0.942152 0.335185 0.000565051
v 106.181 -63.5007 522.824
vn 0.993345 -0.109161 0.0367211
v 106.073 -64.4042 523.094
vn 0.965339 -0.253416 -0.0624647
v 106.181 -64.1108 523.111
vn 0.952762 -0.303686 -0.00432764
v 106.058 -64.4174 523.569
vn 0.968166 -0.249981 0.0128046
v 106.244 -64.133 523.72
vn 0.978638 0.187599 0.0841068
v 106.043 -64.7207 523.686
vn 0.91704 0.347761 0.195191
v 106.196 -65.0404 523.995
vn 0.970488 0.124261 0.20667
v 106.689 -65.3197 522.227
vn 0.982917 0.137715 0.1221
v 106.736 -65.9148 521.916
vn 0.969651 0.17839 0.167195
v 106.918 -67.7392 522.192
vn 0.994341 0.00764562 0.105957
v 106.842 -67.4605 523.095
vn 0.988971 -0.139065 0.0509569
v 106.169 -71.6322 523.233
vn 0.915933 -0.398983 0.0433501
v 106.117 -71.6467 523.831
vn 0.913972 -0.405284 -0.0199734
v 106.416 -71.0026 521.764
vn 0.896911 -0.442199 0.00326295
v 107.116 -70.1475 521.852
vn 0.96306 -0.024894 0.268134
v 106.271 -71.8945 521.729
vn 0.986235 -0.129579 0.10271
v 106.134 -71.9034 522.319
vn 0.874244 -0.477687 0.0866811
v 105.961 -72.493 522.288
vn 0.98349 -0.147783 0.104443
v 106.145 -71.9401 523.525
vn 0.98085 -0.183914 0.0641058
v 106.037 -64.4378 524.296
vn 0.988415 0.150904 0.0162159
v 106.007 -64.7543 524.888
vn 0.994975 0.0659472 0.0753393
v 106.038 -65.3754 525.479
vn 0.993998 -0.107682 -0.0192969
v 106.101 -65.0893 525.835
vn 0.991417 -0.0582011 0.117067
v 106.495 -68.4021 525.15
vn 0.918591 0.317129 0.23584
v 106.738 -68.7008 524.563
vn 0.995699 -0.0807464 0.0454308
v 106.626 -67.8097 525.177
vn 0.842331 -0.538909 0.007453
v 106.716 -70.812 524.813
vn 0.977011 -0.185068 0.105824
v 106.775 -70.5334 525.428
vn 0.967481 0.151459 0.202587
v 106.71 -69.6454 526.046
vn 0.716194 -0.691116 0.0970849
v 105.302 -73.1312 524.923
vn 0.859244 -0.457451 0.228995
v 105.492 -72.5518 525.256
vn 0.908191 -0.39196 0.146822
v 105.924 -72.5445 524.092
vn 0.907523 -0.384334 0.16938
v 105.792 -71.9616 524.998
vn 0.902016 0.422817 0.0871307
v 105.765 -63.6081 527.304
vn 0.998701 0.0190286 0.0472699
v 106.107 -64.8419 527.609
vn 0.981702 -0.169505 0.0867736
v 105.84 -65.6854 528.166
vn 0.893977 0.34145 0.290203
v 106.242 -69.3408 526.912
vn 0.987896 -0.14961 0.0409737
v 106.595 -68.1929 528.003
vn 0.854413 -0.513591 0.0787561
v 106.38 -71.4447 526.574
vn 0.975634 -0.0701273 0.207896
v 106.34 -70.5854 528.098
vn 0.778538 -0.62636 0.0393878
v 105.26 -72.5813 526.741
vn 0.931076 0.326673 0.162427
v 105.764 -66.6853 529.642
vn 0.979419 -0.18783 -0.0738801
v 105.785 -66.1216 530.864
vn 0.984168 0.139422 0.109434
v 105.57 -66.7084 530.829
vn 0.913361 -0.398589 -0.0830527
v 105.756 -66.4292 531.155
vn 0.944472 -0.325783 0.0428702
v 105.999 -69.7194 530.037
vn 0.933952 -0.347884 0.0819202
v 105.437 -65.5424 532.351
vn 0.849469 -0.525028 -0.0524265
v 105.567 -66.7352 531.733
vn 0.978721 -0.184966 0.0888394
v 105.458 -65.2703 533.264
vn 0.961829 -0.272632 -0.0236143
v 105.776 -66.4576 532.061
vn 0.896994 0.392027 0.204246
v 105.552 -67.3442 532.018
vn 0.906053 0.380518 0.185136
v 106.11 -67.9824 532.057
vn 0.939582 -0.318307 0.125964
v 105.393 -71.2316 531.609
vn 0.592226 -0.805152 -0.0315904
v 104.12 -73.7249 531.126
vn 0.897093 -0.41623 0.148248
v 104.887 -72.418 532.135
vn 0.931553 -0.363077 -0.0196066
v 105.642 -67.1397 535.046
vn 0.950016 0.264158 0.166401
v 105.094 -68.3233 535.568
vn 0.844728 0.479333 0.238064
v 105.219 -68.6322 535.573
vn 0.908767 -0.417003 -0.0158329
v 105.21 -68.0395 535.888
vn 0.704984 0.631 0.323784
v 105.774 -68.9516 535.016
vn 0.905265 -0.398526 0.147214
v 104.827 -71.8216 534.555
vn 0.485643 -0.846404 -0.218522
v 105.01 -71.9241 535.475
vn 0.977139 0.193536 0.0879917
v 105.095 -64.7621 537.16
vn 0.922529 0.38038 0.0652049
v 105.366 -66.3007 537.753
vn 0.823764 0.561171 0.0806175
v 105.7 -66.5785 536.271
vn 0.97825 0.0803145 0.19125
v 105.571 -70.2122 537.378
vn 0.437805 -0.871604 -0.220529
v 103.496 -73.3061 538.009
vn 0.994126 0.0920742 0.0568925
v 105.047 -65.414 538.949
vn 0.888503 -0.456276 -0.0487318
v 104.888 -69.0098 538.849
vn 0.95826 0.197537 0.206682
v 104.938 -69.6231 539.14
vn 0.988056 -0.131294 0.0806662
v 104.972 -70.5539 540.026
vn 0.974282 0.0457366 0.220642
v 105.156 -70.5391 539.139
vn 0.562319 -0.820104 -0.105955
v 103.391 -73.6079 538.897
vn 0.951406 0.286972 0.111687
v 104.898 -65.512 542.55
vn 0.915208 -0.399061 0.056072
v 104.401 -72.0726 541.744
vn 0.872928 -0.482931 -0.0690957
v 104.432 -72.0927 542.349
vn 0.942267 0.263589 0.206525
v 104.764 -71.5137 542.395
vn 0.834947 0.540214 0.105037
v 104.105 -64.2431 544.313
vn 0.871545 -0.49024 0.00855229
v 103.827 -73.3356 544.974
vn 0.96231 0.256787 0.0895565
v 104.283 -66.5167 547.291
vn 0.775206 0.630907 0.0318224
v 104.599 -67.0339 546.706
vn 0.614618 0.788818 0.00322825
v 104.523 -66.8915 547.606
vn 0.550729 0.832338 -0.0625301
v 105.085 -67.1858 547.847
vn 0.987112 -0.158881 0.0191559
v 105.248 -67.7559 546.45
vn 0.919441 0.305658 0.24739
v 103.745 -72.182 546.803
vn 0.90437 0.400532 0.147275
v 104.085 -65.046 548.814
vn 0.987624 0.0390956 0.151888
v 104.304 -65.6525 548.519
vn 0.906415 0.414933 0.0790101
v 104.347 -66.8755 549.097
vn 0.972023 0.22295 0.0739258
v 104.097 -66.2091 549.39
vn 0.445005 0.892887 0.068722
v 104.73 -67.0027 548.528
vn 0.460377 0.879293 0.122053
v 105.01 -67.2291 549.454
vn 0.924732 0.337379 0.176198
v 103.677 -65.4414 551.177
vn 0.998407 0.00897493 0.0557011
v 104.162 -66.6077 550.593
vn 0.975995 0.199369 0.0876656
v 104.229 -67.0601 550.589
vn 0.59636 0.789324 0.146025
v 104.29 -67.583 552.768
vn 0.670799 0.718918 0.182169
v 104.585 -67.7631 552.717
vn 0.9717 -0.235833 0.0134923
v 104.533 -70.5482 550.837
vn 0.754783 -0.652578 0.0666675
v 102.73 -74.6357 550.566
vn 0.978771 -0.0549975 0.19744
v 102.966 -73.1848 551.829
vn 0.97738 -0.0987299 0.187033
v 102.876 -73.7889 552.107
vn 0.667329 -0.736754 -0.108931
v 103.624 -72.6095 551.303
vn 0.780927 0.591156 0.20171
v 102.964 -64.5692 552.938
vn 0.694821 0.706908 0.132303
v 102.883 -65.128 554.123
vn 0.607212 0.786047 0.115858
v 103.331 -65.5397 554.759
vn 0.994555 0.0426209 0.0951011
v 103.885 -67.2623 552.963
vn 0.804873 0.591398 0.0492755
v 103.751 -65.8748 553.284
vn 0.766875 0.634918 0.0937132
v 103.635 -65.7971 554.782
vn 0.979732 0.194918 0.0461797
v 104.076 -66.3824 553.303
vn 0.655356 0.745893 0.118966
v 104.06 -67.7619 555.078
vn 0.810812 0.562501 0.161793
v 104.778 -68.2232 553.026
vn 0.72726 0.672794 0.135799
v 103.179 -65.8297 556.848
vn 0.982249 -0.182018 0.0453436
v 103.729 -67.324 555.358
vn 0.731831 -0.680337 0.0395582
v 101.855 -74.43 555.612
vn 0.560237 -0.810428 -0.171291
v 103.342 -73.4422 555.477
vn 0.713635 -0.690587 -0.11754
v 103.486 -73.6638 556.691
vn 0.879291 -0.474135 -0.0452095
v 103.783 -73.0736 556.432
vn 0.914799 0.382455 0.129891
v 103.789 -67.0993 557.781
vn 0.848833 -0.525889 0.0540695
v 103.611 -67.3881 557.757
vn 0.780167 -0.625499 0.00947579
v 103.029 -74.3155 559.345
vn 0.986181 0.152455 0.0648501
v 103.515 -68.0637 560.445
vn 0.743675 0.660885 0.100891
v 103.981 -68.3952 560.482
vn 0.419777 -0.89388 -0.157371
v 102.222 -74.9678 559.855
vn 0.772622 -0.63364 -0.0394394
v 103.484 -73.5251 562.121
vn 0.342386 -0.926868 -0.153907
v 101.212 -75.3926 560.652
vn 0.846357 -0.526541 0.0802153
v 103.106 -67.2429 564.042
vn 0.919666 0.38054 0.0969774
v 102.945 -66.9677 565.239
vn 0.971876 0.223446 0.0743615
v 103.161 -67.8837 565.238
vn 0.970246 0.229419 0.0773888
v 103.019 -67.6018 566.174
vn 0.662924 -0.747887 0.0346057
v 101.911 -75.0526 566.267
vn 0.808423 -0.548139 0.214468
v 101.411 -75.626 566.393
vn 0.579477 -0.810829 -0.0822324
v 102.674 -74.8534 568.041
vn 0.827836 -0.494472 0.264925
v 101.012 -75.6265 567.259
vn 0.775182 -0.616599 0.137475
v 100.975 -75.9246 567.249
vn 0.676688 -0.736251 -0.00519561
v 100.752 -75.7744 568.437
vn 0.0123449 -0.957195 -0.289182
v 101.017 -75.862 568.762
vn 0.256693 -0.947727 -0.189531
v 101.282 -75.9638 569.086
vn 0.830064 0.556575 0.0348953
v 102.604 -67.7441 571.82
vn 0.626276 -0.777209 -0.0610361
v 100.651 -76.0247 569.326
vn 0.0478801 -0.957764 -0.283541
v 100.571 -76.2815 569.99
vn 0.612564 0.786208 0.0815035
v 101.003 -66.047 572.611
vn 0.603647 0.795499 0.0528301
v 101.262 -66.2355 572.933
vn 0.399863 0.912081 0.0906524
v 100.74 -66.1762 575.296
vn 0.619982 -0.783353 -0.0445054
v 101.999 -75.939 574.281
vn 0.506491 -0.861623 -0.0327524
v 100.631 -77.1092 578.342
vn 0.436851 0.89623 0.0770205
v 100.872 -66.8365 579.815
vn 0.530952 0.843778 0.0782871
v 101.603 -67.2447 581.383
vn 0.581341 -0.81309 -0.0304387
v 100.821 -76.9204 580.777
vn 0.2322 0.97001 0.071864
v 99.5074 -67.1304 590.831
vn 0.420589 0.902702 0.0907454
v 100.157 -67.4804 593.297
vn 0.0553626 0.995861 0.0720843
v 98.8632 -67.2144 594.385
vn 0.365083 0.922485 0.125441
v 99.1566 -67.5634 597.419
vn 0.290522 0.951866 0.0977098
v 99.824 -67.8155 596.573
vn -0.00154762 0.996158 0.0875618
v 98.4462 -67.5427 598.557
vn 0.214654 0.972091 0.0946706
v 99.7981 -68.0349 599.882
vn 0.0895092 0.991652 0.0928141
v 99.0524 -68.1242 601.315
vn 0.132305 0.981586 0.137786
v 97.774 -68.3253 605.106
vn 0.499108 0.856504 0.131501
v 99.5789 -68.6241 604.972
vn 0.248633 -0.967354 -0.0490676
v 96.6337 -81.0966 604.995
vn -0.276442 -0.961013 -0.00571726
v 96.9569 -81.4914 614.061
vn 0.46625 -0.882961 -0.0546878
v 97.4456 -81.4378 615.315
vn -0.485697 -0.873912 0.0193983
v 96.79 -81.0701 622.496
vn -0.270452 0.943982 0.189084
v 96.5922 -71.9171 627.819
vn -0.443864 0.868938 0.218932
v 96.293 -72.6168 630.487
vn -0.316355 0.921139 0.226764
v 96.6278 -73.2041 632.917
vn 0.576531 -0.816323 -0.0350494
v 94.2464 -81.5209 633.093
vn -0.915303 0.380426 0.132272
v 94.9145 -76.7889 639.299
vn -0.945618 0.303709 0.116478
v 94.9556 -76.8006 639.605
vn -0.927753 0.34844 0.133656
v 94.9827 -76.8114 639.908
vn -0.80398 0.568976 0.172868
v 95.4031 -75.9378 639.97
vn -0.778313 0.613451 -0.133814
v 93.8859 -79.1338 639.446
vn -0.678285 0.677295 -0.284957
v 94.2957 -78.5689 639.8
vn -0.849045 0.528223 0.0100928
v 94.0649 -78.8495 640.073
vn -0.857545 0.313899 0.407534
v 94.5574 -77.5916 638.944
vn -0.681739 0.245979 0.689004
v 94.5213 -77.9599 639.066
vn -0.794687 0.0276858 0.606388
v 94.8247 -77.384 639.277
vn -0.711055 0.495534 0.498845
v 94.4773 -78.4052 639.219
vn -0.678099 0.727678 -0.103284
v 94.438 -78.5779 639.513
vn -0.519911 0.614988 -0.592859
v 94.4021 -78.2839 640.099
vn -0.50316 0.544571 -0.671024
v 94.6054 -77.9975 640.145
vn -0.890036 0.455547 -0.0177019
v 94.5278 -78.0013 640.439
vn -0.335139 -0.0136957 0.942069
v 94.8267 -77.6833 639.225
vn -0.4837 0.236746 0.842607
v 94.8072 -77.9827 639.221
vn -0.826534 0.10361 0.553269
v 95.0818 -77.1095 639.609
vn -0.648703 0.638938 0.413452
v 94.7525 -78.3391 639.548
vn -0.408239 0.722326 -0.558199
v 94.7301 -78.2462 639.85
vn -0.951564 -0.00797001 -0.307348
v 94.893 -77.115 640.194
vn -0.187403 0.73483 0.651848
v 95.0988 -78.0451 639.287
vn -0.795125 -0.482315 -0.367626
v 95.0941 -77.2294 639.909
vn -0.834044 -0.274503 -0.478559
v 95.0661 -77.423 640.069
vn -0.169255 0.222749 -0.960071
v 95.0439 -77.7231 640.093
vn -0.0604413 -0.228322 0.971708
v 95.4408 -77.3723 639.336
vn -0.223877 -0.788992 0.572162
v 95.4241 -77.191 639.64
vn -0.214935 -0.83238 -0.51083
v 95.3887 -77.3022 639.936
vn -0.0149566 -0.0594532 0.998119
v 95.7279 -77.741 639.235
vn -0.383151 0.721424 0.576838
v 95.6638 -78.1273 639.641
vn -0.0693197 -0.649823 -0.756918
v 95.6697 -77.4607 640.046
vn -0.279688 0.555587 -0.783006
v 95.8724 -77.7721 639.971
vn -0.877219 0.423764 0.225635
v 93.5895 -79.6881 638.5
vn -0.886713 0.460836 0.0370221
v 93.4664 -79.737 639.391
vn 0.374345 -0.922349 -0.0955905
v 92.811 -82.923 644.076
vn -0.766381 -0.636932 -0.0835299
v 92.7252 -82.9372 644.972
vn 0.00224942 -0.959319 0.282315
v 94.4423 -81.9953 643.447
vn -0.925951 0.328816 0.185729
v 92.8493 -82.5596 645.596
vn -0.889124 0.429776 0.157326
v 93.4251 -82.0238 646.568
vn -0.953863 -0.13203 0.269653
v 93.2975 -82.6344 647.145
vn 0.378301 -0.924853 -0.0391967
v 93.436 -82.7634 647.155
vn 0.409807 -0.90855 -0.0812081
v 93.7464 -82.7452 649.898
vn -0.898358 0.414678 0.144898
v 93.7327 -82.6171 650.503
vn 0.413098 -0.910659 0.00712432
v 93.8435 -82.7697 650.51
vn -0.995733 0.0653121 -0.0651947
v 93.7191 -82.8295 650.497
vn -0.993374 0.0660247 -0.0940671
v 93.6957 -82.7538 650.798
vn -0.930319 0.351278 0.105408
v 94.0471 -82.5187 651.742
vn 0.798873 0.592271 -0.104956
v 93.8869 -82.8147 651.925
vn 0.798873 0.592271 -0.104956
v 93.8796 -82.7879 652.021
vn 0.798873 0.592271 -0.104956
v 93.9026 -82.8186 652.022
vn 0.3407 -0.939981 -0.0189645
v 94.2169 -82.6356 651.755
vn -0.920259 0.376301 0.10734
v 94.1861 -82.2451 652.354
vn -0.952607 0.291891 0.0856661
v 94.1846 -82.2524 652.364
vn -0.108594 -0.00090438 0.994086
v 94.457 -82.5639 652.383
vn -0.955698 0.279754 0.0915402
v 94.1407 -82.4978 652.656
vn 0.859806 0.479063 0.176729
v 118.454 -54.6054 418.702
vn 0.984906 -0.172725 -0.0112533
v 118.51 -57.2869 419.416
vn 0.83166 0.521084 0.191866
v 118.384 -55.5332 421.387
vn 0.956575 0.264137 0.123274
v 118.661 -55.1971 419.612
vn 0.96845 0.212949 0.12945
v 118.568 -55.837 421.096
vn 0.994866 -0.0801166 0.0618296
v 118.557 -56.4463 421.382
vn 0.957263 -0.289202 0.00311444
v 118.144 -58.2221 421.3
vn 0.949061 0.291819 0.118846
v 118.113 -52.8825 423.835
vn 0.774811 0.581147 0.248869
v 118.107 -55.5418 422.264
vn 0.849888 0.475883 0.226333
v 118.429 -55.8638 422.288
vn 0.734886 0.588354 0.337316
v 118.313 -55.8626 422.497
vn 0.910254 0.352121 0.217829
v 118.479 -56.1766 422.586
vn 0.975061 0.189456 0.115599
v 118.431 -56.4919 423.177
vn 0.86766 0.461193 0.185654
v 118.286 -56.1908 423.472
vn 0.867325 0.458822 0.192947
v 117.92 -56.5299 425.539
vn 0.969646 -0.244099 -0.0142502
v 118.076 -55.6477 425.876
vn 0.905794 0.387465 0.171487
v 118.36 -56.8418 424.971
vn 0.988084 -0.088505 0.125922
v 117.788 -59.809 424.845
vn 0.993588 -0.0959015 0.0598746
v 118.165 -58.1119 427.635
vn 0.873276 -0.485621 -0.039502
v 117.409 -61.0399 426.589
vn 0.94222 0.224446 0.248686
v 117.343 -60.744 426.891
vn 0.930995 0.151065 0.332307
v 117.304 -61.0599 427.482
vn 0.932677 -0.3008 0.199078
v 117.145 -61.3904 427.761
vn 0.986635 -0.155679 0.0481157
v 117.627 -57.2735 430.919
vn 0.972934 0.137533 0.185702
v 117.777 -58.7952 431.199
vn 0.835834 0.488308 0.25087
v 117.328 -58.4918 432.068
vn 0.926585 -0.376086 4.18317e-005
v 117.536 -60.2998 431.743
vn 0.772829 -0.619498 -0.137685
v 117.151 -57.3588 434.791
vn 0.975942 0.0388798 0.214533
v 116.661 -61.6327 437.958
vn 0.941246 -0.328152 0.0798218
v 116.473 -62.5218 437.919
vn 0.970874 0.0816816 0.225238
v 116.255 -60.139 439.161
vn 0.966026 0.128558 0.224204
v 116.282 -61.3339 438.833
vn 0.977144 -0.0291643 0.210567
v 116.024 -62.5729 440.588
vn 0.886886 0.416146 0.200639
v 116.035 -56.6351 443.142
vn 0.983567 -0.0219156 0.179208
v 115.836 -62.2868 441.481
vn 0.968037 -0.250297 0.0160033
v 116.015 -57.5893 444.926
vn 0.752755 0.584523 0.302808
v 115.769 -57.2274 445.212
vn 0.680583 -0.710675 -0.178177
v 115.637 -61.4711 444.797
vn 0.925551 -0.377053 -0.0344331
v 115.653 -58.8394 447.273
vn 0.917168 -0.398468 -0.00519931
v 115.235 -63.0999 449.845
vn 0.9869 0.0335025 0.157816
v 115.071 -60.4383 451.701
vn 0.767309 0.51602 0.380737
v 114.786 -62.2358 452.078
vn 0.996034 -0.02002 0.0866887
v 114.905 -59.8712 453.206
vn 0.890669 0.311798 0.330895
v 114.891 -62.8665 452.832
vn 0.941871 -0.335214 -0.0225911
v 114.738 -61.9728 453.442
vn 0.899248 -0.432339 0.0666044
v 114.626 -62.3109 454.93
vn 0.96438 -0.222131 0.14363
v 114.697 -63.7822 453.696
vn 0.9144 -0.404796 -0.00357384
v 114.005 -64.8088 459.333
vn 0.958762 0.0291213 0.282713
v 113.765 -64.8441 461.028
vn 0.985479 -0.16311 0.0471747
v 109.925 -66.3895 500.807
vn 0.992963 -0.00674502 0.118233
v 109.536 -67.3822 504.665
vn 0.989693 0.113672 0.0871018
v 105.12 -67.8734 550.655
vn 0.731346 0.672233 0.115046
v 104.314 -68.2712 558.406
vn 0.925911 0.368677 0.0822569
v 104.448 -69.3369 560.806
vn 0.965883 -0.258819 -0.00910944
v 104.614 -71.196 562.285
vn 0.84343 0.535429 0.0440621
v 103.852 -68.4281 563.182
vn 0.915605 0.401681 0.0178993
v 103.908 -68.5164 564.692
vn 0.919116 0.386618 0.0758444
v 104.106 -69.3951 563.485
vn 0.791133 0.602047 0.107924
v 104.253 -69.7535 564.395
vn 0.695046 0.71864 0.0216284
v 103.696 -68.2037 564.981
vn 0.918983 0.387207 0.0744327
v 103.94 -70.1561 569.179
vn 0.801501 0.581836 0.138071
v 104.33 -70.7921 569.503
vn 0.989371 -0.144448 -0.0167077
v 104.771 -71.3774 568.024
vn 0.885205 0.451446 0.112288
v 104.662 -71.0967 568.924
vn 0.805611 -0.58973 -0.0566482
v 103.37 -74.3436 569.627
vn 0.835021 -0.549294 -0.0318764
v 103.948 -73.7203 571.205
vn 0.970166 0.24244 0.000327111
v 103.994 -69.7026 574.018
vn 0.923637 0.378015 0.0632416
v 104.173 -71.1632 572.192
vn 0.999505 0.0151225 0.0275739
v 104.482 -72.406 572.87
vn 0.720643 -0.691056 -0.0558119
v 103.517 -74.5423 575.968
vn 0.979199 -0.201528 -0.0235849
v 104.405 -72.8252 576.998
vn 0.76704 0.640181 0.0426416
v 103.066 -68.6577 580.887
vn 0.967796 0.250926 -0.0201622
v 104.029 -70.9305 584.845
vn 0.945113 0.326716 -0.00428666
v 103.981 -70.3442 585.458
vn 0.683231 0.72774 0.0599253
v 103.176 -69.4698 588.717
vn 0.729851 0.678485 0.0835154
v 101.678 -68.1688 589.508
vn 0.801543 0.590306 0.0952205
v 101.653 -68.6203 593.113
vn 0.462413 0.881795 0.0928018
v 100.902 -68.0965 594.56
vn 0.666583 0.741301 0.0783628
v 101.382 -68.3288 593.998
vn 0.336656 0.9341 0.118827
v 102.776 -69.7879 595.906
vn 0.477262 0.874879 0.082504
v 100.677 -68.0831 596.95
vn 0.810733 0.57206 0.124332
v 101.377 -68.719 597.003
vn 0.418524 0.905418 0.0711131
v 101.548 -69.3404 597.306
vn 0.525078 0.847718 0.0752832
v 102.164 -69.5636 596.154
vn 0.232543 0.972463 -0.0154655
v 102.025 -69.5196 597.649
vn 0.432812 0.90139 0.0130533
v 102.368 -69.7263 597.074
vn 0.186017 0.981843 -0.0371771
v 102.296 -69.5154 597.977
vn 0.940385 0.327776 -0.0907734
v 102.556 -70.0286 598.065
vn 0.607615 -0.791636 -0.0641579
v 102.541 -76.601 596.626
vn 0.820447 0.547773 0.163744
v 100.674 -68.7802 600.551
vn 0.261512 0.964025 0.0476072
v 102.361 -69.6464 600.392
vn 0.733669 0.668914 0.119512
v 100.628 -69.354 602.945
vn 0.352623 0.932918 0.0729446
v 101.285 -69.3326 602.406
vn 0.594699 -0.802764 -0.0436385
v 100.539 -78.5788 600.607
vn 0.560818 0.822442 0.0952464
v 100.388 -70.0877 611.346
vn 0.556351 -0.830496 -0.0273865
v 99.3039 -80.4531 615.517
vn 0.401313 -0.911842 -0.08655
v 99.9653 -79.9109 615.292
vn 0.182296 0.980619 0.0717893
v 100.321 -70.7649 617.956
vn 0.226762 0.968727 0.100736
v 99.7017 -70.9025 621.209
vn 0.334471 -0.941799 0.0338149
v 97.8007 -81.5193 621.075
vn 0.565413 -0.824794 -0.00475567
v 98.1769 -81.1997 620.516
vn 0.362168 -0.929311 -0.072212
v 98.4279 -81.0683 621.146
vn -0.350682 -0.936245 -0.0216183
v 97.3412 -81.3693 622.843
vn 0.336474 -0.941532 -0.0174077
v 97.9995 -81.2804 622.004
vn -0.454429 -0.890726 0.0100438
v 97.5213 -81.4643 624.064
vn 0.176971 -0.983056 -0.0477796
v 97.8112 -81.6103 624.089
vn -0.0781291 0.985179 0.152703
v 98.1528 -71.0954 624.673
vn -0.256246 -0.966424 0.0190693
v 97.6492 -81.4892 625.885
vn 0.517879 -0.855338 -0.0141095
v 97.9481 -81.495 625.914
vn 0.0670617 0.986867 0.146958
v 99.2655 -71.7892 628.381
vn -0.0190531 0.988138 0.152384
v 98.7619 -72.3437 633.309
vn 0.303912 -0.952698 -0.00188908
v 98.2432 -81.6284 632.27
vn -0.458607 0.872299 0.169626
v 97.8145 -73.1801 636.348
vn -0.659385 0.725658 0.196549
v 96.8681 -74.5235 639.843
vn -0.451537 -0.689132 0.566755
v 96.0444 -77.474 639.693
vn -0.596978 0.626323 0.501336
v 96.0719 -77.7764 639.689
vn 0.188825 -0.981121 -0.041794
v 96.5924 -81.269 643.575
vn 0.336118 -0.939723 -0.0628092
v 96.4582 -81.6682 651.09
vn -0.108594 -0.00090438 0.994086
v 94.4642 -82.5621 652.384
vn -0.666421 -0.648368 -0.368107
v 94.4605 -82.5653 652.421
vn -0.35965 -0.926415 0.111391
v 94.5984 -82.4889 654.207
vn -0.878575 -0.458084 0.135146
v 94.5743 -82.3359 654.569
vn 0.251457 -0.958833 -0.131941
v 94.8671 -82.525 654.534
vn -0.834282 0.53032 0.150781
v 94.9417 -82.4319 656.999
vn 0.235406 -0.970851 -0.0450781
v 95.5289 -82.9329 660.014
vn 0.996409 -0.0758567 -0.0376212
v 104.602 -72.0447 580.653
vn 0.959388 -0.28209 -0.000551214
v 104.346 -73.9028 582.996
vn 0.924154 -0.380588 -0.0330558
v 104.295 -73.6529 584.806
vn 0.8622 0.505594 0.0314044
v 104.029 -70.4374 588.475
vn 0.950137 0.311762 0.00662547
v 104.721 -72.5691 587.888
vn 0.843169 -0.537647 0.00116298
v 103.797 -75.2034 587.435
vn 0.958974 -0.278873 0.0509877
v 103.975 -74.6052 587.165
vn 0.604291 -0.788513 -0.114367
v 104.068 -74.3199 587.482
vn 0.96088 0.276389 -0.0178741
v 104.577 -72.0215 589.997
vn 0.99788 0.0633035 -0.0150784
v 104.938 -73.5481 589.996
vn 0.541901 -0.830698 -0.127606
v 104.238 -74.5135 589.905
vn 0.776228 -0.62256 -0.0994454
v 104.687 -74.1145 589.355
vn 0.845921 0.531047 0.0490581
v 103.866 -70.776 593.274
vn 0.506253 -0.853443 -0.123865
v 103.746 -75.5831 594.355
vn 0.601709 0.793612 0.0901426
v 103.418 -70.2454 598.369
vn 0.906437 0.420585 0.0384633
v 104.188 -71.5925 596.602
vn 0.794645 0.597915 0.105059
v 104.633 -72.5687 598.129
vn 0.911196 0.408926 0.0500028
v 104.927 -72.8887 598.15
vn 0.742117 0.669747 0.0264825
v 102.749 -69.8017 600.124
vn 0.785119 0.617403 0.0490149
v 104.025 -71.0886 600.216
vn 0.881058 0.468143 0.0676664
v 104.496 -72.5866 599.02
vn 0.850386 -0.525863 -0.0176671
v 104.776 -75.0274 599.592
vn 0.845403 -0.532896 -0.0362785
v 104.433 -75.6237 600.148
vn 0.871332 0.490661 0.00574621
v 103.035 -70.491 602.245
vn 0.506146 0.854079 0.119856
v 103.395 -70.8738 601.367
vn 0.612825 -0.783436 -0.103316
v 103.968 -76.425 600.988
vn 0.462751 -0.880939 -0.0990359
v 102.953 -77.0819 601.779
vn 0.711026 0.697677 0.0876826
v 102.846 -70.5352 604.336
vn 0.651379 0.75431 0.0819843
v 103.302 -71.2476 605.268
vn 0.572606 0.813303 0.10325
v 103.974 -71.6886 607.432
vn 0.793918 0.60753 0.0245175
v 103.117 -71.2892 608.867
vn 0.405729 0.903503 0.138084
v 103.288 -71.6011 608.876
vn 0.566302 -0.818955 -0.0928191
v 103.011 -78.1153 609.9
vn 0.290257 0.954228 0.0721126
v 101.733 -70.6874 612.667
vn 0.25558 -0.953745 -0.158268
v 101.418 -78.7505 610.335
vn 0.304517 -0.942295 -0.139102
v 102.019 -78.706 610.394
vn 0.612023 -0.79084 -0.000173424
v 102.737 -78.6026 612.877
vn 0.235647 0.970756 0.0458563
v 100.923 -70.7156 618.015
vn 0.619376 -0.784735 0.023779
v 101.692 -79.0047 618.495
vn 0.542076 -0.839163 -0.0442633
v 102.038 -78.742 619.74
vn 0.626595 -0.779341 -0.00249817
v 101.578 -79.0335 621.196
vn 0.665524 -0.746168 0.017615
v 101.486 -79.153 622.089
vn -0.124454 -0.974256 -0.187982
v 101.875 -79.0767 621.224
vn 0.061296 0.992425 0.106464
v 100.275 -71.1147 624.575
vn 0.467936 0.878878 0.0927921
v 101.948 -71.44 622.618
vn 0.203582 -0.97342 -0.104919
v 101.576 -79.3299 624.204
vn 0.647688 -0.761644 0.0199639
v 100.85 -79.6937 623.221
vn 0.231867 0.959616 0.159293
v 100.971 -71.8732 629.448
vn 0.703353 -0.710487 0.0224117
v 99.6927 -80.3888 628.821
vn 0.378277 -0.921172 -0.0913679
v 100.34 -79.7459 627.391
vn 0.161157 -0.970466 -0.179511
v 100.152 -80.1262 629.117
vn -0.0205301 -0.987743 -0.154735
v 100.671 -79.7025 627.123
vn 0.0935081 -0.982611 -0.160414
v 100.925 -79.8275 627.54
vn 0.518127 0.839291 0.164729
v 101.785 -72.3021 630.119
vn 0.426437 -0.902384 -0.0620766
v 100.258 -80.4072 630.985
vn 0.10738 0.986027 0.12736
v 99.6971 -72.4459 632.929
vn 0.363389 0.913235 0.184256
v 101.049 -72.9427 634.253
vn 0.493771 -0.866859 -0.068897
v 98.7756 -81.3339 633.232
vn 0.196145 0.973963 0.113677
v 99.8472 -72.5666 634.448
vn 0.158116 -0.987405 -0.00557107
v 98.5104 -81.5006 635.916
vn 0.222319 0.952367 0.20874
v 99.8612 -73.0477 637.151
vn -0.128108 0.960453 0.247222
v 98.5391 -73.9361 640.922
vn 0.360168 0.902738 0.235251
v 100.522 -74.3579 642.007
vn -0.294773 -0.955454 0.014738
v 97.9261 -81.3455 642.194
vn -0.35651 -0.934142 0.0167093
v 98.4824 -81.5652 642.544
vn -0.357591 -0.933508 0.0262994
v 98.7431 -81.6518 642.919
vn -0.466281 0.849247 0.24771
v 98.4024 -75.0066 644.803
vn 0.0133597 0.956603 0.291089
v 99.3569 -75.0051 644.292
vn 0.0221139 0.961544 0.273759
v 99.9921 -74.874 644.054
vn 0.55634 -0.830742 -0.0188191
v 99.1606 -81.7159 648.032
vn -0.307507 -0.951494 0.00988254
v 98.6238 -81.4466 650.7
vn -0.0742821 -0.996948 -0.0240075
v 99.2082 -81.6686 650.751
vn -0.02769 -0.999278 -0.026005
v 97.978 -81.2996 651.245
vn 0.259359 -0.961301 -0.092921
v 98.2879 -81.6458 657.296
vn -0.594155 0.768706 0.236792
v 96.6575 -82.5051 665.861
vn -0.738628 -0.512825 0.437537
v 96.8015 -82.7046 665.87
vn -0.180398 -0.964538 0.192675
v 97.0473 -82.6546 666.498
vn -0.788254 -0.556672 0.262244
v 97.0212 -82.5575 666.843
vn -0.489537 0.844769 0.216143
v 97.3274 -82.2807 666.992
vn -0.249901 -0.963427 0.0967368
v 97.5766 -82.4091 667.459
vn -0.781801 0.598367 0.175343
v 96.2552 -82.7611 665.221
vn -0.00786917 -0.996229 0.0864105
v 96.6508 -82.7872 665.251
vn -0.890669 -0.219021 0.398419
v 97.6925 -82.3273 667.774
vn 0.900108 0.418991 0.11938
v 105.154 -73.8557 599.832
vn 0.945962 -0.321603 -0.0415636
v 104.965 -74.7124 598.713
vn 0.959281 -0.282284 0.00974706
v 104.975 -74.7581 600.221
vn 0.955468 0.275858 0.104805
v 104.777 -73.5878 601.737
vn 0.949165 0.313694 0.0261132
v 104.459 -72.1991 606.261
vn 0.815363 -0.578938 -0.0036462
v 104.248 -77.1179 610.294
vn 0.924448 -0.380862 0.0184674
v 104.636 -75.6786 611.622
vn 0.686231 -0.727201 -0.0163174
v 103.481 -77.9098 611.458
vn 0.907266 0.417172 0.0532521
v 104.212 -73.0446 614.96
vn 0.99323 -0.115944 0.00716433
v 104.776 -75.1408 613.457
vn 0.812397 -0.579036 0.0687693
v 103.516 -77.7528 612.972
vn 0.809126 -0.587506 -0.0123497
v 103.963 -76.917 614.241
vn 0.794752 0.600227 0.0899814
v 104.19 -73.3707 615.854
vn 0.936442 0.350542 0.0140053
v 104.162 -73.1223 617.667
vn 0.803917 0.590283 0.0726866
v 104.575 -73.7606 615.581
vn 0.822531 0.567483 0.0374917
v 104.488 -73.7865 616.476
vn 0.992109 -0.124247 -0.0168121
v 104.812 -74.6682 617.692
vn 0.670095 -0.742251 0.00606796
v 103.052 -77.9825 615.937
vn 0.86361 -0.50406 -0.0101026
v 104.202 -77.0498 618.18
vn 0.682544 0.728711 0.0558018
v 103.756 -72.585 621.861
vn 0.958663 0.278172 0.0598848
v 104.884 -74.8079 622.218
vn 0.80419 0.589603 0.0751477
v 103.804 -73.0139 624.87
vn 0.852451 -0.513366 -0.0989077
v 104.638 -76.0154 622.894
vn 0.548743 -0.834798 -0.0446542
v 102.685 -78.6828 622.517
vn 0.852149 -0.520756 -0.0515265
v 103.914 -77.1747 622.973
vn 0.995014 0.0996833 0.00318831
v 104.469 -74.5968 626.102
vn 0.740751 -0.670569 -0.0403101
v 104.162 -77.4556 626.909
vn 0.566651 0.812049 0.139582
v 102.532 -72.6406 628.374
vn 0.910495 0.403427 0.0908037
v 104.385 -74.3447 627.909
vn 0.963455 -0.255109 -0.0816898
v 104.449 -75.2505 627.894
vn 0.997435 -0.0652919 0.0293266
v 104.3 -76.1782 629.063
vn 0.85582 -0.516068 0.0353046
v 103.764 -78.0267 631.681
vn 0.508378 0.8338 0.215242
v 101.963 -73.471 634.027
vn 0.688832 0.702758 0.177883
v 102.849 -73.7581 633.804
vn 0.396506 0.880827 0.258704
v 102.43 -73.8602 634.968
vn 0.698427 0.689776 0.190812
v 101.369 -74.4599 639.373
vn 0.770776 0.594778 0.22835
v 103.075 -75.8197 639.807
vn 0.759008 -0.649109 0.0506416
v 101.822 -79.4774 643.82
vn 0.134353 0.951734 0.275955
v 100.356 -75.4495 646.186
vn 0.443042 0.863864 0.239693
v 100.681 -75.4856 645.915
vn 0.354235 0.891227 0.283253
v 102.268 -76.7391 644.229
vn 0.95229 0.243554 0.183919
v 102.274 -78.1041 647.514
vn -0.0356499 0.955473 0.292917
v 99.8417 -76.8604 650.625
vn 0.298679 0.905587 0.301171
v 100.505 -76.7362 650.089
vn 0.73817 0.632843 0.233698
v 101.115 -77.0025 649.84
vn 0.833408 0.505016 0.224479
v 101.752 -78.4689 650.771
vn 0.861027 -0.507247 0.0365167
v 102.027 -79.0342 648.975
vn 0.50754 -0.858428 -0.0741908
v 99.5439 -81.541 650.485
vn -0.0900813 -0.994505 -0.0533382
v 99.4475 -81.7213 651.376
vn 0.0711922 -0.996482 -0.0442174
v 99.5231 -81.7246 653.765
vn -0.201702 -0.979426 0.00632244
v 99.465 -81.7044 654.393
vn 0.524776 -0.846178 -0.0927008
v 99.8575 -81.5732 653.529
vn 0.336039 -0.941316 -0.0316546
v 99.7673 -81.7577 654.352
vn 0.220309 -0.975162 0.0228611
v 99.6513 -81.7012 655.617
vn 0.75551 -0.654526 0.0282807
v 100.045 -81.5047 655.358
vn 0.730508 0.62966 0.264361
v 100.196 -80.12 659.023
vn 0.520826 0.804092 0.286665
v 99.4998 -80.336 661.363
vn 0.316903 -0.947186 -0.0490988
v 99.7086 -81.7586 661.349
vn 0.995457 -0.0362621 0.0880369
v 100.089 -81.3961 661.696
vn 0.317378 -0.947963 -0.0252243
v 99.9427 -81.7048 662.277
vn 0.0183573 0.958584 0.284219
v 98.7117 -80.6475 663.088
vn 0.636638 0.726478 0.258693
v 99.7637 -81.4464 664.075
vn 0.506938 0.812196 0.288706
v 99.4165 -81.4503 664.946
vn 0.141474 -0.988801 0.0475132
v 97.8712 -82.4828 667.486
vn 0.301367 -0.952879 -0.0346386
v 99.1565 -82.0701 666.112
vn 0.453591 0.844154 0.28576
v 99.0309 -81.7702 666.408
vn 0.647151 0.701461 0.298577
v 99.4892 -81.7737 665.548
vn -0.895904 -0.192764 0.400246
v 97.8265 -82.2959 668.089
vn -0.903681 -0.153722 0.399663
v 97.9772 -82.3642 668.403
vn 0.211034 -0.970623 0.115566
v 98.1147 -82.47 668.112
vn -0.226328 0.941265 0.250589
v 98.4578 -82.0806 667.952
vn 0.228979 -0.973032 -0.0278667
v 98.473 -82.3792 667.848
vn 0.431364 0.481701 0.762816
v 98.4553 -82.387 668.147
vn 0.22928 0.934258 0.273116
v 98.7675 -82.063 667.883
vn 0.935163 -0.35164 -0.0426522
v 104.782 -76.0733 624.525
vn 0.985584 -0.148308 0.0814224
v 104.544 -76.7684 628.168
vn 0.995704 -0.0911899 -0.016041
v 104.539 -75.2925 629.107
vn 0.985653 -0.13149 0.105824
v 104.212 -77.1099 630.238
vn 0.972635 -0.231416 0.0206698
v 104.272 -76.5308 630.861
vn 0.997306 -0.00396989 0.0732484
v 104.428 -75.9761 632.095
vn 0.885667 0.428325 0.179253
v 103.993 -75.7187 634.471
vn 0.965701 0.202483 0.16255
v 103.875 -76.7011 636.848
vn 0.930627 -0.358715 0.0725058
v 103.893 -77.5692 636.226
vn 0.953165 0.268023 0.140145
v 103.532 -76.0965 638.035
vn 0.960262 -0.245389 0.132973
v 103.319 -77.9485 640.081
vn 0.975507 0.137818 0.171441
v 103.203 -77.3938 641.892
vn 0.89589 -0.433532 0.0971159
v 102.986 -77.9605 642.159
vn -0.833992 0.547862 0.0656031
v 86.8002 -61.5953 490.253
vn -0.970185 0.144762 -0.194385
v 86.7816 -62.4683 489.315
vn -0.987149 0.038485 -0.155102
v 86.0511 -64.3364 492.528
vn -0.977643 0.130298 -0.165033
v 86.2902 -64.9482 492.838
vn -0.864584 0.490748 0.107986
v 85.8556 -66.4669 494.267
vn -0.993458 -0.00822313 -0.113898
v 85.6161 -66.1972 495.815
vn -0.990576 0.128606 -0.0471068
v 85.324 -64.9254 504.201
vn -0.741862 -0.442156 -0.504123
v 89.2445 -61.7383 479.766
vn -0.973278 0.069463 -0.218872
v 88.8638 -70.4963 481.799
vn -0.585977 -0.758081 -0.286261
v 88.8638 -70.4963 481.799
vn -0.863506 -0.384798 -0.326019
v 89.7327 -57.1563 486.42
vn -0.987289 0.150988 -0.0496275
v 87.5126 -67.5092 485.358
vn -0.368688 -0.898164 -0.239521
v 88.1401 -71.1482 485.03
vn -0.895665 -0.327186 -0.30122
v 89.7376 -58.0942 487.605
vn -0.910941 -0.325073 -0.253997
v 88.8486 -58.1341 490.834
vn -0.0668005 -0.983868 -0.165958
v 87.2238 -72.0903 490.648
vn -0.70268 -0.663535 -0.256832
v 87.6782 -71.8751 489.189
vn -0.943075 0.325139 -0.0699602
v 87.479 -60.5142 492.888
vn -0.931367 -0.138477 -0.336718
v 87.5989 -58.5226 496.433
vn -0.121673 0.93375 0.336611
v 87.8457 -58.1273 497.069
vn -0.0904808 0.917657 0.386936
v 87.7168 -58.5802 498.113
vn -0.615372 0.786579 0.051094
v 88.41 -58.2208 497.422
vn -0.925759 -0.260621 -0.273945
v 86.6373 -62.3835 496.851
vn -0.03056 -0.99197 -0.122726
v 86.6282 -73.0027 496.297
vn -0.724295 0.686211 0.0671668
v 86.9745 -60.3652 499.042
vn -0.251576 -0.96005 -0.12253
v 86.4225 -73.1226 498.384
vn -0.938437 0.323569 -0.120991
v 86.2405 -61.5815 501.053
vn -0.75015 -0.649317 -0.125148
v 85.9879 -73.7267 502.549
vn -0.381351 -0.751982 -0.537675
v 85.7427 -74.0227 504.93
vn -0.172811 -0.980169 -0.0969829
v 85.7427 -74.0227 504.93
vn 0.0838876 -0.987225 -0.135457
v 86.0719 -73.9972 504.661
vn 0.13431 -0.983341 -0.122483
v 85.2542 -75.544 515.398
vn -0.399814 -0.915829 -0.0374967
v 85.2542 -75.544 515.398
vn -0.47524 -0.876242 -0.0796594
v 85.4322 -75.6717 516.618
vn -0.47524 -0.876242 -0.0796594
v 85.0221 -75.5282 517.487
vn -0.886752 0.246145 -0.39126
v 92.9788 -58.1332 471.938
vn -0.225411 -0.935701 -0.271392
v 91.5458 -68.884 472.449
vn -0.0664085 -0.973318 -0.219641
v 90.4883 -69.9043 476.845
vn -0.819931 0.467397 -0.330534
v 91.9049 -55.9373 481.256
vn -0.792397 -0.187381 -0.580513
v 92.4047 -55.9518 480.677
vn -0.83478 0.0721706 -0.545833
v 92.6298 -55.3567 480.411
vn -0.891595 0.384711 -0.238864
v 90.8274 -56.529 483.225
vn -0.858311 -0.337729 -0.386318
v 91.4768 -57.1553 482.669
vn -0.711334 -0.563255 -0.420414
v 91.3713 -57.1662 483.262
vn -0.951941 -0.252027 -0.174044
v 91.3713 -57.1662 483.262
vn -0.814316 -0.445448 -0.372108
v 90.4132 -56.847 484.685
vn -0.77299 0.614437 -0.15797
v 90.3109 -57.7778 485.858
vn -0.558031 0.825421 0.0853339
v 91.0425 -55.7419 490.499
vn -0.971792 0.194396 -0.133527
v 91.0062 -55.8667 490.794
vn -0.381285 0.911896 0.151878
v 90.6101 -56.1655 491.654
vn -0.546374 -0.82874 -0.121102
v 84.7914 -77.8758 534.593
vn -0.0116577 -0.993814 -0.110447
v 84.7914 -77.8758 534.593
vn 0.442801 -0.895008 -0.0537461
v 85.1686 -78.6992 542.787
vn -0.970113 0.23323 0.0669734
v 84.2984 -65.5797 548.427
vn -0.928511 0.370326 0.0269394
v 84.9751 -65.0139 548.18
vn -0.970185 0.232125 0.0697129
v 85.0387 -65.0361 548.789
vn -0.990035 0.138697 0.0243738
v 84.7218 -67.2448 552.927
vn -0.974781 0.177089 0.135799
v 84.1768 -68.4466 554.052
vn -0.98681 0.11988 0.10879
v 84.6179 -69.777 557.379
vn -0.793383 -0.338834 -0.505703
v 94.8073 -61.9097 463.583
vn -0.840593 0.326308 -0.43235
v 94.2663 -56.6622 470.288
vn -0.712612 0.691248 -0.119835
v 92.3746 -54.9961 499.086
vn -0.350288 -0.933416 -0.077671
v 84.7645 -79.3927 552.944
vn 0.571095 -0.818465 -0.062966
v 84.7645 -79.3927 552.944
vn -0.329956 -0.934748 -0.131813
v 84.7645 -79.3927 552.944
vn -0.325575 -0.930881 -0.165714
v 84.1582 -80.3999 561.604
vn -0.999051 -0.0434703 -0.00281126
v 84.1582 -80.3999 561.604
vn 0.709477 -0.700052 -0.0810519
v 84.4712 -80.5143 561.632
vn 0.762052 -0.637812 -0.111684
v 84.3089 -81.101 564.617
vn -0.925674 -0.376072 -0.0412046
v 84.3089 -81.101 564.617
vn -0.979713 0.198572 -0.0270509
v 84.3089 -81.101 564.617
vn 0.15789 -0.973194 -0.167225
v 84.3089 -81.101 564.617
vn 0.999909 0.011351 0.00730981
v 84.3089 -81.101 564.617
vn -0.0346907 -0.952667 -0.302029
v 84.3089 -81.101 564.617
vn -0.979713 0.198572 -0.0270509
v 84.234 -81.1635 566.869
vn -0.90116 -0.433373 -0.00993387
v 84.234 -81.1635 566.869
vn -0.651919 -0.0976025 0.751981
v 84.234 -81.1635 566.869
vn 0.816417 0.388771 -0.426989
v 84.234 -81.1635 566.869
vn -0.756742 -0.503699 -0.416689
v 84.0579 -81.674 565.182
vn -0.756742 -0.503699 -0.416689
v 84.0776 -81.7047 565.183
vn -0.756742 -0.503699 -0.416689
v 84.0512 -81.7044 565.231
vn -0.651919 -0.0976025 0.751981
v 84.1195 -81.7524 566.693
vn -0.0346907 -0.952667 -0.302029
v 84.1195 -81.7524 566.693
vn -0.112686 -0.722011 0.682643
v 84.1195 -81.7524 566.693
vn -0.960506 -0.257194 0.106205
v 84.2976 -81.4637 566.717
vn 0.937788 0.146722 -0.314685
v 84.2976 -81.4637 566.717
vn -0.0346907 -0.952667 -0.302029
v 84.3011 -81.7645 566.711
vn -0.112686 -0.722011 0.682643
v 84.3011 -81.7645 566.711
vn 0.86118 0.208604 -0.463523
v 84.4738 -81.4845 567.035
vn -0.112686 -0.722011 0.682643
v 84.4738 -81.4845 567.035
vn -0.843267 -0.129718 0.521607
v 84.384 -81.2409 569.143
vn -0.716484 -0.662376 -0.218882
v 84.2626 -81.8069 568.213
vn -0.843267 -0.129718 0.521607
v 84.2722 -81.8256 568.817
vn -0.741105 -0.671328 -0.0090153
v 84.2722 -81.8256 568.817
vn 0.401251 -0.843862 0.356224
v 84.2722 -81.8256 568.817
vn -0.931702 -0.34272 -0.120307
v 84.4349 -81.5986 567.632
vn 0.806668 -0.574014 -0.140689
v 84.4349 -81.5986 567.632
vn -0.659814 -0.623795 -0.418958
v 84.4349 -81.5986 567.632
vn 0.861189 -0.48639 -0.147577
v 84.3583 -81.9126 568.22
vn 0.437345 -0.878704 0.191331
v 84.3583 -81.9126 568.22
vn -0.984329 -0.171705 -0.0401804
v 84.4289 -81.5445 569.14
vn 0.353237 -0.783951 0.510534
v 84.4289 -81.5445 569.14
vn -0.7421 -0.610959 -0.27571
v 84.4289 -81.5445 569.14
vn 0.401251 -0.843862 0.356224
v 84.618 -81.6453 568.854
vn -0.7421 -0.610959 -0.27571
v 84.618 -81.6453 568.854
vn -0.7421 -0.610959 -0.27571
v 84.4814 -82.0136 570.038
vn 0.621661 -0.765406 -0.166403
v 84.4814 -82.0136 570.038
vn -0.0361306 -0.984246 0.173071
v 84.4814 -82.0136 570.038
vn -0.050065 -0.996145 0.0720275
v 84.4251 -81.8921 570.718
vn -0.213433 -0.962847 -0.165446
v 84.5255 -81.9054 570.949
vn -0.15607 -0.986384 -0.0518581
v 84.7749 -81.913 570.672
vn -0.870519 -0.491126 0.0314908
v 84.6306 -82.1486 571.557
vn 0.636686 -0.766947 -0.0801483
v 84.6306 -82.1486 571.557
vn 0.139385 -0.987227 0.0771673
v 84.6306 -82.1486 571.557
vn -0.752918 0.620455 -0.219433
v 96.4712 -53.5444 472.986
vn -0.483543 0.875192 -0.0150318
v 96.4712 -53.5444 472.986
vn 0.23851 0.938617 0.24922
v 92.7398 -56.0174 512.362
vn 0.0322375 -0.997155 0.0681348
v 85.0726 -81.9411 573.413
vn -0.991156 0.0583632 0.119182
v 84.9103 -81.8237 575.209
vn -0.0074983 -0.994025 0.108895
v 84.9103 -81.8237 575.209
vn -0.225537 -0.971379 0.0745372
v 84.9806 -81.7701 575.518
vn -0.521518 -0.847859 -0.0956787
v 84.9517 -81.7862 576.118
vn -0.30978 -0.950681 0.0155184
v 85.2082 -81.8445 575.237
vn -0.973674 -0.207596 0.0941465
v 85.0567 -82.0029 576.726
vn 0.222376 -0.974819 0.0166602
v 85.0567 -82.0029 576.726
vn -0.0697436 -0.996852 -0.0377175
v 85.1742 -81.864 578.248
vn -0.0282818 -0.988157 -0.150818
v 85.266 -82.2336 580.359
vn 0.77819 -0.381866 -0.498597
v 85.266 -82.2336 580.359
vn -0.016729 -0.711535 0.702451
v 85.2085 -82.2477 580.956
vn -0.067704 -0.985449 -0.155903
v 85.2085 -82.2477 580.956
vn 0.818829 -0.411207 -0.400535
v 85.46 -82.2555 580.678
vn -0.016729 -0.711535 0.702451
v 85.3036 -82.5456 580.656
vn 0.818829 -0.411207 -0.400535
v 85.3036 -82.5456 580.656
vn -0.844709 -0.505968 -0.174535
v 85.3012 -81.9624 581.273
vn 0.249813 -0.959593 -0.129519
v 85.5457 -82.2688 580.942
vn 0.849537 -0.43556 -0.297616
v 85.5457 -82.2688 580.942
vn -0.067704 -0.985449 -0.155903
v 85.5457 -82.2688 580.942
vn 0.776814 -0.627531 -0.0525843
v 85.5457 -82.2688 580.942
vn -0.067704 -0.985449 -0.155903
v 85.4787 -82.3654 581.582
vn -0.702023 -0.703748 -0.109097
v 85.4787 -82.3654 581.582
vn 0.691965 -0.719162 -0.0631724
v 85.4787 -82.3654 581.582
vn -0.958371 0.279303 0.0592921
v 85.3123 -82.2906 582.17
vn -0.967619 -0.234151 0.0942721
v 85.3123 -82.2906 582.17
vn -0.514578 -0.856658 -0.0367027
v 85.5426 -82.5072 583.996
vn 0.542226 -0.838075 -0.0601678
v 85.5426 -82.5072 583.996
vn -0.948971 0.309791 0.0590292
v 85.4972 -82.0744 584.605
vn -0.77383 -0.620879 0.125288
v 85.7803 -82.3976 584.752
vn 0.666872 -0.744208 0.0378823
v 85.6903 -82.4238 585.821
vn -0.47933 -0.761162 0.436893
v 85.6903 -82.4238 585.821
vn -0.871722 -0.486245 0.0605567
v 86.0421 -81.326 588.595
vn -0.978191 0.181026 0.101838
v 86.0421 -81.326 588.595
vn -0.756583 -0.623858 -0.195915
v 86.0421 -81.326 588.595
vn -0.853839 0.126071 -0.505039
v 109.628 -49.4625 387.827
vn -0.914475 0.335401 -0.226365
v 109.459 -49.4603 388.113
vn -0.980123 -0.140467 0.140103
v 109.459 -49.4603 388.113
vn -0.333803 0.905217 0.262979
v 103.425 -49.9934 449.019
vn -0.426566 0.901345 0.0749523
v 99.4773 -51.5174 468.178
vn 0.283063 -0.958985 0.01491
v 96.9146 -75.3252 500.85
vn 0.372903 0.881358 0.290087
v 94.2938 -57.9394 531.157
vn -0.393266 -0.844677 0.363129
v 86.156 -81.6423 587.694
vn -0.393266 -0.844677 0.363129
v 86.4451 -81.6353 588.023
vn -0.677346 -0.708629 -0.197604
v 86.4451 -81.6353 588.023
vn -0.979331 0.176012 0.0996566
v 86.1202 -81.9863 590.395
vn -0.901966 -0.317388 -0.292782
v 86.1202 -81.9863 590.395
vn -0.901966 -0.317388 -0.292782
v 86.2041 -81.9838 590.134
vn 0.112486 -0.941941 -0.316376
v 86.2041 -81.9838 590.134
vn -0.438593 -0.898458 0.0202358
v 86.2855 -82.0152 591.013
vn 0.45085 -0.761743 0.465277
v 86.2855 -82.0152 591.013
vn -0.380787 -0.924422 0.0211277
v 86.4425 -82.0984 590.725
vn 0.45085 -0.761743 0.465277
v 86.4425 -82.0984 590.725
vn -0.964099 0.0388301 0.26269
v 86.1294 -82.2968 590.704
vn 0.535346 -0.826037 -0.176263
v 86.1294 -82.2968 590.704
vn -0.0668696 -0.87068 -0.487282
v 86.1294 -82.2968 590.704
vn 0.45085 -0.761743 0.465277
v 86.1294 -82.2968 590.704
vn -0.991736 -0.103872 0.0752964
v 86.436 -82.0612 592.233
vn 0.721874 -0.682763 -0.112841
v 86.6265 -82.1325 591.948
vn -0.213641 -0.974028 0.0750064
v 86.4496 -82.2449 593.737
vn -0.085638 -0.919343 0.384025
v 86.5703 -82.1242 594.053
vn -0.568967 -0.821429 0.0391193
v 86.5703 -82.1242 594.053
vn 0.709321 -0.699266 -0.0888268
v 86.7478 -82.2608 593.765
vn -0.539126 -0.841234 0.0408527
v 86.7478 -82.2608 593.765
vn -0.523184 -0.850532 -0.053603
v 86.7205 -82.1701 595.272
vn -0.354994 -0.924111 -0.141417
v 86.9045 -82.2782 595.287
vn -0.973961 0.226303 0.0136577
v 86.5556 -82.8412 597.954
vn -0.86494 -0.376895 -0.331406
v 86.6267 -82.5473 598.032
vn 0.585664 0.651076 0.482802
v 86.6267 -82.5473 598.032
vn 0.893789 0.447739 0.025921
v 86.6267 -82.5473 598.032
vn -0.86494 -0.376895 -0.331406
v 86.7831 -82.8563 597.975
vn 0.893789 0.447739 0.025921
v 86.7831 -82.8563 597.975
vn -0.0927765 -0.995426 -0.0227894
v 86.7831 -82.8563 597.975
vn 0.618605 -0.769405 -0.159194
v 86.7831 -82.8563 597.975
vn 0.585664 0.651076 0.482802
v 86.5954 -82.6901 598.263
vn 0.5876 0.571747 -0.572566
v 86.5954 -82.6901 598.263
vn 0.350521 0.804514 0.479471
v 86.5954 -82.6901 598.263
vn 0.893789 0.447739 0.025921
v 86.7788 -82.865 598.276
vn -0.0634448 -0.99754 -0.0297947
v 86.7788 -82.865 598.276
vn 0.5876 0.571747 -0.572566
v 86.7788 -82.865 598.276
vn -0.969644 0.244465 0.00522764
v 86.557 -82.8486 598.557
vn -0.30955 -0.950821 -0.0108821
v 86.557 -82.8486 598.557
vn -0.86494 -0.376895 -0.331406
v 86.557 -82.8486 598.557
vn -0.0927765 -0.995426 -0.0227894
v 86.557 -82.8486 598.557
vn 0.350521 0.804514 0.479471
v 86.557 -82.8486 598.557
vn -0.950984 0.270674 0.149547
v 86.6196 -82.8725 598.863
vn 0.5876 0.571747 -0.572566
v 86.8753 -82.8739 598.366
vn 0.350521 0.804514 0.479471
v 86.8753 -82.8739 598.366
vn -0.119974 -0.99103 -0.0588798
v 86.8753 -82.8739 598.366
vn 0.652806 -0.745085 -0.13672
v 86.8753 -82.8739 598.366
vn -0.638358 0.447847 -0.626045
v 111.758 -53.7215 384.917
vn -0.49456 -0.311051 -0.811577
v 110.115 -48.2748 387.299
vn -0.584109 0.804838 -0.105132
v 110.818 -47.0924 386.491
vn -0.871999 0.230809 -0.431677
v 110.818 -47.0924 386.491
vn -0.448624 -0.447241 -0.773765
v 110.565 -47.3761 386.46
vn -0.800103 0.599817 -0.00742611
v 110.565 -47.3761 386.46
vn -0.88531 -0.121719 -0.448789
v 110.565 -47.3761 386.46
vn -0.887689 0.0950858 -0.450518
v 110.431 -47.9818 386.887
vn -0.524001 0.810908 -0.260481
v 110.96 -47.0929 386.203
vn -0.450424 -0.130351 -0.883248
v 110.96 -47.0929 386.203
vn -0.333166 0.607177 -0.721344
v 110.96 -47.0929 386.203
vn -0.291179 -0.551153 -0.78195
v 110.827 -47.3884 386.315
vn -0.871999 0.230809 -0.431677
v 110.827 -47.3884 386.315
vn -0.450424 -0.130351 -0.883248
v 110.827 -47.3884 386.315
vn -0.521371 0.499623 -0.691773
v 111.362 -46.819 386.248
vn -0.34406 -0.652992 -0.674703
v 111.484 -47.1183 385.94
vn -0.521371 0.499623 -0.691773
v 111.484 -47.1183 385.94
vn -0.536677 0.506751 -0.674671
v 111.18 -51.9429 387.013
vn -0.769616 -0.633026 0.0834844
v 111.022 -52.1368 387.295
vn -0.711155 -0.658479 0.246301
v 111.496 -53.4305 385.803
vn -0.953974 -0.277701 -0.113207
v 110.064 -50.4021 388.148
vn -0.922547 0.374042 -0.0948652
v 110.064 -50.4021 388.148
vn -0.865867 -0.0322476 -0.499234
v 109.913 -50.7016 388.428
vn -0.902894 -0.42811 0.0387819
v 109.913 -50.7016 388.428
vn -0.859128 -0.486732 -0.158086
v 110.116 -51.0053 388.097
vn -0.769065 0.629386 -0.111414
v 109.925 -47.5495 393.629
vn -0.973804 0.223908 -0.0396258
v 111.055 -46.239 397.688
vn -0.733653 0.679517 0.00317171
v 110.133 -48.2994 398.154
vn -0.953447 0.301358 0.0110188
v 110.065 -46.8012 398.484
vn -0.77389 0.628741 0.076017
v 110.027 -48.4364 402.964
vn -0.77389 0.628741 0.076017
v 110.539 -47.8873 403.629
vn -0.904496 0.410165 -0.11684
v 106.837 -46.5094 435.864
vn -0.911185 -0.174448 -0.373242
v 105.433 -48.3722 440.81
vn 0.36562 -0.924271 0.109749
v 103.103 -73.0542 462.61
vn 0.444627 -0.888615 0.112562
v 102.723 -72.9855 463.479
vn -0.322589 -0.909271 -0.262988
v 101.704 -73.3763 467.592
vn 0.20061 -0.95956 0.197486
v 101.704 -73.3763 467.592
vn 0.413012 -0.910424 -0.0234483
v 102.174 -73.3638 465.829
vn 0.44799 -0.876697 0.175235
v 102.029 -73.4133 467.321
vn 0.383594 -0.921366 -0.0627698
v 101.427 -73.7309 470.271
vn 0.578563 0.727378 0.369034
v 102.15 -51.4358 475.09
vn 0.488314 -0.872435 -0.0201641
v 101.035 -74.0989 474.143
vn 0.330346 -0.929257 -0.165387
v 100.472 -74.2458 476.799
vn 0.289697 -0.929146 -0.229702
v 100.677 -74.4337 477.699
vn 0.418378 -0.904446 -0.0832937
v 100.236 -74.8378 478.872
vn 0.0690199 0.989808 0.124561
v 101.445 -51.8397 482.248
vn 0.352667 -0.9357 0.00952534
v 99.3087 -75.3783 485.101
vn -0.304106 -0.941112 -0.147743
v 97.2249 -75.8541 503.58
vn 0.322835 -0.946445 0.00437519
v 96.8145 -75.8965 504.695
vn -0.260381 -0.963706 -0.0589203
v 96.7403 -76.3556 508.345
vn 0.447076 -0.892349 -0.0619365
v 96.1328 -77.2661 517.309
vn 0.794231 0.546708 0.265155
v 98.2319 -56.1648 519.52
vn -0.0996209 0.984021 0.147578
v 97.2019 -56.7201 523.628
vn -0.0703125 0.995687 0.0605227
v 96.8551 -58.0059 529.895
vn 0.172706 -0.980404 -0.094761
v 94.786 -78.0667 531.33
vn 0.445696 -0.895109 0.0115989
v 94.5575 -79.2947 548.463
vn 0.236023 -0.970853 -0.041687
v 94.5244 -79.5628 551.769
vn -0.39672 -0.916117 -0.0578118
v 87.03 -83.2994 602.812
vn -0.0627581 -0.997335 -0.0371995
v 87.03 -83.2994 602.812
vn -0.596134 -0.802502 -0.0248009
v 87.0527 -83.3907 605.224
vn -0.0710636 -0.996158 0.0511775
v 87.0527 -83.3907 605.224
vn -0.0710636 -0.996158 0.0511775
v 87.2058 -83.4009 605.238
vn -0.078809 -0.98713 0.139151
v 88.0342 -83.0296 608.342
vn 0.671887 -0.731829 -0.113987
v 88.0342 -83.0296 608.342
vn -0.119949 -0.992566 0.0206356
v 88.0342 -83.0296 608.342
vn -0.685748 -0.654021 0.319384
v 114.097 -58.8419 380.197
vn -0.793836 0.224382 -0.565223
v 114.256 -47.2039 382.9
vn -0.583905 0.71388 -0.386563
v 114.256 -47.2039 382.9
vn -0.787699 -0.502181 -0.356853
v 114.256 -47.2039 382.9
vn -0.583905 0.71388 -0.386563
v 114.496 -46.9921 382.928
vn 0.190805 0.951284 -0.24218
v 114.496 -46.9921 382.928
vn -0.583905 0.71388 -0.386563
v 114.869 -47.159 382.056
vn -0.406271 0.574716 -0.710384
v 114.869 -47.159 382.056
vn 0.524634 0.830064 -0.189086
v 114.869 -47.159 382.056
vn 0.0294647 0.984019 -0.175612
v 114.869 -47.159 382.056
vn -0.563286 -0.676121 -0.474941
v 113.369 -46.8804 384.028
vn -0.635061 0.733413 -0.242493
v 113.369 -46.8804 384.028
vn -0.144901 0.95375 -0.263372
v 113.369 -46.8804 384.028
vn -0.635061 0.733413 -0.242493
v 113.791 -46.5989 383.774
vn -0.66323 0.630416 -0.403364
v 113.875 -46.8951 383.172
vn -0.703888 -0.599854 -0.380417
v 113.875 -46.8951 383.172
vn -0.0352212 0.89471 -0.445257
v 113.875 -46.8951 383.172
vn -0.744547 -0.631155 0.217471
v 112.216 -54.6265 384.035
vn -0.870354 0.106367 -0.480802
v 112.216 -54.6265 384.035
vn -0.691372 -0.678669 0.247815
v 112.706 -55.8657 382.847
vn -0.583217 0.809067 -0.0725815
v 114.189 -46.0369 386.84
vn -0.806773 0.571989 0.14814
v 110.638 -49.6125 410.833
vn -0.303699 -0.927844 -0.216501
v 106.295 -71.3829 452.405
vn -0.411767 -0.613098 -0.67421
v 106.295 -71.3829 452.405
vn -0.115475 -0.96823 -0.221802
v 106.248 -71.6707 452.695
vn -0.411767 -0.613098 -0.67421
v 106.248 -71.6707 452.695
vn -0.484364 -0.798065 -0.358446
v 104.424 -72.631 458.526
vn 0.0770084 -0.996027 -0.044713
v 103.669 -72.8907 459.94
vn -0.567964 -0.700335 -0.432374
v 104.027 -72.8382 459.388
vn 0.544161 0.759566 0.356297
v 105.473 -50.6217 466.084
vn 0.86755 -0.31272 0.386733
v 105.163 -71.408 467.531
vn 0.925775 0.203781 0.318454
v 105.603 -51.8676 476.92
vn 0.665035 0.714896 0.215991
v 105.242 -53.4003 478.657
vn 0.0659364 -0.944322 -0.322349
v 102.114 -73.5445 479.084
vn 0.890432 0.268907 0.367178
v 103.899 -51.9073 481.88
vn 0.487251 0.856002 0.172761
v 102.706 -53.1202 484.751
vn 0.547474 0.831357 0.0954868
v 103.457 -54.8041 499.254
vn 0.849122 0.446555 0.282101
v 102.092 -54.2137 502.452
vn 0.643335 0.749923 0.154064
v 102.092 -54.2137 502.452
vn 0.809875 0.536584 0.237022
v 100.833 -54.8163 508.949
vn 0.164359 0.98301 0.0817151
v 99.1283 -58.5483 530.704
vn -0.203588 0.977328 -0.0581538
v 98.6172 -60.6802 544.17
vn -0.222564 0.9749 -0.00589406
v 98.1737 -60.7239 545.634
vn 0.566913 0.810745 0.14595
v 97.5059 -61.4363 552.185
vn -0.119184 -0.985849 -0.117886
v 94.0268 -79.5121 563.48
vn -0.0754003 -0.953901 -0.290494
v 94.4858 -79.9261 564.72
vn 0.251804 -0.966876 0.0417705
v 94.4858 -79.9261 564.72
vn -0.491561 -0.87028 -0.0313173
v 94.5747 -79.6753 567.146
vn 0.0257314 -0.994466 0.101857
v 94.0901 -79.476 569.215
vn 0.337942 0.900472 0.27376
v 94.4783 -64.4816 575.638
vn 0.125029 0.9429 0.308719
v 93.8117 -64.6619 576.172
vn -0.4419 0.895222 0.0574643
v 93.8117 -64.6619 576.172
vn -0.593758 0.803666 -0.0396447
v 92.798 -65.4065 579.976
vn -0.452601 0.891349 -0.0254976
v 93.5527 -64.9812 579.154
vn -0.0400559 -0.996039 -0.0793892
v 89.4237 -83.0067 617.52
vn -0.728736 -0.679195 0.0874014
v 89.7617 -83.1102 620.263
vn -0.326815 -0.835045 0.442596
v 89.7617 -83.1102 620.263
vn -0.728736 -0.679195 0.0874014
v 89.9326 -83.3309 619.973
vn -0.326815 -0.835045 0.442596
v 89.9326 -83.3309 619.973
vn 0.0882265 -0.995199 0.0423678
v 89.9326 -83.3309 619.973
vn 0.170446 -0.972468 -0.158918
v 89.6139 -83.3829 619.64
vn -0.975621 0.137337 0.171177
v 89.6139 -83.3829 619.64
vn -0.326815 -0.835045 0.442596
v 89.6139 -83.3829 619.64
vn -0.113291 -0.757152 -0.64334
v 117.076 -59.8695 378.047
vn 0.661185 -0.749686 -0.028369
v 117.076 -59.8695 378.047
vn 0.164008 -0.375666 -0.912127
v 117.076 -59.8695 378.047
vn -0.891105 -0.25578 -0.374843
v 115.955 -48.7475 380.615
vn 0.85523 0.49795 -0.143625
v 117.041 -49.067 380.109
vn -0.7658 -0.0457157 -0.641452
v 116.661 -49.3505 379.162
vn -0.891265 -0.298492 -0.341394
v 116.661 -49.3505 379.162
vn 0.103572 0.909885 -0.401724
v 117.148 -49.6114 378.599
vn -0.7658 -0.0457157 -0.641452
v 117.148 -49.6114 378.599
vn -0.7658 -0.0457157 -0.641452
v 117.174 -49.9676 378.593
vn -0.869857 -0.371347 -0.32473
v 117.174 -49.9676 378.593
vn -0.386843 -0.276468 -0.879726
v 117.174 -49.9676 378.593
vn -0.558797 0.0647019 -0.826777
v 114.902 -59.7668 379.242
vn -0.54059 -0.745355 0.390139
v 114.859 -59.8396 379.643
vn -0.762883 -0.617016 -0.193133
v 115.453 -60.3987 379.084
vn -0.0982021 -0.903291 0.417638
v 115.453 -60.3987 379.084
vn -0.238492 -0.730441 -0.639982
v 115.453 -60.3987 379.084
vn -0.176253 -0.745326 -0.64298
v 116.155 -60.1255 378.511
vn 0.342712 -0.918797 0.195858
v 116.105 -60.4025 378.846
vn -0.420565 0.349039 -0.837435
v 115.196 -47.8185 381.336
vn -0.815466 -0.478431 -0.325759
v 115.196 -47.8185 381.336
vn -0.823872 -0.459829 -0.331348
v 115.456 -48.1313 381.185
vn -0.78762 0.502055 -0.357205
v 115.736 -48.4414 380.903
vn -0.880393 -0.254651 -0.400077
v 115.736 -48.4414 380.903
vn 0.696011 0.699361 -0.162674
v 115.515 -47.7618 381.199
vn -0.78762 0.502055 -0.357205
v 115.605 -48.4417 381.192
vn 0.0957508 0.0236268 -0.995125
v 115.605 -48.4417 381.192
vn 0.0957508 0.0236228 -0.995125
v 115.79 -48.1324 381.217
vn -0.78762 0.502055 -0.357205
v 115.79 -48.1324 381.217
vn 0.580652 0.790442 -0.195049
v 115.79 -48.1324 381.217
vn -0.0539456 0.993653 -0.0987068
v 114.991 -44.4967 395.395
vn 0.435079 0.897819 -0.0680284
v 114.991 -44.4967 395.395
vn 0.683579 0.728371 -0.0468599
v 114.154 -43.6157 401.667
vn -0.0762706 0.985939 -0.148687
v 114.154 -43.6157 401.667
vn 0.0587702 0.996005 0.0672329
v 111.929 -44.7904 424.336
vn -0.0615027 0.996786 0.0513384
v 110.711 -45.1849 430.541
vn 0.370363 0.899986 0.229903
v 110.05 -46.0394 440.104
vn 0.324965 -0.937065 -0.127697
v 109.742 -69.7617 445.842
vn 0.0408752 -0.966996 -0.251492
v 108.247 -70.4476 448.395
vn -0.656028 -0.596969 -0.461796
v 108.673 -70.2287 447.235
vn -0.207397 -0.868503 -0.45021
v 108.673 -70.2287 447.235
vn -0.411767 -0.613098 -0.67421
v 106.912 -71.5278 452.16
vn 0.674482 0.691635 0.258293
v 109.023 -53.5831 466.657
vn 0.702359 0.682098 0.203553
v 108.664 -53.7945 468.426
vn 0.946809 -0.0285452 0.320527
v 107.135 -53.3461 472.811
vn 0.0333983 0.995122 -0.0928303
v 107.769 -54.9722 477.055
vn 0.0654029 0.997789 -0.011814
v 104.864 -55.1359 494.859
vn 0.108494 -0.980162 -0.165866
v 102.763 -73.9839 510.187
vn 0.707023 0.635141 0.310988
v 100.907 -57.8307 525.466
vn -0.0580897 0.996748 -0.0558551
v 100.676 -60.7403 538.338
vn 0.0230946 0.999712 -0.00656982
v 96.1958 -64.307 570.381
vn -0.229741 0.971276 0.0619932
v 96.1958 -64.307 570.381
vn -0.284161 0.954453 0.0909551
v 96.9846 -64.4995 574.673
vn 0.347788 0.924463 0.156244
v 96.0546 -65.0728 580.9
vn 0.413963 -0.906024 -0.0880584
v 94.9279 -80.2986 578.923
vn -0.12641 -0.991949 -0.00755105
v 95.3817 -80.1628 583.793
vn -0.968763 0.0728035 0.23706
v 90.0678 -83.2412 621.797
vn 0.0105333 -0.998558 -0.0526412
v 90.0678 -83.2412 621.797
vn -0.549669 -0.783437 0.289984
v 90.0678 -83.2412 621.797
vn -0.559833 -0.816146 0.143152
v 90.16 -83.1906 622.109
vn -0.421043 -0.907009 -0.00754814
v 90.1922 -83.2198 623.015
vn 0.127414 -0.983795 -0.126145
v 90.3346 -83.3079 622.123
vn -0.303484 -0.951156 -0.056572
v 90.5472 -83.3349 623.047
vn 0.417283 -0.905429 -0.0779281
v 90.5164 -83.3747 623.344
vn -0.548045 -0.834809 0.0523525
v 90.3514 -83.2483 623.633
vn -0.433108 -0.901335 0.00361554
v 90.4136 -83.2781 624.498
vn 0.538401 -0.83728 -0.0953232
v 90.7321 -83.355 624.27
vn -0.955076 0.280962 0.0942903
v 90.8322 -83.6289 629.398
vn -0.866803 -0.488453 0.100334
v 90.9598 -83.4867 630.318
vn -0.945298 0.314356 0.0871341
v 90.9636 -83.496 630.62
vn 0.322228 -0.946209 -0.0292887
v 91.0678 -83.7395 630.021
vn 0.415117 -0.908141 -0.0543902
v 90.9851 -83.753 629.109
vn -0.932498 0.343387 0.111947
v 91.05 -83.5197 631.231
vn -0.983768 -0.1794 0.00412563
v 91.05 -83.5197 631.231
vn 0.472949 -0.872721 -0.12115
v 91.2246 -83.7555 631.543
vn 0.0674528 -0.981476 -0.179316
v 91.2246 -83.7555 631.543
vn 0.757827 0.471203 0.451295
v 91.1586 -83.5609 632.378
vn 0.90659 0.41571 -0.0726567
v 91.1586 -83.5609 632.378
vn -0.280872 -0.775495 -0.565437
v 91.1586 -83.5609 632.378
vn -0.859285 -0.4786 0.180477
v 91.1586 -83.5609 632.378
vn 0.757827 0.471203 0.451295
v 91.149 -83.6093 632.444
vn 0.820655 0.483118 -0.305161
v 91.149 -83.6093 632.444
vn 0.281305 0.779686 0.559425
v 91.149 -83.6093 632.444
vn -0.280872 -0.775495 -0.565437
v 91.1083 -83.8047 632.737
vn 0.281305 0.779686 0.559425
v 91.1083 -83.8047 632.737
vn -0.958561 0.139328 0.248492
v 91.1083 -83.8047 632.737
vn -0.911794 -0.399173 0.0963974
v 91.1083 -83.8047 632.737
vn -0.859285 -0.4786 0.180477
v 91.2785 -83.8624 632.149
vn 0.176017 -0.976866 -0.121456
v 91.2785 -83.8624 632.149
vn 0.556773 -0.811178 -0.178866
v 91.2785 -83.8624 632.149
vn 0.90659 0.41571 -0.0726567
v 91.3079 -83.8734 632.453
vn 0.820655 0.483118 -0.305161
v 91.3079 -83.8734 632.453
vn 0.285699 -0.951316 -0.115649
v 91.3079 -83.8734 632.453
vn -0.911794 -0.399173 0.0963974
v 91.129 -83.9249 632.435
vn 0.184408 -0.978487 -0.0925047
v 91.129 -83.9249 632.435
vn -0.783295 -0.594199 0.182693
v 91.2437 -83.8871 633.049
vn 0.0924809 -0.994749 0.043837
v 91.2437 -83.8871 633.049
vn -0.570823 -0.806447 -0.15429
v 91.2437 -83.8871 633.049
vn -0.988825 -0.0669749 -0.133188
v 91.2437 -83.8871 633.049
vn -0.720174 -0.693591 0.016784
v 91.1644 -83.8999 633.644
vn 0.113524 0.692688 -0.712247
v 117.857 -51.5067 378.321
vn -0.886631 -0.214561 -0.409693
v 117.857 -51.5067 378.321
vn -0.144304 -0.476964 -0.866996
v 117.857 -51.5067 378.321
vn -0.710436 -0.548779 -0.440594
v 117.857 -51.5067 378.321
vn -0.710436 -0.548779 -0.440594
v 118.259 -51.8255 378.071
vn 0.968179 0.106004 -0.226697
v 118.259 -51.8255 378.071
vn 0.819493 -0.529269 -0.219784
v 118.259 -51.8255 378.071
vn 0.697469 0.716515 -0.011955
v 118.295 -51.5358 378.363
vn 0.984744 0.106561 -0.137568
v 118.295 -51.5358 378.363
vn 0.953869 0.0889168 -0.286753
v 118.162 -52.7331 378.459
vn 0.0571755 0.78771 -0.613387
v 118.162 -52.7331 378.459
vn -0.645172 0.165586 -0.745878
v 118.652 -56.0389 377.335
vn 0.493523 -0.828648 -0.264153
v 118.652 -56.0389 377.335
vn 0.80578 0.337929 -0.486336
v 118.652 -56.0389 377.335
vn 0.944339 -0.328657 -0.0144512
v 118.652 -56.0389 377.335
vn 0.98391 -0.174785 0.0370402
v 118.757 -55.7558 377.704
vn 0.877975 -0.458095 0.138952
v 118.611 -56.1738 377.68
vn 0.598911 0.650698 -0.466795
v 118.653 -55.0657 378.012
vn 0.80578 0.337929 -0.486336
v 118.653 -55.0657 378.012
vn 0.989277 0.145783 -0.00885216
v 118.653 -55.0657 378.012
vn 0.164008 -0.375666 -0.912127
v 117.605 -58.384 377.531
vn 0.82706 0.063674 -0.558496
v 117.937 -57.5015 377.48
vn 0.651449 0.205858 -0.73023
v 117.981 -56.3125 377.855
vn -0.565762 -0.480668 -0.669979
v 117.981 -56.3125 377.855
vn 0.750896 -0.620868 0.225118
v 118.162 -56.6269 377.927
vn 0.883588 0.0691086 -0.463138
v 118.162 -56.6269 377.927
vn -0.565762 -0.480668 -0.669979
v 118.162 -56.6269 377.927
vn 0.501277 -0.78893 -0.355402
v 118.307 -56.3253 377.588
vn -0.565762 -0.480668 -0.669979
v 118.307 -56.3253 377.588
vn 0.164008 -0.375666 -0.912127
v 117.499 -59.0965 377.805
vn 0.696972 -0.662487 -0.274484
v 117.499 -59.0965 377.805
vn 0.886738 -0.0191537 -0.461875
v 117.866 -58.6973 377.393
vn 0.632405 -0.756044 -0.168707
v 117.866 -58.6973 377.393
vn 0.949662 -0.31312 0.00989531
v 117.866 -58.6973 377.393
vn 0.919333 -0.388193 0.0642872
v 117.814 -58.8407 377.841
vn -0.386843 -0.276468 -0.879726
v 117.945 -51.1905 378.639
vn -0.771956 0.544076 -0.328735
v 117.945 -51.1905 378.639
vn 0.11364 0.688006 -0.716752
v 117.945 -51.1905 378.639
vn -0.887103 -0.245887 -0.390625
v 117.596 -51.5288 378.898
vn -0.771956 0.544076 -0.328735
v 117.596 -51.5288 378.898
vn -0.0868739 -0.535434 -0.840097
v 117.845 -52.4233 378.827
vn 0.0571755 0.78771 -0.613387
v 117.845 -52.4233 378.827
vn -0.710436 -0.548779 -0.440594
v 118.181 -52.1803 378.638
vn 0.936642 -0.346021 -0.0545144
v 118.181 -52.1803 378.638
vn 0.0571755 0.78771 -0.613387
v 118.146 -52.4425 378.831
vn 0.99093 -0.13438 0.000736218
v 118.146 -52.4425 378.831
vn 0.930749 0.325192 -0.167203
v 118.146 -52.4425 378.831
vn 0.905246 -0.285442 -0.314725
v 118.075 -53.6383 378.744
vn 0.357278 0.313647 -0.87976
v 118.075 -53.6383 378.744
vn 0.38704 0.327694 -0.861868
v 118.212 -53.3514 378.914
vn 0.948944 0.308755 -0.0646191
v 118.212 -53.3514 378.914
vn 0.949345 -0.307717 0.0636789
v 118.393 -52.7804 379.548
vn -0.678198 0.254478 -0.689411
v 118.059 -54.1109 378.58
vn 0.598911 0.650698 -0.466795
v 118.059 -54.1109 378.58
vn 0.327015 0.29916 -0.896418
v 118.059 -54.1109 378.58
vn 0.357278 0.313647 -0.87976
v 118.588 -54.5695 378.62
vn 0.974181 0.224003 -0.0281899
v 118.588 -54.5695 378.62
vn 0.876757 -0.464574 0.124376
v 117.338 -59.5954 378.38
vn 0.988082 0.151427 -0.027648
v 118.229 -52.8325 381.642
vn 0.889676 0.433251 -0.144117
v 118.229 -52.8325 381.642
vn 0.921241 0.359908 -0.147585
v 118.435 -50.2674 385.943
vn 0.987846 -0.13159 0.0827296
v 118.435 -50.2674 385.943
vn -0.373451 -0.912201 0.168591
v 116.801 -57.1707 386.526
vn 0.989089 -0.0147501 -0.146581
v 117.345 -47.5802 388.916
vn 0.994841 -0.0223929 -0.098949
v 117.326 -47.8795 388.908
vn 0.997634 -0.00453668 -0.068596
v 117.39 -47.6102 389.825
vn 0.968056 -0.247328 0.0411828
v 118.28 -49.4455 388.962
vn 0.973744 -0.2256 0.0304517
v 118.446 -50.9502 388.641
vn 0.619853 0.780348 -0.0826998
v 117.512 -47.9548 391.034
vn 0.911923 0.409406 -0.0279822
v 117.512 -47.9548 391.034
vn 0.808649 0.582191 -0.0844995
v 117.799 -47.2253 396.204
vn 0.675795 -0.736222 -0.0357462
v 116.966 -56.0488 398.326
vn 0.871208 0.490754 -0.0125702
v 117.887 -46.9779 401.343
vn 0.436682 0.897931 0.0550341
v 117.107 -46.9664 406.394
vn -0.633995 -0.75687 -0.158736
v 116.281 -57.2867 407.878
vn 0.988258 0.1277 0.0838999
v 116.65 -47.0518 412.98
vn 0.664455 0.73951 0.107818
v 116.077 -45.9376 417.172
vn 0.698113 0.705936 0.11955
v 116.161 -47.1723 418.055
vn 0.0483431 -0.96039 -0.274433
v 115.571 -59.4352 417.054
vn 0.381504 0.919263 0.0970074
v 114.63 -49.2511 434.138
vn -0.836071 -0.389911 -0.385947
v 112.73 -67.1121 438.478
vn -0.197156 -0.894496 -0.401256
v 111.84 -67.8682 440.964
vn 0.208981 0.961585 0.177991
v 112.74 -50.8634 446.579
vn 0.911793 -0.165904 0.375645
v 110.402 -67.8661 458.612
vn 0.74554 -0.663133 0.0665126
v 110.402 -67.8661 458.612
vn 0.989362 0.0883149 0.115598
v 111.081 -55.0966 462.598
vn 0.733432 0.654789 0.182561
v 109.985 -56.1952 471.511
vn 0.782412 -0.620197 -0.056452
v 109.491 -68.018 475.705
vn 0.918849 0.0385054 0.392726
v 108.732 -69.8427 478
vn 0.721958 -0.686405 0.087321
v 109.056 -69.5367 477.134
vn 0.920882 0.102778 0.376049
v 108.856 -69.54 477.671
vn 0.856776 0.504522 0.106738
v 108.437 -57.0174 482.195
vn 0.981569 0.116379 0.151589
v 108.437 -57.0174 482.195
vn 0.869991 -0.464895 0.16428
v 107.049 -71.0637 482.934
vn 0.704053 0.704867 0.086441
v 107.778 -57.1994 488.157
vn 0.904895 -0.377731 0.196176
v 105.601 -72.865 512.899
vn 0.323615 0.941247 0.0965737
v 103.716 -61.6942 531.071
vn 0.826691 -0.541579 0.152559
v 101.93 -75.2162 530.879
vn 0.674768 -0.737939 -0.0116331
v 100.337 -76.2277 568.688
vn 0.555197 -0.831706 0.00463135
v 99.9705 -76.8314 569.542
vn 0.545264 -0.838263 -0.00173685
v 99.478 -76.7925 571.606
vn -0.398103 0.915408 0.0595243
v 96.7242 -68.234 603.5
vn -0.859285 -0.4786 0.180477
v 91.4082 -83.8872 632.701
vn 0.820655 0.483118 -0.305161
v 91.4082 -83.8872 632.701
vn 0.281305 0.779686 0.559425
v 91.4082 -83.8872 632.701
vn 0.192658 -0.979218 -0.0633719
v 91.4082 -83.8872 632.701
vn -0.410408 -0.891112 -0.193609
v 91.4082 -83.8872 632.701
vn 0.54575 -0.828614 -0.124719
v 91.4082 -83.8872 632.701
vn 0.567644 -0.822337 -0.0392667
v 91.3072 -84.0479 633.655
vn -0.242501 -0.960043 0.139677
v 91.3072 -84.0479 633.655
vn -0.998591 0.00420378 0.0528926
v 91.5273 -83.7044 636.397
vn -0.425662 -0.904582 0.0233143
v 91.5273 -83.7044 636.397
vn -0.521939 -0.852307 -0.0339355
v 91.5164 -83.7217 636.999
vn -0.374404 -0.925796 0.0521838
v 91.6959 -83.7888 636.11
vn -0.12527 0.0274568 0.991743
v 91.6068 -83.4357 637.299
vn -0.492385 -0.821666 0.287091
v 91.6068 -83.4357 637.299
vn -0.971722 0.0706332 0.225318
v 91.5836 -83.7751 637.305
vn 0.498294 -0.865149 0.0567504
v 91.5836 -83.7751 637.305
vn -0.12527 0.0274568 0.991743
v 91.5836 -83.7751 637.305
vn -0.12527 0.0274568 0.991743
v 91.8944 -83.5938 637.34
vn -0.492385 -0.821666 0.287091
v 91.8944 -83.5938 637.34
vn -0.930175 -0.365041 0.0389747
v 92.4028 -82.368 640.131
vn -0.948766 0.270433 0.163433
v 92.4695 -82.4084 641.342
vn -0.893772 -0.432415 0.119115
v 92.5741 -82.7069 641.044
vn -0.492385 -0.821666 0.287091
v 92.5741 -82.7069 641.044
vn 0.565598 -0.824671 -0.00405343
v 92.5741 -82.7069 641.044
vn 0.00224942 -0.959319 0.282315
v 92.5741 -82.7069 641.044
vn -0.993008 0.0766546 0.0897684
v 92.6306 -82.4371 641.96
vn 0.00224942 -0.959319 0.282315
v 92.6306 -82.4371 641.96
vn 0.40946 -0.88096 -0.237175
v 92.6306 -82.4371 641.96
vn -0.775345 -0.626728 -0.0777932
v 92.6306 -82.4371 641.96
vn -0.770884 -0.631847 -0.0806637
v 92.5585 -82.4593 642.857
vn 0.827727 0.558962 0.0492825
v 117.728 -47.055 406.15
vn 0.923325 0.382976 0.0282718
v 117.684 -49.6813 408.193
vn 0.21401 -0.961768 -0.170883
v 117.494 -57.0386 408
vn 0.968544 0.2417 0.0591952
v 117.721 -49.7828 411.511
vn 0.955568 0.282663 0.0836157
v 117.637 -47.6645 413.06
vn 0.672574 -0.72451 -0.150762
v 117.303 -58.8968 415.475
vn 0.943232 -0.328476 0.0491665
v 116.834 -50.9043 420.744
vn 0.794012 0.586949 0.158228
v 116.834 -50.9043 420.744
vn 0.917485 -0.3938 0.0560543
v 116.555 -51.2763 423.723
vn 0.981453 0.156343 0.110937
v 116.708 -49.6273 428.601
vn 0.797831 0.563865 0.213358
v 115.838 -51.9737 428.461
vn 0.709573 0.678966 0.188446
v 115.615 -52.3044 429.939
vn -0.00525628 -0.9447 -0.327892
v 114.77 -63.5727 428.987
vn 0.289122 -0.907626 -0.30434
v 114.77 -63.5727 428.987
vn 0.884639 -0.457792 -0.0885454
v 116.431 -55.6158 438.38
vn 0.871207 -0.487175 -0.0604894
v 114.8 -52.5651 440.406
vn 0.849734 0.497034 0.175807
v 115.124 -54.0804 440.1
vn 0.953082 -0.268621 -0.139563
v 115.124 -54.0804 440.1
vn 0.970724 -0.222365 0.0908269
v 115.76 -60.4607 440.914
vn 0.897293 0.294053 0.329238
v 115.76 -60.4607 440.914
vn 0.715075 0.660972 0.22756
v 114.822 -55.0813 443.966
vn 0.860936 0.35642 0.36298
v 114.851 -62.639 445.297
vn 0.519416 0.762595 0.385558
v 115.282 -58.2316 447.855
vn 0.46153 -0.850066 -0.253728
v 114.561 -62.9885 447.55
vn 0.996023 -0.0779571 0.0431491
v 114.436 -56.4083 449.023
vn 0.946642 0.282407 0.155289
v 115.303 -57.641 448.172
vn 0.888949 -0.446796 -0.100714
v 114.879 -60.6811 450.17
vn 0.872732 -0.484027 0.0637006
v 113.119 -65.4445 452.299
vn 0.944548 0.181253 0.273819
v 114.392 -62.5509 453.395
vn 0.219919 -0.921327 -0.320612
v 113.29 -65.1773 453.056
vn 0.661941 -0.716892 -0.218861
v 113.424 -64.7072 457.169
vn 0.957853 -0.0725666 0.277941
v 112.902 -65.9196 458.598
vn 0.965495 0.176211 0.191751
v 112.172 -55.7432 461.784
vn 0.472459 -0.862812 -0.17983
v 112.814 -65.9769 460.705
vn 0.744379 -0.66567 0.0527494
v 112.579 -66.6612 463.975
vn 0.669236 0.594907 0.445206
v 110.878 -65.535 470.169
vn 0.792988 -0.604595 -0.0750684
v 110.878 -65.535 470.169
vn 0.974455 -0.175056 0.14069
v 110.878 -65.535 470.169
vn 0.781681 -0.618298 -0.0817407
v 110.188 -66.7902 473.389
vn 0.926333 -0.333151 -0.175836
v 110.01 -60.7283 482.259
vn 0.762995 -0.628067 -0.152873
v 110.174 -67.0502 482.124
vn 0.918307 -0.360156 -0.164318
v 110.077 -63.6129 488.075
vn 0.631207 -0.765319 -0.125951
v 109.199 -69.1157 487.106
vn 0.911592 -0.376216 -0.165715
v 110.32 -63.351 488.859
vn 0.948298 0.272653 0.162457
v 110.32 -63.351 488.859
vn 0.917028 -0.393712 -0.0636431
v 110.32 -63.351 488.859
vn 0.977998 0.170064 0.12082
v 109.936 -65.5282 492.086
vn 0.949265 -0.312947 -0.0309919
v 109.86 -65.2857 494.195
vn 0.997418 -0.00848789 0.0713157
v 110.077 -66.2106 494.495
vn 0.911016 -0.405837 -0.0731189
v 110.22 -64.7411 495.335
vn 0.930015 0.278985 0.239247
v 109.846 -66.4778 493.864
vn 0.856928 -0.512441 -0.0554834
v 110.056 -68.0124 494.45
vn 0.939044 -0.343122 0.0215372
v 109.685 -68.1047 498.332
vn 0.890483 -0.453385 0.0385066
v 109.22 -68.9274 499.775
vn 0.750969 -0.656555 -0.0705744
v 109.22 -68.9274 499.775
vn 0.937218 -0.348332 -0.0169365
v 109.229 -67.8549 501.007
vn 0.935009 0.225186 0.273953
v 109.1 -68.1738 501.891
vn 0.933499 0.176026 0.312403
v 108.518 -69.7188 504.512
vn 0.964687 0.129544 0.229342
v 109.153 -68.3123 506.415
vn 0.913373 -0.386709 0.1273
v 107.723 -70.94 506.818
vn 0.489342 -0.853939 -0.177012
v 108.23 -70.0024 506.286
vn 0.712945 -0.685483 -0.147726
v 108.666 -66.2933 510.335
vn 0.712749 -0.684818 -0.151699
v 108.491 -66.8589 512.114
vn 0.971387 -0.154849 0.180079
v 108.171 -67.1833 512.075
vn 0.870699 -0.49089 0.0301666
v 108.501 -69.6061 510.844
vn 0.72472 -0.673665 -0.144761
v 107.874 -67.8332 513.237
vn 0.817458 -0.5599 -0.135185
v 108.528 -66.9571 512.718
vn 0.877352 -0.479806 -0.00631621
v 108.059 -68.5545 516.856
vn 0.916182 -0.40072 0.0057633
v 107.913 -68.8204 516.835
vn 0.856865 0.386839 0.34079
v 106.901 -71.2724 519.694
vn 0.939011 -0.342002 -0.0359504
v 105.84 -65.6854 528.166
vn 0.931395 0.357401 0.0690516
v 105.84 -65.6854 528.166
vn 0.888427 0.454272 0.0658449
v 105.785 -66.1216 530.864
vn 0.908169 -0.406471 -0.100056
v 105.57 -66.7084 530.829
vn 0.598842 -0.774209 -0.204911
v 105.999 -69.7194 530.037
vn 0.933334 0.353624 0.0619487
v 105.437 -65.5424 532.351
vn 0.997487 0.00746408 0.0704542
v 105.567 -66.7352 531.733
vn 0.898242 0.323222 0.297808
v 105.393 -71.2316 531.609
vn 0.91366 -0.405981 -0.0201055
v 105.094 -68.3233 535.568
vn 0.979799 0.128631 0.15313
v 105.774 -68.9516 535.016
vn 0.515049 -0.834771 -0.19463
v 104.827 -71.8216 534.555
vn 0.906043 -0.41956 0.0552709
v 105.01 -71.9241 535.475
vn 0.996375 -0.082728 0.0198039
v 105.7 -66.5785 536.271
vn 0.958413 0.21843 0.183664
v 104.888 -69.0098 538.849
vn 0.897003 -0.441689 -0.0172099
v 104.764 -71.5137 542.395
vn 0.972892 0.227148 0.0434284
v 105.085 -67.1858 547.847
vn 0.84782 0.527237 0.05677
v 105.248 -67.7559 546.45
vn 0.430271 0.898296 0.0890539
v 104.347 -66.8755 549.097
vn 0.894462 0.422085 0.147585
v 105.01 -67.2291 549.454
vn 0.511076 0.844181 0.161743
v 104.229 -67.0601 550.589
vn 0.594641 -0.794224 -0.124939
v 102.966 -73.1848 551.829
vn 0.668517 0.732131 0.130648
v 103.885 -67.2623 552.963
vn 0.997358 0.0375175 0.0622071
v 104.778 -68.2232 553.026
vn 0.885287 -0.463424 0.0388012
v 103.789 -67.0993 557.781
vn 0.991972 0.109546 0.0631719
v 103.611 -67.3881 557.757
vn 0.622845 0.780254 0.0571669
v 103.515 -68.0637 560.445
vn 0.981415 0.17345 0.0821
v 103.106 -67.2429 564.042
vn 0.572983 0.818992 0.0307135
v 103.161 -67.8837 565.238
vn 0.0266609 -0.953619 -0.299833
v 101.911 -75.0526 566.267
vn 0.912317 -0.0773338 0.402117
v 100.975 -75.9246 567.249
vn 0.028293 -0.959014 -0.281941
v 100.752 -75.7744 568.437
vn -0.0423334 -0.945193 -0.323757
v 100.651 -76.0247 569.326
vn -0.815709 0.101355 0.569513
v 94.9145 -76.7889 639.299
vn -0.920737 -0.374475 0.109602
v 94.9145 -76.7889 639.299
vn -0.922498 -0.37551 0.0893872
v 94.9556 -76.8006 639.605
vn -0.923878 -0.37639 0.0691359
v 94.9827 -76.8114 639.908
vn -0.951564 -0.00797001 -0.307348
v 94.9827 -76.8114 639.908
vn -0.0916438 -0.170082 0.981159
v 94.8247 -77.384 639.277
vn -0.129582 -0.771532 0.622854
v 94.8247 -77.384 639.277
vn -0.826495 0.537864 -0.166158
v 94.4021 -78.2839 640.099
vn -0.861774 0.456294 -0.221677
v 94.6054 -77.9975 640.145
vn -0.221785 0.0486076 -0.973883
v 94.6054 -77.9975 640.145
vn -0.0224521 0.678684 0.734088
v 94.8072 -77.9827 639.221
vn -0.922498 -0.37551 0.0893872
v 95.0818 -77.1095 639.609
vn -0.951564 -0.00797001 -0.307348
v 95.0818 -77.1095 639.609
vn -0.710878 -0.662631 -0.235736
v 95.0818 -77.1095 639.609
vn -0.222199 -0.660934 0.716794
v 95.0818 -77.1095 639.609
vn -0.188748 -0.913121 -0.361364
v 95.0818 -77.1095 639.609
vn -0.381003 0.875257 -0.297928
v 94.7525 -78.3391 639.548
vn -0.133078 0.741283 0.657868
v 94.7525 -78.3391 639.548
vn -0.918137 0.393327 0.0481431
v 94.893 -77.115 640.194
vn -0.795125 -0.482315 -0.367626
v 94.893 -77.115 640.194
vn -0.361833 0.168475 -0.916893
v 94.893 -77.115 640.194
vn -0.112554 0.0860339 0.989914
v 95.0988 -78.0451 639.287
vn -0.144145 -0.797586 -0.585729
v 95.0941 -77.2294 639.909
vn -0.162143 0.00675861 -0.986744
v 95.0661 -77.423 640.069
vn -0.0771696 -0.638552 -0.7657
v 95.0661 -77.423 640.069
vn -0.318248 -0.764239 0.560943
v 95.4408 -77.3723 639.336
vn -0.273315 -0.889038 -0.367301
v 95.4241 -77.191 639.64
vn -0.48898 -0.563613 0.665762
v 95.7279 -77.741 639.235
vn -0.451788 0.681021 0.57628
v 95.7279 -77.741 639.235
vn -0.797389 -0.0815059 0.597936
v 95.7279 -77.741 639.235
vn -0.339672 0.818 -0.464219
v 95.6638 -78.1273 639.641
vn -0.0893989 0.0365907 -0.995324
v 95.6697 -77.4607 640.046
vn -0.355161 -0.869068 -0.344356
v 95.6697 -77.4607 640.046
vn -0.665963 -0.265582 -0.697108
v 95.6697 -77.4607 640.046
vn -0.747965 -0.167227 -0.642326
v 95.8724 -77.7721 639.971
vn -0.770884 -0.631847 -0.0806637
v 92.811 -82.923 644.076
vn 0.221137 -0.975226 0.00566331
v 92.7252 -82.9372 644.972
vn -0.981361 0.00512794 0.192105
v 92.7252 -82.9372 644.972
vn -0.666281 -0.694222 0.272259
v 92.7252 -82.9372 644.972
vn 0.395862 -0.914412 -0.0845189
v 94.4423 -81.9953 643.447
vn -0.906191 0.374591 0.196214
v 93.2975 -82.6344 647.145
vn -0.721551 -0.67484 0.154776
v 93.2975 -82.6344 647.145
vn -0.677449 -0.71372 0.17795
v 93.436 -82.7634 647.155
vn -0.744618 -0.660727 0.0947824
v 93.7464 -82.7452 649.898
vn -0.997256 0.0645447 -0.0362676
v 93.7464 -82.7452 649.898
vn -0.800746 -0.589405 0.106802
v 93.7327 -82.6171 650.503
vn -0.995733 0.0653121 -0.0651947
v 93.7327 -82.6171 650.503
vn 0.748867 0.560227 0.35404
v 93.7327 -82.6171 650.503
vn -0.789837 -0.562182 0.245172
v 93.7327 -82.6171 650.503
vn 0.748867 0.560227 0.35404
v 93.8435 -82.7697 650.51
vn -0.684935 -0.683437 0.252544
v 93.8435 -82.7697 650.51
vn 0.425727 -0.901752 0.0748351
v 93.7191 -82.8295 650.497
vn 0.748867 0.560227 0.35404
v 93.6957 -82.7538 650.798
vn 0.397139 -0.882264 0.252767
v 93.6957 -82.7538 650.798
vn -0.65074 -0.73386 0.194903
v 94.0471 -82.5187 651.742
vn -0.798873 -0.592271 0.104956
v 93.8869 -82.8147 651.925
vn -0.798873 -0.592271 0.104956
v 93.8796 -82.7879 652.021
vn -0.798873 -0.592271 0.104956
v 93.9026 -82.8186 652.022
vn -0.502021 -0.851976 0.148699
v 94.2169 -82.6356 651.755
vn -0.108594 -0.00090438 0.994086
v 94.1861 -82.2451 652.354
vn 0.635989 0.586338 0.501723
v 94.1861 -82.2451 652.354
vn -0.666421 -0.648368 -0.368107
v 94.1861 -82.2451 652.354
vn -0.856122 0.45232 0.249922
v 94.1861 -82.2451 652.354
vn -0.878575 -0.458084 0.135146
v 94.1861 -82.2451 652.354
vn 0.635989 0.586338 0.501723
v 94.1846 -82.2524 652.364
vn 0.753409 0.655944 -0.0459584
v 94.1846 -82.2524 652.364
vn 0.553592 0.594115 0.583578
v 94.1846 -82.2524 652.364
vn 0.635989 0.586338 0.501723
v 94.457 -82.5639 652.383
vn 0.753409 0.655944 -0.0459584
v 94.457 -82.5639 652.383
vn 0.354921 -0.934445 -0.0290291
v 94.457 -82.5639 652.383
vn -0.468046 -0.878593 0.0949091
v 94.1407 -82.4978 652.656
vn -0.552949 -0.596143 -0.582118
v 94.1407 -82.4978 652.656
vn 0.553592 0.594115 0.583578
v 94.1407 -82.4978 652.656
vn -0.856122 0.45232 0.249922
v 94.1407 -82.4978 652.656
vn 0.9838 -0.166253 0.0670599
v 117.328 -58.4918 432.068
vn 0.986087 0.0440074 0.160299
v 117.151 -57.3588 434.791
vn 0.897902 0.366354 0.244041
v 116.015 -57.5893 444.926
vn 0.972744 0.130522 0.191658
v 114.626 -62.3109 454.93
vn 0.966175 -0.257659 -0.0108671
v 114.626 -62.3109 454.93
vn 0.911692 0.388043 0.135058
v 101.548 -69.3404 597.306
vn 0.894185 0.446443 -0.0335042
v 102.368 -69.7263 597.074
vn 0.894972 0.438424 -0.0825222
v 102.296 -69.5154 597.977
vn 0.556251 0.825495 0.0956134
v 102.556 -70.0286 598.065
vn 0.947926 -0.308635 0.0786205
v 102.541 -76.601 596.626
vn 0.0976215 0.994673 0.033095
v 100.628 -69.354 602.945
vn 0.336907 -0.926762 0.166152
v 97.3412 -81.3693 622.843
vn -0.0214594 -0.999518 0.0224147
v 97.9481 -81.495 625.914
vn -0.357751 -0.863614 -0.355225
v 96.0444 -77.474 639.693
vn -0.747965 -0.167227 -0.642326
v 96.0444 -77.474 639.693
vn -0.797389 -0.0815059 0.597936
v 96.0444 -77.474 639.693
vn -0.797389 -0.0815059 0.597936
v 96.0719 -77.7764 639.689
vn -0.815458 -0.0656281 -0.575084
v 96.0719 -77.7764 639.689
vn -0.566343 0.714457 -0.410861
v 96.0719 -77.7764 639.689
vn -0.738971 -0.660781 -0.131493
v 94.4642 -82.5621 652.384
vn 0.340479 -0.939975 -0.0228094
v 94.4642 -82.5621 652.384
vn 0.753409 0.655944 -0.0459584
v 94.4605 -82.5653 652.421
vn 0.553592 0.594115 0.583578
v 94.4605 -82.5653 652.421
vn 0.369684 -0.928927 -0.0206761
v 94.4605 -82.5653 652.421
vn 0.247121 -0.967439 -0.0547071
v 94.5984 -82.4889 654.207
vn -0.856122 0.45232 0.249922
v 94.5984 -82.4889 654.207
vn -0.878575 -0.458084 0.135146
v 94.5984 -82.4889 654.207
vn -0.488665 -0.814803 0.311933
v 94.5984 -82.4889 654.207
vn -0.789621 0.580761 0.198029
v 94.5743 -82.3359 654.569
vn -0.521976 -0.837928 0.159432
v 94.5743 -82.3359 654.569
vn -0.937783 -0.322343 0.129067
v 94.5743 -82.3359 654.569
vn -0.521976 -0.837928 0.159432
v 94.8671 -82.525 654.534
vn -0.946263 -0.293648 0.135487
v 94.9417 -82.4319 656.999
vn -0.542289 -0.840187 0.00296007
v 95.5289 -82.9329 660.014
vn -0.946263 -0.293648 0.135487
v 95.5289 -82.9329 660.014
vn 0.939301 -0.341538 0.0326248
v 104.068 -74.3199 587.482
vn -0.0867128 0.975173 0.203761
v 103.418 -70.2454 598.369
vn 0.853669 0.520201 0.0253224
v 103.288 -71.6011 608.876
vn -0.119214 -0.965643 -0.230913
v 102.038 -78.742 619.74
vn -0.124454 -0.974256 -0.187982
v 101.578 -79.0335 621.196
vn -0.129452 -0.980973 -0.144685
v 101.486 -79.153 622.089
vn 0.22968 -0.971801 -0.0533891
v 101.486 -79.153 622.089
vn 0.46773 -0.883552 -0.0237666
v 101.875 -79.0767 621.224
vn 0.430556 -0.901705 -0.0393777
v 98.7431 -81.6518 642.919
vn 0.147548 0.949055 0.278432
v 98.4024 -75.0066 644.803
vn -0.363901 -0.931223 0.0199763
v 99.1606 -81.7159 648.032
vn -0.738628 -0.512825 0.437537
v 96.6575 -82.5051 665.861
vn -0.268211 -0.943592 0.194156
v 96.8015 -82.7046 665.87
vn -0.252755 -0.936118 0.244537
v 97.0212 -82.5575 666.843
vn -0.715866 0.631026 0.298901
v 97.0212 -82.5575 666.843
vn -0.597922 0.251433 0.761099
v 97.0212 -82.5575 666.843
vn -0.597922 0.251433 0.761099
v 97.3274 -82.2807 666.992
vn -0.228177 -0.963089 -0.142809
v 97.3274 -82.2807 666.992
vn -0.882681 -0.251313 0.397135
v 97.3274 -82.2807 666.992
vn -0.878285 -0.271019 0.393908
v 97.5766 -82.4091 667.459
vn -0.953858 -0.264677 0.14178
v 96.2552 -82.7611 665.221
vn -0.0725738 -0.992699 0.0963385
v 96.2552 -82.7611 665.221
vn -0.663067 -0.450971 0.597467
v 96.2552 -82.7611 665.221
vn -0.372483 -0.893391 0.251216
v 97.6925 -82.3273 667.774
vn 0.993661 -0.111298 0.0158418
v 105.154 -73.8557 599.832
vn 0.999694 -0.0173449 0.0176604
v 104.19 -73.3707 615.854
vn 0.843443 0.531113 0.0807639
v 104.575 -73.7606 615.581
vn 0.791536 0.574266 0.209022
v 102.268 -76.7391 644.229
vn 0.985528 -0.0430516 0.163957
v 101.752 -78.4689 650.771
vn 0.599059 -0.798736 -0.0561214
v 99.4475 -81.7213 651.376
vn 0.989467 -0.0956388 0.10867
v 100.196 -80.12 659.023
vn 0.72179 -0.688293 -0.0726113
v 100.089 -81.3961 661.696
vn 0.75088 -0.64265 -0.152254
v 99.9427 -81.7048 662.277
vn 0.917022 -0.380822 0.118509
v 99.9427 -81.7048 662.277
vn 0.987578 -0.082111 0.133968
v 99.7637 -81.4464 664.075
vn -0.597922 0.251433 0.761099
v 97.8712 -82.4828 667.486
vn -0.339761 -0.93127 0.131523
v 97.8712 -82.4828 667.486
vn 0.742489 -0.663922 0.088985
v 99.1565 -82.0701 666.112
vn 0.936922 0.0506805 0.345845
v 99.1565 -82.0701 666.112
vn 0.71335 -0.682438 0.159406
v 99.1565 -82.0701 666.112
vn 0.936922 0.0506805 0.345845
v 99.0309 -81.7702 666.408
vn 0.880565 -0.460401 0.112415
v 99.4892 -81.7737 665.548
vn 0.878459 -0.0948972 0.4683
v 99.4892 -81.7737 665.548
vn -0.26876 0.934893 0.231827
v 97.8265 -82.2959 668.089
vn -0.423835 -0.890755 0.164069
v 97.9772 -82.3642 668.403
vn -0.244289 0.916675 0.316275
v 97.9772 -82.3642 668.403
vn 0.431364 0.481701 0.762816
v 97.9772 -82.3642 668.403
vn 0.176435 -0.895234 0.409179
v 97.9772 -82.3642 668.403
vn -0.365522 -0.916825 0.160703
v 98.1147 -82.47 668.112
vn 0.431364 0.481701 0.762816
v 98.4578 -82.0806 667.952
vn 0.997764 0.0299541 0.0597503
v 98.4578 -82.0806 667.952
vn 0.223026 -0.312513 0.923361
v 98.4578 -82.0806 667.952
vn 0.71335 -0.682438 0.159406
v 98.473 -82.3792 667.848
vn 0.997764 0.0299541 0.0597503
v 98.473 -82.3792 667.848
vn 0.223026 -0.312513 0.923361
v 98.473 -82.3792 667.848
vn 0.212174 -0.955756 0.203748
v 98.4553 -82.387 668.147
vn 0.997764 0.0299541 0.0597503
v 98.4553 -82.387 668.147
vn 0.958277 0.194251 0.209693
v 98.7675 -82.063 667.883
vn 0.71335 -0.682438 0.159406
v 98.7675 -82.063 667.883
vn 0.223026 -0.312513 0.923361
v 98.7675 -82.063 667.883
f 3//3 58//58 57//57
f 50//50 1//1 2//2
f 53//53 64//64 3//3
f 61//61 76//76 6//6
f 3//3 1//1 58//58
f 64//64 4//4 3//3
f 2471//2471 5//5 75//75
f 76//76 81//81 6//6
f 61//61 2471//2471 75//75
f 1//1 8//8 2//2
f 10//10 6//6 81//81
f 81//81 11//11 10//10
f 7//7 77//77 2//2
f 7//7 2473//2473 77//77
f 7//7 12//12 2473//2473
f 2//2 2474//2474 7//7
f 3//3 8//8 1//1
f 3//3 4//4 8//8
f 4//4 110//110 8//8
f 2471//2471 9//9 5//5
f 2471//2471 2472//2472 9//9
f 8//8 2474//2474 2//2
f 17//17 10//10 11//11
f 9//9 2472//2472 2475//2475
f 2470//2470 9//9 16//16
f 2473//2473 12//12 2475//2475
f 12//12 110//110 2475//2475
f 12//12 8//8 110//110
f 14//14 13//13 18//18
f 19//19 14//14 18//18
f 15//15 23//23 13//13
f 9//9 20//20 16//16
f 16//16 26//26 2470//2470
f 26//26 16//16 20//20
f 9//9 2475//2475 20//20
f 2475//2475 131//131 20//20
f 2475//2475 110//110 131//131
f 18//18 22//22 19//19
f 18//18 13//13 21//21
f 18//18 21//21 22//22
f 21//21 13//13 23//23
f 25//25 21//21 23//23
f 21//21 2476//2476 22//22
f 23//23 26//26 25//25
f 26//26 28//28 25//25
f 22//22 2476//2476 24//24
f 24//24 2476//2476 29//29
f 26//26 130//130 28//28
f 27//27 25//25 28//28
f 26//26 20//20 130//130
f 116//116 29//29 31//31
f 29//29 2476//2476 30//30
f 148//148 27//27 28//28
f 130//130 20//20 148//148
f 29//29 32//32 31//31
f 30//30 33//33 29//29
f 29//29 33//33 32//32
f 30//30 27//27 33//33
f 2476//2476 27//27 30//30
f 33//33 34//34 32//32
f 31//31 32//32 34//34
f 27//27 36//36 33//33
f 27//27 148//148 36//36
f 31//31 34//34 35//35
f 33//33 152//152 34//34
f 33//33 36//36 152//152
f 35//35 34//34 150//150
f 176//176 39//39 38//38
f 169//169 45//45 37//37
f 173//173 176//176 38//38
f 181//181 182//182 52//52
f 39//39 53//53 38//38
f 41//41 46//46 45//45
f 45//45 183//183 41//41
f 183//183 40//40 42//42
f 46//46 41//41 59//59
f 41//41 183//183 59//59
f 183//183 42//42 2478//2478
f 272//272 175//175 47//47
f 175//175 181//181 50//50
f 44//44 57//57 43//43
f 43//43 173//173 44//44
f 38//38 44//44 173//173
f 38//38 53//53 44//44
f 39//39 45//45 53//53
f 59//59 45//45 46//46
f 42//42 40//40 2478//2478
f 180//180 184//184 40//40
f 40//40 184//184 2479//2479
f 56//56 49//49 48//48
f 48//48 47//47 56//56
f 48//48 49//49 272//272
f 272//272 47//47 48//48
f 50//50 51//51 58//58
f 51//51 181//181 2477//2477
f 50//50 181//181 51//51
f 57//57 52//52 43//43
f 51//51 2477//2477 58//58
f 58//58 52//52 57//57
f 175//175 50//50 47//47
f 182//182 43//43 52//52
f 53//53 57//57 44//44
f 45//45 66//66 53//53
f 45//45 59//59 66//66
f 59//59 67//67 66//66
f 184//184 190//190 2479//2479
f 49//49 56//56 54//54
f 50//50 58//58 1//1
f 2//2 47//47 50//50
f 55//55 47//47 2//2
f 55//55 2//2 77//77
f 47//47 55//55 56//56
f 56//56 55//55 77//77
f 3//3 57//57 53//53
f 59//59 68//68 67//67
f 2479//2479 190//190 2482//2482
f 200//200 60//60 199//199
f 75//75 196//196 54//54
f 197//197 196//196 72//72
f 62//62 61//61 54//54
f 54//54 61//61 75//75
f 63//63 61//61 62//62
f 54//54 56//56 62//62
f 77//77 63//63 56//56
f 56//56 63//63 62//62
f 64//64 53//53 65//65
f 53//53 66//66 2481//2481
f 66//66 67//67 82//82
f 67//67 68//68 82//82
f 190//190 84//84 2482//2482
f 84//84 190//190 185//185
f 199//199 60//60 70//70
f 70//70 60//60 80//80
f 2480//2480 69//69 2484//2484
f 69//69 202//202 73//73
f 78//78 70//70 80//80
f 70//70 78//78 208//208
f 71//71 196//196 75//75
f 72//72 71//71 79//79
f 80//80 72//72 79//79
f 196//196 71//71 72//72
f 73//73 2484//2484 69//69
f 80//80 74//74 72//72
f 202//202 2483//2483 73//73
f 2516//2516 72//72 74//74
f 2483//2483 2484//2484 73//73
f 76//76 77//77 81//81
f 63//63 76//76 61//61
f 63//63 77//77 76//76
f 4//4 64//64 89//89
f 64//64 65//65 89//89
f 2481//2481 66//66 89//89
f 66//66 90//90 89//89
f 66//66 82//82 90//90
f 80//80 85//85 78//78
f 208//208 78//78 85//85
f 86//86 80//80 79//79
f 80//80 86//86 91//91
f 75//75 2470//2470 71//71
f 81//81 77//77 2473//2473
f 4//4 89//89 88//88
f 2486//2486 82//82 68//68
f 2486//2486 83//83 82//82
f 83//83 104//104 90//90
f 82//82 83//83 90//90
f 84//84 2493//2493 2485//2485
f 2493//2493 84//84 287//287
f 79//79 94//94 86//86
f 85//85 80//80 91//91
f 79//79 87//87 94//94
f 71//71 2487//2487 79//79
f 71//71 103//103 2487//2487
f 4//4 88//88 110//110
f 88//88 89//89 110//110
f 91//91 92//92 85//85
f 92//92 100//100 85//85
f 217//217 85//85 100//100
f 97//97 100//100 92//92
f 92//92 98//98 2488//2488
f 92//92 91//91 98//98
f 86//86 14//14 91//91
f 94//94 13//13 86//86
f 94//94 93//93 13//13
f 94//94 87//87 93//93
f 13//13 14//14 86//86
f 71//71 2470//2470 103//103
f 15//15 13//13 93//93
f 2492//2492 15//15 87//87
f 87//87 15//15 93//93
f 90//90 110//110 89//89
f 90//90 104//104 110//110
f 287//287 112//112 2493//2493
f 2519//2519 2489//2489 95//95
f 102//102 95//95 2489//2489
f 218//218 2519//2519 95//95
f 2491//2491 218//218 95//95
f 2488//2488 98//98 105//105
f 105//105 100//100 97//97
f 99//99 108//108 105//105
f 96//96 14//14 2494//2494
f 14//14 96//96 91//91
f 105//105 98//98 99//99
f 98//98 91//91 99//99
f 91//91 108//108 99//99
f 96//96 2494//2494 91//91
f 100//100 105//105 101//101
f 2490//2490 102//102 2489//2489
f 101//101 106//106 2491//2491
f 2491//2491 106//106 218//218
f 15//15 2492//2492 23//23
f 2492//2492 26//26 23//23
f 2470//2470 26//26 103//103
f 104//104 111//111 110//110
f 112//112 2495//2495 2493//2493
f 108//108 109//109 105//105
f 116//116 113//113 105//105
f 105//105 109//109 116//116
f 105//105 113//113 101//101
f 113//113 106//106 101//101
f 218//218 106//106 219//219
f 19//19 107//107 14//14
f 115//115 2494//2494 19//19
f 107//107 2494//2494 14//14
f 107//107 19//19 2494//2494
f 109//109 108//108 2496//2496
f 2496//2496 116//116 109//109
f 112//112 118//118 2495//2495
f 125//125 219//219 129//129
f 106//106 113//113 114//114
f 106//106 114//114 219//219
f 219//219 114//114 120//120
f 19//19 24//24 115//115
f 19//19 22//22 24//24
f 116//116 24//24 29//29
f 2496//2496 24//24 116//116
f 110//110 111//111 117//117
f 111//111 2497//2497 117//117
f 287//287 118//118 112//112
f 287//287 119//119 118//118
f 126//126 219//219 120//120
f 131//131 110//110 121//121
f 110//110 117//117 121//121
f 117//117 2497//2497 121//121
f 2497//2497 122//122 121//121
f 122//122 123//123 121//121
f 121//121 123//123 127//127
f 2497//2497 124//124 122//122
f 124//124 2498//2498 122//122
f 2499//2499 2500//2500 128//128
f 128//128 127//127 2499//2499
f 221//221 2500//2500 118//118
f 2500//2500 221//221 128//128
f 221//221 118//118 119//119
f 287//287 221//221 119//119
f 133//133 224//224 125//125
f 120//120 114//114 113//113
f 120//120 134//134 126//126
f 219//219 126//126 129//129
f 126//126 134//134 129//129
f 133//133 125//125 129//129
f 121//121 127//127 131//131
f 113//113 134//134 120//120
f 113//113 116//116 31//31
f 113//113 35//35 134//134
f 28//28 130//130 148//148
f 20//20 131//131 140//140
f 131//131 127//127 132//132
f 128//128 135//135 127//127
f 127//127 135//135 132//132
f 128//128 136//136 135//135
f 136//136 128//128 221//221
f 137//137 133//133 129//129
f 31//31 35//35 113//113
f 139//139 131//131 132//132
f 135//135 139//139 132//132
f 136//136 139//139 135//135
f 302//302 136//136 221//221
f 137//137 129//129 134//134
f 144//144 138//138 133//133
f 133//133 137//137 144//144
f 224//224 133//133 138//138
f 149//149 224//224 138//138
f 131//131 139//139 140//140
f 140//140 148//148 20//20
f 141//141 139//139 136//136
f 142//142 2501//2501 136//136
f 302//302 142//142 136//136
f 149//149 138//138 144//144
f 143//143 137//137 134//134
f 134//134 35//35 145//145
f 139//139 146//146 140//140
f 146//146 148//148 140//140
f 141//141 146//146 139//139
f 2503//2503 2504//2504 2502//2502
f 145//145 143//143 134//134
f 137//137 143//143 144//144
f 143//143 147//147 144//144
f 35//35 150//150 145//145
f 145//145 150//150 143//143
f 143//143 150//150 147//147
f 36//36 148//148 152//152
f 153//153 144//144 147//147
f 147//147 150//150 153//153
f 153//153 149//149 144//144
f 152//152 148//148 157//157
f 157//157 146//146 238//238
f 148//148 146//146 157//157
f 2504//2504 2503//2503 2520//2520
f 151//151 149//149 153//153
f 150//150 34//34 152//152
f 246//246 151//151 153//153
f 151//151 246//246 237//237
f 150//150 156//156 153//153
f 156//156 150//150 152//152
f 157//157 158//158 152//152
f 156//156 154//154 153//153
f 154//154 246//246 153//153
f 155//155 154//154 156//156
f 158//158 155//155 156//156
f 155//155 158//158 154//154
f 152//152 158//158 156//156
f 265//265 160//160 264//264
f 159//159 360//360 164//164
f 265//265 169//169 160//160
f 360//360 160//160 164//164
f 37//37 159//159 164//164
f 468//468 161//161 265//265
f 266//266 165//165 161//161
f 162//162 159//159 37//37
f 162//162 176//176 163//163
f 168//168 268//268 163//163
f 159//159 163//163 268//268
f 163//163 159//159 162//162
f 160//160 37//37 164//164
f 160//160 169//169 37//37
f 271//271 2505//2505 166//166
f 167//167 271//271 166//166
f 174//174 168//168 163//163
f 175//175 166//166 2505//2505
f 176//176 162//162 37//37
f 170//170 177//177 169//169
f 177//177 170//170 179//179
f 169//169 2529//2529 170//170
f 2529//2529 179//179 170//170
f 265//265 171//171 179//179
f 171//171 180//180 40//40
f 265//265 161//161 171//171
f 161//161 165//165 180//180
f 161//161 180//180 171//171
f 167//167 166//166 175//175
f 173//173 174//174 163//163
f 173//173 182//182 174//174
f 174//174 182//182 168//168
f 182//182 181//181 2505//2505
f 2505//2505 181//181 175//175
f 37//37 39//39 176//176
f 173//173 43//43 182//182
f 173//173 163//163 176//176
f 37//37 45//45 39//39
f 169//169 177//177 45//45
f 178//178 177//177 179//179
f 183//183 178//178 171//171
f 40//40 183//183 171//171
f 177//177 183//183 45//45
f 183//183 177//177 178//178
f 171//171 178//178 179//179
f 2506//2506 165//165 2507//2507
f 185//185 2507//2507 165//165
f 272//272 54//54 172//172
f 272//272 167//167 175//175
f 190//190 2507//2507 185//185
f 187//187 191//191 189//189
f 274//274 191//191 275//275
f 54//54 196//196 172//172
f 196//196 188//188 172//172
f 2509//2509 186//186 2510//2510
f 187//187 189//189 2508//2508
f 194//194 2509//2509 2512//2512
f 368//368 2509//2509 2510//2510
f 272//272 49//49 54//54
f 201//201 198//198 191//191
f 275//275 191//191 198//198
f 195//195 2515//2515 193//193
f 2508//2508 2511//2511 192//192
f 2515//2515 195//195 69//69
f 2509//2509 194//194 186//186
f 193//193 186//186 194//194
f 2508//2508 192//192 187//187
f 194//194 195//195 193//193
f 69//69 195//195 2513//2513
f 192//192 201//201 187//187
f 194//194 2512//2512 2514//2514
f 195//195 194//194 2513//2513
f 187//187 201//201 191//191
f 198//198 201//201 275//275
f 206//206 209//209 276//276
f 206//206 369//369 275//275
f 277//277 276//276 204//204
f 276//276 369//369 206//206
f 199//199 192//192 2511//2511
f 2511//2511 200//200 199//199
f 2515//2515 69//69 2480//2480
f 201//201 192//192 199//199
f 2513//2513 202//202 69//69
f 199//199 70//70 201//201
f 208//208 275//275 201//201
f 206//206 275//275 208//208
f 2516//2516 197//197 72//72
f 276//276 209//209 203//203
f 276//276 212//212 204//204
f 276//276 203//203 2517//2517
f 205//205 370//370 277//277
f 205//205 277//277 204//204
f 205//205 215//215 370//370
f 370//370 215//215 372//372
f 201//201 70//70 208//208
f 206//206 208//208 209//209
f 84//84 185//185 287//287
f 204//204 212//212 205//205
f 207//207 205//205 212//212
f 85//85 209//209 208//208
f 211//211 209//209 85//85
f 210//210 209//209 211//211
f 211//211 85//85 217//217
f 2517//2517 210//210 213//213
f 210//210 211//211 213//213
f 213//213 211//211 217//217
f 207//207 2518//2518 216//216
f 213//213 217//217 216//216
f 2517//2517 203//203 209//209
f 209//209 210//210 2517//2517
f 2518//2518 207//207 212//212
f 205//205 207//207 214//214
f 214//214 215//215 205//205
f 214//214 219//219 215//215
f 207//207 216//216 214//214
f 214//214 216//216 219//219
f 219//219 220//220 215//215
f 215//215 220//220 284//284
f 218//218 219//219 216//216
f 217//217 218//218 216//216
f 125//125 220//220 219//219
f 284//284 220//220 222//222
f 220//220 125//125 222//222
f 284//284 222//222 223//223
f 288//288 284//284 223//223
f 222//222 125//125 224//224
f 223//223 222//222 224//224
f 293//293 290//290 292//292
f 225//225 292//292 223//223
f 224//224 225//225 223//223
f 293//293 292//292 225//225
f 221//221 287//287 302//302
f 225//225 298//298 293//293
f 224//224 228//228 225//225
f 149//149 228//228 224//224
f 225//225 228//228 229//229
f 225//225 229//229 226//226
f 229//229 227//227 226//226
f 298//298 225//225 227//227
f 225//225 226//226 227//227
f 300//300 298//298 227//227
f 230//230 300//300 227//227
f 227//227 229//229 230//230
f 228//228 149//149 229//229
f 231//231 300//300 230//230
f 149//149 230//230 229//229
f 149//149 151//151 230//230
f 151//151 231//231 230//230
f 300//300 231//231 234//234
f 151//151 232//232 231//231
f 232//232 233//233 231//231
f 233//233 234//234 231//231
f 142//142 302//302 235//235
f 237//237 232//232 151//151
f 235//235 2521//2521 142//142
f 233//233 232//232 237//237
f 236//236 301//301 234//234
f 233//233 237//237 234//234
f 235//235 302//302 2521//2521
f 237//237 236//236 234//234
f 302//302 239//239 2521//2521
f 237//237 240//240 236//236
f 157//157 238//238 158//158
f 241//241 2521//2521 239//239
f 240//240 237//237 246//246
f 240//240 242//242 245//245
f 245//245 236//236 240//240
f 239//239 304//304 2522//2522
f 240//240 250//250 242//242
f 244//244 242//242 2524//2524
f 242//242 243//243 245//245
f 244//244 247//247 243//243
f 243//243 242//242 244//244
f 245//245 243//243 247//247
f 248//248 249//249 246//246
f 246//246 249//249 240//240
f 240//240 249//249 250//250
f 158//158 259//259 258//258
f 2524//2524 247//247 244//244
f 251//251 309//309 247//247
f 249//249 254//254 252//252
f 248//248 254//254 249//249
f 247//247 2524//2524 251//251
f 2524//2524 2525//2525 251//251
f 250//250 249//249 252//252
f 158//158 258//258 154//154
f 246//246 154//154 2523//2523
f 154//154 258//258 2523//2523
f 309//309 251//251 310//310
f 254//254 248//248 256//256
f 2527//2527 2523//2523 258//258
f 2526//2526 251//251 2525//2525
f 238//238 255//255 158//158
f 255//255 238//238 308//308
f 2521//2521 241//241 2532//2532
f 310//310 251//251 253//253
f 2526//2526 253//253 251//251
f 254//254 256//256 261//261
f 158//158 255//255 259//259
f 2526//2526 257//257 253//253
f 2528//2528 257//257 2526//2526
f 260//260 253//253 257//257
f 257//257 2528//2528 260//260
f 253//253 260//260 310//310
f 2527//2527 258//258 2528//2528
f 258//258 259//259 329//329
f 259//259 255//255 262//262
f 255//255 308//308 262//262
f 259//259 262//262 329//329
f 258//258 329//329 2528//2528
f 265//265 264//264 263//263
f 468//468 469//469 266//266
f 268//268 359//359 360//360
f 268//268 360//360 159//159
f 160//160 360//360 264//264
f 268//268 267//267 361//361
f 468//468 266//266 161//161
f 266//266 362//362 165//165
f 165//165 362//362 365//365
f 269//269 167//167 272//272
f 167//167 269//269 267//267
f 168//168 270//270 268//268
f 268//268 270//270 267//267
f 172//172 269//269 272//272
f 172//172 474//474 269//269
f 474//474 172//172 367//367
f 267//267 2530//2530 271//271
f 2530//2530 2505//2505 271//271
f 267//267 271//271 167//167
f 367//367 172//172 2584//2584
f 365//365 273//273 165//165
f 274//274 366//366 2585//2585
f 188//188 2584//2584 172//172
f 273//273 185//185 165//165
f 2585//2585 189//189 191//191
f 191//191 274//274 2585//2585
f 370//370 369//369 276//276
f 273//273 287//287 185//185
f 274//274 275//275 369//369
f 276//276 277//277 370//370
f 372//372 215//215 373//373
f 375//375 373//373 278//278
f 215//215 279//279 278//278
f 373//373 215//215 278//278
f 279//279 280//280 278//278
f 379//379 278//278 280//280
f 379//379 280//280 283//283
f 279//279 215//215 284//284
f 285//285 283//283 280//280
f 285//285 282//282 283//283
f 283//283 282//282 380//380
f 281//281 381//381 380//380
f 380//380 282//282 281//281
f 279//279 285//285 280//280
f 285//285 279//279 284//284
f 288//288 285//285 284//284
f 289//289 282//282 2531//2531
f 285//285 288//288 282//282
f 281//281 282//282 289//289
f 281//281 289//289 286//286
f 223//223 289//289 2531//2531
f 286//286 289//289 290//290
f 223//223 290//290 289//289
f 223//223 292//292 290//290
f 290//290 294//294 291//291
f 383//383 291//291 294//294
f 383//383 294//294 297//297
f 293//293 294//294 290//290
f 294//294 293//293 295//295
f 295//295 293//293 298//298
f 294//294 295//295 296//296
f 296//296 295//295 298//298
f 297//297 294//294 296//296
f 297//297 296//296 388//388
f 388//388 296//296 298//298
f 298//298 300//300 388//388
f 388//388 299//299 390//390
f 391//391 390//390 299//299
f 388//388 300//300 299//299
f 301//301 299//299 234//234
f 391//391 299//299 301//301
f 299//299 300//300 234//234
f 302//302 397//397 239//239
f 303//303 396//396 236//236
f 236//236 305//305 303//303
f 305//305 306//306 303//303
f 239//239 397//397 304//304
f 303//303 306//306 399//399
f 305//305 236//236 245//245
f 247//247 305//305 245//245
f 306//306 307//307 399//399
f 305//305 247//247 309//309
f 305//305 309//309 306//306
f 312//312 2522//2522 304//304
f 312//312 304//304 397//397
f 309//309 311//311 306//306
f 306//306 311//311 307//307
f 403//403 307//307 311//311
f 403//403 311//311 405//405
f 2533//2533 2522//2522 312//312
f 317//317 405//405 311//311
f 310//310 315//315 309//309
f 309//309 313//313 311//311
f 260//260 319//319 310//310
f 310//310 319//319 315//315
f 315//315 314//314 309//309
f 314//314 313//313 309//309
f 311//311 313//313 317//317
f 411//411 405//405 317//317
f 320//320 313//313 314//314
f 315//315 320//320 314//314
f 313//313 318//318 317//317
f 316//316 313//313 321//321
f 318//318 316//316 321//321
f 313//313 316//316 318//318
f 318//318 324//324 317//317
f 318//318 327//327 324//324
f 317//317 324//324 411//411
f 319//319 320//320 315//315
f 319//319 328//328 320//320
f 320//320 328//328 313//313
f 328//328 326//326 313//313
f 313//313 326//326 321//321
f 319//319 260//260 328//328
f 329//329 260//260 2528//2528
f 308//308 322//322 262//262
f 2534//2534 323//323 2535//2535
f 330//330 2535//2535 323//323
f 325//325 318//318 321//321
f 318//318 325//325 327//327
f 327//327 414//414 324//324
f 324//324 414//414 411//411
f 321//321 326//326 325//325
f 326//326 327//327 325//325
f 328//328 260//260 340//340
f 328//328 340//340 326//326
f 329//329 352//352 340//340
f 262//262 2536//2536 329//329
f 2536//2536 331//331 329//329
f 332//332 2537//2537 2533//2533
f 2537//2537 332//332 2538//2538
f 332//332 2533//2533 312//312
f 414//414 327//327 417//417
f 326//326 340//340 424//424
f 424//424 327//327 326//326
f 329//329 340//340 260//260
f 2536//2536 2539//2539 331//331
f 2544//2544 2540//2540 336//336
f 337//337 2541//2541 346//346
f 2565//2565 2545//2545 2554//2554
f 2551//2551 339//339 2546//2546
f 2555//2555 2547//2547 2558//2558
f 2565//2565 343//343 2545//2545
f 2538//2538 332//332 2566//2566
f 312//312 421//421 332//332
f 334//334 333//333 335//335
f 2549//2549 2550//2550 2548//2548
f 2542//2542 2555//2555 338//338
f 2543//2543 2556//2556 2552//2552
f 2555//2555 2558//2558 338//338
f 2553//2553 2557//2557 2559//2559
f 352//352 354//354 340//340
f 329//329 331//331 341//341
f 331//331 343//343 341//341
f 345//345 341//341 344//344
f 341//341 345//345 342//342
f 2562//2562 348//348 2560//2560
f 341//341 342//342 329//329
f 342//342 351//351 329//329
f 342//342 2570//2570 351//351
f 2570//2570 350//350 351//351
f 351//351 352//352 329//329
f 343//343 344//344 341//341
f 2567//2567 347//347 2561//2561
f 343//343 2565//2565 344//344
f 2561//2561 347//347 2563//2563
f 2566//2566 332//332 349//349
f 2566//2566 349//349 2568//2568
f 2571//2571 2564//2564 2573//2573
f 2573//2573 2564//2564 2569//2569
f 2572//2572 2574//2574 2575//2575
f 349//349 332//332 355//355
f 349//349 355//355 2576//2576
f 352//352 353//353 354//354
f 2577//2577 2580//2580 2578//2578
f 351//351 353//353 352//352
f 2579//2579 2578//2578 2580//2580
f 2580//2580 356//356 2579//2579
f 353//353 2581//2581 354//354
f 2581//2581 427//427 354//354
f 354//354 2588//2588 340//340
f 420//420 422//422 2582//2582
f 2589//2589 2583//2583 2587//2587
f 425//425 340//340 2588//2588
f 357//357 263//263 358//358
f 467//467 360//360 359//359
f 358//358 264//264 360//360
f 358//358 263//263 264//264
f 357//357 468//468 265//265
f 357//357 265//265 263//263
f 359//359 268//268 361//361
f 266//266 469//469 362//362
f 469//469 664//664 362//362
f 664//664 678//678 362//362
f 269//269 363//363 267//267
f 364//364 363//363 269//269
f 269//269 474//474 364//364
f 363//363 364//364 472//472
f 362//362 678//678 365//365
f 367//367 473//473 474//474
f 367//367 2584//2584 473//473
f 2626//2626 2585//2585 476//476
f 476//476 2585//2585 366//366
f 366//366 274//274 369//369
f 369//369 476//476 366//366
f 365//365 678//678 482//482
f 370//370 478//478 369//369
f 476//476 369//369 478//478
f 478//478 370//370 480//480
f 482//482 273//273 365//365
f 480//480 370//370 371//371
f 480//480 371//371 372//372
f 480//480 372//372 375//375
f 371//371 370//370 372//372
f 372//372 373//373 375//375
f 273//273 484//484 287//287
f 486//486 374//374 376//376
f 379//379 375//375 278//278
f 376//376 375//375 379//379
f 374//374 375//375 376//376
f 377//377 376//376 379//379
f 376//376 377//377 381//381
f 490//490 376//376 381//381
f 490//490 381//381 382//382
f 378//378 490//490 382//382
f 491//491 490//490 378//378
f 379//379 283//283 377//377
f 377//377 283//283 381//381
f 283//283 380//380 381//381
f 286//286 381//381 281//281
f 382//382 381//381 286//286
f 378//378 382//382 286//286
f 378//378 286//286 290//290
f 491//491 378//378 492//492
f 492//492 378//378 290//290
f 492//492 290//290 383//383
f 484//484 496//496 287//287
f 502//502 495//495 383//383
f 290//290 291//291 383//383
f 499//499 495//495 502//502
f 502//502 383//383 384//384
f 297//297 384//384 383//383
f 502//502 384//384 385//385
f 388//388 385//385 384//384
f 388//388 502//502 385//385
f 287//287 496//496 389//389
f 384//384 297//297 386//386
f 384//384 386//386 387//387
f 297//297 388//388 386//386
f 388//388 384//384 387//387
f 388//388 387//387 386//386
f 389//389 302//302 287//287
f 388//388 2586//2586 502//502
f 502//502 390//390 391//391
f 507//507 389//389 501//501
f 506//506 391//391 392//392
f 506//506 392//392 393//393
f 392//392 391//391 301//301
f 394//394 302//302 389//389
f 301//301 236//236 392//392
f 393//393 392//392 236//236
f 508//508 395//395 509//509
f 236//236 395//395 508//508
f 393//393 236//236 508//508
f 396//396 395//395 236//236
f 302//302 394//394 512//512
f 513//513 512//512 394//394
f 512//512 397//397 302//302
f 398//398 303//303 399//399
f 396//396 303//303 398//398
f 512//512 517//517 397//397
f 400//400 396//396 398//398
f 401//401 396//396 400//400
f 515//515 396//396 401//401
f 400//400 398//398 399//399
f 399//399 307//307 402//402
f 402//402 400//400 399//399
f 400//400 402//402 401//401
f 402//402 307//307 403//403
f 401//401 402//402 403//403
f 404//404 397//397 517//517
f 515//515 401//401 403//403
f 406//406 403//403 405//405
f 397//397 404//404 312//312
f 520//520 312//312 404//404
f 407//407 516//516 406//406
f 408//408 407//407 406//406
f 405//405 408//408 406//406
f 408//408 410//410 407//407
f 516//516 407//407 410//410
f 413//413 410//410 409//409
f 408//408 409//409 410//410
f 405//405 411//411 412//412
f 413//413 521//521 410//410
f 415//415 412//412 411//411
f 414//414 415//415 411//411
f 408//408 405//405 412//412
f 412//412 409//409 408//408
f 413//413 409//409 412//412
f 412//412 416//416 413//413
f 412//412 415//415 416//416
f 415//415 418//418 416//416
f 416//416 419//419 413//413
f 418//418 419//419 416//416
f 421//421 312//312 520//520
f 418//418 415//415 414//414
f 414//414 417//417 418//418
f 418//418 417//417 419//419
f 520//520 523//523 421//421
f 424//424 419//419 417//417
f 327//327 424//424 417//417
f 413//413 419//419 423//423
f 420//420 355//355 332//332
f 355//355 420//420 2582//2582
f 420//420 332//332 421//421
f 424//424 423//423 419//419
f 420//420 426//426 422//422
f 421//421 426//426 420//420
f 426//426 421//421 524//524
f 424//424 432//432 423//423
f 526//526 413//413 423//423
f 425//425 429//429 340//340
f 428//428 425//425 2588//2588
f 428//428 429//429 425//425
f 422//422 426//426 430//430
f 433//433 340//340 429//429
f 438//438 434//434 426//426
f 438//438 426//426 524//524
f 2587//2587 2592//2592 2589//2589
f 2590//2590 2589//2589 2592//2592
f 2590//2590 2592//2592 2591//2591
f 2592//2592 431//431 2591//2591
f 429//429 2593//2593 433//433
f 426//426 434//434 430//430
f 430//430 434//434 2594//2594
f 434//434 2595//2595 2594//2594
f 423//423 435//435 526//526
f 423//423 432//432 435//435
f 529//529 432//432 424//424
f 424//424 454//454 529//529
f 433//433 439//439 340//340
f 2596//2596 2595//2595 434//434
f 435//435 432//432 437//437
f 436//436 432//432 529//529
f 432//432 436//436 437//437
f 436//436 530//530 437//437
f 437//437 528//528 435//435
f 340//340 439//439 440//440
f 441//441 340//340 440//440
f 340//340 441//441 444//444
f 424//424 340//340 454//454
f 340//340 444//444 454//454
f 439//439 443//443 440//440
f 2601//2601 445//445 2598//2598
f 443//443 441//441 440//440
f 442//442 2596//2596 434//434
f 2597//2597 2600//2600 2602//2602
f 434//434 2604//2604 442//442
f 2605//2605 2602//2602 2600//2600
f 446//446 444//444 441//441
f 2608//2608 2599//2599 2606//2606
f 2603//2603 2609//2609 447//447
f 2607//2607 434//434 438//438
f 2607//2607 438//438 2610//2610
f 438//438 448//448 2610//2610
f 454//454 444//444 2611//2611
f 2612//2612 449//449 450//450
f 2615//2615 454//454 2611//2611
f 2609//2609 2613//2613 447//447
f 2610//2610 448//448 2614//2614
f 438//438 452//452 448//448
f 448//448 452//452 2614//2614
f 2616//2616 450//450 449//449
f 2615//2615 451//451 454//454
f 533//533 454//454 451//451
f 452//452 438//438 534//534
f 450//450 453//453 451//451
f 450//450 2616//2616 453//453
f 453//453 533//533 451//451
f 534//534 2617//2617 452//452
f 2618//2618 2630//2630 2629//2629
f 2629//2629 2630//2630 455//455
f 454//454 533//533 2619//2619
f 456//456 584//584 457//457
f 458//458 461//461 466//466
f 459//459 357//357 461//461
f 459//459 638//638 462//462
f 638//638 463//463 462//462
f 458//458 466//466 460//460
f 465//465 460//460 466//466
f 461//461 357//357 466//466
f 462//462 463//463 468//468
f 462//462 468//468 357//357
f 459//459 462//462 357//357
f 644//644 464//464 463//463
f 640//640 645//645 464//464
f 360//360 646//646 465//465
f 465//465 466//466 360//360
f 464//464 468//468 463//463
f 647//647 464//464 645//645
f 467//467 646//646 360//360
f 466//466 357//357 358//358
f 464//464 469//469 468//468
f 464//464 647//647 469//469
f 469//469 647//647 900//900
f 358//358 360//360 466//466
f 470//470 363//363 471//471
f 267//267 363//363 470//470
f 470//470 361//361 267//267
f 472//472 471//471 363//363
f 656//656 471//471 472//472
f 472//472 477//477 661//661
f 473//473 472//472 474//474
f 472//472 364//364 474//474
f 477//477 472//472 2626//2626
f 477//477 2626//2626 476//476
f 477//477 476//476 475//475
f 475//475 476//476 478//478
f 677//677 479//479 687//687
f 478//478 480//480 479//479
f 687//687 479//479 480//480
f 480//480 695//695 687//687
f 481//481 695//695 480//480
f 700//700 695//695 481//481
f 481//481 480//480 375//375
f 700//700 481//481 375//375
f 700//700 375//375 374//374
f 483//483 486//486 706//706
f 702//702 483//483 706//706
f 482//482 484//484 273//273
f 485//485 484//484 482//482
f 483//483 374//374 486//486
f 706//706 486//486 487//487
f 706//706 487//487 488//488
f 485//485 489//489 484//484
f 485//485 708//708 489//489
f 487//487 486//486 376//376
f 376//376 490//490 487//487
f 491//491 487//487 490//490
f 488//488 487//487 491//491
f 488//488 491//491 492//492
f 710//710 488//488 492//492
f 493//493 711//711 710//710
f 710//710 492//492 493//493
f 711//711 493//493 712//712
f 712//712 493//493 495//495
f 493//493 492//492 383//383
f 713//713 495//495 499//499
f 494//494 496//496 484//484
f 484//484 489//489 494//494
f 489//489 715//715 494//494
f 493//493 383//383 495//495
f 494//494 715//715 500//500
f 499//499 502//502 498//498
f 499//499 498//498 497//497
f 497//497 503//503 718//718
f 498//498 503//503 497//497
f 716//716 499//499 497//497
f 494//494 501//501 496//496
f 501//501 494//494 500//500
f 505//505 501//501 725//725
f 501//501 500//500 725//725
f 503//503 498//498 502//502
f 718//718 503//503 506//506
f 496//496 501//501 389//389
f 504//504 505//505 725//725
f 504//504 728//728 505//505
f 502//502 391//391 503//503
f 506//506 503//503 391//391
f 728//728 729//729 505//505
f 505//505 507//507 501//501
f 505//505 729//729 507//507
f 507//507 741//741 389//389
f 507//507 738//738 741//741
f 394//394 389//389 513//513
f 746//746 508//508 750//750
f 389//389 742//742 513//513
f 750//750 508//508 509//509
f 396//396 509//509 395//395
f 742//742 756//756 513//513
f 396//396 510//510 509//509
f 509//509 510//510 752//752
f 748//748 509//509 752//752
f 511//511 752//752 510//510
f 754//754 752//752 511//511
f 762//762 511//511 396//396
f 510//510 396//396 511//511
f 511//511 762//762 761//761
f 762//762 396//396 515//515
f 761//761 762//762 755//755
f 762//762 515//515 514//514
f 516//516 514//514 515//515
f 772//772 769//769 516//516
f 520//520 517//517 512//512
f 513//513 780//780 512//512
f 780//780 520//520 512//512
f 780//780 513//513 777//777
f 403//403 406//406 515//515
f 517//517 520//520 404//404
f 516//516 410//410 518//518
f 515//515 406//406 516//516
f 518//518 410//410 519//519
f 781//781 518//518 519//519
f 519//519 410//410 521//521
f 521//521 522//522 519//519
f 781//781 519//519 782//782
f 519//519 522//522 782//782
f 413//413 522//522 521//521
f 522//522 413//413 525//525
f 520//520 792//792 523//523
f 524//524 421//421 523//523
f 523//523 798//798 524//524
f 526//526 525//525 413//413
f 526//526 435//435 527//527
f 531//531 535//535 524//524
f 798//798 531//531 524//524
f 438//438 524//524 535//535
f 435//435 528//528 527//527
f 796//796 526//526 527//527
f 536//536 527//527 528//528
f 530//530 436//436 529//529
f 530//530 532//532 437//437
f 530//530 529//529 532//532
f 534//534 438//438 535//535
f 437//437 532//532 528//528
f 541//541 551//551 529//529
f 532//532 529//529 551//551
f 2620//2620 529//529 454//454
f 2621//2621 2631//2631 537//537
f 2620//2620 2632//2632 529//529
f 542//542 534//534 535//535
f 528//528 551//551 536//536
f 536//536 551//551 803//803
f 802//802 536//536 803//803
f 532//532 551//551 528//528
f 2631//2631 538//538 537//537
f 529//529 2632//2632 541//541
f 2633//2633 2634//2634 544//544
f 539//539 541//541 2632//2632
f 2632//2632 2640//2640 539//539
f 542//542 2635//2635 534//534
f 542//542 543//543 2641//2641
f 542//542 2642//2642 2635//2635
f 539//539 540//540 541//541
f 2636//2636 2638//2638 545//545
f 2637//2637 2643//2643 2639//2639
f 540//540 539//539 2640//2640
f 540//540 2644//2644 541//541
f 547//547 545//545 2638//2638
f 542//542 535//535 543//543
f 800//800 543//543 535//535
f 551//551 541//541 546//546
f 541//541 2644//2644 546//546
f 546//546 2644//2644 548//548
f 551//551 546//546 548//548
f 549//549 551//551 548//548
f 550//550 2647//2647 2646//2646
f 2649//2649 2645//2645 800//800
f 2646//2646 547//547 550//550
f 2645//2645 543//543 800//800
f 800//800 553//553 2649//2649
f 547//547 2646//2646 545//545
f 551//551 549//549 552//552
f 2648//2648 2650//2650 2651//2651
f 2652//2652 554//554 2651//2651
f 552//552 2653//2653 551//551
f 553//553 800//800 561//561
f 2650//2650 2652//2652 2651//2651
f 2653//2653 555//555 551//551
f 559//559 551//551 555//555
f 557//557 555//555 2653//2653
f 556//556 560//560 554//554
f 2667//2667 557//557 2653//2653
f 554//554 560//560 2668//2668
f 554//554 2652//2652 556//556
f 2657//2657 2669//2669 2654//2654
f 2661//2661 558//558 2655//2655
f 2658//2658 2656//2656 2664//2664
f 556//556 2665//2665 560//560
f 2670//2670 2659//2659 562//562
f 2666//2666 2662//2662 2673//2673
f 2671//2671 2674//2674 2663//2663
f 2665//2665 2675//2675 560//560
f 553//553 561//561 2660//2660
f 561//561 2676//2676 2660//2660
f 561//561 804//804 2676//2676
f 2672//2672 551//551 559//559
f 805//805 803//803 551//551
f 2675//2675 2734//2734 560//560
f 805//805 551//551 2672//2672
f 2736//2736 560//560 2734//2734
f 583//583 565//565 2623//2623
f 565//565 2622//2622 2623//2623
f 568//568 569//569 2678//2678
f 2684//2684 565//565 564//564
f 565//565 583//583 564//564
f 569//569 456//456 2678//2678
f 566//566 571//571 567//567
f 2681//2681 2688//2688 568//568
f 572//572 573//573 2679//2679
f 2679//2679 2682//2682 572//572
f 2684//2684 564//564 2683//2683
f 575//575 569//569 568//568
f 570//570 2689//2689 2680//2680
f 2685//2685 2679//2679 573//573
f 568//568 2688//2688 575//575
f 2686//2686 574//574 2690//2690
f 2688//2688 2692//2692 575//575
f 820//820 2693//2693 2691//2691
f 2691//2691 2693//2693 2687//2687
f 2752//2752 834//834 2692//2692
f 834//834 575//575 2692//2692
f 576//576 456//456 569//569
f 576//576 569//569 575//575
f 589//589 582//582 578//578
f 577//577 576//576 575//575
f 577//577 835//835 589//589
f 589//589 835//835 582//582
f 837//837 835//835 577//577
f 578//578 579//579 580//580
f 2694//2694 578//578 582//582
f 563//563 827//827 581//581
f 563//563 581//581 580//580
f 580//580 579//579 563//563
f 2696//2696 2759//2759 844//844
f 564//564 583//583 591//591
f 2623//2623 591//591 583//583
f 564//564 572//572 2682//2682
f 598//598 573//573 572//572
f 564//564 591//591 572//572
f 572//572 591//591 598//598
f 457//457 584//584 593//593
f 2624//2624 593//593 591//591
f 456//456 588//588 584//584
f 584//584 588//588 585//585
f 2697//2697 586//586 584//584
f 2698//2698 587//587 586//586
f 585//585 589//589 2699//2699
f 2701//2701 590//590 2700//2700
f 586//586 592//592 584//584
f 586//586 587//587 592//592
f 590//590 592//592 2700//2700
f 576//576 588//588 456//456
f 588//588 589//589 585//585
f 2695//2695 590//590 2701//2701
f 577//577 588//588 576//576
f 577//577 589//589 588//588
f 580//580 589//589 578//578
f 2696//2696 844//844 2695//2695
f 841//841 598//598 594//594
f 841//841 573//573 598//598
f 597//597 598//598 591//591
f 591//591 593//593 599//599
f 592//592 600//600 584//584
f 592//592 590//590 600//600
f 600//600 593//593 584//584
f 600//600 590//590 844//844
f 2695//2695 844//844 590//590
f 845//845 841//841 594//594
f 591//591 595//595 597//597
f 597//597 595//595 596//596
f 596//596 595//595 606//606
f 595//595 609//609 606//606
f 595//595 591//591 609//609
f 591//591 608//608 609//609
f 599//599 608//608 591//591
f 598//598 597//597 594//594
f 594//594 597//597 602//602
f 599//599 593//593 610//610
f 610//610 593//593 600//600
f 850//850 600//600 844//844
f 600//600 850//850 610//610
f 597//597 601//601 602//602
f 602//602 601//601 613//613
f 601//601 607//607 613//613
f 607//607 611//611 613//613
f 603//603 845//845 594//594
f 594//594 602//602 603//603
f 602//602 604//604 603//603
f 602//602 2703//2703 604//604
f 605//605 607//607 2702//2702
f 606//606 605//605 596//596
f 2702//2702 607//607 597//597
f 599//599 617//617 608//608
f 608//608 617//617 615//615
f 601//601 597//597 607//607
f 615//615 609//609 608//608
f 599//599 610//610 617//617
f 616//616 611//611 607//607
f 613//613 611//611 616//616
f 612//612 613//613 616//616
f 616//616 618//618 612//612
f 603//603 604//604 614//614
f 613//613 612//612 618//618
f 604//604 2703//2703 614//614
f 607//607 605//605 2705//2705
f 605//605 619//619 2705//2705
f 605//605 606//606 619//619
f 2705//2705 619//619 618//618
f 614//614 2703//2703 857//857
f 613//613 618//618 857//857
f 615//615 617//617 620//620
f 619//619 606//606 621//621
f 617//617 853//853 620//620
f 609//609 621//621 606//606
f 609//609 615//615 621//621
f 623//623 618//618 619//619
f 856//856 857//857 618//618
f 618//618 623//623 856//856
f 619//619 621//621 623//623
f 615//615 622//622 621//621
f 2704//2704 2706//2706 2707//2707
f 621//621 622//622 623//623
f 622//622 862//862 623//623
f 2706//2706 2763//2763 2707//2707
f 617//617 610//610 853//853
f 610//610 854//854 853//853
f 856//856 623//623 862//862
f 620//620 853//853 862//862
f 862//862 869//869 856//856
f 624//624 626//626 881//881
f 624//624 625//625 626//626
f 882//882 627//627 626//626
f 628//628 881//881 626//626
f 627//627 882//882 629//629
f 629//629 882//882 630//630
f 2708//2708 631//631 626//626
f 633//633 631//631 2708//2708
f 2709//2709 627//627 629//629
f 631//631 628//628 626//626
f 635//635 888//888 628//628
f 631//631 635//635 628//628
f 882//882 632//632 630//630
f 634//634 2709//2709 629//629
f 634//634 629//629 632//632
f 630//630 632//632 629//629
f 889//889 888//888 635//635
f 2709//2709 634//634 459//459
f 889//889 635//635 636//636
f 641//641 894//894 636//636
f 889//889 636//636 894//894
f 637//637 631//631 461//461
f 633//633 461//461 631//631
f 635//635 637//637 458//458
f 631//631 637//637 635//635
f 461//461 458//458 637//637
f 459//459 461//461 2709//2709
f 634//634 638//638 459//459
f 634//634 639//639 638//638
f 638//638 639//639 644//644
f 640//640 644//644 639//639
f 890//890 640//640 639//639
f 892//892 645//645 640//640
f 641//641 642//642 894//894
f 894//894 642//642 904//904
f 648//648 904//904 642//642
f 460//460 635//635 458//458
f 635//635 2625//2625 636//636
f 643//643 460//460 642//642
f 2625//2625 643//643 636//636
f 636//636 643//643 641//641
f 643//643 642//642 641//641
f 644//644 463//463 638//638
f 640//640 464//464 644//644
f 460//460 465//465 646//646
f 460//460 646//646 642//642
f 642//642 646//646 648//648
f 896//896 897//897 647//647
f 647//647 897//897 898//898
f 646//646 467//467 648//648
f 359//359 648//648 467//467
f 904//904 648//648 649//649
f 900//900 902//902 650//650
f 648//648 359//359 649//649
f 649//649 359//359 470//470
f 652//652 649//649 470//470
f 469//469 900//900 650//650
f 651//651 469//469 650//650
f 361//361 470//470 359//359
f 651//651 655//655 664//664
f 651//651 650//650 655//655
f 652//652 657//657 654//654
f 654//654 657//657 662//662
f 654//654 662//662 653//653
f 658//658 653//653 662//662
f 658//658 654//654 653//653
f 654//654 658//658 911//911
f 469//469 651//651 664//664
f 664//664 655//655 659//659
f 912//912 913//913 655//655
f 913//913 659//659 655//655
f 657//657 471//471 656//656
f 662//662 657//657 656//656
f 652//652 470//470 471//471
f 657//657 652//652 471//471
f 664//664 659//659 671//671
f 659//659 913//913 665//665
f 665//665 913//913 660//660
f 2710//2710 915//915 2711//2711
f 656//656 472//472 661//661
f 661//661 662//662 656//656
f 661//661 663//663 662//662
f 663//663 661//661 477//477
f 663//663 658//658 662//662
f 666//666 658//658 663//663
f 911//911 658//658 666//666
f 668//668 911//911 666//666
f 659//659 665//665 671//671
f 915//915 2714//2714 2711//2711
f 663//663 477//477 666//666
f 667//667 666//666 477//477
f 667//667 668//668 666//666
f 677//677 668//668 676//676
f 676//676 668//668 667//667
f 916//916 677//677 687//687
f 668//668 677//677 2771//2771
f 671//671 669//669 678//678
f 664//664 671//671 678//678
f 669//669 670//670 678//678
f 678//678 670//670 679//679
f 679//679 670//670 682//682
f 671//671 672//672 669//669
f 669//669 672//672 2712//2712
f 2715//2715 673//673 2713//2713
f 673//673 682//682 2713//2713
f 2714//2714 915//915 2715//2715
f 915//915 674//674 2715//2715
f 674//674 684//684 673//673
f 2715//2715 674//674 673//673
f 673//673 684//684 682//682
f 915//915 684//684 674//674
f 667//667 477//477 475//475
f 675//675 475//475 478//478
f 675//675 478//478 479//479
f 675//675 667//667 475//475
f 479//479 677//677 675//675
f 677//677 676//676 675//675
f 675//675 676//676 667//667
f 918//918 687//687 688//688
f 678//678 679//679 680//680
f 681//681 678//678 680//680
f 682//682 680//680 679//679
f 681//681 680//680 683//683
f 682//682 685//685 680//680
f 680//680 685//685 683//683
f 684//684 685//685 682//682
f 686//686 685//685 684//684
f 685//685 686//686 2716//2716
f 482//482 678//678 690//690
f 681//681 690//690 678//678
f 683//683 690//690 681//681
f 683//683 689//689 690//690
f 686//686 2718//2718 2716//2716
f 689//689 691//691 690//690
f 687//687 695//695 688//688
f 695//695 920//920 688//688
f 482//482 690//690 696//696
f 691//691 696//696 690//690
f 691//691 692//692 696//696
f 2720//2720 2719//2719 694//694
f 2719//2719 693//693 694//694
f 695//695 700//700 701//701
f 695//695 702//702 930//930
f 692//692 697//697 696//696
f 696//696 697//697 482//482
f 482//482 697//697 708//708
f 697//697 692//692 698//698
f 698//698 708//708 697//697
f 2721//2721 2720//2720 694//694
f 699//699 2721//2721 694//694
f 2721//2721 699//699 704//704
f 933//933 705//705 704//704
f 699//699 933//933 704//704
f 700//700 374//374 701//701
f 701//701 374//374 483//483
f 701//701 483//483 2722//2722
f 701//701 2722//2722 695//695
f 930//930 702//702 703//703
f 931//931 930//930 703//703
f 2721//2721 704//704 2723//2723
f 705//705 709//709 704//704
f 1171//1171 709//709 705//705
f 703//703 702//702 706//706
f 703//703 706//706 488//488
f 704//704 709//709 2723//2723
f 703//703 488//488 710//710
f 710//710 711//711 707//707
f 936//936 707//707 712//712
f 482//482 708//708 485//485
f 707//707 711//711 712//712
f 2777//2777 712//712 713//713
f 713//713 938//938 2777//2777
f 713//713 712//712 495//495
f 938//938 713//713 939//939
f 708//708 715//715 489//489
f 715//715 709//709 940//940
f 709//709 715//715 2723//2723
f 499//499 716//716 714//714
f 939//939 713//713 714//714
f 939//939 714//714 716//716
f 717//717 939//939 716//716
f 713//713 499//499 714//714
f 940//940 719//719 715//715
f 717//717 716//716 718//718
f 721//721 717//717 718//718
f 717//717 721//721 942//942
f 719//719 500//500 715//715
f 1175//1175 720//720 719//719
f 716//716 497//497 718//718
f 942//942 721//721 947//947
f 719//719 720//720 2627//2627
f 726//726 723//723 720//720
f 722//722 726//726 720//720
f 947//947 721//721 739//739
f 508//508 739//739 721//721
f 720//720 723//723 2627//2627
f 722//722 724//724 726//726
f 2724//2724 725//725 500//500
f 721//721 718//718 506//506
f 721//721 506//506 393//393
f 724//724 727//727 726//726
f 724//724 735//735 731//731
f 723//723 726//726 2725//2725
f 727//727 2725//2725 726//726
f 2725//2725 727//727 504//504
f 727//727 730//730 504//504
f 504//504 730//730 728//728
f 724//724 730//730 727//727
f 721//721 393//393 508//508
f 730//730 2726//2726 728//728
f 728//728 2726//2726 729//729
f 729//729 2726//2726 507//507
f 724//724 732//732 730//730
f 732//732 731//731 730//730
f 2726//2726 735//735 507//507
f 731//731 732//732 724//724
f 951//951 739//739 745//745
f 734//734 507//507 733//733
f 733//733 507//507 735//735
f 735//735 736//736 733//733
f 736//736 734//734 733//733
f 734//734 736//736 737//737
f 735//735 737//737 736//736
f 734//734 738//738 507//507
f 734//734 740//740 738//738
f 740//740 741//741 738//738
f 740//740 734//734 737//737
f 956//956 740//740 737//737
f 957//957 954//954 745//745
f 741//741 742//742 389//389
f 740//740 743//743 741//741
f 743//743 744//744 741//741
f 741//741 744//744 742//742
f 956//956 743//743 740//740
f 956//956 2727//2727 743//743
f 746//746 739//739 508//508
f 746//746 745//745 739//739
f 745//745 746//746 747//747
f 745//745 747//747 957//957
f 957//957 747//747 748//748
f 2727//2727 956//956 749//749
f 747//747 746//746 751//751
f 747//747 2729//2729 748//748
f 958//958 748//748 752//752
f 752//752 959//959 958//958
f 744//744 749//749 742//742
f 2628//2628 746//746 750//750
f 2628//2628 751//751 746//746
f 509//509 748//748 2729//2729
f 960//960 752//752 754//754
f 959//959 752//752 960//960
f 749//749 2731//2731 742//742
f 757//757 2731//2731 749//749
f 749//749 753//753 757//757
f 753//753 758//758 757//757
f 753//753 963//963 758//758
f 758//758 760//760 757//757
f 760//760 758//758 963//963
f 761//761 755//755 2730//2730
f 2730//2730 511//511 761//761
f 759//759 2731//2731 757//757
f 757//757 760//760 759//759
f 767//767 760//760 963//963
f 756//756 766//766 513//513
f 759//759 766//766 756//756
f 759//759 767//767 766//766
f 767//767 759//759 760//760
f 762//762 764//764 763//763
f 762//762 763//763 755//755
f 763//763 764//764 966//966
f 764//764 765//765 966//966
f 775//775 766//766 767//767
f 775//775 771//771 766//766
f 764//764 514//514 768//768
f 769//769 768//768 514//514
f 765//765 764//764 768//768
f 769//769 765//765 768//768
f 769//769 770//770 765//765
f 764//764 762//762 514//514
f 771//771 513//513 766//766
f 775//775 767//767 1221//1221
f 770//770 769//769 772//772
f 514//514 516//516 769//769
f 770//770 772//772 765//765
f 971//971 765//765 772//772
f 775//775 1221//1221 774//774
f 777//777 513//513 773//773
f 773//773 513//513 771//771
f 775//775 773//773 771//771
f 775//775 776//776 773//773
f 774//774 974//974 775//775
f 775//775 974//974 2732//2732
f 781//781 972//972 772//772
f 975//975 972//972 781//781
f 779//779 777//777 773//773
f 778//778 777//777 779//779
f 776//776 779//779 773//773
f 781//781 772//772 516//516
f 977//977 777//777 778//778
f 977//977 778//778 779//779
f 979//979 777//777 977//977
f 777//777 979//979 780//780
f 781//781 516//516 518//518
f 981//981 781//781 783//783
f 780//780 979//979 986//986
f 1230//1230 981//981 990//990
f 781//781 782//782 783//783
f 981//981 783//783 990//990
f 522//522 783//783 782//782
f 990//990 783//783 522//522
f 784//784 522//522 787//787
f 522//522 784//784 990//990
f 991//991 990//990 784//784
f 991//991 784//784 993//993
f 525//525 787//787 522//522
f 993//993 784//784 785//785
f 786//786 785//785 787//787
f 785//785 784//784 787//787
f 993//993 785//785 786//786
f 790//790 993//993 786//786
f 993//993 790//790 995//995
f 780//780 1004//1004 520//520
f 788//788 787//787 525//525
f 787//787 788//788 786//786
f 786//786 788//788 789//789
f 786//786 789//789 793//793
f 786//786 793//793 790//790
f 1004//1004 792//792 520//520
f 788//788 525//525 789//789
f 789//789 525//525 526//526
f 790//790 793//793 1003//1003
f 792//792 798//798 523//523
f 789//789 794//794 793//793
f 793//793 797//797 791//791
f 791//791 1003//1003 793//793
f 1003//1003 791//791 1005//1005
f 796//796 789//789 526//526
f 797//797 793//793 794//794
f 796//796 794//794 789//789
f 791//791 797//797 1005//1005
f 2794//2794 797//797 795//795
f 1008//1008 2794//2794 795//795
f 797//797 794//794 796//796
f 797//797 796//796 1015//1015
f 797//797 1015//1015 795//795
f 1015//1015 796//796 1017//1017
f 535//535 531//531 798//798
f 1016//1016 798//798 792//792
f 1017//1017 796//796 527//527
f 798//798 1021//1021 535//535
f 536//536 799//799 527//527
f 527//527 799//799 801//801
f 536//536 802//802 799//799
f 801//801 1017//1017 527//527
f 800//800 535//535 1021//1021
f 1022//1022 561//561 800//800
f 799//799 1019//1019 801//801
f 1019//1019 799//799 802//802
f 804//804 561//561 1022//1022
f 804//804 1022//1022 807//807
f 803//803 805//805 808//808
f 803//803 808//808 802//802
f 1021//1021 1022//1022 800//800
f 807//807 806//806 804//804
f 2739//2739 2737//2737 2738//2738
f 2738//2738 2737//2737 2735//2735
f 807//807 2740//2740 806//806
f 807//807 1022//1022 2740//2740
f 816//816 810//810 809//809
f 1041//1041 809//809 810//810
f 1041//1041 810//810 1040//1040
f 811//811 2742//2742 2818//2818
f 822//822 813//813 812//812
f 814//814 1047//1047 2743//2743
f 2748//2748 2744//2744 2746//2746
f 1050//1050 2824//2824 2749//2749
f 828//828 817//817 830//830
f 815//815 817//817 828//828
f 815//815 828//828 1039//1039
f 1053//1053 1039//1039 828//828
f 815//815 816//816 817//817
f 817//817 816//816 819//819
f 819//819 818//818 817//817
f 818//818 830//830 817//817
f 809//809 819//819 816//816
f 815//815 1039//1039 816//816
f 831//831 818//818 819//819
f 2761//2761 818//818 831//831
f 2742//2742 811//811 819//819
f 832//832 2747//2747 821//821
f 834//834 2752//2752 823//823
f 2755//2755 2756//2756 2753//2753
f 2752//2752 2757//2757 823//823
f 2747//2747 2758//2758 821//821
f 823//823 2757//2757 2745//2745
f 823//823 824//824 825//825
f 823//823 825//825 834//834
f 823//823 2745//2745 824//824
f 825//825 838//838 834//834
f 826//826 1053//1053 2677//2677
f 836//836 826//826 839//839
f 826//826 2677//2677 839//839
f 2677//2677 829//829 2760//2760
f 829//829 828//828 2760//2760
f 2760//2760 828//828 830//830
f 1053//1053 828//828 829//829
f 1053//1053 829//829 2677//2677
f 1061//1061 844//844 2761//2761
f 831//831 1061//1061 2761//2761
f 819//819 1061//1061 831//831
f 1058//1058 1061//1061 819//819
f 2762//2762 2755//2755 2753//2753
f 832//832 2754//2754 840//840
f 2747//2747 832//832 833//833
f 1062//1062 2747//2747 833//833
f 837//837 577//577 575//575
f 837//837 836//836 835//835
f 835//835 836//836 582//582
f 582//582 836//836 839//839
f 575//575 834//834 837//837
f 836//836 837//837 838//838
f 834//834 838//838 837//837
f 582//582 839//839 2694//2694
f 839//839 2677//2677 2694//2694
f 2761//2761 844//844 2759//2759
f 840//840 2754//2754 573//573
f 832//832 840//840 1062//1062
f 1062//1062 840//840 842//842
f 832//832 1062//1062 833//833
f 843//843 842//842 840//840
f 842//842 843//843 1065//1065
f 1068//1068 1065//1065 843//843
f 844//844 1063//1063 847//847
f 840//840 573//573 841//841
f 840//840 841//841 845//845
f 844//844 847//847 850//850
f 1069//1069 843//843 846//846
f 1069//1069 846//846 849//849
f 1073//1073 1069//1069 849//849
f 840//840 845//845 846//846
f 846//846 845//845 603//603
f 840//840 846//846 843//843
f 846//846 603//603 848//848
f 846//846 848//848 851//851
f 848//848 603//603 851//851
f 849//849 846//846 851//851
f 855//855 854//854 850//850
f 850//850 854//854 610//610
f 852//852 851//851 603//603
f 614//614 857//857 603//603
f 1080//1080 850//850 847//847
f 866//866 851//851 852//852
f 1073//1073 851//851 866//866
f 603//603 857//857 852//852
f 858//858 853//853 854//854
f 855//855 859//859 854//854
f 855//855 850//850 859//859
f 859//859 850//850 1081//1081
f 852//852 857//857 864//864
f 860//860 864//864 857//857
f 858//858 862//862 853//853
f 858//858 868//868 862//862
f 854//854 868//868 858//858
f 854//854 865//865 868//868
f 854//854 859//859 863//863
f 854//854 863//863 865//865
f 864//864 866//866 852//852
f 857//857 856//856 861//861
f 860//860 857//857 861//861
f 863//863 859//859 865//865
f 859//859 872//872 865//865
f 859//859 1083//1083 872//872
f 860//860 861//861 867//867
f 861//861 856//856 867//867
f 862//862 871//871 869//869
f 862//862 868//868 871//871
f 864//864 873//873 866//866
f 867//867 864//864 860//860
f 856//856 869//869 867//867
f 867//867 869//869 625//625
f 867//867 625//625 864//864
f 873//873 864//864 625//625
f 871//871 870//870 872//872
f 868//868 870//870 871//871
f 870//870 868//868 865//865
f 865//865 872//872 870//870
f 866//866 873//873 874//874
f 1087//1087 866//866 875//875
f 876//876 1087//1087 875//875
f 869//869 871//871 625//625
f 624//624 881//881 873//873
f 875//875 874//874 877//877
f 866//866 874//874 875//875
f 876//876 875//875 877//877
f 1097//1097 876//876 877//877
f 624//624 873//873 625//625
f 871//871 1105//1105 625//625
f 872//872 1105//1105 871//871
f 872//872 1095//1095 1105//1105
f 873//873 881//881 877//877
f 874//874 873//873 877//877
f 1097//1097 877//877 878//878
f 877//877 881//881 883//883
f 877//877 883//883 878//878
f 1097//1097 878//878 879//879
f 878//878 885//885 880//880
f 879//879 878//878 1101//1101
f 878//878 880//880 1101//1101
f 882//882 626//626 625//625
f 878//878 883//883 885//885
f 880//880 885//885 1101//1101
f 882//882 625//625 1105//1105
f 628//628 883//883 881//881
f 882//882 1105//1105 632//632
f 883//883 628//628 884//884
f 885//885 883//883 884//884
f 884//884 628//628 888//888
f 1101//1101 885//885 886//886
f 885//885 884//884 886//886
f 2840//2840 886//886 1104//1104
f 632//632 1105//1105 887//887
f 888//888 886//886 884//884
f 889//889 886//886 888//888
f 886//886 889//889 1111//1111
f 632//632 887//887 634//634
f 889//889 894//894 1111//1111
f 639//639 634//634 890//890
f 892//892 640//640 890//890
f 892//892 890//890 891//891
f 887//887 890//890 634//634
f 887//887 891//891 890//890
f 645//645 891//891 893//893
f 891//891 1115//1115 893//893
f 1115//1115 1116//1116 893//893
f 1118//1118 894//894 904//904
f 894//894 1118//1118 1117//1117
f 645//645 892//892 891//891
f 645//645 1116//1116 1120//1120
f 893//893 1116//1116 645//645
f 645//645 896//896 647//647
f 645//645 895//895 896//896
f 1120//1120 895//895 645//645
f 898//898 897//897 896//896
f 898//898 896//896 895//895
f 1124//1124 900//900 899//899
f 1124//1124 899//899 898//898
f 1124//1124 901//901 900//900
f 1118//1118 904//904 1129//1129
f 898//898 899//899 647//647
f 900//900 647//647 899//899
f 900//900 901//901 902//902
f 902//902 901//901 1130//1130
f 1130//1130 1132//1132 902//902
f 902//902 903//903 905//905
f 1137//1137 1139//1139 903//903
f 1139//1139 905//905 903//903
f 1139//1139 1140//1140 905//905
f 1140//1140 906//906 905//905
f 2764//2764 1140//1140 1147//1147
f 904//904 649//649 652//652
f 1129//1129 904//904 908//908
f 906//906 907//907 905//905
f 912//912 902//902 905//905
f 905//905 907//907 912//912
f 2766//2766 909//909 912//912
f 2846//2846 2767//2767 2765//2765
f 1147//1147 909//909 2766//2766
f 909//909 1147//1147 1436//1436
f 904//904 652//652 908//908
f 902//902 912//912 650//650
f 912//912 655//655 650//650
f 1436//1436 910//910 909//909
f 908//908 652//652 654//654
f 654//654 911//911 908//908
f 1149//1149 908//908 911//911
f 1148//1148 914//914 910//910
f 1148//1148 915//915 914//914
f 2768//2768 2770//2770 912//912
f 2768//2768 912//912 909//909
f 2770//2770 913//913 912//912
f 2769//2769 914//914 2710//2710
f 915//915 2710//2710 914//914
f 668//668 1149//1149 911//911
f 668//668 2771//2771 1149//1149
f 916//916 917//917 1149//1149
f 916//916 918//918 917//917
f 1151//1151 1149//1149 917//917
f 918//918 1151//1151 917//917
f 918//918 916//916 687//687
f 918//918 1152//1152 1151//1151
f 686//686 915//915 919//919
f 684//684 915//915 686//686
f 918//918 2717//2717 1152//1152
f 686//686 919//919 2718//2718
f 919//919 921//921 2718//2718
f 1159//1159 921//921 919//919
f 1152//1152 688//688 920//920
f 1162//1162 920//920 1166//1166
f 2718//2718 921//921 922//922
f 1167//1167 922//922 1165//1165
f 1167//1167 2718//2718 922//922
f 920//920 695//695 925//925
f 924//924 925//925 931//931
f 920//920 925//925 923//923
f 924//924 923//923 925//925
f 923//923 1166//1166 920//920
f 926//926 923//923 924//924
f 926//926 1166//1166 923//923
f 1167//1167 693//693 2718//2718
f 693//693 2719//2719 2718//2718
f 925//925 695//695 930//930
f 931//931 925//925 930//930
f 926//926 924//924 931//931
f 1162//1162 2773//2773 927//927
f 1167//1167 929//929 928//928
f 929//929 1167//1167 1482//1482
f 694//694 693//693 1167//1167
f 699//699 694//694 1167//1167
f 1167//1167 928//928 699//699
f 926//926 931//931 935//935
f 932//932 927//927 936//936
f 1164//1164 2774//2774 1168//1168
f 2774//2774 2777//2777 1168//1168
f 2775//2775 934//934 705//705
f 934//934 1171//1171 705//705
f 933//933 928//928 929//929
f 928//928 933//933 699//699
f 929//929 934//934 2775//2775
f 1482//1482 934//934 929//929
f 934//934 1482//1482 1171//1171
f 931//931 703//703 935//935
f 710//710 935//935 703//703
f 2776//2776 710//710 707//707
f 2776//2776 707//707 937//937
f 927//927 2776//2776 937//937
f 2773//2773 2776//2776 927//927
f 937//937 707//707 936//936
f 937//937 936//936 927//927
f 938//938 1168//1168 2777//2777
f 1175//1175 709//709 1171//1171
f 1175//1175 940//940 709//709
f 940//940 1175//1175 719//719
f 943//943 939//939 942//942
f 1173//1173 939//939 941//941
f 941//941 939//939 943//943
f 944//944 941//941 943//943
f 939//939 717//717 942//942
f 943//943 942//942 944//944
f 948//948 944//944 942//942
f 945//945 944//944 2779//2779
f 945//945 1183//1183 944//944
f 1183//1183 945//945 946//946
f 2779//2779 946//946 945//945
f 720//720 1175//1175 722//722
f 942//942 947//947 948//948
f 2780//2780 1184//1184 2778//2778
f 2780//2780 952//952 1184//1184
f 1178//1178 949//949 722//722
f 1178//1178 1185//1185 949//949
f 948//948 947//947 951//951
f 2780//2780 2781//2781 952//952
f 949//949 724//724 722//722
f 949//949 950//950 724//724
f 949//949 1185//1185 950//950
f 1185//1185 735//735 950//950
f 947//947 739//739 951//951
f 950//950 735//735 724//724
f 735//735 1185//1185 737//737
f 1185//1185 956//956 737//737
f 952//952 2781//2781 2728//2728
f 1186//1186 952//952 954//954
f 1184//1184 952//952 1186//1186
f 956//956 1185//1185 1188//1188
f 745//745 954//954 952//952
f 1186//1186 954//954 953//953
f 953//953 954//954 957//957
f 955//955 957//957 1198//1198
f 955//955 953//953 957//957
f 1192//1192 1196//1196 956//956
f 1194//1194 956//956 1196//1196
f 749//749 956//956 1194//1194
f 957//957 958//958 1198//1198
f 1198//1198 958//958 960//960
f 1195//1195 749//749 1194//1194
f 1195//1195 753//753 749//749
f 957//957 748//748 958//958
f 1198//1198 960//960 961//961
f 959//959 960//960 958//958
f 961//961 960//960 2730//2730
f 961//961 2730//2730 755//755
f 755//755 1203//1203 961//961
f 755//755 1204//1204 2853//2853
f 753//753 1201//1201 963//963
f 1201//1201 962//962 963//963
f 1201//1201 1547//1547 962//962
f 1204//1204 755//755 964//964
f 767//767 963//963 962//962
f 1547//1547 767//767 962//962
f 964//964 755//755 763//763
f 964//964 763//763 965//965
f 965//965 1207//1207 964//964
f 2782//2782 763//763 966//966
f 1212//1212 1213//1213 767//767
f 1546//1546 1212//1212 767//767
f 1215//1215 966//966 967//967
f 1213//1213 1221//1221 767//767
f 966//966 765//765 967//967
f 967//967 765//765 971//971
f 969//969 1218//1218 967//967
f 1218//1218 969//969 970//970
f 968//968 967//967 971//971
f 967//967 968//968 969//969
f 969//969 968//968 972//972
f 970//970 969//969 972//972
f 973//973 970//970 972//972
f 2783//2783 2784//2784 1222//1222
f 1222//1222 2784//2784 1224//1224
f 1221//1221 1568//1568 974//974
f 972//972 968//968 971//971
f 973//973 972//972 2785//2785
f 974//974 774//774 1221//1221
f 772//772 972//972 971//971
f 2784//2784 975//975 1224//1224
f 978//978 2732//2732 974//974
f 1568//1568 978//978 974//974
f 975//975 1228//1228 1227//1227
f 978//978 2733//2733 2732//2732
f 1230//1230 975//975 981//981
f 1228//1228 975//975 1230//1230
f 977//977 2733//2733 978//978
f 980//980 977//977 978//978
f 980//980 979//979 977//977
f 976//976 980//980 978//978
f 975//975 781//781 981//981
f 980//980 982//982 979//979
f 986//986 979//979 982//982
f 984//984 982//982 980//980
f 980//980 1235//1235 984//984
f 1230//1230 990//990 1234//1234
f 986//986 982//982 983//983
f 984//984 1235//1235 985//985
f 982//982 985//985 2786//2786
f 984//984 985//985 982//982
f 983//983 987//987 986//986
f 994//994 986//986 988//988
f 989//989 1235//1235 1236//1236
f 987//987 988//988 986//986
f 985//985 2787//2787 2786//2786
f 988//988 987//987 983//983
f 985//985 989//989 2788//2788
f 989//989 992//992 2788//2788
f 992//992 2790//2790 2788//2788
f 1235//1235 989//989 985//985
f 989//989 1236//1236 992//992
f 1234//1234 990//990 991//991
f 1236//1236 1241//1241 992//992
f 991//991 993//993 995//995
f 995//995 1237//1237 991//991
f 995//995 790//790 998//998
f 998//998 1237//1237 995//995
f 996//996 998//998 999//999
f 996//996 2855//2855 998//998
f 1238//1238 2855//2855 996//996
f 1238//1238 996//996 1239//1239
f 997//997 1239//1239 996//996
f 1004//1004 780//780 986//986
f 1004//1004 986//986 994//994
f 994//994 1246//1246 1004//1004
f 2789//2789 1246//1246 994//994
f 2859//2859 992//992 1241//1241
f 998//998 790//790 1003//1003
f 999//999 998//998 1003//1003
f 999//999 1003//1003 1000//1000
f 2791//2791 1001//1001 999//999
f 1001//1001 2791//2791 1002//1002
f 2792//2792 1002//1002 2791//2791
f 996//996 999//999 997//997
f 997//997 999//999 1239//1239
f 1001//1001 1239//1239 999//999
f 1001//1001 1002//1002 1239//1239
f 1239//1239 1002//1002 1007//1007
f 1006//1006 1002//1002 2792//2792
f 1007//1007 1002//1002 2795//2795
f 1243//1243 1007//1007 1010//1010
f 1010//1010 1244//1244 1243//1243
f 1004//1004 1016//1016 792//792
f 2795//2795 2793//2793 2794//2794
f 2794//2794 1008//1008 2795//2795
f 2795//2795 1008//1008 1007//1007
f 1010//1010 1007//1007 1008//1008
f 1009//1009 1008//1008 795//795
f 1009//1009 795//795 1015//1015
f 1008//1008 1009//1009 1010//1010
f 1010//1010 1009//1009 1012//1012
f 1012//1012 1009//1009 1015//1015
f 1012//1012 1011//1011 1010//1010
f 1010//1010 1011//1011 1245//1245
f 1011//1011 1013//1013 1245//1245
f 1245//1245 1013//1013 1014//1014
f 2858//2858 1014//1014 1604//1604
f 1011//1011 1012//1012 1013//1013
f 1013//1013 1012//1012 1015//1015
f 1017//1017 1014//1014 1015//1015
f 1014//1014 1013//1013 1015//1015
f 1016//1016 1260//1260 798//798
f 1016//1016 1621//1621 1260//1260
f 1004//1004 1621//1621 1016//1016
f 1004//1004 1611//1611 1621//1621
f 1014//1014 1017//1017 1257//1257
f 1257//1257 1017//1017 1018//1018
f 801//801 1018//1018 1017//1017
f 1019//1019 1018//1018 801//801
f 1018//1018 1019//1019 1257//1257
f 1020//1020 1257//1257 1019//1019
f 1019//1019 1262//1262 1020//1020
f 802//802 1023//1023 1019//1019
f 1019//1019 1023//1023 1262//1262
f 1021//1021 1631//1631 1022//1022
f 802//802 1024//1024 1023//1023
f 808//808 1024//1024 802//802
f 2740//2740 1022//1022 1631//1631
f 1025//1025 1024//1024 808//808
f 1024//1024 1025//1025 1026//1026
f 1023//1023 1024//1024 1026//1026
f 2796//2796 2741//2741 1027//1027
f 1263//1263 1023//1023 1026//1026
f 1030//1030 1026//1026 1025//1025
f 1029//1029 2802//2802 1027//1027
f 1027//1027 1631//1631 1029//1029
f 2796//2796 1027//1027 2802//2802
f 1028//1028 1263//1263 1026//1026
f 2799//2799 1264//1264 2797//2797
f 1263//1263 1028//1028 2861//2861
f 1026//1026 2803//2803 1028//1028
f 2800//2800 2798//2798 2804//2804
f 1037//1037 1036//1036 1038//1038
f 1303//1303 1039//1039 1302//1302
f 1303//1303 1031//1031 1043//1043
f 1049//1049 1052//1052 1033//1033
f 1033//1033 1032//1032 1049//1049
f 1035//1035 1033//1033 2812//2812
f 1033//1033 1035//1035 1032//1032
f 1034//1034 2812//2812 1033//1033
f 2813//2813 2814//2814 2810//2810
f 2815//2815 824//824 2811//2811
f 2811//2811 824//824 2808//2808
f 2809//2809 1038//1038 1036//1036
f 1038//1038 1313//1313 1037//1037
f 2940//2940 1314//1314 2816//2816
f 2943//2943 824//824 2815//2815
f 1313//1313 1038//1038 2809//2809
f 1315//1315 1054//1054 1316//1316
f 1306//1306 1054//1054 1315//1315
f 2943//2943 1316//1316 824//824
f 816//816 1039//1039 810//810
f 810//810 1039//1039 2817//2817
f 1039//1039 1303//1303 2817//2817
f 1043//1043 1042//1042 2817//2817
f 1303//1303 1043//1043 2817//2817
f 1040//1040 2819//2819 1041//1041
f 1058//1058 2818//2818 2820//2820
f 2822//2822 1044//1044 2821//2821
f 1059//1059 1058//1058 2820//2820
f 1045//1045 2820//2820 2823//2823
f 1045//1045 1059//1059 2820//2820
f 1044//1044 2822//2822 2805//2805
f 2806//2806 1046//1046 2823//2823
f 1046//1046 1045//1045 2823//2823
f 1046//1046 1059//1059 1045//1045
f 1046//1046 2806//2806 1328//1328
f 1050//1050 2832//2832 1048//1048
f 2824//2824 1050//1050 1048//1048
f 824//824 2825//2825 2826//2826
f 2745//2745 2825//2825 824//824
f 2826//2826 1051//1051 824//824
f 2829//2829 2750//2750 1062//1062
f 2833//2833 2827//2827 2830//2830
f 1048//1048 2832//2832 2831//2831
f 2808//2808 1051//1051 2828//2828
f 2834//2834 2829//2829 1060//1060
f 1056//1056 1033//1033 2834//2834
f 1056//1056 2834//2834 1055//1055
f 1055//1055 2834//2834 1060//1060
f 1056//1056 1034//1034 1033//1033
f 1334//1334 2809//2809 1056//1056
f 824//824 1054//1054 825//825
f 2808//2808 824//824 1051//1051
f 824//824 1316//1316 1054//1054
f 838//838 1053//1053 826//826
f 1053//1053 1054//1054 1306//1306
f 1039//1039 1053//1053 1306//1306
f 1058//1058 819//819 811//811
f 811//811 2818//2818 1058//1058
f 1046//1046 1328//1328 1059//1059
f 1062//1062 2751//2751 2747//2747
f 2829//2829 1062//1062 1060//1060
f 1055//1055 1060//1060 1332//1332
f 1055//1055 1057//1057 1056//1056
f 1055//1055 1332//1332 1057//1057
f 1054//1054 838//838 825//825
f 838//838 826//826 836//836
f 1053//1053 838//838 1054//1054
f 1058//1058 1059//1059 1336//1336
f 1059//1059 1337//1337 1336//1336
f 1332//1332 1060//1060 1062//1062
f 1061//1061 1064//1064 1063//1063
f 1058//1058 1064//1064 1061//1061
f 1058//1058 1336//1336 1064//1064
f 1332//1332 1062//1062 1342//1342
f 844//844 1061//1061 1063//1063
f 1356//1356 1072//1072 1064//1064
f 842//842 1065//1065 1062//1062
f 1068//1068 843//843 1066//1066
f 1062//1062 1065//1065 1068//1068
f 1072//1072 1063//1063 1064//1064
f 1361//1361 1072//1072 1356//1356
f 1066//1066 843//843 1069//1069
f 1067//1067 1066//1066 1069//1069
f 1066//1066 1067//1067 1068//1068
f 1070//1070 1068//1068 1067//1067
f 847//847 1063//1063 1071//1071
f 1071//1071 1063//1063 1072//1072
f 2837//2837 1067//1067 1069//1069
f 1067//1067 2838//2838 1070//1070
f 847//847 1071//1071 1080//1080
f 1072//1072 1080//1080 1071//1071
f 1073//1073 849//849 851//851
f 1078//1078 1068//1068 1070//1070
f 1078//1078 1363//1363 1068//1068
f 1373//1373 1363//1363 1078//1078
f 1075//1075 1074//1074 2835//2835
f 1073//1073 1075//1075 2836//2836
f 1075//1075 1073//1073 1079//1079
f 2835//2835 1074//1074 1076//1076
f 1076//1076 1074//1074 1075//1075
f 1076//1076 1075//1075 1077//1077
f 1075//1075 1079//1079 1077//1077
f 1078//1078 2835//2835 1076//1076
f 1078//1078 1076//1076 1376//1376
f 1376//1376 1076//1076 1077//1077
f 1079//1079 1376//1376 1077//1077
f 1373//1373 1078//1078 1376//1376
f 1084//1084 1079//1079 1073//1073
f 1376//1376 1079//1079 1084//1084
f 1080//1080 1081//1081 850//850
f 1081//1081 1080//1080 1082//1082
f 1081//1081 1082//1082 1386//1386
f 866//866 1084//1084 1073//1073
f 1081//1081 1083//1083 859//859
f 1083//1083 1081//1081 1386//1386
f 1084//1084 866//866 1085//1085
f 1084//1084 1085//1085 1088//1088
f 872//872 1083//1083 1086//1086
f 1088//1088 1089//1089 1084//1084
f 872//872 1086//1086 1091//1091
f 1086//1086 1083//1083 1093//1093
f 1083//1083 1386//1386 1093//1093
f 1085//1085 866//866 1087//1087
f 1088//1088 1085//1085 1087//1087
f 1084//1084 1089//1089 1090//1090
f 1094//1094 1090//1090 1089//1089
f 1388//1388 1090//1090 1094//1094
f 872//872 1091//1091 1095//1095
f 1092//1092 1095//1095 1091//1091
f 1092//1092 1091//1091 1086//1086
f 1086//1086 1093//1093 1092//1092
f 1092//1092 1093//1093 1096//1096
f 1093//1093 1390//1390 1096//1096
f 1093//1093 1386//1386 1390//1390
f 1087//1087 876//876 1097//1097
f 1088//1088 1087//1087 1097//1097
f 1097//1097 1098//1098 1088//1088
f 1088//1088 1098//1098 1089//1089
f 1089//1089 2839//2839 1099//1099
f 1094//1094 1089//1089 1099//1099
f 1095//1095 1092//1092 1096//1096
f 1096//1096 1390//1390 1095//1095
f 1099//1099 2839//2839 1100//1100
f 1094//1094 1100//1100 1388//1388
f 879//879 1098//1098 1097//1097
f 1094//1094 1099//1099 1100//1100
f 1103//1103 1095//1095 1390//1390
f 879//879 1101//1101 1098//1098
f 1100//1100 2839//2839 2840//2840
f 1095//1095 1102//1102 1105//1105
f 1103//1103 1102//1102 1095//1095
f 1100//1100 2840//2840 1104//1104
f 1106//1106 1102//1102 1103//1103
f 1100//1100 1104//1104 1107//1107
f 1391//1391 1100//1100 1107//1107
f 1391//1391 1107//1107 1108//1108
f 1108//1108 1398//1398 1391//1391
f 1102//1102 1106//1106 1105//1105
f 1104//1104 886//886 1107//1107
f 1108//1108 1107//1107 1113//1113
f 1108//1108 1113//1113 1114//1114
f 1108//1108 1114//1114 1398//1398
f 1105//1105 891//891 887//887
f 891//891 1109//1109 1112//1112
f 891//891 1106//1106 1109//1109
f 1105//1105 1106//1106 891//891
f 1112//1112 1109//1109 1110//1110
f 1106//1106 1110//1110 1109//1109
f 1406//1406 1110//1110 1106//1106
f 1107//1107 886//886 1111//1111
f 1113//1113 1107//1107 2841//2841
f 894//894 1113//1113 2841//2841
f 891//891 1112//1112 1115//1115
f 1116//1116 1112//1112 1110//1110
f 1110//1110 1418//1418 1116//1116
f 1110//1110 1407//1407 1418//1418
f 1113//1113 1117//1117 1114//1114
f 1117//1117 1119//1119 1114//1114
f 1119//1119 1422//1422 1114//1114
f 1116//1116 1115//1115 1112//1112
f 1418//1418 1120//1120 1116//1116
f 1120//1120 1418//1418 1122//1122
f 1418//1418 1123//1123 1122//1122
f 894//894 1117//1117 1113//1113
f 1117//1117 1118//1118 1119//1119
f 1422//1422 1119//1119 1129//1129
f 1120//1120 1121//1121 895//895
f 1122//1122 1123//1123 1121//1121
f 1122//1122 1121//1121 1120//1120
f 1426//1426 1126//1126 1425//1425
f 1126//1126 1426//1426 1127//1127
f 1119//1119 1118//1118 1129//1129
f 1422//1422 1129//1129 1144//1144
f 898//898 895//895 1121//1121
f 1121//1121 1124//1124 898//898
f 1121//1121 1123//1123 1124//1124
f 1124//1124 1130//1130 901//901
f 1124//1124 1123//1123 1130//1130
f 1130//1130 1123//1123 1125//1125
f 1425//1425 1128//1128 1125//1125
f 1425//1425 1126//1126 1128//1128
f 1135//1135 2842//2842 1432//1432
f 1128//1128 1126//1126 2844//2844
f 1126//1126 1127//1127 2845//2845
f 1125//1125 1132//1132 1130//1130
f 1125//1125 1128//1128 1131//1131
f 1125//1125 1131//1131 1132//1132
f 1133//1133 1141//1141 1132//1132
f 1141//1141 903//903 1132//1132
f 1131//1131 1133//1133 1132//1132
f 1141//1141 1133//1133 1134//1134
f 1141//1141 2843//2843 1136//1136
f 1131//1131 1128//1128 2844//2844
f 2844//2844 1134//1134 1131//1131
f 1133//1133 1131//1131 1134//1134
f 1136//1136 2843//2843 1135//1135
f 1135//1135 1432//1432 1136//1136
f 1144//1144 1129//1129 908//908
f 1132//1132 903//903 902//902
f 1138//1138 1137//1137 1141//1141
f 1137//1137 903//903 1141//1141
f 1141//1141 1142//1142 1138//1138
f 1138//1138 1139//1139 1137//1137
f 1139//1139 1138//1138 1142//1142
f 1142//1142 1140//1140 1139//1139
f 1140//1140 1142//1142 1147//1147
f 1141//1141 1136//1136 1142//1142
f 1136//1136 1147//1147 1142//1142
f 1436//1436 1147//1147 1136//1136
f 1144//1144 908//908 1143//1143
f 1145//1145 1143//1143 1146//1146
f 1143//1143 1145//1145 1144//1144
f 1438//1438 1148//1148 1436//1436
f 1438//1438 1436//1436 1437//1437
f 1143//1143 908//908 1149//1149
f 1436//1436 1148//1148 910//910
f 1148//1148 1438//1438 915//915
f 1149//1149 1150//1150 1143//1143
f 1150//1150 1439//1439 1143//1143
f 919//919 915//915 1448//1448
f 1150//1150 1149//1149 1151//1151
f 1444//1444 1150//1150 1153//1153
f 1443//1443 1155//1155 919//919
f 1150//1150 1151//1151 1152//1152
f 1150//1150 1152//1152 1153//1153
f 1162//1162 1153//1153 1152//1152
f 1444//1444 1153//1153 1162//1162
f 1156//1156 1157//1157 1154//1154
f 1452//1452 1444//1444 1156//1156
f 1452//1452 1156//1156 1154//1154
f 2847//2847 2848//2848 1463//1463
f 2848//2848 1164//1164 1463//1463
f 919//919 1160//1160 1159//1159
f 1155//1155 1160//1160 919//919
f 1155//1155 1158//1158 1165//1165
f 1152//1152 920//920 1162//1162
f 2848//2848 1163//1163 1164//1164
f 1156//1156 2849//2849 1157//1157
f 921//921 1160//1160 1155//1155
f 921//921 1159//1159 1160//1160
f 1165//1165 922//922 921//921
f 1155//1155 1161//1161 921//921
f 1161//1161 1165//1165 921//921
f 1165//1165 1161//1161 1155//1155
f 1158//1158 1167//1167 1165//1165
f 1444//1444 1162//1162 1156//1156
f 1156//1156 1162//1162 2849//2849
f 2774//2774 1164//1164 1163//1163
f 926//926 1162//1162 1166//1166
f 927//927 2849//2849 1162//1162
f 2849//2849 927//927 932//932
f 1482//1482 1483//1483 1171//1171
f 1170//1170 1168//1168 1169//1169
f 1168//1168 1170//1170 1498//1498
f 938//938 939//939 2850//2850
f 2850//2850 939//939 1172//1172
f 1169//1169 1172//1172 1174//1174
f 1169//1169 2850//2850 1172//1172
f 1174//1174 1170//1170 1169//1169
f 1177//1177 1505//1505 1170//1170
f 1172//1172 939//939 1173//1173
f 1170//1170 1174//1174 1176//1176
f 1170//1170 1176//1176 1177//1177
f 1505//1505 2851//2851 1508//1508
f 1511//1511 1175//1175 1506//1506
f 1171//1171 1506//1506 1175//1175
f 1172//1172 1173//1173 1174//1174
f 1511//1511 1178//1178 1175//1175
f 1173//1173 941//941 944//944
f 944//944 1174//1174 1173//1173
f 1508//1508 2851//2851 1509//1509
f 1183//1183 1174//1174 944//944
f 1174//1174 1183//1183 1176//1176
f 2851//2851 1179//1179 1509//1509
f 1521//1521 1181//1181 1518//1518
f 1518//1518 1181//1181 1519//1519
f 1175//1175 1178//1178 722//722
f 1179//1179 2851//2851 1184//1184
f 1179//1179 1184//1184 1180//1180
f 1179//1179 1180//1180 1509//1509
f 1509//1509 1180//1180 1521//1521
f 1519//1519 1181//1181 1182//1182
f 1182//1182 1181//1181 1180//1180
f 1181//1181 1521//1521 1180//1180
f 1176//1176 1183//1183 946//946
f 2778//2778 1177//1177 1176//1176
f 1177//1177 2778//2778 1184//1184
f 1533//1533 1185//1185 1530//1530
f 1187//1187 1180//1180 1184//1184
f 1533//1533 1535//1535 1185//1185
f 1188//1188 1185//1185 1535//1535
f 1535//1535 1189//1189 1188//1188
f 1538//1538 2852//2852 1535//1535
f 1538//1538 1540//1540 1190//1190
f 953//953 1187//1187 1186//1186
f 1187//1187 1184//1184 1186//1186
f 1187//1187 1191//1191 1541//1541
f 1189//1189 1192//1192 1188//1188
f 1190//1190 2852//2852 1538//1538
f 1196//1196 2852//2852 1190//1190
f 1190//1190 1540//1540 1196//1196
f 1543//1543 1196//1196 1540//1540
f 955//955 1191//1191 953//953
f 953//953 1191//1191 1187//1187
f 1188//1188 1192//1192 956//956
f 2852//2852 1196//1196 1192//1192
f 1542//1542 1195//1195 1543//1543
f 1543//1543 1195//1195 1196//1196
f 1193//1193 955//955 1198//1198
f 1191//1191 955//955 1193//1193
f 1193//1193 1541//1541 1191//1191
f 1541//1541 1193//1193 1198//1198
f 1542//1542 1547//1547 1195//1195
f 1197//1197 1541//1541 1198//1198
f 1199//1199 1197//1197 1198//1198
f 1199//1199 1198//1198 961//961
f 1545//1545 1541//1541 1197//1197
f 1545//1545 1197//1197 1199//1199
f 1202//1202 1545//1545 1199//1199
f 1196//1196 1195//1195 1194//1194
f 1547//1547 1200//1200 1195//1195
f 1546//1546 1547//1547 1542//1542
f 1200//1200 753//753 1195//1195
f 1200//1200 1201//1201 753//753
f 1547//1547 1201//1201 1200//1200
f 1207//1207 1202//1202 1199//1199
f 961//961 1203//1203 1199//1199
f 2853//2853 1204//1204 1199//1199
f 1199//1199 1204//1204 1207//1207
f 1207//1207 1205//1205 1202//1202
f 1206//1206 1202//1202 1205//1205
f 1209//1209 1206//1206 1205//1205
f 1206//1206 1209//1209 1550//1550
f 1557//1557 1210//1210 1546//1546
f 1204//1204 964//964 1207//1207
f 1205//1205 1207//1207 1208//1208
f 1209//1209 1205//1205 1208//1208
f 1547//1547 1546//1546 767//767
f 1208//1208 1207//1207 2782//2782
f 1209//1209 1208//1208 2782//2782
f 1550//1550 1209//1209 1215//1215
f 1550//1550 1215//1215 1218//1218
f 1209//1209 2782//2782 966//966
f 1209//1209 966//966 1215//1215
f 1211//1211 1212//1212 1546//1546
f 1211//1211 1214//1214 1212//1212
f 1212//1212 1214//1214 1213//1213
f 1214//1214 1221//1221 1213//1213
f 1210//1210 1214//1214 1211//1211
f 1210//1210 1211//1211 1546//1546
f 1210//1210 1221//1221 1214//1214
f 1221//1221 1210//1210 1557//1557
f 1555//1555 1218//1218 1216//1216
f 1218//1218 1215//1215 967//967
f 1216//1216 1218//1218 1219//1219
f 1216//1216 2854//2854 1217//1217
f 1555//1555 1216//1216 1217//1217
f 1217//1217 1220//1220 1555//1555
f 1218//1218 970//970 1219//1219
f 2854//2854 2783//2783 1222//1222
f 2854//2854 1222//1222 1217//1217
f 1224//1224 1217//1217 1222//1222
f 1217//1217 1224//1224 1220//1220
f 1569//1569 978//978 1568//1568
f 1569//1569 1223//1223 978//978
f 975//975 1227//1227 1224//1224
f 1220//1220 1224//1224 1225//1225
f 1220//1220 1225//1225 1226//1226
f 1227//1227 1226//1226 1225//1225
f 1224//1224 1227//1227 1225//1225
f 978//978 1223//1223 976//976
f 1226//1226 1227//1227 1229//1229
f 1228//1228 1229//1229 1227//1227
f 1570//1570 1229//1229 1230//1230
f 976//976 1231//1231 980//980
f 1228//1228 1230//1230 1229//1229
f 1232//1232 1570//1570 1230//1230
f 1232//1232 1230//1230 1233//1233
f 1231//1231 1573//1573 980//980
f 1573//1573 1575//1575 1235//1235
f 1235//1235 980//980 1573//1573
f 1233//1233 1230//1230 1234//1234
f 1234//1234 1574//1574 1233//1233
f 1576//1576 1235//1235 1575//1575
f 1576//1576 1236//1236 1235//1235
f 991//991 1237//1237 1234//1234
f 1574//1574 1234//1234 1237//1237
f 2856//2856 1240//1240 1574//1574
f 1574//1574 1240//1240 1572//1572
f 1236//1236 1576//1576 1241//1241
f 1241//1241 1576//1576 1581//1581
f 1572//1572 1240//1240 1242//1242
f 1590//1590 1572//1572 1242//1242
f 2855//2855 1238//1238 1239//1239
f 1239//1239 1240//1240 2856//2856
f 1240//1240 1239//1239 2857//2857
f 1239//1239 1007//1007 1243//1243
f 2857//2857 1239//1239 1245//1245
f 1590//1590 1242//1242 2858//2858
f 1239//1239 1243//1243 1244//1244
f 1245//1245 1239//1239 1244//1244
f 1590//1590 2858//2858 1604//1604
f 1245//1245 1244//1244 1010//1010
f 1247//1247 1004//1004 1246//1246
f 1249//1249 1248//1248 1600//1600
f 1603//1603 1249//1249 1600//1600
f 1603//1603 1250//1250 1249//1249
f 1247//1247 1246//1246 2860//2860
f 1248//1248 1249//1249 1250//1250
f 2860//2860 1250//1250 1247//1247
f 1608//1608 1605//1605 1604//1604
f 1004//1004 1247//1247 1252//1252
f 1253//1253 1004//1004 1252//1252
f 1251//1251 1607//1607 1252//1252
f 1607//1607 1254//1254 1252//1252
f 1250//1250 1601//1601 1251//1251
f 1247//1247 1250//1250 1252//1252
f 1250//1250 1251//1251 1252//1252
f 1608//1608 1604//1604 1256//1256
f 1611//1611 1004//1004 1253//1253
f 1253//1253 1252//1252 1254//1254
f 1611//1611 1253//1253 1255//1255
f 1254//1254 1255//1255 1253//1253
f 1254//1254 1607//1607 1255//1255
f 1607//1607 1609//1609 1255//1255
f 1609//1609 1611//1611 1255//1255
f 1604//1604 1014//1014 1256//1256
f 1256//1256 1014//1014 1257//1257
f 1256//1256 1257//1257 1616//1616
f 1257//1257 1617//1617 1616//1616
f 798//798 1260//1260 1021//1021
f 1257//1257 1258//1258 1617//1617
f 1625//1625 1260//1260 1621//1621
f 1020//1020 1259//1259 1257//1257
f 1262//1262 1259//1259 1020//1020
f 1257//1257 1259//1259 1258//1258
f 1261//1261 1623//1623 1258//1258
f 1259//1259 1261//1261 1258//1258
f 1617//1617 1258//1258 1623//1623
f 1631//1631 1021//1021 1260//1260
f 1262//1262 1261//1261 1259//1259
f 1627//1627 1626//1626 1260//1260
f 1260//1260 1626//1626 1631//1631
f 1261//1261 1262//1262 1629//1629
f 1629//1629 1262//1262 1630//1630
f 1262//1262 1023//1023 1630//1630
f 1027//1027 2740//2740 1631//1631
f 1023//1023 1271//1271 1630//1630
f 2862//2862 2801//2801 1267//1267
f 1631//1631 1267//1267 1029//1029
f 1263//1263 1271//1271 1023//1023
f 1265//1265 1266//1266 1263//1263
f 1265//1265 1263//1263 2861//2861
f 2864//2864 2863//2863 1268//1268
f 2866//2866 2862//2862 1267//1267
f 1268//1268 2865//2865 2864//2864
f 2866//2866 1267//1267 1269//1269
f 1268//1268 2867//2867 2865//2865
f 1271//1271 1263//1263 1266//1266
f 1272//1272 1271//1271 1266//1266
f 2869//2869 2865//2865 1270//1270
f 1270//1270 2865//2865 2867//2867
f 1631//1631 1269//1269 1267//1267
f 1271//1271 1633//1633 1630//1630
f 1273//1273 1271//1271 1272//1272
f 2869//2869 1270//1270 2870//2870
f 1274//1274 2870//2870 1270//1270
f 1269//1269 2871//2871 2868//2868
f 1275//1275 2871//2871 1269//1269
f 1275//1275 1269//1269 1631//1631
f 1281//1281 1280//1280 1276//1276
f 1277//1277 2872//2872 1278//1278
f 1280//1280 1279//1279 2873//2873
f 1280//1280 2873//2873 1276//1276
f 2874//2874 1277//1277 1278//1278
f 2871//2871 1275//1275 1634//1634
f 1273//1273 1633//1633 1271//1271
f 2871//2871 1634//1634 2876//2876
f 1277//1277 1273//1273 2872//2872
f 1634//1634 2875//2875 2876//2876
f 1277//1277 1633//1633 1273//1273
f 1279//1279 1280//1280 1283//1283
f 2875//2875 1634//1634 2879//2879
f 1277//1277 2874//2874 1633//1633
f 2870//2870 1281//1281 1276//1276
f 2870//2870 1274//1274 1281//1281
f 1282//1282 1279//1279 1283//1283
f 1285//1285 1284//1284 2877//2877
f 1286//1286 1285//1285 2877//2877
f 2877//2877 1633//1633 2874//2874
f 2877//2877 1284//1284 1633//1633
f 2885//2885 1289//1289 2881//2881
f 1288//1288 2882//2882 2895//2895
f 2883//2883 1635//1635 2888//2888
f 2884//2884 2892//2892 3007//3007
f 2896//2896 2886//2886 3008//3008
f 2889//2889 3009//3009 2887//2887
f 2890//2890 1287//1287 1284//1284
f 1291//1291 1287//1287 2890//2890
f 1283//1283 1290//1290 1282//1282
f 2898//2898 2900//2900 2891//2891
f 2878//2878 2898//2898 2891//2891
f 2893//2893 2897//2897 2899//2899
f 2880//2880 2893//2893 2899//2899
f 2897//2897 3010//3010 2899//2899
f 2899//2899 3010//3010 2901//2901
f 3011//3011 1637//1637 2902//2902
f 2903//2903 1292//1292 1287//1287
f 2902//2902 1637//1637 2904//2904
f 1637//1637 1641//1641 2904//2904
f 2941//2941 1293//1293 2944//2944
f 2905//2905 2942//2942 1295//1295
f 1320//1320 2912//2912 1313//1313
f 2906//2906 1316//1316 2943//2943
f 1295//1295 1294//1294 2905//2905
f 2945//2945 2907//2907 1317//1317
f 2947//2947 2908//2908 2909//2909
f 1297//1297 1319//1319 1315//1315
f 1296//1296 2910//2910 2913//2913
f 2948//2948 2911//2911 1296//1296
f 1296//1296 1334//1334 2948//2948
f 2914//2914 1321//1321 2952//2952
f 1301//1301 1298//1298 1324//1324
f 2916//2916 1309//1309 1306//1306
f 2916//2916 1306//1306 2957//2957
f 2932//2932 2917//2917 1300//1300
f 1307//1307 2932//2932 1300//1300
f 1325//1325 2922//2922 2958//2958
f 2921//2921 1326//1326 2929//2929
f 2930//2930 1326//1326 1308//1308
f 2918//2918 2923//2923 1299//1299
f 2919//2919 2920//2920 2921//2921
f 2924//2924 1330//1330 2920//2920
f 2920//2920 1330//1330 2921//2921
f 1304//1304 1302//1302 1039//1039
f 1306//1306 1304//1304 1039//1039
f 1305//1305 1311//1311 1303//1303
f 1303//1303 1311//1311 1310//1310
f 1305//1305 1304//1304 1306//1306
f 1302//1302 1304//1304 1305//1305
f 1303//1303 1302//1302 1305//1305
f 2807//2807 2925//2925 2934//2934
f 2930//2930 2926//2926 2927//2927
f 1308//1308 2926//2926 2930//2930
f 2936//2936 2926//2926 1308//1308
f 2928//2928 2933//2933 2931//2931
f 1328//1328 2806//2806 2935//2935
f 2935//2935 2937//2937 1312//1312
f 1313//1313 2809//2809 1320//1320
f 1316//1316 1297//1297 1315//1315
f 1318//1318 2945//2945 1317//1317
f 2915//2915 2946//2946 2949//2949
f 1315//1315 1319//1319 2957//2957
f 2913//2913 1320//1320 1296//1296
f 2950//2950 2948//2948 1334//1334
f 2951//2951 2965//2965 1323//1323
f 2914//2914 2951//2951 1323//1323
f 2952//2952 1321//1321 1322//1322
f 2960//2960 2953//2953 2954//2954
f 2953//2953 2960//2960 2959//2959
f 1296//1296 1320//1320 1334//1334
f 2914//2914 1323//1323 1321//1321
f 1321//1321 2956//2956 1322//1322
f 1322//1322 2956//2956 1329//1329
f 2955//2955 2963//2963 2961//2961
f 2966//2966 1329//1329 2956//2956
f 1306//1306 1315//1315 2957//2957
f 1308//1308 1326//1326 1330//1330
f 2961//2961 1330//1330 2924//2924
f 2921//2921 1330//1330 1326//1326
f 2961//2961 2963//2963 1330//1330
f 1312//1312 1328//1328 2935//2935
f 2938//2938 1308//1308 2939//2939
f 1327//1327 2939//2939 1308//1308
f 1320//1320 2809//2809 1334//1334
f 1329//1329 2966//2966 1345//1345
f 2963//2963 1331//1331 1330//1330
f 1327//1327 1308//1308 1330//1330
f 1338//1338 2962//2962 2939//2939
f 1338//1338 2939//2939 1327//1327
f 1056//1056 1057//1057 1334//1334
f 1330//1330 1331//1331 1327//1327
f 1328//1328 1337//1337 1059//1059
f 1057//1057 1332//1332 1339//1339
f 1333//1333 1057//1057 1339//1339
f 1057//1057 1344//1344 1334//1334
f 1345//1345 2966//2966 1347//1347
f 1345//1345 1348//1348 2964//2964
f 1327//1327 1331//1331 1335//1335
f 1327//1327 1335//1335 1338//1338
f 1356//1356 1336//1336 2967//2967
f 1338//1338 1358//1358 1337//1337
f 1338//1338 1337//1337 1328//1328
f 1342//1342 1340//1340 1332//1332
f 1339//1339 1341//1341 1333//1333
f 1332//1332 2968//2968 1339//1339
f 1339//1339 2968//2968 2969//2969
f 1340//1340 1342//1342 1343//1343
f 2968//2968 2970//2970 2969//2969
f 1344//1344 1057//1057 1333//1333
f 1341//1341 1344//1344 1333//1333
f 1350//1350 2969//2969 2970//2970
f 2973//2973 1344//1344 1341//1341
f 1334//1334 1344//1344 1346//1346
f 1352//1352 1344//1344 2973//2973
f 1346//1346 1344//1344 1354//1354
f 1344//1344 1359//1359 1354//1354
f 2971//2971 1347//1347 2966//2966
f 1347//1347 1353//1353 1345//1345
f 2972//2972 1355//1355 2963//2963
f 2971//2971 1354//1354 1347//1347
f 1348//1348 1345//1345 1355//1355
f 1347//1347 1354//1354 1353//1353
f 1345//1345 1353//1353 1355//1355
f 1331//1331 1653//1653 1335//1335
f 1331//1331 2963//2963 1653//1653
f 1655//1655 1349//1349 1335//1335
f 1357//1357 1361//1361 1356//1356
f 1338//1338 1349//1349 1358//1358
f 1335//1335 1349//1349 1338//1338
f 1356//1356 1064//1064 1336//1336
f 2967//2967 1357//1357 1356//1356
f 1358//1358 1357//1357 1337//1337
f 1068//1068 1342//1342 1062//1062
f 1343//1343 1342//1342 2974//2974
f 1342//1342 1351//1351 2974//2974
f 2974//2974 1351//1351 1364//1364
f 1352//1352 2973//2973 2975//2975
f 1351//1351 1342//1342 1068//1068
f 1344//1344 1352//1352 1359//1359
f 1353//1353 1354//1354 1360//1360
f 1360//1360 1354//1354 1359//1359
f 1353//1353 1360//1360 1355//1355
f 1068//1068 1363//1363 1364//1364
f 1351//1351 1068//1068 1364//1364
f 1359//1359 1352//1352 2975//2975
f 1360//1360 1359//1359 1365//1365
f 1355//1355 1360//1360 1366//1366
f 1355//1355 1366//1366 1653//1653
f 1355//1355 1653//1653 2963//2963
f 1360//1360 1365//1365 1366//1366
f 1358//1358 1362//1362 1357//1357
f 1362//1362 1361//1361 1357//1357
f 1368//1368 1362//1362 1358//1358
f 1369//1369 1364//1364 1363//1363
f 1371//1371 1364//1364 1369//1369
f 2975//2975 2977//2977 1359//1359
f 1072//1072 1361//1361 1367//1367
f 1367//1367 1361//1361 1362//1362
f 1367//1367 1370//1370 1072//1072
f 1368//1368 1367//1367 1362//1362
f 1368//1368 1370//1370 1367//1367
f 1368//1368 1654//1654 2976//2976
f 1653//1653 1366//1366 1658//1658
f 1365//1365 1659//1659 1366//1366
f 1366//1366 1659//1659 1658//1658
f 1370//1370 1377//1377 1072//1072
f 1363//1363 1373//1373 1369//1369
f 2977//2977 1657//1657 1359//1359
f 2979//2979 1080//1080 1072//1072
f 1372//1372 1369//1369 1373//1373
f 1374//1374 1369//1369 1372//1372
f 1372//1372 1373//1373 1374//1374
f 1375//1375 1371//1371 1369//1369
f 1373//1373 1382//1382 1381//1381
f 1375//1375 1369//1369 2978//2978
f 1375//1375 2978//2978 1684//1684
f 1684//1684 2978//2978 1379//1379
f 1371//1371 1375//1375 1665//1665
f 1665//1665 1375//1375 1684//1684
f 1080//1080 2979//2979 1082//1082
f 1082//1082 2979//2979 1384//1384
f 1373//1373 1381//1381 1374//1374
f 1374//1374 1381//1381 2980//2980
f 1373//1373 1376//1376 2981//2981
f 1082//1082 1384//1384 1386//1386
f 1378//1378 1376//1376 1084//1084
f 1376//1376 1378//1378 1380//1380
f 1380//1380 2981//2981 1376//1376
f 2980//2980 1381//1381 1383//1383
f 1379//1379 2982//2982 1684//1684
f 1380//1380 1378//1378 1084//1084
f 1707//1707 1684//1684 2982//2982
f 1685//1685 2983//2983 1377//1377
f 1090//1090 1388//1388 1084//1084
f 1084//1084 1388//1388 1380//1380
f 1386//1386 1384//1384 1387//1387
f 1712//1712 1387//1387 1384//1384
f 1380//1380 1388//1388 2981//2981
f 2982//2982 1399//1399 1707//1707
f 1382//1382 1383//1383 1381//1381
f 1383//1383 1382//1382 1385//1385
f 1385//1385 1399//1399 1383//1383
f 1382//1382 1392//1392 1385//1385
f 1386//1386 1389//1389 1390//1390
f 1387//1387 1389//1389 1386//1386
f 1388//1388 1100//1100 1391//1391
f 1391//1391 2981//2981 1388//1388
f 1399//1399 1385//1385 1392//1392
f 1389//1389 1387//1387 1394//1394
f 1390//1390 1389//1389 1394//1394
f 1391//1391 1392//1392 2981//2981
f 1393//1393 1392//1392 1391//1391
f 1392//1392 1393//1393 1395//1395
f 1392//1392 1395//1395 1399//1399
f 1390//1390 1394//1394 1396//1396
f 1394//1394 1387//1387 1712//1712
f 1391//1391 1398//1398 1393//1393
f 1395//1395 1393//1393 1399//1399
f 1396//1396 1103//1103 1390//1390
f 1397//1397 1396//1396 1394//1394
f 1397//1397 1394//1394 1718//1718
f 1718//1718 1394//1394 1712//1712
f 1393//1393 1398//1398 1413//1413
f 1413//1413 1399//1399 1393//1393
f 1707//1707 1399//1399 1401//1401
f 1707//1707 2984//2984 1720//1720
f 1396//1396 1397//1397 1103//1103
f 1397//1397 1402//1402 1103//1103
f 1397//1397 1400//1400 1402//1402
f 1397//1397 1718//1718 1400//1400
f 2984//2984 1721//1721 1720//1720
f 1106//1106 1103//1103 1402//1402
f 1402//1402 1406//1406 1106//1106
f 1400//1400 1403//1403 1402//1402
f 1403//1403 1408//1408 1402//1402
f 1403//1403 1410//1410 1408//1408
f 1400//1400 1718//1718 1403//1403
f 1718//1718 1725//1725 1403//1403
f 1412//1412 1403//1403 1725//1725
f 1114//1114 1413//1413 1398//1398
f 1399//1399 1413//1413 1404//1404
f 1401//1401 1399//1399 1404//1404
f 1404//1404 1405//1405 2984//2984
f 1721//1721 2984//2984 1405//1405
f 1110//1110 1406//1406 1407//1407
f 1407//1407 1406//1406 1402//1402
f 1407//1407 1402//1402 1408//1408
f 1410//1410 1419//1419 1408//1408
f 1725//1725 1411//1411 1412//1412
f 1412//1412 1409//1409 1410//1410
f 1412//1412 1411//1411 1409//1409
f 1403//1403 1412//1412 1410//1410
f 1411//1411 1725//1725 1416//1416
f 1411//1411 1416//1416 1415//1415
f 1114//1114 1422//1422 1413//1413
f 1413//1413 1417//1417 1404//1404
f 1404//1404 1417//1417 1405//1405
f 1721//1721 1405//1405 1417//1417
f 1409//1409 1419//1419 1410//1410
f 1408//1408 1419//1419 1407//1407
f 1411//1411 2985//2985 1414//1414
f 1411//1411 1414//1414 1409//1409
f 1419//1419 1409//1409 1414//1414
f 1414//1414 1420//1420 1419//1419
f 1414//1414 2985//2985 1420//1420
f 1422//1422 1423//1423 1413//1413
f 1423//1423 1417//1417 1413//1413
f 1418//1418 1419//1419 1123//1123
f 1407//1407 1419//1419 1418//1418
f 1419//1419 1425//1425 1123//1123
f 1425//1425 1419//1419 1420//1420
f 1421//1421 2986//2986 1415//1415
f 1416//1416 1421//1421 1415//1415
f 1417//1417 1429//1429 1430//1430
f 1417//1417 2987//2987 1424//1424
f 2987//2987 1431//1431 1424//1424
f 1721//1721 1417//1417 1750//1750
f 1424//1424 1750//1750 1417//1417
f 1750//1750 1424//1424 1431//1431
f 1123//1123 1425//1425 1125//1125
f 1420//1420 1426//1426 1425//1425
f 2986//2986 1127//1127 1426//1426
f 1745//1745 1767//1767 1435//1435
f 1423//1423 1428//1428 1417//1417
f 1422//1422 1427//1427 1423//1423
f 1423//1423 1427//1427 1428//1428
f 1144//1144 1427//1427 1422//1422
f 1427//1427 1145//1145 1428//1428
f 1429//1429 1417//1417 1428//1428
f 1433//1433 1429//1429 1428//1428
f 1429//1429 1433//1433 1440//1440
f 1430//1430 1429//1429 1434//1434
f 1431//1431 2987//2987 1434//1434
f 2986//2986 1421//1421 1127//1127
f 2842//2842 1421//1421 1432//1432
f 1745//1745 1432//1432 1421//1421
f 1745//1745 1435//1435 1432//1432
f 1427//1427 1144//1144 1145//1145
f 1428//1428 1146//1146 1433//1433
f 1428//1428 1145//1145 1146//1146
f 1146//1146 1440//1440 1433//1433
f 1434//1434 1441//1441 1431//1431
f 1435//1435 1436//1436 1432//1432
f 1437//1437 1435//1435 1767//1767
f 1432//1432 1436//1436 1136//1136
f 1440//1440 1441//1441 1429//1429
f 1429//1429 1441//1441 1434//1434
f 1436//1436 1435//1435 1437//1437
f 1143//1143 1440//1440 1146//1146
f 1442//1442 1438//1438 1767//1767
f 1439//1439 1440//1440 1143//1143
f 1441//1441 1445//1445 1780//1780
f 1445//1445 1441//1441 1446//1446
f 1445//1445 1447//1447 1780//1780
f 1447//1447 1794//1794 1780//1780
f 1442//1442 1448//1448 1438//1438
f 1150//1150 1440//1440 1439//1439
f 1150//1150 1444//1444 1440//1440
f 1441//1441 1440//1440 1446//1446
f 1445//1445 1446//1446 1447//1447
f 1447//1447 1446//1446 1450//1450
f 1158//1158 1799//1799 1800//1800
f 1438//1438 1448//1448 915//915
f 1442//1442 2988//2988 2772//2772
f 2772//2772 1448//1448 1442//1442
f 1799//1799 1155//1155 1443//1443
f 1444//1444 1453//1453 1454//1454
f 1440//1440 1444//1444 1454//1454
f 1449//1449 1446//1446 1440//1440
f 1454//1454 1449//1449 1440//1440
f 1446//1446 1449//1449 2990//2990
f 2990//2990 1449//1449 1451//1451
f 1450//1450 1451//1451 1447//1447
f 1449//1449 1454//1454 1451//1451
f 1447//1447 1451//1451 1461//1461
f 1447//1447 1461//1461 1801//1801
f 1462//1462 1801//1801 1461//1461
f 1155//1155 1799//1799 1158//1158
f 1444//1444 1452//1452 1453//1453
f 1453//1453 1452//1452 1154//1154
f 1463//1463 1453//1453 2847//2847
f 1453//1453 1463//1463 1454//1454
f 1463//1463 1464//1464 1454//1454
f 1455//1455 1466//1466 1458//1458
f 1454//1454 1456//1456 1451//1451
f 1451//1451 1456//1456 1461//1461
f 1454//1454 1455//1455 1456//1456
f 1456//1456 1457//1457 1459//1459
f 1456//1456 1455//1455 1457//1457
f 1457//1457 1455//1455 1458//1458
f 1458//1458 1459//1459 1457//1457
f 1466//1466 1459//1459 1458//1458
f 1456//1456 1459//1459 1460//1460
f 1461//1461 1456//1456 1460//1460
f 1472//1472 1461//1461 1469//1469
f 1472//1472 1462//1462 1461//1461
f 1472//1472 1820//1820 1462//1462
f 1462//1462 1820//1820 1801//1801
f 1464//1464 1474//1474 1454//1454
f 1464//1464 1463//1463 1164//1164
f 1164//1164 1474//1474 1464//1464
f 1465//1465 1474//1474 1466//1466
f 1454//1454 1474//1474 1465//1465
f 1454//1454 1465//1465 1455//1455
f 1455//1455 1465//1465 1466//1466
f 1467//1467 1459//1459 1466//1466
f 1459//1459 1467//1467 1468//1468
f 1461//1461 1460//1460 1470//1470
f 1468//1468 1460//1460 1459//1459
f 1460//1460 1468//1468 1470//1470
f 1470//1470 1468//1468 1475//1475
f 1461//1461 1470//1470 1469//1469
f 1469//1469 1470//1470 1471//1471
f 1471//1471 1470//1470 1476//1476
f 1471//1471 1476//1476 1473//1473
f 1476//1476 1470//1470 1475//1475
f 1472//1472 1469//1469 1471//1471
f 1473//1473 1472//1472 1471//1471
f 1473//1473 2996//2996 1820//1820
f 1473//1473 1820//1820 1472//1472
f 1167//1167 1817//1817 1482//1482
f 1817//1817 1477//1477 1482//1482
f 1474//1474 1164//1164 2991//2991
f 1467//1467 1474//1474 2991//2991
f 1474//1474 1467//1467 1466//1466
f 1467//1467 2991//2991 1468//1468
f 1476//1476 1475//1475 2997//2997
f 1476//1476 2997//2997 1473//1473
f 1478//1478 1819//1819 1824//1824
f 1158//1158 1817//1817 1167//1167
f 1482//1482 1477//1477 1478//1478
f 1478//1478 1477//1477 1819//1819
f 1168//1168 2991//2991 1164//1164
f 1168//1168 1498//1498 2991//2991
f 1820//1820 2996//2996 1838//1838
f 1834//1834 1479//1479 1481//1481
f 1481//1481 1479//1479 1489//1489
f 1483//1483 1482//1482 1480//1480
f 1481//1481 1489//1489 1488//1488
f 1483//1483 1480//1480 2994//2994
f 1487//1487 1483//1483 1485//1485
f 1483//1483 1487//1487 1484//1484
f 2994//2994 1485//1485 1483//1483
f 1490//1490 1485//1485 2994//2994
f 1490//1490 1487//1487 1485//1485
f 2995//2995 1489//1489 1486//1486
f 2995//2995 1486//1486 2993//2993
f 1486//1486 1489//1489 1494//1494
f 1486//1486 1494//1494 2993//2993
f 2993//2993 1494//1494 1495//1495
f 1487//1487 1495//1495 1484//1484
f 1493//1493 1494//1494 1489//1489
f 1484//1484 1495//1495 1492//1492
f 1489//1489 1479//1479 1493//1493
f 2995//2995 1488//1488 1489//1489
f 1484//1484 1492//1492 1483//1483
f 1492//1492 1494//1494 1491//1491
f 1492//1492 1491//1491 1497//1497
f 1483//1483 1492//1492 1497//1497
f 1499//1499 1494//1494 1493//1493
f 1494//1494 1499//1499 1491//1491
f 1495//1495 1494//1494 1492//1492
f 1493//1493 1496//1496 1499//1499
f 1501//1501 1496//1496 1844//1844
f 1491//1491 1499//1499 1497//1497
f 1497//1497 1499//1499 1504//1504
f 1499//1499 1500//1500 1503//1503
f 1504//1504 1499//1499 2998//2998
f 1499//1499 1496//1496 1500//1500
f 1501//1501 1507//1507 1500//1500
f 1501//1501 1500//1500 1496//1496
f 1497//1497 1171//1171 1483//1483
f 1504//1504 1502//1502 1497//1497
f 1504//1504 2998//2998 1502//1502
f 1502//1502 2998//2998 1171//1171
f 1497//1497 1502//1502 1171//1171
f 1500//1500 1507//1507 1503//1503
f 1505//1505 1498//1498 1170//1170
f 2998//2998 1506//1506 1171//1171
f 1507//1507 1506//1506 1503//1503
f 1505//1505 1508//1508 1509//1509
f 1505//1505 1509//1509 1498//1498
f 1498//1498 1509//1509 1512//1512
f 1498//1498 1512//1512 1510//1510
f 2996//2996 2999//2999 1513//1513
f 1506//1506 1507//1507 1511//1511
f 1847//1847 1507//1507 1501//1501
f 1519//1519 1513//1513 2999//2999
f 2996//2996 1513//1513 1523//1523
f 1523//1523 1855//1855 2996//2996
f 1516//1516 1847//1847 1517//1517
f 1847//1847 1514//1514 1517//1517
f 1525//1525 1517//1517 1514//1514
f 1847//1847 1859//1859 1514//1514
f 1859//1859 1520//1520 1525//1525
f 1514//1514 1859//1859 1525//1525
f 1515//1515 1178//1178 1511//1511
f 1515//1515 1511//1511 1517//1517
f 1517//1517 1178//1178 1515//1515
f 1511//1511 1507//1507 1516//1516
f 1507//1507 1847//1847 1516//1516
f 1516//1516 1517//1517 1511//1511
f 1512//1512 1509//1509 1521//1521
f 1512//1512 1518//1518 1510//1510
f 1510//1510 1518//1518 1519//1519
f 1512//1512 1521//1521 1518//1518
f 1855//1855 1523//1523 1524//1524
f 1182//1182 1513//1513 1519//1519
f 1182//1182 1523//1523 1513//1513
f 1178//1178 1517//1517 1525//1525
f 1520//1520 1522//1522 1527//1527
f 1520//1520 1527//1527 1525//1525
f 1861//1861 1522//1522 1520//1520
f 1861//1861 1879//1879 1522//1522
f 1523//1523 1529//1529 1524//1524
f 1532//1532 1531//1531 1880//1880
f 1525//1525 1185//1185 1178//1178
f 1525//1525 1526//1526 1185//1185
f 1526//1526 1525//1525 1527//1527
f 1527//1527 1522//1522 1526//1526
f 1880//1880 1531//1531 1879//1879
f 1182//1182 1180//1180 1528//1528
f 1182//1182 1528//1528 1529//1529
f 1523//1523 1182//1182 1529//1529
f 1185//1185 1526//1526 1530//1530
f 1530//1530 1522//1522 1531//1531
f 1522//1522 1530//1530 1526//1526
f 1879//1879 1531//1531 1522//1522
f 1537//1537 1529//1529 1528//1528
f 1529//1529 1537//1537 1524//1524
f 1531//1531 1533//1533 1530//1530
f 1533//1533 1531//1531 1534//1534
f 1534//1534 1535//1535 1533//1533
f 1534//1534 1531//1531 1532//1532
f 1532//1532 1893//1893 1534//1534
f 1534//1534 1893//1893 1535//1535
f 1909//1909 1535//1535 1893//1893
f 1909//1909 1536//1536 1535//1535
f 1539//1539 1536//1536 1909//1909
f 1187//1187 1528//1528 1180//1180
f 1528//1528 1187//1187 1537//1537
f 1536//1536 1538//1538 1535//1535
f 1536//1536 1540//1540 1538//1538
f 1539//1539 1540//1540 1536//1536
f 1909//1909 1895//1895 1539//1539
f 1539//1539 1913//1913 1540//1540
f 1543//1543 1540//1540 1542//1542
f 1542//1542 1540//1540 1544//1544
f 1544//1544 1540//1540 1913//1913
f 1187//1187 1541//1541 1537//1537
f 1537//1537 1541//1541 1545//1545
f 1542//1542 1544//1544 1546//1546
f 1548//1548 1537//1537 1545//1545
f 1931//1931 1549//1549 1546//1546
f 1202//1202 1206//1206 1545//1545
f 1545//1545 1206//1206 1550//1550
f 1545//1545 1550//1550 1548//1548
f 1549//1549 1557//1557 1546//1546
f 1557//1557 1938//1938 1984//1984
f 1553//1553 1548//1548 1555//1555
f 1551//1551 1953//1953 1548//1548
f 1551//1551 1548//1548 1553//1553
f 1953//1953 1551//1551 1952//1952
f 1952//1952 1551//1551 1552//1552
f 1955//1955 1952//1952 1552//1552
f 1551//1551 1553//1553 1552//1552
f 1548//1548 1550//1550 1218//1218
f 1218//1218 1555//1555 1548//1548
f 1553//1553 1565//1565 1552//1552
f 1955//1955 1552//1552 1988//1988
f 1552//1552 1565//1565 1988//1988
f 1557//1557 1554//1554 1559//1559
f 1559//1559 1554//1554 2008//2008
f 1557//1557 1984//1984 1554//1554
f 1220//1220 1553//1553 1555//1555
f 1556//1556 1559//1559 2008//2008
f 1557//1557 1558//1558 1221//1221
f 1558//1558 1560//1560 1221//1221
f 1558//1558 1557//1557 1559//1559
f 1558//1558 1556//1556 1560//1560
f 1558//1558 1559//1559 1556//1556
f 1563//1563 1553//1553 1220//1220
f 1553//1553 1563//1563 1564//1564
f 3001//3001 1564//1564 1565//1565
f 1993//1993 1562//1562 2008//2008
f 1221//1221 1560//1560 1568//1568
f 1568//1568 1560//1560 1561//1561
f 1556//1556 1561//1561 1560//1560
f 2008//2008 1561//1561 1556//1556
f 1562//1562 1561//1561 2008//2008
f 1565//1565 1564//1564 1566//1566
f 1566//1566 1564//1564 1563//1563
f 1988//1988 1565//1565 1566//1566
f 1562//1562 2015//2015 1567//1567
f 1567//1567 3117//3117 2021//2021
f 1569//1569 1568//1568 1561//1561
f 1562//1562 1569//1569 1561//1561
f 1562//1562 1567//1567 1569//1569
f 1563//1563 1220//1220 1566//1566
f 1988//1988 1566//1566 1570//1570
f 1988//1988 1570//1570 2032//2032
f 1567//1567 2021//2021 2027//2027
f 1566//1566 1220//1220 1226//1226
f 1229//1229 1566//1566 1226//1226
f 1570//1570 1566//1566 1229//1229
f 1567//1567 1223//1223 1569//1569
f 1567//1567 976//976 1223//1223
f 1567//1567 1571//1571 976//976
f 1571//1571 1567//1567 2027//2027
f 1571//1571 1231//1231 976//976
f 1231//1231 1571//1571 2027//2027
f 2032//2032 1570//1570 2056//2056
f 1570//1570 1232//1232 2056//2056
f 2052//2052 2027//2027 2033//2033
f 2052//2052 1231//1231 2027//2027
f 1231//1231 2052//2052 1573//1573
f 1572//1572 1232//1232 1574//1574
f 1232//1232 1572//1572 2057//2057
f 1572//1572 2094//2094 2057//2057
f 2065//2065 2057//2057 2094//2094
f 1575//1575 2067//2067 2078//2078
f 1575//1575 1573//1573 2067//2067
f 1574//1574 1232//1232 1233//1233
f 2094//2094 1572//1572 1578//1578
f 1575//1575 1581//1581 1576//1576
f 1579//1579 1581//1581 1575//1575
f 1579//1579 1575//1575 1577//1577
f 2078//2078 1577//1577 1575//1575
f 1577//1577 2078//2078 1583//1583
f 1590//1590 1578//1578 1572//1572
f 1590//1590 2094//2094 1578//1578
f 1577//1577 1580//1580 1579//1579
f 1585//1585 1579//1579 1580//1580
f 1577//1577 1585//1585 1580//1580
f 1577//1577 1582//1582 1585//1585
f 1583//1583 1582//1582 1577//1577
f 1586//1586 1585//1585 1583//1583
f 1585//1585 1582//1582 1583//1583
f 1584//1584 1588//1588 1587//1587
f 1581//1581 1579//1579 1241//1241
f 2859//2859 1585//1585 1586//1586
f 1586//1586 3004//3004 2859//2859
f 1586//1586 1583//1583 3004//3004
f 1587//1587 1588//1588 1589//1589
f 1579//1579 1585//1585 1241//1241
f 1585//1585 2859//2859 1241//1241
f 3004//3004 1589//1589 2859//2859
f 1596//1596 1589//1589 1588//1588
f 1597//1597 1596//1596 1588//1588
f 1588//1588 2090//2090 1597//1597
f 1592//1592 1593//1593 1590//1590
f 1591//1591 1590//1590 1593//1593
f 2096//2096 1590//1590 1591//1591
f 1589//1589 1248//1248 2859//2859
f 1589//1589 1596//1596 1248//1248
f 1592//1592 1605//1605 1599//1599
f 1591//1591 1593//1593 1594//1594
f 1594//1594 1593//1593 1592//1592
f 1594//1594 1592//1592 1595//1595
f 1595//1595 1592//1592 1599//1599
f 2096//2096 1591//1591 1594//1594
f 2096//2096 1594//1594 1595//1595
f 2096//2096 1595//1595 1602//1602
f 1248//1248 1596//1596 1600//1600
f 1596//1596 1597//1597 1600//1600
f 1590//1590 1604//1604 1592//1592
f 1605//1605 1598//1598 1599//1599
f 1605//1605 1592//1592 1604//1604
f 1599//1599 1598//1598 1595//1595
f 1602//1602 1595//1595 1598//1598
f 1601//1601 1600//1600 1597//1597
f 1601//1601 1603//1603 1600//1600
f 1250//1250 1603//1603 1601//1601
f 1598//1598 1605//1605 1602//1602
f 1606//1606 1605//1605 1608//1608
f 1602//1602 1605//1605 1606//1606
f 2100//2100 1602//1602 1606//1606
f 2102//2102 2100//2100 1606//1606
f 1251//1251 1601//1601 1607//1607
f 1601//1601 2101//2101 1607//1607
f 1256//1256 1616//1616 1608//1608
f 1606//1606 1608//1608 1616//1616
f 1606//1606 1610//1610 2102//2102
f 1609//1609 1607//1607 2101//2101
f 1612//1612 1606//1606 1616//1616
f 1610//1610 1606//1606 1612//1612
f 1610//1610 1612//1612 1613//1613
f 1616//1616 1614//1614 1612//1612
f 1618//1618 1614//1614 1616//1616
f 1612//1612 1614//1614 1618//1618
f 2107//2107 1613//1613 1612//1612
f 2107//2107 1612//1612 1615//1615
f 2107//2107 1615//1615 1619//1619
f 2112//2112 1609//1609 2101//2101
f 1611//1611 1609//1609 2112//2112
f 1616//1616 1617//1617 1624//1624
f 1616//1616 1624//1624 1618//1618
f 1615//1615 1612//1612 1619//1619
f 3006//3006 1619//1619 1612//1612
f 1620//1620 1621//1621 1611//1611
f 2112//2112 1620//1620 1611//1611
f 1622//1622 3006//3006 1624//1624
f 1619//1619 3006//3006 1622//1622
f 1621//1621 1627//1627 1625//1625
f 2113//2113 1627//1627 1621//1621
f 2113//2113 1621//1621 1620//1620
f 2113//2113 1620//1620 2112//2112
f 1623//1623 1624//1624 1617//1617
f 2110//2110 1619//1619 1622//1622
f 1623//1623 1628//1628 1624//1624
f 1261//1261 1628//1628 1623//1623
f 1624//1624 1628//1628 1622//1622
f 1625//1625 1627//1627 1260//1260
f 1632//1632 1631//1631 1626//1626
f 1627//1627 1632//1632 1626//1626
f 2115//2115 1627//1627 2113//2113
f 1261//1261 1629//1629 1628//1628
f 1622//1622 1628//1628 2116//2116
f 1275//1275 1631//1631 1634//1634
f 2119//2119 1634//1634 1631//1631
f 2894//2894 2879//2879 1634//1634
f 3012//3012 2894//2894 1634//1634
f 3012//3012 1634//1634 3013//3013
f 2119//2119 1636//1636 1634//1634
f 1287//1287 1633//1633 1284//1284
f 1287//1287 1292//1292 1633//1633
f 1633//1633 1292//1292 1640//1640
f 1292//1292 3015//3015 1640//1640
f 1643//1643 1636//1636 1646//1646
f 3013//3013 1636//1636 1643//1643
f 1634//1634 1636//1636 3013//3013
f 3014//3014 3018//3018 3016//3016
f 1639//1639 1638//1638 1633//1633
f 1640//1640 1639//1639 1633//1633
f 3018//3018 1645//1645 3016//3016
f 3015//3015 1642//1642 1640//1640
f 3016//3016 1645//1645 3017//3017
f 1644//1644 1640//1640 1642//1642
f 1642//1642 3021//3021 1644//1644
f 1643//1643 1646//1646 3022//3022
f 3024//3024 3019//3019 3023//3023
f 1636//1636 2119//2119 1646//1646
f 2153//2153 2124//2124 1640//1640
f 1640//1640 1647//1647 2153//2153
f 1640//1640 1644//1644 1647//1647
f 1647//1647 1644//1644 1649//1649
f 3026//3026 3028//3028 1648//1648
f 3020//3020 3025//3025 3029//3029
f 3030//3030 1646//1646 2119//2119
f 1650//1650 2153//2153 1647//1647
f 1647//1647 3027//3027 1650//1650
f 1648//1648 3028//3028 1651//1651
f 3027//3027 3032//3032 1650//1650
f 3032//3032 1652//1652 1650//1650
f 3031//3031 2156//2156 3033//3033
f 1650//1650 1652//1652 2153//2153
f 3034//3034 3178//3178 2154//2154
f 3174//3174 3036//3036 3035//3035
f 3174//3174 2155//2155 3036//3036
f 1335//1335 1653//1653 1655//1655
f 1349//1349 1655//1655 1654//1654
f 1349//1349 1654//1654 1358//1358
f 1358//1358 1654//1654 1368//1368
f 1359//1359 1657//1657 1365//1365
f 1658//1658 1661//1661 1653//1653
f 1653//1653 1656//1656 1655//1655
f 1365//1365 1657//1657 1660//1660
f 1659//1659 1365//1365 1666//1666
f 1660//1660 1666//1666 1365//1365
f 1661//1661 1662//1662 1653//1653
f 1653//1653 1662//1662 1656//1656
f 1655//1655 1656//1656 1664//1664
f 1655//1655 1664//1664 1663//1663
f 1655//1655 1663//1663 1654//1654
f 1660//1660 1669//1669 1666//1666
f 1660//1660 1657//1657 1669//1669
f 1672//1672 2976//2976 1654//1654
f 3037//3037 1657//1657 2977//2977
f 1669//1669 1657//1657 3037//3037
f 1659//1659 1668//1668 1658//1658
f 1661//1661 1658//1658 1670//1670
f 1658//1658 3038//3038 1670//1670
f 1659//1659 1666//1666 1668//1668
f 1666//1666 1669//1669 1668//1668
f 1662//1662 1661//1661 1677//1677
f 1662//1662 1677//1677 1680//1680
f 1664//1664 1667//1667 1663//1663
f 1656//1656 1671//1671 1664//1664
f 1370//1370 3039//3039 1377//1377
f 1682//1682 1654//1654 1667//1667
f 1672//1672 1654//1654 1682//1682
f 1654//1654 1663//1663 1667//1667
f 1684//1684 1681//1681 1665//1665
f 3037//3037 3041//3041 1669//1669
f 1670//1670 3038//3038 1675//1675
f 1668//1668 1674//1674 1673//1673
f 3038//3038 3040//3040 1675//1675
f 1676//1676 1661//1661 1670//1670
f 1676//1676 1670//1670 1675//1675
f 1656//1656 1679//1679 1671//1671
f 1664//1664 1671//1671 1683//1683
f 1656//1656 1662//1662 1679//1679
f 1664//1664 1683//1683 1667//1667
f 1667//1667 1683//1683 1682//1682
f 1669//1669 1674//1674 1668//1668
f 1661//1661 1678//1678 1677//1677
f 1661//1661 1676//1676 1678//1678
f 1677//1677 1678//1678 1689//1689
f 1662//1662 1680//1680 1679//1679
f 3041//3041 1674//1674 1669//1669
f 1689//1689 1680//1680 1677//1677
f 1683//1683 1671//1671 2176//2176
f 1683//1683 2176//2176 1682//1682
f 1685//1685 1377//1377 3039//3039
f 1686//1686 3042//3042 1672//1672
f 1682//1682 1686//1686 1672//1672
f 1684//1684 1707//1707 1681//1681
f 1673//1673 1674//1674 1687//1687
f 1675//1675 3040//3040 1690//1690
f 1673//1673 1687//1687 3043//3043
f 1675//1675 1688//1688 1676//1676
f 1676//1676 1688//1688 1678//1678
f 1678//1678 2182//2182 1689//1689
f 1680//1680 1689//1689 2175//2175
f 1682//1682 2176//2176 1686//1686
f 2182//2182 2190//2190 1689//1689
f 1689//1689 1691//1691 2175//2175
f 3049//3049 2983//2983 1685//1685
f 1699//1699 1681//1681 1707//1707
f 1687//1687 1674//1674 1698//1698
f 1675//1675 3044//3044 1688//1688
f 1687//1687 1698//1698 3043//3043
f 2182//2182 1678//1678 1688//1688
f 1691//1691 1689//1689 1695//1695
f 2176//2176 2181//2181 1686//1686
f 3041//3041 3046//3046 1674//1674
f 1688//1688 3044//3044 1693//1693
f 3044//3044 1692//1692 1693//1693
f 3045//3045 3043//3043 1698//1698
f 1694//1694 1688//1688 1693//1693
f 1694//1694 2182//2182 1688//1688
f 1695//1695 1689//1689 1697//1697
f 1696//1696 1695//1695 1697//1697
f 1693//1693 1692//1692 1702//1702
f 3045//3045 1698//1698 1702//1702
f 1674//1674 1700//1700 1698//1698
f 1693//1693 1704//1704 1694//1694
f 1713//1713 3050//3050 2194//2194
f 3050//3050 3042//3042 2194//2194
f 2194//2194 3042//3042 1686//1686
f 1674//1674 3046//3046 1700//1700
f 1693//1693 1702//1702 1701//1701
f 1693//1693 3047//3047 1704//1704
f 1702//1702 1700//1700 1703//1703
f 1703//1703 1701//1701 1702//1702
f 1698//1698 1700//1700 1702//1702
f 1694//1694 1704//1704 1717//1717
f 1713//1713 2197//2197 1710//1710
f 2197//2197 1713//1713 2194//2194
f 2197//2197 1709//1709 1710//1710
f 1705//1705 1706//1706 2196//2196
f 1705//1705 1709//1709 1706//1706
f 1699//1699 1707//1707 1720//1720
f 1708//1708 1701//1701 1723//1723
f 1708//1708 1723//1723 1714//1714
f 1704//1704 3047//3047 3048//3048
f 3048//3048 1714//1714 1716//1716
f 3048//3048 1716//1716 1704//1704
f 1703//1703 1700//1700 1726//1726
f 1713//1713 1710//1710 1724//1724
f 1709//1709 1711//1711 1710//1710
f 1710//1710 1711//1711 1724//1724
f 1725//1725 1718//1718 3050//3050
f 3050//3050 1713//1713 1725//1725
f 1722//1722 1699//1699 1720//1720
f 1722//1722 1735//1735 3046//3046
f 3046//3046 1735//1735 1700//1700
f 1701//1701 1715//1715 1723//1723
f 1701//1701 1703//1703 1715//1715
f 1703//1703 1726//1726 1715//1715
f 1723//1723 1715//1715 1726//1726
f 1704//1704 1716//1716 1717//1717
f 1725//1725 1713//1713 1724//1724
f 1722//1722 1720//1720 1721//1721
f 1734//1734 1723//1723 1726//1726
f 1735//1735 1726//1726 1700//1700
f 1716//1716 1727//1727 1717//1717
f 2182//2182 1717//1717 1728//1728
f 1721//1721 1735//1735 1722//1722
f 1714//1714 1723//1723 1730//1730
f 1734//1734 1726//1726 1735//1735
f 1716//1716 1714//1714 1727//1727
f 1714//1714 1730//1730 1727//1727
f 1727//1727 1730//1730 1731//1731
f 1725//1725 1724//1724 1416//1416
f 1724//1724 1733//1733 1416//1416
f 1730//1730 1723//1723 1729//1729
f 1730//1730 1729//1729 1731//1731
f 1723//1723 1734//1734 3052//3052
f 1729//1729 1736//1736 1731//1731
f 1727//1727 1732//1732 1717//1717
f 1731//1731 1732//1732 1727//1727
f 2212//2212 1737//1737 2202//2202
f 1719//1719 1739//1739 1711//1711
f 1719//1719 1744//1744 1739//1739
f 1416//1416 1733//1733 1421//1421
f 1733//1733 1724//1724 1739//1739
f 1724//1724 1711//1711 1739//1739
f 1736//1736 3052//3052 1734//1734
f 1750//1750 1735//1735 1721//1721
f 1731//1731 1736//1736 1740//1740
f 1736//1736 1734//1734 1752//1752
f 1731//1731 1741//1741 1732//1732
f 1732//1732 1741//1741 2211//2211
f 1732//1732 2211//2211 2208//2208
f 1738//1738 1743//1743 1760//1760
f 2204//2204 1738//1738 1744//1744
f 1745//1745 1421//1421 1733//1733
f 1733//1733 1739//1739 1745//1745
f 1739//1739 1744//1744 1745//1745
f 3055//3055 1749//1749 1742//1742
f 1743//1743 3056//3056 3058//3058
f 2212//2212 3060//3060 1737//1737
f 3058//3058 1760//1760 1743//1743
f 1745//1745 1744//1744 1767//1767
f 1744//1744 1738//1738 1767//1767
f 1750//1750 1751//1751 1735//1735
f 1735//1735 1751//1751 1734//1734
f 1734//1734 1751//1751 1746//1746
f 1734//1734 1746//1746 1752//1752
f 3053//3053 3057//3057 1756//1756
f 1741//1741 1731//1731 1747//1747
f 1757//1757 1747//1747 3054//3054
f 1747//1747 1748//1748 1741//1741
f 1753//1753 1756//1756 3057//3057
f 1756//1756 3062//3062 3053//3053
f 1741//1741 3059//3059 2211//2211
f 1747//1747 1757//1757 1748//1748
f 3060//3060 2212//2212 1766//1766
f 3058//3058 1768//1768 1760//1760
f 1750//1750 1431//1431 1441//1441
f 1441//1441 1780//1780 1750//1750
f 1752//1752 1746//1746 1751//1751
f 1740//1740 1736//1736 3061//3061
f 3061//3061 1736//1736 1754//1754
f 1756//1756 1753//1753 1755//1755
f 1763//1763 1756//1756 1755//1755
f 1753//1753 1763//1763 1755//1755
f 3062//3062 1756//1756 1763//1763
f 1728//1728 1759//1759 1758//1758
f 1761//1761 1742//1742 1749//1749
f 1742//1742 1761//1761 3064//3064
f 1738//1738 1760//1760 1762//1762
f 1776//1776 1761//1761 1749//1749
f 1766//1766 3066//3066 3060//3060
f 1767//1767 1738//1738 1762//1762
f 1794//1794 1751//1751 1750//1750
f 1780//1780 1794//1794 1750//1750
f 1752//1752 1751//1751 1769//1769
f 1769//1769 1770//1770 1752//1752
f 1752//1752 1770//1770 1736//1736
f 1736//1736 1770//1770 1754//1754
f 1770//1770 1782//1782 1754//1754
f 1764//1764 1748//1748 1757//1757
f 1771//1771 1748//1748 1764//1764
f 1758//1758 1759//1759 1765//1765
f 1758//1758 1765//1765 2216//2216
f 1765//1765 1773//1773 2216//2216
f 2219//2219 1772//1772 3063//3063
f 3065//3065 1765//1765 1759//1759
f 1765//1765 3065//3065 1773//1773
f 1761//1761 1776//1776 3064//3064
f 1762//1762 1760//1760 1779//1779
f 1762//1762 1779//1779 1767//1767
f 1768//1768 1779//1779 1760//1760
f 1437//1437 1767//1767 1438//1438
f 1795//1795 1769//1769 1794//1794
f 1751//1751 1794//1794 1769//1769
f 3061//3061 1754//1754 1797//1797
f 1773//1773 3065//3065 1788//1788
f 1772//1772 1775//1775 1788//1788
f 1766//1766 1792//1792 3066//3066
f 1792//1792 1766//1766 1793//1793
f 1766//1766 1778//1778 1793//1793
f 2221//2221 1777//1777 1778//1778
f 1777//1777 1789//1789 1778//1778
f 1768//1768 1790//1790 1779//1779
f 1442//1442 1767//1767 1779//1779
f 1776//1776 2989//2989 3064//3064
f 1769//1769 1795//1795 1781//1781
f 1770//1770 1769//1769 1781//1781
f 1770//1770 1781//1781 1795//1795
f 1783//1783 1753//1753 1797//1797
f 2217//2217 1763//1763 1784//1784
f 1763//1763 1753//1753 1783//1783
f 1783//1783 1784//1784 1763//1763
f 1786//1786 1785//1785 1775//1775
f 1785//1785 1787//1787 1789//1789
f 1785//1785 1786//1786 1787//1787
f 1778//1778 1789//1789 1793//1793
f 1788//1788 1775//1775 1785//1785
f 1785//1785 1789//1789 1788//1788
f 1775//1775 1774//1774 3067//3067
f 1777//1777 1788//1788 1789//1789
f 1798//1798 3067//3067 1774//1774
f 1768//1768 2988//2988 1790//1790
f 1779//1779 1790//1790 1442//1442
f 1790//1790 2988//2988 1442//1442
f 1791//1791 1443//1443 3066//3066
f 1443//1443 1791//1791 1793//1793
f 1443//1443 1793//1793 1799//1799
f 1792//1792 1791//1791 3066//3066
f 1792//1792 1793//1793 1791//1791
f 1770//1770 1795//1795 1796//1796
f 1796//1796 1782//1782 1770//1770
f 1783//1783 1797//1797 1804//1804
f 1803//1803 1797//1797 1754//1754
f 1782//1782 1803//1803 1754//1754
f 1804//1804 1806//1806 1783//1783
f 1806//1806 1784//1784 1783//1783
f 1784//1784 1806//1806 2217//2217
f 3068//3068 1786//1786 1810//1810
f 1786//1786 3068//3068 1787//1787
f 1787//1787 3068//3068 1789//1789
f 1798//1798 3070//3070 3067//3067
f 1808//1808 1807//1807 2220//2220
f 1793//1793 1800//1800 1799//1799
f 1789//1789 1800//1800 1793//1793
f 1447//1447 1801//1801 1794//1794
f 1795//1795 1794//1794 1802//1802
f 1802//1802 1821//1821 1822//1822
f 1795//1795 1802//1802 1822//1822
f 1796//1796 1795//1795 1822//1822
f 1796//1796 1822//1822 1782//1782
f 1782//1782 1822//1822 1803//1803
f 1797//1797 1803//1803 1805//1805
f 1805//1805 1804//1804 1797//1797
f 1806//1806 1804//1804 1812//1812
f 2217//2217 1806//1806 1808//1808
f 1806//1806 1812//1812 1814//1814
f 1806//1806 1814//1814 1808//1808
f 3216//3216 1807//1807 2223//2223
f 1809//1809 2222//2222 2223//2223
f 2222//2222 1809//1809 1811//1811
f 1798//1798 2222//2222 1811//1811
f 2223//2223 1815//1815 1809//1809
f 1809//1809 3071//3071 1811//1811
f 1800//1800 3070//3070 1158//1158
f 1817//1817 1158//1158 3070//3070
f 3070//3070 1811//1811 1817//1817
f 1798//1798 1811//1811 3070//3070
f 3069//3069 1820//1820 1802//1802
f 1794//1794 3069//3069 1802//1802
f 1819//1819 1807//1807 1813//1813
f 1807//1807 1808//1808 1813//1813
f 1808//1808 1814//1814 1826//1826
f 1808//1808 1826//1826 1813//1813
f 1817//1817 1811//1811 3071//3071
f 1477//1477 1815//1815 1818//1818
f 3071//3071 1477//1477 1817//1817
f 2223//2223 1818//1818 1815//1815
f 1820//1820 1821//1821 1802//1802
f 1813//1813 1826//1826 1819//1819
f 1812//1812 1816//1816 1814//1814
f 1826//1826 1814//1814 1832//1832
f 1814//1814 1816//1816 1832//1832
f 1818//1818 1819//1819 1477//1477
f 1819//1819 1818//1818 1807//1807
f 1807//1807 1818//1818 2223//2223
f 1828//1828 1805//1805 1803//1803
f 1803//1803 1822//1822 1828//1828
f 1823//1823 1812//1812 1804//1804
f 1823//1823 1831//1831 1812//1812
f 1831//1831 1832//1832 1816//1816
f 1831//1831 1816//1816 1812//1812
f 1824//1824 1819//1819 1826//1826
f 1825//1825 1824//1824 1826//1826
f 1826//1826 1832//1832 1830//1830
f 1826//1826 1830//1830 1825//1825
f 1804//1804 1805//1805 1827//1827
f 3072//3072 1823//1823 1804//1804
f 3072//3072 1831//1831 1823//1823
f 1825//1825 1478//1478 1824//1824
f 1478//1478 1825//1825 1482//1482
f 1482//1482 1825//1825 1480//1480
f 1830//1830 1480//1480 1825//1825
f 1829//1829 1831//1831 3072//3072
f 1480//1480 1830//1830 1835//1835
f 1821//1821 1820//1820 1837//1837
f 1828//1828 1839//1839 1805//1805
f 1479//1479 1834//1834 1833//1833
f 1829//1829 3072//3072 1834//1834
f 3073//3073 1839//1839 3075//3075
f 1834//1834 3074//3074 1833//1833
f 1836//1836 1835//1835 1832//1832
f 3075//3075 1839//1839 2992//2992
f 1835//1835 1836//1836 1488//1488
f 1831//1831 1829//1829 1834//1834
f 1831//1831 1834//1834 1836//1836
f 1832//1832 1835//1835 1830//1830
f 3073//3073 1805//1805 1839//1839
f 1832//1832 1831//1831 1836//1836
f 1480//1480 1835//1835 2994//2994
f 1821//1821 1837//1837 1822//1822
f 1822//1822 1837//1837 1843//1843
f 1822//1822 1844//1844 1828//1828
f 1822//1822 1843//1843 1844//1844
f 1836//1836 1834//1834 1481//1481
f 1839//1839 1493//1493 2992//2992
f 1488//1488 1836//1836 1481//1481
f 1839//1839 1844//1844 1496//1496
f 1839//1839 1828//1828 1844//1844
f 1493//1493 1839//1839 1496//1496
f 1851//1851 1846//1846 1838//1838
f 1838//1838 1846//1846 1842//1842
f 1842//1842 1820//1820 1838//1838
f 1820//1820 1842//1842 1840//1840
f 1820//1820 1840//1840 1837//1837
f 1837//1837 1840//1840 1845//1845
f 1845//1845 3077//3077 1837//1837
f 1841//1841 1838//1838 2996//2996
f 1856//1856 1851//1851 1838//1838
f 1855//1855 1841//1841 2996//2996
f 1842//1842 1846//1846 1858//1858
f 1851//1851 1858//1858 1846//1846
f 1840//1840 1842//1842 1857//1857
f 1842//1842 1858//1858 1857//1857
f 1845//1845 1840//1840 1857//1857
f 1848//1848 1501//1501 1844//1844
f 1501//1501 1848//1848 1847//1847
f 1844//1844 1843//1843 1849//1849
f 1848//1848 1844//1844 1849//1849
f 1848//1848 1849//1849 1853//1853
f 1849//1849 1843//1843 1853//1853
f 1850//1850 1838//1838 1841//1841
f 3078//3078 3076//3076 3080//3080
f 1838//1838 1850//1850 1856//1856
f 3077//3077 1845//1845 1854//1854
f 1848//1848 1853//1853 1852//1852
f 1848//1848 1852//1852 1859//1859
f 1848//1848 1859//1859 1847//1847
f 1853//1853 1859//1859 1852//1852
f 3077//3077 1854//1854 3079//3079
f 1854//1854 1845//1845 1862//1862
f 3078//3078 3080//3080 1864//1864
f 1850//1850 3083//3083 1865//1865
f 1865//1865 1856//1856 1850//1850
f 1851//1851 1856//1856 1867//1867
f 1857//1857 1863//1863 1845//1845
f 1857//1857 1858//1858 1866//1866
f 1857//1857 1866//1866 1863//1863
f 1859//1859 1853//1853 1860//1860
f 1520//1520 1860//1860 1853//1853
f 1860//1860 1520//1520 1859//1859
f 1520//1520 3079//3079 1854//1854
f 1861//1861 1520//1520 1854//1854
f 1845//1845 1863//1863 1862//1862
f 1862//1862 1863//1863 1861//1861
f 1854//1854 1862//1862 1861//1861
f 1869//1869 1864//1864 3080//3080
f 3083//3083 1874//1874 1865//1865
f 1873//1873 1864//1864 1869//1869
f 3083//3083 3087//3087 1874//1874
f 1865//1865 1867//1867 1856//1856
f 1874//1874 1867//1867 1865//1865
f 1851//1851 1867//1867 1877//1877
f 1872//1872 1866//1866 1877//1877
f 1858//1858 1877//1877 1866//1866
f 1858//1858 1851//1851 1877//1877
f 1867//1867 1874//1874 1876//1876
f 1867//1867 1876//1876 1877//1877
f 1861//1861 1863//1863 1880//1880
f 1524//1524 1887//1887 1889//1889
f 1868//1868 1870//1870 3081//3081
f 3081//3081 1870//1870 3085//3085
f 1871//1871 1855//1855 1889//1889
f 1874//1874 3087//3087 1876//1876
f 1873//1873 1869//1869 1878//1878
f 1876//1876 3087//3087 1896//1896
f 1877//1877 1876//1876 1875//1875
f 1880//1880 1879//1879 1861//1861
f 1863//1863 1866//1866 1880//1880
f 1881//1881 1866//1866 1872//1872
f 1872//1872 1882//1882 1881//1881
f 1884//1884 1882//1882 1872//1872
f 1884//1884 1872//1872 1877//1877
f 1877//1877 3088//3088 1884//1884
f 1886//1886 1887//1887 1524//1524
f 1855//1855 1524//1524 1889//1889
f 1870//1870 1868//1868 1898//1898
f 3082//3082 3086//3086 2224//2224
f 3082//3082 2224//2224 1899//1899
f 3082//3082 1899//1899 3084//3084
f 1873//1873 1878//1878 1896//1896
f 1869//1869 1890//1890 1878//1878
f 1891//1891 1878//1878 1890//1890
f 3090//3090 1896//1896 1878//1878
f 1875//1875 1876//1876 1885//1885
f 1898//1898 1892//1892 1870//1870
f 1892//1892 3085//3085 1870//1870
f 3089//3089 3085//3085 1892//1892
f 1881//1881 1532//1532 1880//1880
f 1866//1866 1881//1881 1880//1880
f 1881//1881 1893//1893 1532//1532
f 1893//1893 1881//1881 1883//1883
f 1883//1883 1894//1894 1893//1893
f 1881//1881 1882//1882 1883//1883
f 1884//1884 1883//1883 1882//1882
f 1895//1895 1894//1894 1884//1884
f 1883//1883 1884//1884 1894//1894
f 1884//1884 1885//1885 1895//1895
f 3088//3088 1885//1885 1884//1884
f 1889//1889 1887//1887 1888//1888
f 1871//1871 1889//1889 2224//2224
f 3091//3091 3089//3089 1907//1907
f 1892//1892 1898//1898 1900//1900
f 1893//1893 1894//1894 1909//1909
f 1895//1895 1896//1896 1539//1539
f 1896//1896 3090//3090 1539//1539
f 1876//1876 1896//1896 1885//1885
f 1885//1885 1896//1896 1895//1895
f 1886//1886 1524//1524 1903//1903
f 1903//1903 1887//1887 1886//1886
f 1888//1888 1887//1887 1915//1915
f 1887//1887 1903//1903 1915//1915
f 1915//1915 1889//1889 1888//1888
f 1905//1905 1899//1899 2224//2224
f 1889//1889 1897//1897 2224//2224
f 1897//1897 1906//1906 2224//2224
f 1902//1902 3089//3089 1892//1892
f 3089//3089 1902//1902 1907//1907
f 1900//1900 1902//1902 1892//1892
f 3084//3084 1899//1899 3092//3092
f 3092//3092 1899//1899 1901//1901
f 1898//1898 3093//3093 1900//1900
f 1901//1901 1899//1899 1908//1908
f 3093//3093 3094//3094 1900//1900
f 1900//1900 3094//3094 1902//1902
f 1905//1905 2224//2224 1906//1906
f 1899//1899 1905//1905 1908//1908
f 1909//1909 1894//1894 1895//1895
f 1539//1539 3091//3091 1907//1907
f 1902//1902 1908//1908 1907//1907
f 1889//1889 1915//1915 1904//1904
f 1889//1889 1904//1904 1911//1911
f 1904//1904 1910//1910 1911//1911
f 1911//1911 2225//2225 1889//1889
f 1889//1889 2225//2225 1897//1897
f 1897//1897 2225//2225 1906//1906
f 1906//1906 2225//2225 1905//1905
f 2225//2225 1912//1912 1905//1905
f 1913//1913 1539//1539 1907//1907
f 1907//1907 1908//1908 3096//3096
f 1524//1524 1537//1537 1932//1932
f 1524//1524 1932//1932 1903//1903
f 1903//1903 1932//1932 1917//1917
f 1903//1903 1920//1920 1915//1915
f 1904//1904 1916//1916 1910//1910
f 3096//3096 1905//1905 1914//1914
f 1905//1905 3096//3096 1908//1908
f 1918//1918 1903//1903 1917//1917
f 1918//1918 1920//1920 1903//1903
f 1904//1904 1915//1915 1916//1916
f 1916//1916 1922//1922 1910//1910
f 1916//1916 1915//1915 1922//1922
f 1915//1915 1919//1919 1922//1922
f 1910//1910 1922//1922 1911//1911
f 1922//1922 1925//1925 1911//1911
f 1911//1911 1925//1925 3095//3095
f 1924//1924 1544//1544 3097//3097
f 1931//1931 1924//1924 3097//3097
f 1931//1931 1914//1914 1905//1905
f 1905//1905 1912//1912 3101//3101
f 3096//3096 1914//1914 3000//3000
f 1917//1917 1932//1932 1926//1926
f 1917//1917 1926//1926 1927//1927
f 1927//1927 1918//1918 1917//1917
f 1918//1918 1927//1927 1934//1934
f 1920//1920 1918//1918 1934//1934
f 1915//1915 1920//1920 1921//1921
f 3098//3098 3099//3099 1923//1923
f 1919//1919 1915//1915 1921//1921
f 1929//1929 1921//1921 1920//1920
f 1919//1919 3100//3100 1922//1922
f 1922//1922 3100//3100 1928//1928
f 1922//1922 1928//1928 1925//1925
f 3099//3099 3103//3103 1923//1923
f 1905//1905 3101//3101 1931//1931
f 1931//1931 3101//3101 1938//1938
f 1924//1924 1931//1931 1544//1544
f 1927//1927 1926//1926 1933//1933
f 1934//1934 1927//1927 1933//1933
f 1940//1940 1934//1934 1933//1933
f 1935//1935 3102//3102 1930//1930
f 1923//1923 1930//1930 3102//3102
f 1937//1937 1935//1935 1930//1930
f 1923//1923 3103//3103 1930//1930
f 1920//1920 1983//1983 1936//1936
f 1920//1920 1936//1936 1929//1929
f 1930//1930 3103//3103 3105//3105
f 3105//3105 3103//3103 3104//3104
f 1546//1546 1544//1544 1931//1931
f 1932//1932 1537//1537 1548//1548
f 1926//1926 1932//1932 1933//1933
f 1920//1920 1934//1934 1983//1983
f 1928//1928 1947//1947 1948//1948
f 1928//1928 1939//1939 1925//1925
f 1948//1948 1939//1939 1928//1928
f 3102//3102 1935//1935 1947//1947
f 1951//1951 1938//1938 3101//3101
f 1925//1925 1939//1939 3106//3106
f 1548//1548 1942//1942 1932//1932
f 1932//1932 1963//1963 1933//1933
f 1932//1932 1944//1944 1963//1963
f 1946//1946 1940//1940 1933//1933
f 1934//1934 1940//1940 1946//1946
f 1946//1946 1983//1983 1934//1934
f 1941//1941 1947//1947 1935//1935
f 1937//1937 1941//1941 1935//1935
f 1983//1983 3105//3105 3104//3104
f 1548//1548 1952//1952 1942//1942
f 1942//1942 1952//1952 1954//1954
f 1942//1942 1943//1943 1932//1932
f 1932//1932 1943//1943 1944//1944
f 1963//1963 1944//1944 1962//1962
f 1944//1944 1943//1943 1962//1962
f 1963//1963 1945//1945 1933//1933
f 1933//1933 1945//1945 1946//1946
f 1945//1945 1964//1964 1946//1946
f 1946//1946 1964//1964 1983//1983
f 1971//1971 1947//1947 1968//1968
f 1947//1947 1971//1971 1948//1948
f 1949//1949 1939//1939 1948//1948
f 1949//1949 1948//1948 3106//3106
f 1947//1947 1941//1941 1968//1968
f 1950//1950 3106//3106 1948//1948
f 1971//1971 1950//1950 1948//1948
f 1971//1971 1970//1970 1950//1950
f 1950//1950 1970//1970 3106//3106
f 1949//1949 3106//3106 1939//1939
f 3105//3105 1983//1983 1969//1969
f 1941//1941 1937//1937 1969//1969
f 1931//1931 1938//1938 1549//1549
f 3002//3002 1549//1549 1938//1938
f 1938//1938 1951//1951 1972//1972
f 1970//1970 1972//1972 1951//1951
f 1970//1970 1971//1971 1972//1972
f 1548//1548 1953//1953 1952//1952
f 1952//1952 1955//1955 1954//1954
f 1957//1957 1956//1956 1954//1954
f 1956//1956 1942//1942 1954//1954
f 1958//1958 1956//1956 1957//1957
f 1954//1954 1955//1955 1957//1957
f 1957//1957 1955//1955 1959//1959
f 1957//1957 1959//1959 1958//1958
f 1960//1960 1942//1942 1956//1956
f 1958//1958 1960//1960 1956//1956
f 1958//1958 1959//1959 1974//1974
f 1958//1958 1974//1974 1960//1960
f 1960//1960 1974//1974 1975//1975
f 1960//1960 1975//1975 1961//1961
f 1961//1961 1975//1975 1976//1976
f 1942//1942 1961//1961 1943//1943
f 1943//1943 1961//1961 1962//1962
f 1962//1962 1961//1961 1963//1963
f 1960//1960 1961//1961 1942//1942
f 1976//1976 1963//1963 1961//1961
f 1964//1964 1965//1965 1978//1978
f 1963//1963 1965//1965 1945//1945
f 1945//1945 1965//1965 1964//1964
f 1964//1964 1979//1979 1983//1983
f 1968//1968 1966//1966 1971//1971
f 1971//1971 1966//1966 1973//1973
f 1966//1966 1967//1967 1973//1973
f 1966//1966 1968//1968 1967//1967
f 1967//1967 1968//1968 1941//1941
f 1983//1983 1982//1982 1969//1969
f 1941//1941 1969//1969 1967//1967
f 1938//1938 1972//1972 1984//1984
f 1984//1984 1972//1972 1986//1986
f 1971//1971 1986//1986 1972//1972
f 1971//1971 1973//1973 1986//1986
f 1959//1959 1955//1955 1988//1988
f 1959//1959 1988//1988 1974//1974
f 1974//1974 1988//1988 1975//1975
f 1975//1975 1988//1988 1989//1989
f 1975//1975 1977//1977 1976//1976
f 1976//1976 1977//1977 1990//1990
f 1977//1977 1975//1975 1989//1989
f 1989//1989 1990//1990 1977//1977
f 1980//1980 1978//1978 1965//1965
f 1978//1978 1979//1979 1964//1964
f 1965//1965 1963//1963 1980//1980
f 1980//1980 1963//1963 1992//1992
f 1979//1979 1991//1991 1983//1983
f 1987//1987 1973//1973 1967//1967
f 1981//1981 1967//1967 1969//1969
f 1967//1967 1981//1981 1987//1987
f 1981//1981 1995//1995 1987//1987
f 1995//1995 1981//1981 1993//1993
f 1981//1981 1969//1969 1982//1982
f 1981//1981 1982//1982 1993//1993
f 1983//1983 1994//1994 1982//1982
f 1554//1554 1985//1985 1995//1995
f 1985//1985 1554//1554 1984//1984
f 1984//1984 1986//1986 1985//1985
f 1987//1987 1995//1995 1985//1985
f 1973//1973 1987//1987 1986//1986
f 1985//1985 1986//1986 1987//1987
f 1990//1990 1996//1996 1976//1976
f 1976//1976 1996//1996 1963//1963
f 1979//1979 1978//1978 1991//1991
f 1980//1980 1992//1992 1978//1978
f 2009//2009 1993//1993 2007//2007
f 1982//1982 1994//1994 1993//1993
f 3114//3114 1994//1994 1983//1983
f 1991//1991 3114//3114 1983//1983
f 1993//1993 1994//1994 2007//2007
f 1554//1554 1995//1995 1993//1993
f 1989//1989 2003//2003 1990//1990
f 1996//1996 1990//1990 1998//1998
f 3110//3110 3107//3107 1997//1997
f 1997//1997 1999//1999 3110//3110
f 2005//2005 1996//1996 1998//1998
f 2006//2006 1996//1996 2005//2005
f 1963//1963 1996//1996 2006//2006
f 2000//2000 1978//1978 1992//1992
f 2006//2006 1992//1992 1963//1963
f 2006//2006 2020//2020 1992//1992
f 1991//1991 1978//1978 3114//3114
f 2000//2000 2007//2007 1978//1978
f 2009//2009 2007//2007 2015//2015
f 1554//1554 1993//1993 2008//2008
f 1990//1990 2003//2003 2001//2001
f 2004//2004 2002//2002 1999//1999
f 2002//2002 3110//3110 1999//1999
f 1998//1998 3113//3113 2005//2005
f 1989//1989 2017//2017 2003//2003
f 3112//3112 2018//2018 3108//3108
f 3108//3108 2018//2018 3109//3109
f 2005//2005 3113//3113 2011//2011
f 2003//2003 2017//2017 2022//2022
f 2003//2003 2022//2022 2001//2001
f 2004//2004 1999//1999 1997//1997
f 2010//2010 2002//2002 2004//2004
f 2002//2002 2010//2010 3115//3115
f 2006//2006 2005//2005 2014//2014
f 2000//2000 2015//2015 2007//2007
f 2015//2015 1562//1562 2009//2009
f 2009//2009 1562//1562 1993//1993
f 1989//1989 1988//1988 2017//2017
f 2032//2032 2017//2017 1988//1988
f 3109//3109 2018//2018 2019//2019
f 1997//1997 3119//3119 2004//2004
f 2004//2004 3119//3119 2010//2010
f 2005//2005 2011//2011 2012//2012
f 2023//2023 3115//3115 2013//2013
f 2011//2011 3120//3120 2012//2012
f 3115//3115 2010//2010 2013//2013
f 2013//2013 2010//2010 2023//2023
f 2014//2014 2005//2005 2012//2012
f 2006//2006 3116//3116 2020//2020
f 3111//3111 2016//2016 3117//3117
f 2000//2000 1992//1992 3118//3118
f 1992//1992 2020//2020 3118//3118
f 3112//3112 2022//2022 2018//2018
f 2010//2010 3119//3119 2038//2038
f 2019//2019 2018//2018 3123//3123
f 2014//2014 2012//2012 2020//2020
f 3120//3120 2020//2020 2012//2012
f 3118//3118 2020//2020 2029//2029
f 2016//2016 2021//2021 3117//3117
f 2028//2028 2017//2017 2032//2032
f 2017//2017 2028//2028 2022//2022
f 2022//2022 2028//2028 2018//2018
f 2018//2018 2028//2028 3123//3123
f 2023//2023 2010//2010 2038//2038
f 2024//2024 2020//2020 3120//3120
f 2024//2024 2025//2025 2026//2026
f 2020//2020 2026//2026 2029//2029
f 2026//2026 2020//2020 2024//2024
f 2026//2026 2025//2025 2029//2029
f 2031//2031 2025//2025 2024//2024
f 2021//2021 2016//2016 2027//2027
f 2029//2029 2027//2027 3118//3118
f 2033//2033 2029//2029 2030//2030
f 3120//3120 2031//2031 2024//2024
f 2030//2030 2029//2029 2025//2025
f 2030//2030 2025//2025 3121//3121
f 2029//2029 2033//2033 2027//2027
f 2033//2033 2030//2030 3121//3121
f 2028//2028 2035//2035 3123//3123
f 2032//2032 2056//2056 2040//2040
f 2040//2040 2028//2028 2032//2032
f 2028//2028 2040//2040 2041//2041
f 2028//2028 2034//2034 2035//2035
f 2035//2035 2034//2034 2036//2036
f 3123//3123 2035//2035 2037//2037
f 2038//2038 3122//3122 2226//2226
f 2037//2037 2035//2035 2036//2036
f 2023//2023 2038//2038 2051//2051
f 2039//2039 3120//3120 2054//2054
f 2039//2039 2054//2054 2031//2031
f 2031//2031 3120//3120 2039//2039
f 3121//3121 2054//2054 2033//2033
f 2040//2040 2046//2046 2041//2041
f 2041//2041 2046//2046 2043//2043
f 2028//2028 2041//2041 2034//2034
f 2034//2034 2042//2042 2036//2036
f 2043//2043 2034//2034 2041//2041
f 2043//2043 2042//2042 2034//2034
f 2042//2042 2043//2043 2048//2048
f 2043//2043 2047//2047 2048//2048
f 2043//2043 2062//2062 2047//2047
f 2044//2044 2036//2036 3124//3124
f 2044//2044 3124//3124 3126//3126
f 2037//2037 2036//2036 2044//2044
f 2037//2037 2044//2044 2045//2045
f 2045//2045 2044//2044 3126//3126
f 2045//2045 3126//3126 2050//2050
f 2038//2038 2226//2226 2051//2051
f 2226//2226 3122//3122 3125//3125
f 2054//2054 3120//3120 2053//2053
f 2033//2033 2054//2054 2052//2052
f 2040//2040 2056//2056 2046//2046
f 2046//2046 2057//2057 2060//2060
f 2060//2060 2043//2043 2046//2046
f 2043//2043 2060//2060 2062//2062
f 2048//2048 2047//2047 2059//2059
f 3128//3128 2049//2049 3126//3126
f 3126//3126 2049//2049 2050//2050
f 3125//3125 2064//2064 2226//2226
f 3125//3125 2050//2050 2064//2064
f 2023//2023 2055//2055 3127//3127
f 2023//2023 2051//2051 2070//2070
f 2051//2051 2229//2229 2070//2070
f 2023//2023 2070//2070 2055//2055
f 2052//2052 2067//2067 1573//1573
f 2054//2054 2067//2067 2052//2052
f 2054//2054 2053//2053 2067//2067
f 2055//2055 2067//2067 3127//3127
f 2068//2068 2067//2067 2055//2055
f 2055//2055 2070//2070 2068//2068
f 2056//2056 1232//1232 2057//2057
f 2046//2046 2056//2056 2057//2057
f 2061//2061 2060//2060 2057//2057
f 2061//2061 2057//2057 2058//2058
f 2059//2059 2047//2047 2066//2066
f 2061//2061 2062//2062 2060//2060
f 2061//2061 2071//2071 2062//2062
f 2047//2047 2062//2062 2066//2066
f 2066//2066 2062//2062 3130//3130
f 2049//2049 3128//3128 2063//2063
f 2050//2050 2049//2049 2063//2063
f 2050//2050 2063//2063 2064//2064
f 2058//2058 2057//2057 2065//2065
f 2061//2061 2065//2065 2071//2071
f 2058//2058 2065//2065 2061//2061
f 2065//2065 2094//2094 2080//2080
f 2071//2071 2065//2065 2080//2080
f 2059//2059 2066//2066 2074//2074
f 3128//3128 3132//3132 2063//2063
f 2066//2066 3130//3130 2072//2072
f 2066//2066 3131//3131 2074//2074
f 2067//2067 2068//2068 2078//2078
f 2070//2070 2069//2069 2068//2068
f 2068//2068 2069//2069 2076//2076
f 2072//2072 3130//3130 2079//2079
f 3131//3131 3133//3133 2074//2074
f 2071//2071 2080//2080 3133//3133
f 2227//2227 2063//2063 3132//3132
f 2068//2068 2076//2076 2078//2078
f 2076//2076 2069//2069 2073//2073
f 2069//2069 2070//2070 2073//2073
f 2073//2073 2070//2070 2229//2229
f 2074//2074 3133//3133 2081//2081
f 2075//2075 3132//3132 2230//2230
f 2228//2228 2075//2075 2230//2230
f 2229//2229 2077//2077 2073//2073
f 2076//2076 1583//1583 2078//2078
f 3133//3133 2080//2080 2081//2081
f 2231//2231 2230//2230 3132//3132
f 2234//2234 3132//3132 3134//3134
f 3132//3132 2234//2234 2231//2231
f 2083//2083 2073//2073 2077//2077
f 2073//2073 1583//1583 2076//2076
f 2094//2094 2091//2091 2080//2080
f 2080//2080 2082//2082 2081//2081
f 2080//2080 2091//2091 2082//2082
f 2083//2083 2084//2084 2073//2073
f 2085//2085 2083//2083 2077//2077
f 2077//2077 2239//2239 2085//2085
f 2083//2083 2086//2086 2084//2084
f 1583//1583 2073//2073 2084//2084
f 1583//1583 2087//2087 3004//3004
f 3003//3003 2086//2086 2088//2088
f 2086//2086 1584//1584 3136//3136
f 3136//3136 1584//1584 1587//1587
f 2092//2092 3003//3003 2088//2088
f 2084//2084 2086//2086 3136//3136
f 2084//2084 2087//2087 1583//1583
f 2086//2086 2083//2083 2088//2088
f 3135//3135 2089//2089 3137//3137
f 2090//2090 3138//3138 2089//2089
f 3138//3138 3137//3137 2089//2089
f 2090//2090 2089//2089 3135//3135
f 2085//2085 2090//2090 2083//2083
f 2085//2085 1601//1601 2090//2090
f 2091//2091 2094//2094 2095//2095
f 2082//2082 2091//2091 2081//2081
f 2091//2091 2246//2246 3134//3134
f 2092//2092 3005//3005 3003//3003
f 2093//2093 2090//2090 1588//1588
f 2090//2090 2093//2093 3138//3138
f 2093//2093 1588//1588 3138//3138
f 2096//2096 2094//2094 1590//1590
f 2094//2094 2096//2096 2095//2095
f 2091//2091 2095//2095 2246//2246
f 2090//2090 1601//1601 1597//1597
f 2097//2097 1601//1601 2085//2085
f 2097//2097 2098//2098 1601//1601
f 2101//2101 2098//2098 2097//2097
f 2240//2240 2101//2101 2097//2097
f 2096//2096 1602//1602 2095//2095
f 2095//2095 1602//1602 2099//2099
f 2100//2100 2095//2095 2099//2099
f 2246//2246 2095//2095 2100//2100
f 2099//2099 1602//1602 2100//2100
f 2098//2098 2101//2101 1601//1601
f 2102//2102 2105//2105 2103//2103
f 2100//2100 2102//2102 2103//2103
f 2100//2100 2103//2103 2253//2253
f 2102//2102 1610//1610 2104//2104
f 1610//1610 1613//1613 2104//2104
f 2105//2105 2102//2102 2104//2104
f 2105//2105 2104//2104 2107//2107
f 2105//2105 2252//2252 2103//2103
f 2105//2105 2106//2106 2252//2252
f 2253//2253 2103//2103 2252//2252
f 2104//2104 1613//1613 2107//2107
f 2252//2252 2106//2106 2255//2255
f 2255//2255 2106//2106 2108//2108
f 2110//2110 2105//2105 2107//2107
f 2106//2106 2105//2105 2110//2110
f 2106//2106 2110//2110 2109//2109
f 2108//2108 2106//2106 2109//2109
f 2244//2244 2112//2112 2101//2101
f 2107//2107 1619//1619 2110//2110
f 2110//2110 2111//2111 2109//2109
f 2111//2111 2108//2108 2109//2109
f 2268//2268 2112//2112 2244//2244
f 2112//2112 2268//2268 2114//2114
f 2113//2113 2112//2112 2114//2114
f 2275//2275 2114//2114 2270//2270
f 2114//2114 2274//2274 2113//2113
f 2114//2114 2275//2275 2274//2274
f 2277//2277 2113//2113 2274//2274
f 2115//2115 2113//2113 2277//2277
f 1622//1622 2116//2116 2110//2110
f 2110//2110 2116//2116 2281//2281
f 2277//2277 2279//2279 2115//2115
f 1628//1628 1629//1629 2116//2116
f 2117//2117 2116//2116 1629//1629
f 2116//2116 2117//2117 2118//2118
f 2281//2281 2116//2116 2118//2118
f 1632//1632 2291//2291 1631//1631
f 1627//1627 2291//2291 1632//1632
f 1630//1630 2127//2127 1629//1629
f 1631//1631 2291//2291 2119//2119
f 2117//2117 1629//1629 2123//2123
f 2118//2118 2117//2117 2123//2123
f 1633//1633 2127//2127 1630//1630
f 3178//3178 2119//2119 2291//2291
f 1633//1633 1638//1638 2127//2127
f 1639//1639 2152//2152 1638//1638
f 1639//1639 1640//1640 2152//2152
f 1629//1629 2127//2127 2120//2120
f 2120//2120 2121//2121 1629//1629
f 2137//2137 3139//3139 2129//2129
f 3150//3150 3141//3141 3140//3140
f 2122//2122 2123//2123 1629//1629
f 1629//1629 2121//2121 2122//2122
f 3141//3141 3150//3150 3142//3142
f 3151//3151 2140//2140 3143//3143
f 2122//2122 3157//3157 2123//2123
f 2126//2126 2124//2124 2153//2153
f 2152//2152 2128//2128 1638//1638
f 2130//2130 2128//2128 2152//2152
f 2152//2152 2124//2124 2131//2131
f 1638//1638 2128//2128 2127//2127
f 2135//2135 2127//2127 2128//2128
f 2131//2131 2130//2130 2152//2152
f 2131//2131 2124//2124 2125//2125
f 2132//2132 2139//2139 2125//2125
f 3146//3146 2125//2125 2126//2126
f 2124//2124 2126//2126 2125//2125
f 2127//2127 2129//2129 3139//3139
f 2127//2127 2135//2135 2129//2129
f 2135//2135 2128//2128 2136//2136
f 2138//2138 2136//2136 2130//2130
f 2136//2136 2128//2128 2130//2130
f 2138//2138 2130//2130 2131//2131
f 2131//2131 2125//2125 2139//2139
f 3155//3155 2131//2131 2139//2139
f 2139//2139 2132//2132 2133//2133
f 2139//2139 2133//2133 2144//2144
f 3146//3146 2134//2134 3147//3147
f 3146//3146 2126//2126 2134//2134
f 3156//3156 2141//2141 3149//3149
f 3152//3152 2142//2142 3158//3158
f 2142//2142 2143//2143 3158//3158
f 3148//3148 3159//3159 3162//3162
f 3148//3148 3162//3162 2144//2144
f 3157//3157 2134//2134 2123//2123
f 3147//3147 2134//2134 3157//3157
f 3144//3144 2135//2135 2145//2145
f 2135//2135 2136//2136 3160//3160
f 3164//3164 2146//2146 3145//3145
f 2146//2146 3153//3153 3145//3145
f 3165//3165 2147//2147 3154//3154
f 2147//2147 3161//3161 3154//3154
f 2147//2147 3163//3163 3161//3161
f 2150//2150 3163//3163 2147//2147
f 3170//3170 2144//2144 3162//3162
f 2135//2135 2148//2148 2145//2145
f 2148//2148 2135//2135 3160//3160
f 3166//3166 2289//2289 3164//3164
f 2289//2289 2146//2146 3164//3164
f 2141//2141 2149//2149 3167//3167
f 2141//2141 3156//3156 2149//2149
f 3226//3226 2147//2147 3165//3165
f 2139//2139 3169//3169 3155//3155
f 3226//3226 3171//3171 2147//2147
f 3170//3170 2151//2151 2144//2144
f 2139//2139 2144//2144 2151//2151
f 2290//2290 3167//3167 2149//2149
f 3169//3169 2139//2139 2151//2151
f 3173//3173 3172//3172 3227//3227
f 1640//1640 2124//2124 2152//2152
f 2119//2119 3178//3178 3030//3030
f 2134//2134 2158//2158 2123//2123
f 2134//2134 2126//2126 2158//2158
f 1652//1652 2157//2157 2153//2153
f 2153//2153 2157//2157 2126//2126
f 2157//2157 2158//2158 2126//2126
f 2154//2154 3178//3178 2160//2160
f 2154//2154 2160//2160 3175//3175
f 1652//1652 3176//3176 2157//2157
f 2292//2292 2160//2160 3178//3178
f 2162//2162 2123//2123 2158//2158
f 3176//3176 2159//2159 2157//2157
f 2157//2157 3179//3179 2158//2158
f 3180//3180 3177//3177 3181//3181
f 3179//3179 2162//2162 2158//2158
f 2161//2161 2160//2160 2292//2292
f 3181//3181 3182//3182 3180//3180
f 3182//3182 3184//3184 3180//3180
f 3183//3183 2164//2164 3185//3185
f 2161//2161 2163//2163 3190//3190
f 2161//2161 2292//2292 2163//2163
f 2166//2166 2123//2123 2162//2162
f 2123//2123 2166//2166 2171//2171
f 3185//3185 2164//2164 2165//2165
f 3188//3188 3186//3186 3191//3191
f 2163//2163 3192//3192 3190//3190
f 3187//3187 3189//3189 3193//3193
f 2292//2292 2170//2170 2163//2163
f 3197//3197 3193//3193 3189//3189
f 2169//2169 2167//2167 2168//2168
f 3194//3194 3196//3196 3195//3195
f 2172//2172 2171//2171 2166//2166
f 2172//2172 2166//2166 2174//2174
f 3197//3197 3209//3209 3193//3193
f 3197//3197 2295//2295 3209//3209
f 2293//2293 3198//3198 2173//2173
f 3203//3203 3206//3206 3199//3199
f 3200//3200 3232//3232 2294//2294
f 3200//3200 2294//2294 3210//3210
f 3207//3207 3204//3204 3234//3234
f 3211//3211 3235//3235 3205//3205
f 3208//3208 3236//3236 2170//2170
f 2170//2170 3236//3236 3237//3237
f 3238//3238 3201//3201 3212//3212
f 2296//2296 3202//3202 3239//3239
f 2178//2178 1680//1680 2175//2175
f 1691//1691 2178//2178 2175//2175
f 2176//2176 1671//1671 1679//1679
f 1679//1679 2178//2178 2176//2176
f 1679//1679 1680//1680 2178//2178
f 2180//2180 2181//2181 2176//2176
f 2177//2177 2178//2178 1691//1691
f 2177//2177 1691//1691 2184//2184
f 2178//2178 2180//2180 2176//2176
f 2178//2178 2179//2179 2180//2180
f 2177//2177 2179//2179 2178//2178
f 2184//2184 2179//2179 2177//2177
f 2179//2179 2184//2184 2180//2180
f 2180//2180 2184//2184 2186//2186
f 1717//1717 2182//2182 1694//1694
f 1697//1697 1689//1689 2190//2190
f 2183//2183 1691//1691 1695//1695
f 1691//1691 2183//2183 2184//2184
f 2183//2183 1695//1695 1696//1696
f 2183//2183 1696//1696 2185//2185
f 2183//2183 2185//2185 2184//2184
f 2185//2185 2186//2186 2184//2184
f 1696//1696 2186//2186 2185//2185
f 2180//2180 2186//2186 2187//2187
f 2188//2188 2186//2186 1696//1696
f 2186//2186 2188//2188 2187//2187
f 2180//2180 2187//2187 2191//2191
f 2191//2191 2187//2187 2188//2188
f 1696//1696 2191//2191 2188//2188
f 2181//2181 2180//2180 2192//2192
f 2181//2181 2192//2192 1686//1686
f 1696//1696 1697//1697 2189//2189
f 1696//1696 2189//2189 2191//2191
f 1697//1697 2190//2190 2198//2198
f 2180//2180 2191//2191 2193//2193
f 2192//2192 2180//2180 1705//1705
f 2194//2194 1686//1686 2192//2192
f 2190//2190 2182//2182 2198//2198
f 2191//2191 2189//2189 2200//2200
f 1705//1705 2195//2195 2192//2192
f 2192//2192 2195//2195 2194//2194
f 2195//2195 2196//2196 2194//2194
f 1705//1705 2196//2196 2195//2195
f 1705//1705 2180//2180 1709//1709
f 2196//2196 1706//1706 2197//2197
f 2196//2196 2197//2197 2194//2194
f 1709//1709 2197//2197 1706//1706
f 2189//2189 1697//1697 2200//2200
f 1697//1697 2198//2198 3213//3213
f 2200//2200 2199//2199 2191//2191
f 2191//2191 2199//2199 2193//2193
f 2180//2180 2193//2193 2201//2201
f 2193//2193 2199//2199 2201//2201
f 2180//2180 2201//2201 1709//1709
f 1709//1709 2201//2201 1711//1711
f 2201//2201 1719//1719 1711//1711
f 2182//2182 3214//3214 2198//2198
f 1719//1719 2201//2201 2204//2204
f 2201//2201 2199//2199 2204//2204
f 3214//3214 3213//3213 2198//2198
f 3213//3213 3214//3214 2206//2206
f 2206//2206 2199//2199 2200//2200
f 1744//1744 1719//1719 2204//2204
f 2199//2199 2203//2203 2204//2204
f 3214//3214 2205//2205 2206//2206
f 2206//2206 2205//2205 2209//2209
f 2206//2206 2203//2203 2199//2199
f 2203//2203 2207//2207 2204//2204
f 1732//1732 1728//1728 1717//1717
f 3056//3056 2205//2205 3214//3214
f 2206//2206 2209//2209 2207//2207
f 2207//2207 1738//1738 2204//2204
f 1743//1743 2205//2205 3056//3056
f 2205//2205 1743//1743 2209//2209
f 2206//2206 2207//2207 2203//2203
f 2208//2208 1728//1728 1732//1732
f 2182//2182 1728//1728 3214//3214
f 2209//2209 1743//1743 1738//1738
f 2209//2209 1738//1738 2207//2207
f 2213//2213 3051//3051 2210//2210
f 1728//1728 2208//2208 3215//3215
f 2208//2208 2211//2211 3215//3215
f 1748//1748 3215//3215 2211//2211
f 3051//3051 2213//2213 3063//3063
f 2213//2213 2210//2210 2215//2215
f 1748//1748 2215//2215 3215//3215
f 2212//2212 2202//2202 2214//2214
f 1758//1758 3214//3214 1728//1728
f 1758//1758 2218//2218 3214//3214
f 2218//2218 2221//2221 2214//2214
f 2214//2214 2221//2221 1766//1766
f 3214//3214 2218//2218 2214//2214
f 2212//2212 2214//2214 1766//1766
f 3063//3063 2213//2213 2215//2215
f 2215//2215 1748//1748 1771//1771
f 1763//1763 2217//2217 3062//3062
f 1757//1757 2217//2217 1764//1764
f 2216//2216 2218//2218 1758//1758
f 3063//3063 2215//2215 2219//2219
f 1773//1773 2218//2218 2216//2216
f 2215//2215 1771//1771 2219//2219
f 1764//1764 2217//2217 1771//1771
f 2219//2219 1771//1771 3217//3217
f 1772//1772 2219//2219 1775//1775
f 2218//2218 1773//1773 1788//1788
f 1775//1775 2219//2219 1774//1774
f 1766//1766 2221//2221 1778//1778
f 1777//1777 2218//2218 1788//1788
f 2218//2218 1777//1777 2221//2221
f 1774//1774 2219//2219 3217//3217
f 1771//1771 2217//2217 1808//1808
f 1808//1808 3217//3217 1771//1771
f 1798//1798 1774//1774 3217//3217
f 1798//1798 3217//3217 2222//2222
f 2222//2222 3216//3216 2223//2223
f 3095//3095 2225//2225 1911//1911
f 2226//2226 3129//3129 2051//2051
f 2227//2227 2064//2064 2063//2063
f 3132//3132 2075//2075 2227//2227
f 2051//2051 3129//3129 2229//2229
f 2230//2230 2232//2232 2228//2228
f 2227//2227 2075//2075 2228//2228
f 2227//2227 2228//2228 3129//3129
f 3129//3129 2228//2228 2229//2229
f 2077//2077 2229//2229 2239//2239
f 2230//2230 2231//2231 2232//2232
f 2228//2228 2232//2232 2233//2233
f 2232//2232 2231//2231 2235//2235
f 2232//2232 2235//2235 2233//2233
f 2228//2228 2233//2233 2238//2238
f 2238//2238 2233//2233 2235//2235
f 2228//2228 2238//2238 2237//2237
f 2229//2229 2228//2228 2237//2237
f 2231//2231 2234//2234 2246//2246
f 2246//2246 2234//2234 3134//3134
f 2229//2229 2237//2237 2239//2239
f 2238//2238 2235//2235 2236//2236
f 2236//2236 2242//2242 2238//2238
f 2097//2097 2085//2085 2239//2239
f 2235//2235 2242//2242 2236//2236
f 2231//2231 2241//2241 2235//2235
f 2239//2239 2237//2237 2240//2240
f 2237//2237 2243//2243 2240//2240
f 2237//2237 2238//2238 2243//2243
f 2240//2240 2243//2243 2245//2245
f 2238//2238 2242//2242 2243//2243
f 2244//2244 2240//2240 2245//2245
f 2235//2235 2241//2241 2242//2242
f 2243//2243 2242//2242 2241//2241
f 2243//2243 2241//2241 2245//2245
f 2239//2239 2240//2240 2097//2097
f 2231//2231 2246//2246 2241//2241
f 2245//2245 2241//2241 2300//2300
f 2300//2300 2301//2301 2245//2245
f 2245//2245 2301//2301 2244//2244
f 2300//2300 2241//2241 2304//2304
f 2101//2101 2240//2240 2244//2244
f 2249//2249 2246//2246 2100//2100
f 2241//2241 2247//2247 2304//2304
f 2249//2249 2303//2303 2246//2246
f 2241//2241 2248//2248 2247//2247
f 2241//2241 2246//2246 2248//2248
f 2246//2246 2303//2303 2248//2248
f 2100//2100 2250//2250 2249//2249
f 2312//2312 2303//2303 2249//2249
f 2250//2250 2100//2100 2253//2253
f 2251//2251 2258//2258 2250//2250
f 2258//2258 2251//2251 2257//2257
f 2250//2250 2258//2258 2249//2249
f 2305//2305 2263//2263 2268//2268
f 2253//2253 2252//2252 2255//2255
f 2250//2250 2253//2253 2251//2251
f 2256//2256 2251//2251 2253//2253
f 2251//2251 2256//2256 3218//3218
f 2249//2249 2258//2258 2254//2254
f 2314//2314 2249//2249 2254//2254
f 2253//2253 2255//2255 2256//2256
f 2256//2256 2255//2255 2111//2111
f 2108//2108 2111//2111 2255//2255
f 2258//2258 2257//2257 2259//2259
f 2260//2260 2254//2254 2258//2258
f 2260//2260 2258//2258 2259//2259
f 2260//2260 2259//2259 2261//2261
f 2261//2261 2259//2259 2265//2265
f 3220//3220 2262//2262 3219//3219
f 2260//2260 3221//3221 2254//2254
f 2324//2324 2254//2254 3221//3221
f 2111//2111 2264//2264 2256//2256
f 2256//2256 2264//2264 3218//3218
f 2266//2266 3218//3218 2264//2264
f 2257//2257 3223//3223 2259//2259
f 2267//2267 2265//2265 2259//2259
f 2318//2318 2262//2262 3220//3220
f 2318//2318 2261//2261 2265//2265
f 2318//2318 2265//2265 2267//2267
f 2263//2263 2114//2114 2268//2268
f 2114//2114 2263//2263 2313//2313
f 2111//2111 2266//2266 2264//2264
f 2267//2267 2259//2259 3223//3223
f 2111//2111 2269//2269 2266//2266
f 2267//2267 3223//3223 2272//2272
f 2114//2114 2326//2326 2270//2270
f 2266//2266 2269//2269 2272//2272
f 2326//2326 2271//2271 2270//2270
f 2271//2271 2335//2335 2280//2280
f 2272//2272 2269//2269 2273//2273
f 2267//2267 2272//2272 2333//2333
f 2269//2269 2111//2111 2273//2273
f 2270//2270 2271//2271 2275//2275
f 2111//2111 2110//2110 2273//2273
f 2272//2272 2273//2273 2343//2343
f 2333//2333 2272//2272 2337//2337
f 2337//2337 2272//2272 2343//2343
f 2271//2271 2276//2276 2275//2275
f 2280//2280 2276//2276 2271//2271
f 2273//2273 2110//2110 2281//2281
f 2275//2275 2278//2278 2274//2274
f 2274//2274 2278//2278 3224//3224
f 2275//2275 2276//2276 2278//2278
f 2276//2276 2280//2280 2278//2278
f 2280//2280 2338//2338 2346//2346
f 2273//2273 2281//2281 2343//2343
f 2277//2277 2278//2278 2280//2280
f 2280//2280 2279//2279 2277//2277
f 2283//2283 2280//2280 2346//2346
f 2343//2343 2281//2281 2284//2284
f 2280//2280 2282//2282 2279//2279
f 3225//3225 2282//2282 2280//2280
f 2281//2281 2285//2285 2284//2284
f 2343//2343 2284//2284 2355//2355
f 2363//2363 2115//2115 2279//2279
f 2282//2282 2363//2363 2279//2279
f 3225//3225 2286//2286 2282//2282
f 2283//2283 2346//2346 2286//2286
f 2118//2118 2287//2287 2281//2281
f 2285//2285 2281//2281 2287//2287
f 2355//2355 2284//2284 2285//2285
f 2363//2363 1627//1627 2115//2115
f 2282//2282 2286//2286 2363//2363
f 2286//2286 2359//2359 2363//2363
f 2359//2359 2286//2286 2357//2357
f 2123//2123 2287//2287 2118//2118
f 2288//2288 2287//2287 2123//2123
f 2361//2361 2285//2285 2287//2287
f 2361//2361 2287//2287 2288//2288
f 2363//2363 2291//2291 1627//1627
f 3229//3229 3228//3228 3168//3168
f 3173//3173 3227//3227 3230//3230
f 3231//3231 3169//3169 2151//2151
f 2291//2291 2292//2292 3178//3178
f 2171//2171 3241//3241 2123//2123
f 2123//2123 3241//3241 2288//2288
f 2292//2292 3233//3233 2170//2170
f 3233//3233 3208//3208 2170//2170
f 3236//3236 3233//3233 2292//2292
f 2297//2297 2292//2292 2373//2373
f 2299//2299 2297//2297 2373//2373
f 3237//3237 3236//3236 2292//2292
f 3240//3240 3244//3244 3242//3242
f 2292//2292 2297//2297 3237//3237
f 3244//3244 3246//3246 3242//3242
f 2298//2298 2288//2288 3241//3241
f 3247//3247 3245//3245 3243//3243
f 2298//2298 2380//2380 2288//2288
f 3268//3268 3245//3245 3247//3247
f 2302//2302 2301//2301 2300//2300
f 2244//2244 2301//2301 2305//2305
f 2244//2244 2305//2305 2268//2268
f 2301//2301 2302//2302 2306//2306
f 2301//2301 2306//2306 2305//2305
f 2304//2304 2247//2247 2248//2248
f 2300//2300 2311//2311 2302//2302
f 2307//2307 2302//2302 2311//2311
f 2306//2306 2302//2302 3248//3248
f 2303//2303 2312//2312 2317//2317
f 2303//2303 2308//2308 2248//2248
f 2300//2300 2304//2304 2309//2309
f 2309//2309 2311//2311 2300//2300
f 2304//2304 2248//2248 2309//2309
f 2306//2306 3222//3222 2305//2305
f 3222//3222 2306//2306 3248//3248
f 2311//2311 2310//2310 2307//2307
f 2263//2263 2307//2307 2310//2310
f 2319//2319 2312//2312 2249//2249
f 2308//2308 2303//2303 2317//2317
f 2248//2248 2308//2308 2309//2309
f 2313//2313 2310//2310 2311//2311
f 2263//2263 2310//2310 2313//2313
f 2319//2319 2249//2249 2314//2314
f 2312//2312 2319//2319 2315//2315
f 2325//2325 2313//2313 2311//2311
f 2254//2254 2324//2324 3249//3249
f 2312//2312 2315//2315 2316//2316
f 2316//2316 2317//2317 2312//2312
f 2315//2315 2319//2319 2320//2320
f 2315//2315 2320//2320 2316//2316
f 2316//2316 2320//2320 2317//2317
f 2325//2325 2311//2311 2322//2322
f 2309//2309 2384//2384 2311//2311
f 2311//2311 2384//2384 2322//2322
f 2262//2262 2318//2318 2323//2323
f 3221//3221 2323//2323 2324//2324
f 2314//2314 2324//2324 2319//2319
f 2320//2320 2319//2319 2387//2387
f 2320//2320 2387//2387 2386//2386
f 2317//2317 2320//2320 2386//2386
f 2326//2326 2313//2313 2325//2325
f 2322//2322 2384//2384 2321//2321
f 2322//2322 2385//2385 2325//2325
f 2323//2323 2318//2318 2328//2328
f 2319//2319 2324//2324 2328//2328
f 2328//2328 2324//2324 2323//2323
f 2334//2334 2326//2326 2325//2325
f 2318//2318 2267//2267 2327//2327
f 2318//2318 2327//2327 2328//2328
f 2328//2328 2331//2331 2329//2329
f 2327//2327 3250//3250 2328//2328
f 2319//2319 2328//2328 2329//2329
f 2332//2332 2325//2325 2388//2388
f 2313//2313 2326//2326 2114//2114
f 2330//2330 2327//2327 2267//2267
f 2327//2327 2330//2330 3250//3250
f 2319//2319 2329//2329 2387//2387
f 2326//2326 2334//2334 2271//2271
f 2330//2330 2397//2397 3250//3250
f 3274//3274 2329//2329 2331//2331
f 2325//2325 2335//2335 2334//2334
f 2335//2335 2325//2325 2332//2332
f 2267//2267 2333//2333 2402//2402
f 2330//2330 2267//2267 2402//2402
f 2334//2334 2335//2335 2271//2271
f 2336//2336 2332//2332 2390//2390
f 2332//2332 2336//2336 2335//2335
f 2388//2388 2390//2390 2332//2332
f 2337//2337 2402//2402 2333//2333
f 2335//2335 2336//2336 2280//2280
f 2402//2402 2337//2337 2344//2344
f 2400//2400 2338//2338 2336//2336
f 2339//2339 2338//2338 2400//2400
f 2339//2339 2400//2400 2406//2406
f 2338//2338 2280//2280 2336//2336
f 2337//2337 2343//2343 2344//2344
f 2340//2340 2338//2338 2339//2339
f 2340//2340 2341//2341 2346//2346
f 3251//3251 2342//2342 3252//3252
f 3252//3252 2342//2342 3253//3253
f 2406//2406 3254//3254 3255//3255
f 2406//2406 3255//3255 2339//2339
f 2340//2340 2346//2346 2338//2338
f 2351//2351 2349//2349 3254//3254
f 2345//2345 3254//3254 2406//2406
f 2346//2346 2341//2341 2349//2349
f 2345//2345 2351//2351 3254//3254
f 2349//2349 2348//2348 2346//2346
f 2345//2345 2352//2352 2351//2351
f 2406//2406 2352//2352 2345//2345
f 2343//2343 2347//2347 2344//2344
f 2347//2347 2343//2343 2355//2355
f 2344//2344 2347//2347 2353//2353
f 2357//2357 2286//2286 2348//2348
f 2346//2346 2348//2348 2286//2286
f 2357//2357 2348//2348 2349//2349
f 2349//2349 2350//2350 2357//2357
f 2351//2351 2352//2352 2349//2349
f 2352//2352 2350//2350 2349//2349
f 2354//2354 2350//2350 2352//2352
f 2354//2354 2357//2357 2350//2350
f 2354//2354 2352//2352 2406//2406
f 2358//2358 2355//2355 2285//2285
f 2355//2355 2356//2356 2347//2347
f 2356//2356 2355//2355 2358//2358
f 2353//2353 2347//2347 2356//2356
f 2353//2353 2356//2356 2415//2415
f 2359//2359 2357//2357 2354//2354
f 2358//2358 2285//2285 2360//2360
f 2356//2356 2358//2358 2360//2360
f 2415//2415 2360//2360 2362//2362
f 2360//2360 2415//2415 2356//2356
f 2285//2285 2361//2361 2360//2360
f 2361//2361 2362//2362 2360//2360
f 2361//2361 2288//2288 2366//2366
f 2361//2361 3257//3257 2367//2367
f 2361//2361 2367//2367 2368//2368
f 2368//2368 2362//2362 2361//2361
f 2359//2359 2364//2364 2363//2363
f 2365//2365 2364//2364 2359//2359
f 2365//2365 2363//2363 2364//2364
f 2359//2359 2354//2354 3256//3256
f 2422//2422 2362//2362 2368//2368
f 2422//2422 2368//2368 2421//2421
f 2367//2367 3257//3257 2443//2443
f 2425//2425 2368//2368 2367//2367
f 2368//2368 2425//2425 2421//2421
f 2369//2369 3256//3256 2354//2354
f 3258//3258 2363//2363 2365//2365
f 2366//2366 2374//2374 2443//2443
f 2288//2288 2374//2374 2366//2366
f 3258//3258 2370//2370 2363//2363
f 2371//2371 2369//2369 2430//2430
f 2370//2370 3258//3258 2371//2371
f 2429//2429 2430//2430 2369//2369
f 2430//2430 2431//2431 2371//2371
f 2367//2367 2443//2443 2425//2425
f 2291//2291 2372//2372 2292//2292
f 2363//2363 2372//2372 2291//2291
f 2370//2370 2372//2372 2363//2363
f 2370//2370 2433//2433 2372//2372
f 2433//2433 2440//2440 2372//2372
f 2433//2433 2370//2370 2371//2371
f 2431//2431 2433//2433 2371//2371
f 2373//2373 2292//2292 2372//2372
f 2440//2440 2373//2373 2372//2372
f 2373//2373 2440//2440 2299//2299
f 2447//2447 2299//2299 2440//2440
f 2380//2380 2374//2374 2288//2288
f 2381//2381 3269//3269 2299//2299
f 3259//3259 3270//3270 2375//2375
f 2375//2375 2377//2377 3259//3259
f 2381//2381 3260//3260 3269//3269
f 2381//2381 2376//2376 3260//3260
f 2376//2376 3261//3261 3260//3260
f 2299//2299 2446//2446 2381//2381
f 2446//2446 2376//2376 2381//2381
f 3262//3262 2378//2378 2374//2374
f 3264//3264 3263//3263 3283//3283
f 2446//2446 3261//3261 2376//2376
f 2374//2374 2378//2378 2443//2443
f 2379//2379 3265//3265 3284//3284
f 2382//2382 3266//3266 3267//3267
f 3271//3271 2379//2379 3284//3284
f 2450//2450 3266//3266 2382//2382
f 2451//2451 2450//2450 2382//2382
f 3271//3271 3284//3284 3292//3292
f 2309//2309 2308//2308 2317//2317
f 2309//2309 2317//2317 2384//2384
f 2317//2317 2386//2386 2383//2383
f 2317//2317 3272//3272 2384//2384
f 2384//2384 2385//2385 2321//2321
f 2384//2384 3272//3272 2385//2385
f 2321//2321 2385//2385 2322//2322
f 2385//2385 2386//2386 2387//2387
f 3272//3272 2386//2386 2385//2385
f 2325//2325 2385//2385 2388//2388
f 2388//2388 2385//2385 2389//2389
f 2329//2329 3274//3274 2387//2387
f 2399//2399 2387//2387 3274//3274
f 2387//2387 2399//2399 2392//2392
f 2385//2385 2387//2387 2392//2392
f 2389//2389 2392//2392 2401//2401
f 2385//2385 2392//2392 2389//2389
f 2388//2388 2393//2393 2390//2390
f 2390//2390 2393//2393 2336//2336
f 2388//2388 2389//2389 2393//2393
f 2394//2394 2393//2393 2389//2389
f 2397//2397 2330//2330 2391//2391
f 2391//2391 2330//2330 2402//2402
f 2397//2397 2391//2391 2395//2395
f 2391//2391 2402//2402 2396//2396
f 2391//2391 2396//2396 3273//3273
f 2389//2389 2401//2401 2394//2394
f 2393//2393 2394//2394 2400//2400
f 2393//2393 2400//2400 2336//2336
f 2395//2395 2398//2398 2397//2397
f 2396//2396 2398//2398 2395//2395
f 2403//2403 2399//2399 3274//3274
f 2398//2398 2403//2403 2397//2397
f 2398//2398 2396//2396 2404//2404
f 2404//2404 2403//2403 2398//2398
f 2400//2400 2394//2394 2401//2401
f 2396//2396 2402//2402 2404//2404
f 2392//2392 2399//2399 2401//2401
f 2399//2399 2403//2403 2457//2457
f 2457//2457 2405//2405 2399//2399
f 2400//2400 2401//2401 2406//2406
f 2407//2407 2401//2401 2399//2399
f 2407//2407 2399//2399 2405//2405
f 2401//2401 2407//2407 2406//2406
f 2402//2402 2344//2344 2404//2404
f 2404//2404 2408//2408 2403//2403
f 2405//2405 2457//2457 2407//2407
f 2353//2353 2410//2410 2344//2344
f 2344//2344 2410//2410 2404//2404
f 2408//2408 2404//2404 2411//2411
f 2409//2409 2407//2407 2457//2457
f 2408//2408 2412//2412 2413//2413
f 2406//2406 2407//2407 2409//2409
f 2459//2459 2408//2408 2411//2411
f 2408//2408 2459//2459 2412//2412
f 2406//2406 2409//2409 2354//2354
f 2409//2409 2369//2369 2354//2354
f 2409//2409 2414//2414 2369//2369
f 2410//2410 2353//2353 2415//2415
f 2404//2404 2410//2410 2416//2416
f 2416//2416 2410//2410 2415//2415
f 2460//2460 2461//2461 2414//2414
f 2414//2414 2461//2461 2462//2462
f 2416//2416 2415//2415 2417//2417
f 2415//2415 2423//2423 2417//2417
f 2417//2417 2423//2423 2419//2419
f 2419//2419 2416//2416 2417//2417
f 2416//2416 2464//2464 2463//2463
f 2415//2415 2362//2362 2418//2418
f 2418//2418 3275//3275 2415//2415
f 2465//2465 2420//2420 2414//2414
f 2362//2362 2422//2422 2418//2418
f 2427//2427 3275//3275 2418//2418
f 2419//2419 3275//3275 2468//2468
f 2369//2369 2414//2414 2420//2420
f 2429//2429 2420//2420 2469//2469
f 2422//2422 2427//2427 2418//2418
f 2468//2468 3275//3275 2427//2427
f 2424//2424 2468//2468 2427//2427
f 2369//2369 2420//2420 2429//2429
f 2426//2426 2421//2421 2425//2425
f 2422//2422 2421//2421 2426//2426
f 2427//2427 2422//2422 2426//2426
f 2427//2427 2428//2428 2424//2424
f 2424//2424 3276//3276 2429//2429
f 2430//2430 2429//2429 3277//3277
f 2427//2427 2426//2426 2439//2439
f 2432//2432 2433//2433 2431//2431
f 2425//2425 2443//2443 2426//2426
f 2439//2439 2426//2426 2443//2443
f 2439//2439 2438//2438 2427//2427
f 2428//2428 2427//2427 2438//2438
f 2434//2434 2432//2432 3277//3277
f 2434//2434 2435//2435 2432//2432
f 2433//2433 2432//2432 2435//2435
f 2435//2435 2436//2436 2433//2433
f 2436//2436 2440//2440 2433//2433
f 2437//2437 2436//2436 2435//2435
f 2437//2437 2440//2440 2436//2436
f 3277//3277 2429//2429 2434//2434
f 2434//2434 2429//2429 2435//2435
f 2429//2429 2437//2437 2435//2435
f 3276//3276 3278//3278 2429//2429
f 2429//2429 3278//3278 2437//2437
f 2437//2437 3278//3278 2441//2441
f 2437//2437 3279//3279 2440//2440
f 2445//2445 2439//2439 2443//2443
f 2442//2442 2447//2447 2440//2440
f 3279//3279 3280//3280 2440//2440
f 2439//2439 2444//2444 2438//2438
f 3278//3278 3282//3282 2441//2441
f 2441//2441 3282//3282 3281//3281
f 2445//2445 2444//2444 2439//2439
f 2444//2444 2445//2445 2449//2449
f 3281//3281 3282//3282 3289//3289
f 3281//3281 3289//3289 3285//3285
f 2299//2299 2454//2454 2446//2446
f 2378//2378 2453//2453 2443//2443
f 2445//2445 2443//2443 2448//2448
f 2448//2448 2443//2443 2456//2456
f 2456//2456 2443//2443 2453//2453
f 3288//3288 3286//3286 3290//3290
f 2447//2447 2454//2454 2299//2299
f 3305//3305 3286//3286 3288//3288
f 3287//3287 3306//3306 3300//3300
f 2445//2445 2448//2448 2449//2449
f 2453//2453 2378//2378 3291//3291
f 2454//2454 2452//2452 2446//2446
f 3296//3296 3292//3292 3284//3284
f 3291//3291 3293//3293 2453//2453
f 2455//2455 3297//3297 3294//3294
f 3295//3295 2452//2452 3303//3303
f 3301//3301 3298//3298 3304//3304
f 2454//2454 3303//3303 2452//2452
f 3307//3307 3299//3299 3302//3302
f 2413//2413 2403//2403 2408//2408
f 2457//2457 2403//2403 2458//2458
f 2409//2409 2457//2457 2458//2458
f 2458//2458 2403//2403 2413//2413
f 2413//2413 2412//2412 2459//2459
f 2458//2458 2413//2413 2460//2460
f 2409//2409 2458//2458 2414//2414
f 2416//2416 2411//2411 2404//2404
f 2413//2413 2459//2459 2461//2461
f 2460//2460 2413//2413 2461//2461
f 2411//2411 2462//2462 2459//2459
f 2458//2458 2460//2460 2414//2414
f 2416//2416 2463//2463 2411//2411
f 2411//2411 2463//2463 2462//2462
f 2462//2462 2461//2461 2459//2459
f 2463//2463 2464//2464 2462//2462
f 2414//2414 2462//2462 2465//2465
f 2465//2465 2462//2462 2464//2464
f 2467//2467 2465//2465 2464//2464
f 2466//2466 2464//2464 2416//2416
f 2419//2419 2466//2466 2416//2416
f 2419//2419 2468//2468 2466//2466
f 2464//2464 2466//2466 2467//2467
f 2466//2466 2468//2468 2467//2467
f 2465//2465 2467//2467 2420//2420
f 2467//2467 2468//2468 2469//2469
f 2467//2467 2469//2469 2420//2420
f 2468//2468 2429//2429 2469//2469
f 2468//2468 2424//2424 2429//2429
