# Wavafront OBJ file of BodyParts3D
# BodyParts3D, Copyright(C) 2010-2011 The Database Center for Life Science licensed under CC Attribution-Share Alike 2.1 Japan.
vn 0.828161 -0.560301 -0.014548
v -240.628 -138.897 734.224
vn 0.694572 -0.718198 0.0419574
v -241.009 -139.347 733.992
vn 0.612898 -0.765542 0.19571
v -240.715 -138.887 735.225
vn 0.861823 -0.477495 0.171055
v -239.7 -136.789 738.084
vn 0.762455 -0.63764 -0.109895
v -241.334 -139.58 732.859
vn 0.792762 -0.441941 -0.419782
v -241.445 -139.571 732.603
vn -0.504602 0.415031 -0.757051
v -241.586 -139.572 732.696
vn 0.82349 -0.241836 -0.513205
v -241.384 -138.712 731.976
vn 0.698828 -0.453681 -0.553004
v -241.675 -139.034 731.872
vn 0.920744 -0.129751 -0.367961
v -240.527 -138.151 733.376
vn 0.847717 0.309307 -0.430936
v -240.406 -136.624 734.238
vn 0.920495 0.201199 -0.334974
v -239.809 -135.734 736.094
vn 0.721959 -0.605023 -0.335741
v -241.786 -139.98 732.607
vn -0.878903 0.361189 0.311565
v -241.716 -139.829 732.734
vn -0.857086 0.350026 0.378002
v -241.712 -139.852 732.755
vn 0.53098 -0.822396 0.20427
v -241.029 -139.206 734.492
vn -0.965844 -0.104673 0.237043
v -241.15 -139.187 733.916
vn 0.909556 0.312865 -0.27354
v -239.592 -134.785 737.502
vn 0.978256 0.116032 -0.171907
v -239.73 -134.467 736.94
vn 0.845921 0.367954 -0.38604
v -239.349 -134.195 738.631
vn 0.828146 0.308779 -0.467792
v -239.515 -134.146 738.37
vn 0.439195 -0.815867 0.376123
v -240.883 -138.497 736.516
vn -0.967249 -0.188812 -0.169647
v -241.004 -138.364 736.367
vn -0.462259 -0.813536 -0.35281
v -241.315 -138.333 736.703
vn -0.843467 -0.0163965 -0.536931
v -241.328 -137.696 736.773
vn -0.0176988 -0.846619 0.531906
v -241.167 -137.901 737.666
vn -0.373104 -0.788839 0.488391
v -241.538 -137.703 737.701
vn -0.899789 -0.243257 -0.362222
v -241.749 -137.15 737.576
vn 0.920323 0.347 -0.180546
v -239.137 -132.572 742.832
vn 0.319685 -0.790821 0.521923
v -240.101 -133.767 743.126
vn 0.764206 -0.618044 0.184422
v -238.788 -131.757 744.293
vn 0.689477 -0.69958 0.187643
v -238.897 -131.494 745.678
vn 0.766001 -0.621338 0.164865
v -238.545 -130.985 746.186
vn 0.804846 -0.579142 0.129684
v -238.038 -130.013 747.311
vn 0.367835 -0.85814 0.358181
v -237.519 -128.827 749.611
vn 0.821146 -0.566966 0.0653341
v -237.423 -128.703 749.478
vn 0.367868 -0.846319 0.38525
v -237.743 -129.041 749.346
vn 0.602368 -0.795625 0.0642967
v -237.212 -127.56 752.851
vn 0.95667 -4.70076e-006 -0.291175
v -236.174 -126.767 752.931
vn 0.992103 -0.006653 -0.125253
v -235.906 -126.086 754.267
vn 0.957954 0.114039 -0.263284
v -236.047 -126.343 753.357
vn 0.891563 0.238151 -0.385227
v -236.236 -126.379 752.883
vn 0.86575 0.425964 -0.26274
v -235.906 -125.522 754.629
vn 0.993967 0.0593359 -0.0922447
v -235.711 -124.956 757.089
vn 0.972526 -0.0958788 0.212134
v -236.006 -124.586 758.166
vn 0.860472 0.14262 -0.48913
v -240.962 -137.035 732.807
vn 0.805459 0.0381342 -0.591424
v -241.242 -137.143 732.468
vn 0.814375 0.427247 -0.392751
v -240.765 -136.613 733.507
vn 0.750354 0.416301 -0.513481
v -240.673 -136.342 734.117
vn -0.988452 0.036478 -0.147078
v -241.019 -136.487 733.942
vn -0.952219 -0.00760685 -0.305321
v -241.027 -136.332 734.02
vn 0.325102 -0.040679 -0.944804
v -240.962 -136.078 734.029
vn -0.411088 -0.659792 -0.629031
v -241.133 -136.043 734.105
vn 0.355567 -0.0443941 -0.933596
v -240.96 -135.762 734.015
vn -0.411088 -0.659792 -0.629031
v -241.214 -135.785 733.886
vn 0.489272 0.578127 -0.652979
v -241.152 -135.289 734.281
vn 0.787997 0.351778 -0.505285
v -240.42 -135.875 734.734
vn 0.769805 0.430623 -0.471131
v -240.282 -135.122 735.762
vn 0.799746 0.387515 -0.458519
v -240.555 -134.976 735.152
vn -0.945298 -0.185687 -0.268203
v -241.547 -135.045 734.6
vn 0.692959 0.497839 -0.521502
v -239.832 -134.299 736.83
vn 0.923996 0.169879 -0.342596
v -240.166 -134.072 736.811
vn -0.886806 -0.408642 -0.215839
v -241.582 -135.589 735.102
vn -0.834099 -0.366499 -0.412259
v -241.573 -136.045 736.938
vn -0.692957 -0.600062 -0.399671
v -241.957 -135.624 736.676
vn -0.863448 -0.356249 -0.357134
v -242.027 -135.169 736.316
vn 0.501565 0.696972 -0.512506
v -239.955 -134.084 737.003
vn 0.990439 -0.131671 0.0411414
v -239.689 -134.032 737.729
vn 0.970142 0.146277 -0.19346
v -239.735 -134.206 737.941
vn 0.867732 0.325221 -0.375863
v -239.654 -133.391 738.623
vn 0.999247 0.00922264 -0.0376959
v -239.64 -133.371 738.275
vn 0.90739 0.259352 -0.330727
v -240.076 -133.177 737.403
vn -0.72832 -0.391991 -0.562043
v -241.905 -136.614 737.496
vn -0.933355 -0.343306 -0.104827
v -241.976 -136.646 737.695
vn -0.818214 -0.443928 -0.365314
v -242.131 -135.998 737.254
vn 0.135735 -0.760338 0.635187
v -241.053 -133.908 742.943
vn -0.111077 -0.812952 0.571639
v -241.72 -134.601 741.88
vn -0.251051 -0.790447 0.558719
v -240.634 -133.566 743.264
vn 0.653646 -0.692107 0.306163
v -240.266 -133.091 744.433
vn 0.148892 -0.738577 0.657522
v -239.055 -131.293 745.889
vn 0.231117 -0.684261 0.691645
v -239.445 -131.452 745.862
vn 0.894524 -0.439597 0.081122
v -239.663 -131.639 746.143
vn 0.738784 -0.629571 0.240495
v -239.595 -131.307 746.893
vn 0.818878 -0.105162 0.564252
v -239.612 -131.196 746.151
vn 0.164707 -0.844071 0.51031
v -239.264 -130.884 746.551
vn 0.852513 -0.520074 0.0523859
v -239.454 -131.058 746.857
vn 0.920894 0.118899 -0.371237
v -237.628 -128.639 748.849
vn 0.783414 0.378736 -0.49277
v -238.002 -127.378 748.726
vn 0.410924 0.723299 -0.554959
v -237.749 -126.401 750.079
vn 0.699013 0.522206 -0.48855
v -237.208 -126.198 750.784
vn -0.436702 -0.720419 0.538783
v -240.333 -131.643 746.774
vn -0.478779 -0.64628 0.594217
v -240.275 -130.641 747.91
vn 0.0939466 -0.954397 0.283374
v -240.554 -130.683 747.819
vn 0.230876 -0.967048 0.107309
v -240.658 -130.635 748.473
vn -0.455492 -0.753388 0.474272
v -240.828 -130.787 747.471
vn 0.264969 -0.879543 0.395216
v -238.632 -129.434 749.068
vn 0.681725 -0.700887 0.209781
v -238.83 -129.601 749.373
vn 0.443424 -0.804753 0.394648
v -239.663 -130.249 749.007
vn -0.58638 -0.552486 0.592384
v -239.873 -130.236 748.812
vn 0.478233 -0.831051 0.283987
v -238.44 -129.159 749.608
vn 0.409129 -0.84954 0.33301
v -238.18 -128.401 751.505
vn -0.449841 -0.79067 0.415313
v -240.791 -130.343 748.983
vn 0.732327 -0.660766 0.164574
v -240.312 -129.999 749.487
vn 0.330833 -0.847104 0.41589
v -239.731 -128.541 751.712
vn 0.299453 -0.852696 0.428062
v -238.735 -128.151 751.533
vn 0.103333 -0.846722 0.521904
v -237.518 -127.145 753.412
vn 0.187608 -0.914258 0.359075
v -239.295 -126.859 754.75
vn 0.522679 -0.84888 0.0788024
v -238.328 -125.722 757.06
vn 0.382871 -0.858212 0.34188
v -237.574 -125.164 757.571
vn 0.71315 0.682506 -0.160009
v -236.003 -124.366 758.251
vn 0.465405 -0.876653 0.121977
v -238.265 -125.706 757.637
vn 0.377349 -0.910539 0.1689
v -238.583 -125.842 757.352
vn 0.901847 0.396077 -0.172613
v -236.015 -123.727 760.728
vn 0.901847 0.396077 -0.172613
v -236.029 -123.69 760.739
vn 0.901847 0.396077 -0.172613
v -236.014 -123.718 760.757
vn 0.707887 -0.674806 0.208644
v -238.201 -124.247 760.834
vn 0.476724 -0.839826 0.259666
v -237.607 -123.27 762.283
vn 0.435486 -0.858921 0.269457
v -238.888 -124.698 761.714
vn 0.99115 -0.0598356 0.118498
v -236.686 -122.112 765.099
vn 0.757766 -0.630957 0.166382
v -236.834 -122.187 765.487
vn 0.506575 0.408254 -0.759415
v -236.859 -122.013 765.564
vn 0.757766 -0.630957 0.166382
v -236.857 -122.156 765.713
vn 0.757766 -0.630957 0.166382
v -236.752 -122.056 765.611
vn 0.773677 -0.619697 0.131909
v -238.748 -123.938 765.639
vn 0.802323 -0.578776 0.14593
v -238.327 -123.425 765.142
vn 0.679909 -0.703471 0.207009
v -237.193 -122.061 767.422
vn -0.742002 -0.655455 0.140752
v -237.21 -121.981 767.98
vn -0.742002 -0.655455 0.140752
v -237.224 -121.966 767.979
vn -0.742002 -0.655455 0.140752
v -237.21 -121.98 767.985
vn 0.958489 0.198337 0.204846
v -237.452 -121.839 768.422
vn -0.219546 -0.974806 -0.0394116
v -239.591 -123.993 768.791
vn 0.753596 -0.623394 0.208502
v -238.897 -122.558 771.285
vn 0.65732 0.72636 0.200827
v -238.278 -121.871 772.067
vn 0.985179 0.169175 -0.0283334
v -238.385 -121.797 772.825
vn 0.985179 0.169175 -0.0283334
v -238.407 -121.661 772.884
vn 0.985179 0.169175 -0.0283334
v -238.387 -121.76 772.976
vn -0.121923 -0.991333 -0.0489309
v -239.896 -124.057 771.92
vn -0.410954 -0.911656 0.000454226
v -240.108 -124.066 772.069
vn 0.2528 -0.9599 -0.121175
v -240.294 -123.842 772.56
vn 0.851606 -0.451237 0.266745
v -239.985 -123.77 772.631
vn 0.2528 -0.9599 -0.121175
v -240.348 -123.976 773.505
vn 0.993981 -0.109369 0.00634534
v -239.277 -122.049 774.729
vn 0.993981 -0.109369 0.00634534
v -239.272 -121.999 774.759
vn 0.993981 -0.109369 0.00634534
v -239.275 -122.03 774.793
vn 0.974788 0.150215 0.164995
v -239.614 -122.212 775.206
vn 0.782056 -0.574512 0.241505
v -240.496 -122.897 775.865
vn 0.714955 -0.650183 0.2571
v -240.029 -122.192 776.41
vn 0.591949 0.771992 0.231572
v -239.866 -121.978 776.481
vn 0.146062 0.810758 -0.566867
v -241.054 -133.331 736.932
vn 0.997814 0.0517565 0.0410931
v -240.094 -129.217 744.072
vn 0.61701 0.628832 -0.473148
v -239.564 -128.957 745.043
vn 0.84972 0.264037 -0.456356
v -238.853 -128.355 746.491
vn -0.87435 0.40954 -0.260362
v -242.034 -130.52 743.845
vn -0.646872 -0.692683 0.318978
v -242.397 -131.663 745.283
vn -0.0456597 -0.823317 0.565743
v -242.158 -131.171 746.836
vn 0.0673955 -0.803486 0.591497
v -241.976 -130.521 747.307
vn -0.0438215 -0.841628 0.538277
v -241.567 -130.354 747.67
vn -0.258126 -0.833208 0.489015
v -241.396 -129.988 748.276
vn 0.533864 0.728207 -0.429772
v -237.406 -125.189 751.904
vn 0.308419 -0.787631 0.533399
v -241.728 -129.823 748.638
vn 0.305754 -0.760902 0.572314
v -241.935 -129.146 749.653
vn 0.228318 -0.775827 0.588186
v -242.252 -129.214 749.932
vn 0.0059024 -0.858471 0.512828
v -240.412 -128.954 751.318
vn 0.53346 0.805862 -0.256918
v -237.256 -123.366 756.934
vn -0.384111 -0.809426 0.444171
v -241.203 -127.065 753.67
vn 0.226651 0.91848 -0.324073
v -237.913 -121.89 760.713
vn -0.063967 -0.969537 0.236446
v -239.819 -124.471 762.005
vn -0.0131298 -0.971517 0.236604
v -240.194 -124.413 762.312
vn -0.11011 -0.992299 -0.0567371
v -240.608 -123.623 766.411
vn -0.262429 -0.960244 0.0951952
v -240.608 -123.577 765.382
vn 0.63702 0.759723 0.130488
v -238.638 -120.959 769.947
vn -0.326268 -0.945046 -0.020906
v -240.022 -123.844 768.917
vn -0.772722 -0.623024 0.121416
v -241.643 -123.002 772.274
vn -0.630308 0.751075 0.196462
v -240.401 -122.221 775.73
vn -0.897646 -0.127736 0.4218
v -240.593 -122.694 775.874
vn -0.470151 -0.385798 0.7938
v -240.405 -122.349 776.185
vn 0.308374 0.824951 -0.473668
v -240.747 -128.041 745.491
vn -0.832126 0.30592 -0.462579
v -242.663 -129.589 745.506
vn 0.481685 -0.528132 0.699325
v -242.196 -128.86 750.16
vn 0.294749 0.858148 -0.420363
v -240.744 -124.315 752.392
vn -0.343769 -0.869344 0.355056
v -241.473 -127.297 752.818
vn 0.215929 0.915999 -0.338113
v -239.33 -122.787 757.179
vn 0.66528 0.611119 -0.428878
v -239.632 -122.548 757.632
vn 0.66528 0.611119 -0.428878
v -239.947 -122.344 757.436
vn -0.0470897 0.971137 -0.23383
v -240.049 -121.609 760.229
vn -0.0974399 0.983657 -0.151406
v -239.503 -121.158 761.626
vn -0.261315 0.965252 -0.00183706
v -239.616 -121.196 762.057
vn -0.0955052 0.991094 -0.0927934
v -239.824 -121.245 762.245
vn 0.492524 0.862364 -0.117251
v -238.554 -120.838 764.011
vn -0.390423 -0.917568 0.0750887
v -241.503 -123.41 764.085
vn -0.614785 -0.788458 0.0193454
v -241.641 -122.886 767.698
vn -0.972717 -0.0182046 0.231278
v -242.03 -122.349 770.887
vn -0.0408333 0.793284 -0.60748
v -242.076 -125.891 748.875
vn -0.505159 0.555166 -0.660761
v -243.168 -126.086 749.158
vn -0.670407 0.398352 -0.625995
v -243.317 -126.129 749.3
vn -0.915424 0.259023 -0.30807
v -243.489 -126.352 749.328
vn 0.45841 0.840762 -0.288063
v -242.027 -123.119 753.885
vn 0.435844 -0.60534 0.666036
v -244.324 -128.411 750.762
vn 0.283581 -0.611576 0.738618
v -243.964 -127.652 752
vn 0.068796 -0.742267 0.666563
v -244.219 -127.618 752.088
vn -0.937221 0.348398 0.0153616
v -244.13 -126.939 752.272
vn 0.294359 -0.576524 0.762216
v -244.037 -126.96 752.551
vn -0.927852 0.372831 0.00931981
v -244.332 -127.338 752.186
vn 0.310835 0.902211 -0.298992
v -241.296 -123.423 754.68
vn 0.558198 0.800189 -0.219347
v -241.483 -123.325 754.7
vn 0.338198 -0.646558 0.683801
v -243.177 -124.616 756.526
vn 0.200912 0.936158 -0.288517
v -240.98 -122.249 757.694
vn 0.123605 0.950382 -0.285474
v -240.704 -121.881 759.035
vn 0.229122 0.95259 -0.20019
v -241.419 -121.778 759.076
vn -0.45788 -0.844382 0.278145
v -242.575 -123.759 759.232
vn 0.478735 0.873195 -0.0913453
v -242.257 -121.05 762.041
vn -0.681198 -0.707103 0.18967
v -242.995 -122.273 763.174
vn -0.270714 -0.885324 0.378042
v -243.179 -122.198 763.092
vn 0.120809 0.992242 0.0293342
v -241.972 -120.975 764.638
vn -0.31788 0.946644 0.0530798
v -242.458 -120.981 765.28
vn 0.0955192 0.97628 0.194301
v -242.57 -120.977 764.944
vn 0.578018 0.802872 0.145918
v -242.501 -120.74 764.327
vn -0.599291 -0.220779 0.769485
v -242.944 -121.078 765.063
vn -0.968313 -0.141745 0.205616
v -242.849 -121.813 765.454
vn -0.568054 -0.747726 0.34383
v -242.984 -121.511 764.908
vn -0.567432 0.813971 0.124391
v -242.82 -121.216 765.176
vn 0.133414 -0.799919 0.58509
v -243.161 -121.363 764.869
vn -0.131292 0.99133 -0.00530036
v -242.147 -120.867 766.865
vn -0.292637 0.690329 -0.661672
v -243.696 -125.143 750.103
vn 0.573258 0.778816 -0.254601
v -242.215 -122.411 755.491
vn 0.419464 0.874405 -0.243855
v -242.975 -120.993 758.317
vn -0.164174 -0.836138 0.523374
v -244.426 -124.535 756.303
vn -0.562915 -0.809922 0.164783
v -244.459 -124.299 757.349
vn 0.135619 -0.730353 0.669472
v -244.365 -124.127 757.577
vn -0.979351 -0.202069 0.00629877
v -244.564 -123.708 757.669
vn 0.399155 -0.570878 0.717477
v -244.465 -123.859 757.845
vn -0.573102 -0.788203 0.224255
v -244.741 -122.927 760.228
vn 0.764504 0.635794 0.1063
v -242.847 -120.396 764.808
vn 0.215998 -0.828138 0.517235
v -243.392 -121.323 764.977
vn 0.848017 -0.266071 0.458338
v -243.411 -120.076 766.184
vn 0.703035 0.709284 0.0515484
v -243.954 -119.363 766.468
vn 0.0686208 -0.920153 0.385499
v -244.21 -120.463 767.154
vn -0.91282 0.0978726 -0.396461
v -244.568 -123.485 752.52
vn -0.446428 0.677111 -0.584998
v -244.493 -123.201 752.722
vn 0.0193761 0.865079 -0.501262
v -244.139 -122.346 753.681
vn 0.198704 0.922566 -0.330738
v -243.88 -121.535 755.343
vn 0.816386 0.449426 -0.362672
v -245.274 -121.875 755.021
vn -0.981956 -0.189073 0.00362341
v -245.15 -121.925 755.077
vn -0.391837 0.756444 -0.523695
v -245.183 -121.75 755.148
vn -0.0710974 0.92018 -0.384986
v -245.049 -121.661 755.285
vn -0.658174 -0.699486 0.278436
v -245.126 -121.805 755.42
vn -0.198098 0.945497 -0.258443
v -245.11 -121.576 755.554
vn 0.816386 0.449426 -0.362672
v -245.313 -121.825 754.994
vn 0.816386 0.449426 -0.362672
v -245.305 -121.805 755.037
vn -0.0989935 0.948902 -0.299641
v -244.932 -121.493 755.717
vn -0.821799 -0.546548 0.161034
v -245.033 -121.252 757.096
vn 0.882771 0.467275 -0.0486736
v -245.312 -121.035 757.027
vn 0.882771 0.467275 -0.0486736
v -245.332 -121.001 757.003
vn 0.882771 0.467275 -0.0486736
v -245.333 -120.994 757.034
vn -0.911315 -0.406521 0.0651613
v -244.751 -120.934 759.416
vn 0.567396 0.811037 -0.142409
v -244.408 -118.964 765.326
vn -0.227223 -0.926184 0.300919
v -245.394 -120.62 767.139
vn 0.0716311 0.933006 -0.35266
v -245.216 -118.381 768.808
vn 0.0716311 0.933006 -0.35266
v -245.661 -118.364 768.763
vn 0.506713 0.407997 -0.759461
v -245.513 -118.121 768.729
vn 0.847105 -0.500641 0.178246
v -245.512 -118.124 768.731
vn -0.447851 0.161091 -0.879476
v -245.742 -118.097 768.853
vn -0.975261 -0.22092 -0.0077455
v -245.69 -118.267 768.997
vn 0.103107 0.603057 -0.791006
v -245.557 -118.115 768.967
vn 0.592054 -0.473439 -0.652171
v -245.59 -118.023 768.994
vn -0.989421 -0.139665 -0.0392338
v -245.684 -118.373 770.06
vn 0.454326 -0.514429 -0.72729
v -245.674 -118.475 770.539
vn 0.572178 0.818826 -0.0462252
v -245.453 -118.193 769.401
vn 0.621474 0.782857 0.0300809
v -245.546 -118.143 770.013
vn 0.484093 -0.255274 -0.836952
v -245.566 -118.105 770.019
vn 0.858943 -0.48284 0.170535
v -245.549 -118.138 770.042
vn -0.459863 0.202056 -0.864696
v -245.748 -118.119 770.153
vn 0.919372 0.2296 0.319437
v -245.583 -118.121 770.263
vn 0.435424 -0.420619 -0.795918
v -245.709 -118.243 770.376
vn 0.356904 0.930526 0.0821055
v -245.751 -118.055 769.133
vn 0.579078 0.784497 -0.221887
v -245.617 -118.076 769.386
vn -0.99118 -0.132285 -0.00797555
v -245.731 -118.003 769.701
vn 0.484093 -0.255274 -0.836952
v -245.648 -117.97 769.931
vn 0.484093 -0.255274 -0.836952
v -245.741 -118.087 769.912
vn -0.0818001 -0.963782 0.253837
v -245.738 -118.001 770.224
vn 0.454326 -0.514429 -0.72729
v -245.471 -118.482 770.67
vn 0.0216091 -0.962013 0.272148
v -245.567 -118.367 770.931
vn -0.194037 0.554458 -0.809275
v -245.552 -118.506 771.067
vn 0.435424 -0.420619 -0.795918
v -245.535 -118.262 770.482
vn 0.454326 -0.514429 -0.72729
v -245.52 -118.298 770.51
vn -0.459666 0.259501 -0.849333
v -245.711 -118.282 770.617
vn -0.166376 -0.964366 0.205712
v -245.682 -118.428 770.751
vn 0.919135 0.368228 0.139996
v -245.557 -118.287 770.718
vn -0.0864446 -0.954936 0.283946
v -245.628 -118.15 770.743
vn 0.0216091 -0.962013 0.272148
v -245.674 -118.394 770.846
vn 0.0216091 -0.962013 0.272148
v -245.671 -118.354 770.985
vn -0.0818001 -0.963782 0.253837
v -245.66 -117.993 770.28
vn 0.435424 -0.420619 -0.795918
v -245.6 -118.114 770.368
vn -0.385791 0.269206 -0.882436
v -245.741 -118.091 770.437
vn -0.0864446 -0.954936 0.283946
v -245.708 -118.161 770.684
vn -0.0864446 -0.954936 0.283946
v -245.706 -118.134 770.776
vn -0.0818001 -0.963782 0.253837
v -245.738 -117.977 770.315
vn 0.744662 -0.534087 0.400287
v -245.416 -119.339 770.898
vn -0.611471 0.460204 -0.643673
v -245.565 -119.393 771.369
vn -0.611471 0.460204 -0.643673
v -245.611 -119.447 771.374
vn -0.611471 0.460204 -0.643673
v -245.606 -119.4 771.403
vn -0.985439 -0.162113 -0.0512728
v -245.624 -119.053 771.051
vn 0.00949914 0.997907 -0.063967
v -245.492 -119.048 771.142
vn -0.827071 -0.375037 -0.41869
v -245.641 -119.204 771.221
vn 0.519553 -0.600503 -0.607833
v -245.585 -118.85 771.449
vn 0.519553 -0.600503 -0.607833
v -245.588 -118.783 771.381
vn 0.519553 -0.600503 -0.607833
v -245.654 -118.859 771.398
vn 0.522712 -0.383239 -0.761512
v -245.695 -118.558 771.533
vn -0.194037 0.554458 -0.809275
v -245.641 -118.63 771.003
vn -0.194037 0.554458 -0.809275
v -245.619 -118.49 771.094
vn 0.522712 -0.383239 -0.761512
v -245.696 -118.556 771.531
vn 0.522712 -0.383239 -0.761512
v -245.698 -118.558 771.531
vn -0.364366 0.349449 -0.863205
v -245.698 -118.556 771.532
vn -0.179546 -0.941403 0.285523
v -245.697 -118.558 771.534
vn 0.925562 0.378579 0.00356368
v -245.696 -118.556 771.534
vn -0.71768 0.43646 -0.542621
v -245.298 -120.331 758.187
vn -0.853446 -0.514193 0.085062
v -245.383 -119.348 762.299
vn 0.258388 0.928078 -0.268154
v -245.244 -119.137 762.305
vn -0.826257 -0.54602 0.138424
v -245.535 -119.365 761.725
vn 0.308232 0.916308 -0.255681
v -245.507 -119.154 761.858
vn -0.302677 0.228304 -0.925345
v -245.53 -119.065 762.417
vn 0.240066 0.929782 -0.27906
v -245.42 -118.938 762.821
vn 0.530181 0.823111 -0.203459
v -245.47 -118.513 764.66
vn -0.781651 -0.62362 -0.0109526
v -245.75 -118.556 764.57
vn 0.920634 -0.0104959 0.390286
v -245.602 -118.374 764.584
vn 0.0511152 -0.15 -0.987364
v -245.604 -118.372 764.6
vn -0.866232 -0.496123 0.0591996
v -245.633 -118.704 764.649
vn -0.811756 -0.578242 0.0817831
v -245.766 -118.437 765.092
vn 0.362011 0.923348 -0.127973
v -245.655 -118.25 765.141
vn -0.15818 -0.130233 -0.978784
v -245.89 -118.386 764.648
vn 0.653173 0.720075 0.234217
v -245.804 -118.249 764.779
vn -0.27421 0.393243 -0.877593
v -245.864 -118.203 765.228
vn -0.826711 -0.0205548 -0.562252
v -245.903 -118.234 765.287
vn -0.470706 -0.780071 -0.41222
v -246.042 -118.18 764.921
vn -0.411434 -0.659871 -0.628723
v -246.034 -118.091 765.223
vn -0.94671 -0.321602 0.0176819
v -245.61 -118.559 766.323
vn 0.894789 0.383605 -0.228472
v -245.821 -117.905 766.16
vn -0.359491 0.900631 0.244194
v -245.911 -117.978 766.295
vn 0.532595 0.845355 -0.0414306
v -245.439 -118.079 767.365
vn -0.988326 -0.148129 -0.0356422
v -245.784 -118.033 767.542
vn 0.544439 0.724622 -0.422503
v -245.755 -117.811 767.417
vn -0.442203 0.315282 -0.839674
v -245.813 -117.822 767.636
vn 0.107251 -0.161139 -0.981087
v -245.967 -117.7 767.6
vn 0.82535 0.185088 0.533422
v -245.623 -117.863 768.531
vn 0.506713 0.407997 -0.759461
v -245.735 -118.112 768.586
vn -0.151984 -0.972946 0.174
v -245.75 -118.067 768.827
vn 0.506713 0.407997 -0.759461
v -245.603 -117.901 768.788
vn 0.592054 -0.473439 -0.652171
v -245.617 -117.894 768.876
vn 0.592054 -0.473439 -0.652171
v -245.748 -118.053 768.872
vn 0.0475971 -0.982272 0.181316
v -245.764 -118.012 769.097
vn 0.943969 0.306696 0.121899
v -245.641 -117.881 769.036
vn 0.212455 0.227913 -0.95022
v -245.68 -117.879 769.22
vn 0.654478 0.75557 0.0278079
v -245.652 -117.937 767.672
vn -0.961573 -0.274502 0.0051004
v -245.794 -117.99 767.822
vn 0.52318 0.851749 -0.0284104
v -245.76 -117.784 768.219
vn -0.966745 -0.251533 0.0462185
v -245.82 -117.9 768.38
vn -0.967885 -0.247443 0.0443859
v -245.811 -117.933 768.409
vn 0.238731 -0.954251 0.180035
v -245.829 -117.894 768.64
vn 0.34295 0.934088 0.099319
v -245.785 -117.823 768.708
vn -0.383273 -0.913077 0.139259
v -245.873 -117.621 768.758
vn -0.145293 0.144589 -0.978767
v -245.848 -117.844 768.918
vn -0.442203 0.315282 -0.839674
v -245.801 -117.809 767.635
vn -0.99117 -0.132583 -0.00202033
v -245.813 -117.818 767.653
vn 0.320077 -0.400675 -0.858493
v -245.966 -117.647 767.892
vn -0.383273 -0.913077 0.139259
v -245.886 -117.616 768.752
vn -0.383273 -0.913077 0.139259
v -245.887 -117.615 768.76
vn 0.320077 -0.400675 -0.858493
v -245.974 -117.634 767.883
vn 0.320077 -0.400675 -0.858493
v -245.981 -117.642 767.884
vn 0.212455 0.227913 -0.95022
v -245.745 -117.966 769.185
vn -0.323103 -0.934834 0.147277
v -245.836 -117.749 769.504
vn 0.467514 -0.516571 -0.717346
v -245.874 -117.683 769.777
vn 0.212455 0.227913 -0.95022
v -245.864 -117.788 769.201
vn -0.323103 -0.934834 0.147277
v -245.882 -117.737 769.479
vn -0.323103 -0.934834 0.147277
v -245.885 -117.73 769.516
vn 0.467514 -0.516571 -0.717346
v -245.879 -117.66 769.757
vn 0.467514 -0.516571 -0.717346
v -245.899 -117.683 769.76
vn 0.751412 -0.646287 -0.133017
v -259.648 -140.593 730.632
vn 0.614599 -0.745453 -0.258008
v -260.249 -140.894 730.069
vn 0.892803 -0.447944 0.0474325
v -258.209 -138.39 731.196
vn 0.882717 -0.454056 0.121011
v -258.295 -138.111 732.868
vn 0.59843 -0.767817 -0.228778
v -260.244 -141.162 730.982
vn 0.582001 -0.649759 0.488966
v -260.2 -140.885 731.299
vn -0.0759726 -0.41765 0.905426
v -260.173 -140.483 731.495
vn -0.112715 -0.59875 0.792965
v -260.488 -140.934 731.22
vn 0.732149 -0.619262 0.283677
v -259.3 -139.612 731.919
vn 0.505452 -0.861745 0.0437375
v -251.589 -120.384 770.306
vn 0.505452 -0.861745 0.0437375
v -251.453 -120.297 770.444
vn 0.455885 -0.883625 0.106654
v -251.588 -120.213 771.716
vn 0.971681 -0.198876 0.127606
v -251.482 -119.786 772.788
vn 0.982637 -0.0745971 0.169884
v -251.378 -118.785 772.624
vn -0.534068 -0.771023 0.346837
v -251.659 -119.68 772.793
vn 0.968794 -0.0616291 0.240082
v -251.511 -119.372 773.01
vn 0.505176 -0.499399 -0.703845
v -260.882 -140.042 727.998
vn 0.505176 -0.499399 -0.703845
v -260.883 -140.04 727.997
vn 0.505176 -0.499399 -0.703845
v -260.884 -140.042 727.997
vn -0.377699 0.220649 -0.899254
v -260.885 -140.04 727.998
vn -0.0992218 -0.979247 0.176719
v -260.884 -140.041 727.999
vn 0.971187 0.238204 0.00743097
v -260.883 -140.04 727.999
vn -0.340461 0.731415 -0.590862
v -260.363 -139.11 727.954
vn 0.698082 0.0173887 -0.715807
v -259.255 -138.188 728.806
vn -0.400655 0.612304 -0.681586
v -260.276 -138.974 728.072
vn -0.400655 0.612304 -0.681586
v -260.366 -138.971 728.128
vn 0.814218 -0.34514 -0.466828
v -258.63 -138.729 729.919
vn 0.911183 -0.0726176 -0.405551
v -258.07 -137.475 730.463
vn 0.657423 0.293393 -0.694057
v -258.62 -136.523 729.824
vn 0.982613 -0.100352 -0.156207
v -257.361 -135.592 732.476
vn 0.829589 0.329889 -0.450505
v -257.483 -134.49 732.354
vn 0.648038 -0.671692 -0.358994
v -260.43 -140.812 729.466
vn -0.60354 -0.774648 -0.188839
v -260.543 -140.719 729.441
vn 0.701783 -0.577155 -0.417603
v -260.344 -140.409 728.95
vn 0.830278 -0.516838 0.208606
v -260.71 -140.648 728.84
vn 0.570973 0.290391 -0.767895
v -260.558 -140.575 728.982
vn 0.601146 -0.675317 -0.427283
v -260.507 -140.591 729.007
vn -0.403596 -0.874084 -0.270348
v -260.444 -140.282 728.688
vn -0.34876 0.784855 -0.51222
v -260.666 -140.318 728.784
vn -0.861738 -0.350076 -0.367225
v -260.575 -140.194 728.911
vn -0.403596 -0.874084 -0.270348
v -260.572 -140.338 729.06
vn -0.249363 0.896689 -0.365742
v -260.932 -140.824 728.852
vn -0.248757 -0.723149 0.644341
v -260.7 -140.507 729.003
vn -0.249363 0.896689 -0.365742
v -260.939 -140.824 728.857
vn -0.249363 0.896689 -0.365742
v -260.929 -140.817 728.867
vn -0.965705 0.195121 -0.171295
v -260.686 -140.136 728.605
vn -0.861738 -0.350076 -0.367225
v -260.569 -140.087 728.794
vn -0.150896 0.288492 0.945517
v -260.818 -140.419 728.67
vn -0.914358 0.314246 0.25534
v -260.341 -140.154 729.352
vn -0.996508 0.0814932 -0.0181741
v -259.826 -138.183 730.228
vn -0.992801 -0.0655389 -0.100253
v -259.976 -137.749 731.679
vn -0.196255 -0.963623 -0.181423
v -260.476 -140.872 730.193
vn -0.0653873 -0.522871 0.8499
v -259.782 -139.591 731.894
vn -0.98543 0.164169 -0.0444527
v -260.092 -139.411 731.59
vn -0.376286 -0.564939 0.734338
v -259.874 -138.658 732.248
vn -0.992895 0.00506651 -0.118887
v -260.026 -137.839 732.124
vn 0.380313 -0.673213 0.63415
v -258.68 -137.85 733.481
vn -0.865759 -0.144013 0.479294
v -259.239 -137.175 733.774
vn 0.336719 -0.722413 0.603938
v -257.833 -135.751 735.177
vn 0.186701 -0.75987 0.622689
v -258.711 -136.225 734.977
vn 0.0526907 -0.80331 0.593225
v -257.586 -134.724 736.742
vn 0.926903 -0.357189 0.115182
v -256.837 -133.375 737.44
vn 0.971213 -0.0361379 -0.235455
v -256.32 -130.965 739.343
vn 0.948181 -0.1135 -0.296767
v -253.155 -126.389 744.557
vn -0.0875748 -0.776497 0.624005
v -257.594 -133.34 738.534
vn 0.893814 -0.161538 -0.418333
v -254.745 -128.731 742.648
vn 0.258954 -0.804918 0.5339
v -255.329 -128.943 742.934
vn 0.0149367 -0.791144 0.611448
v -254.261 -127.361 744.709
vn 0.94086 -0.281666 -0.188275
v -253.295 -127.298 744.649
vn 0.107821 -0.798397 0.592399
v -253.493 -127.064 745.169
vn 0.900116 -0.406375 0.157003
v -253.316 -126.576 745.813
vn 0.953903 -0.299728 0.0152078
v -252.917 -125.844 745.419
vn 0.73649 -0.638098 0.22453
v -252.201 -124.366 747.217
vn 0.875699 0.10503 -0.471297
v -251.932 -123.789 747.707
vn 0.490424 -0.827926 0.272072
v -254.735 -127.427 745.725
vn 0.957261 -0.257332 0.132031
v -253.207 -126.094 747.461
vn 0.917977 -0.35772 0.171333
v -253.166 -124.891 748.399
vn 0.624496 -0.706019 0.33398
v -253.348 -124.802 749.378
vn 0.70338 -0.706306 0.0799331
v -251.876 -121.232 756.755
vn 0.58291 -0.810988 0.0501392
v -251.924 -121.152 758.61
vn 0.642027 -0.764831 0.0532406
v -251.762 -120.879 760.445
vn 0.915338 -0.402672 0.00332766
v -250.641 -117.53 766.692
vn 0.551535 -0.833924 -0.019481
v -251.635 -120.328 766.62
vn 0.961693 -0.267964 0.0578119
v -250.599 -117.721 768.185
vn 0.978746 -0.188254 0.0813398
v -251.094 -118.231 770.904
vn 0.317461 0.884531 0.341793
v -251.297 -118.146 770.947
vn 0.615811 0.783498 0.0831055
v -250.955 -117.644 770.095
vn -0.749287 0.166172 0.641059
v -251.667 -119.058 772.783
vn 0.638624 0.384311 0.666682
v -251.533 -118.884 772.83
vn 0.987567 -0.131273 0.0864856
v -251.318 -118.443 772.321
vn 0.427089 0.370633 -0.824758
v -259.693 -137.103 728.908
vn -0.889646 0.124976 -0.439217
v -259.79 -136.488 729.28
vn 0.399412 0.536313 -0.743531
v -259.084 -136.152 729.739
vn 0.210623 0.611177 -0.762955
v -259.858 -135.42 730.112
vn 0.696443 0.488319 -0.525843
v -257.977 -133.004 733.025
vn 0.469848 0.661975 -0.58398
v -258.049 -132.303 733.609
vn -0.982344 -0.10986 0.151429
v -260.148 -136.747 732.33
vn 0.655017 0.596071 -0.464384
v -257.239 -131.672 735.916
vn 0.87865 0.333977 -0.341223
v -257.61 -131.292 735.442
vn 0.58257 0.63628 -0.505728
v -257.108 -131.37 736.467
vn 0.74354 0.506044 -0.437112
v -257.362 -130.946 736.825
vn 0.663355 0.52461 -0.533614
v -256.852 -130.324 738.064
vn 0.874919 0.289316 -0.388345
v -256.558 -130.138 738.631
vn 0.83983 0.182069 -0.511407
v -256.401 -129.435 739.381
vn 0.92561 0.0572576 -0.374122
v -252.778 -124.618 745.95
vn 0.206885 -0.77136 0.601832
v -257.914 -132.569 739.524
vn -0.0642445 -0.797576 0.599788
v -258.368 -132.826 739.084
vn 0.447459 -0.661578 0.601743
v -257.988 -131.602 740.785
vn -0.157894 -0.696021 0.700446
v -257.125 -131.457 741.021
vn 0.189601 -0.703072 0.685376
v -257.66 -130.698 741.529
vn 0.625893 -0.665385 0.406843
v -256.359 -130.256 741.805
vn 0.396047 -0.827289 0.398421
v -254.89 -127.636 744.456
vn 0.331227 0.80192 -0.497205
v -252.523 -122.549 749.032
vn 0.241544 -0.721101 0.649361
v -258.203 -131.463 741.097
vn 0.313224 -0.647676 0.694554
v -258.072 -130.662 741.761
vn 0.178794 -0.678123 0.712869
v -258.386 -130.917 741.598
vn 0.226769 -0.755713 0.614389
v -258.378 -130.465 742.072
vn 0.269935 -0.819265 0.505905
v -256.916 -129.755 742.915
vn -0.35857 -0.753926 0.550476
v -256.525 -127.643 745.532
vn 0.183012 -0.870562 0.456759
v -255.48 -127.07 746.474
vn 0.251971 -0.855536 0.452294
v -254.196 -126.272 747.341
vn 0.466243 -0.829329 0.307946
v -254.334 -125.986 748.085
vn 0.825524 0.441707 -0.35129
v -251.838 -122.284 750.519
vn 0.778844 -0.597621 0.190398
v -252.716 -122.888 751.091
vn 0.54002 -0.773059 0.332804
v -251.688 -122.28 751.054
vn 0.393182 -0.835428 0.384016
v -251.384 -121.391 752.784
vn 0.426581 -0.830279 0.3587
v -251.098 -120.951 753.407
vn 0.430138 -0.838017 0.335722
v -254.442 -125.827 748.943
vn 0.680116 -0.689831 0.248141
v -253.052 -123.639 751.781
vn 0.907556 -0.419741 -0.01264
v -252.479 -122.409 753.614
vn 0.727468 -0.684384 0.0490763
v -251.88 -121.511 752.916
vn 0.229805 0.882834 -0.409626
v -252.449 -120.498 752.861
vn 0.85711 0.303841 -0.415984
v -251.043 -120.679 754.185
vn 0.85711 0.303841 -0.415984
v -251.06 -120.556 754.24
vn 0.85711 0.303841 -0.415984
v -251.016 -120.622 754.281
vn 0.912567 -0.393803 0.110184
v -251.161 -120.368 755.063
vn -0.843562 -0.503535 0.186697
v -250.907 -120.217 755.314
vn -0.843562 -0.503535 0.186697
v -250.947 -120.146 755.326
vn -0.843562 -0.503535 0.186697
v -250.905 -120.203 755.359
vn 0.386081 0.862173 -0.328024
v -251.075 -120.158 755.104
vn 0.457497 0.798775 -0.390711
v -251.375 -120.545 753.799
vn -0.947778 -0.317825 0.0265178
v -250.836 -120.023 755.729
vn -0.947778 -0.317825 0.0265178
v -250.845 -119.996 755.738
vn -0.947778 -0.317825 0.0265178
v -250.837 -120.017 755.755
vn -0.364607 -0.859962 0.357109
v -255.487 -125.047 750.716
vn -0.92638 -0.373613 0.0472596
v -250.81 -119.819 756.383
vn -0.92638 -0.373613 0.0472596
v -250.846 -119.725 756.409
vn -0.92638 -0.373613 0.0472596
v -250.813 -119.801 756.466
vn 0.953394 0.300436 0.0279045
v -250.76 -119.578 757.072
vn 0.953394 0.300436 0.0279045
v -250.782 -119.509 757.094
vn 0.953394 0.300436 0.0279045
v -250.766 -119.566 757.143
vn -0.67748 -0.713541 0.178551
v -250.761 -119.498 757.378
vn -0.67748 -0.713541 0.178551
v -250.834 -119.431 757.365
vn -0.67748 -0.713541 0.178551
v -250.761 -119.496 757.385
vn 0.998545 0.0275857 0.046337
v -250.725 -119.279 758.046
vn 0.998545 0.0275857 0.046337
v -250.727 -119.252 758.06
vn 0.998545 0.0275857 0.046337
v -250.727 -119.272 758.081
vn 0.701059 -0.695657 0.156771
v -250.868 -119.3 758.203
vn -0.976389 -0.214724 0.0236388
v -250.751 -119.238 758.314
vn -0.976389 -0.214724 0.0236388
v -250.761 -119.189 758.334
vn -0.976389 -0.214724 0.0236388
v -250.752 -119.226 758.367
vn 0.935055 0.161254 0.315705
v -250.762 -119.175 758.604
vn 0.935055 0.161254 0.315705
v -250.77 -119.147 758.614
vn 0.935055 0.161254 0.315705
v -250.778 -119.181 758.656
vn 0.828357 0.533896 -0.169648
v -250.935 -119.06 758.631
vn 0.132677 -0.930919 0.340276
v -253.101 -121.54 757.879
vn 0.439108 -0.897896 0.0310958
v -253.147 -121.455 758.421
vn 0.274892 -0.948795 0.155636
v -252.847 -121.317 758.432
vn -0.515764 -0.61565 0.595787
v -254.409 -121.077 760.793
vn -0.104102 -0.952512 0.286154
v -253.529 -121.098 761.511
vn -0.0544217 -0.989584 0.133272
v -254.332 -120.967 761.58
vn -0.0836219 -0.985754 0.14593
v -254.713 -120.709 763.572
vn -0.0542343 0.996356 -0.0658234
v -251.964 -117.603 765.231
vn -0.233004 -0.961295 0.147043
v -254.807 -120.454 764.963
vn -0.253082 0.950579 0.179859
v -251.915 -117.652 768.924
vn -0.505074 -0.82261 0.261175
v -255.101 -119.875 767.298
vn -0.781446 -0.413771 0.46705
v -254.991 -119.457 768.377
vn -0.910287 0.347484 -0.225014
v -260.191 -135.239 730.777
vn 0.116102 0.716314 -0.688051
v -259.01 -133.618 731.801
vn -0.541814 0.714801 -0.442151
v -259.271 -133.552 732.034
vn -0.113503 0.818043 -0.563846
v -258.463 -132.14 733.709
vn -0.984629 0.0904108 0.149438
v -259.548 -133.461 734.532
vn -0.861313 0.485123 -0.150985
v -259.278 -132.856 733.72
vn 0.746852 0.477045 -0.463293
v -257.516 -129.238 737.995
vn -0.582447 0.722035 -0.373392
v -258.098 -129.657 737.543
vn -0.928177 0.345301 -0.138761
v -258.83 -130.611 738.386
vn 0.520157 0.603406 -0.604432
v -256.802 -129.013 739.2
vn 0.149716 0.721396 -0.676145
v -257.498 -127.779 740.269
vn 0.310569 0.739913 -0.596721
v -256.641 -126.525 741.891
vn -0.96524 -0.200381 0.167807
v -258.802 -131.282 739.708
vn -0.651934 0.450774 -0.609741
v -259.142 -128.872 741.219
vn -0.0308737 0.874346 -0.48432
v -255.958 -124.164 745.328
vn -0.914373 -0.368878 0.166886
v -258.71 -130.732 741.297
vn -0.0844753 -0.603167 0.793129
v -257.866 -128.899 743.275
vn -0.37784 -0.674956 0.633776
v -257.728 -127.072 744.765
vn 0.0895647 0.953732 -0.287008
v -252.715 -118.999 756.869
vn -0.344594 -0.82754 0.443207
v -256.283 -123.331 753.57
vn 0.363903 -0.889125 0.277545
v -255.364 -123.28 754.382
vn -0.222586 -0.857908 0.463087
v -255.201 -122.927 754.983
vn -0.437349 -0.719717 0.539197
v -255.517 -123.13 754.449
vn 0.0124898 -0.958919 0.283404
v -255.074 -122.43 756.287
vn -0.0524261 0.995182 -0.0828537
v -254.045 -118.463 759.43
vn -0.401906 -0.809272 0.428427
v -255.614 -121.266 759.553
vn -0.386015 -0.882512 0.268634
v -256.421 -121.12 758.973
vn -0.802148 -0.532588 0.270016
v -256.472 -119.65 764.779
vn -0.431459 0.887669 0.160897
v -255.949 -118.965 766.58
vn -0.444996 0.842293 0.304172
v -254.602 -118.658 768.435
vn -0.594271 -0.735549 0.325283
v -254.868 -118.923 768.641
vn 0.166149 0.722146 -0.67149
v -257.281 -125.982 742.057
vn -0.324005 0.624013 -0.711076
v -257.932 -124.902 743.106
vn 0.337091 0.819569 -0.463332
v -257.104 -124.422 744.758
vn -0.018455 0.878835 -0.476768
v -256.288 -124.033 745.724
vn -0.596902 -0.580774 0.553543
v -259.635 -127.775 743.57
vn -0.980272 -0.18744 0.0627133
v -259.72 -126.917 742.411
vn -0.295438 -0.60087 0.742746
v -259.451 -126.606 744.767
vn -0.964891 -0.174743 0.196088
v -259.553 -126.45 744.617
vn -0.0884446 -0.75062 0.654788
v -258.451 -126.159 745.508
vn -0.342891 -0.819311 0.459515
v -258.341 -125.931 745.877
vn -0.541896 -0.688241 0.482363
v -259.489 -125.68 746.046
vn 0.0832245 0.923433 -0.374627
v -255.569 -121.449 751.447
vn -0.431889 -0.845213 0.314782
v -257.589 -124.324 749.742
vn -0.43159 -0.846786 0.310941
v -257.57 -124.046 750.71
vn -0.336892 -0.871055 0.357445
v -257.947 -124.05 750.006
vn 0.154331 0.952946 -0.260914
v -256.517 -119.88 755.703
vn -0.377395 -0.85652 0.35206
v -257.152 -122.26 755.58
vn -0.499035 -0.825146 0.26476
v -257.951 -121.601 755.708
vn -0.255544 -0.892448 0.371798
v -258.16 -121.783 754.763
vn 0.0466179 0.971091 -0.234115
v -256.604 -118.724 760.48
vn 0.0964464 0.947386 0.305219
v -256.782 -118.847 760.822
vn 0.170371 -0.942364 0.287964
v -257.859 -119.896 760.856
vn -0.941617 0.116934 0.315727
v -256.987 -119.282 762.821
vn -0.558866 -0.693602 0.454516
v -257.116 -119.518 762.199
vn -0.0753161 0.992944 0.0915974
v -256.835 -118.913 762.017
vn -0.577162 -0.657241 0.484684
v -257.273 -119.397 762.175
vn -0.447227 -0.560575 0.696953
v -257.21 -119.281 762.329
vn -0.363896 -0.555314 0.7478
v -257.133 -119.152 762.462
vn -0.225806 0.973171 0.0441675
v -256.986 -118.978 762.458
vn 0.739523 0.566163 0.364094
v -257.046 -118.901 762.46
vn 0.0846855 -0.900422 0.426696
v -257.407 -119.368 762.232
vn 0.225095 -0.893112 0.389466
v -257.535 -119.36 762.307
vn 0.922719 0.326333 0.205174
v -256.959 -118.51 761.675
vn 0.271853 -0.920106 0.281958
v -257.517 -119.217 762.766
vn 0.0209156 0.728741 -0.68447
v -258.85 -125.376 743.084
vn -0.0615839 0.74684 -0.662146
v -258.747 -124.591 743.783
vn -0.894372 0.140485 -0.424692
v -259.873 -125.973 743.079
vn -0.939369 -0.329362 0.0954286
v -259.839 -125.808 743.547
vn -0.947833 -0.312873 0.0610226
v -259.988 -125.365 743.499
vn 0.109282 0.759489 -0.641276
v -259.986 -124.458 743.818
vn 0.190561 0.831437 -0.521918
v -259.795 -123.92 744.498
vn -0.323147 -0.824715 0.464135
v -259.369 -124.874 747.349
vn -0.522601 -0.747639 0.409785
v -259.507 -124.671 747.544
vn -0.68816 -0.68571 0.237145
v -259.56 -122.384 752.854
vn -0.987227 -0.158523 0.0158931
v -259.63 -122.069 753.163
vn 0.391156 0.889986 -0.234355
v -257.525 -119.556 755.511
vn 0.193975 -0.867216 0.458596
v -258.512 -121.743 754.951
vn -0.608665 -0.751921 0.25326
v -259.442 -121.385 756.103
vn -0.207338 -0.944791 0.253734
v -259.459 -120.575 757.844
vn -0.963556 -0.255937 0.0778219
v -259.634 -120.51 757.889
vn 0.470079 0.861854 -0.190351
v -257.026 -118.582 760.538
vn 0.0669047 -0.96761 0.243422
v -259.59 -120.524 758.837
vn 0.858391 0.512066 0.0308617
v -257.069 -118.225 762.084
vn 0.970177 0.0716117 0.23158
v -257.46 -118.062 764.478
vn 0.554509 0.828435 -0.0788306
v -257.885 -117.349 764.314
vn 0.485416 0.86149 -0.149016
v -258.428 -117.056 764.29
vn 0.183409 -0.965883 0.182839
v -259.412 -119.631 763.818
vn -0.69797 -0.705888 0.120664
v -259.573 -119.409 764.188
vn 0.405991 -0.868422 0.284631
v -259.51 -119.315 765.46
vn 0.646487 -0.679584 0.346728
v -258.31 -118.031 766.825
vn -0.997286 -0.00905921 0.0730674
v -259.497 -118.811 765.876
vn 0.869423 -0.338221 0.360152
v -258.46 -117.602 767.745
vn 0.692411 -0.605036 0.393063
v -259.03 -117.486 769.007
vn -0.967895 -0.19552 0.157961
v -259.245 -117.422 769.024
vn -0.884074 -0.409824 0.224629
v -259.117 -116.779 769.856
vn -0.266458 0.342778 -0.900835
v -259.221 -116.447 770.212
vn -0.266458 0.342778 -0.900835
v -259.236 -116.465 770.209
vn -0.266458 0.342778 -0.900835
v -259.239 -116.442 770.219
vn -0.584688 0.281085 -0.761007
v -260.362 -124.379 744.136
vn -0.82118 -0.384132 -0.422027
v -260.439 -124.422 744.325
vn -0.562612 0.337809 -0.754554
v -260.557 -124.281 744.323
vn -0.718081 -0.614378 0.326954
v -260.416 -124.323 744.593
vn -0.901952 -0.365926 0.229307
v -260.533 -124.169 744.508
vn 0.020989 0.767357 -0.640876
v -260.555 -123.873 744.529
vn -0.822385 -0.55373 0.130638
v -261.1 -123.124 745.372
vn -0.00756432 0.889444 -0.456981
v -259.93 -122.201 746.819
vn -0.397395 -0.756086 0.520011
v -261.119 -122.677 746.824
vn -0.494071 -0.766606 0.410134
v -261.098 -122.616 746.963
vn -0.279416 -0.808347 0.518172
v -261.297 -122.572 746.831
vn 0.400561 0.856588 -0.325281
v -261.144 -122.4 746.785
vn -0.275653 -0.858344 0.432737
v -261.325 -122.563 746.84
vn -0.284436 0.782933 -0.553273
v -261.057 -122.421 746.832
vn -0.83453 -0.525261 0.166319
v -261.089 -122.587 747.028
vn -0.267895 0.865683 -0.422877
v -261.136 -122.32 747.097
vn -0.411206 -0.659773 -0.628975
v -261.27 -122.485 747.04
vn -0.387765 0.83406 -0.392405
v -261.025 -121.439 748.961
vn -0.367953 -0.832227 0.41474
v -260.964 -121.581 749.071
vn -0.947527 -0.297228 0.117683
v -259.621 -121.58 751.371
vn -0.497707 -0.794723 0.347425
v -260.191 -121.17 750.715
vn -0.710881 -0.662961 0.234801
v -259.925 -119.853 754.497
vn -0.984234 -0.165994 0.0610749
v -259.833 -118.955 759.887
vn 0.205354 0.978138 -0.0327892
v -259.967 -115.897 766.076
vn 0.611232 0.791201 -0.0199271
v -260.055 -115.796 766.861
vn -0.0515552 0.996233 0.0697215
v -260.179 -115.832 767.286
vn 0.37833 0.911618 -0.160682
v -259.658 -115.951 768.069
vn 0.579159 0.814324 -0.0381045
v -259.843 -116.032 767.403
vn -0.926164 -0.304564 0.222396
v -260.01 -116.111 767.513
vn -0.906842 -0.377633 0.187167
v -260.062 -115.977 767.407
vn 0.734483 0.678588 0.0072589
v -259.98 -115.883 767.391
vn 0.570072 0.819479 -0.0589262
v -259.575 -115.804 769.451
vn 0.374234 -0.603515 -0.704072
v -259.446 -116.069 770.281
vn 0.374234 -0.603515 -0.704072
v -259.447 -116.066 770.278
vn 0.374234 -0.603515 -0.704072
v -259.45 -116.069 770.279
vn 0.832205 0.544737 0.103419
v -259.471 -115.903 769.805
vn 0.274005 -0.286172 -0.918165
v -259.596 -115.779 770.074
vn -0.862305 -0.481433 0.157009
v -259.668 -115.879 769.59
vn -0.757831 0.630852 -0.16649
v -259.604 -115.762 769.743
vn -0.757831 0.630852 -0.16649
v -259.669 -115.844 769.727
vn -0.814409 -0.50217 0.290796
v -259.658 -115.805 769.824
vn 0.610074 0.791192 -0.0427149
v -259.611 -115.752 769.815
vn 0.274005 -0.286172 -0.918165
v -259.638 -115.724 770.044
vn 0.274005 -0.286172 -0.918165
v -259.661 -115.751 770.045
vn 0.0644651 0.141628 -0.987819
v -259.787 -115.664 769.745
vn 0.22104 0.874695 -0.431335
v -261.314 -122.304 746.723
vn -0.278064 -0.81938 0.501295
v -261.754 -122.607 746.53
vn -0.792333 0.246949 -0.557875
v -261.764 -122.399 746.636
vn -0.138652 0.895455 -0.423008
v -261.641 -122.3 746.77
vn 0.453173 0.350123 0.819785
v -261.566 -122.258 746.843
vn 0.968225 0.243869 -0.0553853
v -261.913 -122.44 746.777
vn -0.201754 -0.894683 0.398544
v -261.736 -122.387 746.923
vn 0.968225 0.243869 -0.0553853
v -261.926 -122.399 746.742
vn 0.968225 0.243869 -0.0553853
v -261.926 -122.385 746.798
vn -0.263347 -0.86352 0.430095
v -261.459 -122.388 747.061
vn 0.191177 0.936273 -0.294692
v -261.719 -122.201 747.035
vn -0.158315 -0.937313 0.310453
v -261.686 -122.323 747.142
vn 0.824545 0.560967 -0.0737643
v -261.581 -122.2 747.128
vn 0.608939 -0.463652 -0.6436
v -261.63 -122.212 747.307
vn 0.608939 -0.463652 -0.6436
v -261.813 -122.289 747.189
vn 0.608939 -0.463652 -0.6436
v -261.833 -122.193 747.101
vn 0.513111 0.739037 -0.43651
v -261.798 -122.099 747.3
vn 0.706061 -0.249264 -0.662831
v -261.695 -121.609 748.686
vn 0.483408 -0.724727 -0.491006
v -261.353 -121.532 748.956
vn -0.626038 0.705945 -0.331238
v -261.169 -121.505 749.092
vn -0.543589 0.761077 -0.353938
v -261.026 -121.276 749.311
vn 0.53511 -0.51951 -0.666159
v -261.28 -121.358 749.361
vn 0.525828 -0.59194 -0.610829
v -261.131 -121.012 750.173
vn -0.151936 0.900378 -0.407718
v -261.421 -121.584 748.737
vn 0.483408 -0.724727 -0.491006
v -261.331 -121.446 748.851
vn 0.706061 -0.249264 -0.662831
v -261.567 -121.554 748.801
vn 0.483408 -0.724727 -0.491006
v -261.423 -121.543 748.903
vn -0.518729 0.0321106 -0.854335
v -261.463 -121.44 748.931
vn -0.102259 -0.937333 0.333091
v -261.418 -121.516 748.981
vn 0.986605 -0.108785 0.121556
v -261.349 -121.424 749.017
vn 0.53511 -0.51951 -0.666159
v -261.293 -121.284 749.293
vn 0.755525 -0.193582 -0.625866
v -261.506 -121.37 749.204
vn 0.53511 -0.51951 -0.666159
v -261.364 -121.367 749.3
vn -0.402345 0.260477 -0.877651
v -261.384 -121.271 749.338
vn -0.112701 -0.949813 0.29181
v -261.361 -121.338 749.394
vn 0.990505 0.119013 -0.0688238
v -261.289 -121.247 749.415
vn 0.767183 -0.194743 -0.611151
v -261.435 -121.195 749.609
vn 0.525828 -0.59194 -0.610829
v -261.137 -120.895 750.055
vn 0.525828 -0.59194 -0.610829
v -261.253 -121.028 750.083
vn -0.477533 0.240611 -0.845026
v -261.283 -120.886 750.14
vn -0.13971 -0.925729 0.351436
v -261.242 -120.98 750.213
vn 0.988818 0.128709 0.0753252
v -261.154 -120.869 750.235
vn 0.706061 -0.249264 -0.662831
v -261.597 -121.478 748.741
vn -0.303446 0.547932 -0.779545
v -261.672 -121.466 748.778
vn -0.0512737 -0.87561 0.480289
v -261.661 -121.529 748.836
vn 0.956098 0.229443 -0.182295
v -261.586 -121.435 748.852
vn 0.755525 -0.193582 -0.625866
v -261.645 -121.45 749.061
vn 0.755525 -0.193582 -0.625866
v -261.535 -121.296 749.146
vn -0.41114 -0.659854 -0.628933
v -261.841 -121.492 748.915
vn -0.19518 0.575609 -0.79409
v -261.617 -121.277 749.179
vn 0.014712 -0.878762 0.477034
v -261.601 -121.35 749.245
vn 0.943524 0.325262 -0.0629845
v -261.537 -121.275 749.235
vn 0.767183 -0.194743 -0.611151
v -261.575 -121.263 749.455
vn 0.767183 -0.194743 -0.611151
v -261.467 -121.11 749.542
vn 0.623233 -0.417849 -0.661047
v -261.753 -121.331 749.324
vn -0.274286 0.615105 -0.739197
v -261.551 -121.097 749.583
vn -0.273588 0.167145 -0.947213
v -261.506 -121.076 749.85
vn 0.618441 -0.412982 -0.668563
v -261.712 -121.129 749.722
vn -0.273588 0.167145 -0.947213
v -261.534 -121.109 749.852
vn -0.273588 0.167145 -0.947213
v -261.552 -121.062 749.865
vn 0.822526 0.19841 -0.532996
v -261.428 -120.881 750.23
vn -0.41114 -0.659854 -0.628933
v -261.857 -121.439 748.869
vn -0.41114 -0.659854 -0.628933
v -261.905 -121.478 748.942
vn 0.973579 0.199187 -0.111664
v -261.853 -121.413 748.949
vn 0.623233 -0.417849 -0.661047
v -261.776 -121.242 749.246
vn 0.972757 0.227962 -0.0421463
v -262.108 -121.435 749.03
vn 0.623233 -0.417849 -0.661047
v -261.869 -121.358 749.231
vn -0.348299 0.388292 -0.853181
v -261.879 -121.225 749.296
vn -0.0475168 -0.939492 0.339259
v -261.858 -121.309 749.37
vn 0.979244 0.186861 -0.0785146
v -261.773 -121.203 749.379
vn 0.618441 -0.412982 -0.668563
v -261.728 -121.072 749.672
vn 0.550583 -0.48367 -0.680384
v -262.026 -121.269 749.438
vn -0.141116 0.880005 -0.453516
v -261.98 -121.107 749.556
vn 0.618441 -0.412982 -0.668563
v -261.788 -121.146 749.663
vn -0.354218 0.392439 -0.848836
v -261.793 -121.062 749.704
vn -0.0628526 -0.936024 0.346278
v -261.78 -121.114 749.751
vn 0.976373 0.203749 -0.0719924
v -261.727 -121.048 749.756
vn 0.586697 -0.461196 -0.665646
v -261.972 -121.079 749.839
vn 0.943067 -0.0724855 -0.324608
v -261.919 -120.923 749.959
vn 0.749172 -0.300822 -0.590125
v -261.688 -120.824 750.43
vn 0.972757 0.227962 -0.0421463
v -262.118 -121.401 749
vn 0.972757 0.227962 -0.0421463
v -262.119 -121.389 749.049
vn 0.550583 -0.48367 -0.680384
v -262.04 -121.207 749.382
vn 0.971961 0.234862 -0.0114739
v -262.373 -121.381 749.146
vn 0.550583 -0.48367 -0.680384
v -262.1 -121.278 749.384
vn -0.141116 0.880005 -0.453516
v -262.111 -121.198 749.419
vn -0.104318 -0.950723 0.291964
v -262.097 -121.253 749.467
vn 0.586697 -0.461196 -0.665646
v -261.983 -121.029 749.795
vn 0.984446 0.0940573 -0.148392
v -262.303 -121.204 749.551
vn 0.586697 -0.461196 -0.665646
v -262.033 -121.09 749.793
vn -0.349429 0.318548 -0.881151
v -262.045 -121.018 749.823
vn -0.0550151 -0.954962 0.291582
v -262.031 -121.068 749.866
vn 0.509558 -0.530407 -0.677509
v -262.236 -121.025 749.956
vn 0.971961 0.234862 -0.0114739
v -262.378 -121.362 749.129
vn 0.971961 0.234862 -0.0114739
v -262.379 -121.356 749.156
vn 0.984446 0.0940573 -0.148392
v -262.31 -121.176 749.526
vn 0.984446 0.0940573 -0.148392
v -262.304 -121.155 749.577
vn 0.509558 -0.530407 -0.677509
v -262.243 -120.99 749.923
vn 0.509558 -0.530407 -0.677509
v -262.275 -121.027 749.928
vn 0.952036 -0.0898335 -0.292503
v -262.196 -120.9 750.05
vn 0.365578 -0.281234 0.887277
v -262.176 -120.805 750.322
vn 0.412637 -0.579157 -0.70307
v -262.513 -120.959 750.067
vn -0.256872 0.857679 -0.445424
v -260.73 -120.578 750.41
vn -0.282815 -0.878487 0.385066
v -260.877 -120.606 751.172
vn 0.822526 0.19841 -0.532996
v -261.326 -120.815 750.412
vn -0.50293 0.735857 -0.453404
v -261.186 -120.839 750.493
vn 0.822526 0.19841 -0.532996
v -261.361 -120.762 750.379
vn 0.749172 -0.300822 -0.590125
v -261.586 -120.765 750.529
vn 0.749172 -0.300822 -0.590125
v -261.602 -120.707 750.479
vn 0.412637 -0.579157 -0.70307
v -262.512 -120.961 750.069
vn 0.365578 -0.281234 0.887277
v -262.217 -120.854 750.323
vn 0.365578 -0.281234 0.887277
v -262.229 -120.796 750.347
vn 0.389289 -0.580086 -0.71551
v -262.449 -120.779 750.472
vn 0.412637 -0.579157 -0.70307
v -262.514 -120.961 750.068
vn -0.475378 0.180087 -0.861153
v -262.515 -120.959 750.068
vn -0.158817 -0.971092 0.178207
v -262.514 -120.961 750.07
vn 0.967664 0.238788 0.0812822
v -262.513 -120.959 750.07
vn 0.389289 -0.580086 -0.71551
v -262.449 -120.777 750.471
vn 0.389289 -0.580086 -0.71551
v -262.451 -120.779 750.471
vn -0.494911 0.171537 -0.851844
v -262.452 -120.777 750.472
vn -0.181559 -0.968315 0.171472
v -262.451 -120.778 750.473
vn 0.949004 0.291651 0.119715
v -262.45 -120.777 750.473
vn 0.54616 -0.50346 -0.669505
v -262.045 -120.479 751.166
vn -0.113954 -0.904589 0.410772
v -261.924 -120.111 751.972
vn 0.620416 -0.589056 -0.517781
v -261.751 -120.054 752.118
vn 0.594808 -0.398534 0.698122
v -261.676 -120.031 752.18
vn 0.54616 -0.50346 -0.669505
v -262.053 -120.443 751.133
vn 0.54616 -0.50346 -0.669505
v -262.088 -120.484 751.135
vn -0.360382 0.249758 -0.898746
v -262.1 -120.434 751.154
vn -0.073897 -0.964425 0.253819
v -262.088 -120.471 751.185
vn 0.979862 0.199664 0.00216356
v -262.055 -120.432 751.185
vn 0.410883 -0.606384 -0.680789
v -262.323 -120.414 751.279
vn -0.760933 -0.632357 0.145278
v -262.018 -120.066 751.669
vn -0.0264109 0.890947 -0.453338
v -261.777 -119.905 751.917
vn 0.410883 -0.606384 -0.680789
v -262.323 -120.412 751.277
vn 0.410883 -0.606384 -0.680789
v -262.325 -120.414 751.278
vn -0.505307 0.166899 -0.846646
v -262.325 -120.412 751.279
vn -0.169734 -0.970679 0.170215
v -262.325 -120.414 751.28
vn 0.952229 0.268047 0.14632
v -262.323 -120.412 751.28
vn 0.601093 -0.426983 -0.675554
v -262.478 -120.25 751.527
vn 0.601093 -0.426983 -0.675554
v -262.484 -120.228 751.508
vn 0.601093 -0.426983 -0.675554
v -262.507 -120.256 751.505
vn -0.0564141 0.883608 -0.464817
v -261.145 -119.626 752.226
vn -0.242478 -0.892536 0.380243
v -261.388 -119.944 752.4
vn 0.295474 0.911027 0.287619
v -261.408 -119.939 752.409
vn -0.919584 -0.319933 0.228052
v -261.442 -119.71 752.509
vn -0.216548 -0.913328 0.344875
v -261.364 -119.859 752.614
vn 0.0726921 0.945831 -0.316416
v -261.569 -119.839 752.091
vn -0.0397877 0.932461 -0.359073
v -261.498 -119.827 752.145
vn -0.38615 -0.888763 -0.246959
v -261.603 -119.869 752.463
vn 0.50659 0.408019 -0.759531
v -261.478 -119.713 752.483
vn 0.535011 -0.801678 -0.266602
v -261.72 -119.845 752.514
vn 0.034524 -0.564775 -0.824522
v -261.608 -119.841 752.591
vn -0.522371 0.12702 -0.843205
v -261.649 -119.704 752.637
vn -0.442331 -0.161813 -0.882134
v -261.753 -119.807 752.177
vn 0.295474 0.911027 0.287619
v -261.751 -119.782 752.264
vn -0.698739 -0.562937 -0.441436
v -261.898 -119.924 752.396
vn -0.0139662 -0.820157 0.571968
v -261.841 -119.812 752.558
vn 0.25978 -0.287865 0.921764
v -261.753 -119.705 752.567
vn 0.815562 -0.0322247 -0.577771
v -262.057 -119.696 752.896
vn 0.815562 -0.0322247 -0.577771
v -261.961 -119.576 753.025
vn -0.272876 -0.745568 0.608003
v -262.015 -119.755 752.365
vn 0.815562 -0.0322247 -0.577771
v -261.977 -119.542 753
vn 0.107544 0.931168 -0.348369
v -260.392 -118.404 754.905
vn 0.976333 0.208101 0.0588955
v -262.247 -119.469 753.418
vn 0.77354 -0.139734 -0.618151
v -262.171 -119.297 753.824
vn 0.77354 -0.139734 -0.618151
v -262.046 -119.201 753.96
vn 0.976333 0.208101 0.0588955
v -262.25 -119.448 753.399
vn 0.976333 0.208101 0.0588955
v -262.253 -119.444 753.428
vn 0.77354 -0.139734 -0.618151
v -262.082 -119.116 753.894
vn 0.0695153 0.964684 -0.254071
v -261.637 -118.297 754.97
vn -0.275069 -0.906636 0.319921
v -262.192 -119.045 754.209
vn 0.98287 0.184273 -0.00328923
v -262.367 -119.065 754.345
vn -0.448122 0.758821 -0.472628
v -262.162 -118.835 754.605
vn -0.28744 -0.913901 0.28664
v -262.125 -118.953 754.705
vn -0.180537 -0.929229 0.322398
v -262.276 -118.906 754.755
vn -0.469884 0.848466 -0.243544
v -262.09 -118.425 755.4
vn -0.132635 -0.929436 0.344321
v -262.225 -118.679 755.437
vn 0.995981 0.0030291 -0.0895097
v -262.094 -118.587 755.574
vn -0.156838 -0.918354 0.363356
v -262.029 -118.599 755.611
vn -0.260249 0.884398 -0.387441
v -261.804 -117.993 756.35
vn -0.247773 -0.907383 0.339508
v -262.059 -118.347 756.253
vn 0.709433 -0.511042 -0.485325
v -262.111 -118.27 756.523
vn -0.292556 -0.898118 0.328322
v -261.95 -118.22 756.684
vn -0.275606 -0.906766 0.319089
v -261.987 -117.869 757.612
vn -0.175735 0.946969 -0.269013
v -261.491 -117.523 757.243
vn 0.131291 0.990561 -0.0393931
v -261.442 -117.023 758.911
vn 0.274191 0.938986 -0.207662
v -260.282 -117.156 759.132
vn 0.0929138 0.995298 -0.0273605
v -261.247 -117.048 759.129
vn -0.0510615 0.960281 -0.274323
v -261.038 -116.997 759.574
vn -0.316857 -0.893223 0.318991
v -261.274 -117.316 759.438
vn 0.0518558 0.358447 -0.932109
v -261.335 -117.071 759.529
vn -0.376633 -0.883323 0.279086
v -261.267 -117.225 759.755
vn 0.943966 0.203731 0.259655
v -261.355 -117.07 759.541
vn -0.0622667 -0.945472 0.319697
v -261.563 -117.248 759.545
vn 0.652116 -0.757606 0.0278842
v -261.5 -117.187 759.758
vn -0.507172 -0.851518 0.133018
v -261.535 -117.036 759.941
vn -0.0355704 -0.939462 0.340803
v -261.641 -116.845 760.763
vn -0.453932 -0.835817 0.308797
v -261.414 -116.723 761.123
vn 0.931283 0.364228 0.00711085
v -261.546 -116.689 761.173
vn -0.428501 -0.147652 -0.891395
v -261.702 -117.035 760.049
vn -0.428501 -0.147652 -0.891395
v -261.726 -117.06 760.064
vn -0.428501 -0.147652 -0.891395
v -261.746 -117.027 760.069
vn -0.182818 0.926917 -0.327722
v -261.629 -116.654 760.873
vn 0.931283 0.364228 0.00711085
v -261.578 -116.607 761.108
vn 0.95228 0.255611 0.16681
v -261.924 -116.775 760.875
vn 0.931283 0.364228 0.00711085
v -261.585 -116.591 761.2
vn 0.0630246 0.96964 -0.236276
v -260.769 -116.568 761.175
vn 0.813752 0.483742 -0.322183
v -261.241 -116.743 761.348
vn 0.813752 0.483742 -0.322183
v -261.35 -116.606 761.276
vn 0.813752 0.483742 -0.322183
v -261.335 -116.56 761.383
vn 0.487728 -0.560265 -0.669496
v -261.597 -116.557 761.386
vn 0.487728 -0.560265 -0.669496
v -261.655 -116.623 761.4
vn 0.270386 0.946332 -0.177049
v -260.19 -116.407 762.756
vn -0.759877 -0.6246 0.180173
v -260.9 -116.453 763.048
vn 0.180396 0.975594 -0.125197
v -260.888 -116.27 762.848
vn 0.840924 0.536734 -0.0690211
v -261.241 -116.439 762.301
vn 0.936522 0.348054 -0.0422404
v -261.322 -116.336 762.565
vn 0.089757 0.982473 -0.163374
v -261.218 -116.223 762.696
vn -0.566511 -0.823605 -0.0271837
v -261.182 -116.259 763.028
vn 0.582401 0.581958 0.567568
v -261.133 -116.2 763.028
vn 0.437799 -0.596061 -0.673085
v -261.177 -116.19 763.268
vn 0.487728 -0.560265 -0.669496
v -261.588 -116.62 761.446
vn 0.840924 0.536734 -0.0690211
v -261.322 -116.321 762.231
vn 0.840924 0.536734 -0.0690211
v -261.326 -116.303 762.317
vn 0.936522 0.348054 -0.0422404
v -261.347 -116.275 762.517
vn 0.936522 0.348054 -0.0422404
v -261.35 -116.26 762.588
vn 0.934558 -0.25975 0.243168
v -260.973 -116.088 763.985
vn -0.980394 -0.178989 0.0824039
v -260.923 -116.167 763.398
vn 0.437799 -0.596061 -0.673085
v -261.175 -116.19 763.269
vn 0.934558 -0.25975 0.243168
v -260.955 -116.062 763.945
vn 0.934558 -0.25975 0.243168
v -260.97 -116.066 763.999
vn 0.437799 -0.596061 -0.673085
v -261.175 -116.188 763.267
vn -0.540894 0.240506 -0.805972
v -261.178 -116.188 763.269
vn -0.191887 -0.941128 0.278312
v -261.177 -116.189 763.27
vn 0.937532 0.300252 0.175735
v -261.176 -116.187 763.27
vn -0.771902 -0.58533 0.248106
v -260.626 -116.096 764.72
vn 0.275323 0.944609 -0.178635
v -260.452 -115.892 764.702
vn 0.172283 0.983409 -0.0567941
v -260.453 -115.891 764.71
vn -0.685968 -0.69219 0.224323
v -260.731 -116.021 764.71
vn -0.75778 0.630845 -0.166746
v -260.626 -116.089 764.743
vn 0.201013 0.941296 -0.271213
v -260.679 -115.886 764.554
vn 0.167001 0.985102 -0.0410346
v -260.685 -115.829 764.796
vn -0.590489 -0.765997 0.254109
v -260.432 -115.905 765.762
vn -0.708075 -0.660261 0.250371
v -260.755 -115.82 765.151
vn 0.00693661 -0.017645 0.99982
v -266.234 -118.633 773.592
vn -0.506778 -0.408283 0.759263
v -266.129 -118.701 773.889
vn 0.481228 -0.513894 -0.710163
v -266.141 -118.64 774.175
vn 0.481228 -0.513894 -0.710163
v -266.142 -118.642 774.175
vn 0.481228 -0.513894 -0.710163
v -266.14 -118.642 774.177
vn -0.402141 0.231371 -0.885861
v -266.143 -118.64 774.176
vn -0.119951 -0.972009 0.202017
v -266.143 -118.641 774.178
vn 0.960825 0.272713 0.0494292
v -266.141 -118.64 774.177
vn 0.469934 -0.512347 -0.718792
v -266.229 -118.333 774.547
vn 0.499033 -0.501282 -0.706883
v -265.693 -118.303 777.027
vn 0.499033 -0.501282 -0.706883
v -265.694 -118.302 777.026
vn 0.499033 -0.501282 -0.706883
v -265.695 -118.303 777.026
vn -0.357465 0.205143 -0.911117
v -265.696 -118.301 777.027
vn -0.0933585 -0.980903 0.170624
v -265.695 -118.303 777.028
vn 0.966475 0.2567 0.00556183
v -265.694 -118.301 777.028
vn 0.487442 -0.529388 -0.694369
v -274.775 -138.847 732.013
vn 0.487442 -0.529388 -0.694369
v -274.773 -138.859 732.024
vn 0.487442 -0.529388 -0.694369
v -274.762 -138.847 732.022
vn 0.757679 -0.631065 0.166375
v -274.921 -138.548 731.477
vn 0.382818 0.812197 -0.440212
v -275.07 -138.47 731.492
vn 0.757679 -0.631065 0.166375
v -274.985 -138.599 731.572
vn 0.757679 -0.631065 0.166375
v -274.903 -138.496 731.59
vn 0.289529 -0.781192 -0.553094
v -275.033 -138.335 731.326
vn 0.289529 -0.781192 -0.553094
v -275.055 -138.408 731.417
vn 0.289529 -0.781192 -0.553094
v -274.984 -138.339 731.357
vn -0.749222 0.213921 -0.626821
v -275.092 -138.431 731.498
vn 0.35146 0.831262 -0.430674
v -275.098 -138.26 730.972
vn 0.35146 0.831262 -0.430674
v -275.262 -138.179 730.994
vn 0.35146 0.831262 -0.430674
v -275.077 -138.198 731.107
vn -0.749222 0.213921 -0.626821
v -275.254 -138.24 731.757
vn 0.812613 0.294565 -0.502884
v -274.755 -138.779 732.247
vn -0.749222 0.213921 -0.626821
v -275 -137.961 731.549
vn 0.827195 -0.478296 0.294928
v -274.813 -138.826 732.334
vn 0.961408 -0.148708 -0.231477
v -274.686 -138.486 732.53
vn 0.937221 -0.3475 -0.0293466
v -274.747 -138.662 732.658
vn 0.952495 -0.0860579 -0.292141
v -274.55 -138.164 733.057
vn -0.856846 -0.413486 0.307969
v -274.879 -138.565 732.421
vn -0.840921 -0.438427 0.317227
v -274.788 -138.295 733.033
vn 0.863674 -0.152975 -0.480277
v -274.278 -137.955 733.614
vn 0.807174 -0.216634 -0.549126
v -273.716 -136.889 734.036
vn 0.417795 -0.617794 0.666166
v -274.035 -136.955 734.314
vn -0.0775958 -0.684472 0.724898
v -274.436 -136.552 734.789
vn 0.98287 0.184273 -0.00328923
v -262.373 -119.036 754.318
vn 0.98287 0.184273 -0.00328923
v -262.374 -119.026 754.361
vn 0.78634 -0.375578 -0.490521
v -262.405 -118.996 754.616
vn -0.411991 0.706608 -0.575299
v -262.285 -118.834 754.684
vn -0.506878 0.76213 -0.40278
v -262.359 -118.837 754.736
vn -0.534376 0.804894 -0.258046
v -262.113 -118.445 755.375
vn 0.995981 0.0030291 -0.0895097
v -262.109 -118.429 755.417
vn -0.441171 0.85455 -0.274067
v -262.104 -118.359 755.659
vn 0.976485 -0.0972471 -0.192404
v -262.6 -118.708 755.395
vn 0.976485 -0.0972471 -0.192404
v -262.598 -118.735 755.422
vn -0.0147125 -0.928529 0.370967
v -262.304 -118.587 755.71
vn -0.485712 0.843463 -0.229464
v -262.29 -118.391 755.813
vn 0.99577 0.0276566 -0.087622
v -262.524 -118.562 755.828
vn 0.976485 -0.0972471 -0.192404
v -262.581 -118.665 755.47
vn 0.99577 0.0276566 -0.087622
v -262.529 -118.519 755.786
vn 0.99577 0.0276566 -0.087622
v -262.523 -118.491 755.867
vn 0.874149 -0.247713 -0.417735
v -262.569 -118.486 756.095
vn -0.0553979 0.963688 -0.261222
v -262.059 -118.182 756.079
vn 0.0323914 -0.995827 0.0853239
v -262.276 -118.368 756.098
vn -0.579384 0.623848 -0.524526
v -262.219 -118.214 756.218
vn 0.0323914 -0.995827 0.0853239
v -262.247 -118.343 756.371
vn -0.0385062 0.999256 0.00218283
v -262.102 -118.184 756.312
vn 0.709433 -0.511042 -0.485325
v -262.111 -118.168 756.417
vn 0.874149 -0.247713 -0.417735
v -262.473 -118.37 756.228
vn 0.709433 -0.511042 -0.485325
v -262.248 -118.338 756.396
vn -0.476364 0.475695 -0.739454
v -262.234 -118.167 756.496
vn 0.0822479 -0.912968 0.399657
v -262.219 -118.255 756.579
vn 0.996987 -0.0570314 -0.0525853
v -262.096 -118.094 756.628
vn 0.985868 -0.126817 -0.109465
v -262.474 -118.334 756.51
vn -0.500392 0.853751 -0.143937
v -262.175 -117.982 756.899
vn 0.949436 -0.119949 -0.290145
v -262.456 -118.08 757.185
vn 0.998172 0.0325096 -0.0509544
v -262.38 -117.908 757.592
vn 0.874149 -0.247713 -0.417735
v -262.477 -118.346 756.206
vn 0.985868 -0.126817 -0.109465
v -262.473 -118.277 756.45
vn 0.985868 -0.126817 -0.109465
v -262.449 -118.21 756.594
vn 0.949436 -0.119949 -0.290145
v -262.458 -118.068 757.174
vn 0.949436 -0.119949 -0.290145
v -262.438 -118.031 757.224
vn 0.998172 0.0325096 -0.0509544
v -262.382 -117.875 757.559
vn 0.998172 0.0325096 -0.0509544
v -262.38 -117.857 757.619
vn -0.713047 0.530559 -0.458335
v -262.118 -117.491 758.254
vn 0.998555 0.0140768 -0.051854
v -262.339 -117.643 758.241
vn 0.998555 0.0140768 -0.051854
v -262.337 -117.675 758.273
vn -0.101577 -0.932789 0.345814
v -262.029 -117.339 759.185
vn 0.998555 0.0140768 -0.051854
v -262.336 -117.624 758.301
vn -0.409779 0.887614 -0.210294
v -261.909 -116.985 759.982
vn 0.95228 0.255611 0.16681
v -261.924 -116.769 760.869
vn 0.95228 0.255611 0.16681
v -261.926 -116.769 760.877
vn 0.881779 -0.440477 -0.168659
v -267.074 -118.92 768.401
vn 0.892541 -0.348321 -0.28643
v -267.054 -118.639 767.775
vn 0.904072 -0.400233 -0.149889
v -266.785 -118.903 770.102
vn 0.0208813 -0.995657 0.0907276
v -267.251 -118.852 771.216
vn 0.94976 0.246815 -0.192452
v -266.338 -118.879 772.965
vn -0.118791 -0.490006 -0.863587
v -266.29 -118.775 773.142
vn 0.11537 -0.194468 -0.974101
v -266.26 -118.554 773.844
vn -0.506778 -0.408283 0.759263
v -266.286 -118.584 773.847
vn -0.506778 -0.408283 0.759263
v -266.262 -118.545 773.884
vn -0.0353789 -0.998892 0.0310197
v -266.506 -118.832 772.708
vn 0.884863 0.432349 -0.17347
v -266.485 -118.527 772.692
vn 0.905663 0.386928 -0.173379
v -266.42 -118.547 772.988
vn -0.118791 -0.490006 -0.863587
v -266.422 -118.633 773.08
vn -0.118791 -0.490006 -0.863587
v -266.487 -118.698 773.125
vn -0.364467 -0.850951 0.378214
v -266.482 -118.681 773.169
vn 0.259117 -0.23372 -0.937141
v -266.378 -118.466 773.511
vn 0.259117 -0.23372 -0.937141
v -266.434 -118.533 773.512
vn -0.186352 0.138451 -0.972679
v -266.485 -118.424 773.537
vn 0.00693661 -0.017645 0.99982
v -266.434 -118.511 773.596
vn 0.00693661 -0.017645 0.99982
v -266.379 -118.445 773.597
vn 0.834888 0.524923 -0.165584
v -266.497 -118.507 772.694
vn -0.411142 -0.659808 -0.628981
v -266.716 -118.501 772.815
vn 0.312971 0.0123367 0.949682
v -266.567 -118.501 773.035
vn -0.80293 -0.498715 0.326475
v -266.576 -118.443 773.299
vn 0.624238 0.584641 -0.518191
v -266.501 -118.352 773.301
vn 0.321253 -0.248791 -0.913728
v -266.478 -118.235 773.643
vn -0.936426 -0.101922 0.335736
v -266.735 -118.454 772.778
vn 0.854144 0.49286 -0.165912
v -266.612 -118.323 772.717
vn 0.473431 -0.18677 -0.860802
v -266.69 -118.156 772.754
vn 0.574994 -0.0750195 0.814711
v -266.658 -118.26 773.161
vn 0.475739 0.623558 -0.620362
v -266.704 -118.309 773.189
vn 0.164218 -0.117436 -0.979409
v -266.592 -118.076 773.56
vn 0.164218 -0.117436 -0.979409
v -266.664 -118.163 773.558
vn 0.422325 0.650492 0.63127
v -266.662 -118.132 773.665
vn -0.685241 -0.62445 0.374843
v -266.889 -118.33 772.748
vn -0.949241 0.0153948 -0.314174
v -266.818 -118.141 773.14
vn 0.955694 0.280432 -0.0894795
v -266.757 -117.866 773.129
vn 0.494759 0.0789638 -0.865436
v -266.704 -117.984 773.219
vn -0.0889503 0.190877 -0.977575
v -266.827 -118.136 773.2
vn -0.194721 -0.481893 -0.85432
v -266.739 -117.946 773.521
vn -0.194721 -0.481893 -0.85432
v -266.791 -117.998 773.562
vn -0.802588 -0.52024 0.291895
v -266.788 -117.986 773.593
vn 0.189412 -0.247897 0.95009
v -267.003 -118.13 772.823
vn -0.775761 -0.538928 0.328255
v -266.966 -118.012 773.102
vn -0.27979 0.180539 -0.942933
v -266.899 -117.801 773.596
vn 0.33957 -0.616801 0.710105
v -267.02 -117.676 773.42
vn 0.459636 -0.432221 -0.775835
v -266.567 -117.858 774.269
vn 0.757714 -0.631046 0.166285
v -266.691 -117.776 773.946
vn -0.411309 -0.659606 -0.629083
v -266.781 -117.742 773.97
vn 0.757714 -0.631046 0.166285
v -266.739 -117.815 774.018
vn 0.757714 -0.631046 0.166285
v -266.693 -117.759 774.02
vn 0.963908 0.237552 -0.120208
v -266.798 -117.596 773.51
vn -0.27979 0.180539 -0.942933
v -266.792 -117.675 773.588
vn -0.808736 -0.512879 0.287926
v -266.887 -117.752 773.731
vn 0.980267 0.161041 -0.114638
v -266.777 -117.58 773.796
vn 0.0451019 0.244726 -0.968543
v -266.766 -117.522 774.047
vn 0.0451019 0.244726 -0.968543
v -266.817 -117.59 774.027
vn 0.0451019 0.244726 -0.968543
v -266.876 -117.463 774.056
vn -0.411181 -0.659808 -0.628954
v -267.007 -117.6 773.65
vn -0.156673 0.476554 -0.865072
v -266.83 -117.26 774.131
vn -0.156673 0.476554 -0.865072
v -266.908 -117.365 774.088
vn -0.156673 0.476554 -0.865072
v -266.906 -117.237 774.158
vn 0.606458 -0.505156 -0.614025
v -266.913 -117.031 774.264
vn 0.90665 -0.344928 0.242922
v -266.928 -116.853 774.086
vn 0.606458 -0.505156 -0.614025
v -266.915 -117.015 774.248
vn 0.606458 -0.505156 -0.614025
v -266.932 -117.035 774.248
vn 0.469934 -0.512347 -0.718792
v -266.229 -118.332 774.545
vn 0.469934 -0.512347 -0.718792
v -266.231 -118.333 774.546
vn -0.395086 0.213881 -0.893399
v -266.231 -118.331 774.546
vn -0.097968 -0.980521 0.170235
v -266.231 -118.333 774.548
vn 0.964366 0.263932 0.0183991
v -266.23 -118.331 774.547
vn 0.459636 -0.432221 -0.775835
v -266.55 -117.9 774.302
vn 0.459636 -0.432221 -0.775835
v -266.599 -117.896 774.272
vn -0.266855 0.172123 -0.948242
v -266.619 -117.843 774.287
vn -0.198455 -0.957082 0.211212
v -266.6 -117.885 774.32
vn 0.935561 0.352528 -0.0212114
v -266.569 -117.849 774.317
vn -0.332435 0.248174 -0.909888
v -275.247 -136.313 730.617
vn -0.657758 0.205326 -0.724704
v -275.496 -136.61 730.628
vn 0.887192 0.326262 -0.326256
v -273.685 -134.055 733.269
vn 0.799284 0.281272 -0.531066
v -273.99 -133.936 732.707
vn 0.0759778 -0.639046 -0.765406
v -275.305 -137.977 730.811
vn 0.0759778 -0.639046 -0.765406
v -275.258 -138.141 730.951
vn 0.0759778 -0.639046 -0.765406
v -275.157 -138.039 730.876
vn -0.510712 -0.70069 0.498203
v -275.277 -138.15 730.999
vn -0.784222 -0.535236 -0.313875
v -275.386 -137.681 730.871
vn 0.933256 0.0269335 -0.358201
v -275.242 -137.463 730.866
vn 0.9643 0.0131311 -0.264487
v -275.388 -137.463 730.505
vn -0.927774 -0.290395 -0.234322
v -275.454 -137.488 730.713
vn 0.0470165 -0.993932 0.0994441
v -275.49 -137.465 730.963
vn -0.510712 -0.70069 0.498203
v -275.639 -137.395 731.69
vn 0.95441 -0.0124608 -0.29824
v -275.148 -136.539 731.425
vn -0.932232 -0.033171 -0.360337
v -275.743 -136.464 731.1
vn 0.920113 0.0474559 -0.388767
v -273.421 -134.901 733.665
vn -0.325619 -0.649888 0.686744
v -275.084 -137.146 733.929
vn -0.831637 -0.444505 0.332859
v -275.477 -136.338 733.974
vn 0.918823 -0.299357 0.257194
v -273.591 -133.917 736.243
vn 0.68965 -0.544105 0.477841
v -274.238 -134.61 736.756
vn 0.99992 -0.0108008 -0.00665184
v -273.451 -131.793 738.374
vn -0.446161 -0.677363 0.58491
v -275.023 -134.424 736.757
vn 0.815237 -0.492593 0.304533
v -273.717 -132.769 738.619
vn 0.98109 -0.193484 -0.00509222
v -273.392 -131.098 740.787
vn 0.980476 -0.0554419 -0.188662
v -270.429 -125.1 749.411
vn 0.98163 -0.0616395 -0.180565
v -270.03 -124.091 751.272
vn 0.737321 -0.675242 0.0201597
v -268.545 -120.401 758.196
vn 0.289725 -0.937096 0.194706
v -268.324 -119.921 761.235
vn 0.880383 -0.473454 -0.0277
v -266.703 -117.321 763.714
vn 0.375972 -0.925163 0.0521443
v -268.253 -119.526 762.811
vn 0.788955 -0.614449 0.00178733
v -267.478 -118.969 763.628
vn 0.553354 -0.830503 0.0637518
v -267.718 -119.17 763.36
vn 0.324577 -0.942431 0.0804629
v -268.352 -119.707 763.702
vn 0.556224 -0.816501 -0.15473
v -268.596 -119.297 765.339
vn 0.477121 -0.873715 -0.0947489
v -269.099 -119.514 764.624
vn 0.308758 -0.950814 -0.0249357
v -269.332 -119.686 764.639
vn 0.739863 -0.672144 -0.028729
v -267.269 -118.86 766.46
vn 0.00466778 -0.991716 0.128367
v -269.363 -119.522 765.76
vn 0.879169 -0.318735 -0.354217
v -267.341 -119.002 767.389
vn 0.910653 0.368291 -0.187277
v -266.226 -115.589 769.44
vn 0.795041 -0.602521 0.0698478
v -265.897 -115.622 771.485
vn -0.748138 -0.525002 0.405787
v -267.784 -117.889 771.281
vn 0.861474 -0.505165 0.0516772
v -265.821 -115.45 771.891
vn 0.877889 -0.466482 0.108191
v -266.015 -115.586 772.479
vn 0.911364 -0.200219 0.359621
v -266.345 -115.632 773.288
vn -0.235666 0.965732 0.108733
v -266.593 -115.409 771.662
vn -0.718171 -0.610373 0.334178
v -267.575 -117.327 772.463
vn -0.763312 -0.442674 0.470525
v -267.711 -117.123 772.656
vn -0.800101 -0.168789 0.575628
v -267.095 -117.007 773.892
vn -0.843036 -0.0289141 0.537079
v -267.063 -116.574 773.882
vn 0.696923 -0.717145 -0.00116096
v -278.759 -123.61 794.954
vn 0.437739 -0.892966 0.104863
v -279.982 -124.458 794.736
vn 0.589945 -0.753481 0.290226
v -278.385 -123.12 795.467
vn 0.540531 -0.776643 0.3235
v -278.522 -123.172 795.611
vn 0.901095 0.432353 -0.0331503
v -278.461 -122.753 795.45
vn 0.741545 -0.315102 0.592301
v -278.523 -122.721 795.852
vn 0.957649 -0.0781225 -0.277138
v -275.13 -135.394 731.166
vn 0.555421 0.266862 -0.787586
v -275.269 -135.258 731.114
vn 0.847648 -0.0752632 -0.525193
v -274.956 -134.808 731.392
vn 0.316241 0.636741 -0.703244
v -274.668 -133.62 732.184
vn -0.347486 0.631678 -0.692991
v -275.108 -133.032 732.808
vn 0.611443 0.661805 -0.433765
v -274.396 -132.561 733.757
vn 0.00636591 0.772759 -0.634667
v -275.022 -132.452 733.415
vn -0.974389 -0.159473 -0.158541
v -276.021 -135.929 731.992
vn -0.856342 0.234445 -0.460124
v -275.965 -134.903 732.023
vn 0.881173 0.398042 -0.25514
v -273.746 -130.015 739.246
vn 0.950527 0.125914 -0.283978
v -273.71 -128.963 740.669
vn 0.806634 0.240959 -0.539705
v -271.998 -126.438 744.845
vn 0.538867 0.537111 -0.648949
v -272.38 -126.315 744.648
vn 0.429807 -0.744203 0.5113
v -274.593 -132.199 740.184
vn 0.579166 -0.697573 0.421851
v -273.632 -130.76 741.862
vn -0.463443 -0.56118 0.685783
v -274.628 -130.777 741.577
vn -0.507915 -0.609396 0.608818
v -275.039 -130.363 741.411
vn 0.9311 -0.0455855 -0.361904
v -272.545 -128.659 743.716
vn -0.187849 -0.691067 0.697953
v -272.567 -127.656 745.222
vn 0.560323 -0.803908 0.199424
v -271.199 -126.268 746.689
vn 0.807788 0.156839 -0.568226
v -270.915 -125.965 746.515
vn 0.701856 -0.671699 0.237105
v -270.985 -126.046 746.951
vn 0.994826 -0.032623 -0.0962177
v -270.949 -125.798 747.304
vn 0.292498 -0.881456 0.370784
v -271.476 -126.135 747.366
vn 0.980115 -0.000867186 -0.198426
v -271.248 -124.418 746.687
vn 0.93289 -0.332794 -0.137713
v -270.215 -122.478 749.383
vn 0.954316 -0.157975 -0.253622
v -270.479 -122.728 748.545
vn 0.136073 -0.704886 -0.696147
v -269.437 -121.487 750.697
vn 0.136073 -0.704886 -0.696147
v -269.437 -121.499 750.708
vn 0.136073 -0.704886 -0.696147
v -269.428 -121.49 750.701
vn -0.0392638 -0.875597 0.481445
v -272.305 -125.943 747.706
vn 0.972714 0.030074 -0.23005
v -270.482 -125.073 749.127
vn -0.00589492 -0.761683 0.647923
v -270.564 -125.079 749.478
vn 0.766355 -0.373239 0.52287
v -270.473 -124.94 749.59
vn 0.97922 -0.00345493 -0.202773
v -270.397 -124.725 749.633
vn -0.0949682 -0.806241 0.583915
v -270.687 -124.864 749.651
vn 0.957686 -0.262596 -0.117816
v -269.75 -121.753 752.452
vn 0.897296 -0.434086 -0.0801854
v -269.209 -120.938 752.198
vn 0.359257 0.808059 -0.466877
v -269.38 -120.796 752.16
vn -0.832126 -0.337175 -0.440317
v -268.743 -120.274 753.393
vn -0.832126 -0.337175 -0.440317
v -268.759 -120.242 753.399
vn -0.832126 -0.337175 -0.440317
v -268.77 -120.29 753.456
vn 0.0408966 -0.816957 -0.575247
v -268.248 -119.562 754.895
vn 0.0408966 -0.816957 -0.575247
v -268.274 -119.613 754.966
vn 0.0408966 -0.816957 -0.575247
v -268.225 -119.569 754.907
vn 0.0112899 -0.881774 0.471536
v -270.365 -123.949 751.652
vn -0.0455886 -0.888052 0.457478
v -271.754 -123.652 751.939
vn 0.00478757 -0.816419 0.57744
v -270.107 -123.758 751.927
vn 0.979489 -0.176639 -0.0969543
v -269.826 -123.054 752.594
vn 0.0997438 -0.859664 0.501027
v -270.303 -122.876 753.038
vn 0.107771 -0.931919 0.346285
v -271.678 -123.319 752.812
vn 0.30826 -0.859823 0.407039
v -269.479 -122.173 753.987
vn 0.071582 -0.878958 0.471496
v -269.907 -122.114 754.524
vn 0.231754 -0.901184 0.366275
v -270.515 -122.645 753.57
vn 0.877313 0.251039 0.409024
v -267.384 -118.474 757.636
vn 0.877313 0.251039 0.409024
v -267.386 -118.469 757.638
vn 0.877313 0.251039 0.409024
v -267.388 -118.476 757.646
vn 0.623383 0.624796 -0.470131
v -267.559 -118.3 757.891
vn 0.0479945 -0.911126 0.409323
v -270.035 -121.622 755.363
vn 0.270948 -0.931585 0.242356
v -270.016 -121.25 756.232
vn 0.0893066 -0.9387 0.332966
v -270.599 -121.384 756.436
vn 0.576285 -0.795693 0.186462
v -268.966 -121.025 756.264
vn 0.306948 -0.894942 0.323822
v -269.197 -121.199 756.279
vn 0.275279 -0.931823 0.236491
v -269.03 -120.918 757.068
vn 0.072306 -0.950874 0.301015
v -269.561 -121.027 756.655
vn 0.212273 -0.954791 0.208122
v -269.655 -121.039 757.047
vn 0.0678273 -0.896925 0.436949
v -268.949 -120.625 757.806
vn 0.0623364 -0.950141 0.305525
v -270.867 -121.171 757.024
vn 0.159298 -0.97718 0.140508
v -270.673 -120.169 761.378
vn 0.120452 -0.985451 0.119911
v -270.788 -120.084 761.874
vn 0.216453 -0.969802 0.112388
v -269.674 -119.726 763.314
vn 0.883699 0.422563 -0.20129
v -266.647 -115.601 767.573
vn -0.10301 0.990788 -0.087911
v -267.869 -115.472 767.617
vn -0.607056 0.754933 0.248112
v -269.386 -116.291 769.062
vn 0.871273 -0.482543 0.0896386
v -272.377 -119.055 771.374
vn 0.79211 -0.606036 0.072682
v -272.895 -119.786 772.479
vn -0.0688642 -0.920865 0.383753
v -272.993 -119.67 772.74
vn 0.879197 -0.464712 0.10514
v -272.789 -119.404 773.282
vn -0.203032 0.101832 -0.973863
v -272.86 -119.277 773.512
vn -0.203032 0.101832 -0.973863
v -272.899 -119.323 773.515
vn -0.203032 0.101832 -0.973863
v -272.937 -119.247 773.531
vn 0.975344 0.0463464 -0.215767
v -279.035 -122.826 791.768
vn 0.577372 0.816478 -0.00247983
v -279.009 -122.22 793.954
vn 0.326552 -0.93206 0.156931
v -280.303 -124.592 794.45
vn 0.259753 -0.888934 0.37726
v -280.5 -124.594 794.581
vn 0.337101 -0.800858 0.494964
v -280.68 -124.715 794.507
vn -0.220556 -0.344761 0.912412
v -280.168 -124.354 794.748
vn 0.843844 -0.414966 -0.340191
v -279.466 -122.352 795.686
vn 0.843844 -0.414966 -0.340191
v -279.464 -122.319 795.651
vn -0.333153 -0.419975 0.844174
v -279.595 -122.444 795.55
vn 0.843844 -0.414966 -0.340191
v -279.546 -122.435 795.587
vn 0.265369 0.955036 0.132231
v -279.641 -122.24 795.365
vn -0.29031 0.917727 0.271105
v -280.003 -122.34 795.07
vn -0.230992 -0.383649 0.894123
v -280.094 -122.527 795.327
vn -0.0948355 -0.804774 0.585957
v -282.388 -125.4 793.678
vn -0.421179 0.666572 -0.615053
v -275.493 -131.973 734.175
vn -0.496619 0.609521 -0.617943
v -276.195 -132.488 734.22
vn 0.468349 0.744196 -0.476258
v -274.937 -130.93 735.897
vn 0.656782 0.635784 -0.405482
v -274.954 -130.667 736.268
vn -0.37647 0.76094 -0.528433
v -275.433 -131.265 734.982
vn 0.5835 0.707403 -0.398884
v -274.763 -130.695 736.491
vn -0.98979 -0.134368 0.0475527
v -276.429 -133.6 734.268
vn -0.245101 0.831495 -0.498539
v -275.905 -131.057 735.709
vn 0.628813 0.663875 -0.404801
v -274.434 -130.219 738.003
vn 0.738021 0.529862 -0.417817
v -274.576 -129.574 738.691
vn 0.0819326 0.836498 -0.54181
v -275.17 -129.091 738.573
vn -0.124742 0.844503 -0.520821
v -275.587 -129.278 738.405
vn 0.613505 0.592219 -0.522387
v -274.672 -128.447 739.796
vn -0.862949 0.415917 -0.286936
v -275.973 -129.723 738.488
vn -0.958999 0.25152 -0.13061
v -276.303 -130.375 738.707
vn -0.998129 0.00949953 -0.0604001
v -276.251 -129.651 740.184
vn -0.967347 0.210236 -0.141566
v -276.194 -129.366 739.849
vn 0.795251 0.346633 -0.497414
v -273.879 -127.202 742.106
vn 0.76762 0.373767 -0.520632
v -273.647 -127.446 742.528
vn 0.754937 0.351134 -0.553873
v -273.388 -126.892 743.05
vn -0.565174 -0.589543 0.577076
v -275.949 -130.811 740.25
vn -0.441709 -0.682029 0.582863
v -276.142 -129.389 741.715
vn 0.0466009 -0.81234 0.581319
v -275.034 -129.22 743.071
vn -0.308139 -0.603052 0.735784
v -274.205 -127.566 744.61
vn -0.141225 -0.769122 0.623303
v -275.35 -128.452 744.061
vn 0.29613 -0.678304 0.672467
v -274.756 -127.946 744.732
vn 0.357325 -0.651388 0.669337
v -274.677 -126.809 745.395
vn -0.280073 -0.752377 0.596228
v -274.228 -126.249 746.105
vn 0.674956 -0.468778 0.569808
v -274.903 -126.873 745.611
vn 0.229764 0.869308 -0.437622
v -269.924 -119.978 753.884
vn 0.0218616 -0.942031 0.334813
v -273.833 -124.1 750.048
vn -0.161705 -0.7819 0.602067
v -272.211 -123.448 752.342
vn -0.336636 -0.633572 0.696608
v -271.77 -123.079 752.938
vn -0.0692683 -0.756509 0.650304
v -272.789 -122.819 753.013
vn -0.111301 -0.846897 0.519979
v -271.279 -122.183 754.098
vn 0.327023 -0.943586 0.0519836
v -272.398 -122.605 754.441
vn -0.0976569 -0.871977 0.479707
v -272.174 -122.093 754.076
vn 0.84699 -0.497914 -0.186254
v -272.318 -122.419 754.332
vn 0.0512462 0.961869 -0.268667
v -269.093 -117.081 759.878
vn 0.166706 -0.94647 0.27641
v -271.427 -121.24 757.145
vn 0.392915 -0.896414 0.205083
v -273.418 -122.023 757.234
vn 0.467645 -0.871636 0.14683
v -273.718 -121.212 761.157
vn -0.1745 -0.945622 0.274498
v -272.086 -120.033 762.352
vn 0.177383 -0.971818 0.155257
v -272.274 -120.035 761.963
vn 0.504661 -0.852836 0.134116
v -272.656 -120.091 762.467
vn 0.283465 -0.945237 0.161785
v -274.264 -121.083 762.969
vn 0.539249 -0.842062 0.0119452
v -273.438 -120.803 763.407
vn 0.679838 -0.732849 0.0274317
v -273.311 -120.673 763.824
vn 0.050927 -0.922879 0.381707
v -272.347 -119.444 763.812
vn 0.926855 -0.371382 0.0549088
v -272.455 -119.485 764.244
vn -0.134726 -0.925555 0.353832
v -272.356 -119.09 764.718
vn -0.0319994 0.0144306 0.999384
v -272.529 -118.667 764.706
vn -0.85985 -0.0328787 0.509487
v -272.46 -118.545 764.851
vn -0.733765 0.617397 0.283566
v -271.465 -117.601 766.707
vn -0.6233 0.775773 0.0983564
v -271.157 -117.159 766.36
vn -0.471211 0.880936 0.0437119
v -269.483 -116.05 767.283
vn 0.150908 -0.986274 0.0670056
v -273.908 -120.944 763.544
vn 0.865087 -0.477684 0.153112
v -274.564 -121.306 763.965
vn 0.356806 -0.933695 0.030034
v -273.622 -120.947 763.997
vn 0.698963 -0.713615 0.0469524
v -272.335 -119.607 767.155
vn 0.63294 0.773087 -0.041505
v -272.698 -118.439 767.541
vn 0.782156 -0.61348 0.108971
v -274.498 -120.978 765.239
vn -0.132546 -0.982663 0.129636
v -274.334 -120.645 766.054
vn -0.471583 -0.825244 0.310776
v -274.46 -120.486 766.605
vn 0.588009 0.797979 0.132193
v -272.81 -118.431 771.685
vn 0.615187 -0.787032 0.0461067
v -273.353 -120.168 771.179
vn 0.825253 0.498147 0.266097
v -272.903 -119.042 773.401
vn -0.664802 -0.618612 0.418758
v -273.154 -119.018 773.433
vn 0.0544477 -0.352462 -0.934241
v -273.073 -118.886 773.56
vn -0.0286749 0.178919 0.983446
v -273.175 -118.739 773.381
vn 0.0544477 -0.352462 -0.934241
v -273.206 -118.745 773.499
vn 0.625767 0.724329 0.28942
v -273.159 -118.525 772.919
vn 0.320641 0.87195 0.369991
v -273.401 -118.443 773.127
vn -0.754534 -0.564443 0.334788
v -273.712 -118.473 773.226
vn 0.0544477 -0.352462 -0.934241
v -273.282 -118.829 773.526
vn -0.414515 -0.851579 0.320922
v -278.615 -122.833 777.823
vn -0.0892545 -0.940427 0.328071
v -278.606 -122.266 779.451
vn -0.509433 -0.773534 0.376991
v -278.734 -122.154 779.736
vn 0.700099 -0.683881 -0.205348
v -281.094 -123.702 785.447
vn 0.45265 -0.884637 -0.111918
v -281.202 -124.595 789.635
vn 0.680508 0.720833 -0.131564
v -279.709 -122.018 790.699
vn 0.107076 0.9883 0.108615
v -281.091 -122.074 793.171
vn 0.0932024 0.990742 0.0987122
v -281.249 -122.201 795.104
vn -0.316766 -0.410399 0.855121
v -281.898 -122.572 794.963
vn 0.101579 0.993266 0.0557078
v -280.666 -122.243 795.402
vn -0.113807 -0.747277 0.654695
v -280.791 -122.409 795.341
vn 0.0528303 -0.998467 -0.016513
v -283.959 -125.624 792.773
vn -0.295332 -0.295632 0.908505
v -282.583 -125.285 793.805
vn -0.448194 -0.447556 0.773832
v -283.583 -125.36 793.266
vn 0.399375 0.703098 -0.588348
v -275.204 -128.13 739.813
vn -0.541444 0.597937 -0.591025
v -275.725 -128.421 739.879
vn -0.762563 0.438123 -0.475968
v -276.045 -128.522 740.138
vn -0.941171 0.209459 -0.265188
v -276.137 -128.612 740.292
vn -0.880625 0.239756 -0.408678
v -276.318 -127.591 741.247
vn 0.0555273 0.753856 -0.654689
v -275.084 -127.011 741.104
vn -0.561302 0.553568 -0.615225
v -276.256 -127.021 741.594
vn -0.0519124 0.738916 -0.671795
v -275.455 -125.503 742.944
vn -0.972992 -0.00399381 -0.230803
v -276.366 -128.719 740.872
vn -0.873951 -0.46857 0.129042
v -276.792 -127.826 742.121
vn -0.500874 -0.691942 0.519944
v -276.633 -128.077 742.917
vn 0.258425 0.815 -0.518644
v -273.926 -123.742 745.822
vn -0.607522 -0.661565 0.439601
v -276.056 -126.312 745.777
vn -0.0812936 -0.668341 0.739399
v -276.063 -125.806 746.522
vn 0.132818 -0.86531 0.483319
v -274.628 -125.563 746.919
vn 0.0901893 -0.851736 0.516151
v -275.161 -125.397 747.411
vn -0.179517 0.891252 -0.416466
v -273.827 -121.566 749.833
vn 0.174378 0.859969 -0.47963
v -271.495 -119.9 752.92
vn -0.180391 -0.922003 0.342593
v -275.348 -124.603 749.03
vn -0.29756 0.900307 -0.317656
v -272.912 -119.8 753.743
vn -0.091793 0.926347 -0.365315
v -270.955 -118.582 755.46
vn 0.267077 -0.906289 0.327584
v -274.685 -123.93 750.966
vn -0.302946 -0.92893 0.212871
v -275.377 -123.759 752.361
vn 0.247852 -0.90026 0.357913
v -275.011 -123.637 752.144
vn -0.373152 0.913911 -0.159763
v -271.439 -117.888 758.406
vn 0.419679 -0.880062 0.222174
v -275.722 -122.86 756.564
vn -0.390294 0.915434 -0.098235
v -273.588 -118.858 759.875
vn -0.459079 0.885449 -0.0722919
v -271.748 -117.515 762.351
vn -0.879844 -0.424031 0.214644
v -275.895 -122.648 757.727
vn 0.205338 -0.962154 0.179154
v -275.558 -122.414 759.487
vn -0.591624 0.806023 0.017547
v -271.866 -117.611 763.801
vn -0.903202 -0.366851 0.222816
v -275.659 -122.188 759.601
vn -0.766738 0.432338 0.474548
v -272.718 -118.499 764.335
vn -0.0319994 0.0144306 0.999384
v -272.81 -118.69 764.698
vn -0.136972 0.978981 0.151114
v -272.994 -118.504 763.885
vn -0.604038 0.648914 0.462655
v -272.899 -118.6 764.241
vn 0.253772 0.966047 0.0485078
v -272.942 -118.612 764.389
vn 0.388765 0.919045 -0.0649427
v -272.979 -118.591 764.639
vn -0.836721 0.382004 0.392391
v -272.743 -118.146 763.981
vn -0.707341 0.693836 0.135131
v -273.039 -118.347 763.432
vn -0.511127 0.856301 0.0741461
v -273.2 -118.53 763.47
vn 0.0442722 0.998585 -0.029479
v -273.314 -118.552 763.909
vn 0.171084 -0.972187 0.159943
v -274.984 -121.528 762.635
vn -0.203597 -0.94727 0.247442
v -275.034 -121.437 763.208
vn -0.85453 -0.470988 0.218971
v -275.145 -121.374 762.751
vn -0.838873 -0.50415 0.205245
v -274.727 -119.444 766.958
vn 0.248077 0.967762 -0.0435262
v -273.766 -117.982 768.128
vn -0.855479 -0.425764 0.294755
v -275.188 -118.034 769.597
vn 0.144111 0.988325 -0.0494505
v -275.079 -117.801 769.982
vn 0.208465 0.967244 0.144849
v -274.323 -117.95 771.987
vn -0.814512 -0.534461 0.22566
v -274.613 -118.104 771.52
vn 0.918267 0.249776 -0.307243
v -279.887 -123.331 770.912
vn 0.964484 -0.00434829 -0.264105
v -279.641 -123.432 771.811
vn 0.176027 -0.974475 0.139332
v -279.606 -123.159 772.774
vn 0.86033 0.451375 -0.236839
v -279.505 -122.994 772.853
vn 0.940399 0.276688 -0.19772
v -279.421 -121.207 776.843
vn 0.247754 0.911025 -0.329623
v -278.675 -121.464 780.882
vn 0.247754 0.911025 -0.329623
v -278.685 -121.461 780.884
vn 0.247754 0.911025 -0.329623
v -278.675 -121.461 780.891
vn 0.208291 0.899255 -0.384649
v -278.661 -121.008 781.347
vn -0.664076 -0.576339 0.476274
v -278.947 -121.187 780.768
vn 0.995149 -0.0744359 -0.0643188
v -278.503 -119.42 781.839
vn 0.971623 -0.138879 -0.191469
v -278.526 -119.25 781.388
vn 0.597235 0.663874 0.450092
v -278.66 -119.303 781.797
vn -0.807937 0.400328 0.432406
v -279.073 -119.569 781.379
vn 0.208291 0.899255 -0.384649
v -278.74 -120.98 781.37
vn 0.208291 0.899255 -0.384649
v -278.652 -120.974 781.432
vn 0.510195 -0.697462 0.503237
v -278.669 -120.839 781.493
vn 0.996513 -0.0643364 -0.0531314
v -278.562 -120.417 781.935
vn -0.798327 -0.349372 0.490523
v -278.722 -120.359 781.979
vn 0.996806 -0.0534732 0.0593196
v -278.558 -119.894 782.338
vn 0.888908 0.389474 -0.241148
v -281.019 -122.345 784.61
vn 0.500409 -0.846862 -0.180045
v -282.544 -124.296 784.156
vn 0.245233 -0.96946 0.00271074
v -284.572 -125.563 787.13
vn 0.233294 0.971757 0.0355374
v -281.604 -121.284 790.093
vn 0.222412 0.969898 0.0991545
v -282.62 -121.626 792.217
vn -0.0844328 0.984089 0.156334
v -283.149 -121.684 792.007
vn 0.051315 0.982212 0.180628
v -281.854 -121.949 793.518
vn 0.0015199 0.627133 0.778911
v -283.077 -122.074 795.006
vn -0.134926 -0.615573 0.776443
v -283.409 -122.182 794.906
vn -0.338412 0.892242 0.298969
v -283.287 -121.97 794.922
vn -0.338412 0.892242 0.298969
v -284.005 -122.139 794.615
vn 0.411142 0.659707 0.629086
v -283.968 -122.267 794.725
vn 0.411142 0.659707 0.629086
v -284.297 -122.062 794.725
vn -0.391919 0.644896 -0.656132
v -276.724 -125.952 742.973
vn -0.342196 0.622206 -0.704104
v -276.579 -125.632 743.179
vn -0.232468 0.622069 -0.747656
v -276.417 -125.128 743.498
vn -0.817184 -0.564575 0.116041
v -277.538 -126.422 743.694
vn -0.487844 -0.715364 0.500262
v -277.558 -126.211 744.585
vn -0.975203 0.0530702 -0.214857
v -277.588 -125.475 743.907
vn -0.994341 0.0966546 -0.0440939
v -277.611 -125.168 744.32
vn -0.987469 -0.140537 0.0717899
v -277.541 -125.34 745.409
vn -0.650962 -0.64887 0.393975
v -277.347 -125.168 746.374
vn -0.692635 -0.644798 0.323254
v -277.333 -124.383 748.085
vn -0.210186 -0.937095 0.278701
v -277.111 -123.911 750.069
vn -0.918667 -0.345881 0.190833
v -277.022 -123.396 751.617
vn -0.145387 0.96477 -0.219274
v -275.17 -120.655 753.573
vn -0.45327 0.882318 -0.126731
v -274.25 -119.923 755.701
vn -0.883817 -0.415361 0.215274
v -276.402 -123.033 754.964
vn 0.221754 0.971308 -0.0859377
v -275.606 -117.656 768.129
vn -0.944753 0.124404 0.303258
v -275.922 -117.909 767.401
vn 0.987761 0.0218099 -0.154441
v -281.801 -124.191 765.751
vn 0.939039 -0.118485 -0.322749
v -280.362 -123.641 769.64
vn 0.163965 -0.982801 0.0849594
v -281.576 -123.788 770.858
vn 0.836629 0.465631 -0.288512
v -280.607 -122.092 771.673
vn 0.724382 -0.685198 -0.0759881
v -278.355 -117.592 775.02
vn 0.740944 -0.668417 -0.0649699
v -278.326 -117.582 775.308
vn 0.743555 -0.661559 -0.0972921
v -278.583 -117.9 775.492
vn 0.165441 0.982925 -0.0805454
v -278.524 -117.445 776.566
vn 0.823282 -0.518162 0.231766
v -278.269 -117.983 778.554
vn 0.827631 -0.560907 -0.0202383
v -278.434 -118.212 778.584
vn 0.759353 -0.479332 0.440026
v -278.381 -118.056 778.703
vn 0.793459 -0.455999 0.403099
v -278.219 -117.825 778.673
vn 0.905424 -0.424412 -0.00908232
v -278.172 -117.829 778.965
vn 0.809816 -0.586551 0.0124579
v -277.863 -117.436 778.033
vn 0.673571 -0.390032 0.627835
v -278.402 -117.87 778.84
vn -0.538636 -0.739064 0.404544
v -281.609 -121.812 774.896
vn -0.0646789 0.571067 0.818352
v -278.725 -118.101 778.976
vn 0.960497 0.087512 -0.264173
v -278.295 -118.093 779.004
vn 0.768986 -0.639093 0.0148541
v -278.281 -118.07 779.289
vn 0.944054 -0.225616 -0.240541
v -283.451 -123.305 776.714
vn -0.881475 0.150111 0.447737
v -279.867 -119.941 780.063
vn 0.589282 -0.800736 -0.107554
v -284.306 -124.156 777.529
vn 0.526417 -0.843815 -0.104221
v -285.498 -125.218 780.377
vn -0.144043 -0.963133 0.227216
v -286.703 -125.469 790.235
vn -0.0572947 0.997981 0.0274214
v -285.476 -122.023 792.906
vn -0.338412 0.892242 0.298969
v -284.553 -121.987 793.541
vn -0.522346 -0.579076 0.62596
v -286.572 -125.08 791.11
vn -0.496685 -0.571057 0.653604
v -287.044 -124.781 790.787
vn -0.457192 -0.540217 0.706499
v -285.707 -124.355 792.328
vn -0.514597 -0.612614 0.599911
v -286.833 -123.458 792.442
vn -0.438638 -0.436923 0.785299
v -286.149 -123.075 793.182
vn -0.596395 0.775331 0.207786
v -286.228 -122.729 792.552
vn -0.822834 0.175051 0.54065
v -286.218 -122.868 793.011
vn -0.383412 0.914356 0.130186
v -286.511 -122.859 792.557
vn -0.513848 -0.460919 0.723542
v -286.659 -123.121 792.928
vn -0.287078 0.95323 0.0945443
v -286.584 -122.93 792.997
vn -0.796567 0.18214 -0.57646
v -284.424 -122.146 794.858
vn -0.047232 -0.82678 0.560539
v -284.701 -122.179 794.794
vn -0.41238 -0.522495 0.746285
v -285.147 -122.553 794.205
vn -0.105683 0.967939 0.227871
v -284.85 -122.09 794.605
vn -0.602291 -0.234117 0.763174
v -285.423 -122.493 794.006
vn -0.588561 -0.279874 0.758463
v -285.61 -122.57 793.84
vn -0.796567 0.18214 -0.57646
v -284.351 -122.079 794.778
vn -0.796567 0.18214 -0.57646
v -284.427 -122.12 794.871
vn -0.968601 -0.133729 -0.209589
v -277.656 -124.225 745.587
vn -0.152086 0.773223 -0.615626
v -277.399 -123.975 744.839
vn -0.895191 -0.22782 -0.383054
v -278.023 -123.484 746.003
vn 0.0739557 0.895003 -0.439886
v -277.405 -123.463 745.894
vn 0.735299 0.39469 -0.550958
v -278.201 -123.066 746.636
vn 0.735299 0.39469 -0.550958
v -278.246 -123.016 746.612
vn 0.735299 0.39469 -0.550958
v -278.225 -122.976 746.668
vn 0.81722 0.404459 -0.410566
v -278.349 -122.673 747.274
vn -0.462377 -0.72643 0.508435
v -278.149 -122.609 747.712
vn 0.81722 0.404459 -0.410566
v -278.359 -122.661 747.268
vn 0.81722 0.404459 -0.410566
v -278.356 -122.655 747.28
vn -0.00779887 0.908424 -0.417978
v -278.321 -122.517 747.641
vn -0.410581 -0.725855 0.551868
v -278.1 -122.504 747.887
vn 0.85111 0.394086 -0.346853
v -278.178 -122.312 748.373
vn 0.85111 0.394086 -0.346853
v -278.234 -122.232 748.326
vn 0.85111 0.394086 -0.346853
v -278.219 -122.192 748.411
vn -0.650824 -0.69896 0.29645
v -277.984 -121.885 749.706
vn 0.0451921 0.939746 -0.338874
v -277.95 -121.597 749.7
vn -0.485854 -0.817419 0.309472
v -278.16 -121.778 749.709
vn 0.115071 0.964256 -0.238682
v -278.002 -121.585 749.722
vn -0.556306 -0.76525 0.323908
v -277.966 -121.805 749.929
vn -0.594915 -0.739806 0.314266
v -277.946 -121.719 750.163
vn 0.489933 -0.494241 -0.718116
v -278.193 -121.761 749.713
vn -0.411207 -0.659837 -0.628907
v -278.14 -121.697 749.929
vn 0.059638 0.956467 -0.285681
v -278.005 -121.522 749.976
vn 0.0424194 -0.682274 -0.729865
v -278.129 -121.643 750.082
vn -0.712637 -0.61773 0.332502
v -278.083 -121.519 750.341
vn -0.592884 -0.745454 0.304609
v -278.046 -121.292 751.032
vn 0.943487 0.329836 0.0322714
v -278.182 -121.232 751.058
vn 0.0896862 0.936781 -0.338228
v -276.532 -120.766 752.145
vn 0.988166 0.0602292 -0.141072
v -278.122 -121.012 751.743
vn -0.906196 -0.367131 0.209818
v -277.121 -120.554 754.424
vn 0.0357995 0.947874 -0.316628
v -277.717 -120.107 754.027
vn 0.828172 0.533762 -0.170967
v -277.989 -120.315 753.786
vn -0.435557 -0.781012 0.447561
v -277.871 -120.231 754.257
vn -0.859642 0.306002 -0.409119
v -277.911 -119.91 754.582
vn 0.342873 -0.653233 -0.675073
v -277.938 -120.054 754.751
vn -0.315143 -0.904552 0.287176
v -277.851 -120.063 754.804
vn -0.287061 0.844967 -0.451251
v -276.907 -119.806 755.089
vn -0.720211 -0.652377 0.236008
v -277.011 -119.809 756.75
vn 0.232568 0.959256 -0.160439
v -277.016 -119.508 756.712
vn -0.38855 -0.873346 0.293762
v -277.377 -119.673 756.529
vn 0.923975 0.15354 -0.35028
v -277.41 -119.386 756.567
vn -0.204165 0.456878 0.865783
v -277.589 -119.53 756.836
vn 0.938027 0.344839 0.0345137
v -277.603 -119.524 756.839
vn 0.271761 -0.710628 -0.648964
v -277.588 -119.525 756.848
vn 0.019476 0.967205 -0.253248
v -277.839 -119.666 755.552
vn 0.938027 0.344839 0.0345137
v -277.664 -119.342 756.688
vn 0.0206941 -0.266984 0.963479
v -277.784 -119.438 756.866
vn 0.938027 0.344839 0.0345137
v -277.684 -119.31 756.9
vn 0.14674 0.97469 -0.168659
v -276.976 -119.514 756.736
vn -0.789474 -0.581219 0.197268
v -277.003 -119.737 756.987
vn 0.174327 0.964812 -0.196846
v -276.999 -119.461 757.013
vn -0.687315 -0.704529 0.17674
v -276.998 -119.687 757.154
vn 0.0576698 0.977577 -0.202529
v -276.835 -119.345 757.71
vn -0.0197741 -0.761677 -0.647655
v -277.101 -119.473 757.728
vn -0.411236 -0.659804 -0.628922
v -277.175 -119.627 756.985
vn 0.198567 0.966546 -0.162355
v -277.036 -119.459 756.989
vn 0.271761 -0.710628 -0.648964
v -277.311 -119.567 757.01
vn -0.579432 -0.800316 0.154116
v -277.166 -119.554 757.219
vn 0.159656 0.970528 -0.180511
v -277.045 -119.388 757.284
vn -0.133306 -0.701015 -0.700576
v -277.076 -119.35 757.583
vn -0.133306 -0.701015 -0.700576
v -277.177 -119.442 757.694
vn 0.923975 0.15354 -0.35028
v -277.304 -119.407 756.838
vn -0.0195302 0.810355 -0.585614
v -277.245 -119.425 756.867
vn -0.148887 0.455536 -0.877679
v -277.259 -119.38 757.098
vn 0.603906 -0.382923 -0.699047
v -277.499 -119.376 757.251
vn -0.244256 -0.626775 -0.739927
v -277.335 -119.327 757.65
vn -0.567764 -0.740728 0.359117
v -277.336 -119.311 757.712
vn -0.934689 -0.26168 0.240582
v -277.625 -119.305 756.941
vn -0.934689 -0.26168 0.240582
v -277.561 -119.442 757.043
vn 0.603906 -0.382923 -0.699047
v -277.512 -119.336 757.218
vn 0.897531 0.300308 0.322884
v -277.699 -119.41 757.099
vn 0.603906 -0.382923 -0.699047
v -277.551 -119.385 757.211
vn 0.557537 -0.554169 -0.618101
v -277.773 -119.314 757.365
vn 0.897531 0.300308 0.322884
v -277.692 -119.299 756.979
vn 0.897531 0.300308 0.322884
v -277.739 -119.316 757.123
vn 0.557537 -0.554169 -0.618101
v -277.774 -119.299 757.351
vn 0.557537 -0.554169 -0.618101
v -277.789 -119.316 757.353
vn -0.909335 -0.345633 0.231619
v -277.031 -119.296 758.133
vn 0.831274 0.540481 -0.129864
v -277.093 -119.141 758.965
vn 0.940389 0.317034 -0.123117
v -277.157 -119.053 759.233
vn -0.718915 -0.669877 0.185545
v -277.001 -119.125 759.298
vn 0.831274 0.540481 -0.129864
v -277.142 -119.075 758.928
vn 0.831274 0.540481 -0.129864
v -277.142 -119.063 758.974
vn 0.940389 0.317034 -0.123117
v -277.167 -119.029 759.214
vn 0.940389 0.317034 -0.123117
v -277.166 -119.02 759.244
vn -0.934578 0.277241 0.222936
v -276.865 -118.585 762.049
vn -0.747718 -0.636651 0.188665
v -276.794 -118.437 762.165
vn -0.0258767 0.985205 -0.169413
v -276.897 -118.6 760.814
vn 0.968436 -0.111146 -0.223111
v -283.798 -125.989 758.449
vn 0.933118 -0.123142 -0.337826
v -282.305 -124.51 764.19
vn 0.933118 -0.123142 -0.337826
v -282.278 -124.183 764.147
vn 0.513441 -0.858113 0.00445583
v -282.053 -124.451 764.917
vn 0.884223 -0.133348 -0.447625
v -281.773 -124.258 765.167
vn 0.975845 3.57318e-005 -0.218464
v -281.826 -123.881 765.638
vn 0.944052 -0.178 -0.277637
v -279.409 -118.033 770.129
vn 0.446898 -0.889342 0.0967058
v -283.836 -125.331 765.098
vn 0.778312 -0.616177 -0.120652
v -280.536 -119.39 771.018
vn 0.388232 0.864515 -0.319201
v -278.739 -117.811 773.592
vn 0.336053 -0.43079 -0.837549
v -278.94 -118.01 773.615
vn -0.0774215 0.992938 -0.0898936
v -278.971 -117.752 773.469
vn 0.713956 -0.698528 -0.0482199
v -278.271 -117.495 774.863
vn 0.698975 -0.710518 -0.0812251
v -278.469 -117.605 774.146
vn 0.721834 -0.685863 -0.0924541
v -278.782 -117.907 774.039
vn 0.713597 -0.695949 -0.08022
v -278.732 -117.881 774.298
vn 0.218327 0.944145 -0.246827
v -278.75 -117.687 773.915
vn -0.56871 0.0943064 -0.817114
v -278.786 -117.61 774.366
vn 0.136282 -0.948377 0.286371
v -283.824 -124.153 768.898
vn 0.719835 -0.686551 -0.102397
v -278.549 -117.785 775.031
vn -0.411549 -0.659474 -0.629064
v -278.396 -117.558 775.011
vn -0.600853 0.343451 -0.721815
v -278.571 -117.579 775.146
vn 0.984835 0.166311 0.0493948
v -278.583 -117.544 774.893
vn -0.34139 0.934735 0.0986061
v -279.12 -117.716 776.286
vn 0.41096 -0.901376 0.136502
v -285.002 -124.203 770.719
vn 0.0672326 -0.844758 0.530908
v -282.665 -122.772 772.46
vn -0.133952 -0.81764 0.559931
v -282.924 -122.325 773.115
vn 0.377873 -0.889294 0.257621
v -283.502 -122.812 772.731
vn 0.305002 -0.536126 0.787111
v -283.476 -122.633 772.845
vn -0.368249 -0.2506 0.895317
v -283.262 -122.063 773.061
vn -0.282071 -0.222932 0.933133
v -283.533 -122.426 772.918
vn -0.333998 -0.119269 0.934997
v -283.689 -122.308 772.877
vn -0.250531 -0.853298 0.457294
v -282.029 -122.362 773.522
vn -0.546998 -0.600102 0.583671
v -282.31 -121.96 773.92
vn -0.765016 -0.352988 0.538655
v -282.78 -121.28 773.832
vn 0.893892 -0.442855 -0.0695389
v -284.187 -123.438 773.518
vn 0.692519 -0.387086 0.608755
v -283.828 -122.873 773.008
vn 0.526282 -0.830603 0.182006
v -284.023 -123.076 773.031
vn 0.952015 -0.284337 0.113222
v -284.052 -122.984 773.589
vn 0.983436 -0.0394158 -0.176918
v -283.954 -122.63 774.108
vn 0.455866 -0.206565 0.865747
v -283.711 -122.631 772.953
vn 0.0188132 0.422718 0.906066
v -283.828 -122.448 772.973
vn 0.606941 -0.11285 0.786694
v -283.924 -122.522 773.132
vn 0.947038 0.276317 0.163607
v -284.005 -122.545 773.416
vn 0.659082 0.725475 -0.198231
v -282.948 -121.606 779.372
vn 0.382742 0.918609 -0.0983115
v -283.13 -120.715 782.373
vn -0.0128354 0.999867 0.0100885
v -283.404 -120.72 782.875
vn -0.108123 0.969839 0.218452
v -283.951 -120.77 785.906
vn -0.349063 0.927082 0.136654
v -286.238 -122.31 786.714
vn 0.152571 0.987166 -0.0471652
v -286.584 -122.383 786.97
vn -0.360949 0.92318 0.132114
v -284.825 -121.648 788.275
vn 0.20862 0.975645 -0.067785
v -286.841 -122.134 788.513
vn -0.105797 -0.970825 0.215188
v -289.492 -125.833 787.132
vn -0.701667 0.699272 0.136684
v -288.04 -123.587 789.039
vn -0.168553 0.985121 0.0335636
v -286.716 -122.826 791.384
vn -0.729698 0.660009 0.178689
v -287.11 -122.836 790.062
vn -0.789514 0.595077 0.150171
v -287.197 -123.061 790.673
vn -0.483624 0.866165 0.125961
v -286.473 -122.794 791.827
vn -0.714042 0.664446 0.22058
v -286.19 -122.312 791.454
vn -0.134381 -0.940884 0.310931
v -288.147 -125.451 789.667
vn -0.722874 -0.510075 0.466129
v -288.947 -124.92 789.316
vn -0.767355 -0.36492 0.527256
v -287.05 -123.378 792.181
vn -0.134381 0.989941 0.0442493
v -286.846 -122.85 791.812
vn -0.836751 0.50236 0.217905
v -286.919 -122.955 791.97
vn -0.40698 -0.72997 0.5491
v -287.74 -123.838 791.525
vn -0.921152 0.240262 0.306192
v -287.986 -123.801 791.329
vn 0.489933 -0.494241 -0.718116
v -278.238 -121.593 749.566
vn -0.392707 -0.344007 -0.852901
v -278.23 -121.455 750.052
vn -0.689658 -0.686712 0.22978
v -278.299 -121.168 750.75
vn 0.943487 0.329836 0.0322714
v -278.202 -121.169 751.006
vn 0.943487 0.329836 0.0322714
v -278.208 -121.158 751.08
vn 0.988166 0.0602292 -0.141072
v -278.139 -120.922 751.659
vn 0.988166 0.0602292 -0.141072
v -278.119 -120.853 751.83
vn -0.506517 -0.809976 0.2956
v -278.116 -120.772 752.123
vn 0.828172 0.533762 -0.170967
v -278.038 -120.249 753.75
vn 0.828172 0.533762 -0.170967
v -278.038 -120.236 753.796
vn 0.342873 -0.653233 -0.675073
v -277.947 -119.913 754.61
vn 0.224487 0.227958 -0.947439
v -277.934 -119.837 754.839
vn -0.411195 -0.65978 -0.628974
v -278.064 -120.008 754.785
vn 0.601501 -0.794372 0.0846747
v -284.86 -126.766 758.903
vn 0.880611 -0.41197 -0.234105
v -280.673 -118.729 766.279
vn 0.920587 0.244377 -0.304629
v -282.91 -122.692 764.268
vn 0.920252 0.0896584 -0.380916
v -280.428 -118.385 766.89
vn 0.622082 0.754546 -0.208986
v -279.791 -117.661 770.338
vn 0.299028 -0.909922 0.287445
v -285.63 -125.531 766.163
vn -0.688087 0.676505 0.262445
v -282.598 -118.967 772.24
vn 0.493375 -0.866975 0.0702546
v -286 -124.61 769.572
vn -0.799262 0.448821 0.399674
v -284.711 -121.521 770.896
vn -0.689552 0.598984 0.407107
v -285.049 -121.896 770.874
vn 0.339689 0.931122 -0.132754
v -285.187 -121.918 771.561
vn -0.615161 0.435111 0.657461
v -283.915 -122.101 772.574
vn -0.809725 0.0894969 0.579944
v -283.833 -121.033 772.353
vn -0.863635 0.261554 0.430958
v -282.573 -120.046 774.31
vn 0.805179 0.588468 0.0734341
v -284.103 -122.359 773.364
vn 0.0429496 0.988863 0.142499
v -284.215 -122.251 773.083
vn 0.788248 0.601123 -0.131592
v -284.363 -121.956 773.671
vn 0.561884 0.803538 -0.196503
v -284.095 -121.318 777.276
vn 0.413946 0.896412 -0.15841
v -284.591 -121.063 776.894
vn 0.622632 -0.782367 -0.0152016
v -289.173 -127.257 771.563
vn 0.121242 0.983833 -0.131803
v -285.401 -120.639 778.689
vn 0.2384 -0.967623 0.0828942
v -291.493 -129.008 774.598
vn -0.427271 0.896939 0.113756
v -286.422 -121.213 780.596
vn 0.424485 -0.904894 0.0312882
v -290.568 -128.432 777.375
vn -0.335003 0.928787 0.158518
v -287.058 -121.854 782.724
vn -0.0507412 -0.97478 0.217321
v -290.73 -128.368 778.354
vn -0.890703 -0.396054 0.223135
v -291.488 -128.084 778.078
vn -0.311799 0.937852 0.152366
v -287.02 -122.003 783.723
vn 0.017794 0.999015 0.0406538
v -287.307 -122.264 784.708
vn -0.973996 0.146351 0.172957
v -290.993 -126.319 781.308
vn 0.340309 0.937196 -0.0765048
v -287.195 -122.211 785.601
vn -0.772837 0.611949 0.168053
v -289.628 -125.115 787.421
vn 0.80928 -0.477459 -0.342196
v -288.562 -130.449 744.974
vn 0.910071 -0.0953448 -0.403337
v -287.835 -130.006 746.223
vn 0.816096 -0.500497 -0.288946
v -288.104 -130.291 745.891
vn 0.865397 0.212252 -0.453913
v -287.915 -129.658 746.228
vn 0.653382 -0.753414 -0.0738896
v -289.068 -131.379 746.243
vn 0.824055 -0.548519 -0.141635
v -286.951 -129.568 748.365
vn 0.917298 0.130961 -0.376051
v -286.027 -128.158 750.53
vn 0.920188 0.231991 -0.315331
v -286.249 -126.147 751.95
vn 0.880832 -0.423498 -0.211623
v -283.635 -120.656 758.79
vn 0.874775 -0.434585 -0.214253
v -283.369 -120.417 759.36
vn 0.89839 -0.363023 -0.247204
v -283.018 -120.31 760.568
vn 0.912577 -0.319729 -0.254903
v -283.254 -120.449 759.914
vn 0.927784 0.0511227 -0.369599
v -282.939 -119.868 760.688
vn 0.932501 0.315763 -0.175316
v -283.32 -120.177 760.047
vn 0.426257 -0.892486 0.147562
v -289.037 -130.944 753.081
vn 0.911781 -0.349937 -0.214943
v -283.61 -121.867 761.316
vn 0.921963 0.0477034 -0.384328
v -281.921 -119.534 763.17
vn 0.829674 0.363636 -0.423568
v -281.721 -119.141 763.899
vn 0.10729 0.955515 -0.274736
v -282.805 -118.991 763.399
vn -0.392439 0.918563 0.0472692
v -282.386 -118.429 767.404
vn -0.371302 0.928128 0.0267202
v -282.372 -118.567 769.446
vn 0.483961 -0.866698 0.120899
v -291.65 -129.658 763.617
vn 0.42934 -0.90089 0.0637541
v -292.022 -129.978 764.513
vn 0.327605 -0.942618 0.0643877
v -292.247 -129.505 768.935
vn -0.803781 -0.580227 0.131426
v -292.607 -129.214 769.273
vn 0.590151 -0.806336 0.0392823
v -290.919 -128.742 770.127
vn 0.403721 -0.914423 0.028978
v -291.833 -129.342 771.038
vn -0.731466 -0.666702 0.143055
v -292.266 -129.37 770.734
vn -0.93684 0.313015 0.156055
v -291.151 -125.157 776.376
vn -0.943244 0.307129 0.126346
v -291.314 -125.475 776.359
vn -0.806705 0.57289 0.145001
v -289.437 -122.402 780.316
vn 0.16692 0.984024 -0.0619312
v -288.427 -122.123 781.93
vn 0.0570857 0.995549 -0.0749892
v -288.749 -122.07 781.744
vn -0.021477 0.996789 -0.0771437
v -288.736 -122.253 780.337
vn -0.325919 0.944035 0.0507499
v -287.993 -122.133 781.951
vn -0.873221 0.468635 0.133668
v -289.58 -123.045 781.719
vn 0.624094 -0.68194 0.381399
v -294.414 -139.558 729.064
vn 0.862179 -0.416282 -0.288714
v -294.352 -139.429 728.887
vn 0.862179 -0.416282 -0.288714
v -294.454 -139.56 728.773
vn 0.851153 -0.264648 -0.453322
v -294.509 -139.385 728.567
vn 0.537027 -0.69059 0.484445
v -294.587 -139.618 729.24
vn 0.537027 -0.69059 0.484445
v -294.462 -139.435 729.361
vn 0.850799 -0.145341 -0.504992
v -291.193 -131.993 741.599
vn 0.778353 0.199814 -0.595181
v -289.297 -129.128 743.714
vn 0.859802 -0.445854 -0.248908
v -292.838 -134.763 739.539
vn 0.717658 -0.693156 -0.0670922
v -292.958 -134.917 739.64
vn 0.806523 -0.556159 -0.20052
v -291.277 -133.52 742.302
vn 0.320751 -0.906295 0.275225
v -291.738 -133.903 742.052
vn 0.737557 -0.672188 0.0646006
v -290.589 -132.856 743.381
vn 0.365433 -0.815632 0.448557
v -290.839 -133.014 743.393
vn 0.596063 -0.792849 0.126884
v -290.969 -133.249 742.916
vn 0.862756 -0.450057 -0.230435
v -290.168 -132.238 743.731
vn 0.782174 -0.607899 -0.136611
v -289.753 -131.749 744.27
vn 0.589616 -0.745483 0.310817
v -290.159 -132.212 744.014
vn 0.616949 -0.775774 0.132473
v -289.98 -131.96 744.269
vn 0.556364 -0.814252 0.165687
v -290.225 -132.122 744.282
vn 0.874973 -0.0451959 -0.482058
v -288.518 -130.107 744.868
vn 0.151536 -0.936395 0.316545
v -291.936 -133.4 743.243
vn 0.630449 -0.773236 -0.0681157
v -290.817 -132.597 743.895
vn 0.945899 0.00977804 -0.324313
v -286.006 -123.228 753.499
vn 0.908845 0.121152 -0.399154
v -286.09 -123.047 753.364
vn 0.624932 0.570446 -0.532965
v -285.227 -121.235 756.304
vn 0.0562803 0.936258 -0.346776
v -284.353 -120.554 758.516
vn -0.277994 -0.944684 0.174044
v -291.247 -131.882 749.786
vn -0.13982 0.956607 -0.255642
v -284.811 -120.106 759.618
vn -0.661092 0.746748 0.072968
v -285.652 -120.643 758.505
vn -0.42529 0.894478 -0.137979
v -285.783 -120.327 760.167
vn -0.16082 0.972536 -0.168257
v -283.737 -119.087 763.252
vn -0.500498 0.865661 0.0115359
v -284.136 -119.114 764.815
vn -0.00601747 -0.993408 0.114478
v -292.368 -130.723 755.981
vn -0.690194 0.693732 0.205836
v -288.452 -122.884 764.913
vn -0.672835 0.728722 0.127502
v -286.723 -121.22 766.171
vn 0.387884 -0.919162 0.0684662
v -292.17 -130.205 760.079
vn 0.19922 -0.976266 0.0849508
v -293.017 -130.425 760.545
vn -0.932061 -0.356309 0.0656197
v -293.313 -129.969 761.214
vn 0.0710879 0.988959 -0.130023
v -288.604 -121.904 770.344
vn -0.533562 0.845393 0.0249533
v -289.425 -122.118 770.47
vn -0.564672 0.823015 0.0615691
v -288.989 -122.137 773.384
vn -0.176411 0.976352 -0.124962
v -288.794 -121.669 772.448
vn -0.648328 0.760289 0.0403963
v -291.48 -124.431 772.332
vn -0.899949 0.424655 0.0987938
v -292.013 -124.921 772.241
vn -0.841217 0.527646 0.118085
v -290.78 -123.342 773.912
vn -0.655531 0.746762 0.112362
v -288.671 -121.932 774.233
vn -0.979685 0.195813 -0.0432894
v -292.12 -126.166 772.027
vn -0.762027 0.646098 0.0432751
v -291.997 -126.065 772.426
vn -0.982838 0.0888087 0.161689
v -292.242 -126.196 772.456
vn -0.825863 0.550568 0.121759
v -291.436 -124.462 773.926
vn -0.813258 0.567074 0.130532
v -290.288 -122.846 775.296
vn -0.895765 0.425879 0.127402
v -290.568 -123.781 776.977
vn -0.546558 0.836963 0.0276974
v -289.633 -122.549 777.736
vn -0.82911 0.550559 0.0972672
v -289.863 -122.89 777.926
vn -0.412155 -0.910089 0.0432118
v -295.166 -139.361 729.985
vn 0.633995 -0.218489 0.741831
v -295.139 -139.121 730.033
vn 0.633624 0.710852 0.305302
v -295.039 -138.883 729.273
vn 0.863655 -0.378956 0.332404
v -295.304 -138.977 730.626
vn 0.923593 0.258054 -0.283522
v -295.397 -138.19 731.133
vn 0.743043 -0.572961 0.345835
v -295.364 -138.657 731.284
vn -0.515903 -0.817234 0.25685
v -296.179 -138.768 731.297
vn -0.674494 -0.627484 0.389001
v -296.459 -138.345 731.775
vn 0.77841 0.214049 -0.590136
v -294.858 -137.098 732.815
vn 0.0831707 -0.909517 0.40726
v -296.138 -137.955 732.989
vn 0.837561 -0.537292 -0.0990437
v -294.11 -135.992 737.207
vn 0.941152 -0.114118 -0.318136
v -292.751 -133.911 738.906
vn 0.544123 0.529937 -0.650458
v -288.837 -126.399 745.956
vn -0.700641 -0.538464 0.468144
v -294.32 -134.725 739.361
vn 0.908127 0.182629 -0.376764
v -287.378 -124.721 749.284
vn -0.0307375 -0.91248 0.407966
v -293.196 -134.074 741.514
vn -0.29066 -0.903171 0.315908
v -292.738 -132.835 744.129
vn -0.753759 0.643893 0.131338
v -288.501 -123.426 752.475
vn -0.398293 0.85887 -0.322034
v -288.626 -123.488 752.622
vn -0.498324 0.80702 -0.316848
v -288.955 -123.815 752.227
vn -0.552988 0.821866 -0.136895
v -289.086 -123.735 753.5
vn -0.623459 0.780881 -0.0390361
v -287.679 -122.673 753.692
vn -0.717543 0.683513 0.133945
v -287.728 -122.666 753.399
vn -0.81423 0.568647 0.116919
v -288.621 -123.354 753.751
vn -0.764287 0.639062 0.0864059
v -288.236 -122.672 754.374
vn -0.560774 0.761496 -0.325049
v -288.78 -123.291 753.152
vn -0.24928 0.841124 -0.479968
v -288.404 -122.802 753.666
vn -0.406999 0.863529 -0.297774
v -287.12 -121.928 755.089
vn -0.653822 0.756463 0.0167687
v -287.324 -121.994 755.61
vn -0.729109 0.684325 0.00994112
v -288.196 -122.838 754.839
vn 0.354637 0.810192 -0.466713
v -285.914 -121.468 756.044
vn 0.187868 0.835381 -0.51657
v -286.462 -121.566 755.87
vn -0.543194 0.83053 -0.123125
v -286.637 -121.458 755.87
vn 0.155293 0.884745 -0.439443
v -285.775 -121.049 757.104
vn 0.130021 0.902422 -0.410765
v -286.168 -120.918 757.223
vn -0.674793 0.737845 -0.0154562
v -289.292 -123.653 755.776
vn -0.639954 0.764974 -0.0726223
v -289.518 -123.804 754.491
vn -0.54063 0.830565 -0.133718
v -286.886 -121.419 757.264
vn -0.374969 0.909366 -0.180141
v -286.047 -120.881 758.377
vn -0.800157 0.564952 0.201439
v -286.225 -121.037 757.385
vn -0.386224 -0.901209 0.196607
v -292.886 -131.063 750.317
vn -0.418418 0.899523 -0.125637
v -290.165 -124.461 755.286
vn -0.501408 -0.861762 0.0771755
v -293.071 -130.51 753.257
vn -0.650938 0.758888 -0.0192072
v -287.102 -121.256 761.159
vn -0.988585 -0.150613 -0.00398611
v -293.582 -129.283 754.629
vn -0.54318 0.838929 0.0339701
v -288.919 -122.972 762.448
vn -0.0780772 0.988852 -0.12679
v -289.164 -123.1 761.153
vn -0.0527203 0.986498 -0.155057
v -289.781 -122.855 761.936
vn -0.518234 0.855191 -0.00902205
v -288.393 -122.642 762.713
vn -0.736702 -0.675821 0.0231432
v -293.348 -130.272 756.623
vn -0.524838 0.848663 0.0657031
v -288.861 -123.01 763.723
vn 0.312204 0.944652 -0.100809
v -289.176 -122.898 763.174
vn -0.988543 0.147299 0.0329503
v -293.517 -128.545 761.126
vn -0.947125 0.32055 0.0142299
v -292.575 -126.11 766.223
vn -0.487072 0.872463 0.0396163
v -291.512 -123.325 767.376
vn -0.7884 0.609837 0.0807711
v -291.792 -123.457 767.381
vn -0.968919 0.222509 0.108104
v -292.674 -126.318 768.415
vn -0.920434 0.390886 0.00314463
v -292.554 -126.017 768.657
vn -0.251433 0.965358 -0.0697533
v -292.138 -124.864 768.764
vn -0.670582 0.705167 -0.230349
v -292.289 -124.87 769.187
vn -0.921273 0.375971 0.0995118
v -291.919 -124.279 769.225
vn -0.507142 0.861761 0.0131877
v -291.862 -124.617 771.188
vn -0.585824 0.808724 0.0526895
v -290.656 -122.813 772.64
vn 0.175134 -0.727885 -0.662957
v -295.913 -138.556 727.286
vn 0.773425 0.502234 -0.38675
v -296.068 -138.095 727.338
vn 0.0243729 0.120023 -0.992472
v -296.148 -138.194 727.324
vn -0.482199 -0.820338 -0.307458
v -296.557 -138.527 727.925
vn 0.699649 -0.487418 -0.522412
v -296.231 -138.043 727.072
vn -0.54878 -0.272739 -0.790224
v -296.627 -138.35 727.71
vn -0.120348 -0.791016 -0.599842
v -296.523 -138.057 727.147
vn 0.104261 -0.228798 -0.967874
v -296.516 -137.776 726.978
vn -0.0363625 -0.416262 -0.908517
v -296.558 -137.825 726.985
vn -0.281218 0.494085 -0.822677
v -296.574 -137.766 727.006
vn -0.865137 -0.207664 -0.456523
v -297.219 -137.742 727.906
vn 0.814621 0.56732 -0.120583
v -295.977 -137.692 728.446
vn 0.747334 0.540914 -0.385882
v -296.546 -137.421 727.261
vn 0.723669 0.500079 -0.47563
v -296.516 -137.331 727.466
vn -0.229987 0.630561 -0.741282
v -296.673 -137.209 727.44
vn 0.863577 0.376621 -0.335249
v -296.589 -137.075 727.563
vn -0.584745 0.561104 -0.585863
v -296.729 -137.202 727.469
vn 0.0267155 0.773049 -0.633784
v -296.644 -136.837 727.985
vn 0.68434 0.609354 -0.400457
v -296.496 -136.824 728.091
vn 0.86817 0.48309 -0.113599
v -296.48 -136.725 728.396
vn -0.588156 -0.805395 -0.0735626
v -297.306 -138.423 729.324
vn -0.931956 -0.36125 -0.0309118
v -297.607 -138.086 729.569
vn 0.804087 0.404677 -0.435523
v -296.207 -136.972 731.021
vn 0.938833 0.0844995 -0.333846
v -294.539 -135.257 733.537
vn 0.633702 0.207664 -0.745183
v -294.748 -135.242 733.34
vn 0.700068 0.388529 -0.599124
v -295.096 -134.398 733.318
vn -0.595027 -0.708169 0.380053
v -296.674 -138.401 731.338
vn -0.719109 -0.636053 0.279854
v -297.346 -138.036 730.973
vn -0.472736 -0.726423 0.498829
v -296.414 -137.241 733.347
vn 0.814577 0.432829 -0.386165
v -294.795 -134.07 734.392
vn 0.275007 0.800392 -0.532677
v -294.471 -133.668 735.642
vn 0.392135 0.735977 -0.551877
v -294.213 -133.066 736.75
vn 0.849279 0.305073 -0.430878
v -294.279 -132.74 737.087
vn 0.956572 -0.0342546 -0.289475
v -294.223 -132.315 737.241
vn 0.54087 0.616853 -0.571798
v -294.535 -132.646 736.202
vn 0.854883 0.20485 -0.476668
v -293.472 -132.506 737.904
vn 0.695146 0.449816 -0.560748
v -293.884 -131.333 738.214
vn -0.823155 -0.445326 0.352278
v -296.855 -137.166 733.237
vn -0.679511 -0.576506 0.453768
v -296.1 -136.974 734.132
vn -0.644961 -0.582861 0.494265
v -295.97 -136.672 734.685
vn -0.418951 -0.734849 0.533364
v -296.463 -136.306 734.712
vn -0.869907 -0.180484 0.459007
v -296.146 -135.188 735.787
vn -0.825352 -0.379876 0.417718
v -295.236 -134.716 737.559
vn 0.390511 0.688685 -0.610913
v -293.589 -132.286 738.067
vn 0.378541 0.69732 -0.608647
v -293.829 -132.297 737.918
vn 0.377747 0.70068 -0.605272
v -293.545 -131.739 738.736
vn 0.615385 0.433768 -0.658139
v -293.313 -129.902 739.837
vn 0.694731 0.288074 -0.659061
v -292.465 -130.578 740.628
vn 0.778474 0.208171 -0.592151
v -292.695 -130.279 740.465
vn 0.300382 0.732474 -0.610944
v -291.918 -128.224 742.253
vn -0.378927 0.865475 -0.327671
v -292.762 -128.951 741.66
vn 0.141476 0.85517 -0.498667
v -289.8 -125.363 747.407
vn -0.960522 -0.15878 0.228442
v -294.173 -130.398 744.418
vn 0.2993 0.839657 -0.453207
v -292.12 -127.096 746.246
vn 0.421442 0.831845 -0.361138
v -291.981 -126.201 747.804
vn -0.378681 0.902397 -0.205621
v -291.28 -126.461 747.937
vn 0.379611 0.891157 -0.248463
v -291.602 -126.261 748.255
vn -0.660748 0.745078 -0.0909425
v -290.01 -125.011 750.354
vn -0.847681 0.495059 0.190667
v -289.452 -124.307 750.841
vn 0.158884 0.870045 -0.466666
v -288.476 -123.141 751.855
vn -0.791248 0.586768 0.172135
v -288.685 -123.342 751.871
vn -0.625733 0.775158 -0.0871137
v -292.109 -125.931 749.512
vn -0.57624 0.811069 -0.100573
v -292.407 -126.353 748.56
vn -0.617303 0.778483 -0.113586
v -289.472 -124.083 752.528
vn -0.996532 -0.0377736 0.0741379
v -293.477 -129.663 748.701
vn -0.987096 0.160126 0.000761434
v -293.04 -127.106 750.4
vn 0.0652594 0.967858 -0.242882
v -292.508 -126.027 750.511
vn -0.233099 0.953604 -0.190538
v -292.137 -125.901 751.09
vn 0.12513 0.956075 -0.265071
v -292.476 -125.751 751.471
vn -0.919611 0.391592 0.0311559
v -292.892 -126.137 751.513
vn 0.100063 0.965948 -0.238604
v -291.902 -125.558 752.484
vn -0.526477 0.841135 -0.123751
v -291.643 -125.338 753.038
vn -0.933084 0.341631 -0.112435
v -293.002 -128.113 751.431
vn -0.982686 0.185262 0.00230504
v -293.289 -127.272 751.691
vn 0.0856306 0.968726 -0.23289
v -292.197 -125.309 753.369
vn -0.780142 0.620789 -0.0774597
v -292.543 -125.454 753.43
vn -0.912085 0.406673 -0.0521329
v -292.606 -125.532 753.872
vn -0.391252 0.913586 -0.110824
v -292.546 -125.383 753.993
vn -0.866435 0.492066 -0.0846216
v -292.726 -125.799 753.912
vn -0.910029 0.409501 -0.0644655
v -292.609 -125.496 754.153
vn -0.111319 0.969265 -0.219395
v -290.586 -124.214 756.191
vn -0.967983 0.247262 -0.04325
v -293.24 -127.702 754.654
vn -0.99949 0.0290906 0.0131492
v -293.121 -126.977 754.859
vn -0.813582 0.570693 -0.111329
v -292.884 -125.797 754.648
vn -0.0705133 0.970708 -0.229683
v -291.946 -124.673 756.354
vn -0.162262 0.961355 -0.222414
v -291.565 -124.493 757.189
vn -0.33084 0.927698 -0.172978
v -290.924 -123.679 759.413
vn -0.231728 0.953506 -0.192686
v -291.643 -123.744 759.952
vn -0.616856 0.773056 -0.147896
v -292.026 -124.096 758.981
vn -0.829919 0.551098 -0.0867514
v -292.657 -124.767 759.78
vn -0.528379 0.847884 -0.0436801
v -292.08 -123.396 764.325
vn -0.894733 0.444542 0.0428324
v -292.269 -123.606 764.35
vn 0.545084 0.632877 -0.549864
v -296.639 -136.671 728.125
vn -0.404171 0.726531 -0.555696
v -296.863 -136.821 728.111
vn 0.804621 0.585345 -0.0997851
v -296.592 -136.528 728.449
vn 0.793396 0.571881 0.208504
v -297.058 -136.214 729.361
vn 0.86098 0.431419 -0.269428
v -296.979 -135.988 729.858
vn -0.332672 0.805319 -0.490704
v -297.319 -136.182 729.468
vn -0.927698 0.32151 -0.189755
v -297.778 -136.35 730.124
vn 0.721442 0.2785 -0.634002
v -296.565 -135.063 731.478
vn 0.774825 0.320901 -0.544673
v -296.956 -134.664 731.315
vn 0.184989 0.525008 -0.83075
v -296.811 -134.674 731.67
vn -0.137843 0.915534 -0.377885
v -297.089 -134.684 731.742
vn 0.719918 0.264575 -0.641653
v -296.473 -134.544 731.827
vn 0.643621 0.555064 -0.52693
v -296.255 -134.171 732.247
vn -0.828198 -0.355645 0.433134
v -297.667 -136.528 732.145
vn 0.711194 0.50438 -0.489698
v -295.718 -133.395 733.944
vn 0.601048 0.609785 -0.516627
v -295.824 -133.166 734.091
vn 0.652361 0.564953 -0.505226
v -295.123 -132.952 735.316
vn 0.790899 0.353546 -0.499484
v -295.095 -132.485 735.762
vn 0.103184 0.871473 -0.479466
v -295.201 -132.321 735.66
vn -0.0832272 0.883377 -0.461214
v -295.872 -132.719 734.927
vn 0.247444 0.791607 -0.558686
v -294.812 -131.225 737.754
vn -0.303617 0.880837 -0.363239
v -293.93 -130.052 739.762
vn -0.220351 0.888164 -0.403249
v -294.26 -129.874 740.428
vn -0.954183 0.00129072 0.299222
v -294.78 -130.668 740.01
vn -0.28639 0.883802 -0.369965
v -294.15 -129.261 741.621
vn -0.163903 0.906746 -0.388519
v -293.147 -128.024 743.801
vn -0.978766 0.197488 0.0549132
v -293.568 -127.563 745.819
vn -0.28679 0.938234 -0.193566
v -292.824 -126.641 747.863
vn -0.987946 0.109911 0.109002
v -293.184 -126.608 749.336
vn -0.0373726 0.963916 -0.263571
v -292.987 -125.995 750.472
vn -0.776339 -0.512003 0.367628
v -241.009 -139.347 733.992
vn -0.504602 0.415031 -0.757051
v -241.445 -139.571 732.603
vn -0.320325 -0.808776 -0.493228
v -241.445 -139.571 732.603
vn -0.893727 0.447281 -0.0345084
v -241.586 -139.572 732.696
vn -0.895308 0.30529 0.324379
v -241.586 -139.572 732.696
vn -0.320325 -0.808776 -0.493228
v -241.586 -139.572 732.696
vn 0.00897775 0.298399 -0.954399
v -241.384 -138.712 731.976
vn -0.320325 -0.808776 -0.493228
v -241.675 -139.034 731.872
vn 0.00897775 0.298399 -0.954399
v -241.675 -139.034 731.872
vn -0.965873 0.156251 0.206581
v -241.675 -139.034 731.872
vn -0.504602 0.415031 -0.757051
v -241.786 -139.98 732.607
vn -0.93881 0.307928 0.154323
v -241.786 -139.98 732.607
vn 0.431882 -0.778022 0.456245
v -241.786 -139.98 732.607
vn -0.730824 -0.376771 0.569157
v -241.712 -139.852 732.755
vn 0.522661 -0.819454 0.235201
v -241.712 -139.852 732.755
vn -0.846442 -0.498563 0.187006
v -241.029 -139.206 734.492
vn 0.990953 -0.122228 -0.0554249
v -239.349 -134.195 738.631
vn -0.837144 -0.494764 0.233233
v -240.883 -138.497 736.516
vn -0.462259 -0.813536 -0.35281
v -240.883 -138.497 736.516
vn -0.156557 -0.891812 0.424454
v -240.883 -138.497 736.516
vn -0.462259 -0.813536 -0.35281
v -241.004 -138.364 736.367
vn -0.276854 -0.859981 0.428702
v -241.315 -138.333 736.703
vn -0.80799 0.0490682 -0.587149
v -241.315 -138.333 736.703
vn -0.935505 -0.35304 0.0139009
v -241.315 -138.333 736.703
vn -0.927275 -0.372579 0.0366964
v -241.538 -137.703 737.701
vn 0.990936 -0.134319 0.00185672
v -239.137 -132.572 742.832
vn 0.871156 -0.475067 0.124088
v -239.137 -132.572 742.832
vn 0.071687 -0.694673 0.715745
v -238.897 -131.494 745.678
vn 0.107265 -0.802015 0.587593
v -238.545 -130.985 746.186
vn 0.832791 -0.545615 0.0936167
v -238.038 -130.013 747.311
vn 0.888322 0.233083 -0.395671
v -238.038 -130.013 747.311
vn 0.821146 -0.566966 0.0653341
v -237.519 -128.827 749.611
vn 0.941365 0.0420727 -0.334757
v -237.423 -128.703 749.478
vn -0.0740832 -0.820783 0.566416
v -237.212 -127.56 752.851
vn 0.41323 -0.609663 0.676426
v -237.212 -127.56 752.851
vn 0.526636 -0.825105 0.204587
v -236.174 -126.767 752.931
vn 0.808359 -0.587528 0.0369605
v -236.174 -126.767 752.931
vn 0.365897 -0.786335 0.497792
v -236.174 -126.767 752.931
vn 0.240795 -0.896627 0.371589
v -235.906 -126.086 754.267
vn 0.193176 -0.912054 0.361719
v -235.711 -124.956 757.089
vn 0.713637 0.674888 -0.187747
v -235.711 -124.956 757.089
vn 0.943775 -0.130924 0.30356
v -235.711 -124.956 757.089
vn 0.154324 -0.922081 0.354896
v -236.006 -124.586 758.166
vn 0.386165 0.737764 -0.553698
v -240.962 -137.035 732.807
vn 0.00897775 0.298399 -0.954399
v -241.242 -137.143 732.468
vn -0.970524 0.121746 0.207992
v -241.242 -137.143 732.468
vn 0.386165 0.737764 -0.553698
v -241.242 -137.143 732.468
vn -0.191545 0.907067 -0.374885
v -241.242 -137.143 732.468
vn 0.386165 0.737764 -0.553698
v -240.765 -136.613 733.507
vn -0.191545 0.907067 -0.374885
v -240.765 -136.613 733.507
vn -0.808152 0.233665 -0.54064
v -240.765 -136.613 733.507
vn 0.139622 0.897025 -0.419347
v -240.765 -136.613 733.507
vn 0.139622 0.897025 -0.419347
v -240.673 -136.342 734.117
vn 0.258319 -0.0392144 -0.965263
v -240.673 -136.342 734.117
vn -0.191545 0.907067 -0.374885
v -241.019 -136.487 733.942
vn 0.139622 0.897025 -0.419347
v -241.027 -136.332 734.02
vn 0.263491 -0.0331628 -0.964092
v -241.027 -136.332 734.02
vn -0.378735 0.128933 -0.91648
v -241.027 -136.332 734.02
vn -0.411088 -0.659792 -0.629031
v -240.962 -136.078 734.029
vn -0.378735 0.128933 -0.91648
v -240.962 -136.078 734.029
vn -0.378735 0.128933 -0.91648
v -241.133 -136.043 734.105
vn -0.888913 -0.429983 -0.157952
v -241.133 -136.043 734.105
vn 0.589256 0.495268 -0.638347
v -240.96 -135.762 734.015
vn 0.453891 -0.0430111 -0.890018
v -241.214 -135.785 733.886
vn -0.922143 -0.311636 -0.229207
v -241.214 -135.785 733.886
vn 0.334003 0.561313 -0.757211
v -241.214 -135.785 733.886
vn -0.219746 0.624291 -0.749649
v -241.214 -135.785 733.886
vn -0.088201 0.735171 -0.67212
v -241.152 -135.289 734.281
vn -0.00086445 0.755235 -0.655454
v -241.547 -135.045 734.6
vn -0.787647 0.535964 -0.303899
v -241.547 -135.045 734.6
vn 0.487511 0.668375 -0.56179
v -240.166 -134.072 736.811
vn -0.965005 0.222674 -0.138499
v -242.027 -135.169 736.316
vn 0.998693 -0.0363753 0.0359069
v -239.654 -133.391 738.623
vn 0.694804 0.58719 -0.415278
v -239.654 -133.391 738.623
vn 0.949308 -0.309262 -0.0563198
v -239.654 -133.391 738.623
vn 0.501065 0.69609 -0.514191
v -239.64 -133.371 738.275
vn 0.867702 0.34582 -0.357075
v -239.64 -133.371 738.275
vn 0.550131 0.591347 -0.58963
v -240.076 -133.177 737.403
vn 0.187803 0.815104 -0.548028
v -240.076 -133.177 737.403
vn -0.512232 -0.579281 -0.634075
v -242.131 -135.998 737.254
vn -0.994931 -0.0704581 0.0717436
v -242.131 -135.998 737.254
vn -0.961233 -0.219705 0.166618
v -241.72 -134.601 741.88
vn -0.804511 -0.519283 0.288283
v -241.72 -134.601 741.88
vn -0.965398 0.00696596 -0.260687
v -241.72 -134.601 741.88
vn -0.230732 -0.846642 0.479541
v -240.266 -133.091 744.433
vn 0.180708 -0.689428 0.701451
v -240.266 -133.091 744.433
vn 0.731761 -0.629871 0.260363
v -240.266 -133.091 744.433
vn 0.783035 -0.582386 0.218363
v -239.445 -131.452 745.862
vn 0.818878 -0.105162 0.564252
v -239.445 -131.452 745.862
vn 0.818878 -0.105162 0.564252
v -239.663 -131.639 746.143
vn 0.974475 -0.10862 -0.196468
v -239.612 -131.196 746.151
vn 0.169664 -0.752753 0.636064
v -239.612 -131.196 746.151
vn 0.672315 -0.740244 -0.00552397
v -239.612 -131.196 746.151
vn 0.735349 -0.673951 0.0710752
v -239.264 -130.884 746.551
vn 0.0362329 -0.945504 0.323587
v -240.275 -130.641 747.91
vn 0.732327 -0.660766 0.164574
v -240.554 -130.683 747.819
vn 0.732327 -0.660766 0.164574
v -240.658 -130.635 748.473
vn -0.68109 -0.697845 0.221651
v -240.658 -130.635 748.473
vn 0.0781337 -0.856598 0.510035
v -240.658 -130.635 748.473
vn 0.15055 -0.973422 0.172581
v -240.828 -130.787 747.471
vn 0.761643 -0.63388 0.134524
v -238.632 -129.434 749.068
vn 0.0142516 -0.850142 0.52636
v -239.663 -130.249 749.007
vn -0.587517 -0.548183 0.595247
v -239.663 -130.249 749.007
vn 0.130779 -0.894396 0.42773
v -239.873 -130.236 748.812
vn 0.198363 -0.860374 0.469476
v -240.312 -129.999 749.487
vn -0.544096 -0.540544 0.641695
v -238.735 -128.151 751.533
vn 0.298599 -0.802481 0.516587
v -237.518 -127.145 753.412
vn -0.580913 -0.506167 0.637444
v -237.518 -127.145 753.412
vn 0.972526 -0.0958788 0.212134
v -236.003 -124.366 758.251
vn -0.901847 -0.396077 0.172613
v -236.015 -123.727 760.728
vn -0.901847 -0.396077 0.172613
v -236.029 -123.69 760.739
vn -0.901847 -0.396077 0.172613
v -236.014 -123.718 760.757
vn -0.295622 -0.906067 0.302738
v -238.888 -124.698 761.714
vn 0.358992 -0.898651 0.252096
v -236.686 -122.112 765.099
vn 0.651488 0.755828 -0.0654747
v -236.686 -122.112 765.099
vn 0.958489 0.198337 0.204846
v -236.686 -122.112 765.099
vn 0.506575 0.408254 -0.759415
v -236.834 -122.187 765.487
vn -0.990573 -0.103636 -0.0895754
v -236.834 -122.187 765.487
vn -0.990573 -0.103636 -0.0895754
v -236.859 -122.013 765.564
vn -0.0173546 0.721424 0.692276
v -236.859 -122.013 765.564
vn -0.990573 -0.103636 -0.0895754
v -236.857 -122.156 765.713
vn -0.0173546 0.721424 0.692276
v -236.857 -122.156 765.713
vn 0.506575 0.408254 -0.759415
v -236.752 -122.056 765.611
vn -0.0173546 0.721424 0.692276
v -236.752 -122.056 765.611
vn -0.124998 -0.987239 0.0986622
v -238.748 -123.938 765.639
vn 0.958489 0.198337 0.204846
v -237.193 -122.061 767.422
vn 0.742002 0.655455 -0.140752
v -237.21 -121.981 767.98
vn 0.742002 0.655455 -0.140752
v -237.224 -121.966 767.979
vn 0.742002 0.655455 -0.140752
v -237.21 -121.98 767.985
vn 0.693955 0.707958 0.131233
v -237.452 -121.839 768.422
vn 0.762504 -0.603568 0.23301
v -237.452 -121.839 768.422
vn 0.974788 0.150215 0.164995
v -238.897 -122.558 771.285
vn 0.628208 -0.759247 0.169997
v -238.278 -121.871 772.067
vn -0.985179 -0.169175 0.0283334
v -238.385 -121.797 772.825
vn -0.985179 -0.169175 0.0283334
v -238.407 -121.661 772.884
vn -0.985179 -0.169175 0.0283334
v -238.387 -121.76 772.976
vn 0.845068 -0.49871 0.192738
v -239.896 -124.057 771.92
vn 0.312939 -0.866823 0.388185
v -239.896 -124.057 771.92
vn 0.210331 -0.883162 0.419268
v -240.108 -124.066 772.069
vn 0.105249 -0.889114 0.445419
v -240.294 -123.842 772.56
vn -0.529857 -0.848035 0.00939233
v -240.294 -123.842 772.56
vn 0.210331 -0.883162 0.419268
v -239.985 -123.77 772.631
vn 0.2528 -0.9599 -0.121175
v -239.985 -123.77 772.631
vn -0.631222 -0.773885 0.0515953
v -240.348 -123.976 773.505
vn 0.861473 -0.439275 0.254757
v -240.348 -123.976 773.505
vn -0.993981 0.109369 -0.00634534
v -239.277 -122.049 774.729
vn -0.993981 0.109369 -0.00634534
v -239.272 -121.999 774.759
vn -0.993981 0.109369 -0.00634534
v -239.275 -122.03 774.793
vn 0.705969 -0.668418 0.234147
v -239.614 -122.212 775.206
vn -0.669056 -0.48787 0.560667
v -240.496 -122.897 775.865
vn -0.321007 -0.437513 0.839962
v -240.029 -122.192 776.41
vn -0.554403 0.153069 0.818051
v -240.029 -122.192 776.41
vn 0.604767 -0.77114 0.198996
v -239.866 -121.978 776.481
vn 0.974788 0.150215 0.164995
v -239.866 -121.978 776.481
vn -0.554403 0.153069 0.818051
v -239.866 -121.978 776.481
vn 0.725377 -0.637167 0.260475
v -239.866 -121.978 776.481
vn -0.665592 0.715064 0.213709
v -239.866 -121.978 776.481
vn -0.0937649 0.986243 0.136138
v -239.866 -121.978 776.481
vn -0.677037 0.643262 -0.35754
v -241.054 -133.331 736.932
vn 0.813332 0.501221 -0.295412
v -240.094 -129.217 744.072
vn 0.462841 0.762647 -0.451827
v -240.094 -129.217 744.072
vn 0.231418 0.835696 -0.498054
v -238.853 -128.355 746.491
vn -0.900882 0.130096 -0.414109
v -242.034 -130.52 743.845
vn -0.97628 -0.104837 -0.189438
v -242.397 -131.663 745.283
vn 0.511068 -0.594017 0.621252
v -242.158 -131.171 746.836
vn -0.646872 -0.692683 0.318978
v -242.158 -131.171 746.836
vn 0.473098 0.855853 -0.20903
v -237.913 -121.89 760.713
vn 0.669381 0.556295 -0.492407
v -237.913 -121.89 760.713
vn -0.0429098 0.995989 0.0785199
v -238.638 -120.959 769.947
vn -0.554403 0.153069 0.818051
v -240.405 -122.349 776.185
vn -0.925993 0.248832 0.283936
v -240.405 -122.349 776.185
vn -0.640079 0.741229 0.202183
v -240.405 -122.349 776.185
vn -0.51427 0.662212 -0.544978
v -240.747 -128.041 745.491
vn -0.0697389 -0.851524 0.519657
v -242.196 -128.86 750.16
vn 0.656484 0.661629 -0.362321
v -240.744 -124.315 752.392
vn -0.00287282 0.931554 -0.363591
v -240.744 -124.315 752.392
vn -0.0867715 -0.850716 0.518413
v -241.473 -127.297 752.818
vn -0.562915 -0.809922 0.164783
v -241.473 -127.297 752.818
vn 0.174842 -0.76709 0.617255
v -241.473 -127.297 752.818
vn -0.597675 -0.741045 0.306001
v -241.473 -127.297 752.818
vn 0.216038 0.915805 -0.338568
v -239.632 -122.548 757.632
vn 0.0289708 0.950981 -0.30789
v -239.947 -122.344 757.436
vn -0.173984 0.983959 -0.0394246
v -238.554 -120.838 764.011
vn -0.739176 0.641379 0.205552
v -242.03 -122.349 770.887
vn -0.91282 0.0978726 -0.396461
v -243.489 -126.352 749.328
vn -0.850111 -0.500855 0.162655
v -243.489 -126.352 749.328
vn -0.453098 -0.82739 0.331855
v -244.324 -128.411 750.762
vn -0.957021 0.103757 -0.270825
v -244.324 -128.411 750.762
vn -0.148681 -0.869579 0.470878
v -244.324 -128.411 750.762
vn -0.828343 -0.44976 0.334011
v -244.324 -128.411 750.762
vn -0.828343 -0.44976 0.334011
v -244.219 -127.618 752.088
vn -0.413314 -0.444509 0.794722
v -244.219 -127.618 752.088
vn -0.830229 -0.503422 0.239344
v -244.13 -126.939 752.272
vn -0.164272 -0.833137 0.528108
v -244.037 -126.96 752.551
vn -0.413314 -0.444509 0.794722
v -244.037 -126.96 752.551
vn -0.871952 0.370702 0.319811
v -244.037 -126.96 752.551
vn -0.830229 -0.503422 0.239344
v -244.037 -126.96 752.551
vn -0.828343 -0.44976 0.334011
v -244.332 -127.338 752.186
vn -0.413314 -0.444509 0.794722
v -244.332 -127.338 752.186
vn -0.225778 -0.911984 0.342505
v -243.177 -124.616 756.526
vn -0.575379 0.79349 0.198275
v -242.57 -120.977 764.944
vn 0.137912 0.49957 0.855225
v -242.57 -120.977 764.944
vn 0.842011 0.46533 0.27292
v -242.57 -120.977 764.944
vn 0.137912 0.49957 0.855225
v -242.944 -121.078 765.063
vn 0.872758 -0.121384 0.472821
v -242.944 -121.078 765.063
vn 0.293182 -0.747552 0.595996
v -242.944 -121.078 765.063
vn -0.939868 -0.323375 0.109891
v -242.849 -121.813 765.454
vn -0.836102 -0.125931 0.533923
v -242.984 -121.511 764.908
vn 0.060104 0.661289 0.74772
v -242.82 -121.216 765.176
vn -0.89071 0.0839314 0.446756
v -242.82 -121.216 765.176
vn -0.645722 -0.688661 0.32983
v -243.161 -121.363 764.869
vn -0.417262 -0.272737 0.866895
v -243.161 -121.363 764.869
vn -0.873611 0.414383 0.255127
v -242.147 -120.867 766.865
vn -0.648889 0.315356 -0.692455
v -243.696 -125.143 750.103
vn -0.91282 0.0978726 -0.396461
v -243.696 -125.143 750.103
vn 0.920634 -0.0104959 0.390286
v -242.975 -120.993 758.317
vn -0.650614 0.584726 -0.484559
v -242.975 -120.993 758.317
vn -0.830229 -0.503422 0.239344
v -244.426 -124.535 756.303
vn -0.993541 0.0302822 -0.10936
v -244.426 -124.535 756.303
vn -0.562915 -0.809922 0.164783
v -244.426 -124.535 756.303
vn -0.0750053 -0.779111 0.622383
v -244.459 -124.299 757.349
vn -0.960464 -0.243698 0.134611
v -244.459 -124.299 757.349
vn -0.221903 -0.730392 0.645978
v -244.465 -123.859 757.845
vn -0.903735 -0.391906 0.17226
v -244.465 -123.859 757.845
vn -0.195965 -0.920736 0.337406
v -244.465 -123.859 757.845
vn 0.925985 0.0101444 0.377424
v -242.847 -120.396 764.808
vn 0.209684 0.315987 0.925302
v -242.847 -120.396 764.808
vn 0.816351 0.526069 0.238375
v -243.411 -120.076 766.184
vn 0.0716311 0.933006 -0.35266
v -243.954 -119.363 766.468
vn 0.82535 0.185088 0.533422
v -243.954 -119.363 766.468
vn 0.00949914 0.997907 -0.063967
v -243.954 -119.363 766.468
vn 0.919372 0.2296 0.319437
v -243.954 -119.363 766.468
vn 0.624677 0.780845 0.00772716
v -243.954 -119.363 766.468
vn 0.790217 -0.375718 0.484142
v -243.954 -119.363 766.468
vn -0.618827 0.628495 -0.471219
v -243.954 -119.363 766.468
vn 0.949443 -0.0161811 0.313522
v -243.954 -119.363 766.468
vn 0.779866 -0.397085 0.483873
v -244.21 -120.463 767.154
vn -0.616063 0.558097 -0.555872
v -244.568 -123.485 752.52
vn -0.756961 -0.613314 0.225514
v -244.568 -123.485 752.52
vn -0.981077 -0.127771 -0.145471
v -244.568 -123.485 752.52
vn -0.71768 0.43646 -0.542621
v -243.88 -121.535 755.343
vn -0.816386 -0.449426 0.362672
v -245.274 -121.875 755.021
vn -0.631336 -0.717587 0.294083
v -245.15 -121.925 755.077
vn -0.981956 -0.189073 0.00362341
v -245.183 -121.75 755.148
vn -0.710971 0.644909 0.28038
v -245.183 -121.75 755.148
vn -0.710971 0.644909 0.28038
v -245.049 -121.661 755.285
vn -0.930191 0.228741 -0.287093
v -245.049 -121.661 755.285
vn -0.710971 0.644909 0.28038
v -245.126 -121.805 755.42
vn -0.957317 -0.24546 0.152623
v -245.126 -121.805 755.42
vn -0.982457 0.138121 -0.125307
v -245.126 -121.805 755.42
vn -0.982457 0.138121 -0.125307
v -245.11 -121.576 755.554
vn -0.816386 -0.449426 0.362672
v -245.313 -121.825 754.994
vn -0.816386 -0.449426 0.362672
v -245.305 -121.805 755.037
vn -0.998255 0.0423728 0.0411304
v -245.033 -121.252 757.096
vn -0.145126 0.972675 -0.181224
v -245.033 -121.252 757.096
vn -0.71768 0.43646 -0.542621
v -245.033 -121.252 757.096
vn -0.882771 -0.467275 0.0486736
v -245.312 -121.035 757.027
vn -0.882771 -0.467275 0.0486736
v -245.332 -121.001 757.003
vn -0.882771 -0.467275 0.0486736
v -245.333 -120.994 757.034
vn -0.99658 -0.0682008 -0.0466586
v -245.394 -120.62 767.139
vn -0.731649 -0.646579 0.215929
v -245.394 -120.62 767.139
vn 0.103107 0.603057 -0.791006
v -245.216 -118.381 768.808
vn 0.600853 0.799233 -0.0142426
v -245.216 -118.381 768.808
vn 0.103107 0.603057 -0.791006
v -245.661 -118.364 768.763
vn -0.974481 -0.224365 -0.00687095
v -245.661 -118.364 768.763
vn 0.82535 0.185088 0.533422
v -245.661 -118.364 768.763
vn -0.600388 0.373267 0.707252
v -245.661 -118.364 768.763
vn 0.847105 -0.500641 0.178246
v -245.661 -118.364 768.763
vn -0.447851 0.161091 -0.879476
v -245.661 -118.364 768.763
vn -0.151984 -0.972946 0.174
v -245.513 -118.121 768.729
vn 0.360039 -0.0984085 0.927732
v -245.513 -118.121 768.729
vn -0.447851 0.161091 -0.879476
v -245.512 -118.124 768.731
vn 0.107224 0.994075 -0.0178353
v -245.512 -118.124 768.731
vn 0.107224 0.994075 -0.0178353
v -245.742 -118.097 768.853
vn -0.957174 -0.289492 0.00364224
v -245.742 -118.097 768.853
vn -0.413244 0.512713 0.752565
v -245.742 -118.097 768.853
vn -0.413244 0.512713 0.752565
v -245.69 -118.267 768.997
vn -0.552385 0.331197 -0.76497
v -245.69 -118.267 768.997
vn -0.6918 -0.519746 0.501276
v -245.69 -118.267 768.997
vn 0.545337 0.707376 -0.449696
v -245.69 -118.267 768.997
vn -0.397086 0.851438 -0.342603
v -245.69 -118.267 768.997
vn 0.491844 0.869811 0.0389607
v -245.557 -118.115 768.967
vn 0.847105 -0.500641 0.178246
v -245.557 -118.115 768.967
vn 0.107224 0.994075 -0.0178353
v -245.557 -118.115 768.967
vn -0.413244 0.512713 0.752565
v -245.557 -118.115 768.967
vn -0.552385 0.331197 -0.76497
v -245.557 -118.115 768.967
vn 0.943969 0.306696 0.121899
v -245.59 -118.023 768.994
vn 0.0475971 -0.982272 0.181316
v -245.59 -118.023 768.994
vn 0.503985 -0.0711888 0.860774
v -245.59 -118.023 768.994
vn 0.790217 -0.375718 0.484142
v -245.684 -118.373 770.06
vn -0.618827 0.628495 -0.471219
v -245.684 -118.373 770.06
vn 0.858943 -0.48284 0.170535
v -245.684 -118.373 770.06
vn -0.628056 0.498687 0.597375
v -245.684 -118.373 770.06
vn -0.459863 0.202056 -0.864696
v -245.684 -118.373 770.06
vn -0.166376 -0.964366 0.205712
v -245.674 -118.475 770.539
vn -0.459666 0.259501 -0.849333
v -245.674 -118.475 770.539
vn -0.981615 -0.190781 0.00581141
v -245.674 -118.475 770.539
vn -0.6918 -0.519746 0.501276
v -245.453 -118.193 769.401
vn 0.790217 -0.375718 0.484142
v -245.546 -118.143 770.013
vn -0.628056 0.498687 0.597375
v -245.546 -118.143 770.013
vn -0.484093 0.255274 0.836952
v -245.566 -118.105 770.019
vn -0.459863 0.202056 -0.864696
v -245.549 -118.138 770.042
vn 0.0564721 0.996005 -0.0691788
v -245.549 -118.138 770.042
vn 0.0564721 0.996005 -0.0691788
v -245.748 -118.119 770.153
vn -0.972869 -0.214101 -0.0876677
v -245.748 -118.119 770.153
vn -0.440432 0.591175 0.675671
v -245.748 -118.119 770.153
vn -0.618827 0.628495 -0.471219
v -245.583 -118.121 770.263
vn 0.858943 -0.48284 0.170535
v -245.583 -118.121 770.263
vn 0.0564721 0.996005 -0.0691788
v -245.583 -118.121 770.263
vn -0.440432 0.591175 0.675671
v -245.583 -118.121 770.263
vn -0.385791 0.269206 -0.882436
v -245.709 -118.243 770.376
vn -0.506604 -0.408122 0.759467
v -245.709 -118.243 770.376
vn -0.552385 0.331197 -0.76497
v -245.751 -118.055 769.133
vn -0.6918 -0.519746 0.501276
v -245.751 -118.055 769.133
vn -0.397086 0.851438 -0.342603
v -245.617 -118.076 769.386
vn 0.579476 0.81474 0.0201452
v -245.731 -118.003 769.701
vn -0.628056 0.498687 0.597375
v -245.731 -118.003 769.701
vn -0.397086 0.851438 -0.342603
v -245.731 -118.003 769.701
vn -0.484093 0.255274 0.836952
v -245.648 -117.97 769.931
vn -0.484093 0.255274 0.836952
v -245.741 -118.087 769.912
vn 0.0818001 0.963782 -0.253837
v -245.738 -118.001 770.224
vn -0.166376 -0.964366 0.205712
v -245.471 -118.482 770.67
vn 0.919135 0.368228 0.139996
v -245.471 -118.482 770.67
vn 0.341335 -0.0800633 0.936525
v -245.471 -118.482 770.67
vn -0.0216091 0.962013 -0.272148
v -245.567 -118.367 770.931
vn 0.194037 -0.554458 0.809275
v -245.552 -118.506 771.067
vn -0.506604 -0.408122 0.759467
v -245.535 -118.262 770.482
vn 0.411275 0.659832 0.628868
v -245.535 -118.262 770.482
vn -0.459666 0.259501 -0.849333
v -245.52 -118.298 770.51
vn 0.919135 0.368228 0.139996
v -245.52 -118.298 770.51
vn 0.0579705 0.997334 -0.0443192
v -245.52 -118.298 770.51
vn -0.981615 -0.190781 0.00581141
v -245.711 -118.282 770.617
vn 0.0579705 0.997334 -0.0443192
v -245.711 -118.282 770.617
vn -0.44164 0.557328 0.703093
v -245.711 -118.282 770.617
vn -0.981615 -0.190781 0.00581141
v -245.682 -118.428 770.751
vn 0.341335 -0.0800633 0.936525
v -245.682 -118.428 770.751
vn -0.44164 0.557328 0.703093
v -245.682 -118.428 770.751
vn 0.341335 -0.0800633 0.936525
v -245.557 -118.287 770.718
vn 0.0579705 0.997334 -0.0443192
v -245.557 -118.287 770.718
vn -0.44164 0.557328 0.703093
v -245.557 -118.287 770.718
vn 0.0864446 0.954936 -0.283946
v -245.628 -118.15 770.743
vn -0.0216091 0.962013 -0.272148
v -245.674 -118.394 770.846
vn -0.0216091 0.962013 -0.272148
v -245.671 -118.354 770.985
vn 0.0818001 0.963782 -0.253837
v -245.66 -117.993 770.28
vn -0.385791 0.269206 -0.882436
v -245.6 -118.114 770.368
vn 0.411275 0.659832 0.628868
v -245.6 -118.114 770.368
vn -0.506604 -0.408122 0.759467
v -245.741 -118.091 770.437
vn 0.411275 0.659832 0.628868
v -245.741 -118.091 770.437
vn 0.0864446 0.954936 -0.283946
v -245.708 -118.161 770.684
vn 0.0864446 0.954936 -0.283946
v -245.706 -118.134 770.776
vn 0.0818001 0.963782 -0.253837
v -245.738 -117.977 770.315
vn 0.815311 0.514095 0.26641
v -245.416 -119.339 770.898
vn 0.120503 -0.939408 0.320923
v -245.416 -119.339 770.898
vn 0.949443 -0.0161811 0.313522
v -245.416 -119.339 770.898
vn -0.731649 -0.646579 0.215929
v -245.416 -119.339 770.898
vn -0.827071 -0.375037 -0.41869
v -245.416 -119.339 770.898
vn 0.696951 -0.346033 0.628109
v -245.416 -119.339 770.898
vn 0.611471 -0.460204 0.643673
v -245.565 -119.393 771.369
vn 0.611471 -0.460204 0.643673
v -245.611 -119.447 771.374
vn 0.611471 -0.460204 0.643673
v -245.606 -119.4 771.403
vn 0.00949914 0.997907 -0.063967
v -245.624 -119.053 771.051
vn 0.919372 0.2296 0.319437
v -245.624 -119.053 771.051
vn -0.440432 0.591175 0.675671
v -245.624 -119.053 771.051
vn -0.731649 -0.646579 0.215929
v -245.624 -119.053 771.051
vn -0.827071 -0.375037 -0.41869
v -245.624 -119.053 771.051
vn -0.420492 0.699286 0.578088
v -245.624 -119.053 771.051
vn 0.949443 -0.0161811 0.313522
v -245.492 -119.048 771.142
vn 0.696951 -0.346033 0.628109
v -245.492 -119.048 771.142
vn -0.420492 0.699286 0.578088
v -245.492 -119.048 771.142
vn 0.696951 -0.346033 0.628109
v -245.641 -119.204 771.221
vn -0.420492 0.699286 0.578088
v -245.641 -119.204 771.221
vn -0.519553 0.600503 0.607833
v -245.585 -118.85 771.449
vn -0.519553 0.600503 0.607833
v -245.588 -118.783 771.381
vn -0.519553 0.600503 0.607833
v -245.654 -118.859 771.398
vn 0.925562 0.378579 0.00356368
v -245.695 -118.558 771.533
vn -0.179546 -0.941403 0.285523
v -245.695 -118.558 771.533
vn 0.288394 -0.144495 0.946546
v -245.695 -118.558 771.533
vn 0.194037 -0.554458 0.809275
v -245.641 -118.63 771.003
vn 0.194037 -0.554458 0.809275
v -245.619 -118.49 771.094
vn 0.925562 0.378579 0.00356368
v -245.696 -118.556 771.531
vn -0.364366 0.349449 -0.863205
v -245.696 -118.556 771.531
vn 0.0815644 0.983193 -0.163339
v -245.696 -118.556 771.531
vn -0.179546 -0.941403 0.285523
v -245.698 -118.558 771.531
vn -0.364366 0.349449 -0.863205
v -245.698 -118.558 771.531
vn -0.983984 -0.160714 0.0771168
v -245.698 -118.558 771.531
vn 0.0815644 0.983193 -0.163339
v -245.698 -118.556 771.532
vn -0.983984 -0.160714 0.0771168
v -245.698 -118.556 771.532
vn -0.505294 0.507882 0.697663
v -245.698 -118.556 771.532
vn 0.288394 -0.144495 0.946546
v -245.697 -118.558 771.534
vn -0.983984 -0.160714 0.0771168
v -245.697 -118.558 771.534
vn -0.505294 0.507882 0.697663
v -245.697 -118.558 771.534
vn 0.288394 -0.144495 0.946546
v -245.696 -118.556 771.534
vn 0.0815644 0.983193 -0.163339
v -245.696 -118.556 771.534
vn -0.505294 0.507882 0.697663
v -245.696 -118.556 771.534
vn 0.277891 0.922952 -0.266338
v -245.298 -120.331 758.187
vn -0.955431 -0.294752 0.0165322
v -245.298 -120.331 758.187
vn -0.971059 0.205813 -0.121181
v -245.298 -120.331 758.187
vn -0.965635 -0.0324531 0.257867
v -245.383 -119.348 762.299
vn -0.302677 0.228304 -0.925345
v -245.383 -119.348 762.299
vn -0.760856 0.486818 0.429077
v -245.383 -119.348 762.299
vn -0.302677 0.228304 -0.925345
v -245.244 -119.137 762.305
vn -0.760856 0.486818 0.429077
v -245.244 -119.137 762.305
vn -0.993566 0.0889372 0.0701227
v -245.535 -119.365 761.725
vn -0.993566 0.0889372 0.0701227
v -245.507 -119.154 761.858
vn -0.760856 0.486818 0.429077
v -245.507 -119.154 761.858
vn 0.110576 0.939428 -0.324418
v -245.53 -119.065 762.417
vn -0.8796 -0.474335 0.0361916
v -245.53 -119.065 762.417
vn -0.425249 0.890142 -0.163741
v -245.53 -119.065 762.417
vn -0.425249 0.890142 -0.163741
v -245.42 -118.938 762.821
vn -0.781651 -0.62362 -0.0109526
v -245.42 -118.938 762.821
vn -0.734932 0.620247 -0.274168
v -245.42 -118.938 762.821
vn -0.650614 0.584726 -0.484559
v -245.47 -118.513 764.66
vn 0.258147 -0.163127 -0.952234
v -245.47 -118.513 764.66
vn 0.653173 0.720075 0.234217
v -245.47 -118.513 764.66
vn -0.345046 0.213802 0.91391
v -245.75 -118.556 764.57
vn -0.734932 0.620247 -0.274168
v -245.75 -118.556 764.57
vn -0.345046 0.213802 0.91391
v -245.602 -118.374 764.584
vn 0.284861 0.921055 -0.265539
v -245.602 -118.374 764.584
vn -0.734932 0.620247 -0.274168
v -245.602 -118.374 764.584
vn 0.653173 0.720075 0.234217
v -245.604 -118.372 764.6
vn -0.147889 0.72909 -0.668249
v -245.604 -118.372 764.6
vn -0.425249 0.890142 -0.163741
v -245.633 -118.704 764.649
vn -0.781651 -0.62362 -0.0109526
v -245.633 -118.704 764.649
vn 0.920634 -0.0104959 0.390286
v -245.633 -118.704 764.649
vn -0.345046 0.213802 0.91391
v -245.633 -118.704 764.649
vn -0.650614 0.584726 -0.484559
v -245.633 -118.704 764.649
vn 0.0511152 -0.15 -0.987364
v -245.633 -118.704 764.649
vn -0.911505 0.293567 0.288056
v -245.766 -118.437 765.092
vn -0.27421 0.393243 -0.877593
v -245.766 -118.437 765.092
vn -0.826711 -0.0205548 -0.562252
v -245.766 -118.437 765.092
vn -0.470706 -0.780071 -0.41222
v -245.766 -118.437 765.092
vn -0.48604 0.0595272 0.871907
v -245.766 -118.437 765.092
vn -0.27421 0.393243 -0.877593
v -245.655 -118.25 765.141
vn -0.48604 0.0595272 0.871907
v -245.655 -118.25 765.141
vn -0.147889 0.72909 -0.668249
v -245.89 -118.386 764.648
vn -0.769568 -0.622286 0.143268
v -245.89 -118.386 764.648
vn -0.911505 0.293567 0.288056
v -245.89 -118.386 764.648
vn -0.147889 0.72909 -0.668249
v -245.804 -118.249 764.779
vn -0.911505 0.293567 0.288056
v -245.804 -118.249 764.779
vn 0.427049 0.881578 -0.201121
v -245.804 -118.249 764.779
vn -0.470706 -0.780071 -0.41222
v -245.804 -118.249 764.779
vn 0.372025 0.919482 -0.127084
v -245.864 -118.203 765.228
vn -0.826711 -0.0205548 -0.562252
v -245.864 -118.203 765.228
vn -0.411434 -0.659871 -0.628723
v -245.864 -118.203 765.228
vn -0.893948 -0.432371 0.117951
v -245.903 -118.234 765.287
vn -0.411434 -0.659871 -0.628723
v -245.903 -118.234 765.287
vn -0.766382 -0.604885 0.216271
v -245.903 -118.234 765.287
vn 0.894789 0.383605 -0.228472
v -245.903 -118.234 765.287
vn 0.226695 0.969829 -0.0896753
v -246.042 -118.18 764.921
vn -0.48604 0.0595272 0.871907
v -246.042 -118.18 764.921
vn -0.766382 -0.604885 0.216271
v -246.034 -118.091 765.223
vn 0.544811 0.82393 -0.155947
v -246.034 -118.091 765.223
vn -0.664946 -0.375711 -0.645514
v -245.61 -118.559 766.323
vn -0.843557 -0.422008 0.332147
v -245.61 -118.559 766.323
vn 0.544439 0.724622 -0.422503
v -245.61 -118.559 766.323
vn -0.947215 -0.260413 0.187002
v -245.821 -117.905 766.16
vn -0.359491 0.900631 0.244194
v -245.821 -117.905 766.16
vn -0.664946 -0.375711 -0.645514
v -245.821 -117.905 766.16
vn -0.664946 -0.375711 -0.645514
v -245.911 -117.978 766.295
vn -0.843557 -0.422008 0.332147
v -245.911 -117.978 766.295
vn -0.766382 -0.604885 0.216271
v -245.439 -118.079 767.365
vn 0.894789 0.383605 -0.228472
v -245.439 -118.079 767.365
vn -0.359491 0.900631 0.244194
v -245.439 -118.079 767.365
vn -0.843557 -0.422008 0.332147
v -245.439 -118.079 767.365
vn 0.544439 0.724622 -0.422503
v -245.439 -118.079 767.365
vn 0.461576 0.389107 0.79721
v -245.439 -118.079 767.365
vn -0.140321 0.857194 -0.495509
v -245.439 -118.079 767.365
vn 0.461576 0.389107 0.79721
v -245.784 -118.033 767.542
vn -0.140321 0.857194 -0.495509
v -245.784 -118.033 767.542
vn -0.442203 0.315282 -0.839674
v -245.784 -118.033 767.542
vn 0.503874 0.36373 -0.783461
v -245.784 -118.033 767.542
vn -0.986748 0.0384439 -0.157638
v -245.755 -117.811 767.417
vn 0.461576 0.389107 0.79721
v -245.755 -117.811 767.417
vn -0.99004 -0.140186 0.0129769
v -245.813 -117.822 767.636
vn 0.107251 -0.161139 -0.981087
v -245.813 -117.822 767.636
vn -0.637709 -0.752039 0.166627
v -245.813 -117.822 767.636
vn -0.637709 -0.752039 0.166627
v -245.967 -117.7 767.6
vn 0.337598 0.716181 0.610829
v -245.967 -117.7 767.6
vn -0.600388 0.373267 0.707252
v -245.623 -117.863 768.531
vn 0.440429 0.896748 0.043195
v -245.623 -117.863 768.531
vn 0.238731 -0.954251 0.180035
v -245.623 -117.863 768.531
vn 0.893181 -0.429429 -0.133489
v -245.623 -117.863 768.531
vn -0.472185 0.0161037 -0.881352
v -245.623 -117.863 768.531
vn -0.151984 -0.972946 0.174
v -245.735 -118.112 768.586
vn 0.893181 -0.429429 -0.133489
v -245.735 -118.112 768.586
vn -0.472185 0.0161037 -0.881352
v -245.735 -118.112 768.586
vn -0.916375 -0.399916 0.0180295
v -245.735 -118.112 768.586
vn 0.360039 -0.0984085 0.927732
v -245.75 -118.067 768.827
vn -0.916375 -0.399916 0.0180295
v -245.75 -118.067 768.827
vn -0.216629 0.40267 0.889342
v -245.75 -118.067 768.827
vn -0.878423 0.102411 0.466782
v -245.75 -118.067 768.827
vn 0.360039 -0.0984085 0.927732
v -245.603 -117.901 768.788
vn 0.893181 -0.429429 -0.133489
v -245.603 -117.901 768.788
vn 0.35086 0.930251 0.107384
v -245.603 -117.901 768.788
vn -0.216629 0.40267 0.889342
v -245.603 -117.901 768.788
vn 0.943969 0.306696 0.121899
v -245.617 -117.894 768.876
vn -0.145293 0.144589 -0.978767
v -245.617 -117.894 768.876
vn 0.203151 0.978107 -0.0451224
v -245.617 -117.894 768.876
vn 0.0475971 -0.982272 0.181316
v -245.748 -118.053 768.872
vn -0.145293 0.144589 -0.978767
v -245.748 -118.053 768.872
vn -0.900691 -0.434135 0.0168064
v -245.748 -118.053 768.872
vn 0.503985 -0.0711888 0.860774
v -245.764 -118.012 769.097
vn -0.900691 -0.434135 0.0168064
v -245.764 -118.012 769.097
vn -0.301155 0.618534 0.725756
v -245.764 -118.012 769.097
vn 0.503985 -0.0711888 0.860774
v -245.641 -117.881 769.036
vn 0.203151 0.978107 -0.0451224
v -245.641 -117.881 769.036
vn -0.301155 0.618534 0.725756
v -245.641 -117.881 769.036
vn -0.212455 -0.227913 0.95022
v -245.68 -117.879 769.22
vn -0.140321 0.857194 -0.495509
v -245.652 -117.937 767.672
vn 0.503874 0.36373 -0.783461
v -245.652 -117.937 767.672
vn 0.411071 0.659725 0.629114
v -245.652 -117.937 767.672
vn -0.611389 0.722867 -0.321973
v -245.652 -117.937 767.672
vn 0.411212 0.659878 0.628861
v -245.794 -117.99 767.822
vn -0.611389 0.722867 -0.321973
v -245.794 -117.99 767.822
vn -0.933252 0.345552 -0.0981569
v -245.794 -117.99 767.822
vn -0.611389 0.722867 -0.321973
v -245.76 -117.784 768.219
vn -0.916067 0.397314 -0.054438
v -245.76 -117.784 768.219
vn -0.916067 0.397314 -0.054438
v -245.82 -117.9 768.38
vn -0.600388 0.373267 0.707252
v -245.811 -117.933 768.409
vn 0.238731 -0.954251 0.180035
v -245.811 -117.933 768.409
vn -0.757803 0.630891 -0.166471
v -245.811 -117.933 768.409
vn -0.472185 0.0161037 -0.881352
v -245.829 -117.894 768.64
vn -0.916375 -0.399916 0.0180295
v -245.829 -117.894 768.64
vn -0.757803 0.630891 -0.166471
v -245.829 -117.894 768.64
vn -0.878423 0.102411 0.466782
v -245.829 -117.894 768.64
vn -0.216629 0.40267 0.889342
v -245.785 -117.823 768.708
vn -0.894405 0.447135 -0.0104531
v -245.785 -117.823 768.708
vn -0.757803 0.630891 -0.166471
v -245.785 -117.823 768.708
vn -0.9798 -0.144506 0.13824
v -245.785 -117.823 768.708
vn -0.878423 0.102411 0.466782
v -245.785 -117.823 768.708
vn 0.383273 0.913077 -0.139259
v -245.873 -117.621 768.758
vn 0.203151 0.978107 -0.0451224
v -245.848 -117.844 768.918
vn -0.900691 -0.434135 0.0168064
v -245.848 -117.844 768.918
vn -0.301155 0.618534 0.725756
v -245.848 -117.844 768.918
vn 0.503874 0.36373 -0.783461
v -245.801 -117.809 767.635
vn 0.107251 -0.161139 -0.981087
v -245.801 -117.809 767.635
vn 0.374682 0.688645 0.620791
v -245.801 -117.809 767.635
vn -0.637709 -0.752039 0.166627
v -245.813 -117.818 767.653
vn 0.386963 0.679217 0.623637
v -245.813 -117.818 767.653
vn -0.320077 0.400675 0.858493
v -245.966 -117.647 767.892
vn 0.383273 0.913077 -0.139259
v -245.886 -117.616 768.752
vn 0.383273 0.913077 -0.139259
v -245.887 -117.615 768.76
vn -0.320077 0.400675 0.858493
v -245.974 -117.634 767.883
vn -0.320077 0.400675 0.858493
v -245.981 -117.642 767.884
vn -0.212455 -0.227913 0.95022
v -245.745 -117.966 769.185
vn 0.323103 0.934834 -0.147277
v -245.836 -117.749 769.504
vn -0.467514 0.516571 0.717346
v -245.874 -117.683 769.777
vn -0.212455 -0.227913 0.95022
v -245.864 -117.788 769.201
vn 0.323103 0.934834 -0.147277
v -245.882 -117.737 769.479
vn 0.323103 0.934834 -0.147277
v -245.885 -117.73 769.516
vn -0.467514 0.516571 0.717346
v -245.879 -117.66 769.757
vn -0.467514 0.516571 0.717346
v -245.899 -117.683 769.76
vn -0.196255 -0.963623 -0.181423
v -260.249 -140.894 730.069
vn 0.468247 -0.667535 0.578915
v -258.295 -138.111 732.868
vn -0.242462 -0.931371 -0.271588
v -260.244 -141.162 730.982
vn 0.668865 -0.637892 0.381723
v -260.244 -141.162 730.982
vn -0.0518971 -0.747202 0.662568
v -260.244 -141.162 730.982
vn -0.708276 -0.70411 -0.0507304
v -260.244 -141.162 730.982
vn -0.0734784 -0.548294 0.833051
v -260.2 -140.885 731.299
vn -0.672279 -0.0151418 0.740143
v -260.173 -140.483 731.495
vn -0.708276 -0.70411 -0.0507304
v -260.488 -140.934 731.22
vn -0.97446 0.223782 0.0186718
v -260.488 -140.934 731.22
vn -0.641341 -0.0198268 0.767
v -260.488 -140.934 731.22
vn 0.461144 -0.673941 0.577191
v -259.3 -139.612 731.919
vn -0.0419562 -0.495957 0.867333
v -259.3 -139.612 731.919
vn -0.0645886 -0.996562 0.051881
v -251.589 -120.384 770.306
vn 0.961025 -0.270487 0.0571666
v -251.453 -120.297 770.444
vn 0.845445 -0.519497 0.123875
v -251.588 -120.213 771.716
vn -0.534068 -0.771023 0.346837
v -251.588 -120.213 771.716
vn -0.347259 -0.910493 0.22453
v -251.588 -120.213 771.716
vn -0.709099 -0.174626 0.683143
v -251.588 -120.213 771.716
vn -0.471008 -0.802373 0.366536
v -251.482 -119.786 772.788
vn -0.259711 -0.469801 0.843704
v -251.482 -119.786 772.788
vn 0.638624 0.384311 0.666682
v -251.378 -118.785 772.624
vn -0.259711 -0.469801 0.843704
v -251.659 -119.68 772.793
vn -0.808045 -0.00117232 0.58912
v -251.659 -119.68 772.793
vn 0.699813 0.274381 0.659528
v -251.511 -119.372 773.01
vn -0.724702 0.127975 0.677074
v -251.511 -119.372 773.01
vn -0.259711 -0.469801 0.843704
v -251.511 -119.372 773.01
vn 0.971187 0.238204 0.00743097
v -260.882 -140.042 727.998
vn -0.0992218 -0.979247 0.176719
v -260.882 -140.042 727.998
vn 0.367618 -0.248875 0.896057
v -260.882 -140.042 727.998
vn 0.971187 0.238204 0.00743097
v -260.883 -140.04 727.997
vn -0.377699 0.220649 -0.899254
v -260.883 -140.04 727.997
vn 0.0823315 0.980038 -0.180962
v -260.883 -140.04 727.997
vn -0.0992218 -0.979247 0.176719
v -260.884 -140.042 727.997
vn -0.377699 0.220649 -0.899254
v -260.884 -140.042 727.997
vn -0.967318 -0.252793 -0.0197763
v -260.884 -140.042 727.997
vn 0.0823315 0.980038 -0.180962
v -260.885 -140.04 727.998
vn -0.967318 -0.252793 -0.0197763
v -260.885 -140.04 727.998
vn -0.524331 0.494526 0.693196
v -260.885 -140.04 727.998
vn 0.367618 -0.248875 0.896057
v -260.884 -140.041 727.999
vn -0.967318 -0.252793 -0.0197763
v -260.884 -140.041 727.999
vn -0.524331 0.494526 0.693196
v -260.884 -140.041 727.999
vn 0.367618 -0.248875 0.896057
v -260.883 -140.04 727.999
vn 0.0823315 0.980038 -0.180962
v -260.883 -140.04 727.999
vn -0.524331 0.494526 0.693196
v -260.883 -140.04 727.999
vn 0.734847 0.109147 -0.669393
v -260.363 -139.11 727.954
vn 0.724079 -0.401443 -0.560851
v -260.363 -139.11 727.954
vn -0.965705 0.195121 -0.171295
v -260.363 -139.11 727.954
vn -0.830206 0.460571 0.314059
v -260.363 -139.11 727.954
vn 0.232483 -0.527956 -0.816832
v -260.363 -139.11 727.954
vn 0.748339 -0.140212 -0.648328
v -260.276 -138.974 728.072
vn 0.428054 0.25405 -0.867311
v -260.276 -138.974 728.072
vn -0.873014 0.339953 0.349684
v -260.366 -138.971 728.128
vn -0.965705 0.195121 -0.171295
v -260.366 -138.971 728.128
vn -0.60354 -0.774648 -0.188839
v -260.43 -140.812 729.466
vn -0.147829 -0.984982 -0.0892069
v -260.43 -140.812 729.466
vn -0.884986 0.361375 0.293611
v -260.543 -140.719 729.441
vn -0.965356 -0.218261 -0.143005
v -260.543 -140.719 729.441
vn -0.403596 -0.874084 -0.270348
v -260.344 -140.409 728.95
vn -0.410719 0.0865526 -0.907644
v -260.344 -140.409 728.95
vn 0.570973 0.290391 -0.767895
v -260.71 -140.648 728.84
vn -0.248757 -0.723149 0.644341
v -260.71 -140.648 728.84
vn -0.376917 -0.108095 -0.919918
v -260.71 -140.648 728.84
vn -0.99117 0.123954 -0.0470917
v -260.71 -140.648 728.84
vn -0.248757 -0.723149 0.644341
v -260.558 -140.575 728.982
vn -0.00750504 -0.315702 0.948829
v -260.558 -140.575 728.982
vn -0.579076 -0.767792 -0.274166
v -260.507 -140.591 729.007
vn -0.410719 0.0865526 -0.907644
v -260.507 -140.591 729.007
vn -0.965356 -0.218261 -0.143005
v -260.507 -140.591 729.007
vn 0.830278 -0.516838 0.208606
v -260.444 -140.282 728.688
vn 0.72915 -0.429807 -0.532547
v -260.444 -140.282 728.688
vn -0.861738 -0.350076 -0.367225
v -260.444 -140.282 728.688
vn -0.34876 0.784855 -0.51222
v -260.444 -140.282 728.688
vn -0.376917 -0.108095 -0.919918
v -260.444 -140.282 728.688
vn -0.150896 0.288492 0.945517
v -260.444 -140.282 728.688
vn -0.56481 -0.642273 0.518146
v -260.444 -140.282 728.688
vn 0.232483 -0.527956 -0.816832
v -260.444 -140.282 728.688
vn -0.376917 -0.108095 -0.919918
v -260.666 -140.318 728.784
vn -0.851743 0.416056 0.318483
v -260.666 -140.318 728.784
vn -0.99117 0.123954 -0.0470917
v -260.666 -140.318 728.784
vn -0.34876 0.784855 -0.51222
v -260.575 -140.194 728.911
vn -0.840502 0.395715 0.37009
v -260.575 -140.194 728.911
vn 0.830278 -0.516838 0.208606
v -260.572 -140.338 729.06
vn 0.570973 0.290391 -0.767895
v -260.572 -140.338 729.06
vn -0.410719 0.0865526 -0.907644
v -260.572 -140.338 729.06
vn -0.00750504 -0.315702 0.948829
v -260.572 -140.338 729.06
vn -0.965356 -0.218261 -0.143005
v -260.572 -140.338 729.06
vn -0.840145 0.399424 0.366901
v -260.572 -140.338 729.06
vn 0.249363 -0.896689 0.365742
v -260.932 -140.824 728.852
vn -0.00750504 -0.315702 0.948829
v -260.7 -140.507 729.003
vn -0.99117 0.123954 -0.0470917
v -260.7 -140.507 729.003
vn -0.805312 0.505964 0.308986
v -260.7 -140.507 729.003
vn 0.249363 -0.896689 0.365742
v -260.939 -140.824 728.857
vn 0.249363 -0.896689 0.365742
v -260.929 -140.817 728.867
vn -0.824167 0.393352 0.407459
v -260.686 -140.136 728.605
vn -0.150896 0.288492 0.945517
v -260.686 -140.136 728.605
vn -0.830206 0.460571 0.314059
v -260.686 -140.136 728.605
vn -0.56481 -0.642273 0.518146
v -260.686 -140.136 728.605
vn -0.821551 0.413094 0.392947
v -260.569 -140.087 728.794
vn -0.56481 -0.642273 0.518146
v -260.569 -140.087 728.794
vn -0.830206 0.460571 0.314059
v -260.818 -140.419 728.67
vn 0.232483 -0.527956 -0.816832
v -260.818 -140.419 728.67
vn -0.889646 0.124976 -0.439217
v -260.341 -140.154 729.352
vn -0.708276 -0.70411 -0.0507304
v -260.476 -140.872 730.193
vn -0.623221 -0.775364 -0.102015
v -260.476 -140.872 730.193
vn -0.959543 0.270776 0.0771895
v -260.476 -140.872 730.193
vn -0.719364 -0.0767206 0.690383
v -259.782 -139.591 731.894
vn -0.641542 -0.18146 0.745316
v -260.092 -139.411 731.59
vn -0.902112 -0.103862 0.418815
v -260.092 -139.411 731.59
vn -0.892952 -0.0990903 0.43911
v -259.874 -138.658 732.248
vn -0.881519 -0.128498 0.454327
v -260.026 -137.839 732.124
vn -0.0661145 -0.648913 0.757985
v -258.68 -137.85 733.481
vn -0.487178 -0.489311 0.723348
v -258.68 -137.85 733.481
vn -0.372994 -0.61187 0.697488
v -259.239 -137.175 733.774
vn 0.83265 -0.501336 0.23528
v -257.833 -135.751 735.177
vn -0.402417 -0.624144 0.669705
v -258.711 -136.225 734.977
vn -0.878492 -0.244391 0.410519
v -258.711 -136.225 734.977
vn 0.753456 -0.57933 0.310936
v -257.586 -134.724 736.742
vn 0.602684 -0.764309 0.229356
v -256.32 -130.965 739.343
vn 0.682974 0.356069 -0.637778
v -253.155 -126.389 744.557
vn 0.51641 -0.795207 0.317753
v -254.745 -128.731 742.648
vn 0.3656 -0.829509 0.422198
v -253.295 -127.298 744.649
vn 0.277409 -0.87289 0.401383
v -253.316 -126.576 745.813
vn 0.919282 -0.391075 -0.0445099
v -252.917 -125.844 745.419
vn 0.879903 -0.469955 0.0700888
v -251.932 -123.789 747.707
vn 0.640733 0.648653 -0.410744
v -251.932 -123.789 747.707
vn 0.110757 -0.900326 0.420887
v -253.207 -126.094 747.461
vn 0.0958867 -0.949035 0.30023
v -251.924 -121.152 758.61
vn 0.404828 -0.913818 -0.0324362
v -251.762 -120.879 760.445
vn 0.941125 -0.337841 0.0121711
v -251.762 -120.879 760.445
vn 0.199289 -0.971149 0.130972
v -251.762 -120.879 760.445
vn 0.880539 0.458732 -0.119228
v -250.641 -117.53 766.692
vn 0.615811 0.783498 0.0831055
v -250.641 -117.53 766.692
vn 0.0369932 0.995855 -0.08309
v -250.641 -117.53 766.692
vn -0.0114852 -0.992313 0.12322
v -251.635 -120.328 766.62
vn 0.942312 -0.334365 -0.0157784
v -251.635 -120.328 766.62
vn 0.615811 0.783498 0.0831055
v -250.599 -117.721 768.185
vn 0.426018 0.812394 0.398151
v -251.094 -118.231 770.904
vn -0.413943 0.846975 0.333594
v -251.297 -118.146 770.947
vn -0.0538627 0.998356 0.0196031
v -250.955 -117.644 770.095
vn 0.979131 -0.168932 0.11298
v -250.955 -117.644 770.095
vn 0.417426 0.69958 0.579951
v -250.955 -117.644 770.095
vn -0.413943 0.846975 0.333594
v -250.955 -117.644 770.095
vn -0.63741 0.480139 0.602641
v -251.533 -118.884 772.83
vn -0.117564 0.946754 0.299727
v -251.318 -118.443 772.321
vn 0.567295 0.488137 0.663248
v -251.318 -118.443 772.321
vn -0.940047 0.235579 0.246604
v -259.693 -137.103 728.908
vn -0.889646 0.124976 -0.439217
v -259.693 -137.103 728.908
vn -0.450415 0.477248 -0.75456
v -259.693 -137.103 728.908
vn -0.999787 -0.0196197 -0.00647522
v -259.79 -136.488 729.28
vn 0.240318 0.569912 -0.785778
v -259.79 -136.488 729.28
vn -0.803485 0.333382 -0.493223
v -259.79 -136.488 729.28
vn -0.597779 0.594344 -0.537974
v -259.858 -135.42 730.112
vn 0.472377 0.617063 -0.629359
v -252.778 -124.618 745.95
vn -0.784503 -0.493296 0.375786
v -258.368 -132.826 739.084
vn 0.671709 -0.629154 0.391118
v -257.125 -131.457 741.021
vn 0.955189 -0.280158 0.0955301
v -256.359 -130.256 741.805
vn 0.32086 -0.781823 0.534604
v -256.359 -130.256 741.805
vn -0.594463 -0.64242 0.483643
v -258.203 -131.463 741.097
vn -0.651883 -0.588702 0.477995
v -258.386 -130.917 741.598
vn -0.346359 -0.594702 0.72551
v -258.378 -130.465 742.072
vn 0.712068 -0.70153 0.0285469
v -256.916 -129.755 742.915
vn -0.154898 -0.723356 0.672877
v -256.916 -129.755 742.915
vn 0.936573 0.232079 -0.262624
v -251.688 -122.28 751.054
vn 0.962039 0.0484265 -0.268581
v -251.098 -120.951 753.407
vn 0.556256 0.712805 -0.427186
v -251.098 -120.951 753.407
vn 0.89926 -0.400935 0.17488
v -251.098 -120.951 753.407
vn -0.471865 -0.625603 0.621261
v -254.442 -125.827 748.943
vn -0.20398 -0.934734 0.290971
v -254.442 -125.827 748.943
vn 0.581744 -0.763977 0.279127
v -251.88 -121.511 752.916
vn -0.85711 -0.303841 0.415984
v -251.043 -120.679 754.185
vn -0.85711 -0.303841 0.415984
v -251.06 -120.556 754.24
vn -0.85711 -0.303841 0.415984
v -251.016 -120.622 754.281
vn 0.515119 -0.816139 0.261857
v -251.161 -120.368 755.063
vn 0.843562 0.503535 -0.186697
v -250.907 -120.217 755.314
vn 0.843562 0.503535 -0.186697
v -250.947 -120.146 755.326
vn 0.843562 0.503535 -0.186697
v -250.905 -120.203 755.359
vn 0.912567 -0.393803 0.110184
v -251.075 -120.158 755.104
vn 0.767133 0.603232 -0.218216
v -251.075 -120.158 755.104
vn 0.947778 0.317825 -0.0265178
v -250.836 -120.023 755.729
vn 0.947778 0.317825 -0.0265178
v -250.845 -119.996 755.738
vn 0.947778 0.317825 -0.0265178
v -250.837 -120.017 755.755
vn 0.286702 -0.841726 0.457493
v -255.487 -125.047 750.716
vn 0.92638 0.373613 -0.0472596
v -250.81 -119.819 756.383
vn 0.92638 0.373613 -0.0472596
v -250.846 -119.725 756.409
vn 0.92638 0.373613 -0.0472596
v -250.813 -119.801 756.466
vn -0.953394 -0.300436 -0.0279045
v -250.76 -119.578 757.072
vn -0.953394 -0.300436 -0.0279045
v -250.782 -119.509 757.094
vn -0.953394 -0.300436 -0.0279045
v -250.766 -119.566 757.143
vn 0.67748 0.713541 -0.178551
v -250.761 -119.498 757.378
vn 0.67748 0.713541 -0.178551
v -250.834 -119.431 757.365
vn 0.67748 0.713541 -0.178551
v -250.761 -119.496 757.385
vn -0.998545 -0.0275857 -0.046337
v -250.725 -119.279 758.046
vn -0.998545 -0.0275857 -0.046337
v -250.727 -119.252 758.06
vn -0.998545 -0.0275857 -0.046337
v -250.727 -119.272 758.081
vn 0.828357 0.533896 -0.169648
v -250.868 -119.3 758.203
vn 0.921847 -0.384932 0.0450027
v -250.868 -119.3 758.203
vn 0.976389 0.214724 -0.0236388
v -250.751 -119.238 758.314
vn 0.976389 0.214724 -0.0236388
v -250.761 -119.189 758.334
vn 0.976389 0.214724 -0.0236388
v -250.752 -119.226 758.367
vn -0.935055 -0.161254 -0.315705
v -250.762 -119.175 758.604
vn -0.935055 -0.161254 -0.315705
v -250.77 -119.147 758.614
vn -0.935055 -0.161254 -0.315705
v -250.778 -119.181 758.656
vn 0.19343 0.96029 -0.201067
v -250.935 -119.06 758.631
vn -0.115267 -0.978664 0.170087
v -254.409 -121.077 760.793
vn -0.413943 0.846975 0.333594
v -251.915 -117.652 768.924
vn -0.0703283 0.83157 -0.55095
v -257.516 -129.238 737.995
vn -0.186198 0.82772 -0.529348
v -257.498 -127.779 740.269
vn -0.702754 0.456196 -0.545915
v -257.498 -127.779 740.269
vn 0.295422 0.792092 -0.53415
v -257.498 -127.779 740.269
vn -0.28031 0.816336 -0.504997
v -256.641 -126.525 741.891
vn -0.981954 -0.189122 -0.000372018
v -259.142 -128.872 741.219
vn -0.541896 -0.688241 0.482363
v -257.866 -128.899 743.275
vn -0.285463 -0.813748 0.506286
v -255.364 -123.28 754.382
vn 0.608274 -0.768674 -0.197847
v -255.074 -122.43 756.287
vn -0.939042 -0.00563147 0.343756
v -255.949 -118.965 766.58
vn -0.606078 0.638244 0.474673
v -254.868 -118.923 768.641
vn -0.80723 -0.1018 0.581392
v -254.868 -118.923 768.641
vn 0.421693 0.792085 -0.441335
v -257.932 -124.902 743.106
vn -0.980606 -0.156854 0.117506
v -259.635 -127.775 743.57
vn -0.591507 0.316917 -0.741406
v -259.72 -126.917 742.411
vn -0.924013 0.109779 -0.366263
v -259.72 -126.917 742.411
vn -0.541896 -0.688241 0.482363
v -259.451 -126.606 744.767
vn -0.905983 -0.297656 0.300991
v -259.451 -126.606 744.767
vn -0.961259 -0.226862 0.156574
v -259.489 -125.68 746.046
vn -0.136453 -0.765166 0.629207
v -259.489 -125.68 746.046
vn 0.244507 -0.828278 0.504155
v -257.57 -124.046 750.71
vn 0.0411177 -0.948746 0.313353
v -257.951 -121.601 755.708
vn 0.198991 0.884604 0.421756
v -256.604 -118.724 760.48
vn 0.920467 0.390177 0.0224183
v -256.782 -118.847 760.822
vn -0.949494 -0.173193 0.261657
v -257.116 -119.518 762.199
vn 0.873072 0.442058 0.205741
v -256.835 -118.913 762.017
vn 0.0418981 -0.903316 0.426925
v -257.273 -119.397 762.175
vn 0.131998 -0.823332 0.551997
v -257.21 -119.281 762.329
vn -0.925541 -0.248783 0.28545
v -257.133 -119.152 762.462
vn -0.668276 0.570937 0.476905
v -257.133 -119.152 762.462
vn 0.0267775 0.000989682 0.999641
v -257.133 -119.152 762.462
vn 0.255291 -0.84655 0.467097
v -257.133 -119.152 762.462
vn 0.627558 -0.207764 0.750337
v -257.133 -119.152 762.462
vn -0.821714 0.437719 0.364951
v -256.986 -118.978 762.458
vn 0.758104 0.547821 0.353795
v -256.986 -118.978 762.458
vn 0.0267775 0.000989682 0.999641
v -256.986 -118.978 762.458
vn 0.0267775 0.000989682 0.999641
v -257.046 -118.901 762.46
vn 0.627558 -0.207764 0.750337
v -257.046 -118.901 762.46
vn 0.900135 -0.326578 0.288277
v -257.046 -118.901 762.46
vn 0.627558 -0.207764 0.750337
v -257.517 -119.217 762.766
vn 0.664076 -0.672716 0.326276
v -257.517 -119.217 762.766
vn -0.943382 -0.284411 0.170709
v -259.873 -125.973 743.079
vn -0.739437 0.224396 -0.634728
v -259.988 -125.365 743.499
vn -0.570933 0.360507 -0.737611
v -259.986 -124.458 743.818
vn -0.722192 0.252857 -0.643819
v -259.986 -124.458 743.818
vn -0.976441 -0.185242 0.110671
v -259.507 -124.671 747.544
vn 0.0918991 -0.884606 0.457195
v -259.442 -121.385 756.103
vn -0.293487 -0.932446 0.210736
v -259.634 -120.51 757.889
vn 0.338801 0.815373 0.469448
v -257.026 -118.582 760.538
vn -0.478685 -0.877805 -0.0178607
v -259.59 -120.524 758.837
vn -0.982717 -0.180368 0.0416435
v -259.59 -120.524 758.837
vn -0.659111 -0.735802 0.155459
v -259.59 -120.524 758.837
vn -0.69797 -0.705888 0.120664
v -259.412 -119.631 763.818
vn -0.991381 -0.122222 0.0471689
v -259.573 -119.409 764.188
vn -0.734306 -0.673421 0.0854337
v -259.51 -119.315 765.46
vn -0.996109 -0.0498324 0.0726845
v -259.51 -119.315 765.46
vn -0.217486 -0.855176 0.470504
v -259.51 -119.315 765.46
vn -0.199119 -0.813281 0.54674
v -259.03 -117.486 769.007
vn -0.199119 -0.813281 0.54674
v -259.245 -117.422 769.024
vn -0.179179 -0.764958 0.618655
v -259.117 -116.779 769.856
vn 0.949546 0.00292617 0.313615
v -259.117 -116.779 769.856
vn 0.166381 0.124393 0.978184
v -259.117 -116.779 769.856
vn 0.266458 -0.342778 0.900835
v -259.221 -116.447 770.212
vn 0.266458 -0.342778 0.900835
v -259.236 -116.465 770.209
vn 0.266458 -0.342778 0.900835
v -259.239 -116.442 770.219
vn -0.878383 -0.370278 -0.302221
v -260.362 -124.379 744.136
vn -0.78424 -0.556684 0.273992
v -260.439 -124.422 744.325
vn -0.697072 -0.583621 -0.416506
v -260.557 -124.281 744.323
vn -0.877317 -0.386231 0.284853
v -260.557 -124.281 744.323
vn -0.551182 -0.743049 0.379575
v -260.416 -124.323 744.593
vn -0.886243 -0.253616 -0.387625
v -260.416 -124.323 744.593
vn -0.849222 -0.0245979 -0.527462
v -260.533 -124.169 744.508
vn -0.980904 -0.0841309 0.175356
v -260.555 -123.873 744.529
vn -0.543031 0.381805 -0.747892
v -260.555 -123.873 744.529
vn -0.849222 -0.0245979 -0.527462
v -260.555 -123.873 744.529
vn -0.849222 -0.0245979 -0.527462
v -261.1 -123.124 745.372
vn 0.00598441 0.837706 -0.546089
v -261.1 -123.124 745.372
vn -0.886243 -0.253616 -0.387625
v -261.1 -123.124 745.372
vn -0.792333 0.246949 -0.557875
v -261.1 -123.124 745.372
vn -0.971329 0.234398 0.0397131
v -261.119 -122.677 746.824
vn 0.0171468 -0.0372353 0.999159
v -261.119 -122.677 746.824
vn -0.971367 0.234275 0.0395177
v -261.098 -122.616 746.963
vn -0.317735 0.495673 0.808302
v -261.297 -122.572 746.831
vn 0.0171468 -0.0372353 0.999159
v -261.297 -122.572 746.831
vn 0.295424 -0.0115676 0.955296
v -261.297 -122.572 746.831
vn -0.317735 0.495673 0.808302
v -261.144 -122.4 746.785
vn 0.295424 -0.0115676 0.955296
v -261.144 -122.4 746.785
vn -0.100533 0.412655 0.905322
v -261.144 -122.4 746.785
vn 0.453173 0.350123 0.819785
v -261.325 -122.563 746.84
vn 0.295424 -0.0115676 0.955296
v -261.325 -122.563 746.84
vn -0.100533 0.412655 0.905322
v -261.325 -122.563 746.84
vn 0.462588 -0.861562 0.209102
v -261.325 -122.563 746.84
vn -0.431658 0.791779 -0.432155
v -261.325 -122.563 746.84
vn 0.50662 0.408204 -0.759411
v -261.325 -122.563 746.84
vn 0.382214 0.864688 -0.325924
v -261.057 -122.421 746.832
vn -0.971367 0.234275 0.0395177
v -261.057 -122.421 746.832
vn -0.317735 0.495673 0.808302
v -261.057 -122.421 746.832
vn 0.0171468 -0.0372353 0.999159
v -261.057 -122.421 746.832
vn -0.411206 -0.659773 -0.628975
v -261.057 -122.421 746.832
vn 0.462588 -0.861562 0.209102
v -261.057 -122.421 746.832
vn -0.971404 0.234152 0.0393224
v -261.089 -122.587 747.028
vn -0.411206 -0.659773 -0.628975
v -261.089 -122.587 747.028
vn -0.0849085 -0.262296 0.961245
v -261.089 -122.587 747.028
vn -0.0636968 -0.278498 0.958322
v -261.136 -122.32 747.097
vn -0.983463 -0.148024 -0.104355
v -261.136 -122.32 747.097
vn 0.50662 0.408204 -0.759411
v -261.136 -122.32 747.097
vn -0.230107 0.7826 0.578435
v -261.136 -122.32 747.097
vn 0.462588 -0.861562 0.209102
v -261.27 -122.485 747.04
vn -0.375209 -0.823819 0.424901
v -261.27 -122.485 747.04
vn -0.0636968 -0.278498 0.958322
v -261.27 -122.485 747.04
vn -0.555019 0.346613 0.756183
v -261.025 -121.439 748.961
vn -0.314795 -0.659999 -0.682133
v -261.025 -121.439 748.961
vn -0.555019 0.346613 0.756183
v -260.964 -121.581 749.071
vn -0.314795 -0.659999 -0.682133
v -260.964 -121.581 749.071
vn -0.859962 0.0520134 0.507701
v -260.191 -121.17 750.715
vn -0.0117073 0.999918 0.00523532
v -260.055 -115.796 766.861
vn -0.830318 -0.532892 0.163091
v -260.179 -115.832 767.286
vn -0.334298 0.429257 0.839037
v -260.179 -115.832 767.286
vn -0.361679 0.931519 -0.0382241
v -259.658 -115.951 768.069
vn -0.422058 0.906541 0.00710681
v -259.843 -116.032 767.403
vn 0.363462 0.401358 0.840719
v -259.843 -116.032 767.403
vn -0.450768 0.892389 -0.0212063
v -260.01 -116.111 767.513
vn 0.363462 0.401358 0.840719
v -260.01 -116.111 767.513
vn -0.393234 0.472186 0.788928
v -260.01 -116.111 767.513
vn -0.364123 0.451163 0.81478
v -260.062 -115.977 767.407
vn 0.363462 0.401358 0.840719
v -259.98 -115.883 767.391
vn -0.364123 0.451163 0.81478
v -259.98 -115.883 767.391
vn 0.178308 0.974718 0.134652
v -259.98 -115.883 767.391
vn -0.399054 0.912648 0.0884863
v -259.575 -115.804 769.451
vn -0.374234 0.603515 0.704072
v -259.446 -116.069 770.281
vn -0.374234 0.603515 0.704072
v -259.447 -116.066 770.278
vn -0.374234 0.603515 0.704072
v -259.45 -116.069 770.279
vn -0.245169 0.91265 0.327051
v -259.471 -115.903 769.805
vn 0.700004 0.394319 -0.595406
v -259.471 -115.903 769.805
vn 0.733339 0.67971 -0.0144568
v -259.471 -115.903 769.805
vn 0.149931 0.0918192 0.984424
v -259.471 -115.903 769.805
vn -0.274005 0.286172 0.918165
v -259.596 -115.779 770.074
vn -0.444336 0.878442 0.175797
v -259.668 -115.879 769.59
vn -0.757831 0.630852 -0.16649
v -259.668 -115.879 769.59
vn 0.700004 0.394319 -0.595406
v -259.668 -115.879 769.59
vn 0.700004 0.394319 -0.595406
v -259.604 -115.762 769.743
vn 0.610074 0.791192 -0.0427149
v -259.604 -115.762 769.743
vn 0.0644651 0.141628 -0.987819
v -259.604 -115.762 769.743
vn -0.83327 -0.500672 0.234498
v -259.669 -115.844 769.727
vn 0.0644651 0.141628 -0.987819
v -259.669 -115.844 769.727
vn 0.0347096 0.176745 0.983645
v -259.658 -115.805 769.824
vn -0.0330234 0.202192 0.978789
v -259.611 -115.752 769.815
vn -0.274005 0.286172 0.918165
v -259.638 -115.724 770.044
vn -0.274005 0.286172 0.918165
v -259.661 -115.751 770.045
vn 0.46947 0.880189 -0.0697589
v -259.787 -115.664 769.745
vn -0.782818 -0.543169 0.303585
v -259.787 -115.664 769.745
vn -0.197729 0.335512 0.921051
v -259.787 -115.664 769.745
vn 0.453173 0.350123 0.819785
v -261.314 -122.304 746.723
vn -0.100533 0.412655 0.905322
v -261.314 -122.304 746.723
vn -0.886243 -0.253616 -0.387625
v -261.754 -122.607 746.53
vn -0.792333 0.246949 -0.557875
v -261.754 -122.607 746.53
vn -0.990789 -0.0942891 0.0971972
v -261.754 -122.607 746.53
vn -0.092405 0.841963 -0.531564
v -261.764 -122.399 746.636
vn -0.990789 -0.0942891 0.0971972
v -261.764 -122.399 746.636
vn -0.64551 0.763192 0.0292427
v -261.764 -122.399 746.636
vn -0.64551 0.763192 0.0292427
v -261.641 -122.3 746.77
vn 0.191177 0.936273 -0.294692
v -261.641 -122.3 746.77
vn -0.875954 0.306746 -0.372305
v -261.641 -122.3 746.77
vn 0.50662 0.408204 -0.759411
v -261.566 -122.258 746.843
vn -0.140331 0.8959 -0.42151
v -261.566 -122.258 746.843
vn 0.824545 0.560967 -0.0737643
v -261.566 -122.258 746.843
vn -0.230107 0.7826 0.578435
v -261.566 -122.258 746.843
vn -0.968225 -0.243869 0.0553853
v -261.913 -122.44 746.777
vn -0.990789 -0.0942891 0.0971972
v -261.736 -122.387 746.923
vn -0.64551 0.763192 0.0292427
v -261.736 -122.387 746.923
vn -0.875954 0.306746 -0.372305
v -261.736 -122.387 746.923
vn -0.969448 -0.0521425 0.239691
v -261.736 -122.387 746.923
vn -0.968225 -0.243869 0.0553853
v -261.926 -122.399 746.742
vn -0.968225 -0.243869 0.0553853
v -261.926 -122.385 746.798
vn -0.0424392 -0.294499 0.954709
v -261.459 -122.388 747.061
vn 0.824545 0.560967 -0.0737643
v -261.459 -122.388 747.061
vn -0.230107 0.7826 0.578435
v -261.459 -122.388 747.061
vn 0.292713 -0.145392 0.945082
v -261.459 -122.388 747.061
vn -0.875954 0.306746 -0.372305
v -261.719 -122.201 747.035
vn -0.969448 -0.0521425 0.239691
v -261.719 -122.201 747.035
vn -0.485779 0.496689 0.719249
v -261.719 -122.201 747.035
vn -0.969448 -0.0521425 0.239691
v -261.686 -122.323 747.142
vn 0.292713 -0.145392 0.945082
v -261.686 -122.323 747.142
vn -0.485779 0.496689 0.719249
v -261.686 -122.323 747.142
vn -0.320529 0.924827 -0.204832
v -261.581 -122.2 747.128
vn 0.191177 0.936273 -0.294692
v -261.581 -122.2 747.128
vn 0.292713 -0.145392 0.945082
v -261.581 -122.2 747.128
vn -0.485779 0.496689 0.719249
v -261.581 -122.2 747.128
vn 0.513111 0.739037 -0.43651
v -261.63 -122.212 747.307
vn -0.338331 -0.457917 0.822097
v -261.63 -122.212 747.307
vn -0.338331 -0.457917 0.822097
v -261.813 -122.289 747.189
vn -0.982217 -0.0328765 0.184846
v -261.813 -122.289 747.189
vn 0.513111 0.739037 -0.43651
v -261.833 -122.193 747.101
vn -0.982217 -0.0328765 0.184846
v -261.833 -122.193 747.101
vn -0.338331 -0.457917 0.822097
v -261.798 -122.099 747.3
vn -0.982217 -0.0328765 0.184846
v -261.798 -122.099 747.3
vn -0.0512737 -0.87561 0.480289
v -261.695 -121.609 748.686
vn -0.303446 0.547932 -0.779545
v -261.695 -121.609 748.686
vn -0.977155 0.0170652 0.211841
v -261.695 -121.609 748.686
vn 0.986605 -0.108785 0.121556
v -261.353 -121.532 748.956
vn -0.102259 -0.937333 0.333091
v -261.353 -121.532 748.956
vn 0.211834 -0.487299 0.847152
v -261.353 -121.532 748.956
vn -0.314795 -0.659999 -0.682133
v -261.169 -121.505 749.092
vn -0.291417 -0.886814 0.35866
v -261.169 -121.505 749.092
vn -0.859962 0.0520134 0.507701
v -261.169 -121.505 749.092
vn -0.859962 0.0520134 0.507701
v -261.026 -121.276 749.311
vn -0.35947 -0.889945 0.280676
v -261.026 -121.276 749.311
vn 0.990505 0.119013 -0.0688238
v -261.28 -121.358 749.361
vn -0.112701 -0.949813 0.29181
v -261.28 -121.358 749.361
vn 0.255996 -0.399659 0.880192
v -261.28 -121.358 749.361
vn 0.988818 0.128709 0.0753252
v -261.131 -121.012 750.173
vn -0.13971 -0.925729 0.351436
v -261.131 -121.012 750.173
vn 0.221193 -0.353574 0.908878
v -261.131 -121.012 750.173
vn -0.93504 -0.353613 0.0256735
v -261.421 -121.584 748.737
vn -0.332656 -0.82184 0.462514
v -261.421 -121.584 748.737
vn -0.555019 0.346613 0.756183
v -261.421 -121.584 748.737
vn 0.986605 -0.108785 0.121556
v -261.331 -121.446 748.851
vn -0.518729 0.0321106 -0.854335
v -261.331 -121.446 748.851
vn -0.0403249 0.989829 -0.136431
v -261.331 -121.446 748.851
vn -0.0512737 -0.87561 0.480289
v -261.567 -121.554 748.801
vn 0.956098 0.229443 -0.182295
v -261.567 -121.554 748.801
vn 0.246648 -0.351655 0.903052
v -261.567 -121.554 748.801
vn -0.102259 -0.937333 0.333091
v -261.423 -121.543 748.903
vn -0.518729 0.0321106 -0.854335
v -261.423 -121.543 748.903
vn -0.891235 -0.405469 0.203212
v -261.423 -121.543 748.903
vn -0.0403249 0.989829 -0.136431
v -261.463 -121.44 748.931
vn -0.891235 -0.405469 0.203212
v -261.463 -121.44 748.931
vn -0.604143 0.147294 0.783144
v -261.463 -121.44 748.931
vn 0.211834 -0.487299 0.847152
v -261.418 -121.516 748.981
vn -0.891235 -0.405469 0.203212
v -261.418 -121.516 748.981
vn -0.604143 0.147294 0.783144
v -261.418 -121.516 748.981
vn 0.211834 -0.487299 0.847152
v -261.349 -121.424 749.017
vn -0.0403249 0.989829 -0.136431
v -261.349 -121.424 749.017
vn -0.604143 0.147294 0.783144
v -261.349 -121.424 749.017
vn 0.990505 0.119013 -0.0688238
v -261.293 -121.284 749.293
vn -0.402345 0.260477 -0.877651
v -261.293 -121.284 749.293
vn -0.00660008 0.956975 -0.290096
v -261.293 -121.284 749.293
vn 0.014712 -0.878762 0.477034
v -261.506 -121.37 749.204
vn 0.943524 0.325262 -0.0629845
v -261.506 -121.37 749.204
vn 0.353654 -0.181141 0.917669
v -261.506 -121.37 749.204
vn -0.112701 -0.949813 0.29181
v -261.364 -121.367 749.3
vn -0.402345 0.260477 -0.877651
v -261.364 -121.367 749.3
vn -0.962753 -0.248281 0.107064
v -261.364 -121.367 749.3
vn -0.00660008 0.956975 -0.290096
v -261.384 -121.271 749.338
vn -0.962753 -0.248281 0.107064
v -261.384 -121.271 749.338
vn -0.637856 0.343332 0.689393
v -261.384 -121.271 749.338
vn 0.255996 -0.399659 0.880192
v -261.361 -121.338 749.394
vn -0.962753 -0.248281 0.107064
v -261.361 -121.338 749.394
vn -0.637856 0.343332 0.689393
v -261.361 -121.338 749.394
vn 0.255996 -0.399659 0.880192
v -261.289 -121.247 749.415
vn -0.00660008 0.956975 -0.290096
v -261.289 -121.247 749.415
vn -0.637856 0.343332 0.689393
v -261.289 -121.247 749.415
vn 0.41114 0.659655 0.629142
v -261.435 -121.195 749.609
vn -0.542044 -0.467097 0.698576
v -261.435 -121.195 749.609
vn 0.988818 0.128709 0.0753252
v -261.137 -120.895 750.055
vn -0.477533 0.240611 -0.845026
v -261.137 -120.895 750.055
vn -0.0216596 0.988529 -0.149469
v -261.137 -120.895 750.055
vn -0.13971 -0.925729 0.351436
v -261.253 -121.028 750.083
vn -0.477533 0.240611 -0.845026
v -261.253 -121.028 750.083
vn -0.947345 -0.265781 0.178601
v -261.253 -121.028 750.083
vn -0.0216596 0.988529 -0.149469
v -261.283 -120.886 750.14
vn -0.947345 -0.265781 0.178601
v -261.283 -120.886 750.14
vn -0.590274 0.31999 0.741069
v -261.283 -120.886 750.14
vn 0.221193 -0.353574 0.908878
v -261.242 -120.98 750.213
vn -0.947345 -0.265781 0.178601
v -261.242 -120.98 750.213
vn -0.590274 0.31999 0.741069
v -261.242 -120.98 750.213
vn 0.221193 -0.353574 0.908878
v -261.154 -120.869 750.235
vn -0.0216596 0.988529 -0.149469
v -261.154 -120.869 750.235
vn -0.590274 0.31999 0.741069
v -261.154 -120.869 750.235
vn -0.303446 0.547932 -0.779545
v -261.597 -121.478 748.741
vn 0.956098 0.229443 -0.182295
v -261.597 -121.478 748.741
vn -0.0345894 0.934553 -0.354139
v -261.597 -121.478 748.741
vn -0.977155 0.0170652 0.211841
v -261.672 -121.466 748.778
vn -0.0345894 0.934553 -0.354139
v -261.672 -121.466 748.778
vn -0.674073 0.432508 0.598801
v -261.672 -121.466 748.778
vn -0.977155 0.0170652 0.211841
v -261.661 -121.529 748.836
vn 0.246648 -0.351655 0.903052
v -261.661 -121.529 748.836
vn -0.674073 0.432508 0.598801
v -261.661 -121.529 748.836
vn 0.246648 -0.351655 0.903052
v -261.586 -121.435 748.852
vn -0.0345894 0.934553 -0.354139
v -261.586 -121.435 748.852
vn -0.674073 0.432508 0.598801
v -261.586 -121.435 748.852
vn 0.014712 -0.878762 0.477034
v -261.645 -121.45 749.061
vn -0.19518 0.575609 -0.79409
v -261.645 -121.45 749.061
vn -0.972861 -0.0039698 0.231354
v -261.645 -121.45 749.061
vn 0.943524 0.325262 -0.0629845
v -261.535 -121.296 749.146
vn -0.19518 0.575609 -0.79409
v -261.535 -121.296 749.146
vn 0.125741 0.964447 -0.232447
v -261.535 -121.296 749.146
vn 0.973579 0.199187 -0.111664
v -261.841 -121.492 748.915
vn 0.297608 -0.340997 0.891712
v -261.841 -121.492 748.915
vn 0.125741 0.964447 -0.232447
v -261.617 -121.277 749.179
vn -0.972861 -0.0039698 0.231354
v -261.617 -121.277 749.179
vn -0.49549 0.520998 0.695018
v -261.617 -121.277 749.179
vn 0.353654 -0.181141 0.917669
v -261.601 -121.35 749.245
vn -0.972861 -0.0039698 0.231354
v -261.601 -121.35 749.245
vn -0.49549 0.520998 0.695018
v -261.601 -121.35 749.245
vn 0.353654 -0.181141 0.917669
v -261.537 -121.275 749.235
vn 0.125741 0.964447 -0.232447
v -261.537 -121.275 749.235
vn -0.49549 0.520998 0.695018
v -261.537 -121.275 749.235
vn -0.274286 0.615105 -0.739197
v -261.575 -121.263 749.455
vn -0.542044 -0.467097 0.698576
v -261.575 -121.263 749.455
vn -0.274286 0.615105 -0.739197
v -261.467 -121.11 749.542
vn 0.41114 0.659655 0.629142
v -261.467 -121.11 749.542
vn 0.979244 0.186861 -0.0785146
v -261.753 -121.331 749.324
vn -0.0475168 -0.939492 0.339259
v -261.753 -121.331 749.324
vn 0.316911 -0.335193 0.88725
v -261.753 -121.331 749.324
vn 0.41114 0.659655 0.629142
v -261.551 -121.097 749.583
vn -0.542044 -0.467097 0.698576
v -261.551 -121.097 749.583
vn 0.273588 -0.167145 0.947213
v -261.506 -121.076 749.85
vn 0.976373 0.203749 -0.0719924
v -261.712 -121.129 749.722
vn -0.0628526 -0.936024 0.346278
v -261.712 -121.129 749.722
vn 0.305508 -0.321157 0.896394
v -261.712 -121.129 749.722
vn 0.273588 -0.167145 0.947213
v -261.534 -121.109 749.852
vn 0.273588 -0.167145 0.947213
v -261.552 -121.062 749.865
vn -0.822526 -0.19841 0.532996
v -261.428 -120.881 750.23
vn 0.973579 0.199187 -0.111664
v -261.857 -121.439 748.869
vn -0.757717 0.630993 -0.166469
v -261.857 -121.439 748.869
vn 0.297608 -0.340997 0.891712
v -261.905 -121.478 748.942
vn -0.757717 0.630993 -0.166469
v -261.905 -121.478 748.942
vn 0.297608 -0.340997 0.891712
v -261.853 -121.413 748.949
vn -0.757717 0.630993 -0.166469
v -261.853 -121.413 748.949
vn 0.979244 0.186861 -0.0785146
v -261.776 -121.242 749.246
vn -0.348299 0.388292 -0.853181
v -261.776 -121.242 749.246
vn 0.0209481 0.959322 -0.281538
v -261.776 -121.242 749.246
vn -0.972757 -0.227962 0.0421463
v -262.108 -121.435 749.03
vn -0.0475168 -0.939492 0.339259
v -261.869 -121.358 749.231
vn -0.348299 0.388292 -0.853181
v -261.869 -121.358 749.231
vn -0.98281 -0.135976 0.124884
v -261.869 -121.358 749.231
vn 0.0209481 0.959322 -0.281538
v -261.879 -121.225 749.296
vn -0.98281 -0.135976 0.124884
v -261.879 -121.225 749.296
vn -0.606984 0.435834 0.664544
v -261.879 -121.225 749.296
vn 0.316911 -0.335193 0.88725
v -261.858 -121.309 749.37
vn -0.98281 -0.135976 0.124884
v -261.858 -121.309 749.37
vn -0.606984 0.435834 0.664544
v -261.858 -121.309 749.37
vn 0.316911 -0.335193 0.88725
v -261.773 -121.203 749.379
vn 0.0209481 0.959322 -0.281538
v -261.773 -121.203 749.379
vn -0.606984 0.435834 0.664544
v -261.773 -121.203 749.379
vn 0.976373 0.203749 -0.0719924
v -261.728 -121.072 749.672
vn -0.354218 0.392439 -0.848836
v -261.728 -121.072 749.672
vn 0.0174494 0.962288 -0.271473
v -261.728 -121.072 749.672
vn 0.952178 -0.0503832 -0.30136
v -262.026 -121.269 749.438
vn -0.104318 -0.950723 0.291964
v -262.026 -121.269 749.438
vn 0.171883 -0.610116 0.773444
v -262.026 -121.269 749.438
vn 0.952178 -0.0503832 -0.30136
v -261.98 -121.107 749.556
vn 0.171883 -0.610116 0.773444
v -261.98 -121.107 749.556
vn -0.780055 0.293166 0.552781
v -261.98 -121.107 749.556
vn -0.0628526 -0.936024 0.346278
v -261.788 -121.146 749.663
vn -0.354218 0.392439 -0.848836
v -261.788 -121.146 749.663
vn -0.982707 -0.131701 0.130159
v -261.788 -121.146 749.663
vn 0.0174494 0.962288 -0.271473
v -261.793 -121.062 749.704
vn -0.982707 -0.131701 0.130159
v -261.793 -121.062 749.704
vn -0.603637 0.438038 0.666142
v -261.793 -121.062 749.704
vn 0.305508 -0.321157 0.896394
v -261.78 -121.114 749.751
vn -0.982707 -0.131701 0.130159
v -261.78 -121.114 749.751
vn -0.603637 0.438038 0.666142
v -261.78 -121.114 749.751
vn 0.305508 -0.321157 0.896394
v -261.727 -121.048 749.756
vn 0.0174494 0.962288 -0.271473
v -261.727 -121.048 749.756
vn -0.603637 0.438038 0.666142
v -261.727 -121.048 749.756
vn 0.943067 -0.0724855 -0.324608
v -261.972 -121.079 749.839
vn -0.0550151 -0.954962 0.291582
v -261.972 -121.079 749.839
vn 0.209298 -0.637655 0.741344
v -261.972 -121.079 749.839
vn 0.209298 -0.637655 0.741344
v -261.919 -120.923 749.959
vn -0.0845829 0.850557 -0.519036
v -261.919 -120.923 749.959
vn -0.789674 0.253121 0.558878
v -261.919 -120.923 749.959
vn -0.749172 0.300822 0.590125
v -261.688 -120.824 750.43
vn -0.972757 -0.227962 0.0421463
v -262.118 -121.401 749
vn -0.972757 -0.227962 0.0421463
v -262.119 -121.389 749.049
vn -0.141116 0.880005 -0.453516
v -262.04 -121.207 749.382
vn 0.952178 -0.0503832 -0.30136
v -262.04 -121.207 749.382
vn -0.416672 0.322788 -0.849819
v -262.04 -121.207 749.382
vn -0.971961 -0.234862 0.0114739
v -262.373 -121.381 749.146
vn -0.104318 -0.950723 0.291964
v -262.1 -121.278 749.384
vn -0.416672 0.322788 -0.849819
v -262.1 -121.278 749.384
vn -0.981522 -0.171699 0.084465
v -262.1 -121.278 749.384
vn -0.416672 0.322788 -0.849819
v -262.111 -121.198 749.419
vn -0.981522 -0.171699 0.084465
v -262.111 -121.198 749.419
vn -0.780055 0.293166 0.552781
v -262.111 -121.198 749.419
vn 0.171883 -0.610116 0.773444
v -262.097 -121.253 749.467
vn -0.981522 -0.171699 0.084465
v -262.097 -121.253 749.467
vn -0.780055 0.293166 0.552781
v -262.097 -121.253 749.467
vn 0.943067 -0.0724855 -0.324608
v -261.983 -121.029 749.795
vn -0.349429 0.318548 -0.881151
v -261.983 -121.029 749.795
vn -0.0845829 0.850557 -0.519036
v -261.983 -121.029 749.795
vn -0.984446 -0.0940573 0.148392
v -262.303 -121.204 749.551
vn -0.0550151 -0.954962 0.291582
v -262.033 -121.09 749.793
vn -0.349429 0.318548 -0.881151
v -262.033 -121.09 749.793
vn -0.97512 -0.201162 0.0931379
v -262.033 -121.09 749.793
vn -0.0845829 0.850557 -0.519036
v -262.045 -121.018 749.823
vn -0.97512 -0.201162 0.0931379
v -262.045 -121.018 749.823
vn -0.789674 0.253121 0.558878
v -262.045 -121.018 749.823
vn 0.209298 -0.637655 0.741344
v -262.031 -121.068 749.866
vn -0.97512 -0.201162 0.0931379
v -262.031 -121.068 749.866
vn -0.789674 0.253121 0.558878
v -262.031 -121.068 749.866
vn 0.952036 -0.0898335 -0.292503
v -262.236 -121.025 749.956
vn -0.506991 -0.407717 0.759425
v -262.236 -121.025 749.956
vn -0.971961 -0.234862 0.0114739
v -262.378 -121.362 749.129
vn -0.971961 -0.234862 0.0114739
v -262.379 -121.356 749.156
vn -0.984446 -0.0940573 0.148392
v -262.31 -121.176 749.526
vn -0.984446 -0.0940573 0.148392
v -262.304 -121.155 749.577
vn 0.952036 -0.0898335 -0.292503
v -262.243 -120.99 749.923
vn -0.757944 0.630783 -0.166237
v -262.243 -120.99 749.923
vn -0.506991 -0.407717 0.759425
v -262.275 -121.027 749.928
vn -0.757944 0.630783 -0.166237
v -262.275 -121.027 749.928
vn -0.506991 -0.407717 0.759425
v -262.196 -120.9 750.05
vn -0.757944 0.630783 -0.166237
v -262.196 -120.9 750.05
vn -0.365578 0.281234 -0.887277
v -262.176 -120.805 750.322
vn 0.967664 0.238788 0.0812822
v -262.513 -120.959 750.067
vn -0.475378 0.180087 -0.861153
v -262.513 -120.959 750.067
vn 8.34079e-005 0.991553 -0.129699
v -262.513 -120.959 750.067
vn 0.594808 -0.398534 0.698122
v -260.877 -120.606 751.172
vn -0.761777 -0.647034 0.0322913
v -260.877 -120.606 751.172
vn -0.822526 -0.19841 0.532996
v -261.326 -120.815 750.412
vn -0.293891 -0.88037 0.37226
v -261.186 -120.839 750.493
vn -0.616544 -0.783444 0.0780322
v -261.186 -120.839 750.493
vn 0.0751336 0.847974 -0.524685
v -261.186 -120.839 750.493
vn -0.822526 -0.19841 0.532996
v -261.361 -120.762 750.379
vn -0.749172 0.300822 0.590125
v -261.586 -120.765 750.529
vn -0.749172 0.300822 0.590125
v -261.602 -120.707 750.479
vn 0.967664 0.238788 0.0812822
v -262.512 -120.961 750.069
vn -0.158817 -0.971092 0.178207
v -262.512 -120.961 750.069
vn 0.309796 -0.229317 0.922735
v -262.512 -120.961 750.069
vn -0.365578 0.281234 -0.887277
v -262.217 -120.854 750.323
vn -0.365578 0.281234 -0.887277
v -262.229 -120.796 750.347
vn 0.949004 0.291651 0.119715
v -262.449 -120.779 750.472
vn -0.181559 -0.968315 0.171472
v -262.449 -120.779 750.472
vn 0.333096 -0.181231 0.925312
v -262.449 -120.779 750.472
vn -0.475378 0.180087 -0.861153
v -262.514 -120.961 750.068
vn -0.158817 -0.971092 0.178207
v -262.514 -120.961 750.068
vn -0.966489 -0.256643 -0.00573257
v -262.514 -120.961 750.068
vn 8.34079e-005 0.991553 -0.129699
v -262.515 -120.959 750.068
vn -0.966489 -0.256643 -0.00573257
v -262.515 -120.959 750.068
vn -0.528787 0.468156 0.707965
v -262.515 -120.959 750.068
vn 0.309796 -0.229317 0.922735
v -262.514 -120.961 750.07
vn -0.966489 -0.256643 -0.00573257
v -262.514 -120.961 750.07
vn -0.528787 0.468156 0.707965
v -262.514 -120.961 750.07
vn 8.34079e-005 0.991553 -0.129699
v -262.513 -120.959 750.07
vn 0.309796 -0.229317 0.922735
v -262.513 -120.959 750.07
vn -0.528787 0.468156 0.707965
v -262.513 -120.959 750.07
vn 0.949004 0.291651 0.119715
v -262.449 -120.777 750.471
vn -0.494911 0.171537 -0.851844
v -262.449 -120.777 750.471
vn 0.0209948 0.996736 -0.077956
v -262.449 -120.777 750.471
vn -0.181559 -0.968315 0.171472
v -262.451 -120.779 750.471
vn -0.494911 0.171537 -0.851844
v -262.451 -120.779 750.471
vn -0.966475 -0.2567 -0.00556183
v -262.451 -120.779 750.471
vn 0.0209948 0.996736 -0.077956
v -262.452 -120.777 750.472
vn -0.966475 -0.2567 -0.00556183
v -262.452 -120.777 750.472
vn -0.502349 0.499467 0.705818
v -262.452 -120.777 750.472
vn 0.333096 -0.181231 0.925312
v -262.451 -120.778 750.473
vn -0.966475 -0.2567 -0.00556183
v -262.451 -120.778 750.473
vn -0.502349 0.499467 0.705818
v -262.451 -120.778 750.473
vn 0.333096 -0.181231 0.925312
v -262.45 -120.777 750.473
vn 0.0209948 0.996736 -0.077956
v -262.45 -120.777 750.473
vn -0.502349 0.499467 0.705818
v -262.45 -120.777 750.473
vn 0.979862 0.199664 0.00216356
v -262.045 -120.479 751.166
vn -0.073897 -0.964425 0.253819
v -262.045 -120.479 751.166
vn 0.345959 -0.287876 0.892995
v -262.045 -120.479 751.166
vn -0.760933 -0.632357 0.145278
v -261.924 -120.111 751.972
vn -0.622307 0.585469 0.519576
v -261.924 -120.111 751.972
vn 0.626051 -0.585043 -0.515544
v -261.924 -120.111 751.972
vn -0.270238 -0.744894 0.610003
v -261.924 -120.111 751.972
vn -0.272876 -0.745568 0.608003
v -261.751 -120.054 752.118
vn -0.0844602 -0.892965 0.442131
v -261.676 -120.031 752.18
vn -0.622768 0.58715 0.517122
v -261.676 -120.031 752.18
vn -0.442331 -0.161813 -0.882134
v -261.676 -120.031 752.18
vn 0.614749 -0.593038 -0.519991
v -261.676 -120.031 752.18
vn 0.92664 0.314378 -0.206165
v -261.676 -120.031 752.18
vn -0.698739 -0.562937 -0.441436
v -261.676 -120.031 752.18
vn -0.275511 -0.746233 0.605995
v -261.676 -120.031 752.18
vn 0.757759 -0.630953 0.166431
v -261.676 -120.031 752.18
vn -0.813333 -0.390234 0.431517
v -261.676 -120.031 752.18
vn 0.686354 -0.0376664 0.726292
v -261.676 -120.031 752.18
vn 0.979862 0.199664 0.00216356
v -262.053 -120.443 751.133
vn -0.360382 0.249758 -0.898746
v -262.053 -120.443 751.133
vn 0.0945219 0.975134 -0.200448
v -262.053 -120.443 751.133
vn -0.073897 -0.964425 0.253819
v -262.088 -120.484 751.135
vn -0.360382 0.249758 -0.898746
v -262.088 -120.484 751.135
vn -0.963257 -0.259736 0.0683578
v -262.088 -120.484 751.135
vn 0.0945219 0.975134 -0.200448
v -262.1 -120.434 751.154
vn -0.963257 -0.259736 0.0683578
v -262.1 -120.434 751.154
vn -0.525281 0.437092 0.730089
v -262.1 -120.434 751.154
vn 0.345959 -0.287876 0.892995
v -262.088 -120.471 751.185
vn -0.963257 -0.259736 0.0683578
v -262.088 -120.471 751.185
vn -0.525281 0.437092 0.730089
v -262.088 -120.471 751.185
vn 0.345959 -0.287876 0.892995
v -262.055 -120.432 751.185
vn 0.0945219 0.975134 -0.200448
v -262.055 -120.432 751.185
vn -0.525281 0.437092 0.730089
v -262.055 -120.432 751.185
vn 0.952229 0.268047 0.14632
v -262.323 -120.414 751.279
vn -0.169734 -0.970679 0.170215
v -262.323 -120.414 751.279
vn 0.319625 -0.174969 0.931249
v -262.323 -120.414 751.279
vn -0.0940749 0.873665 -0.477346
v -262.018 -120.066 751.669
vn -0.621841 0.583784 0.522025
v -261.777 -119.905 751.917
vn 0.620416 -0.589056 -0.517781
v -261.777 -119.905 751.917
vn 0.92664 0.314378 -0.206165
v -261.777 -119.905 751.917
vn 0.952229 0.268047 0.14632
v -262.323 -120.412 751.277
vn -0.505307 0.166899 -0.846646
v -262.323 -120.412 751.277
vn 0.00740632 0.998272 -0.0582936
v -262.323 -120.412 751.277
vn -0.169734 -0.970679 0.170215
v -262.325 -120.414 751.278
vn -0.505307 0.166899 -0.846646
v -262.325 -120.414 751.278
vn -0.967561 -0.251848 -0.0199701
v -262.325 -120.414 751.278
vn 0.00740632 0.998272 -0.0582936
v -262.325 -120.412 751.279
vn -0.967561 -0.251848 -0.0199701
v -262.325 -120.412 751.279
vn -0.500244 0.506302 0.702435
v -262.325 -120.412 751.279
vn 0.319625 -0.174969 0.931249
v -262.325 -120.414 751.28
vn -0.967561 -0.251848 -0.0199701
v -262.325 -120.414 751.28
vn -0.500244 0.506302 0.702435
v -262.325 -120.414 751.28
vn 0.319625 -0.174969 0.931249
v -262.323 -120.412 751.28
vn 0.00740632 0.998272 -0.0582936
v -262.323 -120.412 751.28
vn -0.500244 0.506302 0.702435
v -262.323 -120.412 751.28
vn -0.601093 0.426983 0.675554
v -262.478 -120.25 751.527
vn -0.601093 0.426983 0.675554
v -262.484 -120.228 751.508
vn -0.601093 0.426983 0.675554
v -262.507 -120.256 751.505
vn -0.506638 0.679323 0.530884
v -261.145 -119.626 752.226
vn -0.702946 0.15678 -0.693749
v -261.145 -119.626 752.226
vn -0.600604 0.672069 -0.433126
v -261.145 -119.626 752.226
vn -0.506638 0.679323 0.530884
v -261.388 -119.944 752.4
vn -0.761777 -0.647034 0.0322913
v -261.388 -119.944 752.4
vn -0.919584 -0.319933 0.228052
v -261.388 -119.944 752.4
vn -0.702946 0.15678 -0.693749
v -261.388 -119.944 752.4
vn 0.50659 0.408019 -0.759531
v -261.408 -119.939 752.409
vn -0.38615 -0.888763 -0.246959
v -261.408 -119.939 752.409
vn 0.173089 -0.258839 0.950286
v -261.408 -119.939 752.409
vn -0.702946 0.15678 -0.693749
v -261.442 -119.71 752.509
vn 0.034524 -0.564775 -0.824522
v -261.442 -119.71 752.509
vn -0.522371 0.12702 -0.843205
v -261.442 -119.71 752.509
vn -0.449783 0.758856 -0.470991
v -261.442 -119.71 752.509
vn -0.919584 -0.319933 0.228052
v -261.364 -119.859 752.614
vn 0.034524 -0.564775 -0.824522
v -261.364 -119.859 752.614
vn -0.488721 0.682297 -0.543711
v -261.569 -119.839 752.091
vn 0.147267 0.854133 -0.498768
v -261.569 -119.839 752.091
vn -0.622307 0.585469 0.519576
v -261.569 -119.839 752.091
vn -0.442331 -0.161813 -0.882134
v -261.569 -119.839 752.091
vn 0.594808 -0.398534 0.698122
v -261.498 -119.827 752.145
vn -0.506638 0.679323 0.530884
v -261.498 -119.827 752.145
vn -0.761777 -0.647034 0.0322913
v -261.498 -119.827 752.145
vn 0.295474 0.911027 0.287619
v -261.498 -119.827 752.145
vn -0.38615 -0.888763 -0.246959
v -261.498 -119.827 752.145
vn 0.757759 -0.630953 0.166431
v -261.498 -119.827 752.145
vn 0.757759 -0.630953 0.166431
v -261.603 -119.869 752.463
vn 0.173089 -0.258839 0.950286
v -261.603 -119.869 752.463
vn -0.813333 -0.390234 0.431517
v -261.603 -119.869 752.463
vn -0.629033 0.424421 0.651294
v -261.603 -119.869 752.463
vn 0.173089 -0.258839 0.950286
v -261.478 -119.713 752.483
vn -0.629033 0.424421 0.651294
v -261.478 -119.713 752.483
vn -0.0139662 -0.820157 0.571968
v -261.72 -119.845 752.514
vn 0.25978 -0.287865 0.921764
v -261.72 -119.845 752.514
vn 0.506689 0.408106 -0.759418
v -261.72 -119.845 752.514
vn 0.18048 0.959064 0.218228
v -261.72 -119.845 752.514
vn -0.107315 -0.907039 0.407142
v -261.608 -119.841 752.591
vn -0.522371 0.12702 -0.843205
v -261.608 -119.841 752.591
vn -0.94859 -0.203788 -0.242172
v -261.608 -119.841 752.591
vn -0.348362 0.803515 -0.482709
v -261.649 -119.704 752.637
vn -0.94859 -0.203788 -0.242172
v -261.649 -119.704 752.637
vn 0.92664 0.314378 -0.206165
v -261.753 -119.807 752.177
vn 0.00129421 0.955747 -0.294186
v -261.753 -119.807 752.177
vn 0.50659 0.408019 -0.759531
v -261.751 -119.782 752.264
vn 0.015312 0.961039 -0.275989
v -261.751 -119.782 752.264
vn -0.813333 -0.390234 0.431517
v -261.751 -119.782 752.264
vn 0.686354 -0.0376664 0.726292
v -261.751 -119.782 752.264
vn 0.535011 -0.801678 -0.266602
v -261.751 -119.782 752.264
vn -0.629033 0.424421 0.651294
v -261.751 -119.782 752.264
vn 0.18048 0.959064 0.218228
v -261.751 -119.782 752.264
vn 0.686354 -0.0376664 0.726292
v -261.898 -119.924 752.396
vn 0.535011 -0.801678 -0.266602
v -261.898 -119.924 752.396
vn -0.0139662 -0.820157 0.571968
v -261.898 -119.924 752.396
vn -0.732853 -0.409119 0.543644
v -261.898 -119.924 752.396
vn 0.25978 -0.287865 0.921764
v -261.841 -119.812 752.558
vn -0.732853 -0.409119 0.543644
v -261.841 -119.812 752.558
vn -0.601005 0.433887 0.671219
v -261.841 -119.812 752.558
vn 0.506689 0.408106 -0.759418
v -261.753 -119.705 752.567
vn -0.601005 0.433887 0.671219
v -261.753 -119.705 752.567
vn -0.815562 0.0322247 0.577771
v -262.057 -119.696 752.896
vn -0.815562 0.0322247 0.577771
v -261.961 -119.576 753.025
vn -0.868647 -0.450793 0.205522
v -262.015 -119.755 752.365
vn -0.698739 -0.562937 -0.441436
v -262.015 -119.755 752.365
vn -0.0881515 0.935463 -0.342256
v -262.015 -119.755 752.365
vn 0.506689 0.408106 -0.759418
v -262.015 -119.755 752.365
vn 0.18048 0.959064 0.218228
v -262.015 -119.755 752.365
vn -0.732853 -0.409119 0.543644
v -262.015 -119.755 752.365
vn -0.601005 0.433887 0.671219
v -262.015 -119.755 752.365
vn -0.815562 0.0322247 0.577771
v -261.977 -119.542 753
vn -0.976333 -0.208101 -0.0588955
v -262.247 -119.469 753.418
vn -0.77354 0.139734 0.618151
v -262.171 -119.297 753.824
vn -0.77354 0.139734 0.618151
v -262.046 -119.201 753.96
vn -0.976333 -0.208101 -0.0588955
v -262.25 -119.448 753.399
vn -0.976333 -0.208101 -0.0588955
v -262.253 -119.444 753.428
vn -0.77354 0.139734 0.618151
v -262.082 -119.116 753.894
vn -0.460725 0.793853 -0.396901
v -261.637 -118.297 754.97
vn -0.94859 -0.203788 -0.242172
v -262.192 -119.045 754.209
vn -0.470609 0.776068 -0.419817
v -262.192 -119.045 754.209
vn -0.971486 -0.171843 0.163354
v -262.192 -119.045 754.209
vn -0.98287 -0.184273 0.00328923
v -262.367 -119.065 754.345
vn -0.971486 -0.171843 0.163354
v -262.162 -118.835 754.605
vn -0.411112 -0.659857 -0.628948
v -262.162 -118.835 754.605
vn -0.971486 -0.171843 0.163354
v -262.125 -118.953 754.705
vn -0.411103 -0.659866 -0.628945
v -262.125 -118.953 754.705
vn 0.78634 -0.375578 -0.490521
v -262.276 -118.906 754.755
vn -0.411112 -0.659857 -0.628948
v -262.276 -118.906 754.755
vn -0.512571 -0.41784 0.750121
v -262.276 -118.906 754.755
vn -0.649672 -0.705568 0.283019
v -262.276 -118.906 754.755
vn -0.822275 0.297318 0.485248
v -262.09 -118.425 755.4
vn -0.952893 -0.302136 0.026631
v -262.09 -118.425 755.4
vn -0.229109 -0.916167 0.328857
v -262.225 -118.679 755.437
vn -0.684859 0.474825 0.552729
v -262.225 -118.679 755.437
vn 0.772502 -0.480139 -0.41558
v -262.225 -118.679 755.437
vn 0.772502 -0.480139 -0.41558
v -262.094 -118.587 755.574
vn 0.277988 -0.662403 -0.695662
v -262.094 -118.587 755.574
vn 0.220454 -0.911851 0.346307
v -262.094 -118.587 755.574
vn -0.344996 -0.879148 0.328751
v -262.094 -118.587 755.574
vn -0.758797 0.388751 0.52259
v -262.029 -118.599 755.611
vn -0.952893 -0.302136 0.026631
v -262.029 -118.599 755.611
vn 0.277988 -0.662403 -0.695662
v -262.029 -118.599 755.611
vn 0.942391 0.315621 -0.110827
v -262.029 -118.599 755.611
vn -0.698103 0.695441 0.170333
v -261.804 -117.993 756.35
vn -0.799396 -0.273918 -0.534729
v -261.804 -117.993 756.35
vn -0.0366954 -0.908255 0.416806
v -262.059 -118.347 756.253
vn -0.87977 -0.346015 0.326003
v -262.059 -118.347 756.253
vn 0.0323914 -0.995827 0.0853239
v -262.059 -118.347 756.253
vn 0.523376 -0.169968 0.834978
v -262.059 -118.347 756.253
vn 0.996987 -0.0570314 -0.0525853
v -262.111 -118.27 756.523
vn 0.0822479 -0.912968 0.399657
v -262.111 -118.27 756.523
vn 0.339448 -0.503922 0.794253
v -262.111 -118.27 756.523
vn 0.148265 0.988282 0.0362838
v -261.95 -118.22 756.684
vn -0.87977 -0.346015 0.326003
v -261.95 -118.22 756.684
vn -0.698103 0.695441 0.170333
v -261.95 -118.22 756.684
vn -0.799396 -0.273918 -0.534729
v -261.95 -118.22 756.684
vn -0.713047 0.530559 -0.458335
v -261.987 -117.869 757.612
vn -0.563632 0.825804 0.0191381
v -261.987 -117.869 757.612
vn -0.806724 -0.566283 0.168879
v -261.987 -117.869 757.612
vn -0.713047 0.530559 -0.458335
v -261.491 -117.523 757.243
vn -0.368684 0.893408 -0.256699
v -261.491 -117.523 757.243
vn -0.38942 0.890943 -0.23361
v -261.442 -117.023 758.911
vn -0.820617 0.465276 0.331822
v -261.247 -117.048 759.129
vn 0.943966 0.203731 0.259655
v -261.247 -117.048 759.129
vn -0.820617 0.465276 0.331822
v -261.038 -116.997 759.574
vn 0.0518558 0.358447 -0.932109
v -261.038 -116.997 759.574
vn -0.279188 0.752999 0.595858
v -261.038 -116.997 759.574
vn -0.590954 -0.043157 -0.80555
v -261.038 -116.997 759.574
vn -0.820617 0.465276 0.331822
v -261.274 -117.316 759.438
vn 0.943966 0.203731 0.259655
v -261.274 -117.316 759.438
vn 0.0518558 0.358447 -0.932109
v -261.274 -117.316 759.438
vn 0.271674 -0.293304 0.916606
v -261.274 -117.316 759.438
vn -0.956061 -0.275794 0.0994271
v -261.274 -117.316 759.438
vn -0.956061 -0.275794 0.0994271
v -261.335 -117.071 759.529
vn -0.279188 0.752999 0.595858
v -261.335 -117.071 759.529
vn -0.956061 -0.275794 0.0994271
v -261.267 -117.225 759.755
vn -0.279188 0.752999 0.595858
v -261.267 -117.225 759.755
vn -0.507172 -0.851518 0.133018
v -261.267 -117.225 759.755
vn -0.590954 -0.043157 -0.80555
v -261.267 -117.225 759.755
vn 0.271674 -0.293304 0.916606
v -261.355 -117.07 759.541
vn 0.652116 -0.757606 0.0278842
v -261.355 -117.07 759.541
vn 0.1223 0.990816 0.0576694
v -261.355 -117.07 759.541
vn 0.591196 0.476601 0.650645
v -261.355 -117.07 759.541
vn 0.271674 -0.293304 0.916606
v -261.563 -117.248 759.545
vn 0.652116 -0.757606 0.0278842
v -261.563 -117.248 759.545
vn -0.119985 -0.926127 0.357621
v -261.5 -117.187 759.758
vn 0.591196 0.476601 0.650645
v -261.5 -117.187 759.758
vn -0.590954 -0.043157 -0.80555
v -261.535 -117.036 759.941
vn -0.352776 0.852593 -0.385531
v -261.535 -117.036 759.941
vn -0.975398 0.150798 -0.16081
v -261.535 -117.036 759.941
vn -0.507172 -0.851518 0.133018
v -261.641 -116.845 760.763
vn -0.762594 -0.288768 0.578847
v -261.641 -116.845 760.763
vn -0.975398 0.150798 -0.16081
v -261.641 -116.845 760.763
vn -0.242306 0.86078 0.447599
v -261.414 -116.723 761.123
vn -0.762594 -0.288768 0.578847
v -261.414 -116.723 761.123
vn -0.203431 0.940142 -0.273402
v -261.414 -116.723 761.123
vn -0.931283 -0.364228 -0.00711085
v -261.546 -116.689 761.173
vn 0.428501 0.147652 0.891395
v -261.702 -117.035 760.049
vn 0.428501 0.147652 0.891395
v -261.726 -117.06 760.064
vn 0.428501 0.147652 0.891395
v -261.746 -117.027 760.069
vn -0.242306 0.86078 0.447599
v -261.629 -116.654 760.873
vn -0.762594 -0.288768 0.578847
v -261.629 -116.654 760.873
vn -0.975398 0.150798 -0.16081
v -261.629 -116.654 760.873
vn -0.931283 -0.364228 -0.00711085
v -261.578 -116.607 761.108
vn -0.95228 -0.255611 -0.16681
v -261.924 -116.775 760.875
vn -0.931283 -0.364228 -0.00711085
v -261.585 -116.591 761.2
vn -0.242306 0.86078 0.447599
v -260.769 -116.568 761.175
vn -0.813752 -0.483742 0.322183
v -261.241 -116.743 761.348
vn -0.813752 -0.483742 0.322183
v -261.35 -116.606 761.276
vn -0.813752 -0.483742 0.322183
v -261.335 -116.56 761.383
vn -0.487728 0.560265 0.669496
v -261.597 -116.557 761.386
vn -0.487728 0.560265 0.669496
v -261.655 -116.623 761.4
vn 0.582401 0.581958 0.567568
v -260.9 -116.453 763.048
vn -0.0445742 0.0371044 0.998317
v -260.9 -116.453 763.048
vn 0.582401 0.581958 0.567568
v -260.888 -116.27 762.848
vn -0.998062 -0.00392576 -0.0621107
v -260.888 -116.27 762.848
vn -0.840924 -0.536734 0.0690211
v -261.241 -116.439 762.301
vn -0.936522 -0.348054 0.0422404
v -261.322 -116.336 762.565
vn -0.67265 -0.72822 0.131293
v -261.218 -116.223 762.696
vn -0.759837 0.632502 0.150298
v -261.218 -116.223 762.696
vn -0.0445742 0.0371044 0.998317
v -261.182 -116.259 763.028
vn -0.759837 0.632502 0.150298
v -261.182 -116.259 763.028
vn 0.192705 0.974415 -0.11567
v -261.133 -116.2 763.028
vn -0.0445742 0.0371044 0.998317
v -261.133 -116.2 763.028
vn -0.759837 0.632502 0.150298
v -261.133 -116.2 763.028
vn -0.191887 -0.941128 0.278312
v -261.177 -116.19 763.268
vn -0.540894 0.240506 -0.805972
v -261.177 -116.19 763.268
vn -0.977156 -0.196285 0.0814741
v -261.177 -116.19 763.268
vn -0.487728 0.560265 0.669496
v -261.588 -116.62 761.446
vn -0.840924 -0.536734 0.0690211
v -261.322 -116.321 762.231
vn -0.840924 -0.536734 0.0690211
v -261.326 -116.303 762.317
vn -0.936522 -0.348054 0.0422404
v -261.347 -116.275 762.517
vn -0.936522 -0.348054 0.0422404
v -261.35 -116.26 762.588
vn -0.934558 0.25975 -0.243168
v -260.973 -116.088 763.985
vn 0.158122 0.960576 -0.228672
v -260.923 -116.167 763.398
vn -0.731773 -0.657336 0.180049
v -260.923 -116.167 763.398
vn -0.361998 0.920467 -0.147304
v -260.923 -116.167 763.398
vn -0.191887 -0.941128 0.278312
v -261.175 -116.19 763.269
vn 0.937532 0.300252 0.175735
v -261.175 -116.19 763.269
vn 0.254741 -0.180122 0.950086
v -261.175 -116.19 763.269
vn -0.934558 0.25975 -0.243168
v -260.955 -116.062 763.945
vn -0.934558 0.25975 -0.243168
v -260.97 -116.066 763.999
vn -0.540894 0.240506 -0.805972
v -261.175 -116.188 763.267
vn 0.937532 0.300252 0.175735
v -261.175 -116.188 763.267
vn -0.0377462 0.998698 -0.0343269
v -261.175 -116.188 763.267
vn -0.977156 -0.196285 0.0814741
v -261.178 -116.188 763.269
vn -0.0377462 0.998698 -0.0343269
v -261.178 -116.188 763.269
vn -0.534429 0.469659 0.702714
v -261.178 -116.188 763.269
vn -0.977156 -0.196285 0.0814741
v -261.177 -116.189 763.27
vn 0.254741 -0.180122 0.950086
v -261.177 -116.189 763.27
vn -0.534429 0.469659 0.702714
v -261.177 -116.189 763.27
vn 0.254741 -0.180122 0.950086
v -261.176 -116.187 763.27
vn -0.0377462 0.998698 -0.0343269
v -261.176 -116.187 763.27
vn -0.534429 0.469659 0.702714
v -261.176 -116.187 763.27
vn -0.757786 0.630893 -0.166538
v -260.626 -116.096 764.72
vn -0.587538 -0.790317 0.173775
v -260.626 -116.096 764.72
vn -0.0227702 0.109232 0.993755
v -260.626 -116.096 764.72
vn -0.75778 0.630845 -0.166746
v -260.452 -115.892 764.702
vn -0.0227702 0.109232 0.993755
v -260.452 -115.892 764.702
vn -0.338915 0.764745 0.547998
v -260.452 -115.892 764.702
vn -0.757774 0.630797 -0.166953
v -260.453 -115.891 764.71
vn -0.206046 0.443815 -0.872109
v -260.453 -115.891 764.71
vn 0.127602 -0.269926 -0.954388
v -260.453 -115.891 764.71
vn -0.206046 0.443815 -0.872109
v -260.731 -116.021 764.71
vn 0.127602 -0.269926 -0.954388
v -260.731 -116.021 764.71
vn 0.958609 -0.271049 0.0871828
v -260.731 -116.021 764.71
vn -0.0227702 0.109232 0.993755
v -260.731 -116.021 764.71
vn -0.338915 0.764745 0.547998
v -260.731 -116.021 764.71
vn -0.613065 -0.741976 0.271337
v -260.626 -116.089 764.743
vn 0.127602 -0.269926 -0.954388
v -260.626 -116.089 764.743
vn 0.958609 -0.271049 0.0871828
v -260.679 -115.886 764.554
vn -0.338915 0.764745 0.547998
v -260.679 -115.886 764.554
vn -0.577418 0.800251 -0.161825
v -260.679 -115.886 764.554
vn -0.206046 0.443815 -0.872109
v -260.685 -115.829 764.796
vn 0.958609 -0.271049 0.0871828
v -260.685 -115.829 764.796
vn -0.757576 0.631164 -0.166463
v -260.685 -115.829 764.796
vn -0.926418 -0.351091 0.13596
v -260.432 -115.905 765.762
vn -0.12771 0.991231 0.0339408
v -260.432 -115.905 765.762
vn -0.577418 0.800251 -0.161825
v -260.755 -115.82 765.151
vn -0.0308781 0.993541 0.109194
v -260.755 -115.82 765.151
vn 0.259117 -0.23372 -0.937141
v -266.234 -118.633 773.592
vn 0.783094 0.606942 -0.135591
v -266.234 -118.633 773.592
vn -0.502982 -0.83584 0.219955
v -266.234 -118.633 773.592
vn 0.11537 -0.194468 -0.974101
v -266.129 -118.701 773.889
vn 0.758657 0.6426 -0.107261
v -266.129 -118.701 773.889
vn -0.402141 0.231371 -0.885861
v -266.141 -118.64 774.175
vn 0.960825 0.272713 0.0494292
v -266.141 -118.64 774.175
vn 0.0762204 0.986811 -0.142812
v -266.141 -118.64 774.175
vn -0.402141 0.231371 -0.885861
v -266.142 -118.642 774.175
vn -0.119951 -0.972009 0.202017
v -266.142 -118.642 774.175
vn -0.970677 -0.2401 0.0117507
v -266.142 -118.642 774.175
vn 0.960825 0.272713 0.0494292
v -266.14 -118.642 774.177
vn -0.119951 -0.972009 0.202017
v -266.14 -118.642 774.177
vn 0.359634 -0.179868 0.915593
v -266.14 -118.642 774.177
vn 0.0762204 0.986811 -0.142812
v -266.143 -118.64 774.176
vn -0.970677 -0.2401 0.0117507
v -266.143 -118.64 774.176
vn -0.471126 0.513183 0.717415
v -266.143 -118.64 774.176
vn -0.970677 -0.2401 0.0117507
v -266.143 -118.641 774.178
vn 0.359634 -0.179868 0.915593
v -266.143 -118.641 774.178
vn -0.471126 0.513183 0.717415
v -266.143 -118.641 774.178
vn 0.0762204 0.986811 -0.142812
v -266.141 -118.64 774.177
vn 0.359634 -0.179868 0.915593
v -266.141 -118.64 774.177
vn -0.471126 0.513183 0.717415
v -266.141 -118.64 774.177
vn 0.964366 0.263932 0.0183991
v -266.229 -118.333 774.547
vn -0.097968 -0.980521 0.170235
v -266.229 -118.333 774.547
vn 0.390266 -0.208253 0.896841
v -266.229 -118.333 774.547
vn 0.966475 0.2567 0.00556183
v -265.693 -118.303 777.027
vn -0.0933585 -0.980903 0.170624
v -265.693 -118.303 777.027
vn 0.37105 -0.222438 0.901578
v -265.693 -118.303 777.027
vn 0.966475 0.2567 0.00556183
v -265.694 -118.302 777.026
vn -0.357465 0.205143 -0.911117
v -265.694 -118.302 777.026
vn 0.134166 0.975309 -0.175417
v -265.694 -118.302 777.026
vn -0.0933585 -0.980903 0.170624
v -265.695 -118.303 777.026
vn -0.357465 0.205143 -0.911117
v -265.695 -118.303 777.026
vn -0.959171 -0.282395 -0.015621
v -265.695 -118.303 777.026
vn 0.134166 0.975309 -0.175417
v -265.696 -118.301 777.027
vn -0.959171 -0.282395 -0.015621
v -265.696 -118.301 777.027
vn -0.472796 0.486165 0.73492
v -265.696 -118.301 777.027
vn 0.37105 -0.222438 0.901578
v -265.695 -118.303 777.028
vn -0.959171 -0.282395 -0.015621
v -265.695 -118.303 777.028
vn -0.472796 0.486165 0.73492
v -265.695 -118.303 777.028
vn 0.37105 -0.222438 0.901578
v -265.694 -118.301 777.028
vn 0.134166 0.975309 -0.175417
v -265.694 -118.301 777.028
vn -0.472796 0.486165 0.73492
v -265.694 -118.301 777.028
vn -0.487442 0.529388 0.694369
v -274.775 -138.847 732.013
vn -0.487442 0.529388 0.694369
v -274.773 -138.859 732.024
vn -0.487442 0.529388 0.694369
v -274.762 -138.847 732.022
vn 0.382818 0.812197 -0.440212
v -274.921 -138.548 731.477
vn -0.411253 -0.659675 -0.629047
v -274.921 -138.548 731.477
vn -0.411253 -0.659675 -0.629047
v -275.07 -138.47 731.492
vn -0.465753 0.221507 0.856743
v -275.07 -138.47 731.492
vn -0.411253 -0.659675 -0.629047
v -274.985 -138.599 731.572
vn -0.465753 0.221507 0.856743
v -274.985 -138.599 731.572
vn 0.382818 0.812197 -0.440212
v -274.903 -138.496 731.59
vn -0.465753 0.221507 0.856743
v -274.903 -138.496 731.59
vn -0.289529 0.781192 0.553094
v -275.033 -138.335 731.326
vn -0.289529 0.781192 0.553094
v -275.055 -138.408 731.417
vn -0.289529 0.781192 0.553094
v -274.984 -138.339 731.357
vn 0.918739 -0.140081 -0.369183
v -275.092 -138.431 731.498
vn -0.60228 -0.773854 0.195981
v -275.092 -138.431 731.498
vn -0.35146 -0.831262 0.430674
v -275.098 -138.26 730.972
vn -0.35146 -0.831262 0.430674
v -275.262 -138.179 730.994
vn -0.35146 -0.831262 0.430674
v -275.077 -138.198 731.107
vn 0.812613 0.294565 -0.502884
v -275.254 -138.24 731.757
vn -0.60228 -0.773854 0.195981
v -275.254 -138.24 731.757
vn -0.257066 -0.769184 -0.585041
v -275.254 -138.24 731.757
vn -0.887099 -0.369892 0.276108
v -275.254 -138.24 731.757
vn -0.423885 -0.261208 -0.867232
v -275.254 -138.24 731.757
vn 0.827195 -0.478296 0.294928
v -274.755 -138.779 732.247
vn -0.257066 -0.769184 -0.585041
v -274.755 -138.779 732.247
vn -0.510712 -0.70069 0.498203
v -275 -137.961 731.549
vn 0.945296 -0.012857 -0.32596
v -275 -137.961 731.549
vn -0.423885 -0.261208 -0.867232
v -275 -137.961 731.549
vn -0.257066 -0.769184 -0.585041
v -274.813 -138.826 732.334
vn -0.881606 -0.331455 0.33602
v -274.813 -138.826 732.334
vn -0.338684 -0.370759 0.864772
v -274.813 -138.826 732.334
vn 0.812613 0.294565 -0.502884
v -274.686 -138.486 732.53
vn -0.60228 -0.773854 0.195981
v -274.686 -138.486 732.53
vn 0.827195 -0.478296 0.294928
v -274.686 -138.486 732.53
vn -0.338684 -0.370759 0.864772
v -274.686 -138.486 732.53
vn 0.566579 -0.604141 -0.560358
v -274.686 -138.486 732.53
vn 0.566579 -0.604141 -0.560358
v -274.747 -138.662 732.658
vn -0.858871 -0.409801 0.307254
v -274.747 -138.662 732.658
vn 0.297518 -0.665996 0.684056
v -274.747 -138.662 732.658
vn 0.297518 -0.665996 0.684056
v -274.55 -138.164 733.057
vn 0.473509 -0.875558 0.0958504
v -274.55 -138.164 733.057
vn -0.338684 -0.370759 0.864772
v -274.879 -138.565 732.421
vn 0.566579 -0.604141 -0.560358
v -274.879 -138.565 732.421
vn 0.297518 -0.665996 0.684056
v -274.788 -138.295 733.033
vn 0.473509 -0.875558 0.0958504
v -274.788 -138.295 733.033
vn -0.363467 -0.6293 0.68693
v -274.788 -138.295 733.033
vn 0.473509 -0.875558 0.0958504
v -274.278 -137.955 733.614
vn -0.358686 -0.626499 0.691986
v -274.278 -137.955 733.614
vn 0.459411 -0.581203 0.671674
v -274.278 -137.955 733.614
vn 0.785997 -0.419923 0.453732
v -273.716 -136.889 734.036
vn -0.98287 -0.184273 0.00328923
v -262.373 -119.036 754.318
vn -0.98287 -0.184273 0.00328923
v -262.374 -119.026 754.361
vn -0.512571 -0.41784 0.750121
v -262.405 -118.996 754.616
vn -0.471895 0.615052 -0.631686
v -262.405 -118.996 754.616
vn 0.78634 -0.375578 -0.490521
v -262.285 -118.834 754.684
vn -0.411122 -0.659849 -0.628951
v -262.285 -118.834 754.684
vn -0.512571 -0.41784 0.750121
v -262.359 -118.837 754.736
vn -0.45084 -0.848488 0.277148
v -262.359 -118.837 754.736
vn -0.99769 0.0532096 0.0422271
v -262.359 -118.837 754.736
vn -0.758797 0.388751 0.52259
v -262.113 -118.445 755.375
vn 0.995981 0.0030291 -0.0895097
v -262.113 -118.445 755.375
vn 0.772502 -0.480139 -0.41558
v -262.113 -118.445 755.375
vn 0.277988 -0.662403 -0.695662
v -262.109 -118.429 755.417
vn 0.942391 0.315621 -0.110827
v -262.109 -118.429 755.417
vn -0.495524 0.827982 -0.26249
v -262.109 -118.429 755.417
vn -0.952893 -0.302136 0.026631
v -262.104 -118.359 755.659
vn 0.942391 0.315621 -0.110827
v -262.104 -118.359 755.659
vn -0.976485 0.0972471 0.192404
v -262.6 -118.708 755.395
vn -0.976485 0.0972471 0.192404
v -262.598 -118.735 755.422
vn -0.997676 0.0527165 0.0431651
v -262.304 -118.587 755.71
vn -0.997676 0.0527165 0.0431651
v -262.29 -118.391 755.813
vn -0.99577 -0.0276566 0.087622
v -262.524 -118.562 755.828
vn -0.976485 0.0972471 0.192404
v -262.581 -118.665 755.47
vn -0.99577 -0.0276566 0.087622
v -262.529 -118.519 755.786
vn -0.99577 -0.0276566 0.087622
v -262.523 -118.491 755.867
vn -0.874149 0.247713 0.417735
v -262.569 -118.486 756.095
vn -0.535342 0.817309 -0.213109
v -262.059 -118.182 756.079
vn -0.0385062 0.999256 0.00218283
v -262.059 -118.182 756.079
vn -0.698103 0.695441 0.170333
v -262.059 -118.182 756.079
vn -0.579384 0.623848 -0.524526
v -262.059 -118.182 756.079
vn -0.272553 -0.82903 0.488287
v -262.276 -118.368 756.098
vn -0.997661 0.0522234 0.044103
v -262.276 -118.368 756.098
vn -0.65153 0.758048 -0.0295425
v -262.276 -118.368 756.098
vn -0.579384 0.623848 -0.524526
v -262.276 -118.368 756.098
vn -0.953279 0.292905 0.0739301
v -262.276 -118.368 756.098
vn -0.223885 0.97409 -0.0319971
v -262.219 -118.214 756.218
vn -0.953279 0.292905 0.0739301
v -262.219 -118.214 756.218
vn -0.556209 0.682988 0.473454
v -262.219 -118.214 756.218
vn 0.523376 -0.169968 0.834978
v -262.247 -118.343 756.371
vn -0.953279 0.292905 0.0739301
v -262.247 -118.343 756.371
vn -0.556209 0.682988 0.473454
v -262.247 -118.343 756.371
vn -0.87977 -0.346015 0.326003
v -262.102 -118.184 756.312
vn 0.523376 -0.169968 0.834978
v -262.102 -118.184 756.312
vn -0.556209 0.682988 0.473454
v -262.102 -118.184 756.312
vn 0.996987 -0.0570314 -0.0525853
v -262.111 -118.168 756.417
vn -0.476364 0.475695 -0.739454
v -262.111 -118.168 756.417
vn -0.197108 0.929316 -0.312282
v -262.111 -118.168 756.417
vn -0.874149 0.247713 0.417735
v -262.473 -118.37 756.228
vn 0.0822479 -0.912968 0.399657
v -262.248 -118.338 756.396
vn -0.476364 0.475695 -0.739454
v -262.248 -118.338 756.396
vn -0.986719 -0.0158974 0.161656
v -262.248 -118.338 756.396
vn -0.197108 0.929316 -0.312282
v -262.234 -118.167 756.496
vn -0.986719 -0.0158974 0.161656
v -262.234 -118.167 756.496
vn -0.735431 0.392936 0.552035
v -262.234 -118.167 756.496
vn 0.339448 -0.503922 0.794253
v -262.219 -118.255 756.579
vn -0.986719 -0.0158974 0.161656
v -262.219 -118.255 756.579
vn -0.735431 0.392936 0.552035
v -262.219 -118.255 756.579
vn 0.339448 -0.503922 0.794253
v -262.096 -118.094 756.628
vn -0.197108 0.929316 -0.312282
v -262.096 -118.094 756.628
vn -0.735431 0.392936 0.552035
v -262.096 -118.094 756.628
vn -0.985868 0.126817 0.109465
v -262.474 -118.334 756.51
vn -0.799396 -0.273918 -0.534729
v -262.175 -117.982 756.899
vn -0.565284 -0.778691 0.272201
v -262.175 -117.982 756.899
vn -0.949436 0.119949 0.290145
v -262.456 -118.08 757.185
vn -0.998172 -0.0325096 0.0509544
v -262.38 -117.908 757.592
vn -0.874149 0.247713 0.417735
v -262.477 -118.346 756.206
vn -0.985868 0.126817 0.109465
v -262.473 -118.277 756.45
vn -0.985868 0.126817 0.109465
v -262.449 -118.21 756.594
vn -0.949436 0.119949 0.290145
v -262.458 -118.068 757.174
vn -0.949436 0.119949 0.290145
v -262.438 -118.031 757.224
vn -0.998172 -0.0325096 0.0509544
v -262.382 -117.875 757.559
vn -0.998172 -0.0325096 0.0509544
v -262.38 -117.857 757.619
vn -0.38942 0.890943 -0.23361
v -262.118 -117.491 758.254
vn -0.806724 -0.566283 0.168879
v -262.118 -117.491 758.254
vn -0.97947 0.191793 0.0620741
v -262.118 -117.491 758.254
vn -0.998555 -0.0140768 0.051854
v -262.339 -117.643 758.241
vn -0.998555 -0.0140768 0.051854
v -262.337 -117.675 758.273
vn -0.806724 -0.566283 0.168879
v -262.029 -117.339 759.185
vn -0.97947 0.191793 0.0620741
v -262.029 -117.339 759.185
vn -0.998555 -0.0140768 0.051854
v -262.336 -117.624 758.301
vn 0.188517 0.980904 0.0478348
v -261.909 -116.985 759.982
vn 0.591196 0.476601 0.650645
v -261.909 -116.985 759.982
vn -0.203238 -0.883026 0.423037
v -261.909 -116.985 759.982
vn -0.97947 0.191793 0.0620741
v -261.909 -116.985 759.982
vn -0.95228 -0.255611 -0.16681
v -261.924 -116.769 760.869
vn -0.95228 -0.255611 -0.16681
v -261.926 -116.769 760.877
vn 0.377179 -0.925371 -0.0377463
v -267.074 -118.92 768.401
vn 0.967631 0.236565 -0.0879064
v -267.054 -118.639 767.775
vn 0.905751 -0.423807 -0.00153924
v -267.054 -118.639 767.775
vn 0.344652 -0.938366 0.0261624
v -267.054 -118.639 767.775
vn 0.164818 -0.986106 0.0207411
v -266.785 -118.903 770.102
vn 0.891648 0.427893 -0.147892
v -266.785 -118.903 770.102
vn 0.991786 -0.0743946 -0.104048
v -266.785 -118.903 770.102
vn -0.891912 0.0853382 0.444085
v -267.251 -118.852 771.216
vn 0.00344371 -0.976943 0.213472
v -267.251 -118.852 771.216
vn -0.936426 -0.101922 0.335736
v -267.251 -118.852 771.216
vn -0.739836 -0.546308 0.39267
v -267.251 -118.852 771.216
vn -0.411142 -0.659808 -0.628981
v -266.338 -118.879 772.965
vn 0.312971 0.0123367 0.949682
v -266.338 -118.879 772.965
vn -0.708626 -0.516785 0.480397
v -266.338 -118.879 772.965
vn 0.75151 0.525844 -0.398399
v -266.29 -118.775 773.142
vn -0.364467 -0.850951 0.378214
v -266.29 -118.775 773.142
vn 0.058952 -0.385456 0.920841
v -266.29 -118.775 773.142
vn 0.758657 0.6426 -0.107261
v -266.26 -118.554 773.844
vn -0.757589 0.631035 -0.166894
v -266.26 -118.554 773.844
vn 0.11537 -0.194468 -0.974101
v -266.286 -118.584 773.847
vn -0.757589 0.631035 -0.166894
v -266.286 -118.584 773.847
vn 0.758657 0.6426 -0.107261
v -266.262 -118.545 773.884
vn -0.757589 0.631035 -0.166894
v -266.262 -118.545 773.884
vn -0.891912 0.0853382 0.444085
v -266.506 -118.832 772.708
vn 0.991786 -0.0743946 -0.104048
v -266.506 -118.832 772.708
vn -0.891912 0.0853382 0.444085
v -266.485 -118.527 772.692
vn 0.991786 -0.0743946 -0.104048
v -266.485 -118.527 772.692
vn -0.411142 -0.659808 -0.628981
v -266.485 -118.527 772.692
vn 0.00344371 -0.976943 0.213472
v -266.485 -118.527 772.692
vn 0.312971 0.0123367 0.949682
v -266.42 -118.547 772.988
vn 0.0895316 0.989891 0.109998
v -266.42 -118.547 772.988
vn 0.473431 -0.18677 -0.860802
v -266.42 -118.547 772.988
vn 0.411357 0.659795 0.628853
v -266.42 -118.547 772.988
vn 0.624238 0.584641 -0.518191
v -266.422 -118.633 773.08
vn -0.757757 0.630912 -0.166598
v -266.422 -118.633 773.08
vn -0.670982 -0.366319 -0.644665
v -266.422 -118.633 773.08
vn -0.364467 -0.850951 0.378214
v -266.487 -118.698 773.125
vn -0.757757 0.630912 -0.166598
v -266.487 -118.698 773.125
vn -0.757757 0.630912 -0.166598
v -266.482 -118.681 773.169
vn -0.670982 -0.366319 -0.644665
v -266.482 -118.681 773.169
vn -0.80293 -0.498715 0.326475
v -266.482 -118.681 773.169
vn -0.135893 -0.517557 0.844788
v -266.482 -118.681 773.169
vn 0.783094 0.606942 -0.135591
v -266.378 -118.466 773.511
vn -0.186352 0.138451 -0.972679
v -266.378 -118.466 773.511
vn 0.30463 0.926356 -0.221507
v -266.378 -118.466 773.511
vn -0.502982 -0.83584 0.219955
v -266.434 -118.533 773.512
vn -0.186352 0.138451 -0.972679
v -266.434 -118.533 773.512
vn -0.892122 -0.436976 0.114763
v -266.434 -118.533 773.512
vn 0.30463 0.926356 -0.221507
v -266.485 -118.424 773.537
vn -0.892122 -0.436976 0.114763
v -266.485 -118.424 773.537
vn -0.412528 0.332313 0.848168
v -266.485 -118.424 773.537
vn -0.502982 -0.83584 0.219955
v -266.434 -118.511 773.596
vn -0.892122 -0.436976 0.114763
v -266.434 -118.511 773.596
vn -0.412528 0.332313 0.848168
v -266.434 -118.511 773.596
vn 0.783094 0.606942 -0.135591
v -266.379 -118.445 773.597
vn 0.30463 0.926356 -0.221507
v -266.379 -118.445 773.597
vn -0.412528 0.332313 0.848168
v -266.379 -118.445 773.597
vn 0.477283 0.195489 0.856729
v -266.497 -118.507 772.694
vn 0.0895316 0.989891 0.109998
v -266.497 -118.507 772.694
vn -0.687579 -0.556757 0.466108
v -266.716 -118.501 772.815
vn 0.00344371 -0.976943 0.213472
v -266.716 -118.501 772.815
vn -0.936426 -0.101922 0.335736
v -266.716 -118.501 772.815
vn 0.477283 0.195489 0.856729
v -266.716 -118.501 772.815
vn -0.197066 0.560063 0.80467
v -266.716 -118.501 772.815
vn 0.0895316 0.989891 0.109998
v -266.716 -118.501 772.815
vn 0.473431 -0.18677 -0.860802
v -266.716 -118.501 772.815
vn -0.949241 0.0153948 -0.314174
v -266.716 -118.501 772.815
vn -0.687579 -0.556757 0.466108
v -266.567 -118.501 773.035
vn 0.411357 0.659795 0.628853
v -266.567 -118.501 773.035
vn 0.953924 0.294228 -0.0588105
v -266.567 -118.501 773.035
vn 0.337829 -0.0378452 0.940446
v -266.567 -118.501 773.035
vn 0.0123111 -0.318655 0.947791
v -266.576 -118.443 773.299
vn -0.0992695 0.572473 0.813892
v -266.576 -118.443 773.299
vn -0.586752 -0.638697 -0.497783
v -266.576 -118.443 773.299
vn -0.0522717 0.266836 0.962323
v -266.576 -118.443 773.299
vn -0.795343 -0.385865 -0.467481
v -266.576 -118.443 773.299
vn 0.224367 -0.208675 0.9519
v -266.501 -118.352 773.301
vn 0.494759 0.0789638 -0.865436
v -266.501 -118.352 773.301
vn 0.86688 0.415994 -0.274714
v -266.501 -118.352 773.301
vn 0.433319 0.641015 0.633509
v -266.478 -118.235 773.643
vn -0.449953 -0.85603 0.25447
v -266.478 -118.235 773.643
vn -0.197066 0.560063 0.80467
v -266.735 -118.454 772.778
vn -0.62192 -0.684508 0.380348
v -266.735 -118.454 772.778
vn -0.111392 0.0941722 0.989304
v -266.735 -118.454 772.778
vn 0.442795 0.00463002 0.896611
v -266.735 -118.454 772.778
vn 0.477283 0.195489 0.856729
v -266.612 -118.323 772.717
vn -0.197066 0.560063 0.80467
v -266.612 -118.323 772.717
vn 0.442795 0.00463002 0.896611
v -266.612 -118.323 772.717
vn 0.411357 0.659795 0.628853
v -266.69 -118.156 772.754
vn 0.917372 0.37943 -0.120257
v -266.69 -118.156 772.754
vn 0.0400706 -0.0789529 0.996073
v -266.69 -118.156 772.754
vn 0.442795 0.00463002 0.896611
v -266.69 -118.156 772.754
vn -0.949241 0.0153948 -0.314174
v -266.69 -118.156 772.754
vn -0.0811752 -0.996636 0.0112746
v -266.69 -118.156 772.754
vn -0.0889503 0.190877 -0.977575
v -266.658 -118.26 773.161
vn -0.0992695 0.572473 0.813892
v -266.658 -118.26 773.161
vn -0.586752 -0.638697 -0.497783
v -266.658 -118.26 773.161
vn -0.670982 -0.366319 -0.644665
v -266.704 -118.309 773.189
vn -0.80293 -0.498715 0.326475
v -266.704 -118.309 773.189
vn 0.494759 0.0789638 -0.865436
v -266.704 -118.309 773.189
vn 0.574994 -0.0750195 0.814711
v -266.704 -118.309 773.189
vn -0.0992695 0.572473 0.813892
v -266.704 -118.309 773.189
vn 0.422325 0.650492 0.63127
v -266.592 -118.076 773.56
vn -0.194721 -0.481893 -0.85432
v -266.592 -118.076 773.56
vn -0.625574 -0.746566 0.226486
v -266.664 -118.163 773.558
vn -0.715809 -0.643318 0.271588
v -266.662 -118.132 773.665
vn 0.95136 0.238922 -0.194501
v -266.662 -118.132 773.665
vn -0.158354 -0.259978 0.952542
v -266.662 -118.132 773.665
vn 0.0400706 -0.0789529 0.996073
v -266.889 -118.33 772.748
vn -0.664988 -0.595479 0.450772
v -266.818 -118.141 773.14
vn -0.0811752 -0.996636 0.0112746
v -266.818 -118.141 773.14
vn -0.662243 -0.655726 0.362571
v -266.818 -118.141 773.14
vn -0.182831 0.0792164 0.979948
v -266.818 -118.141 773.14
vn 0.337829 -0.0378452 0.940446
v -266.818 -118.141 773.14
vn -0.182831 0.0792164 0.979948
v -266.757 -117.866 773.129
vn 0.337829 -0.0378452 0.940446
v -266.757 -117.866 773.129
vn 0.541257 -0.342593 -0.7679
v -266.757 -117.866 773.129
vn -0.0522717 0.266836 0.962323
v -266.757 -117.866 773.129
vn 0.33957 -0.616801 0.710105
v -266.757 -117.866 773.129
vn -0.795343 -0.385865 -0.467481
v -266.757 -117.866 773.129
vn 0.574994 -0.0750195 0.814711
v -266.704 -117.984 773.219
vn 0.90689 0.370355 -0.200967
v -266.704 -117.984 773.219
vn -0.0889503 0.190877 -0.977575
v -266.704 -117.984 773.219
vn 0.541257 -0.342593 -0.7679
v -266.704 -117.984 773.219
vn -0.586752 -0.638697 -0.497783
v -266.827 -118.136 773.2
vn 0.541257 -0.342593 -0.7679
v -266.827 -118.136 773.2
vn -0.0522717 0.266836 0.962323
v -266.827 -118.136 773.2
vn 0.411241 0.659828 0.628895
v -266.739 -117.946 773.521
vn -0.27979 0.180539 -0.942933
v -266.739 -117.946 773.521
vn 0.949214 0.236052 -0.208022
v -266.739 -117.946 773.521
vn -0.757915 0.630707 -0.166656
v -266.739 -117.946 773.521
vn -0.657315 -0.387315 -0.64647
v -266.739 -117.946 773.521
vn -0.000407867 0.0193485 -0.999813
v -266.791 -117.998 773.562
vn -0.783692 -0.570913 0.244714
v -266.791 -117.998 773.562
vn -0.757915 0.630707 -0.166656
v -266.791 -117.998 773.562
vn -0.757915 0.630707 -0.166656
v -266.788 -117.986 773.593
vn -0.657315 -0.387315 -0.64647
v -266.788 -117.986 773.593
vn -0.0811752 -0.996636 0.0112746
v -267.003 -118.13 772.823
vn -0.796743 -0.499916 0.339535
v -267.003 -118.13 772.823
vn -0.182831 0.0792164 0.979948
v -266.966 -118.012 773.102
vn 0.33957 -0.616801 0.710105
v -266.966 -118.012 773.102
vn -0.657315 -0.387315 -0.64647
v -266.899 -117.801 773.596
vn -0.827046 -0.501119 0.254705
v -266.899 -117.801 773.596
vn 0.599539 -0.541998 -0.58889
v -266.899 -117.801 773.596
vn -0.906898 0.414747 -0.074297
v -266.899 -117.801 773.596
vn -0.795343 -0.385865 -0.467481
v -267.02 -117.676 773.42
vn -0.264961 -0.297436 0.917239
v -267.02 -117.676 773.42
vn -0.828753 -0.483863 0.281149
v -267.02 -117.676 773.42
vn 0.21428 -0.931136 0.295076
v -267.02 -117.676 773.42
vn 0.935561 0.352528 -0.0212114
v -266.567 -117.858 774.269
vn -0.266855 0.172123 -0.948242
v -266.567 -117.858 774.269
vn 0.229581 0.956584 -0.179557
v -266.567 -117.858 774.269
vn -0.411309 -0.659606 -0.629083
v -266.691 -117.776 773.946
vn 0.295039 0.930674 -0.216328
v -266.691 -117.776 773.946
vn 0.295039 0.930674 -0.216328
v -266.781 -117.742 773.97
vn -0.419732 0.327061 0.846674
v -266.781 -117.742 773.97
vn -0.411309 -0.659606 -0.629083
v -266.739 -117.815 774.018
vn -0.419732 0.327061 0.846674
v -266.739 -117.815 774.018
vn 0.295039 0.930674 -0.216328
v -266.693 -117.759 774.02
vn -0.419732 0.327061 0.846674
v -266.693 -117.759 774.02
vn -0.0343438 -0.249623 0.967734
v -266.798 -117.596 773.51
vn 0.599539 -0.541998 -0.58889
v -266.798 -117.596 773.51
vn -0.906898 0.414747 -0.074297
v -266.798 -117.596 773.51
vn -0.411181 -0.659808 -0.628954
v -266.798 -117.596 773.51
vn 0.21428 -0.931136 0.295076
v -266.798 -117.596 773.51
vn 0.974531 0.16134 -0.155754
v -266.792 -117.675 773.588
vn 0.599539 -0.541998 -0.58889
v -266.792 -117.675 773.588
vn -0.906898 0.414747 -0.074297
v -266.887 -117.752 773.731
vn -0.411181 -0.659808 -0.628954
v -266.887 -117.752 773.731
vn -0.0691414 -0.315031 0.94656
v -266.887 -117.752 773.731
vn -0.684948 -0.331094 0.649017
v -266.887 -117.752 773.731
vn -0.0691414 -0.315031 0.94656
v -266.777 -117.58 773.796
vn -0.0451019 -0.244726 0.968543
v -266.766 -117.522 774.047
vn -0.0451019 -0.244726 0.968543
v -266.817 -117.59 774.027
vn -0.0451019 -0.244726 0.968543
v -266.876 -117.463 774.056
vn 0.21428 -0.931136 0.295076
v -267.007 -117.6 773.65
vn -0.797745 -0.483177 0.360753
v -267.007 -117.6 773.65
vn 0.156673 -0.476554 0.865072
v -266.83 -117.26 774.131
vn 0.156673 -0.476554 0.865072
v -266.908 -117.365 774.088
vn 0.156673 -0.476554 0.865072
v -266.906 -117.237 774.158
vn -0.606458 0.505156 0.614025
v -266.913 -117.031 774.264
vn 0.971596 0.226329 -0.0691075
v -266.928 -116.853 774.086
vn 0.0208333 -0.36661 0.930141
v -266.928 -116.853 774.086
vn -0.699045 -0.129991 0.703163
v -266.928 -116.853 774.086
vn -0.0656168 0.567962 0.820435
v -266.928 -116.853 774.086
vn -0.606458 0.505156 0.614025
v -266.915 -117.015 774.248
vn -0.606458 0.505156 0.614025
v -266.932 -117.035 774.248
vn 0.964366 0.263932 0.0183991
v -266.229 -118.332 774.545
vn -0.395086 0.213881 -0.893399
v -266.229 -118.332 774.545
vn 0.0901142 0.980579 -0.174196
v -266.229 -118.332 774.545
vn -0.097968 -0.980521 0.170235
v -266.231 -118.333 774.546
vn -0.395086 0.213881 -0.893399
v -266.231 -118.333 774.546
vn -0.967445 -0.252153 -0.021656
v -266.231 -118.333 774.546
vn 0.0901142 0.980579 -0.174196
v -266.231 -118.331 774.546
vn -0.967445 -0.252153 -0.021656
v -266.231 -118.331 774.546
vn -0.478486 0.516216 0.710333
v -266.231 -118.331 774.546
vn 0.390266 -0.208253 0.896841
v -266.231 -118.333 774.548
vn -0.967445 -0.252153 -0.021656
v -266.231 -118.333 774.548
vn -0.478486 0.516216 0.710333
v -266.231 -118.333 774.548
vn 0.390266 -0.208253 0.896841
v -266.23 -118.331 774.547
vn 0.0901142 0.980579 -0.174196
v -266.23 -118.331 774.547
vn -0.478486 0.516216 0.710333
v -266.23 -118.331 774.547
vn 0.935561 0.352528 -0.0212114
v -266.55 -117.9 774.302
vn -0.198455 -0.957082 0.211212
v -266.55 -117.9 774.302
vn 0.286025 -0.168916 0.943216
v -266.55 -117.9 774.302
vn -0.266855 0.172123 -0.948242
v -266.599 -117.896 774.272
vn -0.198455 -0.957082 0.211212
v -266.599 -117.896 774.272
vn -0.929405 -0.365007 0.0545493
v -266.599 -117.896 774.272
vn 0.229581 0.956584 -0.179557
v -266.619 -117.843 774.287
vn -0.929405 -0.365007 0.0545493
v -266.619 -117.843 774.287
vn -0.424839 0.423943 0.799865
v -266.619 -117.843 774.287
vn 0.286025 -0.168916 0.943216
v -266.6 -117.885 774.32
vn -0.929405 -0.365007 0.0545493
v -266.6 -117.885 774.32
vn -0.424839 0.423943 0.799865
v -266.6 -117.885 774.32
vn 0.229581 0.956584 -0.179557
v -266.569 -117.849 774.317
vn 0.286025 -0.168916 0.943216
v -266.569 -117.849 774.317
vn -0.424839 0.423943 0.799865
v -266.569 -117.849 774.317
vn 0.986906 -0.0760047 -0.142268
v -275.247 -136.313 730.617
vn 0.607493 0.3481 -0.713988
v -275.247 -136.313 730.617
vn -0.0759778 0.639046 0.765406
v -275.305 -137.977 730.811
vn -0.0759778 0.639046 0.765406
v -275.258 -138.141 730.951
vn -0.0759778 0.639046 0.765406
v -275.157 -138.039 730.876
vn 0.902912 -0.125823 -0.410997
v -275.277 -138.15 730.999
vn -0.954795 -0.24387 -0.169981
v -275.277 -138.15 730.999
vn -0.358715 -0.160547 -0.919537
v -275.277 -138.15 730.999
vn 0.788656 -0.526175 -0.318058
v -275.386 -137.681 730.871
vn -0.567785 0.390046 0.724903
v -275.386 -137.681 730.871
vn 0.788656 -0.526175 -0.318058
v -275.242 -137.463 730.866
vn -0.567785 0.390046 0.724903
v -275.242 -137.463 730.866
vn 0.0470165 -0.993932 0.0994441
v -275.242 -137.463 730.866
vn -0.358715 -0.160547 -0.919537
v -275.242 -137.463 730.866
vn -0.179782 0.117662 -0.976644
v -275.388 -137.463 730.505
vn -0.894949 -0.249465 -0.369909
v -275.388 -137.463 730.505
vn 0.788656 -0.526175 -0.318058
v -275.388 -137.463 730.505
vn -0.567785 0.390046 0.724903
v -275.454 -137.488 730.713
vn 0.0470165 -0.993932 0.0994441
v -275.454 -137.488 730.713
vn -0.957322 -0.277793 -0.0797906
v -275.49 -137.465 730.963
vn -0.358715 -0.160547 -0.919537
v -275.49 -137.465 730.963
vn -0.957018 -0.287816 0.03575
v -275.639 -137.395 731.69
vn -0.423885 -0.261208 -0.867232
v -275.639 -137.395 731.69
vn 0.979368 -0.157635 0.126451
v -273.421 -134.901 733.665
vn -0.829738 -0.438644 0.345148
v -275.084 -137.146 733.929
vn -0.0831131 -0.749135 0.657183
v -274.238 -134.61 736.756
vn 0.766355 -0.373239 0.52287
v -270.429 -125.1 749.411
vn 0.0918315 -0.849566 0.519426
v -270.429 -125.1 749.411
vn 0.54482 -0.826885 0.139401
v -270.429 -125.1 749.411
vn 0.128408 -0.886571 0.444414
v -270.03 -124.091 751.272
vn 0.653991 -0.64094 0.401859
v -270.03 -124.091 751.272
vn 0.212095 -0.901586 0.37704
v -268.545 -120.401 758.196
vn 0.902195 0.386284 -0.19191
v -266.703 -117.321 763.714
vn 0.85327 -0.140521 -0.502179
v -268.596 -119.297 765.339
vn 0.0470545 -0.97171 0.231443
v -267.269 -118.86 766.46
vn 0.513086 -0.842996 -0.161557
v -267.341 -119.002 767.389
vn 0.132518 0.989599 -0.0559719
v -266.226 -115.589 769.44
vn 0.934456 0.311701 -0.172145
v -265.821 -115.45 771.891
vn 0.0802996 0.996757 0.00528065
v -265.821 -115.45 771.891
vn 0.852196 0.371956 0.367982
v -265.821 -115.45 771.891
vn 0.852196 0.371956 0.367982
v -266.015 -115.586 772.479
vn 0.852196 0.371956 0.367982
v -266.345 -115.632 773.288
vn -0.373908 0.897545 0.233679
v -266.345 -115.632 773.288
vn -0.0656168 0.567962 0.820435
v -266.345 -115.632 773.288
vn -0.0656168 0.567962 0.820435
v -267.063 -116.574 773.882
vn -0.703816 0.603664 0.374477
v -267.063 -116.574 773.882
vn -0.168831 -0.406253 0.898028
v -279.982 -124.458 794.736
vn 0.979243 0.202406 -0.0107569
v -278.385 -123.12 795.467
vn 0.741545 -0.315102 0.592301
v -278.385 -123.12 795.467
vn 0.866106 -0.462749 -0.189008
v -278.385 -123.12 795.467
vn 0.741545 -0.315102 0.592301
v -278.522 -123.172 795.611
vn -0.281118 -0.384793 0.879152
v -278.522 -123.172 795.611
vn 0.969134 0.207176 0.133634
v -278.523 -122.721 795.852
vn 0.493651 0.863687 0.10175
v -278.523 -122.721 795.852
vn -0.347936 -0.443313 0.826084
v -278.523 -122.721 795.852
vn -0.039217 0.664159 0.746562
v -278.523 -122.721 795.852
vn 0.555421 0.266862 -0.787586
v -275.13 -135.394 731.166
vn -0.519111 0.482129 -0.705744
v -275.269 -135.258 731.114
vn 0.49517 0.181694 -0.849585
v -274.956 -134.808 731.392
vn -0.419324 0.57247 -0.704589
v -274.956 -134.808 731.392
vn 0.571513 0.632806 -0.522426
v -273.71 -128.963 740.669
vn -0.401706 -0.696326 0.594779
v -274.593 -132.199 740.184
vn -0.188053 -0.690333 0.698625
v -273.632 -130.76 741.862
vn 0.472657 -0.731178 0.491909
v -275.039 -130.363 741.411
vn -0.218181 -0.803603 0.553732
v -275.039 -130.363 741.411
vn -0.846573 -0.473902 0.242347
v -275.039 -130.363 741.411
vn 0.492173 -0.735579 0.465499
v -272.545 -128.659 743.716
vn 0.763713 -0.626001 0.15769
v -272.545 -128.659 743.716
vn -0.42794 -0.533543 0.729519
v -272.567 -127.656 745.222
vn 0.395595 -0.761806 0.512987
v -272.567 -127.656 745.222
vn 0.238807 -0.806663 0.540617
v -271.199 -126.268 746.689
vn -0.324451 -0.517266 0.791939
v -271.199 -126.268 746.689
vn 0.924803 -0.37454 0.0667757
v -270.915 -125.965 746.515
vn 0.538312 -0.786756 0.30205
v -270.949 -125.798 747.304
vn 0.529414 0.477403 -0.701289
v -271.248 -124.418 746.687
vn 0.340665 0.745033 -0.573475
v -270.479 -122.728 748.545
vn -0.136073 0.704886 0.696147
v -269.437 -121.487 750.697
vn -0.136073 0.704886 0.696147
v -269.437 -121.499 750.708
vn -0.136073 0.704886 0.696147
v -269.428 -121.49 750.701
vn 0.0383677 -0.800244 0.598446
v -270.473 -124.94 749.59
vn 0.945468 -0.312796 -0.0908293
v -270.473 -124.94 749.59
vn 0.766355 -0.373239 0.52287
v -270.397 -124.725 749.633
vn 0.618839 0.614176 -0.489719
v -269.209 -120.938 752.198
vn 0.832126 0.337175 0.440317
v -268.743 -120.274 753.393
vn 0.832126 0.337175 0.440317
v -268.759 -120.242 753.399
vn 0.832126 0.337175 0.440317
v -268.77 -120.29 753.456
vn -0.0408966 0.816957 0.575247
v -268.248 -119.562 754.895
vn -0.0408966 0.816957 0.575247
v -268.274 -119.613 754.966
vn -0.0408966 0.816957 0.575247
v -268.225 -119.569 754.907
vn 0.653991 -0.64094 0.401859
v -270.107 -123.758 751.927
vn 0.927178 -0.374574 0.0059181
v -270.107 -123.758 751.927
vn 0.653991 -0.64094 0.401859
v -269.826 -123.054 752.594
vn -0.423689 -0.541301 0.726279
v -271.678 -123.319 752.812
vn 0.976335 -0.1745 -0.127744
v -269.479 -122.173 753.987
vn -0.877313 -0.251039 -0.409024
v -267.384 -118.474 757.636
vn -0.877313 -0.251039 -0.409024
v -267.386 -118.469 757.638
vn -0.877313 -0.251039 -0.409024
v -267.388 -118.476 757.646
vn 0.253971 0.867788 -0.427132
v -267.559 -118.3 757.891
vn 0.898816 -0.434323 -0.0590976
v -267.559 -118.3 757.891
vn 0.884187 0.421716 -0.20092
v -267.559 -118.3 757.891
vn 0.95358 -0.272582 -0.127998
v -268.966 -121.025 756.264
vn 0.833349 -0.510084 -0.212939
v -270.867 -121.171 757.024
vn 0.183778 0.966596 -0.178656
v -266.647 -115.601 767.573
vn 0.925591 0.365128 0.0998084
v -272.377 -119.055 771.374
vn -0.0688642 -0.920865 0.383753
v -272.895 -119.786 772.479
vn -0.637446 -0.629461 0.444344
v -272.993 -119.67 772.74
vn 0.055157 -0.904451 0.422996
v -272.789 -119.404 773.282
vn -0.50676 -0.683373 0.525543
v -272.789 -119.404 773.282
vn 0.945192 0.216938 0.24403
v -272.789 -119.404 773.282
vn 0.0947383 -0.283168 0.95438
v -272.789 -119.404 773.282
vn 0.203032 -0.101832 0.973863
v -272.86 -119.277 773.512
vn 0.203032 -0.101832 0.973863
v -272.899 -119.323 773.515
vn 0.203032 -0.101832 0.973863
v -272.937 -119.247 773.531
vn -0.201536 -0.329211 0.922499
v -280.5 -124.594 794.581
vn 0.345689 -0.935199 -0.0768234
v -280.68 -124.715 794.507
vn -0.217949 -0.290696 0.931662
v -280.68 -124.715 794.507
vn -0.0175007 -0.752869 0.657937
v -280.68 -124.715 794.507
vn -0.843844 0.414966 0.340191
v -279.466 -122.352 795.686
vn -0.843844 0.414966 0.340191
v -279.464 -122.319 795.651
vn -0.231171 0.622104 0.748028
v -279.595 -122.444 795.55
vn -0.843844 0.414966 0.340191
v -279.546 -122.435 795.587
vn -0.382207 0.729378 0.567385
v -279.641 -122.24 795.365
vn 0.411231 0.659798 0.628932
v -280.003 -122.34 795.07
vn -0.477232 0.676328 0.561098
v -280.094 -122.527 795.327
vn 0.411231 0.659798 0.628932
v -280.094 -122.527 795.327
vn -0.0363619 -0.323683 0.945466
v -280.094 -122.527 795.327
vn 0.290481 -0.954084 -0.0731049
v -282.388 -125.4 793.678
vn -0.941553 0.262928 -0.210588
v -276.195 -132.488 734.22
vn -0.0165952 0.85871 -0.512193
v -274.954 -130.667 736.268
vn 0.407389 0.76369 -0.500811
v -275.433 -131.265 734.982
vn -0.853096 0.462481 -0.241533
v -275.905 -131.057 735.709
vn -0.542792 0.631083 -0.554176
v -275.17 -129.091 738.573
vn -0.735371 0.570056 -0.366421
v -275.587 -129.278 738.405
vn -0.966772 -0.240125 0.0877006
v -275.949 -130.811 740.25
vn -0.847199 -0.432565 0.308448
v -275.949 -130.811 740.25
vn -0.889501 -0.417975 0.184621
v -276.142 -129.389 741.715
vn 0.0585207 -0.909353 0.411889
v -274.205 -127.566 744.61
vn 0.537834 -0.586105 0.605983
v -274.205 -127.566 744.61
vn -0.600038 -0.604749 0.523673
v -274.205 -127.566 744.61
vn -0.10577 -0.746824 0.656556
v -274.205 -127.566 744.61
vn -0.806119 -0.508664 0.302377
v -275.35 -128.452 744.061
vn 0.0278882 -0.631397 0.774958
v -274.903 -126.873 745.611
vn -0.321396 -0.806598 0.496089
v -274.903 -126.873 745.611
vn 0.327023 -0.943586 0.0519836
v -272.789 -122.819 753.013
vn 0.859743 -0.485223 -0.159375
v -272.789 -122.819 753.013
vn 0.853728 -0.482762 -0.195165
v -272.398 -122.605 754.441
vn 0.0667561 -0.900224 0.43028
v -272.398 -122.605 754.441
vn 0.839952 -0.512888 -0.177277
v -272.174 -122.093 754.076
vn 0.912527 -0.360247 0.193692
v -273.418 -122.023 757.234
vn 0.981762 -0.183858 -0.0483688
v -272.656 -120.091 762.467
vn 0.761045 -0.635401 0.130675
v -272.656 -120.091 762.467
vn 0.833852 -0.534306 0.138589
v -274.264 -121.083 762.969
vn 0.827023 -0.539994 0.156333
v -272.347 -119.444 763.812
vn 0.989609 0.143467 0.00958588
v -272.356 -119.09 764.718
vn -0.0319994 0.0144306 0.999384
v -272.356 -119.09 764.718
vn -0.770481 -0.286063 0.569672
v -272.356 -119.09 764.718
vn -0.83171 -0.156006 0.532843
v -272.529 -118.667 764.706
vn -0.607005 0.560524 0.563345
v -272.529 -118.667 764.706
vn -0.085135 0.974216 0.208937
v -272.529 -118.667 764.706
vn -0.866001 -0.0737029 0.49458
v -271.465 -117.601 766.707
vn -0.000333593 -0.983525 0.180772
v -274.564 -121.306 763.965
vn 0.993799 -0.106624 -0.0315473
v -272.335 -119.607 767.155
vn -0.311944 -0.905767 0.28684
v -274.498 -120.978 765.239
vn 0.251602 -0.912636 0.322168
v -274.498 -120.978 765.239
vn 0.761086 -0.639598 0.107996
v -274.334 -120.645 766.054
vn 0.251602 -0.912636 0.322168
v -274.334 -120.645 766.054
vn 0.251602 -0.912636 0.322168
v -274.46 -120.486 766.605
vn -0.417884 -0.893696 0.163342
v -274.46 -120.486 766.605
vn -0.916573 -0.316958 0.243785
v -274.46 -120.486 766.605
vn -0.191701 -0.921448 0.337912
v -273.353 -120.168 771.179
vn -0.261808 -0.955033 0.139173
v -273.353 -120.168 771.179
vn -0.813611 -0.502065 0.293204
v -273.353 -120.168 771.179
vn 0.12198 -0.0481075 0.991366
v -272.903 -119.042 773.401
vn 0.0132141 0.0239847 0.999625
v -273.154 -119.018 773.433
vn -0.0544477 0.352462 0.934241
v -273.073 -118.886 773.56
vn 0.631345 0.694805 0.344456
v -273.175 -118.739 773.381
vn 0.15044 0.706531 0.691507
v -273.175 -118.739 773.381
vn -0.0544477 0.352462 0.934241
v -273.206 -118.745 773.499
vn -0.198728 0.162852 0.96643
v -273.712 -118.473 773.226
vn 0.0914283 0.83327 0.545255
v -273.712 -118.473 773.226
vn -0.861732 0.144864 0.486244
v -273.712 -118.473 773.226
vn -0.0544477 0.352462 0.934241
v -273.282 -118.829 773.526
vn 0.919158 0.36177 -0.155791
v -278.615 -122.833 777.823
vn 0.302672 -0.953092 0.00209527
v -278.615 -122.833 777.823
vn 0.872781 -0.467263 -0.141135
v -278.615 -122.833 777.823
vn 0.929955 0.33317 -0.155505
v -278.606 -122.266 779.451
vn 0.510195 -0.697462 0.503237
v -278.606 -122.266 779.451
vn 0.510195 -0.697462 0.503237
v -278.734 -122.154 779.736
vn -0.398927 0.381891 0.833677
v -281.249 -122.201 795.104
vn 0.0015199 0.627133 0.778911
v -281.249 -122.201 795.104
vn -0.068867 -0.245877 0.966852
v -281.249 -122.201 795.104
vn -0.398927 0.381891 0.833677
v -281.898 -122.572 794.963
vn -0.304158 -0.122273 0.944742
v -281.898 -122.572 794.963
vn -0.14364 -0.495592 0.856595
v -281.898 -122.572 794.963
vn 0.411231 0.659798 0.628932
v -280.666 -122.243 795.402
vn -0.398927 0.381891 0.833677
v -280.666 -122.243 795.402
vn -0.172701 -0.226175 0.958655
v -280.666 -122.243 795.402
vn -0.172701 -0.226175 0.958655
v -280.791 -122.409 795.341
vn -0.400485 -0.697748 0.593935
v -283.959 -125.624 792.773
vn -0.154199 -0.788754 0.595054
v -282.583 -125.285 793.805
vn -0.387862 0.69208 -0.608759
v -275.204 -128.13 739.813
vn -0.215431 0.872876 -0.43781
v -276.045 -128.522 740.138
vn -0.895595 0.124184 -0.427186
v -276.792 -127.826 742.121
vn -0.901372 -0.43084 0.0436494
v -276.633 -128.077 742.917
vn -0.533334 -0.740653 0.408642
v -276.063 -125.806 746.522
vn -0.506645 -0.836753 0.207736
v -274.628 -125.563 746.919
vn 0.372286 0.923635 -0.0911098
v -273.827 -121.566 749.833
vn 0.442342 -0.858113 0.260721
v -275.377 -123.759 752.361
vn 0.327023 -0.943586 0.0519836
v -275.011 -123.637 752.144
vn -0.0627817 -0.881769 0.467485
v -275.011 -123.637 752.144
vn 0.20559 -0.963022 0.174128
v -275.011 -123.637 752.144
vn -0.159628 -0.969641 0.185245
v -275.895 -122.648 757.727
vn 0.417127 -0.881336 0.221928
v -275.895 -122.648 757.727
vn -0.123115 -0.980358 0.154079
v -275.895 -122.648 757.727
vn -0.747613 -0.604553 0.274937
v -275.558 -122.414 759.487
vn 0.386909 0.921434 0.0355122
v -272.81 -118.69 764.698
vn -0.729007 0.588505 0.349586
v -272.994 -118.504 763.885
vn 0.0149915 0.982322 0.1866
v -272.899 -118.6 764.241
vn -0.571938 0.819592 0.0339907
v -272.743 -118.146 763.981
vn -0.605028 -0.772946 0.191038
v -274.984 -121.528 762.635
vn -0.935948 -0.27333 0.222017
v -275.034 -121.437 763.208
vn -0.668852 -0.740968 0.0600197
v -275.034 -121.437 763.208
vn -0.909335 -0.345633 0.231619
v -274.727 -119.444 766.958
vn -0.718915 -0.669877 0.185545
v -274.727 -119.444 766.958
vn -0.416002 -0.909094 0.0221264
v -274.727 -119.444 766.958
vn -0.903431 0.113412 0.413461
v -274.727 -119.444 766.958
vn -0.805933 0.484779 0.339797
v -275.079 -117.801 769.982
vn -0.931942 -0.174208 0.31802
v -275.079 -117.801 769.982
vn -0.84883 0.320484 0.42045
v -274.323 -117.95 771.987
vn -0.84883 0.320484 0.42045
v -274.613 -118.104 771.52
vn 0.103096 -0.982085 0.157733
v -279.641 -123.432 771.811
vn 0.815627 -0.563639 0.130631
v -279.641 -123.432 771.811
vn 0.853473 -0.521111 -0.00530975
v -279.606 -123.159 772.774
vn 0.853473 -0.521111 -0.00530975
v -279.505 -122.994 772.853
vn -0.247754 -0.911025 0.329623
v -278.675 -121.464 780.882
vn -0.247754 -0.911025 0.329623
v -278.685 -121.461 780.884
vn -0.247754 -0.911025 0.329623
v -278.675 -121.461 780.891
vn -0.208291 -0.899255 0.384649
v -278.661 -121.008 781.347
vn 0.436267 0.756742 0.486838
v -278.503 -119.42 781.839
vn 0.710723 0.629249 0.314514
v -278.526 -119.25 781.388
vn -0.646758 0.65128 0.396911
v -278.66 -119.303 781.797
vn -0.208291 -0.899255 0.384649
v -278.74 -120.98 781.37
vn -0.208291 -0.899255 0.384649
v -278.652 -120.974 781.432
vn 0.989163 0.00643892 -0.146681
v -278.669 -120.839 781.493
vn -0.567398 -0.635673 0.52343
v -278.669 -120.839 781.493
vn -0.0694952 -0.713574 0.697125
v -278.669 -120.839 781.493
vn -0.0376935 -0.663591 0.747146
v -278.562 -120.417 781.935
vn -0.0376935 -0.663591 0.747146
v -278.722 -120.359 781.979
vn -0.846626 0.124218 0.517489
v -278.558 -119.894 782.338
vn 0.321817 0.668735 0.670244
v -278.558 -119.894 782.338
vn -0.00566522 -0.609618 0.792675
v -278.558 -119.894 782.338
vn -0.414485 0.854003 0.314454
v -281.604 -121.284 790.093
vn -0.252002 0.943523 0.21508
v -282.62 -121.626 792.217
vn -0.104679 -0.328379 0.938728
v -283.077 -122.074 795.006
vn -0.319775 0.112083 0.940841
v -283.077 -122.074 795.006
vn -0.320247 0.112368 0.940646
v -283.409 -122.182 794.906
vn -0.155142 0.985892 0.0628271
v -283.287 -121.97 794.922
vn 0.0015199 0.627133 0.778911
v -283.287 -121.97 794.922
vn -0.367922 0.251142 0.895299
v -283.287 -121.97 794.922
vn 0.411142 0.659707 0.629086
v -284.005 -122.139 794.615
vn 0.257163 0.966351 0.00573662
v -284.005 -122.139 794.615
vn -0.436916 0.510697 0.740468
v -284.005 -122.139 794.615
vn -0.0594644 -0.812232 0.580295
v -283.968 -122.267 794.725
vn -0.38927 0.320276 0.863651
v -283.968 -122.267 794.725
vn 0.11348 0.182565 0.976623
v -283.968 -122.267 794.725
vn 0.0124405 0.977741 0.209446
v -284.297 -122.062 794.725
vn 0.11348 0.182565 0.976623
v -284.297 -122.062 794.725
vn -0.968772 0.005011 -0.247904
v -277.538 -126.422 743.694
vn -0.85339 -0.51613 0.0730392
v -277.558 -126.211 744.585
vn -0.992701 -0.0867995 0.0837244
v -277.558 -126.211 744.585
vn -0.388302 0.610839 -0.689998
v -277.588 -125.475 743.907
vn -0.8053 -0.552192 0.215816
v -277.111 -123.911 750.069
vn -0.905711 0.316051 0.282489
v -275.606 -117.656 768.129
vn -0.680213 0.731944 0.0396145
v -275.606 -117.656 768.129
vn -0.744291 -0.637232 0.199918
v -275.922 -117.909 767.401
vn -0.680213 0.731944 0.0396145
v -275.922 -117.909 767.401
vn 0.481154 -0.874102 0.066609
v -281.801 -124.191 765.751
vn 0.219872 -0.967304 0.126408
v -280.362 -123.641 769.64
vn -0.362767 -0.837786 0.408061
v -281.576 -123.788 770.858
vn -0.411549 -0.659474 -0.629064
v -278.355 -117.592 775.02
vn 0.091563 -0.148494 -0.984665
v -278.355 -117.592 775.02
vn 0.165441 0.982925 -0.0805454
v -278.326 -117.582 775.308
vn 0.082606 0.976112 0.200954
v -278.326 -117.582 775.308
vn -0.346746 0.92511 -0.15472
v -278.326 -117.582 775.308
vn -0.424255 0.905053 0.0297772
v -278.524 -117.445 776.566
vn 0.952698 -0.103818 -0.285638
v -278.434 -118.212 778.584
vn 0.582353 -0.812056 0.0378209
v -278.434 -118.212 778.584
vn 0.960497 0.087512 -0.264173
v -278.381 -118.056 778.703
vn 0.411497 0.659603 0.628963
v -278.219 -117.825 778.673
vn 0.0675195 -0.17805 -0.981702
v -278.172 -117.829 778.965
vn -0.383787 0.798758 0.46335
v -278.172 -117.829 778.965
vn 0.165441 0.982925 -0.0805454
v -277.863 -117.436 778.033
vn -0.463596 0.864229 0.195414
v -277.863 -117.436 778.033
vn 0.411497 0.659603 0.628963
v -277.863 -117.436 778.033
vn 0.932634 0.275593 -0.2329
v -278.402 -117.87 778.84
vn -0.0646789 0.571067 0.818352
v -278.402 -117.87 778.84
vn -0.478889 0.857812 0.186611
v -278.402 -117.87 778.84
vn 0.411497 0.659603 0.628963
v -278.402 -117.87 778.84
vn 0.0675195 -0.17805 -0.981702
v -278.725 -118.101 778.976
vn -0.492963 0.812433 0.311353
v -278.725 -118.101 778.976
vn -0.0646789 0.571067 0.818352
v -278.295 -118.093 779.004
vn 0.768986 -0.639093 0.0148541
v -278.295 -118.093 779.004
vn 0.0675195 -0.17805 -0.981702
v -278.295 -118.093 779.004
vn 0.910335 -0.397004 -0.116955
v -278.281 -118.07 779.289
vn 0.847903 0.413725 0.331501
v -278.281 -118.07 779.289
vn -0.356285 0.834271 0.420776
v -278.281 -118.07 779.289
vn 0.618043 -0.770472 -0.156191
v -283.451 -123.305 776.714
vn -0.7029 0.664198 0.254503
v -285.476 -122.023 792.906
vn 0.0609206 0.998076 -0.0115585
v -284.553 -121.987 793.541
vn -0.733881 0.159518 0.660282
v -286.833 -123.458 792.442
vn -0.822834 0.175051 0.54065
v -286.149 -123.075 793.182
vn -0.132423 0.607089 0.783522
v -286.149 -123.075 793.182
vn -0.423266 0.879385 0.21801
v -286.218 -122.868 793.011
vn -0.132423 0.607089 0.783522
v -286.218 -122.868 793.011
vn -0.891447 0.339371 0.30025
v -286.659 -123.121 792.928
vn -0.429835 -0.149633 0.890422
v -286.584 -122.93 792.997
vn -0.132423 0.607089 0.783522
v -286.584 -122.93 792.997
vn -0.919964 0.259188 0.29409
v -286.584 -122.93 792.997
vn -0.646495 0.738023 0.193304
v -286.584 -122.93 792.997
vn 0.796567 -0.18214 0.57646
v -284.424 -122.146 794.858
vn 0.11348 0.182565 0.976623
v -284.701 -122.179 794.794
vn -0.790989 -0.0197991 0.611509
v -284.701 -122.179 794.794
vn -0.154756 0.841769 0.51718
v -284.701 -122.179 794.794
vn -0.706714 -0.144086 0.692672
v -284.85 -122.09 794.605
vn -0.736897 0.607816 0.295877
v -284.85 -122.09 794.605
vn -0.671524 0.668878 0.318838
v -285.423 -122.493 794.006
vn -0.822834 0.175051 0.54065
v -285.61 -122.57 793.84
vn -0.664648 0.692407 0.28074
v -285.61 -122.57 793.84
vn 0.796567 -0.18214 0.57646
v -284.351 -122.079 794.778
vn 0.796567 -0.18214 0.57646
v -284.427 -122.12 794.871
vn -0.584609 -0.711354 0.390138
v -277.656 -124.225 745.587
vn -0.765602 -0.583601 0.270672
v -277.656 -124.225 745.587
vn -0.972238 0.036895 -0.231066
v -277.399 -123.975 744.839
vn -0.3687 0.76946 -0.521527
v -278.023 -123.484 746.003
vn -0.853275 -0.501985 0.141181
v -278.023 -123.484 746.003
vn -0.735299 -0.39469 0.550958
v -278.201 -123.066 746.636
vn -0.735299 -0.39469 0.550958
v -278.246 -123.016 746.612
vn -0.735299 -0.39469 0.550958
v -278.225 -122.976 746.668
vn -0.81722 -0.404459 0.410566
v -278.349 -122.673 747.274
vn -0.81722 -0.404459 0.410566
v -278.359 -122.661 747.268
vn -0.81722 -0.404459 0.410566
v -278.356 -122.655 747.28
vn -0.676118 -0.634216 0.375014
v -278.321 -122.517 747.641
vn 0.111985 0.93565 -0.334692
v -278.1 -122.504 747.887
vn -0.672397 -0.686485 0.276806
v -278.1 -122.504 747.887
vn -0.632214 0.71244 -0.304523
v -278.1 -122.504 747.887
vn -0.85111 -0.394086 0.346853
v -278.178 -122.312 748.373
vn -0.85111 -0.394086 0.346853
v -278.234 -122.232 748.326
vn -0.85111 -0.394086 0.346853
v -278.219 -122.192 748.411
vn 0.0318553 0.0172758 0.999343
v -277.984 -121.885 749.706
vn -0.992651 0.11558 0.0358556
v -277.984 -121.885 749.706
vn -0.632214 0.71244 -0.304523
v -277.95 -121.597 749.7
vn 0.0318553 0.0172758 0.999343
v -277.95 -121.597 749.7
vn -0.298893 0.369272 -0.879944
v -277.95 -121.597 749.7
vn -0.992651 0.11558 0.0358556
v -277.95 -121.597 749.7
vn -0.411207 -0.659837 -0.628907
v -277.95 -121.597 749.7
vn 0.562887 -0.819425 0.108175
v -277.95 -121.597 749.7
vn -0.632214 0.71244 -0.304523
v -278.16 -121.778 749.709
vn 0.0318553 0.0172758 0.999343
v -278.16 -121.778 749.709
vn 0.489933 -0.494241 -0.718116
v -278.002 -121.585 749.722
vn -0.298893 0.369272 -0.879944
v -278.002 -121.585 749.722
vn -0.992651 0.11558 0.0358556
v -277.966 -121.805 749.929
vn -0.411207 -0.659837 -0.628907
v -277.966 -121.805 749.929
vn 0.0424194 -0.682274 -0.729865
v -277.946 -121.719 750.163
vn -0.69685 0.374205 0.611858
v -277.946 -121.719 750.163
vn -0.298893 0.369272 -0.879944
v -278.193 -121.761 749.713
vn 0.562887 -0.819425 0.108175
v -278.193 -121.761 749.713
vn -0.967549 -0.044274 0.248775
v -278.193 -121.761 749.713
vn -0.748421 0.446881 0.490065
v -278.14 -121.697 749.929
vn -0.498572 -0.799409 0.335218
v -278.14 -121.697 749.929
vn 0.562887 -0.819425 0.108175
v -278.14 -121.697 749.929
vn -0.967549 -0.044274 0.248775
v -278.14 -121.697 749.929
vn 0.0424194 -0.682274 -0.729865
v -278.005 -121.522 749.976
vn -0.748421 0.446881 0.490065
v -278.005 -121.522 749.976
vn -0.392707 -0.344007 -0.852901
v -278.005 -121.522 749.976
vn 0.303917 0.950988 0.057068
v -278.005 -121.522 749.976
vn -0.919899 -0.341285 -0.193157
v -278.005 -121.522 749.976
vn -0.698937 -0.589014 0.405647
v -278.129 -121.643 750.082
vn -0.392707 -0.344007 -0.852901
v -278.129 -121.643 750.082
vn 0.303917 0.950988 0.057068
v -278.083 -121.519 750.341
vn -0.919899 -0.341285 -0.193157
v -278.083 -121.519 750.341
vn -0.631019 0.318444 0.707395
v -278.046 -121.292 751.032
vn 0.00270477 0.902591 -0.430491
v -278.046 -121.292 751.032
vn -0.943487 -0.329836 -0.0322714
v -278.182 -121.232 751.058
vn -0.631019 0.318444 0.707395
v -276.532 -120.766 752.145
vn -0.988166 -0.0602292 0.141072
v -278.122 -121.012 751.743
vn -0.556534 -0.750762 0.355845
v -277.121 -120.554 754.424
vn -0.637149 -0.704265 -0.313132
v -277.121 -120.554 754.424
vn -0.707697 0.699965 -0.0959889
v -277.717 -120.107 754.027
vn -0.859642 0.306002 -0.409119
v -277.717 -120.107 754.027
vn -0.828172 -0.533762 0.170967
v -277.989 -120.315 753.786
vn -0.707697 0.699965 -0.0959889
v -277.871 -120.231 754.257
vn -0.859642 0.306002 -0.409119
v -277.871 -120.231 754.257
vn -0.423627 -0.669619 0.610041
v -277.911 -119.91 754.582
vn 0.0611019 0.947 -0.315368
v -277.911 -119.91 754.582
vn -0.637149 -0.704265 -0.313132
v -277.911 -119.91 754.582
vn -0.373911 0.711869 0.594502
v -277.911 -119.91 754.582
vn -0.411195 -0.65978 -0.628974
v -277.938 -120.054 754.751
vn -0.263147 -0.926164 0.270136
v -277.938 -120.054 754.751
vn -0.637149 -0.704265 -0.313132
v -277.851 -120.063 754.804
vn -0.373911 0.711869 0.594502
v -277.851 -120.063 754.804
vn 0.224487 0.227958 -0.947439
v -277.851 -120.063 754.804
vn 0.342873 -0.653233 -0.675073
v -277.851 -120.063 754.804
vn 0.914789 0.363407 -0.176341
v -277.851 -120.063 754.804
vn 0.235451 0.960079 -0.151035
v -276.907 -119.806 755.089
vn 0.185939 0.939547 -0.287539
v -276.907 -119.806 755.089
vn -0.373911 0.711869 0.594502
v -276.907 -119.806 755.089
vn 0.224487 0.227958 -0.947439
v -276.907 -119.806 755.089
vn 0.019476 0.967205 -0.253248
v -276.907 -119.806 755.089
vn -0.325673 0.925853 -0.191658
v -276.907 -119.806 755.089
vn 0.950291 0.0693386 0.303543
v -276.907 -119.806 755.089
vn -0.490822 0.099132 0.865602
v -277.011 -119.809 756.75
vn -0.993219 0.116235 -0.00245012
v -277.011 -119.809 756.75
vn -0.490822 0.099132 0.865602
v -277.016 -119.508 756.712
vn -0.325673 0.925853 -0.191658
v -277.016 -119.508 756.712
vn -0.852349 -0.3362 0.400589
v -277.377 -119.673 756.529
vn -0.486395 0.0995167 0.868053
v -277.377 -119.673 756.529
vn -0.325673 0.925853 -0.191658
v -277.377 -119.673 756.529
vn 0.406853 -0.909169 -0.0887859
v -277.377 -119.673 756.529
vn 0.923975 0.15354 -0.35028
v -277.377 -119.673 756.529
vn 0.950291 0.0693386 0.303543
v -277.377 -119.673 756.529
vn -0.334972 -0.921302 0.197478
v -277.377 -119.673 756.529
vn -0.0195302 0.810355 -0.585614
v -277.377 -119.673 756.529
vn 0.50011 0.594192 -0.629942
v -277.377 -119.673 756.529
vn 0.950291 0.0693386 0.303543
v -277.41 -119.386 756.567
vn 0.0104396 0.962772 -0.270112
v -277.41 -119.386 756.567
vn -0.498751 0.857243 0.127993
v -277.41 -119.386 756.567
vn -0.334972 -0.921302 0.197478
v -277.589 -119.53 756.836
vn -0.498751 0.857243 0.127993
v -277.589 -119.53 756.836
vn 0.0206941 -0.266984 0.963479
v -277.603 -119.524 756.839
vn -0.411153 -0.659787 -0.628995
v -277.603 -119.524 756.839
vn -0.934689 -0.26168 0.240582
v -277.588 -119.525 756.848
vn -0.293162 -0.919449 0.26205
v -277.588 -119.525 756.848
vn -0.642808 0.17703 0.745291
v -277.588 -119.525 756.848
vn -0.26363 0.944012 -0.198344
v -277.588 -119.525 756.848
vn -0.211943 0.579316 0.787066
v -277.588 -119.525 756.848
vn -0.0940628 -0.91029 0.403143
v -277.588 -119.525 756.848
vn 0.428514 0.413416 -0.803407
v -277.588 -119.525 756.848
vn -0.852349 -0.3362 0.400589
v -277.839 -119.666 755.552
vn -0.370901 -0.913195 0.168839
v -277.839 -119.666 755.552
vn -0.598004 0.800874 0.0314899
v -277.839 -119.666 755.552
vn -0.787413 0.614958 -0.042527
v -277.839 -119.666 755.552
vn -0.411153 -0.659787 -0.628995
v -277.664 -119.342 756.688
vn -0.75771 0.631028 -0.166373
v -277.664 -119.342 756.688
vn -0.411153 -0.659787 -0.628995
v -277.784 -119.438 756.866
vn -0.75771 0.631028 -0.166373
v -277.784 -119.438 756.866
vn 0.0206941 -0.266984 0.963479
v -277.684 -119.31 756.9
vn -0.75771 0.631028 -0.166373
v -277.684 -119.31 756.9
vn -0.495237 0.0987447 0.863128
v -276.976 -119.514 756.736
vn -0.993219 0.116235 -0.00245012
v -276.976 -119.514 756.736
vn -0.411236 -0.659804 -0.628922
v -276.976 -119.514 756.736
vn 0.406853 -0.909169 -0.0887859
v -276.976 -119.514 756.736
vn -0.0195302 0.810355 -0.585614
v -276.976 -119.514 756.736
vn -0.993219 0.116235 -0.00245012
v -277.003 -119.737 756.987
vn -0.411236 -0.659804 -0.628922
v -277.003 -119.737 756.987
vn -0.999666 0.0133062 0.0221494
v -277.003 -119.737 756.987
vn -0.072123 -0.0911363 0.993223
v -277.003 -119.737 756.987
vn -0.999666 0.0133062 0.0221494
v -276.999 -119.461 757.013
vn -0.487761 0.384711 0.783637
v -276.999 -119.461 757.013
vn -0.072123 -0.0911363 0.993223
v -276.999 -119.461 757.013
vn -0.602326 -0.423334 -0.676751
v -276.999 -119.461 757.013
vn -0.148887 0.455536 -0.877679
v -276.999 -119.461 757.013
vn 0.31896 -0.933672 -0.162856
v -276.999 -119.461 757.013
vn -0.999666 0.0133062 0.0221494
v -276.998 -119.687 757.154
vn -0.602326 -0.423334 -0.676751
v -276.998 -119.687 757.154
vn -0.510542 -0.691987 0.510393
v -277.101 -119.473 757.728
vn 0.411227 0.659906 0.628821
v -277.101 -119.473 757.728
vn 0.406853 -0.909169 -0.0887859
v -277.175 -119.627 756.985
vn -0.411129 -0.659829 -0.628966
v -277.175 -119.627 756.985
vn -0.204165 0.456878 0.865783
v -277.175 -119.627 756.985
vn -0.298313 -0.927402 0.225687
v -277.175 -119.627 756.985
vn -0.487761 0.384711 0.783637
v -277.175 -119.627 756.985
vn -0.072123 -0.0911363 0.993223
v -277.175 -119.627 756.985
vn 0.129348 -0.130566 0.982966
v -277.175 -119.627 756.985
vn -0.487761 0.384711 0.783637
v -277.036 -119.459 756.989
vn 0.129348 -0.130566 0.982966
v -277.036 -119.459 756.989
vn -0.241917 0.742683 0.624418
v -277.036 -119.459 756.989
vn -0.411129 -0.659829 -0.628966
v -277.311 -119.567 757.01
vn -0.148887 0.455536 -0.877679
v -277.311 -119.567 757.01
vn 0.940435 -0.31929 0.116776
v -277.311 -119.567 757.01
vn 0.129348 -0.130566 0.982966
v -277.311 -119.567 757.01
vn -0.241917 0.742683 0.624418
v -277.311 -119.567 757.01
vn 0.31896 -0.933672 -0.162856
v -277.311 -119.567 757.01
vn -0.293162 -0.919449 0.26205
v -277.311 -119.567 757.01
vn -0.909335 -0.345633 0.231619
v -277.166 -119.554 757.219
vn -0.602326 -0.423334 -0.676751
v -277.166 -119.554 757.219
vn 0.31896 -0.933672 -0.162856
v -277.166 -119.554 757.219
vn -0.293162 -0.919449 0.26205
v -277.166 -119.554 757.219
vn -0.642808 0.17703 0.745291
v -277.166 -119.554 757.219
vn -0.796962 0.601762 -0.0522863
v -277.166 -119.554 757.219
vn -0.642808 0.17703 0.745291
v -277.045 -119.388 757.284
vn -0.796962 0.601762 -0.0522863
v -277.045 -119.388 757.284
vn -0.244109 0.916196 0.317797
v -277.045 -119.388 757.284
vn -0.0940628 -0.91029 0.403143
v -277.045 -119.388 757.284
vn 0.411227 0.659906 0.628821
v -277.076 -119.35 757.583
vn 0.0202635 0.967669 -0.251407
v -277.076 -119.35 757.583
vn -0.567764 -0.740728 0.359117
v -277.177 -119.442 757.694
vn 0.271761 -0.710628 -0.648964
v -277.304 -119.407 756.838
vn -0.411129 -0.659829 -0.628966
v -277.304 -119.407 756.838
vn -0.204165 0.456878 0.865783
v -277.304 -119.407 756.838
vn -0.388356 0.894459 0.221637
v -277.304 -119.407 756.838
vn 0.50011 0.594192 -0.629942
v -277.304 -119.407 756.838
vn -0.211943 0.579316 0.787066
v -277.304 -119.407 756.838
vn 0.242316 0.958491 -0.150262
v -277.245 -119.425 756.867
vn 0.940435 -0.31929 0.116776
v -277.245 -119.425 756.867
vn -0.241917 0.742683 0.624418
v -277.245 -119.425 756.867
vn 0.50011 0.594192 -0.629942
v -277.245 -119.425 756.867
vn -0.26363 0.944012 -0.198344
v -277.245 -119.425 756.867
vn -0.211943 0.579316 0.787066
v -277.245 -119.425 756.867
vn 0.940435 -0.31929 0.116776
v -277.259 -119.38 757.098
vn 0.221977 0.950631 -0.216855
v -277.259 -119.38 757.098
vn -0.26363 0.944012 -0.198344
v -277.259 -119.38 757.098
vn -0.244109 0.916196 0.317797
v -277.259 -119.38 757.098
vn 0.428514 0.413416 -0.803407
v -277.259 -119.38 757.098
vn -0.25365 0.49601 0.830443
v -277.259 -119.38 757.098
vn -0.603906 0.382923 0.699047
v -277.499 -119.376 757.251
vn -0.608786 -0.768333 0.197594
v -277.335 -119.327 757.65
vn 0.0202635 0.967669 -0.251407
v -277.335 -119.327 757.65
vn 0.411227 0.659906 0.628821
v -277.336 -119.311 757.712
vn 0.0202635 0.967669 -0.251407
v -277.336 -119.311 757.712
vn 0.428514 0.413416 -0.803407
v -277.625 -119.305 756.941
vn -0.25365 0.49601 0.830443
v -277.625 -119.305 756.941
vn -0.244109 0.916196 0.317797
v -277.561 -119.442 757.043
vn -0.0940628 -0.91029 0.403143
v -277.561 -119.442 757.043
vn -0.25365 0.49601 0.830443
v -277.561 -119.442 757.043
vn -0.603906 0.382923 0.699047
v -277.512 -119.336 757.218
vn -0.897531 -0.300308 -0.322884
v -277.699 -119.41 757.099
vn -0.603906 0.382923 0.699047
v -277.551 -119.385 757.211
vn -0.557537 0.554169 0.618101
v -277.773 -119.314 757.365
vn -0.897531 -0.300308 -0.322884
v -277.692 -119.299 756.979
vn -0.897531 -0.300308 -0.322884
v -277.739 -119.316 757.123
vn -0.557537 0.554169 0.618101
v -277.774 -119.299 757.351
vn -0.557537 0.554169 0.618101
v -277.789 -119.316 757.353
vn -0.796962 0.601762 -0.0522863
v -277.031 -119.296 758.133
vn -0.125729 0.977217 -0.170997
v -277.031 -119.296 758.133
vn -0.565325 -0.813922 0.133936
v -277.031 -119.296 758.133
vn -0.977545 0.21064 -0.00599187
v -277.031 -119.296 758.133
vn -0.831274 -0.540481 0.129864
v -277.093 -119.141 758.965
vn -0.940389 -0.317034 0.123117
v -277.157 -119.053 759.233
vn -0.977545 0.21064 -0.00599187
v -277.001 -119.125 759.298
vn -0.831274 -0.540481 0.129864
v -277.142 -119.075 758.928
vn -0.831274 -0.540481 0.129864
v -277.142 -119.063 758.974
vn -0.940389 -0.317034 0.123117
v -277.167 -119.029 759.214
vn -0.940389 -0.317034 0.123117
v -277.166 -119.02 759.244
vn -0.416002 -0.909094 0.0221264
v -276.865 -118.585 762.049
vn 0.102181 0.985062 -0.138605
v -276.794 -118.437 762.165
vn -0.680213 0.731944 0.0396145
v -276.794 -118.437 762.165
vn -0.934578 0.277241 0.222936
v -276.794 -118.437 762.165
vn -0.838714 -0.494345 0.228434
v -276.897 -118.6 760.814
vn -0.977545 0.21064 -0.00599187
v -276.897 -118.6 760.814
vn -0.90581 0.423296 0.0181185
v -276.897 -118.6 760.814
vn -0.416002 -0.909094 0.0221264
v -276.897 -118.6 760.814
vn 0.623887 -0.777772 0.0763898
v -283.798 -125.989 758.449
vn 0.92098 -0.354231 -0.162224
v -283.798 -125.989 758.449
vn 0.911678 0.235785 -0.336525
v -283.798 -125.989 758.449
vn 0.559632 -0.828448 -0.0220389
v -282.305 -124.51 764.19
vn 0.829094 0.439896 -0.345102
v -282.278 -124.183 764.147
vn 0.771597 0.535917 -0.342681
v -281.773 -124.258 765.167
vn 0.579154 -0.814916 -0.0221956
v -281.773 -124.258 765.167
vn 0.994958 0.0928474 0.0379242
v -281.773 -124.258 765.167
vn 0.803286 0.49645 -0.329043
v -281.826 -123.881 765.638
vn 0.730079 -0.675233 -0.105096
v -279.409 -118.033 770.129
vn 0.622082 0.754546 -0.208986
v -279.409 -118.033 770.129
vn 0.99001 0.0448505 -0.133672
v -279.409 -118.033 770.129
vn 0.336053 -0.43079 -0.837549
v -278.739 -117.811 773.592
vn 0.698909 -0.709895 -0.0870355
v -278.739 -117.811 773.592
vn 0.992315 -0.10053 0.0721386
v -278.739 -117.811 773.592
vn 0.73104 -0.674569 -0.102646
v -278.94 -118.01 773.615
vn 0.99001 0.0448505 -0.133672
v -278.94 -118.01 773.615
vn 0.336053 -0.43079 -0.837549
v -278.971 -117.752 773.469
vn 0.99001 0.0448505 -0.133672
v -278.971 -117.752 773.469
vn 0.648208 0.746974 -0.147839
v -278.971 -117.752 773.469
vn -0.411549 -0.659474 -0.629064
v -278.271 -117.495 774.863
vn -0.702421 0.635561 -0.320416
v -278.271 -117.495 774.863
vn 0.082606 0.976112 0.200954
v -278.271 -117.495 774.863
vn 0.968938 0.21026 0.130195
v -278.469 -117.605 774.146
vn -0.56871 0.0943064 -0.817114
v -278.469 -117.605 774.146
vn -0.0798666 0.992479 -0.0927679
v -278.469 -117.605 774.146
vn 0.985265 -0.165137 -0.0445177
v -278.782 -117.907 774.039
vn 0.997995 -0.0235157 -0.058768
v -278.732 -117.881 774.298
vn -0.56871 0.0943064 -0.817114
v -278.732 -117.881 774.298
vn 0.998657 -0.0497784 -0.0143844
v -278.75 -117.687 773.915
vn 0.982406 0.181014 0.0459615
v -278.786 -117.61 774.366
vn -0.137645 0.987274 -0.0796507
v -278.786 -117.61 774.366
vn 0.984835 0.166311 0.0493948
v -278.549 -117.785 775.031
vn -0.600853 0.343451 -0.721815
v -278.549 -117.785 775.031
vn 0.091563 -0.148494 -0.984665
v -278.549 -117.785 775.031
vn -0.702421 0.635561 -0.320416
v -278.396 -117.558 775.011
vn -0.600853 0.343451 -0.721815
v -278.396 -117.558 775.011
vn 0.091563 -0.148494 -0.984665
v -278.396 -117.558 775.011
vn -0.0374539 0.994106 0.101742
v -278.396 -117.558 775.011
vn 0.992152 0.120914 -0.031836
v -278.571 -117.579 775.146
vn -0.00493679 0.993084 0.117306
v -278.571 -117.579 775.146
vn -0.121156 0.992545 0.0132398
v -278.583 -117.544 774.893
vn -0.702421 0.635561 -0.320416
v -279.12 -117.716 776.286
vn 0.082606 0.976112 0.200954
v -279.12 -117.716 776.286
vn 0.830128 -0.550071 -0.0911525
v -285.002 -124.203 770.719
vn -0.418789 -0.350209 0.837836
v -282.924 -122.325 773.115
vn 0.487625 -0.450044 0.748119
v -283.502 -122.812 772.731
vn -0.227206 -0.379398 0.896903
v -283.476 -122.633 772.845
vn -0.676313 0.20047 0.708811
v -283.262 -122.063 773.061
vn 0.24991 0.0958937 0.963509
v -283.533 -122.426 772.918
vn -0.240086 0.564002 0.790102
v -283.689 -122.308 772.877
vn 0.939619 0.102263 0.326587
v -283.828 -122.873 773.008
vn 0.824306 -0.530574 0.19751
v -284.023 -123.076 773.031
vn 0.70254 0.383692 0.599349
v -283.711 -122.631 772.953
vn 0.575018 0.584153 0.572817
v -283.828 -122.448 772.973
vn 0.606516 0.517959 0.603205
v -283.924 -122.522 773.132
vn 0.850188 0.487435 0.198965
v -283.924 -122.522 773.132
vn -0.0253259 0.999607 0.0119922
v -283.951 -120.77 785.906
vn -0.442183 0.885245 0.144275
v -283.951 -120.77 785.906
vn 0.363202 0.930023 -0.0560547
v -283.951 -120.77 785.906
vn -0.720332 0.670202 0.17875
v -286.841 -122.134 788.513
vn -0.865636 -0.373223 0.333734
v -289.492 -125.833 787.132
vn -0.178572 0.982858 0.0458591
v -287.11 -122.836 790.062
vn -0.636193 -0.199119 0.745393
v -288.147 -125.451 789.667
vn -0.519294 -0.628747 0.578801
v -288.147 -125.451 789.667
vn -0.921152 0.240262 0.306192
v -288.947 -124.92 789.316
vn -0.78445 0.587412 0.198958
v -287.05 -123.378 792.181
vn -0.691573 0.0075571 0.722267
v -287.05 -123.378 792.181
vn -0.72072 0.678974 0.139847
v -286.846 -122.85 791.812
vn -0.691573 0.0075571 0.722267
v -287.74 -123.838 791.525
vn -0.613927 0.784437 0.0880444
v -287.986 -123.801 791.329
vn -0.471927 -0.652875 0.592486
v -287.986 -123.801 791.329
vn -0.629399 -0.144621 0.763506
v -287.986 -123.801 791.329
vn 0.126699 0.962915 -0.238204
v -278.238 -121.593 749.566
vn -0.782947 0.509379 0.35711
v -278.238 -121.593 749.566
vn -0.967549 -0.044274 0.248775
v -278.238 -121.593 749.566
vn 0.303917 0.950988 0.057068
v -278.23 -121.455 750.052
vn -0.850156 -0.400061 0.342323
v -278.23 -121.455 750.052
vn -0.919899 -0.341285 -0.193157
v -278.299 -121.168 750.75
vn -0.631019 0.318444 0.707395
v -278.299 -121.168 750.75
vn 0.0940417 0.918484 -0.384114
v -278.299 -121.168 750.75
vn -0.943487 -0.329836 -0.0322714
v -278.202 -121.169 751.006
vn -0.943487 -0.329836 -0.0322714
v -278.208 -121.158 751.08
vn -0.988166 -0.0602292 0.141072
v -278.139 -120.922 751.659
vn -0.988166 -0.0602292 0.141072
v -278.119 -120.853 751.83
vn 0.00190049 0.924719 -0.380647
v -278.116 -120.772 752.123
vn -0.707697 0.699965 -0.0959889
v -278.116 -120.772 752.123
vn -0.828172 -0.533762 0.170967
v -278.038 -120.249 753.75
vn -0.828172 -0.533762 0.170967
v -278.038 -120.236 753.796
vn 0.914789 0.363407 -0.176341
v -277.947 -119.913 754.61
vn -0.411195 -0.65978 -0.628974
v -277.947 -119.913 754.61
vn -0.757754 0.630941 -0.166503
v -277.947 -119.913 754.61
vn 0.914789 0.363407 -0.176341
v -277.934 -119.837 754.839
vn 0.0285048 0.971265 -0.236286
v -277.934 -119.837 754.839
vn -0.774182 0.624238 -0.104731
v -277.934 -119.837 754.839
vn -0.2632 -0.924558 0.275534
v -278.064 -120.008 754.785
vn -0.852349 -0.3362 0.400589
v -278.064 -120.008 754.785
vn -0.774182 0.624238 -0.104731
v -278.064 -120.008 754.785
vn 0.593169 0.758739 -0.269196
v -280.428 -118.385 766.89
vn 0.0763157 0.970534 -0.228559
v -280.428 -118.385 766.89
vn -0.19806 0.978463 -0.0581611
v -279.791 -117.661 770.338
vn 0.0259229 0.999091 0.0338499
v -285.049 -121.896 770.874
vn -0.133038 0.969502 0.20583
v -283.915 -122.101 772.574
vn 0.502231 0.703916 0.502262
v -283.915 -122.101 772.574
vn 0.498856 0.672037 0.547274
v -284.215 -122.251 773.083
vn 0.706399 0.700104 -0.104186
v -284.215 -122.251 773.083
vn -0.139991 0.989727 -0.029047
v -284.591 -121.063 776.894
vn -0.466695 0.881409 0.0728943
v -285.401 -120.639 778.689
vn -0.53341 -0.817307 0.217907
v -291.493 -129.008 774.598
vn -0.905452 -0.294279 0.305869
v -289.628 -125.115 787.421
vn -0.921152 0.240262 0.306192
v -289.628 -125.115 787.421
vn 0.893728 0.0830029 -0.440863
v -283.635 -120.656 758.79
vn 0.624932 0.570446 -0.532965
v -283.635 -120.656 758.79
vn 0.932501 0.315763 -0.175316
v -283.369 -120.417 759.36
vn 0.622615 0.573657 -0.532229
v -283.369 -120.417 759.36
vn 0.152692 0.929575 -0.335523
v -283.369 -120.417 759.36
vn 0.932501 0.315763 -0.175316
v -283.254 -120.449 759.914
vn 0.648799 0.458435 -0.60737
v -283.254 -120.449 759.914
vn 0.648799 0.458435 -0.60737
v -282.939 -119.868 760.688
vn 0.112898 0.927162 -0.357245
v -282.939 -119.868 760.688
vn 0.648799 0.458435 -0.60737
v -283.32 -120.177 760.047
vn 0.165391 0.888776 -0.42746
v -283.32 -120.177 760.047
vn 0.276859 0.902958 -0.328659
v -281.721 -119.141 763.899
vn -0.569007 -0.816563 0.0972419
v -292.247 -129.505 768.935
vn 0.0121523 -0.99712 0.07486
v -292.247 -129.505 768.935
vn -0.997326 0.0653506 0.0327269
v -292.607 -129.214 769.273
vn 0.00549616 -0.996427 0.0842782
v -292.266 -129.37 770.734
vn -0.474053 0.879098 -0.0496067
v -291.314 -125.475 776.359
vn -0.395819 0.918053 -0.0225016
v -289.437 -122.402 780.316
vn -0.751497 0.622799 0.217654
v -288.749 -122.07 781.744
vn 0.829916 -0.547016 -0.109609
v -294.414 -139.558 729.064
vn 0.962065 -0.160625 0.220523
v -294.414 -139.558 729.064
vn 0.29522 -0.954797 -0.0347573
v -294.414 -139.558 729.064
vn 0.962065 -0.160625 0.220523
v -294.352 -139.429 728.887
vn 0.735943 0.674886 -0.0539998
v -294.352 -139.429 728.887
vn 0.29522 -0.954797 -0.0347573
v -294.454 -139.56 728.773
vn -0.372099 -0.902095 -0.218559
v -294.454 -139.56 728.773
vn 0.175134 -0.727885 -0.662957
v -294.454 -139.56 728.773
vn 0.175134 -0.727885 -0.662957
v -294.509 -139.385 728.567
vn 0.751309 0.527884 -0.396072
v -294.509 -139.385 728.567
vn 0.29522 -0.954797 -0.0347573
v -294.587 -139.618 729.24
vn -0.40269 -0.908493 -0.111718
v -294.587 -139.618 729.24
vn 0.962065 -0.160625 0.220523
v -294.462 -139.435 729.361
vn 0.633995 -0.218489 0.741831
v -294.462 -139.435 729.361
vn 0.65668 0.707529 0.261103
v -294.462 -139.435 729.361
vn -0.0271245 -0.912986 0.407088
v -292.958 -134.917 739.64
vn 0.31056 -0.78277 0.53928
v -290.817 -132.597 743.895
vn 0.517069 0.722128 -0.459533
v -286.09 -123.047 753.364
vn 0.627238 0.567226 -0.533692
v -286.09 -123.047 753.364
vn -0.101727 0.859944 -0.500149
v -286.09 -123.047 753.364
vn -0.060156 0.932001 -0.35743
v -285.227 -121.235 756.304
vn 0.110186 0.978641 -0.173554
v -288.452 -122.884 764.913
vn -0.63912 -0.764956 0.0797946
v -293.017 -130.425 760.545
vn -0.696543 0.701372 0.151344
v -288.794 -121.669 772.448
vn -0.659922 0.751241 0.0118
v -292.12 -126.166 772.027
vn -0.474956 0.877755 -0.0629453
v -292.242 -126.196 772.456
vn -0.904428 0.356441 -0.234435
v -292.242 -126.196 772.456
vn 0.440147 -0.686621 0.578639
v -295.166 -139.361 729.985
vn 0.633995 -0.218489 0.741831
v -295.166 -139.361 729.985
vn 0.93904 -0.165107 0.301567
v -295.166 -139.361 729.985
vn 0.216228 -0.816039 0.536027
v -295.166 -139.361 729.985
vn 0.781806 0.603085 0.158327
v -295.139 -139.121 730.033
vn 0.863655 -0.378956 0.332404
v -295.139 -139.121 730.033
vn 0.984316 0.113167 0.13533
v -295.139 -139.121 730.033
vn 0.833628 0.494058 -0.246923
v -295.139 -139.121 730.033
vn 0.172219 -0.854233 0.490538
v -295.304 -138.977 730.626
vn 0.995252 0.0417599 -0.0879196
v -295.364 -138.657 731.284
vn 0.102638 -0.900003 0.423627
v -295.364 -138.657 731.284
vn 0.792174 -0.60155 0.10295
v -295.364 -138.657 731.284
vn 0.157601 -0.868659 0.469674
v -296.179 -138.768 731.297
vn -0.510183 -0.77037 0.382419
v -296.138 -137.955 732.989
vn -0.784165 -0.457737 0.419001
v -296.138 -137.955 732.989
vn 0.0364855 -0.915253 0.401223
v -294.11 -135.992 737.207
vn 0.252725 0.840079 -0.479997
v -287.378 -124.721 749.284
vn -0.660964 -0.588068 0.466157
v -293.196 -134.074 741.514
vn -0.8204 -0.512853 0.252836
v -292.738 -132.835 744.129
vn 0.0581844 0.87647 -0.477928
v -287.679 -122.673 753.692
vn -0.869606 0.443951 0.216087
v -288.78 -123.291 753.152
vn -0.706209 0.707045 0.0368366
v -288.404 -122.802 753.666
vn 0.0513838 0.829528 -0.556097
v -287.12 -121.928 755.089
vn -0.479822 0.864321 -0.150728
v -287.12 -121.928 755.089
vn 0.274021 0.763787 -0.584416
v -287.12 -121.928 755.089
vn -0.0757237 0.92249 -0.378522
v -285.914 -121.468 756.044
vn -0.629554 0.772623 0.0819497
v -285.914 -121.468 756.044
vn 0.345051 0.765346 -0.543309
v -286.637 -121.458 755.87
vn -0.696807 0.713266 0.0755682
v -286.168 -120.918 757.223
vn -0.922884 -0.375255 0.0864194
v -292.886 -131.063 750.317
vn -0.929944 -0.36726 -0.0180065
v -293.071 -130.51 753.257
vn 0.16174 0.98589 -0.0431452
v -288.919 -122.972 762.448
vn 0.3642 0.925285 -0.105857
v -288.861 -123.01 763.723
vn -0.877208 0.480103 -0.00248474
v -292.138 -124.864 768.764
vn -0.995818 0.013758 0.0903129
v -292.289 -124.87 769.187
vn -0.236949 0.968869 -0.0717568
v -292.289 -124.87 769.187
vn -0.756452 0.649216 0.0793662
v -292.289 -124.87 769.187
vn 0.734483 0.3145 -0.601353
v -295.913 -138.556 727.286
vn 0.0243729 0.120023 -0.992472
v -295.913 -138.556 727.286
vn -0.41026 -0.830955 -0.375766
v -295.913 -138.556 727.286
vn -0.54878 -0.272739 -0.790224
v -295.913 -138.556 727.286
vn 0.0243729 0.120023 -0.992472
v -296.068 -138.095 727.338
vn 0.699649 -0.487418 -0.522412
v -296.068 -138.095 727.338
vn 0.699649 -0.487418 -0.522412
v -296.148 -138.194 727.324
vn -0.54878 -0.272739 -0.790224
v -296.148 -138.194 727.324
vn -0.0892171 -0.871383 -0.482423
v -296.148 -138.194 727.324
vn -0.054529 -0.595148 -0.801764
v -296.231 -138.043 727.072
vn 0.720506 0.509002 -0.470943
v -296.231 -138.043 727.072
vn -0.65909 -0.645587 -0.385769
v -296.627 -138.35 727.71
vn -0.095577 -0.876094 -0.472571
v -296.627 -138.35 727.71
vn -0.730205 -0.507152 -0.457818
v -296.523 -138.057 727.147
vn 0.656935 0.504102 -0.560641
v -296.516 -137.776 726.978
vn -0.334445 0.407501 -0.849759
v -296.516 -137.776 726.978
vn -0.79856 -0.242295 -0.550995
v -296.558 -137.825 726.985
vn -0.390424 0.208907 -0.89662
v -296.558 -137.825 726.985
vn -0.805951 0.117293 -0.580245
v -296.574 -137.766 727.006
vn -0.192595 0.594068 -0.781019
v -296.546 -137.421 727.261
vn 0.547015 0.577811 -0.60573
v -296.673 -137.209 727.44
vn 0.45756 0.426487 -0.780223
v -296.589 -137.075 727.563
vn -0.144141 0.825011 -0.546425
v -296.589 -137.075 727.563
vn 0.770555 0.331776 -0.544215
v -294.539 -135.257 733.537
vn 0.422105 0.716981 -0.554766
v -294.539 -135.257 733.537
vn 0.785039 0.475053 -0.39754
v -294.471 -133.668 735.642
vn 0.962817 0.0201017 -0.269406
v -294.535 -132.646 736.202
vn 0.350777 0.729807 -0.586802
v -293.472 -132.506 737.904
vn 0.807805 0.290601 -0.512838
v -293.884 -131.333 738.214
vn -0.268696 -0.809078 0.522681
v -296.855 -137.166 733.237
vn -0.8575 -0.248508 0.450486
v -296.463 -136.306 734.712
vn -0.467698 -0.670562 0.575851
v -295.236 -134.716 737.559
vn -0.913979 -0.138959 0.381226
v -295.236 -134.716 737.559
vn 0.846931 0.199441 -0.49288
v -293.829 -132.297 737.918
vn 0.841638 0.17662 -0.510343
v -293.545 -131.739 738.736
vn -0.152451 0.866185 -0.475902
v -293.313 -129.902 739.837
vn 0.330316 0.708535 -0.623594
v -292.465 -130.578 740.628
vn -0.472602 0.848149 -0.239355
v -291.918 -128.224 742.253
vn -0.144756 0.84988 -0.506704
v -291.918 -128.224 742.253
vn -0.626605 0.758688 -0.178209
v -289.8 -125.363 747.407
vn -0.446359 0.875168 -0.186667
v -291.981 -126.201 747.804
vn -0.687909 0.724003 0.0510067
v -288.476 -123.141 751.855
vn -0.932091 0.353426 -0.079345
v -293.477 -129.663 748.701
vn -0.836265 -0.401461 0.373484
v -293.477 -129.663 748.701
vn -0.594956 0.802654 -0.042112
v -292.476 -125.751 751.471
vn -0.41681 0.89484 -0.159782
v -291.902 -125.558 752.484
vn -0.896674 -0.3779 0.230579
v -293.002 -128.113 751.431
vn -0.458004 0.880601 -0.121554
v -292.197 -125.309 753.369
vn -0.909449 0.411822 -0.0574979
v -292.546 -125.383 753.993
vn -0.723956 0.677157 -0.131704
v -291.946 -124.673 756.354
vn -0.681554 0.722802 -0.114194
v -292.657 -124.767 759.78
vn -0.980017 0.197494 0.0237211
v -292.657 -124.767 759.78
vn -0.319714 0.773163 -0.547724
v -296.639 -136.671 728.125
vn -0.0641064 0.929877 -0.362241
v -296.592 -136.528 728.449
vn -0.0380089 0.92777 -0.371211
v -297.058 -136.214 729.361
vn 0.819164 0.462243 -0.339562
v -297.058 -136.214 729.361
vn 0.145349 0.830132 -0.538288
v -296.979 -135.988 729.858
vn 0.184989 0.525008 -0.83075
v -296.565 -135.063 731.478
vn 0.740765 0.608273 -0.285081
v -296.565 -135.063 731.478
vn 0.335367 0.694634 -0.636406
v -296.956 -134.664 731.315
vn -0.764186 0.57679 -0.288674
v -296.956 -134.664 731.315
vn 0.740765 0.608273 -0.285081
v -296.956 -134.664 731.315
vn -0.0269134 0.998861 0.039411
v -296.956 -134.664 731.315
vn -0.0884422 0.975647 -0.200726
v -296.811 -134.674 731.67
vn 0.740765 0.608273 -0.285081
v -296.811 -134.674 731.67
vn -0.871344 0.487503 -0.0556892
v -297.089 -134.684 731.742
vn 0.184989 0.525008 -0.83075
v -296.473 -134.544 731.827
vn -0.116749 0.835992 -0.536179
v -296.473 -134.544 731.827
vn -0.130857 0.84551 -0.517677
v -296.255 -134.171 732.247
vn -0.993493 -0.0355915 0.108185
v -297.667 -136.528 732.145
vn -0.0183485 0.881186 -0.472413
v -295.824 -133.166 734.091
vn 0.768791 0.381286 -0.513402
v -295.201 -132.321 735.66
vn -0.700908 0.700891 -0.132211
v -295.872 -132.719 734.927
vn -0.228817 0.881025 -0.41405
v -294.812 -131.225 737.754
vn -0.70653 0.68933 -0.160123
v -294.812 -131.225 737.754
vn -0.771834 0.606105 -0.19212
v -294.26 -129.874 740.428
vn -0.83033 0.552514 -0.0726664
v -294.78 -130.668 740.01
vn -0.745303 0.618556 -0.248822
v -294.15 -129.261 741.621
vn -0.967367 0.237382 0.088608
v -294.15 -129.261 741.621
vn -0.428372 0.866149 -0.257456
v -293.568 -127.563 745.819
vn -0.661882 0.732342 0.159961
v -292.987 -125.995 750.472
vn -0.981346 0.177203 0.0745635
v -292.987 -125.995 750.472
f 1//1 4//4 3//3
f 2//2 1//1 16//16
f 1//1 3//3 16//16
f 16//16 3//3 22//22
f 3//3 4//4 22//22
f 1986//1986 1988//1988 23//23
f 22//22 4//4 26//26
f 5//5 1//1 2//2
f 13//13 6//6 5//5
f 6//6 10//10 5//5
f 10//10 1//1 5//5
f 1981//1981 7//7 1972//1972
f 1974//1974 1982//1982 14//14
f 1975//1975 14//14 15//15
f 1975//1975 15//15 17//17
f 8//8 47//47 10//10
f 10//10 6//6 8//8
f 8//8 6//6 9//9
f 1976//1976 1978//1978 1973//1973
f 1979//1979 2015//2015 1977//1977
f 2016//2016 1980//1980 1975//1975
f 10//10 4//4 1//1
f 46//46 10//10 47//47
f 48//48 11//11 46//46
f 17//17 2016//2016 1975//1975
f 2016//2016 17//17 50//50
f 46//46 11//11 10//10
f 12//12 4//4 10//10
f 11//11 12//12 10//10
f 49//49 11//11 48//48
f 57//57 11//11 49//49
f 57//57 12//12 11//11
f 57//57 59//59 12//12
f 19//19 12//12 61//61
f 1984//1984 1971//1971 17//17
f 1983//1983 5//5 1985//1985
f 1985//1985 5//5 2//2
f 14//14 1982//1982 15//15
f 1986//1986 17//17 1971//1971
f 17//17 1986//1986 23//23
f 50//50 17//17 23//23
f 23//23 64//64 50//50
f 18//18 12//12 19//19
f 18//18 20//20 12//12
f 69//69 18//18 19//19
f 18//18 69//69 20//20
f 12//12 1987//1987 4//4
f 69//69 21//21 20//20
f 21//21 70//70 20//20
f 70//70 29//29 20//20
f 1991//1991 1989//1989 24//24
f 1992//1992 1990//1990 26//26
f 27//27 1992//1992 26//26
f 1993//1993 25//25 23//23
f 1994//1994 1995//1995 28//28
f 25//25 64//64 23//23
f 28//28 64//64 25//25
f 1993//1993 28//28 25//25
f 74//74 28//28 1995//1995
f 26//26 77//77 27//27
f 2052//2052 74//74 1995//1995
f 26//26 4//4 30//30
f 1987//1987 1996//1996 4//4
f 4//4 1997//1997 30//30
f 26//26 30//30 77//77
f 1997//1997 31//31 30//30
f 31//31 32//32 79//79
f 31//31 33//33 32//32
f 31//31 1997//1997 34//34
f 79//79 30//30 31//31
f 2055//2055 78//78 30//30
f 2056//2056 1998//1998 80//80
f 80//80 81//81 2056//2056
f 80//80 1998//1998 1999//1999
f 31//31 34//34 33//33
f 34//34 37//37 33//33
f 37//37 34//34 35//35
f 2002//2002 2000//2000 36//36
f 37//37 35//35 100//100
f 87//87 2003//2003 2001//2001
f 87//87 42//42 2003//2003
f 2003//2003 42//42 39//39
f 101//101 100//100 35//35
f 35//35 2006//2006 101//101
f 2007//2007 2002//2002 36//36
f 101//101 2006//2006 38//38
f 101//101 2004//2004 106//106
f 42//42 41//41 39//39
f 41//41 40//40 39//39
f 43//43 41//41 42//42
f 40//40 41//41 43//43
f 2005//2005 2008//2008 2077//2077
f 2008//2008 2009//2009 109//109
f 43//43 44//44 40//40
f 2010//2010 109//109 2009//2009
f 109//109 2010//2010 117//117
f 2011//2011 164//164 110//110
f 2012//2012 2079//2079 45//45
f 2010//2010 2013//2013 117//117
f 119//119 45//45 2079//2079
f 117//117 2013//2013 2084//2084
f 113//113 114//114 115//115
f 2014//2014 2017//2017 2019//2019
f 2018//2018 2025//2025 2020//2020
f 2021//2021 50//50 51//51
f 2022//2022 2026//2026 2023//2023
f 49//49 59//59 57//57
f 2027//2027 52//52 2024//2024
f 54//54 2024//2024 52//52
f 2033//2033 59//59 49//49
f 51//51 50//50 64//64
f 53//53 55//55 2029//2029
f 52//52 2034//2034 54//54
f 2030//2030 2028//2028 2031//2031
f 2032//2032 51//51 64//64
f 63//63 2035//2035 2032//2032
f 2036//2036 56//56 2033//2033
f 63//63 2032//2032 64//64
f 2035//2035 63//63 60//60
f 2039//2039 2038//2038 2037//2037
f 59//59 58//58 12//12
f 12//12 58//58 61//61
f 59//59 72//72 62//62
f 59//59 62//62 58//58
f 2033//2033 56//56 59//59
f 2048//2048 59//59 56//56
f 2039//2039 2049//2049 2038//2038
f 61//61 71//71 19//19
f 61//61 58//58 2041//2041
f 2041//2041 67//67 61//61
f 61//61 67//67 2046//2046
f 62//62 72//72 2047//2047
f 2049//2049 2039//2039 149//149
f 63//63 64//64 65//65
f 63//63 65//65 66//66
f 66//66 60//60 63//63
f 2129//2129 2040//2040 153//153
f 2042//2042 153//153 2040//2040
f 69//69 19//19 68//68
f 19//19 71//71 68//68
f 2041//2041 2046//2046 67//67
f 71//71 69//69 68//68
f 69//69 70//70 21//21
f 71//71 2043//2043 69//69
f 2043//2043 71//71 150//150
f 2047//2047 72//72 2130//2130
f 28//28 74//74 73//73
f 73//73 64//64 28//28
f 74//74 75//75 73//73
f 2050//2050 64//64 73//73
f 64//64 2050//2050 65//65
f 2050//2050 66//66 65//65
f 74//74 2052//2052 2051//2051
f 2042//2042 2051//2051 153//153
f 153//153 2051//2051 2052//2052
f 2044//2044 151//151 2001//2001
f 2131//2131 151//151 2044//2044
f 76//76 77//77 30//30
f 2045//2045 34//34 1997//1997
f 152//152 2001//2001 151//151
f 78//78 76//76 30//30
f 155//155 77//77 76//76
f 76//76 78//78 156//156
f 156//156 2135//2135 76//76
f 2058//2058 82//82 2057//2057
f 1999//1999 85//85 80//80
f 84//84 2060//2060 2059//2059
f 2061//2061 86//86 82//82
f 82//82 83//83 2057//2057
f 82//82 86//86 83//83
f 2057//2057 83//83 98//98
f 83//83 97//97 98//98
f 83//83 86//86 97//97
f 81//81 80//80 2062//2062
f 80//80 85//85 2062//2062
f 2055//2055 91//91 78//78
f 78//78 91//91 95//95
f 95//95 156//156 78//78
f 2064//2064 86//86 2063//2063
f 85//85 1999//1999 37//37
f 96//96 85//85 37//37
f 152//152 42//42 87//87
f 87//87 2001//2001 152//152
f 88//88 42//42 152//152
f 152//152 89//89 88//88
f 90//90 42//42 88//88
f 90//90 88//88 89//89
f 159//159 42//42 90//90
f 159//159 90//90 89//89
f 180//180 159//159 89//89
f 91//91 2055//2055 2072//2072
f 91//91 2073//2073 99//99
f 95//95 91//91 92//92
f 99//99 92//92 91//91
f 2070//2070 2065//2065 93//93
f 93//93 2065//2065 2074//2074
f 2070//2070 93//93 94//94
f 2066//2066 103//103 2067//2067
f 93//93 2074//2074 2075//2075
f 95//95 2068//2068 102//102
f 2075//2075 102//102 2069//2069
f 86//86 2071//2071 97//97
f 86//86 2064//2064 2071//2071
f 2071//2071 100//100 97//97
f 100//100 101//101 97//97
f 97//97 101//101 98//98
f 2075//2075 2074//2074 105//105
f 100//100 96//96 37//37
f 98//98 101//101 106//106
f 99//99 2073//2073 2078//2078
f 99//99 2078//2078 2076//2076
f 42//42 159//159 43//43
f 43//43 159//159 164//164
f 180//180 164//164 159//159
f 163//163 102//102 2075//2075
f 163//163 2075//2075 104//104
f 163//163 104//104 109//109
f 2075//2075 105//105 104//104
f 109//109 2077//2077 2008//2008
f 2077//2077 109//109 105//105
f 109//109 104//104 105//105
f 2011//2011 43//43 164//164
f 163//163 107//107 165//165
f 107//107 163//163 109//109
f 108//108 107//107 109//109
f 2085//2085 110//110 164//164
f 111//111 109//109 118//118
f 108//108 111//111 112//112
f 109//109 111//111 108//108
f 112//112 107//107 108//108
f 118//118 112//112 111//111
f 118//118 107//107 112//112
f 109//109 117//117 116//116
f 2080//2080 2082//2082 2081//2081
f 118//118 109//109 116//116
f 118//118 116//116 124//124
f 124//124 116//116 125//125
f 116//116 117//117 125//125
f 120//120 123//123 122//122
f 2087//2087 121//121 2093//2093
f 2088//2088 2091//2091 2089//2089
f 2090//2090 2092//2092 2094//2094
f 126//126 117//117 2084//2084
f 127//127 129//129 128//128
f 2096//2096 2086//2086 130//130
f 2098//2098 2099//2099 2097//2097
f 117//117 126//126 132//132
f 2085//2085 171//171 2100//2100
f 137//137 131//131 2095//2095
f 2095//2095 131//131 170//170
f 168//168 2095//2095 170//170
f 124//124 125//125 2107//2107
f 117//117 132//132 125//125
f 132//132 126//126 2101//2101
f 125//125 132//132 2107//2107
f 172//172 131//131 137//137
f 171//171 133//133 2100//2100
f 2101//2101 2103//2103 132//132
f 171//171 148//148 133//133
f 137//137 138//138 172//172
f 140//140 2107//2107 132//132
f 138//138 191//191 172//172
f 132//132 2103//2103 2123//2123
f 134//134 135//135 136//136
f 2104//2104 2106//2106 2105//2105
f 2112//2112 2109//2109 2108//2108
f 2113//2113 141//141 139//139
f 2112//2112 2110//2110 2109//2109
f 2111//2111 2114//2114 173//173
f 173//173 191//191 138//138
f 138//138 2111//2111 173//173
f 140//140 146//146 2115//2115
f 2114//2114 2120//2120 173//173
f 140//140 132//132 146//146
f 143//143 144//144 142//142
f 2124//2124 145//145 2102//2102
f 2116//2116 2118//2118 2117//2117
f 132//132 2119//2119 146//146
f 2119//2119 147//147 146//146
f 175//175 173//173 2120//2120
f 176//176 175//175 2120//2120
f 2121//2121 176//176 2120//2120
f 2122//2122 2125//2125 2140//2140
f 2119//2119 2126//2126 147//147
f 177//177 2049//2049 149//149
f 2129//2129 153//153 2143//2143
f 177//177 2131//2131 2049//2049
f 180//180 151//151 2131//2131
f 177//177 180//180 2131//2131
f 151//151 180//180 2132//2132
f 193//193 180//180 177//177
f 2136//2136 154//154 2053//2053
f 2133//2133 2054//2054 178//178
f 2054//2054 2134//2134 178//178
f 2132//2132 180//180 89//89
f 157//157 156//156 95//95
f 2135//2135 156//156 198//198
f 154//154 2136//2136 2157//2157
f 157//157 95//95 158//158
f 102//102 158//158 95//95
f 157//157 158//158 160//160
f 162//162 157//157 160//160
f 156//156 157//157 162//162
f 158//158 161//161 160//160
f 162//162 160//160 161//161
f 158//158 102//102 181//181
f 2147//2147 161//161 158//158
f 161//161 179//179 162//162
f 102//102 163//163 165//165
f 181//181 102//102 165//165
f 166//166 164//164 182//182
f 107//107 118//118 165//165
f 164//164 2137//2137 2085//2085
f 165//165 2083//2083 181//181
f 2137//2137 189//189 2085//2085
f 181//181 2083//2083 167//167
f 167//167 168//168 181//181
f 2095//2095 167//167 2083//2083
f 167//167 2095//2095 168//168
f 189//189 171//171 2085//2085
f 131//131 172//172 170//170
f 172//172 169//169 170//170
f 170//170 169//169 190//190
f 190//190 169//169 172//172
f 2141//2141 192//192 175//175
f 175//175 192//192 173//173
f 2142//2142 2127//2127 174//174
f 2154//2154 2142//2142 174//174
f 2154//2154 174//174 2127//2127
f 2143//2143 153//153 178//178
f 194//194 193//193 2143//2143
f 178//178 2134//2134 2158//2158
f 162//162 2159//2159 156//156
f 2144//2144 161//161 2147//2147
f 180//180 182//182 164//164
f 162//162 179//179 199//199
f 199//199 200//200 162//162
f 183//183 2145//2145 184//184
f 2151//2151 182//182 180//180
f 182//182 2151//2151 166//166
f 184//184 2138//2138 183//183
f 186//186 2137//2137 2152//2152
f 186//186 2152//2152 185//185
f 187//187 186//186 188//188
f 186//186 185//185 188//188
f 209//209 188//188 185//185
f 187//187 2153//2153 186//186
f 187//187 188//188 2153//2153
f 170//170 181//181 168//168
f 189//189 2137//2137 186//186
f 223//223 2139//2139 2153//2153
f 188//188 223//223 2153//2153
f 2139//2139 223//223 2128//2128
f 212//212 190//190 172//172
f 191//191 212//212 172//172
f 212//212 191//191 219//219
f 219//219 191//191 173//173
f 2183//2183 219//219 2154//2154
f 2177//2177 173//173 192//192
f 2127//2127 2183//2183 2154//2154
f 194//194 2143//2143 178//178
f 194//194 178//178 195//195
f 195//195 178//178 196//196
f 240//240 180//180 193//193
f 224//224 193//193 194//194
f 224//224 240//240 193//193
f 194//194 195//195 2184//2184
f 195//195 196//196 2184//2184
f 196//196 178//178 2158//2158
f 197//197 180//180 240//240
f 2152//2152 2146//2146 204//204
f 180//180 197//197 204//204
f 2159//2159 162//162 200//200
f 202//202 199//199 179//179
f 199//199 202//202 200//200
f 2144//2144 2147//2147 2164//2164
f 2158//2158 203//203 196//196
f 2168//2168 2160//2160 2161//2161
f 2162//2162 2165//2165 2169//2169
f 196//196 203//203 201//201
f 2166//2166 201//201 203//203
f 197//197 205//205 204//204
f 197//197 225//225 205//205
f 204//204 207//207 2152//2152
f 2147//2147 227//227 2164//2164
f 2163//2163 2167//2167 2188//2188
f 2189//2189 196//196 201//201
f 226//226 209//209 207//207
f 226//226 211//211 209//209
f 2152//2152 207//207 185//185
f 207//207 208//208 185//185
f 208//208 209//209 185//185
f 209//209 208//208 207//207
f 228//228 2190//2190 2148//2148
f 2149//2149 206//206 229//229
f 2191//2191 2149//2149 229//229
f 210//210 2170//2170 2150//2150
f 210//210 2150//2150 170//170
f 188//188 209//209 211//211
f 188//188 211//211 214//214
f 210//210 170//170 190//190
f 212//212 210//210 190//190
f 214//214 223//223 188//188
f 213//213 210//210 212//212
f 220//220 213//213 212//212
f 234//234 213//213 222//222
f 213//213 220//220 2181//2181
f 214//214 211//211 217//217
f 214//214 217//217 216//216
f 214//214 216//216 215//215
f 2171//2171 221//221 215//215
f 218//218 2182//2182 2178//2178
f 2174//2174 2179//2179 2172//2172
f 233//233 217//217 211//211
f 2173//2173 217//217 233//233
f 2196//2196 235//235 2175//2175
f 2172//2172 2197//2197 2174//2174
f 2178//2178 212//212 219//219
f 223//223 214//214 215//215
f 2180//2180 2178//2178 219//219
f 218//218 2178//2178 2180//2180
f 234//234 222//222 2176//2176
f 215//215 221//221 223//223
f 2180//2180 219//219 2183//2183
f 224//224 239//239 240//240
f 2155//2155 238//238 2185//2185
f 239//239 224//224 2208//2208
f 2209//2209 2156//2156 255//255
f 240//240 241//241 197//197
f 240//240 250//250 241//241
f 226//226 225//225 197//197
f 196//196 230//230 255//255
f 226//226 205//205 225//225
f 226//226 204//204 205//205
f 226//226 207//207 204//204
f 231//231 229//229 206//206
f 229//229 2193//2193 2191//2191
f 196//196 2189//2189 230//230
f 2192//2192 230//230 2189//2189
f 230//230 2192//2192 2194//2194
f 232//232 2195//2195 2170//2170
f 230//230 2194//2194 232//232
f 257//257 232//232 2170//2170
f 232//232 257//257 230//230
f 237//237 2170//2170 210//210
f 210//210 213//213 237//237
f 257//257 2170//2170 237//237
f 230//230 2230//2230 266//266
f 233//233 211//211 236//236
f 234//234 237//237 213//213
f 237//237 234//234 2176//2176
f 2198//2198 233//233 236//236
f 235//235 2207//2207 2175//2175
f 2207//2207 235//235 298//298
f 2322//2322 2198//2198 236//236
f 257//257 237//237 2323//2323
f 2208//2208 244//244 239//239
f 240//240 239//239 244//244
f 2214//2214 2210//2210 243//243
f 244//244 245//245 240//240
f 245//245 250//250 240//240
f 2209//2209 246//246 2213//2213
f 251//251 246//246 2209//2209
f 248//248 249//249 242//242
f 2216//2216 2215//2215 2218//2218
f 2219//2219 2214//2214 243//243
f 245//245 247//247 250//250
f 2217//2217 2220//2220 2221//2221
f 2221//2221 2220//2220 2224//2224
f 2222//2222 2212//2212 2223//2223
f 197//197 241//241 226//226
f 250//250 2225//2225 241//241
f 2211//2211 2226//2226 316//316
f 247//247 2225//2225 250//250
f 254//254 252//252 253//253
f 2228//2228 2227//2227 2229//2229
f 241//241 2365//2365 226//226
f 255//255 251//251 2209//2209
f 251//251 255//255 319//319
f 230//230 266//266 255//255
f 319//319 255//255 317//317
f 226//226 320//320 318//318
f 318//318 322//322 226//226
f 255//255 327//327 317//317
f 211//211 226//226 323//323
f 323//323 256//256 211//211
f 266//266 336//336 255//255
f 255//255 336//336 327//327
f 211//211 256//256 236//236
f 339//339 236//236 256//256
f 259//259 258//258 2199//2199
f 2232//2232 2234//2234 264//264
f 2233//2233 2252//2252 268//268
f 336//336 266//266 2235//2235
f 336//336 2235//2235 357//357
f 344//344 2236//2236 2200//2200
f 2449//2449 2489//2489 2237//2237
f 2238//2238 261//261 2253//2253
f 2235//2235 266//266 263//263
f 268//268 2252//2252 275//275
f 236//236 355//355 2450//2450
f 347//347 260//260 345//345
f 2240//2240 346//346 2454//2454
f 2239//2239 262//262 2242//2242
f 2241//2241 2462//2462 2458//2458
f 2244//2244 2254//2254 2243//2243
f 348//348 265//265 349//349
f 2466//2466 351//351 2257//2257
f 2245//2245 2235//2235 263//263
f 2246//2246 2247//2247 2255//2255
f 2258//2258 350//350 2469//2469
f 2248//2248 2283//2283 2256//2256
f 2259//2259 2475//2475 2472//2472
f 302//302 266//266 2230//2230
f 2201//2201 2331//2331 303//303
f 285//285 281//281 267//267
f 273//273 2332//2332 2202//2202
f 2265//2265 2292//2292 287//287
f 268//268 2203//2203 2233//2233
f 2203//2203 268//268 269//269
f 2269//2269 2260//2260 2204//2204
f 2205//2205 2261//2261 2277//2277
f 2278//2278 2262//2262 271//271
f 293//293 284//284 274//274
f 2266//2266 286//286 2299//2299
f 2302//2302 2267//2267 2305//2305
f 2284//2284 2249//2249 2268//2268
f 268//268 2250//2250 276//276
f 263//263 266//266 277//277
f 276//276 2286//2286 268//268
f 278//278 270//270 279//279
f 2286//2286 269//269 268//268
f 2289//2289 2290//2290 2271//2271
f 2287//2287 2263//2263 2270//2270
f 2264//2264 272//272 2272//2272
f 2274//2274 2279//2279 2273//2273
f 2275//2275 266//266 302//302
f 2276//2276 2333//2333 2280//2280
f 292//292 297//297 280//280
f 2281//2281 294//294 2315//2315
f 2317//2317 2282//2282 2297//2297
f 2288//2288 2285//2285 2251//2251
f 2300//2300 288//288 2293//2293
f 2294//2294 2308//2308 2306//2306
f 282//282 291//291 290//290
f 309//309 310//310 283//283
f 2349//2349 2348//2348 2296//2296
f 2303//2303 2309//2309 2301//2301
f 2304//2304 2307//2307 2310//2310
f 289//289 296//296 295//295
f 2312//2312 2313//2313 2295//2295
f 2298//2298 2316//2316 2318//2318
f 2311//2311 2319//2319 2320//2320
f 2291//2291 2321//2321 2314//2314
f 2206//2206 2337//2337 2324//2324
f 2325//2325 2334//2334 2231//2231
f 304//304 2335//2335 2326//2326
f 2327//2327 2338//2338 2340//2340
f 300//300 301//301 299//299
f 2330//2330 2329//2329 2328//2328
f 2336//2336 2341//2341 2339//2339
f 306//306 305//305 307//307
f 312//312 311//311 308//308
f 2350//2350 315//315 2345//2345
f 2353//2353 2346//2346 314//314
f 2343//2343 2344//2344 2342//2342
f 2347//2347 2362//2362 2359//2359
f 2351//2351 2354//2354 313//313
f 2352//2352 2356//2356 2363//2363
f 2357//2357 2355//2355 2360//2360
f 2358//2358 2361//2361 2364//2364
f 319//319 2366//2366 251//251
f 2365//2365 320//320 226//226
f 2374//2374 2367//2367 2373//2373
f 2374//2374 2373//2373 2368//2368
f 2369//2369 321//321 2371//2371
f 2375//2375 2370//2370 2372//2372
f 2376//2376 322//322 318//318
f 2377//2377 317//317 327//327
f 2392//2392 2379//2379 2378//2378
f 2380//2380 2393//2393 324//324
f 325//325 2394//2394 2186//2186
f 2387//2387 2385//2385 2395//2395
f 2187//2187 2396//2396 2382//2382
f 330//330 326//326 2397//2397
f 2383//2383 2397//2397 326//326
f 331//331 2384//2384 2390//2390
f 2388//2388 226//226 322//322
f 2389//2389 2381//2381 2386//2386
f 2408//2408 2391//2391 2405//2405
f 327//327 336//336 328//328
f 327//327 328//328 2406//2406
f 2398//2398 2409//2409 2407//2407
f 2410//2410 256//256 323//323
f 2410//2410 329//329 256//256
f 339//339 256//256 329//329
f 332//332 2403//2403 2399//2399
f 329//329 2412//2412 339//339
f 333//333 2413//2413 2400//2400
f 2415//2415 328//328 336//336
f 334//334 2411//2411 2401//2401
f 2416//2416 335//335 2414//2414
f 2410//2410 2419//2419 329//329
f 2404//2404 2420//2420 2402//2402
f 2417//2417 2431//2431 2421//2421
f 2422//2422 339//339 2412//2412
f 337//337 2432//2432 2418//2418
f 2415//2415 336//336 2426//2426
f 2427//2427 338//338 2433//2433
f 2428//2428 2423//2423 2429//2429
f 353//353 236//236 339//339
f 2430//2430 2424//2424 2434//2434
f 2435//2435 2425//2425 341//341
f 336//336 340//340 2442//2442
f 2443//2443 2438//2438 2436//2436
f 2437//2437 2439//2439 2479//2479
f 342//342 362//362 2440//2440
f 2480//2480 2441//2441 2505//2505
f 340//340 354//354 363//363
f 340//340 363//363 2444//2444
f 354//354 340//340 336//336
f 343//343 2506//2506 2445//2445
f 2447//2447 2446//2446 2508//2508
f 236//236 353//353 355//355
f 355//355 359//359 2450//2450
f 2490//2490 2451//2451 358//358
f 2463//2463 2455//2455 2452//2452
f 2492//2492 2453//2453 2456//2456
f 2464//2464 2450//2450 359//359
f 2493//2493 2457//2457 2459//2459
f 361//361 2467//2467 2470//2470
f 2496//2496 2460//2460 2465//2465
f 2476//2476 2468//2468 2502//2502
f 2503//2503 2471//2471 2473//2473
f 372//372 352//352 369//369
f 2504//2504 2474//2474 2477//2477
f 2478//2478 2518//2518 2515//2515
f 2481//2481 2507//2507 2509//2509
f 2509//2509 2483//2483 2481//2481
f 2482//2482 2484//2484 2486//2486
f 336//336 356//356 354//354
f 2487//2487 2485//2485 2488//2488
f 336//336 357//357 356//356
f 2497//2497 2487//2487 2488//2488
f 2491//2491 2494//2494 2498//2498
f 357//357 2499//2499 356//356
f 2500//2500 2495//2495 2461//2461
f 360//360 366//366 365//365
f 367//367 364//364 368//368
f 2511//2511 2512//2512 2501//2501
f 2507//2507 2448//2448 2509//2509
f 2513//2513 2514//2514 2510//2510
f 373//373 370//370 374//374
f 375//375 371//371 376//376
f 2516//2516 2519//2519 2520//2520
f 2521//2521 2522//2522 2517//2517
f 403//403 404//404 379//379
f 408//408 377//377 378//378
f 377//377 403//403 379//379
f 410//410 403//403 377//377
f 408//408 410//410 377//377
f 379//379 380//380 385//385
f 379//379 385//385 377//377
f 379//379 404//404 406//406
f 2534//2534 2524//2524 433//433
f 381//381 378//378 377//377
f 428//428 2523//2523 2525//2525
f 377//377 385//385 2526//2526
f 2526//2526 385//385 382//382
f 384//384 2527//2527 2529//2529
f 2535//2535 429//429 383//383
f 2529//2529 383//383 384//384
f 2529//2529 2535//2535 383//383
f 2528//2528 2531//2531 2626//2626
f 2535//2535 2634//2634 429//429
f 2524//2524 435//435 433//433
f 459//459 387//387 386//386
f 388//388 386//386 387//387
f 389//389 2538//2538 2537//2537
f 2542//2542 391//391 2539//2539
f 466//466 389//389 2537//2537
f 389//389 390//390 392//392
f 2544//2544 465//465 2547//2547
f 464//464 2548//2548 2666//2666
f 2543//2543 2549//2549 2545//2545
f 2548//2548 464//464 2546//2546
f 395//395 394//394 393//393
f 2553//2553 398//398 2550//2550
f 2556//2556 2551//2551 397//397
f 2552//2552 2565//2565 2562//2562
f 2554//2554 2557//2557 396//396
f 2555//2555 2559//2559 2566//2566
f 2560//2560 2558//2558 2563//2563
f 2561//2561 2564//2564 2567//2567
f 401//401 399//399 402//402
f 467//467 405//405 400//400
f 403//403 2573//2573 400//400
f 2574//2574 467//467 400//400
f 403//403 2568//2568 2573//2573
f 2575//2575 425//425 2669//2669
f 2670//2670 2625//2625 468//468
f 425//425 426//426 2672//2672
f 2671//2671 401//401 402//402
f 400//400 404//404 403//403
f 400//400 405//405 404//404
f 404//404 407//407 406//406
f 404//404 405//405 407//407
f 405//405 469//469 407//407
f 409//409 2577//2577 2627//2627
f 428//428 2578//2578 2523//2523
f 413//413 410//410 408//408
f 2589//2589 2577//2577 409//409
f 425//425 2579//2579 2628//2628
f 414//414 2581//2581 417//417
f 2592//2592 2605//2605 411//411
f 2583//2583 2606//2606 412//412
f 2590//2590 2607//2607 2582//2582
f 419//419 2584//2584 2587//2587
f 2612//2612 2588//2588 2608//2608
f 2609//2609 2591//2591 2580//2580
f 425//425 2610//2610 2579//2579
f 2593//2593 403//403 410//410
f 2593//2593 2569//2569 403//403
f 423//423 2594//2594 416//416
f 2603//2603 2595//2595 415//415
f 2604//2604 425//425 2621//2621
f 2585//2585 2600//2600 2596//2596
f 2610//2610 2604//2604 2601//2601
f 425//425 2604//2604 2610//2610
f 418//418 420//420 421//421
f 2613//2613 2602//2602 2586//2586
f 2601//2601 2614//2614 2610//2610
f 2615//2615 2611//2611 2616//2616
f 2576//2576 2570//2570 422//422
f 2617//2617 2621//2621 2575//2575
f 2575//2575 2621//2621 425//425
f 424//424 2597//2597 2618//2618
f 2623//2623 2619//2619 2571//2571
f 2622//2622 2620//2620 2598//2598
f 2624//2624 2572//2572 2599//2599
f 425//425 2628//2628 2532//2532
f 2532//2532 426//426 425//425
f 2532//2532 430//430 426//426
f 426//426 473//473 2672//2672
f 473//473 426//426 427//427
f 427//427 432//432 473//473
f 2633//2633 434//434 473//473
f 379//379 2637//2637 380//380
f 406//406 407//407 438//438
f 406//406 438//438 379//379
f 438//438 2637//2637 379//379
f 2630//2630 2629//2629 2635//2635
f 2530//2530 2630//2630 2533//2533
f 2629//2629 2630//2630 2530//2530
f 2630//2630 2635//2635 431//431
f 426//426 430//430 432//432
f 2631//2631 2632//2632 2633//2633
f 426//426 432//432 427//427
f 431//431 2635//2635 2636//2636
f 2632//2632 434//434 2633//2633
f 435//435 436//436 433//433
f 2635//2635 2638//2638 2636//2636
f 473//473 434//434 2639//2639
f 436//436 435//435 437//437
f 483//483 436//436 437//437
f 2640//2640 2637//2637 438//438
f 437//437 485//485 441//441
f 2640//2640 438//438 2678//2678
f 439//439 480//480 442//442
f 480//480 440//440 445//445
f 480//480 445//445 442//442
f 445//445 440//440 448//448
f 440//440 481//481 448//448
f 448//448 481//481 450//450
f 437//437 441//441 483//483
f 438//438 487//487 2678//2678
f 438//438 439//439 2679//2679
f 2680//2680 2641//2641 2643//2643
f 2680//2680 2643//2643 443//443
f 2680//2680 443//443 488//488
f 443//443 2643//2643 2644//2644
f 443//443 2644//2644 446//446
f 443//443 446//446 444//444
f 448//448 447//447 445//445
f 446//446 2644//2644 2645//2645
f 2645//2645 444//444 446//446
f 2645//2645 488//488 444//444
f 488//488 2645//2645 451//451
f 448//448 452//452 447//447
f 453//453 452//452 448//448
f 2646//2646 2647//2647 449//449
f 449//449 2647//2647 501//501
f 451//451 2645//2645 497//497
f 2649//2649 497//497 2645//2645
f 448//448 500//500 453//453
f 454//454 497//497 2649//2649
f 454//454 452//452 453//453
f 505//505 504//504 454//454
f 453//453 505//505 454//454
f 499//499 2686//2686 2648//2648
f 501//501 503//503 502//502
f 509//509 510//510 511//511
f 505//505 506//506 455//455
f 500//500 507//507 455//455
f 538//538 539//539 540//540
f 456//456 574//574 455//455
f 507//507 457//457 455//455
f 455//455 457//457 456//456
f 2650//2650 2651//2651 544//544
f 2692//2692 458//458 2652//2652
f 2692//2692 534//534 458//458
f 541//541 2654//2654 2718//2718
f 2653//2653 2657//2657 546//546
f 2652//2652 458//458 2658//2658
f 458//458 2537//2537 2658//2658
f 460//460 2537//2537 458//458
f 2655//2655 463//463 2659//2659
f 2656//2656 549//549 2662//2662
f 2537//2537 460//460 2663//2663
f 2663//2663 461//461 2537//2537
f 2537//2537 461//461 466//466
f 462//462 2667//2667 2660//2660
f 462//462 2660//2660 2664//2664
f 2667//2667 462//462 551//551
f 2661//2661 2665//2665 2728//2728
f 584//584 2539//2539 391//391
f 2739//2739 464//464 2666//2666
f 2739//2739 2667//2667 551//551
f 464//464 2739//2739 2546//2546
f 389//389 466//466 390//390
f 465//465 2544//2544 2668//2668
f 2667//2667 2739//2739 2666//2666
f 467//467 469//469 405//405
f 467//467 2673//2673 469//469
f 469//469 2673//2673 470//470
f 554//554 2675//2675 2674//2674
f 470//470 555//555 469//469
f 407//407 469//469 471//471
f 555//555 472//472 471//471
f 469//469 555//555 471//471
f 555//555 557//557 472//472
f 475//475 471//471 472//472
f 473//473 554//554 2672//2672
f 554//554 473//473 558//558
f 554//554 558//558 559//559
f 474//474 407//407 471//471
f 471//471 477//477 474//474
f 474//474 477//477 476//476
f 475//475 477//477 471//471
f 560//560 475//475 472//472
f 474//474 476//476 407//407
f 560//560 477//477 475//475
f 479//479 407//407 476//476
f 477//477 478//478 476//476
f 478//478 479//479 476//476
f 560//560 478//478 477//477
f 558//558 473//473 2639//2639
f 558//558 2639//2639 566//566
f 407//407 479//479 438//438
f 439//439 438//438 479//479
f 478//478 480//480 479//479
f 560//560 480//480 478//478
f 479//479 480//480 439//439
f 560//560 563//563 480//480
f 563//563 2676//2676 480//480
f 2642//2642 480//480 2676//2676
f 566//566 2639//2639 2677//2677
f 483//483 441//441 482//482
f 486//486 482//482 441//441
f 441//441 485//485 486//486
f 484//484 482//482 486//486
f 569//569 566//566 2677//2677
f 486//486 485//485 2680//2680
f 493//493 2680//2680 494//494
f 493//493 486//486 2680//2680
f 488//488 494//494 2680//2680
f 444//444 488//488 443//443
f 451//451 2684//2684 488//488
f 2676//2676 489//489 2648//2648
f 489//489 499//499 2648//2648
f 482//482 484//484 490//490
f 483//483 482//482 490//490
f 484//484 486//486 491//491
f 490//490 484//484 491//491
f 491//491 492//492 490//490
f 2677//2677 2681//2681 2682//2682
f 491//491 486//486 493//493
f 492//492 491//491 493//493
f 569//569 2677//2677 2682//2682
f 2685//2685 570//570 2683//2683
f 570//570 2685//2685 571//571
f 571//571 2685//2685 495//495
f 451//451 497//497 2685//2685
f 496//496 2685//2685 497//497
f 2685//2685 496//496 495//495
f 495//495 2690//2690 594//594
f 498//498 497//497 454//454
f 498//498 454//454 504//504
f 497//497 498//498 496//496
f 496//496 498//498 504//504
f 496//496 504//504 495//495
f 453//453 500//500 505//505
f 2687//2687 2686//2686 499//499
f 500//500 448//448 449//449
f 449//449 501//501 500//500
f 499//499 489//489 2688//2688
f 508//508 2688//2688 489//489
f 502//502 2692//2692 501//501
f 521//521 594//594 2691//2691
f 505//505 2705//2705 504//504
f 500//500 506//506 505//505
f 501//501 2692//2692 500//500
f 502//502 503//503 2692//2692
f 2688//2688 508//508 517//517
f 2693//2693 2695//2695 2694//2694
f 517//517 516//516 2688//2688
f 2700//2700 512//512 2689//2689
f 2692//2692 503//503 2696//2696
f 2700//2700 2719//2719 512//512
f 534//534 2692//2692 2696//2696
f 513//513 515//515 514//514
f 2699//2699 2697//2697 2698//2698
f 516//516 517//517 508//508
f 516//516 508//508 572//572
f 518//518 520//520 519//519
f 2704//2704 2702//2702 2703//2703
f 573//573 521//521 2736//2736
f 2705//2705 505//505 574//574
f 574//574 505//505 455//455
f 506//506 500//500 455//455
f 522//522 524//524 523//523
f 2708//2708 2706//2706 2707//2707
f 526//526 527//527 525//525
f 2709//2709 2711//2711 2710//2710
f 528//528 530//530 529//529
f 541//541 2718//2718 2701//2701
f 572//572 2726//2726 516//516
f 2714//2714 2712//2712 2713//2713
f 532//532 533//533 531//531
f 2715//2715 2717//2717 2716//2716
f 535//535 537//537 536//536
f 2722//2722 2720//2720 2721//2721
f 2723//2723 2725//2725 2724//2724
f 2736//2736 2650//2650 542//542
f 542//542 2650//2650 544//544
f 542//542 575//575 2736//2736
f 544//544 543//543 542//542
f 575//575 542//542 577//577
f 542//542 543//543 577//577
f 544//544 2651//2651 543//543
f 2651//2651 2737//2737 543//543
f 578//578 549//549 2726//2726
f 546//546 577//577 2653//2653
f 579//579 546//546 545//545
f 547//547 580//580 2727//2727
f 546//546 2657//2657 2727//2727
f 2727//2727 2657//2657 547//547
f 2656//2656 2726//2726 549//549
f 547//547 2657//2657 548//548
f 2662//2662 549//549 551//551
f 550//550 548//548 2657//2657
f 2536//2536 550//550 2657//2657
f 613//613 551//551 549//549
f 2540//2540 550//550 2536//2536
f 2540//2540 552//552 550//550
f 552//552 2540//2540 553//553
f 2740//2740 553//553 2541//2541
f 551//551 613//613 582//582
f 2739//2739 551//551 583//583
f 555//555 2675//2675 556//556
f 2675//2675 554//554 556//556
f 557//557 555//555 556//556
f 472//472 557//557 2729//2729
f 559//559 558//558 562//562
f 554//554 559//559 556//556
f 559//559 562//562 561//561
f 559//559 561//561 556//556
f 556//556 561//561 557//557
f 560//560 564//564 563//563
f 2729//2729 557//557 561//561
f 2729//2729 561//561 2730//2730
f 562//562 558//558 566//566
f 2731//2731 561//561 562//562
f 562//562 567//567 2731//2731
f 565//565 563//563 564//564
f 565//565 2676//2676 563//563
f 620//620 585//585 564//564
f 565//565 489//489 2676//2676
f 585//585 565//565 564//564
f 562//562 566//566 2734//2734
f 566//566 569//569 2734//2734
f 489//489 565//565 568//568
f 568//568 588//588 596//596
f 589//589 569//569 2682//2682
f 589//589 2682//2682 2683//2683
f 594//594 571//571 495//495
f 571//571 593//593 570//570
f 587//587 596//596 588//588
f 568//568 596//596 489//489
f 596//596 508//508 489//489
f 597//597 594//594 521//521
f 572//572 508//508 596//596
f 597//597 521//521 598//598
f 521//521 573//573 598//598
f 578//578 2726//2726 572//572
f 578//578 572//572 596//596
f 2736//2736 576//576 573//573
f 575//575 573//573 576//576
f 598//598 573//573 601//601
f 601//601 573//573 575//575
f 576//576 2736//2736 575//575
f 601//601 575//575 577//577
f 577//577 546//546 579//579
f 579//579 601//601 577//577
f 602//602 601//601 579//579
f 580//580 602//602 579//579
f 547//547 548//548 580//580
f 545//545 580//580 579//579
f 580//580 548//548 550//550
f 581//581 580//580 550//550
f 613//613 549//549 578//578
f 550//550 552//552 581//581
f 581//581 552//552 553//553
f 2738//2738 581//581 553//553
f 2740//2740 2738//2738 553//553
f 2738//2738 607//607 581//581
f 551//551 582//582 583//583
f 2739//2739 583//583 582//582
f 585//585 620//620 586//586
f 585//585 2741//2741 587//587
f 2734//2734 569//569 590//590
f 2731//2731 567//567 2743//2743
f 587//587 565//565 585//585
f 619//619 620//620 564//564
f 619//619 2732//2732 624//624
f 588//588 568//568 2733//2733
f 588//588 565//565 587//587
f 590//590 569//569 2742//2742
f 590//590 2742//2742 592//592
f 2683//2683 570//570 591//591
f 2735//2735 595//595 2745//2745
f 589//589 2683//2683 591//591
f 592//592 2742//2742 2746//2746
f 594//594 593//593 571//571
f 593//593 594//594 626//626
f 660//660 596//596 587//587
f 592//592 2746//2746 2747//2747
f 2748//2748 570//570 593//593
f 2748//2748 593//593 626//626
f 590//590 592//592 2747//2747
f 2748//2748 626//626 627//627
f 594//594 597//597 599//599
f 626//626 594//594 628//628
f 599//599 628//628 594//594
f 600//600 596//596 630//630
f 598//598 628//628 597//597
f 603//603 598//598 601//601
f 578//578 596//596 600//600
f 602//602 603//603 601//601
f 603//603 631//631 2749//2749
f 633//633 603//603 602//602
f 630//630 635//635 600//600
f 578//578 600//600 604//604
f 2751//2751 605//605 578//578
f 609//609 578//578 605//605
f 600//600 635//635 604//604
f 605//605 2751//2751 2777//2777
f 635//635 637//637 2752//2752
f 636//636 606//606 641//641
f 581//581 608//608 580//580
f 608//608 602//602 580//580
f 610//610 602//602 608//608
f 606//606 2750//2750 2755//2755
f 609//609 613//613 578//578
f 610//610 608//608 611//611
f 612//612 611//611 608//608
f 607//607 2757//2757 2753//2753
f 2762//2762 2758//2758 607//607
f 2752//2752 617//617 2754//2754
f 614//614 2763//2763 617//617
f 2763//2763 2754//2754 617//617
f 606//606 2755//2755 615//615
f 2756//2756 615//615 2755//2755
f 2764//2764 2765//2765 2759//2759
f 606//606 615//615 616//616
f 616//616 615//615 2756//2756
f 2756//2756 2760//2760 616//616
f 2760//2760 618//618 616//616
f 2761//2761 2766//2766 2768//2768
f 2752//2752 637//637 617//617
f 618//618 606//606 616//616
f 617//617 637//637 638//638
f 2753//2753 581//581 607//607
f 606//606 618//618 644//644
f 606//606 643//643 641//641
f 2762//2762 607//607 2738//2738
f 617//617 638//638 2767//2767
f 2767//2767 638//638 644//644
f 644//644 2769//2769 2767//2767
f 2772//2772 2731//2731 2743//2743
f 621//621 2773//2773 2744//2744
f 624//624 620//620 619//619
f 2741//2741 660//660 587//587
f 590//590 622//622 2770//2770
f 2770//2770 622//622 623//623
f 2771//2771 2773//2773 621//621
f 2773//2773 2771//2771 653//653
f 622//622 2794//2794 623//623
f 2774//2774 622//622 590//590
f 672//672 622//622 2774//2774
f 656//656 622//622 672//672
f 624//624 625//625 620//620
f 622//622 654//654 2794//2794
f 656//656 2795//2795 622//622
f 666//666 586//586 620//620
f 666//666 660//660 586//586
f 861//861 596//596 660//660
f 800//800 861//861 660//660
f 2747//2747 2774//2774 590//590
f 627//627 626//626 628//628
f 599//599 597//597 628//628
f 672//672 2774//2774 628//628
f 672//672 628//628 629//629
f 598//598 632//632 628//628
f 629//629 628//628 634//634
f 672//672 629//629 634//634
f 861//861 630//630 596//596
f 2775//2775 2749//2749 631//631
f 634//634 628//628 632//632
f 603//603 633//633 631//631
f 2775//2775 631//631 633//633
f 630//630 885//885 635//635
f 633//633 602//602 2778//2778
f 2776//2776 633//633 2778//2778
f 2776//2776 2775//2775 633//633
f 2750//2750 606//606 636//636
f 640//640 635//635 885//885
f 2779//2779 675//675 634//634
f 637//637 635//635 639//639
f 606//606 644//644 643//643
f 688//688 637//637 639//639
f 688//688 638//638 637//637
f 639//639 635//635 640//640
f 642//642 2780//2780 2781//2781
f 2783//2783 642//642 2781//2781
f 2782//2782 675//675 2779//2779
f 2784//2784 675//675 2782//2782
f 2784//2784 645//645 675//675
f 648//648 675//675 645//645
f 643//643 644//644 647//647
f 688//688 639//639 684//684
f 684//684 639//639 679//679
f 638//638 646//646 644//644
f 646//646 647//647 644//644
f 645//645 2784//2784 648//648
f 648//648 649//649 681//681
f 2785//2785 2786//2786 2787//2787
f 2786//2786 2788//2788 2787//2787
f 647//647 646//646 2789//2789
f 638//638 2789//2789 646//646
f 688//688 2789//2789 638//638
f 651//651 652//652 650//650
f 2793//2793 2792//2792 2791//2791
f 655//655 2773//2773 653//653
f 654//654 2796//2796 2794//2794
f 2797//2797 2795//2795 656//656
f 2797//2797 656//656 657//657
f 656//656 659//659 657//657
f 658//658 625//625 624//624
f 2797//2797 657//657 2801//2801
f 2773//2773 655//655 2802//2802
f 2804//2804 2803//2803 2800//2800
f 625//625 658//658 2805//2805
f 664//664 620//620 625//625
f 2798//2798 661//661 699//699
f 664//664 2823//2823 620//620
f 662//662 661//661 2798//2798
f 662//662 2798//2798 667//667
f 699//699 661//661 663//663
f 2810//2810 2824//2824 2808//2808
f 2814//2814 2811//2811 2825//2825
f 2809//2809 2826//2826 2812//2812
f 2824//2824 2810//2810 2829//2829
f 669//669 2827//2827 2830//2830
f 664//664 625//625 698//698
f 699//699 663//663 665//665
f 702//702 2817//2817 2881//2881
f 2813//2813 2815//2815 2818//2818
f 2882//2882 2819//2819 2816//2816
f 699//699 665//665 707//707
f 2820//2820 2828//2828 2836//2836
f 665//665 2837//2837 707//707
f 721//721 670//670 660//660
f 800//800 660//660 670//670
f 2942//2942 667//667 2798//2798
f 668//668 666//666 2821//2821
f 660//660 666//666 668//668
f 2838//2838 2831//2831 2832//2832
f 2833//2833 667//667 2942//2942
f 2822//2822 2892//2892 2834//2834
f 2832//2832 2903//2903 2838//2838
f 660//660 668//668 721//721
f 672//672 673//673 656//656
f 671//671 656//656 673//673
f 2943//2943 656//656 671//671
f 2944//2944 2841//2841 2839//2839
f 718//718 670//670 717//717
f 718//718 800//800 670//670
f 2931//2931 2840//2840 2842//2842
f 2932//2932 671//671 673//673
f 718//718 803//803 800//800
f 672//672 674//674 673//673
f 800//800 840//840 861//861
f 888//888 673//673 674//674
f 801//801 673//673 888//888
f 674//674 941//941 888//888
f 672//672 3473//3473 674//674
f 630//630 861//861 885//885
f 3473//3473 672//672 675//675
f 634//634 675//675 672//672
f 890//890 941//941 912//912
f 676//676 640//640 935//935
f 640//640 911//911 935//935
f 640//640 885//885 911//911
f 675//675 648//648 3473//3473
f 640//640 677//677 639//639
f 680//680 639//639 677//677
f 676//676 677//677 640//640
f 679//679 639//639 680//680
f 3473//3473 648//648 681//681
f 3473//3473 681//681 682//682
f 678//678 2844//2844 3474//3474
f 2845//2845 3473//3473 682//682
f 2850//2850 2857//2857 2847//2847
f 2850//2850 2847//2847 2848//2848
f 680//680 677//677 683//683
f 2854//2854 2851//2851 2849//2849
f 2855//2855 2853//2853 2852//2852
f 2856//2856 2844//2844 678//678
f 2855//2855 2846//2846 2853//2853
f 681//681 649//649 690//690
f 686//686 685//685 687//687
f 2859//2859 2860//2860 2858//2858
f 2857//2857 2866//2866 2861//2861
f 692//692 691//691 2867//2867
f 2862//2862 2868//2868 2869//2869
f 2863//2863 2870//2870 694//694
f 2872//2872 690//690 649//649
f 2872//2872 649//649 693//693
f 2874//2874 2790//2790 2864//2864
f 2874//2874 2864//2864 2875//2875
f 695//695 689//689 696//696
f 697//697 2871//2871 2873//2873
f 2850//2850 2866//2866 2857//2857
f 694//694 2870//2870 2878//2878
f 2879//2879 2872//2872 693//693
f 2875//2875 2880//2880 2874//2874
f 2876//2876 2877//2877 2865//2865
f 2806//2806 2799//2799 2883//2883
f 625//625 2805//2805 698//698
f 700//700 2807//2807 2884//2884
f 2805//2805 2893//2893 698//698
f 710//710 2904//2904 2894//2894
f 699//699 707//707 704//704
f 704//704 707//707 709//709
f 701//701 2805//2805 2886//2886
f 2805//2805 701//701 2893//2893
f 705//705 706//706 703//703
f 2887//2887 2885//2885 2897//2897
f 2888//2888 2898//2898 2889//2889
f 2913//2913 2893//2893 701//701
f 2914//2914 2890//2890 708//708
f 2907//2907 2891//2891 2899//2899
f 2908//2908 2900//2900 2910//2910
f 2901//2901 2896//2896 2902//2902
f 2895//2895 2905//2905 2835//2835
f 2915//2915 2911//2911 2906//2906
f 2909//2909 2912//2912 2916//2916
f 713//713 711//711 712//712
f 2917//2917 2921//2921 714//714
f 2923//2923 2919//2919 2918//2918
f 2924//2924 2922//2922 2920//2920
f 723//723 715//715 740//740
f 2925//2925 2948//2948 742//742
f 2998//2998 2926//2926 741//741
f 3001//3001 2927//2927 3004//3004
f 759//759 746//746 760//760
f 724//724 722//722 716//716
f 2945//2945 727//727 2928//2928
f 2951//2951 2929//2929 726//726
f 2930//2930 2960//2960 2957//2957
f 719//719 730//730 728//728
f 2963//2963 733//733 2936//2936
f 2843//2843 2934//2934 2933//2933
f 2969//2969 2937//2937 732//732
f 2938//2938 2978//2978 2975//2975
f 3140//3140 2935//2935 673//673
f 3140//3140 673//673 801//801
f 736//736 735//735 720//720
f 2983//2983 739//739 2939//2939
f 2986//2986 2940//2940 738//738
f 2941//2941 2995//2995 2992//2992
f 2999//2999 743//743 2949//2949
f 725//725 2946//2946 2952//2952
f 2947//2947 2954//2954 2961//2961
f 3005//3005 2950//2950 3007//3007
f 2953//2953 2958//2958 2955//2955
f 744//744 745//745 729//729
f 3010//3010 2966//2966 748//748
f 2959//2959 2962//2962 2956//2956
f 749//749 2967//2967 3013//3013
f 731//731 2964//2964 2970//2970
f 2965//2965 2972//2972 2979//2979
f 3021//3021 2968//2968 3024//3024
f 2971//2971 2976//2976 2973//2973
f 750//750 751//751 734//734
f 2977//2977 2980//2980 2974//2974
f 2987//2987 737//737 2984//2984
f 2985//2985 2989//2989 2996//2996
f 2990//2990 2988//2988 2993//2993
f 758//758 804//804 802//802
f 2994//2994 2997//2997 2991//2991
f 3000//3000 3002//3002 3008//3008
f 3043//3043 761//761 3016//3016
f 3006//3006 3009//3009 3003//3003
f 3014//3014 3011//3011 747//747
f 3015//3015 3018//3018 3025//3025
f 3017//3017 3047//3047 3045//3045
f 3019//3019 3012//3012 3022//3022
f 752//752 764//764 762//762
f 3049//3049 767//767 3031//3031
f 3023//3023 3026//3026 3020//3020
f 753//753 3029//3029 3027//3027
f 3030//3030 3034//3034 2981//2981
f 3053//3053 3032//3032 766//766
f 3033//3033 3062//3062 3059//3059
f 3035//3035 3028//3028 2982//2982
f 755//755 771//771 768//768
f 3065//3065 774//774 3037//3037
f 757//757 754//754 756//756
f 3074//3074 3038//3038 773//773
f 3039//3039 3083//3083 3080//3080
f 3040//3040 3036//3036 3041//3041
f 805//805 777//777 806//806
f 3044//3044 3046//3046 3048//3048
f 778//778 779//779 763//763
f 3050//3050 3054//3054 765//765
f 3051//3051 3056//3056 3063//3063
f 780//780 769//769 782//782
f 3057//3057 3055//3055 3060//3060
f 3095//3095 783//783 770//770
f 3096//3096 3071//3071 3068//3068
f 3061//3061 3064//3064 3058//3058
f 772//772 3066//3066 3075//3075
f 3067//3067 3077//3077 3084//3084
f 3099//3099 3069//3069 784//784
f 3070//3070 3072//3072 3105//3105
f 785//785 775//775 787//787
f 3076//3076 3081//3081 3078//3078
f 3108//3108 776//776 3086//3086
f 3082//3082 3085//3085 3079//3079
f 3112//3112 3087//3087 789//789
f 3088//3088 3089//3089 3118//3118
f 3093//3093 3052//3052 3094//3094
f 791//791 792//792 781//781
f 3097//3097 3100//3100 3102//3102
f 3103//3103 3101//3101 3106//3106
f 793//793 794//794 786//786
f 3107//3107 3073//3073 3104//3104
f 3113//3113 788//788 3109//3109
f 3110//3110 3115//3115 3090//3090
f 795//795 790//790 796//796
f 3116//3116 3114//3114 3119//3119
f 3127//3127 797//797 3121//3121
f 3117//3117 3120//3120 3091//3091
f 3122//3122 3131//3131 3129//3129
f 798//798 809//809 808//808
f 3123//3123 3098//3098 3124//3124
f 3125//3125 3111//3111 3126//3126
f 799//799 807//807 811//811
f 3128//3128 3130//3130 3132//3132
f 3134//3134 814//814 3146//3146
f 3133//3133 3149//3149 3150//3150
f 3135//3135 3154//3154 812//812
f 3136//3136 3157//3157 3163//3163
f 3143//3143 3042//3042 3139//3139
f 3144//3144 3145//3145 3092//3092
f 3155//3155 3147//3147 813//813
f 3148//3148 3164//3164 3160//3160
f 815//815 810//810 816//816
f 3166//3166 819//819 3151//3151
f 3169//3169 3152//3152 818//818
f 3153//3153 3178//3178 3175//3175
f 3158//3158 3156//3156 3161//3161
f 3159//3159 3162//3162 3165//3165
f 3167//3167 3170//3170 817//817
f 3168//3168 3172//3172 3179//3179
f 3173//3173 3171//3171 3176//3176
f 3174//3174 3177//3177 3180//3180
f 800//800 846//846 840//840
f 3140//3140 801//801 821//821
f 800//800 845//845 846//846
f 823//823 3137//3137 3259//3259
f 821//821 801//801 3189//3189
f 825//825 824//824 820//820
f 3199//3199 828//828 3181//3181
f 3255//3255 800//800 803//803
f 3202//3202 3182//3182 827//827
f 3183//3183 3211//3211 3208//3208
f 830//830 3141//3141 3184//3184
f 831//831 3256//3256 3142//3142
f 3185//3185 3257//3257 3218//3218
f 3186//3186 3219//3219 822//822
f 3257//3257 3185//3185 3190//3190
f 3258//3258 3191//3191 852//852
f 822//822 3219//3219 3192//3192
f 3280//3280 3193//3193 3220//3220
f 3187//3187 3188//3188 859//859
f 830//830 3184//3184 3300//3300
f 3301//3301 3194//3194 854//854
f 859//859 3188//3188 3195//3195
f 3200//3200 3203//3203 826//826
f 3201//3201 3205//3205 3212//3212
f 832//832 829//829 833//833
f 3206//3206 3204//3204 3209//3209
f 3207//3207 3210//3210 3213//3213
f 3221//3221 836//836 3214//3214
f 831//831 3142//3142 3217//3217
f 3224//3224 3215//3215 835//835
f 3216//3216 3233//3233 3230//3230
f 831//831 3217//3217 3302//3302
f 831//831 3302//3302 3281//3281
f 3222//3222 3225//3225 834//834
f 3223//3223 3227//3227 3234//3234
f 3228//3228 3226//3226 3231//3231
f 3229//3229 3232//3232 3235//3235
f 838//838 837//837 839//839
f 3237//3237 3238//3238 3236//3236
f 844//844 841//841 801//801
f 3239//3239 3260//3260 3242//3242
f 3243//3243 3261//3261 3138//3138
f 853//853 842//842 3262//3262
f 3282//3282 848//848 3246//3246
f 3244//3244 3253//3253 843//843
f 3245//3245 3249//3249 3240//3240
f 868//868 861//861 840//840
f 3263//3263 3247//3247 847//847
f 3196//3196 3264//3264 3265//3265
f 3266//3266 3248//3248 3269//3269
f 850//850 3250//3250 3254//3254
f 3275//3275 844//844 869//869
f 3281//3281 3283//3283 846//846
f 3281//3281 846//846 845//845
f 3267//3267 3284//3284 3197//3197
f 3198//3198 3285//3285 3289//3289
f 3290//3290 3286//3286 849//849
f 3268//3268 3270//3270 3287//3287
f 851//851 3251//3251 3276//3276
f 3252//3252 3278//3278 3314//3314
f 3252//3252 3314//3314 3241//3241
f 3291//3291 3271//3271 855//855
f 3293//3293 3272//3272 856//856
f 3277//3277 3315//3315 3279//3279
f 3316//3316 3314//3314 3278//3278
f 3303//3303 3296//3296 3273//3273
f 3304//3304 3274//3274 3288//3288
f 3302//3302 3283//3283 3281//3281
f 3294//3294 3305//3305 3292//3292
f 3295//3295 3297//3297 3306//3306
f 860//860 858//858 857//857
f 3298//3298 3299//3299 3307//3307
f 801//801 888//888 844//844
f 865//865 866//866 862//862
f 867//867 864//864 863//863
f 3311//3311 3308//3308 3312//3312
f 3313//3313 3309//3309 3310//3310
f 881//881 844//844 888//888
f 868//868 1002//1002 861//861
f 869//869 844//844 872//872
f 872//872 875//875 873//873
f 872//872 844//844 875//875
f 877//877 875//875 844//844
f 877//877 844//844 879//879
f 985//985 986//986 870//870
f 3316//3316 871//871 3314//3314
f 3314//3314 871//871 988//988
f 3323//3323 987//987 3576//3576
f 3319//3319 3317//3317 3321//3321
f 3320//3320 3324//3324 3577//3577
f 3320//3320 3322//3322 3324//3324
f 988//988 989//989 3314//3314
f 3574//3574 3325//3325 3578//3578
f 874//874 3314//3314 990//990
f 3314//3314 874//874 992//992
f 3598//3598 3314//3314 992//992
f 3579//3579 3329//3329 995//995
f 3579//3579 3326//3326 3329//3329
f 3336//3336 3581//3581 3330//3330
f 3336//3336 3327//3327 3581//3581
f 991//991 876//876 3582//3582
f 3331//3331 3583//3583 3332//3332
f 3328//3328 3337//3337 3587//3587
f 3333//3333 3584//3584 3338//3338
f 3588//3588 3339//3339 3585//3585
f 995//995 3329//3329 3334//3334
f 877//877 879//879 3335//3335
f 861//861 1002//1002 878//878
f 883//883 861//861 878//878
f 3334//3334 3342//3342 995//995
f 881//881 888//888 882//882
f 881//881 879//879 844//844
f 1006//1006 3349//3349 3599//3599
f 3613//3613 3343//3343 3350//3350
f 3600//3600 3351//3351 3340//3340
f 878//878 1014//1014 883//883
f 1003//1003 3344//3344 1005//1005
f 3610//3610 3345//3345 3614//3614
f 1007//1007 880//880 1009//1009
f 3616//3616 1012//1012 3346//3346
f 3352//3352 3633//3633 3341//3341
f 3620//3620 3347//3347 1011//1011
f 3626//3626 3348//3348 3629//3629
f 3634//3634 881//881 882//882
f 3356//3356 3353//3353 1024//1024
f 941//941 890//890 888//888
f 861//861 883//883 885//885
f 885//885 883//883 884//884
f 884//884 886//886 885//885
f 3644//3644 3358//3358 3357//3357
f 882//882 888//888 1027//1027
f 887//887 905//905 885//885
f 885//885 886//886 887//887
f 1029//1029 3358//3358 3644//3644
f 1027//1027 888//888 892//892
f 3365//3365 3361//3361 3359//3359
f 891//891 3366//3366 3360//3360
f 3362//3362 3367//3367 889//889
f 3380//3380 3368//3368 3376//3376
f 3369//3369 3372//3372 3370//3370
f 3371//3371 3373//3373 3363//3363
f 901//901 905//905 887//887
f 895//895 890//890 896//896
f 894//894 3374//3374 3387//3387
f 3397//3397 3390//3390 3403//3403
f 3377//3377 893//893 3381//3381
f 1027//1027 892//892 3382//3382
f 3375//3375 3384//3384 3364//3364
f 3385//3385 901//901 887//887
f 3388//3388 3391//3391 3398//3398
f 902//902 904//904 897//897
f 3400//3400 3393//3393 3402//3402
f 909//909 920//920 910//910
f 884//884 3652//3652 3378//3378
f 886//886 884//884 3378//3378
f 3379//3379 3653//3653 3383//3383
f 900//900 898//898 899//899
f 3382//3382 3654//3654 1027//1027
f 3396//3396 3395//3395 3394//3394
f 3389//3389 3399//3399 3386//3386
f 1030//1030 1031//1031 903//903
f 911//911 885//885 905//905
f 907//907 908//908 906//906
f 3405//3405 3404//3404 3406//3406
f 916//916 911//911 905//905
f 3415//3415 896//896 912//912
f 913//913 911//911 916//916
f 918//918 3409//3409 3411//3411
f 896//896 890//890 912//912
f 916//916 3419//3419 913//913
f 917//917 3415//3415 912//912
f 3417//3417 3410//3410 3420//3420
f 930//930 927//927 919//919
f 3422//3422 3434//3434 932//932
f 905//905 3392//3392 916//916
f 921//921 922//922 914//914
f 923//923 924//924 915//915
f 3418//3418 3421//3421 3416//3416
f 3423//3423 931//931 3439//3439
f 3442//3442 3424//3424 3445//3445
f 3413//3413 3427//3427 3426//3426
f 3428//3428 3414//3414 3429//3429
f 3407//3407 3408//3408 3425//3425
f 934//934 926//926 912//912
f 935//935 936//936 676//676
f 3431//3431 935//935 911//911
f 3431//3431 939//939 935//935
f 3431//3431 911//911 913//913
f 926//926 3412//3412 912//912
f 928//928 929//929 925//925
f 933//933 3435//3435 3440//3440
f 3436//3436 3448//3448 3446//3446
f 3437//3437 3430//3430 3438//3438
f 3441//3441 3443//3443 3449//3449
f 3444//3444 3447//3447 3450//3450
f 941//941 934//934 912//912
f 3451//3451 938//938 3454//3454
f 3454//3454 938//938 3457//3457
f 936//936 940//940 676//676
f 3465//3465 934//934 941//941
f 3465//3465 941//941 942//942
f 3432//3432 3452//3452 937//937
f 3458//3458 3460//3460 3470//3470
f 3459//3459 3466//3466 3461//3461
f 3471//3471 3462//3462 3467//3467
f 3453//3453 3455//3455 3463//3463
f 3468//3468 3464//3464 3456//3456
f 937//937 3465//3465 942//942
f 3475//3475 3469//3469 3433//3433
f 3475//3475 3472//3472 3469//3469
f 942//942 3432//3432 937//937
f 676//676 940//940 3476//3476
f 3476//3476 3474//3474 676//676
f 3474//3474 2844//2844 676//676
f 1040//1040 1039//1039 944//944
f 945//945 947//947 946//946
f 1038//1038 3480//3480 3677//3677
f 1050//1050 943//943 1051//1051
f 3481//3481 3675//3675 3679//3679
f 3485//3485 948//948 3482//3482
f 3483//3483 950//950 3488//3488
f 3484//3484 3491//3491 3497//3497
f 3486//3486 3489//3489 949//949
f 3492//3492 3487//3487 3494//3494
f 3490//3490 3498//3498 3495//3495
f 3493//3493 3496//3496 3499//3499
f 1099//1099 1098//1098 951//951
f 3845//3845 1102//1102 3500//3500
f 3848//3848 3501//3501 1101//1101
f 3502//3502 3857//3857 3854//3854
f 954//954 953//953 952//952
f 3506//3506 957//957 3503//3503
f 3509//3509 3504//3504 956//956
f 3505//3505 3518//3518 3515//3515
f 3507//3507 3510//3510 955//955
f 3508//3508 3512//3512 3519//3519
f 3513//3513 3511//3511 3516//3516
f 3514//3514 3517//3517 3520//3520
f 960//960 959//959 958//958
f 3521//3521 3522//3522 3523//3523
f 963//963 961//961 964//964
f 962//962 3530//3530 3524//3524
f 3526//3526 3525//3525 3528//3528
f 3527//3527 3529//3529 3531//3531
f 965//965 967//967 966//966
f 3532//3532 3533//3533 3534//3534
f 968//968 972//972 974//974
f 1112//1112 1114//1114 1113//1113
f 970//970 971//971 969//969
f 1115//1115 3547//3547 1121//1121
f 3538//3538 3537//3537 3539//3539
f 3535//3535 3548//3548 976//976
f 973//973 3540//3540 3553//3553
f 3554//3554 3541//3541 3536//3536
f 976//976 3548//3548 978//978
f 982//982 981//981 1167//1167
f 1167//1167 1124//1124 982//982
f 1167//1167 1111//1111 1124//1124
f 3545//3545 3555//3555 975//975
f 3542//3542 3546//3546 3550//3550
f 3543//3543 3551//3551 979//979
f 3552//3552 3556//3556 3563//3563
f 978//978 977//977 976//976
f 3564//3564 3557//3557 3558//3558
f 980//980 979//979 3559//3559
f 3560//3560 3561//3561 3565//3565
f 3568//3568 3566//3566 3562//3562
f 3567//3567 3569//3569 1125//1125
f 979//979 980//980 3899//3899
f 3570//3570 3571//3571 983//983
f 983//983 984//984 3570//3570
f 1125//1125 3569//3569 984//984
f 3571//3571 1128//1128 983//983
f 984//984 983//983 3900//3900
f 3318//3318 3573//3573 3572//3572
f 989//989 988//988 3575//3575
f 3314//3314 989//989 990//990
f 3586//3586 990//990 989//989
f 3586//3586 989//989 996//996
f 992//992 3586//3586 996//996
f 993//993 998//998 994//994
f 3580//3580 3591//3591 3592//3592
f 3598//3598 992//992 996//996
f 999//999 1000//1000 997//997
f 995//995 3342//3342 3602//3602
f 3591//3591 3603//3603 3592//3592
f 996//996 3604//3604 3598//3598
f 1008//1008 1001//1001 1017//1017
f 3589//3589 3590//3590 3594//3594
f 3593//3593 3596//3596 3595//3595
f 3601//3601 3605//3605 1004//1004
f 3599//3599 3607//3607 1006//1006
f 3606//3606 3611//3611 3608//3608
f 3612//3612 3615//3615 3609//3609
f 3621//3621 1010//1010 3617//3617
f 3618//3618 3623//3623 3630//3630
f 1018//1018 1019//1019 1013//1013
f 3622//3622 3627//3627 3624//3624
f 3628//3628 3631//3631 3625//3625
f 3632//3632 3639//3639 3638//3638
f 1014//1014 3354//3354 883//883
f 1020//1020 1021//1021 1015//1015
f 3635//3635 3641//3641 3640//3640
f 1022//1022 1023//1023 1016//1016
f 3636//3636 3643//3643 3642//3642
f 3637//3637 3597//3597 3619//3619
f 1025//1025 1028//1028 1026//1026
f 3355//3355 3649//3649 3645//3645
f 3648//3648 3651//3651 3647//3647
f 3646//3646 3650//3650 3655//3655
f 3656//3656 3401//3401 3657//3657
f 1033//1033 1034//1034 1032//1032
f 1032//1032 1147//1147 1033//1033
f 1035//1035 3662//3662 1041//1041
f 3663//3663 3659//3659 1068//1068
f 3660//3660 1152//1152 1095//1095
f 1036//1036 1042//1042 1043//1043
f 1045//1045 1044//1044 1037//1037
f 1056//1056 3672//3672 3691//3691
f 1046//1046 3694//3694 3673//3673
f 1047//1047 3477//3477 1048//1048
f 3478//3478 3700//3700 3712//3712
f 3703//3703 3479//3479 3709//3709
f 3676//3676 3678//3678 3680//3680
f 3663//3663 1052//1052 1042//1042
f 3681//3681 3683//3683 3665//3665
f 3682//3682 3664//3664 3684//3684
f 1042//1042 1052//1052 1043//1043
f 1053//1053 3685//3685 3669//3669
f 3670//3670 3687//3687 1054//1054
f 3671//3671 3725//3725 3717//3717
f 1062//1062 1056//1056 3691//3691
f 3692//3692 3695//3695 3696//3696
f 3755//3755 3693//3693 3697//3697
f 3756//3756 3698//3698 1055//1055
f 3729//3729 3699//3699 3674//3674
f 3674//3674 3734//3734 3729//3729
f 3704//3704 1049//1049 3701//3701
f 3706//3706 3713//3713 3702//3702
f 3707//3707 3705//3705 3710//3710
f 3708//3708 3711//3711 3714//3714
f 1052//1052 3663//3663 1059//1059
f 3718//3718 3666//3666 3686//3686
f 3719//3719 1058//1058 3667//3667
f 3743//3743 3720//3720 3715//3715
f 3744//3744 3739//3739 3721//3721
f 3716//3716 3722//3722 3688//3688
f 3689//3689 3723//3723 1060//1060
f 3690//3690 3746//3746 3726//3726
f 1069//1069 3735//3735 3757//3757
f 3778//3778 3758//3758 1061//1061
f 3736//3736 3779//3779 1083//1083
f 3734//3734 3818//3818 3729//3729
f 1063//1063 1057//1057 1064//1064
f 3737//3737 3760//3760 1065//1065
f 3762//3762 3738//3738 3763//3763
f 3747//3747 1059//1059 3663//3663
f 3668//3668 3740//3740 1066//1066
f 3741//3741 3748//3748 3766//3766
f 3742//3742 3745//3745 3749//3749
f 1067//1067 3750//3750 3724//3724
f 3717//3717 3725//3725 3767//3767
f 3780//3780 3752//3752 1070//1070
f 3753//3753 3759//3759 3730//3730
f 3782//3782 3754//3754 3731//3731
f 1072//1072 1071//1071 3761//3761
f 3790//3790 1063//1063 1064//1064
f 1065//1065 3760//3760 3785//3785
f 3791//3791 3762//3762 3763//3763
f 1073//1073 3791//3791 3763//3763
f 1068//1068 3747//3747 3663//3663
f 3748//3748 1074//1074 3766//3766
f 3747//3747 1068//1068 3727//3727
f 3795//3795 3751//3751 3768//3768
f 1075//1075 3796//3796 3769//3769
f 3770//3770 3772//3772 3797//3797
f 3771//3771 3728//3728 3773//3773
f 3781//3781 3783//3783 3774//3774
f 1068//1068 1083//1083 3779//3779
f 3775//3775 3784//3784 3732//3732
f 1084//1084 3786//3786 1076//1076
f 3823//3823 3764//3764 3787//3787
f 3788//3788 3792//3792 3793//3793
f 3799//3799 3789//3789 3794//3794
f 3800//3800 1073//1073 1085//1085
f 1085//1085 1073//1073 3763//3763
f 3796//3796 3668//3668 1066//1066
f 3839//3839 1083//1083 1068//1068
f 1077//1077 3798//3798 3776//3776
f 3803//3803 3777//3777 3733//3733
f 3729//3729 3818//3818 3804//3804
f 3824//3824 3801//3801 3819//3819
f 3820//3820 3802//3802 3825//3825
f 1090//1090 3821//3821 3826//3826
f 1068//1068 3659//3659 3839//3839
f 3805//3805 3796//3796 1075//1075
f 3833//3833 3806//3806 3822//3822
f 1104//1104 1078//1078 1103//1103
f 3807//3807 1107//1107 3860//3860
f 1079//1079 1082//1082 1081//1081
f 3863//3863 1105//1105 3808//3808
f 3809//3809 3866//3866 3872//3872
f 3764//3764 3823//3823 1086//1086
f 3829//3829 3827//3827 3765//3765
f 3814//3814 1080//1080 3810//3810
f 3812//3812 3816//3816 3811//3811
f 3813//3813 3815//3815 3817//3817
f 1083//1083 1086//1086 3823//3823
f 1083//1083 3839//3839 1086//1086
f 3840//3840 3827//3827 3829//3829
f 1087//1087 1088//1088 1089//1089
f 3832//3832 3831//3831 3830//3830
f 1092//1092 1093//1093 1091//1091
f 3837//3837 3836//3836 3835//3835
f 1096//1096 1094//1094 1097//1097
f 3828//3828 1157//1157 3834//3834
f 1157//1157 3828//3828 3841//3841
f 3841//3841 1158//1158 1157//1157
f 3843//3843 3844//3844 3838//3838
f 3846//3846 3849//3849 1100//1100
f 3847//3847 3851//3851 3858//3858
f 3852//3852 3850//3850 3855//3855
f 3853//3853 3856//3856 3859//3859
f 3864//3864 3861//3861 1106//1106
f 3862//3862 3873//3873 3869//3869
f 3867//3867 3865//3865 3870//3870
f 3868//3868 3871//3871 3874//3874
f 1118//1118 1122//1122 1117//1117
f 1109//1109 1108//1108 3889//3889
f 3875//3875 1122//1122 1118//1118
f 3875//3875 1165//1165 1122//1122
f 3876//3876 1166//1166 3931//3931
f 3932//3932 1108//1108 1109//1109
f 1123//1123 1173//1173 1109//1109
f 1124//1124 1111//1111 1110//1110
f 1170//1170 1110//1110 1111//1111
f 1174//1174 1110//1110 1170//1170
f 3877//3877 3878//3878 3879//3879
f 1117//1117 3548//3548 3880//3880
f 3890//3890 1116//1116 1119//1119
f 3891//3891 3885//3885 3883//3883
f 3884//3884 3886//3886 3892//3892
f 3893//3893 3887//3887 1120//1120
f 3881//3881 1172//1172 3894//3894
f 3882//3882 3895//3895 3888//3888
f 3881//3881 3896//3896 1172//1172
f 1119//1119 3894//3894 1172//1172
f 3890//3890 1119//1119 1123//1123
f 1123//1123 1109//1109 3890//3890
f 1117//1117 1122//1122 3548//3548
f 978//978 3548//3548 1122//1122
f 3544//3544 3897//3897 3549//3549
f 1122//1122 1167//1167 978//978
f 1167//1167 1122//1122 1165//1165
f 1123//1123 1119//1119 1172//1172
f 1172//1172 3896//3896 1266//1266
f 978//978 1167//1167 981//981
f 3571//3571 3898//3898 1127//1127
f 1174//1174 1124//1124 1110//1110
f 1126//1126 979//979 3899//3899
f 1126//1126 3543//3543 979//979
f 1126//1126 3899//3899 1130//1130
f 3896//3896 3543//3543 1266//1266
f 3543//3543 1126//1126 1266//1266
f 1130//1130 1125//1125 984//984
f 3900//3900 1130//1130 984//984
f 1127//1127 1128//1128 3571//3571
f 1128//1128 1127//1127 1131//1131
f 1131//1131 1178//1178 1128//1128
f 1127//1127 3898//3898 1131//1131
f 1129//1129 1131//1131 3898//3898
f 1131//1131 1129//1129 1132//1132
f 1174//1174 1129//1129 1124//1124
f 3936//3936 1130//1130 3900//3900
f 1130//1130 3936//3936 1280//1280
f 1132//1132 1179//1179 1131//1131
f 1196//1196 1189//1189 1199//1199
f 1133//1133 1196//1196 1199//1199
f 3901//3901 3956//3956 1198//1198
f 1197//1197 3902//3902 3954//3954
f 3955//3955 1199//1199 1134//1134
f 1139//1139 1136//1136 1135//1135
f 1135//1135 1137//1137 1139//1139
f 1141//1141 1140//1140 1139//1139
f 1136//1136 1139//1139 1140//1140
f 1140//1140 1141//1141 1138//1138
f 1136//1136 1138//1138 1233//1233
f 1136//1136 1140//1140 1138//1138
f 1233//1233 1138//1138 1141//1141
f 1141//1141 1139//1139 1145//1145
f 1141//1141 3909//3909 1235//1235
f 1235//1235 1142//1142 1143//1143
f 1142//1142 1144//1144 1143//1143
f 1139//1139 3660//3660 1145//1145
f 3661//3661 1235//1235 3909//3909
f 1142//1142 1235//1235 3661//3661
f 1137//1137 1152//1152 1139//1139
f 1236//1236 1148//1148 3907//3907
f 1035//1035 1144//1144 3662//3662
f 1302//1302 1144//1144 1146//1146
f 1035//1035 1146//1146 1144//1144
f 3910//3910 3658//3658 1144//1144
f 1033//1033 1147//1147 3908//3908
f 3658//3658 3662//3662 1144//1144
f 1144//1144 1142//1142 3910//3910
f 1139//1139 1152//1152 3660//3660
f 1137//1137 1149//1149 1152//1152
f 1137//1137 1151//1151 1149//1149
f 1148//1148 3912//3912 3907//3907
f 1237//1237 3913//3913 3911//3911
f 1149//1149 1151//1151 1152//1152
f 1150//1150 1155//1155 1302//1302
f 1152//1152 1153//1153 1095//1095
f 3916//3916 3915//3915 3914//3914
f 1154//1154 3917//3917 3913//3913
f 1154//1154 1238//1238 3917//3917
f 3796//3796 3805//3805 1155//1155
f 1150//1150 3668//3668 3796//3796
f 1150//1150 3796//3796 1155//1155
f 1302//1302 1155//1155 1156//1156
f 1155//1155 3805//3805 3834//3834
f 1156//1156 1155//1155 3834//3834
f 1156//1156 3834//3834 1157//1157
f 1157//1157 1158//1158 1156//1156
f 3919//3919 3842//3842 3918//3918
f 3920//3920 3917//3917 1238//1238
f 1159//1159 1162//1162 1160//1160
f 1161//1161 1162//1162 1159//1159
f 1246//1246 1163//1163 3922//3922
f 3923//3923 1164//1164 3925//3925
f 3922//3922 1163//1163 3927//3927
f 1258//1258 3926//3926 1254//1254
f 1247//1247 1163//1163 1246//1246
f 1247//1247 3928//3928 1163//1163
f 1254//1254 3926//3926 3929//3929
f 1109//1109 1173//1173 3932//3932
f 3933//3933 3931//3931 1166//1166
f 1167//1167 1168//1168 1111//1111
f 1169//1169 1168//1168 3934//3934
f 1170//1170 1111//1111 1168//1168
f 1261//1261 1169//1169 3934//3934
f 1169//1169 1171//1171 1168//1168
f 1168//1168 1171//1171 1170//1170
f 1123//1123 1172//1172 1173//1173
f 1261//1261 3934//3934 3932//3932
f 1261//1261 3932//3932 1173//1173
f 1172//1172 1266//1266 1173//1173
f 1171//1171 1169//1169 1261//1261
f 4002//4002 1173//1173 1266//1266
f 1268//1268 1174//1174 1170//1170
f 1175//1175 1132//1132 1174//1174
f 1130//1130 1280//1280 1126//1126
f 1266//1266 1126//1126 4008//4008
f 1180//1180 1280//1280 3936//3936
f 1181//1181 1280//1280 1180//1180
f 1174//1174 1132//1132 1129//1129
f 1132//1132 1176//1176 1182//1182
f 1176//1176 1132//1132 1175//1175
f 3935//3935 1177//1177 1176//1176
f 1131//1131 1179//1179 1178//1178
f 3936//3936 3937//3937 1180//1180
f 1180//1180 3937//3937 1183//1183
f 1180//1180 3943//3943 1181//1181
f 1182//1182 1176//1176 1185//1185
f 1132//1132 3941//3941 1179//1179
f 3941//3941 3944//3944 1179//1179
f 1181//1181 3943//3943 1283//1283
f 3947//3947 1184//1184 3942//3942
f 3941//3941 3945//3945 3944//3944
f 1283//1283 3943//3943 3946//3946
f 1188//1188 4011//4011 1184//1184
f 3947//3947 1186//1186 1184//1184
f 1176//1176 3949//3949 1185//1185
f 3947//3947 1187//1187 1186//1186
f 1188//1188 1186//1186 3948//3948
f 1187//1187 1196//1196 1133//1133
f 1189//1189 1187//1187 3947//3947
f 1188//1188 1184//1184 1186//1186
f 1188//1188 3948//3948 3903//3903
f 1196//1196 1187//1187 1189//1189
f 1191//1191 1190//1190 1189//1189
f 1189//1189 1190//1190 1201//1201
f 1193//1193 1192//1192 1194//1194
f 3952//3952 3953//3953 3951//3951
f 1190//1190 1191//1191 1202//1202
f 3957//3957 3950//3950 1203//1203
f 4011//4011 1188//1188 1195//1195
f 1188//1188 3902//3902 1195//1195
f 3902//3902 1197//1197 1195//1195
f 1195//1195 1197//1197 1200//1200
f 1200//1200 1197//1197 3954//3954
f 1200//1200 3954//3954 1210//1210
f 3954//3954 3904//3904 1210//1210
f 1134//1134 1199//1199 1189//1189
f 1210//1210 1195//1195 1200//1200
f 1195//1195 1210//1210 1211//1211
f 1201//1201 1134//1134 1189//1189
f 1212//1212 1210//1210 3904//3904
f 1213//1213 1134//1134 1201//1201
f 1201//1201 1190//1190 1202//1202
f 1204//1204 1206//1206 1205//1205
f 3959//3959 3960//3960 3958//3958
f 1209//1209 1208//1208 1207//1207
f 1203//1203 1222//1222 3957//3957
f 3961//3961 3962//3962 3963//3963
f 1211//1211 1217//1217 1215//1215
f 1215//1215 1291//1291 1211//1211
f 3964//3964 3905//3905 3966//3966
f 1212//1212 1211//1211 1210//1210
f 1211//1211 1212//1212 1214//1214
f 1218//1218 1211//1211 1214//1214
f 3967//3967 1217//1217 1292//1292
f 1212//1212 1216//1216 1214//1214
f 1213//1213 1201//1201 3968//3968
f 3965//3965 1213//1213 3968//3968
f 1214//1214 1216//1216 1217//1217
f 1218//1218 1214//1214 1217//1217
f 1211//1211 1218//1218 1217//1217
f 1294//1294 1217//1217 1223//1223
f 1226//1226 1227//1227 1216//1216
f 1216//1216 1227//1227 1217//1217
f 3968//3968 1201//1201 3975//3975
f 3975//3975 1201//1201 1137//1137
f 1203//1203 1289//1289 3972//3972
f 1202//1202 3973//3973 1137//1137
f 1202//1202 1137//1137 1201//1201
f 1219//1219 1220//1220 1221//1221
f 3969//3969 3971//3971 3970//3970
f 1217//1217 1227//1227 1229//1229
f 1229//1229 1223//1223 1217//1217
f 1223//1223 1229//1229 1224//1224
f 1223//1223 1224//1224 1225//1225
f 1225//1225 1294//1294 1223//1223
f 1228//1228 1227//1227 1226//1226
f 1229//1229 1227//1227 1228//1228
f 1230//1230 1228//1228 1231//1231
f 1225//1225 1230//1230 1231//1231
f 1225//1225 1224//1224 1230//1230
f 1224//1224 1229//1229 1230//1230
f 1230//1230 1229//1229 1228//1228
f 1136//1136 1232//1232 1225//1225
f 1226//1226 3906//3906 1228//1228
f 1231//1231 1228//1228 3906//3906
f 1231//1231 3906//3906 1225//1225
f 1137//1137 1135//1135 3975//3975
f 3974//3974 1236//1236 3907//3907
f 1136//1136 1299//1299 1232//1232
f 1135//1135 1136//1136 1225//1225
f 1298//1298 3977//3977 3972//3972
f 1233//1233 1299//1299 1136//1136
f 1233//1233 1234//1234 1299//1299
f 3977//3977 1298//1298 1237//1237
f 1234//1234 1233//1233 1141//1141
f 1143//1143 1144//1144 1234//1234
f 1234//1234 1144//1144 1302//1302
f 1235//1235 1143//1143 1234//1234
f 1234//1234 1141//1141 1235//1235
f 3977//3977 1237//1237 3911//3911
f 1035//1035 1302//1302 1146//1146
f 1302//1302 3668//3668 1150//1150
f 1154//1154 1237//1237 1315//1315
f 1154//1154 3913//3913 1237//1237
f 1313//1313 3920//3920 1238//1238
f 1158//1158 4034//4034 1156//1156
f 1154//1154 1315//1315 1238//1238
f 1239//1239 1240//1240 1319//1319
f 1239//1239 1242//1242 1240//1240
f 1240//1240 1325//1325 1319//1319
f 4044//4044 3979//3979 1241//1241
f 1241//1241 3979//3979 3981//3981
f 3980//3980 3982//3982 1327//1327
f 3983//3983 3978//3978 1326//1326
f 1244//1244 1245//1245 1243//1243
f 4048//4048 3984//3984 4047//4047
f 3987//3987 3986//3986 3985//3985
f 1159//1159 1338//1338 1246//1246
f 1338//1338 1159//1159 1339//1339
f 1246//1246 3924//3924 1159//1159
f 1247//1247 1246//1246 1340//1340
f 1339//1339 1159//1159 1160//1160
f 1247//1247 1256//1256 3928//3928
f 1247//1247 1423//1423 1256//1256
f 1248//1248 1249//1249 1250//1250
f 1160//1160 1249//1249 1248//1248
f 1339//1339 1248//1248 3989//3989
f 3988//3988 1258//1258 3990//3990
f 3990//3990 1258//1258 1347//1347
f 1258//1258 1343//1343 1347//1347
f 1248//1248 1339//1339 1160//1160
f 3921//3921 3926//3926 1251//1251
f 3921//3921 1251//1251 3988//3988
f 1258//1258 3988//3988 1251//1251
f 1258//1258 1251//1251 3926//3926
f 1255//1255 1253//1253 1252//1252
f 3992//3992 3993//3993 3995//3995
f 3994//3994 3996//3996 3998//3998
f 3996//3996 3994//3994 3930//3930
f 3996//3996 1257//1257 3998//3998
f 1257//1257 1341//1341 1344//1344
f 3997//3997 4069//4069 3999//3999
f 1259//1259 3991//3991 4074//4074
f 1260//1260 1171//1171 1261//1261
f 1261//1261 1264//1264 1260//1260
f 1171//1171 1260//1260 1264//1264
f 1262//1262 1170//1170 1171//1171
f 1265//1265 1170//1170 1262//1262
f 1262//1262 1171//1171 4004//4004
f 1262//1262 1263//1263 1265//1265
f 4004//4004 1263//1263 1262//1262
f 1267//1267 4003//4003 1264//1264
f 1268//1268 1265//1265 1263//1263
f 4002//4002 1266//1266 1274//1274
f 4002//4002 1274//1274 4005//4005
f 1261//1261 1267//1267 1264//1264
f 1268//1268 1170//1170 1265//1265
f 1263//1263 1269//1269 1268//1268
f 1271//1271 4003//4003 1267//1267
f 4005//4005 1273//1273 4007//4007
f 1273//1273 1351//1351 4007//4007
f 1268//1268 1269//1269 3935//3935
f 1268//1268 3935//3935 1174//1174
f 1263//1263 1272//1272 1269//1269
f 1270//1270 4003//4003 1271//1271
f 1272//1272 4003//4003 1270//1270
f 1349//1349 1272//1272 1270//1270
f 4076//4076 1270//1270 1271//1271
f 4075//4075 4006//4006 1350//1350
f 1266//1266 4008//4008 1275//1275
f 1266//1266 1275//1275 1274//1274
f 1273//1273 4005//4005 1274//1274
f 1273//1273 1274//1274 1276//1276
f 1351//1351 1350//1350 4006//4006
f 1273//1273 1276//1276 1352//1352
f 1276//1276 1274//1274 1275//1275
f 1354//1354 1360//1360 1272//1272
f 1272//1272 1349//1349 1354//1354
f 1278//1278 3935//3935 1269//1269
f 1278//1278 1269//1269 1272//1272
f 1278//1278 1272//1272 1277//1277
f 1272//1272 1360//1360 1277//1277
f 1278//1278 1177//1177 3935//3935
f 1278//1278 1279//1279 1177//1177
f 1279//1279 1278//1278 1277//1277
f 1360//1360 1279//1279 1277//1277
f 1177//1177 1279//1279 1360//1360
f 1177//1177 3949//3949 1176//1176
f 1281//1281 1280//1280 1181//1181
f 1358//1358 4009//4009 4010//4010
f 3938//3938 4012//4012 1285//1285
f 1177//1177 1360//1360 3949//3949
f 3949//3949 1360//1360 3950//3950
f 1360//1360 1366//1366 3950//3950
f 3938//3938 1285//1285 1282//1282
f 1282//1282 1285//1285 1284//1284
f 1284//1284 3939//3939 1282//1282
f 1211//1211 4011//4011 1195//1195
f 4013//4013 1211//1211 1287//1287
f 1287//1287 1286//1286 4014//4014
f 4012//4012 1286//1286 1285//1285
f 1285//1285 1286//1286 1288//1288
f 1285//1285 4016//4016 1362//1362
f 1287//1287 1211//1211 1363//1363
f 1211//1211 1290//1290 1363//1363
f 3950//3950 1366//1366 1203//1203
f 1203//1203 1366//1366 1289//1289
f 1366//1366 3972//3972 1289//1289
f 1290//1290 1211//1211 1372//1372
f 1372//1372 1291//1291 1293//1293
f 1291//1291 1372//1372 1211//1211
f 4083//4083 4018//4018 1295//1295
f 3967//3967 1292//1292 1291//1291
f 1294//1294 1291//1291 1292//1292
f 1217//1217 1294//1294 1292//1292
f 1291//1291 1294//1294 1296//1296
f 1293//1293 1291//1291 1296//1296
f 1297//1297 4020//4020 4019//4019
f 4084//4084 4021//4021 1299//1299
f 4019//4019 4022//4022 1297//1297
f 1296//1296 1294//1294 1225//1225
f 1296//1296 1225//1225 1232//1232
f 4022//4022 3976//3976 1297//1297
f 1297//1297 3976//3976 4020//4020
f 4021//4021 1232//1232 1299//1299
f 1373//1373 1298//1298 1369//1369
f 1369//1369 1298//1298 3972//3972
f 1303//1303 1300//1300 1299//1299
f 1378//1378 4085//4085 1300//1300
f 1234//1234 1303//1303 1299//1299
f 1298//1298 1373//1373 1237//1237
f 1304//1304 1300//1300 1303//1303
f 1304//1304 1301//1301 1300//1300
f 1302//1302 1303//1303 1234//1234
f 1302//1302 1304//1304 1303//1303
f 4024//4024 1309//1309 4036//4036
f 1376//1376 1315//1315 1237//1237
f 1301//1301 1305//1305 1300//1300
f 1307//1307 1304//1304 1319//1319
f 1307//1307 1306//1306 1304//1304
f 1306//1306 1301//1301 1304//1304
f 1306//1306 1318//1318 1316//1316
f 4023//4023 4026//4026 1317//1317
f 1306//1306 1316//1316 1301//1301
f 1316//1316 1305//1305 1301//1301
f 1307//1307 1319//1319 1318//1318
f 1308//1308 1304//1304 1302//1302
f 4025//4025 4027//4027 1309//1309
f 1307//1307 1318//1318 1306//1306
f 1302//1302 1310//1310 1308//1308
f 1309//1309 4028//4028 4036//4036
f 1302//1302 1156//1156 1310//1310
f 4027//4027 4028//4028 1309//1309
f 4029//4029 1311//1311 1382//1382
f 4031//4031 4030//4030 1312//1312
f 1384//1384 4032//4032 1381//1381
f 4090//4090 4033//4033 4092//4092
f 1312//1312 1381//1381 4031//4031
f 1387//1387 1381//1381 1312//1312
f 1312//1312 4030//4030 1156//1156
f 1387//1387 1312//1312 4034//4034
f 1313//1313 1314//1314 4093//4093
f 1313//1313 1238//1238 1314//1314
f 1314//1314 1238//1238 1315//1315
f 1321//1321 1317//1317 4026//4026
f 4035//4035 4037//4037 1392//1392
f 1392//1392 4037//4037 1323//1323
f 1318//1318 1322//1322 1316//1316
f 1318//1318 4045//4045 1322//1322
f 1316//1316 1322//1322 1305//1305
f 4026//4026 4039//4039 1321//1321
f 4028//4028 3978//3978 4036//4036
f 4028//4028 4090//4090 1320//1320
f 1320//1320 4090//4090 1386//1386
f 1395//1395 1320//1320 1386//1386
f 4034//4034 1312//1312 1156//1156
f 4041//4041 4038//4038 4040//4040
f 4042//4042 1322//1322 4045//4045
f 1319//1319 1325//1325 1318//1318
f 1320//1320 3978//3978 4028//4028
f 3978//3978 1320//1320 1324//1324
f 4046//4046 1394//1394 4043//4043
f 1324//1324 1395//1395 1398//1398
f 1326//1326 3978//3978 1324//1324
f 4048//4048 4047//4047 1329//1329
f 1331//1331 4050//4050 1326//1326
f 1334//1334 1330//1330 1328//1328
f 4056//4056 4049//4049 4052//4052
f 1324//1324 1331//1331 1326//1326
f 1331//1331 1324//1324 1332//1332
f 4046//4046 3980//3980 1327//1327
f 1327//1327 1333//1333 4046//4046
f 1332//1332 4050//4050 1331//1331
f 1329//1329 4053//4053 4048//4048
f 1324//1324 1398//1398 1332//1332
f 4054//4054 4051//4051 1332//1332
f 1398//1398 4054//4054 1332//1332
f 1333//1333 1399//1399 4046//4046
f 1335//1335 1336//1336 1337//1337
f 1404//1404 4060//4060 4057//4057
f 1416//1416 4062//4062 4061//4061
f 1420//1420 1340//1340 1246//1246
f 1341//1341 1257//1257 1631//1631
f 1257//1257 4126//4126 1631//1631
f 1422//1422 1339//1339 3989//3989
f 1423//1423 1247//1247 1340//1340
f 4126//4126 1257//1257 3996//3996
f 1422//1422 4001//4001 1346//1346
f 4001//4001 1422//1422 3989//3989
f 1343//1343 1258//1258 1345//1345
f 1342//1342 1344//1344 1341//1341
f 4070//4070 4063//4063 4066//4066
f 1426//1426 1342//1342 1341//1341
f 4072//4072 4000//4000 4071//4071
f 4071//4071 4067//4067 4072//4072
f 1259//1259 4074//4074 4073//4073
f 1348//1348 4073//4073 4074//4074
f 1348//1348 1347//1347 1343//1343
f 1273//1273 1352//1352 1351//1351
f 1275//1275 1352//1352 1276//1276
f 1275//1275 4008//4008 1357//1357
f 1355//1355 4075//4075 1350//1350
f 1350//1350 1351//1351 1355//1355
f 1353//1353 1351//1351 1352//1352
f 1352//1352 1275//1275 1353//1353
f 1275//1275 1357//1357 1353//1353
f 4075//4075 1355//1355 1354//1354
f 1353//1353 1355//1355 1351//1351
f 1356//1356 1360//1360 1354//1354
f 1359//1359 1281//1281 1181//1181
f 4008//4008 4077//4077 1357//1357
f 1357//1357 4077//4077 1353//1353
f 1358//1358 4010//4010 4078//4078
f 4077//4077 1355//1355 1353//1353
f 1434//1434 1356//1356 1354//1354
f 1360//1360 1365//1365 1366//1366
f 1437//1437 1359//1359 1181//1181
f 1358//1358 4078//4078 4143//4143
f 1362//1362 1284//1284 1285//1285
f 1437//1437 1181//1181 1361//1361
f 3940//3940 4015//4015 1361//1361
f 1361//1361 4015//4015 4079//4079
f 1441//1441 1361//1361 4079//4079
f 4079//4079 4017//4017 1442//1442
f 1287//1287 1363//1363 1286//1286
f 1363//1363 1364//1364 1286//1286
f 1367//1367 1364//1364 1363//1363
f 1288//1288 1286//1286 1364//1364
f 1442//1442 4017//4017 1364//1364
f 1442//1442 1364//1364 1443//1443
f 1367//1367 1443//1443 1364//1364
f 1290//1290 1372//1372 1370//1370
f 1370//1370 1363//1363 1290//1290
f 1445//1445 1369//1369 1368//1368
f 1365//1365 1445//1445 1368//1368
f 1366//1366 1369//1369 3972//3972
f 1365//1365 1369//1369 1366//1366
f 1369//1369 1365//1365 1368//1368
f 1370//1370 1372//1372 1363//1363
f 1371//1371 1367//1367 4080//4080
f 4082//4082 1363//1363 1372//1372
f 1367//1367 1371//1371 1443//1443
f 1373//1373 1369//1369 1445//1445
f 1447//1447 4146//4146 1377//1377
f 1443//1443 1371//1371 4086//4086
f 1374//1374 4082//4082 1372//1372
f 4087//4087 4082//4082 1374//1374
f 1299//1299 1300//1300 4085//4085
f 1374//1374 1372//1372 4087//4087
f 1373//1373 1375//1375 1376//1376
f 1376//1376 1375//1375 1379//1379
f 1376//1376 1237//1237 1373//1373
f 1378//1378 4088//4088 4085//4085
f 1377//1377 4089//4089 1380//1380
f 1377//1377 1380//1380 1525//1525
f 1390//1390 1389//1389 1375//1375
f 1375//1375 1389//1389 1388//1388
f 1375//1375 1314//1314 1379//1379
f 1375//1375 4093//4093 1314//1314
f 1375//1375 1388//1388 4093//4093
f 1376//1376 1379//1379 1315//1315
f 1379//1379 1314//1314 1315//1315
f 1525//1525 1380//1380 1393//1393
f 1300//1300 1391//1391 1378//1378
f 4035//4035 1391//1391 1300//1300
f 4089//4089 4094//4094 1393//1393
f 1380//1380 4089//4089 1393//1393
f 1385//1385 4090//4090 4092//4092
f 4090//4090 1385//1385 1386//1386
f 1383//1383 1390//1390 4092//4092
f 1381//1381 4091//4091 1384//1384
f 4092//4092 1390//1390 1385//1385
f 1385//1385 1390//1390 1386//1386
f 1389//1389 4091//4091 1388//1388
f 1388//1388 4091//4091 1387//1387
f 1381//1381 1387//1387 4091//4091
f 1390//1390 1383//1383 1389//1389
f 1392//1392 1391//1391 4035//4035
f 4043//4043 1394//1394 4095//4095
f 4096//4096 1393//1393 4094//4094
f 4095//4095 1394//1394 1393//1393
f 1386//1386 1390//1390 1395//1395
f 1395//1395 1324//1324 1320//1320
f 1390//1390 1397//1397 1395//1395
f 1396//1396 1394//1394 4046//4046
f 1397//1397 1398//1398 1395//1395
f 4101//4101 4104//4104 4103//4103
f 4102//4102 1396//1396 4046//4046
f 4102//4102 4046//4046 1399//1399
f 1396//1396 4102//4102 1449//1449
f 4104//4104 4055//4055 4103//4103
f 1451//1451 1400//1400 1401//1401
f 1401//1401 1400//1400 1403//1403
f 1403//1403 1400//1400 1453//1453
f 1452//1452 4105//4105 1402//1402
f 4106//4106 4108//4108 4107//4107
f 4058//4058 1452//1452 1402//1402
f 4059//4059 4107//4107 4108//4108
f 1403//1403 1404//1404 4057//4057
f 1335//1335 1465//1465 4153//4153
f 1465//1465 1335//1335 1337//1337
f 1337//1337 1618//1618 1465//1465
f 1411//1411 4118//4118 1404//1404
f 1404//1404 4118//4118 4060//4060
f 1409//1409 1337//1337 4119//4119
f 1337//1337 1409//1409 1618//1618
f 1406//1406 1407//1407 1405//1405
f 4110//4110 4109//4109 4111//4111
f 1414//1414 1415//1415 1408//1408
f 4119//4119 1418//1418 1409//1409
f 1418//1418 1618//1618 1409//1409
f 1417//1417 4118//4118 1410//1410
f 1419//1419 1417//1417 1410//1410
f 1410//1410 4118//4118 1411//1411
f 1412//1412 4113//4113 4114//4114
f 4115//4115 1413//1413 4123//4123
f 1412//1412 4124//4124 4113//4113
f 4123//4123 1413//1413 1470//1470
f 4115//4115 1669//1669 1413//1413
f 4116//4116 4112//4112 4117//4117
f 4120//4120 4121//4121 4122//4122
f 4122//4122 4121//4121 4125//4125
f 1418//1418 4123//4123 1470//1470
f 1469//1469 1623//1623 1338//1338
f 1623//1623 1246//1246 1338//1338
f 1246//1246 1623//1623 1420//1420
f 1421//1421 1338//1338 1339//1339
f 1421//1421 1339//1339 1472//1472
f 1341//1341 1424//1424 1426//1426
f 4127//4127 1425//1425 1426//1426
f 1473//1473 1422//1422 1346//1346
f 1425//1425 1342//1342 1426//1426
f 1475//1475 1430//1430 1429//1429
f 1342//1342 1425//1425 4131//4131
f 4064//4064 4132//4132 1427//1427
f 4073//4073 1348//1348 1478//1478
f 1348//1348 1343//1343 1478//1478
f 1488//1488 1478//1478 4068//4068
f 1431//1431 4134//4134 1432//1432
f 4135//4135 4183//4183 4140//4140
f 4128//4128 4068//4068 4065//4065
f 1488//1488 4068//4068 1428//1428
f 1428//1428 4068//4068 4128//4128
f 4137//4137 1488//1488 1428//1428
f 4133//4133 4130//4130 4129//4129
f 4138//4138 4130//4130 4133//4133
f 4138//4138 4133//4133 4136//4136
f 1438//1438 1355//1355 4077//4077
f 1434//1434 1354//1354 1355//1355
f 1434//1434 1355//1355 1433//1433
f 1434//1434 1435//1435 1356//1356
f 1356//1356 1435//1435 1495//1495
f 1434//1434 1495//1495 1435//1435
f 4145//4145 1433//1433 1355//1355
f 4145//4145 1434//1434 1433//1433
f 4145//4145 1495//1495 1434//1434
f 1360//1360 1356//1356 1495//1495
f 1495//1495 1497//1497 1360//1360
f 1436//1436 1358//1358 4143//4143
f 4142//4142 1438//1438 4077//4077
f 1361//1361 1441//1441 1437//1437
f 4144//4144 1438//1438 4142//4142
f 1440//1440 4144//4144 1441//1441
f 1438//1438 4144//4144 1440//1440
f 1440//1440 1439//1439 1438//1438
f 1439//1439 1440//1440 4207//4207
f 4207//4207 1438//1438 1439//1439
f 1360//1360 1497//1497 1505//1505
f 1360//1360 1511//1511 1523//1523
f 1441//1441 4079//4079 1442//1442
f 1440//1440 1441//1441 1442//1442
f 1440//1440 1442//1442 1525//1525
f 1442//1442 4146//4146 1444//1444
f 1442//1442 1444//1444 1525//1525
f 1360//1360 1532//1532 1365//1365
f 1445//1445 1446//1446 1373//1373
f 4081//4081 4278//4278 1445//1445
f 1445//1445 4278//4278 1548//1548
f 1548//1548 1375//1375 1445//1445
f 1375//1375 1373//1373 1446//1446
f 1446//1446 1445//1445 1375//1375
f 1444//1444 4146//4146 1447//1447
f 1444//1444 1447//1447 1525//1525
f 1377//1377 1525//1525 1447//1447
f 1525//1525 1393//1393 1394//1394
f 1375//1375 1583//1583 1390//1390
f 4149//4149 1582//1582 1394//1394
f 4149//4149 1394//1394 1396//1396
f 1397//1397 1390//1390 1448//1448
f 4102//4102 4147//4147 1449//1449
f 1448//1448 1390//1390 4419//4419
f 4150//4150 4148//4148 4420//4420
f 1451//1451 1450//1450 1589//1589
f 1591//1591 4151//4151 4152//4152
f 1589//1589 1400//1400 1451//1451
f 1453//1453 1400//1400 4434//4434
f 1596//1596 1455//1455 1454//1454
f 4152//4152 4105//4105 1452//1452
f 1602//1602 4153//4153 1616//1616
f 1602//1602 4152//4152 1452//1452
f 1403//1403 1453//1453 1404//1404
f 1404//1404 1453//1453 1411//1411
f 1456//1456 1455//1455 1463//1463
f 1456//1456 1463//1463 1459//1459
f 1456//1456 1459//1459 1592//1592
f 1603//1603 1454//1454 1456//1456
f 1454//1454 1455//1455 1456//1456
f 1603//1603 1456//1456 1592//1592
f 1457//1457 4166//4166 4156//4156
f 4153//4153 1465//1465 1616//1616
f 1592//1592 1459//1459 1411//1411
f 1458//1458 1463//1463 1461//1461
f 1458//1458 1460//1460 1459//1459
f 1458//1458 1461//1461 1460//1460
f 1467//1467 4160//4160 4162//4162
f 1461//1461 1464//1464 1460//1460
f 4162//4162 4169//4169 1467//1467
f 1466//1466 4175//4175 4170//4170
f 1458//1458 1459//1459 1463//1463
f 4159//4159 1607//1607 4167//4167
f 4167//4167 1607//1607 4171//4171
f 1462//1462 1468//1468 4176//4176
f 4168//4168 4172//4172 4163//4163
f 4173//4173 4164//4164 4177//4177
f 1618//1618 1470//1470 1676//1676
f 1470//1470 1669//1669 1676//1676
f 1411//1411 1459//1459 4178//4178
f 4161//4161 4176//4176 1468//1468
f 1412//1412 4114//4114 4179//4179
f 1669//1669 4115//4115 4174//4174
f 4180//4180 4174//4174 4115//4115
f 4165//4165 4174//4174 4180//4180
f 1418//1418 1470//1470 1618//1618
f 1470//1470 1413//1413 1669//1669
f 1338//1338 1471//1471 4181//4181
f 1338//1338 1472//1472 1471//1471
f 1340//1340 1420//1420 1628//1628
f 1338//1338 1421//1421 1472//1472
f 1422//1422 1472//1472 1339//1339
f 1631//1631 1424//1424 1341//1341
f 1634//1634 1425//1425 4127//4127
f 1634//1634 4131//4131 1425//1425
f 1643//1643 1636//1636 1473//1473
f 4183//4183 1635//1635 1474//1474
f 1473//1473 4073//4073 1476//1476
f 1476//1476 4073//4073 1478//1478
f 1478//1478 1477//1477 1476//1476
f 1473//1473 1476//1476 1643//1643
f 1476//1476 1477//1477 4489//4489
f 1484//1484 1645//1645 1479//1479
f 1478//1478 1488//1488 1480//1480
f 1480//1480 1488//1488 1491//1491
f 1482//1482 4185//4185 4201//4201
f 1483//1483 1481//1481 1641//1641
f 4187//4187 1481//1481 1483//1483
f 1481//1481 4187//4187 4202//4202
f 1479//1479 1477//1477 1478//1478
f 1479//1479 1478//1478 1484//1484
f 1484//1484 1478//1478 1480//1480
f 1641//1641 1481//1481 4182//4182
f 4202//4202 4182//4182 1481//1481
f 1483//1483 1485//1485 4187//4187
f 1480//1480 4190//4190 1484//1484
f 4191//4191 4186//4186 4188//4188
f 4137//4137 1487//1487 1488//1488
f 1493//1493 1492//1492 1486//1486
f 4139//4139 4141//4141 4195//4195
f 1489//1489 4140//4140 4183//4183
f 1488//1488 4196//4196 4198//4198
f 1489//1489 4197//4197 4140//4140
f 4183//4183 1474//1474 1489//1489
f 4198//4198 1490//1490 1488//1488
f 1490//1490 1491//1491 1488//1488
f 4182//4182 4200//4200 4199//4199
f 4202//4202 4200//4200 4182//4182
f 4203//4203 4204//4204 4194//4194
f 4207//4207 1440//1440 1494//1494
f 1494//1494 1440//1440 1525//1525
f 4207//4207 1494//1494 1496//1496
f 1495//1495 4208//4208 1505//1505
f 1495//1495 1505//1505 1497//1497
f 4209//4209 4205//4205 4216//4216
f 1499//1499 1500//1500 1498//1498
f 4210//4210 4212//4212 4211//4211
f 4216//4216 4205//4205 1502//1502
f 4205//4205 1506//1506 1502//1502
f 1503//1503 1504//1504 1501//1501
f 1506//1506 4216//4216 1502//1502
f 4214//4214 4213//4213 4215//4215
f 1360//1360 1505//1505 4217//4217
f 4206//4206 4260//4260 1510//1510
f 4206//4206 1510//1510 4218//4218
f 1508//1508 1509//1509 1507//1507
f 1511//1511 1360//1360 4217//4217
f 4218//4218 1510//1510 1512//1512
f 4221//4221 4220//4220 4222//4222
f 4225//4225 4219//4219 4231//4231
f 1518//1518 1523//1523 1511//1511
f 4223//4223 4226//4226 4232//4232
f 1513//1513 1518//1518 1511//1511
f 1650//1650 4233//4233 1516//1516
f 4234//4234 4227//4227 4239//4239
f 1518//1518 1513//1513 4499//4499
f 1514//1514 1510//1510 4260//4260
f 1514//1514 4260//4260 1515//1515
f 4260//4260 1521//1521 1515//1515
f 4228//4228 4224//4224 4235//4235
f 1517//1517 4229//4229 4236//4236
f 1519//1519 4246//4246 4237//4237
f 4242//4242 4238//4238 4247//4247
f 4243//4243 1514//1514 1515//1515
f 4251//4251 1515//1515 1520//1520
f 1652//1652 1520//1520 1515//1515
f 1652//1652 1515//1515 1521//1521
f 4240//4240 4230//4230 4244//4244
f 4252//4252 1651//1651 4248//4248
f 4500//4500 4242//4242 4247//4247
f 4502//4502 4253//4253 4249//4249
f 4254//4254 4504//4504 4250//4250
f 4505//4505 4255//4255 4258//4258
f 1653//1653 1654//1654 1522//1522
f 1657//1657 1521//1521 4260//4260
f 4511//4511 1526//1526 1523//1523
f 4256//4256 4511//4511 1523//1523
f 1655//1655 1656//1656 1524//1524
f 4259//4259 4510//4510 4509//4509
f 4279//4279 1360//1360 1523//1523
f 1523//1523 1526//1526 4279//4279
f 4260//4260 1528//1528 1657//1657
f 1531//1531 1525//1525 1535//1535
f 4262//4262 4512//4512 4265//4265
f 1658//1658 1659//1659 1527//1527
f 4264//4264 4514//4514 4513//4513
f 1529//1529 4263//4263 4266//4266
f 4267//4267 1528//1528 4260//4260
f 4279//4279 1526//1526 4268//4268
f 4269//4269 4261//4261 4273//4273
f 4270//4270 4274//4274 4280//4280
f 4281//4281 4275//4275 1661//1661
f 1530//1530 1660//1660 4276//4276
f 4518//4518 4277//4277 4515//4515
f 4519//4519 1540//1540 4282//4282
f 4516//4516 4271//4271 1662//1662
f 4521//4521 1531//1531 1535//1535
f 4521//4521 4272//4272 1531//1531
f 4278//4278 1544//1544 1548//1548
f 4289//4289 4312//4312 4522//4522
f 1545//1545 1533//1533 1394//1394
f 4278//4278 1534//1534 1544//1544
f 1525//1525 1394//1394 1533//1533
f 4287//4287 4285//4285 4322//4322
f 4323//4323 4286//4286 4327//4327
f 1550//1550 4324//4324 4328//4328
f 1535//1535 1525//1525 1533//1533
f 4285//4285 4287//4287 4290//4290
f 4283//4283 4291//4291 4288//4288
f 4341//4341 4292//4292 4325//4325
f 1536//1536 1557//1557 4293//4293
f 4298//4298 4294//4294 4284//4284
f 1539//1539 4371//4371 1552//1552
f 4351//4351 4372//4372 4342//4342
f 4343//4343 4373//4373 1537//1537
f 1540//1540 4299//4299 4282//4282
f 4295//4295 4344//4344 4301//4301
f 1541//1541 1543//1543 1538//1538
f 4302//4302 4374//4374 4300//4300
f 1542//1542 4303//4303 4320//4320
f 4305//4305 1564//1564 1563//1563
f 4313//4313 4295//4295 4301//4301
f 4302//4302 4300//4300 4314//4314
f 4316//4316 4304//4304 4318//4318
f 4319//4319 4321//4321 4317//4317
f 1394//1394 1547//1547 1545//1545
f 1553//1553 1547//1547 1394//1394
f 4097//4097 1573//1573 4358//4358
f 1551//1551 1546//1546 1544//1544
f 4337//4337 4331//4331 4329//4329
f 4348//4348 4345//4345 4332//4332
f 4330//4330 4333//4333 4346//4346
f 1546//1546 1548//1548 1544//1544
f 1546//1546 1554//1554 1548//1548
f 4334//4334 4338//4338 4359//4359
f 1556//1556 1555//1555 1549//1549
f 4326//4326 4296//4296 1558//1558
f 1551//1551 1544//1544 4377//4377
f 4335//4335 4352//4352 1559//1559
f 4383//4383 4353//4353 4378//4378
f 4347//4347 4349//4349 4354//4354
f 4379//4379 4355//4355 4350//4350
f 4384//4384 1554//1554 1546//1546
f 4356//4356 4336//4336 4360//4360
f 4357//4357 4361//4361 4306//4306
f 4307//4307 4362//4362 4364//4364
f 4407//4407 4365//4365 4363//4363
f 1554//1554 4408//4408 1548//1548
f 1561//1561 1555//1555 1556//1556
f 1562//1562 4390//4390 4370//4370
f 1562//1562 4370//4370 4339//4339
f 4368//4368 4392//4392 4340//4340
f 4297//4297 4375//4375 4380//4380
f 4308//4308 4385//4385 4381//4381
f 4309//4309 4382//4382 4376//4376
f 1567//1567 1565//1565 1560//1560
f 4396//4396 4366//4366 4386//4386
f 4397//4397 4310//4310 4367//4367
f 4391//4391 4393//4393 4369//4369
f 4311//4311 4394//4394 4387//4387
f 1569//1569 1570//1570 1566//1566
f 4398//4398 4388//4388 4395//4395
f 4403//4403 4400//4400 4404//4404
f 1571//1571 1568//1568 1572//1572
f 4399//4399 4401//4401 4389//4389
f 4405//4405 4406//4406 4402//4402
f 1548//1548 1583//1583 1375//1375
f 1576//1576 4409//4409 4098//4098
f 4422//4422 1576//1576 4098//4098
f 1583//1583 1548//1548 4408//4408
f 1577//1577 1578//1578 1574//1574
f 4414//4414 4411//4411 4415//4415
f 1579//1579 1580//1580 1575//1575
f 4410//4410 4413//4413 4423//4423
f 4412//4412 4417//4417 4416//4416
f 4421//4421 4424//4424 1581//1581
f 1583//1583 4419//4419 1390//1390
f 4418//4418 4425//4425 4099//4099
f 4100//4100 4421//4421 1581//1581
f 1584//1584 1586//1586 1585//1585
f 4426//4426 4429//4429 1663//1663
f 1591//1591 1663//1663 4429//4429
f 1588//1588 1585//1585 1586//1586
f 4430//4430 4434//4434 4431//4431
f 1665//1665 4434//4434 4430//4430
f 1664//1664 1666//1666 1590//1590
f 4432//4432 1587//1587 4429//4429
f 4429//4429 1587//1587 1591//1591
f 4432//4432 4151//4151 1587//1587
f 4151//4151 1591//1591 1587//1587
f 1589//1589 1450//1450 4433//4433
f 1664//1664 4435//4435 1592//1592
f 1667//1667 4436//4436 4524//4524
f 1668//1668 4152//4152 1602//1602
f 4152//4152 1668//1668 1591//1591
f 1665//1665 1453//1453 4434//4434
f 1665//1665 1411//1411 1453//1453
f 1595//1595 1600//1600 1593//1593
f 4443//4443 4438//4438 1594//1594
f 4441//4441 4439//4439 1598//1598
f 4440//4440 4455//4455 4452//4452
f 1598//1598 1592//1592 4441//4441
f 4435//4435 4441//4441 1592//1592
f 4442//4442 4437//4437 4444//4444
f 1599//1599 1597//1597 1603//1603
f 1592//1592 1598//1598 1599//1599
f 1599//1599 1603//1603 1592//1592
f 4449//4449 1606//1606 4458//4458
f 1604//1604 4446//4446 4154//4154
f 4468//4468 4447//4447 4461//4461
f 4452//4452 4455//4455 4453//4453
f 4450//4450 4454//4454 1601//1601
f 4455//4455 4456//4456 4453//4453
f 4451//4451 4457//4457 4467//4467
f 1595//1595 4457//4457 1600//1600
f 4457//4457 1715//1715 1607//1607
f 4462//4462 4459//4459 1605//1605
f 4463//4463 4155//4155 4460//4460
f 4465//4465 4458//4458 1606//1606
f 4464//4464 4466//4466 1607//1607
f 4448//4448 4469//4469 4157//4157
f 4159//4159 4158//4158 1607//1607
f 4466//4466 4467//4467 1607//1607
f 1607//1607 4467//4467 4457//4457
f 1609//1609 1611//1611 1602//1602
f 1611//1611 1621//1621 1608//1608
f 1611//1611 1608//1608 1602//1602
f 1602//1602 1616//1616 1609//1609
f 1609//1609 1616//1616 1610//1610
f 1612//1612 4472//4472 1609//1609
f 1612//1612 1609//1609 1610//1610
f 1613//1613 4471//4471 1618//1618
f 1614//1614 4473//4473 4471//4471
f 4472//4472 1612//1612 1624//1624
f 1612//1612 4475//4475 1624//1624
f 4474//4474 1618//1618 1675//1675
f 1615//1615 1614//1614 1613//1613
f 1614//1614 4471//4471 1613//1613
f 1624//1624 4475//4475 1625//1625
f 1625//1625 4475//4475 4476//4476
f 4474//4474 1674//1674 4476//4476
f 1674//1674 1625//1625 4476//4476
f 1616//1616 1617//1617 1610//1610
f 1465//1465 1617//1617 1616//1616
f 1618//1618 1617//1617 1465//1465
f 4471//4471 1617//1617 1618//1618
f 1675//1675 1618//1618 1676//1676
f 1669//1669 4174//4174 1607//1607
f 4171//4171 1607//1607 4174//4174
f 1471//1471 1670//1670 1608//1608
f 1619//1619 1623//1623 1469//1469
f 4470//4470 4478//4478 1619//1619
f 4470//4470 1619//1619 1471//1471
f 1619//1619 4478//4478 1622//1622
f 1471//1471 1619//1619 4181//4181
f 4472//4472 1620//1620 4478//4478
f 4472//4472 1624//1624 1620//1620
f 1620//1620 1622//1622 4478//4478
f 4477//4477 1627//1627 1622//1622
f 1627//1627 1623//1623 1622//1622
f 1622//1622 1623//1623 1619//1619
f 1620//1620 1624//1624 1626//1626
f 4479//4479 4480//4480 4481//4481
f 4477//4477 4482//4482 1627//1627
f 1627//1627 1679//1679 1623//1623
f 1677//1677 1627//1627 4482//4482
f 1677//1677 1679//1679 1627//1627
f 1472//1472 1670//1670 1471//1471
f 1623//1623 1679//1679 1420//1420
f 1628//1628 1420//1420 1679//1679
f 1680//1680 1681//1681 1629//1629
f 1629//1629 1340//1340 1628//1628
f 1629//1629 1628//1628 1680//1680
f 1340//1340 1629//1629 1423//1423
f 1472//1472 1686//1686 1721//1721
f 4483//4483 1423//1423 1630//1630
f 1629//1629 1630//1630 1423//1423
f 1472//1472 1422//1422 1686//1686
f 4484//4484 1632//1632 1634//1634
f 4484//4484 1634//1634 4127//4127
f 1633//1633 1632//1632 1691//1691
f 4131//4131 1634//1634 1632//1632
f 1633//1633 4131//4131 1632//1632
f 1636//1636 1422//1422 1473//1473
f 4486//4486 1637//1637 1639//1639
f 1694//1694 1637//1637 4486//4486
f 1633//1633 4183//4183 4131//4131
f 1635//1635 4183//4183 1633//1633
f 4535//4535 1692//1692 4487//4487
f 1644//1644 4487//4487 4490//4490
f 4487//4487 1644//1644 4535//4535
f 4491//4491 1649//1649 4536//4536
f 4496//4496 1637//1637 1694//1694
f 1638//1638 1641//1641 4488//4488
f 1638//1638 1646//1646 1641//1641
f 4488//4488 1646//1646 1638//1638
f 1639//1639 1637//1637 1640//1640
f 1639//1639 1640//1640 4494//4494
f 1639//1639 1641//1641 1642//1642
f 1641//1641 4182//4182 1642//1642
f 1639//1639 1642//1642 4486//4486
f 4182//4182 4486//4486 1642//1642
f 4490//4490 4497//4497 1644//1644
f 4497//4497 4490//4490 1477//1477
f 1640//1640 4492//4492 1647//1647
f 1647//1647 4189//4189 4192//4192
f 4492//4492 4189//4189 1647//1647
f 4494//4494 1640//1640 1647//1647
f 4497//4497 1477//1477 1648//1648
f 1479//1479 1648//1648 1477//1477
f 4493//4493 4495//4495 4184//4184
f 1637//1637 4492//4492 1640//1640
f 4493//4493 4498//4498 4495//4495
f 4492//4492 1637//1637 4496//4496
f 1641//1641 1646//1646 1485//1485
f 1641//1641 1485//1485 1483//1483
f 4494//4494 1647//1647 4193//4193
f 4501//4501 4241//4241 4245//4245
f 4503//4503 4251//4251 1520//1520
f 1518//1518 4506//4506 1523//1523
f 4507//4507 4257//4257 4508//4508
f 4520//4520 4517//4517 4523//4523
f 4520//4520 4523//4523 4315//4315
f 1700//1700 4426//4426 1709//1709
f 1700//1700 1701//1701 4427//4427
f 1663//1663 1709//1709 4426//4426
f 1665//1665 4430//4430 4428//4428
f 1754//1754 1665//1665 4428//4428
f 1665//1665 1710//1710 1411//1411
f 1664//1664 1711//1711 1666//1666
f 1591//1591 1709//1709 1663//1663
f 1709//1709 1591//1591 1668//1668
f 1709//1709 1668//1668 1716//1716
f 1592//1592 1411//1411 1710//1710
f 1595//1595 4526//4526 1714//1714
f 1714//1714 1715//1715 1595//1595
f 1667//1667 4445//4445 4436//4436
f 4457//4457 1595//1595 1715//1715
f 1607//1607 1715//1715 1669//1669
f 1670//1670 1716//1716 1668//1668
f 1602//1602 1670//1670 1668//1668
f 1602//1602 1608//1608 1670//1670
f 1672//1672 1674//1674 1671//1671
f 4527//4527 1678//1678 4528//4528
f 1678//1678 4527//4527 1673//1673
f 1674//1674 4474//4474 1675//1675
f 1671//1671 1674//1674 1675//1675
f 1675//1675 1676//1676 1671//1671
f 4529//4529 4530//4530 4480//4480
f 4480//4480 4530//4530 4481//4481
f 4531//4531 1677//1677 4482//4482
f 1679//1679 1677//1677 4531//4531
f 1673//1673 1679//1679 4531//4531
f 1679//1679 1673//1673 1628//1628
f 1670//1670 1472//1472 1682//1682
f 1670//1670 1682//1682 1720//1720
f 1681//1681 1673//1673 1683//1683
f 1680//1680 1628//1628 1673//1673
f 1681//1681 1680//1680 1673//1673
f 4532//4532 1630//1630 1629//1629
f 4483//4483 1630//1630 4532//4532
f 1683//1683 4485//4485 1681//1681
f 1720//1720 1682//1682 1721//1721
f 1472//1472 1721//1721 1682//1682
f 4484//4484 4533//4533 1685//1685
f 1721//1721 1686//1686 1684//1684
f 1685//1685 4533//4533 1729//1729
f 1688//1688 1684//1684 1686//1686
f 1689//1689 1722//1722 4534//4534
f 1687//1687 1729//1729 1690//1690
f 1685//1685 1729//1729 1687//1687
f 4484//4484 1685//1685 1632//1632
f 1685//1685 1687//1687 1632//1632
f 1689//1689 4534//4534 1688//1688
f 1686//1686 1422//1422 1688//1688
f 1688//1688 1422//1422 1636//1636
f 1689//1689 1688//1688 1636//1636
f 1689//1689 4487//4487 1692//1692
f 1729//1729 1691//1691 1690//1690
f 1729//1729 1726//1726 1691//1691
f 1691//1691 1726//1726 1693//1693
f 1632//1632 1690//1690 1691//1691
f 1690//1690 1632//1632 1687//1687
f 1691//1691 1693//1693 1633//1633
f 1635//1635 1633//1633 1693//1693
f 1747//1747 1695//1695 1699//1699
f 1697//1697 1751//1751 1696//1696
f 1697//1697 1700//1700 1699//1699
f 1751//1751 1698//1698 1696//1696
f 1695//1695 1697//1697 1699//1699
f 1695//1695 1751//1751 1697//1697
f 1696//1696 1700//1700 1697//1697
f 1696//1696 1701//1701 1700//1700
f 1701//1701 1696//1696 1698//1698
f 1753//1753 1699//1699 1752//1752
f 1752//1752 1699//1699 1709//1709
f 1699//1699 1700//1700 1709//1709
f 1701//1701 1800//1800 1702//1702
f 4428//4428 1701//1701 1702//1702
f 1703//1703 1710//1710 1754//1754
f 1703//1703 1704//1704 1710//1710
f 1665//1665 1754//1754 1710//1710
f 1707//1707 1712//1712 1711//1711
f 1706//1706 1707//1707 1705//1705
f 1705//1705 1710//1710 1706//1706
f 1707//1707 1711//1711 1705//1705
f 1704//1704 1706//1706 1710//1710
f 4542//4542 4539//4539 1708//1708
f 4544//4544 4543//4543 4546//4546
f 4545//4545 4547//4547 1759//1759
f 1711//1711 1664//1664 1705//1705
f 4545//4545 1713//1713 4548//4548
f 1713//1713 4545//4545 1762//1762
f 1705//1705 1592//1592 1710//1710
f 1664//1664 1592//1592 1705//1705
f 1711//1711 1712//1712 1666//1666
f 4548//4548 1713//1713 4525//4525
f 4525//4525 1713//1713 1762//1762
f 4526//4526 4525//4525 1762//1762
f 4526//4526 1762//1762 1714//1714
f 1714//1714 1763//1763 1766//1766
f 1714//1714 1766//1766 1715//1715
f 1671//1671 1765//1765 1672//1672
f 1766//1766 1765//1765 1671//1671
f 1676//1676 1669//1669 1671//1671
f 1671//1671 1669//1669 1766//1766
f 1717//1717 1767//1767 1716//1716
f 1716//1716 1670//1670 1720//1720
f 1770//1770 4527//4527 4577//4577
f 1768//1768 1767//1767 1717//1717
f 1720//1720 1717//1717 1716//1716
f 1770//1770 1673//1673 4527//4527
f 1673//1673 1770//1770 1683//1683
f 1768//1768 1717//1717 1718//1718
f 1721//1721 1718//1718 1720//1720
f 1717//1717 1720//1720 1718//1718
f 1719//1719 4578//4578 4549//4549
f 4552//4552 1721//1721 1684//1684
f 1721//1721 4552//4552 4550//4550
f 1719//1719 1722//1722 1689//1689
f 1719//1719 4549//4549 1722//1722
f 1719//1719 1689//1689 1780//1780
f 1724//1724 1692//1692 1723//1723
f 1848//1848 1728//1728 1729//1729
f 1848//1848 1784//1784 1728//1728
f 1784//1784 1785//1785 1725//1725
f 1725//1725 1785//1785 1730//1730
f 1726//1726 1729//1729 1728//1728
f 1727//1727 1726//1726 1728//1728
f 1727//1727 1728//1728 1784//1784
f 4554//4554 1727//1727 1784//1784
f 4555//4555 1725//1725 1694//1694
f 1694//1694 1725//1725 1730//1730
f 1726//1726 1727//1727 1693//1693
f 1693//1693 1727//1727 1635//1635
f 1689//1689 1692//1692 1724//1724
f 1692//1692 1694//1694 1730//1730
f 4555//4555 1694//1694 4486//4486
f 1736//1736 1735//1735 1731//1731
f 1733//1733 1734//1734 1732//1732
f 1732//1732 4556//4556 1733//1733
f 4568//4568 4557//4557 4559//4559
f 4558//4558 4566//4566 4561//4561
f 4567//4567 1869//1869 4562//4562
f 1869//1869 4567//4567 1786//1786
f 4583//4583 1735//1735 1736//1736
f 4569//4569 1787//1787 4584//4584
f 1797//1797 1737//1737 1739//1739
f 1751//1751 1695//1695 1737//1737
f 1740//1740 1796//1796 1739//1739
f 4571//4571 1801//1801 4598//4598
f 1739//1739 1741//1741 1740//1740
f 1801//1801 4571//4571 1742//1742
f 1741//1741 1745//1745 1742//1742
f 1742//1742 1745//1745 1744//1744
f 1741//1741 1742//1742 1740//1740
f 1741//1741 1739//1739 1737//1737
f 1744//1744 1745//1745 1743//1743
f 1743//1743 1748//1748 1744//1744
f 1743//1743 1745//1745 1741//1741
f 1741//1741 1746//1746 1743//1743
f 1748//1748 4572//4572 1744//1744
f 1746//1746 1741//1741 1737//1737
f 1737//1737 1695//1695 1747//1747
f 1746//1746 1737//1737 1747//1747
f 1746//1746 1748//1748 1743//1743
f 1746//1746 1747//1747 1748//1748
f 1747//1747 1749//1749 1748//1748
f 1747//1747 1699//1699 1749//1749
f 1748//1748 1749//1749 1750//1750
f 1749//1749 1699//1699 1750//1750
f 4572//4572 1748//1748 1750//1750
f 1753//1753 1750//1750 1699//1699
f 1701//1701 1751//1751 1738//1738
f 1701//1701 1698//1698 1751//1751
f 1738//1738 1800//1800 1701//1701
f 1702//1702 1800//1800 4428//4428
f 1752//1752 1742//1742 1744//1744
f 1801//1801 1742//1742 1752//1752
f 1744//1744 4572//4572 1752//1752
f 1802//1802 1801//1801 1752//1752
f 1800//1800 1755//1755 1754//1754
f 1754//1754 4428//4428 1800//1800
f 1816//1816 4573//4573 4599//4599
f 1755//1755 4537//4537 1754//1754
f 1756//1756 4538//4538 4574//4574
f 1802//1802 1752//1752 1758//1758
f 1752//1752 1709//1709 1758//1758
f 1756//1756 4540//4540 4538//4538
f 1757//1757 4541//4541 4576//4576
f 1757//1757 4576//4576 4608//4608
f 1757//1757 4608//4608 1819//1819
f 1819//1819 1820//1820 1757//1757
f 1759//1759 4547//4547 4541//4541
f 4541//4541 1757//1757 1759//1759
f 1758//1758 1826//1826 1802//1802
f 1760//1760 1824//1824 1759//1759
f 1820//1820 1759//1759 1757//1757
f 4611//4611 1760//1760 1759//1759
f 1824//1824 1761//1761 1759//1759
f 1759//1759 1762//1762 4545//4545
f 1823//1823 1829//1829 1761//1761
f 1763//1763 1761//1761 1829//1829
f 1762//1762 1759//1759 1761//1761
f 1762//1762 1761//1761 1763//1763
f 1758//1758 1828//1828 1826//1826
f 1766//1766 1763//1763 1829//1829
f 1762//1762 1763//1763 1714//1714
f 1709//1709 1764//1764 1758//1758
f 1716//1716 1764//1764 1709//1709
f 1715//1715 1766//1766 1669//1669
f 1836//1836 1834//1834 1831//1831
f 1834//1834 1836//1836 1765//1765
f 1834//1834 1765//1765 1766//1766
f 1716//1716 1767//1767 1764//1764
f 1767//1767 1768//1768 1764//1764
f 4578//4578 1769//1769 1835//1835
f 4577//4577 4615//4615 1770//1770
f 4578//4578 1719//1719 1769//1769
f 1833//1833 1939//1939 1771//1771
f 1833//1833 1771//1771 1770//1770
f 1838//1838 4551//4551 1842//1842
f 1772//1772 1729//1729 1777//1777
f 1683//1683 1770//1770 1773//1773
f 4533//4533 4579//4579 1777//1777
f 1771//1771 1840//1840 1772//1772
f 1771//1771 1772//1772 1777//1777
f 1770//1770 1771//1771 1773//1773
f 1777//1777 4579//4579 1771//1771
f 1774//1774 1844//1844 1847//1847
f 1774//1774 1783//1783 4616//4616
f 1848//1848 1846//1846 1776//1776
f 1782//1782 1848//1848 1776//1776
f 4533//4533 1777//1777 1729//1729
f 1848//1848 1729//1729 1772//1772
f 1842//1842 4551//4551 1778//1778
f 1842//1842 4580//4580 1779//1779
f 1779//1779 4580//4580 4581//4581
f 1778//1778 4551//4551 4582//4582
f 1779//1779 4581//4581 4553//4553
f 1842//1842 1779//1779 1723//1723
f 1724//1724 1723//1723 1779//1779
f 1781//1781 1774//1774 1775//1775
f 1775//1775 1842//1842 1723//1723
f 1781//1781 1775//1775 1723//1723
f 1781//1781 1783//1783 1774//1774
f 1846//1846 1730//1730 1776//1776
f 1846//1846 1783//1783 1730//1730
f 1784//1784 1848//1848 1782//1782
f 1724//1724 1780//1780 1689//1689
f 1781//1781 1723//1723 1783//1783
f 1723//1723 1730//1730 1783//1783
f 1723//1723 1692//1692 1730//1730
f 1730//1730 1785//1785 1776//1776
f 1785//1785 1784//1784 1782//1782
f 1782//1782 1776//1776 1785//1785
f 1849//1849 4564//4564 4563//4563
f 4620//4620 1850//1850 4565//4565
f 1850//1850 1860//1860 4565//4565
f 1861//1861 1860//1860 1850//1850
f 1860//1860 4560//4560 4565//4565
f 4570//4570 4560//4560 1860//1860
f 1788//1788 4570//4570 1860//1860
f 4587//4587 1788//1788 1860//1860
f 1788//1788 4587//4587 4570//4570
f 1869//1869 1786//1786 1792//1792
f 4585//4585 4588//4588 1789//1789
f 4595//4595 4586//4586 4591//4591
f 4588//4588 1791//1791 1789//1789
f 4589//4589 1790//1790 4592//4592
f 4590//4590 1871//1871 1790//1790
f 4591//4591 4593//4593 4595//4595
f 4595//4595 4593//4593 1795//1795
f 1792//1792 4596//4596 1793//1793
f 1875//1875 1792//1792 1793//1793
f 1887//1887 1875//1875 1793//1793
f 4592//4592 1790//1790 1797//1797
f 1796//1796 4594//4594 1797//1797
f 1790//1790 1794//1794 1797//1797
f 4593//4593 4598//4598 1795//1795
f 1793//1793 4597//4597 1887//1887
f 1797//1797 1794//1794 1872//1872
f 4643//4643 1794//1794 1873//1873
f 1797//1797 1872//1872 1884//1884
f 1795//1795 4598//4598 1801//1801
f 1887//1887 4597//4597 4600//4600
f 1739//1739 1796//1796 1797//1797
f 4600//4600 1799//1799 1887//1887
f 1799//1799 1888//1888 1887//1887
f 1884//1884 1737//1737 1797//1797
f 1751//1751 1737//1737 1738//1738
f 1896//1896 1738//1738 1737//1737
f 1798//1798 1800//1800 1738//1738
f 1891//1891 1888//1888 1799//1799
f 1798//1798 1900//1900 4599//4599
f 1799//1799 4600//4600 1901//1901
f 1901//1901 1891//1891 1799//1799
f 4600//4600 4601//4601 1901//1901
f 4599//4599 1908//1908 1816//1816
f 4609//4609 1808//1808 1807//1807
f 4661//4661 1909//1909 1803//1803
f 1808//1808 4661//4661 1803//1803
f 4661//4661 1808//1808 4609//4609
f 4612//4612 1901//1901 4601//4601
f 1805//1805 1804//1804 1906//1906
f 1804//1804 1803//1803 1906//1906
f 1912//1912 1811//1811 1805//1805
f 4603//4603 1912//1912 1809//1809
f 1822//1822 1806//1806 1912//1912
f 1912//1912 1806//1806 1809//1809
f 1807//1807 1803//1803 1804//1804
f 1803//1803 1807//1807 1808//1808
f 1804//1804 1813//1813 1807//1807
f 1809//1809 1806//1806 1815//1815
f 1815//1815 1806//1806 1823//1823
f 1805//1805 1812//1812 1804//1804
f 1812//1812 4605//4605 1804//1804
f 1810//1810 4606//4606 4604//4604
f 1815//1815 1810//1810 1809//1809
f 1811//1811 1812//1812 1805//1805
f 1809//1809 1810//1810 4603//4603
f 4603//4603 1810//1810 4604//4604
f 1823//1823 1806//1806 1822//1822
f 1817//1817 4608//4608 4602//4602
f 4602//4602 4607//4607 1817//1817
f 4606//4606 1810//1810 1818//1818
f 1810//1810 1814//1814 1818//1818
f 1818//1818 1814//1814 4611//4611
f 1815//1815 1814//1814 1810//1810
f 1815//1815 1823//1823 1814//1814
f 4608//4608 4576//4576 4575//4575
f 1817//1817 1819//1819 4608//4608
f 1817//1817 4610//4610 1819//1819
f 4607//4607 4610//4610 1817//1817
f 4610//4610 1820//1820 1819//1819
f 1825//1825 4611//4611 1814//1814
f 1904//1904 1827//1827 1822//1822
f 1822//1822 1827//1827 1821//1821
f 1821//1821 1827//1827 1829//1829
f 1822//1822 1821//1821 1823//1823
f 1821//1821 1829//1829 1823//1823
f 1823//1823 1824//1824 1814//1814
f 1814//1814 1760//1760 1825//1825
f 1825//1825 1760//1760 4611//4611
f 1824//1824 1760//1760 1814//1814
f 1823//1823 1761//1761 1824//1824
f 1830//1830 4612//4612 4613//4613
f 1758//1758 1835//1835 1828//1828
f 4613//4613 1835//1835 1830//1830
f 1827//1827 1834//1834 1766//1766
f 1827//1827 1766//1766 1829//1829
f 1764//1764 1835//1835 1758//1758
f 1835//1835 1764//1764 4578//4578
f 1827//1827 1832//1832 1834//1834
f 1833//1833 1832//1832 1827//1827
f 4614//4614 1832//1832 1837//1837
f 1832//1832 1831//1831 1834//1834
f 1837//1837 1832//1832 1833//1833
f 1830//1830 1838//1838 1930//1930
f 1939//1939 1833//1833 1935//1935
f 1837//1837 4615//4615 4614//4614
f 4615//4615 1837//1837 1770//1770
f 1837//1837 1833//1833 1770//1770
f 1835//1835 1769//1769 1830//1830
f 1838//1838 1830//1830 1769//1769
f 1838//1838 1769//1769 4551//4551
f 1839//1839 1846//1846 1841//1841
f 1839//1839 1838//1838 1843//1843
f 1839//1839 1845//1845 4616//4616
f 1939//1939 1840//1840 1771//1771
f 1838//1838 1842//1842 1843//1843
f 1843//1843 1842//1842 1775//1775
f 4616//4616 1846//1846 1839//1839
f 4616//4616 1783//1783 1846//1846
f 1843//1843 1775//1775 1839//1839
f 1775//1775 4617//4617 1839//1839
f 1841//1841 1846//1846 1848//1848
f 1840//1840 1841//1841 1848//1848
f 1840//1840 1848//1848 1772//1772
f 1847//1847 1844//1844 4618//4618
f 4619//4619 1775//1775 1847//1847
f 1774//1774 1847//1847 1775//1775
f 1851//1851 4624//4624 4621//4621
f 4622//4622 4562//4562 1852//1852
f 4625//4625 4626//4626 1853//1853
f 4623//4623 1854//1854 4627//4627
f 4631//4631 4622//4622 1852//1852
f 4629//4629 4628//4628 1855//1855
f 1855//1855 4628//4628 4632//4632
f 1852//1852 1869//1869 4631//4631
f 4629//4629 1857//1857 1856//1856
f 4630//4630 4634//4634 1861//1861
f 1850//1850 4630//4630 1861//1861
f 1857//1857 4629//4629 1855//1855
f 4636//4636 4633//4633 1859//1859
f 4631//4631 1869//1869 1859//1859
f 4635//4635 4637//4637 1858//1858
f 1858//1858 4639//4639 4635//4635
f 4638//4638 4636//4636 1859//1859
f 1859//1859 4633//4633 4631//4631
f 1859//1859 1865//1865 4638//4638
f 1862//1862 1860//1860 1861//1861
f 1858//1858 1863//1863 4639//4639
f 1861//1861 4640//4640 1862//1862
f 1864//1864 1860//1860 1862//1862
f 4641//4641 1862//1862 4640//4640
f 1867//1867 1860//1860 1864//1864
f 1868//1868 1860//1860 1867//1867
f 1868//1868 4587//4587 1860//1860
f 1863//1863 1858//1858 1865//1865
f 4642//4642 1863//1863 1865//1865
f 1942//1942 4642//4642 1865//1865
f 1866//1866 4642//4642 1942//1942
f 4642//4642 1866//1866 1867//1867
f 1866//1866 1941//1941 1867//1867
f 1941//1941 1943//1943 1867//1867
f 1867//1867 1943//1943 1868//1868
f 4587//4587 1868//1868 1943//1943
f 1944//1944 4587//4587 1943//1943
f 1852//1852 4562//4562 1869//1869
f 1870//1870 1869//1869 1876//1876
f 1869//1869 1870//1870 1859//1859
f 1871//1871 4590//4590 1945//1945
f 1871//1871 1794//1794 1790//1790
f 1794//1794 1874//1874 1873//1873
f 4643//4643 1873//1873 1874//1874
f 1869//1869 1792//1792 1875//1875
f 1876//1876 1869//1869 1875//1875
f 1954//1954 1875//1875 1886//1886
f 1876//1876 1875//1875 1954//1954
f 1876//1876 4689//4689 1870//1870
f 1887//1887 1877//1877 1875//1875
f 1875//1875 1877//1877 4649//4649
f 1954//1954 1890//1890 1964//1964
f 1879//1879 4647//4647 4644//4644
f 1874//1874 1878//1878 4643//4643
f 4645//4645 4643//4643 1878//1878
f 1957//1957 1878//1878 1874//1874
f 1878//1878 1957//1957 1883//1883
f 1880//1880 4647//4647 1879//1879
f 4645//4645 1881//1881 1880//1880
f 1881//1881 4645//4645 1878//1878
f 1883//1883 1957//1957 1885//1885
f 1893//1893 4647//4647 1880//1880
f 1880//1880 1881//1881 1893//1893
f 4648//4648 4653//4653 1881//1881
f 4646//4646 1881//1881 1878//1878
f 4646//4646 1882//1882 1881//1881
f 1881//1881 1882//1882 4648//4648
f 4648//4648 1882//1882 4646//4646
f 1888//1888 1877//1877 1887//1887
f 1877//1877 1888//1888 1889//1889
f 4649//4649 1877//1877 1889//1889
f 4650//4650 1954//1954 1886//1886
f 1888//1888 4651//4651 1889//1889
f 1890//1890 4650//4650 4652//4652
f 1890//1890 1954//1954 4650//4650
f 1890//1890 4652//4652 1964//1964
f 1893//1893 1892//1892 4647//4647
f 1892//1892 1894//1894 4647//4647
f 1894//1894 4656//4656 4647//4647
f 1893//1893 1894//1894 1892//1892
f 4648//4648 4654//4654 4653//4653
f 1884//1884 1896//1896 1737//1737
f 4654//4654 1897//1897 1896//1896
f 4654//4654 4648//4648 1897//1897
f 4648//4648 1895//1895 1897//1897
f 1961//1961 1895//1895 4648//4648
f 4693//4693 1962//1962 4655//4655
f 1896//1896 1798//1798 1738//1738
f 1897//1897 1798//1798 1896//1896
f 1897//1897 1895//1895 1798//1798
f 1962//1962 1963//1963 1899//1899
f 1898//1898 1798//1798 1895//1895
f 1966//1966 4657//4657 1899//1899
f 4658//4658 4655//4655 1962//1962
f 1899//1899 4657//4657 1962//1962
f 1901//1901 1964//1964 4652//4652
f 4657//4657 1966//1966 1904//1904
f 1966//1966 1902//1902 1904//1904
f 1902//1902 1966//1966 1903//1903
f 1900//1900 1798//1798 1898//1898
f 4659//4659 4657//4657 1904//1904
f 1904//1904 1903//1903 1905//1905
f 1902//1902 1903//1903 1904//1904
f 4599//4599 1900//1900 1908//1908
f 1904//1904 4661//4661 4659//4659
f 1907//1907 1909//1909 1904//1904
f 1907//1907 1906//1906 1803//1803
f 1803//1803 1909//1909 1907//1907
f 1907//1907 1904//1904 1906//1906
f 1904//1904 1909//1909 4661//4661
f 1913//1913 1901//1901 4612//4612
f 1901//1901 1969//1969 1967//1967
f 1913//1913 1969//1969 1901//1901
f 1969//1969 1913//1913 1914//1914
f 1914//1914 1918//1918 1969//1969
f 1911//1911 4660//4660 1968//1968
f 1904//1904 1905//1905 1929//1929
f 1905//1905 1903//1903 1929//1929
f 1915//1915 1916//1916 1968//1968
f 1916//1916 1911//1911 1968//1968
f 1911//1911 1910//1910 4660//4660
f 1970//1970 1915//1915 1968//1968
f 4660//4660 1910//1910 1929//1929
f 1910//1910 1911//1911 1916//1916
f 1912//1912 1904//1904 1822//1822
f 1906//1906 1904//1904 1912//1912
f 1805//1805 1906//1906 1912//1912
f 4612//4612 1830//1830 1913//1913
f 4662//4662 1830//1830 1930//1930
f 1915//1915 1970//1970 1916//1916
f 1913//1913 1922//1922 1914//1914
f 1916//1916 1923//1923 1919//1919
f 1916//1916 4665//4665 1920//1920
f 1920//1920 1910//1910 1916//1916
f 1970//1970 1917//1917 1916//1916
f 1916//1916 1917//1917 1923//1923
f 4664//4664 4700//4700 1918//1918
f 1918//1918 1924//1924 4664//4664
f 1929//1929 1910//1910 1920//1920
f 1934//1934 1920//1920 4665//4665
f 1904//1904 1929//1929 1827//1827
f 4662//4662 1930//1930 1921//1921
f 1922//1922 4663//4663 4666//4666
f 1921//1921 1930//1930 1931//1931
f 1931//1931 1922//1922 4666//4666
f 1914//1914 1922//1922 1918//1918
f 1924//1924 1918//1918 1922//1922
f 1919//1919 1923//1923 1934//1934
f 4667//4667 4664//4664 1924//1924
f 1926//1926 4667//4667 1924//1924
f 1922//1922 1927//1927 1924//1924
f 1924//1924 1927//1927 1925//1925
f 1924//1924 1925//1925 4668//4668
f 1925//1925 1927//1927 4668//4668
f 4668//4668 1927//1927 1928//1928
f 4668//4668 1928//1928 1938//1938
f 4667//4667 1926//1926 4670//4670
f 1927//1927 1938//1938 1928//1928
f 1927//1927 1922//1922 1932//1932
f 1927//1927 1932//1932 1938//1938
f 1931//1931 1930//1930 4671//4671
f 1930//1930 1838//1838 4671//4671
f 1931//1931 4671//4671 1922//1922
f 1932//1932 1922//1922 4671//4671
f 1923//1923 1933//1933 1934//1934
f 4667//4667 4670//4670 4669//4669
f 1833//1833 1827//1827 1929//1929
f 1934//1934 1935//1935 1920//1920
f 1935//1935 1929//1929 1920//1920
f 1933//1933 1936//1936 1934//1934
f 1936//1936 1935//1935 1934//1934
f 1929//1929 1935//1935 1833//1833
f 1936//1936 1933//1933 1937//1937
f 4669//4669 4670//4670 1937//1937
f 1937//1937 4670//4670 1939//1939
f 1936//1936 1937//1937 1939//1939
f 4671//4671 1838//1838 1839//1839
f 1939//1939 1935//1935 1936//1936
f 1939//1939 4670//4670 1940//1940
f 1940//1940 1839//1839 1841//1841
f 4671//4671 1839//1839 1940//1940
f 1940//1940 1841//1841 1939//1939
f 1840//1840 1939//1939 1841//1841
f 4672//4672 1866//1866 1942//1942
f 1946//1946 4672//4672 1942//1942
f 4673//4673 4672//4672 1946//1946
f 1946//1946 4674//4674 4673//4673
f 1942//1942 1865//1865 1946//1946
f 1865//1865 1947//1947 1946//1946
f 1865//1865 1859//1859 1947//1947
f 1870//1870 1947//1947 1859//1859
f 1945//1945 4590//4590 4675//4675
f 1945//1945 1949//1949 1871//1871
f 1870//1870 4689//4689 1947//1947
f 4674//4674 1946//1946 4676//4676
f 4679//4679 4676//4676 1946//1946
f 1946//1946 1947//1947 4680//4680
f 1794//1794 1871//1871 1948//1948
f 1794//1794 1948//1948 1952//1952
f 1949//1949 1948//1948 1871//1871
f 4677//4677 1950//1950 4686//4686
f 4683//4683 1951//1951 4687//4687
f 4681//4681 4684//4684 4678//4678
f 1947//1947 4685//4685 4680//4680
f 4683//4683 4682//4682 1951//1951
f 1953//1953 1957//1957 1874//1874
f 1957//1957 1953//1953 1955//1955
f 1794//1794 1952//1952 1874//1874
f 1952//1952 1953//1953 1874//1874
f 1951//1951 4688//4688 4687//4687
f 1951//1951 1960//1960 4688//4688
f 4685//4685 1947//1947 4696//4696
f 4696//4696 4692//4692 4685//4685
f 1953//1953 1956//1956 1955//1955
f 4690//4690 4688//4688 1960//1960
f 4689//4689 4696//4696 1947//1947
f 1959//1959 4690//4690 1960//1960
f 1955//1955 1958//1958 1957//1957
f 1885//1885 1957//1957 1958//1958
f 1955//1955 4691//4691 1958//1958
f 1958//1958 4691//4691 1885//1885
f 1956//1956 4691//4691 1955//1955
f 4696//4696 4694//4694 4692//4692
f 1961//1961 1959//1959 1960//1960
f 1959//1959 1961//1961 4648//4648
f 1962//1962 4693//4693 1963//1963
f 4694//4694 4696//4696 4695//4695
f 1899//1899 1963//1963 1966//1966
f 1963//1963 1965//1965 1966//1966
f 4697//4697 4695//4695 4696//4696
f 1964//1964 1901//1901 4698//4698
f 1901//1901 1967//1967 4698//4698
f 1965//1965 4699//4699 1966//1966
f 4660//4660 1966//1966 4699//4699
f 4699//4699 1968//1968 4660//4660
f 1970//1970 1968//1968 4699//4699
f 1967//1967 1969//1969 4701//4701
f 4701//4701 1969//1969 1918//1918
