# Wavafront OBJ file of BodyParts3D
# BodyParts3D, Copyright(C) 2010-2011 The Database Center for Life Science licensed under CC Attribution-Share Alike 2.1 Japan.
vn -0.778689 0.0639079 0.624147
v 17.2924 -119.744 784.9
vn -0.815836 -0.442806 -0.371933
v 17.364 -119.452 784.6
vn -0.998386 -0.0505615 -0.0258479
v 17.3594 -119.451 784.9
vn -0.883655 -0.39116 -0.257191
v 17.3277 -119.138 784
vn -0.784325 -0.0477403 0.61851
v 17.551 -120.105 785.2
vn -0.906996 -0.131832 -0.399973
v 17.9098 -116.501 781.3
vn -0.96422 0.0285356 -0.263562
v 17.4071 -118.234 783.1
vn -0.886026 -0.257763 -0.385377
v 17.3654 -118.532 783.305
vn -0.968307 -0.167067 -0.185661
v 17.1751 -118.492 784
vn -0.922073 0.382778 0.0571164
v 17.6924 -117.682 784
vn -0.985196 0.167335 -0.0372426
v 18.041 -114.689 781
vn -0.825631 0.476492 0.302141
v 18.1676 -114.409 781.3
vn -0.915558 0.38208 -0.125571
v 18.0924 -114.086 780.7
vn -0.795879 0.491705 0.353274
v 18.1749 -114.104 781
vn -0.914114 0.234797 -0.330553
v 18.1923 -114.721 780.1
vn -0.697086 0.570039 0.434887
v 18.3583 -114.143 781.3
vn -0.74234 0.548564 -0.38472
v 18.6032 -114.152 779.8
vn -0.915768 0.371868 0.151933
v 17.8548 -114.956 781.6
vn -0.592526 0.805007 -0.0295955
v 18.309 -113.826 780.7
vn -0.637652 0.69845 0.324912
v 18.5949 -113.886 781.3
vn -0.57137 0.784082 -0.242387
v 18.8323 -113.937 779.8
vn -0.444748 0.886988 -0.124304
v 18.7021 -113.686 780.7
vn -0.565717 0.820607 0.0810443
v 18.6982 -113.705 781
vn -0.730136 0.631469 0.261054
v 18.9232 -113.649 781.6
vn -0.894758 0.0213759 0.446039
v 17.7231 -124.064 787.9
vn -0.695103 0.253956 0.672561
v 18.9461 -124.082 789.691
vn -0.961167 -0.181809 -0.207612
v 17.5564 -122.56 787.3
vn -0.83863 0.150578 0.523475
v 17.7434 -123.213 787.9
vn -0.717325 -0.563398 -0.409912
v 17.6404 -120.124 784.778
vn -0.752501 -0.513692 -0.412144
v 17.7423 -119.645 784
vn -0.711663 -0.486605 -0.506706
v 18.8326 -118.844 781.256
vn -0.464963 0.640693 0.611
v 20.7517 -115.587 785.8
vn -0.707781 0.670704 -0.221818
v 19.6138 -113.49 778.3
vn -0.748786 0.623094 -0.225992
v 20.12 -112.37 780.7
vn -0.626079 0.751419 -0.208313
v 21.1746 -110.754 780.7
vn -0.567081 0.748205 0.344396
v 21.1935 -110.758 781
vn -0.161377 0.697935 0.697742
v 21.5018 -110.615 781
vn -0.48663 -0.811265 0.324097
v 19.1961 -124.349 789.4
vn -0.603312 -0.573703 -0.553967
v 20.3693 -123.158 784.204
vn -0.0822528 -0.985062 -0.151283
v 21.0767 -124.159 784.6
vn -0.646026 0.329321 0.688621
v 19.9072 -122.446 789.857
vn -0.640902 0.35275 0.681771
v 20.3254 -121.922 789.984
vn 0.498019 -0.416878 0.760388
v 20.3693 -123.158 789.586
vn 0.543879 -0.104565 0.832623
v 20.8389 -122.031 789.7
vn -0.680189 0.323095 0.657991
v 20.4062 -120.099 788.821
vn 0.521753 0.300223 0.798523
v 20.9746 -121.753 789.58
vn 0.620493 0.0902483 0.779002
v 21.5615 -121.878 789.159
vn -0.566618 0.408812 0.715414
v 20.7365 -117.102 787.155
vn -0.40145 0.385356 0.830866
v 21.0299 -117.164 787.326
vn 0.536566 0.286868 0.793602
v 21.5544 -117.582 787.237
vn -0.0176183 0.755723 0.654654
v 21.6976 -115.466 785.685
vn -0.64423 0.479419 0.595924
v 20.811 -116.751 787
vn -0.556316 0.428992 0.711673
v 21.1547 -116.577 787.195
vn -0.779081 0.372687 -0.504121
v 21.6097 -112.994 774.652
vn -0.546955 0.767502 -0.334336
v 23.7724 -111.477 773.5
vn -0.410167 0.873845 -0.261072
v 23.8289 -111.211 774.1
vn -0.580328 0.793848 -0.181726
v 22.9812 -111.445 776.5
vn -0.476877 0.858864 -0.186925
v 23.516 -111.24 774.4
vn -0.32023 0.941081 -0.10872
v 24.0527 -111.059 774.4
vn -0.228994 0.972334 -0.0461331
v 24.1808 -110.998 775.6
vn -0.742475 -0.2642 -0.615573
v 24.928 -114.926 770.5
vn 0.650736 0.498036 0.573152
v 24.7011 -112.879 778.6
vn 0.112626 0.976242 0.185112
v 25.6968 -111.081 775.6
vn 0.779654 0.402936 0.479355
v 24.3833 -112.356 778.9
vn -0.372524 -0.838493 -0.397688
v 24.3088 -123.382 780.825
vn -0.740466 -0.0285836 -0.671486
v 27.9322 -113.417 767.2
vn 0.175567 -0.969091 0.173319
v 28.5325 -123.712 779.5
vn -0.454625 -0.71941 -0.525133
v 28.5787 -120.609 771.284
vn 0.363009 0.804594 0.469949
v 29.6135 -112.855 775.069
vn -0.656896 0.597599 -0.459743
v 29.8814 -110.151 765.969
vn -0.374997 0.91403 -0.154682
v 30.286 -109.624 767.2
vn 0.0826033 -0.993874 0.0734309
v 30.9288 -123.981 776.8
vn -0.329577 -0.854911 -0.400632
v 29.8768 -121.716 772.9
vn 0.597887 -0.500533 0.626097
v 29.3273 -122.915 780.1
vn 0.68303 0.237583 0.690669
v 29.7524 -120.858 780.19
vn 0.314548 0.873818 0.370813
v 33.4111 -112.303 770.2
vn -0.159832 -0.947763 -0.276042
v 31.9008 -123.738 774.7
vn 0.262323 -0.962105 0.0744324
v 32.5003 -123.803 775.3
vn 0.689274 -0.180664 0.701614
v 32.2063 -122.3 778.059
vn 0.529651 -0.703057 0.474532
v 32.3241 -123.245 777.4
vn -0.333669 -0.820491 -0.464176
v 34.2788 -121.207 768.047
vn 0.385939 0.783553 0.486924
v 34.2207 -111.38 767.65
vn 0.691411 0.0620701 0.71979
v 36.8319 -119.296 773.043
vn 0.61316 0.177285 0.769808
v 35.97 -117.58 773.277
vn -0.0900762 0.991935 0.0891745
v 39.2913 -107.726 758.5
vn 0.202784 0.913543 0.352588
v 38.8809 -108.214 760
vn 0.0906622 -0.977175 -0.192118
v 37.0413 -122.64 769.6
vn 0.523156 -0.808904 0.268296
v 38.7147 -121.982 769.6
vn 0.711631 -0.336929 0.61649
v 36.9198 -121.769 772.494
vn -0.58117 -0.497396 -0.64408
v 39.0129 -114.807 757
vn 0.463298 0.603253 0.649185
v 38.9597 -113.615 769.16
vn 0.256988 0.85506 0.450366
v 40.1505 -112.341 766
vn -0.154265 -0.881266 -0.446736
v 41.5655 -120.113 762.1
vn -0.52859 -0.559675 -0.638245
v 41.9745 -116.709 756.1
vn -0.283405 -0.861918 -0.420451
v 42.4145 -117.562 757
vn -0.34114 -0.782589 -0.520747
v 42.4973 -117.172 756.1
vn -0.398506 -0.758412 -0.515756
v 40.5408 -117.72 758.5
vn -0.718177 -0.238731 -0.653628
v 42.4116 -110.361 750.369
vn -0.101469 0.993489 0.0518113
v 43.6726 -110.2 760
vn 0.131558 0.888478 0.439658
v 42.8631 -111.684 763.9
vn 0.172295 -0.957006 -0.233355
v 43.0825 -120.191 762.4
vn 0.408461 -0.911303 0.0518259
v 43.3408 -120.419 764.8
vn -0.258748 -0.854287 -0.450826
v 43.2622 -117.903 757.084
vn -0.138718 -0.89419 -0.425655
v 43.4957 -118.247 757.6
vn -0.406979 -0.681714 -0.607975
v 44.8321 -116.288 753.7
vn 0.64187 -0.0169452 0.766626
v 43.6988 -115.849 766.968
vn 0.39841 0.585715 0.705838
v 43.4238 -114.257 767.31
vn -0.406293 0.880008 -0.245992
v 44.9789 -109.826 759.1
vn -0.0279814 0.98637 0.162147
v 45.1983 -110.237 757.6
vn 0.261705 0.905729 0.333414
v 46.0431 -109.293 754.6
vn 0.0134283 0.979031 0.203269
v 46.2999 -109.383 754.9
vn -0.422104 0.892214 -0.16057
v 45.9738 -109.891 757.6
vn -0.0955126 -0.905296 -0.413904
v 45.227 -117.316 755.2
vn 0.624528 -0.677654 0.388266
v 44.8949 -119.477 764.5
vn 0.355764 0.738809 0.572358
v 48.232 -108.951 752.2
vn 0.348805 0.893226 0.283693
v 46.9335 -109.288 753.7
vn 0.169342 0.980397 -0.100723
v 47.2143 -109.41 754
vn 0.203276 0.869222 0.450702
v 47.4902 -109.555 753.7
vn -0.231945 0.938172 -0.256971
v 47.5243 -109.394 754
vn -0.156224 0.986248 0.0539322
v 46.8965 -109.462 755.5
vn -0.192494 0.967599 0.163397
v 47.9269 -108.943 757.6
vn -0.0996057 0.988594 0.112967
v 48.7262 -106.626 750.7
vn 0.589012 0.341271 0.732529
v 48.985 -106.851 750.669
vn 0.0997116 -0.939044 -0.329019
v 48.3022 -116.827 754.3
vn 0.143442 0.797622 0.585853
v 49.6029 -111.159 761.5
vn 0.460813 0.415584 0.784182
v 50.1659 -111.396 761.474
vn -0.00489489 0.918356 0.395725
v 49.8903 -108.364 756.1
vn -0.00707917 0.89851 0.438895
v 49.4469 -110.45 759.4
vn -0.111943 0.948749 0.295541
v 49.9862 -110.438 759.7
vn -0.355547 0.934071 -0.0331352
v 50.6393 -106.283 740.763
vn 0.531732 0.375934 0.758903
v 49.6782 -107.919 750.337
vn 0.564613 0.277173 0.777423
v 50.2212 -106.807 749.676
vn 0.332165 0.612459 0.717329
v 50.9767 -107.581 749.488
vn 0.219236 0.751191 0.622613
v 49.9093 -108.274 750.512
vn 0.0764246 0.872168 0.483199
v 51.4403 -108.286 750.4
vn -0.478608 0.858575 -0.183804
v 49.797 -108.25 754.3
vn 0.359262 -0.928843 -0.0904514
v 51.474 -116.785 757.6
vn -0.476863 -0.609753 -0.63309
v 53.4122 -110.552 740.212
vn 0.367974 0.582947 0.724408
v 54.205 -106.822 747.1
vn 0.302062 0.709995 0.636133
v 52.5546 -107.373 748.6
vn -0.665827 0.694126 -0.27361
v 53.8615 -106.996 748.9
vn -0.546562 0.836658 0.0356849
v 54.1378 -107.139 748
vn -0.0248744 0.962509 0.270107
v 52.8373 -107.485 753.7
vn -0.303566 0.950522 -0.0659967
v 54.1105 -107.267 753.1
vn -0.223937 0.942249 0.249035
v 52.4523 -107.854 755.5
vn 0.399179 0.586097 0.705087
v 53.4186 -105.953 746.8
vn -0.182737 0.957041 0.225121
v 53.3607 -105.023 745.6
vn -0.343727 0.935463 0.0822308
v 54.7036 -105.92 749.605
vn 0.109714 0.884699 0.453068
v 54.5789 -106.507 751.173
vn -0.418158 0.908374 -0.00102218
v 55.0569 -104.258 740.2
vn 0.114633 -0.947788 -0.297585
v 53.3505 -113.729 745.3
vn 0.238898 -0.950625 -0.198091
v 54.2445 -113.851 747.7
vn 0.657211 -0.147161 0.739201
v 55.4479 -112.519 757.574
vn -0.370706 -0.693691 -0.617551
v 55.1469 -109.606 738.1
vn -0.330584 -0.759811 -0.559824
v 54.1761 -111.287 740.2
vn 0.630625 0.0173425 0.775894
v 55.3416 -111.576 757.719
vn -0.468754 -0.650568 -0.59752
v 54.8463 -108.097 736.6
vn 0.22522 0.831755 0.507405
v 55.0698 -107.083 751.9
vn -0.783879 0.321215 -0.53137
v 56.1269 -104.995 733.421
vn -0.575262 0.80396 0.150738
v 55.3432 -106.056 746.8
vn -0.679147 0.704216 -0.206977
v 55.4836 -105.779 747.4
vn -0.371444 0.927242 0.0474454
v 56.6369 -105.104 746.5
vn -0.0715732 0.936816 0.342423
v 57.0262 -105.093 748
vn -0.527049 0.836288 -0.151136
v 57.31 -106.167 750.1
vn -0.468101 0.863392 -0.188244
v 55.3968 -106.987 751.917
vn -0.534749 0.813048 -0.230211
v 54.9223 -106.886 752.8
vn -0.407552 0.910327 0.0721523
v 55.1809 -106.56 753.7
vn -0.0197762 0.8428 0.537864
v 56.8641 -107.299 755.188
vn 0.0414952 0.863018 0.503465
v 56.2775 -104.287 744.4
vn 0.249341 0.660555 0.708164
v 57.6196 -108.073 755.723
vn -0.101825 0.941536 0.321156
v 57.4153 -106.149 749.5
vn 0.12983 0.827504 0.546243
v 57.4962 -105.768 748.9
vn -0.0690763 0.951815 0.298792
v 59.3879 -103.542 742
vn -0.319932 0.946046 0.0513863
v 60.1555 -103.357 742.6
vn -0.375219 0.926931 -0.00311153
v 59.7656 -102.088 736
vn -0.178624 0.949487 0.258006
v 59.7431 -102.412 738.7
vn 0.323247 -0.92641 -0.19307
v 59.7202 -111.177 743.2
vn 0.135463 -0.923173 -0.359723
v 60.9978 -110.938 743.509
vn -0.257763 -0.796312 -0.547216
v 59.2397 -109.109 735.1
vn 0.15023 -0.943972 -0.29385
v 60.8534 -110.175 738.1
vn -0.292849 -0.805104 -0.515797
v 61.5829 -106.742 729.4
vn -0.650492 -0.400693 -0.645218
v 61.1674 -104.227 727.3
vn -0.0871981 0.917441 0.3882
v 61.2172 -104.134 745.6
vn -0.463716 0.885954 0.00723685
v 61.5223 -104.142 745.9
vn -0.0164322 0.823652 0.566857
v 60.2535 -104.339 751.309
vn -0.32553 0.94423 0.0495916
v 62.1432 -102.663 741.7
vn -0.267071 0.957664 0.107481
v 62.2143 -100.886 735.4
vn 0.0713463 0.924811 0.373677
v 62.4951 -101.008 735.7
vn 0.226899 -0.942922 -0.24375
v 63.2657 -108.926 735.7
vn 0.312308 -0.937543 -0.153224
v 62.4294 -109.975 738.4
vn 0.107917 -0.884119 -0.454628
v 62.0745 -110.201 742.3
vn 0.00876815 -0.852187 -0.523164
v 62.3315 -110.435 742.6
vn 0.280669 -0.924388 -0.258326
v 63.3089 -110.202 742.3
vn 0.401655 0.378953 0.833707
v 62.5827 -106.368 752.263
vn -0.379487 0.924844 -0.0255591
v 64.0764 -102.226 739.3
vn -0.569369 0.797516 -0.199468
v 63.4155 -102.449 747.1
vn -0.0766611 0.964416 0.25303
v 63.6913 -101.152 736
vn -0.491812 0.862951 -0.115914
v 65.5186 -101.213 739.6
vn 0.26281 -0.911249 -0.317106
v 66.5559 -107.876 739
vn -0.75838 -0.0158486 -0.65162
v 67.1979 -101.215 719.5
vn -0.217526 0.970126 0.107418
v 66.1167 -99.8418 726.1
vn -0.315981 0.947222 -0.0541032
v 67.0141 -99.9487 727.175
vn -0.0551181 0.974079 0.219391
v 66.5993 -100.457 732.7
vn 0.298532 0.730779 0.613873
v 66.5535 -100.673 735.1
vn -0.419295 0.904189 0.0814475
v 67.2729 -100.174 745.6
vn -0.51634 0.847342 -0.124115
v 68.4997 -98.731 721.015
vn -0.426746 0.892076 -0.14862
v 67.6959 -99.4802 728.2
vn 0.637472 -0.673386 0.374408
v 67.8647 -107.49 746.839
vn -0.528646 -0.548788 -0.647584
v 70.1172 -101.222 716.675
vn 0.543335 0.071942 0.836428
v 69.2185 -102.564 747.543
vn -0.720151 0.567324 -0.399408
v 69.4695 -98.9371 717.7
vn -0.298731 0.952939 0.0516389
v 69.9197 -99.2652 724
vn -0.474804 0.860372 -0.18526
v 70.2104 -98.7879 725.2
vn -0.433305 0.889443 -0.145392
v 69.0871 -98.8534 728.2
vn 0.0415876 0.944514 0.325827
v 70.2804 -99.0112 728.2
vn -0.489044 0.869577 -0.0683552
v 69.2553 -99.505 735.557
vn -0.366164 0.923557 0.11387
v 70.6011 -98.9452 737.2
vn -0.528888 0.846813 -0.05643
v 70.1756 -99.0872 738.7
vn -0.244048 0.956493 0.159878
v 70.8457 -97.7944 719.5
vn 0.31717 -0.93907 -0.132481
v 70.1891 -105.212 727.3
vn -0.336312 0.938601 0.0769553
v 72.2457 -98.4226 726.7
vn -0.333708 0.940478 0.0643371
v 73.3901 -97.3672 722.8
vn -0.45934 0.884043 0.0864582
v 75.1039 -96.519 736.9
vn 0.443448 -0.895356 -0.0411287
v 76.9527 -102.251 720.4
vn 0.521343 -0.851614 0.0543521
v 76.5514 -103.203 734.8
vn -0.789958 0.302061 -0.533596
v 76.9342 -95.9232 709
vn -0.405358 0.907256 0.112118
v 78.4545 -95.1849 721.3
vn -0.513703 0.857808 0.0165986
v 78.7811 -95.0914 721.6
vn -0.540207 0.838615 -0.070012
v 76.7428 -96.0235 731.8
vn -0.570636 0.815491 -0.0966891
v 78.5033 -94.1099 708.7
vn -0.609479 0.777134 -0.156839
v 78.1979 -94.3517 732.7
vn 0.360878 -0.922973 -0.133747
v 80.4291 -100.325 714.4
vn -0.0183053 -0.910365 -0.413401
v 80.4727 -98.6761 707.2
vn -0.605922 -0.385804 -0.695711
v 79.9369 -96.8682 705.754
vn -0.422097 0.90103 0.0998904
v 79.9623 -93.8066 712.6
vn -0.473558 0.880502 0.0214239
v 79.9567 -93.8893 727
vn -0.49465 0.867321 0.0554559
v 80.5181 -93.3113 734.5
vn -0.526076 0.850345 0.0125364
v 82.3568 -92.1686 722.2
vn 0.273552 0.409162 0.870491
v 83.6417 -96.7356 738.4
vn -0.49568 0.865847 0.0679021
v 83.0123 -91.0812 705.7
vn -0.377086 0.919086 0.1144
v 83.7928 -91.7143 722.8
vn -0.623667 0.763099 -0.169467
v 83.7949 -91.7041 723.4
vn -0.677894 0.719627 -0.15032
v 84.0626 -91.6111 723.1
vn -0.817651 0.51109 -0.265018
v 84.0826 -91.3087 723.4
vn -0.0186999 0.751272 0.659728
v 83.6709 -92.2874 736.3
vn -0.625531 0.763386 -0.161101
v 83.7191 -90.618 702.092
vn -0.500588 0.860317 0.0962618
v 84.537 -91.0985 721.461
vn -0.790442 0.582087 -0.190724
v 84.7439 -90.8358 722.2
vn -0.726132 0.665158 -0.174061
v 84.7879 -90.5385 722.5
vn -0.663054 0.737906 -0.125912
v 84.3643 -90.4681 726.1
vn -0.525778 0.849262 0.0480891
v 84.7242 -90.2182 729.931
vn -0.384787 -0.717532 -0.580591
v 86.3954 -93.9472 698.8
vn -0.85358 0.213185 -0.475345
v 87.3028 -91.073 695.816
vn -0.671035 0.725428 -0.153186
v 86.312 -89.6356 720.1
vn -0.61491 0.780572 -0.112218
v 86.0495 -89.7547 722.8
vn -0.710888 0.657255 -0.250307
v 87.0998 -88.883 722.2
vn -0.557948 0.828795 -0.0423414
v 87.5479 -88.3648 722.2
vn -0.593071 0.804933 -0.01869
v 87.4951 -88.3536 727.3
vn 0.483095 -0.873656 -0.0578264
v 86.5006 -97.0366 711.4
vn -0.192014 -0.837982 -0.5108
v 88.0839 -94.6128 698.945
vn 0.209679 -0.954429 -0.212366
v 87.8514 -95.1768 700.3
vn 0.397165 -0.917085 -0.0348557
v 89.025 -95.4262 708.1
vn 0.267092 -0.919762 -0.287574
v 88.838 -95.3937 710.2
vn 0.307917 -0.925778 -0.219369
v 88.7922 -95.6092 710.5
vn 0.346657 -0.933989 -0.0865688
v 87.7423 -96.2198 720.7
vn 0.321136 -0.945789 -0.0485332
v 88.6762 -96.1548 721.3
vn 0.447486 -0.894282 -0.0040941
v 87.2469 -96.5818 723.4
vn 0.51716 -0.846016 0.129625
v 88.9832 -94.7105 733.3
vn 0.58377 -0.677069 0.448096
v 88.7229 -94.4922 734.8
vn -0.67079 -0.323361 -0.667441
v 88.8139 -92.621 695.62
vn -0.249652 -0.79115 -0.558351
v 88.8876 -93.7173 697.3
vn 0.565751 -0.24628 0.786938
v 88.8579 -93.8572 735.173
vn 0.362042 -0.0300198 -0.931678
v 89.9622 -90.1048 692.64
vn -0.880686 0.188086 -0.43476
v 88.411 -90.0818 694
vn -0.601233 -0.30946 -0.736718
v 89.5256 -92.1589 694.855
vn 0.417613 -0.698961 -0.580562
v 89.643 -91.8771 694.6
vn 0.862908 -0.000827958 -0.50536
v 89.8681 -91.6183 694.9
vn -0.670226 -0.379625 -0.637717
v 89.9727 -90.7204 692.8
vn 0.0701242 -0.79386 -0.604043
v 90.0869 -89.5179 691.883
vn -0.502605 0.859877 -0.0894402
v 90.4198 -87.9521 693.4
vn -0.399432 0.916024 0.0367827
v 88.6382 -87.6764 701.868
vn -0.579526 0.811624 -0.0735971
v 89.0962 -88.0805 709.3
vn -0.545268 0.838178 0.0118662
v 88.0801 -88.8589 710.5
vn -0.528677 0.846587 -0.0615709
v 89.6291 -87.3432 718.9
vn -0.574202 0.813474 -0.0924719
v 88.756 -87.7015 720.7
vn -0.431575 0.88621 0.168451
v 88.3704 -87.6195 729.4
vn -0.105063 0.799874 0.590901
v 90.6491 -88.1039 731.8
vn -0.280269 0.95586 -0.0882099
v 90.3434 -86.8121 698.2
vn -0.706199 0.617483 -0.346407
v 90.8707 -86.9242 706.6
vn -0.625391 0.750239 -0.214542
v 90.4415 -87.1396 711.7
vn -0.51646 0.85307 0.0744302
v 90.0696 -87.0606 713.2
vn -0.469152 0.881096 -0.0597172
v 90.641 -86.9113 715.6
vn -0.712357 0.567177 -0.41335
v 90.9743 -86.6395 715.9
vn -0.515146 0.8498 -0.111648
v 90.9101 -86.6259 718.3
vn 0.521133 -0.844892 -0.120737
v 89.6011 -94.6894 701.8
vn 0.162898 -0.961793 -0.220043
v 89.5348 -94.9212 704.5
vn 0.0993244 -0.946934 -0.305698
v 89.6052 -94.6702 703.9
vn -0.0674693 -0.938772 -0.33787
v 89.8655 -94.8884 704.2
vn 0.466288 -0.881547 0.0738273
v 89.3156 -95.1813 708.7
vn 0.56972 -0.810039 -0.138768
v 90.1936 -94.7876 707.8
vn 0.185798 -0.928812 -0.320605
v 89.1471 -95.3827 710.2
vn 0.528293 -0.824049 -0.204574
v 89.9866 -95.0172 709.9
vn 0.382184 -0.633724 -0.672555
v 90.4836 -94.8665 710.2
vn 0.200126 -0.979719 -0.009999
v 90.7468 -95.071 710.8
vn 0.245126 -0.940078 0.236995
v 90.7722 -94.9518 711.1
vn 0.410341 -0.911842 0.0128118
v 90.1074 -95.1932 712.9
vn 0.583826 -0.811792 -0.0118939
v 90.3191 -95.0879 712.6
vn 0.174698 -0.984079 0.0327039
v 90.1521 -94.9829 714.1
vn 0.338026 -0.927 -0.16251
v 90.4436 -95.0545 712.9
vn -0.0340936 -0.961914 -0.271219
v 90.7458 -95.0756 713.2
vn -0.130986 -0.989532 -0.0605669
v 91.3201 -95.2599 713.5
vn 0.414384 -0.906031 -0.0859882
v 90.4534 -95.0086 715
vn 0.288545 -0.956834 -0.0348027
v 90.4388 -95.0774 715.3
vn -0.0441516 -0.936972 0.346605
v 90.7828 -94.9017 714.4
vn -0.0601918 -0.987078 -0.148506
v 90.7527 -95.0435 715.3
vn -0.291745 -0.934635 0.20333
v 91.0461 -95.1058 715.6
vn 0.150967 -0.888207 -0.433933
v 91.3279 -95.2232 715.6
vn -0.246462 -0.929917 0.272966
v 91.3542 -95.0994 715.9
vn 0.557073 -0.790057 0.255888
v 89.7198 -95.5739 721.125
vn -0.313605 -0.937124 -0.153137
v 90.1939 -93.3433 694.9
vn -0.715272 -0.0186271 -0.698598
v 90.3435 -92.6395 694.054
vn -0.675199 -0.458435 -0.577879
v 90.5117 -93.291 694
vn 0.673168 -0.396805 0.624012
v 91.1271 -93.1127 694.6
vn -0.132791 -0.976404 0.1703
v 91.0821 -93.4937 694
vn 0.269263 -0.851231 0.450449
v 91.1073 -93.3749 694.3
vn -0.691031 -0.322367 -0.646959
v 91.1615 -93.12 693.205
vn -0.630258 -0.505139 -0.589585
v 91.3658 -93.6019 693.4
vn -0.0809033 -0.979747 0.183166
v 91.3609 -93.6249 693.7
vn -0.0882213 -0.553809 -0.827957
v 91.3926 -93.4758 693.258
vn -0.175365 0.70602 -0.686136
v 91.5451 -92.7583 693.4
vn -0.0218598 -0.671864 -0.740352
v 91.6641 -93.6414 693.4
vn 0.380314 -0.773646 0.506787
v 91.7066 -93.5426 693.7
vn -0.0816094 -0.448277 -0.890161
v 91.7484 -93.2448 693.109
vn 0.814764 0.57827 0.041988
v 91.8974 -93.2764 693.7
vn -0.40881 -0.709387 -0.574146
v 89.4375 -94.0163 697.3
vn -0.65923 -0.501001 -0.560726
v 89.611 -93.2002 695.2
vn -0.0927192 -0.788139 -0.608473
v 89.5821 -93.3358 696.7
vn 0.87846 0.037708 0.476326
v 89.979 -92.562 696.4
vn -0.20587 -0.943856 -0.258368
v 89.8986 -93.2901 695.2
vn -0.186937 -0.658911 -0.728622
v 89.863 -93.4574 696.815
vn 0.360785 0.535437 -0.763637
v 89.9121 -93.2263 697
vn 0.557468 0.813992 -0.163236
v 90.1021 -93.2015 697.3
vn -0.639976 -0.0357553 -0.767563
v 90.0358 -94.0873 696.7
vn 0.464541 0.86346 -0.196568
v 90.1969 -93.3295 697
vn 0.429418 -0.857907 0.282126
v 90.2734 -92.9696 695.8
vn 0.0532019 -0.916717 -0.395979
v 90.4398 -94.1934 697
vn -0.562765 -0.0038155 -0.826608
v 90.473 -93.5871 696.4
vn 0.776704 -0.108801 0.620397
v 90.67 -93.6289 697
vn 0.134418 -0.727176 -0.673161
v 90.7566 -93.9541 696.7
vn 0.657909 -0.700619 0.276204
v 90.7062 -93.9433 697
vn 0.99872 0.0469742 -0.0187521
v 89.935 -92.8593 697.6
vn -0.304974 -0.850291 -0.428948
v 89.6793 -94.3217 697.6
vn 0.962674 0.20891 -0.172089
v 90.0129 -92.8759 698.5
vn 0.383569 -0.92317 -0.0251607
v 90.0029 -94.2419 698.8
vn 0.776704 -0.108801 0.620397
v 90.1211 -94.1257 697.6
vn 0.686546 -0.651067 0.323676
v 90.0824 -93.8683 698.2
vn 0.813813 -0.29298 0.501868
v 90.1596 -93.5048 697.9
vn 0.985881 0.158517 -0.0539569
v 90.1564 -93.5198 698.266
vn 0.870811 0.387812 -0.302143
v 90.2027 -93.302 698.5
vn 0.896421 0.428659 -0.112614
v 90.2188 -93.2263 698.939
vn -0.239064 -0.923313 -0.300567
v 90.274 -94.4098 699.1
vn 0.656839 -0.600157 0.45648
v 90.4237 -94.19 699.4
vn 0.891359 -0.0745564 0.447124
v 90.5365 -93.9073 699.4
vn -0.056811 0.418915 -0.906246
v 90.4499 -93.5822 698.288
vn 0.451673 0.888035 -0.0859405
v 90.4962 -93.3644 698.8
vn 0.916836 0.262319 0.301001
v 90.4591 -93.5386 699.4
vn -0.391548 -0.687527 -0.611553
v 90.6809 -93.938 698.024
vn 0.791717 -0.0055658 0.610863
v 90.778 -93.9586 699.1
vn -0.291486 -0.922569 -0.252788
v 90.8979 -94.3603 698.2
vn 0.447178 -0.822569 0.351301
v 91.0309 -94.3191 698.5
vn 0.303845 -0.132966 -0.943397
v 91.1803 -94.0441 698.2
vn 0.791857 -0.592346 -0.148626
v 91.2289 -94.0544 698.5
vn 0.288837 0.925493 -0.245023
v 91.0368 -93.7069 698.143
vn 0.798907 0.21601 0.561327
v 91.1373 -93.7283 698.5
vn 0.438207 -0.895294 0.0801529
v 89.3225 -94.5574 700
vn 0.768553 0.328943 -0.548747
v 90.1037 -93.5086 701.8
vn 0.979374 0.201566 0.0140949
v 90.2055 -92.9168 700
vn 0.599808 -0.786076 0.149385
v 90.1213 -94.1257 700
vn 0.695466 -0.691201 -0.196388
v 90.0844 -94.1179 701.5
vn 0.761215 -0.379038 -0.526196
v 90.2602 -94.1553 701.8
vn 0.989001 0.0416287 0.141928
v 90.1376 -93.8225 701.2
vn 0.849888 0.202023 -0.4867
v 90.094 -93.8132 701.545
vn 0.805961 0.155251 -0.571247
v 90.2481 -93.846 701.8
vn 0.785345 -0.59315 0.177217
v 90.3956 -93.8376 700
vn 0.854331 -0.0450717 -0.517771
v 90.5473 -93.9096 702.1
vn 0.998654 0.0140591 -0.0499189
v 90.1752 -93.2171 702.4
vn -0.128328 -0.853598 -0.504879
v 89.9386 -94.5446 703.6
vn 0.44245 -0.894795 0.0598279
v 89.9856 -94.4036 702.7
vn 0.295346 -0.591075 -0.7506
v 90.1506 -94.4387 703.6
vn 0.982235 -0.141779 -0.122933
v 90.1165 -94.1247 703
vn 0.793796 -0.0800533 0.602892
v 90.1468 -93.8244 703
vn 0.985728 -0.129108 -0.108037
v 90.2247 -93.841 703.9
vn 0.862017 0.500904 -0.0776038
v 90.32 -93.8613 704.5
vn 0.852511 0.522688 -0.00481469
v 90.2674 -93.5434 702.4
vn 0.981092 -0.157393 -0.112635
v 90.1725 -93.5232 702.7
vn 0.295346 -0.591075 -0.7506
v 90.2548 -94.7675 703.9
vn 0.433139 -0.845829 0.311391
v 90.5612 -94.2192 702.4
vn 0.980237 0.101338 -0.169901
v 90.4925 -94.2046 704.2
vn 0.982816 -0.103711 -0.152697
v 90.5929 -93.9193 702.4
vn 0.61769 -0.785842 -0.0301888
v 90.2147 -94.6885 706.3
vn 0.907766 -0.419444 0.00521468
v 90.3888 -94.4893 706
vn 0.742692 -0.669497 -0.0135116
v 90.3934 -94.4903 706.3
vn 0.981332 -0.136527 -0.135457
v 90.442 -94.1939 706
vn 0.81091 -0.318069 -0.49118
v 90.5536 -94.2176 706.3
vn 0.968716 0.150145 -0.197601
v 90.3875 -93.8756 705.85
vn 0.994531 -0.0908877 -0.0514464
v 90.4995 -93.3487 706.9
vn 0.608897 -0.508532 -0.608802
v 90.5323 -94.6372 706.6
vn 0.708552 -0.696907 0.110795
v 90.7006 -94.5556 706.9
vn 0.914871 -0.0770776 -0.396321
v 90.6809 -93.938 706.539
vn 0.951101 0.124456 0.282695
v 90.8491 -93.9737 706.9
vn 0.931253 -0.236129 0.277509
v 90.9189 -94.2953 706.6
vn 0.480225 -0.875678 -0.0507203
v 90.4502 -94.809 708.4
vn 0.831208 -0.494319 0.254444
v 90.4576 -94.5039 707.8
vn 0.950775 -0.115053 0.287731
v 90.5842 -94.2241 707.8
vn 0.910467 0.299279 0.28545
v 90.5457 -93.9092 707.8
vn 0.98852 -0.130003 -0.0769909
v 90.5961 -93.92 709.3
vn 0.998104 0.0242387 -0.0565749
v 90.5668 -93.607 708.4
vn 0.562217 -0.742585 -0.363977
v 90.5205 -94.6929 708.1
vn 0.933416 -0.299562 -0.197477
v 90.7006 -94.5556 708.1
vn 0.923991 -0.268897 0.27191
v 90.7492 -94.2592 707.2
vn 0.862804 -0.505382 0.0125942
v 90.4668 -94.5059 709.6
vn 0.68326 -0.431243 -0.589225
v 90.531 -94.5195 709.9
vn 0.96199 -0.227872 -0.150495
v 90.6163 -94.2309 709.9
vn 0.992469 -0.0969171 -0.0749134
v 90.8135 -92.7394 710.8
vn 0.99395 -0.100966 0.043232
v 90.8428 -94.5858 711.4
vn 0.98138 0.0821842 -0.173606
v 90.6809 -93.938 709.994
vn 0.909731 0.398787 -0.115578
v 90.8063 -93.9646 710.5
vn 0.793144 0.572007 0.209119
v 90.7474 -93.9521 711.1
vn 0.630218 -0.426505 0.648782
v 91.0445 -94.6287 711.1
vn 0.761122 0.203971 -0.615702
v 90.912 -94.2938 710.165
vn 0.838019 0.496973 0.225259
v 91.1021 -94.3342 710.8
vn 0.9821 -0.164449 0.0918514
v 90.912 -94.2938 711.182
vn 0.463595 -0.454725 -0.760463
v 91.1976 -94.9679 710.5
vn 0.223402 -0.958225 0.178597
v 91.193 -94.9669 710.8
vn 0.631694 -0.11522 -0.766608
v 91.1431 -94.6496 710.316
vn 0.859683 0.344689 -0.377007
v 91.315 -94.6862 710.5
vn 0.928354 -0.37042 0.0307849
v 91.3059 -94.6842 710.8
vn 0.604294 -0.74398 -0.285172
v 90.5892 -94.8386 712.6
vn 0.99395 -0.100966 0.043232
v 90.8832 -93.6743 712.6
vn 0.987643 0.156375 -0.0103596
v 91.0161 -93.7025 714.1
vn 0.26103 -0.76535 -0.588305
v 90.7873 -94.8807 712.793
vn 0.694613 -0.719367 -0.00477335
v 90.8496 -94.5872 712.621
vn 0.879718 0.47245 0.0537368
v 91.1945 -94.0471 713.8
vn -0.0558689 -0.897373 -0.437721
v 91.1274 -94.953 712.9
vn 0.613155 0.0634496 -0.78741
v 91.191 -94.4243 712.9
vn 0.551802 -0.0413201 -0.832951
v 91.7098 -94.7701 713.2
vn 0.695079 -0.466377 0.547136
v 91.5855 -94.7437 713.8
vn 0.673833 -0.719023 0.170162
v 90.8109 -94.7693 714.7
vn 0.707951 -0.560911 0.429167
v 91.0262 -94.6248 714.4
vn 0.600384 -0.798381 0.0461113
v 91.0082 -94.621 714.7
vn 0.994693 0.0523032 0.0886003
v 91.0794 -94.3294 714.4
vn 0.951573 -0.020268 -0.306755
v 91.0977 -94.3333 714.7
vn 0.88099 0.403539 -0.247009
v 91.2276 -94.0542 715.3
vn 0.986541 0.0776441 -0.143905
v 91.0987 -93.7201 715
vn 0.994509 0.0432711 -0.0952818
v 91.2491 -92.8319 716.5
vn 0.451008 -0.40718 -0.794226
v 91.1566 -94.9592 715
vn 0.623038 -0.189879 -0.758795
v 91.1431 -94.6496 714.834
vn 0.93844 0.116294 -0.325279
v 91.2055 -94.3562 715.003
vn 0.613628 -0.541298 0.574854
v 91.4095 -94.3996 716.5
vn 0.892494 0.416673 -0.17274
v 91.4948 -94.111 715.9
vn 0.970887 0.172649 0.166046
v 91.5086 -94.1139 716.2
vn 0.834409 0.529295 0.153651
v 91.7172 -94.465 715.6
vn 0.741582 0.669804 -0.0376627
v 91.5286 -94.2787 715.6
vn 0.917697 0.369502 0.145951
v 91.6617 -94.4532 715.9
vn 0.181291 -0.983423 0.00366692
v 90.4938 -94.8183 716.955
vn 0.159504 -0.987196 -0.00174038
v 90.8111 -94.7684 717.7
vn 0.250914 -0.954947 -0.15849
v 90.8092 -94.7775 718
vn 0.997787 0.0105941 0.0656362
v 91.25 -93.7522 717.1
vn 0.992181 -0.0253604 -0.122206
v 91.3472 -93.1595 717.7
vn 0.148969 -0.966814 -0.207552
v 91.1212 -94.7528 717.1
vn 0.121395 -0.877827 0.463339
v 91.3013 -94.6833 718
vn 0.738765 0.500395 -0.451477
v 91.4791 -94.4143 716.8
vn 0.700112 0.623914 -0.347239
v 91.4913 -94.1102 717.1
vn 0.990105 -0.00894532 -0.140042
v 91.3417 -93.7717 717.7
vn 0.902823 0.333143 -0.271894
v 91.455 -93.1824 718.532
vn 0.282792 -0.689024 -0.667289
v 91.3853 -94.9532 717.1
vn -0.487454 -0.862387 -0.136669
v 91.3776 -94.9894 717.4
vn 0.236487 -0.589892 -0.772076
v 91.4365 -94.712 716.873
vn 0.547965 -0.815282 0.187218
v 91.7259 -94.4668 717.7
vn 0.553054 -0.822854 0.130548
v 91.648 -94.4502 718
vn 0.781684 0.29265 -0.550751
v 91.7286 -94.1607 718
vn 0.768308 0.550118 -0.327221
v 91.7138 -93.5441 718.6
vn 0.784075 0.617779 -0.0597933
v 91.705 -93.4488 718.9
vn 0.586598 -0.761025 0.277027
v 91.165 -94.5465 720.7
vn 0.795982 -0.501792 0.338552
v 91.402 -94.3979 720.4
vn 0.609375 -0.791125 0.0527569
v 91.2916 -94.3745 721.3
vn 0.702254 0.577907 0.415768
v 91.5599 -93.5114 719.5
vn 0.99274 0.0807712 -0.0891304
v 91.5288 -92.8914 719.2
vn 0.996213 0.0173086 -0.085206
v 91.7122 -92.9304 720.7
vn 0.827505 -0.503773 0.24789
v 91.627 -94.4458 719.8
vn 0.926435 0.178196 -0.331608
v 91.6791 -94.1502 719.8
vn 0.936833 -0.315499 0.151011
v 91.6644 -94.147 720.1
vn 0.647898 -0.660644 0.37918
v 91.6599 -94.1461 721
vn 0.809151 -0.561897 0.171889
v 91.5682 -94.1266 721.3
vn 0.950779 -0.30585 0.0497531
v 91.7568 -93.86 720.1
vn 0.760447 -0.399637 0.51187
v 91.8093 -93.8711 721
vn 0.9357 -0.351452 -0.0307847
v 91.6947 -93.8468 721.3
vn 0.911915 0.253556 -0.322677
v 91.686 -93.5382 720.148
vn 0.965015 0.261095 -0.0240084
v 91.7409 -93.2803 720.7
vn 0.959669 0.131956 0.248239
v 91.7296 -93.5475 721
vn 0.973885 -0.103882 -0.201881
v 91.7479 -93.5514 721.3
vn 0.611699 -0.790989 0.0126529
v 91.2123 -94.3576 723.1
vn 0.581135 -0.810482 0.0734889
v 91.5286 -94.2787 722.2
vn 0.736596 -0.648301 -0.192694
v 91.5773 -94.1285 721.6
vn 0.805209 -0.38525 -0.450801
v 91.7589 -93.8604 721.6
vn 0.789229 -0.528958 0.311964
v 91.8002 -93.8692 722.5
vn 0.649036 -0.758273 -0.0614397
v 91.7864 -93.8663 723.1
vn 0.828647 -0.0814715 -0.55381
v 91.8635 -93.576 721.6
vn 0.780478 -0.230883 0.580988
v 91.9176 -93.5874 722.5
vn 0.924322 0.126962 -0.359874
v 91.8149 -93.2589 721.6
vn 0.837346 0.24185 0.490265
v 91.8882 -93.2745 722.5
vn 0.936812 -0.290772 0.194513
v 91.9203 -93.2813 722.8
vn 0.95963 0.247009 -0.134524
v 91.8314 -92.9557 721.9
vn 0.980423 0.196673 0.00953906
v 91.8543 -92.9606 722.2
vn 0.974099 0.161736 -0.158029
v 91.8956 -92.9694 722.8
vn 0.494695 -0.868972 -0.0128316
v 91.423 -94.4024 724.3
vn 0.566045 -0.771714 0.289915
v 91.519 -94.324 724.6
vn 0.159098 -0.917243 -0.365175
v 91.513 -94.3521 726.1
vn 0.690473 -0.381113 0.614817
v 91.8965 -93.8897 724.6
vn 0.764193 -0.629523 0.14039
v 91.7635 -93.8614 724.9
vn 0.303495 -0.834604 -0.459703
v 91.864 -93.8828 725.2
vn 0.90775 -0.417925 -0.0364569
v 91.9543 -93.5952 724.9
vn 0.748369 0.389063 -0.53719
v 92.0423 -93.0005 724.9
vn 0.600271 -0.775139 0.197064
v 90.9675 -94.6123 726.7
vn 0.62589 -0.778 0.0545645
v 91.7131 -93.8507 727.3
vn 0.119557 -0.973119 -0.19684
v 91.3638 -93.6111 731.5
vn -0.324896 0.216179 -0.920711
v 90.1933 -90.4606 692.741
vn -0.635337 -0.489586 -0.597204
v 90.362 -91.1099 692.592
vn -0.191955 0.241053 -0.95134
v 90.4867 -90.523 692.666
vn 0.417613 -0.698961 -0.580562
v 89.8678 -91.992 694.9
vn 0.904652 -0.423666 0.0459594
v 90.0956 -91.3599 694.6
vn 0.362042 -0.0300198 -0.931678
v 90.3664 -90.1907 692.8
vn 0.884436 0.409871 -0.223112
v 90.4504 -90.2085 693.1
vn 0.970077 -0.242785 0.00260702
v 90.3863 -90.1949 693.7
vn 0.0647833 0.135122 -0.988709
v 90.1461 -92.1255 694.9
vn -0.528834 -0.698942 -0.481471
v 90.2996 -91.4033 693.004
vn 0.867291 0.391531 0.307426
v 90.631 -90.5536 693.4
vn 0.214834 -0.90216 -0.374104
v 90.6641 -91.4808 693.4
vn 0.662572 -0.248575 -0.706547
v 90.864 -91.2166 693.1
vn 0.931583 0.168715 0.322006
v 90.887 -91.2215 693.4
vn 0.553696 -0.113703 -0.82492
v 90.7791 -90.5902 692.8
vn 0.413158 0.861748 -0.294434
v 90.0004 -91.9531 695.2
vn 0.853495 0.251779 0.456238
v 89.9571 -91.9439 696.1
vn 0.844768 0.0566842 0.532122
v 90.2247 -92.3075 695.8
vn 0.991669 -0.123245 -0.0374683
v 90.2606 -91.395 699.4
vn 0.96049 -0.269157 -0.0708086
v 90.6816 -90.5644 703
vn 0.924401 -0.37736 -0.0555243
v 91.2015 -90.9816 710.8
vn 0.99675 0.0117487 -0.079694
v 91.8617 -92.6555 722.5
vn 0.977445 0.182902 -0.105589
v 91.9121 -92.6662 723.1
vn 0.973446 -0.215911 -0.0760598
v 92.2891 -90.5994 726.1
vn 0.982152 0.187222 0.0180623
v 91.9488 -92.674 724
vn 0.616276 0.596341 -0.514375
v 92.0267 -92.6905 725.2
vn 0.98227 0.171072 -0.0766771
v 92.0772 -92.7013 726.4
vn 0.982857 0.0678807 -0.171418
v 92.0524 -92.3893 726.4
vn 0.753829 0.58378 -0.301568
v 92.2077 -92.4223 727
vn 0.733506 0.618254 0.282367
v 92.1212 -92.4039 727.3
vn 0.55143 -0.372804 0.746285
v 91.8732 -92.6579 733.523
vn 0.536349 -0.128558 0.834148
v 91.3486 -92.2397 733.855
vn 0.499693 -0.0141465 0.866087
v 91.7934 -92.3342 733.6
vn -0.875143 0.123916 -0.467729
v 90.8165 -87.8328 690.1
vn 0.604305 -0.742887 -0.287982
v 90.7247 -89.3468 692.2
vn -0.495104 0.861573 -0.11209
v 90.7766 -87.7164 691.3
vn 0.759342 -0.650375 -0.0202941
v 90.9934 -89.0972 692.5
vn 0.666232 -0.743229 -0.0612025
v 91.9215 -88.0676 690.4
vn 0.659641 -0.750414 0.0418534
v 92.0224 -88.0891 692.5
vn 0.850306 -0.359362 -0.384497
v 90.4854 -89.9093 692.8
vn 0.745011 -0.666713 0.0212823
v 91.5841 -88.3026 694
vn 0.800017 -0.599266 -0.0292097
v 90.8852 -89.3809 697.3
vn 0.782162 -0.62295 -0.0124483
v 91.4942 -88.5902 700.3
vn 0.840717 -0.525215 -0.131698
v 91.1392 -89.7416 706
vn 0.804794 -0.582982 -0.111532
v 91.4474 -89.1937 704.8
vn 0.803954 -0.580401 -0.12959
v 92.1068 -88.4137 706
vn 0.821077 -0.553136 -0.140972
v 91.9545 -88.9948 709
vn 0.307141 0.305199 0.901398
v 91.1984 -90.0608 733.809
vn -0.627275 0.772882 -0.0958093
v 92.1923 -86.8278 689.2
vn 0.684563 -0.728746 0.0173966
v 92.4727 -87.5714 689.5
vn -0.281478 -0.637302 -0.717368
v 92.409 -87.2511 688.958
vn -0.0577487 0.931043 0.36031
v 92.4806 -86.9141 689.5
vn -0.571854 -0.0691678 -0.817434
v 92.7729 -87.0218 690.1
vn -0.57696 0.289577 -0.763716
v 92.8272 -86.7266 690.145
vn -0.289223 -0.505943 -0.812633
v 93.0582 -87.0824 690.018
vn -0.429441 0.163252 -0.888217
v 93.1206 -86.789 689.952
vn -0.442786 0.399931 -0.802493
v 93.203 -86.4016 690.1
vn -0.764365 0.0871355 -0.638869
v 91.4979 -87.2084 691.6
vn -0.205548 0.939766 0.273111
v 91.7807 -87.3213 692.5
vn -0.0338849 0.953155 -0.30058
v 92.0897 -87.3103 692.5
vn 0.785826 -0.610979 0.0958266
v 92.5355 -87.278 690.4
vn -0.585059 -0.440927 -0.680654
v 92.4713 -86.9577 692.469
vn -0.668598 -0.258204 -0.697358
v 92.5337 -86.6642 692.226
vn -0.724961 -0.064987 -0.685717
v 92.5961 -86.3708 692.132
vn -0.680785 0.582266 -0.444408
v 92.6755 -85.9971 692.5
vn -0.129739 -0.736898 -0.663437
v 92.6483 -87.568 690.7
vn 0.15003 -0.480841 -0.863877
v 92.8895 -86.4332 692.099
vn -0.0714782 0.630203 -0.773133
v 92.9519 -86.1397 692.287
vn 0.345823 -0.68929 -0.63662
v 93.1036 -86.8692 692.5
vn -0.141188 0.962726 0.230704
v 93.1932 -86.4977 690.7
vn 0.552948 -0.577712 -0.600414
v 93.4375 -86.5496 692.5
vn 0.565645 0.297352 -0.769173
v 93.3215 -86.2183 692.5
vn -0.570355 0.807302 -0.151522
v 91.4576 -87.0489 693.4
vn -0.136881 0.956681 0.256953
v 92.2807 -86.4116 693.7
vn -0.726589 0.523628 -0.44484
v 92.3322 -86.1696 692.8
vn 0.637911 -0.769056 -0.0402809
v 92.3672 -87.549 693.1
vn 0.12082 0.970946 0.206558
v 92.757 -86.7117 694.3
vn 0.682698 -0.729333 -0.0446837
v 92.8129 -87.0303 694.3
vn 0.157943 0.925252 0.344909
v 92.8733 -86.7364 694.3
vn -0.123255 0.445166 -0.886925
v 93.0797 -86.4736 694.6
vn -0.287877 0.715543 -0.636494
v 92.8895 -86.4332 694.682
vn 0.761028 -0.640525 -0.102783
v 93.3384 -86.8353 692.8
vn 0.825583 -0.536056 0.176228
v 93.288 -86.8246 693.1
vn 0.676219 0.0623135 -0.73406
v 93.2054 -86.807 694.6
vn 0.933228 -0.327102 0.148626
v 93.4558 -86.5535 692.8
vn 0.180735 0.959348 0.216761
v 93.2536 -86.1631 692.8
vn -0.431434 0.578941 -0.691876
v 93.3389 -85.7619 694.9
vn -0.163115 0.986351 0.0224722
v 91.591 -86.7706 695.293
vn -0.600716 0.694309 -0.396329
v 91.591 -86.7706 695.826
vn -0.622137 0.706528 -0.337289
v 91.6627 -86.4336 696.4
vn 0.225209 0.924928 0.30625
v 92.8735 -86.5088 696.4
vn -0.0888915 0.974126 -0.207788
v 92.8666 -86.5409 696.7
vn -0.234539 0.765675 -0.598943
v 92.892 -86.4217 697
vn 0.727432 -0.67638 0.115553
v 93.1476 -87.1014 696.4
vn 0.751628 -0.655876 -0.0698685
v 93.0757 -87.0005 697
vn 0.44662 0.745772 0.494323
v 93.1546 -86.6292 696.4
vn 0.459611 0.868233 0.186894
v 93.1368 -86.7128 696.7
vn 0.680657 -0.697385 -0.224411
v 93.2329 -86.8129 697
vn 0.354824 0.722612 0.593238
v 93.2049 -86.3924 696.1
vn 0.351702 0.552804 -0.755456
v 93.183 -86.4956 696.88
vn -0.199334 0.629378 -0.751099
v 93.2468 -86.1954 697
vn 0.110772 0.733841 0.670229
v 93.3077 -85.9087 695.553
vn -0.316337 0.911811 -0.261785
v 92.2729 -86.4483 699.7
vn -0.713519 0.544243 -0.441237
v 92.7633 -86.0996 697.9
vn 0.698407 -0.71563 0.0100259
v 92.6583 -87.5208 698.2
vn 0.116695 0.969737 0.214457
v 92.8848 -86.4556 699.4
vn 0.751816 -0.657156 -0.0540303
v 93.0404 -86.7719 699.7
vn 0.893996 -0.117948 -0.432272
v 93.0797 -86.4736 699.7
vn -0.196028 0.860922 -0.469454
v 92.9175 -86.3015 699.7
vn -0.279932 0.948126 0.150651
v 92.9519 -86.1397 698.342
vn 0.75467 -0.615421 0.227445
v 93.3201 -86.8314 698.2
vn 0.769554 -0.620175 0.152212
v 93.2009 -86.8061 698.8
vn 0.198957 0.906065 0.373447
v 93.2251 -86.2975 698.5
vn 0.929281 0.182815 0.32096
v 93.1883 -86.4703 698.8
vn 0 0 -1
v 93.3282 -85.8125 699.7
vn -0.466105 0.880822 -0.083061
v 91.3453 -86.4836 701.5
vn -0.484674 0.750611 -0.449081
v 92.6357 -86.1843 700
vn -0.324498 0.943916 0.0610291
v 93.0752 -85.5597 700.9
vn 0.94228 -0.124318 -0.310892
v 93.2329 -86.8129 700.3
vn -0.203518 0.932282 0.299049
v 91.9327 -86.606 704.2
vn -0.261941 0.9645 -0.0335604
v 91.9707 -86.4272 703
vn -0.247336 0.934068 -0.25757
v 91.9844 -86.363 703.3
vn 0.748571 0.349433 0.563504
v 92.5586 -86.5473 702.7
vn -0.0190733 0.917939 0.396262
v 92.5488 -86.5932 704.2
vn -0.0393056 0.881027 0.471431
v 92.5961 -86.3708 703.815
vn -0.141992 0.911074 0.387017
v 92.7491 -86.0966 703.3
vn 0.797495 -0.603177 -0.0133942
v 92.7808 -87.0235 702.7
vn 0.818769 -0.571867 -0.0508555
v 92.8909 -87.0469 703.9
vn 0.609742 0.552774 0.568028
v 92.7973 -86.8672 704.2
vn 0.647679 -0.298771 -0.700891
v 93.022 -86.768 703
vn 0.49951 0.502615 0.705598
v 92.8504 -86.6175 703.9
vn 0.783108 0.0510747 -0.619785
v 93.0283 -86.7694 704.5
vn -0.195624 0.803145 -0.562751
v 92.8895 -86.4332 702.885
vn 0.288808 0.261825 -0.920889
v 92.8895 -86.4332 704.352
vn -0.673266 0.209419 -0.709123
v 93.0143 -85.8463 704.343
vn 0.640759 -0.513358 -0.570869
v 93.4604 -86.5545 703.3
vn 0.803008 -0.333156 0.494152
v 93.2953 -86.5194 703.6
vn -0.201839 0.793755 -0.573772
v 93.2454 -86.2021 702.955
vn 0.354397 0.550691 0.755739
v 93.2741 -86.0668 703.3
vn -0.385938 0.92231 0.0198971
v 90.912 -87.0791 705.7
vn -0.447515 0.894157 0.0146515
v 90.9963 -86.6825 706.9
vn -0.724942 0.400351 -0.560516
v 92.4196 -86.3333 704.8
vn -0.0850402 0.980179 0.178933
v 92.657 -86.0842 706.3
vn -0.0816492 0.996654 -0.00386863
v 92.6619 -86.0613 706.6
vn 0.404013 0.743544 0.532838
v 92.9553 -86.1237 706.3
vn 0.86272 0.503347 0.0485326
v 93.0305 -86.1564 706.6
vn -0.186832 0.946306 -0.263814
v 92.9875 -85.9724 706.9
vn 0.902396 0.113492 0.415694
v 93.2541 -86.5107 706.3
vn 0.941958 -0.198485 0.270774
v 93.183 -86.4956 706.558
vn -0.0783837 0.933993 -0.348586
v 93.3077 -85.9087 706.865
vn -0.54227 0.820187 -0.182308
v 92.7126 -85.8229 708.7
vn 0.15311 0.883322 0.443057
v 92.6585 -86.0774 709.244
vn 0.942719 -0.316578 0.105163
v 92.7616 -87.6328 709
vn 0.952763 0.303239 0.0169876
v 92.967 -86.7564 709.3
vn 0.88022 0.467961 0.0788949
v 92.8972 -86.3973 709.3
vn -0.379485 0.917385 0.119985
v 92.9865 -85.977 707.8
vn 0.807073 0.537045 -0.245391
v 93.2454 -86.2021 708.159
vn 0.543242 0.699502 0.464311
v 93.2852 -86.0146 708.7
vn -0.178751 0.97446 -0.135924
v 93.3258 -85.8238 707.2
vn -0.760159 0.518796 -0.391164
v 91.2079 -86.3824 711.4
vn -0.326405 0.942503 0.0717482
v 91.6704 -86.3969 709.9
vn -0.278762 0.960289 -0.0117174
v 91.999 -86.2942 710.5
vn -0.675754 0.481996 -0.557707
v 92.0716 -85.9526 710.751
vn 0.0219626 0.834132 0.551127
v 92.4274 -85.7215 711.897
vn -0.183891 0.982946 -0.00066613
v 92.6288 -86.2172 710.5
vn -0.0410763 0.689888 -0.72275
v 92.6585 -86.0774 710.669
vn 0.943126 -0.332292 0.0097264
v 92.9854 -86.7603 710.2
vn 0.914971 0.402549 -0.0279619
v 92.873 -86.5112 710.2
vn 0.917936 -0.392419 -0.0583125
v 93.0312 -86.77 711.1
vn 0.481608 0.754325 -0.446148
v 92.8988 -86.3896 710.5
vn 0.494673 0.663316 -0.561526
v 92.9401 -86.1954 710.8
vn 0.533149 0.58309 0.612991
v 93.0143 -85.8463 711.769
vn 0.883334 -0.458994 -0.0951067
v 93.2194 -86.3244 711.1
vn 0.936222 -0.3451 0.0662863
v 93.183 -86.4956 711.617
vn 0.876426 0.083943 0.474164
v 93.2454 -86.2021 711.671
vn -0.22802 0.857511 0.461174
v 91.3819 -86.3116 712.6
vn 0.392245 0.785779 0.47822
v 92.3626 -86.0265 712.6
vn -0.231561 0.971631 0.0480819
v 92.6395 -86.1668 713.2
vn 0.961746 -0.273891 0.00537019
v 93.0541 -86.7749 712
vn 0.97175 -0.139046 0.190705
v 93.1165 -86.4814 712
vn 0.769315 0.418134 0.483031
v 92.9366 -86.2119 712.3
vn 0.103136 0.994626 -0.00902206
v 92.9456 -86.1695 713.2
vn -0.144395 0.982439 -0.11817
v 92.9719 -86.0457 713.8
vn 0.965293 -0.2513 -0.0711117
v 93.1858 -86.4825 713.5
vn 0.63436 0.624091 -0.456178
v 93.3669 -86.2279 714.1
vn -0.714103 0.637084 -0.290139
v 91.0665 -86.3524 716.113
vn -0.408412 0.906062 -0.110683
v 92.1373 -86.2733 714.7
vn 0.0273713 0.869719 0.492788
v 92.7662 -85.5707 715.6
vn 0.216991 0.89092 0.398968
v 93.0167 -85.8348 715.9
vn 0.913546 -0.404232 -0.0450591
v 93.2238 -86.8109 715
vn 0.891291 -0.451848 0.0378571
v 93.4815 -86.2523 715.6
vn 0.582539 0.665991 0.465943
v 93.3267 -85.8193 715.6
vn 0.114055 0.979049 0.168686
v 93.316 -85.8697 715.9
vn -0.23375 0.967275 0.0986902
v 92.6608 -85.7712 717.4
vn 0.91342 -0.401552 -0.0664888
v 92.9477 -87.3657 718.6
vn 0.246445 0.939426 0.238208
v 93.0236 -85.8027 717.4
vn 0.91369 -0.406103 0.0158342
v 93.4356 -86.2426 717.4
vn 0.4185 0.907949 -0.0220731
v 93.3029 -85.9315 717.4
vn 0.917066 -0.386175 -0.0992934
v 93.4219 -86.2396 718.6
vn 0.256581 0.966229 0.0238231
v 93.3243 -85.9122 718.6
vn -0.29577 0.95412 -0.0466363
v 92.0974 -85.8311 721.3
vn -0.350648 0.614457 -0.706745
v 93.0547 -85.656 721
vn -0.165561 0.981301 -0.0981695
v 93.3609 -85.6588 720.7
vn -0.42074 0.907168 0.004993
v 92.3712 -85.7096 721.6
vn -0.114816 0.920947 0.372388
v 92.2622 -86.4987 729.7
vn 0.0106558 0.811775 0.583873
v 93.1589 -86.6087 730
vn 0.0303673 0.880358 0.473336
v 92.6375 -87.6192 731.5
vn 0.0898384 0.707194 0.701288
v 92.8711 -87.9628 731.877
vn -0.393185 0.892623 -0.220523
v 93.0767 -85.5528 700.553
vn -0.629416 0.756194 -0.178902
v 93.0767 -85.5528 704.356
vn 0.343083 -0.289912 -0.893446
v 93.3701 -85.6152 704.132
vn -0.457126 0.887952 0.0507617
v 93.4398 -85.2874 704.5
vn 0.0852726 0.924287 0.37205
v 93.4252 -85.3562 704.8
vn -0.463187 -0.192052 -0.865202
v 92.2432 -85.3757 710.5
vn -0.615271 0.641686 -0.457909
v 92.2616 -85.0729 710.8
vn -0.370876 -0.304476 -0.877351
v 92.7832 -85.4905 710.259
vn -0.382852 0.763303 -0.520377
v 92.8456 -85.197 710.188
vn -0.254322 0.871352 -0.419602
v 92.9124 -84.883 710.8
vn 0.663529 0.310326 0.680755
v 93.3171 -85.604 711.4
vn 0.474789 -0.362657 -0.801907
v 93.5604 -85.6557 710.8
vn 0.904449 -0.425164 0.0347621
v 93.5971 -85.6635 711.1
vn 0.573913 0.794645 -0.197894
v 93.5564 -85.3481 710.8
vn 0.553959 0.538518 0.634923
v 93.4408 -85.2828 711.1
vn -0.438591 -0.231574 -0.868338
v 93.0837 -85.5543 714.1
vn -0.185625 -0.268297 -0.945283
v 93.139 -85.2594 713.952
vn -0.65489 0.3915 -0.64641
v 93.2194 -84.8811 714.1
vn -0.101831 0.380421 -0.91919
v 93.4949 -85.0283 714.009
vn -0.681798 0.107764 -0.723559
v 92.6389 -85.4598 714.4
vn -0.716868 0.537773 -0.443734
v 92.747 -85.1761 714.4
vn 0.292608 0.889746 -0.350332
v 93.0604 -85.5494 716.5
vn -0.050401 0.878899 0.474338
v 93.236 -84.8032 714.4
vn 0.22948 0.910836 -0.343098
v 93.5334 -84.8472 714.4
vn 0.457973 0.72619 0.512746
v 93.5041 -84.9848 714.7
vn 0.863526 0.503731 -0.0240561
v 93.3701 -85.6152 716.854
vn -0.350648 0.614457 -0.706745
v 93.1382 -85.2633 721.3
vn 0.6535 0.752669 -0.0801693
v 93.3833 -85.5533 720.1
vn -0.261853 0.952214 0.157233
v 93.3388 -85.3019 723.4
vn -0.554489 0.724491 -0.409458
v 93.4937 -85.0338 723.7
vn -0.250359 0.968058 0.0135748
v 93.663 -85.0641 722.5
vn 0.515319 -0.174639 -0.839016
v 91.8515 -94.8002 715.3
vn 0.662678 -0.691401 0.287788
v 91.8331 -94.7963 715.6
vn 0.506252 0.359303 -0.783971
v 91.7924 -94.4809 715.288
vn 0.235664 -0.674824 -0.699339
v 91.6982 -94.924 717.1
vn 0.0885882 -0.988721 -0.120761
v 91.69 -94.9626 717.4
vn 0.462506 -0.36864 -0.806345
v 91.73 -94.7744 716.97
vn 0.636889 -0.410253 -0.652736
v 91.8469 -94.7992 717.1
vn 0.672061 -0.738759 -0.0506902
v 91.8652 -94.8031 717.4
vn 0.194547 -0.890099 -0.41216
v 91.7353 -94.7492 718.6
vn 0.616001 0.662005 -0.426957
v 91.9184 -94.5077 717.1
vn 0.665671 0.710407 -0.228481
v 91.8251 -94.3266 717.4
vn 0.638627 -0.750764 0.168848
v 92.0326 -94.7937 718.9
vn 0.295433 -0.847179 -0.441596
v 92.2348 -94.575 718.6
vn 0.831447 0.523743 -0.185445
v 92.4714 -94.3186 718.9
vn 0.343731 -0.909057 -0.23551
v 91.9212 -94.2016 720.4
vn 0.376983 -0.922417 -0.0838466
v 91.9396 -94.2055 720.7
vn 0.72928 0.56465 0.38642
v 91.9449 -93.7634 719.2
vn 0.872991 0.23763 -0.425933
v 92.0982 -93.9325 720.7
vn 0.646363 -0.730729 0.219659
v 92.189 -94.5652 719.2
vn 0.728633 -0.222294 0.647826
v 92.2926 -94.2806 719.2
vn 0.667872 -0.673968 -0.315775
v 91.8882 -94.0301 721.9
vn 0.782336 -0.618602 -0.0726804
v 92.0432 -93.9208 722.2
vn 0.893133 -0.124519 -0.432214
v 92.1664 -93.6403 721.9
vn 0.914131 0.224444 0.337622
v 92.1698 -93.641 722.2
vn 0.62622 -0.294311 -0.721963
v 92.2152 -93.344 723.1
vn 0.853873 0.447102 -0.266458
v 92.1042 -93.0137 723.344
vn 0.892999 0.450002 -0.00712779
v 92.1094 -92.9893 723.7
vn 0.728117 0.635964 0.255726
v 92.1042 -93.0137 723.97
vn 0.116267 -0.915148 -0.385986
v 92.2105 -93.9564 723.48
vn 0.555651 0.808342 0.194514
v 92.3855 -93.1334 723.7
vn 0.096862 -0.91047 -0.402073
v 92.5154 -94.0212 723.7
vn 0.670821 -0.302517 -0.677113
v 92.7679 -93.4615 723.7
vn 0.91712 -0.347102 0.195987
v 91.9795 -93.6006 724.588
vn 0.986176 0.14539 0.0794892
v 92.0418 -93.3072 724.536
vn 0.989015 -0.147813 0
v 92.0418 -93.3072 724.677
vn 0.748369 0.389063 -0.53719
v 92.2216 -93.3454 724.9
vn 0.97766 0.195032 0.0783822
v 92.1893 -93.0318 726.1
vn 0.63915 0.00178173 0.76908
v 92.3759 -93.6849 724.3
vn 0.26695 -0.554099 -0.788487
v 92.2729 -93.663 725.005
vn 0.690955 0.436868 0.575958
v 92.3353 -93.3695 724.228
vn 0.155589 -0.839123 -0.521214
v 92.5016 -94.0303 725.5
vn 0.590561 -0.553173 0.587569
v 92.6925 -93.7521 724
vn 0.488178 -0.202821 -0.84885
v 92.6287 -93.4319 725.062
vn 0.60284 0.75922 0.245292
v 92.6858 -93.1637 725.5
vn 0.593169 -0.337045 0.73113
v 92.8569 -93.8013 725.8
vn 0.458893 -0.879305 0.127437
v 92.9355 -93.8038 725.5
vn 0.702008 -0.219396 -0.677533
v 93.0253 -93.5162 725.5
vn 0.525687 0.382456 0.759856
v 92.9222 -93.4943 725.826
vn 0.6313 -0.755599 0.174727
v 92.2043 -93.6484 726.4
vn 0.961605 0.096869 0.256772
v 92.1838 -93.3373 726.4
vn 0.727349 -0.676824 0.113458
v 92.2734 -93.3564 727.3
vn 0.712345 -0.701043 0.033222
v 92.2826 -93.3583 727.6
vn 0.615048 -0.77507 -0.144852
v 92.3672 -93.2195 726.7
vn 0.683541 -0.722259 0.105418
v 92.6017 -93.1195 727
vn 0.785326 -0.594267 0.173525
v 92.4733 -93.0922 727.3
vn 0.350345 -0.933487 -0.0765463
v 92.0228 -93.3966 729.4
vn 0.518911 -0.853282 -0.0513851
v 92.1167 -93.3231 729.1
vn 0.747446 -0.657041 0.0980882
v 92.377 -93.0717 728.8
vn 0.228709 -0.928282 -0.293233
v 92.3353 -93.3695 729.464
vn 0.698537 -0.549439 0.458436
v 92.4962 -93.097 730
vn 0.270975 -0.944271 -0.18688
v 92.3977 -93.0761 730.425
vn 0.242089 -0.890923 -0.384252
v 92.6911 -93.1385 729.153
vn 0.13181 -0.55081 -0.824157
v 92.9846 -93.2008 730.551
vn 0.232031 -0.790373 -0.566986
v 93.2366 -93.4581 730.9
vn 0.473682 -0.828869 0.29766
v 92.024 -93.3913 732.4
vn 0.436013 -0.812193 -0.387602
v 93.5484 -93.4338 731.2
vn 0.767332 0.501205 -0.399994
v 92.1993 -92.5664 726.7
vn 0.866378 0.368671 0.336855
v 92.4362 -92.7776 727.3
vn 0.836331 0.0602786 0.544901
v 92.2377 -92.7354 727.6
vn 0.688718 -0.206918 -0.694876
v 92.4961 -92.7903 726.7
vn 0.985484 0.0490221 -0.162535
v 92.3867 -92.767 728.8
vn 0.932964 0.136527 -0.333074
v 92.511 -92.4868 730.3
vn 0.985851 -0.10738 -0.128718
v 92.3487 -92.1456 729.1
vn 0.989359 -0.0961097 -0.109236
v 92.4449 -92.166 729.7
vn 0.965734 -0.0771886 -0.247791
v 92.5899 -91.8901 730.6
vn 0.99176 -0.0460544 0.119548
v 92.5212 -92.7956 730
vn 0.747873 0.565431 -0.347813
v 92.8029 -92.5488 729.4
vn 0.621499 0.480843 -0.618489
v 92.8499 -92.2521 730.9
vn 0.614182 -0.387456 -0.687501
v 92.8097 -92.857 729.1
vn 0.644423 -0.713657 0.274614
v 93.0171 -92.9011 729.4
vn 0.797624 0.179467 0.575836
v 92.8316 -92.8616 729.7
vn 0.143687 -0.222749 -0.964229
v 92.7535 -92.845 730.448
vn 0.419397 0.505853 -0.753803
v 92.8159 -92.5516 730.579
vn 0.203475 -0.282669 -0.937388
v 93.0469 -92.9074 730.476
vn 0.299662 0.688125 -0.660822
v 93.1566 -92.3916 730.9
vn 0.369824 0.465792 -0.803908
v 93.7201 -92.6264 730.9
vn 0.396051 -0.607475 -0.688562
v 93.929 -93.0864 730.9
vn 0.491061 -0.21333 0.8446
v 92.229 -92.4268 733.344
vn 0.537763 -0.0294249 0.842582
v 92.3537 -91.8399 733.232
vn 0.653342 -0.0509638 0.755345
v 92.6843 -91.6035 733
vn 0.631318 -0.179044 0.754573
v 92.5408 -90.9596 733.405
vn 0.445107 -0.68955 0.571314
v 92.4912 -92.6359 733
vn 0.32261 -0.812382 0.485755
v 92.7407 -92.5356 733
vn 0.696106 0.689188 0.201137
v 92.7508 -92.231 731.5
vn 0.34722 0.0101837 0.937728
v 92.5848 -92.1958 733.171
vn 0.966146 -0.191494 -0.17289
v 92.9008 -91.0361 731.5
vn 0.976027 -0.0187164 -0.216844
v 92.9971 -91.0566 731.8
vn 0.999808 0.0156987 0.0117574
v 93.0337 -91.0644 732.1
vn 0.935097 -0.21319 0.283096
v 93.0503 -90.7612 732.7
vn 0.567026 -0.528067 0.63216
v 92.7535 -92.845 732.202
vn 0.394133 -0.839502 0.374026
v 92.7939 -92.6547 732.7
vn 0.890206 0.0646764 -0.450945
v 92.9278 -92.5754 731.8
vn 0.558749 -0.815461 -0.151072
v 93.0398 -92.5992 732.4
vn 0.805324 -0.0851429 -0.586688
v 93.0595 -92.2967 732.1
vn 0.758513 -0.0617828 -0.648723
v 93.1224 -92.0033 732.1
vn 0.347922 0.388877 0.853068
v 92.9406 -91.9647 733.04
vn 0.367626 0.739035 0.564516
v 93.058 -91.4122 732.4
vn 0.391674 0.655077 0.646115
v 93.003 -91.6712 732.775
vn 0.963619 0.210758 -0.164375
v 93.1273 -91.391 732.1
vn 0.559965 -0.437156 0.7038
v 93.0469 -92.9074 731.887
vn 0.595832 0.696854 0.399222
v 93.1186 -92.5704 731.5
vn 0.426867 -0.780738 -0.456326
v 93.4437 -92.3783 732.4
vn 0.30595 -0.848814 0.431172
v 93.2514 -92.3374 733
vn 0.788598 0.524086 -0.321631
v 93.2964 -91.7336 732.322
vn 0.668731 0.737937 -0.0908134
v 93.3047 -91.6946 732.7
vn 0.370548 -0.922601 0.107242
v 93.5545 -92.4019 732.7
vn 0.475342 -0.264073 -0.839235
v 93.5961 -92.104 732.4
vn 0.505577 0.266295 0.820657
v 93.5757 -91.8627 732.7
vn 0.700879 -0.710167 0.066567
v 93.8984 -93.0884 731.2
vn 0.865213 -0.111669 0.488812
v 93.1704 -90.1733 733
vn 0.543531 0.0754316 0.835993
v 93.0214 -90.1416 733.155
vn 0.668586 0.312483 0.674794
v 93.0838 -89.8482 733.04
vn 0.830294 0.285545 0.478618
v 93.4098 -89.6108 732.1
vn 0.636992 -0.354922 -0.684304
v 93.4484 -86.8587 690.1
vn 0.384432 -0.128346 -0.914188
v 93.4764 -86.5579 690.07
vn 0.530287 -0.750716 -0.393981
v 93.4136 -87.158 690.4
vn 0.987789 -0.0632081 -0.142401
v 93.5722 -86.885 690.4
vn 0.831563 -0.342799 0.437026
v 93.4576 -86.8606 690.7
vn 0.46071 0.853303 -0.244174
v 93.4945 -86.4731 690.4
vn 0.621701 -0.764245 -0.171516
v 93.6484 -86.5945 694.9
vn -0.050118 0.229734 -0.971962
v 93.5388 -86.2645 694.626
vn 0.717993 -0.694801 0.0416729
v 93.4141 -86.8514 695.904
vn 0.863682 -0.121487 0.489178
v 93.4764 -86.5579 695.968
vn 0.435981 -0.498899 -0.749013
v 93.5094 -86.4028 697
vn 0.454142 -0.756208 -0.471068
v 93.6851 -86.6023 697.3
vn 0.699881 -0.714176 -0.0108909
v 93.9446 -86.3507 695.2
vn 0.534737 0.558657 -0.634002
v 93.9088 -85.9669 695.2
vn -0.0589809 -0.520634 -0.851741
v 93.8946 -86.0334 696.702
vn 0.176934 -0.724069 -0.666647
v 94.2116 -85.985 696.7
vn 0.718574 -0.674725 0.168514
v 94.5315 -85.9228 697
vn 0.864966 -0.11335 0.488862
v 93.4764 -86.5579 698.293
vn 0.790597 -0.533619 0.300344
v 93.6695 -86.2923 700.6
vn 0.398623 0.727526 0.558396
v 93.6493 -85.9813 700.9
vn 0.432036 -0.259389 -0.863749
v 93.8591 -86.0259 704.5
vn 0.81619 -0.498418 -0.292256
v 93.5388 -86.2645 706.879
vn 0.870309 -0.492426 -0.00893012
v 93.8511 -86.0242 704.8
vn 0.204739 0.598638 -0.774412
v 93.6027 -85.9641 706.9
vn 0.912748 -0.404328 -0.0583948
v 93.6328 -86.2845 707.2
vn 0.706716 0.626863 0.328016
v 93.5388 -86.2645 707.523
vn 0.911829 -0.394796 -0.112709
v 93.6282 -86.2835 719.8
vn 0.92479 -0.370624 -0.0860253
v 93.7319 -85.9988 719.5
vn 0.979075 -0.157243 -0.129176
v 93.7135 -85.9949 719.8
vn 0.617316 0.786685 -0.00683276
v 93.9099 -85.9614 720.7
vn 0.898313 -0.376475 -0.226493
v 94.1895 -86.0891 721.9
vn 0.955418 -0.29429 -0.0238637
v 94.1337 -87.0043 728.2
vn 0.73837 0.6639 0.118519
v 94.3481 -86.4365 728.5
vn 0.144191 0.653041 0.743469
v 93.3132 -87.3259 730.6
vn 0.989131 -0.137447 0.0522365
v 93.773 -87.5411 729.7
vn 0.93633 0.323694 0.136043
v 93.732 -87.5324 730.3
vn 0.581925 0.7878 0.201828
v 93.594 -87.4479 730.6
vn 0.378933 0.870096 0.315187
v 93.6177 -87.5081 730.9
vn 0.781547 0.345441 0.519476
v 93.6451 -87.2072 729.854
vn -0.101584 0.951656 0.289881
v 93.9476 -86.0447 728.8
vn 0.914842 -0.403242 0.0214668
v 94.2444 -86.7212 728.8
vn -0.505655 0.823915 -0.255885
v 93.672 -85.638 697
vn -0.566016 0.607615 -0.557162
v 93.957 -85.74 696.599
vn 0.07906 -0.279546 -0.956872
v 94.2504 -85.8023 696.557
vn 0.28725 0.708692 0.644393
v 94.2504 -85.8023 697.419
vn -0.261684 0.898306 -0.352943
v 94.3128 -85.5089 696.59
vn -0.212907 0.970299 -0.114852
v 94.3367 -85.3966 697
vn 0.421703 -0.428623 -0.79903
v 94.5439 -85.8647 696.698
vn 0.396296 -0.186828 -0.898913
v 94.6063 -85.5713 696.623
vn 0.644896 -0.314937 -0.696365
v 94.6819 -85.5873 696.7
vn 0.22206 0.673455 -0.705087
v 94.6223 -85.4956 696.7
vn 0.933087 -0.351912 0.0742043
v 94.6598 -85.5827 697
vn -0.40031 0.218925 -0.889845
v 94.0194 -85.4465 699.384
vn -0.612678 0.729145 -0.304916
v 94.0735 -85.1921 699.7
vn 0.125032 -0.326654 -0.936837
v 94.3128 -85.5089 699.252
vn -0.582068 0.679342 -0.446868
v 94.3972 -85.112 699.4
vn 0.18942 0.948211 0.254981
v 94.4 -85.0985 699.7
vn 0.44064 -0.612347 -0.656405
v 94.6063 -85.5713 699.313
vn 0.70938 -0.695719 -0.112939
v 94.7323 -85.5981 699.7
vn 0.171394 -0.145269 -0.974434
v 94.6686 -85.2778 699.28
vn 0.644146 -0.218789 -0.732944
v 94.7955 -85.3048 699.4
vn 0.0935586 0.678412 -0.7287
v 94.6951 -85.1531 699.4
vn 0.698376 -0.0391317 0.714661
v 94.7493 -85.295 699.7
vn -0.133157 0.977618 -0.16289
v 93.6991 -85.5102 700.3
vn 0.752341 -0.431616 0.497686
v 94.3857 -85.8311 700
vn 0.0474613 0.784343 0.618509
v 94.3128 -85.5089 700.115
vn 0.51882 -0.13805 -0.843664
v 93.9364 -85.7356 704.5
vn 0.698193 0.607103 0.379411
v 93.702 -85.4965 704.8
vn 0.0697946 0.508166 -0.858426
v 93.6636 -85.6776 714.074
vn 0.845844 -0.493067 -0.203549
v 93.9758 -85.4373 714.4
vn 0.791181 0.371607 0.485737
v 93.8291 -85.4061 714.7
vn -0.178748 0.965121 -0.191284
v 93.6933 -85.5378 721
vn 0.617743 0.676967 -0.400137
v 94.0744 -85.4582 721.6
vn -0.464314 0.74921 -0.472331
v 94.1076 -85.0316 723.1
vn -0.485769 0.713106 -0.505477
v 94.1441 -84.8596 723.321
vn 0.882999 -0.313259 -0.349544
v 94.2505 -85.8024 721.67
vn 0.921139 -0.24082 -0.305791
v 94.349 -85.8233 721.9
vn 0.945593 -0.307105 -0.107428
v 94.4407 -85.8428 722.5
vn 0.596728 0.142569 -0.789677
v 94.3128 -85.5089 721.771
vn -0.00631717 0.993872 -0.110359
v 94.3942 -85.1261 721.9
vn 0.0244178 0.997085 -0.0722829
v 94.4127 -85.0389 723.1
vn 0.952391 -0.29939 -0.0575938
v 94.6022 -85.2637 723.4
vn -0.583266 0.703719 -0.405684
v 93.9106 -84.5153 724
vn 0.00271108 0.962396 0.271637
v 93.9639 -85.7414 727
vn -0.799425 -0.491746 -0.345117
v 17.2924 -119.744 784.9
vn -0.97466 0.223147 -0.0156208
v 17.2924 -119.744 784.9
vn -0.999033 0.0411705 -0.015401
v 17.364 -119.452 784.6
vn -0.726858 0.305282 0.615208
v 17.3594 -119.451 784.9
vn -0.752252 -0.645872 -0.130256
v 17.551 -120.105 785.2
vn -0.965501 -0.170491 -0.196826
v 17.551 -120.105 785.2
vn -0.694975 0.466536 0.547132
v 17.551 -120.105 785.2
vn -0.676598 0.43094 0.597081
v 17.1751 -118.492 784
vn -0.841177 0.537046 -0.0632688
v 17.1751 -118.492 784
vn -0.68105 0.45657 0.572464
v 17.6924 -117.682 784
vn -0.802101 -0.212099 -0.558255
v 18.1923 -114.721 780.1
vn -0.48663 -0.811265 0.324097
v 17.7231 -124.064 787.9
vn -0.108212 -0.990777 -0.0815575
v 17.7231 -124.064 787.9
vn -0.610206 -0.5487 -0.571469
v 17.7231 -124.064 787.9
vn -0.956581 -0.193079 -0.218344
v 17.7231 -124.064 787.9
vn -0.48663 -0.811265 0.324097
v 18.9461 -124.082 789.691
vn 0.320732 -0.396106 0.860367
v 18.9461 -124.082 789.691
vn -0.684992 0.404811 0.605735
v 17.5564 -122.56 787.3
vn -0.947185 0.0226393 0.319889
v 17.5564 -122.56 787.3
vn -0.961167 -0.181809 -0.207612
v 17.6404 -120.124 784.778
vn -0.205562 0.976496 -0.0648112
v 21.5018 -110.615 781
vn 0.684449 0.533726 0.496656
v 21.5018 -110.615 781
vn -0.03175 -0.998148 -0.0518925
v 19.1961 -124.349 789.4
vn 0.486276 -0.653591 0.579961
v 19.1961 -124.349 789.4
vn -0.54876 -0.612711 -0.568725
v 21.0767 -124.159 784.6
vn 0.409098 0.0165651 0.91234
v 20.3254 -121.922 789.984
vn -0.688352 0.441141 0.575818
v 20.4062 -120.099 788.821
vn 0.425424 0.458598 0.780194
v 20.4062 -120.099 788.821
vn 0.348954 0.300669 0.887597
v 21.0299 -117.164 787.326
vn 0.736294 0.442935 0.511546
v 21.6976 -115.466 785.685
vn 0.690596 0.373469 0.619353
v 21.1547 -116.577 787.195
vn 0.281384 0.150994 0.947641
v 21.1547 -116.577 787.195
vn -0.0331604 0.810593 0.58467
v 21.1547 -116.577 787.195
vn 0.45773 0.732975 0.503221
v 25.6968 -111.081 775.6
vn 0.780383 0.412379 0.470049
v 25.6968 -111.081 775.6
vn 0.474008 0.689613 0.547495
v 38.8809 -108.214 760
vn 0.431998 0.901076 -0.0379395
v 47.4902 -109.555 753.7
vn -0.291758 0.884468 -0.364134
v 47.4902 -109.555 753.7
vn 0.474796 0.595978 0.647595
v 48.7262 -106.626 750.7
vn -0.772888 0.333243 -0.539993
v 50.6393 -106.283 740.763
vn -0.508951 0.831672 -0.222015
v 51.4403 -108.286 750.4
vn -0.322342 0.909642 0.262008
v 51.4403 -108.286 750.4
vn -0.320014 0.882097 0.345683
v 54.205 -106.822 747.1
vn -0.281553 0.959294 0.0219634
v 52.5546 -107.373 748.6
vn -0.0140142 0.943645 0.330662
v 52.5546 -107.373 748.6
vn -0.281553 0.959294 0.0219634
v 53.8615 -106.996 748.9
vn -0.223378 0.94971 -0.219437
v 54.1378 -107.139 748
vn -0.240346 0.970567 0.0152704
v 55.0698 -107.083 751.9
vn -0.486218 0.783073 0.3878
v 56.6369 -105.104 746.5
vn -0.456925 0.791678 0.405543
v 56.2775 -104.287 744.4
vn 0.178031 0.850523 0.494889
v 56.2775 -104.287 744.4
vn 0.611648 0.0398701 0.790125
v 57.6196 -108.073 755.723
vn -0.231205 0.962605 0.141193
v 66.5535 -100.673 735.1
vn 0.102201 0.931072 0.350227
v 69.0871 -98.8534 728.2
vn 0.658003 -0.622515 0.423683
v 76.5514 -103.203 734.8
vn 0.372793 -0.88841 -0.267869
v 76.5514 -103.203 734.8
vn 0.597508 -0.243794 0.763903
v 83.6417 -96.7356 738.4
vn -0.597178 -0.477551 -0.644455
v 87.3028 -91.073 695.816
vn -0.57777 0.815079 -0.0427558
v 86.312 -89.6356 720.1
vn 0.564888 -0.809565 0.159707
v 87.8514 -95.1768 700.3
vn 0.000295049 -0.848868 -0.528604
v 87.8514 -95.1768 700.3
vn 0.0905799 -0.921689 -0.377207
v 88.6762 -96.1548 721.3
vn 0.556321 -0.827715 0.0734477
v 88.6762 -96.1548 721.3
vn 0.129697 -0.965848 -0.224315
v 88.9832 -94.7105 733.3
vn 0.529774 -0.84541 0.0679818
v 88.8876 -93.7173 697.3
vn 0.0701242 -0.79386 -0.604043
v 89.9622 -90.1048 692.64
vn -0.537694 -0.58887 -0.603421
v 89.9622 -90.1048 692.64
vn -0.587093 -0.522772 -0.618087
v 88.411 -90.0818 694
vn -0.654673 -0.419777 -0.628642
v 88.411 -90.0818 694
vn -0.520125 0.257909 -0.814219
v 88.411 -90.0818 694
vn 0.417613 -0.698961 -0.580562
v 89.5256 -92.1589 694.855
vn -0.177166 0.798722 -0.575027
v 89.5256 -92.1589 694.855
vn 0.0647833 0.135122 -0.988709
v 89.5256 -92.1589 694.855
vn -0.519318 -0.616597 -0.591707
v 89.643 -91.8771 694.6
vn 0.800122 -0.000767715 -0.599836
v 89.643 -91.8771 694.6
vn 0.0733207 -0.963898 -0.255977
v 89.643 -91.8771 694.6
vn 0.580493 -0.779127 0.236619
v 89.643 -91.8771 694.6
vn 0.989195 -0.146014 0.0131426
v 89.8681 -91.6183 694.9
vn 0.653315 -0.702491 0.282288
v 89.8681 -91.6183 694.9
vn 0.835504 -0.11054 0.53825
v 89.8681 -91.6183 694.9
vn -0.452032 0.187036 -0.872173
v 89.9727 -90.7204 692.8
vn -0.501018 -0.562903 -0.657359
v 90.0869 -89.5179 691.883
vn 0.801428 -0.338705 -0.492943
v 90.0869 -89.5179 691.883
vn 0.477452 -0.816236 -0.325266
v 90.0869 -89.5179 691.883
vn 0.169086 -0.839504 -0.516375
v 90.0869 -89.5179 691.883
vn -0.405937 0.892135 0.198269
v 89.0962 -88.0805 709.3
vn 0.154155 0.801889 0.577243
v 89.6291 -87.3432 718.9
vn -0.662195 0.695104 -0.279872
v 88.3704 -87.6195 729.4
vn -0.211756 0.964886 0.155418
v 90.6491 -88.1039 731.8
vn -0.643711 0.692257 -0.326214
v 90.3434 -86.8121 698.2
vn 0.229475 -0.923363 -0.307802
v 90.4836 -94.8665 710.2
vn 0.715296 -0.4682 0.518787
v 90.7722 -94.9518 711.1
vn 0.704449 -0.590844 0.393261
v 91.3201 -95.2599 713.5
vn 0.487195 -0.704081 -0.516634
v 91.3201 -95.2599 713.5
vn 0.627429 -0.684563 0.371088
v 90.7828 -94.9017 714.4
vn 0.296378 -0.873356 -0.386536
v 90.7828 -94.9017 714.4
vn -0.368801 -0.885151 0.283713
v 91.3279 -95.2232 715.6
vn 0.638045 -0.755121 0.150633
v 91.3279 -95.2232 715.6
vn 0.627555 -0.617482 0.474227
v 91.3542 -95.0994 715.9
vn 0.660344 -0.315848 0.681312
v 89.7198 -95.5739 721.125
vn 0.200958 -0.912755 0.355661
v 90.1939 -93.3433 694.9
vn -0.310759 0.653901 -0.689814
v 90.3435 -92.6395 694.054
vn -0.343656 -0.935807 -0.0785234
v 90.5117 -93.291 694
vn -0.213081 -0.276154 -0.937195
v 91.1615 -93.12 693.205
vn -0.170014 0.600448 -0.781382
v 91.1615 -93.12 693.205
vn -0.26175 -0.961997 -0.0777736
v 91.3658 -93.6019 693.4
vn -0.0972711 -0.735525 -0.670479
v 91.3658 -93.6019 693.4
vn -0.6484 -0.504853 -0.569825
v 91.3926 -93.4758 693.258
vn 0.727278 0.682559 0.0719772
v 91.5451 -92.7583 693.4
vn 0.0473786 -0.993592 0.102618
v 91.6641 -93.6414 693.4
vn 0.870087 -0.485272 -0.0863711
v 91.6641 -93.6414 693.4
vn 0.810446 -0.580828 0.076259
v 91.7066 -93.5426 693.7
vn -0.0355649 0.502287 -0.863969
v 91.7484 -93.2448 693.109
vn 0.859645 0.473729 -0.191292
v 91.7484 -93.2448 693.109
vn 0.895675 -0.370724 -0.245621
v 91.7484 -93.2448 693.109
vn 0.870087 -0.485272 -0.0863711
v 91.8974 -93.2764 693.7
vn 0.693961 -0.309302 0.650193
v 91.8974 -93.2764 693.7
vn -0.710488 -0.0673208 -0.700482
v 89.4375 -94.0163 697.3
vn -0.2965 -0.924652 -0.238969
v 89.611 -93.2002 695.2
vn 0.501089 0.473918 -0.724094
v 89.5821 -93.3358 696.7
vn 0.814782 -0.208131 0.541121
v 89.5821 -93.3358 696.7
vn 0.657013 -0.540664 -0.525374
v 89.5821 -93.3358 696.7
vn 0.506496 -0.861382 0.0385147
v 89.5821 -93.3358 696.7
vn 0.657013 -0.540664 -0.525374
v 89.979 -92.562 696.4
vn 0.994634 -0.0990717 -0.0297873
v 89.979 -92.562 696.4
vn 0.386759 -0.891808 0.234724
v 89.8986 -93.2901 695.2
vn -0.639976 -0.0357553 -0.767563
v 89.863 -93.4574 696.815
vn 0.360785 0.535437 -0.763637
v 89.863 -93.4574 696.815
vn -0.1034 0.895837 -0.432186
v 89.863 -93.4574 696.815
vn 0.657013 -0.540664 -0.525374
v 89.9121 -93.2263 697
vn 0.996115 -0.0867679 0.0150487
v 89.9121 -93.2263 697
vn 0.471561 0.802785 -0.364919
v 89.9121 -93.2263 697
vn 0.951877 0.302971 0.0462553
v 90.1021 -93.2015 697.3
vn -0.0741656 -0.844581 -0.530266
v 90.0358 -94.0873 696.7
vn -0.1034 0.895837 -0.432186
v 90.1969 -93.3295 697
vn 0.211449 0.583552 -0.784064
v 90.1969 -93.3295 697
vn 0.858571 -0.0272982 0.511967
v 90.2734 -92.9696 695.8
vn 0.573467 -0.766657 0.288742
v 90.4398 -94.1934 697
vn -0.1034 0.895837 -0.432186
v 90.473 -93.5871 696.4
vn 0.106925 -0.578447 -0.808682
v 90.473 -93.5871 696.4
vn 0.531213 0.839287 -0.115804
v 90.473 -93.5871 696.4
vn 0.854126 0.456873 -0.248467
v 90.473 -93.5871 696.4
vn 0.590383 0.807094 -0.00686705
v 90.67 -93.6289 697
vn 0.854126 0.456873 -0.248467
v 90.67 -93.6289 697
vn 0.980505 0.1129 0.160821
v 90.67 -93.6289 697
vn 0.67782 -0.721823 0.139757
v 90.7566 -93.9541 696.7
vn 0.854126 0.456873 -0.248467
v 90.7566 -93.9541 696.7
vn 0.980505 0.1129 0.160821
v 90.7566 -93.9541 696.7
vn 0.701267 0.0807472 0.708311
v 90.7062 -93.9433 697
vn 0.980505 0.1129 0.160821
v 90.7062 -93.9433 697
vn 0.598423 0.673103 -0.434536
v 89.935 -92.8593 697.6
vn 0.401175 -0.904253 0.146236
v 89.6793 -94.3217 697.6
vn -0.264765 -0.758003 -0.596096
v 90.0029 -94.2419 698.8
vn -0.239064 -0.923313 -0.300567
v 90.0029 -94.2419 698.8
vn 0.541607 -0.798592 0.262513
v 90.1211 -94.1257 697.6
vn 0.984913 -0.150801 0.0848813
v 90.1211 -94.1257 697.6
vn -0.126466 -0.834437 -0.536397
v 90.0824 -93.8683 698.2
vn 0.958375 -0.234705 0.162578
v 90.0824 -93.8683 698.2
vn -0.0415432 0.343239 -0.938329
v 90.0824 -93.8683 698.2
vn 0.667838 0.688082 0.283788
v 90.1596 -93.5048 697.9
vn 0.996872 0.0781446 0.0118502
v 90.1596 -93.5048 697.9
vn 0.10825 0.163846 -0.980529
v 90.1564 -93.5198 698.266
vn 0.199682 0.696621 -0.689091
v 90.1564 -93.5198 698.266
vn 0.383696 0.819295 -0.426067
v 90.2027 -93.302 698.5
vn 0.464614 0.884153 0.0490713
v 90.2188 -93.2263 698.939
vn 0.356345 -0.891814 0.278722
v 90.274 -94.4098 699.1
vn 0.287929 0.815387 -0.502236
v 90.4499 -93.5822 698.288
vn 0.549821 0.792444 0.264063
v 90.4591 -93.5386 699.4
vn -0.137411 0.531365 -0.835924
v 90.6809 -93.938 698.024
vn 0.303845 -0.132966 -0.943397
v 90.6809 -93.938 698.024
vn -0.516418 -0.541437 -0.663445
v 90.8979 -94.3603 698.2
vn 0.166551 -0.984122 0.061349
v 90.8979 -94.3603 698.2
vn 0.275013 -0.24564 -0.929531
v 90.8979 -94.3603 698.2
vn 0.72535 -0.647879 -0.232639
v 90.8979 -94.3603 698.2
vn 0.759988 -0.621244 -0.190981
v 91.0309 -94.3191 698.5
vn 0.759988 -0.621244 -0.190981
v 91.1803 -94.0441 698.2
vn 0.932168 0.30783 -0.190532
v 91.1803 -94.0441 698.2
vn 0.705956 -0.423402 0.567766
v 91.2289 -94.0544 698.5
vn 0.952593 0.267433 -0.145073
v 91.2289 -94.0544 698.5
vn 0.796038 0.223481 0.562477
v 91.2289 -94.0544 698.5
vn -0.0853461 0.557596 -0.825713
v 91.0368 -93.7069 698.143
vn 0.328508 -0.0184684 -0.94432
v 91.0368 -93.7069 698.143
vn 0.907907 0.346961 -0.235207
v 91.0368 -93.7069 698.143
vn 0.524222 0.846428 0.0935484
v 91.1373 -93.7283 698.5
vn 0.932168 0.30783 -0.190532
v 91.1373 -93.7283 698.5
vn -0.185439 -0.919412 -0.346834
v 89.3225 -94.5574 700
vn 0.972593 0.202494 -0.114274
v 90.1037 -93.5086 701.8
vn 0.985699 -0.0065394 0.168389
v 90.0844 -94.1179 701.5
vn 0.861137 0.0407315 -0.506739
v 90.0844 -94.1179 701.5
vn 0.995667 -0.0192824 0.0909667
v 90.094 -93.8132 701.545
vn 0.965917 0.158897 0.204343
v 90.3956 -93.8376 700
vn 0.736107 0.665203 -0.125103
v 90.5473 -93.9096 702.1
vn 0.295346 -0.591075 -0.7506
v 89.9386 -94.5446 703.6
vn 0.343008 -0.930592 -0.127845
v 89.9386 -94.5446 703.6
vn 0.951006 -0.248479 -0.183972
v 89.9856 -94.4036 702.7
vn 0.443965 -0.888506 -0.115981
v 90.1506 -94.4387 703.6
vn 0.976631 -0.162632 -0.14051
v 90.1506 -94.4387 703.6
vn 0.865728 0.0175066 -0.500208
v 90.1506 -94.4387 703.6
vn 0.793981 -0.0819285 0.602397
v 90.1165 -94.1247 703
vn 0.482801 -0.736411 0.473922
v 90.1165 -94.1247 703
vn 0.986402 -0.140927 -0.0845658
v 90.1468 -93.8244 703
vn 0.756297 0.428132 0.49469
v 90.1468 -93.8244 703
vn 0.843116 0.525047 -0.116109
v 90.2247 -93.841 703.9
vn 0.82731 0.166606 -0.53647
v 90.2247 -93.841 703.9
vn 0.982111 -0.155825 -0.105717
v 90.32 -93.8613 704.5
vn 0.827781 0.454936 0.328347
v 90.1725 -93.5232 702.7
vn -0.123559 -0.854379 -0.504746
v 90.2548 -94.7675 703.9
vn 0.751169 -0.651771 -0.104592
v 90.2548 -94.7675 703.9
vn 0.835709 -0.430203 -0.341344
v 90.5612 -94.2192 702.4
vn 0.794163 -0.0838034 0.601899
v 90.5612 -94.2192 702.4
vn 0.777328 0.594846 0.204743
v 90.5929 -93.9193 702.4
vn 0.793981 -0.0819285 0.602397
v 90.5929 -93.9193 702.4
vn 0.616536 -0.555774 -0.557673
v 90.2147 -94.6885 706.3
vn 0.819917 -0.427515 -0.380746
v 90.3934 -94.4903 706.3
vn 0.641996 0.308772 -0.701784
v 90.5536 -94.2176 706.3
vn 0.99061 -0.128398 -0.0469582
v 90.3875 -93.8756 705.85
vn 0.83566 0.449992 -0.314929
v 90.3875 -93.8756 705.85
vn 0.828671 0.454793 -0.326294
v 90.4995 -93.3487 706.9
vn 0.844834 0.472545 0.250912
v 90.4995 -93.3487 706.9
vn 0.481925 -0.868063 -0.119225
v 90.5323 -94.6372 706.6
vn 0.792301 0.433697 -0.429146
v 90.6809 -93.938 706.539
vn 0.816082 0.471761 -0.333844
v 90.8491 -93.9737 706.9
vn 0.744842 0.406501 -0.529119
v 90.9189 -94.2953 706.6
vn 0.468358 -0.529491 -0.707305
v 90.9189 -94.2953 706.6
vn 0.6534 -0.738685 -0.165567
v 90.9189 -94.2953 706.6
vn 0.628238 -0.53611 -0.563829
v 90.4576 -94.5039 707.8
vn 0.708343 -0.32041 -0.628958
v 90.5842 -94.2241 707.8
vn 0.962701 0.117699 -0.243627
v 90.5842 -94.2241 707.8
vn 0.985109 0.103543 -0.137258
v 90.5457 -93.9092 707.8
vn 0.660214 -0.0512291 -0.749328
v 90.6163 -94.2309 709.9
vn 0.761952 -0.61827 0.192798
v 90.8428 -94.5858 711.4
vn 0.826331 0.197326 0.527484
v 90.8428 -94.5858 711.4
vn 0.674749 0.0857127 -0.733053
v 90.6809 -93.938 709.994
vn 0.993791 0.101342 -0.0459311
v 90.7474 -93.9521 711.1
vn 0.815557 0.290428 0.500519
v 91.0445 -94.6287 711.1
vn 0.904087 0.398038 -0.15554
v 90.912 -94.2938 711.182
vn 0.846084 0.309032 0.434328
v 90.912 -94.2938 711.182
vn 0.116527 -0.979967 -0.161511
v 91.1976 -94.9679 710.5
vn 0.922969 -0.384568 0.0153562
v 91.1976 -94.9679 710.5
vn 0.925716 -0.377516 0.0230719
v 91.193 -94.9669 710.8
vn 0.61044 -0.358356 0.706359
v 91.193 -94.9669 710.8
vn 0.925716 -0.377516 0.0230719
v 91.315 -94.6862 710.5
vn 0.69802 -0.278515 0.659696
v 91.3059 -94.6842 710.8
vn 0.863978 0.502997 0.023132
v 91.3059 -94.6842 710.8
vn 0.721363 0.419968 0.550692
v 91.3059 -94.6842 710.8
vn 0.993113 0.0583297 -0.101611
v 90.8832 -93.6743 712.6
vn 0.902557 0.417736 -0.104343
v 90.8832 -93.6743 712.6
vn 0.643966 -0.0412654 -0.763941
v 90.8832 -93.6743 712.6
vn 0.511266 -0.243592 -0.824179
v 90.8496 -94.5872 712.621
vn 0.999306 -0.0368241 -0.00566983
v 90.8496 -94.5872 712.621
vn 0.336896 -0.395717 -0.854347
v 91.1274 -94.953 712.9
vn 0.487195 -0.704081 -0.516634
v 91.1274 -94.953 712.9
vn 0.814769 0.533598 -0.22677
v 91.191 -94.4243 712.9
vn 0.642717 0.705679 -0.298213
v 91.7098 -94.7701 713.2
vn 0.487195 -0.704081 -0.516634
v 91.7098 -94.7701 713.2
vn 0.822049 -0.53541 0.193835
v 91.7098 -94.7701 713.2
vn 0.861138 0.483494 0.157081
v 91.7098 -94.7701 713.2
vn 0.840818 0.472085 0.264879
v 91.5855 -94.7437 713.8
vn 0.0759294 -0.909692 -0.408284
v 90.8109 -94.7693 714.7
vn 0.473491 -0.522693 -0.708942
v 90.8109 -94.7693 714.7
vn 0.982329 -0.176915 0.0610845
v 91.0262 -94.6248 714.4
vn 0.586954 -0.431342 -0.685149
v 91.0082 -94.621 714.7
vn 0.971359 -0.237617 -0.000519566
v 91.0082 -94.621 714.7
vn 0.712558 -0.12833 0.689777
v 91.0794 -94.3294 714.4
vn 0.447359 0.610633 -0.653451
v 91.2276 -94.0542 715.3
vn 0.057015 -0.899212 -0.433782
v 91.1566 -94.9592 715
vn 0.462855 0.492595 -0.736964
v 91.2055 -94.3562 715.003
vn 0.935412 0.0605646 0.348332
v 91.4095 -94.3996 716.5
vn 0.898437 0.396437 -0.188808
v 91.4095 -94.3996 716.5
vn 0.191224 -0.883273 -0.428092
v 91.4095 -94.3996 716.5
vn 0.486804 -0.651682 -0.581663
v 91.4095 -94.3996 716.5
vn -0.481442 -0.634372 -0.604803
v 91.4095 -94.3996 716.5
vn 0.953776 -0.192623 -0.230669
v 91.4095 -94.3996 716.5
vn 0.559662 -0.56442 0.606802
v 90.4938 -94.8183 716.955
vn -0.426852 -0.892007 -0.148729
v 90.8111 -94.7684 717.7
vn -0.377446 -0.925521 -0.0307503
v 90.8092 -94.7775 718
vn 0.166585 -0.869567 0.464869
v 90.8092 -94.7775 718
vn 0.828461 0.487202 -0.2762
v 91.25 -93.7522 717.1
vn -0.53774 -0.821766 -0.188511
v 91.1212 -94.7528 717.1
vn -0.481442 -0.634372 -0.604803
v 91.1212 -94.7528 717.1
vn 0.180789 -0.943709 -0.276999
v 91.3013 -94.6833 718
vn 0.553054 -0.822854 0.130548
v 91.3013 -94.6833 718
vn 0.597148 -0.464381 0.654037
v 91.3013 -94.6833 718
vn 0.953776 -0.192623 -0.230669
v 91.4791 -94.4143 716.8
vn 0.418446 -0.133325 -0.898403
v 91.4791 -94.4143 716.8
vn 0.751889 0.636545 -0.171677
v 91.3417 -93.7717 717.7
vn 0.783219 0.441813 -0.437457
v 91.3417 -93.7717 717.7
vn 0.777855 0.429953 0.458347
v 91.3417 -93.7717 717.7
vn -0.481442 -0.634372 -0.604803
v 91.3853 -94.9532 717.1
vn -0.600815 -0.791664 -0.110857
v 91.3853 -94.9532 717.1
vn 0.0885882 -0.988721 -0.120761
v 91.3853 -94.9532 717.1
vn 0.121395 -0.877827 0.463339
v 91.3776 -94.9894 717.4
vn 0.0849874 -0.989474 -0.117127
v 91.3776 -94.9894 717.4
vn 0.953776 -0.192623 -0.230669
v 91.4365 -94.712 716.873
vn 0.874101 0.259565 0.410578
v 91.7259 -94.4668 717.7
vn 0.782265 0.43239 -0.448443
v 91.7259 -94.4668 717.7
vn 0.931227 -0.259342 0.256041
v 91.7259 -94.4668 717.7
vn 0.65178 -0.336258 0.679789
v 91.7259 -94.4668 717.7
vn 0.931227 -0.259342 0.256041
v 91.648 -94.4502 718
vn 0.155584 -0.874966 -0.458506
v 91.648 -94.4502 718
vn 0.681907 -0.189908 -0.706356
v 91.648 -94.4502 718
vn 0.931227 -0.259342 0.256041
v 91.7286 -94.1607 718
vn 0.954012 0.168029 0.248248
v 91.705 -93.4488 718.9
vn 0.399276 -0.907035 -0.133663
v 91.165 -94.5465 720.7
vn 0.363053 -0.909745 -0.201389
v 91.402 -94.3979 720.4
vn 0.991094 0.104806 -0.0821454
v 91.5599 -93.5114 719.5
vn 0.676795 -0.228873 0.69969
v 91.627 -94.4458 719.8
vn 0.969431 -0.240221 0.0499841
v 91.6791 -94.1502 719.8
vn 0.691919 0.427351 0.58191
v 91.6791 -94.1502 719.8
vn 0.681017 -0.120111 0.72235
v 91.6791 -94.1502 719.8
vn 0.319733 -0.845588 -0.427495
v 91.6644 -94.147 720.1
vn 0.718015 -0.230974 -0.656586
v 91.6644 -94.147 720.1
vn 0.843705 0.0674572 -0.532552
v 91.7568 -93.86 720.1
vn 0.837005 0.206282 0.506823
v 91.8093 -93.8711 721
vn 0.916012 0.225753 0.331599
v 91.6947 -93.8468 721.3
vn 0.135596 -0.919226 -0.369646
v 91.7864 -93.8663 723.1
vn 0.977059 -0.211677 0.0234298
v 91.7864 -93.8663 723.1
vn 0.526202 -0.480341 -0.7017
v 91.7864 -93.8663 723.1
vn 0.990257 0.0928041 -0.10382
v 91.9176 -93.5874 722.5
vn 0.99319 0.0714287 -0.0920396
v 91.8882 -93.2745 722.5
vn 0.635375 -0.292445 -0.714685
v 91.9203 -93.2813 722.8
vn 0.990871 0.0857208 -0.104047
v 91.9203 -93.2813 722.8
vn 0.717886 0.0569371 -0.693829
v 91.8956 -92.9694 722.8
vn 0.116267 -0.915148 -0.385986
v 91.423 -94.4024 724.3
vn 0.57513 -0.798812 0.176421
v 91.513 -94.3521 726.1
vn 0.0695323 -0.730581 -0.679277
v 91.9543 -93.5952 724.9
vn 0.565623 -0.605119 -0.560269
v 91.9543 -93.5952 724.9
vn 0.250806 -0.268319 -0.930108
v 91.9543 -93.5952 724.9
vn 0.984752 0.132387 -0.112863
v 92.0423 -93.0005 724.9
vn 0.398914 0.207388 -0.893229
v 92.0423 -93.0005 724.9
vn 0.583349 0.579761 -0.568841
v 92.0423 -93.0005 724.9
vn 0.131676 -0.947534 -0.291273
v 90.9675 -94.6123 726.7
vn 0.53575 -0.468829 0.702261
v 90.9675 -94.6123 726.7
vn 0.447361 -0.882732 0.14371
v 90.9675 -94.6123 726.7
vn 0.870831 0.0574759 0.488211
v 91.7131 -93.8507 727.3
vn 0.362042 -0.0300198 -0.931678
v 90.1933 -90.4606 692.741
vn -0.558678 -0.541567 -0.62816
v 90.1933 -90.4606 692.741
vn -0.295548 0.141178 -0.944839
v 90.362 -91.1099 692.592
vn 0.553696 -0.113703 -0.82492
v 90.362 -91.1099 692.592
vn 0.34732 -0.787956 -0.508423
v 90.362 -91.1099 692.592
vn 0.884436 0.409871 -0.223112
v 90.4867 -90.523 692.666
vn 0.420427 0.0261775 -0.906949
v 90.4867 -90.523 692.666
vn 0.408179 0.754955 -0.513258
v 90.4867 -90.523 692.666
vn 0.862908 -0.000827958 -0.50536
v 89.8678 -91.992 694.9
vn 0.0647833 0.135122 -0.988709
v 89.8678 -91.992 694.9
vn 0.413158 0.861748 -0.294434
v 89.8678 -91.992 694.9
vn 0.835886 0.120968 0.535408
v 90.0956 -91.3599 694.6
vn 0.0701242 -0.79386 -0.604043
v 90.3664 -90.1907 692.8
vn 0.884436 0.409871 -0.223112
v 90.3664 -90.1907 692.8
vn -0.172169 0.313219 -0.933944
v 90.3664 -90.1907 692.8
vn 0.850306 -0.359362 -0.384497
v 90.3664 -90.1907 692.8
vn 0.408179 0.754955 -0.513258
v 90.4504 -90.2085 693.1
vn 0.886791 -0.374781 -0.270447
v 90.4504 -90.2085 693.1
vn 0.994279 -0.00960386 0.106385
v 90.4504 -90.2085 693.1
vn 0.831681 0.541612 0.122325
v 90.4504 -90.2085 693.1
vn 0.852966 0.168719 0.493946
v 90.3863 -90.1949 693.7
vn 0.853176 0.515546 0.0793981
v 90.3863 -90.1949 693.7
vn 0.413158 0.861748 -0.294434
v 90.1461 -92.1255 694.9
vn -0.0198034 0.914434 -0.404251
v 90.1461 -92.1255 694.9
vn 0.673698 0.733561 0.0895465
v 90.1461 -92.1255 694.9
vn 0.260983 -0.868341 -0.421748
v 90.2996 -91.4033 693.004
vn 0.69861 -0.695636 0.167437
v 90.6641 -91.4808 693.4
vn 0.347829 -0.797267 -0.493335
v 90.864 -91.2166 693.1
vn 0.756664 -0.650217 -0.0683943
v 90.864 -91.2166 693.1
vn 0.992317 0.0989795 -0.0742285
v 90.864 -91.2166 693.1
vn 0.751955 -0.64617 0.130492
v 90.887 -91.2215 693.4
vn 0.408179 0.754955 -0.513258
v 90.7791 -90.5902 692.8
vn 0.931785 0.3486 0.101264
v 90.7791 -90.5902 692.8
vn 0.91459 -0.000877547 -0.404381
v 90.0004 -91.9531 695.2
vn 0.850435 0.524454 0.0413313
v 90.0004 -91.9531 695.2
vn 0.970297 0.240473 -0.0264082
v 89.9571 -91.9439 696.1
vn 0.726428 0.676225 0.12257
v 90.2247 -92.3075 695.8
vn 0.977899 0.190744 -0.0856193
v 92.0267 -92.6905 725.2
vn 0.497427 0.837129 0.227556
v 92.0267 -92.6905 725.2
vn 0.706315 -0.0144433 -0.70775
v 92.0772 -92.7013 726.4
vn 0.515434 0.683439 -0.516952
v 92.0772 -92.7013 726.4
vn 0.783828 0.608541 0.123658
v 92.2077 -92.4223 727
vn 0.951954 -0.168719 -0.255572
v 92.2077 -92.4223 727
vn 0.958412 0.0907512 0.270576
v 92.2077 -92.4223 727
vn 0.998862 0.0033287 -0.0475756
v 92.1212 -92.4039 727.3
vn -0.491549 -0.523595 -0.695865
v 90.8165 -87.8328 690.1
vn -0.567804 0.817294 -0.0981332
v 90.8165 -87.8328 690.1
vn -0.609228 0.134019 -0.781588
v 90.8165 -87.8328 690.1
vn -0.0577487 0.931043 0.36031
v 90.7766 -87.7164 691.3
vn -0.0658972 -0.729741 -0.680541
v 90.9934 -89.0972 692.5
vn 0.834347 -0.273495 0.478608
v 92.0224 -88.0891 692.5
vn 0.892864 -0.0771547 -0.443668
v 92.0224 -88.0891 692.5
vn 0.854298 -0.504163 -0.126469
v 90.4854 -89.9093 692.8
vn 0.875178 -0.242789 0.41847
v 91.1392 -89.7416 706
vn 0.803008 -0.333156 0.494152
v 91.4474 -89.1937 704.8
vn 0.939422 -0.164798 0.300547
v 91.9545 -88.9948 709
vn -0.609228 0.134019 -0.781588
v 92.1923 -86.8278 689.2
vn -0.0774259 0.935838 0.34382
v 92.1923 -86.8278 689.2
vn 0.65682 0.598144 -0.459142
v 92.1923 -86.8278 689.2
vn 0.169086 -0.839504 -0.516375
v 92.4727 -87.5714 689.5
vn 0.995426 -0.0119941 -0.094781
v 92.4727 -87.5714 689.5
vn -0.609228 0.134019 -0.781588
v 92.409 -87.2511 688.958
vn 0.169086 -0.839504 -0.516375
v 92.409 -87.2511 688.958
vn 0.992233 -0.0119556 -0.123816
v 92.409 -87.2511 688.958
vn 0.65682 0.598144 -0.459142
v 92.409 -87.2511 688.958
vn 0.995426 -0.0119941 -0.094781
v 92.4806 -86.9141 689.5
vn 0.65682 0.598144 -0.459142
v 92.4806 -86.9141 689.5
vn -0.635932 0.685794 -0.353946
v 92.8272 -86.7266 690.145
vn 0.395651 -0.62316 -0.674635
v 93.0582 -87.0824 690.018
vn 0.366198 -0.201832 -0.908385
v 93.1206 -86.789 689.952
vn 0.0889858 0.338115 -0.936888
v 93.1206 -86.789 689.952
vn -0.635932 0.685794 -0.353946
v 93.203 -86.4016 690.1
vn 0.0889858 0.338115 -0.936888
v 93.203 -86.4016 690.1
vn 0.46071 0.853303 -0.244174
v 93.203 -86.4016 690.1
vn -0.121471 0.980391 0.155172
v 93.203 -86.4016 690.1
vn -0.635932 0.685794 -0.353946
v 91.4979 -87.2084 691.6
vn -0.388835 0.920759 0.0317703
v 91.4979 -87.2084 691.6
vn -0.595523 0.684286 -0.420839
v 91.7807 -87.3213 692.5
vn -0.0338849 0.953155 -0.30058
v 91.7807 -87.3213 692.5
vn -0.579552 0.577693 -0.574797
v 92.0897 -87.3103 692.5
vn 0.802531 -0.0693488 0.592566
v 92.0897 -87.3103 692.5
vn 0.558442 -0.649115 -0.51652
v 92.0897 -87.3103 692.5
vn -0.0326461 0.918307 0.394521
v 92.0897 -87.3103 692.5
vn 0.643079 0.468526 0.60575
v 92.0897 -87.3103 692.5
vn 0.892864 -0.0771547 -0.443668
v 92.0897 -87.3103 692.5
vn -0.038032 0.925613 0.376555
v 92.5355 -87.278 690.4
vn 0.997769 -0.0120223 -0.0656651
v 92.5355 -87.278 690.4
vn -0.756815 -0.0605116 -0.650823
v 92.5355 -87.278 690.4
vn -0.200593 -0.686454 -0.698959
v 92.5355 -87.278 690.4
vn -0.409696 0.819012 -0.401706
v 92.5355 -87.278 690.4
vn -0.579552 0.577693 -0.574797
v 92.4713 -86.9577 692.469
vn 0.280727 -0.695643 -0.661266
v 92.4713 -86.9577 692.469
vn 0.0353998 -0.532642 -0.8456
v 92.5337 -86.6642 692.226
vn -0.726589 0.523628 -0.44484
v 92.5961 -86.3708 692.132
vn -0.163312 -0.268579 -0.949313
v 92.5961 -86.3708 692.132
vn -0.0714782 0.630203 -0.773133
v 92.5961 -86.3708 692.132
vn 0.122422 0.989743 0.0736316
v 92.6755 -85.9971 692.5
vn -0.161143 0.709605 -0.685926
v 92.6755 -85.9971 692.5
vn 0.492834 -0.852322 -0.175105
v 92.6483 -87.568 690.7
vn 0.0197554 0.536969 -0.843371
v 92.8895 -86.4332 692.099
vn 0.565645 0.297352 -0.769173
v 92.8895 -86.4332 692.099
vn 0.520345 0.380091 -0.764704
v 92.9519 -86.1397 692.287
vn 0.316761 0.925206 -0.208943
v 92.9519 -86.1397 692.287
vn 0.628222 0.457702 0.629163
v 93.1932 -86.4977 690.7
vn 0.921341 -0.38389 -0.0613068
v 93.4375 -86.5496 692.5
vn 0.605901 0.211961 -0.766783
v 93.4375 -86.5496 692.5
vn 0.942566 0.329735 -0.0533318
v 93.4375 -86.5496 692.5
vn 0.320007 0.934687 -0.154778
v 93.3215 -86.2183 692.5
vn 0.917875 0.395631 0.0313414
v 93.3215 -86.2183 692.5
vn -0.0338849 0.953155 -0.30058
v 91.4576 -87.0489 693.4
vn -0.668598 -0.258204 -0.697358
v 91.4576 -87.0489 693.4
vn -0.76837 0.462091 -0.442809
v 91.4576 -87.0489 693.4
vn -0.579552 0.577693 -0.574797
v 91.4576 -87.0489 693.4
vn -0.462537 0.862454 0.205507
v 92.3322 -86.1696 692.8
vn 0.356024 -0.710253 -0.607279
v 92.3672 -87.549 693.1
vn 0.892864 -0.0771547 -0.443668
v 92.3672 -87.549 693.1
vn 0.163528 0.769289 -0.617619
v 92.757 -86.7117 694.3
vn -0.52735 0.763174 -0.373453
v 92.757 -86.7117 694.3
vn 0.923617 -0.189673 0.3331
v 92.8129 -87.0303 694.3
vn 0.648548 -0.133185 -0.749432
v 92.8129 -87.0303 694.3
vn 0.0322291 0.782158 -0.622246
v 92.8733 -86.7364 694.3
vn 0.922361 -0.195676 0.333107
v 92.8733 -86.7364 694.3
vn 0.676219 0.0623135 -0.73406
v 92.8733 -86.7364 694.3
vn 0.82424 0.426794 0.372122
v 92.8733 -86.7364 694.3
vn 0.677369 0.255368 -0.689897
v 93.0797 -86.4736 694.6
vn 0.580605 -0.777358 -0.242099
v 93.2054 -86.807 694.6
vn 0.0478209 0.0180284 -0.998693
v 93.2054 -86.807 694.6
vn 0.635251 -0.357835 -0.684405
v 93.2054 -86.807 694.6
vn 0.899228 0.411874 0.147477
v 93.4558 -86.5535 692.8
vn 0.860716 0.445681 0.246042
v 93.2536 -86.1631 692.8
vn 0.0120875 0.975508 0.219633
v 93.3389 -85.7619 694.9
vn 0.534737 0.558657 -0.634002
v 93.3389 -85.7619 694.9
vn -0.0418406 0.999124 0
v 91.591 -86.7706 695.826
vn 0.0773659 0.887899 0.453486
v 91.6627 -86.4336 696.4
vn -0.199878 0.95801 0.205586
v 91.6627 -86.4336 696.4
vn 0.533989 0.839323 0.101943
v 92.8666 -86.5409 696.7
vn 0.351702 0.552804 -0.755456
v 92.8666 -86.5409 696.7
vn 0.994674 -0.044144 0.0931354
v 93.1476 -87.1014 696.4
vn 0.865656 -0.141657 0.480181
v 93.1476 -87.1014 696.4
vn 0.988655 -0.0735245 0.13098
v 93.0757 -87.0005 697
vn 0.803036 -0.0117922 0.595814
v 93.1546 -86.6292 696.4
vn 0.998375 -0.0146606 0.0550735
v 93.1546 -86.6292 696.4
vn 0.351702 0.552804 -0.755456
v 93.1368 -86.7128 696.7
vn 0.994674 -0.044144 0.0931354
v 93.1368 -86.7128 696.7
vn 0.696182 -0.583738 -0.417828
v 93.1368 -86.7128 696.7
vn 0.955334 0.0401577 -0.292789
v 93.1368 -86.7128 696.7
vn 0.955334 0.0401577 -0.292789
v 93.2329 -86.8129 697
vn 0.522062 -0.351969 -0.776897
v 93.2329 -86.8129 697
vn 0.0808358 0.923902 -0.373992
v 93.183 -86.4956 696.88
vn -0.00561933 0.370982 -0.928623
v 93.183 -86.4956 696.88
vn 0.955334 0.0401577 -0.292789
v 93.183 -86.4956 696.88
vn 0.397437 -0.267948 -0.877637
v 93.183 -86.4956 696.88
vn -0.68179 0.520041 -0.514509
v 93.2468 -86.1954 697
vn -0.330168 -0.314531 -0.889977
v 93.2468 -86.1954 697
vn 0.0120875 0.975508 0.219633
v 93.3077 -85.9087 695.553
vn 0.537434 0.54839 0.640651
v 93.3077 -85.9087 695.553
vn 0.212807 0.934222 0.286256
v 92.2729 -86.4483 699.7
vn -0.284478 0.957524 0.0471204
v 92.7633 -86.0996 697.9
vn -0.200423 0.880223 -0.430161
v 92.8848 -86.4556 699.4
vn 0.652118 0.665323 0.363437
v 92.8848 -86.4556 699.4
vn 0.830421 -0.10956 -0.546258
v 92.8848 -86.4556 699.4
vn 0.668138 0.629693 -0.39633
v 92.8848 -86.4556 699.4
vn 0.652118 0.665323 0.363437
v 93.0404 -86.7719 699.7
vn 0.893996 -0.117948 -0.432272
v 93.0404 -86.7719 699.7
vn 0.975508 0.102358 0.194696
v 93.0404 -86.7719 699.7
vn 0.668138 0.629693 -0.39633
v 93.0797 -86.4736 699.7
vn 0 0 -1
v 93.0797 -86.4736 699.7
vn 0.20877 -0.661778 -0.720045
v 93.0797 -86.4736 699.7
vn -0.441828 0.1308 -0.887513
v 93.0797 -86.4736 699.7
vn 0.668138 0.629693 -0.39633
v 92.9175 -86.3015 699.7
vn 0 0 -1
v 92.9175 -86.3015 699.7
vn -0.549508 0.46147 -0.696481
v 92.9175 -86.3015 699.7
vn 0.269681 0.7996 0.536574
v 92.9519 -86.1397 698.342
vn 0.941064 0.0350523 0.336406
v 93.2009 -86.8061 698.8
vn 0.652118 0.665323 0.363437
v 93.2251 -86.2975 698.5
vn 0.85404 0.260438 0.450319
v 93.2251 -86.2975 698.5
vn -0.457679 0.737306 -0.4969
v 93.3282 -85.8125 699.7
vn -0.622812 0.748089 -0.229058
v 93.3282 -85.8125 699.7
vn -0.487766 0.1833 -0.853514
v 93.3282 -85.8125 699.7
vn 0.493293 0.671832 0.552543
v 93.0752 -85.5597 700.9
vn 0.65251 -0.755279 -0.0615116
v 93.2329 -86.8129 700.3
vn 0.453546 0.726147 0.516727
v 91.9707 -86.4272 703
vn 0.407334 0.771122 0.489337
v 92.5586 -86.5473 702.7
vn -0.00652854 0.954108 -0.29939
v 92.5586 -86.5473 702.7
vn 0.573661 0.0994485 -0.813033
v 92.5586 -86.5473 702.7
vn 0.571432 0.632351 0.523066
v 92.5488 -86.5932 704.2
vn 0.288808 0.261825 -0.920889
v 92.5488 -86.5932 704.2
vn -0.220688 0.876764 -0.427295
v 92.5488 -86.5932 704.2
vn -0.575823 0.761481 -0.297615
v 92.5488 -86.5932 704.2
vn 0.427459 0.654298 0.623838
v 92.5961 -86.3708 703.815
vn -0.159903 0.855627 -0.492274
v 92.7491 -86.0966 703.3
vn 0.748571 0.349433 0.563504
v 92.7808 -87.0235 702.7
vn 0.921591 -0.236887 0.307498
v 92.7808 -87.0235 702.7
vn 0.612998 0.286148 -0.736446
v 92.7808 -87.0235 702.7
vn 0.799413 -0.325949 0.504675
v 92.8909 -87.0469 703.9
vn 0.937649 -0.0773203 0.338876
v 92.8909 -87.0469 703.9
vn 0.550359 0.0519396 0.833311
v 92.8909 -87.0469 703.9
vn 0.288808 0.261825 -0.920889
v 92.7973 -86.8672 704.2
vn 0.937649 -0.0773203 0.338876
v 92.7973 -86.8672 704.2
vn 0.783108 0.0510747 -0.619785
v 92.7973 -86.8672 704.2
vn 0.70586 -0.6208 -0.341129
v 92.7973 -86.8672 704.2
vn 0.964847 0.0910566 0.246533
v 92.8504 -86.6175 703.9
vn 0.713962 -0.636792 -0.291125
v 93.0283 -86.7694 704.5
vn 0.247531 -0.360043 -0.899499
v 93.0283 -86.7694 704.5
vn 0.413432 -0.144672 -0.898968
v 92.8895 -86.4332 702.885
vn -0.220688 0.876764 -0.427295
v 92.8895 -86.4332 704.352
vn -0.614398 0.117857 -0.780144
v 92.8895 -86.4332 704.352
vn 0.783108 0.0510747 -0.619785
v 92.8895 -86.4332 704.352
vn 0.157322 -0.341925 -0.926465
v 92.8895 -86.4332 704.352
vn 0.806462 -0.340304 0.483542
v 93.4604 -86.5545 703.3
vn 0.844705 0.322658 0.427042
v 93.4604 -86.5545 703.3
vn 0.912727 0.348641 -0.213025
v 93.4604 -86.5545 703.3
vn 0.488429 0.295432 0.821071
v 93.2953 -86.5194 703.6
vn 0.844705 0.322658 0.427042
v 93.2953 -86.5194 703.6
vn 0.482963 -0.256442 -0.837248
v 93.2454 -86.2021 702.955
vn 0.912727 0.348641 -0.213025
v 93.2454 -86.2021 702.955
vn -0.0528055 0.931031 -0.3611
v 93.2741 -86.0668 703.3
vn -0.0503572 0.887863 0.457345
v 93.2741 -86.0668 703.3
vn 0.844705 0.322658 0.427042
v 93.2741 -86.0668 703.3
vn 0.912727 0.348641 -0.213025
v 93.2741 -86.0668 703.3
vn -0.220688 0.876764 -0.427295
v 92.4196 -86.3333 704.8
vn 0.218181 0.845447 -0.48746
v 92.6619 -86.0613 706.6
vn 0.190864 0.981463 -0.0173566
v 92.9553 -86.1237 706.3
vn 0.784808 0.605835 -0.13054
v 92.9553 -86.1237 706.3
vn 0.499534 0.14614 -0.853879
v 93.0305 -86.1564 706.6
vn 0.249648 0.967378 0.0430733
v 93.0305 -86.1564 706.6
vn -0.00144874 0.85225 -0.523132
v 93.0305 -86.1564 706.6
vn 0.204739 0.598638 -0.774412
v 93.0305 -86.1564 706.6
vn 0.86272 0.503347 0.0485326
v 93.2541 -86.5107 706.3
vn 0.698129 -0.645595 -0.309553
v 93.183 -86.4956 706.558
vn 0.898669 0.376376 0.225244
v 93.183 -86.4956 706.558
vn 0.507046 0.326063 -0.797864
v 93.183 -86.4956 706.558
vn 0.204739 0.598638 -0.774412
v 93.3077 -85.9087 706.865
vn 0.205199 0.939893 0.272936
v 92.7126 -85.8229 708.7
vn 0.79123 0.605424 0.0861192
v 92.6585 -86.0774 709.244
vn 0.965631 -0.250323 0.0699661
v 92.967 -86.7564 709.3
vn 0.782795 0.152284 0.603359
v 92.967 -86.7564 709.3
vn 0.674298 0.342261 0.654354
v 92.8972 -86.3973 709.3
vn -0.540528 0.78634 -0.299164
v 92.9865 -85.977 707.8
vn 0.316822 0.946217 -0.0655512
v 92.9865 -85.977 707.8
vn 0.807073 0.537045 -0.245391
v 92.9865 -85.977 707.8
vn 0.561033 0.75844 0.331678
v 92.9865 -85.977 707.8
vn 0.954297 -0.184391 0.235197
v 93.2454 -86.2021 708.159
vn 0.516451 0.84201 0.155874
v 93.2454 -86.2021 708.159
vn 0.952043 -0.290025 0.0974698
v 93.2852 -86.0146 708.7
vn 0.807073 0.537045 -0.245391
v 93.2852 -86.0146 708.7
vn 0.646358 0.629206 0.431649
v 93.3258 -85.8238 707.2
vn -0.520702 -0.205368 -0.828669
v 91.2079 -86.3824 711.4
vn -0.679999 0.522327 -0.514564
v 91.999 -86.2942 710.5
vn -0.0410763 0.689888 -0.72275
v 91.999 -86.2942 710.5
vn -0.402257 -0.331698 -0.853326
v 92.0716 -85.9526 710.751
vn 0.0135469 0.589896 -0.807366
v 92.0716 -85.9526 710.751
vn 0.801358 0.591299 0.0905046
v 92.6288 -86.2172 710.5
vn -0.0948722 0.775984 -0.623577
v 92.6288 -86.2172 710.5
vn 0.500081 0.708553 -0.497867
v 92.6288 -86.2172 710.5
vn -0.225423 -0.526153 -0.819968
v 92.6585 -86.0774 710.669
vn 0.529237 0.606584 -0.593265
v 92.6585 -86.0774 710.669
vn 0.334334 -0.460487 -0.822297
v 92.6585 -86.0774 710.669
vn 0.927222 0.360579 -0.101207
v 92.9854 -86.7603 710.2
vn 0.501688 0.785775 -0.361755
v 92.873 -86.5112 710.2
vn 0.980022 0.164272 -0.112124
v 93.0312 -86.77 711.1
vn 0.643346 -0.27166 -0.715756
v 93.0312 -86.77 711.1
vn 0.956857 0.245279 -0.155763
v 92.8988 -86.3896 710.5
vn 0.479486 -0.391464 -0.785397
v 92.9401 -86.1954 710.8
vn 0.982259 0.0636726 -0.176389
v 92.9401 -86.1954 710.8
vn 0.568933 -0.416846 -0.708911
v 93.2194 -86.3244 711.1
vn -0.107912 0.950254 0.292185
v 92.3626 -86.0265 712.6
vn 0.811048 0.583857 -0.0362277
v 93.1165 -86.4814 712
vn 0.284264 0.957551 -0.0478613
v 92.9366 -86.2119 712.3
vn 0.812564 0.581792 -0.035475
v 92.9366 -86.2119 712.3
vn 0.824503 0.561268 -0.0719319
v 92.9456 -86.1695 713.2
vn -0.700069 0.481253 -0.52754
v 92.9719 -86.0457 713.8
vn 0.755283 0.579818 -0.305546
v 92.9719 -86.0457 713.8
vn 0.0697946 0.508166 -0.858426
v 92.9719 -86.0457 713.8
vn 0.485285 -0.300136 -0.821229
v 92.9719 -86.0457 713.8
vn 0.780185 0.586829 -0.216664
v 93.1858 -86.4825 713.5
vn 0.792848 -0.443897 -0.417549
v 93.3669 -86.2279 714.1
vn -0.414496 0.888585 0.196491
v 91.0665 -86.3524 716.113
vn -0.651687 0.12605 -0.747941
v 92.1373 -86.2733 714.7
vn -0.700069 0.481253 -0.52754
v 92.1373 -86.2733 714.7
vn 0.104278 0.895123 -0.433451
v 93.0167 -85.8348 715.9
vn -0.585997 0.766932 -0.261578
v 93.0167 -85.8348 715.9
vn 0.939417 0.281837 0.195099
v 93.4815 -86.2523 715.6
vn 0.657002 0.721811 -0.217572
v 93.316 -85.8697 715.9
vn 0.557321 0.802285 -0.21385
v 92.6608 -85.7712 717.4
vn 0.950606 0.298519 0.0850529
v 93.4356 -86.2426 717.4
vn 0.362455 0.786357 0.500269
v 93.3029 -85.9315 717.4
vn 0.909027 0.387939 0.152228
v 93.3029 -85.9315 717.4
vn 0.941476 0.280585 -0.186803
v 93.4219 -86.2396 718.6
vn 0.587308 0.781623 -0.210085
v 93.3243 -85.9122 718.6
vn 0.938254 0.319784 -0.131976
v 93.3243 -85.9122 718.6
vn -0.221365 0.951794 -0.212335
v 93.0547 -85.656 721
vn 0.475693 0.86313 0.169478
v 93.3609 -85.6588 720.7
vn 0.36088 0.654805 -0.664075
v 93.3609 -85.6588 720.7
vn -0.565463 0.573228 -0.593011
v 92.3712 -85.7096 721.6
vn 0.726582 0.418058 0.545258
v 93.1589 -86.6087 730
vn 0.781568 0.327218 0.531112
v 92.8711 -87.9628 731.877
vn -0.671685 0.174975 -0.719878
v 93.0767 -85.5528 704.356
vn -0.301788 0.739482 -0.601739
v 93.0767 -85.5528 704.356
vn -0.567008 0.131712 -0.813114
v 93.3701 -85.6152 704.132
vn -0.301788 0.739482 -0.601739
v 93.3701 -85.6152 704.132
vn 0.526179 0.582965 -0.619102
v 93.3701 -85.6152 704.132
vn -0.301788 0.739482 -0.601739
v 93.4398 -85.2874 704.5
vn 0.565533 0.821043 0.0778552
v 93.4398 -85.2874 704.5
vn 0.526179 0.582965 -0.619102
v 93.4398 -85.2874 704.5
vn -0.658121 0.549792 -0.514398
v 92.2432 -85.3757 710.5
vn -0.21624 0.840241 0.497228
v 92.2616 -85.0729 710.8
vn 0.444934 -0.448145 -0.77537
v 92.7832 -85.4905 710.259
vn -0.426759 -0.123946 -0.895831
v 92.8456 -85.197 710.188
vn 0.586267 -0.148548 -0.796382
v 92.8456 -85.197 710.188
vn 0.527813 0.730815 -0.432809
v 92.8456 -85.197 710.188
vn -0.0251738 0.799446 0.60021
v 92.9124 -84.883 710.8
vn 0.573913 0.794645 -0.197894
v 92.9124 -84.883 710.8
vn 0.862135 -0.492691 -0.118227
v 93.5604 -85.6557 710.8
vn 0.992566 0.0127549 -0.121038
v 93.5604 -85.6557 710.8
vn 0.801138 0.295788 0.520277
v 93.5971 -85.6635 711.1
vn 0.992566 0.0127549 -0.121038
v 93.5971 -85.6635 711.1
vn 0.653303 0.00839521 -0.75705
v 93.5564 -85.3481 710.8
vn 0.992566 0.0127549 -0.121038
v 93.5564 -85.3481 710.8
vn 0.892176 0.366337 0.264235
v 93.5564 -85.3481 710.8
vn 0.584784 0.809697 0.0491679
v 93.4408 -85.2828 711.1
vn -0.700069 0.481253 -0.52754
v 93.0837 -85.5543 714.1
vn 0.0697946 0.508166 -0.858426
v 93.0837 -85.5543 714.1
vn -0.678924 0.329794 -0.655971
v 93.139 -85.2594 713.952
vn -0.101831 0.380421 -0.91919
v 93.139 -85.2594 713.952
vn -0.597487 0.783524 -0.170588
v 93.2194 -84.8811 714.1
vn -0.101831 0.380421 -0.91919
v 93.2194 -84.8811 714.1
vn 0.22948 0.910836 -0.343098
v 93.2194 -84.8811 714.1
vn 0.313375 0.849728 -0.423979
v 93.4949 -85.0283 714.009
vn 0.18768 -0.0503674 -0.980938
v 93.4949 -85.0283 714.009
vn 0.67907 0.102989 -0.726813
v 93.4949 -85.0283 714.009
vn 0.753643 0.56515 -0.335601
v 93.4949 -85.0283 714.009
vn -0.384219 0.923097 -0.0163611
v 93.0604 -85.5494 716.5
vn -0.602703 0.790364 -0.109884
v 93.236 -84.8032 714.4
vn 0.141612 0.956174 -0.256277
v 93.236 -84.8032 714.4
vn 0.753643 0.56515 -0.335601
v 93.5334 -84.8472 714.4
vn 0.1327 0.895999 0.423766
v 93.5334 -84.8472 714.4
vn 0.754405 0.565721 0.332916
v 93.5334 -84.8472 714.4
vn 0.136113 0.918044 0.372382
v 93.3701 -85.6152 716.854
vn -0.268695 0.962299 -0.0422343
v 93.1382 -85.2633 721.3
vn 0.286219 0.909227 -0.3023
v 93.1382 -85.2633 721.3
vn 0.354875 0.414948 -0.837784
v 93.1382 -85.2633 721.3
vn -0.141171 0.986971 0.0771999
v 93.3833 -85.5533 720.1
vn -0.560871 0.739887 -0.371472
v 93.3388 -85.3019 723.4
vn 0.382412 -0.800536 -0.461415
v 91.8515 -94.8002 715.3
vn 0.644624 -0.762907 0.0493266
v 91.8515 -94.8002 715.3
vn 0.981253 0.183914 0.0576031
v 91.8515 -94.8002 715.3
vn 0.948684 0.24378 0.201418
v 91.8331 -94.7963 715.6
vn 0.842683 0.528681 0.10189
v 91.7924 -94.4809 715.288
vn 0.0921867 -0.987941 -0.124392
v 91.6982 -94.924 717.1
vn 0.640711 -0.763542 -0.0805831
v 91.6982 -94.924 717.1
vn 0.075948 -0.884232 0.460832
v 91.69 -94.9626 717.4
vn 0.65659 -0.751384 -0.0656571
v 91.69 -94.9626 717.4
vn 0.530535 -0.583187 0.615163
v 91.69 -94.9626 717.4
vn 0.65659 -0.751384 -0.0656571
v 91.8469 -94.7992 717.1
vn 0.969283 -0.237913 -0.0623532
v 91.8469 -94.7992 717.1
vn 0.597148 -0.464381 0.654037
v 91.8652 -94.8031 717.4
vn 0.982713 -0.0267629 0.183193
v 91.8652 -94.8031 717.4
vn 0.645462 -0.0871289 -0.758806
v 91.9184 -94.5077 717.1
vn 0.992053 -0.0804214 0.0967655
v 91.9184 -94.5077 717.1
vn 0.911377 0.200751 0.359292
v 91.8251 -94.3266 717.4
vn 0.232558 -0.901714 -0.364458
v 92.0326 -94.7937 718.9
vn 0.734633 -0.678465 0.000493573
v 92.2348 -94.575 718.6
vn 0.733226 -0.0818511 -0.67504
v 92.2348 -94.575 718.6
vn 0.732996 -0.676953 0.0667162
v 92.4714 -94.3186 718.9
vn 0.804526 -0.292892 0.516675
v 92.4714 -94.3186 718.9
vn 0.802491 -0.125906 -0.583228
v 91.9212 -94.2016 720.4
vn 0.863057 -0.501615 -0.0592857
v 91.9212 -94.2016 720.4
vn 0.351973 -0.799577 0.486613
v 91.9396 -94.2055 720.7
vn 0.863057 -0.501615 -0.0592857
v 91.9396 -94.2055 720.7
vn 0.640029 -0.359842 0.678879
v 91.9396 -94.2055 720.7
vn 0.774383 0.312891 0.549936
v 92.0982 -93.9325 720.7
vn 0.863057 -0.501615 -0.0592857
v 92.0982 -93.9325 720.7
vn 0.631419 -0.366985 0.683104
v 92.0982 -93.9325 720.7
vn 0.719592 -0.287261 0.632193
v 92.189 -94.5652 719.2
vn 0.722288 0.485609 0.492427
v 92.2926 -94.2806 719.2
vn 0.650186 -0.449996 0.612178
v 92.0432 -93.9208 722.2
vn 0.911067 -0.412109 -0.0111003
v 92.1698 -93.641 722.2
vn 0.727836 0.579174 -0.367169
v 92.2152 -93.344 723.1
vn 0.461789 0.884422 -0.0674373
v 92.1042 -93.0137 723.344
vn 0.462816 0.886389 0.0107276
v 92.1094 -92.9893 723.7
vn 0.525764 -0.461074 -0.714831
v 92.2105 -93.9564 723.48
vn 0.669402 0.620907 -0.407891
v 92.3855 -93.1334 723.7
vn 0.56511 -0.39243 -0.725707
v 92.5154 -94.0212 723.7
vn 0.473279 -0.84795 0.23872
v 92.5154 -94.0212 723.7
vn 0.898828 -0.405341 -0.166756
v 92.5154 -94.0212 723.7
vn 0.898828 -0.405341 -0.166756
v 92.7679 -93.4615 723.7
vn 0.690638 0.549443 0.470246
v 92.7679 -93.4615 723.7
vn 0.593538 0.691799 -0.41125
v 92.7679 -93.4615 723.7
vn 0.640332 0.0309986 0.767472
v 91.9795 -93.6006 724.588
vn 0.720935 -0.0308319 0.692317
v 92.0418 -93.3072 724.536
vn 0.748369 0.389063 -0.53719
v 92.0418 -93.3072 724.677
vn 0.565623 -0.605119 -0.560269
v 92.0418 -93.3072 724.677
vn 0.328673 -0.107907 -0.938259
v 92.2216 -93.3454 724.9
vn 0.565623 -0.605119 -0.560269
v 92.2216 -93.3454 724.9
vn 0.544878 0.791496 0.276842
v 92.1893 -93.0318 726.1
vn 0.525687 0.382456 0.759856
v 92.1893 -93.0318 726.1
vn 0.453151 -0.881063 0.13558
v 92.5016 -94.0303 725.5
vn 0.898828 -0.405341 -0.166756
v 92.6925 -93.7521 724
vn 0.724573 0.309606 0.615741
v 92.6925 -93.7521 724
vn 0.624266 0.603143 -0.496498
v 92.6287 -93.4319 725.062
vn 0.642981 0.613148 -0.458939
v 92.6858 -93.1637 725.5
vn 0.453151 -0.881063 0.13558
v 92.8569 -93.8013 725.8
vn 0.926237 -0.256115 0.276568
v 92.8569 -93.8013 725.8
vn 0.513577 -0.478134 -0.712479
v 92.9355 -93.8038 725.5
vn 0.925464 -0.289232 0.244666
v 92.9355 -93.8038 725.5
vn 0.926237 -0.256115 0.276568
v 93.0253 -93.5162 725.5
vn 0.639411 0.615942 -0.460184
v 93.0253 -93.5162 725.5
vn 0.708641 0.682631 0.178446
v 93.0253 -93.5162 725.5
vn 0.925052 -0.222456 0.307884
v 92.9222 -93.4943 725.826
vn 0.637837 -0.198016 0.744281
v 92.9222 -93.4943 725.826
vn 0.651829 0.715066 0.252586
v 92.9222 -93.4943 725.826
vn 0.593169 -0.337045 0.73113
v 92.2043 -93.6484 726.4
vn 0.953938 0.062961 0.293324
v 92.2043 -93.6484 726.4
vn 0.525687 0.382456 0.759856
v 92.2043 -93.6484 726.4
vn 0.644269 -0.758769 -0.0958494
v 92.1838 -93.3373 726.4
vn 0.820122 0.137417 -0.555443
v 92.1838 -93.3373 726.4
vn 0.818643 0.0774353 0.569058
v 92.2826 -93.3583 727.6
vn 0.992877 0.0715616 -0.0952598
v 92.2826 -93.3583 727.6
vn 0.746115 -0.092364 -0.65938
v 92.3672 -93.2195 726.7
vn 0.801976 -0.240945 -0.546607
v 92.6017 -93.1195 727
vn 0.93957 0.245763 0.238345
v 92.6017 -93.1195 727
vn 0.865034 0.102185 0.491197
v 92.4733 -93.0922 727.3
vn 0.987692 0.119401 -0.101036
v 92.377 -93.0717 728.8
vn 0.326156 -0.870061 -0.369615
v 92.377 -93.0717 728.8
vn 0.744349 -0.0235615 -0.667375
v 92.377 -93.0717 728.8
vn 0.569796 -0.811602 0.128973
v 92.3353 -93.3695 729.464
vn 0.970073 -0.080248 0.22917
v 92.4962 -93.097 730
vn 0.971608 -0.114039 0.207299
v 92.3977 -93.0761 730.425
vn 0.195702 -0.205618 -0.958865
v 92.3977 -93.0761 730.425
vn 0.669273 -0.269539 -0.692404
v 92.6911 -93.1385 729.153
vn 0.568386 -0.821807 0.0396252
v 92.6911 -93.1385 729.153
vn 0.0804734 -0.996752 -0.00307114
v 93.2366 -93.4581 730.9
vn 0.546391 -0.466909 0.695308
v 92.024 -93.3913 732.4
vn 0.700879 -0.710167 0.066567
v 93.5484 -93.4338 731.2
vn 0.0916784 -0.992485 0.0810491
v 93.5484 -93.4338 731.2
vn 0.517574 -0.524433 0.676082
v 93.5484 -93.4338 731.2
vn 0.97921 0.193965 -0.0593666
v 92.2377 -92.7354 727.6
vn 0.706149 0.595196 0.383531
v 92.2377 -92.7354 727.6
vn 0.873855 0.480028 0.0771393
v 92.4961 -92.7903 726.7
vn 0.538981 0.714661 -0.445824
v 92.4961 -92.7903 726.7
vn 0.632157 -0.194102 -0.750135
v 92.3867 -92.767 728.8
vn 0.587366 0.38068 -0.714201
v 92.3867 -92.767 728.8
vn 0.218342 -0.241821 -0.945436
v 92.511 -92.4868 730.3
vn 0.705641 0.550616 -0.445975
v 92.3487 -92.1456 729.1
vn 0.751147 0.417525 0.511323
v 92.4449 -92.166 729.7
vn 0.692813 0.715878 -0.0867662
v 92.4449 -92.166 729.7
vn 0.764841 0.635756 0.104078
v 92.5899 -91.8901 730.6
vn 0.703311 0.16569 0.691303
v 92.5212 -92.7956 730
vn 0.790801 0.459877 0.403914
v 92.8029 -92.5488 729.4
vn 0.62573 0.763065 0.161842
v 92.8499 -92.2521 730.9
vn 0.702802 0.445269 -0.554802
v 92.8097 -92.857 729.1
vn 0.721558 -0.408638 -0.5589
v 93.0171 -92.9011 729.4
vn 0.759791 0.462082 -0.457382
v 93.0171 -92.9011 729.4
vn 0.776175 0.472046 0.418001
v 93.0171 -92.9011 729.4
vn 0.684497 0.171367 -0.708588
v 92.7535 -92.845 730.448
vn 0.166755 0.372753 -0.912824
v 92.7535 -92.845 730.448
vn 0.322836 0.349684 -0.879487
v 93.0469 -92.9074 730.476
vn 0.382666 0.878483 0.286067
v 93.1566 -92.3916 730.9
vn 0.496927 0.755038 0.427762
v 93.7201 -92.6264 730.9
vn 0.906366 0.411655 0.0950811
v 93.7201 -92.6264 730.9
vn 0.700879 -0.710167 0.066567
v 93.929 -93.0864 730.9
vn 0.457871 0.207957 -0.864354
v 93.929 -93.0864 730.9
vn 0.906366 0.411655 0.0950811
v 93.929 -93.0864 730.9
vn 0.549565 0.57621 0.604946
v 92.6843 -91.6035 733
vn 0.344989 -0.291094 0.892327
v 92.7407 -92.5356 733
vn 0.906896 -0.0887249 -0.411907
v 92.7508 -92.231 731.5
vn 0.707864 0.40509 0.578645
v 92.7535 -92.845 732.202
vn 0.612469 -0.785408 0.0895287
v 92.7535 -92.845 732.202
vn 0.876361 -0.47799 0.0592953
v 92.7535 -92.845 732.202
vn 0.740079 -0.497198 -0.452854
v 92.7535 -92.845 732.202
vn 0.707481 0.5002 0.49927
v 92.9278 -92.5754 731.8
vn 0.876361 -0.47799 0.0592953
v 92.9278 -92.5754 731.8
vn 0.876361 -0.47799 0.0592953
v 93.0595 -92.2967 732.1
vn 0.567467 -0.598092 -0.565922
v 93.0595 -92.2967 732.1
vn 0.858725 -0.205958 0.469225
v 93.058 -91.4122 732.4
vn 0.921472 0.378433 0.0876248
v 93.058 -91.4122 732.4
vn 0.693528 0.45613 0.557642
v 93.0469 -92.9074 731.887
vn 0.536703 -0.196556 -0.820558
v 93.4437 -92.3783 732.4
vn 0.822225 -0.456781 -0.339554
v 93.4437 -92.3783 732.4
vn 0.150769 -0.388591 0.908992
v 93.2514 -92.3374 733
vn 0.478226 0.12227 0.869684
v 93.2514 -92.3374 733
vn 0.259328 0.656682 0.708179
v 93.3047 -91.6946 732.7
vn 0.822225 -0.456781 -0.339554
v 93.5545 -92.4019 732.7
vn 0.994313 -0.0390274 0.0990928
v 93.5545 -92.4019 732.7
vn 0.700207 -0.0274836 0.713411
v 93.5545 -92.4019 732.7
vn 0.679049 0.423669 -0.599497
v 93.5961 -92.104 732.4
vn 0.822225 -0.456781 -0.339554
v 93.5961 -92.104 732.4
vn 0.994313 -0.0390274 0.0990928
v 93.5961 -92.104 732.4
vn 0.659916 0.710176 -0.245276
v 93.5757 -91.8627 732.7
vn 0.994313 -0.0390274 0.0990928
v 93.5757 -91.8627 732.7
vn 0.534336 -0.434728 0.724912
v 93.8984 -93.0884 731.2
vn 0.906366 0.411655 0.0950811
v 93.8984 -93.0884 731.2
vn 0.59574 0.568153 0.567711
v 93.8984 -93.0884 731.2
vn 0.981162 -0.19276 -0.0128595
v 93.4098 -89.6108 732.1
vn 0.0889858 0.338115 -0.936888
v 93.4764 -86.5579 690.07
vn 0.46071 0.853303 -0.244174
v 93.4764 -86.5579 690.07
vn 0.967749 0.0308916 -0.250015
v 93.4764 -86.5579 690.07
vn 0.81515 -0.466779 0.342999
v 93.4136 -87.158 690.4
vn 0.810537 -0.471112 0.347971
v 93.5722 -86.885 690.4
vn 0.628222 0.457702 0.629163
v 93.4576 -86.8606 690.7
vn 0.924433 0.174568 0.339042
v 93.4576 -86.8606 690.7
vn 0.612809 0.446472 0.652018
v 93.4945 -86.4731 690.4
vn 0.0778962 0.984198 0.159019
v 93.4945 -86.4731 690.4
vn 0.97527 0.184168 0.122194
v 93.4945 -86.4731 690.4
vn 0.711336 -0.294252 -0.638292
v 93.6484 -86.5945 694.9
vn 0.760759 -0.173167 -0.625506
v 93.5388 -86.2645 694.626
vn 0.534737 0.558657 -0.634002
v 93.5388 -86.2645 694.626
vn 0.876468 -0.27255 0.396888
v 93.4141 -86.8514 695.904
vn 0.563791 0.555327 0.611352
v 93.4764 -86.5579 695.968
vn 0.246952 0.312738 -0.917175
v 93.5094 -86.4028 697
vn -0.304013 -0.384999 -0.871408
v 93.5094 -86.4028 697
vn 0.808861 -0.0762208 -0.583038
v 93.9446 -86.3507 695.2
vn 0.861283 -0.101258 0.497934
v 93.9446 -86.3507 695.2
vn 0.819655 0.0765138 -0.567724
v 93.9088 -85.9669 695.2
vn 0.459747 0.559471 0.689655
v 93.9088 -85.9669 695.2
vn 0.223504 0.948685 0.223702
v 93.9088 -85.9669 695.2
vn 0.841551 0.0785577 0.534434
v 93.9088 -85.9669 695.2
vn 0.916628 -0.399539 0.0126987
v 94.5315 -85.9228 697
vn 0.748571 0.349433 0.563504
v 93.6493 -85.9813 700.9
vn 0.82988 -0.252533 0.49752
v 93.6493 -85.9813 700.9
vn 0.837754 -0.534138 -0.11342
v 93.8591 -86.0259 704.5
vn 0.499534 0.14614 -0.853879
v 93.5388 -86.2645 706.879
vn 0.901008 0.120418 0.416754
v 93.8511 -86.0242 704.8
vn 0.824966 0.471426 0.311751
v 93.6027 -85.9641 706.9
vn 0.207454 0.94563 -0.250495
v 93.6027 -85.9641 706.9
vn 0.941003 -0.179866 -0.286639
v 93.6027 -85.9641 706.9
vn 0.474256 -0.0389811 -0.879524
v 93.6027 -85.9641 706.9
vn 0.915767 0.31707 0.246653
v 93.6328 -86.2845 707.2
vn 0.92382 -0.140411 0.356147
v 93.5388 -86.2645 707.523
vn 0.887797 0.264587 -0.376576
v 93.7319 -85.9988 719.5
vn 0.727266 0.68128 -0.0833145
v 93.7319 -85.9988 719.5
vn 0.77513 0.627816 -0.0708632
v 93.7135 -85.9949 719.8
vn 0.959442 -0.148927 -0.239359
v 93.9099 -85.9614 720.7
vn 0.632129 0.576218 -0.51806
v 93.9099 -85.9614 720.7
vn 0.924489 0.320473 0.206438
v 94.1337 -87.0043 728.2
vn 0.948314 -0.269473 -0.167584
v 94.3481 -86.4365 728.5
vn 0.751073 0.329551 0.572089
v 94.3481 -86.4365 728.5
vn 0.752705 0.510112 0.416198
v 93.3132 -87.3259 730.6
vn 0.183078 0.947031 0.263848
v 93.3132 -87.3259 730.6
vn 0.84901 0.0843915 0.521593
v 93.773 -87.5411 729.7
vn 0.982356 0.00946383 0.186781
v 93.6177 -87.5081 730.9
vn 0.679492 0.311824 0.66412
v 93.6177 -87.5081 730.9
vn 0.888332 0.435794 0.144739
v 93.6451 -87.2072 729.854
vn 0.37913 0.8727 0.307662
v 93.6451 -87.2072 729.854
vn 0.73837 0.6639 0.118519
v 93.9476 -86.0447 728.8
vn 0.735016 0.322505 0.596441
v 93.9476 -86.0447 728.8
vn 0.76037 0.290078 0.581113
v 94.2444 -86.7212 728.8
vn -0.185977 -0.393351 -0.900382
v 93.957 -85.74 696.599
vn -0.113019 0.133987 -0.984517
v 93.957 -85.74 696.599
vn 0.763396 -0.111386 0.636254
v 94.2504 -85.8023 697.419
vn 0.0076776 0.109389 -0.993969
v 94.3128 -85.5089 696.59
vn 0.22206 0.673455 -0.705087
v 94.3128 -85.5089 696.59
vn 0.343376 0.638845 0.688455
v 94.3367 -85.3966 697
vn 0.490382 0.851474 0.185789
v 94.3367 -85.3966 697
vn 0.334693 -0.92785 -0.164545
v 94.5439 -85.8647 696.698
vn 0.894374 -0.44464 -0.0488872
v 94.5439 -85.8647 696.698
vn 0.22206 0.673455 -0.705087
v 94.6063 -85.5713 696.623
vn 0.684731 0.444642 -0.57744
v 94.6063 -85.5713 696.623
vn 0.916628 -0.399539 0.0126987
v 94.6819 -85.5873 696.7
vn 0.684731 0.444642 -0.57744
v 94.6819 -85.5873 696.7
vn 0.8375 0.543846 0.0531561
v 94.6819 -85.5873 696.7
vn 0.053623 0.962293 -0.266679
v 94.6223 -85.4956 696.7
vn 0.684731 0.444642 -0.57744
v 94.6223 -85.4956 696.7
vn 0.684141 0.718885 0.123107
v 94.6223 -85.4956 696.7
vn 0.756375 -0.285265 0.588661
v 94.6598 -85.5827 697
vn 0.684141 0.718885 0.123107
v 94.6598 -85.5827 697
vn 0.36351 0.63118 0.68518
v 94.6598 -85.5827 697
vn -0.576186 0.68218 -0.450156
v 94.0194 -85.4465 699.384
vn -0.27507 0.960568 -0.040561
v 94.0735 -85.1921 699.7
vn -0.0227446 0.78815 0.615063
v 94.0735 -85.1921 699.7
vn -0.294719 0.284633 -0.912209
v 94.3128 -85.5089 699.252
vn -0.131649 0.494049 -0.859409
v 94.3972 -85.112 699.4
vn -0.0708226 0.996512 -0.0441303
v 94.3972 -85.112 699.4
vn -0.205333 0.717041 0.666101
v 94.4 -85.0985 699.7
vn 0.644146 -0.218789 -0.732944
v 94.6063 -85.5713 699.313
vn 0.693893 -0.0696969 0.716698
v 94.7323 -85.5981 699.7
vn 0.9866 -0.0552816 0.15351
v 94.7323 -85.5981 699.7
vn -0.0400757 0.540241 -0.840555
v 94.6686 -85.2778 699.28
vn 0.644146 -0.218789 -0.732944
v 94.6686 -85.2778 699.28
vn 0.663838 0.439075 -0.605419
v 94.6686 -85.2778 699.28
vn 0.821047 -0.484865 -0.301309
v 94.7955 -85.3048 699.4
vn 0.9866 -0.0552816 0.15351
v 94.7955 -85.3048 699.4
vn 0.663838 0.439075 -0.605419
v 94.7955 -85.3048 699.4
vn 0.829044 0.548345 0.109557
v 94.7955 -85.3048 699.4
vn 0.512967 0.848019 0.133147
v 94.6951 -85.1531 699.4
vn 0.663838 0.439075 -0.605419
v 94.6951 -85.1531 699.4
vn 0.58374 0.710031 0.393833
v 94.7493 -85.295 699.7
vn 0.9866 -0.0552816 0.15351
v 94.7493 -85.295 699.7
vn 0.281964 0.763511 0.580988
v 93.6991 -85.5102 700.3
vn -0.6398 0.768495 0.00837819
v 93.6991 -85.5102 700.3
vn 0.722827 -0.062576 0.68819
v 94.3128 -85.5089 700.115
vn 0.35271 0.627122 0.694489
v 94.3128 -85.5089 700.115
vn 0.966012 -0.257041 0.027409
v 93.9364 -85.7356 704.5
vn 0.848571 0.239641 0.471699
v 93.9364 -85.7356 704.5
vn 0.526179 0.582965 -0.619102
v 93.9364 -85.7356 704.5
vn 0.668468 0.740611 -0.0681638
v 93.9364 -85.7356 704.5
vn 0.658826 -0.385471 -0.646035
v 93.6636 -85.6776 714.074
vn 0.0297439 -0.245 -0.969067
v 93.6636 -85.6776 714.074
vn 0.67907 0.102989 -0.726813
v 93.6636 -85.6776 714.074
vn 0.67907 0.102989 -0.726813
v 93.9758 -85.4373 714.4
vn 0.753643 0.56515 -0.335601
v 93.9758 -85.4373 714.4
vn 0.753937 0.573455 0.320513
v 93.9758 -85.4373 714.4
vn 0.898379 0.0885384 0.430205
v 93.9758 -85.4373 714.4
vn -0.114522 0.618339 -0.777522
v 93.6933 -85.5378 721
vn 0.429668 0.756791 -0.492598
v 93.6933 -85.5378 721
vn 0.52403 0.236943 -0.818077
v 94.0744 -85.4582 721.6
vn -0.127503 0.990998 0.040808
v 94.1076 -85.0316 723.1
vn 0.0189696 0.787024 -0.616631
v 94.1076 -85.0316 723.1
vn 0.168315 0.855205 -0.490199
v 94.1441 -84.8596 723.321
vn 0.857775 0.365727 -0.361202
v 94.2505 -85.8024 721.67
vn 0.596893 0.145693 -0.788982
v 94.2505 -85.8024 721.67
vn 0.915048 -0.0583493 -0.399102
v 94.3128 -85.5089 721.771
vn 0.48405 0.282052 -0.828337
v 94.3942 -85.1261 721.9
vn 0.970454 -0.0597515 -0.23377
v 94.3942 -85.1261 721.9
vn 0.798902 0.598868 -0.0558009
v 94.3942 -85.1261 721.9
vn 0.168315 0.855205 -0.490199
v 94.4127 -85.0389 723.1
vn 0.773541 0.633597 -0.0137659
v 94.4127 -85.0389 723.1
vn 0.831173 0.546847 0.100547
v 94.6022 -85.2637 723.4
vn -0.0542529 0.947829 0.314127
v 93.9106 -84.5153 724
vn 0.310433 0.886665 -0.34272
v 93.9106 -84.5153 724
vn 0.776087 0.618518 0.12298
v 93.9106 -84.5153 724
vn 0.869142 0.446197 0.21331
v 93.9639 -85.7414 727
vn 0.73837 0.6639 0.118519
v 93.9639 -85.7414 727
vn 0.929368 -0.180832 -0.321832
v 93.9639 -85.7414 727
f 9//9 8//8 4//4
f 31//31 4//4 8//8
f 1//1 5//5 45//45
f 2//2 30//30 973//973
f 975//975 974//974 3//3
f 45//45 976//976 1//1
f 30//30 2//2 4//4
f 4//4 975//975 3//3
f 976//976 45//45 980//980
f 3//3 9//9 4//4
f 973//973 29//29 977//977
f 992//992 27//27 978//978
f 29//29 973//973 30//30
f 979//979 990//990 999//999
f 8//8 9//9 7//7
f 31//31 7//7 6//6
f 7//7 18//18 6//6
f 7//7 981//981 10//10
f 10//10 18//18 7//7
f 15//15 11//11 13//13
f 11//11 18//18 12//12
f 18//18 24//24 12//12
f 11//11 14//14 13//13
f 12//12 16//16 14//14
f 12//12 14//14 11//11
f 14//14 19//19 13//13
f 6//6 11//11 15//15
f 11//11 6//6 18//18
f 13//13 17//17 15//15
f 24//24 16//16 12//12
f 17//17 13//13 19//19
f 14//14 20//20 19//19
f 16//16 20//20 14//14
f 24//24 20//20 16//16
f 15//15 17//17 33//33
f 17//17 21//21 33//33
f 19//19 21//21 17//17
f 19//19 22//22 21//21
f 19//19 20//20 23//23
f 19//19 23//23 22//22
f 33//33 21//21 57//57
f 28//28 991//991 25//25
f 26//26 28//28 25//25
f 988//988 984//984 38//38
f 40//40 995//995 985//985
f 990//990 28//28 26//26
f 986//986 29//29 39//39
f 39//39 29//29 31//31
f 987//987 27//27 992//992
f 990//990 26//26 41//41
f 4//4 31//31 30//30
f 8//8 7//7 31//31
f 31//31 29//29 30//30
f 980//980 45//45 982//982
f 982//982 45//45 48//48
f 48//48 52//52 982//982
f 6//6 983//983 61//61
f 6//6 61//61 31//31
f 18//18 982//982 32//32
f 52//52 32//32 982//982
f 33//33 54//54 15//15
f 54//54 61//61 983//983
f 58//58 54//54 33//33
f 58//58 55//55 54//54
f 58//58 33//33 57//57
f 21//21 22//22 57//57
f 24//24 23//23 20//20
f 23//23 57//57 22//22
f 57//57 23//23 34//34
f 23//23 24//24 34//34
f 18//18 32//32 24//24
f 35//35 34//34 24//24
f 32//32 36//36 24//24
f 37//37 36//36 32//32
f 36//36 35//35 24//24
f 35//35 36//36 993//993
f 35//35 57//57 34//34
f 35//35 993//993 60//60
f 40//40 67//67 995//995
f 997//997 39//39 65//65
f 997//997 986//986 39//39
f 996//996 43//43 989//989
f 41//41 26//26 42//42
f 42//42 990//990 41//41
f 999//999 990//990 42//42
f 989//989 43//43 998//998
f 43//43 44//44 998//998
f 44//44 46//46 998//998
f 46//46 1000//1000 998//998
f 47//47 44//44 43//43
f 44//44 47//47 46//46
f 65//65 39//39 31//31
f 47//47 1000//1000 46//46
f 48//48 45//45 49//49
f 53//53 48//48 49//49
f 52//52 48//48 53//53
f 1001//1001 47//47 50//50
f 47//47 1001//1001 1000//1000
f 50//50 75//75 1003//1003
f 1001//1001 50//50 1004//1004
f 50//50 47//47 75//75
f 32//32 1005//1005 51//51
f 75//75 1002//1002 1003//1003
f 52//52 53//53 32//32
f 51//51 37//37 32//32
f 1002//1002 64//64 994//994
f 55//55 58//58 56//56
f 56//56 58//58 59//59
f 56//56 59//59 71//71
f 60//60 58//58 57//57
f 58//58 60//60 59//59
f 71//71 59//59 60//60
f 71//71 60//60 85//85
f 60//60 63//63 85//85
f 63//63 60//60 993//993
f 57//57 35//35 60//60
f 64//64 1002//1002 62//62
f 65//65 67//67 40//40
f 67//67 74//74 996//996
f 996//996 74//74 43//43
f 47//47 43//43 74//74
f 68//68 65//65 31//31
f 31//31 61//61 68//68
f 69//69 1006//1006 62//62
f 75//75 62//62 1002//1002
f 54//54 70//70 66//66
f 54//54 55//55 70//70
f 55//55 56//56 71//71
f 64//64 62//62 1007//1007
f 1007//1007 994//994 64//64
f 61//61 54//54 66//66
f 66//66 70//70 98//98
f 70//70 55//55 71//71
f 65//65 68//68 73//73
f 61//61 66//66 90//90
f 90//90 68//68 61//61
f 91//91 62//62 75//75
f 66//66 98//98 90//90
f 69//69 76//76 1006//1006
f 70//70 71//71 85//85
f 130//130 70//70 85//85
f 77//77 72//72 65//65
f 72//72 77//77 78//78
f 72//72 67//67 65//65
f 80//80 67//67 72//72
f 65//65 73//73 81//81
f 68//68 81//81 73//73
f 78//78 80//80 72//72
f 67//67 80//80 74//74
f 47//47 74//74 75//75
f 91//91 69//69 62//62
f 1006//1006 76//76 82//82
f 82//82 76//76 92//92
f 63//63 86//86 85//85
f 82//82 1008//1008 1006//1006
f 81//81 77//77 65//65
f 79//79 80//80 89//89
f 79//79 89//89 83//83
f 79//79 75//75 74//74
f 74//74 80//80 79//79
f 84//84 91//91 75//75
f 97//97 68//68 90//90
f 92//92 76//76 69//69
f 69//69 91//91 92//92
f 1008//1008 82//82 92//92
f 1012//1012 98//98 70//70
f 81//81 87//87 77//77
f 80//80 78//78 88//88
f 87//87 78//78 77//77
f 87//87 88//88 78//78
f 89//89 80//80 88//88
f 93//93 81//81 68//68
f 81//81 93//93 87//87
f 79//79 83//83 75//75
f 83//83 84//84 75//75
f 91//91 107//107 92//92
f 102//102 88//88 87//87
f 101//101 87//87 93//93
f 89//89 88//88 114//114
f 1008//1008 92//92 100//100
f 92//92 107//107 100//100
f 1008//1008 99//99 109//109
f 99//99 1008//1008 100//100
f 122//122 130//130 85//85
f 101//101 102//102 87//87
f 97//97 104//104 68//68
f 93//93 68//68 104//104
f 97//97 90//90 94//94
f 96//96 97//97 94//94
f 96//96 95//95 97//97
f 96//96 94//94 105//105
f 105//105 94//94 90//90
f 96//96 103//103 95//95
f 103//103 97//97 95//95
f 84//84 107//107 91//91
f 99//99 112//112 109//109
f 121//121 99//99 100//100
f 85//85 86//86 122//122
f 114//114 88//88 102//102
f 97//97 103//103 104//104
f 105//105 113//113 96//96
f 113//113 103//103 96//96
f 103//103 113//113 104//104
f 124//124 101//101 93//93
f 124//124 93//93 104//104
f 83//83 106//106 84//84
f 89//89 106//106 83//83
f 112//112 99//99 108//108
f 108//108 99//99 121//121
f 1008//1008 109//109 110//110
f 109//109 111//111 110//110
f 109//109 120//120 111//111
f 110//110 116//116 1008//1008
f 116//116 110//110 111//111
f 116//116 111//111 120//120
f 112//112 108//108 121//121
f 114//114 102//102 137//137
f 89//89 153//153 106//106
f 84//84 106//106 156//156
f 107//107 84//84 156//156
f 98//98 138//138 155//155
f 155//155 90//90 98//98
f 1008//1008 115//115 131//131
f 115//115 134//134 131//131
f 115//115 118//118 135//135
f 135//135 134//134 115//115
f 1009//1009 116//116 117//117
f 116//116 120//120 117//117
f 115//115 1008//1008 116//116
f 118//118 115//115 116//116
f 1010//1010 117//117 119//119
f 119//119 117//117 120//120
f 119//119 120//120 136//136
f 136//136 1010//1010 119//119
f 121//121 136//136 112//112
f 120//120 109//109 112//112
f 120//120 112//112 136//136
f 128//128 127//127 121//121
f 122//122 147//147 130//130
f 146//146 147//147 1011//1011
f 131//131 132//132 123//123
f 146//146 1011//1011 123//123
f 146//146 123//123 132//132
f 123//123 1011//1011 1008//1008
f 131//131 123//123 1008//1008
f 113//113 152//152 104//104
f 104//104 152//152 124//124
f 137//137 124//124 152//152
f 137//137 101//101 124//124
f 101//101 137//137 102//102
f 89//89 114//114 153//153
f 113//113 105//105 155//155
f 155//155 105//105 90//90
f 100//100 129//129 128//128
f 100//100 107//107 125//125
f 129//129 100//100 125//125
f 126//126 125//125 107//107
f 156//156 126//126 107//107
f 98//98 157//157 138//138
f 1013//1013 1010//1010 136//136
f 145//145 128//128 168//168
f 100//100 128//128 121//121
f 129//129 168//168 128//128
f 168//168 129//129 125//125
f 126//126 170//170 125//125
f 131//131 134//134 133//133
f 133//133 132//132 131//131
f 133//133 146//146 132//132
f 134//134 135//135 133//133
f 133//133 135//135 140//140
f 146//146 133//133 140//140
f 148//148 136//136 121//121
f 127//127 128//128 145//145
f 147//147 150//150 130//130
f 113//113 155//155 151//151
f 156//156 106//106 153//153
f 157//157 154//154 138//138
f 179//179 155//155 138//138
f 168//168 125//125 170//170
f 156//156 1024//1024 126//126
f 140//140 139//139 146//146
f 136//136 141//141 1013//1013
f 1014//1014 1018//1018 1016//1016
f 1015//1015 1017//1017 142//142
f 1016//1016 1018//1018 1019//1019
f 141//141 148//148 161//161
f 148//148 141//141 136//136
f 145//145 143//143 127//127
f 148//148 121//121 127//127
f 148//148 127//127 143//143
f 145//145 144//144 143//143
f 166//166 144//144 145//145
f 159//159 182//182 98//98
f 157//157 98//98 182//182
f 1012//1012 159//159 98//98
f 147//147 146//146 169//169
f 169//169 146//146 139//139
f 141//141 161//161 142//142
f 162//162 161//161 148//148
f 149//149 148//148 143//143
f 152//152 177//177 137//137
f 152//152 113//113 151//151
f 151//151 190//190 152//152
f 152//152 190//190 177//177
f 179//179 138//138 154//154
f 143//143 158//158 149//149
f 1020//1020 143//143 144//144
f 165//165 1020//1020 144//144
f 144//144 166//166 165//165
f 145//145 168//168 185//185
f 1022//1022 1015//1015 160//160
f 1015//1015 142//142 160//160
f 161//161 160//160 142//142
f 161//161 162//162 160//160
f 173//173 1023//1023 162//162
f 1022//1022 160//160 1021//1021
f 162//162 148//148 163//163
f 165//165 164//164 171//171
f 164//164 165//165 196//196
f 171//171 172//172 163//163
f 163//163 148//148 149//149
f 149//149 171//171 163//163
f 166//166 196//196 165//165
f 158//158 171//171 149//149
f 165//165 171//171 1020//1020
f 196//196 166//166 205//205
f 167//167 166//166 145//145
f 167//167 205//205 166//166
f 167//167 145//145 185//185
f 205//205 167//167 185//185
f 168//168 170//170 185//185
f 175//175 150//150 147//147
f 175//175 147//147 176//176
f 151//151 180//180 190//190
f 157//157 182//182 181//181
f 179//179 154//154 157//157
f 164//164 184//184 171//171
f 172//172 183//183 163//163
f 183//183 172//172 171//171
f 184//184 183//183 171//171
f 173//173 174//174 195//195
f 195//195 174//174 186//186
f 174//174 163//163 186//186
f 162//162 174//174 173//173
f 163//163 174//174 162//162
f 164//164 196//196 184//184
f 159//159 1012//1012 206//206
f 130//130 150//150 175//175
f 204//204 1023//1023 173//173
f 267//267 177//177 190//190
f 177//177 178//178 137//137
f 193//193 137//137 178//178
f 155//155 179//179 180//180
f 153//153 114//114 208//208
f 181//181 179//179 157//157
f 180//180 179//179 181//181
f 156//156 153//153 1024//1024
f 159//159 200//200 182//182
f 186//186 163//163 183//183
f 211//211 200//200 159//159
f 206//206 211//211 159//159
f 176//176 197//197 188//188
f 147//147 197//197 176//176
f 197//197 147//147 169//169
f 169//169 1025//1025 197//197
f 1025//1025 173//173 195//195
f 175//175 176//176 187//187
f 187//187 176//176 188//188
f 155//155 180//180 151//151
f 189//189 190//190 180//180
f 177//177 191//191 178//178
f 178//178 192//192 193//193
f 192//192 178//178 191//191
f 199//199 191//191 177//177
f 191//191 199//199 192//192
f 192//192 199//199 193//193
f 193//193 199//199 208//208
f 208//208 137//137 193//193
f 208//208 114//114 137//137
f 180//180 181//181 233//233
f 189//189 180//180 220//220
f 194//194 1024//1024 153//153
f 153//153 210//210 194//194
f 194//194 185//185 170//170
f 195//195 216//216 1025//1025
f 198//198 216//216 195//195
f 130//130 201//201 206//206
f 201//201 130//130 175//175
f 201//201 175//175 202//202
f 187//187 207//207 175//175
f 188//188 197//197 203//203
f 198//198 195//195 186//186
f 189//189 220//220 190//190
f 199//199 177//177 267//267
f 208//208 199//199 225//225
f 153//153 208//208 210//210
f 180//180 233//233 220//220
f 209//209 182//182 200//200
f 209//209 181//181 182//182
f 185//185 194//194 245//245
f 212//212 201//201 202//202
f 207//207 202//202 175//175
f 197//197 1025//1025 203//203
f 1025//1025 221//221 203//203
f 216//216 221//221 1025//1025
f 217//217 186//186 183//183
f 218//218 184//184 196//196
f 183//183 184//184 217//217
f 217//217 184//184 218//218
f 205//205 237//237 196//196
f 223//223 196//196 237//237
f 205//205 185//185 245//245
f 206//206 201//201 219//219
f 207//207 214//214 202//202
f 207//207 187//187 214//214
f 1026//1026 187//187 188//188
f 199//199 267//267 225//225
f 220//220 267//267 190//190
f 194//194 210//210 245//245
f 239//239 245//245 210//210
f 230//230 226//226 211//211
f 206//206 230//230 211//211
f 201//201 212//212 219//219
f 213//213 214//214 222//222
f 212//212 202//202 213//213
f 213//213 202//202 214//214
f 188//188 215//215 1026//1026
f 215//215 188//188 203//203
f 222//222 1026//1026 215//215
f 215//215 203//203 221//221
f 215//215 221//221 222//222
f 198//198 186//186 217//217
f 236//236 198//198 217//217
f 196//196 223//223 218//218
f 206//206 219//219 230//230
f 209//209 200//200 234//234
f 233//233 209//209 234//234
f 226//226 200//200 211//211
f 213//213 222//222 212//212
f 236//236 221//221 216//216
f 222//222 221//221 227//227
f 216//216 198//198 236//236
f 236//236 217//217 229//229
f 229//229 217//217 218//218
f 209//209 233//233 181//181
f 233//233 232//232 220//220
f 267//267 220//220 224//224
f 210//210 208//208 1029//1029
f 235//235 212//212 222//222
f 235//235 222//222 227//227
f 219//219 212//212 235//235
f 220//220 232//232 224//224
f 252//252 233//233 234//234
f 226//226 234//234 200//200
f 227//227 283//283 235//235
f 283//283 227//227 228//228
f 221//221 228//228 227//227
f 228//228 221//221 236//236
f 218//218 231//231 229//229
f 218//218 223//223 251//251
f 251//251 231//231 218//218
f 251//251 223//223 237//237
f 230//230 235//235 240//240
f 235//235 230//230 219//219
f 250//250 236//236 229//229
f 250//250 229//229 231//231
f 250//250 231//231 251//251
f 226//226 246//246 253//253
f 226//226 1030//1030 234//234
f 226//226 230//230 246//246
f 283//283 240//240 235//235
f 205//205 245//245 237//237
f 246//246 230//230 240//240
f 283//283 228//228 238//238
f 228//228 236//236 238//238
f 283//283 238//238 247//247
f 247//247 238//238 236//236
f 236//236 250//250 242//242
f 251//251 237//237 286//286
f 245//245 286//286 237//237
f 259//259 224//224 232//232
f 272//272 574//574 1029//1029
f 245//245 239//239 574//574
f 283//283 246//246 240//240
f 241//241 247//247 236//236
f 243//243 247//247 241//241
f 242//242 243//243 241//241
f 242//242 244//244 243//243
f 243//243 248//248 247//247
f 243//243 244//244 248//248
f 250//250 244//244 242//242
f 241//241 236//236 242//242
f 281//281 246//246 283//283
f 283//283 247//247 248//248
f 249//249 248//248 244//244
f 249//249 254//254 248//248
f 249//249 244//244 250//250
f 233//233 261//261 295//295
f 232//232 233//233 295//295
f 232//232 296//296 259//259
f 296//296 262//262 259//259
f 265//265 267//267 224//224
f 208//208 225//225 268//268
f 260//260 233//233 252//252
f 260//260 261//261 233//233
f 208//208 272//272 1029//1029
f 1030//1030 270//270 252//252
f 252//252 234//234 1030//1030
f 560//560 253//253 246//246
f 253//253 560//560 274//274
f 248//248 254//254 283//283
f 249//249 250//250 255//255
f 257//257 250//250 251//251
f 258//258 251//251 286//286
f 282//282 283//283 290//290
f 291//291 283//283 254//254
f 283//283 291//291 290//290
f 1031//1031 249//249 255//255
f 255//255 285//285 1031//1031
f 255//255 250//250 256//256
f 255//255 256//256 285//285
f 285//285 256//256 257//257
f 250//250 257//257 256//256
f 251//251 258//258 257//257
f 261//261 260//260 352//352
f 352//352 260//260 271//271
f 295//295 388//388 232//232
f 388//388 297//297 232//232
f 296//296 232//232 297//297
f 299//299 259//259 262//262
f 263//263 259//259 299//299
f 263//263 264//264 259//259
f 299//299 412//412 263//263
f 263//263 301//301 264//264
f 412//412 301//301 263//263
f 266//266 267//267 265//265
f 268//268 269//269 208//208
f 272//272 208//208 269//269
f 270//270 1030//1030 275//275
f 270//270 336//336 252//252
f 340//340 335//335 271//271
f 335//335 352//352 271//271
f 337//337 340//340 271//271
f 252//252 1091//1091 339//339
f 339//339 271//271 252//252
f 252//252 271//271 260//260
f 269//269 557//557 272//272
f 278//278 528//528 1030//1030
f 527//527 1310//1310 1053//1053
f 1308//1308 273//273 532//532
f 1320//1320 1038//1038 279//279
f 1040//1040 1353//1353 1054//1054
f 1039//1039 1040//1040 1054//1054
f 1041//1041 278//278 1030//1030
f 530//530 1043//1043 276//276
f 1030//1030 1046//1046 275//275
f 277//277 1316//1316 1047//1047
f 568//568 1050//1050 531//531
f 1053//1053 1042//1042 527//527
f 1309//1309 1040//1040 1039//1039
f 574//574 734//734 245//245
f 562//562 1354//1354 246//246
f 246//246 280//280 562//562
f 280//280 246//246 599//599
f 599//599 246//246 288//288
f 288//288 246//246 281//281
f 281//281 283//283 282//282
f 281//281 282//282 666//666
f 292//292 704//704 291//291
f 291//291 254//254 292//292
f 293//293 292//292 254//254
f 285//285 284//284 1031//1031
f 245//245 287//287 286//286
f 245//245 734//734 287//287
f 288//288 281//281 636//636
f 646//646 281//281 666//666
f 666//666 282//282 289//289
f 667//667 289//289 282//282
f 687//687 282//282 290//290
f 291//291 686//686 290//290
f 686//686 291//291 741//741
f 712//712 293//293 254//254
f 1585//1585 1031//1031 284//284
f 285//285 294//294 284//284
f 285//285 257//257 720//720
f 258//258 286//286 257//257
f 297//297 387//387 298//298
f 298//298 296//296 297//297
f 262//262 296//296 298//298
f 1165//1165 389//389 396//396
f 298//298 387//387 1179//1179
f 1180//1180 262//262 298//298
f 400//400 262//262 1180//1180
f 299//299 262//262 412//412
f 412//412 262//262 300//300
f 412//412 421//421 302//302
f 418//418 412//412 300//300
f 302//302 264//264 301//301
f 412//412 302//302 301//301
f 421//421 422//422 302//302
f 422//422 303//303 302//302
f 1063//1063 264//264 302//302
f 303//303 422//422 433//433
f 1210//1210 304//304 1063//1063
f 1063//1063 304//304 264//264
f 304//304 305//305 264//264
f 305//305 307//307 264//264
f 434//434 305//305 304//304
f 434//434 304//304 1210//1210
f 264//264 306//306 259//259
f 308//308 259//259 306//306
f 306//306 264//264 307//307
f 306//306 307//307 309//309
f 438//438 309//309 307//307
f 309//309 308//308 306//306
f 438//438 441//441 309//309
f 441//441 310//310 309//309
f 310//310 308//308 309//309
f 441//441 444//444 310//310
f 310//310 311//311 308//308
f 311//311 314//314 308//308
f 444//444 311//311 310//310
f 1065//1065 447//447 1067//1067
f 259//259 308//308 224//224
f 1068//1068 224//224 308//308
f 312//312 224//224 1067//1067
f 313//313 224//224 312//312
f 465//465 224//224 313//313
f 448//448 312//312 1067//1067
f 1231//1231 315//315 312//312
f 312//312 315//315 313//313
f 313//313 315//315 465//465
f 1232//1232 457//457 456//456
f 315//315 1231//1231 1238//1238
f 316//316 465//465 315//315
f 1238//1238 317//317 315//315
f 315//315 1069//1069 316//316
f 1069//1069 318//318 316//316
f 316//316 318//318 465//465
f 465//465 265//265 224//224
f 319//319 267//267 266//266
f 777//777 319//319 266//266
f 484//484 267//267 319//319
f 517//517 225//225 267//267
f 520//520 1027//1027 517//517
f 322//322 336//336 270//270
f 1091//1091 1075//1075 320//320
f 1091//1091 320//320 339//339
f 275//275 321//321 270//270
f 325//325 345//345 1073//1073
f 330//330 1074//1074 1044//1044
f 270//270 326//326 322//322
f 323//323 345//345 325//325
f 321//321 326//326 270//270
f 322//322 326//326 327//327
f 1075//1075 324//324 320//320
f 325//325 1073//1073 324//324
f 544//544 1109//1109 323//323
f 1078//1078 328//328 1075//1075
f 325//325 324//324 328//328
f 328//328 324//324 1075//1075
f 333//333 329//329 1076//1076
f 1080//1080 327//327 326//326
f 1077//1077 330//330 1085//1085
f 1077//1077 1074//1074 330//330
f 329//329 333//333 331//331
f 1079//1079 329//329 331//331
f 1078//1078 1082//1082 328//328
f 328//328 1082//1082 332//332
f 325//325 328//328 332//332
f 325//325 332//332 323//323
f 1081//1081 334//334 1086//1086
f 1088//1088 1083//1083 1087//1087
f 1083//1083 1088//1088 1084//1084
f 332//332 1089//1089 323//323
f 323//323 1089//1089 544//544
f 1081//1081 1344//1344 334//334
f 343//343 1090//1090 1099//1099
f 341//341 1100//1100 1092//1092
f 1093//1093 1109//1109 338//338
f 1102//1102 1094//1094 1096//1096
f 1097//1097 351//351 1103//1103
f 351//351 1097//1097 545//545
f 352//352 335//335 1106//1106
f 342//342 344//344 1104//1104
f 1098//1098 345//345 1037//1037
f 1073//1073 345//345 1098//1098
f 1095//1095 1037//1037 345//345
f 1123//1123 342//342 1104//1104
f 338//338 1109//1109 544//544
f 1099//1099 347//347 343//343
f 357//357 355//355 348//348
f 1111//1111 1101//1101 1107//1107
f 1100//1100 341//341 1108//1108
f 344//344 342//342 1115//1115
f 1132//1132 1115//1115 342//342
f 346//346 352//352 1106//1106
f 1124//1124 1110//1110 1127//1127
f 349//349 346//346 1106//1106
f 1110//1110 350//350 1127//1127
f 1112//1112 349//349 1106//1106
f 348//348 355//355 1121//1121
f 1113//1113 344//344 1115//1115
f 350//350 1110//1110 1118//1118
f 1114//1114 1116//1116 1119//1119
f 1117//1117 1122//1122 1120//1120
f 351//351 545//545 353//353
f 354//354 375//375 261//261
f 1127//1127 356//356 1032//1032
f 1033//1033 1129//1129 1125//1125
f 1133//1133 1105//1105 358//358
f 351//351 353//353 358//358
f 351//351 358//358 1105//1105
f 359//359 358//358 353//353
f 360//360 359//359 353//353
f 360//360 377//377 366//366
f 360//360 353//353 377//377
f 353//353 545//545 377//377
f 1124//1124 1127//1127 1032//1032
f 369//369 361//361 1126//1126
f 1126//1126 361//361 1158//1158
f 1138//1138 362//362 375//375
f 362//362 378//378 375//375
f 362//362 384//384 378//378
f 1128//1128 1133//1133 358//358
f 1130//1130 1128//1128 358//358
f 1134//1134 364//364 1131//1131
f 1139//1139 1135//1135 1136//1136
f 1139//1139 1136//1136 365//365
f 1136//1136 1137//1137 365//365
f 1137//1137 1140//1140 365//365
f 377//377 1163//1163 366//366
f 1125//1125 367//367 1143//1143
f 367//367 1125//1125 1129//1129
f 384//384 362//362 363//363
f 1131//1131 364//364 1141//1141
f 366//366 1163//1163 363//363
f 373//373 1139//1139 365//365
f 362//362 1138//1138 370//370
f 370//370 1138//1138 1144//1144
f 362//362 368//368 363//363
f 1153//1153 1141//1141 364//364
f 368//368 374//374 366//366
f 368//368 366//366 363//363
f 365//365 1156//1156 373//373
f 1156//1156 365//365 1140//1140
f 371//371 1145//1145 1142//1142
f 1146//1146 1148//1148 1147//1147
f 1147//1147 1148//1148 372//372
f 362//362 370//370 1150//1150
f 362//362 1150//1150 368//368
f 1154//1154 371//371 1142//1142
f 1151//1151 1149//1149 1157//1157
f 1152//1152 374//374 368//368
f 1157//1157 1149//1149 1155//1155
f 375//375 295//295 261//261
f 382//382 376//376 383//383
f 1162//1162 545//545 1159//1159
f 383//383 376//376 385//385
f 377//377 545//545 381//381
f 1159//1159 545//545 386//386
f 379//379 295//295 384//384
f 375//375 378//378 295//295
f 295//295 378//378 384//384
f 380//380 295//295 379//379
f 295//295 397//397 388//388
f 1162//1162 1160//1160 381//381
f 381//381 1160//1160 1163//1163
f 382//382 383//383 1161//1161
f 1161//1161 383//383 380//380
f 381//381 545//545 1162//1162
f 394//394 1164//1164 1159//1159
f 394//394 1159//1159 386//386
f 1163//1163 377//377 381//381
f 1181//1181 295//295 380//380
f 383//383 385//385 380//380
f 380//380 385//385 1181//1181
f 1181//1181 385//385 399//399
f 394//394 1183//1183 1164//1164
f 1168//1168 1166//1166 388//388
f 1166//1166 297//297 388//388
f 386//386 546//546 395//395
f 386//386 545//545 546//546
f 390//390 1169//1169 1167//1167
f 1169//1169 390//390 392//392
f 1184//1184 391//391 1171//1171
f 390//390 1173//1173 392//392
f 1175//1175 393//393 398//398
f 394//394 1178//1178 1183//1183
f 1183//1183 1178//1178 1174//1174
f 1173//1173 395//395 546//546
f 1173//1173 546//546 392//392
f 392//392 546//546 1177//1177
f 1178//1178 394//394 386//386
f 398//398 1180//1180 1170//1170
f 1172//1172 388//388 397//397
f 1176//1176 398//398 1170//1170
f 1184//1184 1171//1171 1182//1182
f 393//393 405//405 398//398
f 1177//1177 546//546 1188//1188
f 1188//1188 546//546 406//406
f 401//401 400//400 1180//1180
f 402//402 400//400 401//401
f 1185//1185 1186//1186 407//407
f 400//400 1192//1192 262//262
f 1192//1192 408//408 262//262
f 262//262 408//408 300//300
f 1180//1180 398//398 401//401
f 401//401 398//398 403//403
f 401//401 403//403 1186//1186
f 1186//1186 403//403 404//404
f 1186//1186 404//404 407//407
f 405//405 403//403 398//398
f 404//404 403//403 405//405
f 404//404 405//405 409//409
f 1189//1189 1190//1190 1193//1193
f 411//411 420//420 408//408
f 420//420 413//413 408//408
f 1195//1195 1187//1187 1193//1193
f 411//411 410//410 420//420
f 1194//1194 1195//1195 1193//1193
f 1190//1190 1194//1194 1193//1193
f 407//407 404//404 1196//1196
f 408//408 1192//1192 1197//1197
f 413//413 300//300 408//408
f 418//418 1198//1198 419//419
f 418//418 300//300 1198//1198
f 421//421 412//412 419//419
f 420//420 414//414 413//413
f 1198//1198 1199//1199 419//419
f 410//410 414//414 420//420
f 410//410 415//415 414//414
f 1200//1200 1201//1201 419//419
f 1201//1201 417//417 419//419
f 410//410 1191//1191 415//415
f 1201//1201 406//406 417//417
f 417//417 406//406 424//424
f 417//417 424//424 416//416
f 412//412 418//418 419//419
f 419//419 416//416 421//421
f 416//416 419//419 417//417
f 421//421 416//416 422//422
f 422//422 416//416 423//423
f 423//423 416//416 426//426
f 416//416 424//424 426//426
f 430//430 422//422 1202//1202
f 439//439 425//425 432//432
f 1205//1205 430//430 1202//1202
f 430//430 427//427 436//436
f 426//426 427//427 430//430
f 436//436 427//427 431//431
f 427//427 428//428 431//431
f 1206//1206 1218//1218 1208//1208
f 427//427 426//426 424//424
f 1206//1206 427//427 424//424
f 1206//1206 424//424 1218//1218
f 1218//1218 424//424 455//455
f 433//433 422//422 435//435
f 1064//1064 429//429 1203//1203
f 307//307 1064//1064 1203//1203
f 430//430 435//435 422//422
f 435//435 430//430 436//436
f 431//431 1209//1209 1207//1207
f 1204//1204 1207//1207 1209//1209
f 428//428 1209//1209 431//431
f 435//435 436//436 433//433
f 1211//1211 1214//1214 1212//1212
f 1212//1212 1214//1214 437//437
f 1213//1213 1215//1215 429//429
f 1064//1064 1213//1213 429//429
f 431//431 1216//1216 436//436
f 1217//1217 431//431 1207//1207
f 307//307 1203//1203 438//438
f 438//438 1203//1203 442//442
f 438//438 1221//1221 441//441
f 1219//1219 440//440 443//443
f 1218//1218 455//455 440//440
f 1223//1223 441//441 1221//1221
f 445//445 1221//1221 1220//1220
f 425//425 439//439 1222//1222
f 443//443 1225//1225 1219//1219
f 443//443 440//440 451//451
f 451//451 440//440 454//454
f 1067//1067 447//447 449//449
f 1221//1221 445//445 446//446
f 1230//1230 443//443 451//451
f 449//449 447//447 1236//1236
f 443//443 1226//1226 1225//1225
f 1227//1227 1066//1066 1224//1224
f 1221//1221 446//446 1223//1223
f 447//447 1065//1065 1228//1228
f 443//443 1230//1230 1229//1229
f 440//440 455//455 454//454
f 448//448 1067//1067 449//449
f 448//448 449//449 450//450
f 1234//1234 457//457 1232//1232
f 1233//1233 451//451 1235//1235
f 1235//1235 451//451 452//452
f 457//457 452//452 458//458
f 457//457 1234//1234 452//452
f 458//458 452//452 453//453
f 451//451 454//454 452//452
f 452//452 454//454 453//453
f 453//453 454//454 455//455
f 468//468 455//455 469//469
f 1071//1071 459//459 1246//1246
f 768//768 1239//1239 1237//1237
f 463//463 1656//1656 453//453
f 453//453 460//460 463//463
f 460//460 461//461 464//464
f 464//464 461//461 1240//1240
f 461//461 468//468 1240//1240
f 1241//1241 1250//1250 472//472
f 455//455 460//460 453//453
f 461//461 455//455 468//468
f 455//455 461//461 460//460
f 459//459 1071//1071 767//767
f 1239//1239 768//768 457//457
f 462//462 464//464 1655//1655
f 1655//1655 464//464 1240//1240
f 462//462 1656//1656 463//463
f 464//464 462//462 463//463
f 460//460 464//464 463//463
f 465//465 1242//1242 470//470
f 470//470 466//466 465//465
f 466//466 467//467 465//465
f 465//465 467//467 265//265
f 1251//1251 477//477 1247//1247
f 477//477 1248//1248 1247//1247
f 467//467 266//266 265//265
f 468//468 469//469 474//474
f 475//475 469//469 488//488
f 469//469 455//455 488//488
f 1243//1243 478//478 476//476
f 1252//1252 1244//1244 1261//1261
f 1262//1262 477//477 1251//1251
f 1264//1264 471//471 1249//1249
f 266//266 467//467 1253//1253
f 1034//1034 774//774 1669//1669
f 1256//1256 1266//1266 1245//1245
f 480//480 1035//1035 1254//1254
f 472//472 473//473 775//775
f 472//472 1250//1250 473//473
f 473//473 1250//1250 1258//1258
f 1259//1259 475//475 481//481
f 475//475 474//474 469//469
f 475//475 482//482 481//481
f 475//475 483//483 482//482
f 483//483 475//475 488//488
f 478//478 771//771 769//769
f 476//476 478//478 769//769
f 1657//1657 770//770 1263//1263
f 1263//1263 770//770 1265//1265
f 1659//1659 471//471 1264//1264
f 771//771 478//478 1257//1257
f 480//480 1254//1254 479//479
f 776//776 775//775 473//473
f 1267//1267 1668//1668 1260//1260
f 1259//1259 481//481 1268//1268
f 1269//1269 1274//1274 1271//1271
f 776//776 473//473 1258//1258
f 481//481 482//482 779//779
f 482//482 483//483 779//779
f 487//487 782//782 483//483
f 490//490 484//484 319//319
f 486//486 267//267 484//484
f 490//490 485//485 484//484
f 486//486 503//503 267//267
f 493//493 486//486 484//484
f 492//492 485//485 490//490
f 493//493 494//494 486//486
f 486//486 504//504 503//503
f 494//494 504//504 486//486
f 491//491 1278//1278 498//498
f 1278//1278 1275//1275 488//488
f 1278//1278 488//488 489//489
f 498//498 1278//1278 499//499
f 1278//1278 489//489 499//499
f 489//489 500//500 499//499
f 489//489 550//550 548//548
f 492//492 490//490 1280//1280
f 1283//1283 780//780 1277//1277
f 780//780 781//781 1277//1277
f 1277//1277 781//781 1276//1276
f 1676//1676 493//493 484//484
f 492//492 1280//1280 495//495
f 1284//1284 1285//1285 1674//1674
f 493//493 496//496 494//494
f 494//494 496//496 497//497
f 494//494 497//497 504//504
f 504//504 497//497 505//505
f 1281//1281 782//782 487//487
f 498//498 1285//1285 491//491
f 1285//1285 498//498 783//783
f 1679//1679 500//500 1286//1286
f 1286//1286 500//500 1287//1287
f 497//497 500//500 501//501
f 497//497 501//501 505//505
f 505//505 501//501 508//508
f 783//783 498//498 499//499
f 500//500 1679//1679 499//499
f 500//500 489//489 501//501
f 508//508 501//501 510//510
f 510//510 501//501 489//489
f 516//516 267//267 502//502
f 502//502 267//267 503//503
f 507//507 516//516 502//502
f 489//489 548//548 513//513
f 513//513 548//548 514//514
f 514//514 548//548 515//515
f 786//786 503//503 504//504
f 787//787 503//503 786//786
f 786//786 505//505 788//788
f 786//786 504//504 505//505
f 506//506 503//503 1684//1684
f 502//502 503//503 506//506
f 507//507 502//502 506//506
f 1288//1288 794//794 1296//1296
f 505//505 508//508 788//788
f 506//506 509//509 512//512
f 1289//1289 506//506 512//512
f 1290//1290 1293//1293 1689//1689
f 508//508 510//510 788//788
f 789//789 511//511 509//509
f 1291//1291 1292//1292 1294//1294
f 510//510 489//489 513//513
f 510//510 513//513 788//788
f 788//788 513//513 789//789
f 789//789 513//513 514//514
f 789//789 514//514 511//511
f 1292//1292 514//514 515//515
f 1292//1292 515//515 1294//1294
f 1293//1293 1295//1295 790//790
f 1686//1686 515//515 791//791
f 791//791 515//515 549//549
f 791//791 549//549 792//792
f 792//792 551//551 793//793
f 792//792 549//549 551//551
f 521//521 1028//1028 520//520
f 517//517 267//267 516//516
f 1028//1028 521//521 518//518
f 521//521 806//806 518//518
f 519//519 520//520 517//517
f 519//519 798//798 520//520
f 520//520 798//798 522//522
f 521//521 520//520 522//522
f 522//522 799//799 800//800
f 522//522 798//798 799//799
f 805//805 793//793 799//799
f 1699//1699 523//523 801//801
f 800//800 799//799 1301//1301
f 1701//1701 1302//1302 808//808
f 793//793 551//551 799//799
f 1708//1708 1303//1303 552//552
f 1301//1301 799//799 1345//1345
f 524//524 225//225 1297//1297
f 524//524 525//525 225//225
f 525//525 822//822 225//225
f 814//814 525//525 524//524
f 822//822 821//821 225//225
f 821//821 268//268 225//225
f 826//826 526//526 268//268
f 526//526 830//830 268//268
f 830//830 269//269 268//268
f 557//557 269//269 830//830
f 272//272 557//557 558//558
f 1030//1030 528//528 536//536
f 1310//1310 527//527 529//529
f 1321//1321 533//533 1313//1313
f 1322//1322 529//529 527//527
f 1323//1323 1055//1055 566//566
f 1311//1311 1314//1314 541//541
f 1339//1339 1315//1315 1324//1324
f 539//539 1311//1311 541//541
f 1045//1045 1317//1317 535//535
f 542//542 1330//1330 1318//1318
f 277//277 1341//1341 1316//1316
f 1030//1030 536//536 1046//1046
f 568//568 531//531 534//534
f 1323//1323 566//566 1325//1325
f 1326//1326 1360//1360 534//534
f 534//534 1360//1360 568//568
f 330//330 1044//1044 1331//1331
f 1332//1332 1342//1342 1344//1344
f 538//538 1048//1048 1333//1333
f 1051//1051 1049//1049 1334//1334
f 1340//1340 537//537 540//540
f 1319//1319 537//537 1328//1328
f 1319//1319 540//540 537//537
f 537//537 1340//1340 1327//1327
f 1329//1329 537//537 1327//1327
f 1333//1333 1312//1312 1335//1335
f 1333//1333 1335//1335 538//538
f 1334//1334 1336//1336 1338//1338
f 1051//1051 1334//1334 1338//1338
f 1319//1319 1052//1052 540//540
f 540//540 1337//1337 1340//1340
f 1344//1344 1081//1081 1332//1332
f 543//543 338//338 544//544
f 1343//1343 545//545 1097//1097
f 1342//1342 1050//1050 1343//1343
f 1343//1343 1050//1050 545//545
f 1050//1050 568//568 545//545
f 1343//1343 1344//1344 1342//1342
f 545//545 568//568 546//546
f 424//424 406//406 546//546
f 424//424 546//546 547//547
f 546//546 570//570 547//547
f 547//547 570//570 572//572
f 424//424 547//547 550//550
f 424//424 550//550 455//455
f 488//488 455//455 550//550
f 489//489 488//488 550//550
f 548//548 550//550 549//549
f 515//515 548//548 549//549
f 549//549 550//550 551//551
f 1345//1345 799//799 551//551
f 1345//1345 551//551 554//554
f 1345//1345 554//554 553//553
f 551//551 550//550 554//554
f 553//553 554//554 832//832
f 554//554 555//555 832//832
f 1349//1349 556//556 833//833
f 554//554 550//550 1350//1350
f 1351//1351 550//550 1352//1352
f 1352//1352 550//550 861//861
f 1352//1352 861//861 838//838
f 559//559 557//557 853//853
f 854//854 559//559 853//853
f 558//558 559//559 854//854
f 558//558 854//854 856//856
f 886//886 574//574 856//856
f 272//272 856//856 574//574
f 856//856 272//272 558//558
f 559//559 558//558 557//557
f 1056//1056 561//561 1360//1360
f 563//563 1360//1360 561//561
f 561//561 1056//1056 564//564
f 563//563 561//561 564//564
f 565//565 567//567 563//563
f 587//587 563//563 564//564
f 567//567 1360//1360 563//563
f 602//602 567//567 565//565
f 1360//1360 567//567 568//568
f 621//621 568//568 620//620
f 546//546 568//568 569//569
f 631//631 569//569 568//568
f 546//546 569//569 653//653
f 546//546 653//653 571//571
f 546//546 571//571 570//570
f 547//547 572//572 573//573
f 547//547 573//573 679//679
f 550//550 547//547 721//721
f 861//861 550//550 970//970
f 287//287 734//734 733//733
f 887//887 734//734 574//574
f 887//887 888//888 1604//1604
f 562//562 575//575 1354//1354
f 577//577 1054//1054 1353//1353
f 1369//1369 1355//1355 1364//1364
f 1365//1365 1356//1356 578//578
f 1393//1393 578//578 1356//1356
f 564//564 1056//1056 576//576
f 1057//1057 1370//1370 1367//1367
f 564//564 576//576 587//587
f 1368//1368 1371//1371 1373//1373
f 1373//1373 1394//1394 1368//1368
f 1395//1395 584//584 579//579
f 1374//1374 1372//1372 1366//1366
f 584//584 580//580 579//579
f 1396//1396 581//581 592//592
f 581//581 1396//1396 579//579
f 582//582 581//581 579//579
f 580//580 582//582 579//579
f 583//583 582//582 580//580
f 1383//1383 1379//1379 1375//1375
f 889//889 1376//1376 1377//1377
f 889//889 1377//1377 890//890
f 1803//1803 1378//1378 1380//1380
f 1804//1804 1381//1381 894//894
f 280//280 1384//1384 562//562
f 280//280 585//585 1384//1384
f 599//599 1385//1385 280//280
f 1384//1384 1397//1397 562//562
f 586//586 1386//1386 1417//1417
f 590//590 589//589 1418//1418
f 601//601 1401//1401 1419//1419
f 588//588 1418//1418 589//589
f 1398//1398 1387//1387 1420//1420
f 1401//1401 601//601 591//591
f 1404//1404 1421//1421 600//600
f 1396//1396 592//592 1357//1357
f 893//893 1388//1388 1358//1358
f 1389//1389 1399//1399 1422//1422
f 595//595 1399//1399 1400//1400
f 1399//1399 595//595 1422//1422
f 1400//1400 1402//1402 593//593
f 595//595 1400//1400 593//593
f 1403//1403 594//594 1407//1407
f 1405//1405 594//594 1403//1403
f 563//563 1406//1406 565//565
f 596//596 1384//1384 585//585
f 596//596 585//585 1390//1390
f 1384//1384 596//596 1382//1382
f 1409//1409 598//598 1408//1408
f 1415//1415 1410//1410 1404//1404
f 1415//1415 1404//1404 612//612
f 608//608 602//602 595//595
f 1808//1808 1411//1411 1391//1391
f 593//593 597//597 595//595
f 595//595 597//597 608//608
f 608//608 1412//1412 611//611
f 1411//1411 1808//1808 1810//1810
f 596//596 1811//1811 1382//1382
f 598//598 1413//1413 1408//1408
f 1414//1414 1416//1416 1436//1436
f 1436//1436 1416//1416 1437//1437
f 288//288 614//614 599//599
f 600//600 599//599 614//614
f 600//600 614//614 603//603
f 1421//1421 599//599 600//600
f 609//609 567//567 602//602
f 1359//1359 1392//1392 1423//1423
f 604//604 568//568 567//567
f 609//609 604//604 567//567
f 600//600 603//603 605//605
f 1428//1428 1424//1424 607//607
f 1426//1426 609//609 1429//1429
f 1427//1427 1430//1430 610//610
f 1428//1428 607//607 606//606
f 1430//1430 1432//1432 610//610
f 607//607 613//613 606//606
f 612//612 1404//1404 600//600
f 605//605 612//612 600//600
f 609//609 602//602 608//608
f 611//611 1429//1429 609//609
f 1433//1433 568//568 604//604
f 608//608 611//611 609//609
f 1431//1431 1436//1436 1437//1437
f 606//606 896//896 1434//1434
f 896//896 606//606 613//613
f 615//615 1062//1062 616//616
f 1441//1441 288//288 617//617
f 614//614 1440//1440 603//603
f 614//614 288//288 1440//1440
f 607//607 615//615 613//613
f 607//607 1425//1425 615//615
f 615//615 616//616 613//613
f 618//618 617//617 288//288
f 619//619 618//618 288//288
f 622//622 617//617 623//623
f 617//617 1443//1443 623//623
f 1444//1444 626//626 1450//1450
f 619//619 1456//1456 618//618
f 625//625 1441//1441 617//617
f 622//622 625//625 617//617
f 619//619 627//627 1457//1457
f 288//288 627//627 619//619
f 625//625 628//628 1441//1441
f 930//930 1460//1460 630//630
f 1442//1442 1462//1462 1438//1438
f 568//568 897//897 620//620
f 1447//1447 1445//1445 1451//1451
f 621//621 1452//1452 624//624
f 631//631 621//621 624//624
f 898//898 1446//1446 1816//1816
f 1448//1448 1446//1446 898//898
f 1451//1451 1445//1445 1449//1449
f 1453//1453 1458//1458 1454//1454
f 1817//1817 625//625 622//622
f 899//899 1455//1455 1459//1459
f 1818//1818 1457//1457 627//627
f 931//931 1460//1460 930//930
f 1465//1465 636//636 930//930
f 621//621 631//631 568//568
f 643//643 629//629 642//642
f 288//288 1465//1465 627//627
f 1465//1465 288//288 636//636
f 1480//1480 1464//1464 639//639
f 632//632 639//639 1464//1464
f 1466//1466 629//629 635//635
f 635//635 629//629 643//643
f 631//631 637//637 638//638
f 569//569 631//631 638//638
f 638//638 633//633 569//569
f 1470//1470 1482//1482 1467//1467
f 1468//1468 634//634 1471//1471
f 1473//1473 1469//1469 1477//1477
f 641//641 1474//1474 1478//1478
f 643//643 1484//1484 1479//1479
f 637//637 906//906 638//638
f 1481//1481 906//906 640//640
f 1483//1483 1472//1472 640//640
f 640//640 1472//1472 1481//1481
f 640//640 906//906 1483//1483
f 634//634 645//645 1471//1471
f 1480//1480 639//639 933//933
f 629//629 636//636 281//281
f 642//642 629//629 281//281
f 281//281 647//647 642//642
f 642//642 647//647 644//644
f 908//908 1487//1487 1489//1489
f 649//649 1499//1499 1827//1827
f 1490//1490 908//908 1489//1489
f 735//735 643//643 642//642
f 735//735 644//644 952//952
f 735//735 642//642 644//644
f 735//735 1484//1484 643//643
f 569//569 633//633 1488//1488
f 653//653 569//569 1488//1488
f 653//653 1488//1488 907//907
f 953//953 907//907 1488//1488
f 1828//1828 1500//1500 907//907
f 281//281 646//646 648//648
f 281//281 648//648 647//647
f 650//650 646//646 666//666
f 648//648 646//646 652//652
f 646//646 651//651 652//652
f 646//646 650//650 651//651
f 1491//1491 647//647 648//648
f 289//289 661//661 668//668
f 667//667 736//736 289//289
f 736//736 667//667 738//738
f 1491//1491 648//648 659//659
f 655//655 657//657 1493//1493
f 1493//1493 657//657 1497//1497
f 1494//1494 660//660 1505//1505
f 1495//1495 1528//1528 1513//1513
f 648//648 664//664 659//659
f 1498//1498 664//664 648//648
f 661//661 1514//1514 668//668
f 289//289 1605//1605 661//661
f 571//571 654//654 570//570
f 1492//1492 1512//1512 656//656
f 1492//1492 656//656 1501//1501
f 662//662 571//571 656//656
f 571//571 653//653 656//656
f 663//663 1502//1502 1362//1362
f 1506//1506 1361//1361 1503//1503
f 1507//1507 1515//1515 658//658
f 1508//1508 1510//1510 570//570
f 572//572 570//570 1510//1510
f 1504//1504 1520//1520 657//657
f 1503//1503 1509//1509 1506//1506
f 1511//1511 1516//1516 737//737
f 656//656 1512//1512 1522//1522
f 1497//1497 657//657 665//665
f 664//664 1498//1498 1524//1524
f 1525//1525 652//652 651//651
f 1607//1607 1514//1514 661//661
f 661//661 1605//1605 1607//1607
f 663//663 1362//1362 1517//1517
f 656//656 1522//1522 662//662
f 665//665 657//657 1520//1520
f 1526//1526 1521//1521 1518//1518
f 909//909 1511//1511 737//737
f 1510//1510 1829//1829 572//572
f 1527//1527 1519//1519 1523//1523
f 666//666 289//289 1496//1496
f 668//668 1496//1496 289//289
f 739//739 667//667 669//669
f 667//667 670//670 669//669
f 739//739 669//669 671//671
f 670//670 667//667 673//673
f 667//667 739//739 738//738
f 911//911 573//573 572//572
f 669//669 670//670 1530//1530
f 673//673 667//667 685//685
f 1363//1363 1831//1831 674//674
f 675//675 1363//1363 674//674
f 573//573 1537//1537 910//910
f 1536//1536 672//672 1538//1538
f 1539//1539 1532//1532 1830//1830
f 674//674 956//956 671//671
f 672//672 1536//1536 1531//1531
f 670//670 1533//1533 1530//1530
f 1534//1534 1529//1529 673//673
f 1534//1534 673//673 676//676
f 685//685 676//676 673//673
f 671//671 956//956 739//739
f 912//912 1535//1535 1540//1540
f 1554//1554 914//914 1832//1832
f 685//685 1833//1833 676//676
f 677//677 282//282 687//687
f 1058//1058 682//682 667//667
f 677//677 1546//1546 282//282
f 691//691 678//678 687//687
f 678//678 1541//1541 687//687
f 694//694 680//680 681//681
f 694//694 681//681 1560//1560
f 1560//1560 681//681 1542//1542
f 685//685 667//667 682//682
f 1541//1541 684//684 1547//1547
f 1541//1541 678//678 684//684
f 679//679 1543//1543 693//693
f 1543//1543 679//679 1552//1552
f 1545//1545 1544//1544 684//684
f 1548//1548 1553//1553 683//683
f 1545//1545 684//684 678//678
f 1550//1550 679//679 1837//1837
f 679//679 1550//1550 1552//1552
f 1549//1549 914//914 1554//1554
f 914//914 1549//1549 1551//1551
f 686//686 689//689 290//290
f 688//688 687//687 290//290
f 689//689 1556//1556 290//290
f 740//740 1558//1558 1555//1555
f 687//687 688//688 691//691
f 1557//1557 692//692 1561//1561
f 1559//1559 692//692 1557//1557
f 1563//1563 1558//1558 742//742
f 742//742 1558//1558 740//740
f 696//696 1567//1567 1562//1562
f 1564//1564 697//697 1562//1562
f 697//697 696//696 1562//1562
f 1565//1565 746//746 1571//1571
f 746//746 1565//1565 1615//1615
f 698//698 690//690 703//703
f 679//679 693//693 547//547
f 547//547 693//693 695//695
f 547//547 695//695 700//700
f 547//547 700//700 705//705
f 1566//1566 680//680 694//694
f 694//694 1570//1570 1566//1566
f 700//700 695//695 699//699
f 705//705 700//700 706//706
f 1568//1568 1566//1566 1570//1570
f 1572//1572 1568//1568 1570//1570
f 1573//1573 1569//1569 1571//1571
f 700//700 701//701 706//706
f 706//706 701//701 707//707
f 746//746 1573//1573 1571//1571
f 698//698 703//703 707//707
f 698//698 707//707 701//701
f 701//701 745//745 698//698
f 700//700 699//699 747//747
f 700//700 747//747 701//701
f 699//699 1621//1621 747//747
f 1623//1623 745//745 701//701
f 704//704 1574//1574 291//291
f 1614//1614 291//291 702//702
f 291//291 1574//1574 702//702
f 702//702 690//690 1614//1614
f 702//702 1574//1574 690//690
f 292//292 713//713 704//704
f 708//708 1574//1574 704//704
f 704//704 713//713 709//709
f 754//754 750//750 1586//1586
f 709//709 708//708 704//704
f 1576//1576 1574//1574 708//708
f 1579//1579 1587//1587 1629//1629
f 716//716 547//547 705//705
f 705//705 706//706 710//710
f 1578//1578 1575//1575 1577//1577
f 1583//1583 1575//1575 1578//1578
f 1583//1583 1578//1578 1580//1580
f 1630//1630 957//957 1581//1581
f 716//716 705//705 710//710
f 1583//1583 1580//1580 711//711
f 710//710 1584//1584 716//716
f 958//958 716//716 1584//1584
f 1584//1584 1582//1582 1905//1905
f 1585//1585 284//284 714//714
f 293//293 713//713 292//292
f 293//293 712//712 755//755
f 1585//1585 714//714 757//757
f 755//755 712//712 1641//1641
f 755//755 754//754 293//293
f 293//293 754//754 1586//1586
f 714//714 715//715 718//718
f 718//718 715//715 719//719
f 756//756 1591//1591 1588//1588
f 723//723 716//716 717//717
f 723//723 721//721 716//716
f 1590//1590 1591//1591 760//760
f 1590//1590 760//760 1593//1593
f 959//959 718//718 1590//1590
f 1591//1591 1590//1590 718//718
f 1640//1640 294//294 720//720
f 720//720 294//294 285//285
f 715//715 714//714 1059//1059
f 294//294 1589//1589 284//284
f 294//294 1640//1640 1589//1589
f 726//726 722//722 720//720
f 724//724 722//722 726//726
f 1594//1594 1646//1646 722//722
f 722//722 1646//1646 720//720
f 1597//1597 1592//1592 762//762
f 716//716 721//721 547//547
f 721//721 723//723 725//725
f 1598//1598 1593//1593 1595//1595
f 1596//1596 1593//1593 1598//1598
f 721//721 725//725 916//916
f 1596//1596 1598//1598 1838//1838
f 1593//1593 760//760 1595//1595
f 1839//1839 1597//1597 762//762
f 727//727 257//257 730//730
f 727//727 720//720 257//257
f 761//761 728//728 1602//1602
f 1599//1599 727//727 730//730
f 915//915 550//550 721//721
f 1650//1650 720//720 727//727
f 1650//1650 727//727 729//729
f 960//960 729//729 1599//1599
f 729//729 727//727 1599//1599
f 257//257 286//286 765//765
f 765//765 730//730 257//257
f 1647//1647 730//730 765//765
f 765//765 286//286 763//763
f 928//928 972//972 731//731
f 286//286 287//287 731//731
f 732//732 731//731 287//287
f 732//732 287//287 922//922
f 928//928 731//731 732//732
f 927//927 1603//1603 1846//1846
f 1061//1061 733//733 1847//1847
f 1487//1487 908//908 1897//1897
f 942//942 1485//1485 1898//1898
f 1484//1484 735//735 952//952
f 1610//1610 1608//1608 1606//1606
f 739//739 956//956 1611//1611
f 1613//1613 686//686 741//741
f 741//741 743//743 1613//1613
f 744//744 743//743 741//741
f 742//742 740//740 1616//1616
f 690//690 1619//1619 1614//1614
f 1617//1617 746//746 1615//1615
f 749//749 1619//1619 690//690
f 698//698 749//749 690//690
f 745//745 749//749 698//698
f 1618//1618 1620//1620 748//748
f 748//748 1620//1620 1628//1628
f 1617//1617 1625//1625 746//746
f 1622//1622 1626//1626 1624//1624
f 1623//1623 1627//1627 749//749
f 1623//1623 749//749 745//745
f 751//751 750//750 754//754
f 755//755 1631//1631 754//754
f 1631//1631 755//755 752//752
f 1633//1633 755//755 1641//1641
f 750//750 751//751 1906//1906
f 753//753 1632//1632 1634//1634
f 1636//1636 1635//1635 758//758
f 1635//1635 1642//1642 758//758
f 1637//1637 1906//1906 751//751
f 1907//1907 1638//1638 1908//1908
f 1909//1909 1639//1639 1643//1643
f 1640//1640 720//720 1646//1646
f 1591//1591 756//756 760//760
f 759//759 757//757 714//714
f 718//718 759//759 714//714
f 1644//1644 757//757 759//759
f 959//959 759//759 718//718
f 959//959 1910//1910 759//759
f 1910//1910 1645//1645 759//759
f 1912//1912 728//728 761//761
f 1647//1647 765//765 968//968
f 961//961 1913//1913 1648//1648
f 1649//1649 1921//1921 1914//1914
f 1651//1651 1060//1060 764//764
f 971//971 764//764 1060//1060
f 1927//1927 286//286 731//731
f 457//457 766//766 456//456
f 1238//1238 1652//1652 317//317
f 1070//1070 1653//1653 767//767
f 1071//1071 1070//1070 767//767
f 768//768 766//766 457//457
f 462//462 1655//1655 1656//1656
f 1656//1656 1655//1655 1654//1654
f 769//769 771//771 772//772
f 1660//1660 1658//1658 1662//1662
f 773//773 1660//1660 1662//1662
f 1661//1661 1664//1664 1255//1255
f 1666//1666 772//772 771//771
f 1257//1257 1666//1666 771//771
f 1663//1663 1667//1667 1665//1665
f 1255//1255 1664//1664 1270//1270
f 1272//1272 774//774 1034//1034
f 1668//1668 1665//1665 1667//1667
f 1665//1665 1668//1668 1267//1267
f 782//782 779//779 483//483
f 774//774 1272//1272 778//778
f 1669//1669 774//774 778//778
f 1672//1672 777//777 1670//1670
f 784//784 777//777 1672//1672
f 481//481 1671//1671 1273//1273
f 779//779 1671//1671 481//481
f 785//785 1682//1682 1673//1673
f 779//779 782//782 1683//1683
f 319//319 777//777 784//784
f 1279//1279 1072//1072 1682//1682
f 1279//1279 785//785 1282//1282
f 1285//1285 783//783 1674//1674
f 1675//1675 1680//1680 1677//1677
f 1678//1678 1681//1681 496//496
f 493//493 1678//1678 496//496
f 1683//1683 782//782 1281//1281
f 1279//1279 1682//1682 785//785
f 787//787 786//786 788//788
f 787//787 788//788 1685//1685
f 1684//1684 789//789 509//509
f 506//506 1684//1684 509//509
f 1687//1687 1688//1688 795//795
f 793//793 795//795 1688//1688
f 794//794 796//796 1296//1296
f 790//790 1689//1689 1293//1293
f 790//790 1691//1691 1689//1689
f 1686//1686 791//791 1690//1690
f 516//516 1692//1692 517//517
f 807//807 517//517 1692//1692
f 797//797 1691//1691 790//790
f 1693//1693 1694//1694 1706//1706
f 1707//1707 1695//1695 805//805
f 1696//1696 1686//1686 1690//1690
f 805//805 1695//1695 795//795
f 793//793 805//805 795//795
f 518//518 806//806 1304//1304
f 519//519 803//803 1697//1697
f 1298//1298 804//804 521//521
f 805//805 1698//1698 1697//1697
f 1299//1299 1700//1700 1702//1702
f 1701//1701 804//804 1300//1300
f 815//815 802//802 553//553
f 802//802 1345//1345 553//553
f 1720//1720 1305//1305 810//810
f 1710//1710 1306//1306 1705//1705
f 807//807 803//803 519//519
f 807//807 519//519 517//517
f 806//806 521//521 804//804
f 803//803 805//805 1697//1697
f 808//808 804//804 1701//1701
f 802//802 815//815 1721//1721
f 1346//1346 1703//1703 809//809
f 552//552 1709//1709 1708//1708
f 1710//1710 1705//1705 811//811
f 804//804 1712//1712 806//806
f 803//803 1707//1707 805//805
f 808//808 1712//1712 804//804
f 1722//1722 813//813 1704//1704
f 808//808 812//812 1712//1712
f 1713//1713 1714//1714 1711//1711
f 1711//1711 1714//1714 1717//1717
f 1720//1720 810//810 1718//1718
f 1715//1715 1708//1708 1709//1709
f 1719//1719 1716//1716 809//809
f 1703//1703 1719//1719 809//809
f 525//525 816//816 817//817
f 817//817 822//822 525//525
f 1307//1307 1721//1721 815//815
f 525//525 818//818 819//819
f 525//525 819//819 816//816
f 818//818 525//525 1723//1723
f 1727//1727 1724//1724 1347//1347
f 820//820 817//817 816//816
f 833//833 1725//1725 1730//1730
f 833//833 834//834 1725//1725
f 822//822 817//817 823//823
f 816//816 819//819 820//820
f 1726//1726 1745//1745 1731//1731
f 835//835 1727//1727 1347//1347
f 1727//1727 835//835 1728//1728
f 1729//1729 1747//1747 833//833
f 833//833 1730//1730 1729//1729
f 1731//1731 1745//1745 1352//1352
f 836//836 1731//1731 1352//1352
f 821//821 824//824 1036//1036
f 824//824 1732//1732 827//827
f 824//824 822//822 1732//1732
f 822//822 824//824 821//821
f 825//825 826//826 268//268
f 1733//1733 1749//1749 1738//1738
f 837//837 1736//1736 841//841
f 1734//1734 845//845 268//268
f 1734//1734 1739//1739 845//845
f 845//845 825//825 268//268
f 526//526 826//826 828//828
f 829//829 526//526 828//828
f 846//846 825//825 845//845
f 1756//1756 825//825 846//846
f 1736//1736 1735//1735 841//841
f 828//828 1737//1737 847//847
f 847//847 1737//1737 1751//1751
f 1738//1738 1749//1749 844//844
f 1738//1738 844//844 1760//1760
f 849//849 828//828 847//847
f 829//829 828//828 852//852
f 852//852 831//831 829//829
f 849//849 852//852 828//828
f 884//884 1742//1742 1769//1769
f 1740//1740 1743//1743 526//526
f 1743//1743 830//830 526//526
f 865//865 1741//1741 875//875
f 1741//1741 1799//1799 875//875
f 1741//1741 1744//1744 1799//1799
f 1748//1748 1348//1348 832//832
f 1748//1748 832//832 555//555
f 556//556 1746//1746 833//833
f 1352//1352 838//838 836//836
f 1349//1349 833//833 1747//1747
f 839//839 837//837 841//841
f 1759//1759 1750//1750 1752//1752
f 839//839 840//840 837//837
f 837//837 840//840 843//843
f 838//838 861//861 839//839
f 839//839 861//861 840//840
f 846//846 1753//1753 1756//1756
f 1763//1763 837//837 848//848
f 842//842 1759//1759 1752//1752
f 1754//1754 842//842 1752//1752
f 843//843 848//848 837//837
f 1758//1758 1755//1755 859//859
f 842//842 1761//1761 1759//1759
f 846//846 1762//1762 1757//1757
f 1753//1753 846//846 1757//1757
f 1765//1765 1764//1764 848//848
f 848//848 843//843 850//850
f 1766//1766 1758//1758 876//876
f 1758//1758 859//859 876//876
f 851//851 1765//1765 848//848
f 851//851 848//848 850//850
f 1767//1767 1766//1766 876//876
f 851//851 1770//1770 1765//1765
f 1771//1771 1768//1768 1800//1800
f 1767//1767 876//876 1801//1801
f 857//857 858//858 853//853
f 857//857 853//853 557//557
f 857//857 557//557 830//830
f 860//860 853//853 1773//1773
f 853//853 860//860 854//854
f 855//855 856//856 854//854
f 855//855 854//854 860//860
f 855//855 864//864 856//856
f 858//858 857//857 866//866
f 866//866 857//857 830//830
f 867//867 1774//1774 869//869
f 869//869 1774//1774 870//870
f 840//840 861//861 1774//1774
f 1774//1774 861//861 870//870
f 1772//1772 871//871 873//873
f 871//871 855//855 860//860
f 870//870 861//861 874//874
f 873//873 872//872 1772//1772
f 874//874 861//861 862//862
f 874//874 862//862 863//863
f 864//864 855//855 1783//1783
f 861//861 1802//1802 862//862
f 862//862 1802//1802 863//863
f 1784//1784 863//863 864//864
f 864//864 885//885 856//856
f 1785//1785 1779//1779 1775//1775
f 830//830 1776//1776 868//868
f 866//866 830//830 868//868
f 1779//1779 1785//1785 876//876
f 1779//1779 876//876 859//859
f 1780//1780 1781//1781 1777//1777
f 868//868 1782//1782 877//877
f 868//868 1778//1778 1782//1782
f 866//866 878//878 858//858
f 1773//1773 1788//1788 860//860
f 869//869 870//870 1786//1786
f 879//879 874//874 1784//1784
f 879//879 870//870 874//874
f 879//879 1784//1784 880//880
f 872//872 873//873 1790//1790
f 871//871 1790//1790 873//873
f 874//874 863//863 1784//1784
f 877//877 881//881 868//868
f 868//868 881//881 866//866
f 881//881 878//878 866//866
f 882//882 1786//1786 870//870
f 1789//1789 883//883 871//871
f 860//860 1789//1789 871//871
f 879//879 1794//1794 870//870
f 879//879 1797//1797 1794//1794
f 880//880 1797//1797 879//879
f 883//883 1790//1790 871//871
f 1801//1801 876//876 1785//1785
f 1791//1791 1787//1787 1795//1795
f 1792//1792 1796//1796 1798//1798
f 1789//1789 1793//1793 883//883
f 887//887 574//574 886//886
f 856//856 885//885 886//886
f 863//863 1802//1802 864//864
f 864//864 1802//1802 885//885
f 885//885 888//888 887//887
f 886//886 885//885 887//887
f 1406//1406 1376//1376 891//891
f 1376//1376 889//889 891//891
f 891//891 889//889 892//892
f 1805//1805 892//892 889//889
f 1812//1812 892//892 1805//1805
f 565//565 1406//1406 891//891
f 893//893 1358//1358 1806//1806
f 1806//1806 1807//1807 893//893
f 892//892 1812//1812 1809//1809
f 568//568 1433//1433 895//895
f 568//568 895//895 901//901
f 1813//1813 1435//1435 1814//1814
f 902//902 1815//1815 1439//1439
f 1820//1820 1813//1813 1814//1814
f 1820//1820 1814//1814 1822//1822
f 897//897 568//568 901//901
f 631//631 624//624 900//900
f 631//631 900//900 905//905
f 1455//1455 899//899 900//900
f 1817//1817 1463//1463 625//625
f 1817//1817 1823//1823 1463//1463
f 900//900 899//899 903//903
f 903//903 1819//1819 1461//1461
f 1462//1462 1824//1824 1438//1438
f 903//903 1461//1461 1856//1856
f 1816//1816 1821//1821 898//898
f 1821//1821 1825//1825 898//898
f 904//904 905//905 900//900
f 904//904 900//900 903//903
f 1856//1856 932//932 904//904
f 903//903 1856//1856 904//904
f 932//932 936//936 904//904
f 905//905 904//904 1863//1863
f 637//637 631//631 905//905
f 906//906 637//637 905//905
f 906//906 1858//1858 1483//1483
f 1858//1858 906//906 905//905
f 1475//1475 946//946 1488//1488
f 1828//1828 907//907 953//953
f 908//908 954//954 1897//1897
f 1828//1828 953//953 1899//1899
f 737//737 955//955 909//909
f 1829//1829 1901//1901 911//911
f 1831//1831 1902//1902 956//956
f 911//911 572//572 1829//1829
f 573//573 910//910 913//913
f 1834//1834 913//913 910//910
f 1532//1532 1835//1835 1830//1830
f 914//914 1836//1836 1832//1832
f 956//956 674//674 1831//1831
f 573//573 913//913 679//679
f 679//679 913//913 1837//1837
f 1584//1584 1905//1905 958//958
f 716//716 958//958 717//717
f 959//959 1590//1590 1911//1911
f 915//915 919//919 550//550
f 721//721 916//916 915//915
f 915//915 916//916 917//917
f 915//915 917//917 919//919
f 1840//1840 1839//1839 762//762
f 1840//1840 762//762 918//918
f 918//918 762//762 1600//1600
f 919//919 917//917 1841//1841
f 919//919 1841//1841 964//964
f 550//550 919//919 966//966
f 970//970 550//550 966//966
f 919//919 964//964 965//965
f 919//919 965//965 966//966
f 861//861 970//970 920//920
f 1926//1926 1930//1930 1843//1843
f 1931//1931 1853//1853 921//921
f 920//920 1844//1844 929//929
f 920//920 1932//1932 1844//1844
f 734//734 926//926 733//733
f 1851//1851 925//925 924//924
f 1852//1852 1847//1847 925//925
f 926//926 1847//1847 733//733
f 927//927 1855//1855 1603//1603
f 1855//1855 1854//1854 1603//1603
f 1802//1802 923//923 924//924
f 1802//1802 924//924 1849//1849
f 1604//1604 888//888 1850//1850
f 1802//1802 861//861 923//923
f 1851//1851 924//924 923//923
f 926//926 924//924 925//925
f 1847//1847 926//926 925//925
f 927//927 1848//1848 1855//1855
f 1855//1855 1845//1845 1854//1854
f 861//861 920//920 923//923
f 923//923 920//920 929//929
f 934//934 931//931 930//930
f 930//930 636//636 935//935
f 1857//1857 1859//1859 932//932
f 1480//1480 933//933 1861//1861
f 934//934 930//930 935//935
f 936//936 932//932 937//937
f 937//937 932//932 1859//1859
f 939//939 1865//1865 1860//1860
f 1870//1870 934//934 935//935
f 937//937 938//938 936//936
f 1864//1864 1867//1867 1826//1826
f 1826//1826 1867//1867 940//940
f 905//905 1873//1873 1858//1858
f 1868//1868 1866//1866 1871//1871
f 1874//1874 1869//1869 1872//1872
f 1862//1862 1874//1874 1872//1872
f 1875//1875 1861//1861 933//933
f 941//941 1476//1476 1486//1486
f 942//942 1876//1876 1485//1485
f 944//944 1876//1876 942//942
f 946//946 1475//1475 943//943
f 1879//1879 1476//1476 941//941
f 941//941 1880//1880 1879//1879
f 1881//1881 1877//1877 945//945
f 1878//1878 954//954 1882//1882
f 947//947 953//953 1488//1488
f 946//946 943//943 948//948
f 1886//1886 1879//1879 1880//1880
f 1884//1884 951//951 1899//1899
f 950//950 1886//1886 1880//1880
f 1893//1893 1881//1881 945//945
f 1895//1895 945//945 1900//1900
f 947//947 1488//1488 946//946
f 1887//1887 949//949 1883//1883
f 946//946 1889//1889 947//947
f 1885//1885 1890//1890 1896//1896
f 1891//1891 1888//1888 1894//1894
f 1895//1895 1892//1892 1893//1893
f 945//945 1895//1895 1893//1893
f 954//954 1878//1878 1897//1897
f 953//953 1884//1884 1899//1899
f 1903//1903 1609//1609 1612//1612
f 956//956 1904//1904 1611//1611
f 1842//1842 1601//1601 1913//1913
f 1842//1842 1913//1913 961//961
f 1842//1842 961//961 1918//1918
f 1651//1651 764//764 962//962
f 765//765 763//763 1915//1915
f 962//962 764//764 963//963
f 963//963 764//764 971//971
f 1919//1919 1914//1914 967//967
f 968//968 765//765 969//969
f 765//765 1915//1915 969//969
f 1917//1917 1924//1924 1916//1916
f 1917//1917 1928//1928 1924//1924
f 1920//1920 965//965 964//964
f 965//965 1922//1922 966//966
f 1922//1922 965//965 1920//1920
f 1914//1914 1921//1921 967//967
f 966//966 1922//1922 970//970
f 1926//1926 1923//1923 1925//1925
f 1925//1925 1929//1929 1926//1926
f 1930//1930 1926//1926 1929//1929
f 731//731 972//972 1927//1927
