# Wavafront OBJ file of BodyParts3D
# BodyParts3D, Copyright(C) 2010-2011 The Database Center for Life Science licensed under CC Attribution-Share Alike 2.1 Japan.
vn -0.57255 -0.332803 -0.749285
v -20.0875 -144.018 1514.98
vn -0.440865 -0.550985 -0.708557
v -19.5731 -144.903 1514.98
vn -0.999022 -0.036101 -0.0255325
v -20.2484 -143.706 1515.61
vn -0.901305 -0.427368 0.0707483
v -20.0875 -144.33 1515.61
vn -0.672799 0.449254 -0.587802
v -19.9851 -142.77 1515.29
vn -0.925751 -0.200031 0.320895
v -19.9363 -142.77 1517.48
vn -0.969407 0.167883 -0.179071
v -20.0583 -141.833 1517.17
vn -0.982889 -0.0318673 0.181422
v -20.0436 -141.209 1517.48
vn -0.864589 0.0678329 -0.497879
v -19.8851 -140.897 1517.18
vn -0.718423 0.225106 -0.658176
v -19.4243 -141.209 1516.54
vn -0.931311 0.329691 -0.154804
v -19.9949 -139.961 1517.48
vn -0.787211 0.0426358 -0.615208
v -19.712 -140.273 1516.85
vn -0.716938 0.682933 -0.140005
v -19.2975 -139.024 1517.48
vn -0.929644 0.0239357 0.367681
v -19.8851 -140.195 1518.42
vn -0.984964 -0.150993 0.0839487
v -16.9764 -152.444 1517.48
vn -0.969729 -0.176762 -0.168464
v -17.4933 -149.636 1517.48
vn -0.87631 -0.380777 -0.295111
v -17.6396 -148.387 1516.54
vn -0.805155 -0.163775 -0.570003
v -17.1422 -149.948 1516.85
vn -0.774267 -0.41082 -0.481391
v -17.386 -147.139 1514.67
vn -0.604625 -0.236612 -0.760555
v -17.0763 -147.139 1514.27
vn 0.204934 0.118173 -0.971616
v -17.0763 -146.515 1514.26
vn -0.711782 -0.634314 -0.301682
v -18.5417 -145.89 1515.92
vn -0.9393 -0.200981 0.27807
v -18.0687 -146.515 1518.42
vn -0.41752 -0.406487 -0.812678
v -19.261 -144.018 1514.35
vn -0.389089 -0.577073 -0.718051
v -18.6368 -145.103 1514.67
vn -0.654424 -0.390193 -0.647672
v -18.0399 -145.578 1514.67
vn -0.371319 -0.370637 -0.851323
v -18.0126 -145.266 1514.53
vn -0.333355 -0.040394 -0.941936
v -17.7005 -145.578 1514.45
vn 0.0933998 0.166257 -0.981649
v -17.7005 -144.954 1514.53
vn -0.851695 -0.501943 0.150564
v -19.0245 -145.266 1517.17
vn 0.263354 0.519069 -0.81315
v -18.6368 -142.457 1515.13
vn -0.392392 0.0751914 -0.91672
v -18.9764 -140.897 1516.23
vn -0.318078 0.463141 -0.82724
v -18.9489 -141.209 1516.1
vn 0.144005 0.434104 -0.889279
v -18.6368 -141.209 1516.07
vn 0.0792004 0.127236 -0.988705
v -18.6368 -140.897 1516.15
vn 0.542269 0.227683 -0.808768
v -18.3247 -141.209 1516.21
vn 0.441398 0.498907 -0.745828
v -17.7005 -141.521 1516.66
vn 0.532587 0.10597 -0.839715
v -17.7005 -140.897 1516.97
vn 0.0627467 0.454197 -0.888689
v -17.0763 -141.521 1516.96
vn -0.446044 -0.117464 -0.88727
v -18.9489 -140.585 1516.19
vn -0.799118 0.406663 -0.442759
v -18.9489 -139.024 1516.2
vn -0.475328 0.869618 -0.133522
v -18.9489 -138.71 1517.48
vn -0.225541 -0.176955 -0.958028
v -18.6368 -140.585 1516.12
vn -0.688557 0.706392 -0.164013
v -18.6368 -138.598 1516.54
vn 0.482936 -0.20534 -0.85124
v -18.3247 -140.585 1516.24
vn 0.699255 -0.285821 -0.655247
v -18.0346 -140.585 1516.54
vn 0.461478 -0.430613 -0.775636
v -18.3247 -139.961 1515.81
vn -0.556116 -0.0823341 -0.827016
v -18.3247 -139.337 1515.64
vn 0.647222 -0.387137 -0.65668
v -17.9321 -139.649 1515.92
vn 0.500509 -0.169971 -0.848882
v -18.0126 -139.337 1515.72
vn 0.22837 0.0304495 -0.973098
v -18.0126 -139.024 1515.73
vn -0.249621 0.904853 -0.344863
v -18.0126 -138.52 1517.17
vn 0.543356 0.0791101 -0.835767
v -17.2981 -138.712 1516.54
vn 0.638602 -0.187769 -0.746278
v -17.0763 -139.024 1516.66
vn -0.484034 0.648564 -0.587431
v -17.0763 -138.254 1516.85
vn -0.781751 0.595597 -0.184742
v -18.8782 -138.4 1518.42
vn -0.548031 0.748385 -0.373606
v -18.6368 -138.4 1517.93
vn -0.900278 0.419096 0.117719
v -18.7514 -138.088 1519.98
vn -0.764147 0.533577 -0.362456
v -17.82 -135.904 1519.66
vn -0.73229 0.537746 -0.417828
v -17.2056 -134.967 1519.98
vn -0.885337 0.451145 -0.112456
v -17.3884 -135.073 1520.29
vn -0.971302 0.214322 0.103141
v -17.2104 -134.967 1521.85
vn -0.960216 -0.155695 -0.23183
v -17.1568 -133.407 1521.22
vn -0.964034 -0.0441688 0.262085
v -17.1324 -133.407 1521.85
vn -0.876339 0.340085 -0.341133
v -16.991 -134.031 1520.6
vn -0.858242 -0.168845 -0.484677
v -16.9666 -132.158 1519.98
vn -0.984709 -0.0499457 -0.166896
v -17.4152 -132.471 1521.22
vn -0.859387 -0.290049 -0.421101
v -17.0763 -132.783 1520.64
vn -0.450082 0.489983 -0.746554
v -17.0398 -131.222 1520.91
vn -0.877567 -0.0562143 0.476148
v -16.9032 -131.534 1522.78
vn -0.413073 0.357425 -0.837626
v -17.1178 -130.598 1521.22
vn -0.941789 -0.0411244 0.333679
v -17.3031 -129.974 1521.85
vn -0.845276 0.230963 -0.481835
v -17.0763 -129.795 1521.54
vn -0.503901 0.834028 0.22468
v -16.7865 -129.662 1521.85
vn -0.416316 -0.902023 -0.11417
v -15.828 -158.142 1514.67
vn -0.110436 -0.972435 -0.205365
v -15.5159 -158.23 1514.67
vn 0.136198 -0.830678 -0.539837
v -15.2038 -158.118 1514.36
vn 0.0300523 -0.959699 -0.279419
v -14.8917 -158.255 1514.98
vn -0.257566 -0.96224 -0.0880616
v -15.5159 -158.259 1515.29
vn -0.603054 -0.788687 0.119576
v -15.5159 -158.374 1517.81
vn -0.436959 -0.861731 0.25785
v -14.8917 -158.328 1519.66
vn -0.875886 -0.108539 -0.470152
v -16.3327 -157.438 1514.36
vn -0.384569 -0.709669 -0.59032
v -15.8176 -158.062 1514.36
vn 0.00421024 -0.510338 -0.859963
v -15.2038 -157.753 1514.05
vn -0.0734201 -0.242326 -0.967413
v -15.2038 -156.501 1513.57
vn 0.179846 -0.804416 -0.566189
v -14.5796 -158.062 1514.64
vn -0.96262 -0.27083 0.00363567
v -16.6497 -157.438 1515.61
vn -0.699489 -0.7072 -0.102877
v -16.4522 -157.782 1515.29
vn -0.832408 -0.446095 0.32878
v -15.1705 -158.062 1519.66
vn -0.643637 -0.680901 0.349435
v -14.7942 -158.062 1520.29
vn -0.850642 -0.352658 0.389923
v -14.6893 -157.75 1520.91
vn -0.305372 0.293598 -0.905841
v -14.8917 -154.941 1513.62
vn -0.897386 0.0576222 -0.437467
v -16.6789 -154.629 1515.92
vn -0.207384 0.336733 -0.918479
v -15.2038 -151.82 1515.08
vn 0.285139 0.465733 -0.837728
v -14.8917 -151.82 1515.1
vn -0.628623 0.100204 -0.771227
v -15.5159 -151.508 1515.36
vn -0.507652 0.238446 -0.827909
v -15.2038 -150.884 1515.35
vn -0.748253 -0.449386 -0.488027
v -16.1401 -149.011 1514.64
vn 0.38206 -0.055184 -0.922488
v -16.1401 -148.699 1514.56
vn 0.653309 -0.0323427 -0.7564
v -15.828 -149.011 1514.78
vn -0.594441 -0.0754668 -0.80059
v -15.5159 -149.948 1515.22
vn -0.737487 -0.259657 -0.623452
v -15.9621 -150.572 1515.61
vn 0.854098 0.115199 -0.507195
v -15.4939 -149.011 1515.29
vn 0.509597 0.0725601 -0.857348
v -16.709 -147.139 1514.36
vn 0.753392 0.159509 -0.637932
v -16.1401 -148.057 1514.67
vn 0.766367 0.0326738 -0.641572
v -15.9939 -147.451 1514.98
vn 0.785401 0.141305 -0.602643
v -15.5817 -145.89 1515.29
vn 0.912906 0.161478 -0.37487
v -15.0551 -145.89 1516.85
vn 0.822839 0.121215 -0.555196
v -14.8015 -147.763 1516.85
vn 0.418132 0.375333 -0.827219
v -16.1401 -144.954 1515.08
vn 0.696502 0.235475 -0.677818
v -14.8112 -145.578 1517.48
vn 0.273744 0.3883 -0.879936
v -16.7642 -142.091 1516.54
vn 0.659588 0.202292 -0.723893
v -16.1401 -142.145 1516.74
vn 0.415236 0.029578 -0.909233
v -16.1401 -141.521 1516.78
vn -0.0823435 0.341863 -0.936135
v -16.1401 -141.131 1516.85
vn 0.764598 -0.191398 -0.615433
v -15.7475 -141.521 1517.17
vn 0.79836 0.134648 -0.586934
v -15.2038 -142.77 1518.12
vn 0.691125 -0.307248 -0.654175
v -14.9332 -141.521 1518.42
vn 0.420382 0.0803274 -0.903785
v -14.5796 -142.457 1518.71
vn 0.503195 -0.28972 -0.814161
v -16.4522 -138.469 1516.85
vn -0.132594 0.292538 -0.947017
v -15.2038 -139.024 1517.61
vn -0.0231825 0.189944 -0.981521
v -14.8917 -139.337 1517.39
vn 0.500007 -0.299317 -0.812652
v -14.5474 -139.961 1517.48
vn -0.908032 -0.0428348 0.416704
v -14.6942 -139.649 1530.9
vn -0.668761 0.292359 0.683582
v -14.2943 -138.712 1531.52
vn -0.13813 -0.400567 -0.905796
v -16.4161 -137.776 1516.54
vn 0.54133 -0.366074 -0.756936
v -16.1401 -138.008 1516.85
vn 0.166999 -0.85029 -0.499117
v -15.828 -137.511 1516.23
vn 0.220336 -0.867245 -0.446473
v -15.5159 -137.583 1516.54
vn -0.805803 -0.109267 -0.582015
v -15.2038 -137.403 1516.23
vn -0.79732 -0.0733197 -0.599086
v -14.914 -136.216 1515.61
vn -0.0589856 0.197998 -0.978426
v -14.8917 -138.088 1517.78
vn -0.716004 0.549735 0.430266
v -15.5159 -136.912 1527.47
vn -0.675806 0.560125 0.47911
v -15.5159 -136.111 1526.53
vn -0.255574 0.935294 0.244759
v -15.2038 -136.745 1527.15
vn -0.939273 0.109382 0.325272
v -15.7524 -137.464 1527.78
vn -0.703784 0.58289 0.406113
v -14.9007 -137.152 1529.03
vn -0.911894 0.0361511 0.40883
v -14.7722 -138.088 1530.59
vn -0.659295 0.418792 -0.624455
v -16.4522 -134.391 1519.66
vn -0.56292 0.264981 -0.782883
v -14.6401 -133.407 1518.42
vn -0.841561 0.254807 0.476286
v -16.1401 -135.279 1525.17
vn -0.370053 0.495455 0.785866
v -16.1401 -133.407 1524.13
vn -0.789768 0.406893 0.459027
v -15.828 -134.09 1524.66
vn 0.180072 0.583829 0.791655
v -15.828 -133.251 1524.03
vn -0.787917 -0.193531 -0.584578
v -16.7082 -132.783 1519.98
vn -0.150713 0.627768 -0.763671
v -15.5159 -132.158 1519.34
vn -0.459265 0.420781 -0.782317
v -14.5796 -132.761 1518.73
vn -0.20902 0.597646 -0.774035
v -16.4522 -130.91 1520.76
vn -0.155233 0.536597 0.829438
v -16.1401 -130.91 1522.52
vn -0.798643 0.152817 0.58208
v -16.5911 -132.471 1523.1
vn -0.678738 0.217764 0.701351
v -16.1401 -132.471 1523.53
vn 0.364815 0.583386 0.725652
v -14.7235 -132.783 1523.1
vn -0.402384 0.447071 0.798883
v -16.7642 -129.974 1522.32
vn -0.312429 0.694785 0.647813
v -16.5735 -129.662 1522.16
vn 0.0946361 0.927428 -0.36183
v -16.1401 -129.85 1521.54
vn -0.135516 0.518884 0.844035
v -16.1401 -129.974 1522.46
vn 0.0690611 0.986896 -0.145832
v -16.1277 -129.662 1522.16
vn 0.0463346 0.598251 -0.799968
v -15.828 -130.423 1521.22
vn 0.70387 0.696873 -0.137605
v -15.3477 -130.598 1521.54
vn 0.264488 -0.850574 -0.4545
v -13.9554 -158.374 1515.08
vn 0.0702209 -0.981957 -0.175584
v -13.6433 -159.088 1517.48
vn 0.652176 -0.699876 -0.291272
v -13.6433 -158.686 1516.35
vn 0.804565 -0.536197 -0.255281
v -13.4605 -158.374 1516.23
vn 0.647497 -0.607589 -0.459982
v -13.241 -158.686 1517.17
vn -0.311717 -0.929866 0.195401
v -13.9554 -158.435 1520.6
vn -0.938498 -0.335325 -0.0823371
v -12.4998 -158.686 1529.34
vn -0.605639 -0.735301 -0.304194
v -12.0902 -159.31 1529.03
vn -0.913091 -0.401431 -0.0715375
v -12.4706 -159.934 1531.52
vn -0.815321 -0.537536 0.21519
v -12.4364 -159.934 1532.15
vn -0.713265 -0.670682 -0.203566
v -12.2092 -160.247 1531.21
vn -0.717363 -0.696679 0.0054751
v -12.2608 -160.247 1531.52
vn -0.523252 -0.810717 0.262575
v -12.0829 -160.312 1532.15
vn -0.517069 -0.708072 0.48091
v -12.0829 -160.156 1532.46
vn -0.958472 -0.202594 0.200715
v -12.7241 -158.686 1533.08
vn -0.797957 -0.470152 0.377122
v -12.395 -159.31 1533.13
vn -0.708116 -0.488058 0.510265
v -12.3926 -158.374 1534.02
vn -0.408765 -0.734285 0.541975
v -12.0829 -158.879 1533.71
vn 0.220851 -0.526034 -0.821287
v -13.9554 -157.126 1513.95
vn 0.840841 -0.417888 -0.34403
v -13.3313 -158.006 1515.61
vn -0.5631 -0.817341 0.121956
v -12.8397 -158.062 1524.66
vn -0.863285 -0.408992 0.295745
v -12.8851 -157.75 1525.28
vn -0.900355 -0.428088 0.0781086
v -12.6154 -158.062 1525.91
vn -0.895396 -0.135418 0.42418
v -12.3145 -158.062 1534.33
vn 0.332637 0.0262457 -0.94269
v -13.9554 -155.565 1513.61
vn 0.382865 0.385453 -0.839548
v -13.3313 -154.005 1514.25
vn 0.821438 -0.000916997 -0.570297
v -12.9672 -154.629 1514.36
vn 0.690461 0.330185 -0.643616
v -13.0192 -153.66 1514.67
vn 0.921161 -0.0187155 -0.388732
v -12.7339 -154.005 1515.29
vn 0.810881 -0.109677 -0.574842
v -12.4559 -153.381 1515.92
vn 0.573536 -0.16573 -0.80224
v -12.0829 -153.693 1516.38
vn -0.958713 -0.022742 0.283464
v -12.7046 -155.565 1533.4
vn -0.914599 0.0198617 0.403873
v -12.395 -154.941 1534.07
vn -0.684769 0.231804 0.690911
v -12.395 -153.693 1533.98
vn 0.267414 0.46884 -0.84183
v -13.3313 -152.587 1515.29
vn 0.292377 0.260881 -0.920031
v -12.7071 -152.756 1515.41
vn 0.0176261 0.142316 -0.989664
v -12.7071 -151.82 1515.52
vn -0.53318 0.357061 -0.766959
v -12.7071 -151.58 1515.61
vn 0.513553 -0.202419 -0.83384
v -12.3776 -152.132 1515.61
vn -0.43951 0.229763 -0.868355
v -12.395 -151.508 1515.47
vn 0.654378 -0.247841 -0.714398
v -12.0829 -152.756 1516.21
vn 0.348755 -0.180939 -0.919582
v -12.0829 -151.196 1515.5
vn -0.891542 0.00821763 0.452864
v -12.69 -153.069 1533.08
vn -0.619473 0.189597 0.761778
v -12.395 -153.069 1533.58
vn -0.491083 -0.196015 0.848773
v -12.395 -152.444 1533.59
vn -0.621581 -0.0965528 0.777377
v -12.395 -151.82 1533.77
vn -0.211644 0.365223 0.906542
v -12.0829 -152.849 1533.71
vn -0.138253 -0.188661 0.972262
v -12.0829 -152.444 1533.63
vn 0.112298 -0.129863 0.985152
v -12.0829 -151.82 1533.93
vn 0.677432 0.356417 -0.64347
v -13.9554 -149.948 1517.28
vn 0.560851 0.162381 -0.811836
v -13.9554 -149.011 1517.59
vn -0.440021 0.146861 -0.885897
v -13.6433 -149.011 1517.7
vn -0.552123 0.413986 -0.723724
v -12.8363 -150.572 1516.54
vn -0.611717 0.152266 -0.776285
v -12.9192 -149.011 1517.17
vn -0.668307 0.393425 -0.631333
v -12.395 -149.948 1516.22
vn -0.158077 0.206124 -0.965673
v -12.0829 -150.572 1515.47
vn 0.548938 0.150571 -0.822189
v -14.2675 -146.515 1517.58
vn -0.0412272 0.21422 -0.975915
v -13.9554 -146.515 1517.59
vn -0.407125 -0.057565 -0.911556
v -13.6433 -147.139 1517.5
vn -0.586095 0.0750087 -0.806763
v -13.0192 -146.203 1516.92
vn 0.121715 0.40505 -0.906157
v -14.2675 -145.8 1517.79
vn -0.767088 0.0219054 0.641167
v -12.7071 -147.763 1533.53
vn -0.458829 0.0834082 0.884601
v -12.395 -147.516 1533.71
vn -0.44693 0.463129 -0.765353
v -13.6433 -145.578 1517.74
vn 0.4155 0.275095 -0.866996
v -13.9554 -144.018 1518.75
vn -0.089195 0.400589 -0.911906
v -13.6433 -144.33 1518.69
vn -0.0976565 0.160938 -0.982121
v -13.6433 -143.706 1518.88
vn -0.439266 0.506543 -0.74193
v -13.3313 -144.645 1518.42
vn -0.501421 0.285188 -0.816851
v -13.3313 -144.018 1518.7
vn -0.731887 0.377993 -0.566977
v -12.7827 -144.642 1517.79
vn -0.893615 -0.0754837 0.442441
v -13.9384 -143.706 1531.21
vn -0.642309 0.0119112 0.766353
v -12.9453 -143.706 1532.77
vn -0.468974 -0.068616 0.880542
v -12.7071 -143.394 1532.98
vn -0.371856 0.0399137 0.927432
v -12.395 -144.347 1533.08
vn 0.279027 -0.302759 0.911307
v -12.0829 -143.706 1533.12
vn -0.925236 0.366503 -0.0980524
v -11.9244 -142.77 1517.17
vn 0.170683 0.100767 -0.98016
v -13.3313 -142.77 1518.9
vn 0.345693 -0.295365 -0.890649
v -13.3313 -140.897 1519.34
vn -0.575431 0.24716 -0.77961
v -12.7071 -142.77 1518.6
vn -0.316256 0.20869 -0.925435
v -14.155 -138.4 1517.48
vn -0.0310017 -0.152057 -0.987885
v -13.9554 -138.712 1517.36
vn 0.428402 -0.554733 -0.713262
v -13.6433 -139.024 1517.6
vn -0.082034 -0.627886 -0.77397
v -13.6433 -138.4 1517.19
vn 0.00561158 -0.677176 -0.735799
v -13.2581 -138.712 1517.48
vn 0.482344 -0.64323 -0.594642
v -13.3313 -139.105 1518.1
vn 0.180532 -0.702655 -0.688247
v -12.395 -138.712 1518.12
vn -0.780494 -0.0381711 0.623996
v -13.8799 -140.273 1532.15
vn -0.496828 0.150903 0.854629
v -13.6433 -139.649 1532.33
vn -0.0786282 0.570097 0.817806
v -13.6433 -139.024 1532.08
vn 0.286172 0.766499 0.574966
v -12.395 -139.641 1532.15
vn -0.587508 -0.272082 -0.762106
v -12.395 -137.152 1512.65
vn -0.970457 0.113104 -0.213122
v -12.395 -135.904 1512.46
vn -0.467677 -0.443057 -0.764839
v -12.0829 -137.464 1512.71
vn -0.152222 -0.170309 -0.973562
v -12.0829 -137.152 1512.57
vn 0.0392512 0.155971 -0.986981
v -12.0829 -136.216 1512.49
vn -0.674543 -0.328181 -0.661278
v -13.3922 -137.464 1513.73
vn -0.248096 -0.96736 0.0516051
v -13.3313 -137.544 1514.98
vn -0.556713 0.583117 -0.591646
v -13.3313 -136.167 1514.36
vn -0.716051 -0.112283 -0.688959
v -13.0192 -137.152 1513.24
vn -0.914954 0.165163 -0.368211
v -12.5047 -136.216 1512.8
vn -0.42999 -0.885985 0.173604
v -12.0829 -138.008 1514.36
vn -0.178382 -0.983706 -0.0224113
v -12.395 -137.666 1515.92
vn 0.809415 0.426997 0.403139
v -13.2703 -136.528 1523.72
vn 0.44489 0.831484 0.332727
v -13.6433 -137.108 1526.22
vn -0.474442 0.634093 0.610598
v -14.2675 -137.642 1530.59
vn -0.885374 0.382672 -0.26396
v -12.1146 -134.655 1513.73
vn -0.614781 0.534 -0.58042
v -13.7287 -134.031 1517.17
vn 0.422373 0.624061 0.65738
v -14.2675 -135.591 1525.07
vn -0.684421 0.502937 -0.527847
v -12.3615 -132.471 1516.85
vn 0.644162 0.634734 0.426811
v -13.1102 -133.095 1519.98
vn 0.0858947 0.761027 -0.643009
v -13.3313 -132.736 1519.04
vn -0.889627 -0.429562 -0.155049
v -9.65689 -163.367 1519.35
vn -0.821917 -0.569384 -0.0159591
v -9.31619 -163.367 1530.59
vn -0.554313 -0.35724 -0.751743
v -10.2104 -161.807 1517.72
vn -0.593708 -0.131895 -0.793797
v -10.2104 -161.183 1517.6
vn -0.560024 -0.381541 -0.73539
v -10.2104 -160.871 1517.56
vn -0.00579395 -0.299569 -0.954057
v -9.89827 -160.871 1517.41
vn -0.895417 -0.325899 -0.303345
v -10.3932 -161.807 1518.1
vn -0.814663 -0.285265 -0.504924
v -10.4127 -160.871 1517.79
vn -0.959763 -0.143424 -0.241424
v -10.52 -160.871 1518.1
vn -0.85257 -0.493592 -0.171729
v -9.92021 -162.743 1518.42
vn 0.171951 -0.421568 -0.890345
v -9.89827 -161.991 1517.79
vn -0.430908 -0.784721 0.445568
v -9.72662 -160.871 1529.34
vn -0.401649 -0.912619 0.076186
v -11.7708 -160.59 1531.52
vn -0.179987 -0.983281 0.027641
v -11.4587 -160.654 1531.52
vn -0.232845 -0.408084 -0.882752
v -10.4249 -160.247 1517.17
vn -0.980662 0.124585 -0.150935
v -10.2859 -159.622 1517.17
vn -0.387575 -0.560069 -0.732194
v -10.2104 -160.559 1517.24
vn -0.21211 -0.368173 -0.905239
v -10.2104 -159.934 1516.95
vn -0.987108 -0.0841285 -0.136161
v -10.2104 -158.374 1516.51
vn -0.176456 -0.436035 -0.882461
v -9.89827 -160.247 1517.03
vn -0.176756 -0.304947 -0.935823
v -9.89827 -159.853 1516.85
vn -0.0867363 -0.995996 -0.021642
v -11.7708 -159.088 1519.04
vn 0.16697 -0.919887 -0.354864
v -11.6683 -158.998 1518.73
vn -0.0926029 -0.984185 -0.15101
v -11.1466 -159.127 1519.04
vn -0.212873 -0.639167 -0.73902
v -11.1466 -158.784 1518.73
vn -0.339043 -0.90779 -0.246915
v -10.8345 -159.176 1519.04
vn -0.242082 -0.968437 0.0593787
v -10.8345 -159.186 1519.35
vn -0.952691 0.214779 0.215059
v -10.4761 -160.247 1517.79
vn -0.882194 0.132938 0.451732
v -10.2421 -159.934 1518.1
vn -0.959672 0.175588 0.21954
v -10.2859 -159.622 1517.79
vn -0.99419 -0.0918373 0.056146
v -10.2713 -159.31 1517.79
vn -0.434409 -0.782004 -0.446944
v -10.304 -159.31 1518.73
vn -0.946724 -0.297698 -0.122843
v -10.3932 -158.998 1518.42
vn -0.913603 0.0891028 0.396724
v -10.0568 -159.622 1518.42
vn -0.847249 0.0613954 0.527636
v -9.70077 -159.934 1519.04
vn -0.636129 -0.754311 0.162339
v -9.89827 -159.622 1519.14
vn -0.47718 -0.852671 0.212725
v -9.70321 -159.622 1519.66
vn -0.75292 0.0907876 0.65182
v -9.58618 -160.247 1519.27
vn -0.609006 -0.694742 0.382683
v -9.47646 -159.934 1519.35
vn -0.343576 -0.939104 -0.00620068
v -11.1466 -158.686 1524.29
vn -0.243648 -0.914675 -0.322498
v -11.4587 -160.117 1529.96
vn -0.423501 -0.882883 -0.202888
v -11.1466 -160.049 1529.34
vn -0.15745 -0.987429 0.0138978
v -10.8345 -160.181 1529.65
vn -0.499174 -0.856565 -0.13085
v -10.5224 -160.351 1529.03
vn -0.244584 -0.916653 0.316111
v -10.2029 -160.247 1529.96
vn -0.439794 -0.825164 -0.354521
v -11.7708 -160.468 1530.9
vn -0.368245 -0.913016 -0.175491
v -11.7708 -160.559 1531.17
vn -0.185018 -0.816635 0.546695
v -11.7708 -160.278 1532.46
vn 0.0220424 -0.960397 -0.277763
v -11.4587 -160.559 1530.86
vn 0.543361 -0.838848 -0.0330495
v -11.1466 -160.434 1530.9
vn 0.243831 -0.96596 -0.0864217
v -10.8345 -160.2 1530.27
vn 0.585998 -0.780596 0.217432
v -10.8345 -160.142 1530.9
vn 0.730229 -0.488734 0.477394
v -10.8345 -159.934 1531.25
vn 0.62462 -0.601866 0.497601
v -10.8345 -159.31 1531.71
vn 0.135597 -0.955043 0.263642
v -10.5224 -160.147 1530.27
vn 0.447698 -0.638326 0.626184
v -10.2104 -159.84 1530.59
vn 0.438112 -0.859297 0.263943
v -10.2104 -158.869 1531.84
vn -0.0378167 -0.728945 0.683527
v -9.89827 -160.118 1530.27
vn 0.106593 -0.795801 0.596103
v -9.89827 -159.123 1530.9
vn 0.0239934 -0.510747 0.859396
v -9.58618 -159.622 1530.51
vn -0.572181 -0.770243 -0.281666
v -9.56476 -159.31 1532.15
vn 0.104082 -0.520571 0.847451
v -11.7708 -159.31 1533.05
vn -0.594243 -0.738422 0.318762
v -11.6207 -158.686 1534.64
vn -0.751759 -0.511897 0.415717
v -11.7708 -158.374 1534.84
vn 0.174465 -0.972418 0.154807
v -11.1466 -159.045 1534.02
vn 0.384868 0.894798 0.226305
v -10.8345 -158.064 1534.64
vn -0.617067 -0.783194 0.0763944
v -10.2104 -159.878 1534.96
vn -0.673058 -0.724656 0.147874
v -11.4587 -158.686 1535.38
vn -0.723142 -0.0525288 0.688699
v -10.8345 -158.998 1536.01
vn -0.723142 -0.0525288 0.688699
v -10.8345 -158.686 1536.03
vn -0.452433 0.638773 0.622312
v -10.8345 -158.374 1535.67
vn 0.352824 0.903447 0.243512
v -10.5224 -158.523 1535.89
vn -0.15628 -0.0751076 0.984853
v -10.2104 -158.998 1536.18
vn 0.375948 0.552349 0.744025
v -9.58618 -159.31 1536.17
vn 0.664132 -0.488214 -0.566194
v -11.7708 -156.189 1517.29
vn -0.960661 -0.160607 -0.226574
v -10.6273 -156.189 1516.23
vn -0.512412 -0.312746 -0.799765
v -10.7443 -155.877 1516.54
vn -0.459465 0.186418 0.868412
v -11.7708 -157.438 1534.49
vn 0.359597 0.821437 0.442641
v -11.4587 -157.884 1534.64
vn 0.47585 0.781771 0.40299
v -11.1466 -157.835 1534.33
vn 0.623586 0.594947 0.507127
v -10.2104 -157.572 1532.77
vn 0.0976947 -0.184694 -0.977928
v -9.58618 -153.693 1515.21
vn 0.488278 -0.22173 -0.84405
v -11.7708 -153.693 1516.56
vn 0.232774 -0.163626 -0.958667
v -11.7708 -153.381 1516.49
vn -0.22336 -0.197047 -0.954612
v -11.4587 -153.693 1516.55
vn 0.517061 0.00574499 0.855929
v -9.58618 -154.317 1530.27
vn 0.927293 -0.327202 0.181844
v -10.993 -153.381 1532.46
vn 0.837679 0.0769306 0.540717
v -10.6907 -154.629 1531.52
vn 0.687265 -0.248363 0.682629
v -9.89827 -154.005 1530.62
vn 0.879014 0.0837497 0.469382
v -11.3783 -155.253 1533.71
vn -0.139411 0.34357 0.928722
v -11.4587 -153.693 1534.22
vn 0.931645 -0.350222 0.0968613
v -10.9101 -153.381 1533.08
vn 0.242045 -0.264194 -0.933604
v -11.7708 -152.756 1516.42
vn 0.432635 -0.352153 -0.829949
v -11.7708 -151.508 1515.81
vn 0.296363 -0.208578 -0.932022
v -11.7708 -150.884 1515.56
vn -0.389009 -0.266533 -0.881834
v -11.4587 -152.444 1516.3
vn 0.154139 -0.385485 -0.909749
v -11.4587 -151.592 1515.92
vn -0.799292 -0.237895 -0.551849
v -10.9881 -152.444 1515.92
vn -0.656796 -0.203009 -0.726228
v -10.915 -152.132 1515.61
vn -0.359003 -0.104287 -0.927492
v -11.1466 -150.884 1515.54
vn 0.70173 -0.497729 0.509746
v -10.5224 -153.066 1531.84
vn 0.587047 -0.714652 0.380327
v -9.58618 -151.82 1532.67
vn 0.791834 -0.595489 0.135617
v -10.6127 -152.756 1532.77
vn 0.158272 0.375538 0.913193
v -10.8345 -152.444 1533.32
vn 0.829126 -0.530505 0.176391
v -10.5224 -152.574 1533.08
vn 0.169264 -0.0228653 -0.985305
v -11.7708 -150.572 1515.51
vn -0.45809 0.441571 -0.771472
v -11.7708 -149.636 1516.01
vn 0.19906 -0.132729 -0.970957
v -11.4587 -150.572 1515.57
vn -0.187516 0.19313 -0.963088
v -11.4587 -150.191 1515.61
vn -0.55062 0.086761 -0.830235
v -10.5224 -149.011 1515.35
vn 0.398842 0.38572 0.831953
v -9.58618 -149.011 1532.64
vn 0.450934 -0.143773 0.880902
v -10.2104 -145.89 1531.47
vn 0.246343 0.392316 0.88623
v -9.58618 -147.763 1531.46
vn 0.632848 0.268521 0.726223
v -11.4587 -147.451 1533.04
vn -0.588732 -0.256077 -0.766694
v -9.89827 -143.394 1514.59
vn -0.953571 0.174925 -0.24516
v -11.718 -143.394 1515.92
vn 0.52313 -0.137373 0.841109
v -11.4587 -144.18 1532.77
vn -0.249133 -0.567966 -0.784441
v -9.58618 -141.833 1513.6
vn -0.750938 0.655083 -0.0834195
v -11.4587 -142.26 1517.48
vn -0.490259 0.209285 -0.846077
v -11.4587 -141.836 1518.42
vn 0.71763 0.521094 0.462027
v -11.2271 -140.897 1523.72
vn 0.14756 0.582014 0.799678
v -10.2104 -140.897 1522.87
vn 0.842653 0.535209 0.0590439
v -11.4904 -141.833 1526.53
vn 0.397959 0.794045 0.459479
v -10.2104 -142.465 1525.28
vn 0.504973 -0.0812471 0.859303
v -10.421 -142.145 1532.46
vn 0.77356 0.529669 -0.347929
v -10.5224 -141.806 1531.21
vn 0.922256 0.25547 0.290138
v -10.5224 -141.833 1532.33
vn 0.325712 -0.0987159 0.940302
v -10.2104 -143.082 1532.36
vn 0.589416 0.462378 0.662416
v -10.2104 -142.029 1532.15
vn 0.539071 0.245038 0.805828
v -9.89827 -142.457 1532.18
vn 0.0227152 -0.0307061 0.99927
v -11.7708 -142.457 1533.58
vn -0.0573022 0.427558 0.90217
v -11.7708 -141.521 1533.3
vn 0.198331 0.308346 0.93037
v -11.1466 -141.209 1533.18
vn 0.867662 -0.0700837 0.492191
v -10.637 -141.833 1532.77
vn 0.962099 0.0968246 0.254934
v -10.598 -141.521 1532.77
vn 0.675472 -0.0116179 0.737294
v -10.7924 -141.521 1533.08
vn -0.661566 -0.444503 -0.603943
v -11.1908 -139.024 1512.49
vn -0.861628 -0.33191 -0.38397
v -11.627 -139.337 1513.73
vn -0.470733 -0.878701 0.079341
v -11.7001 -138.4 1513.11
vn -0.579295 -0.810053 0.0907252
v -11.6806 -138.4 1513.42
vn -0.726424 -0.410399 -0.551254
v -11.271 -140.585 1514.05
vn -0.872002 -0.226168 0.434121
v -11.3344 -138.712 1514.36
vn -0.503754 -0.85324 0.134955
v -11.3344 -138.4 1514.67
vn -0.886366 0.27594 0.371768
v -11.1466 -140.273 1514.5
vn -0.770927 0.54394 0.331362
v -10.4274 -140.273 1515.92
vn -0.84294 0.190141 0.503288
v -10.0616 -139.649 1515.92
vn -0.78778 -0.0481088 -0.614076
v -9.73491 -139.649 1516.54
vn -0.873412 -0.207725 0.440456
v -9.89827 -139.007 1516.23
vn -0.715124 -0.62807 -0.306801
v -9.89827 -138.983 1516.54
vn -0.680801 -0.121113 -0.722386
v -11.4587 -139.649 1518.75
vn 0.518625 0.441669 0.732091
v -10.8345 -138.712 1522.31
vn 0.177481 0.407737 0.895685
v -10.2104 -138.955 1522.16
vn 0.826519 0.492611 -0.272398
v -11.7708 -139.778 1531.52
vn -0.0558187 0.558088 0.827902
v -11.4587 -139.961 1532.42
vn 0.977708 0.190811 0.0876223
v -10.7248 -140.585 1532.15
vn 0.00490267 0.509667 0.860358
v -11.1466 -140.585 1532.89
vn 0.575029 0.38945 0.719494
v -10.8345 -140.585 1532.83
vn -0.801769 -0.247968 -0.543763
v -11.5197 -138.088 1512.49
vn -0.608111 -0.0510879 -0.792206
v -11.7448 -137.152 1512.49
vn -0.883315 0.0598178 -0.464949
v -11.4368 -137.464 1512.17
vn -0.83271 0.294462 -0.46892
v -11.3246 -136.84 1512.17
vn -0.91884 -0.175824 -0.353296
v -11.0272 -136.84 1510.93
vn -0.960702 0.261643 -0.0927074
v -11.1466 -136.548 1511.86
vn -0.95638 0.215535 0.197187
v -11.0759 -135.904 1511.24
vn -0.0789712 0.0319484 -0.996365
v -11.1466 -135.904 1512.53
vn -0.584941 -0.494956 -0.642544
v -10.5224 -138.088 1511.3
vn 0.27132 -0.877775 -0.394838
v -11.7708 -137.832 1517.17
vn -0.498105 -0.866767 0.0246309
v -11.4587 -137.686 1516.85
vn 0.0673758 -0.819114 -0.56966
v -11.4587 -137.774 1517.17
vn -0.587493 -0.800297 0.119906
v -11.1466 -137.915 1516.54
vn -0.0745488 0.433269 0.898176
v -10.5224 -137.686 1521.54
vn -0.407545 0.393045 0.824271
v -10.5224 -136.216 1520.82
vn -0.733382 0.268378 0.624599
v -9.68127 -135.904 1521.54
vn -0.624038 0.146031 0.767627
v -9.58618 -137.776 1522
vn -0.561466 -0.0414969 -0.826459
v -9.34911 -134.655 1507.49
vn -0.700364 -0.481853 -0.526601
v -10.637 -134.967 1508.74
vn -0.62776 -0.607915 -0.486165
v -10.2104 -134.967 1508.2
vn -0.869227 0.479365 -0.121049
v -10.2104 -134.272 1508.43
vn -0.994781 0.0423551 -0.0928246
v -11.1466 -135.591 1510.35
vn -0.84263 0.525005 0.119766
v -11.0699 -135.279 1510.61
vn -0.751177 0.554509 0.358124
v -10.9296 -135.279 1510.93
vn -0.852735 0.517865 0.0682533
v -10.6712 -135.591 1511.86
vn -0.599473 0.69025 -0.4052
v -10.2469 -134.967 1512.49
vn -0.596295 0.751658 0.281855
v -9.89827 -134.804 1511.86
vn -0.267018 0.875707 -0.402291
v -9.89827 -134.655 1512.62
vn 0.00629789 0.401959 -0.915636
v -11.1466 -134.967 1512.93
vn 0.352645 0.786118 -0.507602
v -11.0866 -133.407 1514.67
vn -0.268652 0.574571 -0.773107
v -10.5224 -134.655 1513.03
vn -0.181092 0.637027 -0.749268
v -10.5224 -134.343 1513.25
vn 0.648778 0.692942 -0.314513
v -10.5224 -133.663 1514.98
vn 0.205212 0.901021 -0.382165
v -10.2104 -134.443 1513.11
vn 0.707295 0.663617 -0.24361
v -9.54961 -134.655 1515.29
vn 0.259344 0.606424 0.751659
v -11.7708 -133.719 1519.23
vn 0.370852 0.754175 0.541931
v -11.7708 -133.2 1518.73
vn -0.19081 0.664953 0.7221
v -10.8345 -133.99 1519.35
vn -0.250164 0.83715 0.486414
v -9.58618 -134.755 1520.6
vn -0.223503 0.764467 -0.604679
v -11.7708 -133.068 1514.98
vn -0.0377583 0.965926 0.25605
v -11.7708 -132.268 1516.85
vn -0.268677 0.950625 0.155322
v -11.4587 -132.078 1516.23
vn 0.680187 0.564042 -0.468191
v -11.1466 -132.796 1515.29
vn -0.103575 0.767899 -0.632141
v -11.1466 -132.213 1515.92
vn -0.0545464 0.913156 0.403944
v -11.1466 -132.068 1516.54
vn 0.665317 0.667785 -0.333791
v -10.6858 -132.471 1516.23
vn 0.66144 0.620878 -0.420723
v -10.2859 -132.783 1516.54
vn 0.0463193 0.833118 0.551153
v -10.5224 -132.632 1517.48
vn 0.0307911 0.882248 0.469777
v -10.3828 -132.471 1517.17
vn -0.70058 -0.694631 -0.163325
v -7.71364 -168.441 1523.41
vn -0.783111 -0.612584 0.107137
v -7.08946 -168.924 1522.78
vn -0.1973 -0.693989 0.692424
v -7.08946 -168.547 1523.41
vn -0.822809 -0.567442 -0.0315497
v -8.39479 -166.8 1519.35
vn -0.0782479 -0.248599 -0.965441
v -8.02573 -165.864 1519.03
vn 0.39905 0.294196 -0.868452
v -7.40155 -165.864 1519.44
vn -0.955375 -0.295371 -0.00371936
v -8.12082 -167.113 1522.47
vn -0.939346 0.32441 0.111295
v -8.02573 -166.176 1520.88
vn -0.920146 -0.345947 0.183447
v -8.32075 -166.8 1523.72
vn -0.884079 0.433807 -0.173828
v -8.21835 -166.176 1524.97
vn -0.206716 -0.72029 0.662156
v -7.71364 -167.737 1524.05
vn -0.880403 0.46931 -0.0681048
v -7.71364 -166.043 1523.1
vn -0.940427 -0.319438 0.116435
v -8.12082 -166.488 1525.28
vn -0.581422 -0.792069 0.185943
v -8.33782 -165.896 1526.53
vn -0.514963 -0.82256 0.241266
v -8.33782 -165.864 1526.9
vn -0.354629 -0.894534 0.272116
v -8.02573 -166.198 1526.22
vn -0.200318 -0.833096 0.515581
v -7.71364 -166.52 1525.59
vn -0.0894124 -0.934356 0.34494
v -7.71364 -165.964 1527.47
vn -0.890042 -0.409185 -0.200979
v -9.27409 -163.992 1518.93
vn 0.018758 -0.303104 -0.952773
v -8.962 -163.68 1518.83
vn 0.676028 0.240512 -0.69652
v -8.33782 -164.616 1519.1
vn 0.713485 0.187442 -0.675134
v -8.33782 -163.68 1519.49
vn -0.529351 0.149765 0.83508
v -8.33782 -163.367 1520.21
vn 0.469957 0.218728 -0.85516
v -7.71364 -165.24 1519.51
vn 0.0968003 -0.0771774 -0.992307
v -7.40155 -163.68 1519.67
vn 0.254017 0.260679 -0.931409
v -7.08946 -165.552 1519.65
vn 0.233755 0.0670733 -0.969979
v -7.08946 -164.928 1519.71
vn -0.940914 -0.24521 0.233566
v -8.43291 -165.552 1526.84
vn -0.856269 0.451708 -0.250527
v -8.17682 -165.552 1526.22
vn -0.826538 0.378203 0.416891
v -8.15409 -165.24 1527.15
vn -0.453519 -0.738713 -0.498622
v -8.02573 -164.361 1529.65
vn -0.881374 -0.191886 0.431695
v -7.71364 -165.552 1528.31
vn -0.692961 -0.438561 -0.572249
v -7.71364 -163.68 1528.8
vn -0.562024 0.826798 0.0231007
v -7.18455 -164.616 1528.4
vn 0.401074 -0.900098 0.170184
v -7.40155 -164.384 1529.34
vn -0.959841 -0.0732427 0.270816
v -7.08946 -165.24 1528.57
vn -0.805304 -0.457335 -0.377266
v -7.08946 -164.708 1528.71
vn -0.889504 -0.0606145 -0.452889
v -7.08946 -163.794 1528.09
vn -0.709275 -0.609934 -0.353426
v -8.64991 -164.245 1530.27
vn -0.619537 -0.751218 0.227696
v -8.64991 -164.243 1530.59
vn -0.450484 -0.523346 0.723306
v -8.64991 -163.992 1530.95
vn -0.602986 -0.0158488 0.797594
v -8.64991 -163.367 1531.06
vn -0.259333 -0.965235 -0.0326768
v -8.33782 -164.467 1530.27
vn -0.180212 -0.885849 0.427546
v -8.33782 -164.409 1530.59
vn -0.642625 -0.225108 0.732366
v -8.04715 -163.367 1531.52
vn 0.311233 -0.900472 0.303784
v -8.02573 -164.374 1530.59
vn 0.205258 -0.782461 0.587898
v -8.02573 -164.202 1530.9
vn -0.257651 -0.636414 0.727044
v -8.02573 -163.68 1531.35
vn 0.60091 -0.75299 0.268166
v -7.71364 -164.145 1530.59
vn -0.0773616 -0.7998 0.595261
v -7.71364 -163.814 1531.21
vn -0.691789 -0.334985 0.639698
v -7.71364 -163.448 1531.84
vn 0.0263489 -0.960704 0.276321
v -7.40155 -163.682 1531.52
vn -0.152313 -0.90062 0.407044
v -7.40155 -163.367 1532.22
vn 0.555564 -0.816297 0.158142
v -7.08946 -163.56 1530.59
vn 0.421561 -0.906785 0.00523626
v -7.08946 -163.58 1530.9
vn 0.0938286 -0.912867 0.397328
v -7.08946 -163.414 1532.15
vn -0.770506 -0.513809 -0.377254
v -7.71364 -161.502 1514.05
vn -0.34481 -0.767834 -0.539942
v -7.40155 -162.551 1514.98
vn -0.716734 -0.604322 -0.347976
v -7.70542 -162.431 1515.29
vn 0.673777 -0.217681 -0.706144
v -9.27409 -162.017 1518.42
vn 0.665495 -0.213495 -0.715218
v -8.33782 -162.743 1519.51
vn -0.957503 -0.169278 0.233521
v -7.02363 -163.055 1517.79
vn -0.953009 -0.0662016 -0.29562
v -7.08946 -161.495 1519.04
vn -0.642277 -0.0119098 0.76638
v -7.40155 -161.807 1520.5
vn -0.718672 -0.386083 -0.578316
v -9.13999 -163.055 1529.96
vn -0.931204 0.363515 -0.0267568
v -8.962 -162.431 1529.81
vn -0.873203 0.396481 0.283405
v -8.66698 -161.807 1529.65
vn -0.511506 -0.661863 0.547995
v -8.962 -161.183 1529.54
vn -0.578925 -0.778231 0.243315
v -8.64991 -161.645 1529.03
vn -0.998618 0.0506135 -0.0141544
v -8.64991 -161.495 1529.56
vn -0.697663 -0.411073 0.586758
v -8.4134 -161.183 1529.96
vn -0.605065 -0.653299 -0.455079
v -8.19884 -161.495 1528.4
vn -0.900246 0.0545957 0.431946
v -8.33782 -161.495 1529.93
vn -0.753683 0.478252 0.450819
v -8.98394 -162.743 1530.59
vn -0.640489 0.232056 0.732068
v -8.962 -163.055 1530.78
vn -0.773345 0.0980215 0.626362
v -8.03792 -162.743 1531.52
vn -0.784956 0.450548 0.425265
v -8.33782 -162.006 1530.59
vn -0.952429 0.057519 0.299285
v -8.16958 -161.495 1530.59
vn -0.896338 -0.372577 0.240343
v -7.75509 -161.807 1532.15
vn -0.747828 -0.130384 0.650963
v -7.71364 -163.055 1532.02
vn -0.465683 -0.170029 0.868464
v -7.40155 -163.055 1532.33
vn -0.64395 -0.14179 0.751814
v -7.40155 -162.431 1532.35
vn -0.60663 -0.482708 0.63166
v -7.40155 -162.119 1532.5
vn 0.065702 -0.364634 0.92883
v -7.08946 -163.055 1532.39
vn -0.233167 -0.330005 0.91473
v -7.08946 -162.431 1532.52
vn -0.527779 -0.832154 0.170206
v -8.64991 -161 1534.96
vn -0.29212 -0.944067 0.15298
v -8.33782 -161.171 1534.96
vn -0.627705 -0.774565 -0.0776867
v -8.02573 -161.249 1533.4
vn 0.0471808 -0.938833 0.341125
v -7.97712 -161.183 1534.96
vn -0.401325 -0.906166 0.133422
v -7.71364 -161.453 1533.71
vn 0.799351 -0.292738 0.524731
v -7.54052 -160.871 1534.64
vn -0.392791 -0.841132 0.371769
v -7.40155 -161.78 1533.08
vn -0.137881 -0.95216 0.272727
v -7.40155 -161.495 1533.83
vn -0.109116 -0.718616 0.686793
v -7.08946 -162.053 1532.77
vn 0.170854 -0.776069 0.607063
v -7.08946 -161.807 1533.08
vn -0.486298 -0.770442 0.41223
v -8.64991 -160.785 1535.58
vn -0.238105 -0.883566 0.403258
v -8.33782 -160.956 1535.58
vn 0.204778 -0.876041 0.436598
v -8.02573 -160.883 1535.58
vn 0.151757 -0.418313 -0.895535
v -7.08946 -158.686 1512.2
vn -0.848196 -0.427605 -0.312598
v -8.38902 -159.934 1513.73
vn 0.519884 -0.35133 -0.778645
v -9.27409 -159.934 1517.25
vn -0.655103 -0.718598 0.233359
v -7.40155 -160.244 1521.22
vn -0.518046 -0.826547 -0.220111
v -8.962 -160.247 1526.77
vn -0.32066 -0.55463 0.76783
v -9.27409 -160.29 1530.27
vn -0.396818 -0.611197 0.684817
v -9.22071 -159.622 1530.59
vn -0.563661 -0.823033 0.0700288
v -9.27409 -159.244 1531.21
vn -0.478008 -0.538652 0.693802
v -8.35976 -160.247 1530.9
vn -0.794074 -0.588823 -0.15078
v -8.33782 -160.559 1532.4
vn 0.592178 0.780466 0.200495
v -8.64991 -159.425 1534.64
vn 0.847285 0.0315503 0.530201
v -7.12603 -160.559 1534.02
vn -0.0568515 -0.0263054 0.998036
v -9.27409 -159.934 1536.2
vn 0.577974 0.801327 0.15434
v -9.04213 -159.31 1535.89
vn 0.0672023 -0.482164 0.8735
v -8.962 -159.934 1536.19
vn 0.684733 0.701361 0.198073
v -8.39877 -159.934 1535.58
vn 0.543372 -0.285907 -0.789306
v -8.02573 -156.764 1517.17
vn -0.345548 -0.330146 -0.878408
v -7.40155 -156.443 1517.17
vn -0.217174 0.00511485 0.976119
v -8.33782 -155.877 1530.06
vn 0.423214 0.468334 0.775599
v -8.962 -156.501 1530.41
vn 0.123299 0.679976 0.722793
v -8.02573 -158.062 1531.82
vn -0.0640933 0.607729 0.791554
v -8.02573 -156.501 1530.32
vn -0.842271 -0.110037 0.527703
v -7.73558 -155.877 1530.59
vn -0.124279 0.56591 0.815046
v -7.40155 -157.126 1531.23
vn -0.823512 -0.164863 0.542815
v -7.08946 -155.877 1533.11
vn 0.256559 -0.177448 -0.9501
v -7.71364 -154.629 1516.48
vn -0.366103 -0.0893992 -0.92627
v -7.40155 -154.629 1516.46
vn -0.312752 0.132648 -0.940527
v -7.40155 -154.317 1516.49
vn -0.990964 0.0984929 -0.0910509
v -6.82857 -154.629 1515.92
vn -0.675944 -0.0882213 -0.731654
v -7.08946 -154.629 1516.25
vn -0.631176 0.133404 -0.764081
v -7.08946 -154.317 1516.28
vn -0.427607 0.0492617 -0.902622
v -7.08946 -153.381 1516.56
vn 0.518468 -0.501583 0.692535
v -9.27409 -153.693 1530.3
vn -0.645224 -0.249306 0.722172
v -8.33782 -153.693 1530.68
vn 0.525739 -0.102065 -0.8445
v -7.71364 -152.756 1516.21
vn 0.436131 -0.141071 -0.888757
v -7.40155 -152.132 1516.34
vn -0.890753 -0.127926 0.436112
v -7.71364 -153.069 1532.19
vn -0.696614 0.0405388 0.7163
v -7.40155 -152.444 1532.61
vn -0.789184 0.189742 0.584112
v -8.14032 -150.26 1511.55
vn -0.219274 -0.0130193 -0.975576
v -9.27409 -148.387 1514.75
vn 0.126487 0.456741 0.880561
v -8.33782 -148.699 1532.05
vn 0.277412 0.155064 0.948155
v -7.71364 -149.323 1532.06
vn -0.629134 -0.249492 -0.736169
v -7.75021 -145.89 1508.43
vn 0.245381 -0.109733 -0.963196
v -8.02573 -147.139 1514.87
vn -0.0401363 -0.26698 0.962866
v -9.27409 -145.89 1531.16
vn -0.14469 0.360505 0.921467
v -8.02573 -148.075 1531.71
vn -0.229789 0.129685 0.964561
v -8.02573 -147.139 1531.35
vn -0.280705 -0.151895 0.947699
v -8.02573 -146.515 1531.42
vn -0.347326 0.123472 0.92958
v -7.71364 -147.139 1531.49
vn -0.161435 -0.117228 0.979896
v -7.41889 -146.515 1531.52
vn 0.0406735 0.290049 0.956147
v -7.40155 -148.075 1531.73
vn -0.198356 0.128437 0.971678
v -7.40155 -147.139 1531.59
vn 0.696199 0.192282 0.691617
v -7.08946 -146.515 1531.23
vn -0.336322 -0.42712 -0.839319
v -7.71364 -143.706 1514.73
vn -0.0108308 -0.481778 0.876227
v -9.27409 -145.266 1531.64
vn -0.215756 -0.435571 0.873915
v -8.64991 -145.266 1531.76
vn 0.566794 0.159016 0.808367
v -8.07183 -144.642 1531.52
vn 0.572882 0.14222 0.807205
v -7.23819 -144.954 1530.59
vn -0.935701 -0.0609121 0.347496
v -7.08946 -142.457 1510.63
vn -0.551087 -0.574528 -0.605162
v -8.02573 -141.833 1512.83
vn -0.302251 0.866139 0.398055
v -8.962 -142.211 1524.66
vn -0.836383 0.38382 0.391337
v -7.54052 -141.209 1524.97
vn -0.0204313 0.998079 -0.0584886
v -8.962 -142.548 1528.4
vn 0.119229 0.986981 -0.107954
v -8.962 -142.348 1529.65
vn -0.333419 0.940704 -0.0625127
v -7.71364 -142.002 1529.96
vn -0.375151 0.924584 0.0663866
v -7.40155 -142.145 1528.32
vn -0.979496 0.198722 -0.0331196
v -7.13578 -141.521 1528.4
vn -0.846833 0.508098 -0.157194
v -7.23819 -141.209 1529.96
vn 0.237816 0.956006 0.171746
v -8.962 -142.275 1530.9
vn -0.0640356 0.991714 0.111369
v -8.33782 -142.284 1530.27
vn 0.569049 0.394209 0.721653
v -8.02573 -142.77 1531.14
vn 0.165086 0.82263 0.544083
v -7.71364 -142.445 1530.59
vn 0.49911 0.174083 0.848872
v -7.40155 -142.77 1530.52
vn 0.204838 0.065192 0.976623
v -7.08946 -142.145 1530.38
vn -0.711637 -0.167035 -0.682402
v -7.40155 -140.273 1507.35
vn -0.693496 -0.209251 -0.689403
v -8.32563 -138.712 1507.8
vn -0.870074 -0.155492 -0.467754
v -7.77459 -140.585 1507.8
vn -0.971532 -0.118652 -0.205055
v -8.02573 -140.273 1508.69
vn -0.944001 -0.317141 -0.091012
v -7.78435 -139.024 1509.68
vn -0.974004 -0.226531 0.000266088
v -7.92576 -138.712 1509.36
vn -0.97464 -0.118041 0.190112
v -7.57954 -140.585 1509.99
vn -0.683727 -0.54103 -0.489697
v -7.61855 -140.273 1510.61
vn -0.336391 0.292821 0.89504
v -9.27409 -139.649 1522.47
vn -0.499396 0.45785 0.735511
v -8.962 -140.585 1523.01
vn -0.761939 0.0854866 0.641982
v -8.45241 -139.337 1523.1
vn -0.974552 0.0219659 0.223083
v -7.26745 -139.024 1525.28
vn -0.978913 0.079603 0.18813
v -7.53565 -138.712 1529.34
vn -0.488062 0.123383 0.864044
v -7.08946 -139.337 1530.15
vn -0.878258 -0.382425 -0.287078
v -8.30124 -135.904 1506.87
vn -0.701055 -0.21665 -0.6794
v -7.71364 -137.757 1506.87
vn -0.0201004 -0.0902878 -0.995713
v -7.08946 -136.528 1506.64
vn -0.671399 -0.546322 -0.500755
v -8.3305 -138.088 1509.68
vn -0.992088 -0.023819 -0.12326
v -8.06718 -137.464 1507.8
vn 0.890869 0.454047 -0.0138772
v -7.16017 -136.216 1512.49
vn 0.720879 0.225961 -0.655191
v -7.58819 -136.216 1517.79
vn -0.838072 -0.0222144 0.545107
v -8.64259 -136.216 1523.1
vn -0.90788 0.0384808 0.417459
v -7.43325 -136.216 1525.28
vn -0.959606 0.198986 0.198899
v -6.99437 -136.216 1526.84
vn -0.904951 0.417209 0.08367
v -6.93097 -136.216 1529.03
vn -0.681393 0.490054 0.543645
v -6.87733 -136.216 1529.34
vn -0.609389 0.120131 -0.783718
v -9.27409 -134.031 1507.42
vn -0.298091 0.114874 -0.9476
v -8.02573 -133.719 1506.71
vn -0.576538 0.733354 -0.360272
v -8.02573 -133.322 1506.87
vn 0.0138095 0.216374 -0.976213
v -7.40155 -133.407 1506.79
vn -0.232356 0.930265 0.283932
v -7.40155 -133.19 1507.18
vn 0.822284 0.498224 -0.274995
v -7.08946 -133.529 1507.18
vn -0.0655684 0.871941 0.485201
v -7.08946 -133.936 1509.05
vn 0.021947 0.906814 0.42096
v -8.02573 -134.726 1510.3
vn 0.0870743 0.995632 0.0336856
v -7.71364 -135.145 1511.55
vn 0.184534 0.874796 0.447973
v -7.40155 -134.858 1510.3
vn 0.641707 0.757122 0.122383
v -7.71364 -135.452 1513.11
vn 0.613355 0.396313 -0.683177
v -8.64991 -133.719 1517.22
vn 0.523365 0.372769 -0.766245
v -7.40155 -134.343 1517.77
vn 0.500489 0.675524 -0.541459
v -7.59881 -134.031 1517.79
vn 0.400564 0.909628 -0.110114
v -7.71364 -133.897 1518.1
vn 0.519642 0.370611 -0.769818
v -7.08946 -134.097 1518.1
vn -0.155709 0.899349 0.408567
v -7.40155 -134.058 1520.29
vn -0.377535 0.904737 0.197279
v -7.40155 -134.253 1521.54
vn 0.46021 0.887162 0.0339149
v -7.08946 -134.277 1520.6
vn -0.755073 0.489498 0.436183
v -8.87666 -135.279 1522.78
vn -0.81811 0.418851 0.394031
v -7.38936 -135.279 1524.97
vn -0.757483 -0.650054 -0.0604074
v -6.02396 -170.858 1521.22
vn -0.725502 -0.678707 0.114032
v -5.8411 -171.001 1521.54
vn 0.124517 -0.278665 -0.952282
v -5.52901 -171.17 1520.86
vn -0.243145 -0.674737 0.696858
v -5.52901 -170.743 1522.16
vn -0.823243 -0.552258 0.13146
v -6.18001 -170.546 1521.54
vn -0.761946 -0.595802 0.253886
v -6.02396 -170.546 1522.16
vn 0.918188 -0.287587 0.27244
v -5.21692 -169.856 1522.47
vn 0.676177 -0.497889 0.543039
v -5.83135 -168.361 1524.03
vn 0.177404 -0.394733 -0.901506
v -6.77737 -167.425 1519.62
vn -0.252612 -0.0685283 -0.965138
v -6.77737 -166.176 1519.41
vn -0.529933 -0.0768634 -0.844549
v -6.46528 -165.864 1519.3
vn -0.802079 -0.350497 -0.483551
v -5.99471 -165.864 1518.73
vn 0.0483412 -0.70123 -0.711294
v -5.8411 -166.488 1518.98
vn -0.560265 -0.589903 -0.581478
v -5.52901 -165.864 1518.27
vn 0.746697 -0.460771 -0.479722
v -4.44888 -166.176 1519.35
vn 0.965133 -0.258419 -0.041681
v -4.7561 -167.737 1520.29
vn 0.95296 -0.296962 0.060665
v -4.74147 -167.737 1521.22
vn 0.815286 -0.560108 0.146926
v -4.90483 -167.49 1522.16
vn 0.889166 -0.402315 -0.218008
v -4.54154 -167.113 1520.6
vn 0.807873 -0.511264 -0.293173
v -4.49765 -166.8 1520.29
vn -0.202865 -0.700246 0.684471
v -6.40732 -167.113 1524.97
vn -0.12004 -0.694146 0.709755
v -6.15319 -167.113 1525.11
vn 0.877761 -0.377891 0.294505
v -5.25349 -168.049 1523.41
vn 0.0344051 -0.852139 0.522184
v -6.15319 -166.647 1525.59
vn 0.421961 -0.844537 0.329706
v -5.8411 -165.842 1526.84
vn 0.459128 -0.866341 0.196607
v -5.8411 -165.696 1527.78
vn -0.709523 -0.654031 -0.262336
v -6.77737 -163.711 1516.85
vn -0.230043 -0.764159 -0.602612
v -5.8411 -163.992 1516.63
vn -0.598528 -0.088375 -0.796213
v -6.77737 -164.928 1519.6
vn -0.953235 -0.188647 -0.236127
v -6.72617 -163.367 1518.73
vn -0.930804 -0.36319 -0.041203
v -6.2434 -164.928 1518.42
vn -0.775504 -0.533721 -0.337248
v -6.04347 -165.24 1518.1
vn -0.844041 0.523368 -0.116968
v -6.39457 -163.992 1525.28
vn 0.652339 -0.716443 0.24731
v -5.41929 -165.24 1527.47
vn 0.399401 -0.724833 0.561334
v -4.90483 -165.552 1526.36
vn -0.420734 -0.448132 0.788772
v -6.77737 -164.928 1528.88
vn -0.226138 -0.62359 0.748329
v -6.77737 -164.616 1529.08
vn 0.491386 -0.821041 0.290572
v -6.77737 -163.594 1529.96
vn 0.265551 -0.895644 0.356798
v -5.8411 -165.24 1528.91
vn -0.293818 -0.614554 0.732116
v -5.8411 -164.304 1529.31
vn -0.401779 -0.605701 0.686804
v -5.52901 -164.616 1529.4
vn 0.58343 -0.807354 0.0882564
v -4.90483 -164.769 1528.71
vn 0.149569 -0.888408 0.434005
v -4.90483 -164.496 1529.65
vn 0.0913249 -0.940387 -0.327616
v -6.46528 -163.463 1531.21
vn 0.140559 -0.986443 0.0846904
v -6.46528 -163.57 1531.52
vn 0.155286 -0.76157 0.629204
v -6.46528 -163.367 1531.94
vn -0.234273 -0.893462 -0.3832
v -6.15319 -163.497 1531.21
vn -0.160769 -0.955085 -0.248931
v -6.15319 -163.565 1531.52
vn 0.163105 -0.960956 -0.22352
v -6.15319 -163.16 1530.59
vn -0.529256 -0.791846 -0.304743
v -5.8411 -163.414 1530.9
vn -0.465561 -0.806465 -0.364509
v -5.72251 -163.68 1531.21
vn -0.669343 -0.702275 -0.242467
v -5.52901 -163.711 1530.9
vn -0.674007 -0.706614 0.215433
v -5.21692 -163.944 1530.59
vn 0.191974 -0.504048 0.84207
v -5.21692 -163.367 1531.62
vn -0.0716057 -0.882016 0.465747
v -4.90483 -163.741 1531.21
vn -0.194688 -0.551386 0.811215
v -4.59274 -163.449 1531.52
vn -0.946577 0.201522 0.251757
v -4.62443 -163.367 1535.89
vn -0.275979 -0.938331 0.208254
v -4.44401 -164.304 1536.83
vn 0.249583 -0.604722 -0.756319
v -6.15319 -161.807 1514.24
vn 0.785309 -0.43491 -0.440616
v -4.67807 -161.495 1515.29
vn 0.796836 -0.387948 -0.463194
v -4.45376 -161.807 1516.23
vn -0.916276 0.376944 0.135465
v -6.27754 -162.431 1522.16
vn -0.890737 0.380383 -0.248791
v -6.10686 -163.055 1525.91
vn -0.947102 0.22961 -0.224227
v -5.89718 -162.743 1525.59
vn -0.826419 -0.558716 -0.069774
v -5.96133 -162.431 1525.59
vn 0.335281 -0.429283 0.838632
v -6.46528 -162.743 1532.34
vn 0.326752 -0.468936 0.820568
v -6.15319 -162.18 1532.46
vn 0.417256 -0.522595 0.743499
v -5.8411 -161.779 1532.46
vn 0.228096 -0.454875 0.860849
v -5.52901 -162.119 1532.06
vn -0.276134 -0.65757 0.700964
v -5.21692 -161.807 1532.25
vn -0.534459 -0.572039 0.622194
v -4.90483 -162.119 1532.14
vn -0.693742 -0.585282 0.419722
v -4.90483 -161.929 1532.46
vn -0.828202 -0.521001 0.206496
v -4.56592 -162.431 1532.46
vn 0.539801 -0.318325 0.779284
v -6.46528 -161.183 1533.25
vn 0.0683745 -0.553478 0.830053
v -5.52901 -161.183 1532.84
vn 0.343005 -0.196579 0.918534
v -5.52901 -160.871 1532.97
vn -0.506869 -0.532063 0.678228
v -5.21692 -161.183 1532.93
vn -0.41509 -0.0864743 0.905661
v -5.21692 -160.871 1533.06
vn -0.439104 -0.807146 -0.394593
v -4.79998 -163.055 1534.64
vn -0.971599 -0.219864 0.0874929
v -4.65369 -162.119 1533.08
vn -0.804265 -0.442823 0.396316
v -4.82924 -161.807 1532.77
vn -0.569361 -0.246469 0.784271
v -4.65857 -161.183 1533.4
vn -0.961673 0.177575 0.208929
v -4.5903 -161.495 1533.71
vn -0.873514 0.168939 0.456545
v -6.77737 -158.686 1516.47
vn -0.0969553 0.503746 0.858394
v -6.15319 -158.374 1532.04
vn 0.151018 0.514034 0.844371
v -6.62132 -160.247 1533.08
vn 0.18806 0.169804 0.967368
v -5.21692 -160.247 1532.9
vn 0.61817 -0.36569 -0.695799
v -4.59274 -158.062 1512.81
vn -0.559009 -0.6332 0.535319
v -6.49129 -157.438 1532.15
vn -0.00474386 0.431605 0.90205
v -4.90483 -158.062 1532.05
vn -0.590259 -0.588866 0.552115
v -6.77737 -156.814 1532.87
vn -0.5507 -0.153434 0.82048
v -6.77737 -155.877 1533.32
vn -0.768652 0.2333 0.595605
v -6.71154 -154.317 1514.98
vn 0.170067 -0.280779 -0.944585
v -5.21692 -152.444 1510.31
vn -0.985125 0.165663 0.0456479
v -6.11661 -151.508 1515.61
vn 0.666754 0.248862 0.7025
v -5.21692 -151.196 1529.76
vn 0.247483 0.0732728 0.966118
v -4.59274 -150.884 1529.3
vn 0.700552 0.253883 0.666911
v -5.93619 -152.132 1531.21
vn -0.731471 0.217438 0.646274
v -5.8411 -148.091 1513.42
vn -0.48652 -0.196548 -0.851274
v -5.89961 -149.323 1515.29
vn 0.612835 0.0481144 0.788745
v -5.8411 -149.636 1529.98
vn 0.224515 0.117553 0.967354
v -4.59274 -150.26 1529.36
vn 0.271495 -0.157707 -0.949431
v -6.77737 -147.558 1515.29
vn 0.596319 0.0944902 0.797167
v -5.42608 -146.203 1529.34
vn 0.458086 -0.10101 0.88315
v -4.59274 -147.763 1529.12
vn 0.220827 -0.194968 -0.955627
v -4.78536 -145.578 1509.05
vn -0.706898 -0.405936 -0.579233
v -6.00446 -145.266 1513.73
vn 0.970843 0.192262 -0.143174
v -4.59274 -144.092 1513.42
vn 0.969801 0.225379 0.093224
v -4.6927 -142.145 1511.24
vn -0.566922 0.183248 0.803131
v -6.77737 -141.209 1530.31
vn 0.940727 0.324168 0.0997376
v -5.67286 -139.961 1511.86
vn 0.931551 0.290283 -0.21897
v -5.67286 -139.649 1512.49
vn 0.795517 0.536578 -0.281489
v -4.51228 -139.961 1515.92
vn 0.778372 0.125252 -0.615181
v -5.52901 -138.4 1518.06
vn 0.673631 0.575529 -0.463668
v -4.90483 -138.958 1518.73
vn 0.02409 0.060724 0.997864
v -5.52901 -139.337 1530.2
vn 0.885102 0.363501 0.290622
v -6.15563 -138.088 1511.24
vn -0.673834 -0.29151 -0.678948
v -4.90483 -136.84 1517.12
vn 0.375473 -0.751946 -0.541846
v -4.44198 -137.152 1517.48
vn -0.0636136 -0.019435 -0.997785
v -4.59274 -136.84 1517.05
vn 0.674609 0.342883 -0.653708
v -6.46528 -137.152 1518.46
vn 0.562524 0.0809905 -0.822804
v -6.46528 -136.84 1518.62
vn 0.788163 0.123573 -0.602934
v -5.78413 -138.088 1517.79
vn 0.770567 0.122633 -0.62545
v -5.29494 -138.088 1518.42
vn 0.780448 0.125531 -0.612489
v -5.52901 -137.776 1518.19
vn 0.0696103 -0.760172 -0.645983
v -4.90483 -137.608 1517.79
vn 0.560031 -0.417828 -0.715392
v -4.49765 -138.088 1519.04
vn 0.932593 0.326747 -0.153318
v -4.42938 -137.464 1519.66
vn 0.85479 0.51892 -0.00743863
v -5.07306 -135.904 1520.29
vn 0.565466 0.20698 0.798378
v -4.78536 -137.464 1523.1
vn 0.817721 0.2058 0.537568
v -4.38549 -137.776 1522.78
vn 0.94389 0.306125 -0.123931
v -4.59274 -137.776 1525.62
vn 0.945755 0.0851761 -0.313516
v -4.46839 -136.528 1526.22
vn -0.0322368 0.3758 0.92614
v -5.8411 -135.904 1529.68
vn 0.0465996 0.224173 0.973435
v -4.90483 -136.528 1529.6
vn 0.895113 0.189017 -0.403789
v -6.45796 -134.967 1507.49
vn 0.80861 0.451172 0.377616
v -6.50673 -135.591 1509.99
vn 0.872043 0.481359 0.0885176
v -6.69691 -134.031 1508.12
vn 0.0140164 0.209917 -0.977619
v -6.46528 -134.655 1517.72
vn -0.655537 -0.28754 -0.698278
v -5.94594 -135.279 1517.48
vn -0.560972 -0.00245292 -0.827831
v -5.8411 -134.967 1517.25
vn -0.399281 -0.118232 -0.909173
v -5.52901 -135.279 1517.08
vn -0.259879 0.156863 -0.952815
v -5.52901 -134.967 1517.1
vn 0.499542 0.844514 -0.193015
v -5.21692 -134.814 1517.48
vn 0.807593 0.430102 -0.403491
v -4.90483 -135.223 1517.48
vn -0.424883 -0.318979 -0.847188
v -6.46528 -134.967 1517.82
vn 0.0140164 0.209917 -0.977619
v -6.46528 -134.326 1517.79
vn 0.451548 0.884788 0.115126
v -5.52901 -134.589 1518.42
vn 0.758524 0.592107 0.272123
v -5.15109 -135.591 1519.66
vn 0.771142 0.623877 0.126955
v -4.97666 -134.967 1518.42
vn 0.606456 0.738626 -0.294351
v -6.77737 -134.394 1521.85
vn 0.673314 0.739356 1.24978e-005
v -5.52901 -135.36 1520.29
vn 0.679354 0.733792 0.00527283
v -5.52901 -135.365 1522.47
vn 0.720932 0.653911 -0.229473
v -5.15109 -135.591 1520.91
vn 0.416242 0.281832 0.864473
v -5.21692 -135.591 1522.62
vn 0.671153 0.734335 -0.101522
v -4.67856 -135.591 1521.85
vn 0.552682 0.666468 0.500363
v -4.90483 -135.518 1522.47
vn -0.508733 0.839312 0.191695
v -6.46528 -133.96 1523.41
vn 0.438926 0.887796 -0.138428
v -6.15319 -133.96 1523.41
vn 0.763007 0.645142 -0.0401519
v -5.8411 -134.967 1522.93
vn 0.863808 0.289172 -0.412572
v -5.57046 -134.655 1523.41
vn 0.966549 0.178498 -0.184181
v -5.50219 -135.591 1523.41
vn 0.949102 0.12479 -0.289194
v -5.38028 -134.655 1524.03
vn -0.73585 0.64162 0.216444
v -6.46528 -135.07 1526.84
vn -0.565697 0.770574 0.293602
v -6.15319 -134.682 1526.22
vn 0.349381 0.588842 -0.728833
v -5.21692 -135.311 1526.84
vn -0.54409 0.79403 0.271076
v -6.15319 -135.467 1529.03
vn 0.122061 0.963226 0.239369
v -5.8411 -135.331 1529.03
vn -0.236525 0.784694 0.572985
v -5.8411 -135.443 1529.34
vn 0.217007 0.460305 0.86083
v -5.52901 -135.487 1529.34
vn -0.853484 -0.521102 0.00431116
v -3.34438 -171.136 1519.35
vn -0.330029 -0.932334 -0.147765
v -3.03229 -171.421 1519.35
vn -0.56211 -0.715689 0.414512
v -3.03229 -171.299 1519.98
vn -0.10655 -0.885436 -0.452382
v -2.7202 -171.299 1519.04
vn -0.0308057 -0.986032 -0.163684
v -2.7202 -171.431 1519.35
vn -0.176619 -0.935672 0.305489
v -2.7202 -171.387 1519.98
vn 0.789922 -0.612824 0.0216832
v -2.33628 -171.17 1519.98
vn 0.878229 -0.423333 -0.222492
v -2.22524 -170.858 1519.35
vn 0.967239 -0.227108 0.113448
v -2.19111 -170.858 1519.98
vn -0.640741 -0.473847 0.604086
v -3.03229 -170.999 1520.29
vn -0.33267 -0.571899 0.749841
v -2.7202 -170.858 1520.61
vn 0.759715 -0.38323 0.525326
v -2.28376 -170.858 1520.29
vn 0.144135 -0.506392 -0.850172
v -3.03229 -169.609 1517.52
vn -0.993575 -0.0104019 0.1127
v -3.82958 -169.297 1518.1
vn -0.901252 -0.278186 0.3322
v -3.44922 -170.546 1519.98
vn -0.805845 -0.541013 -0.240664
v -3.34438 -170.546 1518.03
vn 0.682933 -0.417075 -0.59971
v -2.53246 -169.921 1517.79
vn 0.974279 -0.172108 -0.145462
v -2.02531 -168.361 1518.73
vn -0.978916 -0.0127109 0.203866
v -3.23954 -168.673 1520.6
vn -0.515379 -0.464734 0.720005
v -3.03229 -169.609 1521.08
vn -0.974082 -0.0759475 0.213065
v -3.03229 -168.985 1521.58
vn 0.660028 -0.258754 0.705272
v -2.46988 -170.546 1520.6
vn -0.309392 -0.513776 0.800195
v -2.7202 -169.921 1521
vn -0.609027 -0.545473 0.5758
v -2.7202 -169.297 1521.6
vn 0.923326 -0.101391 0.37039
v -2.22524 -170.546 1520.29
vn 0.993271 -0.0650603 0.0958075
v -2.30814 -169.921 1520.6
vn 0.123802 -0.83608 -0.534456
v -2.40811 -168.232 1524.35
vn 0.128284 -0.964047 0.232716
v -2.40811 -168.081 1524.97
vn -0.702017 -0.711851 -0.0209828
v -2.7202 -168.09 1527.47
vn -0.614088 -0.0885644 -0.784253
v -2.9166 -166.176 1517.48
vn -0.544005 0.045096 -0.837869
v -2.40811 -166.8 1517.06
vn 0.215125 -0.41387 -0.884552
v -2.09602 -166.862 1517.17
vn 0.254463 -0.283398 -0.924626
v -2.09602 -166.488 1517.05
vn -0.457674 -0.492101 -0.740521
v -3.96856 -165.805 1519.66
vn -0.388004 0.196854 -0.900389
v -3.43459 -167.737 1518.1
vn -0.980408 0.0599438 -0.187637
v -3.25416 -166.8 1518.73
vn -0.152558 0.250954 -0.955902
v -3.03229 -168.049 1517.93
vn -0.0904244 0.252886 -0.963261
v -2.40811 -168.049 1517.87
vn 0.882094 -0.394188 0.257926
v -4.28065 -166.91 1520.91
vn 0.706608 -0.620125 -0.340808
v -4.28065 -166.557 1520.29
vn 0.771068 -0.54231 -0.333698
v -4.28065 -166.691 1520.6
vn -0.457674 -0.492101 -0.740521
v -3.96856 -166.744 1520.29
vn -0.577298 -0.816402 0.0146546
v -3.94174 -166.8 1520.6
vn 0.223445 -0.797972 -0.559743
v -3.89054 -166.8 1520.91
vn -0.854152 -0.519865 0.0128346
v -3.4736 -167.425 1520.6
vn 0.467291 -0.879669 0.0884365
v -3.65647 -166.676 1521.85
vn -0.969772 -0.194444 0.147426
v -3.17614 -168.049 1521.22
vn -0.974681 0.142133 0.17261
v -3.21515 -167.737 1520.29
vn -0.960325 -0.250503 -0.122572
v -3.34198 -167.737 1520.6
vn -0.817383 -0.537977 0.206074
v -3.07374 -167.425 1521.22
vn 0.894218 -0.374851 0.244666
v -2.00093 -168.049 1522.16
vn 0.751483 -0.618703 0.229082
v -3.96856 -165.676 1524.66
vn -0.151037 -0.894188 0.421445
v -3.65647 -165.725 1524.66
vn -0.0317218 -0.876837 -0.479741
v -2.74214 -168.049 1524.03
vn -0.759974 -0.591516 0.269348
v -2.80554 -167.737 1523.1
vn -0.883288 -0.453888 -0.117417
v -2.84455 -167.737 1523.72
vn -0.962664 -0.270549 0.00902436
v -2.88356 -167.737 1524.66
vn -0.965224 -0.258846 0.0366221
v -3.01522 -166.8 1524.97
vn -0.835495 -0.48301 0.262011
v -2.7202 -167.884 1523.1
vn -0.766582 -0.641854 -0.0193633
v -2.7202 -167.829 1523.41
vn 0.123802 -0.83608 -0.534456
v -2.7202 -167.879 1523.72
vn 0.559538 -0.677688 0.477134
v -2.40811 -167.845 1523.1
vn 0.172898 -0.982771 0.0653321
v -2.40811 -167.794 1523.41
vn 0.765263 -0.577147 0.285086
v -2.30814 -167.737 1523.1
vn 0.33562 -0.938631 0.0795633
v -2.32277 -167.737 1523.72
vn 0.882887 -0.430933 0.186566
v -2.11796 -167.425 1523.1
vn 0.922174 -0.386573 0.0125104
v -2.05944 -167.737 1524.35
vn -0.482896 -0.87567 0.00377253
v -2.73239 -168.049 1525.28
vn -0.924179 -0.375046 -0.0723479
v -2.96158 -167.737 1527.47
vn -0.948418 -0.316432 -0.0193434
v -2.89819 -167.425 1525.59
vn -0.448336 -0.868316 -0.212186
v -2.7202 -167.794 1526.84
vn -0.699922 -0.459318 0.546933
v -2.7202 -167.696 1525.59
vn 0.680464 -0.713105 -0.16867
v -2.40811 -167.798 1526.53
vn 0.920295 -0.233661 0.313783
v -2.40811 -167.434 1525.59
vn 0.705697 -0.654595 -0.271103
v -2.40811 -167.598 1525.91
vn 0.813667 -0.577532 0.066355
v -2.19598 -167.737 1527.47
vn 0.898601 -0.419886 -0.127329
v -2.13747 -167.425 1526.53
vn -0.882646 -0.428058 0.194169
v -3.06399 -167.425 1528.09
vn -0.654372 -0.609363 0.447743
v -2.40811 -167.113 1529.47
vn 0.916146 -0.387192 0.10373
v -2.01068 -166.176 1529.34
vn -0.36599 0.194549 -0.910056
v -2.88356 -165.552 1517.48
vn -0.690475 -0.155301 -0.706489
v -2.48613 -164.928 1517.48
vn -0.221856 0.194518 -0.95548
v -2.09602 -165.552 1517.3
vn 0.790795 -0.331421 -0.51459
v -3.96856 -163.68 1518.34
vn 0.110849 -0.518096 -0.848109
v -3.65647 -163.738 1518.42
vn -0.866512 -0.0602378 -0.495508
v -2.80554 -164.616 1517.79
vn 0.651961 -0.618222 0.439032
v -3.96856 -164.823 1526.22
vn 0.614758 -0.695355 0.372228
v -3.96856 -164.292 1526.84
vn -0.0407518 -0.824383 0.564564
v -3.65647 -165.052 1525.91
vn -0.905706 -0.417581 0.0729584
v -3.26392 -165.24 1526.53
vn 0.494235 -0.868234 0.043607
v -4.28065 -164.37 1528.71
vn 0.61553 -0.787991 -0.0138961
v -4.28065 -164.175 1528.09
vn -0.94427 -0.327279 -0.0352386
v -3.78569 -164.616 1528.71
vn -0.178234 -0.957786 -0.225564
v -3.96856 -164.192 1528.09
vn 0.162888 -0.943888 0.287302
v -3.96856 -163.936 1530.59
vn -0.753103 -0.568833 0.330551
v -3.65647 -164.13 1530.59
vn -0.737762 -0.496026 0.457893
v -3.26392 -164.616 1530.9
vn -0.264124 -0.617734 0.740705
v -3.34438 -163.609 1531.84
vn 0.115399 -0.462397 0.879131
v -2.13747 -164.928 1530.59
vn 0.119754 -0.848434 0.515576
v -2.40811 -163.828 1532.46
vn -0.440303 -0.831791 -0.338019
v -3.03229 -164.17 1534.96
vn -0.0989002 -0.987401 -0.123519
v -2.40811 -164.082 1533.4
vn -0.159416 -0.980094 -0.118333
v -4.28065 -164.321 1535.89
vn -0.198609 -0.977535 0.0705665
v -3.65647 -164.535 1536.83
vn 0.230267 -0.942774 0.241154
v -2.7202 -164.018 1535.27
vn -0.860686 0.330834 0.386999
v -3.88322 -163.367 1537.76
vn -0.253914 -0.863311 0.436144
v -3.65647 -164.062 1537.76
vn 0.630737 -0.726978 0.27143
v -3.03229 -163.467 1538.08
vn -0.550888 -0.256088 -0.794318
v -2.7202 -163.055 1517.3
vn -0.275149 -0.266146 -0.923828
v -2.44567 -161.807 1516.85
vn -0.393524 -0.0158352 -0.919178
v -2.09602 -162.431 1516.93
vn -0.653446 -0.65794 0.374331
v -4.28065 -162.931 1532.15
vn -0.457512 -0.863224 -0.213372
v -4.28065 -162.899 1532.46
vn -0.923469 0.191884 0.332244
v -3.53212 -161.495 1536.83
vn -0.234408 -0.284077 0.929706
v -3.34438 -163.055 1538.2
vn -0.875869 0.0340556 0.481345
v -3.19565 -161.495 1537.76
vn 0.135512 -0.431612 0.891823
v -2.78346 -162.431 1538.39
vn -0.722207 -0.295965 0.625158
v -2.7202 -161.495 1538.49
vn -0.133951 -0.900127 0.414522
v -2.09602 -162.673 1538.08
vn 0.847126 -0.287809 -0.446704
v -4.0734 -158.686 1514.05
vn -0.326831 -0.568801 -0.75475
v -2.7202 -159.31 1515.16
vn -0.515928 -0.595785 -0.615515
v -2.40811 -158.374 1513.99
vn 0.804869 -0.406825 -0.432064
v -4.09291 -160.559 1516.23
vn 0.801327 -0.454519 -0.388958
v -4.07828 -159.934 1515.29
vn 0.513528 -0.586429 -0.62641
v -3.65647 -160.088 1516.23
vn 0.392128 -0.56654 -0.724754
v -3.65647 -159.689 1515.61
vn -0.375604 -0.468158 -0.799843
v -3.34438 -160.247 1516.09
vn 0.0947907 -0.505098 -0.857841
v -2.7202 -160.559 1516.13
vn 0.810878 0.576709 0.0994195
v -1.91315 -158.998 1515.92
vn 0.796813 0.526334 -0.296753
v -1.84488 -158.374 1516.85
vn -0.869677 0.352763 0.345283
v -4.28065 -160.247 1533.49
vn -0.417986 0.431763 0.799293
v -3.71742 -158.998 1533.08
vn -0.945083 0.235486 0.226636
v -3.71255 -160.559 1535.27
vn -0.990359 0.0520875 0.12836
v -3.65647 -160.465 1536.2
vn -0.321624 -0.443419 0.836623
v -2.09602 -158.595 1540.89
vn 0.862303 -0.186591 -0.470762
v -3.96856 -155.877 1512.96
vn 0.633003 -0.429498 -0.644079
v -3.65647 -157.832 1514.36
vn -0.302564 -0.565748 -0.767062
v -3.34438 -157.438 1514.2
vn -0.644901 -0.478439 -0.595985
v -3.07374 -156.814 1513.42
vn 0.122661 -0.538038 -0.833948
v -3.34438 -156.501 1513.46
vn -0.140818 -0.305683 -0.941662
v -3.34438 -155.877 1513.14
vn 0.169995 -0.330589 -0.928339
v -2.7202 -156.814 1513.03
vn 0.172143 -0.245885 -0.953891
v -1.85571 -156.501 1513.11
vn 0.853318 0.512657 -0.0950285
v -2.5227 -157.438 1517.48
vn 0.922909 0.34074 0.179264
v -2.7202 -156.814 1517.31
vn 0.941951 0.335286 0.0176455
v -2.03506 -158.062 1516.54
vn 0.860606 0.261861 -0.436791
v -2.45931 -157.126 1517.79
vn -0.948912 0.152543 0.276218
v -2.78603 -155.877 1540.26
vn -0.867182 -0.13753 0.478625
v -2.7202 -157.613 1540.57
vn -0.740638 0.144576 0.656165
v -2.56415 -156.501 1540.89
vn -0.431345 -0.128377 0.893007
v -2.09602 -157.438 1541.29
vn -0.319802 0.181942 0.929851
v -2.09602 -156.501 1541.23
vn 0.835271 -0.174624 -0.521371
v -4.09778 -155.253 1512.49
vn 0.313993 -0.193764 -0.929443
v -3.65647 -153.225 1512.49
vn 0.128221 -0.116726 -0.984852
v -3.03229 -154.317 1512.7
vn 0.826633 0.409024 0.386493
v -3.29318 -153.381 1513.73
vn 0.939272 0.34295 0.0123705
v -2.77628 -153.381 1513.11
vn 0.69383 0.140063 -0.706387
v -2.55684 -154.005 1513.11
vn 0.886738 0.349872 0.302136
v -2.38129 -154.629 1513.42
vn 0.499806 0.292116 0.815391
v -4.28065 -154.629 1530.41
vn -0.871789 0.364506 0.32729
v -2.49832 -153.693 1539.01
vn -0.581446 0.574442 0.57614
v -2.09602 -153.381 1539.25
vn -0.741212 0.377544 0.555037
v -2.5861 -155.253 1540.26
vn -0.604089 0.366692 0.70754
v -2.09602 -155.565 1540.91
vn 0.849271 -0.127306 -0.512379
v -3.96856 -152.444 1512.06
vn 0.719989 0.0246598 -0.693548
v -3.34438 -152.307 1512.49
vn 0.870059 0.177183 -0.460003
v -2.85917 -153.069 1513.11
vn 0.689015 -0.446822 0.570622
v -3.03229 -152.978 1513.73
vn 0.805427 -0.57966 -0.123618
v -3.03229 -152.969 1514.05
vn 0.809795 -0.0928771 -0.579315
v -2.7202 -152.704 1513.42
vn -0.739163 0.194679 0.644778
v -4.28065 -150.884 1529.3
vn -0.917496 0.130792 0.375626
v -2.42517 -151.196 1531.52
vn -0.983261 0.170923 0.063106
v -2.8543 -152.756 1534.96
vn -0.702239 0.571411 0.424677
v -2.24962 -151.508 1536.83
vn -0.121345 0.121438 0.985154
v -4.28065 -150.26 1529.36
vn 0.0749824 0.283729 0.955968
v -4.28065 -149.323 1529.05
vn 0.337001 0.130305 0.932443
v -4.28065 -148.387 1528.8
vn -0.545251 0.182942 0.818067
v -3.96856 -150.26 1529.47
vn -0.404987 0.117173 0.906783
v -3.96856 -148.387 1528.75
vn -0.893694 0.107041 0.435722
v -2.73727 -149.636 1530.9
vn -0.988487 0.079622 0.128664
v -2.45443 -149.948 1531.84
vn -0.835925 0.442963 0.324058
v -2.09602 -149.889 1534.64
vn 0.472932 -0.142817 0.869447
v -4.28065 -148.075 1528.81
vn 0.347318 -0.210171 0.913892
v -4.28065 -147.661 1529.03
vn -0.341383 -0.185511 0.921435
v -3.65647 -147.968 1529.03
vn -0.803162 0.300351 0.514509
v -1.85464 -145.89 1530.59
vn -0.499281 -0.114703 0.858814
v -2.06481 -144.018 1530.27
vn 0.921487 0.168395 -0.350006
v -4.24164 -142.77 1514.98
vn -0.147239 -0.133928 0.979992
v -3.65647 -141.544 1529.96
vn 0.790525 0.339499 -0.509716
v -4.16605 -138.712 1519.66
vn 0.849554 0.469726 -0.240032
v -3.96856 -138.4 1520.26
vn 0.582619 0.70241 -0.40887
v -3.65647 -139.256 1519.66
vn 0.943864 0.307 0.121951
v -3.85884 -138.4 1521.85
vn 0.577599 0.814941 -0.0474306
v -3.34809 -139.024 1522.47
vn 0.601034 0.784383 -0.1533
v -3.03229 -139.29 1520.91
vn 0.710334 0.697264 0.0961701
v -4.28065 -138.403 1523.41
vn 0.214596 0.955959 -0.200225
v -3.34438 -138.593 1524.66
vn 0.159184 0.933496 -0.321319
v -3.34438 -138.544 1525.59
vn 0.446056 0.743695 -0.497948
v -3.34438 -138.126 1526.22
vn -0.0298639 0.950201 -0.310203
v -2.7202 -138.456 1525.59
vn -0.121071 0.789824 -0.601265
v -2.7202 -138.283 1525.91
vn 0.103929 0.847078 -0.521208
v -2.40811 -138.481 1525.59
vn 0.104817 0.86437 -0.491811
v -1.83358 -138.712 1525.59
vn -0.346302 -0.0285462 0.937689
v -3.34438 -140.273 1530.3
vn -0.257118 -0.00703864 0.966354
v -2.7202 -140.273 1530.79
vn 0.854184 -0.411683 -0.317625
v -4.28065 -136.84 1517.45
vn 0.916466 0.378026 0.131098
v -4.1563 -136.84 1518.42
vn 0.90169 0.239443 0.360032
v -4.13679 -138.088 1522.47
vn 0.942904 0.0064864 0.333002
v -4.01488 -137.776 1522.16
vn 0.959537 0.155287 -0.234894
v -4.0734 -137.464 1521.22
vn 0.602199 0.22418 0.766225
v -4.28065 -136.84 1522.58
vn 0.851548 0.343203 -0.39633
v -4.1563 -136.528 1521.54
vn 0.792693 0.43913 -0.42285
v -3.98563 -136.528 1521.85
vn 0.999691 0.0136737 0.0207554
v -3.93686 -137.464 1521.85
vn 0.984622 0.0881471 -0.150829
v -3.90273 -136.84 1521.85
vn 0.901729 0.180735 0.392708
v -3.91736 -136.84 1522.16
vn 0.414228 0.414894 -0.81011
v -3.34438 -136.528 1526.76
vn -0.10605 0.457804 -0.882705
v -2.40811 -138.088 1525.98
vn -0.0713433 0.986039 -0.150459
v -2.09602 -136.34 1526.84
vn 0.210816 0.354633 0.910929
v -4.28065 -135.904 1529.21
vn -0.113515 0.626881 0.770802
v -3.03229 -136.528 1530.1
vn 0.525516 0.823738 -0.212811
v -3.03229 -135.979 1529.65
vn -0.12811 0.163742 0.97815
v -2.40811 -136.528 1530.12
vn -0.274347 0.138256 0.95164
v -2.79389 -137.776 1530.27
vn -0.924856 -0.236475 0.297861
v 0.261724 -168.673 1520.6
vn 0.933102 -0.205024 -0.29544
v -1.7376 -165.864 1517.48
vn 0.968659 -0.235016 -0.0804226
v -1.5523 -166.8 1519.35
vn 0.370979 -0.904714 0.209444
v -0.937871 -166.176 1519.98
vn 0.735523 -0.675779 -0.04826
v -0.847658 -166.034 1519.35
vn 0.0918482 -0.555465 -0.826452
v -0.535568 -165.982 1519.35
vn 0.0299686 -0.933758 0.356648
v -0.535568 -165.608 1521.85
vn -0.919771 -0.301905 0.250749
v -0.036736 -167.113 1520.91
vn 0.472534 -0.356692 -0.805904
v -1.78393 -163.367 1516.75
vn 0.641639 -0.42621 -0.637686
v -1.26947 -163.367 1517.17
vn 0.727547 -0.633121 0.26426
v -1.47184 -165.552 1522.78
vn 0.89716 -0.227795 -0.378436
v -1.55718 -165.24 1524.03
vn -0.403734 -0.843361 0.354601
v -0.847658 -164.54 1524.03
vn -0.24081 -0.911193 0.334272
v 0.088612 -164.857 1524.35
vn 0.716472 -0.697586 -0.00638178
v -1.60106 -165.24 1525.91
vn 0.588944 -0.797925 -0.128297
v -1.15975 -164.779 1527.47
vn 0.492791 -0.870136 -0.00458324
v -0.847658 -164.813 1525.91
vn -0.528277 -0.847241 0.0557416
v 0.088612 -165.101 1527.15
vn 0.546537 -0.744021 0.384357
v -1.15975 -165.096 1528.4
vn 0.079298 -0.952191 0.295033
v -0.847658 -164.648 1529.34
vn -0.317725 -0.935643 0.153696
v -0.535568 -164.882 1528.4
vn -0.299809 -0.924917 0.233759
v -0.459546 -164.616 1529.65
vn -0.45585 -0.795043 0.400134
v 0.539015 -165.24 1529.65
vn -0.018036 -0.993347 0.113739
v -1.78393 -163.765 1532.15
vn -0.0826247 -0.994751 0.0603629
v -0.847658 -164.304 1531.55
vn -0.28681 -0.741329 0.606771
v 0.088612 -164.555 1530.27
vn -0.282243 -0.946232 -0.158063
v -1.64037 -163.992 1532.77
vn -0.131841 -0.991267 -0.00267732
v -1.47184 -164.116 1534.02
vn -0.582339 -0.771297 0.256872
v -1.47184 -163.578 1536.83
vn -0.0470819 -0.992551 0.112363
v -1.15975 -164.057 1535.27
vn -0.745308 -0.638776 0.191
v -1.00127 -163.992 1537.45
vn -0.506346 -0.854104 0.11883
v -0.535568 -164.516 1536.83
vn -0.314389 -0.909994 0.270315
v -0.535568 -164.304 1537.54
vn -0.138118 -0.982247 0.126938
v -0.223478 -164.56 1536.83
vn 0.747193 -0.430235 0.506558
v 0.008151 -163.992 1537.45
vn 0.316552 -0.945387 -0.0777033
v 0.088612 -164.399 1536.52
vn -0.705353 -0.552185 0.444487
v -1.31335 -163.367 1537.76
vn -0.50261 -0.682691 0.530392
v -0.847658 -164.057 1537.76
vn -0.343136 -0.398482 0.85057
v -0.847658 -163.572 1538.08
vn 0.325208 -0.309712 0.893487
v -0.535568 -163.702 1538.08
vn -0.605425 -0.52457 -0.598571
v 0.271477 -162.743 1514.98
vn -0.686838 -0.408912 -0.60087
v 0.500247 -162.743 1514.67
vn -0.747097 -0.49141 -0.447619
v 0.66159 -162.431 1514.36
vn -0.776467 -0.270352 -0.569217
v 0.400702 -162.431 1514.71
vn -0.778552 -0.47867 -0.405872
v 0.515298 -162.119 1513.73
vn -0.989671 -0.128473 -0.0636077
v 0.461657 -162.119 1514.36
vn -0.948614 0.0319893 -0.314814
v 0.476286 -161.183 1513.42
vn -0.509362 0.119789 -0.852175
v -1.78393 -162.431 1516.8
vn -0.033885 -0.526377 -0.849576
v -1.78393 -161.495 1516.97
vn -0.471984 0.0620723 -0.879419
v -1.45056 -162.431 1516.54
vn 0.75231 -0.255367 -0.607304
v -1.15975 -162.431 1516.44
vn -0.493978 0.153058 -0.855897
v -1.14091 -161.495 1516.54
vn 0.607544 -0.415274 -0.67708
v -0.847658 -162.431 1516.93
vn 0.793507 -0.110045 -0.598529
v -0.847658 -161.183 1516.91
vn -0.869489 -0.338957 -0.359301
v -0.535568 -162.743 1516.94
vn -0.0535996 -0.0237965 -0.998279
v -0.113759 -160.871 1516.85
vn 0.885754 -0.165796 0.433533
v -0.011354 -161.495 1537.45
vn -0.398201 -0.796008 0.455859
v -1.78393 -162.863 1537.76
vn -0.0719956 -0.102753 0.992098
v -1.78393 -162.119 1538.49
vn -0.605516 -0.548192 0.576919
v -1.47184 -162.743 1538.19
vn 0.142912 -0.191081 0.971115
v -1.15975 -162.431 1538.27
vn 0.378069 -0.255176 0.889915
v -0.847658 -162.119 1538.26
vn 0.448511 -0.441544 0.777095
v -0.847658 -161.807 1538.42
vn 0.535547 -0.0562854 0.842628
v -0.535568 -162.743 1538.04
vn 0.803425 -0.00382364 0.595394
v -0.279557 -162.431 1537.76
vn 0.698654 -0.249197 0.670659
v -0.484366 -161.807 1538.08
vn 0.53444 0.593998 0.601282
v -1.15975 -158.882 1514.98
vn -0.994726 0.0207575 0.100447
v 0.617702 -159.622 1514.05
vn 0.580197 0.584651 0.567057
v -1.38211 -158.998 1515.29
vn 0.690582 0.621716 -0.369548
v -1.47184 -158.596 1517.17
vn 0.675456 0.696618 -0.241833
v -1.47184 -158.374 1517.72
vn 0.51437 0.771103 0.375264
v -1.15975 -159.403 1515.61
vn 0.592478 0.679109 -0.433336
v -0.995343 -159.31 1517.17
vn 0.794176 -0.233626 -0.560984
v -0.737939 -159.934 1516.54
vn 0.903174 0.386071 -0.187685
v -0.847658 -159.622 1516.66
vn 0.0908814 0.224241 -0.970287
v -0.847658 -158.374 1517.28
vn 0.682581 -0.261278 -0.682508
v -0.535568 -159.934 1516.75
vn 0.496312 0.261911 -0.827694
v -0.535568 -159.588 1516.85
vn -0.525981 0.213915 -0.823155
v -0.318568 -159.31 1516.85
vn -0.0394232 -0.155053 -0.987119
v -0.223478 -160.447 1516.85
vn -0.141008 -0.288324 -0.947093
v -0.223478 -159.622 1516.6
vn 0.986322 0.0133889 0.164283
v 0.632331 -159.31 1536.52
vn 0.828915 -0.349193 0.436994
v 0.088612 -160.395 1538.39
vn 0.604998 -0.401085 0.687829
v 0.232466 -159.622 1538.7
vn 0.437973 -0.463989 0.769996
v -1.47184 -159.517 1540.26
vn 0.3512 -0.454551 -0.818561
v -1.61569 -157.126 1513.42
vn 0.960122 0.22569 -0.165014
v -1.6547 -156.501 1513.42
vn 0.879075 0.3519 0.321548
v -1.43526 -157.75 1514.36
vn -0.638731 -0.252489 -0.726824
v 0.193455 -157.438 1512.8
vn -0.699379 0.570486 -0.430599
v -0.847658 -158.062 1517.39
vn -0.754796 0.18151 -0.630347
v -0.445354 -158.062 1516.85
vn -0.757962 0.487168 -0.433775
v -0.535568 -157.788 1517.17
vn -0.898266 -0.208301 -0.386949
v 0.178826 -155.877 1515.29
vn -0.433643 -0.253417 -0.864716
v 0.400702 -158.062 1515.86
vn 0.761954 0.536492 -0.362769
v -1.4889 -158.062 1518.73
vn 0.46971 -0.51702 -0.715586
v -1.15975 -156.189 1517.96
vn -0.994361 -0.0386684 -0.0987488
v -0.611152 -157.438 1517.79
vn 0.906517 0.293112 0.30383
v 0.578691 -157.126 1534.33
vn 0.06302 0.00291763 0.998008
v -1.78393 -157.126 1541.36
vn 0.259306 -0.275915 0.925544
v -1.47184 -157.75 1541.24
vn 0.220996 0.232593 0.947133
v -1.47184 -156.501 1541.26
vn 0.28849 0.552781 0.781797
v -1.20692 -155.877 1540.89
vn 0.578005 -0.328664 0.746921
v -0.978933 -157.75 1540.89
vn 0.633261 0.0360091 0.7731
v -1.15975 -157.126 1541.14
vn 0.881031 0.212451 0.42267
v -0.957377 -156.189 1540.57
vn -0.974155 -0.211145 -0.0802447
v 0.276354 -155.565 1514.67
vn 0.0390148 -0.571351 -0.819778
v -1.15975 -154.005 1516.14
vn 0.324307 -0.586991 -0.741799
v -1.15975 -153.381 1515.69
vn -0.894605 -0.211448 -0.393664
v -0.572141 -155.253 1516.54
vn -0.592208 -0.417812 -0.689001
v -0.847658 -154.317 1516.15
vn -0.420014 -0.488767 -0.764653
v -0.847658 -153.381 1515.74
vn -0.789696 -0.334869 -0.514046
v -0.535568 -154.317 1515.76
vn 0.494892 0.136157 0.858221
v 0.400702 -153.947 1532.46
vn 0.972296 0.0386792 0.230531
v 0.003275 -154.629 1533.4
vn 0.872754 0.251427 0.418432
v 0.105679 -155.253 1533.08
vn 0.944393 0.136361 0.29921
v 0.266601 -154.005 1532.77
vn 0.983845 0.173847 0.0427356
v 0.008151 -154.941 1535.27
vn 0.526612 -0.558937 -0.640523
v -0.847658 -151.508 1514.22
vn -0.787502 -0.279593 -0.549243
v -0.41122 -151.82 1514.05
vn -0.969114 -0.146735 -0.198207
v -0.186905 -152.132 1513.73
vn 0.924167 -0.0345744 0.380421
v -0.299062 -151.508 1531.52
vn 0.777554 0.584873 0.230939
v -0.035736 -152.756 1531.84
vn 0.931386 0.34234 0.123789
v -0.069871 -152.756 1532.46
vn 0.136159 0.385332 0.912677
v 0.076421 -152.444 1530.9
vn 0.926853 0.146452 0.345682
v -0.206411 -152.132 1531.21
vn 0.785388 -0.0968262 0.611384
v -0.223478 -151.82 1531.28
vn 0.792281 0.0348575 0.60916
v -0.141489 -151.508 1531.21
vn 0.873109 0.152025 0.463216
v -0.162523 -151.196 1531.21
vn 0.800211 0.513869 0.309194
v 0.144691 -153.069 1532.15
vn 0.475886 -0.122066 0.870995
v 0.088612 -152.132 1530.87
vn 0.181794 -0.0221781 0.983086
v 0.329182 -151.82 1530.9
vn 0.519319 -0.172551 0.836979
v 0.088612 -151.82 1530.99
vn 0.549445 0.0753131 0.832129
v 0.088612 -151.508 1531
vn 0.432531 0.614923 0.659384
v 0.388511 -151.196 1530.59
vn 0.644416 0.359504 0.674896
v 0.088612 -151.196 1530.91
vn 0.464734 0.503728 0.728204
v 0.383635 -150.884 1530.27
vn -0.0671737 0.11225 0.991407
v 0.400702 -152.444 1530.84
vn 0.401934 0.326373 0.855529
v 0.400702 -151.508 1530.85
vn -0.251887 0.761734 0.596921
v -1.47184 -151.144 1536.83
vn 0.9366 0.275683 0.216285
v -0.484366 -151.508 1535.58
vn -0.510196 -0.329045 -0.794625
v 0.400702 -149.636 1509.81
vn -0.546098 -0.346847 -0.762544
v 0.400702 -149.011 1509.44
vn -0.994802 -0.0377003 -0.0945971
v 0.017904 -149.948 1510.3
vn 0.548286 0.333857 -0.76676
v -1.39953 -148.699 1514.67
vn 0.572932 0.047676 -0.818215
v -1.15975 -150.26 1514.09
vn -0.938574 -0.100127 -0.330233
v -0.479489 -149.948 1513.42
vn -0.566455 0.335236 -0.752825
v -0.41122 -148.387 1514.36
vn 0.808747 0.458436 0.368463
v -1.47184 -149.948 1535.21
vn 0.947238 0.210527 0.241698
v -1.01102 -149.636 1533.71
vn -0.38307 0.71294 0.587344
v -1.78393 -150.018 1535.27
vn -0.945029 0.213177 -0.247942
v -0.223478 -147.465 1515.92
vn 0.854171 0.138096 0.50132
v -0.162523 -147.763 1529.96
vn 0.0960485 0.0969375 0.990645
v 0.400702 -147.763 1529.16
vn -0.399635 0.651475 0.644881
v -1.47184 -146.515 1531.57
vn -0.727242 0.325822 0.604118
v -1.47184 -145.89 1531.05
vn 0.578679 0.293144 0.76105
v -1.15975 -145.89 1531.02
vn 0.925511 0.154325 0.345851
v -0.847658 -146.827 1531.23
vn -0.811063 -0.124377 -0.571583
v -0.035736 -143.394 1508.12
vn -0.386889 -0.220249 -0.895437
v 0.400702 -144.16 1508.12
vn -0.999071 0.043035 0.00216982
v 0.088612 -143.407 1512.17
vn -0.775149 -0.0246016 0.631299
v -0.003032 -143.394 1514.67
vn -0.991722 0.0927682 -0.0887769
v 0.144691 -144.33 1513.73
vn 0.862002 0.0760035 0.501175
v -0.535568 -144.642 1530.13
vn 0.214634 -0.157512 0.96391
v -0.223478 -143.706 1530.2
vn -0.677081 0.0870305 0.730744
v -1.47184 -144.642 1530.7
vn -0.0957575 -0.0399014 0.994605
v -1.47184 -143.394 1530.68
vn 0.340514 0.0962699 0.935298
v -1.15975 -144.642 1530.71
vn 0.420378 -0.0712288 0.904549
v -0.847658 -143.706 1530.53
vn -0.935502 0.279324 -0.216367
v 0.184428 -141.833 1514.67
vn -0.885562 0.448399 0.121317
v 0.339747 -141.209 1515.29
vn 0.748441 0.359573 -0.557264
v -1.47184 -140.897 1519.4
vn 0.776677 0.254152 -0.57635
v -1.15975 -142.145 1519.47
vn -0.295746 0.25429 -0.920799
v -0.513624 -141.833 1519.35
vn 0.226889 -0.0467434 0.972798
v -1.15975 -142.457 1530.73
vn 0.189492 -0.000114542 0.981882
v -0.847658 -141.521 1530.67
vn -0.790274 0.120177 -0.600854
v 0.088612 -140.273 1507.71
vn -0.756528 -0.0488304 -0.652136
v 0.02669 -140.585 1507.8
vn -0.930244 0.103115 -0.352156
v -0.138141 -140.273 1508.12
vn -0.788367 0.427059 -0.44283
v 0.088612 -139.854 1508.12
vn -0.353047 0.649472 -0.673457
v 0.400702 -140.008 1507.8
vn -0.0493895 -0.00598268 -0.998762
v -0.847658 -140.585 1519.45
vn -0.546726 0.72059 -0.426429
v -0.847658 -140.129 1519.98
vn -0.897522 0.320701 -0.302664
v -0.323444 -139.649 1519.04
vn -0.740157 -0.0810029 -0.667537
v -0.223478 -140.459 1518.73
vn -0.39931 -0.232647 -0.886807
v 0.234904 -140.585 1518.42
vn -0.883584 0.272671 -0.380697
v 0.099758 -139.024 1518.1
vn -0.862839 0.115249 -0.492165
v 0.541399 -140.585 1518.1
vn 0.29183 0.90441 -0.311252
v -1.47184 -140.148 1520.29
vn -0.163704 0.946751 -0.277242
v -1.78393 -139.144 1523.72
vn -0.651329 0.738712 -0.173418
v -0.847658 -138.789 1523.1
vn 0.0936003 0.880701 -0.464333
v -0.847658 -138.217 1526.53
vn -0.335813 0.913454 -0.229852
v -0.535568 -138.193 1526.53
vn 0.208122 0.197006 0.958058
v -0.535568 -139.024 1530.43
vn -0.853225 0.472377 -0.221061
v 0.549432 -137.152 1519.04
vn -0.727465 0.684063 -0.0533977
v 0.088612 -137.437 1522.47
vn 0.382346 0.420844 -0.822619
v -1.78393 -138.088 1526.2
vn 0.337911 0.438247 -0.83292
v -1.78393 -136.84 1526.43
vn 0.429892 0.528184 -0.732267
v -1.15975 -138.088 1526.57
vn 0.42762 0.307761 -0.849956
v -0.847658 -137.776 1526.92
vn -0.12989 0.929593 -0.344944
v -0.847658 -136.216 1527.72
vn -0.155942 0.668755 -0.726945
v -0.535568 -138.088 1526.91
vn 0.0170643 0.322965 -0.946257
v -0.535568 -137.464 1527.1
vn 0.0918761 0.374206 -0.922783
v -0.535568 -136.505 1527.47
vn -0.761453 0.615781 -0.202491
v 0.015623 -137.776 1526.53
vn -0.678033 0.437934 -0.590326
v 0.088612 -137.364 1526.84
vn -0.366774 0.567897 -0.736865
v 0.088612 -136.528 1527.3
vn -0.706081 0.587111 -0.395916
v 0.549432 -136.528 1526.84
vn 0.133882 0.787561 0.601518
v -1.15975 -136.111 1529.03
vn 0.231403 0.618499 0.75094
v -0.847658 -136.411 1529.34
vn -0.267868 0.963435 -0.00627439
v -0.223478 -135.93 1528.71
vn 0.0227647 0.609354 0.792572
v 0.088612 -136.165 1529.03
vn 0.182313 0.405396 0.895777
v 0.400702 -137.464 1529.53
vn -0.206852 0.976085 -0.0668575
v 0.400702 -135.726 1528.4
vn 0.1534 0.27265 0.949805
v -1.47184 -137.776 1530.58
vn -0.715636 -0.312775 -0.624529
v 0.846893 -171.794 1521.85
vn -0.915662 -0.348452 0.200361
v 0.85177 -171.794 1522.16
vn -0.993028 -0.101615 0.0597517
v 0.798129 -171.17 1522.47
vn -0.715504 -0.31162 -0.625258
v 1.02488 -172.203 1521.85
vn -0.675112 -0.536835 0.505996
v 1.02488 -171.851 1522.47
vn 0.428965 -0.118765 -0.895479
v 1.02488 -170.858 1521.17
vn -0.267745 -0.87021 -0.413579
v 1.33697 -172.299 1521.85
vn 0.0836012 -0.889043 0.450125
v 1.33697 -172.25 1522.16
vn -0.715636 -0.312775 -0.624529
v 1.33697 -172.106 1521.44
vn 0.610032 -0.792322 -0.00930616
v 1.64906 -172.113 1521.85
vn 0.676318 -0.69162 0.253485
v 1.64906 -172.066 1522.16
vn -0.792214 -0.299076 0.531931
v 0.934669 -170.858 1523.1
vn -0.288548 -0.620862 0.728883
v 1.33697 -170.953 1523.41
vn -0.14662 -0.691207 0.707626
v 1.64906 -170.689 1523.72
vn 0.431303 -0.717628 0.546798
v 1.96115 -171.17 1523.15
vn -0.93168 -0.0603223 -0.358236
v 0.895657 -169.921 1521.54
vn -0.987205 -0.0939782 -0.128817
v 0.871275 -169.609 1521.54
vn -0.9326 -0.279764 0.228011
v 0.712792 -169.138 1521.22
vn -0.766926 -0.122907 -0.629855
v 1.02488 -169.921 1521.31
vn -0.140055 -0.723316 -0.676165
v 1.02488 -169.297 1521.11
vn 0.446606 -0.054196 -0.893088
v 1.33697 -170.233 1521.23
vn 0.516679 -0.0793869 -0.852491
v 1.96115 -170.233 1521.54
vn -0.957716 -0.207464 0.199348
v 0.846893 -168.673 1523.41
vn -0.797848 -0.318998 0.511545
v 1.2175 -170.233 1523.72
vn -0.547489 -0.493421 0.675864
v 1.40678 -170.546 1523.72
vn -0.826564 -0.432925 0.359678
v 1.33697 -168.954 1524.97
vn -0.0382778 -0.744063 0.667012
v 2.27324 -169.609 1524.85
vn 0.723647 -0.634345 0.271921
v 2.58533 -169.456 1524.66
vn 0.89033 -0.409261 0.199545
v 3.19732 -168.673 1524.66
vn 0.913209 -0.387964 0.124633
v 3.15343 -168.673 1524.97
vn 0.989118 0.0199487 0.145764
v 3.18269 -168.361 1524.97
vn -0.472252 -0.64478 0.60103
v 1.64906 -169.082 1525.28
vn 0.629073 -0.607303 0.485232
v 2.89742 -168.673 1525.86
vn 0.276606 -0.833532 -0.478241
v 1.96115 -165.935 1517.48
vn -0.358757 -0.660026 -0.660045
v 0.712792 -167.425 1519.17
vn 0.637494 -0.760046 -0.12622
v 1.96115 -166.047 1517.79
vn 0.793893 -0.576795 0.19246
v 2.09525 -165.864 1518.42
vn 0.858868 -0.235349 -0.454924
v 1.18824 -167.113 1520.29
vn 0.87255 0.461812 -0.159327
v 1.08584 -166.488 1521.54
vn 0.96031 0.0245252 0.277856
v 1.16386 -166.176 1520.6
vn 0.780414 -0.270423 -0.563761
v 1.96115 -168.049 1521.81
vn 0.633821 0.0166604 -0.7733
v 1.96115 -166.176 1522.49
vn 0.0320902 0.160944 -0.986442
v 2.55932 -167.737 1521.85
vn -0.438277 0.0586365 -0.896925
v 2.89742 -166.488 1522.02
vn -0.433501 -0.210628 -0.876192
v 2.89742 -166.176 1521.98
vn 0.936323 0.110773 -0.33321
v 2.84134 -166.8 1524.97
vn -0.795611 -0.435345 0.421282
v 1.20074 -168.049 1526.22
vn -0.946136 -0.161137 0.280823
v 1.05658 -167.737 1525.91
vn -0.843828 -0.316454 0.433372
v 1.42231 -167.425 1526.84
vn -0.854299 -0.456682 0.248225
v 1.33697 -166.976 1527.15
vn -0.234103 -0.732863 0.638833
v 1.96115 -167.425 1527.44
vn -0.539186 -0.839137 0.0715999
v 1.02488 -165.789 1528.4
vn -0.703147 -0.598898 0.383283
v 1.36379 -166.176 1528.09
vn -0.505239 -0.8401 0.197397
v 1.96115 -166.242 1529.65
vn 0.621993 -0.612249 0.488135
v 2.57802 -166.8 1527.78
vn -0.57518 -0.781718 0.241009
v 2.27324 -166.349 1529.34
vn 0.671418 -0.518451 0.529533
v 2.96167 -166.176 1527.78
vn 0.0814658 -0.729592 0.679013
v 2.89742 -165.864 1530.25
vn -0.498817 -0.7661 0.405305
v 1.96115 -165.864 1530.36
vn -0.570513 -0.610281 -0.54961
v 1.64906 -164.304 1515.25
vn 0.662271 -0.736806 -0.136065
v 2.89742 -165.296 1516.85
vn 0.92189 0.0686444 0.381323
v 1.02488 -163.992 1520.25
vn 0.859131 -0.188984 0.475582
v 2.10501 -165.552 1518.73
vn 0.831153 -0.355569 0.427499
v 2.73406 -165.24 1518.1
vn 0.999508 0.0151116 -0.0274989
v 0.968803 -164.616 1521.54
vn -0.290907 -0.289624 -0.911861
v 1.96115 -163.68 1521.67
vn 0.972503 0.140742 0.185554
v 2.6853 -165.552 1523.72
vn 0.99946 -0.0328656 0.000442095
v 2.73406 -163.992 1524.35
vn 0.941649 0.120011 -0.314475
v 2.89742 -164.616 1525.44
vn -0.206106 -0.771758 0.60159
v 0.712792 -164.965 1529.96
vn -0.490847 -0.376259 0.785811
v 1.15492 -165.552 1529.96
vn 0.345005 0.124694 0.930281
v 2.27324 -165.24 1530.24
vn 0.235252 -0.239307 0.942013
v 2.58533 -164.928 1530.03
vn -0.341924 -0.579751 0.739578
v 1.33697 -164.928 1530.38
vn -0.34639 -0.300028 0.888818
v 1.64906 -165.24 1530.36
vn -0.0173524 -0.587887 0.808757
v 1.64906 -164.815 1530.59
vn 0.220715 -0.811544 0.540999
v 1.64906 -164.482 1530.9
vn 0.274658 -0.94602 0.172072
v 1.64906 -164.179 1531.84
vn 0.262516 -0.96339 -0.05446
v 1.64906 -164.155 1532.46
vn 0.47178 0.0169768 0.881553
v 1.96115 -164.928 1530.4
vn 0.542598 -0.835395 -0.0877636
v 1.96115 -163.936 1532.15
vn 0.358076 -0.78998 -0.497707
v 2.89742 -163.404 1532.46
vn 0.390601 -0.705681 0.591139
v 3.12085 -163.367 1531.21
vn 0.418928 -0.906782 0.0473965
v 2.89742 -163.122 1531.84
vn 0.444075 -0.789712 0.423264
v 1.33697 -163.911 1534.02
vn 0.199242 -0.964473 -0.173477
v 1.96115 -164.101 1532.77
vn 0.030937 -0.996911 0.0721894
v 1.96115 -164.106 1533.4
vn 0.085654 -0.788785 0.608672
v 1.96115 -163.843 1534.02
vn 0.380896 -0.841924 -0.382208
v 2.27324 -163.999 1532.77
vn 0.161914 -0.891627 -0.42283
v 2.58533 -164.092 1533.08
vn -0.559561 -0.510778 0.652685
v 2.58533 -163.992 1534.69
vn -0.21754 -0.422257 0.879986
v 2.58533 -163.49 1534.96
vn -0.232895 -0.460123 0.856765
v 2.89742 -163.68 1534.94
vn -0.813967 -0.159578 -0.558563
v 0.712792 -161.183 1512.99
vn -0.220201 -0.561138 -0.797895
v 1.02488 -161.495 1512.89
vn -0.563256 -0.508848 -0.651011
v 1.33697 -162.871 1514.05
vn 0.99353 -0.042661 0.105254
v 0.876152 -161.183 1519.98
vn 0.904152 -0.416774 -0.093849
v 0.924916 -160.871 1519.98
vn 0.845189 0.0376775 0.533137
v 1.11022 -161.183 1519.35
vn 0.856571 -0.282415 0.431889
v 1.1151 -160.871 1519.35
vn 0.786476 -0.0767631 0.612832
v 1.67101 -160.871 1518.73
vn 0.825258 -0.278029 -0.491577
v 0.949298 -161.183 1520.29
vn 0.202546 -0.416319 -0.886371
v 1.64906 -160.871 1520.78
vn 0.97732 -0.135674 0.162596
v 3.19732 -162.119 1522.47
vn -0.205872 -0.314863 -0.926541
v 2.89742 -161.807 1520.81
vn -0.0919791 -0.427386 -0.899378
v 2.89742 -160.871 1520.45
vn 0.93176 -0.230332 0.28066
v 2.92424 -162.119 1524.97
vn 0.968968 0.242533 0.0477459
v 2.77795 -163.055 1526.22
vn 0.93286 0.161511 0.322003
v 2.75845 -162.431 1525.59
vn 0.981233 0.187753 0.0439512
v 2.60728 -162.431 1525.91
vn 0.935488 -0.111514 -0.335301
v 2.58533 -162.085 1525.91
vn 0.888628 -0.0661682 0.45383
v 2.75845 -161.807 1525.28
vn 0.928295 0.0649972 0.366121
v 2.59265 -161.807 1525.59
vn 0.729956 -0.470764 -0.495526
v 2.97301 -161.495 1526.22
vn 0.580581 -0.621509 0.525978
v 1.64906 -162.743 1535.06
vn 0.509198 -0.192649 0.838811
v 1.93062 -162.431 1534.96
vn 0.837854 0.361363 0.409166
v 1.64906 -160.951 1534.33
vn 0.229975 -0.648559 0.725592
v 1.96115 -162.743 1534.87
vn -0.511831 -0.202854 0.834793
v 2.27324 -162.431 1535.08
vn -0.424812 0.293176 0.856494
v 2.27324 -161.495 1534.7
vn 0.0326708 0.950673 0.30847
v 2.58533 -161.249 1534.33
vn -0.101683 -0.638302 0.763041
v 2.89742 -162.743 1535.26
vn 0.845848 -0.143812 0.513673
v 1.02488 -163.055 1535.82
vn 0.843963 0.0653967 0.5324
v 1.02488 -161.495 1535.58
vn -0.394032 -0.360799 0.845318
v 2.58533 -162.679 1535.27
vn -0.64325 -0.265581 0.71812
v 2.8313 -162.431 1535.58
vn -0.56092 0.544724 0.623414
v 2.71943 -161.807 1535.27
vn 0.0776617 -0.194773 -0.977769
v 2.89742 -160.247 1512.46
vn -0.690266 0.133384 -0.711155
v 0.712792 -160.559 1513.17
vn -0.858442 -0.0181331 -0.51259
v 0.712792 -160.247 1513.2
vn -0.984881 0.130871 -0.113499
v 0.827388 -160.247 1514.98
vn -0.487026 -0.0547922 -0.871667
v 1.02488 -160.559 1512.98
vn -0.846375 0.0376455 -0.531255
v 0.754242 -159.31 1515.61
vn 0.787459 -0.269473 0.55434
v 1.50033 -160.559 1519.04
vn 0.854174 -0.397124 0.335678
v 1.33697 -160.507 1519.35
vn 0.826262 -0.562548 0.0288389
v 1.40768 -160.247 1519.66
vn 0.873691 -0.39051 0.290115
v 1.63687 -159.934 1519.04
vn 0.842025 -0.522265 0.135032
v 2.06599 -159.31 1519.04
vn 0.772169 -0.59589 -0.220612
v 2.0855 -159.31 1519.35
vn 0.938359 -0.338581 0.0696065
v 2.26105 -158.998 1519.04
vn 0.307681 -0.543494 -0.780991
v 2.27324 -159.622 1519.89
vn 0.901381 -0.325448 0.28565
v 2.3342 -158.998 1518.73
vn 0.864383 -0.318895 -0.388779
v 2.29519 -158.998 1519.35
vn 0.157072 -0.385281 -0.909334
v 2.5195 -158.998 1519.66
vn 0.953295 0.100646 0.284778
v 2.39271 -158.686 1518.73
vn 0.943966 0.0170534 -0.329602
v 2.29519 -158.374 1519.35
vn 0.713049 0.060748 -0.698478
v 2.84045 -158.686 1519.98
vn -0.147908 -0.372653 -0.916107
v 2.89742 -159.934 1519.99
vn 0.0188665 -0.268563 -0.963077
v 2.89742 -159.31 1519.86
vn 0.630806 -0.600802 -0.49104
v 1.33697 -160.546 1520.29
vn -0.20477 -0.445385 -0.871609
v 2.27324 -160.559 1520.54
vn 0.867309 -0.0242269 0.497181
v 2.16352 -160.247 1532.46
vn 0.691393 0.486412 0.534209
v 2.41222 -160.559 1532.15
vn 0.633015 -0.141101 0.761172
v 2.58293 -160.247 1531.84
vn 0.183463 -0.822563 0.538268
v 2.89742 -159.586 1532.15
vn 0.800481 0.118477 0.587532
v 0.978556 -159.31 1533.71
vn 0.956791 0.188968 0.221003
v 0.793253 -159.31 1534.64
vn 0.978501 -0.0588222 0.197676
v 0.876152 -158.998 1534.02
vn 0.932207 -0.00913981 0.361811
v 0.963927 -158.374 1534.02
vn 0.677338 -0.0238571 0.735285
v 1.15492 -158.686 1533.71
vn 0.780589 0.216429 0.586378
v 1.75391 -159.934 1533.4
vn 0.732398 -0.136756 0.667002
v 1.91483 -159.622 1533.08
vn 0.542328 -0.0504868 0.838648
v 1.64906 -159.31 1533.32
vn 0.573766 -0.278 0.770395
v 2.27324 -158.998 1533.1
vn -0.213179 -0.298154 -0.930408
v 1.64906 -157.04 1511.55
vn -0.97664 -0.0847609 0.197456
v 0.734736 -158.062 1514.67
vn -0.889795 -0.140498 -0.434194
v 0.871275 -158.062 1515.61
vn 0.804661 0.411475 0.42803
v 3.09492 -156.501 1515.29
vn 0.964648 0.249133 0.0859454
v 1.96115 -157.584 1518.42
vn 0.741958 -0.255275 -0.619946
v 2.1172 -156.814 1519.04
vn 0.718734 0.309292 0.622704
v 1.33697 -156.814 1532.44
vn -0.403039 0.266481 0.875527
v 1.96115 -156.559 1532.46
vn -0.295002 0.146802 0.944152
v 2.27324 -156.501 1532.7
vn 0.601031 0.133904 0.787928
v 2.55341 -155.877 1532.46
vn 0.177233 0.0472044 0.983036
v 2.27324 -155.877 1532.65
vn 0.648572 0.610911 0.454029
v 1.02488 -156.933 1533.08
vn 0.669349 0.121417 0.732959
v 1.33697 -157.438 1533.33
vn 0.0119241 0.746273 0.665534
v 1.64906 -157.126 1532.86
vn 0.00392464 0.46914 0.883115
v 1.96115 -157.438 1533.24
vn -0.282484 0.508767 0.81324
v 2.27324 -156.814 1532.82
vn 0.523722 0.707014 0.475233
v 2.58533 -157.126 1533.01
vn -0.563753 -0.298924 -0.769952
v 1.64906 -155.253 1510.88
vn 0.450066 -0.0978966 -0.887613
v 2.75357 -153.381 1511.24
vn 0.865133 0.50007 -0.0384055
v 2.96813 -153.381 1511.86
vn 0.991416 0.126722 0.0321837
v 1.77829 -155.253 1516.85
vn 0.885321 0.329468 0.328112
v 1.84656 -154.941 1515.92
vn 0.652496 -0.361962 -0.665757
v 2.58533 -154.629 1517.29
vn -0.426319 -0.784362 -0.450587
v 2.89742 -155.253 1517.84
vn 0.0882822 0.474294 0.875929
v 0.712792 -153.139 1531.21
vn 0.544096 0.60527 0.58104
v 0.712792 -153.381 1531.67
vn 0.540069 0.15049 0.828057
v 1.02488 -154.941 1532.26
vn -0.194015 0.49975 0.844161
v 1.02488 -153.381 1531.63
vn -0.0555972 0.421632 0.905061
v 1.33697 -154.317 1532.11
vn -0.582277 0.114978 0.804819
v 1.64906 -153.693 1531.98
vn -0.364496 0.0497925 0.929873
v 1.96115 -155.565 1532.57
vn -0.374681 -0.097917 0.921969
v 2.27324 -155.565 1532.7
vn 0.671578 0.0864566 0.735872
v 2.58533 -155.565 1532.39
vn 0.300304 0.158336 0.94061
v 2.89742 -155.565 1532.13
vn 0.361416 -0.533803 0.764482
v 2.89742 -154.941 1532.56
vn 0.167351 -0.424499 0.889828
v 2.89742 -154.317 1532.95
vn -0.310162 -0.241206 0.919576
v 2.89742 -154.005 1533.06
vn -0.541528 -0.481657 0.689024
v 2.89742 -153.693 1533.21
vn -0.389339 -0.23242 -0.891289
v 0.712792 -151.508 1510.04
vn 0.776475 -0.0882459 -0.623939
v 2.52575 -152.756 1510.93
vn 0.575734 -0.115516 -0.809436
v 2.27324 -151.508 1510.48
vn 0.925325 0.261373 0.274694
v 2.84622 -153.069 1511.86
vn 0.784499 -0.0031512 -0.620122
v 2.7877 -151.196 1510.93
vn 0.898527 0.311364 0.309357
v 2.47561 -153.069 1513.11
vn 0.913373 0.263846 0.310057
v 1.33697 -152.884 1515.61
vn 0.516098 -0.336459 -0.787679
v 2.27324 -152.756 1516.37
vn -0.464713 -0.347178 -0.814561
v 2.98168 -152.756 1515.92
vn 0.114797 0.518707 0.84721
v 0.712792 -152.756 1531
vn -0.261004 0.119333 0.957934
v 0.712792 -152.132 1530.95
vn -0.010858 0.220876 0.975241
v 0.712792 -151.508 1530.77
vn -0.431515 0.40045 0.808353
v 1.33697 -153.069 1531.57
vn -0.566178 0.237949 0.789191
v 1.33697 -152.132 1531.21
vn -0.758236 0.110031 0.642628
v 2.03674 -153.069 1532.46
vn -0.642037 0.364811 0.674316
v 2.58533 -150.861 1532.46
vn -0.446141 -0.634508 0.631156
v 2.48214 -153.069 1533.71
vn -0.116807 -0.294653 -0.948439
v 0.712792 -149.63 1509.68
vn 0.403951 -0.148434 -0.902658
v 1.33697 -149.263 1509.68
vn 0.49151 -0.235266 -0.838491
v 1.33697 -148.387 1509.5
vn 0.823859 -0.0288629 -0.566059
v 1.64906 -148.699 1509.96
vn 0.0329126 0.412638 0.9103
v 1.02488 -150.572 1530.06
vn 0.638714 -0.226672 -0.735299
v 2.58533 -146.365 1509.68
vn 0.927928 0.160621 -0.336379
v 1.8368 -147.763 1510.93
vn 0.962609 0.0752005 -0.260247
v 1.81242 -147.451 1510.93
vn 0.852683 0.0818984 0.515969
v 1.64906 -147.139 1511.17
vn 0.902661 -0.193154 0.384571
v 2.55851 -146.515 1510.3
vn 0.988855 -0.0643979 -0.134234
v 2.54876 -145.89 1510.3
vn 0.990861 -0.130109 -0.0355933
v 1.64906 -147.841 1513.73
vn -0.0310272 0.125812 0.991569
v 1.02488 -147.763 1529.18
vn 0.135316 -0.222074 0.965595
v 1.33697 -145.89 1529.29
vn -0.800023 0.0516383 0.597742
v 2.79746 -146.827 1530.59
vn -0.807793 0.148549 0.570442
v 3.19732 -147.139 1531.52
vn -0.733702 0.00944299 0.679405
v 3.06078 -146.203 1531.21
vn 0.449411 -0.255173 -0.856106
v 1.96115 -144.954 1508.86
vn 0.904748 -0.127204 -0.40651
v 2.48049 -144.642 1509.36
vn 0.939158 -0.330737 0.0927068
v 2.27324 -144.642 1513.75
vn 0.483192 -0.68218 -0.548776
v 2.58533 -144.03 1513.42
vn -0.130247 -0.382412 0.914766
v 1.02488 -144.954 1529.75
vn -0.316621 -0.233 0.91949
v 1.33697 -143.394 1530.55
vn -0.616657 -0.271351 0.738988
v 2.27324 -144.954 1530.43
vn -0.443309 -0.0478321 0.895092
v 2.58533 -143.706 1531.02
vn -0.515211 -0.131718 -0.846882
v 0.712792 -141.521 1507.41
vn 0.480423 -0.251386 -0.840238
v 1.96115 -140.947 1507.49
vn 0.799094 -0.219517 -0.559698
v 2.51638 -142.77 1508.43
vn 0.906984 0.17212 0.384389
v 2.63166 -142.145 1508.43
vn -0.972702 0.19272 -0.129266
v 0.954174 -141.521 1515.92
vn -0.608185 0.735441 -0.298728
v 1.33697 -140.929 1516.23
vn -0.624333 0.694102 -0.358372
v 1.33697 -140.802 1516.54
vn -0.446143 0.82917 -0.3368
v 1.64906 -140.761 1516.23
vn 0.349892 0.909412 -0.224823
v 1.64906 -140.826 1516.85
vn 0.191572 0.977714 -0.0858748
v 2.58533 -140.982 1517.17
vn 0.339128 0.887598 -0.311708
v 2.27324 -140.626 1518.1
vn 0.329736 0.830803 -0.448375
v 2.14402 -140.273 1508.74
vn -0.31291 0.383801 0.868783
v 1.64906 -139.337 1510.94
vn 0.997167 0.0082697 -0.0747659
v 2.27324 -138.925 1510.61
vn 0.333569 0.70569 -0.625087
v 2.27324 -138.675 1510.61
vn -0.31291 0.383801 0.868783
v 2.58533 -139.252 1511.24
vn -0.0858575 -0.305396 -0.948347
v 2.58533 -138.879 1510.61
vn 0.481049 -0.399853 -0.780198
v 2.58533 -138.712 1510.7
vn -0.784095 0.574384 -0.235115
v 0.948098 -140.273 1514.67
vn -0.522227 0.763458 0.380013
v 1.02488 -140.178 1514.98
vn 0.595015 0.681319 -0.426335
v 1.33697 -140.163 1517.48
vn 0.0601676 0.040669 -0.997359
v 0.712792 -139.024 1517.97
vn 0.546923 0.753973 -0.363867
v 1.93921 -140.585 1517.79
vn -0.156385 0.778499 -0.607851
v 1.96115 -139.55 1518.1
vn -0.566242 0.724776 -0.392517
v 1.96115 -139.307 1518.42
vn 0.779501 0.390948 -0.489426
v 2.27324 -139.649 1518.52
vn -0.437036 0.653384 -0.618134
v 2.58533 -140.585 1518
vn -0.0842416 0.0324904 0.995916
v 0.712792 -140.273 1530.45
vn 0.0648183 0.328439 0.942298
v 0.712792 -139.073 1530.27
vn -0.0944412 0.261426 0.960592
v 2.67896 -140.273 1530.9
vn -0.73584 0.435834 -0.518254
v 1.02488 -136.72 1518.73
vn 0.222164 0.230708 -0.947321
v 2.27324 -136.84 1518.81
vn -0.131233 0.558688 -0.818929
v 2.89742 -136.216 1519.34
vn -0.384267 0.894916 -0.226858
v 2.27324 -136.028 1524.97
vn -0.845125 0.527213 -0.0883754
v 0.924916 -136.528 1525.28
vn 0.917775 0.374139 0.133076
v 2.57802 -137.464 1526.22
vn 0.899723 0.404393 0.164208
v 2.57802 -136.528 1525.28
vn 0.779076 0.600877 -0.178852
v 2.27324 -135.817 1526.53
vn 0.961018 0.274805 -0.030426
v 2.36346 -135.904 1526.84
vn 0.973903 0.188908 0.125801
v 2.37321 -135.904 1527.47
vn 0.901424 0.414858 -0.123803
v 2.89742 -137.932 1527.47
vn -0.084875 0.936231 -0.340981
v 0.712792 -135.687 1528.4
vn -0.0732455 0.628304 0.774512
v 0.712792 -135.707 1528.71
vn 0.197279 0.405735 0.892446
v 1.34029 -136.216 1529.03
vn 0.564179 0.530776 0.632439
v 1.64906 -137.152 1529.21
vn 0.433739 0.838334 0.330253
v 1.72968 -136.216 1528.71
vn 0.277987 0.879821 0.385536
v 1.96115 -136.062 1528.09
vn 0.897506 0.224946 0.379318
v 2.46098 -136.84 1527.78
vn 0.736369 0.148071 0.660179
v 2.27324 -136.216 1527.88
vn 0.834086 0.214033 0.508419
v 2.27324 -135.904 1527.82
vn 0.802314 0.536194 0.262274
v 2.58533 -137.505 1528.09
vn -0.49892 0.84349 -0.199003
v 2.00992 -135.591 1526.53
vn -0.53236 0.804264 -0.264106
v 1.96115 -135.591 1526.87
vn 0.616537 0.719244 -0.320265
v 2.3342 -135.591 1527.15
vn 0.85901 -0.450051 0.244042
v 3.83369 -168.388 1523.1
vn 0.972185 0.124531 0.198365
v 3.41188 -166.176 1522.47
vn 0.246624 -0.0146281 -0.969001
v 3.5216 -167.425 1522.19
vn 0.842875 0.375511 0.385426
v 3.83369 -167.81 1523.41
vn 0.974186 -0.171116 -0.147244
v 3.2851 -168.049 1525.59
vn 0.618582 -0.441858 0.649706
v 3.5216 -166.488 1527.1
vn 0.63359 -0.366287 0.681468
v 3.5216 -165.804 1527.47
vn 0.748121 -0.449681 0.487957
v 3.96779 -166.176 1526.84
vn 0.889314 0.128697 -0.438814
v 3.83369 -165.847 1526.22
vn 0.587228 -0.791084 0.171314
v 3.29108 -165.864 1528.09
vn 0.0578171 -0.813577 0.578576
v 4.76996 -165.925 1529.96
vn 0.201372 -0.734316 -0.648252
v 3.20951 -164.184 1515.29
vn 0.689395 -0.296795 -0.660792
v 3.31106 -164.928 1521.85
vn 0.992692 -0.031353 0.116529
v 3.38262 -164.616 1522.16
vn 0.960934 0.0684166 0.268188
v 3.47528 -163.68 1521.85
vn 0.53049 -0.282679 -0.79917
v 3.56305 -163.68 1521.54
vn 0.880986 0.316463 0.35173
v 3.34361 -165.24 1527.47
vn 0.708856 -0.234898 -0.665091
v 3.5216 -165.24 1527.74
vn 0.628881 -0.37499 0.681096
v 3.33386 -165.552 1527.78
vn -0.236364 0.143243 0.961048
v 3.20951 -165.24 1530.13
vn 0.31162 -0.176046 -0.933756
v 5.08205 -164.616 1528.24
vn 0.0800532 -0.910189 -0.406384
v 3.20951 -163.15 1532.15
vn 0.151323 -0.908624 0.389235
v 3.5216 -163.16 1531.21
vn 0.0796341 -0.597036 0.798252
v 3.83369 -163.367 1530.82
vn -0.350354 -0.917605 0.187756
v 3.83369 -163.189 1531.21
vn -0.283295 -0.923418 -0.258928
v 3.83369 -163.209 1532.15
vn -0.327812 -0.239736 0.913819
v 4.14578 -164.304 1530.38
vn -0.514781 -0.479468 0.710712
v 4.14578 -163.492 1530.9
vn 0.0399233 -0.711503 0.701548
v 4.45787 -165.552 1530.4
vn -0.313439 0.00848882 0.94957
v 4.45787 -164.928 1530.53
vn -0.391901 -0.0862612 0.915954
v 5.31835 -164.928 1530.9
vn 0.210317 0.261009 0.942147
v 3.20951 -163.367 1534.78
vn -0.402229 -0.701543 0.588259
v 3.5216 -164.57 1534.96
vn 0.0697448 -0.825773 -0.559674
v 3.5216 -163.531 1532.77
vn 0.0448659 -0.905121 -0.42278
v 3.83369 -164.304 1533.98
vn 0.193927 0.688335 0.69899
v 4.45787 -163.765 1534.96
vn 0.416995 0.591554 0.690057
v 4.53179 -163.367 1534.64
vn 0.129728 0.830295 0.542016
v 4.76996 -163.61 1534.64
vn 0.0950764 -0.939219 -0.32989
v 5.39414 -164.616 1534.43
vn 0.413303 -0.89027 -0.191314
v 5.63796 -164.616 1534.96
vn 0.364713 0.769529 0.524222
v 5.39414 -163.911 1534.96
vn 0.0408503 0.683932 0.728401
v 3.5216 -163.992 1535.37
vn 0.347437 0.589497 0.729234
v 5.27971 -164.616 1535.58
vn 0.168761 -0.964189 -0.204597
v 5.39414 -164.794 1535.27
vn 0.277409 -0.532604 -0.799611
v 3.5216 -161.807 1513.27
vn 0.83333 -0.389674 -0.392066
v 4.26038 -162.431 1514.36
vn 0.851332 -0.390423 -0.350434
v 4.52858 -160.871 1514.05
vn 0.960801 -0.272054 -0.0533607
v 4.61635 -160.871 1514.36
vn 0.921153 -0.38599 -0.0498834
v 4.29451 -162.743 1515.61
vn 0.972152 0.134762 0.191728
v 3.46552 -163.055 1521.54
vn 0.803471 -0.400668 -0.440341
v 3.31435 -161.807 1521.22
vn 0.823229 -0.562848 -0.0741311
v 3.56793 -161.495 1521.85
vn 0.799982 -0.452223 -0.394364
v 3.62645 -160.871 1520.91
vn 0.874114 -0.45183 0.178256
v 3.6663 -161.183 1523.41
vn 0.459587 -0.228112 -0.858338
v 5.39414 -162.119 1528.21
vn -0.0422364 -0.997919 -0.0487293
v 3.36556 -163.055 1531.84
vn 0.41439 0.412152 0.811426
v 3.5216 -160.871 1531.49
vn 0.317335 0.861329 0.396751
v 4.14578 -161.405 1531.52
vn 0.10766 0.629628 0.769401
v 4.14578 -160.871 1531.03
vn 0.161832 -0.30405 0.93881
v 4.76996 -162.966 1534.64
vn 0.0336977 -0.990407 0.134006
v 5.08205 -162.794 1534.96
vn -0.406691 -0.763141 0.502214
v 3.40782 -162.431 1536.2
vn -0.643262 0.295697 0.706242
v 3.20951 -162.119 1536.01
vn -0.43596 0.369719 0.820516
v 3.50346 -162.119 1536.2
vn -0.338012 0.705064 0.623404
v 3.5216 -161.71 1535.89
vn -0.0256502 -0.99925 -0.029005
v 3.83369 -162.79 1535.89
vn -0.262232 0.290254 0.920319
v 3.83369 -162.431 1536.45
vn -0.194027 0.551662 0.811186
v 3.83369 -162.119 1536.33
vn -0.028333 0.510223 0.859575
v 4.14578 -162.119 1536.38
vn 0.049532 0.822091 0.567198
v 4.14578 -161.639 1535.89
vn 0.105966 -0.96233 0.250386
v 4.45787 -162.804 1535.89
vn 0.103453 -0.841382 0.530447
v 4.45787 -162.431 1536.49
vn 0.185395 0.580839 0.792626
v 4.45787 -162.119 1536.34
vn 0.442823 0.47093 0.762976
v 4.76996 -162.087 1536.2
vn 0.243181 0.93102 0.272149
v 5.08205 -161.561 1535.27
vn 0.707007 -0.283017 -0.648107
v 4.32865 -160.559 1513.42
vn 0.841176 -0.305028 -0.44652
v 4.75289 -160.559 1514.05
vn 0.925867 -0.0267801 0.376899
v 4.61635 -160.559 1514.67
vn 0.88105 0.23029 0.413179
v 4.76752 -158.374 1514.05
vn 0.889486 -0.074421 0.450861
v 3.20951 -158.686 1516.8
vn 0.33488 -0.161243 -0.928362
v 3.20951 -159.934 1519.94
vn 0.627817 -0.383399 -0.677385
v 3.5216 -160.247 1520.25
vn 0.752402 0.323056 -0.574043
v 3.38262 -159.31 1520.29
vn 0.768112 0.0393598 -0.639105
v 3.66546 -159.934 1520.29
vn 0.85574 -0.447497 -0.259721
v 4.36766 -160.559 1521.85
vn 0.891032 -0.436716 0.123859
v 4.34815 -160.559 1522.16
vn 0.983415 0.0790481 -0.163236
v 4.45056 -160.247 1521.85
vn 0.968581 0.135621 -0.208464
v 4.39204 -159.622 1522.16
vn 0.734072 -0.196656 -0.649973
v 4.45787 -158.998 1522.05
vn 0.985574 -0.167442 0.0246446
v 4.53346 -158.998 1522.47
vn 0.0625542 -0.742495 -0.666925
v 4.76996 -158.747 1521.85
vn -0.0608044 -0.87335 -0.483283
v 5.08205 -158.474 1521.54
vn 0.431147 -0.899 0.0768833
v 5.08205 -158.611 1522.16
vn 0.0676803 -0.931036 -0.358597
v 5.39414 -158.572 1521.85
vn 0.899077 -0.176468 0.400649
v 3.62645 -160.559 1524.35
vn 0.904279 -0.417338 0.0900489
v 3.59231 -160.247 1524.66
vn 0.930512 -0.194831 0.310142
v 3.77274 -159.934 1524.03
vn 0.897061 -0.434533 0.0803892
v 4.02631 -159.31 1524.03
vn 0.993607 -0.0232079 0.110486
v 4.43593 -159.31 1522.78
vn 0.929794 -0.0544244 0.364034
v 4.36278 -159.31 1523.1
vn 0.521175 -0.801903 -0.29211
v 4.4408 -158.998 1524.66
vn 0.984998 -0.0704067 0.157548
v 4.49444 -159.622 1522.78
vn 0.963151 -0.0932557 0.252277
v 4.50907 -158.686 1522.78
vn 0.456349 -0.680894 -0.572826
v 5.39414 -159.375 1526.22
vn 0.104533 -0.301628 0.947678
v 3.5216 -160.247 1531.39
vn 0.386751 -0.478792 0.788151
v 3.83369 -160.559 1531.44
vn 0.180272 -0.515528 0.837695
v 4.12628 -160.247 1531.52
vn 0.0383728 -0.684885 0.72764
v 3.83369 -159.644 1531.84
vn -0.0593411 -0.430741 0.900522
v 4.14578 -159.934 1531.67
vn -0.0862104 -0.985306 0.147447
v 4.45787 -159.31 1532.69
vn -0.125401 -0.640646 0.757527
v 4.76996 -159.622 1531.87
vn -0.191017 -0.9168 0.3507
v 4.76996 -159.376 1532.15
vn -0.0748251 -0.532087 0.843377
v 5.08205 -160.559 1531.23
vn -0.425032 -0.783113 0.453962
v 5.08205 -159.622 1532.12
vn -0.358738 -0.904114 0.232132
v 5.08205 -159.449 1532.46
vn 0.487145 0.766352 0.418801
v 5.08205 -158.43 1532.15
vn -0.0782124 -0.826249 0.55785
v 5.39414 -159.908 1531.84
vn -0.387635 -0.840418 0.37873
v 5.39414 -159.622 1532.39
vn -0.16245 -0.947768 0.274494
v 4.14578 -159.125 1533.4
vn -0.210285 -0.972109 0.103849
v 4.76996 -159.371 1533.08
vn -0.0396381 -0.945108 0.324346
v 4.76996 -159.295 1533.4
vn 0.532055 0.792007 0.299402
v 4.76996 -158.518 1533.08
vn -0.000405314 0.0998821 0.994999
v 4.76996 -158.686 1533.46
vn -0.0454501 -0.957641 0.284357
v 5.39414 -159.493 1532.77
vn 0.492732 0.795774 0.352078
v 5.60313 -158.998 1532.77
vn 0.604165 -0.390816 -0.69444
v 3.83369 -157.75 1520.96
vn 0.543454 0.630475 0.55422
v 3.20951 -157.126 1532.5
vn 0.192124 0.0455011 0.980315
v 3.5216 -156.501 1532.28
vn 0.530368 0.719606 0.448194
v 4.76996 -158.062 1531.93
vn 0.230205 -0.287371 0.929744
v 5.08205 -157.438 1531.9
vn 0.0322154 -0.0834037 0.995995
v 5.08205 -156.189 1532.03
vn 0.825249 0.512928 0.236366
v 3.46552 -154.005 1511.86
vn 0.628451 -0.081797 -0.773536
v 3.5216 -155.565 1511.5
vn -0.329227 -0.640537 -0.693773
v 4.14578 -155.534 1516.85
vn -0.00590034 -0.530808 0.847471
v 3.5216 -155.253 1532.16
vn -0.145229 -0.524401 0.838995
v 3.20951 -154.317 1532.99
vn -0.233609 -0.556736 0.797165
v 3.83369 -153.732 1533.71
vn -0.51749 0.484108 0.70558
v 4.76996 -151.82 1534.72
vn -0.485372 0.354052 0.799413
v 5.08205 -150.884 1534.21
vn -0.631177 0.297076 0.716492
v 3.55818 -149.011 1532.77
vn -0.351351 0.425451 0.833993
v 4.14578 -148.355 1532.77
vn 0.218898 -0.214316 -0.95192
v 3.38839 -147.451 1514.05
vn -0.195358 -0.118877 -0.973501
v 4.76996 -148.075 1513.2
vn -0.440356 0.251823 0.861784
v 3.5216 -147.139 1531.83
vn -0.0964954 0.00231217 -0.995331
v 3.20951 -145.552 1514.05
vn -0.34547 -0.0911215 -0.933996
v 5.41229 -143.394 1513.73
vn -0.264804 -0.381365 -0.885686
v 4.14578 -142.145 1511.75
vn 0.42772 -0.695072 -0.577867
v 4.76996 -143.082 1513.81
vn -0.199556 -0.372013 -0.906523
v 3.83369 -138.712 1510.37
vn -0.740613 0.539242 -0.400887
v 4.83579 -139.337 1517.17
vn -0.653564 0.684563 0.322844
v 5.39414 -138.712 1515.6
vn 0.555371 0.665254 0.498998
v 4.14578 -138.4 1524.53
vn 0.108454 0.840985 0.530077
v 5.08205 -139.173 1524.97
vn 0.725338 0.651671 -0.221832
v 3.44482 -139.024 1527.47
vn 0.572383 0.739123 0.355069
v 3.83369 -139.056 1525.59
vn 0.316879 0.947556 -0.0415409
v 4.14578 -139.5 1527.15
vn 0.0674451 0.960152 0.271217
v 5.08205 -139.48 1525.59
vn 0.67306 0.500114 -0.544863
v 3.48015 -138.712 1527.78
vn 0.420248 0.589758 0.689621
v 3.5216 -139.337 1529.94
vn 0.677558 0.698216 -0.231105
v 3.5216 -138.447 1528.09
vn 0.434358 0.803758 -0.40658
v 4.45787 -139.29 1528.09
vn 0.574655 0.751421 -0.324252
v 4.45787 -139.11 1528.4
vn 0.337883 0.909806 -0.241015
v 4.76996 -139.319 1528.4
vn 0.576381 0.80006 -0.166399
v 4.76996 -139.251 1528.71
vn -0.445791 0.482838 0.753749
v 3.20951 -140.273 1531.09
vn 0.113178 0.976415 0.183858
v 3.83369 -139.437 1530.27
vn -0.265788 0.946864 -0.181121
v 4.76996 -139.051 1530.59
vn -0.323821 0.905101 -0.275557
v 5.08205 -139.051 1530.27
vn -0.508304 0.86055 -0.032867
v 5.39414 -138.7 1530.9
vn -0.49628 0.614456 0.613311
v 4.02645 -138.088 1511.24
vn -0.735744 0.664432 -0.13119
v 4.03606 -138.088 1512.17
vn 0.0047702 0.671646 -0.740857
v 4.14578 -138.022 1510.93
vn -0.502375 0.846026 -0.17849
v 4.45787 -137.776 1511.4
vn -0.617185 0.786666 0.0154811
v 4.76996 -137.306 1512.17
vn -0.475622 0.780365 0.405973
v 5.08205 -137.759 1514.05
vn -0.98973 -0.142469 -0.0117303
v 5.59164 -135.904 1514.67
vn -0.156631 0.163429 -0.974042
v 3.20951 -137.776 1519.2
vn 0.0979549 -0.113207 -0.988731
v 3.20951 -136.84 1519.06
vn -0.0917273 0.212117 -0.97293
v 3.20951 -136.528 1519.03
vn -0.209717 -0.0198315 -0.977561
v 3.5216 -136.528 1519
vn -0.331178 0.186769 -0.924899
v 3.5216 -136.14 1519.04
vn -0.437464 0.397949 -0.806388
v 4.14578 -136.213 1518.73
vn -0.195969 0.951602 -0.236748
v 4.45787 -135.906 1519.04
vn -0.705611 0.336743 -0.623472
v 5.39414 -136.216 1517.95
vn -0.562912 0.595653 -0.572998
v 5.47217 -135.904 1518.1
vn -0.229505 0.973273 0.00815815
v 3.20951 -136.135 1521.85
vn -0.0586009 0.995463 0.0749579
v 4.14578 -136.043 1520.91
vn 0.768062 0.536511 0.349624
v 3.20951 -136.84 1524.12
vn 0.0189008 -0.702548 0.711385
v 6.33041 -165.628 1530.27
vn 0.29545 -0.915817 -0.27201
v 5.70623 -165.24 1528.67
vn 0.248048 -0.162485 -0.955024
v 6.01832 -164.616 1528.51
vn 0.34511 -0.892287 -0.291071
v 6.73272 -164.928 1528.71
vn 0.843828 0.00997686 0.53652
v 6.46939 -163.68 1532.46
vn -0.598813 -0.488923 0.634332
v 6.95459 -165.24 1532.2
vn 0.903952 -0.112994 0.412435
v 7.18134 -163.68 1530.9
vn -0.322241 -0.887131 0.330391
v 7.26668 -165.374 1532.15
vn 0.792511 0.577599 0.195719
v 7.51782 -164.616 1532.15
vn 0.381423 -0.922256 0.0629339
v 7.57877 -165.345 1531.84
vn 0.870771 0.470951 0.141292
v 7.73726 -164.928 1531.84
vn 0.838898 -0.329165 0.433475
v 5.76231 -164.304 1534.96
vn 0.571725 0.771061 0.280348
v 5.75639 -163.992 1534.02
vn 0.865998 -0.345033 0.361939
v 6.01832 -164.304 1534.34
vn 0.783061 -0.0903335 0.61535
v 6.21094 -163.367 1532.77
vn 0.462155 -0.812556 0.355197
v 7.57146 -164.928 1532.77
vn -0.141528 -0.931046 0.336339
v 7.26668 -164.928 1533.2
vn 0.689732 0.62839 0.359716
v 7.36177 -164.616 1532.77
vn 0.283754 -0.0371265 -0.958178
v 6.11341 -161.183 1528.4
vn 0.95795 -0.0104799 -0.286744
v 7.11307 -162.743 1529.65
vn -0.0749414 0.473571 0.877561
v 6.6425 -161.183 1531.39
vn 0.884767 0.0408079 0.464243
v 7.25937 -163.055 1530.9
vn 0.277822 0.828618 0.486012
v 6.95459 -161.753 1531.84
vn 0.162032 0.555078 0.815864
v 6.95459 -161.495 1531.59
vn 0.942113 0.320729 -0.0977515
v 7.22523 -161.183 1530.9
vn 0.965953 -0.0260985 -0.257397
v 7.04481 -160.871 1530.59
vn 0.906149 0.410602 0.101485
v 7.08382 -160.871 1530.9
vn 0.170028 0.461605 0.870638
v 6.95459 -160.871 1531.26
vn 0.967451 0.212422 -0.137531
v 7.51782 -162.119 1531.21
vn 0.452803 0.616052 0.644553
v 7.40566 -161.807 1531.52
vn 0.975792 -0.210959 -0.0576746
v 7.63973 -162.431 1531.84
vn 0.960856 0.271011 -0.0575155
v 7.57877 -162.119 1531.9
vn 0.265804 -0.94244 0.202869
v 6.33041 -162.809 1534.02
vn 0.47219 -0.87397 0.114949
v 7.26668 -162.712 1533.08
vn 0.446802 -0.870759 0.205295
v 7.26668 -162.556 1534.02
vn 0.594632 -0.0443633 0.802773
v 7.26668 -162.507 1534.33
vn 0.752317 -0.559967 0.347069
v 7.4063 -162.431 1534.02
vn 0.398914 0.736042 0.54691
v 7.39591 -162.119 1534.33
vn 0.614732 -0.73928 0.274899
v 7.57877 -162.473 1533.71
vn 0.243899 0.968936 0.0409415
v 7.57877 -162.083 1533.4
vn -0.445234 -0.812011 -0.377365
v 6.6425 -158.152 1519.66
vn -0.273857 -0.869372 -0.411333
v 6.01832 -158.445 1520.91
vn 0.46572 -0.882197 -0.0695253
v 5.70623 -158.079 1523.1
vn 0.291216 -0.930965 -0.22022
v 6.33041 -158.562 1524.66
vn -0.0607975 -0.970791 0.232095
v 6.95459 -158.542 1524.97
vn -0.261717 -0.699737 -0.664734
v 6.95459 -158.374 1524.12
vn -0.37254 -0.438492 -0.817887
v 7.26668 -158.374 1523.92
vn -0.338216 -0.763886 -0.549626
v 7.89086 -158.65 1524.03
vn -0.342487 -0.743827 -0.573955
v 7.89086 -158.374 1523.68
vn 0.405724 -0.893271 -0.193533
v 5.70623 -158.864 1525.59
vn 0.146273 -0.740284 -0.656189
v 6.33041 -159.31 1526.58
vn 0.237714 -0.954328 0.180968
v 6.6425 -158.415 1525.28
vn 0.397672 -0.912255 0.0982272
v 6.6425 -158.374 1525.67
vn 0.0639851 -0.737452 -0.672362
v 6.95459 -158.64 1526.22
vn 0.107671 -0.945243 0.308096
v 6.95459 -158.269 1525.59
vn -0.178183 -0.711567 -0.679649
v 7.26668 -158.998 1526.39
vn -0.376232 -0.780389 -0.499441
v 7.26668 -158.484 1525.91
vn -0.492419 -0.700335 -0.516773
v 7.89086 -158.923 1525.91
vn 0.53991 -0.781455 -0.31277
v 6.95459 -159.934 1527.99
vn 0.254374 -0.879799 0.401556
v 5.70623 -159.622 1532.28
vn 0.42498 0.781029 0.457586
v 5.70623 -158.374 1531.47
vn -0.0713116 -0.624082 0.778098
v 6.33041 -159.622 1531.95
vn 0.413571 -0.473822 0.777465
v 6.33041 -159.298 1532.15
vn 0.356735 0.829895 0.428968
v 6.33041 -158.998 1532.21
vn -0.493102 0.270708 0.826781
v 6.50596 -158.686 1532.15
vn -0.00349253 -0.493182 0.869919
v 6.6425 -160.559 1531.43
vn -0.215124 -0.32137 0.922195
v 6.6425 -159.31 1532.18
vn -0.270793 -0.0496573 0.961356
v 6.6425 -158.998 1532.24
vn 0.871242 -0.480747 -0.0990931
v 7.15209 -160.559 1530.59
vn 0.918264 -0.0953937 0.384306
v 7.02758 -160.559 1531.21
vn 0.369425 -0.145043 0.917871
v 6.95459 -160.559 1531.31
vn -0.129588 -0.637908 0.759131
v 6.95459 -160.247 1531.67
vn -0.343925 -0.47878 0.807766
v 6.95459 -159.632 1532.15
vn 0.308749 -0.848964 0.428876
v 7.26668 -160.327 1531.52
vn -0.407011 -0.494356 0.768085
v 7.32205 -159.934 1532.15
vn -0.247199 -0.159031 0.955825
v 7.26668 -158.998 1532.43
vn -0.28601 -0.256734 0.923193
v 7.57877 -159.622 1532.42
vn 0.315863 -0.685143 0.656362
v 7.89086 -159.848 1532.15
vn 0.270749 -0.882229 0.385185
v 5.70623 -159.415 1532.77
vn -0.457763 -0.269514 0.84724
v 7.78377 -158.374 1532.77
vn 0.0166341 -0.701843 -0.712137
v 6.33041 -156.189 1517.68
vn 0.0453263 -0.704222 -0.708531
v 6.95459 -156.501 1517.97
vn 0.117452 -0.702134 -0.702291
v 7.75676 -156.501 1518.1
vn 0.641338 -0.762802 0.0825765
v 6.99117 -158.062 1520.6
vn -0.0319392 -0.912139 -0.408635
v 7.89086 -156.665 1522.47
vn 0.914125 -0.403562 0.0388945
v 7.89086 -156.294 1520.29
vn 0.488959 -0.84609 -0.212253
v 7.89086 -156.392 1520.91
vn 0.329247 -0.824502 -0.46021
v 6.6425 -158.062 1523.89
vn 0.411435 -0.612489 -0.674966
v 6.86705 -157.75 1523.72
vn 0.173559 -0.496449 -0.850538
v 6.95459 -158.062 1523.91
vn 0.891229 -0.426246 0.155001
v 6.95459 -157.231 1523.1
vn -0.218878 -0.248406 -0.943603
v 7.26668 -157.438 1523.75
vn -0.497234 -0.0853453 -0.863409
v 7.60752 -158.062 1523.72
vn -0.41284 -0.143368 -0.899449
v 7.57877 -157.75 1523.76
vn -0.466827 -0.515224 -0.718761
v 7.57877 -157.438 1523.65
vn -0.665795 -0.209114 -0.716232
v 7.89086 -157.75 1523.5
vn 0.513634 0.0335749 0.857352
v 5.70623 -158.062 1531.36
vn -0.0104282 -0.317418 0.948228
v 6.01832 -157.438 1531.8
vn -0.578968 0.177253 0.79585
v 6.33041 -158.062 1531.63
vn -0.371973 -0.269131 0.888372
v 6.42014 -157.438 1531.84
vn -0.683507 0.0150246 0.72979
v 6.81074 -157.438 1532.15
vn -0.669201 0.035428 0.742237
v 6.6425 -157.126 1531.98
vn -0.463781 -0.358123 0.810343
v 6.85994 -156.189 1532.15
vn -0.572646 0.0416415 0.818744
v 6.95459 -158.062 1532.38
vn -0.622914 -0.0776449 0.778427
v 7.26668 -157.438 1532.59
vn -0.718651 -0.209101 0.663188
v 7.57877 -156.189 1533.15
vn -0.480796 -0.284579 0.829367
v 7.89086 -156.814 1533.19
vn 0.0542343 -0.272562 0.960608
v 8.16951 -156.501 1533.4
vn -0.193535 -0.590777 0.783279
v 5.70623 -153.381 1534.22
vn -0.282746 -0.505911 0.814929
v 6.6425 -153.693 1534.34
vn -0.51079 -0.589537 0.625731
v 7.26668 -154.008 1534.64
vn -0.597397 -0.413361 0.687204
v 7.57877 -155.565 1533.43
vn 0.653241 0.135061 0.745007
v 7.57877 -154.005 1534.5
vn -0.113881 -0.591914 -0.797915
v 6.6425 -152.734 1514.36
vn -0.0419388 -0.219432 0.974726
v 5.70623 -152.444 1534.73
vn 0.32656 0.34827 0.878673
v 5.70623 -152.132 1534.69
vn 0.468355 0.333319 0.818256
v 5.84585 -151.508 1534.33
vn 0.510274 0.386461 0.768289
v 6.13779 -152.132 1534.33
vn 0.0433416 -0.267843 0.962487
v 6.01832 -151.196 1534.36
vn 0.222397 -0.275298 0.935281
v 6.33041 -151.82 1534.1
vn -0.426578 0.0157416 0.904314
v 6.95459 -153.069 1534.48
vn 0.283313 -0.392931 0.874836
v 7.57877 -151.196 1534.1
vn 0.538737 0.179949 0.823032
v 7.89086 -152.756 1533.79
vn 0.470084 -0.186785 0.862631
v 7.89086 -151.508 1533.82
vn 0.749375 -0.0630136 0.659141
v 8.09811 -151.196 1533.71
vn 0.376043 -0.107642 -0.920329
v 7.89086 -148.387 1513.95
vn -0.31038 0.420467 0.852568
v 6.60999 -150.26 1534.64
vn 0.276678 -0.237306 0.931201
v 6.79855 -150.572 1534.64
vn 0.587263 -0.0457476 0.808102
v 7.74262 -150.26 1534.33
vn 0.297943 0.00515121 -0.95457
v 6.33041 -147.139 1513.36
vn 0.383292 0.0559563 -0.921931
v 7.89086 -147.139 1514.16
vn -0.199597 -0.181898 0.962847
v 6.95459 -146.203 1532.85
vn -0.264525 0.364262 0.892939
v 7.26668 -147.763 1533.58
vn -0.0770016 0.218938 0.972696
v 7.89086 -145.802 1533.08
vn -0.145076 0.0376073 -0.988705
v 5.70623 -144.33 1513.51
vn -0.299596 -0.174597 -0.937954
v 6.33041 -144.018 1513.29
vn 0.203088 -0.235567 -0.950402
v 6.95459 -145.266 1513.64
vn 0.119988 0.127613 0.984539
v 7.57877 -144.018 1532.34
vn -0.284668 0.137366 0.948733
v 6.01832 -144.018 1532.8
vn -0.153096 -0.025047 0.987894
v 6.6425 -145.266 1532.96
vn 0.113663 0.270185 0.956076
v 6.95459 -144.954 1532.93
vn 0.464704 -0.728692 -0.503049
v 5.87934 -140.897 1511.55
vn -0.273663 -0.405732 -0.872061
v 7.26668 -141.833 1512.33
vn 0.0886955 -0.544107 -0.834315
v 7.57877 -142.457 1512.55
vn -0.265377 -0.456633 -0.849153
v 7.89086 -141.833 1512.13
vn -0.143271 -0.341137 -0.929031
v 6.95459 -142.934 1512.8
vn 0.283404 -0.4666 -0.837835
v 7.26668 -143.082 1512.94
vn 0.228537 -0.34435 0.910601
v 7.89086 -141.209 1532.93
vn -0.0891904 -0.379584 -0.920848
v 5.70623 -140.507 1510.93
vn 0.55683 -0.572277 -0.602029
v 6.6425 -140.585 1511.82
vn 0.778613 0.52244 -0.347589
v 8.10299 -138.4 1513.42
vn -0.0537096 0.993576 -0.0996056
v 5.70623 -139.646 1527.15
vn -0.432261 0.862374 0.263555
v 6.95459 -139.1 1525.59
vn -0.84848 0.513425 0.128365
v 8.01521 -138.4 1526.84
vn -0.166682 0.842891 -0.511616
v 5.70623 -137.152 1512.02
vn -0.512512 0.762789 -0.394315
v 5.70623 -136.891 1512.49
vn -0.138821 0.783157 -0.606131
v 6.01832 -136.759 1512.49
vn 0.295765 0.670813 -0.680098
v 6.6425 -137.464 1511.77
vn 0.460292 0.0592173 -0.885791
v 7.60106 -138.088 1511.86
vn 0.840188 0.496205 -0.21878
v 7.71287 -138.088 1512.17
vn -0.535722 0.694093 -0.480871
v 6.00126 -136.528 1512.8
vn -0.759253 0.521659 0.389109
v 5.77694 -136.528 1513.42
vn 0.101315 0.787787 -0.607558
v 6.33041 -136.228 1513.11
vn 0.648808 0.650546 -0.394764
v 6.6425 -136.139 1513.42
vn 0.833988 0.509274 -0.212376
v 6.85463 -136.216 1514.05
vn 0.747947 0.646676 -0.149619
v 6.6425 -135.882 1514.05
vn 0.766596 0.578509 -0.278671
v 6.97654 -136.84 1513.11
vn -0.898342 0.403861 -0.172853
v 5.85009 -137.776 1515.61
vn -0.131658 0.989075 0.066309
v 6.33041 -135.609 1516.23
vn 0.599603 0.79438 -0.0971422
v 6.6425 -135.784 1515.92
vn -0.143473 0.989311 0.0260558
v 6.6425 -135.628 1516.85
vn 0.485323 0.793863 -0.366393
v 6.95459 -135.904 1516.43
vn 0.71314 0.651994 -0.257556
v 7.57877 -136.779 1515.61
vn 0.409654 0.87316 0.26415
v 7.90989 -135.904 1517.48
vn -0.77333 0.432569 -0.463513
v 5.70623 -135.833 1517.79
vn -0.0321114 0.998625 0.0414343
v 6.01832 -135.706 1519.35
vn 0.28499 0.94869 0.136993
v 6.95459 -135.862 1518.73
vn 0.358923 0.900483 0.245571
v 7.57877 -135.843 1517.79
vn -0.37718 0.819586 0.431294
v 7.89086 -135.652 1520.6
vn -0.422275 0.890024 0.171873
v 7.26668 -137.471 1531.21
vn -0.349094 0.597494 0.721896
v 7.26668 -137.754 1531.52
vn -0.394172 0.872123 -0.289881
v 7.34783 -137.464 1530.9
vn -0.337476 0.940592 0.0373611
v 5.96631 -135.591 1514.98
vn -0.77082 0.615636 -0.163797
v 6.01832 -135.535 1514.05
vn 0.408498 0.841033 -0.354674
v 6.33041 -135.591 1514.03
vn 0.00692166 0.999711 -0.0230309
v 6.33041 -135.535 1514.36
vn 0.208658 0.965672 0.154727
v 7.30192 -135.591 1517.17
vn -0.205258 -0.935249 -0.288408
v 9.7634 -158.357 1522.16
vn -0.103034 -0.976942 0.186998
v 8.51504 -158.767 1524.66
vn 0.00863213 -0.89083 -0.454255
v 8.20295 -159.283 1526.84
vn 0.26025 -0.959358 -0.109101
v 9.7634 -158.713 1525.28
vn 0.886334 -0.456325 0.0786037
v 9.17092 -158.374 1529.96
vn 0.364299 -0.582622 0.726524
v 8.20295 -159.31 1532.36
vn -0.103509 -0.504429 0.857227
v 8.20295 -158.998 1532.52
vn 0.652697 -0.743091 0.147658
v 8.51504 -159.425 1531.84
vn 0.348657 -0.718618 0.601687
v 8.51504 -159.093 1532.46
vn 0.824182 -0.487258 0.288624
v 8.96611 -158.686 1532.46
vn 0.978579 -0.12406 0.164293
v 9.03926 -158.374 1532.46
vn -0.36558 -0.469451 0.803721
v 8.20295 -158.364 1533.08
vn 0.564244 -0.564623 0.602354
v 8.747 -158.686 1532.77
vn 0.0505767 -0.68009 0.731382
v 8.51504 -158.686 1532.91
vn -0.124894 -0.225661 0.966167
v 8.51504 -158.374 1533.16
vn 0.813326 -0.249946 0.525383
v 8.94173 -158.374 1532.77
vn -0.952928 0.0884548 -0.290007
v 10.1755 -155.877 1518.42
vn -0.463191 -0.821251 -0.333169
v 10.3876 -157.855 1519.98
vn 0.337775 -0.836144 -0.432171
v 8.20295 -156.324 1521.22
vn 0.155506 -0.938627 -0.307892
v 8.20295 -156.426 1521.54
vn 0.0336546 -0.853641 -0.519774
v 8.51504 -156.402 1521.54
vn -0.184226 -0.849335 -0.494661
v 8.51504 -156.501 1521.72
vn -0.570911 -0.535244 -0.622554
v 8.82713 -156.814 1521.91
vn -0.295896 -0.688199 -0.662441
v 8.82713 -156.501 1521.59
vn -0.054145 -0.697223 -0.714806
v 8.82713 -156.189 1521.34
vn -0.540934 -0.697859 -0.46945
v 9.14166 -157.75 1521.85
vn -0.58827 -0.439603 -0.67874
v 9.13922 -156.501 1521.37
vn -0.940011 -0.10975 -0.323008
v 9.84874 -157.438 1520.29
vn -0.914378 0.0222736 -0.404247
v 9.7634 -156.455 1520.29
vn 0.997982 0.0287821 0.0565976
v 9.16117 -156.189 1532.15
vn -0.403325 -0.129127 0.9059
v 8.20295 -158.062 1533.16
vn -0.256031 -0.137493 0.95684
v 8.20295 -157.438 1533.16
vn 0.335624 -0.111435 0.935382
v 8.51504 -157.438 1533.17
vn 0.981523 -0.0499667 0.184705
v 9.04901 -157.126 1532.77
vn 0.813011 -0.00906292 0.582177
v 9.04413 -155.877 1533.08
vn 0.806884 -0.41582 -0.419562
v 8.39557 -154.629 1518.1
vn 0.46457 -0.719643 -0.516032
v 9.13922 -154.941 1520.05
vn 0.556075 -0.586786 -0.588611
v 9.13922 -154.431 1519.35
vn 0.65812 -0.320644 -0.681223
v 9.43425 -153.693 1519.04
vn -0.69517 -0.203454 -0.689453
v 9.7634 -155.253 1520.18
vn -0.318208 -0.50328 -0.803401
v 9.7634 -154.785 1519.98
vn 0.179305 -0.594469 -0.783873
v 9.7634 -154.317 1519.6
vn -0.187285 -0.405199 -0.89484
v 10.0755 -154.317 1519.61
vn 0.458376 -0.389261 -0.798979
v 10.0755 -154.005 1519.52
vn -0.882131 0.268837 -0.386745
v 10.6241 -154.317 1519.04
vn -0.539358 -0.132726 -0.831551
v 10.3876 -154.317 1519.47
vn 0.973673 0.146497 0.174642
v 9.03438 -155.253 1531.84
vn -0.380404 -0.427411 0.82013
v 8.20295 -155.565 1533.79
vn 0.81865 0.114735 0.562715
v 8.33705 -154.317 1533.4
vn 0.874474 0.329025 0.356423
v 8.61501 -154.941 1533.4
vn 0.578169 -0.491035 -0.651618
v 9.7634 -152.444 1518.91
vn 0.198751 -0.249896 -0.947655
v 10.0755 -153.069 1519.44
vn -0.0678953 -0.582474 -0.810009
v 10.3876 -152.24 1519.04
vn 0.58173 -0.323818 -0.746145
v 8.51504 -149.636 1514.76
vn -0.524561 -0.70524 -0.47694
v 10.3876 -149.667 1515.29
vn 0.326754 0.0324751 -0.944551
v 8.82713 -146.203 1514.51
vn 0.337615 -0.0995744 -0.936003
v 9.45131 -148.075 1514.58
vn -0.291579 -0.130965 -0.947539
v 9.45131 -147.451 1514.49
vn -0.83383 -0.371351 -0.408444
v 9.79998 -147.763 1514.05
vn -0.921815 -0.313093 -0.228538
v 9.84874 -147.451 1513.42
vn -0.90747 0.0657474 -0.414941
v 9.7634 -147.451 1514.05
vn -0.52749 0.194184 -0.827071
v 9.7634 -146.515 1514.28
vn -0.809792 0.325427 -0.488195
v 10.0755 -146.827 1513.82
vn -0.681304 0.419522 -0.599855
v 10.3876 -146.515 1513.57
vn 0.467859 0.249963 0.847718
v 8.20295 -146.827 1533.37
vn 0.678702 0.10725 0.726541
v 8.89296 -146.515 1532.77
vn 0.497415 -0.120585 -0.859091
v 9.45131 -144.954 1514.75
vn -0.256404 0.321122 -0.911668
v 9.7634 -145.137 1514.67
vn 0.546404 -0.211034 -0.810498
v 9.7634 -144.33 1514.9
vn -0.576456 0.365954 -0.7306
v 10.3876 -145.266 1514.24
vn -0.418544 0.293146 -0.859585
v 10.3876 -144.33 1514.89
vn -0.164147 0.193563 0.967259
v 8.20295 -143.706 1532.39
vn 0.491172 0.148045 0.858389
v 8.82713 -143.706 1532.5
vn 0.507696 -0.437324 -0.742289
v 8.51504 -143.082 1513.55
vn 0.764841 -0.160516 -0.623901
v 8.69791 -141.833 1512.8
vn 0.665394 -0.141873 -0.732886
v 9.22456 -142.457 1514.05
vn 0.22666 -0.052603 0.972552
v 8.51504 -142.77 1532.38
vn 0.514174 -0.185984 0.837278
v 8.82713 -141.209 1532.62
vn 0.713386 -0.00374126 0.700761
v 9.41474 -142.457 1531.84
vn 0.270025 -0.291418 0.917694
v 8.20295 -141.408 1532.77
vn 0.381885 -0.189504 0.904573
v 8.20295 -140.897 1533.03
vn 0.86393 0.273117 -0.423121
v 8.78081 -139.961 1513.11
vn 0.804322 0.122996 -0.581325
v 9.67758 -140.585 1514.36
vn -0.302682 0.451178 0.839537
v 8.51504 -138.712 1532.58
vn 0.714039 0.0982408 0.693178
v 9.46838 -138.712 1532.15
vn 0.459863 0.72112 -0.518182
v 8.51504 -136.686 1516.85
vn 0.741222 0.548103 -0.387522
v 8.87915 -137.464 1516.23
vn 0.033792 0.971096 -0.236284
v 10.3876 -135.643 1519.04
vn -0.795333 0.577206 0.185143
v 8.93197 -136.216 1523.1
vn -0.961177 0.275634 0.0128392
v 8.50285 -137.152 1526.84
vn -0.935631 0.350379 -0.042777
v 8.79056 -135.904 1527.47
vn -0.511432 0.829237 -0.225395
v 8.60038 -138.088 1528.71
vn -0.977932 0.16228 0.131585
v 8.61988 -137.152 1527.78
vn -0.817702 0.574856 0.0300595
v 8.6784 -137.152 1529.96
vn -0.943801 0.252866 0.212835
v 8.75642 -136.84 1529.34
vn -0.982895 0.147515 0.110258
v 8.69791 -136.216 1528.71
vn -0.653287 0.596074 0.46681
v 9.0295 -136.216 1529.34
vn -0.677949 0.676921 0.286643
v 8.82713 -135.802 1528.71
vn -0.563246 0.736211 0.375162
v 9.13922 -136.596 1529.96
vn -0.0773218 0.801577 0.592871
v 9.45131 -136.528 1530.13
vn -0.293983 0.783381 0.54762
v 9.45131 -135.935 1529.34
vn 0.312651 0.793715 0.521791
v 9.7634 -135.703 1529.03
vn 0.909913 0.252937 0.328757
v 10.1852 -136.216 1528.71
vn -0.479702 0.794964 -0.371373
v 8.20295 -137.457 1530.27
vn -0.410371 0.911897 -0.00625488
v 8.82713 -137.057 1530.59
vn -0.117992 0.985545 0.121566
v 8.82713 -137.052 1531.21
vn -0.128565 0.810213 0.571862
v 8.82713 -137.152 1531.59
vn -0.261967 0.556161 0.788707
v 9.13922 -137.464 1531.91
vn -0.423613 0.824178 0.375877
v 9.13922 -137.023 1530.9
vn 0.32301 0.904 0.280088
v 9.13922 -137.057 1531.21
vn 0.757889 0.498088 0.421323
v 9.7634 -137.444 1530.9
vn -0.0015553 0.897069 -0.441887
v 9.13922 -135.467 1519.98
vn -0.0754163 0.851474 -0.518946
v 10.0755 -135.521 1519.98
vn -0.685776 0.546277 -0.480929
v 10.3876 -135.316 1519.66
vn -0.514433 0.813555 0.271083
v 9.30327 -134.967 1521.22
vn -0.292951 0.741294 -0.603873
v 9.7634 -135.247 1520.29
vn -0.623817 0.517288 -0.585889
v 10.0755 -134.655 1520.55
vn -0.867708 0.497019 -0.00741442
v 9.52202 -134.967 1524.35
vn -0.591622 0.804002 0.0597112
v 10.3876 -133.892 1523.1
vn -0.874129 -0.0560333 -0.482451
v 10.6997 -157.143 1517.48
vn -0.366121 -0.514108 -0.77566
v 11.3239 -155.877 1516.72
vn -0.487224 -0.565508 -0.665442
v 11.948 -156.189 1516.63
vn 0.49301 -0.845383 -0.205595
v 12.4994 -156.189 1516.85
vn -0.723236 -0.47482 -0.501474
v 12.2601 -155.877 1515.59
vn 0.218586 -0.86176 -0.45781
v 12.5722 -155.88 1515.61
vn 0.163741 -0.937428 -0.307276
v 12.5722 -156.046 1515.92
vn 0.816111 -0.577406 0.0237807
v 12.7795 -155.877 1516.85
vn 0.74143 -0.364699 -0.563272
v 12.8967 -155.877 1515.92
vn 0.225932 -0.950703 -0.212413
v 11.3239 -157.894 1519.66
vn 0.848698 -0.511331 0.135102
v 11.7115 -157.75 1520.91
vn -0.833936 0.182313 -0.520877
v 10.6997 -155.27 1517.48
vn -0.628317 -0.539096 -0.560886
v 11.614 -155.565 1516.23
vn -0.738833 -0.316121 -0.595142
v 12.2601 -155.565 1515.43
vn -0.634714 0.194509 -0.747866
v 12.2601 -153.693 1516.07
vn -0.674453 0.298303 -0.675373
v 12.5722 -154.317 1515.5
vn 0.0252863 -0.5628 -0.826206
v 12.2601 -151.196 1514.93
vn 0.496193 -0.0550705 -0.866464
v 12.5997 -150.884 1514.98
vn -0.952534 -0.282533 -0.113378
v 11.8724 -151.82 1516.85
vn -0.913811 0.406115 -0.00444304
v 11.9602 -152.444 1516.54
vn -0.843 -0.378316 -0.382398
v 11.948 -151.75 1515.92
vn -0.672049 -0.40236 -0.621656
v 12.2601 -152.132 1515.83
vn -0.414425 -0.595364 -0.688326
v 12.2601 -151.818 1515.61
vn -0.65767 0.0635783 -0.750618
v 12.5722 -152.756 1515.88
vn -0.0255492 -0.416678 -0.908695
v 12.5722 -152.132 1515.74
vn 0.0643408 -0.603364 -0.794866
v 12.5722 -151.82 1515.56
vn 0.301963 -0.461843 -0.833978
v 12.8843 -151.75 1515.61
vn 0.497133 -0.380074 -0.780002
v 12.8843 -151.235 1515.29
vn -0.254598 -0.314558 -0.914458
v 10.7024 -153.069 1519.35
vn 0.283345 -0.772586 -0.568178
v 10.6997 -151.196 1517.95
vn -0.861489 0.275756 -0.426375
v 11.8139 -152.756 1518.1
vn -0.619496 -0.625032 -0.474931
v 11.7993 -152.132 1518.1
vn -0.637149 -0.658397 -0.400692
v 10.6997 -149.636 1514.9
vn -0.678428 -0.636952 -0.366097
v 11.2531 -150.26 1514.98
vn -0.699844 -0.642866 -0.311355
v 11.0118 -149.546 1513.73
vn -0.481665 -0.714543 -0.507372
v 11.6359 -150.26 1514.62
vn 0.647587 -0.27615 -0.710191
v 11.6871 -149.323 1514.05
vn 0.81147 -0.219971 -0.541414
v 12.2138 -149.636 1514.98
vn -0.407892 -0.35194 -0.842474
v 10.6997 -147.451 1513.01
vn -0.255392 0.360028 -0.897304
v 11.0118 -145.89 1513.43
vn 0.917115 -0.011295 0.398463
v 10.8533 -147.139 1529.03
vn -0.603128 0.368285 -0.707533
v 10.8972 -144.642 1514.05
vn -0.550451 0.359115 -0.753684
v 11.0118 -143.706 1514.49
vn -0.401058 0.279074 -0.872508
v 11.0118 -143.238 1514.67
vn 0.658879 0.270637 -0.701879
v 11.805 -143.706 1514.36
vn 0.660785 0.138686 -0.737651
v 12.0968 -145.578 1513.73
vn 0.845243 0.197057 -0.496723
v 12.1163 -144.018 1514.67
vn 0.877836 -0.0421572 -0.477102
v 12.2601 -143.371 1514.98
vn 0.879501 -0.0656771 -0.471343
v 12.5722 -143.706 1515.96
vn 0.708007 0.273963 -0.650899
v 12.8843 -144.642 1515.68
vn -0.179904 0.160361 -0.970525
v 10.6997 -142.77 1514.88
vn 0.691939 0.232043 -0.68365
v 10.6997 -141.521 1515.17
vn -0.0743861 0.359685 -0.930104
v 11.3239 -142.145 1514.98
vn 0.0272476 0.399327 -0.916404
v 11.6359 -143.082 1514.51
vn 0.61743 0.232254 -0.751557
v 11.9802 -143.082 1514.67
vn 0.761596 -0.253719 -0.59632
v 12.5698 -143.082 1515.61
vn 0.728268 0.0803059 -0.680571
v 12.4966 -142.457 1515.29
vn 0.347885 -0.272453 -0.897076
v 12.8843 -143.082 1515.88
vn 0.532878 -0.215955 -0.818172
v 12.8843 -142.77 1515.77
vn 0.60574 0.0815143 -0.791476
v 12.8843 -142.457 1515.74
vn 0.599509 0.309469 -0.738118
v 12.8843 -141.895 1515.92
vn 0.305485 0.396559 -0.865691
v 11.948 -137.152 1517.54
vn 0.207293 0.0850329 -0.974576
v 11.948 -136.528 1517.66
vn 0.110296 0.541329 -0.833545
v 10.6997 -136.401 1517.79
vn 0.0107039 0.400574 -0.916202
v 12.3807 -135.904 1517.79
vn 0.519272 -0.179659 -0.835511
v 12.8843 -137.152 1518.13
vn -0.610426 0.632517 -0.476763
v 11.3239 -135.288 1518.42
vn -0.690377 0.518447 -0.504571
v 11.3239 -134.655 1519.06
vn -0.479115 0.781063 -0.400487
v 11.6359 -133.658 1519.66
vn -0.0467536 0.62451 -0.779616
v 11.948 -134.343 1519.24
vn -0.0358792 0.514677 -0.856633
v 11.948 -133.719 1519.6
vn -0.00127596 0.676327 -0.736601
v 12.2601 -134.967 1518.71
vn 0.598269 0.56094 -0.572207
v 12.2601 -134.525 1519.35
vn 0.409251 0.796498 -0.44509
v 12.8815 -135.591 1518.73
vn -0.404497 0.914238 -0.0234773
v 11.6359 -133.165 1521.85
vn 0.823681 0.351382 0.445062
v 12.4332 -133.719 1521.85
vn -0.290443 0.930183 0.224503
v 11.0118 -133.719 1523.53
vn 0.763369 0.457368 0.45616
v 11.4433 -134.031 1523.72
vn 0.0692387 0.989542 -0.126538
v 11.948 -133.095 1521.83
vn -0.511666 0.238212 -0.825502
v 13.1964 -153.693 1515.49
vn 0.520994 -0.135175 -0.842789
v 13.5085 -154.005 1515.51
vn 0.905077 -0.406668 0.124322
v 14.1327 -153.476 1516.23
vn 0.502994 -0.176586 -0.846058
v 13.1964 -151.196 1515.5
vn 0.0462581 0.13819 -0.989325
v 13.5085 -152.756 1515.79
vn 0.207695 0.126959 -0.96992
v 13.8206 -152.756 1515.85
vn 0.0998587 -0.195879 -0.975531
v 13.8206 -151.82 1515.79
vn 0.565941 -0.0235834 -0.824108
v 13.6426 -146.203 1516.23
vn 0.937762 -0.19063 0.290281
v 15.3152 -147.763 1517.48
vn 0.676916 0.018854 -0.735819
v 15.4761 -146.515 1517.48
vn 0.937995 -0.139172 0.317486
v 15.3249 -146.515 1518.1
vn 0.398476 0.104981 -0.911151
v 13.1964 -144.33 1515.96
vn 0.149357 -0.0940466 -0.984301
v 13.1964 -143.394 1515.96
vn 0.120305 -0.114282 -0.986137
v 14.7568 -144.128 1516.23
vn 0.683698 -0.15837 -0.712373
v 15.0689 -145.578 1517.22
vn 0.900515 -0.0847313 -0.42649
v 15.364 -145.266 1517.48
vn 0.944365 -0.032563 -0.327282
v 15.6517 -143.706 1517.17
vn 0.981759 -0.0310648 0.187572
v 15.4371 -145.266 1518.1
vn 0.359438 0.0391213 -0.932349
v 13.1964 -142.77 1515.86
vn 0.496479 0.331386 -0.802304
v 13.5085 -142.081 1516.23
vn 0.533364 0.294351 -0.79302
v 15.2859 -142.457 1517.17
vn 0.975944 0.211585 0.0525837
v 14.3594 -138.712 1519.98
vn 0.554807 0.404677 -0.726929
v 13.1964 -137.776 1518.45
vn 0.659717 -0.277977 -0.698214
v 13.2794 -137.152 1518.42
vn 0.286889 0.773754 -0.5648
v 13.1964 -135.904 1518.3
vn 0.799198 -0.320113 -0.508735
v 13.5085 -137.152 1518.7
vn 0.713095 -0.364287 -0.598991
v 13.6941 -136.528 1518.42
vn 0.469068 -0.202994 -0.859516
v 13.5085 -136.216 1518.14
vn 0.795108 -0.275771 -0.540142
v 13.8024 -136.216 1518.42
vn 0.472579 0.761801 -0.44309
v 13.5085 -135.912 1518.42
vn 0.562299 0.76844 -0.305484
v 13.5085 -135.716 1519.04
vn 0.944247 0.0537213 -0.324825
v 13.9888 -137.464 1519.66
vn 0.983365 0.128316 0.128563
v 13.9693 -137.152 1519.98
vn 0.858852 -0.293128 -0.420058
v 13.9498 -136.84 1519.35
vn 0.871921 0.133088 0.471213
v 13.5085 -136.718 1520.91
vn 0.666247 0.616781 -0.419162
v 13.5451 -135.279 1519.98
vn 0.717967 0.494374 -0.490019
v 13.2534 -134.343 1520.6
vn 0.946821 0.130651 0.29404
v 13.8181 -135.591 1520.29
vn -0.589254 0.241073 -0.771144
v -20.0875 -144.018 1514.98
vn -0.950059 -0.201078 -0.238654
v -20.0875 -144.018 1514.98
vn -0.769244 -0.637735 -0.0394639
v -19.5731 -144.903 1514.98
vn -0.912925 0.0730974 -0.401528
v -20.0436 -141.209 1517.48
vn 0.118194 -0.104089 -0.98752
v -17.0763 -147.139 1514.27
vn -0.415996 0.382345 -0.825082
v -19.261 -144.018 1514.35
vn 0.235261 0.204361 -0.950205
v -19.261 -144.018 1514.35
vn -0.0258321 0.0258322 -0.999332
v -18.0126 -145.266 1514.53
vn -0.345945 0.648109 -0.678437
v -18.9489 -139.024 1516.2
vn 0.345391 -0.322572 -0.881279
v -18.6368 -140.585 1516.12
vn -0.0881353 0.946213 -0.31131
v -18.6368 -138.598 1516.54
vn -0.261944 -0.297521 -0.918078
v -18.3247 -139.961 1515.81
vn 0.226968 -0.114681 -0.967127
v -18.3247 -139.337 1515.64
vn -0.373684 0.568603 -0.732837
v -18.3247 -139.337 1515.64
vn -0.21187 0.761913 -0.612046
v -18.0126 -139.024 1515.73
vn 0.699381 0.128846 -0.70304
v -18.0126 -139.024 1515.73
vn 0.0810374 0.946693 -0.311778
v -17.2981 -138.712 1516.54
vn -0.400313 0.640046 -0.655813
v -17.2981 -138.712 1516.54
vn 0.171193 0.496447 -0.851019
v -17.2981 -138.712 1516.54
vn 0.171193 0.496447 -0.851019
v -17.0763 -138.254 1516.85
vn -0.13813 -0.400567 -0.905796
v -17.0763 -138.254 1516.85
vn -0.736086 0.370762 -0.566315
v -17.1568 -133.407 1521.22
vn -0.397184 0.528055 -0.750601
v -16.9666 -132.158 1519.98
vn -0.904506 0.174842 -0.388971
v -17.0398 -131.222 1520.91
vn -0.434078 0.292907 0.851928
v -16.9032 -131.534 1522.78
vn -0.155233 0.536597 0.829438
v -16.9032 -131.534 1522.78
vn 0.27496 0.0649107 0.959262
v -16.9032 -131.534 1522.78
vn -0.870689 0.170601 -0.461299
v -17.1178 -130.598 1521.22
vn -0.570413 0.675297 0.46755
v -17.3031 -129.974 1521.85
vn -0.874689 0.187388 -0.446996
v -17.3031 -129.974 1521.85
vn -0.418532 0.347778 -0.838976
v -17.0763 -129.795 1521.54
vn -0.513775 0.850371 0.113597
v -17.0763 -129.795 1521.54
vn 0.0522377 0.899852 -0.433057
v -17.0763 -129.795 1521.54
vn 0.068766 0.550126 -0.832246
v -17.0763 -129.795 1521.54
vn 0.0640531 0.96743 -0.2449
v -16.7865 -129.662 1521.85
vn -0.364854 -0.3011 -0.881034
v -16.3327 -157.438 1514.36
vn -0.648586 0.155307 -0.745128
v -15.2038 -156.501 1513.57
vn 0.149018 -0.0928001 -0.98447
v -15.5159 -151.508 1515.36
vn 0.0600292 0.276261 -0.959206
v -15.2038 -150.884 1515.35
vn 0.149018 -0.0928001 -0.98447
v -15.2038 -150.884 1515.35
vn 0.75315 0.254344 -0.606691
v -15.2038 -150.884 1515.35
vn -0.129699 -0.254518 -0.958331
v -16.1401 -149.011 1514.64
vn 0.263306 -0.358996 -0.895428
v -16.1401 -149.011 1514.64
vn 0.195098 -0.417661 -0.88741
v -15.5159 -149.948 1515.22
vn 0.149018 -0.0928001 -0.98447
v -15.5159 -149.948 1515.22
vn 0.853098 0.0731053 -0.516604
v -15.5159 -149.948 1515.22
vn -0.00480103 -0.527539 -0.849517
v -15.9621 -150.572 1515.61
vn -0.285579 0.459312 -0.841116
v -16.7642 -142.091 1516.54
vn 0.171193 0.496447 -0.851019
v -16.4522 -138.469 1516.85
vn -0.13813 -0.400567 -0.905796
v -16.4522 -138.469 1516.85
vn -0.690947 0.439099 -0.574268
v -16.4161 -137.776 1516.54
vn 0.0304254 -0.789486 -0.613013
v -16.4161 -137.776 1516.54
vn 0.543871 -0.367791 -0.754277
v -16.4161 -137.776 1516.54
vn -0.413503 -0.141607 -0.899424
v -16.4161 -137.776 1516.54
vn 0.217514 -0.814532 -0.537797
v -16.1401 -138.008 1516.85
vn -0.413503 -0.141607 -0.899424
v -15.828 -137.511 1516.23
vn 0.0829739 -0.479468 -0.873628
v -15.828 -137.511 1516.23
vn -0.016099 -0.96599 -0.258077
v -15.2038 -137.403 1516.23
vn 0.0829739 -0.479468 -0.873628
v -15.2038 -137.403 1516.23
vn -0.588943 0.573777 -0.569145
v -14.914 -136.216 1515.61
vn -0.413503 -0.141607 -0.899424
v -14.914 -136.216 1515.61
vn 0.0829739 -0.479468 -0.873628
v -14.914 -136.216 1515.61
vn 0.538274 -0.335738 -0.773008
v -14.8917 -138.088 1517.78
vn 0.0961704 -0.894081 -0.43746
v -14.8917 -138.088 1517.78
vn -0.490884 -0.431785 -0.7567
v -14.8917 -138.088 1517.78
vn -0.255574 0.935294 0.244759
v -15.5159 -136.912 1527.47
vn 0.236475 0.738372 0.631575
v -15.5159 -136.912 1527.47
vn 0.327142 0.701712 0.632913
v -15.5159 -136.111 1526.53
vn 0.349602 0.825793 0.442543
v -15.2038 -136.745 1527.15
vn -0.729374 0.544385 0.414317
v -15.7524 -137.464 1527.78
vn -0.008935 0.678894 0.734182
v -15.7524 -137.464 1527.78
vn -0.255574 0.935294 0.244759
v -14.9007 -137.152 1529.03
vn 0.318085 0.934954 0.15711
v -14.9007 -137.152 1529.03
vn -0.626262 0.599946 0.497856
v -14.7722 -138.088 1530.59
vn -0.925782 -0.0754535 -0.370451
v -16.4522 -134.391 1519.66
vn -0.775001 -0.222753 0.5914
v -16.1401 -135.279 1525.17
vn -0.91194 0.237192 0.334822
v -16.1401 -135.279 1525.17
vn 0.137366 0.612548 0.778406
v -15.828 -134.09 1524.66
vn 0.130973 0.799457 -0.586272
v -14.5796 -132.761 1518.73
vn -0.19376 0.980502 -0.0327523
v -14.5796 -132.761 1518.73
vn 0.720516 0.23487 0.652452
v -16.1401 -130.91 1522.52
vn 0.27496 0.0649107 0.959262
v -16.1401 -130.91 1522.52
vn 0.347545 0.559227 0.752647
v -16.1401 -132.471 1523.53
vn -0.155233 0.536597 0.829438
v -16.1401 -132.471 1523.53
vn 0.827069 0.421917 0.371406
v -14.7235 -132.783 1523.1
vn 0 1 0
v -16.5735 -129.662 1522.16
vn 0.0284148 0.489476 -0.871554
v -16.1401 -129.85 1521.54
vn 0.631858 0.668913 -0.39155
v -16.1401 -129.85 1521.54
vn 0.27496 0.0649107 0.959262
v -16.1401 -129.974 1522.46
vn 0.808877 0.219129 0.545619
v -16.1401 -129.974 1522.46
vn 0 0.692919 0.721015
v -16.1277 -129.662 1522.16
vn 0.668876 0.708101 -0.22627
v -16.1277 -129.662 1522.16
vn 0.812766 0.386599 0.435835
v -16.1277 -129.662 1522.16
vn 0.541622 0.722877 -0.429062
v -15.828 -130.423 1521.22
vn 0.673625 0.380295 0.633723
v -15.3477 -130.598 1521.54
vn -0.3522 -0.648199 0.675125
v -12.395 -159.31 1533.13
vn -0.0779334 -0.601572 0.795008
v -12.395 -159.31 1533.13
vn 0.0303225 -0.968569 0.246891
v -12.395 -159.31 1533.13
vn 0.763141 -0.299813 -0.572476
v -13.9554 -157.126 1513.95
vn -0.495913 -0.863977 -0.0872549
v -12.6154 -158.062 1525.91
vn -0.459465 0.186418 0.868412
v -12.3145 -158.062 1534.33
vn -0.345706 0.0707606 0.935671
v -12.395 -154.941 1534.07
vn 0.388584 0.246305 0.887883
v -12.395 -154.941 1534.07
vn -0.247829 0.0687919 0.966358
v -12.395 -154.941 1534.07
vn 0.237576 -0.290481 0.926919
v -12.395 -154.941 1534.07
vn -0.385224 0.552493 -0.739157
v -13.3313 -152.587 1515.29
vn 0.870009 -0.0560596 -0.489839
v -12.7071 -152.756 1515.41
vn 0.164776 -0.155279 -0.974032
v -12.395 -151.508 1515.47
vn 0.235159 0.178368 0.95545
v -12.0829 -152.444 1533.63
vn -0.253115 0.511587 -0.821104
v -13.9554 -149.948 1517.28
vn 0.310097 0.300573 -0.90194
v -13.9554 -149.948 1517.28
vn 0.32033 0.171209 -0.931706
v -13.6433 -149.011 1517.7
vn -0.0712063 0.112123 -0.99114
v -14.2675 -146.515 1517.58
vn -0.600707 0.0892867 -0.794468
v -13.9554 -146.515 1517.59
vn -0.900263 0.309481 -0.306184
v -13.0192 -146.203 1516.92
vn 0.447798 0.190156 0.87368
v -12.395 -147.516 1533.71
vn 0.318984 -0.0171808 0.947604
v -12.395 -144.347 1533.08
vn -0.263809 -0.108495 0.958454
v -12.0829 -143.706 1533.12
vn -0.591963 0.738585 -0.322602
v -11.9244 -142.77 1517.17
vn -0.38755 0.245911 -0.888444
v -13.3313 -142.77 1518.9
vn -0.361595 0.179309 -0.91493
v -13.3313 -140.897 1519.34
vn -0.594266 0.734859 -0.326849
v -12.7071 -142.77 1518.6
vn -0.45194 -0.494651 -0.742341
v -14.155 -138.4 1517.48
vn -0.493276 0.00401511 -0.869864
v -13.6433 -138.4 1517.19
vn 0.408406 -0.805392 -0.429591
v -13.2581 -138.712 1517.48
vn -0.0885771 0.248265 -0.964634
v -12.395 -135.904 1512.46
vn -0.309585 -0.949754 -0.0460953
v -13.3922 -137.464 1513.73
vn -0.725013 0.489309 -0.484698
v -13.0192 -137.152 1513.24
vn -0.363921 -0.599805 -0.712597
v -12.395 -137.666 1515.92
vn 0.323858 -0.903143 -0.281868
v -12.395 -137.666 1515.92
vn 0.883693 0.444711 0.146011
v -13.6433 -137.108 1526.22
vn 0.458652 0.828444 0.321433
v -14.2675 -137.642 1530.59
vn -0.331817 0.668746 -0.665339
v -12.1146 -134.655 1513.73
vn 0.836685 0.456969 0.301891
v -14.2675 -135.591 1525.07
vn -0.323602 0.944669 -0.0536794
v -12.3615 -132.471 1516.85
vn 0.647492 0.752339 -0.121412
v -13.3313 -132.736 1519.04
vn 0.0527533 0.968059 0.24511
v -13.3313 -132.736 1519.04
vn -0.675984 0.051756 0.735097
v -9.65689 -163.367 1519.35
vn -0.880953 -0.323873 0.345004
v -9.65689 -163.367 1519.35
vn -0.618899 0.12296 0.775787
v -9.31619 -163.367 1530.59
vn -0.934204 0.356717 0.00395922
v -9.31619 -163.367 1530.59
vn -0.184727 -0.608532 -0.771729
v -9.89827 -160.871 1517.41
vn -0.914701 -0.123866 0.384681
v -10.3932 -161.807 1518.1
vn -0.858203 0.0730227 0.50809
v -10.52 -160.871 1518.1
vn -0.359377 -0.589661 -0.72329
v -9.92021 -162.743 1518.42
vn 0.18038 -0.442537 -0.878421
v -9.89827 -161.991 1517.79
vn 0.682254 -0.705953 0.190157
v -11.4587 -160.654 1531.52
vn -0.934866 -0.0993644 -0.340812
v -10.4249 -160.247 1517.17
vn -0.912021 0.0577001 -0.406064
v -10.2104 -159.934 1516.95
vn -0.254797 -0.237764 -0.937308
v -10.2104 -158.374 1516.51
vn 0.482236 -0.407123 -0.775693
v -9.89827 -160.247 1517.03
vn 0.503451 -0.273744 -0.819513
v -9.89827 -159.853 1516.85
vn 0.370434 -0.490662 -0.788689
v -11.6683 -158.998 1518.73
vn 0.0822417 -0.670404 -0.737425
v -11.1466 -159.127 1519.04
vn -0.799518 -0.599697 -0.0336819
v -10.304 -159.31 1518.73
vn -0.445559 -0.601357 -0.66321
v -10.3932 -158.998 1518.42
vn -0.825652 -0.562395 0.0448422
v -10.0568 -159.622 1518.42
vn -0.745413 -0.578289 0.331576
v -9.70077 -159.934 1519.04
vn -0.682726 -0.0823044 0.726024
v -9.47646 -159.934 1519.35
vn 0.774802 -0.40463 0.485753
v -11.7708 -160.278 1532.46
vn -0.411353 -0.905501 -0.104195
v -10.2104 -158.869 1531.84
vn 0.287899 -0.931297 0.223157
v -11.7708 -159.31 1533.05
vn 0.77391 -0.354282 0.524927
v -11.7708 -159.31 1533.05
vn -0.559055 0.296325 0.77437
v -11.7708 -158.374 1534.84
vn -0.548422 0.557585 0.623163
v -11.7708 -158.374 1534.84
vn 0.0367584 0.357151 0.933323
v -11.7708 -158.374 1534.84
vn -0.526215 -0.848512 0.0559
v -11.1466 -159.045 1534.02
vn -0.56453 0.577829 0.589423
v -11.4587 -158.686 1535.38
vn -0.723142 -0.0525288 0.688699
v -11.4587 -158.686 1535.38
vn -0.565502 -0.75483 0.332323
v -10.8345 -158.998 1536.01
vn -0.259756 -0.152924 0.953489
v -10.8345 -158.998 1536.01
vn -0.206775 0.676991 0.706348
v -10.8345 -158.686 1536.03
vn -0.262139 -0.073392 0.962235
v -10.8345 -158.686 1536.03
vn 0.253623 0.925882 0.280031
v -10.8345 -158.374 1535.67
vn 0.107056 0.6633 0.740657
v -10.5224 -158.523 1535.89
vn 0.256166 0.622282 0.739692
v -10.2104 -158.998 1536.18
vn 0.0443958 0.0771282 0.996032
v -9.58618 -159.31 1536.17
vn 0.750482 -0.141635 -0.645535
v -11.7708 -156.189 1517.29
vn -0.345675 -0.33552 -0.876319
v -11.7708 -156.189 1517.29
vn -0.432114 -0.17969 -0.883736
v -10.6273 -156.189 1516.23
vn -0.966121 -0.158881 -0.203387
v -10.7443 -155.877 1516.54
vn 0.578169 0.179498 0.795928
v -11.7708 -157.438 1534.49
vn 0.0367584 0.357151 0.933323
v -11.7708 -157.438 1534.49
vn 0.543221 0.645618 0.536738
v -11.7708 -157.438 1534.49
vn -0.534414 0.587924 0.607246
v -11.4587 -157.884 1534.64
vn 0.0367584 0.357151 0.933323
v -11.4587 -157.884 1534.64
vn -0.0604185 -0.253571 -0.965428
v -11.7708 -153.693 1516.56
vn 0.237576 -0.290481 0.926919
v -11.3783 -155.253 1533.71
vn 0.905964 -0.0884988 0.414001
v -11.3783 -155.253 1533.71
vn 0.237576 -0.290481 0.926919
v -11.4587 -153.693 1534.22
vn 0.896138 -0.254486 0.363556
v -11.4587 -153.693 1534.22
vn 0.649807 0.199451 0.733464
v -11.4587 -153.693 1534.22
vn -0.590283 -0.298913 -0.749812
v -11.4587 -151.592 1515.92
vn 0.389972 -0.0312426 0.920296
v -9.58618 -151.82 1532.67
vn -0.318573 -0.781166 0.536928
v -9.58618 -151.82 1532.67
vn -0.12671 -0.515895 0.847229
v -9.58618 -151.82 1532.67
vn 0.485366 -0.104784 0.868009
v -10.8345 -152.444 1533.32
vn 0.609131 -0.00985963 0.793008
v -10.5224 -152.574 1533.08
vn -0.400922 -0.292605 -0.868126
v -11.4587 -150.572 1515.57
vn -0.0313695 -0.281225 -0.959129
v -9.89827 -143.394 1514.59
vn -0.570404 -0.164702 -0.804681
v -11.718 -143.394 1515.92
vn -0.735399 0.617288 -0.27954
v -11.4587 -141.836 1518.42
vn 0.333897 0.938013 -0.092981
v -11.4904 -141.833 1526.53
vn 0.347625 0.930637 -0.114331
v -10.2104 -142.465 1525.28
vn -0.155641 0.983851 0.0883919
v -10.2104 -142.465 1525.28
vn 0.737215 0.46167 0.49333
v -10.421 -142.145 1532.46
vn 0.329049 0.943879 -0.0286146
v -10.5224 -141.806 1531.21
vn 0.982066 0.188075 0.0131875
v -10.5224 -141.806 1531.21
vn 0.539456 0.841771 0.0202274
v -10.5224 -141.833 1532.33
vn 0.421994 0.897747 0.126378
v -10.2104 -142.029 1532.15
vn -0.899419 -0.0588348 0.43311
v -11.627 -139.337 1513.73
vn -0.765039 -0.415873 -0.491696
v -11.7001 -138.4 1513.11
vn -0.997392 -0.0363554 0.0623522
v -11.7001 -138.4 1513.11
vn -0.969443 -0.0765959 0.233054
v -11.6806 -138.4 1513.42
vn -0.979766 0.185421 -0.075346
v -11.271 -140.585 1514.05
vn -0.915449 -0.169821 0.364847
v -11.271 -140.585 1514.05
vn -0.845473 -0.377635 0.37758
v -11.3344 -138.4 1514.67
vn -0.936291 0.285778 0.204184
v -9.73491 -139.649 1516.54
vn -0.584722 -0.795479 0.159101
v -9.89827 -139.007 1516.23
vn -0.971008 -0.238326 0.0185712
v -9.89827 -138.983 1516.54
vn -0.0286628 -0.579912 -0.814175
v -11.4587 -139.649 1518.75
vn 0.526463 0.837831 0.144485
v -11.7708 -139.778 1531.52
vn 0.544229 0.837709 0.0453651
v -11.4587 -139.961 1532.42
vn 0.695061 0.506355 -0.510388
v -10.7248 -140.585 1532.15
vn 0.652359 0.757598 0.0217647
v -10.7248 -140.585 1532.15
vn 0.666686 0.737651 0.106777
v -10.8345 -140.585 1532.83
vn -0.229331 0.145649 -0.96239
v -11.7448 -137.152 1512.49
vn -0.733158 0.534398 -0.420593
v -11.1466 -135.904 1512.53
vn -0.0948148 0.412051 -0.906214
v -11.1466 -135.904 1512.53
vn 0.195156 -0.948518 -0.249455
v -11.4587 -137.686 1516.85
vn -0.655476 -0.633827 -0.410626
v -11.4587 -137.774 1517.17
vn -0.897839 0.418187 -0.137859
v -10.637 -134.967 1508.74
vn -0.768361 0.198491 -0.608459
v -10.637 -134.967 1508.74
vn -0.697793 0.0710223 -0.71277
v -10.2104 -134.967 1508.2
vn -0.754687 0.203474 -0.623735
v -10.2104 -134.272 1508.43
vn -0.115415 0.947434 0.298409
v -10.2104 -134.272 1508.43
vn -0.52582 0.832055 0.176628
v -10.2104 -134.272 1508.43
vn -0.576538 0.733354 -0.360272
v -10.2104 -134.272 1508.43
vn -0.680558 0.709509 -0.182861
v -9.89827 -134.804 1511.86
vn 0.150413 0.988227 -0.0280002
v -9.89827 -134.804 1511.86
vn -0.854266 0.369139 0.366012
v -9.58618 -134.755 1520.6
vn -0.41559 0.760387 -0.499095
v -11.4587 -132.078 1516.23
vn 0.191946 0.956017 -0.221782
v -11.4587 -132.078 1516.23
vn 0.0295544 0.723362 -0.689836
v -11.1466 -132.796 1515.29
vn 0.496489 0.806036 -0.322188
v -11.1466 -132.213 1515.92
vn 0.454041 0.867948 -0.201278
v -11.1466 -132.068 1516.54
vn 0.564661 0.788333 -0.244312
v -10.3828 -132.471 1517.17
vn -0.129202 -0.765744 0.630034
v -7.71364 -168.441 1523.41
vn -0.932294 -0.332754 0.141785
v -7.71364 -168.441 1523.41
vn -0.142897 -0.84691 0.512175
v -7.08946 -168.924 1522.78
vn -0.706733 -0.605386 0.366111
v -7.08946 -168.547 1523.41
vn -0.131643 -0.277758 -0.951588
v -8.39479 -166.8 1519.35
vn -0.965381 -0.254001 0.0593459
v -8.39479 -166.8 1519.35
vn -0.951168 0.287538 0.112255
v -8.39479 -166.8 1519.35
vn -0.888878 -0.326786 -0.321103
v -8.39479 -166.8 1519.35
vn -0.880953 -0.323873 0.345004
v -8.39479 -166.8 1519.35
vn -0.685122 -0.59457 -0.420827
v -8.39479 -166.8 1519.35
vn 0.595654 0.222547 -0.771796
v -8.02573 -165.864 1519.03
vn -0.126256 -0.160621 -0.978908
v -7.40155 -165.864 1519.44
vn -0.933922 0.357378 -0.00839777
v -8.12082 -167.113 1522.47
vn -0.880953 -0.323873 0.345004
v -8.02573 -166.176 1520.88
vn -0.6214 0.151634 0.76868
v -8.02573 -166.176 1520.88
vn -0.841729 0.492591 -0.221011
v -8.32075 -166.8 1523.72
vn -0.969905 -0.233252 0.0698329
v -8.21835 -166.176 1524.97
vn -0.842927 -0.435476 0.315968
v -7.71364 -167.737 1524.05
vn -0.428736 -0.814167 0.391557
v -8.12082 -166.488 1525.28
vn -0.957507 -0.287343 0.0247763
v -8.33782 -165.896 1526.53
vn -0.949556 -0.313167 -0.0164284
v -8.33782 -165.896 1526.53
vn -0.943574 0.208068 -0.257635
v -8.33782 -165.896 1526.53
vn -0.940914 -0.24521 0.233566
v -8.33782 -165.864 1526.9
vn -0.512796 -0.539295 -0.667983
v -9.27409 -163.992 1518.93
vn -0.0763166 -0.278647 -0.957357
v -9.27409 -163.992 1518.93
vn 0.707742 0.0840206 -0.701456
v -8.962 -163.68 1518.83
vn 0.211594 0.0420494 -0.976453
v -8.33782 -163.68 1519.49
vn -0.32328 -0.106564 -0.940284
v -7.40155 -163.68 1519.67
vn -0.767245 -0.190888 -0.612288
v -7.40155 -163.68 1519.67
vn -0.394221 0.116213 -0.911638
v -7.08946 -165.552 1519.65
vn -0.325117 -0.0091125 -0.94563
v -7.08946 -164.928 1519.71
vn -0.921531 0.0884048 -0.378108
v -8.43291 -165.552 1526.84
vn -0.844328 0.340716 0.413549
v -8.43291 -165.552 1526.84
vn -0.692341 0.688533 -0.215839
v -8.43291 -165.552 1526.84
vn -0.617702 0.784304 -0.0575459
v -8.15409 -165.24 1527.15
vn -0.241501 -0.872098 0.425584
v -7.71364 -165.552 1528.31
vn -0.826538 0.378203 0.416891
v -7.71364 -165.552 1528.31
vn -0.360845 -0.054348 0.931041
v -7.71364 -165.552 1528.31
vn -0.807316 0.415034 0.419509
v -7.18455 -164.616 1528.4
vn -0.97019 0.0205428 -0.241475
v -7.18455 -164.616 1528.4
vn -0.946252 0.0827468 0.312667
v -7.18455 -164.616 1528.4
vn -0.449592 0.167937 0.877305
v -7.18455 -164.616 1528.4
vn -0.355112 -0.661732 -0.660307
v -7.40155 -164.384 1529.34
vn -0.849232 -0.501759 -0.164449
v -7.40155 -164.384 1529.34
vn -0.0282178 -0.76399 0.644611
v -7.40155 -164.384 1529.34
vn -0.391312 -0.235349 0.889655
v -7.08946 -165.24 1528.57
vn -0.946252 0.0827468 0.312667
v -7.08946 -164.708 1528.71
vn -0.613218 -0.316418 0.72377
v -7.08946 -164.708 1528.71
vn -0.180792 -0.907145 0.380004
v -7.08946 -164.708 1528.71
vn -0.907806 0.236563 0.346304
v -7.08946 -163.794 1528.09
vn 0.443285 -0.864078 0.238471
v -7.71364 -163.814 1531.21
vn -0.182731 -0.864934 0.467438
v -7.71364 -163.448 1531.84
vn -0.693921 -0.269531 0.667702
v -7.40155 -163.367 1532.22
vn -0.0415566 -0.444571 0.894779
v -7.40155 -163.367 1532.22
vn 0.245415 -0.537338 0.80687
v -7.08946 -163.414 1532.15
vn -0.021872 -0.611917 -0.79062
v -7.71364 -161.502 1514.05
vn -0.530326 -0.379383 -0.758171
v -7.71364 -161.502 1514.05
vn -0.934199 -0.309295 0.177787
v -7.70542 -162.431 1515.29
vn 0.0313095 -0.240802 -0.970069
v -8.33782 -162.743 1519.51
vn -0.0466519 -0.306191 -0.950826
v -7.08946 -161.495 1519.04
vn -0.611705 -0.308197 -0.728582
v -7.08946 -161.495 1519.04
vn -0.941361 0.200638 -0.271263
v -9.13999 -163.055 1529.96
vn -0.734172 -0.308683 -0.604736
v -8.962 -162.431 1529.81
vn -0.627724 -0.520623 -0.578718
v -8.64991 -161.645 1529.03
vn -0.966668 0.253001 0.0392897
v -8.64991 -161.645 1529.03
vn -0.70207 -0.685796 0.191787
v -8.64991 -161.495 1529.56
vn -0.707797 -0.177211 0.683828
v -8.64991 -161.495 1529.56
vn -0.739625 -0.287973 -0.608298
v -8.19884 -161.495 1528.4
vn -0.908404 0.162788 -0.3851
v -8.19884 -161.495 1528.4
vn 0.654413 -0.575827 0.490069
v -7.97712 -161.183 1534.96
vn 0.531898 -0.693774 0.485554
v -7.40155 -161.495 1533.83
vn 0.0672023 -0.482164 0.8735
v -8.33782 -160.956 1535.58
vn 0.107884 -0.461527 0.880542
v -8.02573 -160.883 1535.58
vn 0.795436 -0.449701 0.406264
v -8.02573 -160.883 1535.58
vn 0.752532 0.295923 0.588324
v -8.02573 -160.883 1535.58
vn -0.581705 -0.315509 -0.749716
v -7.08946 -158.686 1512.2
vn -0.921837 0.0642255 0.38222
v -8.38902 -159.934 1513.73
vn -0.581705 -0.315509 -0.749716
v -8.38902 -159.934 1513.73
vn -0.991628 -0.00365629 -0.129075
v -8.38902 -159.934 1513.73
vn -0.892939 -0.419841 0.162461
v -8.35976 -160.247 1530.9
vn 0.595307 0.739142 0.315086
v -7.12603 -160.559 1534.02
vn 0.793539 0.312048 0.52242
v -7.12603 -160.559 1534.02
vn -0.442097 -0.717459 0.538334
v -9.27409 -159.934 1536.2
vn 0.0263778 -0.501774 0.864597
v -9.27409 -159.934 1536.2
vn 0.44936 0.540267 0.711468
v -9.04213 -159.31 1535.89
vn 0.0304194 0.0701973 0.997069
v -8.962 -159.934 1536.19
vn 0.605789 0.372957 0.702797
v -8.962 -159.934 1536.19
vn 0.72901 0.326901 0.601398
v -8.39877 -159.934 1535.58
vn -0.727181 0.0463005 0.684883
v -8.02573 -156.501 1530.32
vn -0.828741 -0.304669 0.469431
v -7.40155 -157.126 1531.23
vn -0.754991 -0.0191139 -0.655456
v -6.82857 -154.629 1515.92
vn -0.151192 -0.171309 0.973547
v -9.27409 -153.693 1530.3
vn -0.240028 -0.776788 0.582226
v -9.27409 -153.693 1530.3
vn -0.318573 -0.781166 0.536928
v -8.33782 -153.693 1530.68
vn -0.286217 -0.196219 -0.937858
v -7.40155 -152.132 1516.34
vn -0.394492 -0.779106 0.487206
v -7.71364 -153.069 1532.19
vn -0.12671 -0.515895 0.847229
v -7.71364 -153.069 1532.19
vn -0.12671 -0.515895 0.847229
v -7.40155 -152.444 1532.61
vn 0.0755728 0.180698 0.980631
v -7.40155 -152.444 1532.61
vn 0.646807 0.229811 0.727206
v -7.40155 -152.444 1532.61
vn -0.987829 -0.0218065 -0.15401
v -8.14032 -150.26 1511.55
vn 0.732182 0.176838 0.657752
v -7.71364 -149.323 1532.06
vn -0.947424 -0.0412449 -0.317311
v -7.75021 -145.89 1508.43
vn 0.14119 -0.225041 -0.964065
v -7.75021 -145.89 1508.43
vn 0.544991 0.143993 0.825984
v -7.41889 -146.515 1531.52
vn 0.72507 0.0501941 0.686844
v -7.40155 -148.075 1531.73
vn 0.654732 0.105335 0.748485
v -7.40155 -147.139 1531.59
vn 0.327948 0.0535675 0.943176
v -8.64991 -145.266 1531.76
vn -0.139754 0.807302 0.573352
v -7.71364 -142.002 1529.96
vn -0.870523 0.457407 -0.181571
v -7.71364 -142.002 1529.96
vn -0.53861 0.287882 0.791848
v -7.71364 -142.002 1529.96
vn -0.918143 0.394945 -0.0321322
v -7.40155 -142.145 1528.32
vn -0.702668 0.112992 0.702489
v -7.23819 -141.209 1529.96
vn -0.990998 -0.12793 -0.0394485
v -7.23819 -141.209 1529.96
vn 0.276553 0.0712642 0.958353
v -7.71364 -142.445 1530.59
vn -0.199386 0.798933 0.567408
v -7.08946 -142.145 1530.38
vn -0.506908 0.233768 0.829697
v -7.08946 -142.145 1530.38
vn 0.151105 -0.195096 -0.969074
v -7.40155 -140.273 1507.35
vn -0.945314 -0.278178 -0.170288
v -8.32563 -138.712 1507.8
vn -0.962078 -0.0154679 0.272337
v -8.32563 -138.712 1507.8
vn -0.898574 0.186032 -0.397437
v -8.32563 -138.712 1507.8
vn -0.913708 0.0100198 0.406247
v -8.02573 -140.273 1508.69
vn -0.977943 -0.199389 0.0622202
v -7.61855 -140.273 1510.61
vn -0.392879 -0.0580619 -0.917755
v -8.30124 -135.904 1506.87
vn -0.104837 -0.128756 -0.986119
v -7.71364 -137.757 1506.87
vn -0.93966 -0.0547934 -0.337694
v -7.71364 -137.757 1506.87
vn 0.739024 0.0665048 -0.670388
v -7.08946 -136.528 1506.64
vn 0.712392 0.677186 -0.184162
v -7.58819 -136.216 1517.79
vn -0.576538 0.733354 -0.360272
v -9.27409 -134.031 1507.42
vn -0.285831 0.942337 0.174074
v -8.02573 -133.322 1506.87
vn -0.307742 0.35236 -0.883819
v -8.02573 -133.322 1506.87
vn 0.0572172 0.873752 -0.482995
v -8.02573 -133.322 1506.87
vn 0.0572172 0.873752 -0.482995
v -7.40155 -133.407 1506.79
vn 0.756805 0.334437 -0.561604
v -7.40155 -133.407 1506.79
vn 0.0572172 0.873752 -0.482995
v -7.40155 -133.19 1507.18
vn 0.707197 0.706106 -0.0358554
v -7.40155 -133.19 1507.18
vn 0.718275 0.596619 0.357949
v -7.08946 -133.936 1509.05
vn 0.817688 0.522393 0.241853
v -7.71364 -135.145 1511.55
vn 0.368731 0.912032 0.17954
v -7.71364 -135.145 1511.55
vn 0.655889 0.611456 0.442641
v -7.40155 -134.858 1510.3
vn 0.0140164 0.209917 -0.977619
v -7.40155 -134.343 1517.77
vn -0.00374272 0.802458 -0.596696
v -7.40155 -134.343 1517.77
vn 0.314676 -0.19752 -0.928421
v -7.40155 -134.343 1517.77
vn -0.182984 -0.346452 -0.920048
v -7.40155 -134.343 1517.77
vn -0.00374272 0.802458 -0.596696
v -7.08946 -134.097 1518.1
vn 0.304156 0.949564 -0.0762744
v -7.08946 -134.097 1518.1
vn 0.359154 0.933132 0.0165155
v -7.40155 -134.058 1520.29
vn 0.560567 0.820566 0.11152
v -7.40155 -134.058 1520.29
vn 0.2757 0.956573 -0.0946456
v -7.40155 -134.253 1521.54
vn -0.32163 -0.806996 0.49529
v -5.8411 -171.001 1521.54
vn 0.161929 -0.937624 0.307637
v -5.8411 -171.001 1521.54
vn -0.639244 -0.729557 -0.243133
v -5.52901 -171.17 1520.86
vn 0.161929 -0.937624 0.307637
v -5.52901 -171.17 1520.86
vn 0.953663 -0.29559 0.0561525
v -5.52901 -171.17 1520.86
vn 0.161929 -0.937624 0.307637
v -5.52901 -170.743 1522.16
vn 0.922335 -0.367135 0.120458
v -5.52901 -170.743 1522.16
vn 0.601237 -0.445298 0.663494
v -5.52901 -170.743 1522.16
vn -0.285266 -0.715755 0.637431
v -6.02396 -170.546 1522.16
vn -0.135404 -0.653126 0.745045
v -5.83135 -168.361 1524.03
vn 0.5488 0.126566 -0.826317
v -6.77737 -167.425 1519.62
vn -0.277817 -0.132594 -0.951439
v -6.77737 -167.425 1519.62
vn 0.167263 0.418335 -0.892759
v -6.77737 -166.176 1519.41
vn -0.632759 -0.30845 -0.710264
v -5.8411 -166.488 1518.98
vn -0.0505037 -0.742193 -0.66828
v -5.52901 -165.864 1518.27
vn 0.533733 -0.50671 -0.677033
v -5.52901 -165.864 1518.27
vn 0.129762 -0.560858 -0.81768
v -4.7561 -167.737 1520.29
vn 0.531684 -0.510227 -0.676004
v -4.7561 -167.737 1520.29
vn 0.609266 -0.533913 -0.586286
v -5.8411 -163.992 1516.63
vn -0.0359974 -0.703576 0.709708
v -6.77737 -163.594 1529.96
vn -0.26007 -0.446254 0.856283
v -5.8411 -165.24 1528.91
vn -0.0275056 -0.928349 0.370691
v -6.15319 -163.565 1531.52
vn -0.473438 -0.783342 0.402781
v -6.15319 -163.16 1530.59
vn -0.0734376 -0.985062 0.155755
v -5.72251 -163.68 1531.21
vn -0.163499 -0.957613 0.237163
v -5.52901 -163.711 1530.9
vn -0.186409 -0.875699 0.445424
v -5.21692 -163.944 1530.59
vn -0.983516 -0.133463 0.121998
v -4.44401 -164.304 1536.83
vn -0.713813 -0.23293 0.660465
v -4.44401 -164.304 1536.83
vn -0.925673 -0.181881 0.331735
v -6.27754 -162.431 1522.16
vn -0.975558 -0.200532 0.0898571
v -5.89718 -162.743 1525.59
vn -0.826824 -0.243999 -0.506781
v -5.96133 -162.431 1525.59
vn -0.252119 -0.36433 0.896493
v -5.52901 -160.871 1532.97
vn -0.262758 0.240832 0.934322
v -5.52901 -160.871 1532.97
vn -0.995341 -0.0947228 -0.0179842
v -4.79998 -163.055 1534.64
vn -0.93731 0.0340457 0.34683
v -4.65857 -161.183 1533.4
vn -0.971888 -0.0908061 -0.217229
v -6.77737 -158.686 1516.47
vn -0.723 -0.332091 0.605794
v -6.15319 -158.374 1532.04
vn 0.0195793 -0.109415 0.993803
v -6.15319 -158.374 1532.04
vn 0.82238 0.230516 0.520147
v -6.62132 -160.247 1533.08
vn -0.425443 0.327005 0.84384
v -5.21692 -160.247 1532.9
vn 0.0195793 -0.109415 0.993803
v -6.49129 -157.438 1532.15
vn -0.271321 -0.779945 0.563978
v -4.90483 -158.062 1532.05
vn 0.0195793 -0.109415 0.993803
v -4.90483 -158.062 1532.05
vn 0.689682 0.217373 0.690716
v -4.90483 -158.062 1532.05
vn 0.109695 -0.428547 0.896836
v -4.90483 -158.062 1532.05
vn -0.388075 0.41732 0.821731
v -4.90483 -158.062 1532.05
vn 0.109695 -0.428547 0.896836
v -6.77737 -156.814 1532.87
vn 0.109695 -0.428547 0.896836
v -6.77737 -155.877 1533.32
vn 0.674001 0.241759 0.698051
v -6.77737 -155.877 1533.32
vn -0.995294 0.0830092 -0.049998
v -6.71154 -154.317 1514.98
vn 0.784751 -0.161659 -0.598358
v -5.21692 -152.444 1510.31
vn -0.739946 0.0426376 -0.671314
v -6.11661 -151.508 1515.61
vn -0.994668 0.0360914 0.0966031
v -5.8411 -148.091 1513.42
vn -0.999547 0.0268886 -0.0135341
v -5.89961 -149.323 1515.29
vn -0.412694 -0.205207 -0.887454
v -6.77737 -147.558 1515.29
vn -0.0927147 -0.262688 0.960416
v -5.42608 -146.203 1529.34
vn 0.804428 -0.155426 -0.573357
v -4.78536 -145.578 1509.05
vn 0.937523 0.0711517 -0.340571
v -4.78536 -145.578 1509.05
vn -0.986306 -0.123973 0.108767
v -6.00446 -145.266 1513.73
vn 0.563315 -0.00853344 0.826198
v -6.77737 -141.209 1530.31
vn 0.0375308 -0.0690918 0.996904
v -6.77737 -141.209 1530.31
vn 0.0214877 0.0707215 0.997265
v -6.77737 -141.209 1530.31
vn 0.767882 0.633233 -0.0968176
v -5.52901 -138.4 1518.06
vn -0.219819 -0.644158 -0.732625
v -4.90483 -136.84 1517.12
vn -0.198298 -0.100674 -0.974958
v -4.90483 -136.84 1517.12
vn 0.792459 -0.450804 -0.410834
v -4.44198 -137.152 1517.48
vn 0.0698596 -0.706148 -0.70461
v -4.59274 -136.84 1517.05
vn 0.711058 -0.423769 -0.561086
v -4.59274 -136.84 1517.05
vn 0.669987 0.307658 -0.675621
v -4.59274 -136.84 1517.05
vn 0.154897 0.57896 -0.800507
v -6.46528 -137.152 1518.46
vn 0.728566 0.66283 -0.172766
v -6.46528 -137.152 1518.46
vn 0.0539568 0.463824 -0.884283
v -6.46528 -136.84 1518.62
vn -0.509903 -0.339281 -0.790498
v -6.46528 -136.84 1518.62
vn 0.777734 0.621619 -0.0933729
v -5.78413 -138.088 1517.79
vn 0.251118 0.676459 -0.692346
v -5.78413 -138.088 1517.79
vn 0.560031 -0.417828 -0.715392
v -5.29494 -138.088 1518.42
vn -0.250824 -0.685123 -0.683881
v -5.29494 -138.088 1518.42
vn 0.338162 -0.83609 -0.431973
v -5.29494 -138.088 1518.42
vn -0.660658 -0.305214 -0.685839
v -5.52901 -137.776 1518.19
vn -0.269376 -0.659214 -0.702049
v -5.52901 -137.776 1518.19
vn 0.154897 0.57896 -0.800507
v -5.52901 -137.776 1518.19
vn 0.398918 -0.804688 -0.439707
v -4.49765 -138.088 1519.04
vn 0.933681 0.196948 -0.299083
v -4.49765 -138.088 1519.04
vn 0.937124 -0.337403 -0.0892023
v -4.49765 -138.088 1519.04
vn 0.97137 -0.212488 0.10625
v -4.42938 -137.464 1519.66
vn 0.886775 0.425521 0.180451
v -4.78536 -137.464 1523.1
vn 0.440324 0.321406 -0.83834
v -4.59274 -137.776 1525.62
vn 0.487667 0.805297 -0.337162
v -4.59274 -137.776 1525.62
vn 0.379463 0.478958 -0.791585
v -4.46839 -136.528 1526.22
vn 0.864618 0.498074 0.0660181
v -4.46839 -136.528 1526.22
vn -0.207586 0.639366 0.740351
v -4.90483 -136.528 1529.6
vn -0.627403 -0.120376 -0.769334
v -6.46528 -134.655 1517.72
vn -0.15637 -0.307971 -0.938457
v -6.46528 -134.655 1517.72
vn 0.200875 0.83842 -0.506657
v -5.52901 -134.967 1517.1
vn 0.588112 0.38157 -0.713112
v -5.52901 -134.967 1517.1
vn 0.590177 0.449956 -0.670247
v -5.21692 -134.814 1517.48
vn -0.00374272 0.802458 -0.596696
v -6.46528 -134.326 1517.79
vn -0.470877 0.257167 -0.843884
v -6.46528 -134.326 1517.79
vn 0.290242 0.92775 -0.234606
v -6.46528 -134.326 1517.79
vn 0.20239 0.821577 0.532964
v -5.52901 -135.365 1522.47
vn 0.899786 0.290124 0.325905
v -5.21692 -135.591 1522.62
vn 0.170946 0.693933 0.699453
v -5.21692 -135.591 1522.62
vn 0.517376 0.834988 0.187395
v -5.21692 -135.591 1522.62
vn 0 0.998836 0.048234
v -6.46528 -133.96 1523.41
vn 0.824184 0.133764 -0.550298
v -5.8411 -134.967 1522.93
vn 0.694804 0.703293 0.150419
v -5.50219 -135.591 1523.41
vn 0.648913 0.75705 0.0760712
v -5.38028 -134.655 1524.03
vn 0 0.96854 0.248859
v -6.15319 -134.682 1526.22
vn 0.490068 0.852077 0.183841
v -6.15319 -134.682 1526.22
vn 0.525516 0.823738 -0.212811
v -5.21692 -135.311 1526.84
vn 0.437657 0.886756 0.148729
v -5.21692 -135.311 1526.84
vn 0.273094 0.94387 0.18582
v -5.52901 -135.487 1529.34
vn 0.614985 -0.622642 -0.48385
v -2.7202 -171.299 1519.04
vn 0.669833 -0.730279 -0.134223
v -2.7202 -171.431 1519.35
vn 0.49116 -0.868924 0.0610949
v -2.7202 -171.387 1519.98
vn 0.398615 -0.705201 0.586343
v -2.7202 -171.387 1519.98
vn 0.420849 -0.687939 0.591291
v -2.33628 -171.17 1519.98
vn 0.471517 -0.54124 0.696226
v -2.7202 -170.858 1520.61
vn -0.388277 0.116144 -0.914195
v -3.03229 -169.609 1517.52
vn 0.47897 0.00590428 -0.877811
v -3.03229 -169.609 1517.52
vn -0.597342 -0.0294908 -0.801444
v -3.82958 -169.297 1518.1
vn -0.183113 -0.839788 -0.511103
v -3.34438 -170.546 1518.03
vn 0.230059 -0.589661 -0.774192
v -3.34438 -170.546 1518.03
vn -0.627614 -0.196872 -0.753221
v -3.34438 -170.546 1518.03
vn 0.47897 0.00590428 -0.877811
v -2.53246 -169.921 1517.79
vn -0.921722 -0.100852 -0.374511
v -3.23954 -168.673 1520.6
vn -0.966266 -0.0396285 0.254478
v -3.03229 -169.609 1521.08
vn -0.585045 -0.542585 0.602764
v -3.03229 -168.985 1521.58
vn -0.762279 0.125063 0.635051
v -3.03229 -168.985 1521.58
vn -0.989728 0.00639056 0.142821
v -3.03229 -168.985 1521.58
vn 0.588396 -0.369919 0.718992
v -2.7202 -169.921 1521
vn 0.362126 -0.6791 0.638505
v -2.7202 -169.297 1521.6
vn 0.660387 -0.441679 0.607297
v -2.30814 -169.921 1520.6
vn -0.482896 -0.87567 0.00377253
v -2.40811 -168.232 1524.35
vn 0.128284 -0.964047 0.232716
v -2.40811 -168.232 1524.35
vn 0.813682 -0.573191 -0.0968187
v -2.40811 -168.232 1524.35
vn 0.862618 -0.448117 0.234695
v -2.40811 -168.081 1524.97
vn 0.529404 -0.588833 0.610743
v -2.40811 -168.081 1524.97
vn 0.5553 -0.823396 0.116877
v -2.7202 -168.09 1527.47
vn -0.970095 0.16052 -0.18207
v -2.9166 -166.176 1517.48
vn 0.11797 -0.462441 -0.878767
v -2.40811 -166.8 1517.06
vn 0.850234 -0.300115 -0.432474
v -2.09602 -166.862 1517.17
vn -0.234409 0.233018 -0.943798
v -2.09602 -166.488 1517.05
vn 0.855022 -0.15197 -0.495825
v -2.09602 -166.488 1517.05
vn 0.580663 0.205235 -0.787851
v -2.09602 -166.488 1517.05
vn 0.709232 -0.498406 -0.49858
v -3.96856 -165.805 1519.66
vn -0.804002 -0.250324 -0.539369
v -3.96856 -165.805 1519.66
vn 0.108293 -0.525881 -0.843636
v -3.96856 -165.805 1519.66
vn -0.960849 0.25593 -0.106157
v -3.43459 -167.737 1518.1
vn -0.499744 -0.173535 -0.848611
v -3.43459 -167.737 1518.1
vn -0.612839 -0.149062 -0.776021
v -3.03229 -168.049 1517.93
vn -0.0785215 -0.542368 -0.836464
v -3.03229 -168.049 1517.93
vn 0.47897 0.00590428 -0.877811
v -2.40811 -168.049 1517.87
vn 0.0468307 -0.543451 -0.838134
v -2.40811 -168.049 1517.87
vn 0.837686 -0.271715 -0.473764
v -2.40811 -168.049 1517.87
vn 0.39891 -0.916229 -0.0373578
v -4.28065 -166.91 1520.91
vn 0.790448 -0.521048 -0.322026
v -4.28065 -166.91 1520.91
vn 0.223445 -0.797972 -0.559743
v -4.28065 -166.91 1520.91
vn -0.31523 -0.525251 -0.790406
v -4.28065 -166.557 1520.29
vn -0.404624 -0.880278 -0.24777
v -4.28065 -166.557 1520.29
vn 0.223445 -0.797972 -0.559743
v -4.28065 -166.691 1520.6
vn -0.303617 -0.937911 -0.167747
v -4.28065 -166.691 1520.6
vn -0.713958 -0.696753 -0.0692718
v -3.96856 -166.744 1520.29
vn 0.269153 -0.961204 0.0603664
v -3.89054 -166.8 1520.91
vn -0.539053 -0.830584 0.13983
v -3.89054 -166.8 1520.91
vn -0.834097 0.136846 0.534374
v -3.4736 -167.425 1520.6
vn -0.652324 -0.715761 0.24932
v -3.65647 -166.676 1521.85
vn -0.146413 -0.936983 0.317218
v -3.65647 -166.676 1521.85
vn -0.799732 0.131208 0.585844
v -3.17614 -168.049 1521.22
vn -0.889836 -0.368513 -0.269055
v -3.21515 -167.737 1520.29
vn -0.879884 -0.416851 -0.22812
v -3.21515 -167.737 1520.29
vn -0.589189 -0.447201 -0.672955
v -3.21515 -167.737 1520.29
vn -0.799732 0.131208 0.585844
v -3.07374 -167.425 1521.22
vn -0.141648 -0.90649 0.397758
v -3.96856 -165.676 1524.66
vn -0.795983 -0.557158 0.236613
v -3.65647 -165.725 1524.66
vn -0.482896 -0.87567 0.00377253
v -2.74214 -168.049 1524.03
vn -0.869758 -0.472803 -0.141343
v -2.74214 -168.049 1524.03
vn -0.987011 -0.15187 0.052399
v -2.80554 -167.737 1523.1
vn 0.0908337 -0.723455 0.68437
v -2.7202 -167.884 1523.1
vn 0.117314 -0.97895 0.167017
v -2.7202 -167.884 1523.1
vn 0.113375 -0.993516 0.00850026
v -2.7202 -167.829 1523.41
vn -0.729669 -0.638492 -0.244769
v -2.7202 -167.879 1523.72
vn 0.226869 -0.973159 -0.0386371
v -2.7202 -167.879 1523.72
vn 0.122943 -0.979191 0.161459
v -2.40811 -167.845 1523.1
vn 0.780733 -0.621128 0.0682336
v -2.40811 -167.794 1523.41
vn 0.275756 -0.771209 -0.573756
v -2.32277 -167.737 1523.72
vn 0.847656 -0.391962 -0.357555
v -2.32277 -167.737 1523.72
vn 0.867141 -0.496747 0.0361608
v -2.32277 -167.737 1523.72
vn 0.128284 -0.964047 0.232716
v -2.73239 -168.049 1525.28
vn -0.931621 -0.360593 0.0453259
v -2.73239 -168.049 1525.28
vn -0.699922 -0.459318 0.546933
v -2.73239 -168.049 1525.28
vn 0.511029 -0.587582 0.627373
v -2.73239 -168.049 1525.28
vn -0.400628 -0.913441 -0.0715761
v -2.96158 -167.737 1527.47
vn -0.699922 -0.459318 0.546933
v -2.89819 -167.425 1525.59
vn -0.248786 -0.965599 -0.0756631
v -2.7202 -167.696 1525.59
vn -0.830121 -0.54476 -0.118894
v -2.7202 -167.696 1525.59
vn 0.492339 -0.585969 0.643617
v -2.7202 -167.696 1525.59
vn 0.559294 -0.765399 -0.318363
v -2.7202 -167.696 1525.59
vn -0.254185 -0.936349 -0.242157
v -2.40811 -167.798 1526.53
vn 0.511029 -0.587582 0.627373
v -2.40811 -167.434 1525.59
vn 0.774114 -0.563443 -0.288583
v -2.40811 -167.434 1525.59
vn 0.533013 -0.79035 0.302067
v -2.40811 -167.113 1529.47
vn 0.115399 -0.462397 0.879131
v -2.40811 -167.113 1529.47
vn 0.891966 -0.334856 0.303756
v -2.40811 -167.113 1529.47
vn -0.976001 0.0927231 -0.197038
v -2.88356 -165.552 1517.48
vn -0.362574 0.23086 -0.902909
v -2.48613 -164.928 1517.48
vn 0.580663 0.205235 -0.787851
v -2.09602 -165.552 1517.3
vn -0.569386 -0.142347 -0.809652
v -2.09602 -165.552 1517.3
vn 0.244177 -0.265979 -0.932541
v -2.09602 -165.552 1517.3
vn 0.247281 -0.511698 -0.82281
v -3.96856 -163.68 1518.34
vn -0.577746 -0.386322 -0.719003
v -3.65647 -163.738 1518.42
vn -0.490118 0.31207 -0.813878
v -2.80554 -164.616 1517.79
vn -0.0728957 -0.841267 0.535682
v -3.96856 -164.823 1526.22
vn -0.0566404 -0.995253 0.079138
v -3.96856 -164.292 1526.84
vn 0.0890142 -0.758305 0.645794
v -3.96856 -164.292 1526.84
vn -0.766567 -0.622019 0.159585
v -3.96856 -164.292 1526.84
vn -0.74575 -0.600578 0.288378
v -3.65647 -165.052 1525.91
vn -0.232844 -0.898704 -0.371638
v -4.28065 -164.37 1528.71
vn -0.42876 -0.861755 0.27119
v -4.28065 -164.37 1528.71
vn -0.0564653 -0.992176 -0.111348
v -4.28065 -164.175 1528.09
vn -0.402061 -0.808094 -0.430501
v -3.78569 -164.616 1528.71
vn -0.470963 -0.8429 0.260219
v -3.78569 -164.616 1528.71
vn -0.837556 -0.546231 -0.0114545
v -3.96856 -164.192 1528.09
vn -0.474448 -0.819784 0.320706
v -3.96856 -163.936 1530.59
vn 0.115399 -0.462397 0.879131
v -3.26392 -164.616 1530.9
vn -0.102968 -0.864139 0.492607
v -3.26392 -164.616 1530.9
vn -0.0244748 -0.964057 0.264565
v -3.34438 -163.609 1531.84
vn -0.585901 -0.715699 0.380126
v -3.34438 -163.609 1531.84
vn 0.581625 -0.656708 0.480049
v -2.13747 -164.928 1530.59
vn -0.487121 -0.734482 0.472493
v -2.40811 -163.828 1532.46
vn -0.237328 -0.937647 -0.253956
v -2.40811 -163.828 1532.46
vn 0.407593 -0.912515 0.0344154
v -3.03229 -164.17 1534.96
vn -0.0331446 -0.978778 -0.202223
v -3.03229 -164.17 1534.96
vn -0.859264 -0.491723 -0.140972
v -4.28065 -164.321 1535.89
vn -0.353879 -0.726434 -0.589121
v -4.28065 -164.321 1535.89
vn 0.581298 -0.790055 0.194694
v -3.65647 -164.535 1536.83
vn -0.636052 -0.207555 0.743208
v -3.88322 -163.367 1537.76
vn 0.530143 -0.756812 0.38234
v -3.65647 -164.062 1537.76
vn -0.480904 -0.268216 0.83474
v -3.65647 -164.062 1537.76
vn 0.0530981 -0.333386 0.941294
v -3.03229 -163.467 1538.08
vn 0.420964 -0.383267 -0.822129
v -2.7202 -163.055 1517.3
vn 0.321535 -0.278561 -0.904997
v -2.44567 -161.807 1516.85
vn 0.179265 -0.018845 -0.98362
v -2.09602 -162.431 1516.93
vn -0.772251 -0.630489 0.0781737
v -4.28065 -162.899 1532.46
vn -0.831683 0.306059 0.463283
v -3.34438 -163.055 1538.2
vn -0.56705 0.26936 0.778396
v -3.34438 -163.055 1538.2
vn -0.719995 0.13668 0.680386
v -2.78346 -162.431 1538.39
vn -0.0719956 -0.102753 0.992098
v -2.78346 -162.431 1538.39
vn -0.0719956 -0.102753 0.992098
v -2.7202 -161.495 1538.49
vn 0.631873 -0.7443 0.216225
v -2.09602 -162.673 1538.08
vn 0.0677372 -0.511973 0.856327
v -2.09602 -162.673 1538.08
vn 0.0841881 -0.839668 -0.536535
v -2.7202 -159.31 1515.16
vn 0.221163 -0.51551 -0.82785
v -2.40811 -158.374 1513.99
vn -0.539735 -0.417409 -0.731064
v -3.65647 -160.088 1516.23
vn 0.0841881 -0.839668 -0.536535
v -3.65647 -160.088 1516.23
vn 0.0841881 -0.839668 -0.536535
v -3.65647 -159.689 1515.61
vn -0.496938 0.261568 0.827427
v -4.28065 -160.247 1533.49
vn -0.809804 0.476557 0.342216
v -3.71742 -158.998 1533.08
vn -0.953109 0.171504 0.249338
v -3.71742 -158.998 1533.08
vn 0.278612 -0.414202 -0.866494
v -3.96856 -155.877 1512.96
vn -0.641955 -0.440855 -0.627329
v -3.34438 -156.501 1513.46
vn -0.607634 -0.400883 -0.685619
v -2.7202 -156.814 1513.03
vn 0.759872 0.151222 -0.63224
v -1.85571 -156.501 1513.11
vn 0.909431 0.18674 -0.371568
v -2.7202 -156.814 1517.31
vn 0.491859 -0.558113 -0.66827
v -2.7202 -156.814 1517.31
vn 0.881977 -0.261296 -0.392225
v -2.7202 -156.814 1517.31
vn 0.4539 -0.496734 -0.73975
v -2.45931 -157.126 1517.79
vn 0.203278 -0.0689758 -0.976689
v -3.03229 -154.317 1512.7
vn 0.88857 -0.415823 -0.193736
v -3.29318 -153.381 1513.73
vn 0.689015 -0.446822 0.570622
v -3.29318 -153.381 1513.73
vn 0.689015 -0.446822 0.570622
v -2.77628 -153.381 1513.11
vn 0.941696 0.250136 0.225036
v -2.77628 -153.381 1513.11
vn 0.939649 0.341712 0.0170973
v -2.55684 -154.005 1513.11
vn -0.765239 0.217821 0.605775
v -4.28065 -154.629 1530.41
vn -0.355579 0.453546 0.817227
v -4.28065 -154.629 1530.41
vn 0.339686 0.597099 0.726696
v -2.09602 -153.381 1539.25
vn 0.120062 0.46253 0.878437
v -2.09602 -155.565 1540.91
vn 0.985761 0.0848747 -0.145162
v -3.96856 -152.444 1512.06
vn 0.517015 0.0606934 -0.853822
v -3.96856 -152.444 1512.06
vn 0.941696 0.250136 0.225036
v -2.85917 -153.069 1513.11
vn 0.779967 -0.551381 0.296025
v -2.85917 -153.069 1513.11
vn 0.941696 0.250136 0.225036
v -3.03229 -152.978 1513.73
vn 0.668878 -0.742711 -0.0313527
v -3.03229 -152.978 1513.73
vn 0.779967 -0.551381 0.296025
v -3.03229 -152.978 1513.73
vn 0.432133 -0.562893 -0.704566
v -3.03229 -152.969 1514.05
vn 0.779967 -0.551381 0.296025
v -2.7202 -152.704 1513.42
vn 0.5737 -0.807824 -0.13524
v -2.7202 -152.704 1513.42
vn 0.391373 0.000750051 -0.920232
v -2.7202 -152.704 1513.42
vn -0.111059 0.0352215 0.99319
v -4.28065 -150.884 1529.3
vn -0.230452 -0.428127 0.873842
v -4.28065 -148.075 1528.81
vn -0.192175 -0.389997 0.900539
v -4.28065 -147.661 1529.03
vn 0.515232 0.289415 -0.806706
v -4.24164 -142.77 1514.98
vn 0.560031 -0.417828 -0.715392
v -4.16605 -138.712 1519.66
vn 0.476221 0.280889 -0.833256
v -3.34438 -138.126 1526.22
vn -0.182734 0.612975 -0.768681
v -3.34438 -138.126 1526.22
vn 0.865434 0.341198 -0.36689
v -4.28065 -136.84 1517.45
vn 0.96362 -0.267176 -0.00737027
v -4.1563 -136.84 1518.42
vn 0.864742 0.45884 0.204172
v -3.98563 -136.528 1521.85
vn 0.525516 0.823738 -0.212811
v -3.34438 -136.528 1526.76
vn -0.135142 0.976056 -0.170442
v -3.34438 -136.528 1526.76
vn -0.134948 0.445296 -0.885155
v -3.34438 -136.528 1526.76
vn 0.26014 0.670812 -0.694506
v -2.40811 -138.088 1525.98
vn 0.16058 0.685653 -0.709996
v -2.09602 -136.34 1526.84
vn 0.14983 0.971502 0.183669
v -4.28065 -135.904 1529.21
vn -0.21314 0.660204 0.72021
v -4.28065 -135.904 1529.21
vn -0.144331 0.112598 0.983102
v -3.03229 -136.528 1530.1
vn -0.031869 0.991833 -0.123497
v -3.03229 -135.979 1529.65
vn -0.0488828 0.686538 0.725449
v -3.03229 -135.979 1529.65
vn -0.0306609 0.966774 0.253787
v -3.03229 -135.979 1529.65
vn 0.199647 0.702214 0.683401
v -2.40811 -136.528 1530.12
vn -0.256947 -0.686137 -0.680584
v 0.261724 -168.673 1520.6
vn -0.567633 -0.489875 -0.661676
v 0.261724 -168.673 1520.6
vn -0.869489 -0.338957 -0.359301
v 0.261724 -168.673 1520.6
vn -0.511026 -0.824157 -0.244167
v 0.261724 -168.673 1520.6
vn 0.580663 0.205235 -0.787851
v -1.7376 -165.864 1517.48
vn 0.43691 -0.243109 -0.86603
v -1.7376 -165.864 1517.48
vn 0.646214 -0.753997 0.117881
v -1.5523 -166.8 1519.35
vn 0.584085 -0.463456 -0.666373
v -1.5523 -166.8 1519.35
vn 0.159906 -0.967054 -0.198082
v -0.937871 -166.176 1519.98
vn -0.346537 -0.80875 -0.475221
v -0.937871 -166.176 1519.98
vn -0.823328 -0.460096 0.332328
v -0.937871 -166.176 1519.98
vn 0.313442 -0.529713 -0.788136
v -0.847658 -166.034 1519.35
vn 0.159906 -0.967054 -0.198082
v -0.847658 -166.034 1519.35
vn 0.159906 -0.967054 -0.198082
v -0.535568 -165.982 1519.35
vn -0.637502 -0.471512 -0.609317
v -0.535568 -165.982 1519.35
vn -0.346537 -0.80875 -0.475221
v -0.535568 -165.982 1519.35
vn -0.964619 -0.215018 0.15257
v -0.535568 -165.982 1519.35
vn -0.346537 -0.80875 -0.475221
v -0.036736 -167.113 1520.91
vn -0.474638 -0.0312346 -0.879627
v -1.78393 -163.367 1516.75
vn 0.958836 -0.204422 -0.197093
v -1.26947 -163.367 1517.17
vn 0.891197 -0.450441 0.0535876
v -1.55718 -165.24 1524.03
vn 0.941775 -0.15196 0.299945
v -1.55718 -165.24 1524.03
vn 0.588992 -0.795091 0.144634
v -0.847658 -164.54 1524.03
vn -0.275768 -0.951163 -0.138714
v -0.847658 -164.54 1524.03
vn -0.923972 -0.321346 0.207393
v 0.088612 -164.857 1524.35
vn -0.231938 -0.966262 -0.111991
v 0.088612 -164.857 1524.35
vn -0.247076 -0.968935 0.0109008
v -1.15975 -164.779 1527.47
vn -0.240362 -0.966975 -0.0847661
v -0.847658 -164.813 1525.91
vn 0.487727 -0.8269 -0.279928
v -1.15975 -165.096 1528.4
vn 0.309591 -0.900661 -0.304898
v -0.535568 -164.882 1528.4
vn -0.571903 -0.430595 0.698223
v 0.539015 -165.24 1529.65
vn -0.379854 -0.924929 -0.0146984
v -0.847658 -164.304 1531.55
vn -0.0427836 -0.98565 0.163292
v 0.088612 -164.555 1530.27
vn -0.65344 -0.755957 0.0393181
v -1.15975 -164.057 1535.27
vn 0.328923 -0.683128 0.652032
v -0.535568 -164.304 1537.54
vn 0.590676 -0.693718 0.412137
v -0.223478 -164.56 1536.83
vn 0.383962 -0.918962 -0.0898938
v -0.223478 -164.56 1536.83
vn 0.740803 -0.590378 0.320413
v 0.088612 -164.399 1536.52
vn -0.869489 -0.338957 -0.359301
v 0.271477 -162.743 1514.98
vn -0.932891 0.207714 -0.294226
v 0.271477 -162.743 1514.98
vn -0.973297 0.203214 -0.106754
v 0.400702 -162.431 1514.71
vn -0.467021 0.158558 -0.869914
v -1.78393 -161.495 1516.97
vn -0.325105 0.00450729 -0.945667
v -1.15975 -162.431 1516.44
vn 0.823477 -0.12836 -0.552639
v -1.14091 -161.495 1516.54
vn 0.508069 -0.4634 -0.726035
v -1.14091 -161.495 1516.54
vn -0.409568 -0.671719 -0.617291
v -1.14091 -161.495 1516.54
vn 0.999825 0.0143597 0.0119736
v -1.14091 -161.495 1516.54
vn -0.567633 -0.489875 -0.661676
v -0.847658 -162.431 1516.93
vn -0.0460183 -0.0267893 -0.998581
v -0.847658 -162.431 1516.93
vn -0.0152842 -0.0627318 -0.997913
v -0.847658 -161.183 1516.91
vn -0.493246 -0.504338 -0.708768
v -0.535568 -162.743 1516.94
vn -0.903359 0.193901 -0.382551
v -0.535568 -162.743 1516.94
vn -0.0223241 -0.0379547 -0.99903
v -0.535568 -162.743 1516.94
vn -0.901281 0.187837 -0.390397
v -0.113759 -160.871 1516.85
vn -0.708121 -0.198532 -0.677606
v -0.113759 -160.871 1516.85
vn 0.0497835 -0.495201 0.867351
v -1.78393 -162.119 1538.49
vn -0.0504884 -0.366108 0.929202
v -1.47184 -162.743 1538.19
vn -0.172819 -0.908405 0.380703
v -1.47184 -162.743 1538.19
vn 0.976239 0.211513 -0.0471176
v -1.15975 -158.882 1514.98
vn 0.999825 0.0143597 0.0119736
v -1.15975 -158.882 1514.98
vn 0.704886 -0.359978 -0.611189
v -1.15975 -158.882 1514.98
vn 0.0908814 0.224241 -0.970287
v -1.47184 -158.596 1517.17
vn -0.549443 0.774914 -0.312445
v -1.47184 -158.596 1517.17
vn -0.54281 0.789974 -0.285129
v -1.47184 -158.374 1517.72
vn 0.838216 -0.216465 -0.500537
v -1.15975 -159.403 1515.61
vn 0.903174 0.386071 -0.187685
v -1.15975 -159.403 1515.61
vn 0.999825 0.0143597 0.0119736
v -1.15975 -159.403 1515.61
vn 0.140091 0.0934403 -0.98572
v -0.995343 -159.31 1517.17
vn -0.406454 0.241112 -0.881283
v -0.995343 -159.31 1517.17
vn 0.903174 0.386071 -0.187685
v -0.737939 -159.934 1516.54
vn 0.630741 0.452125 -0.630674
v -0.737939 -159.934 1516.54
vn 0.453536 0.85742 -0.243178
v -0.847658 -159.622 1516.66
vn 0.570199 0.361245 -0.737818
v -0.847658 -159.622 1516.66
vn -0.648755 0.109206 -0.753121
v -0.847658 -158.374 1517.28
vn -0.0243279 -0.223155 -0.974479
v -0.535568 -159.934 1516.75
vn 0.570199 0.361245 -0.737818
v -0.535568 -159.934 1516.75
vn -0.591666 0.243217 -0.76862
v -0.535568 -159.934 1516.75
vn 0.202195 0.860381 -0.467827
v -0.535568 -159.588 1516.85
vn -0.51378 0.327809 -0.792825
v -0.535568 -159.588 1516.85
vn -0.964911 -0.0979989 -0.243606
v -0.318568 -159.31 1516.85
vn -0.747194 -0.193556 -0.635797
v -0.223478 -160.447 1516.85
vn -0.568307 0.333972 -0.751991
v -0.223478 -159.622 1516.6
vn -0.93611 -0.0779147 -0.342969
v -0.223478 -159.622 1516.6
vn -0.610417 -0.168398 -0.773972
v -0.223478 -159.622 1516.6
vn 0.96301 0.0472332 0.265295
v 0.232466 -159.622 1538.7
vn 0.96107 0.111675 -0.252731
v -1.61569 -157.126 1513.42
vn -0.987764 -0.109036 0.111509
v 0.193455 -157.438 1512.8
vn 0.0398756 0.350609 -0.935673
v -0.847658 -158.062 1517.39
vn -0.934053 -0.0796139 -0.348148
v -0.445354 -158.062 1516.85
vn -0.985625 -0.053675 -0.160196
v -0.535568 -157.788 1517.17
vn -0.421021 -0.266306 -0.867077
v 0.178826 -155.877 1515.29
vn -0.6959 0.63362 -0.338008
v -1.4889 -158.062 1518.73
vn 0.399799 -0.406944 -0.821315
v -1.4889 -158.062 1518.73
vn -0.651438 -0.186906 -0.735319
v -1.4889 -158.062 1518.73
vn -0.680432 -0.387315 -0.622093
v -1.15975 -156.189 1517.96
vn -0.735542 -0.237492 -0.634488
v -0.611152 -157.438 1517.79
vn -0.769993 0.512312 -0.380326
v -0.611152 -157.438 1517.79
vn 0.802173 0.226013 0.552664
v -1.20692 -155.877 1540.89
vn 0.894935 0.0755986 0.439745
v -0.978933 -157.75 1540.89
vn 0.835329 0.295177 0.463785
v 0.400702 -153.947 1532.46
vn 0.565838 -0.822694 -0.0547898
v -0.847658 -151.508 1514.22
vn 0.391373 0.000750051 -0.920232
v -0.847658 -151.508 1514.22
vn 0.120398 -0.624773 -0.771468
v -0.847658 -151.508 1514.22
vn -0.556188 -0.363217 -0.747481
v -0.847658 -151.508 1514.22
vn 0.737386 0.609356 0.291457
v 0.076421 -152.444 1530.9
vn 0.758341 0.0363113 0.650846
v 0.076421 -152.444 1530.9
vn 0.448237 0.596088 0.666155
v -1.47184 -151.144 1536.83
vn 0.791492 0.44855 0.415143
v -1.47184 -151.144 1536.83
vn 0.220247 -0.237004 -0.946214
v 0.400702 -149.011 1509.44
vn -0.711103 -0.264452 -0.651458
v 0.017904 -149.948 1510.3
vn -0.367496 0.275291 -0.888348
v -1.39953 -148.699 1514.67
vn -0.392845 0.811633 -0.432347
v -1.39953 -148.699 1514.67
vn 0.239402 0.568185 -0.787307
v -1.39953 -148.699 1514.67
vn 0.391373 0.000750051 -0.920232
v -1.15975 -150.26 1514.09
vn -0.54884 -0.242055 -0.800115
v -1.15975 -150.26 1514.09
vn -0.566455 0.335236 -0.752825
v -1.15975 -150.26 1514.09
vn -0.730552 0.374549 -0.57097
v -0.479489 -149.948 1513.42
vn -0.992254 0.109362 -0.05892
v -0.41122 -148.387 1514.36
vn -0.980927 0.194349 0.00317482
v -0.41122 -148.387 1514.36
vn -0.392845 0.811633 -0.432347
v -0.41122 -148.387 1514.36
vn -0.814682 0.0303965 0.579111
v -0.41122 -148.387 1514.36
vn -0.046966 0.766657 0.640337
v -1.47184 -149.948 1535.21
vn 0.592954 0.585785 0.552505
v -1.47184 -149.948 1535.21
vn -0.392845 0.811633 -0.432347
v -0.223478 -147.465 1515.92
vn 0.239402 0.568185 -0.787307
v -0.223478 -147.465 1515.92
vn -0.376237 0.468052 -0.799608
v -0.223478 -147.465 1515.92
vn 0.811236 0.132009 0.569623
v 0.400702 -147.763 1529.16
vn 0.591375 0.47468 0.651886
v -1.47184 -146.515 1531.57
vn 0.0600456 0.638139 0.767576
v -1.47184 -146.515 1531.57
vn 0.0691419 0.462623 0.883855
v -1.47184 -145.89 1531.05
vn 0.0408996 0.392063 0.919029
v -1.15975 -145.89 1531.02
vn 0.558078 0.431173 0.708971
v -0.847658 -146.827 1531.23
vn 0.299593 -0.264251 -0.916742
v 0.400702 -144.16 1508.12
vn -0.816528 0.434319 0.380327
v 0.088612 -143.407 1512.17
vn -0.31291 0.383801 0.868783
v 0.088612 -143.407 1512.17
vn -0.717271 0.532326 0.449613
v 0.088612 -143.407 1512.17
vn -0.759142 0.5634 -0.326011
v 0.088612 -143.407 1512.17
vn -0.985183 0.111023 -0.130721
v -0.003032 -143.394 1514.67
vn 0.438411 -0.0793943 0.895261
v -0.535568 -144.642 1530.13
vn 0.0149004 0.177411 0.984024
v -1.47184 -144.642 1530.7
vn -0.713813 -0.00475618 0.70032
v 0.339747 -141.209 1515.29
vn 0.0978161 -0.0353575 -0.994576
v -1.47184 -140.897 1519.4
vn -0.318184 0.721396 -0.615099
v -1.47184 -140.897 1519.4
vn 0.239402 0.568185 -0.787307
v -1.15975 -142.145 1519.47
vn -0.166193 0.159992 -0.973027
v -1.15975 -142.145 1519.47
vn -0.740517 -0.0580727 -0.669524
v -0.513624 -141.833 1519.35
vn -0.353047 0.649472 -0.673457
v 0.088612 -140.273 1507.71
vn -0.0161719 0.270028 -0.962717
v 0.088612 -140.273 1507.71
vn -0.811519 0.439601 0.384952
v -0.138141 -140.273 1508.12
vn -0.772885 0.539406 0.334199
v 0.088612 -139.854 1508.12
vn -0.353047 0.649472 -0.673457
v 0.088612 -139.854 1508.12
vn 0.303778 0.850104 -0.430166
v 0.088612 -139.854 1508.12
vn 0.321899 0.879413 -0.350732
v 0.400702 -140.008 1507.8
vn 0.00458139 0.322422 -0.946585
v 0.400702 -140.008 1507.8
vn -0.309616 0.719429 -0.621739
v -0.847658 -140.585 1519.45
vn -0.822362 0.125387 -0.554977
v -0.847658 -140.585 1519.45
vn -0.513801 0.69388 -0.504519
v 0.234904 -140.585 1518.42
vn -0.410359 -0.212909 -0.886722
v 0.099758 -139.024 1518.1
vn -0.206701 0.332275 -0.920254
v 0.099758 -139.024 1518.1
vn -0.602508 0.688082 -0.404384
v 0.541399 -140.585 1518.1
vn 0.307112 0.750682 -0.584943
v -0.847658 -136.216 1527.72
vn 0.260124 0.782199 -0.566127
v -0.535568 -136.505 1527.47
vn -0.0923783 0.990512 -0.101742
v -1.15975 -136.111 1529.03
vn -0.066575 0.76493 0.640663
v -0.223478 -135.93 1528.71
vn -0.988966 -0.142009 -0.0421973
v 0.846893 -171.794 1521.85
vn -0.665885 -0.706618 0.239351
v 1.02488 -172.203 1521.85
vn -0.267745 -0.87021 -0.413579
v 1.02488 -172.203 1521.85
vn -0.715768 -0.313929 -0.623799
v 1.02488 -170.858 1521.17
vn -0.958311 0.0298042 -0.284168
v 1.02488 -170.858 1521.17
vn -0.124493 0.146501 -0.981346
v 1.02488 -170.858 1521.17
vn -0.290847 -0.945293 0.147748
v 1.33697 -172.299 1521.85
vn 0.506414 -0.852911 -0.126834
v 1.33697 -172.299 1521.85
vn 0.610916 -0.164105 -0.7745
v 1.33697 -172.106 1521.44
vn -0.267745 -0.87021 -0.413579
v 1.33697 -172.106 1521.44
vn 0.472598 -0.795957 -0.37829
v 1.33697 -172.106 1521.44
vn 0.757683 -0.226614 -0.612015
v 1.64906 -172.113 1521.85
vn -0.525749 -0.585191 -0.617365
v 0.871275 -169.609 1521.54
vn -0.531617 -0.722657 -0.441759
v 0.712792 -169.138 1521.22
vn -0.124493 0.146501 -0.981346
v 1.02488 -169.921 1521.31
vn -0.787846 -0.173867 -0.590821
v 1.02488 -169.297 1521.11
vn -0.531617 -0.722657 -0.441759
v 1.02488 -169.297 1521.11
vn 0.858868 -0.235349 -0.454924
v 1.02488 -169.297 1521.11
vn 0.473778 0.0715265 -0.877735
v 1.02488 -169.297 1521.11
vn -0.124493 0.146501 -0.981346
v 1.33697 -170.233 1521.23
vn -0.49654 -0.268611 -0.825406
v 1.33697 -170.233 1521.23
vn 0.59554 -0.69378 0.404971
v 2.27324 -169.609 1524.85
vn 0.920806 -0.19575 -0.337339
v 0.712792 -167.425 1519.17
vn 0.62618 -0.756493 -0.188725
v 0.712792 -167.425 1519.17
vn 0.134766 -0.790899 -0.596923
v 0.712792 -167.425 1519.17
vn 0.87255 0.461812 -0.159327
v 1.18824 -167.113 1520.29
vn 0.920621 -0.364204 0.140756
v 1.18824 -167.113 1520.29
vn 0.994955 0.0470917 0.0885816
v 1.08584 -166.488 1521.54
vn 0.704739 0.151532 -0.693095
v 1.08584 -166.488 1521.54
vn 0.87255 0.461812 -0.159327
v 1.96115 -168.049 1521.81
vn 0.136236 0.198598 -0.970566
v 1.96115 -168.049 1521.81
vn 0.670909 0.255614 -0.696091
v 1.96115 -168.049 1521.81
vn -0.32871 -0.027555 -0.944029
v 1.96115 -166.176 1522.49
vn 0.2075 -0.0422245 -0.977323
v 2.89742 -166.488 1522.02
vn 0.0883334 -0.12371 -0.988379
v 2.89742 -166.176 1521.98
vn 0.618815 -0.162037 -0.768643
v 2.89742 -166.176 1521.98
vn 0.0549628 -0.904129 0.42371
v 1.96115 -166.242 1529.65
vn 0.0620464 -0.923189 0.379305
v 2.27324 -166.349 1529.34
vn 0.66938 -0.691247 0.272227
v 2.27324 -166.349 1529.34
vn 0.212269 -0.956778 -0.19879
v 2.27324 -166.349 1529.34
vn 0.798972 -0.476412 -0.366982
v 2.96167 -166.176 1527.78
vn -0.0504554 -0.206027 0.977245
v 2.89742 -165.864 1530.25
vn 1.42642e-005 0.267391 0.963588
v 2.89742 -165.864 1530.25
vn 0.0650138 -0.814011 0.577199
v 1.96115 -165.864 1530.36
vn 0.279705 0.0549145 0.958514
v 1.96115 -165.864 1530.36
vn -0.314199 -0.142415 0.938614
v 1.96115 -165.864 1530.36
vn 0.0813032 -0.725094 -0.683834
v 1.64906 -164.304 1515.25
vn 0.612334 -0.159621 -0.774318
v 0.968803 -164.616 1521.54
vn -0.538278 -0.405279 0.738922
v 0.712792 -164.965 1529.96
vn -0.524604 -0.77364 0.355347
v 1.15492 -165.552 1529.96
vn 0.33472 -0.45121 0.827268
v 1.64906 -165.24 1530.36
vn 0.32358 -0.552634 0.768044
v 1.96115 -164.928 1530.4
vn -0.103672 -0.0362856 0.993949
v 1.96115 -164.928 1530.4
vn -0.549075 -0.766356 0.33349
v 1.96115 -164.106 1533.4
vn -0.635962 -0.621765 0.457122
v 1.96115 -163.843 1534.02
vn 0.210317 0.261009 0.942147
v 2.58533 -163.49 1534.96
vn 0.210317 0.261009 0.942147
v 2.89742 -163.68 1534.94
vn -0.587251 -0.0653203 0.806765
v 2.89742 -163.68 1534.94
vn -0.222811 0.605162 0.764287
v 2.89742 -163.68 1534.94
vn -0.349462 0.143828 -0.925845
v 0.712792 -161.183 1512.99
vn -0.25327 0.0516518 -0.966016
v 1.02488 -161.495 1512.89
vn -0.0888214 -0.652695 -0.752396
v 1.33697 -162.871 1514.05
vn -0.604831 -0.759895 -0.238201
v 1.33697 -162.871 1514.05
vn 0.313441 -0.245688 -0.917274
v 2.89742 -161.807 1520.81
vn 0.770298 -0.14804 -0.620262
v 2.89742 -161.807 1520.81
vn 0.898098 -0.000188672 -0.439796
v 2.77795 -163.055 1526.22
vn 0.827161 -0.501712 -0.25316
v 2.59265 -161.807 1525.59
vn 0.509198 -0.192649 0.838811
v 1.64906 -162.743 1535.06
vn 0.0707961 0.243715 0.967259
v 1.64906 -162.743 1535.06
vn 0.669184 0.0238254 0.742715
v 1.64906 -162.743 1535.06
vn -0.126367 0.308999 0.94263
v 1.93062 -162.431 1534.96
vn -0.326124 -0.291808 0.899161
v 1.93062 -162.431 1534.96
vn 0.408947 0.885507 0.220543
v 1.64906 -160.951 1534.33
vn 0.297993 0.74273 0.599626
v 1.64906 -160.951 1534.33
vn -0.538884 -0.300523 0.78695
v 1.96115 -162.743 1534.87
vn 0.509198 -0.192649 0.838811
v 1.96115 -162.743 1534.87
vn -0.486176 0.332521 0.808123
v 2.27324 -162.431 1535.08
vn 0.178134 0.793114 0.582443
v 2.27324 -161.495 1534.7
vn 0.576473 -0.0529427 0.815399
v 2.27324 -161.495 1534.7
vn 0.00710335 -0.976585 0.215016
v 2.89742 -162.743 1535.26
vn 0.368066 0.770381 0.520615
v 1.02488 -161.495 1535.58
vn -0.726895 0.155356 0.668946
v 2.8313 -162.431 1535.58
vn -0.355443 -0.704312 0.614495
v 2.8313 -162.431 1535.58
vn 0.738552 -0.0895134 -0.668228
v 2.5195 -158.998 1519.66
vn 0.78757 0.514763 -0.338753
v 2.84045 -158.686 1519.98
vn 0.623264 0.207719 -0.75392
v 2.89742 -159.31 1519.86
vn -0.13126 -0.880008 0.456462
v 2.27324 -158.998 1533.1
vn -0.166904 -0.243426 0.955451
v 2.27324 -158.998 1533.1
vn 0.681648 -0.541255 -0.492341
v 2.1172 -156.814 1519.04
vn -0.29116 0.653899 0.698314
v 1.33697 -156.814 1532.44
vn -0.0691624 0.0842497 0.994042
v 1.33697 -156.814 1532.44
vn 0.38753 0.854767 0.345244
v 1.33697 -156.814 1532.44
vn 0.520956 0.575571 0.630336
v 2.27324 -156.501 1532.7
vn -0.166904 -0.243426 0.955451
v 1.33697 -157.438 1533.33
vn 0.141382 0.269826 0.952473
v 1.33697 -157.438 1533.33
vn 0.428525 0.706221 0.563576
v 1.33697 -157.438 1533.33
vn -0.0267702 0.445814 0.894725
v 2.58533 -157.126 1533.01
vn 0.372396 -0.180539 -0.910345
v 1.64906 -155.253 1510.88
vn 0.875989 0.395639 -0.275887
v 2.75357 -153.381 1511.24
vn 0.732677 0.179182 -0.656565
v 2.75357 -153.381 1511.24
vn 0.65751 -0.416386 -0.627935
v 1.77829 -155.253 1516.85
vn -0.512146 -0.582734 -0.630973
v 2.58533 -154.629 1517.29
vn 0.098248 -0.635655 -0.765696
v 2.58533 -154.629 1517.29
vn 0.23009 -0.661679 -0.71361
v 2.89742 -155.253 1517.84
vn 0.635559 0.695172 0.335858
v 0.712792 -153.139 1531.21
vn 0.0499725 0.882319 0.467992
v 0.712792 -153.139 1531.21
vn -0.472226 0.504386 0.722909
v 0.712792 -153.139 1531.21
vn 0.0499725 0.882319 0.467992
v 0.712792 -153.381 1531.67
vn -0.193098 0.093266 0.976737
v 1.02488 -154.941 1532.26
vn 0.0499725 0.882319 0.467992
v 1.02488 -153.381 1531.63
vn 0.36724 0.0415332 0.929198
v 1.33697 -154.317 1532.11
vn 0.633416 -0.0177792 0.773607
v 2.27324 -155.565 1532.7
vn 0.499776 -0.418939 0.758099
v 2.27324 -155.565 1532.7
vn 0.593342 -0.474458 0.650258
v 2.58533 -155.565 1532.39
vn 0.412725 -0.523878 0.745124
v 2.89742 -155.565 1532.13
vn 0.938823 0.140677 -0.314358
v 2.84622 -153.069 1511.86
vn 0.926213 0.210516 0.31275
v 2.7877 -151.196 1510.93
vn 0.624706 -0.277454 -0.729905
v 1.33697 -152.884 1515.61
vn 0.99746 -0.0687065 -0.0187956
v 1.33697 -152.884 1515.61
vn -0.494834 -0.385488 -0.778806
v 2.27324 -152.756 1516.37
vn -0.461563 0.221693 0.85896
v 0.712792 -152.756 1531
vn 0.20122 0.660161 0.723669
v 0.712792 -151.508 1530.77
vn 0.0607533 0.627232 0.77646
v 1.33697 -152.132 1531.21
vn -0.702011 -0.666671 0.250462
v 2.03674 -153.069 1532.46
vn -0.940208 -0.0590303 0.335445
v 2.03674 -153.069 1532.46
vn -0.791527 0.249879 0.557715
v 2.48214 -153.069 1533.71
vn 0.899901 -0.401266 0.170774
v 1.64906 -148.699 1509.96
vn -0.698822 0.327323 0.636009
v 1.02488 -150.572 1530.06
vn -0.804692 0.226905 0.548622
v 1.02488 -150.572 1530.06
vn 0.99481 -0.10172 0.00225143
v 2.58533 -146.365 1509.68
vn 0.917852 0.175804 0.355867
v 1.8368 -147.763 1510.93
vn 0.831463 -0.162462 0.531296
v 1.81242 -147.451 1510.93
vn 0.968066 -0.244469 0.0555362
v 1.64906 -147.139 1511.17
vn 0.858456 -0.456528 0.233744
v 2.54876 -145.89 1510.3
vn 0.685727 0.0107147 0.72778
v 2.54876 -145.89 1510.3
vn 0.966679 0.130776 0.220066
v 2.54876 -145.89 1510.3
vn 0.341755 -0.199443 -0.918382
v 1.64906 -147.841 1513.73
vn -0.660425 0.142545 0.737238
v 1.02488 -147.763 1529.18
vn -0.609367 -0.20212 0.766694
v 1.33697 -145.89 1529.29
vn 0.995175 0.0852118 0.0486401
v 2.27324 -144.642 1513.75
vn 0.49625 -0.593793 -0.63336
v 2.27324 -144.642 1513.75
vn 0.197739 -0.112252 -0.973806
v 2.27324 -144.642 1513.75
vn 0.996603 0.0165385 -0.080678
v 2.58533 -144.03 1513.42
vn 0.481049 -0.399853 -0.780198
v 2.58533 -144.03 1513.42
vn -0.0749235 0.45481 0.887431
v 2.58533 -144.03 1513.42
vn -0.206577 -0.448103 -0.869787
v 2.58533 -144.03 1513.42
vn 0.24837 -0.297293 -0.921916
v 0.712792 -141.521 1507.41
vn -0.0368697 0.216707 -0.97554
v 0.712792 -141.521 1507.41
vn -0.0161719 0.270028 -0.962717
v 1.96115 -140.947 1507.49
vn 0.913841 0.286026 -0.288243
v 1.96115 -140.947 1507.49
vn 0.378805 0.790087 -0.481944
v 1.96115 -140.947 1507.49
vn 0.847918 -0.156598 -0.50647
v 2.63166 -142.145 1508.43
vn 0.913841 0.286026 -0.288243
v 2.63166 -142.145 1508.43
vn -0.749686 0.00700639 0.661756
v 0.954174 -141.521 1515.92
vn -0.684068 0.650492 -0.330017
v 0.954174 -141.521 1515.92
vn -0.693183 0.0699375 0.71736
v 1.33697 -140.929 1516.23
vn -0.523932 0.665638 0.531433
v 1.33697 -140.929 1516.23
vn -0.0266653 0.994181 0.104367
v 1.33697 -140.802 1516.54
vn 0.531823 0.699543 -0.477288
v 1.33697 -140.802 1516.54
vn 0.0517426 0.993203 0.104264
v 1.64906 -140.761 1516.23
vn -0.37573 0.753334 0.539735
v 1.64906 -140.761 1516.23
vn -0.463 0.881998 0.0878075
v 2.58533 -140.982 1517.17
vn -0.258371 0.871235 -0.417365
v 2.27324 -140.626 1518.1
vn 0.747503 0.216816 -0.627877
v 2.27324 -140.626 1518.1
vn -0.234085 0.414638 -0.879363
v 2.27324 -140.626 1518.1
vn 0.966679 0.130776 0.220066
v 2.14402 -140.273 1508.74
vn 0.602034 -0.594042 -0.533544
v 2.14402 -140.273 1508.74
vn 0.913841 0.286026 -0.288243
v 2.14402 -140.273 1508.74
vn 0.997167 0.0082697 -0.0747659
v 2.14402 -140.273 1508.74
vn -0.749064 0.587297 0.306571
v 1.64906 -139.337 1510.94
vn -0.114864 0.502864 0.8567
v 1.64906 -139.337 1510.94
vn -0.0699911 -0.477564 -0.875805
v 1.64906 -139.337 1510.94
vn -0.234945 0.834393 0.498588
v 1.64906 -139.337 1510.94
vn 0.481049 -0.399853 -0.780198
v 2.27324 -138.925 1510.61
vn 0 0 -1
v 2.27324 -138.925 1510.61
vn 0.0657185 -0.446116 0.892559
v 2.27324 -138.925 1510.61
vn 0.997627 0 -0.0688461
v 2.27324 -138.675 1510.61
vn -0.650377 0.724989 0.226716
v 2.27324 -138.675 1510.61
vn -0.154248 0.548479 0.821814
v 2.27324 -138.675 1510.61
vn -0.0793107 -0.121355 -0.989436
v 2.27324 -138.675 1510.61
vn 0.0576582 0.974175 0.218306
v 2.27324 -138.675 1510.61
vn -0.696217 0.677938 0.23597
v 2.58533 -139.252 1511.24
vn -0.234945 0.834393 0.498588
v 2.58533 -139.252 1511.24
vn -1 0 0
v 2.58533 -139.252 1511.24
vn -0.49628 0.614456 0.613311
v 2.58533 -139.252 1511.24
vn -0.234945 0.834393 0.498588
v 2.58533 -138.879 1510.61
vn 0.0657185 -0.446116 0.892559
v 2.58533 -138.879 1510.61
vn -1 0 0
v 2.58533 -138.879 1510.61
vn -0.114864 0.502864 0.8567
v 2.58533 -138.712 1510.7
vn 0.0657185 -0.446116 0.892559
v 2.58533 -138.712 1510.7
vn 0.0576582 0.974175 0.218306
v 2.58533 -138.712 1510.7
vn -1 0 0
v 2.58533 -138.712 1510.7
vn -0.49628 0.614456 0.613311
v 2.58533 -138.712 1510.7
vn -0.19001 0.668081 -0.719419
v 2.58533 -138.712 1510.7
vn -0.408577 0.912008 0.0361357
v 2.58533 -138.712 1510.7
vn -0.638292 0.685438 -0.350368
v 1.33697 -140.163 1517.48
vn -0.156385 0.778499 -0.607851
v 1.33697 -140.163 1517.48
vn 0.568451 0.22657 -0.790904
v 1.33697 -140.163 1517.48
vn 0.627023 0.212797 -0.749373
v 1.93921 -140.585 1517.79
vn 0.713836 0.306077 -0.629885
v 1.96115 -139.55 1518.1
vn -0.156385 0.778499 -0.607851
v 1.96115 -139.307 1518.42
vn 0.379864 -0.00960257 -0.924992
v 1.96115 -139.307 1518.42
vn 0.731728 0.537232 -0.41947
v 1.96115 -139.307 1518.42
vn 0.427134 0.110476 -0.897414
v 2.27324 -139.649 1518.52
vn -0.122318 0.390611 -0.912393
v 2.27324 -139.649 1518.52
vn -0.260472 0.78212 0.566076
v 2.67896 -140.273 1530.9
vn -0.000893219 0.410671 -0.911783
v 1.02488 -136.72 1518.73
vn -0.447759 0.893955 0.0188695
v 1.02488 -136.72 1518.73
vn -0.201222 0.977863 -0.0573944
v 2.89742 -136.216 1519.34
vn 0.779684 0.62497 0.038806
v 2.27324 -136.028 1524.97
vn -0.466254 0.868411 -0.168729
v 0.924916 -136.528 1525.28
vn -0.4814 0.806839 -0.34244
v 0.712792 -135.687 1528.4
vn 0.402712 0.892868 0.201518
v 0.712792 -135.687 1528.4
vn -0.176641 0.97706 0.118965
v 0.712792 -135.707 1528.71
vn 0.429331 0.858574 0.280224
v 0.712792 -135.707 1528.71
vn 0.390533 0.780984 0.487389
v 1.34029 -136.216 1529.03
vn 0.760375 0.237694 0.604426
v 1.72968 -136.216 1528.71
vn 0.608393 0.150564 0.779223
v 1.96115 -136.062 1528.09
vn 0.609289 0.687513 0.395086
v 2.27324 -136.216 1527.88
vn -0.224334 0.900797 0.371805
v 2.27324 -135.904 1527.82
vn 0.635959 0.741901 -0.212459
v 2.00992 -135.591 1526.53
vn 0 1 0
v 2.00992 -135.591 1526.53
vn 0.0492213 0.953371 0.297761
v 1.96115 -135.591 1526.87
vn 0.965809 0.258771 0.0158383
v 2.3342 -135.591 1527.15
vn -0.150894 0.968273 0.199193
v 2.3342 -135.591 1527.15
vn 0.755941 -0.259831 -0.600867
v 3.83369 -168.388 1523.1
vn 0.970482 0.114459 -0.212282
v 3.83369 -168.388 1523.1
vn 0.692858 -0.0373745 -0.720105
v 3.41188 -166.176 1522.47
vn 0.969502 0.132013 -0.20649
v 3.41188 -166.176 1522.47
vn 0.76519 -0.292165 -0.573693
v 3.5216 -167.425 1522.19
vn 0.970034 0.123241 -0.209395
v 3.5216 -167.425 1522.19
vn 0.676537 0.218837 -0.703142
v 3.5216 -167.425 1522.19
vn 0.929076 -0.175545 0.325578
v 3.83369 -167.81 1523.41
vn 0.970034 0.123241 -0.209395
v 3.83369 -167.81 1523.41
vn 0.881168 0.278001 0.382438
v 3.5216 -165.804 1527.47
vn 0.945957 -0.154954 -0.284877
v 3.96779 -166.176 1526.84
vn 0.905885 0.344899 0.245798
v 3.96779 -166.176 1526.84
vn 0.257154 -0.937707 -0.233617
v 3.29108 -165.864 1528.09
vn 0.779276 -0.493268 -0.386542
v 3.29108 -165.864 1528.09
vn 0.327814 -0.553817 -0.765392
v 3.29108 -165.864 1528.09
vn 0.261812 -0.925879 -0.2724
v 4.76996 -165.925 1529.96
vn 0.803111 -0.561588 -0.199076
v 3.20951 -164.184 1515.29
vn 0.987107 -0.113486 -0.112879
v 3.31106 -164.928 1521.85
vn 0.984215 -0.0201651 0.175822
v 3.56305 -163.68 1521.54
vn 0.881728 0.137771 -0.451194
v 3.56305 -163.68 1521.54
vn 0.796415 -0.304303 -0.522611
v 3.34361 -165.24 1527.47
vn 0.762051 -0.49557 -0.41676
v 3.33386 -165.552 1527.78
vn 0.905457 0.285665 0.313915
v 3.33386 -165.552 1527.78
vn -0.257083 -0.878732 0.402166
v 3.83369 -163.367 1530.82
vn -0.504799 -0.814955 0.28465
v 4.14578 -163.492 1530.9
vn -0.221626 -0.20116 0.954157
v 4.45787 -165.552 1530.4
vn -0.574191 -0.468819 0.671203
v 5.31835 -164.928 1530.9
vn 0.0246727 -0.645327 0.763508
v 5.31835 -164.928 1530.9
vn -0.407219 -0.860932 0.304908
v 5.31835 -164.928 1530.9
vn 0.217451 -0.363194 0.905983
v 3.20951 -163.367 1534.78
vn -0.00293319 0.650554 0.759454
v 3.20951 -163.367 1534.78
vn -0.0623117 -0.968339 -0.241739
v 3.5216 -164.57 1534.96
vn 0.104283 -0.0618427 0.992623
v 4.53179 -163.367 1534.64
vn 0.724314 -0.23133 0.649504
v 4.53179 -163.367 1534.64
vn 0.538349 0.720795 0.436618
v 4.76996 -163.61 1534.64
vn -0.537941 -0.830561 -0.144183
v 5.39414 -164.616 1534.43
vn 0.0313346 -0.956481 0.290108
v 5.39414 -164.616 1534.43
vn 0.384041 -0.56787 0.728036
v 5.39414 -164.616 1534.43
vn 0.847144 -0.337522 0.410397
v 5.63796 -164.616 1534.96
vn -0.478763 -0.386264 0.788408
v 3.5216 -163.992 1535.37
vn -0.242052 -0.74059 0.626847
v 5.27971 -164.616 1535.58
vn 0.820745 -0.311813 0.478696
v 5.27971 -164.616 1535.58
vn -0.178438 -0.881484 0.437203
v 5.39414 -164.794 1535.27
vn 0.823428 -0.320476 0.468254
v 5.39414 -164.794 1535.27
vn 0.787355 0.0877391 0.610224
v 4.29451 -162.743 1515.61
vn 0.808 0.0239226 -0.588696
v 3.46552 -163.055 1521.54
vn 0.979983 0.151083 0.129641
v 3.31435 -161.807 1521.22
vn 0.531164 -0.428223 0.731088
v 3.5216 -160.871 1531.49
vn 0.147576 -0.432699 0.889378
v 4.14578 -160.871 1531.03
vn 0.165971 -0.91131 0.376786
v 4.76996 -162.966 1534.64
vn 0.68108 -0.403898 0.610735
v 4.76996 -162.966 1534.64
vn -0.600464 0.0954705 0.793932
v 3.40782 -162.431 1536.2
vn -0.177656 -0.837141 0.517332
v 3.83369 -162.79 1535.89
vn -0.167478 -0.829652 0.532567
v 3.83369 -162.431 1536.45
vn 0.25732 0.315351 0.913422
v 4.45787 -162.431 1536.49
vn 0.971147 -0.108344 0.212451
v 4.75289 -160.559 1514.05
vn 0.918886 0.0529473 -0.390954
v 4.76752 -158.374 1514.05
vn 0.831558 -0.273043 -0.483694
v 4.45056 -160.247 1521.85
vn 0.745601 -0.142672 -0.650941
v 4.39204 -159.622 1522.16
vn 0.975704 -0.134616 -0.172858
v 4.45787 -158.998 1522.05
vn 0.540807 -0.829426 -0.139927
v 4.45787 -158.998 1522.05
vn 0.035394 -0.644616 -0.763687
v 4.45787 -158.998 1522.05
vn 0.537755 -0.837701 -0.0952701
v 4.53346 -158.998 1522.47
vn 0.667351 -0.499941 0.551997
v 4.53346 -158.998 1522.47
vn 0.41599 -0.909186 -0.0182368
v 4.76996 -158.747 1521.85
vn 0.667351 -0.499941 0.551997
v 5.08205 -158.611 1522.16
vn 0.374874 -0.906114 0.196026
v 5.39414 -158.572 1521.85
vn 0.667351 -0.499941 0.551997
v 4.50907 -158.686 1522.78
vn 0.529274 -0.848411 0.00820912
v 4.50907 -158.686 1522.78
vn -0.170352 -0.0165913 0.985244
v 3.83369 -160.559 1531.44
vn 0.176052 -0.906272 0.384287
v 5.39414 -159.622 1532.39
vn -0.166904 -0.243426 0.955451
v 4.14578 -159.125 1533.4
vn 0.00757698 0.0461178 0.998907
v 4.14578 -159.125 1533.4
vn -0.029849 -0.109107 0.993582
v 4.76996 -159.295 1533.4
vn 0.544206 -0.0915759 0.833938
v 4.76996 -159.295 1533.4
vn 0.528634 0.775822 0.344452
v 4.76996 -158.686 1533.46
vn 0.611889 0.0369207 0.790081
v 4.76996 -158.686 1533.46
vn 0.658786 0.0589293 0.750019
v 5.60313 -158.998 1532.77
vn -0.15144 -0.760372 -0.631585
v 3.83369 -157.75 1520.96
vn 0.379323 0.213469 0.900303
v 3.20951 -157.126 1532.5
vn 0.41029 0.0299122 0.911464
v 4.76996 -158.062 1531.93
vn 0.850241 0.148149 -0.505117
v 3.46552 -154.005 1511.86
vn -0.219877 -0.369975 0.902648
v 4.76996 -151.82 1534.72
vn 0.131939 0.292077 0.94725
v 4.76996 -151.82 1534.72
vn 0.19946 0.432774 0.87916
v 5.08205 -150.884 1534.21
vn -0.198245 -0.103905 0.974629
v 5.08205 -150.884 1534.21
vn -0.549337 -0.177155 -0.816606
v 3.38839 -147.451 1514.05
vn 0.475541 -0.737997 -0.478771
v 4.14578 -142.145 1511.75
vn -0.144254 -0.279481 -0.949253
v 4.76996 -143.082 1513.81
vn 0.0576582 0.974175 0.218306
v 3.83369 -138.712 1510.37
vn 0.160186 0.439826 -0.883682
v 3.83369 -138.712 1510.37
vn 0.113178 0.976415 0.183858
v 3.5216 -139.337 1529.94
vn -0.302343 0.801968 0.515205
v 3.5216 -139.337 1529.94
vn 0.51785 0.634766 0.573502
v 4.76996 -139.251 1528.71
vn 0.113178 0.976415 0.183858
v 4.76996 -139.251 1528.71
vn -0.0630358 0.987225 -0.146336
v 4.76996 -139.251 1528.71
vn -0.330225 0.783324 0.526646
v 3.83369 -139.437 1530.27
vn -0.350079 0.931427 -0.0994423
v 3.83369 -139.437 1530.27
vn -0.514511 0.791862 0.328987
v 4.76996 -139.051 1530.59
vn -0.552444 0.83355 0.000434436
v 4.02645 -138.088 1511.24
vn -0.442573 0.892179 -0.090255
v 4.14578 -138.022 1510.93
vn -0.215026 0.86033 -0.462164
v 4.76996 -137.306 1512.17
vn -0.88807 0.447212 -0.106461
v 5.08205 -137.759 1514.05
vn -0.78073 0.603462 -0.162154
v 5.59164 -135.904 1514.67
vn -0.219784 0.879014 -0.423119
v 3.5216 -136.14 1519.04
vn -0.15378 0.988096 0.00432126
v 5.47217 -135.904 1518.1
vn 0.739386 0.642979 0.199716
v 3.20951 -136.135 1521.85
vn 0.401661 0.750422 0.524915
v 4.14578 -136.043 1520.91
vn 0.198122 0.936062 0.29075
v 3.20951 -136.84 1524.12
vn 0.304571 -0.934873 -0.182345
v 6.33041 -165.628 1530.27
vn -0.370968 -0.879877 0.296983
v 6.33041 -165.628 1530.27
vn 0.278045 -0.37158 -0.885787
v 5.70623 -165.24 1528.67
vn 0.20133 -0.17877 -0.963072
v 6.73272 -164.928 1528.71
vn 0.93934 0.0580011 -0.338048
v 6.73272 -164.928 1528.71
vn 0.895109 -0.340247 -0.288118
v 6.73272 -164.928 1528.71
vn 0.629637 0.691568 0.353966
v 6.46939 -163.68 1532.46
vn -0.559923 -0.828499 0.0086817
v 6.95459 -165.24 1532.2
vn -0.258988 -0.911759 0.318779
v 6.95459 -165.24 1532.2
vn 0.784718 0.578573 0.222419
v 7.18134 -163.68 1530.9
vn 0.980181 -0.014997 -0.197538
v 7.18134 -163.68 1530.9
vn 0.367242 -0.892296 0.262566
v 7.26668 -165.374 1532.15
vn 0.932827 -0.354584 -0.0640667
v 7.57877 -165.345 1531.84
vn 0.934465 0.190536 -0.300785
v 7.73726 -164.928 1531.84
vn 0.932827 -0.354584 -0.0640667
v 7.73726 -164.928 1531.84
vn 0.63582 0.66517 0.391512
v 5.76231 -164.304 1534.96
vn 0.417421 -0.887933 -0.19322
v 6.01832 -164.304 1534.34
vn 0.629134 0.686841 0.363922
v 6.01832 -164.304 1534.34
vn 0.384041 -0.56787 0.728036
v 6.01832 -164.304 1534.34
vn 0.464415 -0.82416 0.324159
v 6.21094 -163.367 1532.77
vn 0.922199 -0.350544 0.163305
v 7.57146 -164.928 1532.77
vn 0.812837 0.502954 0.293825
v 7.57146 -164.928 1532.77
vn 0.384041 -0.56787 0.728036
v 7.26668 -164.928 1533.2
vn 0.712394 0.481312 0.510719
v 7.26668 -164.928 1533.2
vn 0.480046 -0.807479 0.342831
v 7.26668 -164.928 1533.2
vn 0.850486 -0.218756 -0.478351
v 6.11341 -161.183 1528.4
vn -0.150323 -0.0617506 0.986707
v 6.6425 -161.183 1531.39
vn 0.445024 -0.0559344 0.89377
v 6.6425 -161.183 1531.39
vn 0.469868 -0.857989 0.207556
v 7.25937 -163.055 1530.9
vn 0.930565 -0.357062 -0.0809694
v 7.25937 -163.055 1530.9
vn 0.974589 -0.17404 0.141019
v 7.08382 -160.871 1530.9
vn 0.407952 -0.100668 0.907437
v 6.95459 -160.871 1531.26
vn 0.859355 0.43401 0.270452
v 6.95459 -160.871 1531.26
vn 0.870954 -0.132437 0.47318
v 6.95459 -160.871 1531.26
vn 0.913932 0.401232 0.0611598
v 7.40566 -161.807 1531.52
vn 0.474847 0.850199 0.227337
v 7.57877 -162.119 1531.9
vn 0.388366 -0.885402 0.255413
v 7.26668 -162.507 1534.33
vn 0.896002 -0.298675 0.328594
v 7.26668 -162.507 1534.33
vn 0.568553 -0.189522 0.800518
v 7.39591 -162.119 1534.33
vn 0.831958 -0.378181 0.405987
v 7.39591 -162.119 1534.33
vn 0.968244 0.156192 0.19521
v 7.39591 -162.119 1534.33
vn 0.26781 0.95928 0.0897798
v 7.39591 -162.119 1534.33
vn 0.989134 0.0918489 0.114793
v 7.57877 -162.473 1533.71
vn 0.989201 0.125909 0.0750167
v 7.57877 -162.083 1533.4
vn 0.0449847 -0.71441 -0.69828
v 6.6425 -158.152 1519.66
vn 0.549287 -0.826241 -0.124942
v 6.6425 -158.152 1519.66
vn 0.380132 -0.923455 0.0522626
v 6.01832 -158.445 1520.91
vn -0.28615 -0.749839 -0.596539
v 6.33041 -158.562 1524.66
vn -0.0636444 -0.98 0.188545
v 6.33041 -158.562 1524.66
vn -0.0836308 -0.99603 0.0305012
v 7.89086 -158.65 1524.03
vn 0.143978 -0.953609 -0.264386
v 7.89086 -158.65 1524.03
vn -0.534062 -0.207159 -0.819672
v 7.89086 -158.374 1523.68
vn 0.32502 -0.802535 -0.5003
v 6.6425 -158.374 1525.67
vn -0.110927 -0.899758 -0.422056
v 6.95459 -158.269 1525.59
vn -0.0213142 -0.966776 -0.254733
v 7.89086 -158.923 1525.91
vn 0.413571 -0.473822 0.777465
v 5.70623 -159.622 1532.28
vn 0.492931 0.282888 0.822796
v 5.70623 -158.374 1531.47
vn -0.404523 0.390068 0.827169
v 5.70623 -158.374 1531.47
vn 0.413571 -0.473822 0.777465
v 6.33041 -159.622 1531.95
vn 0.49003 -0.802756 0.339785
v 6.33041 -159.298 1532.15
vn 0.652441 0.00505477 0.757823
v 6.33041 -159.298 1532.15
vn -0.107712 -0.363032 0.92553
v 6.33041 -159.298 1532.15
vn 0.604557 -0.158455 0.780643
v 6.33041 -158.998 1532.21
vn -0.485833 0.459289 0.743654
v 6.33041 -158.998 1532.21
vn -0.108592 -0.0506774 0.992794
v 6.33041 -158.998 1532.21
vn 0.407952 -0.100668 0.907437
v 6.6425 -160.559 1531.43
vn 0.513145 -0.832781 0.207746
v 7.02758 -160.559 1531.21
vn 0.79339 -0.0950105 0.601253
v 6.95459 -160.559 1531.31
vn 0.321791 -0.840223 0.436436
v 6.95459 -160.559 1531.31
vn 0.0880488 -0.804636 0.587204
v 7.32205 -159.934 1532.15
vn 0.252151 -0.557647 0.790854
v 7.57877 -159.622 1532.42
vn 0.576935 -0.815315 0.0490707
v 7.89086 -159.848 1532.15
vn 0.637118 0.0813461 0.766462
v 5.70623 -159.415 1532.77
vn 0.87209 -0.447981 -0.196905
v 7.75676 -156.501 1518.1
vn 0.624316 -0.754244 -0.203338
v 7.89086 -156.294 1520.29
vn -0.0554911 -0.618459 -0.783855
v 6.6425 -158.062 1523.89
vn -0.261412 -0.290219 -0.920563
v 6.95459 -158.062 1523.91
vn 0.45088 -0.822441 -0.34684
v 6.95459 -157.231 1523.1
vn 0.540799 -0.795657 0.272886
v 6.95459 -157.231 1523.1
vn 0.275384 -0.73995 -0.613708
v 7.26668 -157.438 1523.75
vn -0.373044 0.301663 0.877404
v 5.70623 -158.062 1531.36
vn -0.124961 -0.479637 0.868524
v 5.70623 -158.062 1531.36
vn -0.148513 -0.255279 0.955393
v 6.6425 -157.126 1531.98
vn -0.426578 0.0157416 0.904314
v 6.6425 -153.693 1534.34
vn -0.426578 0.0157416 0.904314
v 7.26668 -154.008 1534.64
vn 0.397854 0.284005 0.872384
v 7.26668 -154.008 1534.64
vn 0.407609 -0.239278 0.88125
v 7.26668 -154.008 1534.64
vn 0.612778 -0.274535 -0.741035
v 6.6425 -152.734 1514.36
vn 0.0615344 -0.134583 0.98899
v 5.84585 -151.508 1534.33
vn 0.438247 0.379637 0.814749
v 6.33041 -151.82 1534.1
vn 0.437351 0.415771 0.797408
v 6.95459 -153.069 1534.48
vn 0.174657 -0.0504962 0.983334
v 6.95459 -153.069 1534.48
vn -0.218975 -0.132298 0.96672
v 6.60999 -150.26 1534.64
vn 0.26065 0.193663 0.94581
v 6.60999 -150.26 1534.64
vn -0.215257 -0.150265 0.964927
v 6.79855 -150.572 1534.64
vn -0.355399 0.335187 0.872548
v 6.95459 -146.203 1532.85
vn -0.202447 0.299749 0.932291
v 7.89086 -145.802 1533.08
vn 0.439452 0.238754 0.865955
v 7.89086 -145.802 1533.08
vn 0.28793 -0.229712 0.929693
v 6.01832 -144.018 1532.8
vn 0.452972 -0.315332 -0.833896
v 7.89086 -141.833 1512.13
vn -0.343154 0.114713 0.932248
v 7.89086 -141.209 1532.93
vn 0.522386 -0.416197 -0.74424
v 5.70623 -140.507 1510.93
vn -0.263793 -0.470617 -0.841982
v 6.6425 -140.585 1511.82
vn 0.184787 -0.0566014 -0.981147
v 6.6425 -140.585 1511.82
vn -0.465223 0.839462 0.280842
v 5.70623 -136.891 1512.49
vn 0.697892 0.318969 -0.641253
v 7.60106 -138.088 1511.86
vn -0.821209 0.525392 -0.222664
v 5.77694 -136.528 1513.42
vn -0.983961 -0.167068 -0.0625199
v 5.77694 -136.528 1513.42
vn -0.98973 -0.142469 -0.0117303
v 5.85009 -137.776 1515.61
vn 0.442872 0.894554 -0.0603119
v 6.33041 -135.609 1516.23
vn 0.364996 0.896181 -0.252264
v 6.6425 -135.628 1516.85
vn 0.243354 0.872136 -0.42445
v 7.90989 -135.904 1517.48
vn -0.992313 -0.117412 0.0390971
v 5.70623 -135.833 1517.79
vn -0.306903 0.951424 0.0245559
v 5.70623 -135.833 1517.79
vn -0.482893 0.863635 0.144736
v 6.95459 -135.862 1518.73
vn -0.00144052 0.968636 -0.248479
v 6.95459 -135.862 1518.73
vn -0.0135258 0.999651 -0.0226739
v 7.89086 -135.652 1520.6
vn 0.0241285 0.93991 -0.340569
v 6.01832 -135.535 1514.05
vn 0.646193 0.762034 -0.0416952
v 6.33041 -135.535 1514.36
vn 0.416291 0.785809 -0.45739
v 7.30192 -135.591 1517.17
vn -0.47482 -0.832226 -0.286263
v 8.51504 -158.767 1524.66
vn 0.165398 -0.95434 -0.248756
v 8.51504 -158.767 1524.66
vn 0.483742 -0.869101 0.103229
v 8.20295 -159.283 1526.84
vn 0.600853 -0.262636 0.754982
v 8.51504 -158.374 1533.16
vn -0.80292 -0.184354 -0.566862
v 9.14166 -157.75 1521.85
vn -0.691997 -0.628299 -0.3555
v 9.84874 -157.438 1520.29
vn 0.647058 -0.0838064 0.757821
v 9.04901 -157.126 1532.77
vn -0.204568 -0.213164 -0.95536
v 10.0755 -154.005 1519.52
vn 0.519888 -0.234172 0.821511
v 8.20295 -155.565 1533.79
vn 0.243354 -0.794752 -0.556012
v 8.51504 -149.636 1514.76
vn 0.260562 -0.260974 -0.929516
v 10.3876 -149.667 1515.29
vn 0.129956 -0.852392 -0.506497
v 10.3876 -149.667 1515.29
vn -0.213698 0.0627067 -0.974885
v 8.82713 -146.203 1514.51
vn -0.563816 -0.572814 -0.594975
v 9.45131 -148.075 1514.58
vn -0.308743 -0.139652 -0.940837
v 9.45131 -148.075 1514.58
vn -0.813185 -0.0860214 -0.575613
v 9.45131 -148.075 1514.58
vn -0.804864 0.0770907 -0.588431
v 9.45131 -147.451 1514.49
vn -0.718711 0.446286 -0.533182
v 9.84874 -147.451 1513.42
vn -0.407892 -0.35194 -0.842474
v 9.84874 -147.451 1513.42
vn -0.141236 0.348651 0.92655
v 8.20295 -146.827 1533.37
vn -0.0631641 0.260446 -0.96342
v 9.45131 -144.954 1514.75
vn -0.0153394 0.118415 -0.992846
v 9.7634 -144.33 1514.9
vn -0.166044 0.198629 0.965907
v 8.82713 -143.706 1532.5
vn -0.343114 0.142074 0.928487
v 8.20295 -140.897 1533.03
vn 0.407949 0.198418 0.891183
v 8.51504 -138.712 1532.58
vn 0.33588 0.548577 -0.765668
v 8.87915 -137.464 1516.23
vn -0.621508 0.664734 -0.414557
v 10.3876 -135.643 1519.04
vn -0.986919 0.130845 0.0941805
v 8.60038 -138.088 1528.71
vn 0.419629 0.819161 0.391007
v 9.7634 -135.703 1529.03
vn 0.400595 0.271465 0.875117
v 9.13922 -137.464 1531.91
vn 0.610628 0.62997 0.479866
v 9.13922 -137.464 1531.91
vn -0.0429208 0.997794 0.0506406
v 9.13922 -137.023 1530.9
vn 0.55697 0.825611 0.090286
v 9.13922 -137.023 1530.9
vn 0.444815 0.65936 0.606122
v 9.13922 -137.023 1530.9
vn -0.755987 0.489836 -0.434217
v 10.0755 -135.521 1519.98
vn -0.72122 0.663805 -0.197999
v 9.30327 -134.967 1521.22
vn -0.0519571 0.929428 -0.365327
v 9.30327 -134.967 1521.22
vn -0.683329 -0.675138 -0.277939
v 10.6997 -157.143 1517.48
vn -0.309086 -0.37203 -0.875248
v 10.6997 -157.143 1517.48
vn 0.14176 -0.894114 -0.42481
v 10.6997 -157.143 1517.48
vn -0.795568 -0.0656824 -0.602293
v 11.3239 -155.877 1516.72
vn 0.0427967 -0.933196 -0.356809
v 11.948 -156.189 1516.63
vn -0.0752948 -0.912892 -0.401196
v 12.2601 -155.877 1515.59
vn 0.030813 -0.468877 -0.882726
v 12.2601 -155.877 1515.59
vn 0.348552 -0.360551 -0.865167
v 12.5722 -155.88 1515.61
vn 0.660251 -0.746128 -0.0857976
v 12.8967 -155.877 1515.92
vn -0.799679 0.0526725 -0.598114
v 11.614 -155.565 1516.23
vn 0.084724 -0.154512 -0.984351
v 12.2601 -155.565 1515.43
vn -0.758425 0.229251 -0.610112
v 12.2601 -155.565 1515.43
vn -0.0874037 0.077304 -0.993169
v 12.5722 -154.317 1515.5
vn -0.710519 0.0855189 -0.698462
v 11.9602 -152.444 1516.54
vn -0.751345 -0.448578 -0.484002
v 11.9602 -152.444 1516.54
vn -0.985566 -0.122462 -0.116892
v 11.9602 -152.444 1516.54
vn -0.24876 -0.394579 -0.884548
v 12.2601 -152.132 1515.83
vn -0.708103 -0.418682 -0.56859
v 12.5722 -152.756 1515.88
vn -0.0913408 -0.0193613 -0.995631
v 12.5722 -152.756 1515.88
vn -0.795812 0.120549 -0.593423
v 10.7024 -153.069 1519.35
vn -0.47876 -0.721904 -0.499644
v 10.6997 -151.196 1517.95
vn -0.993931 -0.0653169 -0.0885171
v 11.8139 -152.756 1518.1
vn -0.997657 -0.0233824 -0.0642991
v 11.7993 -152.132 1518.1
vn -0.744584 -0.017451 -0.667301
v 11.7993 -152.132 1518.1
vn -0.407892 -0.35194 -0.842474
v 11.0118 -149.546 1513.73
vn 0.485845 -0.352832 -0.799665
v 11.0118 -149.546 1513.73
vn 0.353369 0.000996195 -0.935483
v 11.6359 -150.26 1514.62
vn 0.629674 -0.430222 -0.646854
v 11.6359 -150.26 1514.62
vn 0.433367 0.133983 -0.891202
v 12.2138 -149.636 1514.98
vn -0.413596 0.314943 -0.854254
v 10.6997 -147.451 1513.01
vn 0.530636 -0.178688 -0.82855
v 10.6997 -147.451 1513.01
vn 0.20082 0.219377 -0.954749
v 10.6997 -147.451 1513.01
vn 0.388087 0.374917 -0.841918
v 12.5722 -143.706 1515.96
vn 0.0412077 -0.082416 -0.995746
v 12.5722 -143.706 1515.96
vn 0.486397 -0.0399125 -0.872826
v 10.6997 -142.77 1514.88
vn 0.166349 0.387587 -0.9067
v 10.6997 -141.521 1515.17
vn 0.536336 -0.00259561 -0.844
v 11.948 -137.152 1517.54
vn -0.584055 0.620796 -0.522965
v 10.6997 -136.401 1517.79
vn 0.42841 0.729665 -0.532967
v 12.3807 -135.904 1517.79
vn -0.0803336 0.656233 -0.75027
v 11.3239 -135.288 1518.42
vn -0.0759274 0.583617 -0.808472
v 11.3239 -134.655 1519.06
vn -0.073812 0.532333 -0.843311
v 11.6359 -133.658 1519.66
vn 0.547561 0.563993 -0.618133
v 11.948 -134.343 1519.24
vn 0.351777 0.901579 -0.251809
v 11.948 -133.719 1519.6
vn 0.594413 0.436377 -0.675461
v 11.948 -133.719 1519.6
vn 0.602286 0.635677 -0.482873
v 12.2601 -134.967 1518.71
vn 0.389648 0.808388 0.441229
v 11.0118 -133.719 1523.53
vn 0.626999 0.670533 0.396557
v 11.948 -133.095 1521.83
vn 0.0654515 0.173942 -0.982578
v 13.1964 -153.693 1515.49
vn 0.81683 -0.117101 -0.564868
v 14.1327 -153.476 1516.23
vn 0.742615 -0.0293147 -0.669077
v 13.8206 -152.756 1515.85
vn 0.67259 0.0125483 -0.739909
v 13.8206 -151.82 1515.79
vn 0.674624 0.056516 -0.735995
v 13.6426 -146.203 1516.23
vn 0.934833 -0.120506 -0.334014
v 15.3152 -147.763 1517.48
vn 0.991958 -0.041561 0.119549
v 15.4761 -146.515 1517.48
vn 0.662414 -0.0222889 -0.748806
v 14.7568 -144.128 1516.23
vn 0.903632 0.376586 -0.204038
v 15.2859 -142.457 1517.17
vn 0.783391 -0.0478242 -0.619687
v 13.1964 -137.776 1518.45
vn 0.415755 0.635594 -0.650514
v 13.5085 -136.216 1518.14
vn 0.649326 0.627686 -0.429402
v 13.8024 -136.216 1518.42
vn 0.987446 0.14717 -0.0573756
v 13.8024 -136.216 1518.42
vn 0.994781 0.101073 -0.0139553
v 13.9498 -136.84 1519.35
vn 0.554925 0.801236 -0.223783
v 13.2534 -134.343 1520.6
vn 0.832123 0.452758 0.320284
v 13.2534 -134.343 1520.6
vn 0.763889 0.593267 -0.253984
v 13.8181 -135.591 1520.29
f 1//1 24//24 2//2
f 22//22 2//2 25//25
f 2//2 24//24 25//25
f 30//30 2215//2215 22//22
f 2213//2213 5//5 2218//2218
f 7//7 5//5 3//3
f 3//3 6//6 7//7
f 2215//2215 30//30 4//4
f 2215//2215 4//4 2214//2214
f 4//4 3//3 2214//2214
f 2214//2214 3//3 5//5
f 6//6 3//3 4//4
f 4//4 30//30 6//6
f 33//33 5//5 10//10
f 5//5 7//7 10//10
f 7//7 6//6 8//8
f 6//6 14//14 8//8
f 9//9 7//7 2216//2216
f 10//10 9//9 12//12
f 9//9 2216//2216 12//12
f 12//12 2216//2216 11//11
f 8//8 14//14 11//11
f 9//9 10//10 7//7
f 14//14 58//58 11//11
f 12//12 40//40 10//10
f 12//12 11//11 41//41
f 13//13 11//11 58//58
f 58//58 56//56 13//13
f 14//14 141//141 58//58
f 87//87 15//15 93//93
f 16//16 18//18 93//93
f 15//15 23//23 16//16
f 15//15 16//16 93//93
f 17//17 16//16 23//23
f 17//17 102//102 18//18
f 18//18 16//16 17//17
f 102//102 17//17 98//98
f 19//19 17//17 26//26
f 20//20 19//19 26//26
f 28//28 20//20 26//26
f 19//19 98//98 17//17
f 98//98 19//19 20//20
f 28//28 21//21 20//20
f 2217//2217 99//99 2254//2254
f 104//104 2217//2217 21//21
f 17//17 23//23 30//30
f 22//22 17//17 30//30
f 26//26 17//17 22//22
f 6//6 30//30 23//23
f 6//6 23//23 14//14
f 2218//2218 5//5 31//31
f 26//26 22//22 25//25
f 25//25 24//24 27//27
f 26//26 25//25 27//27
f 26//26 27//27 28//28
f 29//29 2220//2220 2219//2219
f 28//28 2220//2220 29//29
f 2219//2219 110//110 29//29
f 28//28 29//29 21//21
f 29//29 110//110 21//21
f 33//33 31//31 5//5
f 34//34 31//31 33//33
f 32//32 33//33 10//10
f 10//10 40//40 32//32
f 34//34 33//33 35//35
f 35//35 33//33 32//32
f 35//35 32//32 43//43
f 43//43 32//32 40//40
f 34//34 36//36 31//31
f 35//35 36//36 34//34
f 2222//2222 45//45 35//35
f 35//35 45//45 36//36
f 45//45 46//46 36//36
f 2219//2219 31//31 110//110
f 38//38 37//37 31//31
f 36//36 38//38 31//31
f 36//36 46//46 38//38
f 110//110 31//31 37//37
f 39//39 112//112 37//37
f 39//39 37//37 38//38
f 38//38 121//121 39//39
f 121//121 38//38 132//132
f 112//112 110//110 37//37
f 39//39 115//115 2260//2260
f 121//121 115//115 39//39
f 23//23 2288//2288 14//14
f 41//41 11//11 13//13
f 44//44 41//41 13//13
f 57//57 13//13 56//56
f 42//42 13//13 57//57
f 48//48 40//40 12//12
f 41//41 48//48 12//12
f 44//44 13//13 42//42
f 45//45 2222//2222 47//47
f 2224//2224 43//43 40//40
f 2224//2224 40//40 48//48
f 47//47 46//46 45//45
f 46//46 47//47 49//49
f 49//49 47//47 50//50
f 50//50 47//47 2225//2225
f 50//50 2225//2225 51//51
f 2227//2227 2226//2226 2221//2221
f 2227//2227 2221//2221 2223//2223
f 2223//2223 42//42 52//52
f 52//52 42//42 57//57
f 54//54 46//46 49//49
f 54//54 49//49 50//50
f 2228//2228 54//54 50//50
f 54//54 2228//2228 53//53
f 2229//2229 2227//2227 2223//2223
f 2229//2229 2223//2223 52//52
f 55//55 52//52 57//57
f 46//46 54//54 38//38
f 54//54 2275//2275 38//38
f 54//54 53//53 120//120
f 2230//2230 52//52 55//55
f 2231//2231 2232//2232 2261//2261
f 54//54 120//120 2275//2275
f 2233//2233 126//126 2262//2262
f 59//59 57//57 56//56
f 59//59 55//55 57//57
f 59//59 56//56 58//58
f 59//59 58//58 62//62
f 58//58 141//141 62//62
f 62//62 61//61 59//59
f 60//60 59//59 61//61
f 65//65 60//60 61//61
f 139//139 59//59 60//60
f 139//139 60//60 65//65
f 61//61 62//62 65//65
f 62//62 63//63 65//65
f 62//62 64//64 63//63
f 63//63 64//64 67//67
f 145//145 68//68 66//66
f 64//64 70//70 67//67
f 67//67 68//68 63//63
f 66//66 68//68 67//67
f 71//71 148//148 69//69
f 2236//2236 67//67 2240//2240
f 70//70 72//72 67//67
f 68//68 145//145 63//63
f 66//66 67//67 2236//2236
f 70//70 64//64 150//150
f 153//153 2241//2241 2237//2237
f 67//67 2242//2242 2240//2240
f 73//73 2240//2240 2242//2242
f 148//148 71//71 2243//2243
f 74//74 2244//2244 2241//2241
f 74//74 2241//2241 154//154
f 154//154 2241//2241 153//153
f 83//83 75//75 88//88
f 83//83 76//76 75//75
f 76//76 79//79 75//75
f 75//75 79//79 88//88
f 83//83 84//84 77//77
f 76//76 83//83 77//77
f 77//77 78//78 76//76
f 76//76 78//78 79//79
f 77//77 86//86 78//78
f 86//86 160//160 78//78
f 78//78 160//160 79//79
f 79//79 80//80 88//88
f 79//79 161//161 80//80
f 160//160 161//161 79//79
f 87//87 80//80 89//89
f 161//161 81//81 80//80
f 80//80 81//81 89//89
f 89//89 81//81 90//90
f 165//165 90//90 81//81
f 81//81 161//161 292//292
f 82//82 88//88 87//87
f 82//82 87//87 93//93
f 88//88 82//82 83//83
f 83//83 2248//2248 85//85
f 83//83 85//85 84//84
f 2249//2249 82//82 92//92
f 77//77 84//84 178//178
f 86//86 77//77 178//178
f 178//178 84//84 85//85
f 160//160 86//86 178//178
f 87//87 88//88 80//80
f 23//23 89//89 91//91
f 89//89 90//90 91//91
f 181//181 182//182 23//23
f 96//96 92//92 93//93
f 82//82 93//93 92//92
f 85//85 92//92 184//184
f 184//184 92//92 185//185
f 93//93 18//18 96//96
f 89//89 15//15 87//87
f 89//89 23//23 15//15
f 96//96 94//94 92//92
f 92//92 94//94 95//95
f 95//95 185//185 92//92
f 185//185 95//95 194//194
f 18//18 102//102 96//96
f 94//94 96//96 97//97
f 94//94 2251//2251 95//95
f 99//99 100//100 2255//2255
f 100//100 99//99 105//105
f 96//96 102//102 101//101
f 2256//2256 2259//2259 2255//2255
f 2255//2255 100//100 2256//2256
f 100//100 105//105 103//103
f 2257//2257 2252//2252 2250//2250
f 100//100 103//103 2258//2258
f 105//105 109//109 103//103
f 2253//2253 2258//2258 109//109
f 2258//2258 103//103 109//109
f 2253//2253 109//109 209//209
f 95//95 2253//2253 209//209
f 104//104 99//99 2217//2217
f 99//99 104//104 105//105
f 104//104 106//106 105//105
f 105//105 106//106 109//109
f 106//106 104//104 107//107
f 104//104 21//21 107//107
f 110//110 107//107 21//21
f 106//106 107//107 109//109
f 107//107 108//108 109//109
f 107//107 117//117 108//108
f 109//109 108//108 111//111
f 109//109 216//216 210//210
f 109//109 111//111 216//216
f 111//111 220//220 216//216
f 110//110 113//113 107//107
f 107//107 113//113 117//117
f 111//111 108//108 117//117
f 111//111 224//224 220//220
f 111//111 117//117 224//224
f 112//112 113//113 110//110
f 112//112 114//114 113//113
f 115//115 114//114 112//112
f 113//113 114//114 116//116
f 113//113 116//116 117//117
f 116//116 114//114 123//123
f 118//118 116//116 123//123
f 117//117 116//116 118//118
f 118//118 119//119 117//117
f 237//237 119//119 118//118
f 230//230 124//124 23//23
f 2275//2275 120//120 127//127
f 121//121 122//122 115//115
f 114//114 115//115 122//122
f 114//114 122//122 123//123
f 121//121 132//132 239//239
f 241//241 118//118 123//123
f 240//240 123//123 122//122
f 124//124 136//136 23//23
f 136//136 124//124 138//138
f 124//124 246//246 125//125
f 138//138 124//124 125//125
f 255//255 130//130 131//131
f 55//55 59//59 2263//2263
f 2272//2272 2263//2263 59//59
f 2264//2264 128//128 2267//2267
f 120//120 2265//2265 127//127
f 129//129 2267//2267 128//128
f 2267//2267 129//129 2276//2276
f 2273//2273 2268//2268 2266//2266
f 2270//2270 2276//2276 129//129
f 129//129 128//128 2270//2270
f 2271//2271 2269//2269 2274//2274
f 266//266 2272//2272 59//59
f 261//261 2276//2276 2270//2270
f 64//64 62//62 141//141
f 2289//2289 23//23 136//136
f 133//133 2282//2282 137//137
f 2282//2282 133//133 134//134
f 2278//2278 2284//2284 135//135
f 2281//2281 2280//2280 2279//2279
f 263//263 2280//2280 2281//2281
f 2285//2285 263//263 2281//2281
f 267//267 2280//2280 263//263
f 2282//2282 2286//2286 137//137
f 137//137 2286//2286 264//264
f 2234//2234 139//139 65//65
f 63//63 145//145 2287//2287
f 266//266 59//59 139//139
f 140//140 266//266 139//139
f 139//139 145//145 140//140
f 150//150 64//64 141//141
f 150//150 142//142 151//151
f 150//150 141//141 142//142
f 2289//2289 136//136 143//143
f 142//142 141//141 2290//2290
f 144//144 2295//2295 142//142
f 2290//2290 144//144 142//142
f 2280//2280 267//267 2290//2290
f 152//152 2290//2290 267//267
f 152//152 144//144 2290//2290
f 262//262 2297//2297 2346//2346
f 2280//2280 2290//2290 2283//2283
f 66//66 140//140 145//145
f 2235//2235 69//69 148//148
f 158//158 270//270 148//148
f 140//140 2235//2235 146//146
f 2235//2235 148//148 146//146
f 146//146 148//148 270//270
f 140//140 146//146 147//147
f 2291//2291 146//146 270//270
f 2306//2306 159//159 2348//2348
f 150//150 151//151 70//70
f 2296//2296 149//149 2238//2238
f 152//152 2295//2295 144//144
f 152//152 2307//2307 2295//2295
f 2307//2307 2293//2293 2295//2295
f 156//156 153//153 2237//2237
f 2239//2239 2294//2294 2301//2301
f 2247//2247 155//155 2245//2245
f 154//154 153//153 156//156
f 2246//2246 158//158 148//148
f 158//158 2246//2246 2299//2299
f 155//155 2247//2247 157//157
f 157//157 2247//2247 2298//2298
f 2303//2303 154//154 156//156
f 2307//2307 2302//2302 2293//2293
f 159//159 2300//2300 2304//2304
f 2302//2302 2307//2307 2305//2305
f 2300//2300 159//159 2306//2306
f 170//170 317//317 283//283
f 161//161 160//160 162//162
f 162//162 163//163 164//164
f 162//162 164//164 161//161
f 161//161 164//164 293//293
f 162//162 160//160 179//179
f 163//163 162//162 179//179
f 163//163 179//179 345//345
f 165//165 81//81 292//292
f 293//293 292//292 161//161
f 180//180 90//90 165//165
f 579//579 2312//2312 180//180
f 167//167 2312//2312 579//579
f 166//166 182//182 167//167
f 170//170 171//171 168//168
f 166//166 170//170 168//168
f 171//171 172//172 169//169
f 168//168 171//171 169//169
f 173//173 175//175 169//169
f 168//168 169//169 174//174
f 169//169 175//175 174//174
f 166//166 168//168 174//174
f 170//170 283//283 171//171
f 171//171 283//283 172//172
f 316//316 170//170 167//167
f 172//172 173//173 169//169
f 167//167 170//170 166//166
f 317//317 170//170 316//316
f 318//318 172//172 283//283
f 167//167 311//311 316//316
f 318//318 173//173 172//172
f 175//175 176//176 174//174
f 191//191 174//174 183//183
f 174//174 176//176 183//183
f 176//176 2308//2308 177//177
f 177//177 333//333 176//176
f 176//176 334//334 183//183
f 2309//2309 173//173 318//318
f 2309//2309 318//318 332//332
f 2374//2374 335//335 2310//2310
f 2379//2379 177//177 2308//2308
f 2379//2379 333//333 177//177
f 178//178 85//85 184//184
f 160//160 2311//2311 179//179
f 2311//2311 186//186 179//179
f 163//163 345//345 164//164
f 164//164 345//345 2365//2365
f 179//179 188//188 2390//2390
f 345//345 295//295 2365//2365
f 91//91 90//90 181//181
f 23//23 91//91 181//181
f 90//90 180//180 181//181
f 180//180 182//182 181//181
f 166//166 191//191 23//23
f 182//182 166//166 23//23
f 166//166 174//174 191//191
f 183//183 192//192 191//191
f 348//348 2313//2313 2376//2376
f 348//348 2314//2314 2313//2313
f 2394//2394 360//360 2315//2315
f 186//186 2311//2311 184//184
f 185//185 186//186 184//184
f 185//185 194//194 187//187
f 187//187 194//194 195//195
f 179//179 186//186 188//188
f 187//187 186//186 185//185
f 188//188 186//186 187//187
f 2390//2390 188//188 189//189
f 2390//2390 189//189 190//190
f 353//353 2390//2390 190//190
f 353//353 190//190 354//354
f 354//354 190//190 363//363
f 191//191 193//193 202//202
f 191//191 192//192 193//193
f 202//202 193//193 203//203
f 361//361 193//193 2316//2316
f 203//203 193//193 206//206
f 361//361 206//206 193//193
f 194//194 95//95 209//209
f 2322//2322 212//212 2318//2318
f 194//194 196//196 195//195
f 197//197 196//196 194//194
f 2319//2319 188//188 187//187
f 189//189 188//188 2319//2319
f 189//189 2319//2319 198//198
f 198//198 195//195 196//196
f 197//197 199//199 196//196
f 196//196 2320//2320 198//198
f 212//212 197//197 2318//2318
f 189//189 200//200 190//190
f 189//189 198//198 200//200
f 198//198 2320//2320 201//201
f 201//201 2320//2320 215//215
f 215//215 199//199 197//197
f 363//363 190//190 200//200
f 198//198 364//364 200//200
f 200//200 364//364 363//363
f 201//201 364//364 198//198
f 365//365 364//364 201//201
f 365//365 201//201 215//215
f 365//365 215//215 376//376
f 203//203 204//204 202//202
f 204//204 205//205 202//202
f 206//206 207//207 203//203
f 207//207 204//204 203//203
f 208//208 204//204 207//207
f 208//208 205//205 204//204
f 109//109 210//210 209//209
f 2322//2322 211//211 212//212
f 2323//2323 210//210 2324//2324
f 2324//2324 210//210 216//216
f 218//218 211//211 2325//2325
f 212//212 211//211 213//213
f 211//211 218//218 213//213
f 215//215 197//197 214//214
f 212//212 214//214 197//197
f 212//212 213//213 214//214
f 377//377 215//215 214//214
f 377//377 214//214 213//213
f 215//215 379//379 376//376
f 213//213 219//219 380//380
f 202//202 23//23 191//191
f 205//205 221//221 202//202
f 205//205 222//222 221//221
f 208//208 222//222 205//205
f 217//217 2325//2325 220//220
f 218//218 2325//2325 217//217
f 218//218 2326//2326 219//219
f 2326//2326 223//223 219//219
f 213//213 218//218 219//219
f 217//217 220//220 223//223
f 230//230 23//23 202//202
f 230//230 202//202 221//221
f 221//221 231//231 230//230
f 222//222 231//231 221//221
f 381//381 2328//2328 208//208
f 384//384 2328//2328 381//381
f 219//219 223//223 229//229
f 2327//2327 229//229 235//235
f 386//386 2327//2327 235//235
f 224//224 225//225 220//220
f 117//117 119//119 224//224
f 225//225 224//224 226//226
f 226//226 224//224 119//119
f 226//226 119//119 236//236
f 220//220 227//227 223//223
f 225//225 227//227 220//220
f 227//227 225//225 228//228
f 225//225 226//226 228//228
f 223//223 227//227 229//229
f 227//227 228//228 229//229
f 238//238 229//229 228//228
f 228//228 226//226 238//238
f 229//229 238//238 235//235
f 233//233 231//231 222//222
f 233//233 232//232 231//231
f 2329//2329 387//387 234//234
f 232//232 233//233 2330//2330
f 2329//2329 2328//2328 387//387
f 226//226 2332//2332 238//238
f 236//236 119//119 237//237
f 238//238 2332//2332 390//390
f 390//390 2332//2332 2333//2333
f 389//389 2331//2331 2334//2334
f 2334//2334 2414//2414 389//389
f 230//230 246//246 124//124
f 230//230 231//231 246//246
f 247//247 246//246 231//231
f 231//231 232//232 247//247
f 232//232 401//401 247//247
f 232//232 2330//2330 401//401
f 402//402 247//247 401//401
f 409//409 410//410 260//260
f 260//260 410//410 413//413
f 122//122 239//239 240//240
f 122//122 121//121 239//239
f 241//241 123//123 240//240
f 241//241 240//240 242//242
f 2336//2336 240//240 239//239
f 242//242 2335//2335 2341//2341
f 243//243 241//241 242//242
f 243//243 242//242 2341//2341
f 241//241 244//244 118//118
f 237//237 118//118 244//244
f 244//244 245//245 237//237
f 241//241 2337//2337 244//244
f 2337//2337 245//245 244//244
f 393//393 2343//2343 423//423
f 247//247 125//125 246//246
f 248//248 125//125 247//247
f 264//264 2286//2286 125//125
f 248//248 264//264 125//125
f 249//249 2344//2344 248//248
f 402//402 248//248 247//247
f 402//402 249//249 248//248
f 2434//2434 263//263 2344//2344
f 249//249 402//402 424//424
f 393//393 423//423 396//396
f 2434//2434 2344//2344 249//249
f 250//250 252//252 255//255
f 258//258 250//250 255//255
f 251//251 250//250 259//259
f 250//250 258//258 259//259
f 251//251 259//259 265//265
f 252//252 250//250 253//253
f 250//250 2338//2338 253//253
f 2338//2338 254//254 253//253
f 428//428 252//252 429//429
f 429//429 252//252 253//253
f 2439//2439 253//253 435//435
f 254//254 435//435 253//253
f 256//256 2270//2270 2339//2339
f 409//409 256//256 2339//2339
f 131//131 258//258 255//255
f 2340//2340 2272//2272 257//257
f 255//255 252//252 2424//2424
f 265//265 259//259 2340//2340
f 409//409 260//260 256//256
f 428//428 2424//2424 252//252
f 2341//2341 2335//2335 2277//2277
f 256//256 261//261 2270//2270
f 256//256 260//260 261//261
f 2342//2342 437//437 2337//2337
f 2337//2337 437//437 245//245
f 269//269 262//262 421//421
f 421//421 463//463 269//269
f 262//262 2346//2346 2343//2343
f 262//262 2343//2343 391//391
f 2344//2344 263//263 2285//2285
f 2340//2340 257//257 268//268
f 2338//2338 2345//2345 459//459
f 2340//2340 268//268 265//265
f 459//459 2345//2345 467//467
f 467//467 265//265 268//268
f 266//266 257//257 2272//2272
f 268//268 257//257 266//266
f 266//266 140//140 268//268
f 463//463 464//464 269//269
f 2297//2297 269//269 159//159
f 269//269 2297//2297 262//262
f 469//469 2347//2347 468//468
f 467//467 268//268 2454//2454
f 472//472 469//469 468//468
f 147//147 268//268 140//140
f 159//159 269//269 2348//2348
f 468//468 2349//2349 269//269
f 468//468 2347//2347 2292//2292
f 2292//2292 2349//2349 468//468
f 269//269 464//464 468//468
f 495//495 271//271 280//280
f 281//281 2483//2483 2357//2357
f 2358//2358 496//496 2484//2484
f 274//274 273//273 278//278
f 275//275 274//274 278//278
f 287//287 275//275 278//278
f 281//281 273//273 276//276
f 276//276 273//273 274//274
f 276//276 274//274 275//275
f 2354//2354 275//275 287//287
f 577//577 281//281 276//276
f 273//273 280//280 277//277
f 273//273 277//277 278//278
f 277//277 279//279 278//278
f 2355//2355 2350//2350 2356//2356
f 2350//2350 308//308 2356//2356
f 280//280 271//271 277//277
f 281//281 2357//2357 273//273
f 2485//2485 281//281 536//536
f 577//577 536//536 281//281
f 308//308 2350//2350 540//540
f 282//282 314//314 545//545
f 317//317 319//319 284//284
f 317//317 284//284 283//283
f 323//323 2359//2359 322//322
f 290//290 287//287 285//285
f 287//287 278//278 2360//2360
f 278//278 279//279 2360//2360
f 279//279 298//298 2360//2360
f 288//288 290//290 285//285
f 2361//2361 2360//2360 286//286
f 2360//2360 298//298 286//286
f 298//298 300//300 286//286
f 2361//2361 286//286 289//289
f 300//300 301//301 286//286
f 301//301 289//289 286//286
f 301//301 303//303 289//289
f 287//287 290//290 2354//2354
f 291//291 290//290 288//288
f 291//291 288//288 2362//2362
f 2363//2363 577//577 276//276
f 577//577 2363//2363 2364//2364
f 591//591 577//577 2364//2364
f 352//352 591//591 2364//2364
f 292//292 293//293 294//294
f 294//294 297//297 292//292
f 297//297 165//165 292//292
f 2366//2366 2365//2365 295//295
f 2366//2366 295//295 296//296
f 296//296 297//297 294//294
f 295//295 347//347 2368//2368
f 2356//2356 308//308 298//298
f 308//308 299//299 298//298
f 308//308 305//305 299//299
f 299//299 304//304 300//300
f 299//299 300//300 298//298
f 300//300 304//304 301//301
f 296//296 307//307 297//297
f 302//302 295//295 2368//2368
f 296//296 295//295 302//302
f 2369//2369 303//303 301//301
f 305//305 304//304 299//299
f 2370//2370 306//306 2369//2369
f 2367//2367 2369//2369 306//306
f 296//296 302//302 306//306
f 306//306 307//307 296//296
f 303//303 2369//2369 2367//2367
f 2370//2370 309//309 306//306
f 307//307 306//306 309//309
f 2371//2371 308//308 540//540
f 305//305 308//308 2371//2371
f 578//578 307//307 309//309
f 297//297 307//307 578//578
f 165//165 297//297 310//310
f 310//310 180//180 165//165
f 310//310 579//579 180//180
f 312//312 311//311 167//167
f 579//579 314//314 167//167
f 167//167 314//314 312//312
f 314//314 313//313 312//312
f 312//312 313//313 311//311
f 311//311 313//313 321//321
f 313//313 325//325 321//321
f 282//282 315//315 314//314
f 315//315 313//313 314//314
f 315//315 325//325 313//313
f 328//328 325//325 315//315
f 315//315 282//282 328//328
f 282//282 580//580 328//328
f 580//580 330//330 328//328
f 316//316 311//311 319//319
f 319//319 317//317 316//316
f 284//284 318//318 283//283
f 311//311 321//321 319//319
f 319//319 320//320 2359//2359
f 319//319 321//321 320//320
f 320//320 322//322 2359//2359
f 2372//2372 2359//2359 323//323
f 323//323 2375//2375 2372//2372
f 327//327 335//335 2374//2374
f 322//322 320//320 321//321
f 324//324 2375//2375 323//323
f 324//324 327//327 2374//2374
f 325//325 322//322 321//321
f 323//323 322//322 326//326
f 326//326 322//322 325//325
f 326//326 324//324 323//323
f 325//325 328//328 326//326
f 326//326 329//329 324//324
f 329//329 327//327 324//324
f 326//326 328//328 330//330
f 330//330 329//329 326//326
f 2379//2379 2373//2373 331//331
f 330//330 580//580 581//581
f 581//581 329//329 330//330
f 329//329 582//582 2373//2373
f 333//333 334//334 176//176
f 333//333 338//338 334//334
f 2380//2380 341//341 2377//2377
f 338//338 333//333 2379//2379
f 338//338 2379//2379 337//337
f 351//351 350//350 585//585
f 2381//2381 339//339 340//340
f 341//341 2380//2380 2384//2384
f 2382//2382 338//338 337//337
f 343//343 2385//2385 2383//2383
f 2386//2386 342//342 336//336
f 2387//2387 341//341 2384//2384
f 2388//2388 2387//2387 2384//2384
f 2386//2386 336//336 349//349
f 336//336 342//342 588//588
f 2544//2544 2387//2387 2388//2388
f 2544//2544 2388//2388 344//344
f 587//587 343//343 2383//2383
f 343//343 587//587 2389//2389
f 585//585 336//336 588//588
f 2391//2391 347//347 295//295
f 289//289 303//303 346//346
f 2393//2393 346//346 303//303
f 2392//2392 352//352 2362//2362
f 291//291 2362//2362 352//352
f 358//358 351//351 594//594
f 2377//2377 341//341 2397//2397
f 2398//2398 2395//2395 2378//2378
f 351//351 2396//2396 350//350
f 360//360 2394//2394 351//351
f 360//360 351//351 358//358
f 349//349 350//350 2396//2396
f 349//349 336//336 350//350
f 336//336 585//585 350//350
f 347//347 2391//2391 355//355
f 355//355 2391//2391 2399//2399
f 2399//2399 354//354 355//355
f 355//355 354//354 363//363
f 347//347 355//355 366//366
f 358//358 359//359 371//371
f 357//357 358//358 371//371
f 356//356 359//359 358//358
f 356//356 358//358 594//594
f 359//359 607//607 371//371
f 607//607 359//359 356//356
f 593//593 356//356 594//594
f 593//593 2551//2551 356//356
f 2400//2400 2402//2402 2317//2317
f 357//357 360//360 358//358
f 2403//2403 2401//2401 362//362
f 357//357 362//362 360//360
f 375//375 2403//2403 362//362
f 614//614 370//370 379//379
f 370//370 614//614 352//352
f 618//618 352//352 614//614
f 355//355 363//363 366//366
f 366//366 363//363 367//367
f 367//367 363//363 364//364
f 367//367 364//364 378//378
f 365//365 378//378 364//364
f 378//378 365//365 376//376
f 368//368 366//366 2405//2405
f 370//370 2405//2405 2411//2411
f 370//370 378//378 379//379
f 368//368 346//346 2393//2393
f 368//368 347//347 366//366
f 369//369 346//346 368//368
f 368//368 2405//2405 369//369
f 2405//2405 370//370 369//369
f 352//352 2392//2392 369//369
f 369//369 370//370 352//352
f 371//371 373//373 357//357
f 362//362 357//357 373//373
f 371//371 372//372 373//373
f 607//607 372//372 371//371
f 374//374 206//206 361//361
f 374//374 2321//2321 206//206
f 2410//2410 2409//2409 2404//2404
f 362//362 373//373 375//375
f 372//372 375//375 373//373
f 2409//2409 2410//2410 2406//2406
f 207//207 2409//2409 208//208
f 2406//2406 208//208 2409//2409
f 614//614 379//379 380//380
f 378//378 376//376 379//379
f 215//215 377//377 379//379
f 377//377 213//213 380//380
f 380//380 379//379 377//377
f 381//381 383//383 384//384
f 616//616 381//381 208//208
f 614//614 380//380 385//385
f 382//382 387//387 384//384
f 383//383 382//382 384//384
f 383//383 619//619 382//382
f 384//384 387//387 2328//2328
f 411//411 385//385 2413//2413
f 380//380 219//219 2413//2413
f 380//380 2413//2413 385//385
f 382//382 398//398 387//387
f 382//382 629//629 398//398
f 629//629 382//382 619//619
f 2427//2427 235//235 414//414
f 2427//2427 386//386 235//235
f 407//407 385//385 411//411
f 407//407 388//388 2412//2412
f 420//420 417//417 390//390
f 2414//2414 2430//2430 389//389
f 391//391 394//394 392//392
f 394//394 635//635 392//392
f 391//391 392//392 421//421
f 2343//2343 393//393 391//391
f 393//393 394//394 391//391
f 2416//2416 2415//2415 637//637
f 2419//2419 637//637 2415//2415
f 637//637 2419//2419 638//638
f 404//404 387//387 395//395
f 405//405 397//397 2420//2420
f 397//397 405//405 404//404
f 405//405 2420//2420 425//425
f 423//423 2436//2436 396//396
f 395//395 387//387 398//398
f 2418//2418 397//397 404//404
f 399//399 397//397 2418//2418
f 400//400 395//395 398//398
f 400//400 399//399 2418//2418
f 398//398 645//645 400//400
f 2419//2419 2421//2421 2422//2422
f 645//645 399//399 400//400
f 2419//2419 2422//2422 643//643
f 2422//2422 645//645 643//643
f 234//234 387//387 401//401
f 401//401 403//403 402//402
f 403//403 426//426 402//402
f 406//406 403//403 401//401
f 401//401 387//387 406//406
f 406//406 427//427 403//403
f 427//427 426//426 403//403
f 387//387 404//404 406//406
f 406//406 404//404 405//405
f 406//406 405//405 427//427
f 432//432 407//407 428//428
f 436//436 407//407 432//432
f 666//666 407//407 436//436
f 407//407 408//408 2424//2424
f 2423//2423 2426//2426 2425//2425
f 2423//2423 412//412 2426//2426
f 428//428 407//407 2424//2424
f 414//414 2423//2423 2428//2428
f 411//411 408//408 407//407
f 412//412 2429//2429 2426//2426
f 412//412 418//418 2429//2429
f 416//416 2423//2423 414//414
f 412//412 2423//2423 418//418
f 413//413 2431//2431 260//260
f 414//414 235//235 415//415
f 417//417 420//420 419//419
f 389//389 415//415 235//235
f 2430//2430 415//415 389//389
f 415//415 416//416 414//414
f 416//416 415//415 2430//2430
f 2423//2423 416//416 418//418
f 416//416 2430//2430 418//418
f 2430//2430 2432//2432 418//418
f 390//390 2333//2333 420//420
f 2433//2433 237//237 245//245
f 391//391 421//421 262//262
f 422//422 421//421 392//392
f 422//422 441//441 421//421
f 657//657 441//441 422//422
f 444//444 441//441 657//657
f 657//657 422//422 392//392
f 392//392 658//658 657//657
f 2434//2434 249//249 2435//2435
f 2434//2434 2435//2435 2437//2437
f 2438//2438 2437//2437 2435//2435
f 427//427 405//405 425//425
f 426//426 424//424 402//402
f 427//427 424//424 426//426
f 446//446 432//432 449//449
f 446//446 436//436 432//432
f 666//666 436//436 446//446
f 447//447 666//666 446//446
f 429//429 430//430 428//428
f 431//431 430//430 429//429
f 2440//2440 431//431 429//429
f 428//428 430//430 432//432
f 433//433 430//430 431//431
f 432//432 430//430 433//433
f 433//433 431//431 452//452
f 452//452 431//431 2440//2440
f 2441//2441 254//254 458//458
f 432//432 433//433 434//434
f 433//433 452//452 434//434
f 432//432 434//434 449//449
f 452//452 451//451 434//434
f 261//261 260//260 438//438
f 437//437 439//439 245//245
f 245//245 439//439 2433//2433
f 2342//2342 2442//2442 437//437
f 437//437 2442//2442 439//439
f 438//438 260//260 440//440
f 440//440 260//260 2431//2431
f 438//438 440//440 419//419
f 420//420 2443//2443 419//419
f 2443//2443 438//438 419//419
f 440//440 2431//2431 419//419
f 441//441 463//463 421//421
f 441//441 442//442 463//463
f 442//442 441//441 444//444
f 444//444 443//443 442//442
f 444//444 670//670 443//443
f 675//675 445//445 2446//2446
f 449//449 450//450 2444//2444
f 2444//2444 450//450 448//448
f 2446//2446 2445//2445 2447//2447
f 2446//2446 2447//2447 675//675
f 2448//2448 683//683 682//682
f 254//254 2338//2338 456//456
f 456//456 458//458 254//254
f 434//434 450//450 449//449
f 434//434 451//451 450//450
f 454//454 450//450 451//451
f 454//454 2449//2449 450//450
f 452//452 454//454 451//451
f 2440//2440 2451//2451 452//452
f 453//453 2451//2451 2440//2440
f 458//458 453//453 2440//2440
f 2451//2451 453//453 455//455
f 2448//2448 2452//2452 683//683
f 2452//2452 455//455 683//683
f 461//461 683//683 455//455
f 456//456 2338//2338 459//459
f 458//458 456//456 459//459
f 457//457 461//461 467//467
f 457//457 470//470 460//460
f 461//461 459//459 467//467
f 461//461 457//457 460//460
f 458//458 455//455 453//453
f 461//461 455//455 458//458
f 458//458 459//459 461//461
f 461//461 460//460 462//462
f 460//460 470//470 462//462
f 462//462 470//470 474//474
f 463//463 475//475 464//464
f 463//463 465//465 475//475
f 465//465 463//463 442//442
f 465//465 466//466 475//475
f 475//475 466//466 691//691
f 442//442 443//443 465//465
f 466//466 465//465 443//443
f 2456//2456 457//457 467//467
f 472//472 468//468 475//475
f 467//467 2454//2454 471//471
f 2456//2456 467//467 471//471
f 2457//2457 2455//2455 2458//2458
f 470//470 2457//2457 473//473
f 472//472 475//475 476//476
f 2458//2458 473//473 2457//2457
f 473//473 2458//2458 2459//2459
f 474//474 470//470 473//473
f 474//474 473//473 2459//2459
f 475//475 691//691 476//476
f 464//464 475//475 468//468
f 478//478 477//477 480//480
f 2462//2462 479//479 2460//2460
f 487//487 2460//2460 479//479
f 481//481 698//698 2464//2464
f 698//698 481//481 704//704
f 2470//2470 482//482 2619//2619
f 705//705 2620//2620 2471//2471
f 2621//2621 482//482 502//502
f 2461//2461 483//483 2465//2465
f 484//484 2466//2466 2472//2472
f 2472//2472 488//488 484//484
f 485//485 483//483 2461//2461
f 2477//2477 489//489 485//485
f 2472//2472 2475//2475 488//488
f 488//488 2475//2475 486//486
f 485//485 489//489 2476//2476
f 2461//2461 2477//2477 485//485
f 2478//2478 487//487 493//493
f 505//505 488//488 486//486
f 479//479 716//716 487//487
f 716//716 493//493 487//487
f 493//493 716//716 719//719
f 490//490 492//492 491//491
f 504//504 2479//2479 2482//2482
f 2482//2482 508//508 504//504
f 2478//2478 492//492 490//490
f 489//489 2480//2480 2476//2476
f 2481//2481 505//505 486//486
f 494//494 491//491 492//492
f 2481//2481 2491//2491 505//505
f 494//494 2495//2495 491//491
f 493//493 492//492 2478//2478
f 493//493 719//719 492//492
f 719//719 494//494 492//492
f 734//734 2495//2495 494//494
f 535//535 534//534 722//722
f 722//722 726//726 538//538
f 538//538 2517//2517 722//722
f 2467//2467 271//271 495//495
f 481//481 2464//2464 2484//2484
f 496//496 481//481 2484//2484
f 2473//2473 2351//2351 2468//2468
f 2474//2474 499//499 2350//2350
f 2470//2470 2485//2485 497//497
f 2485//2485 498//498 497//497
f 2470//2470 497//497 500//500
f 500//500 497//497 498//498
f 2486//2486 501//501 503//503
f 2470//2470 500//500 482//482
f 500//500 2486//2486 503//503
f 500//500 502//502 482//482
f 502//502 500//500 503//503
f 2490//2490 2487//2487 724//724
f 724//724 2488//2488 725//725
f 724//724 2489//2489 2490//2490
f 2474//2474 540//540 499//499
f 2492//2492 2496//2496 506//506
f 728//728 2493//2493 2494//2494
f 505//505 2493//2493 728//728
f 728//728 2494//2494 510//510
f 2498//2498 506//506 2496//2496
f 728//728 488//488 505//505
f 514//514 728//728 2499//2499
f 515//515 272//272 541//541
f 541//541 509//509 515//515
f 507//507 519//519 515//515
f 515//515 509//509 507//507
f 519//519 507//507 511//511
f 507//507 509//509 2502//2502
f 2503//2503 509//509 513//513
f 509//509 514//514 513//513
f 511//511 530//530 525//525
f 2506//2506 2500//2500 512//512
f 2497//2497 2505//2505 2501//2501
f 733//733 530//530 511//511
f 2505//2505 2497//2497 2629//2629
f 731//731 2507//2507 2505//2505
f 2507//2507 731//731 732//732
f 2504//2504 2508//2508 732//732
f 732//732 735//735 2504//2504
f 2500//2500 2506//2506 2509//2509
f 735//735 2628//2628 2504//2504
f 733//733 744//744 530//530
f 2352//2352 517//517 518//518
f 2352//2352 518//518 551//551
f 515//515 516//516 272//272
f 516//516 517//517 272//272
f 519//519 520//520 516//516
f 515//515 519//519 516//516
f 520//520 517//517 516//516
f 521//521 517//517 524//524
f 518//518 517//517 521//521
f 511//511 522//522 519//519
f 519//519 522//522 520//520
f 520//520 522//522 523//523
f 523//523 517//517 520//520
f 524//524 517//517 523//523
f 522//522 511//511 525//525
f 522//522 525//525 523//523
f 523//523 526//526 524//524
f 527//527 521//521 524//524
f 521//521 527//527 556//556
f 525//525 531//531 523//523
f 530//530 531//531 525//525
f 523//523 531//531 2510//2510
f 2511//2511 524//524 526//526
f 2511//2511 526//526 528//528
f 528//528 2510//2510 531//531
f 528//528 529//529 2511//2511
f 2512//2512 557//557 556//556
f 527//527 2512//2512 556//556
f 529//529 528//528 532//532
f 2514//2514 560//560 2513//2513
f 560//560 557//557 2513//2513
f 530//530 744//744 531//531
f 740//740 532//532 528//528
f 576//576 533//533 535//535
f 535//535 533//533 534//534
f 754//754 534//534 2515//2515
f 2515//2515 575//575 754//754
f 2517//2517 538//538 2536//2536
f 2485//2485 536//536 537//537
f 2485//2485 537//537 498//498
f 501//501 2486//2486 2518//2518
f 539//539 725//725 2488//2488
f 501//501 2518//2518 2519//2519
f 499//499 540//540 2350//2350
f 579//579 760//760 548//548
f 2639//2639 514//514 2527//2527
f 2528//2528 2521//2521 542//542
f 2353//2353 542//542 2521//2521
f 542//542 2353//2353 550//550
f 314//314 579//579 548//548
f 548//548 2523//2523 314//314
f 282//282 545//545 544//544
f 282//282 544//544 580//580
f 509//509 541//541 2527//2527
f 543//543 542//542 550//550
f 548//548 2522//2522 2523//2523
f 542//542 543//543 2524//2524
f 543//543 546//546 2524//2524
f 545//545 2525//2525 544//544
f 544//544 583//583 580//580
f 543//543 549//549 2526//2526
f 2526//2526 547//547 544//544
f 549//549 547//547 2526//2526
f 547//547 583//583 544//544
f 549//549 2539//2539 547//547
f 549//549 554//554 2539//2539
f 514//514 509//509 2527//2527
f 551//551 552//552 550//550
f 2352//2352 551//551 550//550
f 518//518 552//552 551//551
f 550//550 552//552 553//553
f 550//550 553//553 543//543
f 521//521 552//552 518//518
f 521//521 556//556 552//552
f 553//553 549//549 543//543
f 552//552 554//554 553//553
f 549//549 553//553 554//554
f 554//554 552//552 555//555
f 2539//2539 554//554 555//555
f 555//555 564//564 584//584
f 584//584 2539//2539 555//555
f 558//558 552//552 556//556
f 556//556 557//557 558//558
f 558//558 559//559 552//552
f 552//552 559//559 555//555
f 559//559 568//568 555//555
f 560//560 561//561 557//557
f 558//558 557//557 561//561
f 558//558 561//561 559//559
f 559//559 561//561 570//570
f 570//570 568//568 559//559
f 561//561 560//560 762//762
f 762//762 570//570 561//561
f 2379//2379 564//564 337//337
f 564//564 562//562 337//337
f 2382//2382 337//337 562//562
f 572//572 2382//2382 562//562
f 564//564 563//563 562//562
f 563//563 573//573 562//562
f 562//562 573//573 572//572
f 566//566 563//563 564//564
f 565//565 573//573 563//563
f 568//568 564//564 555//555
f 568//568 566//566 564//564
f 566//566 569//569 563//563
f 565//565 563//563 569//569
f 566//566 568//568 569//569
f 567//567 2529//2529 769//769
f 568//568 570//570 571//571
f 571//571 569//569 568//568
f 2530//2530 769//769 2529//2529
f 567//567 769//769 586//586
f 571//571 769//769 2530//2530
f 2542//2542 2382//2382 572//572
f 573//573 2542//2542 572//572
f 2531//2531 589//589 2543//2543
f 565//565 574//574 573//573
f 2531//2531 2532//2532 589//589
f 2533//2533 2529//2529 567//567
f 586//586 2533//2533 567//567
f 2516//2516 2537//2537 2535//2535
f 591//591 537//537 577//577
f 600//600 537//537 591//591
f 2536//2536 779//779 613//613
f 538//538 779//779 2536//2536
f 577//577 537//537 536//536
f 2371//2371 540//540 578//578
f 578//578 310//310 297//297
f 578//578 579//579 310//310
f 760//760 579//579 578//578
f 329//329 581//581 582//582
f 2373//2373 582//582 331//331
f 581//581 580//580 583//583
f 331//331 582//582 584//584
f 331//331 584//584 564//564
f 582//582 581//581 2539//2539
f 584//584 582//582 2539//2539
f 2379//2379 331//331 564//564
f 585//585 2540//2540 351//351
f 590//590 2540//2540 585//585
f 2540//2540 781//781 351//351
f 587//587 2545//2545 2389//2389
f 2546//2546 2544//2544 344//344
f 2546//2546 2547//2547 2544//2544
f 2547//2547 2546//2546 2534//2534
f 588//588 590//590 585//585
f 2541//2541 2547//2547 2534//2534
f 352//352 600//600 591//591
f 2518//2518 600//600 592//592
f 2519//2519 2518//2518 592//592
f 613//613 779//779 788//788
f 596//596 593//593 594//594
f 781//781 595//595 351//351
f 595//595 594//594 351//351
f 594//594 595//595 596//596
f 595//595 781//781 598//598
f 595//595 598//598 596//596
f 593//593 2548//2548 597//597
f 2548//2548 2549//2549 597//597
f 2549//2549 784//784 786//786
f 599//599 2549//2549 786//786
f 599//599 786//786 787//787
f 2537//2537 617//617 2535//2535
f 592//592 600//600 601//601
f 601//601 600//600 602//602
f 592//592 601//601 604//604
f 604//604 601//601 605//605
f 605//605 601//601 602//602
f 605//605 602//602 606//606
f 606//606 602//602 600//600
f 603//603 2658//2658 539//539
f 592//592 2550//2550 2520//2520
f 592//592 604//604 2550//2550
f 604//604 605//605 2550//2550
f 606//606 2550//2550 605//605
f 2551//2551 593//593 608//608
f 2553//2553 2407//2407 2552//2552
f 608//608 593//593 597//597
f 608//608 597//597 611//611
f 597//597 599//599 611//611
f 2549//2549 599//599 597//597
f 612//612 599//599 787//787
f 609//609 352//352 610//610
f 600//600 609//609 610//610
f 352//352 609//609 600//600
f 606//606 600//600 610//610
f 606//606 2554//2554 795//795
f 2553//2553 2555//2555 2407//2407
f 612//612 611//611 599//599
f 2408//2408 2556//2556 2557//2557
f 616//616 2406//2406 2558//2558
f 616//616 208//208 2406//2406
f 2538//2538 2560//2560 2562//2562
f 618//618 610//610 352//352
f 610//610 618//618 798//798
f 2663//2663 795//795 2554//2554
f 381//381 615//615 383//383
f 381//381 616//616 615//615
f 625//625 615//615 616//616
f 625//625 620//620 615//615
f 788//788 794//794 613//613
f 2412//2412 618//618 614//614
f 618//618 2412//2412 628//628
f 618//618 628//628 798//798
f 383//383 615//615 620//620
f 621//621 619//619 383//383
f 621//621 383//383 620//620
f 622//622 619//619 621//621
f 619//619 622//622 630//630
f 621//621 620//620 623//623
f 623//623 622//622 621//621
f 624//624 630//630 622//622
f 2564//2564 631//631 2567//2567
f 625//625 626//626 620//620
f 626//626 623//623 620//620
f 622//622 623//623 626//626
f 626//626 624//624 622//622
f 2565//2565 627//627 2566//2566
f 627//627 2564//2564 2566//2566
f 627//627 631//631 2564//2564
f 627//627 632//632 631//631
f 627//627 2565//2565 799//799
f 632//632 627//627 799//799
f 2562//2562 2560//2560 652//652
f 651//651 2562//2562 652//652
f 2562//2562 651//651 649//649
f 628//628 2412//2412 388//388
f 388//388 634//634 628//628
f 628//628 634//634 656//656
f 802//802 628//628 656//656
f 630//630 629//629 619//619
f 630//630 398//398 629//629
f 398//398 2567//2567 631//631
f 631//631 645//645 398//398
f 645//645 631//631 632//632
f 632//632 647//647 645//645
f 632//632 648//648 647//647
f 2581//2581 613//613 633//633
f 633//633 655//655 2581//2581
f 633//633 2582//2582 655//655
f 633//633 2667//2667 2582//2582
f 634//634 388//388 407//407
f 635//635 2417//2417 637//637
f 635//635 637//637 640//640
f 392//392 635//635 658//658
f 635//635 636//636 658//658
f 635//635 640//640 636//636
f 637//637 638//638 644//644
f 637//637 644//644 639//639
f 2568//2568 644//644 646//646
f 637//637 639//639 640//640
f 641//641 2571//2571 2569//2569
f 2569//2569 642//642 641//641
f 641//641 636//636 2571//2571
f 2572//2572 2570//2570 805//805
f 662//662 2572//2572 805//805
f 638//638 2419//2419 643//643
f 644//644 638//638 643//643
f 644//644 643//643 646//646
f 645//645 646//646 643//643
f 647//647 646//646 645//645
f 2574//2574 647//647 648//648
f 2568//2568 646//646 2575//2575
f 805//805 2570//2570 2576//2576
f 650//650 649//649 651//651
f 649//649 650//650 664//664
f 801//801 2577//2577 665//665
f 665//665 2577//2577 2584//2584
f 651//651 652//652 2578//2578
f 654//654 653//653 666//666
f 655//655 2579//2579 2581//2581
f 653//653 656//656 634//634
f 655//655 2582//2582 653//653
f 2579//2579 655//655 653//653
f 653//653 654//654 2579//2579
f 407//407 666//666 634//634
f 666//666 653//653 634//634
f 444//444 657//657 659//659
f 657//657 658//658 659//659
f 659//659 658//658 636//636
f 636//636 660//660 659//659
f 659//659 660//660 670//670
f 636//636 641//641 660//660
f 641//641 661//661 660//660
f 2572//2572 662//662 661//661
f 661//661 641//641 2573//2573
f 661//661 662//662 674//674
f 666//666 447//447 663//663
f 667//667 654//654 663//663
f 2585//2585 667//667 663//663
f 665//665 2584//2584 2583//2583
f 663//663 654//654 666//666
f 2580//2580 667//667 2585//2585
f 654//654 667//667 2579//2579
f 668//668 2597//2597 685//685
f 668//668 812//812 2597//2597
f 685//685 808//808 668//668
f 462//462 686//686 669//669
f 659//659 670//670 444//444
f 443//443 670//670 694//694
f 670//670 671//671 694//694
f 695//695 694//694 671//671
f 671//671 672//672 695//695
f 671//671 670//670 660//660
f 660//660 672//672 671//671
f 660//660 673//673 672//672
f 661//661 673//673 660//660
f 661//661 674//674 673//673
f 2583//2583 2446//2446 445//445
f 675//675 676//676 445//445
f 2450//2450 677//677 2588//2588
f 2589//2589 2448//2448 679//679
f 2583//2583 445//445 676//676
f 676//676 675//675 2590//2590
f 2583//2583 676//676 665//665
f 665//665 676//676 678//678
f 678//678 676//676 2590//2590
f 2592//2592 2591//2591 2594//2594
f 2586//2586 2593//2593 831//831
f 680//680 2593//2593 2595//2595
f 2593//2593 680//680 831//831
f 680//680 2595//2595 833//833
f 680//680 833//833 831//831
f 679//679 2448//2448 681//681
f 681//681 2448//2448 682//682
f 681//681 682//682 684//684
f 684//684 682//682 683//683
f 2597//2597 832//832 2599//2599
f 461//461 462//462 685//685
f 685//685 2598//2598 461//461
f 474//474 686//686 462//462
f 686//686 474//474 2459//2459
f 688//688 686//686 2459//2459
f 688//688 687//687 686//686
f 690//690 687//687 688//688
f 2600//2600 842//842 834//834
f 2705//2705 2601//2601 2604//2604
f 2459//2459 2606//2606 689//689
f 688//688 2459//2459 689//689
f 817//817 669//669 686//686
f 817//817 686//686 2602//2602
f 689//689 2605//2605 688//688
f 2606//2606 2605//2605 689//689
f 443//443 694//694 2453//2453
f 691//691 466//466 692//692
f 692//692 466//466 694//694
f 849//849 2607//2607 693//693
f 2608//2608 693//693 2607//2607
f 2608//2608 846//846 693//693
f 695//695 860//860 694//694
f 672//672 859//859 695//695
f 2611//2611 697//697 696//696
f 696//696 697//697 700//700
f 700//700 697//697 701//701
f 2609//2609 699//699 2617//2617
f 2612//2612 2614//2614 2610//2610
f 702//702 2615//2615 2613//2613
f 2616//2616 702//702 703//703
f 480//480 700//700 478//478
f 696//696 2469//2469 2611//2611
f 696//696 700//700 480//480
f 701//701 478//478 700//700
f 701//701 2463//2463 478//478
f 2617//2617 699//699 479//479
f 711//711 702//702 2613//2613
f 702//702 718//718 703//703
f 702//702 712//712 718//718
f 702//702 711//711 712//712
f 699//699 716//716 479//479
f 2618//2618 716//716 699//699
f 698//698 704//704 2625//2625
f 2620//2620 705//705 706//706
f 705//705 2489//2489 706//706
f 708//708 2625//2625 704//704
f 2620//2620 706//706 2622//2622
f 2622//2622 707//707 709//709
f 2622//2622 706//706 707//707
f 708//708 2623//2623 2625//2625
f 2626//2626 2624//2624 710//710
f 715//715 710//710 905//905
f 718//718 712//712 713//713
f 713//713 917//917 718//718
f 711//711 710//710 714//714
f 712//712 904//904 713//713
f 713//713 2764//2764 911//911
f 917//917 713//713 911//911
f 712//712 711//711 714//714
f 2765//2765 712//712 714//714
f 714//714 710//710 715//715
f 2765//2765 714//714 906//906
f 715//715 906//906 714//714
f 905//905 906//906 715//715
f 716//716 2618//2618 717//717
f 716//716 717//717 719//719
f 717//717 2618//2618 730//730
f 718//718 952//952 703//703
f 703//703 952//952 730//730
f 952//952 718//718 917//917
f 717//717 730//730 719//719
f 719//719 720//720 494//494
f 720//720 721//721 494//494
f 730//730 720//720 719//719
f 729//729 721//721 720//720
f 721//721 734//734 494//494
f 721//721 737//737 734//734
f 723//723 722//722 534//534
f 709//709 722//722 723//723
f 754//754 723//723 534//534
f 2624//2624 2627//2627 710//710
f 756//756 710//710 2627//2627
f 724//724 707//707 706//706
f 706//706 2489//2489 724//724
f 725//725 707//707 724//724
f 726//726 725//725 538//538
f 538//538 725//725 779//779
f 722//722 727//727 726//726
f 726//726 707//707 725//725
f 709//709 707//707 727//727
f 709//709 727//727 722//722
f 726//726 727//727 707//707
f 710//710 756//756 949//949
f 757//757 484//484 488//488
f 2637//2637 540//540 2474//2474
f 488//488 728//728 757//757
f 514//514 758//758 728//728
f 759//759 757//757 728//728
f 758//758 759//759 728//728
f 730//730 729//729 720//720
f 952//952 729//729 730//730
f 953//953 729//729 952//952
f 957//957 729//729 953//953
f 729//729 957//957 737//737
f 2505//2505 2629//2629 731//731
f 732//732 731//731 2629//2629
f 2629//2629 735//735 732//732
f 735//735 2631//2631 2628//2628
f 734//734 737//737 738//738
f 736//736 2629//2629 738//738
f 735//735 2629//2629 736//736
f 736//736 748//748 735//735
f 737//737 721//721 729//729
f 2634//2634 736//736 738//738
f 737//737 957//957 956//956
f 737//737 956//956 738//738
f 744//744 739//739 531//531
f 739//739 740//740 531//531
f 531//531 740//740 528//528
f 741//741 532//532 740//740
f 2514//2514 741//741 761//761
f 742//742 743//743 739//739
f 739//739 743//743 740//740
f 2630//2630 741//741 740//740
f 742//742 739//739 744//744
f 742//742 744//744 745//745
f 742//742 745//745 746//746
f 746//746 743//743 742//742
f 735//735 748//748 2631//2631
f 2631//2631 748//748 745//745
f 745//745 747//747 746//746
f 747//747 745//745 748//748
f 750//750 2630//2630 2632//2632
f 749//749 741//741 750//750
f 750//750 741//741 2630//2630
f 2633//2633 2634//2634 750//750
f 2633//2633 750//750 2632//2632
f 738//738 750//750 2634//2634
f 751//751 749//749 750//750
f 956//956 960//960 738//738
f 960//960 750//750 738//738
f 751//751 750//750 963//963
f 978//978 966//966 774//774
f 968//968 969//969 753//753
f 2642//2642 2842//2842 2635//2635
f 752//752 2642//2642 2635//2635
f 2635//2635 971//971 752//752
f 2843//2843 774//774 966//966
f 755//755 2627//2627 754//754
f 2627//2627 755//755 756//756
f 539//539 2644//2644 725//725
f 540//540 2637//2637 578//578
f 760//760 578//578 2637//2637
f 758//758 514//514 759//759
f 2637//2637 2638//2638 760//760
f 2639//2639 759//759 514//514
f 761//761 560//560 2514//2514
f 762//762 560//560 761//761
f 764//764 762//762 761//761
f 764//764 763//763 762//762
f 763//763 770//770 769//769
f 763//763 769//769 762//762
f 749//749 761//761 741//741
f 749//749 764//764 761//761
f 770//770 763//763 764//764
f 765//765 770//770 764//764
f 772//772 770//770 765//765
f 751//751 764//764 749//749
f 766//766 764//764 751//751
f 766//766 765//765 764//764
f 772//772 765//765 767//767
f 767//767 765//765 766//766
f 751//751 977//977 766//766
f 977//977 768//768 766//766
f 767//767 766//766 768//768
f 767//767 776//776 772//772
f 767//767 768//768 776//776
f 768//768 775//775 776//776
f 776//776 777//777 772//772
f 751//751 963//963 977//977
f 977//977 2852//2852 768//768
f 2852//2852 775//775 768//768
f 571//571 570//570 762//762
f 571//571 762//762 769//769
f 771//771 769//769 770//770
f 771//771 782//782 769//769
f 772//772 773//773 770//770
f 773//773 2640//2640 770//770
f 773//773 2648//2648 2641//2641
f 772//772 777//777 773//773
f 2852//2852 2642//2642 775//775
f 2642//2642 752//752 778//778
f 2642//2642 778//778 775//775
f 752//752 996//996 778//778
f 776//776 775//775 2643//2643
f 778//778 2643//2643 775//775
f 752//752 971//971 996//996
f 996//996 2643//2643 778//778
f 773//773 777//777 2865//2865
f 575//575 783//783 754//754
f 754//754 783//783 755//755
f 985//985 755//755 783//783
f 2644//2644 539//539 2658//2658
f 781//781 780//780 598//598
f 785//785 780//780 781//781
f 782//782 785//785 781//781
f 769//769 2647//2647 586//586
f 782//782 781//781 769//769
f 2648//2648 773//773 2865//2865
f 789//789 783//783 575//575
f 1018//1018 985//985 783//783
f 2659//2659 1018//1018 783//783
f 784//784 2549//2549 2645//2645
f 784//784 2650//2650 786//786
f 2651//2651 2649//2649 2646//2646
f 1025//1025 793//793 2652//2652
f 2655//2655 2653//2653 2656//2656
f 2657//2657 2652//2652 793//793
f 789//789 575//575 2563//2563
f 1018//1018 2659//2659 1030//1030
f 790//790 2658//2658 603//603
f 2550//2550 606//606 2660//2660
f 793//793 2559//2559 2657//2657
f 789//789 2563//2563 801//801
f 2659//2659 2665//2665 1030//1030
f 792//792 791//791 1025//1025
f 796//796 791//791 792//792
f 1037//1037 1036//1036 2882//2882
f 1025//1025 2897//2897 792//792
f 1040//1040 792//792 2897//2897
f 793//793 2561//2561 2559//2559
f 793//793 791//791 2561//2561
f 793//793 1025//1025 791//791
f 2661//2661 2658//2658 790//790
f 790//790 2662//2662 2661//2661
f 2662//2662 2667//2667 2661//2661
f 606//606 795//795 2660//2660
f 796//796 792//792 797//797
f 792//792 1040//1040 797//797
f 1041//1041 797//797 1040//1040
f 797//797 1041//1041 1042//1042
f 796//796 797//797 1042//1042
f 1048//1048 796//796 1042//1042
f 2565//2565 2561//2561 796//796
f 796//796 2561//2561 791//791
f 613//613 794//794 633//633
f 2886//2886 804//804 803//803
f 628//628 795//795 2663//2663
f 795//795 628//628 802//802
f 2661//2661 2667//2667 633//633
f 632//632 799//799 2668//2668
f 800//800 799//799 796//796
f 800//800 796//796 1048//1048
f 1048//1048 1049//1049 800//800
f 800//800 1049//1049 799//799
f 799//799 2565//2565 796//796
f 2577//2577 801//801 2563//2563
f 2886//2886 803//803 1053//1053
f 1050//1050 2669//2669 2664//2664
f 632//632 2670//2670 648//648
f 803//803 804//804 806//806
f 2669//2669 1054//1054 811//811
f 804//804 812//812 806//806
f 806//806 807//807 803//803
f 809//809 818//818 820//820
f 808//808 2682//2682 2671//2671
f 808//808 2671//2671 810//810
f 809//809 820//820 819//819
f 819//819 810//810 809//809
f 810//810 1055//1055 1057//1057
f 819//819 1055//1055 810//810
f 2684//2684 822//822 2901//2901
f 811//811 662//662 2669//2669
f 811//811 829//829 662//662
f 831//831 2666//2666 2586//2586
f 2666//2666 831//831 804//804
f 812//812 668//668 806//806
f 832//832 2597//2597 812//812
f 806//806 668//668 807//807
f 832//832 812//812 804//804
f 668//668 808//808 807//807
f 462//462 808//808 685//685
f 808//808 462//462 2587//2587
f 835//835 813//813 2687//2687
f 813//813 835//835 837//837
f 821//821 2688//2688 2672//2672
f 837//837 815//815 2673//2673
f 2675//2675 821//821 2672//2672
f 814//814 821//821 2675//2675
f 821//821 814//814 2690//2690
f 2674//2674 2676//2676 1071//1071
f 2904//2904 2677//2677 840//840
f 816//816 669//669 817//817
f 2683//2683 2678//2678 2689//2689
f 808//808 2679//2679 2682//2682
f 2587//2587 2679//2679 808//808
f 2680//2680 2689//2689 2678//2678
f 2681//2681 835//835 2687//2687
f 2685//2685 2688//2688 821//821
f 844//844 847//847 824//824
f 2690//2690 2686//2686 821//821
f 2691//2691 823//823 1055//1055
f 845//845 844//844 1072//1072
f 1072//1072 844//844 823//823
f 823//823 844//844 824//824
f 840//840 845//845 1072//1072
f 824//824 847//847 849//849
f 823//823 824//824 849//849
f 1077//1077 823//823 849//849
f 852//852 850//850 1076//1076
f 1076//1076 850//850 825//825
f 849//849 851//851 1078//1078
f 823//823 1077//1077 1075//1075
f 826//826 1076//1076 825//825
f 851//851 852//852 2906//2906
f 2709//2709 857//857 2694//2694
f 2694//2694 857//857 827//827
f 856//856 858//858 828//828
f 2694//2694 1061//1061 826//826
f 827//827 1061//1061 2694//2694
f 827//827 857//857 828//828
f 856//856 828//828 857//857
f 826//826 1061//1061 1073//1073
f 2695//2695 2697//2697 1082//1082
f 2697//2697 861//861 1082//1082
f 2718//2718 1087//1087 2907//2907
f 829//829 674//674 662//662
f 674//674 829//829 864//864
f 830//830 865//865 829//829
f 830//830 829//829 811//811
f 1085//1085 865//865 830//830
f 2912//2912 2719//2719 2720//2720
f 833//833 832//832 804//804
f 2599//2599 832//832 2596//2596
f 2596//2596 832//832 833//833
f 833//833 2595//2595 2596//2596
f 804//804 831//831 833//833
f 836//836 837//837 835//835
f 835//835 2700//2700 836//836
f 836//836 2700//2700 2706//2706
f 837//837 836//836 838//838
f 838//838 836//836 2706//2706
f 839//839 2702//2702 2707//2707
f 843//843 839//839 2707//2707
f 837//837 838//838 815//815
f 2703//2703 840//840 2677//2677
f 840//840 2703//2703 2704//2704
f 845//845 840//840 839//839
f 843//843 845//845 839//839
f 2681//2681 2603//2603 841//841
f 841//841 2603//2603 2701//2701
f 835//835 2681//2681 841//841
f 835//835 841//841 2700//2700
f 847//847 2607//2607 849//849
f 2607//2607 847//847 844//844
f 2707//2707 2605//2605 843//843
f 843//843 2605//2605 2606//2606
f 843//843 2607//2607 844//844
f 845//845 843//843 844//844
f 846//846 848//848 693//693
f 693//693 2708//2708 852//852
f 852//852 2708//2708 2710//2710
f 693//693 851//851 849//849
f 852//852 851//851 693//693
f 859//859 860//860 695//695
f 694//694 860//860 853//853
f 692//692 694//694 853//853
f 854//854 846//846 2608//2608
f 2712//2712 2716//2716 854//854
f 854//854 2608//2608 2712//2712
f 848//848 846//846 855//855
f 846//846 854//854 856//856
f 2715//2715 856//856 854//854
f 848//848 855//855 2714//2714
f 846//846 856//856 2713//2713
f 2711//2711 848//848 2714//2714
f 857//857 2713//2713 856//856
f 2698//2698 2715//2715 2719//2719
f 859//859 862//862 860//860
f 2715//2715 2717//2717 863//863
f 860//860 862//862 863//863
f 2717//2717 2715//2715 854//854
f 2715//2715 863//863 2719//2719
f 673//673 859//859 672//672
f 673//673 674//674 862//862
f 859//859 673//673 862//862
f 674//674 864//864 862//862
f 862//862 864//864 863//863
f 2719//2719 863//863 2720//2720
f 863//863 864//864 2720//2720
f 829//829 865//865 864//864
f 866//866 868//868 880//880
f 881//881 867//867 866//866
f 879//879 881//881 866//866
f 866//866 867//867 868//868
f 868//868 875//875 880//880
f 869//869 870//870 867//867
f 870//870 871//871 867//867
f 867//867 871//871 868//868
f 876//876 868//868 871//871
f 2730//2730 869//869 867//867
f 876//876 875//875 868//868
f 2731//2731 882//882 2721//2721
f 2721//2721 873//873 2722//2722
f 873//873 872//872 2722//2722
f 2722//2722 872//872 2723//2723
f 873//873 2721//2721 882//882
f 872//872 873//873 874//874
f 877//877 872//872 874//874
f 874//874 873//873 883//883
f 874//874 883//883 890//890
f 874//874 890//890 877//877
f 875//875 876//876 885//885
f 880//880 875//875 885//885
f 2724//2724 2725//2725 2726//2726
f 877//877 2726//2726 2725//2725
f 877//877 890//890 887//887
f 2726//2726 877//877 887//887
f 2731//2731 878//878 882//882
f 2729//2729 900//900 2727//2727
f 879//879 901//901 2757//2757
f 902//902 2727//2727 900//900
f 2727//2727 2732//2732 2729//2729
f 880//880 879//879 866//866
f 879//879 913//913 901//901
f 884//884 913//913 879//879
f 879//879 880//880 2735//2735
f 903//903 2727//2727 902//902
f 890//890 883//883 891//891
f 873//873 882//882 883//883
f 2761//2761 2733//2733 2728//2728
f 914//914 884//884 912//912
f 2735//2735 886//886 879//879
f 879//879 886//886 884//884
f 912//912 884//884 886//886
f 2734//2734 914//914 2778//2778
f 885//885 876//876 888//888
f 889//889 885//885 888//888
f 885//885 889//889 2736//2736
f 889//889 920//920 2736//2736
f 887//887 2741//2741 2739//2739
f 887//887 2739//2739 2726//2726
f 2739//2739 2741//2741 2740//2740
f 927//927 2740//2740 2741//2741
f 887//887 890//890 2741//2741
f 916//916 927//927 2741//2741
f 891//891 883//883 916//916
f 889//889 924//924 920//920
f 2787//2787 2740//2740 927//927
f 919//919 926//926 892//892
f 2784//2784 2742//2742 933//933
f 2743//2743 893//893 2797//2797
f 2745//2745 2744//2744 932//932
f 895//895 946//946 896//896
f 897//897 2762//2762 2749//2749
f 897//897 2749//2749 898//898
f 2751//2751 896//896 946//946
f 2751//2751 946//946 948//948
f 2763//2763 2750//2750 883//883
f 2752//2752 1091//1091 2750//2750
f 883//883 2750//2750 1091//1091
f 2815//2815 2923//2923 2753//2753
f 899//899 907//907 2767//2767
f 2754//2754 905//905 710//710
f 2778//2778 910//910 2771//2771
f 2758//2758 895//895 2759//2759
f 901//901 2748//2748 2757//2757
f 2755//2755 901//901 2779//2779
f 2780//2780 907//907 899//899
f 2755//2755 951//951 901//901
f 901//901 2813//2813 2748//2748
f 896//896 2759//2759 895//895
f 901//901 951//951 2813//2813
f 2762//2762 2760//2760 2749//2749
f 882//882 2763//2763 883//883
f 2766//2766 2769//2769 909//909
f 2772//2772 911//911 2764//2764
f 2771//2771 908//908 2768//2768
f 2768//2768 908//908 2770//2770
f 2770//2770 908//908 2773//2773
f 908//908 2771//2771 910//910
f 915//915 2773//2773 908//908
f 2775//2775 2773//2773 915//915
f 2777//2777 2737//2737 2781//2781
f 914//914 910//910 2778//2778
f 912//912 910//910 914//914
f 2781//2781 2774//2774 2777//2777
f 908//908 910//910 915//915
f 2738//2738 2786//2786 915//915
f 929//929 927//927 916//916
f 883//883 1092//1092 916//916
f 1092//1092 1100//1100 916//916
f 2776//2776 918//918 2782//2782
f 2783//2783 2775//2775 915//915
f 915//915 923//923 2783//2783
f 924//924 925//925 920//920
f 925//925 2790//2790 921//921
f 920//920 925//925 921//921
f 2790//2790 2785//2785 921//921
f 2785//2785 922//922 921//921
f 2785//2785 2798//2798 922//922
f 2798//2798 935//935 922//922
f 921//921 923//923 2786//2786
f 922//922 935//935 923//923
f 921//921 922//922 923//923
f 2786//2786 923//923 915//915
f 2792//2792 928//928 2788//2788
f 2788//2788 928//928 2789//2789
f 928//928 2791//2791 2789//2789
f 2793//2793 927//927 929//929
f 930//930 2791//2791 928//928
f 926//926 2794//2794 892//892
f 932//932 2744//2744 2795//2795
f 929//929 931//931 2793//2793
f 2793//2793 931//931 2796//2796
f 2795//2795 1101//1101 932//932
f 929//929 916//916 931//931
f 939//939 2745//2745 932//932
f 2939//2939 2796//2796 931//931
f 943//943 955//955 934//934
f 923//923 955//955 2783//2783
f 2799//2799 937//937 2802//2802
f 2801//2801 2803//2803 936//936
f 894//894 934//934 936//936
f 894//894 943//943 934//934
f 935//935 2804//2804 934//934
f 935//935 934//934 923//923
f 2746//2746 2808//2808 2800//2800
f 2808//2808 2805//2805 2800//2800
f 940//940 938//938 2806//2806
f 2803//2803 2807//2807 936//936
f 936//936 2807//2807 894//894
f 941//941 2747//2747 938//938
f 2809//2809 940//940 2806//2806
f 942//942 938//938 940//940
f 941//941 938//938 942//942
f 945//945 941//941 942//942
f 940//940 2809//2809 942//942
f 942//942 2809//2809 2939//2939
f 942//942 2939//2939 945//945
f 943//943 958//958 955//955
f 943//943 894//894 944//944
f 944//944 962//962 943//943
f 941//941 2810//2810 2747//2747
f 2833//2833 2811//2811 964//964
f 2812//2812 941//941 945//945
f 2812//2812 945//945 2837//2837
f 974//974 2816//2816 947//947
f 947//947 951//951 974//974
f 946//946 2820//2820 2814//2814
f 2814//2814 948//948 946//946
f 2924//2924 2817//2817 1098//1098
f 2937//2937 2816//2816 974//974
f 949//949 2754//2754 710//710
f 951//951 2755//2755 974//974
f 950//950 2756//2756 2818//2818
f 974//974 2755//2755 2819//2819
f 950//950 2818//2818 990//990
f 974//974 2819//2819 2862//2862
f 2822//2822 959//959 2828//2828
f 918//918 2821//2821 2782//2782
f 918//918 954//954 2821//2821
f 2823//2823 2821//2821 954//954
f 955//955 958//958 2831//2831
f 955//955 2831//2831 2824//2824
f 2825//2825 2783//2783 955//955
f 955//955 2824//2824 2825//2825
f 923//923 934//934 955//955
f 959//959 2826//2826 2828//2828
f 2829//2829 2826//2826 959//959
f 2830//2830 2832//2832 2827//2827
f 961//961 2832//2832 2830//2830
f 943//943 961//961 958//958
f 943//943 962//962 961//961
f 750//750 960//960 2835//2835
f 961//961 2836//2836 2832//2832
f 962//962 2836//2836 961//961
f 2834//2834 2837//2837 965//965
f 2838//2838 2836//2836 962//962
f 2838//2838 2852//2852 2836//2836
f 1113//1113 967//967 2839//2839
f 2839//2839 967//967 978//978
f 945//945 1108//1108 2837//2837
f 1113//1113 965//965 2837//2837
f 1108//1108 1113//1113 2837//2837
f 978//978 967//967 966//966
f 967//967 970//970 2840//2840
f 1117//1117 967//967 1116//1116
f 967//967 1119//1119 970//970
f 753//753 969//969 972//972
f 2841//2841 969//969 968//968
f 2840//2840 970//970 2844//2844
f 2844//2844 973//973 2846//2846
f 2845//2845 2636//2636 2847//2847
f 980//980 2845//2845 2847//2847
f 980//980 2847//2847 2848//2848
f 973//973 2844//2844 970//970
f 949//949 756//756 988//988
f 756//756 755//755 988//988
f 755//755 989//989 988//988
f 2862//2862 992//992 974//974
f 974//974 992//992 993//993
f 975//975 976//976 974//974
f 2851//2851 2850//2850 1138//1138
f 1138//1138 2850//2850 993//993
f 2849//2849 993//993 2850//2850
f 974//974 976//976 2937//2937
f 2937//2937 976//976 1137//1137
f 976//976 2960//2960 1137//1137
f 990//990 2818//2818 988//988
f 2852//2852 977//977 2836//2836
f 996//996 971//971 998//998
f 971//971 2853//2853 979//979
f 971//971 979//979 998//998
f 979//979 999//999 998//998
f 981//981 979//979 2853//2853
f 999//999 979//979 981//981
f 1147//1147 984//984 970//970
f 980//980 2848//2848 982//982
f 2855//2855 981//981 2854//2854
f 981//981 2855//2855 983//983
f 970//970 2858//2858 973//973
f 2848//2848 2859//2859 982//982
f 2857//2857 2856//2856 1148//1148
f 2974//2974 982//982 2859//2859
f 755//755 985//985 989//989
f 989//989 985//985 1002//1002
f 985//985 1001//1001 1002//1002
f 1002//1002 991//991 989//989
f 1002//1002 1003//1003 991//991
f 987//987 986//986 1003//1003
f 1007//1007 1008//1008 1175//1175
f 1175//1175 2861//2861 1007//1007
f 989//989 990//990 988//988
f 991//991 990//990 989//989
f 992//992 2862//2862 986//986
f 2863//2863 2864//2864 2860//2860
f 986//986 991//991 1003//1003
f 993//993 992//992 986//986
f 993//993 986//986 1138//1138
f 986//986 987//987 1138//1138
f 1177//1177 994//994 1158//1158
f 994//994 1011//1011 995//995
f 1177//1177 1024//1024 994//994
f 1159//1159 1009//1009 1160//1160
f 995//995 1009//1009 1159//1159
f 2865//2865 997//997 2648//2648
f 996//996 998//998 2866//2866
f 999//999 981//981 1014//1014
f 981//981 983//983 1014//1014
f 998//998 999//999 2867//2867
f 983//983 2974//2974 1000//1000
f 1000//1000 1014//1014 983//983
f 1000//1000 2974//2974 1174//1174
f 1020//1020 1008//1008 1007//1007
f 985//985 1018//1018 1001//1001
f 1003//1003 1002//1002 2868//2868
f 1003//1003 2868//2868 1005//1005
f 1005//1005 2868//2868 1006//1006
f 1004//1004 2869//2869 2870//2870
f 1006//1006 2870//2870 2869//2869
f 2870//2870 987//987 1003//1003
f 1003//1003 2869//2869 1004//1004
f 2870//2870 1003//1003 1004//1004
f 1176//1176 1024//1024 1177//1177
f 2876//2876 1023//1023 2871//2871
f 1009//1009 1021//1021 1010//1010
f 1009//1009 1012//1012 1184//1184
f 1009//1009 2872//2872 1012//1012
f 1011//1011 1024//1024 1009//1009
f 994//994 1024//1024 1011//1011
f 1009//1009 995//995 1011//1011
f 1184//1184 1160//1160 1009//1009
f 2873//2873 1185//1185 2875//2875
f 997//997 2654//2654 2648//2648
f 2654//2654 997//997 2883//2883
f 999//999 1014//1014 1013//1013
f 1014//1014 1015//1015 1013//1013
f 1015//1015 1014//1014 1016//1016
f 1016//1016 1014//1014 1000//1000
f 1016//1016 1017//1017 1015//1015
f 1029//1029 1028//1028 1015//1015
f 1015//1015 1017//1017 1029//1029
f 1189//1189 1016//1016 1000//1000
f 1189//1189 1188//1188 1016//1016
f 1188//1188 1017//1017 1016//1016
f 1018//1018 1030//1030 1001//1001
f 1019//1019 1006//1006 2868//2868
f 2868//2868 2887//2887 1019//1019
f 2887//2887 1031//1031 1019//1019
f 2876//2876 1006//1006 1019//1019
f 2876//2876 1019//1019 1031//1031
f 1031//1031 1023//1023 2876//2876
f 2876//2876 2870//2870 1006//1006
f 2877//2877 1034//1034 2874//2874
f 1022//1022 1024//1024 2881//2881
f 2881//2881 1031//1031 1022//1022
f 1022//1022 1021//1021 1024//1024
f 1022//1022 1031//1031 1032//1032
f 2878//2878 2879//2879 1033//1033
f 2890//2890 2880//2880 2888//2888
f 2873//2873 2893//2893 1207//1207
f 1009//1009 1024//1024 1021//1021
f 2881//2881 1024//1024 1176//1176
f 2882//2882 2867//2867 1037//1037
f 999//999 1038//1038 1037//1037
f 2867//2867 999//999 1037//1037
f 999//999 1013//1013 1038//1038
f 1026//1026 1039//1039 1038//1038
f 1013//1013 1026//1026 1038//1038
f 1028//1028 1026//1026 1013//1013
f 1027//1027 1026//1026 1028//1028
f 1015//1015 1028//1028 1013//1013
f 1028//1028 1029//1029 1027//1027
f 1031//1031 2887//2887 1234//1234
f 1035//1035 1031//1031 1234//1234
f 2877//2877 2891//2891 1034//1034
f 3019//3019 1034//1034 2891//2891
f 1032//1032 1031//1031 1035//1035
f 2892//2892 2889//2889 2894//2894
f 3019//3019 2891//2891 2895//2895
f 2896//2896 3032//3032 3020//3020
f 1040//1040 2897//2897 1043//1043
f 1046//1046 1037//1037 1038//1038
f 1046//1046 1038//1038 1051//1051
f 1039//1039 1027//1027 1228//1228
f 1039//1039 1228//1228 1239//1239
f 1027//1027 1039//1039 1026//1026
f 2666//2666 804//804 2886//2886
f 1043//1043 1044//1044 1040//1040
f 1044//1044 1041//1041 1040//1040
f 1044//1044 1042//1042 1041//1041
f 1044//1044 1048//1048 1042//1042
f 1037//1037 1043//1043 1036//1036
f 1044//1044 1043//1043 1037//1037
f 1037//1037 1045//1045 1044//1044
f 1050//1050 1044//1044 1051//1051
f 1051//1051 1044//1044 1045//1045
f 1037//1037 1046//1046 1045//1045
f 1045//1045 1046//1046 1051//1051
f 1038//1038 1047//1047 1051//1051
f 1047//1047 1038//1038 1039//1039
f 1047//1047 1039//1039 1239//1239
f 1239//1239 1051//1051 1047//1047
f 1044//1044 1050//1050 2898//2898
f 1050//1050 2899//2899 2898//2898
f 2664//2664 2899//2899 1050//1050
f 1051//1051 1239//1239 1243//1243
f 1051//1051 1243//1243 1244//1244
f 1233//1233 1234//1234 2887//2887
f 2887//2887 2900//2900 1233//1233
f 1261//1261 1233//1233 808//808
f 1052//1052 1050//1050 1254//1254
f 1050//1050 1051//1051 1254//1254
f 1254//1254 1255//1255 1052//1052
f 1053//1053 803//803 808//808
f 808//808 1233//1233 2900//2900
f 808//808 803//803 807//807
f 1050//1050 1054//1054 2669//2669
f 1052//1052 1054//1054 1050//1050
f 1054//1054 1052//1052 1069//1069
f 1255//1255 1070//1070 1052//1052
f 1052//1052 1070//1070 1069//1069
f 1263//1263 1070//1070 1255//1255
f 1055//1055 823//823 1056//1056
f 1057//1057 1055//1055 1056//1056
f 1277//1277 808//808 810//810
f 1277//1277 810//810 1057//1057
f 808//808 1277//1277 1260//1260
f 1058//1058 1073//1073 1061//1061
f 1061//1061 1059//1059 1058//1058
f 1060//1060 1056//1056 1059//1059
f 1059//1059 1056//1056 1058//1058
f 1057//1057 1056//1056 1060//1060
f 1061//1061 1062//1062 1059//1059
f 1060//1060 1277//1277 1057//1057
f 1060//1060 1059//1059 1277//1277
f 1062//1062 1277//1277 1059//1059
f 1062//1062 1061//1061 1063//1063
f 1062//1062 1063//1063 1065//1065
f 1061//1061 2696//2696 1063//1063
f 2696//2696 1064//1064 1063//1063
f 1082//1082 2902//2902 2695//2695
f 1065//1065 1063//1063 1066//1066
f 1066//1066 1063//1063 2903//2903
f 1067//1067 1065//1065 1066//1066
f 1083//1083 1067//1067 1066//1066
f 2903//2903 1083//1083 1066//1066
f 1067//1067 1062//1062 1065//1065
f 1068//1068 1062//1062 1067//1067
f 1068//1068 1278//1278 1062//1062
f 2910//2910 1068//1068 1067//1067
f 2910//2910 1285//1285 1068//1068
f 811//811 1069//1069 830//830
f 1069//1069 811//811 1054//1054
f 1089//1089 1069//1069 1070//1070
f 1089//1089 830//830 1069//1069
f 1303//1303 1089//1089 1070//1070
f 2674//2674 1071//1071 2692//2692
f 1071//1071 2905//2905 2692//2692
f 1072//1072 2904//2904 840//840
f 2693//2693 2692//2692 2905//2905
f 1058//1058 1056//1056 1075//1075
f 1058//1058 1074//1074 1073//1073
f 1073//1073 1074//1074 826//826
f 823//823 1075//1075 1056//1056
f 826//826 1074//1074 1081//1081
f 826//826 1081//1081 1076//1076
f 1081//1081 852//852 1076//1076
f 849//849 1078//1078 1077//1077
f 1075//1075 1079//1079 1058//1058
f 1058//1058 1079//1079 1074//1074
f 1080//1080 1079//1079 1075//1075
f 1077//1077 1080//1080 1075//1075
f 1079//1079 1080//1080 1074//1074
f 1074//1074 1080//1080 1081//1081
f 1080//1080 1077//1077 1078//1078
f 1081//1081 1080//1080 2906//2906
f 852//852 1081//1081 2906//2906
f 2915//2915 1084//1084 2908//2908
f 1083//1083 2903//2903 2909//2909
f 1285//1285 1083//1083 1286//1286
f 2909//2909 1286//1286 1083//1083
f 2911//2911 1286//1286 2909//2909
f 2915//2915 1289//1289 1084//1084
f 2913//2913 2699//2699 2916//2916
f 1086//1086 2916//2916 2699//2699
f 830//830 1089//1089 2914//2914
f 2719//2719 2912//2912 2917//2917
f 1088//1088 2914//2914 1089//1089
f 2918//2918 2916//2916 1086//1086
f 2918//2918 1297//1297 2916//2916
f 1298//1298 1297//1297 2918//2918
f 1088//1088 1089//1089 1303//1303
f 1321//1321 1097//1097 1090//1090
f 2919//2919 1338//1338 1323//1323
f 883//883 1091//1091 1092//1092
f 1094//1094 1093//1093 2925//2925
f 2930//2930 1142//1142 1095//1095
f 2931//2931 2932//2932 2927//2927
f 2933//2933 2966//2966 2920//2920
f 931//931 916//916 1100//1100
f 1093//1093 1100//1100 2925//2925
f 1093//1093 1096//1096 1100//1100
f 2934//2934 2936//2936 2928//2928
f 1093//1093 1103//1103 1096//1096
f 2935//2935 1090//1090 1097//1097
f 1097//1097 2943//2943 2929//2929
f 1103//1103 1102//1102 1096//1096
f 1097//1097 1326//1326 2943//2943
f 1097//1097 1321//1321 1326//1326
f 931//931 1100//1100 2939//2939
f 939//939 932//932 2940//2940
f 1107//1107 1355//1355 1110//1110
f 1098//1098 1099//1099 2924//2924
f 1099//1099 1098//1098 1140//1140
f 2938//2938 1092//1092 1091//1091
f 2926//2926 1099//1099 1142//1142
f 1140//1140 1142//1142 1099//1099
f 1130//1130 1338//1338 2919//2919
f 1142//1142 2930//2930 2926//2926
f 2957//2957 2921//2921 1144//1144
f 2966//2966 2969//2969 2920//2920
f 1100//1100 1096//1096 2941//2941
f 1100//1100 2941//2941 2939//2939
f 945//945 2939//2939 1104//1104
f 1104//1104 1105//1105 945//945
f 2939//2939 2941//2941 1104//1104
f 2941//2941 1106//1106 1104//1104
f 1104//1104 1106//1106 1105//1105
f 2942//2942 2944//2944 2946//2946
f 2944//2944 1107//1107 2946//2946
f 2946//2946 1107//1107 2945//2945
f 1110//1110 2945//2945 1107//1107
f 1353//1353 1107//1107 2943//2943
f 1353//1353 1356//1356 1107//1107
f 1105//1105 2947//2947 945//945
f 1109//1109 1113//1113 1108//1108
f 1105//1105 2948//2948 2947//2947
f 1110//1110 1109//1109 1108//1108
f 1110//1110 1111//1111 1109//1109
f 1109//1109 1111//1111 1113//1113
f 1112//1112 1111//1111 1110//1110
f 1112//1112 1115//1115 1111//1111
f 1112//1112 1373//1373 1115//1115
f 2949//2949 1374//1374 3131//3131
f 1113//1113 1114//1114 1116//1116
f 967//967 1113//1113 1116//1116
f 1111//1111 1114//1114 1113//1113
f 1111//1111 2951//2951 1114//1114
f 967//967 1117//1117 1119//1119
f 1114//1114 1117//1117 1116//1116
f 1117//1117 1114//1114 1119//1119
f 1118//1118 970//970 1119//1119
f 1147//1147 970//970 1118//1118
f 1118//1118 1126//1126 1147//1147
f 1118//1118 1120//1120 1126//1126
f 1121//1121 1127//1127 1120//1120
f 1120//1120 1118//1118 1121//1121
f 1120//1120 1127//1127 1126//1126
f 1121//1121 1118//1118 2952//2952
f 1122//1122 1127//1127 1121//1121
f 2953//2953 1129//1129 1127//1127
f 2952//2952 2950//2950 1121//1121
f 2950//2950 1123//1123 1121//1121
f 1121//1121 1123//1123 1122//1122
f 2953//2953 2954//2954 1124//1124
f 2953//2953 1124//1124 1129//1129
f 1388//1388 1125//1125 1114//1114
f 1114//1114 1125//1125 2955//2955
f 1124//1124 2954//2954 2956//2956
f 1129//1129 1124//1124 1154//1154
f 1154//1154 1124//1124 1426//1426
f 1126//1126 1149//1149 1147//1147
f 1127//1127 1128//1128 1126//1126
f 1149//1149 1126//1126 1128//1128
f 2975//2975 1128//1128 1150//1150
f 1128//1128 1127//1127 1129//1129
f 1128//1128 1129//1129 1150//1150
f 1133//1133 1131//1131 1130//1130
f 2970//2970 1434//1434 2958//2958
f 2958//2958 1434//1434 2959//2959
f 1132//1132 1131//1131 1133//1133
f 1134//1134 1132//1132 1135//1135
f 1132//1132 1133//1133 1135//1135
f 1397//1397 1398//1398 1134//1134
f 2959//2959 1434//1434 1135//1135
f 1134//1134 1136//1136 1397//1397
f 1134//1134 1135//1135 1136//1136
f 1135//1135 1157//1157 1136//1136
f 1135//1135 1434//1434 1157//1157
f 1432//1432 1397//1397 1136//1136
f 2961//2961 2937//2937 1139//1139
f 1139//1139 2937//2937 1137//1137
f 1141//1141 1139//1139 1137//1137
f 1137//1137 2960//2960 1141//1141
f 1139//1139 1141//1141 2961//2961
f 1143//1143 1142//1142 1140//1140
f 2962//2962 1143//1143 1140//1140
f 2962//2962 1163//1163 1143//1143
f 1166//1166 1143//1143 1163//1163
f 2967//2967 2968//2968 1145//1145
f 1169//1169 2968//2968 2993//2993
f 2970//2970 2972//2972 1434//1434
f 2967//2967 1145//1145 2971//2971
f 2968//2968 1169//1169 1145//1145
f 1146//1146 1154//1154 1427//1427
f 1426//1426 1427//1427 1154//1154
f 1427//1427 1460//1460 1171//1171
f 1147//1147 2976//2976 984//984
f 2859//2859 2975//2975 2974//2974
f 1150//1150 2974//2974 2975//2975
f 2974//2974 1150//1150 1151//1151
f 2974//2974 1151//1151 1152//1152
f 1153//1153 1150//1150 1129//1129
f 1153//1153 1155//1155 1151//1151
f 1150//1150 1153//1153 1151//1151
f 1155//1155 1152//1152 1151//1151
f 1174//1174 1152//1152 1155//1155
f 1152//1152 1174//1174 2974//2974
f 1154//1154 1153//1153 1129//1129
f 1153//1153 1154//1154 1155//1155
f 1154//1154 1146//1146 1155//1155
f 1174//1174 1155//1155 1172//1172
f 1172//1172 1155//1155 1146//1146
f 1173//1173 1174//1174 1172//1172
f 2861//2861 1175//1175 2963//2963
f 1156//1156 1158//1158 1161//1161
f 2977//2977 3004//3004 1177//1177
f 1433//1433 1432//1432 1136//1136
f 1433//1433 1136//1136 1157//1157
f 1435//1435 1433//1433 1178//1178
f 1157//1157 3005//3005 1433//1433
f 1157//1157 1469//1469 3005//3005
f 1157//1157 1434//1434 1469//1469
f 1138//1138 987//987 2964//2964
f 1158//1158 1156//1156 1177//1177
f 994//994 995//995 1162//1162
f 1162//1162 995//995 1159//1159
f 1161//1161 1158//1158 994//994
f 2986//2986 2980//2980 1165//1165
f 2981//2981 2982//2982 1179//1179
f 1179//1179 2982//2982 3010//3010
f 1163//1163 2962//2962 2983//2983
f 2984//2984 1164//1164 2988//2988
f 2985//2985 2965//2965 2978//2978
f 2979//2979 2963//2963 1175//1175
f 994//994 2990//2990 1161//1161
f 1162//1162 2990//2990 994//994
f 1165//1165 2980//2980 3006//3006
f 2991//2991 2994//2994 2989//2989
f 2991//2991 1167//1167 2994//2994
f 2990//2990 1162//1162 2996//2996
f 2987//2987 1168//1168 2997//2997
f 2992//2992 1168//1168 2987//2987
f 1168//1168 2992//2992 1180//1180
f 1179//1179 1180//1180 2992//2992
f 1169//1169 2993//2993 1170//1170
f 3000//3000 2995//2995 2997//2997
f 2997//2997 1168//1168 3000//3000
f 3007//3007 3001//3001 2998//2998
f 1182//1182 3001//3001 3007//3007
f 2999//2999 3002//3002 2973//2973
f 1436//1436 1434//1434 2972//2972
f 3002//3002 1436//1436 2973//2973
f 1436//1436 3002//3002 1470//1470
f 1183//1183 1470//1470 3002//3002
f 1146//1146 1171//1171 1172//1172
f 1171//1171 3003//3003 1172//1172
f 1146//1146 1427//1427 1171//1171
f 1171//1171 1229//1229 3003//3003
f 1000//1000 1174//1174 1189//1189
f 1189//1189 1174//1174 1192//1192
f 1174//1174 1173//1173 1192//1192
f 1176//1176 1177//1177 3004//3004
f 1176//1176 3004//3004 2871//2871
f 1176//1176 2871//2871 1023//1023
f 3005//3005 1195//1195 1209//1209
f 1195//1195 1182//1182 1208//1208
f 3005//3005 1469//1469 1195//1195
f 1179//1179 3010//3010 1181//1181
f 3008//3008 1186//1186 1198//1198
f 3014//3014 3013//3013 1198//1198
f 1181//1181 1180//1180 1179//1179
f 3008//3008 1198//1198 3007//3007
f 1198//1198 1182//1182 3007//3007
f 3002//3002 3009//3009 1183//1183
f 1195//1195 1470//1470 1182//1182
f 1470//1470 1183//1183 3009//3009
f 3011//3011 2875//2875 1185//1185
f 1181//1181 3010//3010 3015//3015
f 3013//3013 3014//3014 3012//3012
f 1194//1194 3003//3003 1229//1229
f 1193//1193 1188//1188 1189//1189
f 1193//1193 1190//1190 1188//1188
f 1190//1190 1017//1017 1188//1188
f 1190//1190 2885//2885 1017//1017
f 1190//1190 1191//1191 2885//2885
f 1193//1193 3016//3016 1190//1190
f 3017//3017 1194//1194 1193//1193
f 1189//1189 1192//1192 1193//1193
f 1193//1193 1194//1194 3016//3016
f 3003//3003 1194//1194 3017//3017
f 3005//3005 1209//1209 1232//1232
f 1506//1506 1178//1178 3028//3028
f 1197//1197 2873//2873 1207//1207
f 1208//1208 1201//1201 1200//1200
f 1195//1195 1208//1208 1209//1209
f 2873//2873 1196//1196 1185//1185
f 1197//1197 1196//1196 2873//2873
f 1199//1199 3013//3013 1196//1196
f 1199//1199 1196//1196 1200//1200
f 1200//1200 1196//1196 1197//1197
f 1200//1200 1197//1197 3021//3021
f 1199//1199 1201//1201 3013//3013
f 1201//1201 1198//1198 3013//3013
f 1199//1199 1200//1200 1201//1201
f 1198//1198 1201//1201 1182//1182
f 1201//1201 1208//1208 1182//1182
f 1202//1202 1204//1204 1494//1494
f 1211//1211 1218//1218 1493//1493
f 1212//1212 3018//3018 1218//1218
f 1515//1515 1213//1213 1492//1492
f 1211//1211 3187//3187 3023//3023
f 1211//1211 1493//1493 3187//3187
f 3018//3018 1493//1493 1218//1218
f 1204//1204 1206//1206 1187//1187
f 1204//1204 1203//1203 1206//1206
f 1203//1203 1229//1229 1206//1206
f 1205//1205 1212//1212 1229//1229
f 3018//3018 1212//1212 1205//1205
f 1204//1204 3018//3018 1203//1203
f 3018//3018 1205//1205 1203//1203
f 1229//1229 1203//1203 1205//1205
f 1206//1206 1229//1229 1171//1171
f 1206//1206 1171//1171 1187//1187
f 1191//1191 3025//3025 2884//2884
f 1194//1194 3026//3026 3016//3016
f 1191//1191 2884//2884 2885//2885
f 1506//1506 1230//1230 1523//1523
f 3028//3028 1230//1230 1506//1506
f 1208//1208 1200//1200 3022//3022
f 3022//3022 3033//3033 1208//1208
f 1235//1235 1209//1209 1208//1208
f 1208//1208 3033//3033 1235//1235
f 1232//1232 1209//1209 1235//1235
f 1215//1215 1210//1210 1214//1214
f 1214//1214 1210//1210 1238//1238
f 3023//3023 1214//1214 1211//1211
f 1211//1211 1214//1214 1212//1212
f 1212//1212 1214//1214 1238//1238
f 3024//3024 1219//1219 1214//1214
f 1221//1221 1215//1215 1219//1219
f 1215//1215 1214//1214 1219//1219
f 1222//1222 1215//1215 1221//1221
f 1216//1216 1215//1215 1222//1222
f 1215//1215 1216//1216 1210//1210
f 1224//1224 1216//1216 1222//1222
f 1217//1217 1216//1216 1224//1224
f 1216//1216 1217//1217 1210//1210
f 1225//1225 1217//1217 1224//1224
f 1210//1210 1217//1217 1238//1238
f 1218//1218 1211//1211 1212//1212
f 1226//1226 1219//1219 1213//1213
f 1219//1219 1226//1226 1220//1220
f 1219//1219 1220//1220 1221//1221
f 1220//1220 1227//1227 1222//1222
f 1221//1221 1220//1220 1222//1222
f 1227//1227 1223//1223 1224//1224
f 1222//1222 1227//1227 1224//1224
f 1225//1225 1224//1224 1223//1223
f 1213//1213 1515//1515 1226//1226
f 3203//3203 1516//1516 1226//1226
f 1516//1516 1517//1517 1220//1220
f 1226//1226 1516//1516 1220//1220
f 1517//1517 1227//1227 1220//1220
f 1223//1223 3204//3204 1225//1225
f 3204//3204 1223//1223 1227//1227
f 1229//1229 1212//1212 1238//1238
f 3026//3026 1194//1194 1229//1229
f 1231//1231 1230//1230 3028//3028
f 3027//3027 1524//1524 1523//1523
f 1523//1523 1230//1230 1231//1231
f 3034//3034 3029//3029 1236//1236
f 1236//1236 3035//3035 3034//3034
f 1217//1217 1225//1225 1241//1241
f 1225//1225 1527//1527 1242//1242
f 1246//1246 1238//1238 1217//1217
f 1217//1217 1241//1241 1246//1246
f 1238//1238 1246//1246 1237//1237
f 1238//1238 1237//1237 1229//1229
f 1228//1228 3040//3040 1239//1239
f 1229//1229 1237//1237 3026//3026
f 1231//1231 3028//3028 1247//1247
f 1232//1232 1235//1235 1249//1249
f 1249//1249 1235//1235 3036//3036
f 3037//3037 1240//1240 1552//1552
f 3038//3038 3030//3030 3042//3042
f 3031//3031 3062//3062 3043//3043
f 1246//1246 1241//1241 1252//1252
f 1225//1225 3045//3045 1241//1241
f 1241//1241 3045//3045 1252//1252
f 1536//1536 3057//3057 1242//1242
f 1239//1239 3040//3040 1243//1243
f 1244//1244 1254//1254 1051//1051
f 3046//3046 3041//3041 3050//3050
f 3050//3050 1245//1245 3046//3046
f 3049//3049 3048//3048 3047//3047
f 3049//3049 3058//3058 3048//3048
f 1245//1245 3050//3050 3057//3057
f 1232//1232 1249//1249 1247//1247
f 1247//1247 1248//1248 1231//1231
f 1247//1247 1548//1548 1248//1248
f 3051//3051 3229//3229 1540//1540
f 1549//1549 1540//1540 3229//3229
f 1250//1250 3039//3039 3236//3236
f 1251//1251 3036//3036 3056//3056
f 1552//1552 1240//1240 1276//1276
f 1257//1257 1256//1256 3057//3057
f 3057//3057 1544//1544 1253//1253
f 1536//1536 1544//1544 3057//3057
f 1253//1253 1544//1544 1545//1545
f 3049//3049 1256//1256 3058//3058
f 1256//1256 1255//1255 3058//3058
f 1257//1257 1263//1263 1255//1255
f 1255//1255 1256//1256 1257//1257
f 1245//1245 3057//3057 1256//1256
f 1257//1257 3057//3057 1253//1253
f 1548//1548 1247//1247 1266//1266
f 1258//1258 1251//1251 3056//3056
f 3056//3056 1259//1259 1258//1258
f 1259//1259 1566//1566 1258//1258
f 3036//3036 1251//1251 1249//1249
f 1250//1250 3236//3236 3059//3059
f 1261//1261 808//808 1260//1260
f 1270//1270 3063//3063 3060//3060
f 3044//3044 3063//3063 1262//1262
f 1262//1262 3063//3063 1270//1270
f 1240//1240 3064//3064 1276//1276
f 1276//1276 3064//3064 1274//1274
f 1264//1264 1070//1070 1263//1263
f 1257//1257 1253//1253 1263//1263
f 1263//1263 1253//1253 1264//1264
f 1303//1303 1070//1070 1264//1264
f 1575//1575 1264//1264 1253//1253
f 1575//1575 1282//1282 1264//1264
f 1265//1265 1548//1548 1266//1266
f 1267//1267 1265//1265 1266//1266
f 1266//1266 1247//1247 1267//1267
f 1247//1247 1249//1249 1267//1267
f 1265//1265 1267//1267 1268//1268
f 3052//3052 3068//3068 3067//3067
f 1269//1269 3065//3065 3069//3069
f 3070//3070 1559//1559 3071//3071
f 3061//3061 1277//1277 1271//1271
f 1271//1271 3073//3073 3061//3061
f 1271//1271 1272//1272 3074//3074
f 1273//1273 3064//3064 3074//3074
f 3074//3074 1272//1272 1273//1273
f 1272//1272 1275//1275 1273//1273
f 1274//1274 1273//1273 3076//3076
f 1274//1274 3064//3064 1273//1273
f 1283//1283 1275//1275 1272//1272
f 1272//1272 1284//1284 1283//1283
f 1274//1274 3076//3076 1569//1569
f 1275//1275 1283//1283 1578//1578
f 3289//3289 1569//1569 3077//3077
f 3078//3078 3075//3075 1572//1572
f 1277//1277 1062//1062 1278//1278
f 1277//1277 1278//1278 1271//1271
f 1279//1279 1272//1272 1271//1271
f 1284//1284 1272//1272 1279//1279
f 1278//1278 1279//1279 1271//1271
f 1278//1278 1068//1068 1279//1279
f 1279//1279 1293//1293 1284//1284
f 1285//1285 1287//1287 1068//1068
f 1279//1279 1068//1068 1281//1281
f 1281//1281 1068//1068 1280//1280
f 1068//1068 1287//1287 1280//1280
f 1279//1279 1281//1281 1293//1293
f 1290//1290 1280//1280 1287//1287
f 1290//1290 1281//1281 1280//1280
f 1281//1281 1290//1290 1293//1293
f 1576//1576 1301//1301 1282//1282
f 1282//1282 1303//1303 1264//1264
f 1575//1575 1576//1576 1282//1282
f 3289//3289 1579//1579 1569//1569
f 1285//1285 1286//1286 1287//1287
f 3079//3079 1286//1286 2911//2911
f 1287//1287 1286//1286 1288//1288
f 1287//1287 1288//1288 1290//1290
f 1290//1290 1288//1288 1291//1291
f 1291//1291 1288//1288 1292//1292
f 1288//1288 1286//1286 1292//1292
f 1286//1286 3079//3079 3080//3080
f 1295//1295 1290//1290 1291//1291
f 1292//1292 1295//1295 1291//1291
f 1292//1292 1289//1289 1295//1295
f 1294//1294 1293//1293 1290//1290
f 1290//1290 1295//1295 1294//1294
f 1289//1289 1589//1589 1295//1295
f 1293//1293 1294//1294 1296//1296
f 1582//1582 1293//1293 1296//1296
f 1294//1294 1295//1295 1296//1296
f 1296//1296 1600//1600 3293//3293
f 1600//1600 1296//1296 1295//1295
f 1600//1600 1295//1295 3294//3294
f 1289//1289 2915//2915 3081//3081
f 1300//1300 1297//1297 1298//1298
f 1301//1301 1300//1300 1298//1298
f 1289//1289 3081//3081 1299//1299
f 3082//3082 1297//1297 1300//1300
f 1302//1302 1589//1589 1289//1289
f 1299//1299 1302//1302 1289//1289
f 3082//3082 1300//1300 1590//1590
f 1302//1302 1299//1299 3296//3296
f 1589//1589 1302//1302 3296//3296
f 1303//1303 1298//1298 2918//2918
f 1303//1303 1301//1301 1298//1298
f 1301//1301 1303//1303 1282//1282
f 1312//1312 1307//1307 1304//1304
f 3084//3084 1305//1305 3083//3083
f 1308//1308 1305//1305 3084//3084
f 1309//1309 1325//1325 3091//3091
f 1304//1304 3086//3086 1312//1312
f 1305//1305 1308//1308 1306//1306
f 3083//3083 1306//1306 3087//3087
f 3083//3083 1305//1305 1306//1306
f 1308//1308 1315//1315 1306//1306
f 3092//3092 1310//1310 3085//3085
f 3089//3089 1311//1311 3084//3084
f 1308//1308 3084//3084 1311//1311
f 1308//1308 1311//1311 1316//1316
f 1325//1325 1309//1309 1324//1324
f 3090//3090 3093//3093 1313//1313
f 1313//1313 1311//1311 3090//3090
f 1325//1325 3094//3094 3091//3091
f 1313//1313 1314//1314 1311//1311
f 1314//1314 1318//1318 1311//1311
f 1316//1316 1311//1311 1318//1318
f 1314//1314 1313//1313 1602//1602
f 1318//1318 1314//1314 1602//1602
f 1308//1308 1316//1316 1315//1315
f 1316//1316 1328//1328 1315//1315
f 1316//1316 1318//1318 1317//1317
f 1328//1328 1316//1316 1317//1317
f 1330//1330 1317//1317 1318//1318
f 1602//1602 1331//1331 1318//1318
f 1331//1331 3104//3104 1318//1318
f 1319//1319 1322//1322 3087//3087
f 3087//3087 1306//1306 1319//1319
f 3098//3098 1322//1322 1319//1319
f 3098//3098 1319//1319 1320//1320
f 1319//1319 1306//1306 1320//1320
f 1306//1306 1326//1326 1320//1320
f 3099//3099 3096//3096 2922//2922
f 3099//3099 3095//3095 3096//3096
f 3102//3102 3088//3088 3097//3097
f 3098//3098 3103//3103 1322//1322
f 3100//3100 3105//3105 1341//1341
f 1324//1324 3101//3101 1325//1325
f 3100//3100 1341//1341 1344//1344
f 1342//1342 3112//3112 3108//3108
f 1325//1325 3101//3101 3113//3113
f 1325//1325 3113//3113 1346//1346
f 3094//3094 1325//1325 3308//3308
f 1315//1315 1326//1326 1306//1306
f 1327//1327 1326//1326 1315//1315
f 1328//1328 1327//1327 1315//1315
f 1328//1328 1335//1335 1327//1327
f 1328//1328 1317//1317 1335//1335
f 1326//1326 1327//1327 1329//1329
f 1335//1335 1329//1329 1327//1327
f 1330//1330 1335//1335 1317//1317
f 1331//1331 1336//1336 3104//3104
f 1331//1331 1333//1333 1336//1336
f 1331//1331 1332//1332 1333//1333
f 1334//1334 1333//1333 1332//1332
f 1329//1329 1335//1335 1350//1350
f 1329//1329 1350//1350 1326//1326
f 1350//1350 1335//1335 1354//1354
f 1330//1330 1354//1354 1335//1335
f 1336//1336 1354//1354 1330//1330
f 1364//1364 1339//1339 1337//1337
f 3106//3106 1337//1337 1339//1339
f 3109//3109 3106//3106 1339//1339
f 3109//3109 1366//1366 1343//1343
f 1343//1343 1366//1366 1365//1365
f 3109//3109 1339//1339 1340//1340
f 1366//1366 3109//3109 1340//1340
f 1340//1340 1339//1339 1364//1364
f 1340//1340 1364//1364 1367//1367
f 1366//1366 1340//1340 1367//1367
f 1321//1321 1320//1320 1326//1326
f 3109//3109 1343//1343 3110//3110
f 3111//3111 1345//1345 3114//3114
f 3113//3113 3115//3115 1346//1346
f 1346//1346 3115//3115 1347//1347
f 1347//1347 3115//3115 1348//1348
f 1348//1348 3115//3115 1369//1369
f 1325//1325 1346//1346 1604//1604
f 1604//1604 1346//1346 3116//3116
f 1604//1604 3116//3116 3117//3117
f 1603//1603 1370//1370 1605//1605
f 1370//1370 1334//1334 1605//1605
f 1334//1334 1370//1370 1349//1349
f 1350//1350 1351//1351 1326//1326
f 1326//1326 1351//1351 2943//2943
f 1351//1351 1350//1350 1352//1352
f 1351//1351 1352//1352 2943//2943
f 1350//1350 1354//1354 1352//1352
f 1353//1353 2943//2943 1352//1352
f 1360//1360 1358//1358 1336//1336
f 1353//1353 1352//1352 1356//1356
f 1107//1107 1356//1356 1355//1355
f 1357//1357 1110//1110 1355//1355
f 1354//1354 1356//1356 1352//1352
f 1359//1359 1356//1356 1354//1354
f 1355//1355 1356//1356 1359//1359
f 1355//1355 1359//1359 1357//1357
f 1362//1362 3132//3132 1357//1357
f 1612//1612 3119//3119 3120//3120
f 1612//1612 3126//3126 3119//3119
f 1354//1354 1336//1336 1358//1358
f 3121//3121 1354//1354 1358//1358
f 3121//3121 1358//1358 1360//1360
f 1611//1611 3121//3121 1360//1360
f 3126//3126 1612//1612 1361//1361
f 3320//3320 3323//3323 3122//3122
f 1630//1630 1361//1361 1612//1612
f 3333//3333 1631//1631 3124//3124
f 3125//3125 1375//1375 3127//3127
f 1363//1363 1130//1130 1131//1131
f 1399//1399 1363//1363 1131//1131
f 3144//3144 1646//1646 3129//3129
f 1613//1613 1337//1337 3129//3129
f 3129//3129 1646//1646 1613//1613
f 1613//1613 1646//1646 1647//1647
f 1338//1338 1130//1130 1363//1363
f 1337//1337 3107//3107 3129//3129
f 1367//1367 1364//1364 1650//1650
f 1364//1364 1337//1337 1613//1613
f 1367//1367 1365//1365 1366//1366
f 3352//3352 1365//1365 1367//1367
f 1365//1365 3110//3110 1343//1343
f 3110//3110 1365//1365 1368//1368
f 3111//3111 3130//3130 1345//1345
f 1406//1406 1345//1345 3130//3130
f 1369//1369 3115//3115 1406//1406
f 1348//1348 1369//1369 1408//1408
f 1616//1616 1407//1407 1615//1615
f 1370//1370 1371//1371 1372//1372
f 1407//1407 1370//1370 1603//1603
f 1370//1370 1372//1372 1349//1349
f 1371//1371 1370//1370 1407//1407
f 1411//1411 1372//1372 1371//1371
f 1112//1112 1110//1110 1357//1357
f 1357//1357 3132//3132 1112//1112
f 1377//1377 3131//3131 1374//1374
f 1376//1376 1383//1383 1375//1375
f 3134//3134 1376//1376 1380//1380
f 3125//3125 1376//1376 1375//1375
f 1631//1631 1621//1621 3125//3125
f 1621//1621 1376//1376 3125//3125
f 1377//1377 1115//1115 1373//1373
f 3128//3128 1378//1378 1374//1374
f 1377//1377 1374//1374 1378//1378
f 1377//1377 1378//1378 1379//1379
f 1377//1377 1379//1379 1380//1380
f 1115//1115 1377//1377 1380//1380
f 1114//1114 2951//2951 1380//1380
f 1380//1380 1381//1381 1114//1114
f 1114//1114 1381//1381 1382//1382
f 3128//3128 3135//3135 1378//1378
f 3134//3134 1379//1379 3133//3133
f 1379//1379 3134//3134 1380//1380
f 1380//1380 1384//1384 1381//1381
f 1382//1382 1381//1381 1384//1384
f 3127//3127 1375//1375 1383//1383
f 1384//1384 1392//1392 1382//1382
f 1382//1382 1392//1392 1389//1389
f 1384//1384 1385//1385 1392//1392
f 1380//1380 1376//1376 1386//1386
f 1380//1380 1386//1386 1387//1387
f 1384//1384 1380//1380 1387//1387
f 1384//1384 1387//1387 1385//1385
f 1624//1624 1387//1387 1386//1386
f 1387//1387 1623//1623 1385//1385
f 1382//1382 1390//1390 1114//1114
f 1389//1389 1390//1390 1382//1382
f 1390//1390 1388//1388 1114//1114
f 1389//1389 1393//1393 1390//1390
f 1388//1388 1390//1390 1391//1391
f 1421//1421 1388//1388 1391//1391
f 1418//1418 1388//1388 1421//1421
f 1392//1392 1393//1393 1389//1389
f 1394//1394 3137//3137 3136//3136
f 1392//1392 1385//1385 1393//1393
f 1394//1394 3157//3157 3137//3137
f 1394//1394 1395//1395 3157//3157
f 1396//1396 1395//1395 1394//1394
f 1394//1394 3136//3136 1634//1634
f 1633//1633 3138//3138 3139//3139
f 2956//2956 1388//1388 1124//1124
f 1124//1124 1388//1388 1426//1426
f 1132//1132 1134//1134 3145//3145
f 3142//3142 1432//1432 1435//1435
f 1131//1131 1132//1132 1399//1399
f 1398//1398 3144//3144 1134//1134
f 1431//1431 3143//3143 3142//3142
f 1646//1646 3144//3144 1398//1398
f 3142//3142 1435//1435 1431//1431
f 1398//1398 1431//1431 1646//1646
f 1402//1402 1365//1365 3352//3352
f 1365//1365 1402//1402 1400//1400
f 1365//1365 1400//1400 1368//1368
f 1368//1368 1400//1400 1405//1405
f 1402//1402 1403//1403 1400//1400
f 1400//1400 1403//1403 1401//1401
f 1405//1405 1400//1400 1401//1401
f 1439//1439 1401//1401 1403//1403
f 1402//1402 3352//3352 1404//1404
f 1403//1403 1402//1402 1404//1404
f 1439//1439 1403//1403 1438//1438
f 1404//1404 1437//1437 1403//1403
f 1403//1403 1437//1437 1438//1438
f 1682//1682 1683//1683 1409//1409
f 3130//3130 1405//1405 1406//1406
f 1405//1405 1453//1453 1406//1406
f 1408//1408 1369//1369 1406//1406
f 1409//1409 1408//1408 1454//1454
f 1408//1408 1406//1406 1454//1454
f 1683//1683 1408//1408 1409//1409
f 1371//1371 1407//1407 1411//1411
f 1410//1410 1412//1412 1407//1407
f 1407//1407 1655//1655 1410//1410
f 1412//1412 1410//1410 1415//1415
f 1696//1696 1410//1410 1655//1655
f 1410//1410 1696//1696 1415//1415
f 1415//1415 1696//1696 1697//1697
f 1619//1619 1417//1417 1656//1656
f 1407//1407 1412//1412 1411//1411
f 1411//1411 1412//1412 1413//1413
f 3148//3148 1413//1413 1619//1619
f 1619//1619 1413//1413 1414//1414
f 1619//1619 1414//1414 1417//1417
f 1416//1416 1413//1413 1412//1412
f 1412//1412 1415//1415 1416//1416
f 1414//1414 1413//1413 1416//1416
f 1415//1415 1697//1697 1416//1416
f 1417//1417 1414//1414 3149//3149
f 1417//1417 3149//3149 1697//1697
f 1417//1417 1697//1697 1702//1702
f 1420//1420 1456//1456 1455//1455
f 3155//3155 1659//1659 1456//1456
f 3155//3155 1424//1424 1659//1659
f 1659//1659 1658//1658 1456//1456
f 1420//1420 1460//1460 1427//1427
f 1419//1419 3150//3150 3158//3158
f 3151//3151 3153//3153 1423//1423
f 3160//3160 3156//3156 3163//3163
f 3154//3154 3157//3157 1422//1422
f 1423//1423 3153//3153 3159//3159
f 3160//3160 1424//1424 3156//3156
f 1395//1395 1428//1428 3157//3157
f 1429//1429 1422//1422 1428//1428
f 1422//1422 3157//3157 1428//1428
f 1423//1423 3159//3159 3164//3164
f 3337//3337 1425//1425 1395//1395
f 1425//1425 1428//1428 1395//1395
f 1423//1423 3164//3164 1430//1430
f 1424//1424 3160//3160 1430//1430
f 1426//1426 1388//1388 1418//1418
f 3152//3152 3161//3161 1427//1427
f 1426//1426 3152//3152 1427//1427
f 3165//3165 1428//1428 1425//1425
f 1664//1664 1430//1430 3164//3164
f 1663//1663 3165//3165 1425//1425
f 3164//3164 3359//3359 1664//1664
f 1430//1430 1664//1664 1666//1666
f 1424//1424 1430//1430 1666//1666
f 1431//1431 1435//1435 1468//1468
f 1432//1432 1433//1433 1435//1435
f 1434//1434 1470//1470 1469//1469
f 1470//1470 1434//1434 1436//1436
f 1471//1471 1448//1448 1681//1681
f 1439//1439 1453//1453 1401//1401
f 1401//1401 1453//1453 1405//1405
f 1437//1437 1440//1440 1438//1438
f 1438//1438 1440//1440 1439//1439
f 1404//1404 1440//1440 1437//1437
f 1440//1440 1442//1442 1439//1439
f 1441//1441 1442//1442 1440//1440
f 1442//1442 1453//1453 1439//1439
f 1681//1681 1440//1440 1404//1404
f 1441//1441 1440//1440 1681//1681
f 1442//1442 1444//1444 1453//1453
f 1681//1681 1445//1445 1441//1441
f 1445//1445 1443//1443 1441//1441
f 1442//1442 1441//1441 1443//1443
f 1454//1454 1444//1444 1451//1451
f 1451//1451 1444//1444 1452//1452
f 1447//1447 1452//1452 1444//1444
f 1442//1442 1443//1443 1446//1446
f 1444//1444 1442//1442 1446//1446
f 1444//1444 1446//1446 3166//3166
f 1445//1445 1681//1681 1448//1448
f 1443//1443 1445//1445 1448//1448
f 1443//1443 1448//1448 1449//1449
f 1443//1443 1449//1449 1446//1446
f 1446//1446 1449//1449 3166//3166
f 1454//1454 1451//1451 1409//1409
f 1452//1452 1682//1682 1451//1451
f 1449//1449 1450//1450 3166//3166
f 1409//1409 1451//1451 1682//1682
f 1684//1684 1682//1682 3168//3168
f 1450//1450 1684//1684 3168//3168
f 1450//1450 3168//3168 3166//3166
f 1449//1449 1473//1473 1450//1450
f 1406//1406 1453//1453 1444//1444
f 1444//1444 1454//1454 1406//1406
f 1684//1684 3167//3167 1689//1689
f 1450//1450 1473//1473 3366//3366
f 1465//1465 1455//1455 1467//1467
f 1457//1457 1456//1456 1658//1658
f 1457//1457 1455//1455 1456//1456
f 1467//1467 1455//1455 1457//1457
f 1658//1658 1706//1706 1457//1457
f 1457//1457 1706//1706 1458//1458
f 1457//1457 1458//1458 1467//1467
f 1706//1706 1709//1709 1458//1458
f 1720//1720 3169//3169 1458//1458
f 1420//1420 1459//1459 1460//1460
f 1459//1459 1461//1461 1460//1460
f 1460//1460 1461//1461 1171//1171
f 1462//1462 1459//1459 1463//1463
f 1462//1462 1461//1461 1459//1459
f 1461//1461 1462//1462 1171//1171
f 1464//1464 1466//1466 1459//1459
f 1464//1464 1459//1459 1420//1420
f 1459//1459 1466//1466 1463//1463
f 1420//1420 1455//1455 1464//1464
f 1466//1466 1464//1464 1465//1465
f 1465//1465 1464//1464 1455//1455
f 1465//1465 1467//1467 1466//1466
f 1466//1466 1467//1467 1463//1463
f 1467//1467 1480//1480 1463//1463
f 3379//3379 3176//3176 3170//3170
f 3177//3177 3380//3380 1482//1482
f 1435//1435 1178//1178 1468//1468
f 1178//1178 1485//1485 1468//1468
f 1734//1734 1468//1468 3180//3180
f 1470//1470 1195//1195 1469//1469
f 1489//1489 1488//1488 1472//1472
f 1489//1489 1472//1472 1471//1471
f 1488//1488 1473//1473 1472//1472
f 1449//1449 1472//1472 1473//1473
f 1472//1472 1448//1448 1471//1471
f 1472//1472 1449//1449 1448//1448
f 1474//1474 1494//1494 1204//1204
f 1475//1475 3172//3172 1481//1481
f 1475//1475 3191//3191 3173//3173
f 1475//1475 1483//1483 1476//1476
f 1475//1475 1481//1481 1483//1483
f 1475//1475 1498//1498 3191//3191
f 1498//1498 1475//1475 1476//1476
f 1476//1476 1478//1478 1498//1498
f 1499//1499 1498//1498 1478//1478
f 1484//1484 1728//1728 3175//3175
f 1477//1477 1478//1478 3387//3387
f 3387//3387 1478//1478 1476//1476
f 1500//1500 1477//1477 1501//1501
f 3194//3194 1477//1477 1500//1500
f 1478//1478 1477//1477 3194//3194
f 1501//1501 1477//1477 3387//3387
f 1729//1729 1501//1501 3387//3387
f 1463//1463 1187//1187 1462//1462
f 1171//1171 1462//1462 1187//1187
f 1480//1480 1187//1187 1463//1463
f 3178//3178 1479//1479 1187//1187
f 1474//1474 1204//1204 1479//1479
f 1479//1479 1204//1204 1187//1187
f 1481//1481 3174//3174 1479//1479
f 1481//1481 1479//1479 3178//3178
f 1482//1482 1481//1481 3178//3178
f 1482//1482 1483//1483 1481//1481
f 3179//3179 1483//1483 1482//1482
f 3179//3179 1476//1476 1483//1483
f 1485//1485 1178//1178 1506//1506
f 1509//1509 1511//1511 1487//1487
f 1507//1507 1486//1486 3180//3180
f 3181//3181 1507//1507 3198//3198
f 3180//3180 1486//1486 1734//1734
f 1733//1733 1487//1487 1511//1511
f 1487//1487 3181//3181 3198//3198
f 1733//1733 1489//1489 1471//1471
f 1733//1733 1511//1511 1489//1489
f 1488//1488 1489//1489 1512//1512
f 1490//1490 3183//3183 3200//3200
f 3171//3171 3183//3183 1490//1490
f 1491//1491 3184//3184 1735//1735
f 1473//1473 3185//3185 3186//3186
f 1493//1493 1496//1496 1495//1495
f 3018//3018 1496//1496 1493//1493
f 3192//3192 3188//3188 3190//3190
f 1498//1498 1496//1496 3191//3191
f 3193//3193 1202//1202 1494//1494
f 1496//1496 1518//1518 1495//1495
f 1518//1518 3189//3189 1495//1495
f 1497//1497 1496//1496 1498//1498
f 1518//1518 1496//1496 1497//1497
f 1497//1497 1498//1498 1504//1504
f 1520//1520 1497//1497 1505//1505
f 3195//3195 3196//3196 1502//1502
f 1504//1504 1498//1498 1499//1499
f 1497//1497 1504//1504 1505//1505
f 3197//3197 1502//1502 3196//3196
f 1502//1502 1503//1503 3195//3195
f 1503//1503 1502//1502 1737//1737
f 1502//1502 1736//1736 1737//1737
f 3206//3206 1505//1505 1522//1522
f 3195//3195 1503//1503 1504//1504
f 1505//1505 1504//1504 1737//1737
f 1504//1504 1503//1503 1737//1737
f 1738//1738 1522//1522 1505//1505
f 1524//1524 1506//1506 1523//1523
f 3180//3180 1506//1506 1524//1524
f 1524//1524 1508//1508 3180//3180
f 1508//1508 1524//1524 1510//1510
f 1508//1508 1507//1507 3180//3180
f 1507//1507 1510//1510 3198//3198
f 1509//1509 3199//3199 1511//1511
f 1508//1508 1510//1510 1507//1507
f 1512//1512 1489//1489 1511//1511
f 1531//1531 1512//1512 1511//1511
f 3201//3201 3215//3215 1534//1534
f 1490//1490 3200//3200 1513//1513
f 3219//3219 1513//1513 3200//3200
f 1743//1743 1513//1513 3219//3219
f 1514//1514 1735//1735 3202//3202
f 1514//1514 3202//3202 3394//3394
f 3189//3189 1518//1518 3203//3203
f 1518//1518 1519//1519 3203//3203
f 1519//1519 1516//1516 3203//3203
f 1519//1519 1517//1517 1516//1516
f 3204//3204 3205//3205 1225//1225
f 3205//3205 1527//1527 1225//1225
f 1519//1519 1518//1518 1497//1497
f 1497//1497 1520//1520 1519//1519
f 1520//1520 3210//3210 1519//1519
f 3207//3207 3208//3208 3211//3211
f 3208//3208 1521//1521 3211//3211
f 1739//1739 1521//1521 3208//3208
f 1525//1525 1526//1526 1524//1524
f 1526//1526 1510//1510 1524//1524
f 1510//1510 1526//1526 1529//1529
f 1511//1511 3199//3199 3213//3213
f 1511//1511 3213//3213 1531//1531
f 1521//1521 1741//1741 3211//3211
f 1537//1537 3211//3211 1741//1741
f 1537//1537 1741//1741 1538//1538
f 1524//1524 3027//3027 1525//1525
f 1525//1525 3027//3027 1540//1540
f 1528//1528 1526//1526 1525//1525
f 1540//1540 1528//1528 1525//1525
f 1532//1532 3209//3209 3212//3212
f 1532//1532 3212//3212 1533//1533
f 1541//1541 1528//1528 1540//1540
f 3215//3215 3216//3216 1542//1542
f 1529//1529 1526//1526 1530//1530
f 3214//3214 1531//1531 3213//3213
f 1532//1532 3214//3214 3209//3209
f 3214//3214 1532//1532 1531//1531
f 1532//1532 3217//3217 1531//1531
f 1542//1542 1534//1534 3215//3215
f 1746//1746 1743//1743 3219//3219
f 1535//1535 1242//1242 1527//1527
f 1535//1535 1536//1536 1242//1242
f 3220//3220 3211//3211 1537//1537
f 3220//3220 1537//1537 3221//3221
f 1537//1537 1539//1539 1546//1546
f 1538//1538 1539//1539 1537//1537
f 3027//3027 3051//3051 1540//1540
f 1541//1541 1540//1540 1550//1550
f 1541//1541 1550//1550 1533//1533
f 3212//3212 1541//1541 1533//1533
f 3218//3218 3248//3248 3222//3222
f 3249//3249 1543//1543 3223//3223
f 3219//3219 3224//3224 1746//1746
f 1749//1749 3223//3223 1543//1543
f 3224//3224 3396//3396 1746//1746
f 3221//3221 1546//1546 1544//1544
f 1545//1545 1544//1544 1546//1546
f 1537//1537 1546//1546 3221//3221
f 1545//1545 1546//1546 1547//1547
f 1546//1546 1539//1539 1547//1547
f 3231//3231 3230//3230 3066//3066
f 1551//1551 3248//3248 3218//3218
f 1549//1549 1550//1550 1540//1540
f 1550//1550 3234//3234 1533//1533
f 1549//1549 3234//3234 1550//1550
f 3232//3232 3250//3250 3235//3235
f 1560//1560 3053//3053 1563//1563
f 3054//3054 1772//1772 3264//3264
f 1251//1251 1258//1258 1249//1249
f 3237//3237 3078//3078 1554//1554
f 1553//1553 3237//3237 1554//1554
f 3236//3236 3238//3238 3059//3059
f 1554//1554 1555//1555 1553//1553
f 3240//3240 1556//1556 3242//3242
f 3241//3241 1568//1568 1556//1556
f 1568//1568 1570//1570 1556//1556
f 3242//3242 1556//1556 1557//1557
f 1558//1558 1556//1556 1570//1570
f 1574//1574 3244//3244 3245//3245
f 1557//1557 1556//1556 1558//1558
f 1575//1575 1253//1253 1545//1545
f 1575//1575 1545//1545 1547//1547
f 3231//3231 3066//3066 3072//3072
f 3071//3071 1559//1559 3233//3233
f 3070//3070 1562//1562 1559//1559
f 3259//3259 1561//1561 3251//3251
f 3252//3252 3068//3068 3052//3052
f 3260//3260 3068//3068 3252//3252
f 3225//3225 3251//3251 1561//1561
f 3226//3226 3256//3256 1565//1565
f 3227//3227 3271//3271 3253//3253
f 3253//3253 3271//3271 3261//3261
f 3254//3254 1564//1564 3228//3228
f 3255//3255 3265//3265 3268//3268
f 3262//3262 1750//1750 1564//1564
f 3257//3257 3262//3262 1564//1564
f 3272//3272 3258//3258 3269//3269
f 3273//3273 3397//3397 3263//3263
f 1564//1564 1750//1750 3228//3228
f 3266//3266 3274//3274 3270//3270
f 3267//3267 1771//1771 3275//3275
f 3264//3264 1772//1772 3407//3407
f 1567//1567 1566//1566 1259//1259
f 1258//1258 1772//1772 3055//3055
f 1258//1258 1566//1566 1772//1772
f 3078//3078 1572//1572 3278//3278
f 3239//3239 1567//1567 1259//1259
f 1554//1554 3078//3078 3278//3278
f 3239//3239 3243//3243 1567//1567
f 3279//3279 3283//3283 1571//1571
f 3244//3244 1567//1567 3243//3243
f 3281//3281 3280//3280 3282//3282
f 1274//1274 1569//1569 3284//3284
f 3246//3246 3281//3281 3282//3282
f 3246//3246 3282//3282 1573//1573
f 1573//1573 3282//3282 3285//3285
f 3284//3284 1778//1778 3286//3286
f 3247//3247 1778//1778 1574//1574
f 3247//3247 3287//3287 1778//1778
f 1577//1577 1592//1592 1576//1576
f 1577//1577 1760//1760 1592//1592
f 1575//1575 1577//1577 1576//1576
f 1577//1577 1575//1575 1547//1547
f 1766//1766 1577//1577 1547//1547
f 3284//3284 1569//1569 1579//1579
f 3290//3290 1283//1283 1284//1284
f 1580//1580 1579//1579 3289//3289
f 3284//3284 1579//1579 1778//1778
f 1778//1778 1579//1579 1779//1779
f 1780//1780 1579//1579 1580//1580
f 1579//1579 1780//1780 1779//1779
f 3291//3291 3290//3290 1787//1787
f 1788//1788 3291//3291 1787//1787
f 3290//3290 1284//1284 1787//1787
f 1293//1293 1582//1582 1284//1284
f 1284//1284 3293//3293 1787//1787
f 1581//1581 1787//1787 3293//3293
f 1789//1789 3414//3414 3292//3292
f 3292//3292 1584//1584 1789//1789
f 1600//1600 1599//1599 3293//3293
f 1581//1581 3293//3293 1599//1599
f 3292//3292 3303//3303 1585//1585
f 1585//1585 3303//3303 1601//1601
f 1583//1583 1584//1584 1586//1586
f 1583//1583 1586//1586 1588//1588
f 1586//1586 1587//1587 1595//1595
f 1595//1595 1587//1587 1597//1597
f 1586//1586 1584//1584 3292//3292
f 1585//1585 3306//3306 1586//1586
f 1585//1585 1586//1586 3292//3292
f 1586//1586 3306//3306 1587//1587
f 1755//1755 1583//1583 1588//1588
f 1789//1789 1584//1584 1583//1583
f 1595//1595 1598//1598 1588//1588
f 1588//1588 1586//1586 1595//1595
f 1598//1598 1761//1761 1588//1588
f 1576//1576 1591//1591 1301//1301
f 1591//1591 1300//1300 1301//1301
f 1300//1300 1591//1591 1590//1590
f 1593//1593 3305//3305 3295//3295
f 1593//1593 3295//3295 3297//3297
f 3298//3298 1593//1593 3297//3297
f 1592//1592 1591//1591 1576//1576
f 1591//1591 1592//1592 3299//3299
f 3299//3299 1592//1592 1595//1595
f 3305//3305 1593//1593 1594//1594
f 1598//1598 1595//1595 1592//1592
f 1596//1596 3299//3299 1595//1595
f 3300//3300 1596//1596 1597//1597
f 1593//1593 3301//3301 1594//1594
f 1594//1594 3302//3302 3305//3305
f 1595//1595 1597//1597 1596//1596
f 3307//3307 3304//3304 3305//3305
f 3307//3307 3305//3305 3302//3302
f 1597//1597 1587//1587 3306//3306
f 1334//1334 1332//1332 1602//1602
f 3315//3315 1334//1334 1602//1602
f 1602//1602 1332//1332 1331//1331
f 1325//1325 3312//3312 3308//3308
f 3309//3309 3313//3313 3316//3316
f 1334//1334 1606//1606 1333//1333
f 1336//1336 1333//1333 1606//1606
f 3314//3314 3118//3118 3310//3310
f 3313//3313 3311//3311 3316//3316
f 1349//1349 1606//1606 1334//1334
f 1336//1336 1607//1607 1360//1360
f 1610//1610 1606//1606 1349//1349
f 1608//1608 1360//1360 1607//1607
f 1372//1372 1610//1610 1349//1349
f 1608//1608 1620//1620 1360//1360
f 1336//1336 1606//1606 1609//1609
f 1336//1336 1609//1609 1607//1607
f 3318//3318 1606//1606 1610//1610
f 1610//1610 1372//1372 1411//1411
f 1607//1607 1609//1609 1608//1608
f 1610//1610 1411//1411 3319//3319
f 3329//3329 1619//1619 3321//3321
f 3329//3329 3321//3321 3123//3123
f 1791//1791 3323//3323 3320//3320
f 1612//1612 1790//1790 1630//1630
f 1364//1364 3324//3324 1650//1650
f 1650//1650 3324//3324 1647//1647
f 1614//1614 3310//3310 3118//3118
f 1603//1603 3325//3325 1615//1615
f 1603//1603 1615//1615 1407//1407
f 1614//1614 3118//3118 1617//1617
f 3325//3325 3326//3326 1615//1615
f 1617//1617 3118//3118 3146//3146
f 3326//3326 1616//1616 1615//1615
f 3326//3326 1651//1651 1616//1616
f 1651//1651 1407//1407 1616//1616
f 3327//3327 3147//3147 3353//3353
f 1618//1618 3317//3317 3319//3319
f 1619//1619 3329//3329 3328//3328
f 3330//3330 3317//3317 1618//1618
f 3328//3328 3148//3148 1619//1619
f 1411//1411 1618//1618 3319//3319
f 1628//1628 1621//1621 1631//1631
f 1628//1628 1376//1376 1621//1621
f 3322//3322 1619//1619 3419//3419
f 1656//1656 1622//1622 1619//1619
f 1622//1622 3419//3419 1619//1619
f 1622//1622 1792//1792 3419//3419
f 1792//1792 1622//1622 1656//1656
f 1625//1625 1624//1624 1386//1386
f 1624//1624 1657//1657 1387//1387
f 1623//1623 1657//1657 1627//1627
f 1627//1627 1635//1635 1623//1623
f 1635//1635 1385//1385 1623//1623
f 1386//1386 1376//1376 1625//1625
f 3331//3331 1626//1626 1624//1624
f 1624//1624 1626//1626 1657//1657
f 1626//1626 1627//1627 1657//1657
f 1627//1627 1640//1640 1635//1635
f 1625//1625 1628//1628 1629//1629
f 1625//1625 1376//1376 1628//1628
f 3332//3332 1626//1626 3331//3331
f 1631//1631 1632//1632 1628//1628
f 1629//1629 1628//1628 3334//3334
f 3334//3334 1795//1795 1629//1629
f 3424//3424 1626//1626 3332//3332
f 1632//1632 1631//1631 3333//3333
f 3424//3424 1627//1627 1626//1626
f 1790//1790 3335//3335 1630//1630
f 1393//1393 3339//3339 1390//1390
f 1393//1393 1635//1635 1636//1636
f 1393//1393 1385//1385 1635//1635
f 1636//1636 3339//3339 1393//1393
f 1636//1636 1635//1635 1640//1640
f 1636//1636 1640//1640 3339//3339
f 3338//3338 1643//1643 1637//1637
f 1637//1637 1638//1638 3338//3338
f 3340//3340 1661//1661 3337//3337
f 1637//1637 1642//1642 1639//1639
f 1643//1643 1642//1642 1637//1637
f 3342//3342 1638//1638 1637//1637
f 1640//1640 1645//1645 3339//3339
f 3424//3424 3343//3343 1627//1627
f 1644//1644 1642//1642 1643//1643
f 1645//1645 1640//1640 1641//1641
f 1642//1642 1802//1802 3342//3342
f 3341//3341 1794//1794 1804//1804
f 1638//1638 3342//3342 3423//3423
f 1394//1394 1634//1634 3347//3347
f 3140//3140 1394//1394 3347//3347
f 3141//3141 1643//1643 3338//3338
f 3347//3347 1634//1634 3348//3348
f 3350//3350 3348//3348 1634//1634
f 3349//3349 3351//3351 1801//1801
f 1677//1677 1647//1647 1646//1646
f 1677//1677 1646//1646 1431//1431
f 1647//1647 1649//1649 1650//1650
f 1650//1650 1649//1649 1679//1679
f 1677//1677 1648//1648 1647//1647
f 1647//1647 1648//1648 1649//1649
f 1677//1677 1678//1678 1648//1648
f 1648//1648 1678//1678 1649//1649
f 1649//1649 3363//3363 1679//1679
f 1404//1404 3352//3352 1679//1679
f 3147//3147 1652//1652 3353//3353
f 1651//1651 3354//3354 1407//1407
f 1407//1407 1652//1652 1653//1653
f 3147//3147 1683//1683 1652//1652
f 1652//1652 1683//1683 1654//1654
f 1652//1652 1654//1654 1653//1653
f 1687//1687 1653//1653 1686//1686
f 1686//1686 1653//1653 1654//1654
f 1653//1653 1655//1655 1407//1407
f 1653//1653 1687//1687 1655//1655
f 1703//1703 1655//1655 1687//1687
f 1655//1655 1703//1703 1696//1696
f 1702//1702 1705//1705 1417//1417
f 1705//1705 1656//1656 1417//1417
f 1657//1657 1623//1623 1387//1387
f 1659//1659 1660//1660 1658//1658
f 3356//3356 1707//1707 3355//3355
f 1661//1661 1425//1425 3337//3337
f 1662//1662 3162//3162 3357//3357
f 1804//1804 3358//3358 3341//3341
f 3357//3357 1822//1822 1662//1662
f 1822//1822 1672//1672 1662//1662
f 1822//1822 3357//3357 3436//3436
f 1664//1664 3359//3359 1665//1665
f 3359//3359 1668//1668 1665//1665
f 1666//1666 1664//1664 1665//1665
f 1662//1662 1667//1667 3162//3162
f 3360//3360 1663//1663 1425//1425
f 1663//1663 3360//3360 3361//3361
f 1669//1669 1665//1665 1668//1668
f 1669//1669 1666//1666 1665//1665
f 3361//3361 3360//3360 1673//1673
f 1670//1670 1668//1668 3362//3362
f 1670//1670 1669//1669 1668//1668
f 1669//1669 1671//1671 1666//1666
f 1670//1670 1671//1671 1669//1669
f 1676//1676 1424//1424 1671//1671
f 1424//1424 1666//1666 1671//1671
f 1662//1662 1672//1672 1667//1667
f 3360//3360 1672//1672 1673//1673
f 3362//3362 1674//1674 1670//1670
f 1674//1674 1671//1671 1670//1670
f 1675//1675 1674//1674 3362//3362
f 1675//1675 1671//1671 1674//1674
f 1675//1675 1676//1676 1671//1671
f 1825//1825 1675//1675 3362//3362
f 1827//1827 1676//1676 1675//1675
f 3455//3455 1675//1675 1825//1825
f 1431//1431 1468//1468 1734//1734
f 1677//1677 1431//1431 1734//1734
f 3363//3363 1680//1680 1679//1679
f 1677//1677 1734//1734 1678//1678
f 1734//1734 3364//3364 1678//1678
f 1681//1681 1680//1680 1471//1471
f 1681//1681 1679//1679 1680//1680
f 1679//1679 1681//1681 1404//1404
f 1685//1685 1683//1683 1682//1682
f 1684//1684 1685//1685 1682//1682
f 3366//3366 1473//1473 1727//1727
f 1689//1689 1688//1688 1684//1684
f 1685//1685 3365//3365 1683//1683
f 1688//1688 1685//1685 1684//1684
f 1654//1654 1683//1683 1686//1686
f 1686//1686 1683//1683 3365//3365
f 1687//1687 1686//1686 1688//1688
f 1703//1703 1689//1689 1700//1700
f 1689//1689 1691//1691 1700//1700
f 1691//1691 1704//1704 1700//1700
f 3366//3366 1727//1727 1690//1690
f 1689//1689 1703//1703 1688//1688
f 1688//1688 1703//1703 1687//1687
f 1691//1691 1689//1689 3367//3367
f 1694//1694 3370//3370 3368//3368
f 3375//3375 3371//3371 3373//3373
f 1692//1692 3369//3369 3386//3386
f 1832//1832 3376//3376 1694//1694
f 3386//3386 1693//1693 1692//1692
f 3372//3372 1694//1694 3368//3368
f 1693//1693 1695//1695 1692//1692
f 3372//3372 3374//3374 1694//1694
f 1694//1694 3374//3374 1832//1832
f 1695//1695 1693//1693 1831//1831
f 1698//1698 1696//1696 1701//1701
f 1696//1696 1698//1698 1697//1697
f 1698//1698 1699//1699 1697//1697
f 1699//1699 1702//1702 1697//1697
f 1701//1701 1696//1696 1703//1703
f 1698//1698 1701//1701 1699//1699
f 1700//1700 1701//1701 1703//1703
f 1700//1700 1704//1704 1701//1701
f 1701//1701 1704//1704 1699//1699
f 3376//3376 1702//1702 1699//1699
f 1832//1832 1702//1702 3376//3376
f 1702//1702 1832//1832 1877//1877
f 1848//1848 1705//1705 1840//1840
f 1833//1833 1839//1839 1702//1702
f 1702//1702 1839//1839 1705//1705
f 1706//1706 1658//1658 3377//3377
f 1709//1709 1706//1706 1710//1710
f 1706//1706 3377//3377 1710//1710
f 1707//1707 3356//3356 1708//1708
f 1708//1708 1712//1712 1710//1710
f 1708//1708 1710//1710 1707//1707
f 1710//1710 1712//1712 1709//1709
f 1712//1712 1713//1713 1709//1709
f 1713//1713 1458//1458 1709//1709
f 1714//1714 1712//1712 3356//3356
f 1712//1712 1708//1708 3356//3356
f 1713//1713 1711//1711 1458//1458
f 1711//1711 1720//1720 1458//1458
f 1721//1721 1711//1711 1713//1713
f 1717//1717 1728//1728 1484//1484
f 1712//1712 1714//1714 1718//1718
f 1712//1712 1718//1718 1715//1715
f 1715//1715 1713//1713 1712//1712
f 1716//1716 1713//1713 1715//1715
f 1716//1716 1721//1721 1713//1713
f 1717//1717 1730//1730 1728//1728
f 1718//1718 1719//1719 1715//1715
f 1719//1719 1716//1716 1715//1715
f 1719//1719 1725//1725 1716//1716
f 1716//1716 1725//1725 1721//1721
f 1730//1730 1717//1717 1850//1850
f 1850//1850 1717//1717 1853//1853
f 1726//1726 1853//1853 1717//1717
f 1718//1718 1714//1714 1851//1851
f 1718//1718 1851//1851 1849//1849
f 3378//3378 1718//1718 1849//1849
f 1849//1849 1868//1868 3378//3378
f 3378//3378 1868//1868 1725//1725
f 3473//3473 1886//1886 3388//3388
f 1711//1711 1721//1721 1720//1720
f 1721//1721 1722//1722 1720//1720
f 3380//3380 3381//3381 1724//1724
f 1724//1724 1482//1482 3380//3380
f 1484//1484 1723//1723 1717//1717
f 1723//1723 1484//1484 3383//3383
f 3179//3179 1482//1482 1724//1724
f 1721//1721 1725//1725 1722//1722
f 1723//1723 3383//3383 1726//1726
f 1723//1723 1726//1726 1717//1717
f 1722//1722 1725//1725 1868//1868
f 3384//3384 3382//3382 3489//3489
f 3489//3489 3385//3385 3384//3384
f 1680//1680 1733//1733 1471//1471
f 1734//1734 3389//3389 3364//3364
f 1830//1830 1491//1491 1735//1735
f 1830//1830 1831//1831 1491//1491
f 3461//3461 1735//1735 1870//1870
f 1831//1831 3386//3386 1491//1491
f 3186//3186 1727//1727 1473//1473
f 1693//1693 3386//3386 1831//1831
f 1729//1729 1732//1732 1501//1501
f 3388//3388 1729//1729 3387//3387
f 1731//1731 1729//1729 3388//3388
f 1887//1887 1729//1729 1731//1731
f 1732//1732 1729//1729 1887//1887
f 3388//3388 1886//1886 1731//1731
f 1733//1733 3181//3181 1487//1487
f 3182//3182 3389//3389 1734//1734
f 3202//3202 1735//1735 3184//3184
f 1502//1502 3197//3197 1736//1736
f 1732//1732 1736//1736 1501//1501
f 1892//1892 1736//1736 1732//1732
f 1736//1736 1892//1892 1898//1898
f 1737//1737 1738//1738 1505//1505
f 3390//3390 1522//1522 1738//1738
f 1737//1737 1736//1736 1738//1738
f 1738//1738 1904//1904 3390//3390
f 1736//1736 1898//1898 1738//1738
f 1898//1898 1904//1904 1738//1738
f 1521//1521 1739//1739 1740//1740
f 1904//1904 1905//1905 3391//3391
f 3392//3392 3391//3391 1905//1905
f 1904//1904 1898//1898 1899//1899
f 3392//3392 1905//1905 1906//1906
f 1514//1514 3394//3394 1744//1744
f 1741//1741 1745//1745 1538//1538
f 1741//1741 1742//1742 1745//1745
f 1741//1741 1521//1521 1740//1740
f 1742//1742 1916//1916 1745//1745
f 1741//1741 1916//1916 1742//1742
f 1744//1744 3394//3394 1746//1746
f 1924//1924 1744//1744 1746//1746
f 1919//1919 1744//1744 1924//1924
f 1745//1745 1539//1539 1538//1538
f 1745//1745 1928//1928 1539//1539
f 1924//1924 1746//1746 1747//1747
f 1747//1747 1746//1746 3396//3396
f 1928//1928 1547//1547 1539//1539
f 1745//1745 1929//1929 1928//1928
f 1750//1750 1748//1748 3228//3228
f 1543//1543 3395//3395 1931//1931
f 1931//1931 1749//1749 1543//1543
f 1938//1938 1748//1748 1750//1750
f 1931//1931 3395//3395 3518//3518
f 1773//1773 3398//3398 3276//3276
f 3277//3277 3407//3407 3408//3408
f 1947//1947 1773//1773 1944//1944
f 1773//1773 1947//1947 3398//3398
f 3398//3398 1948//1948 3518//3518
f 1947//1947 1948//1948 3398//3398
f 3244//3244 1751//1751 1752//1752
f 3244//3244 1752//1752 1567//1567
f 1751//1751 3244//3244 1574//1574
f 1785//1785 1957//1957 1751//1751
f 1751//1751 1574//1574 1778//1778
f 1785//1785 1751//1751 1778//1778
f 1753//1753 1756//1756 1754//1754
f 1789//1789 1756//1756 1753//1753
f 3415//3415 1753//1753 1754//1754
f 1755//1755 1588//1588 1759//1759
f 1789//1789 1583//1583 1756//1756
f 1755//1755 1756//1756 1583//1583
f 1759//1759 1588//1588 1761//1761
f 1757//1757 1756//1756 1755//1755
f 1756//1756 1757//1757 1758//1758
f 1762//1762 1757//1757 1755//1755
f 1758//1758 1754//1754 1756//1756
f 1758//1758 1757//1757 1941//1941
f 1757//1757 1762//1762 1941//1941
f 1942//1942 1754//1754 1758//1758
f 1762//1762 1759//1759 1761//1761
f 1592//1592 1765//1765 1761//1761
f 1760//1760 3401//3401 1592//1592
f 1592//1592 1761//1761 1598//1598
f 1759//1759 1762//1762 1755//1755
f 1762//1762 1761//1761 1763//1763
f 1763//1763 1761//1761 1765//1765
f 3399//3399 1767//1767 3402//3402
f 1764//1764 1762//1762 1763//1763
f 1764//1764 1763//1763 1765//1765
f 1941//1941 1762//1762 1764//1764
f 1764//1764 3403//3403 1941//1941
f 1941//1941 3403//3403 1769//1769
f 3288//3288 3404//3404 3400//3400
f 3288//3288 1766//1766 3404//3404
f 3403//3403 3405//3405 1768//1768
f 3406//3406 3404//3404 1766//1766
f 1769//1769 3403//3403 1768//1768
f 3406//3406 1766//1766 1770//1770
f 1769//1769 1768//1768 1770//1770
f 1770//1770 1766//1766 1969//1969
f 1770//1770 1969//1969 1769//1769
f 1566//1566 1775//1775 1772//1772
f 3408//3408 3407//3407 1774//1774
f 1774//1774 3407//3407 1772//1772
f 1774//1774 1772//1772 1775//1775
f 3408//3408 1774//1774 1944//1944
f 1774//1774 3409//3409 1944//1944
f 1944//1944 3409//3409 1945//1945
f 1566//1566 1567//1567 1775//1775
f 1567//1567 1776//1776 1775//1775
f 1567//1567 1752//1752 1776//1776
f 1775//1775 1776//1776 3521//3521
f 1776//1776 1752//1752 1951//1951
f 1957//1957 1951//1951 1752//1752
f 3410//3410 3523//3523 1945//1945
f 3524//3524 3525//3525 1777//1777
f 1785//1785 1964//1964 1957//1957
f 1777//1777 3525//3525 3529//3529
f 1783//1783 1778//1778 1781//1781
f 1781//1781 1778//1778 1779//1779
f 1781//1781 1779//1779 1780//1780
f 1780//1780 1580//1580 1782//1782
f 1780//1780 1782//1782 1781//1781
f 1783//1783 1781//1781 1782//1782
f 1783//1783 3412//3412 1784//1784
f 3412//3412 3291//3291 1784//1784
f 1784//1784 3291//3291 1788//1788
f 1785//1785 1783//1783 1786//1786
f 1784//1784 1786//1786 1783//1783
f 1784//1784 1788//1788 3413//3413
f 1778//1778 1783//1783 1785//1785
f 1786//1786 1964//1964 1785//1785
f 3530//3530 3413//3413 1965//1965
f 1965//1965 3413//3413 1788//1788
f 1788//1788 1787//1787 3416//3416
f 3415//3415 1789//1789 1753//1753
f 3415//3415 1754//1754 1968//1968
f 1793//1793 3417//3417 3323//3323
f 3323//3323 1791//1791 1793//1793
f 3420//3420 3419//3419 1792//1792
f 1808//1808 3420//3420 1792//1792
f 3442//3442 1809//1809 3421//3421
f 3425//3425 1806//1806 3344//3344
f 3418//3418 3425//3425 3336//3336
f 1811//1811 1794//1794 1796//1796
f 1794//1794 1811//1811 1804//1804
f 3445//3445 1822//1822 3436//3436
f 3426//3426 3423//3423 1798//1798
f 3418//3418 1797//1797 3425//3425
f 3421//3421 1809//1809 3427//3427
f 1800//1800 3426//3426 1798//1798
f 3427//3427 1809//1809 3446//3446
f 1793//1793 1799//1799 3417//3417
f 3417//3417 1799//1799 3428//3428
f 3423//3423 1807//1807 1798//1798
f 3427//3427 3430//3430 3421//3421
f 3429//3429 3422//3422 3431//3431
f 3428//3428 1799//1799 1805//1805
f 3437//3437 3429//3429 3431//3431
f 3438//3438 1800//1800 1798//1798
f 1807//1807 3438//3438 1798//1798
f 3351//3351 3346//3346 1801//1801
f 1803//1803 1801//1801 3346//3346
f 3433//3433 1641//1641 1640//1640
f 3432//3432 3434//3434 1802//1802
f 3432//3432 1802//1802 1642//1642
f 1644//1644 3432//3432 1642//1642
f 3342//3342 1802//1802 3423//3423
f 3435//3435 3345//3345 3439//3439
f 3434//3434 1807//1807 1802//1802
f 1797//1797 1806//1806 3425//3425
f 1807//1807 3423//3423 1802//1802
f 3440//3440 1807//1807 3434//3434
f 3428//3428 1805//1805 3441//3441
f 1807//1807 3440//3440 3438//3438
f 1808//1808 1792//1792 1656//1656
f 1705//1705 3442//3442 1656//1656
f 1705//1705 1848//1848 3442//3442
f 3442//3442 1858//1858 1815//1815
f 1814//1814 1809//1809 3442//3442
f 1659//1659 1812//1812 1660//1660
f 1812//1812 1659//1659 1829//1829
f 1659//1659 1424//1424 1829//1829
f 1855//1855 1714//1714 3356//3356
f 1812//1812 1813//1813 1660//1660
f 1813//1813 1810//1810 1660//1660
f 3443//3443 1855//1855 3356//3356
f 1813//1813 1817//1817 1810//1810
f 3448//3448 3482//3482 3444//3444
f 3448//3448 1860//1860 3482//3482
f 1823//1823 1822//1822 3445//3445
f 1812//1812 1819//1819 1813//1813
f 1819//1819 1817//1817 1813//1813
f 3442//3442 1815//1815 1814//1814
f 1814//1814 1815//1815 1816//1816
f 1814//1814 1816//1816 3449//3449
f 1815//1815 1858//1858 3447//3447
f 3447//3447 1858//1858 1859//1859
f 3447//3447 1859//1859 3450//3450
f 3450//3450 1859//1859 3484//3484
f 3446//3446 1820//1820 1823//1823
f 3446//3446 1809//1809 1820//1820
f 1809//1809 1818//1818 1820//1820
f 1820//1820 1818//1818 1821//1821
f 1818//1818 3451//3451 1821//1821
f 3452//3452 1819//1819 1812//1812
f 1829//1829 3452//3452 1812//1812
f 1809//1809 1814//1814 1818//1818
f 3451//3451 1818//1818 1814//1814
f 3449//3449 3451//3451 1814//1814
f 3460//3460 1820//1820 1821//1821
f 1824//1824 3453//3453 1822//1822
f 3453//3453 1672//1672 1822//1822
f 1824//1824 1822//1822 1823//1823
f 1676//1676 1829//1829 1424//1424
f 1820//1820 1828//1828 1823//1823
f 1823//1823 1828//1828 1824//1824
f 1828//1828 1826//1826 1824//1824
f 3453//3453 1824//1824 1826//1826
f 3460//3460 3459//3459 1820//1820
f 3456//3456 1826//1826 1828//1828
f 1826//1826 3456//3456 3454//3454
f 3459//3459 3460//3460 3457//3457
f 1676//1676 3458//3458 1829//1829
f 3453//3453 1673//1673 1672//1672
f 1873//1873 3463//3463 3462//3462
f 1873//1873 3374//3374 3463//3463
f 3374//3374 1873//1873 1832//1832
f 1702//1702 1877//1877 1833//1833
f 1841//1841 1839//1839 1833//1833
f 3464//3464 1835//1835 1837//1837
f 3466//3466 1834//1834 3465//3465
f 1834//1834 1841//1841 3465//3465
f 3492//3492 1879//1879 1835//1835
f 3464//3464 3492//3492 1835//1835
f 1837//1837 1835//1835 1836//1836
f 3466//3466 1978//1978 1834//1834
f 1836//1836 1835//1835 3493//3493
f 1836//1836 3493//3493 1883//1883
f 1978//1978 1844//1844 1834//1834
f 1836//1836 1838//1838 1837//1837
f 3468//3468 1836//1836 1882//1882
f 1882//1882 1836//1836 1883//1883
f 1882//1882 1885//1885 3468//3468
f 1838//1838 2002//2002 1837//1837
f 3468//3468 1885//1885 3541//3541
f 1841//1841 1842//1842 1839//1839
f 3469//3469 1705//1705 1839//1839
f 1841//1841 1844//1844 1842//1842
f 1843//1843 1840//1840 1705//1705
f 1843//1843 1845//1845 1840//1840
f 1834//1834 1844//1844 1841//1841
f 3469//3469 1843//1843 1705//1705
f 3469//3469 3470//3470 1843//1843
f 1840//1840 1979//1979 1848//1848
f 1840//1840 1845//1845 1979//1979
f 1846//1846 1845//1845 1843//1843
f 1846//1846 3470//3470 3537//3537
f 1843//1843 3470//3470 1846//1846
f 1846//1846 1847//1847 1845//1845
f 1847//1847 1846//1846 3537//3537
f 3471//3471 1979//1979 1845//1845
f 1848//1848 1858//1858 3442//3442
f 1858//1858 1848//1848 1984//1984
f 3539//3539 1981//1981 1848//1848
f 3475//3475 1852//1852 3472//3472
f 3476//3476 1868//1868 1849//1849
f 3477//3477 3479//3479 3385//3385
f 3474//3474 3480//3480 1888//1888
f 1854//1854 1888//1888 3480//3480
f 3497//3497 3474//3474 1888//1888
f 1856//1856 3478//3478 1851//1851
f 3478//3478 1856//1856 3481//3481
f 3481//3481 1856//1856 1857//1857
f 1854//1854 3481//3481 1857//1857
f 1863//1863 1855//1855 3485//3485
f 1855//1855 1863//1863 1861//1861
f 1714//1714 1855//1855 1861//1861
f 1851//1851 1714//1714 1861//1861
f 1851//1851 1862//1862 1856//1856
f 1851//1851 1861//1861 1862//1862
f 1856//1856 1862//1862 1866//1866
f 1866//1866 1857//1857 1856//1856
f 1888//1888 1854//1854 1893//1893
f 1893//1893 1854//1854 1857//1857
f 3483//3483 1863//1863 3485//3485
f 1864//1864 1862//1862 1861//1861
f 1866//1866 1862//1862 1864//1864
f 1857//1857 1866//1866 1865//1865
f 1857//1857 1865//1865 1893//1893
f 3483//3483 1858//1858 1984//1984
f 1863//1863 3483//3483 1984//1984
f 3486//3486 1861//1861 1863//1863
f 1866//1866 1983//1983 1865//1865
f 1865//1865 1869//1869 1893//1893
f 1867//1867 3486//3486 1863//1863
f 3486//3486 1867//1867 3487//3487
f 1867//1867 1982//1982 3487//3487
f 1982//1982 1983//1983 3487//3487
f 1869//1869 1865//1865 1983//1983
f 1984//1984 3488//3488 1863//1863
f 1867//1867 1984//1984 1982//1982
f 1985//1985 1983//1983 1982//1982
f 1988//1988 1983//1983 1990//1990
f 1988//1988 1869//1869 1983//1983
f 3477//3477 3385//3385 3489//3489
f 2007//2007 1869//1869 1988//1988
f 1871//1871 1870//1870 1903//1903
f 1872//1872 1871//1871 1903//1903
f 2012//2012 3490//3490 3504//3504
f 3462//3462 3490//3490 1873//1873
f 1872//1872 3461//3461 1871//1871
f 1871//1871 3461//3461 1870//1870
f 1875//1875 1873//1873 3490//3490
f 2012//2012 1875//1875 3490//3490
f 2013//2013 3491//3491 2012//2012
f 1873//1873 1875//1875 1880//1880
f 3494//3494 3491//3491 1876//1876
f 1876//1876 1874//1874 3494//3494
f 1995//1995 1996//1996 1876//1876
f 1876//1876 1996//1996 1874//1874
f 1998//1998 1874//1874 1996//1996
f 1832//1832 1878//1878 1877//1877
f 3495//3495 1832//1832 1873//1873
f 1878//1878 1879//1879 3492//3492
f 1832//1832 3494//3494 1878//1878
f 1883//1883 3493//3493 1881//1881
f 3496//3496 1879//1879 1878//1878
f 3494//3494 3496//3496 1878//1878
f 3494//3494 1874//1874 3496//3496
f 1884//1884 1883//1883 1881//1881
f 1884//1884 3496//3496 1874//1874
f 1882//1882 1883//1883 1885//1885
f 1885//1885 1884//1884 1999//1999
f 1885//1885 1883//1883 1884//1884
f 1999//1999 1884//1884 1874//1874
f 3498//3498 1887//1887 1731//1731
f 1892//1892 1732//1732 1887//1887
f 3498//3498 1888//1888 1889//1889
f 1889//1889 1887//1887 3498//3498
f 1890//1890 1891//1891 1889//1889
f 1888//1888 1890//1890 1889//1889
f 1887//1887 1889//1889 3499//3499
f 3499//3499 1892//1892 1887//1887
f 1888//1888 1893//1893 1890//1890
f 1891//1891 1894//1894 1892//1892
f 1890//1890 1893//1893 1894//1894
f 1891//1891 1890//1890 1894//1894
f 1892//1892 1894//1894 1895//1895
f 1901//1901 1892//1892 1895//1895
f 1869//1869 1894//1894 1893//1893
f 1894//1894 1896//1896 1895//1895
f 1869//1869 2007//2007 1894//1894
f 1896//1896 1901//1901 1895//1895
f 1894//1894 2007//2007 2008//2008
f 2008//2008 1896//1896 1894//1894
f 1897//1897 1896//1896 2008//2008
f 1896//1896 1897//1897 2024//2024
f 1870//1870 1735//1735 1903//1903
f 2012//2012 3504//3504 2030//2030
f 1898//1898 1892//1892 1899//1899
f 1900//1900 1899//1899 1892//1892
f 1892//1892 1901//1901 1900//1900
f 3500//3500 3501//3501 1910//1910
f 3502//3502 1902//1902 3507//3507
f 1902//1902 1912//1912 3507//3507
f 1901//1901 1896//1896 2024//2024
f 2024//2024 1900//1900 1901//1901
f 3503//3503 3545//3545 1902//1902
f 1912//1912 1902//1902 2025//2025
f 1735//1735 1514//1514 1903//1903
f 1744//1744 1903//1903 1514//1514
f 1915//1915 3504//3504 1744//1744
f 3504//3504 1915//1915 2030//2030
f 3507//3507 1907//1907 1905//1905
f 3508//3508 1905//1905 1904//1904
f 1907//1907 1906//1906 1905//1905
f 3505//3505 1909//1909 1908//1908
f 1908//1908 3393//3393 3505//3505
f 1899//1899 3508//3508 1904//1904
f 1907//1907 3506//3506 1906//1906
f 1908//1908 1909//1909 1911//1911
f 1911//1911 1917//1917 1908//1908
f 3511//3511 3393//3393 1908//1908
f 3506//3506 1907//1907 3507//3507
f 1909//1909 1913//1913 1911//1911
f 3393//3393 3511//3511 3509//3509
f 3507//3507 1912//1912 3506//3506
f 1913//1913 1909//1909 1912//1912
f 1911//1911 1913//1913 1918//1918
f 2025//2025 1913//1913 1912//1912
f 1914//1914 1913//1913 2025//2025
f 2136//2136 1914//1914 2025//2025
f 1913//1913 1914//1914 1918//1918
f 1918//1918 1914//1914 2136//2136
f 1741//1741 1740//1740 1916//1916
f 1917//1917 1918//1918 3510//3510
f 1917//1917 1911//1911 1918//1918
f 2041//2041 3510//3510 1918//1918
f 1919//1919 1924//1924 1926//1926
f 1744//1744 1919//1919 1915//1915
f 1920//1920 1915//1915 1919//1919
f 1919//1919 2043//2043 1920//1920
f 1926//1926 2043//2043 1919//1919
f 2050//2050 2043//2043 1926//1926
f 1920//1920 2043//2043 2032//2032
f 1745//1745 1916//1916 1922//1922
f 1921//1921 1929//1929 1745//1745
f 3512//3512 1745//1745 1922//1922
f 1923//1923 1929//1929 1921//1921
f 3513//3513 3512//3512 1922//1922
f 3556//3556 1922//1922 1916//1916
f 3556//3556 3513//3513 1922//1922
f 1924//1924 1747//1747 1925//1925
f 1926//1926 1924//1924 1925//1925
f 1935//1935 1926//1926 1925//1925
f 1935//1935 1925//1925 1747//1747
f 2050//2050 1926//1926 1936//1936
f 1936//1936 1926//1926 1935//1935
f 1928//1928 1930//1930 1927//1927
f 1923//1923 2048//2048 1927//1927
f 2053//2053 1927//1927 2048//2048
f 1930//1930 1928//1928 1929//1929
f 1923//1923 1927//1927 1930//1930
f 1923//1923 1930//1930 1929//1929
f 1749//1749 1931//1931 1939//1939
f 1939//1939 1931//1931 3518//3518
f 3519//3519 1932//1932 3396//3396
f 1933//1933 1935//1935 1932//1932
f 1933//1933 1932//1932 1934//1934
f 1933//1933 3516//3516 2050//2050
f 2051//2051 3516//3516 3522//3522
f 1935//1935 1747//1747 1932//1932
f 1747//1747 3396//3396 1932//1932
f 1936//1936 1935//1935 1933//1933
f 1928//1928 1766//1766 1547//1547
f 3515//3515 1927//1927 2056//2056
f 2053//2053 2056//2056 1927//1927
f 2056//2056 1937//1937 3515//3515
f 3517//3517 1766//1766 1928//1928
f 2056//2056 2057//2057 1937//1937
f 3560//3560 1766//1766 3517//3517
f 3560//3560 2060//2060 1766//1766
f 1948//1948 1939//1939 3518//3518
f 1934//1934 1932//1932 3519//3519
f 3522//3522 3516//3516 3520//3520
f 2058//2058 3522//3522 1949//1949
f 2058//2058 1949//1949 1940//1940
f 1957//1957 1752//1752 1751//1751
f 1754//1754 1942//1942 1968//1968
f 1758//1758 1941//1941 1942//1942
f 1942//1942 1941//1941 2068//2068
f 1942//1942 2068//2068 1943//1943
f 2068//2068 1941//1941 1769//1769
f 1769//1769 2080//2080 2068//2068
f 2068//2068 2080//2080 2070//2070
f 2083//2083 2060//2060 2084//2084
f 1944//1944 1946//1946 1947//1947
f 1946//1946 1944//1944 1945//1945
f 1946//1946 1945//1945 1950//1950
f 1950//1950 1952//1952 1946//1946
f 1946//1946 1952//1952 1947//1947
f 1956//1956 1940//1940 1949//1949
f 1956//1956 3522//3522 1947//1947
f 1956//1956 1949//1949 3522//3522
f 1950//1950 1945//1945 3523//3523
f 3411//3411 1950//1950 3523//3523
f 1973//1973 1950//1950 3411//3411
f 3411//3411 1972//1972 1973//1973
f 1952//1952 1950//1950 3534//3534
f 1974//1974 1952//1952 3534//3534
f 1975//1975 1972//1972 1958//1958
f 1952//1952 1953//1953 1947//1947
f 1974//1974 1953//1953 1952//1952
f 1974//1974 1955//1955 1953//1953
f 3526//3526 1959//1959 3535//3535
f 1947//1947 1953//1953 1956//1956
f 1954//1954 1953//1953 1955//1955
f 1959//1959 1955//1955 3535//3535
f 1956//1956 1953//1953 1954//1954
f 1956//1956 1954//1954 1962//1962
f 1962//1962 1954//1954 1955//1955
f 1962//1962 1940//1940 1956//1956
f 1972//1972 3411//3411 3530//3530
f 3530//3530 1958//1958 1972//1972
f 1958//1958 3530//3530 1960//1960
f 3530//3530 1965//1965 1960//1960
f 1960//1960 1965//1965 1976//1976
f 1959//1959 3526//3526 3527//3527
f 1955//1955 1959//1959 1962//1962
f 1962//1962 1959//1959 1961//1961
f 1961//1961 1959//1959 3527//3527
f 1961//1961 3527//3527 3536//3536
f 1976//1976 1965//1965 1967//1967
f 2062//2062 1962//1962 1961//1961
f 3536//3536 2062//2062 1961//1961
f 1963//1963 1976//1976 1967//1967
f 1962//1962 2062//2062 1940//1940
f 3528//3528 2062//2062 3536//3536
f 1965//1965 1788//1788 3533//3533
f 1966//1966 1965//1965 3533//3533
f 1966//1966 1967//1967 1965//1965
f 1966//1966 1963//1963 1967//1967
f 1968//1968 2091//2091 3531//3531
f 1969//1969 1766//1766 1970//1970
f 1970//1970 1766//1766 2060//2060
f 1971//1971 1769//1769 1969//1969
f 2081//2081 2080//2080 1971//1971
f 2080//2080 1769//1769 1971//1971
f 2081//2081 1971//1971 1969//1969
f 1969//1969 1970//1970 2083//2083
f 2083//2083 1970//1970 2060//2060
f 2081//2081 1969//1969 2082//2082
f 2083//2083 2082//2082 1969//1969
f 3534//3534 1972//1972 1975//1975
f 1974//1974 3534//3534 1975//1975
f 3535//3535 1955//1955 1974//1974
f 1977//1977 1837//1837 2002//2002
f 2002//2002 1994//1994 1977//1977
f 1994//1994 2105//2105 1977//1977
f 3541//3541 1885//1885 1999//1999
f 3538//3538 3467//3467 1980//1980
f 1977//1977 1980//1980 3467//3467
f 1977//1977 2105//2105 1980//1980
f 1981//1981 3539//3539 1980//1980
f 3471//3471 1980//1980 1979//1979
f 1980//1980 3471//3471 3538//3538
f 1848//1848 1981//1981 1984//1984
f 1984//1984 1985//1985 1982//1982
f 1985//1985 1990//1990 1983//1983
f 1984//1984 1986//1986 1985//1985
f 1986//1986 1989//1989 1985//1985
f 1986//1986 1984//1984 1981//1981
f 1986//1986 1981//1981 1987//1987
f 1989//1989 1986//1986 1992//1992
f 1992//1992 1986//1986 1987//1987
f 1992//1992 1987//1987 2010//2010
f 1988//1988 1990//1990 1991//1991
f 1988//1988 1991//1991 2007//2007
f 1985//1985 1989//1989 1990//1990
f 1989//1989 3540//3540 1990//1990
f 1989//1989 1992//1992 3540//3540
f 1993//1993 2107//2107 2096//2096
f 1876//1876 3491//3491 2013//2013
f 2096//2096 2004//2004 1993//1993
f 2004//2004 2005//2005 1993//1993
f 1994//1994 3542//3542 3574//3574
f 1874//1874 1998//1998 1999//1999
f 1995//1995 2001//2001 1997//1997
f 1995//1995 1997//1997 1996//1996
f 1997//1997 1998//1998 1996//1996
f 1998//1998 2000//2000 1999//1999
f 1997//1997 2001//2001 2000//2000
f 2000//2000 1998//1998 1997//1997
f 1876//1876 2013//2013 1995//1995
f 1995//1995 2013//2013 2001//2001
f 3541//3541 1999//1999 2003//2003
f 2003//2003 1999//1999 2000//2000
f 2003//2003 2000//2000 2001//2001
f 2003//2003 2001//2001 2017//2017
f 2017//2017 2001//2001 2013//2013
f 2003//2003 2017//2017 3541//3541
f 2004//2004 3541//3541 2005//2005
f 3542//3542 1994//1994 2002//2002
f 1981//1981 2006//2006 1987//1987
f 1987//1987 2006//2006 2010//2010
f 2023//2023 1981//1981 2136//2136
f 1981//1981 2023//2023 2006//2006
f 1991//1991 2008//2008 2007//2007
f 1991//1991 2009//2009 2008//2008
f 1897//1897 2008//2008 2009//2009
f 3543//3543 3540//3540 1992//1992
f 2009//2009 3540//3540 3543//3543
f 3543//3543 2011//2011 2009//2009
f 2011//2011 1897//1897 2009//2009
f 3545//3545 1897//1897 2011//2011
f 2010//2010 2006//2006 2011//2011
f 2030//2030 2027//2027 2012//2012
f 2012//2012 2014//2014 2013//2013
f 2012//2012 2015//2015 2014//2014
f 2012//2012 2027//2027 2015//2015
f 3541//3541 2016//2016 2005//2005
f 3541//3541 2017//2017 2016//2016
f 2018//2018 2013//2013 2014//2014
f 2017//2017 2013//2013 2018//2018
f 2015//2015 2020//2020 2014//2014
f 2020//2020 2018//2018 2014//2014
f 2027//2027 2028//2028 2015//2015
f 2016//2016 2017//2017 2022//2022
f 2019//2019 2017//2017 2018//2018
f 2022//2022 2017//2017 2019//2019
f 2019//2019 2018//2018 3544//3544
f 2028//2028 2020//2020 2015//2015
f 1993//1993 2005//2005 2021//2021
f 2022//2022 2021//2021 2005//2005
f 2016//2016 2022//2022 2005//2005
f 2022//2022 2019//2019 3544//3544
f 2022//2022 3544//3544 2028//2028
f 2022//2022 2028//2028 2124//2124
f 2021//2021 2107//2107 1993//1993
f 2021//2021 2022//2022 3593//3593
f 2011//2011 2006//2006 2023//2023
f 2026//2026 2025//2025 1902//1902
f 2023//2023 2136//2136 2025//2025
f 2026//2026 1902//1902 2011//2011
f 2011//2011 1902//1902 3545//3545
f 2023//2023 2025//2025 2026//2026
f 2023//2023 2026//2026 2011//2011
f 2027//2027 2029//2029 2028//2028
f 2124//2124 2028//2028 2029//2029
f 3546//3546 2125//2125 2027//2027
f 2125//2125 2029//2029 2027//2027
f 2030//2030 1915//1915 2033//2033
f 2036//2036 2130//2130 2035//2035
f 3550//3550 2128//2128 2031//2031
f 2035//2035 2130//2130 2128//2128
f 2128//2128 3550//3550 2035//2035
f 3547//3547 2030//2030 2033//2033
f 3546//3546 3548//3548 2125//2125
f 2033//2033 1915//1915 1920//1920
f 2033//2033 1920//1920 2032//2032
f 3549//3549 2034//2034 3551//3551
f 2037//2037 2035//2035 3552//3552
f 3553//3553 2037//2037 3552//3552
f 2034//2034 3549//3549 2038//2038
f 2035//2035 2037//2037 2036//2036
f 2039//2039 2040//2040 3554//3554
f 2039//2039 3554//3554 2037//2037
f 2037//2037 3553//3553 2039//2039
f 3553//3553 2038//2038 2039//2039
f 3549//3549 2044//2044 2038//2038
f 2134//2134 3598//3598 3555//3555
f 2135//2135 3554//3554 2040//2040
f 2135//2135 3603//3603 3554//3554
f 2137//2137 2040//2040 2039//2039
f 2039//2039 2038//2038 2137//2137
f 2038//2038 2046//2046 2137//2137
f 2038//2038 2044//2044 2046//2046
f 1918//1918 2136//2136 2042//2042
f 2055//2055 2042//2042 2136//2136
f 2042//2042 2041//2041 1918//1918
f 2041//2041 2042//2042 3514//3514
f 2052//2052 2043//2043 2050//2050
f 2043//2043 2052//2052 2045//2045
f 3557//3557 2044//2044 3549//3549
f 2044//2044 2047//2047 2046//2046
f 2047//2047 2044//2044 3557//3557
f 3558//3558 2047//2047 3557//3557
f 2047//2047 3558//3558 2146//2146
f 3608//3608 2045//2045 2052//2052
f 2042//2042 2049//2049 3514//3514
f 2048//2048 1923//1923 3559//3559
f 2048//2048 3559//3559 2053//2053
f 2055//2055 2049//2049 2042//2042
f 2049//2049 2055//2055 2053//2053
f 3516//3516 2051//2051 2050//2050
f 3522//3522 2058//2058 2051//2051
f 2050//2050 1936//1936 1933//1933
f 2052//2052 2050//2050 2051//2051
f 2051//2051 2058//2058 2059//2059
f 2051//2051 2059//2059 2052//2052
f 2052//2052 2059//2059 2147//2147
f 3608//3608 2052//2052 2147//2147
f 2054//2054 2056//2056 2053//2053
f 2053//2053 2055//2055 2054//2054
f 2054//2054 2057//2057 2056//2056
f 2061//2061 3561//3561 2057//2057
f 2057//2057 2054//2054 2061//2061
f 2054//2054 2055//2055 2061//2061
f 2059//2059 1940//1940 2147//2147
f 2058//2058 1940//1940 2059//2059
f 2061//2061 3566//3566 3561//3561
f 2087//2087 3567//3567 2061//2061
f 2061//2061 2055//2055 2136//2136
f 2136//2136 2087//2087 2061//2061
f 1940//1940 2062//2062 2063//2063
f 2062//2062 2159//2159 3562//3562
f 3528//3528 2159//2159 2062//2062
f 2147//2147 1940//1940 2063//2063
f 3562//3562 2159//2159 3609//3609
f 2089//2089 3532//3532 2088//2088
f 3528//3528 3532//3532 2064//2064
f 2064//2064 3532//3532 2089//2089
f 2094//2094 3572//3572 2065//2065
f 1942//1942 2065//2065 1968//1968
f 2091//2091 1968//1968 2065//2065
f 1943//1943 2065//2065 1942//1942
f 1943//1943 2066//2066 2065//2065
f 1943//1943 3564//3564 2069//2069
f 2069//2069 2066//2066 1943//1943
f 2066//2066 2069//2069 2072//2072
f 2094//2094 2065//2065 2066//2066
f 2072//2072 2067//2067 2066//2066
f 2094//2094 2066//2066 2067//2067
f 2070//2070 2071//2071 3564//3564
f 2069//2069 3564//3564 2072//2072
f 3564//3564 2071//2071 2072//2072
f 2071//2071 2074//2074 2072//2072
f 2067//2067 2072//2072 2074//2074
f 2071//2071 2073//2073 2074//2074
f 2070//2070 2073//2073 2071//2071
f 2070//2070 2081//2081 2075//2075
f 2075//2075 2081//2081 2085//2085
f 2070//2070 2075//2075 2073//2073
f 2074//2074 2073//2073 2077//2077
f 2075//2075 2085//2085 2076//2076
f 2073//2073 2075//2075 2076//2076
f 2073//2073 2076//2076 2077//2077
f 2074//2074 2077//2077 2078//2078
f 2078//2078 2077//2077 2076//2076
f 2078//2078 2076//2076 2087//2087
f 2136//2136 2173//2173 2079//2079
f 2079//2079 2173//2173 2078//2078
f 2078//2078 2087//2087 2079//2079
f 2070//2070 2080//2080 2081//2081
f 2081//2081 2082//2082 3568//3568
f 3568//3568 2082//2082 2086//2086
f 2082//2082 2083//2083 2086//2086
f 3567//3567 2086//2086 2083//2083
f 2087//2087 2086//2086 3567//3567
f 2086//2086 2087//2087 3569//3569
f 2087//2087 2076//2076 3570//3570
f 2136//2136 2079//2079 2087//2087
f 2092//2092 2088//2088 3573//3573
f 2088//2088 3532//3532 3573//3573
f 2088//2088 2092//2092 2089//2089
f 2093//2093 2089//2089 2092//2092
f 2090//2090 3563//3563 3571//3571
f 2093//2093 2090//2090 3571//3571
f 2092//2092 3572//3572 2093//2093
f 2090//2090 2093//2093 2164//2164
f 3572//3572 2164//2164 2093//2093
f 2170//2170 3572//3572 2095//2095
f 2170//2170 2164//2164 3572//3572
f 2172//2172 2170//2170 2095//2095
f 3572//3572 2094//2094 2095//2095
f 2095//2095 2094//2094 2074//2074
f 2095//2095 2074//2074 2172//2172
f 2067//2067 2074//2074 2094//2094
f 2172//2172 2074//2074 2078//2078
f 3565//3565 2173//2173 3620//3620
f 2106//2106 1980//1980 2105//2105
f 1980//1980 2106//2106 1981//1981
f 2098//2098 3575//3575 2097//2097
f 3577//3577 2096//2096 2107//2107
f 2108//2108 2098//2098 2097//2097
f 2099//2099 3576//3576 3578//3578
f 2109//2109 2100//2100 2108//2108
f 2098//2098 2108//2108 2100//2100
f 3578//3578 3579//3579 2102//2102
f 3578//3578 2102//2102 2099//2099
f 2101//2101 2102//2102 3579//3579
f 3581//3581 3580//3580 3584//3584
f 3581//3581 2176//2176 2104//2104
f 2101//2101 3582//3582 2102//2102
f 2099//2099 2102//2102 3582//3582
f 2103//2103 2099//2099 3582//3582
f 2106//2106 2099//2099 2103//2103
f 3576//3576 2105//2105 1994//1994
f 2105//2105 3576//3576 2099//2099
f 2099//2099 2106//2106 2105//2105
f 1981//1981 2106//2106 2136//2136
f 3585//3585 3583//3583 2107//2107
f 3583//3583 3577//3577 2107//2107
f 2107//2107 2111//2111 3585//3585
f 2111//2111 2107//2107 2110//2110
f 2107//2107 2119//2119 2110//2110
f 2110//2110 2119//2119 2175//2175
f 2176//2176 3581//3581 3584//3584
f 3584//3584 3586//3586 3622//3622
f 2111//2111 2110//2110 2175//2175
f 2176//2176 3584//3584 3622//3622
f 2126//2126 2107//2107 2021//2021
f 2129//2129 2131//2131 2112//2112
f 2112//2112 3600//3600 2113//2113
f 2123//2123 2112//2112 2113//2113
f 2113//2113 2178//2178 2123//2123
f 3594//3594 2128//2128 2127//2127
f 2127//2127 2129//2129 2114//2114
f 2129//2129 2127//2127 2128//2128
f 2107//2107 2126//2126 2115//2115
f 3595//3595 3596//3596 2114//2114
f 2116//2116 3595//3595 2114//2114
f 2114//2114 2129//2129 2116//2116
f 3587//3587 2119//2119 2107//2107
f 2117//2117 3591//3591 2116//2116
f 3591//3591 3588//3588 2116//2116
f 3589//3589 3595//3595 2116//2116
f 2116//2116 2118//2118 2117//2117
f 2129//2129 2112//2112 2118//2118
f 2116//2116 2129//2129 2118//2118
f 3592//3592 2179//2179 3622//3622
f 3592//3592 3590//3590 2120//2120
f 2121//2121 2120//2120 2118//2118
f 2120//2120 3590//3590 2118//2118
f 2121//2121 2118//2118 2112//2112
f 2181//2181 3592//3592 2120//2120
f 2121//2121 2122//2122 2120//2120
f 2122//2122 2181//2181 2120//2120
f 2112//2112 2122//2122 2121//2121
f 2112//2112 2123//2123 2122//2122
f 2181//2181 2179//2179 3592//3592
f 2123//2123 2178//2178 2122//2122
f 2029//2029 3594//3594 2127//2127
f 2126//2126 2021//2021 3593//3593
f 2029//2029 2127//2127 2124//2124
f 3597//3597 2126//2126 3593//3593
f 2129//2129 2130//2130 2131//2131
f 2128//2128 2130//2130 2129//2129
f 2132//2132 3599//3599 3604//3604
f 3599//3599 2132//2132 3601//3601
f 2132//2132 3604//3604 2141//2141
f 2132//2132 2133//2133 3601//3601
f 3602//3602 2113//2113 3600//3600
f 2133//2133 2132//2132 2141//2141
f 2031//2031 2128//2128 3594//3594
f 2182//2182 2113//2113 3602//3602
f 2141//2141 3605//3605 2135//2135
f 3626//3626 2133//2133 2141//2141
f 2046//2046 2047//2047 2137//2137
f 2047//2047 2138//2138 2137//2137
f 2139//2139 2138//2138 2047//2047
f 2146//2146 2139//2139 2047//2047
f 2146//2146 2148//2148 2139//2139
f 2135//2135 2137//2137 2149//2149
f 2135//2135 2040//2040 2137//2137
f 2149//2149 2137//2137 2138//2138
f 2138//2138 2139//2139 2149//2149
f 2139//2139 2148//2148 2149//2149
f 2135//2135 2149//2149 2141//2141
f 2140//2140 2141//2141 2149//2149
f 2141//2141 2140//2140 2142//2142
f 2141//2141 2142//2142 3626//3626
f 2145//2145 2142//2142 2144//2144
f 2150//2150 2142//2142 2140//2140
f 2149//2149 2150//2150 2140//2140
f 2142//2142 2150//2150 2143//2143
f 2142//2142 2143//2143 2144//2144
f 2143//2143 2150//2150 2152//2152
f 2142//2142 2145//2145 3626//3626
f 2144//2144 2143//2143 2151//2151
f 3606//3606 2186//2186 2145//2145
f 3607//3607 2187//2187 2186//2186
f 2151//2151 2153//2153 2144//2144
f 2153//2153 2187//2187 3607//3607
f 2186//2186 3626//3626 2145//2145
f 2148//2148 2146//2146 3609//3609
f 2157//2157 2148//2148 3609//3609
f 2157//2157 2149//2149 2148//2148
f 2150//2150 2149//2149 2157//2157
f 2157//2157 2152//2152 2150//2150
f 2156//2156 2152//2152 2157//2157
f 2154//2154 2151//2151 2152//2152
f 2151//2151 2143//2143 2152//2152
f 2151//2151 2154//2154 2153//2153
f 2155//2155 2154//2154 2152//2152
f 2156//2156 2155//2155 2152//2152
f 2187//2187 2153//2153 2193//2193
f 2193//2193 2153//2153 2154//2154
f 2193//2193 2154//2154 2155//2155
f 2156//2156 2193//2193 2155//2155
f 2157//2157 2197//2197 2156//2156
f 2209//2209 2173//2173 2136//2136
f 2159//2159 2157//2157 3609//3609
f 2158//2158 2157//2157 2159//2159
f 2158//2158 2159//2159 2160//2160
f 3611//3611 3563//3563 2162//2162
f 2159//2159 3528//3528 2064//2064
f 2159//2159 3613//3613 2160//2160
f 3631//3631 3610//3610 2161//2161
f 2161//2161 3610//3610 2158//2158
f 2199//2199 2169//2169 2204//2204
f 2198//2198 3631//3631 2161//2161
f 2161//2161 2158//2158 2202//2202
f 2199//2199 3632//3632 3612//3612
f 2160//2160 2202//2202 2158//2158
f 2169//2169 2205//2205 2204//2204
f 2162//2162 3563//3563 2090//2090
f 2162//2162 2090//2090 2163//2163
f 2090//2090 2164//2164 2163//2163
f 3613//3613 3614//3614 2165//2165
f 3614//3614 2166//2166 2165//2165
f 2166//2166 3614//3614 3615//3615
f 3617//3617 2164//2164 2174//2174
f 2164//2164 2170//2170 2174//2174
f 3613//3613 2167//2167 2160//2160
f 2167//2167 3613//3613 2165//2165
f 3616//3616 3618//3618 2168//2168
f 3619//3619 2169//2169 3612//3612
f 3619//3619 3616//3616 2168//2168
f 2199//2199 3612//3612 2169//2169
f 2169//2169 3619//3619 2210//2210
f 2168//2168 2210//2210 3619//3619
f 2168//2168 2211//2211 2210//2210
f 2168//2168 3618//3618 2211//2211
f 2170//2170 2172//2172 2174//2174
f 2173//2173 2171//2171 3621//3621
f 2173//2173 3621//3621 3620//3620
f 2209//2209 2212//2212 2171//2171
f 2174//2174 3636//3636 3617//3617
f 3621//3621 2171//2171 3637//3637
f 3637//3637 2171//2171 2212//2212
f 2209//2209 2171//2171 2173//2173
f 2103//2103 3582//3582 2177//2177
f 2176//2176 3622//3622 2180//2180
f 2180//2180 3622//3622 2179//2179
f 2104//2104 2176//2176 3623//3623
f 3624//3624 3623//3623 2176//2176
f 2103//2103 2177//2177 2106//2106
f 2181//2181 2122//2122 2178//2178
f 3625//3625 2178//2178 2184//2184
f 2184//2184 2178//2178 2113//2113
f 2180//2180 2179//2179 2181//2181
f 3625//3625 3623//3623 3624//3624
f 2177//2177 2183//2183 2106//2106
f 3625//3625 2184//2184 3623//3623
f 2182//2182 2184//2184 2113//2113
f 2184//2184 3627//3627 3623//3623
f 2182//2182 2189//2189 2184//2184
f 2183//2183 3628//3628 2185//2185
f 2190//2190 2184//2184 2189//2189
f 2185//2185 2192//2192 2136//2136
f 2106//2106 2183//2183 2185//2185
f 2185//2185 3628//3628 2192//2192
f 2106//2106 2185//2185 2136//2136
f 3626//3626 2186//2186 2187//2187
f 2188//2188 3626//3626 2187//2187
f 2182//2182 3629//3629 2189//2189
f 2189//2189 2191//2191 2190//2190
f 3629//3629 2191//2191 2189//2189
f 2195//2195 2191//2191 3629//3629
f 2190//2190 2191//2191 2192//2192
f 2192//2192 2191//2191 2196//2196
f 2191//2191 3630//3630 2196//2196
f 3628//3628 2190//2190 2192//2192
f 2192//2192 2196//2196 2136//2136
f 2188//2188 2187//2187 2193//2193
f 2156//2156 2194//2194 2193//2193
f 2197//2197 2194//2194 2156//2156
f 2195//2195 3629//3629 2193//2193
f 2194//2194 2195//2195 2193//2193
f 2195//2195 2194//2194 2197//2197
f 3630//3630 3631//3631 2196//2196
f 3631//3631 2208//2208 2206//2206
f 2196//2196 2209//2209 2136//2136
f 3631//3631 2206//2206 2196//2196
f 2198//2198 2200//2200 3631//3631
f 2201//2201 2198//2198 2161//2161
f 2198//2198 2201//2201 2200//2200
f 2202//2202 2201//2201 2161//2161
f 3632//3632 2199//2199 2204//2204
f 2208//2208 3631//3631 2200//2200
f 2208//2208 2200//2200 2201//2201
f 2202//2202 2203//2203 2201//2201
f 3633//3633 3632//3632 2204//2204
f 3633//3633 2204//2204 3638//3638
f 3638//3638 2204//2204 2205//2205
f 2207//2207 2209//2209 2196//2196
f 2206//2206 3635//3635 2207//2207
f 2201//2201 2203//2203 2208//2208
f 3634//3634 2212//2212 3635//3635
f 3635//3635 2212//2212 2207//2207
f 2207//2207 2196//2196 2206//2206
f 2209//2209 2207//2207 2212//2212
f 2205//2205 2169//2169 2210//2210
f 2211//2211 3638//3638 2210//2210
f 2205//2205 2210//2210 3638//3638
