# Wavafront OBJ file of BodyParts3D
# BodyParts3D, Copyright(C) 2010-2011 The Database Center for Life Science licensed under CC Attribution-Share Alike 2.1 Japan.
vn 0.885809 -0.460586 0.0565963
v -81.6829 -52.1905 189.743
vn 0.983397 -0.167505 0.0698094
v -80.9059 -51.2004 184.081
vn 0.983947 -0.0918411 0.153017
v -83.7573 -53.2076 207.733
vn 0.842208 -0.531113 0.0927636
v -83.8471 -53.6222 207.646
vn 0.580446 -0.814237 0.0100335
v -84.2529 -54.0455 206.892
vn 0.976774 0.0740835 0.201057
v -83.1162 -52.5081 203.847
vn 0.989059 -0.0735227 0.127895
v -82.5508 -52.1705 200.912
vn 0.950838 -0.286322 0.11801
v -82.8005 -52.5298 201.631
vn 0.979407 0.120981 0.161635
v -82.2006 -51.6665 197.974
vn 0.920005 0.346063 0.183932
v -82.2783 -51.5084 198.195
vn 0.807486 -0.572271 0.143083
v -85.2325 -54.1055 214.666
vn 0.93316 -0.315405 0.17243
v -84.9529 -53.7527 214.027
vn 0.985747 0.0221127 0.166773
v -84.5682 -53.0821 212.767
vn 0.956657 0.22801 0.181159
v -83.7957 -52.8131 207.797
vn 0.971561 0.152827 0.180865
v -83.9737 -51.8906 206.907
vn 0.989461 -0.0701793 0.126654
v -83.9823 -51.6917 206.941
vn 0.947248 0.17923 0.265701
v -83.4972 -51.6567 204.556
vn 0.968734 0.0946741 0.229327
v -83.0918 -51.8437 203.558
vn 0.963096 0.214337 0.162804
v -82.6892 -51.3614 200.829
vn 0.979615 0.135855 0.14798
v -82.5647 -51.1024 199.251
vn 0.977343 0.170491 0.125435
v -82.6758 -50.289 199.173
vn 0.940977 0.31266 0.129635
v -82.496 -50.6013 198.734
vn 0.829526 0.466356 0.307245
v -82.2292 -51.1808 197.439
vn 0.963866 0.0991057 0.247265
v -82.3776 -51.0039 197.448
vn 0.978185 -0.0851208 0.189497
v -82.3224 -50.795 197.494
vn 0.989906 -0.0470983 0.133668
v -82.4046 -50.6974 198.115
vn 0.817484 0.543941 0.189338
v -82.4727 -50.2179 197.573
vn 0.983218 0.160759 -0.0862532
v -82.7376 -50.0387 198.797
vn 0.981226 0.192832 0.00340885
v -82.8333 -49.994 198.38
vn 0.936737 0.223797 0.269143
v -82.1611 -50.88 196.887
vn 0.967236 -0.0403262 0.250656
v -82.2745 -50.7575 197.302
vn 0.939784 0.29588 0.171061
v -82.1449 -50.3573 196.161
vn 0.949452 0.260719 0.174834
v -82.3137 -50.3333 197.166
vn 0.898197 0.37864 0.223322
v -82.4882 -49.8705 196.606
vn 0.979796 0.145122 0.13762
v -81.8426 -50.6711 194.508
vn 0.94126 0.274211 0.197074
v -82.3479 -49.5285 195.866
vn 0.923862 0.340275 0.175192
v -82.0036 -49.136 192.291
vn 0.972213 0.181674 0.147636
v -81.2665 -49.4916 190.081
vn 0.934365 0.339269 0.108897
v -81.1681 -48.0469 186.039
vn 0.990503 0.12645 0.0539828
v -80.8758 -48.093 182.583
vn 0.900186 -0.396586 0.179957
v -88.1421 -54.2668 228.65
vn 0.790564 -0.590601 0.161862
v -87.3079 -54.4783 224.22
vn 0.964426 -0.176253 0.197024
v -86.888 -53.862 223.367
vn 0.990642 -0.0172562 0.13539
v -83.9862 -50.8506 208.322
vn 0.98056 0.0460841 0.190733
v -83.3343 -50.4802 203.763
vn 0.99924 -0.00542895 0.0385965
v -82.7076 -49.6933 199.274
vn 0.997552 0.0128349 0.0687476
v -82.6691 -49.4271 198.916
vn 0.989893 -0.105557 -0.0947085
v -82.7249 -49.8364 198.835
vn 0.976162 -0.209438 -0.05695
v -82.7069 -49.6034 198.674
vn 0.99405 -0.0150874 0.107878
v -82.7477 -49.6606 197.63
vn 0.979012 0.174591 0.105138
v -82.4107 -49.0182 195.126
vn 0.974694 0.149596 0.166112
v -82.4542 -48.8847 195.553
vn 0.994629 0.0511684 0.0899673
v -82.3384 -47.6558 194.352
vn 0.946484 0.290312 0.141022
v -81.699 -47.859 188.251
vn 0.922405 -0.293672 0.250851
v -89.6644 -54.1563 237.03
vn 0.863976 -0.47453 0.168425
v -89.6715 -54.784 235.719
vn 0.969683 -0.145945 0.195997
v -88.9015 -53.3621 234.035
vn 0.979792 -0.092245 0.177478
v -87.5829 -52.7377 227.363
vn 0.969752 0.0713946 0.233419
v -85.9295 -51.5013 218.386
vn 0.977179 0.146366 0.153943
v -84.5459 -49.6859 210.703
vn 0.879832 0.387127 0.275732
v -84.3861 -49.7114 209.696
vn 0.935871 0.199505 0.29042
v -84.3393 -49.414 209.14
vn 0.981705 -0.101487 0.161108
v -84.3236 -49.2113 209.178
vn 0.988961 -0.0698857 0.130662
v -84.3868 -49.1407 210.003
vn 0.983586 0.137936 0.116331
v -84.497 -49.8401 210.272
vn 0.943326 -0.307102 0.125797
v -84.5436 -49.536 209.703
vn 0.977316 0.129337 0.167704
v -84.161 -49.0061 208.007
vn 0.910647 0.38536 0.149065
v -84.104 -48.187 206.723
vn 0.934312 0.325038 0.146329
v -82.5787 -46.9226 194.651
vn 0.931431 0.349333 0.101992
v -82.4807 -46.6977 193.268
vn 0.945362 -0.266042 0.188448
v -91.1642 -54.2135 243.809
vn 0.980946 0.0446687 0.189075
v -89.6367 -52.2143 237.824
vn 0.953371 -0.183543 0.239573
v -89.747 -53.4033 237.391
vn 0.970754 -0.106745 0.215042
v -89.4899 -52.8724 236.908
vn 0.956785 0.14663 0.251121
v -88.8649 -52.1548 234.255
vn 0.933424 0.276043 0.229171
v -89.1758 -52.1831 235.435
vn 0.869398 0.422712 0.255854
v -89.0239 -52.0395 234.662
vn 0.893416 0.311127 0.324049
v -89.092 -51.56 234.121
vn 0.976928 0.0901136 0.193627
v -89.3192 -51.7454 235.08
vn 0.923518 0.253535 0.287812
v -88.7881 -51.3924 233.375
vn 0.965477 -0.157305 0.207626
v -88.2674 -51.9824 231.09
vn 0.952143 0.125594 0.278656
v -87.794 -51.0976 229.882
vn 0.959744 0.00892954 0.280735
v -88.1189 -51.4986 230.788
vn 0.882246 0.33543 0.330347
v -88.149 -51.073 230.654
vn 0.804519 0.479805 0.350051
v -87.9601 -50.7233 229.923
vn 0.97065 -0.208987 0.119008
v -87.608 -51.3997 228.008
vn 0.962678 -0.234731 0.134733
v -87.6492 -51.3556 229.036
vn 0.851326 0.464545 0.243808
v -87.7788 -50.595 229.152
vn 0.971873 -0.167738 0.165307
v -87.8901 -52.0242 229.086
vn 0.98224 0.0929892 0.162962
v -87.0988 -50.4702 225.169
vn 0.98135 0.101534 0.163227
v -86.5959 -49.8524 221.658
vn 0.916692 0.257357 0.305685
v -85.8445 -49.9365 217.65
vn 0.907457 0.328777 0.261588
v -86.0461 -49.8279 218.049
vn 0.953122 0.217107 0.21077
v -85.4421 -49.3438 215.557
vn 0.815642 0.50422 0.283707
v -85.7976 -48.8589 216
vn 0.854352 0.464163 0.233743
v -86.258 -48.3308 216.024
vn 0.864503 0.453798 0.216107
v -85.1778 -48.1628 212.11
vn 0.834221 0.51437 0.198744
v -84.7813 -46.5423 205.885
vn 0.826854 0.552761 0.103766
v -83.0014 -44.8396 189.821
vn 0.974571 -0.135304 0.178615
v -92.2656 -53.3121 250.169
vn 0.983491 -0.0335014 0.177829
v -91.9053 -52.5257 248.104
vn 0.957583 0.124829 0.259716
v -90.8349 -51.6688 243.695
vn 0.960337 0.192966 0.201291
v -89.9869 -51.1669 240.011
vn 0.982139 -0.00604158 0.18806
v -89.5887 -50.9753 237.846
vn 0.961739 0.136787 0.237375
v -88.95 -50.1956 234.795
vn 0.983943 -0.115568 0.136014
v -88.6748 -50.0832 233.009
vn 0.971292 0.00571063 0.237824
v -88.7889 -50.702 232.882
vn 0.967864 0.182832 0.172661
v -88.6328 -49.6162 232.687
vn 0.985747 -0.0471113 0.161505
v -88.5952 -50.5218 231.916
vn 0.96876 0.139357 0.205145
v -88.4065 -50.4829 230.514
vn 0.84611 0.409118 0.341644
v -88.263 -50.3705 229.939
vn 0.909824 0.355849 0.213523
v -88.0738 -50.2509 229.373
vn 0.943208 0.302575 0.137138
v -88.1516 -49.9732 228.795
vn 0.984108 0.0952701 0.149849
v -88.2062 -49.4409 229.292
vn 0.978645 0.152042 0.138336
v -87.9003 -48.7736 226.581
vn 0.929977 0.307517 0.201433
v -87.6922 -49.2219 225.712
vn 0.931083 0.320672 0.173934
v -87.3111 -48.6324 223.615
vn 0.814603 0.5614 0.145782
v -85.4288 -46.1126 207.712
vn 0.814848 0.555157 0.166801
v -85.345 -46.1501 206.691
vn 0.830062 0.545961 0.113682
v -85.7228 -45.1694 205.164
vn 0.803897 0.579233 0.13505
v -85.3139 -45.0359 203.402
vn 0.96783 -0.145382 0.205352
v -93.3016 -53.1117 255.798
vn 0.97646 -0.172267 0.129806
v -91.3978 -51.4261 245.501
vn 0.982359 0.0610496 0.176757
v -91.1609 -50.498 245.086
vn 0.969353 0.0266042 0.244227
v -91.1661 -51.1801 244.143
vn 0.978715 -0.139569 0.150458
v -91.0268 -50.6978 243.839
vn 0.973701 0.0333446 0.225376
v -91.0007 -50.864 243.608
vn 0.990049 0.0358761 0.136071
v -90.7348 -49.982 242.162
vn 0.967977 0.165613 0.188661
v -90.6447 -50.2487 241.306
vn 0.892925 0.388048 0.228263
v -90.1161 -50.4669 239.294
vn 0.939925 0.299432 0.163955
v -90.2669 -50.0902 239.338
vn 0.874644 0.42981 0.224193
v -89.4678 -50.146 236.574
vn 0.91886 0.348552 0.184956
v -89.8638 -49.4075 236.645
vn 0.804694 0.491488 0.333027
v -89.0797 -49.8156 234.843
vn 0.769836 0.536547 0.345644
v -89.2483 -49.902 235.213
vn 0.807215 0.531499 0.256735
v -89.6028 -49.5574 235.22
vn 0.941557 0.290441 0.170628
v -89.6924 -48.8512 234.511
vn 0.851555 0.462094 0.247635
v -89.4686 -48.3164 232.586
vn 0.899119 0.389197 0.200278
v -88.4924 -48.5951 230.22
vn 0.920716 0.350876 0.170789
v -88.1385 -47.78 226.516
vn 0.870917 0.46252 0.166068
v -88.2414 -46.5764 223.839
vn 0.831139 0.532871 0.158922
v -87.4178 -45.4801 216.148
vn 0.955552 -0.205546 0.211355
v -94.8227 -52.2856 263.519
vn 0.975687 0.0995217 0.195272
v -93.5338 -51.0444 258.184
vn 0.962436 -0.153502 0.22395
v -93.6466 -52.0336 257.786
vn 0.876908 0.444407 0.183127
v -92.4365 -49.8957 249.107
vn 0.918796 0.350475 0.181609
v -90.6811 -48.8136 239.913
vn 0.979792 0.0671284 0.188416
v -94.7233 -51.4689 263.679
vn 0.805297 -0.589441 0.0636906
v -97.4769 -51.2762 277.877
vn 0.809947 -0.51477 0.281064
v -97.2807 -51.2774 275.648
vn 0.964676 0.0766689 0.252035
v -96.5312 -50.7962 274.82
vn 0.85604 -0.350964 0.3795
v -96.6251 -51.0412 274.968
vn 0.792962 -0.396609 0.462507
v -97.0052 -50.9906 275.535
vn 0.753824 -0.543904 0.36867
v -96.9528 -51.384 275.062
vn 0.950189 -0.26604 0.162368
v -96.4021 -51.1373 273.136
vn 0.922344 0.350733 0.162073
v -94.9501 -48.8831 261.228
vn 0.835794 0.529296 0.145928
v -94.7438 -48.1418 257.899
vn 0.877232 -0.46138 0.132635
v -99.4061 -52.2827 288.086
vn 0.983697 0.0634998 0.168252
v -98.7869 -51.2552 286.103
vn 0.904033 -0.393683 0.166549
v -98.9434 -51.8806 285.968
vn 0.945194 -0.280802 0.166611
v -98.5985 -51.6467 284.83
vn 0.851573 -0.504755 0.141585
v -98.8151 -52.1072 284.892
vn 0.98421 -0.0369746 0.1731
v -98.2476 -51.2922 282.892
vn 0.942154 0.267875 0.201468
v -98.3582 -50.9391 283.143
vn 0.959049 -0.0176131 0.282693
v -97.8647 -50.9925 281.36
vn 0.953709 -0.156005 0.257102
v -98.0212 -51.077 281.732
vn 0.947565 0.183829 0.261394
v -98.0329 -50.8771 281.756
vn 0.855208 -0.496348 0.149191
v -98.0907 -51.4578 281.443
vn 0.679288 -0.719964 0.142192
v -98.1837 -51.6528 280.989
vn 0.930236 -0.33302 0.154142
v -97.6394 -51.178 280.129
vn 0.97347 0.140828 0.180346
v -97.6232 -50.7749 280.203
vn 0.866641 0.450018 0.215445
v -97.825 -50.4361 280.438
vn 0.744038 -0.657149 0.120675
v -97.8237 -51.5434 280.036
vn 0.927855 -0.290463 0.233917
v -97.0252 -50.8234 275.767
vn 0.917292 0.0259942 0.397365
v -96.853 -50.5362 275.434
vn 0.960544 0.127422 0.247221
v -96.9581 -50.3824 275.65
vn 0.884705 0.419791 0.202662
v -97.0672 -49.9692 275.502
vn 0.929011 0.336865 0.153166
v -95.8752 -49.3856 267.571
vn 0.841932 0.520973 0.140493
v -95.2008 -48.3219 261.29
vn 0.682957 -0.697872 0.215744
v -101.155 -52.1393 297.909
vn 0.879498 -0.442613 0.174863
v -100.632 -51.8704 296.188
vn 0.946439 0.288168 0.145641
v -99.5266 -50.8285 290.585
vn 0.96415 -0.215565 0.154748
v -99.2732 -51.5804 289.052
vn 0.910527 0.371359 0.181748
v -98.9806 -50.5354 285.174
vn 0.862062 0.476599 0.172348
v -99.2894 -49.523 284.896
vn 0.869274 0.460368 0.180065
v -98.4603 -49.8849 281.467
vn 0.79504 0.591868 0.132679
v -98.2775 -49.1772 278.334
vn 0.954496 0.179644 0.238044
v -101.596 -50.968 301.337
vn 0.946307 -0.146103 0.28837
v -101.946 -51.0025 302.51
vn -0.892606 -0.442877 0.0843438
v -101.957 -51.0251 301.272
vn 0.954361 -0.17213 0.244064
v -101.298 -51.3423 300.083
vn 0.478564 -0.846333 0.233873
v -101.355 -51.7297 299.8
vn 0.926475 -0.319541 0.198842
v -100.888 -51.5792 298.05
vn -0.771367 -0.631187 0.0812131
v -101.626 -51.7049 299.353
vn 0.924255 0.333423 0.18596
v -100.655 -50.7025 296.598
vn 0.98164 -0.0216875 0.189506
v -100.484 -51.2463 296.322
vn 0.852221 0.492035 0.177823
v -100.919 -50.1134 296.457
vn 0.877307 0.45553 0.151082
v -100.162 -50.2864 293.049
vn 0.850794 0.496961 0.170819
v -99.0694 -48.959 282.771
vn 0.941844 0.202737 0.268007
v -101.973 -50.8065 302.54
vn -0.147986 -0.172911 0.973756
v -102.012 -50.8127 302.533
vn 0.910891 0.343684 0.228381
v -101.972 -50.5289 302.179
vn 0.870725 0.441493 0.216615
v -101.888 -50.4038 301.598
vn -0.721981 -0.612117 0.322578
v -102.129 -50.5361 301.914
vn 0.816672 -0.201443 0.540803
v -102.234 -50.1968 302.198
vn -0.834748 -0.515399 0.193804
v -102.332 -50.343 301.747
vn 0.708066 0.630089 0.318794
v -102.335 -49.9729 302.017
vn 0.773021 0.581427 0.253734
v -102.179 -49.8585 301.445
vn 0.798274 0.584267 0.14626
v -100.984 -49.0443 293.35
vn 0.977069 0.129723 -0.168845
v -57.0323 -43.3382 39.9917
vn 0.893773 -0.263604 0.36288
v -57.0673 -43.7583 40.1172
vn 0.71142 -0.443759 0.54494
v -57.4824 -44.5002 40.3331
vn 0.789846 0.435259 -0.43208
v -57.3714 -43.2661 39.0907
vn 0.868911 0.376953 -0.32078
v -57.3671 -41.9403 40.1891
vn 0.462442 0.683852 -0.564352
v -57.8639 -41.6133 40.377
vn 0.706715 -0.467038 0.531441
v -58.248 -41.2649 43.8722
vn 0.892498 -0.193095 0.407629
v -57.3131 -41.2786 42.3688
vn 0.983472 0.179338 0.0249243
v -57.25 -41.2388 42.1801
vn 0.976525 0.16394 0.139722
v -57.4614 -40.5608 42.8845
vn 0.694156 0.644386 -0.320802
v -57.691 -40.1672 42.7175
vn 0.706835 0.652318 -0.273616
v -58.059 -40.135 42.0476
vn 0.69475 0.614484 -0.373807
v -57.6248 -40.978 41.3478
vn 0.89935 -0.212081 0.38235
v -58.25 -39.6721 45.3871
vn 0.522229 -0.697201 0.491109
v -59.338 -40.7647 46.0545
vn 0.71769 0.666702 -0.20107
v -57.9026 -39.5187 43.6186
vn 0.498709 0.752655 -0.429883
v -58.1409 -39.3967 43.3987
vn 0.479285 0.758194 -0.442073
v -58.2038 -39.7502 42.9155
vn 0.55544 0.734952 -0.389015
v -58.4007 -39.1836 43.5121
vn 0.745466 0.629468 -0.219205
v -58.4572 -39.5263 42.9845
vn 0.864514 0.502136 -0.0217948
v -58.4383 -39.4536 42.5217
vn 0.938318 0.343287 0.0413954
v -58.5882 -39.3369 42.9305
vn 0.876734 0.457414 -0.148693
v -58.6212 -39.0082 43.4413
vn 0.91343 0.405844 -0.0305942
v -58.6687 -38.7488 43.0227
vn 0.651729 0.699236 -0.293799
v -58.751 -38.7268 42.7738
vn 0.846703 0.454765 -0.276193
v -58.4399 -39.6645 41.8679
vn 0.796123 -0.478368 0.370611
v -60.5132 -38.8047 50.7426
vn 0.844957 -0.347619 0.406459
v -58.9416 -37.8779 47.8599
vn 0.676232 0.705725 -0.211336
v -58.8903 -37.8307 46.233
vn 0.853642 0.520427 0.0212405
v -58.8366 -37.6664 46.8865
vn 0.759783 0.634483 -0.141992
v -58.9078 -38.3966 44.4963
vn 0.868235 0.494224 0.0436998
v -58.9003 -38.3342 44.0881
vn 0.76937 0.633554 -0.0817275
v -59.1591 -38.0343 44.5127
vn 0.651879 0.748317 -0.122786
v -59.0575 -38.1384 43.9595
vn 0.650273 0.728102 -0.216822
v -59.2741 -37.9926 44.0919
vn 0.777872 0.610881 -0.147443
v -59.4032 -37.8128 44.1042
vn 0.89275 -0.246994 0.376818
v -59.7144 -36.8927 49.9405
vn 0.48431 0.861122 -0.154636
v -59.8528 -37.0411 46.6376
vn 0.791124 0.610271 -0.041132
v -60.1761 -36.3211 46.9217
vn 0.726695 0.654845 0.207589
v -61.1401 -36.073 52.5702
vn 0.581321 0.813295 0.0248366
v -59.9553 -36.5045 49.796
vn 0.471436 0.878127 -0.081499
v -60.7243 -36.1792 50.3552
vn 0.925639 0.296341 0.235316
v -60.5837 -36.0239 48.5556
vn 0.725009 -0.688639 0.0118142
v -81.2014 -51.9173 181.239
vn 0.50682 -0.858566 -0.0774491
v -81.5812 -52.1374 180.115
vn 0.668035 -0.744088 -0.00789711
v -80.827 -51.627 176.623
vn 0.930411 -0.366135 0.0167495
v -80.2241 -50.679 173.186
vn 0.998134 -0.060262 0.00985584
v -79.9272 -49.8843 168.237
vn 0.397939 -0.915565 -0.0581789
v -85.2434 -54.5145 204.81
vn 0.591833 -0.80606 -0.00080332
v -83.0638 -53.2062 196.131
vn 0.995326 0.0168536 0.0950944
v -80.4069 -50.4337 179.569
vn 0.956134 -0.288028 0.0533722
v -80.4919 -51.0985 178.411
vn 0.996158 0.0329844 0.0811311
v -80.2674 -49.7029 176.228
vn 0.997855 0.0395054 0.0521945
v -80.094 -49.6664 174.823
vn 0.99907 -0.0360169 0.0237239
v -80.1357 -50.2346 173.073
vn 0.996771 0.0565245 0.057039
v -79.9421 -48.676 167.012
vn 0.61058 -0.782789 0.120143
v -87.2315 -55.5353 217.882
vn 0.529216 -0.846619 0.0562757
v -87.2475 -55.9701 214.927
vn 0.625646 -0.777503 0.0636888
v -85.5919 -54.8131 212.714
vn 0.568535 -0.821989 0.0332072
v -86.2686 -55.1804 213.368
vn 0.549295 -0.835585 -0.00849341
v -83.9742 -53.8225 202.867
vn 0.976523 0.195131 0.0912523
v -80.6831 -49.3862 179.097
vn 0.92434 0.342349 0.168502
v -80.5023 -49.1782 177.929
vn 0.836343 0.480032 0.264763
v -80.6747 -48.4551 177.004
vn 0.961763 0.240872 0.130353
v -80.7654 -48.2691 177.023
vn 0.959354 0.256901 0.1168
v -80.4048 -47.7129 175.123
vn 0.95098 0.304125 0.0560781
v -80.364 -46.6893 168.328
vn 0.981266 0.183619 0.0583134
v -80.0336 -47.0286 166.88
vn 0.549572 -0.831958 0.076261
v -88.0765 -54.9232 225.462
vn 0.562659 -0.815616 0.134852
v -86.8102 -54.846 219.507
vn 0.905442 0.420865 0.055204
v -80.7478 -46.9153 176.239
vn 0.927505 0.368257 0.0641943
v -80.7385 -45.8851 172.111
vn 0.770505 -0.613353 0.173552
v -90.4992 -55.4777 237.113
vn 0.499984 -0.86388 0.0610484
v -91.0192 -55.9133 236.957
vn 0.15183 -0.981368 -0.117745
v -89.9565 -55.5368 229.586
vn 0.293122 -0.956047 0.00736299
v -89.64 -55.3004 227.622
vn 0.87488 0.479241 0.0701015
v -81.2834 -46.1365 179.993
vn 0.969868 0.239374 0.0453472
v -80.9226 -46.4709 178.551
vn 0.954714 0.297521 -0.00171826
v -81.1203 -46.1431 176.115
vn 0.757892 -0.633094 0.157455
v -92.9449 -55.9076 248.783
vn 0.77635 -0.612811 0.147459
v -91.3927 -55.1922 241.823
vn 0.912048 -0.334488 0.237248
v -90.2916 -54.5202 238.547
vn 0.776187 0.618992 0.119927
v -82.7357 -44.6805 184.961
vn 0.814944 0.570088 0.104237
v -82.0275 -44.5199 179.346
vn 0.644881 -0.740958 0.187377
v -94.3337 -55.9481 254.246
vn 0.932249 -0.296744 0.207016
v -92.635 -54.7514 251.09
vn 0.873538 -0.425741 0.235957
v -93.2496 -55.0578 252.38
vn 0.820598 0.569073 0.0526709
v -82.9713 -44.9064 187.555
vn 0.846599 0.532231 -0.000548204
v -83.6273 -43.9097 185.578
vn 0.593537 0.787034 0.168198
v -83.4688 -43.4777 183.009
vn 0.734098 -0.649255 0.198919
v -95.6384 -55.106 260.751
vn 0.843071 -0.492558 0.215911
v -93.9076 -55.2658 254.707
vn 0.938101 -0.24567 0.244158
v -92.9013 -53.9716 252.42
vn 0.784956 0.605006 0.133457
v -84.5896 -45.2349 198.752
vn 0.718129 -0.667949 0.195282
v -96.5351 -54.8205 265.478
vn 0.723399 0.674412 0.147858
v -86.406 -44.6557 206.384
vn 0.684466 0.71108 0.160843
v -86.1786 -43.7041 201.675
vn 0.798133 0.599308 0.061755
v -85.7278 -43.4946 196.706
vn 0.766085 0.635559 0.0958063
v -86.1416 -42.8673 197.499
vn 0.887415 -0.410926 0.20889
v -95.5173 -53.1248 265.523
vn 0.751553 0.649654 0.114533
v -87.8746 -43.0045 207.275
vn 0.84145 -0.485583 0.237004
v -97.163 -52.438 274.022
vn 0.893766 0.420877 0.155066
v -93.6893 -48.4499 251.638
vn 0.678814 0.704272 0.207874
v -91.2608 -45.455 233.232
vn 0.806647 0.550526 0.215039
v -90.4933 -45.9255 231.827
vn 0.768685 0.615804 0.172943
v -89.657 -44.7466 224.975
vn -0.0543289 -0.985729 0.159334
v -101.32 -54.0682 291.38
vn 0.776181 -0.620092 0.114145
v -100.006 -53.7509 286.091
vn 0.888114 -0.434414 0.150127
v -99.0788 -53.2165 280.986
vn 0.751177 -0.652435 0.100306
v -98.2205 -51.8704 279.918
vn 0.839759 0.529531 0.120007
v -93.8762 -47.7589 250.911
vn 0.621287 0.766892 0.16087
v -94.3366 -47.3205 251.535
vn 0.683672 0.70782 0.177716
v -94.9964 -46.5781 249.717
vn 0.650134 0.738136 0.180228
v -94.6375 -46.4627 248.766
vn 0.598521 0.778515 0.18891
v -90.96 -43.5604 225.809
vn 0.0605516 -0.948151 0.311998
v -101.015 -53.0264 294.487
vn 0.633987 -0.757801 0.154263
v -101.245 -53.1893 294.628
vn 0.824664 -0.557489 0.0955846
v -99.267 -52.6429 285.167
vn 0.809145 -0.578359 0.103855
v -98.4218 -51.8378 281.331
vn 0.801845 0.584368 0.124734
v -95.43 -47.3892 257.518
vn 0.859876 0.506144 0.0665657
v -95.6113 -47.137 258.357
vn 0.818905 0.562143 0.115713
v -95.2151 -47.0861 255.756
vn 0.478482 -0.846299 0.234165
v -101.336 -52.2521 297.872
vn 0.554486 -0.783826 0.279577
v -101.165 -52.3903 297.042
vn 0.355738 -0.906758 0.226366
v -101.25 -52.3196 297.452
vn -0.810092 -0.581387 0.0757654
v -101.442 -52.2076 297.443
vn 0.841493 -0.499896 0.204923
v -101.231 -52.7258 296.561
vn 0.785758 -0.593461 0.174322
v -101.124 -52.7539 295.991
vn 0.252751 -0.901371 0.351634
v -101.41 -52.3782 297.249
vn -0.926322 -0.374478 0.0411667
v -101.577 -51.8283 297.49
vn -0.81607 -0.574285 0.065021
v -101.378 -52.6204 296.147
vn -0.953703 -0.298502 0.0366948
v -101.522 -52.0406 296.228
vn -0.31691 -0.902598 0.291351
v -101.328 -52.7003 295.935
vn -0.920155 -0.388839 0.0460383
v -101.396 -52.5917 295.944
vn 0.760724 0.628966 0.160315
v -97.3907 -47.2516 267.925
vn 0.793842 0.594562 0.127717
v -96.2021 -46.0794 257.428
vn 0.740767 0.655421 0.147267
v -99.9324 -47.8937 282.829
vn -0.232973 0.643507 0.729124
v -102.471 -49.9944 301.993
vn -0.862637 -0.505824 -0.000189998
v -102.528 -49.9435 301.582
vn -0.231088 0.730894 0.642178
v -102.425 -49.7394 301.719
vn 0.856494 -0.294829 0.423668
v -102.682 -49.4568 302.262
vn 0.792005 -0.413997 0.448703
v -102.733 -49.6655 302.22
vn 0.907352 -0.284332 0.309626
v -102.835 -49.5408 302.634
vn -0.827957 -0.551474 -0.101801
v -102.855 -49.4841 302.23
vn 0.591393 0.756788 0.278436
v -102.759 -49.325 302.068
vn -0.822548 -0.544041 -0.165632
v -102.801 -49.3859 301.64
vn 0.733719 0.607126 0.305048
v -102.694 -49.2899 301.673
vn -0.780216 -0.616943 0.103172
v -102.818 -49.5041 301.411
vn -0.71761 -0.696439 -0.00297164
v -103.125 -49.078 299.181
vn 0.644429 0.750721 0.145361
v -101.774 -47.1314 287.829
vn -0.14075 -0.212614 0.966946
v -102.82 -49.1886 301.672
vn -0.730369 -0.662023 0.168189
v -103.018 -49.2199 301.636
vn 0.69653 0.640155 0.324111
v -102.919 -48.9608 301.492
vn -0.180193 -0.270032 0.94584
v -103.181 -48.85 301.711
vn 0.774062 -0.595571 0.214762
v -103.372 -48.7049 301.879
vn 0.935205 0.20231 0.290623
v -103.473 -48.5505 302.097
vn 0.774062 -0.595571 0.214762
v -103.424 -48.7804 301.858
vn -0.226841 -0.2875 0.93053
v -103.373 -48.8771 301.656
vn 0.774062 -0.595571 0.214762
v -103.471 -48.7555 302.096
vn -0.898787 -0.426014 -0.103411
v -103.492 -48.6639 301.458
vn -0.176478 -0.0074675 0.984276
v -103.532 -48.5597 302.086
vn -0.298053 0.937309 0.1806
v -103.511 -48.5265 301.89
vn 0.782847 0.533557 0.320105
v -103.447 -48.462 301.706
vn 0.95641 0.0144396 0.291668
v -103.593 -48.2794 301.51
vn -0.500634 -0.831236 0.241685
v -103.637 -48.5161 301.665
vn 0.95641 0.0144396 0.291668
v -103.711 -48.3124 301.897
vn 0.0704873 -0.769948 0.634201
v -103.898 -48.3819 301.857
vn 0.571959 0.76238 0.30272
v -103.909 -48.1637 301.722
vn -0.894605 0.203417 0.397874
v -104.051 -48.2498 301.446
vn 0.198713 -0.960058 0.196983
v -104.11 -48.2029 301.735
vn 0.0357857 0.135825 0.990086
v -104.149 -47.9128 301.696
vn 0.589545 0.782398 0.200723
v -104.121 -47.8684 301.503
vn -0.645792 -0.761366 0.0572294
v -103.787 -48.4503 301.04
vn 0.689184 0.706161 0.162363
v -102.886 -48.4694 299.53
vn 0.586334 0.79583 0.151217
v -103.66 -47.638 298.739
vn 0.958772 -0.245424 0.143258
v -104.287 -47.818 301.692
vn 0.958772 -0.245424 0.143258
v -104.249 -47.7821 301.499
vn 0.985525 -0.0903912 -0.143419
v -57.4869 -50.771 35.5215
vn 0.962445 0.0181651 -0.270867
v -57.4088 -49.9577 35.6779
vn 0.845957 -0.346473 0.405355
v -57.9677 -47.8572 38.4306
vn 0.996405 -0.0807736 0.0255479
v -57.1839 -48.0693 37.0745
vn 0.799209 -0.349248 0.489174
v -57.2688 -48.8538 36.7168
vn 0.788413 -0.353498 0.503432
v -57.3008 -48.1308 37.2511
vn 0.767152 -0.376894 0.519065
v -57.6987 -46.5876 38.9025
vn 0.787645 -0.359226 0.500572
v -57.9766 -47.4623 38.9102
vn 0.953348 0.165055 -0.252752
v -57.2082 -46.1005 37.6258
vn 0.797798 0.256565 -0.545612
v -57.6689 -45.9832 36.272
vn 0.304438 0.494039 -0.814397
v -57.8947 -45.8139 36.2356
vn 0.241529 0.461997 -0.853359
v -58.2394 -46.0601 36.0817
vn 0.113335 -0.560553 0.820326
v -58.8599 -45.0484 40.9232
vn 0.54826 -0.426091 0.719623
v -58.558 -46.1153 40.1819
vn 0.00174651 -0.51274 0.858542
v -58.7674 -46.1634 40.245
vn 0.98 0.0752975 -0.184203
v -57.3995 -44.9292 37.8047
vn 0.962108 0.187109 -0.198338
v -57.3637 -45.6647 37.2688
vn 0.995522 0.0777703 -0.0537281
v -57.4279 -45.3342 37.7285
vn 0.869705 0.317358 -0.378017
v -57.3834 -45.2929 37.5074
vn 0.740696 0.395072 -0.543404
v -57.7178 -45.0934 36.9056
vn 0.567613 0.440146 -0.695764
v -58.1313 -44.9075 36.7554
vn 0.716051 0.25177 -0.651063
v -58.5037 -44.7237 36.4409
vn 0.420495 -0.554215 0.718352
v -58.2414 -44.1657 41.2831
vn 0.141476 -0.673687 0.725348
v -59.2773 -44.3932 41.5248
vn 0.480316 0.653259 -0.585277
v -57.8772 -43.2675 38.4749
vn 0.647732 0.579074 -0.495093
v -58.1142 -43.1113 38.5122
vn 0.811252 0.387934 -0.437466
v -57.4359 -44.1313 37.9233
vn 0.538597 0.578538 -0.612542
v -57.7777 -44.1376 37.5428
vn 0.885198 0.296245 -0.358697
v -58.3272 -43.073 37.9933
vn 0.750404 0.454108 -0.480291
v -58.2777 -43.6189 37.5809
vn 0.845697 0.314967 -0.430805
v -58.5374 -43.2132 37.5256
vn 0.862987 0.279474 -0.420889
v -58.6246 -42.8299 37.375
vn 0.836908 0.322872 -0.441972
v -58.5251 -43.9733 36.9817
vn 0.474316 -0.595419 0.648461
v -59.1802 -42.7539 43.0551
vn 0.515894 -0.642223 0.566924
v -59.1773 -42.1516 43.5733
vn 0.544299 -0.611413 0.57438
v -59.3875 -42.2726 43.7042
vn 0.397194 -0.704058 0.588675
v -59.684 -42.699 43.4404
vn -0.421507 -0.790205 0.444868
v -59.9959 -42.3937 43.7628
vn 0.939543 0.251947 -0.231911
v -58.2626 -42.5518 38.7119
vn 0.929428 0.245955 -0.275081
v -58.3114 -42.3294 38.5386
vn 0.727133 0.501355 -0.468957
v -58.6307 -41.9194 38.152
vn 0.638047 0.553093 -0.535709
v -59.1797 -41.9033 37.6606
vn 0.450621 -0.729081 0.515152
v -59.6088 -41.8214 44.5378
vn 0.263891 -0.790487 0.552714
v -59.987 -41.994 44.5051
vn -0.480121 -0.797379 0.365611
v -60.2092 -41.875 44.4925
vn 0.771992 0.531091 -0.349243
v -58.4651 -41.0246 39.7739
vn -0.367983 -0.91425 0.169519
v -61.2556 -40.2179 47.7085
vn -0.315839 -0.887125 0.336533
v -60.673 -40.9234 46.2341
vn 0.723305 0.581846 -0.371867
v -59.0736 -39.29 41.6326
vn 0.811898 0.477644 -0.335675
v -59.3907 -39.6454 39.8781
vn 0.899946 0.354529 -0.253783
v -59.5752 -39.154 39.7319
vn 0.56926 0.708264 -0.417499
v -59.8508 -38.6868 39.7729
vn 0.734132 0.474629 -0.485569
v -59.8555 -39.7096 38.3582
vn 0.785243 -0.496724 0.369673
v -60.687 -39.6326 49.7475
vn 0.216949 -0.952743 0.212637
v -61.5545 -39.9644 49.1458
vn 0.725425 0.677916 -0.11912
v -59.3792 -38.1197 43.4371
vn 0.693479 0.6993 -0.173397
v -59.6418 -37.7583 43.4454
vn 0.811073 0.569307 -0.13435
v -59.9224 -37.4551 42.4455
vn 0.205549 0.822275 -0.530672
v -60.646 -37.2194 41.3503
vn 0.9111 -0.252975 0.325422
v -63.1839 -38.3501 56.777
vn 0.772727 -0.407673 0.486513
v -62.2732 -38.1126 54.9387
vn 0.888679 -0.12273 0.4418
v -62.6053 -38.0505 55.4878
vn 0.36292 0.90072 -0.23873
v -60.4149 -36.2955 46.456
vn 0.846388 0.525887 0.0840885
v -60.55 -36.4216 44.3822
vn 0.722064 0.682254 -0.114682
v -60.5752 -36.361 43.9783
vn 0.417848 0.885726 -0.202221
v -60.9162 -35.9886 44.4034
vn 0.0272322 0.921097 -0.388379
v -61.115 -35.996 44.3718
vn 0.864485 0.498718 0.0628201
v -60.2201 -37.0808 43.6991
vn 0.43354 0.825544 -0.361276
v -60.5065 -36.7996 42.8393
vn 0.118561 0.882892 -0.454362
v -60.6646 -36.8746 42.6411
vn 0.930471 -0.189984 0.313258
v -63.689 -37.2439 59.7538
vn 0.783113 -0.563142 0.263828
v -63.6182 -37.6744 58.5962
vn 0.788265 -0.484478 0.379367
v -62.4706 -36.9773 56.7259
vn 0.699474 -0.649926 0.297208
v -62.8692 -37.5005 56.9831
vn 0.822573 -0.478974 0.306525
v -63.3364 -37.8186 57.1585
vn 0.741994 -0.490981 0.456489
v -62.182 -37.7294 55.2381
vn 0.618623 -0.675232 0.401706
v -62.28 -37.5507 55.626
vn 0.892325 -0.0316472 0.450283
v -62.6232 -37.8518 55.5117
vn 0.918233 0.0294645 0.394942
v -62.9755 -38.0283 56.257
vn 0.926551 0.186732 0.32655
v -61.9028 -36.188 54.8984
vn 0.518004 0.835973 -0.181166
v -61.0063 -36.0998 49.9156
vn 0.594106 0.790974 0.146282
v -61.0128 -35.7809 49.1497
vn 0.703482 0.708845 0.0514956
v -61.2134 -35.7918 50.3496
vn 0.779086 0.613395 0.129508
v -61.2028 -35.7302 49.9514
vn 0.548883 0.834243 0.0525974
v -60.6395 -35.7724 48.3864
vn 0.249453 0.954352 -0.164275
v -61.2096 -35.7421 48.0997
vn 0.252002 0.965523 -0.0652755
v -61.3395 -35.624 48.7171
vn 0.409204 0.912326 -0.0146302
v -61.6878 -35.5675 48.2633
vn 0.61575 0.787634 -0.0220201
v -61.0592 -36.03 46.6336
vn 0.591067 0.806156 -0.0274297
v -61.397 -35.6391 45.6247
vn 0.649114 0.760127 0.029295
v -61.0315 -35.949 45.0091
vn 0.472436 0.875988 -0.0972027
v -61.2147 -35.8463 44.7941
vn 0.605116 0.778666 -0.165873
v -61.3272 -35.9135 44.1488
vn 0.947491 0.0966282 0.304835
v -64.3875 -37.2565 61.725
vn 0.933441 0.143553 0.328757
v -64.6335 -36.2134 62.6944
vn 0.87525 0.375096 0.305353
v -64.1572 -35.869 60.9794
vn 0.946119 -0.00488778 0.323781
v -64.1239 -37.0653 60.772
vn 0.899991 0.390196 0.194325
v -63.2585 -35.999 58.8337
vn 0.900651 -0.158126 0.404752
v -63.1384 -36.7573 58.5547
vn 0.961824 -0.00577904 0.273607
v -63.4934 -36.1258 59.3917
vn 0.894737 -0.361781 0.261841
v -63.5642 -35.9965 59.8146
vn 0.961824 -0.00577904 0.273607
v -63.5019 -35.9268 59.4257
vn 0.852509 -0.471784 0.225052
v -63.6184 -36.3457 59.3336
vn 0.891992 0.357893 0.276158
v -63.7265 -35.5319 59.2563
vn 0.81791 0.474199 0.32582
v -62.9575 -35.9423 57.4518
vn 0.931762 0.299468 0.205275
v -63.2006 -36.1003 58.2083
vn 0.91119 0.37509 0.17041
v -63.3396 -35.4916 58.0899
vn 0.112206 0.993616 -0.0117413
v -63.5518 -35.0861 57.1027
vn 0.888767 0.31995 0.328215
v -62.3389 -35.7757 55.7269
vn 0.8961 0.278443 0.345649
v -62.5544 -36.1596 56.653
vn 0.853896 0.460049 0.243346
v -63.1489 -35.2521 56.7237
vn 0.501264 0.855925 0.126992
v -63.0837 -35.172 55.7209
vn 0.57915 0.795301 0.179113
v -63.0194 -35.1302 55.3273
vn -0.166017 0.986115 -0.00405377
v -63.2475 -35.1742 55.4902
vn -0.182907 0.979078 -0.0891757
v -63.398 -35.1393 56.2951
vn 0.0683539 0.997422 0.0218289
v -63.4778 -35.206 55.6549
vn -0.0682437 0.995198 -0.0701633
v -63.6232 -35.1985 56.4557
vn 0.763269 0.625008 0.163663
v -62.4352 -35.6713 54.9093
vn 0.766263 0.608702 0.205725
v -62.3442 -35.5672 54.3254
vn 0.6005 0.797686 0.0556388
v -62.2824 -35.4677 53.7363
vn 0.76334 0.622703 0.171908
v -62.5184 -35.4543 54.7297
vn 0.815066 0.532455 0.228384
v -62.4413 -35.3823 54.3435
vn 0.711185 0.656644 0.251068
v -62.6583 -35.306 54.9402
vn 0.683388 0.722536 0.10451
v -62.6794 -35.3023 54.7322
vn 0.100732 0.993995 -0.0427533
v -63.135 -35.1981 54.8868
vn 0.460267 0.885528 0.0632015
v -62.225 -35.5091 53.5323
vn 0.378578 0.923885 0.0558179
v -63.0001 -35.0625 52.8775
vn 0.79608 0.58537 0.153619
v -62.9486 -35.0003 52.5369
vn 0.79747 0.544878 0.259132
v -63.1761 -34.9481 53.2818
vn 0.751888 0.630189 0.193719
v -63.0801 -34.8731 52.8989
vn 0.376705 0.924261 0.0619275
v -62.0537 -35.1802 51.152
vn 0.184274 0.979012 0.0870512
v -62.3503 -35.2434 51.7118
vn 0.415958 0.908778 0.0332057
v -62.4156 -35.1938 50.8891
vn 0.538638 0.841791 0.0354645
v -62.8028 -34.961 51.6932
vn 0.244867 0.968188 -0.0514971
v -62.3981 -35.2021 49.6579
vn 0.866458 0.369773 0.335439
v -65.1535 -35.5335 64.3792
vn 0.954559 -0.0214653 0.297247
v -64.5314 -35.7071 62.1837
vn 0.760697 0.606962 0.23008
v -64.2126 -35.3069 61.2762
vn 0.869738 0.425665 0.249729
v -63.6266 -35.1962 58.5095
vn 0.566458 -0.823998 -0.01231
v -80.6399 -51.1715 166.052
vn 0.564293 -0.825256 0.0229164
v -83.0604 -53.1205 186.904
vn 0.501552 -0.863827 -0.0474149
v -82.5866 -52.8699 182.913
vn 0.555936 -0.831122 -0.0130862
v -82.8436 -52.8659 182.053
vn 0.589684 -0.807517 -0.013784
v -81.6454 -52.0936 179.291
vn 0.649331 -0.760112 0.0244692
v -82.2498 -52.6573 179.715
vn 0.254155 -0.95134 -0.174236
v -82.58 -52.8422 179.427
vn 0.476269 -0.875457 -0.0821171
v -82.0453 -52.4 178.354
vn 0.15294 -0.967794 -0.199962
v -82.6745 -52.6342 178.628
vn 0.356271 -0.932291 -0.0624807
v -81.4253 -51.8572 174.437
vn 0.403648 -0.913461 -0.0515405
v -81.274 -51.7239 171.197
vn 0.589292 -0.807169 -0.0348402
v -80.7946 -51.3722 170.511
vn 0.93717 -0.348873 -0.000845231
v -79.9934 -50.3459 167.118
vn 0.995608 -0.0925526 -0.01408
v -79.8994 -49.7328 163.134
vn 0.998434 -0.0540051 0.0145745
v -79.958 -49.3531 160.522
vn 0.0477005 -0.994461 -0.0936567
v -88.3655 -56.2475 212.243
vn 0.341474 -0.937538 -0.0664687
v -87.1549 -55.8234 210.859
vn 0.318259 -0.947002 -0.0435645
v -87.6371 -55.8786 210.16
vn 0.997899 0.0647682 -0.00165966
v -79.7761 -48.6913 164.57
vn 0.374403 -0.918742 0.125442
v -88.9513 -56.15 219.976
vn 0.202632 -0.978993 0.0226635
v -88.4294 -56.4636 215.07
vn 0.992745 0.120242 -0.000405613
v -80.0307 -47.3309 166.156
vn 0.938655 0.34444 0.0169585
v -80.1899 -46.4433 165.522
vn 0.985141 0.168026 0.0355533
v -80.0314 -46.9318 160.735
vn 0.923277 0.377359 0.0718366
v -80.2423 -46.7141 161.769
vn 0.8658 0.492649 0.087676
v -80.4441 -45.1165 157.709
vn 0.423483 -0.905003 0.040405
v -90.1884 -56.1039 224.52
vn 0.506675 -0.853886 0.118992
v -89.1294 -55.6174 222.714
vn 0.89241 0.446921 0.0621765
v -81.1424 -44.6121 163.097
vn 0.93522 0.354066 0.000990915
v -81.0029 -44.712 161.187
vn 0.533557 -0.841989 0.0798183
v -92.7036 -56.588 242.332
vn 0.372976 -0.927439 -0.0272995
v -90.7853 -55.7744 229.828
vn 0.166696 -0.974037 -0.153183
v -90.1292 -55.4904 229.362
vn 0.849582 0.518146 0.0986655
v -81.6152 -43.8622 169.872
vn 0.888649 0.458183 -0.0192641
v -81.2467 -43.9038 166.48
vn 0.88604 0.460598 0.0527532
v -81.3542 -43.826 161.702
vn 0.546104 -0.830841 0.107116
v -93.8716 -56.6987 248.913
vn 0.332503 -0.938849 0.089467
v -94.5187 -57.0314 249.371
vn 0.231151 -0.972718 0.0197322
v -93.6864 -56.858 244.599
vn 0.901816 0.432017 -0.00949005
v -82.4896 -43.5556 176.366
vn 0.628194 0.724633 0.283335
v -82.1755 -42.8504 167.912
vn 0.802208 0.57778 0.150442
v -81.5935 -43.2995 167.51
vn 0.78387 0.620847 -0.00985295
v -81.8827 -42.8848 167.129
vn 0.673055 0.701809 0.233368
v -82.0303 -42.7677 167.538
vn 0.274831 -0.947652 0.162555
v -96.0425 -56.603 255.172
vn 0.706898 0.699396 0.105553
v -83.8669 -43.5079 183.97
vn 0.520207 0.837461 0.167459
v -83.8836 -43.2044 182.789
vn 0.721331 0.686508 0.0915921
v -83.5354 -43.1397 180.799
vn 0.749306 0.657055 0.0825764
v -83.3231 -43.4844 180.36
vn 0.618311 0.763806 0.185181
v -83.1552 -43.1289 178.189
vn 0.766883 0.637527 0.0738231
v -82.6541 -43.2409 176.807
vn 0.64172 0.75447 0.137734
v -84.02 -42.3148 177.175
vn 0.588063 0.795911 0.143905
v -83.7746 -41.999 175.42
vn 0.774063 0.630328 0.0592711
v -83.0144 -42.6397 172.341
vn 0.337834 -0.925724 0.170009
v -96.5621 -55.8031 260.781
vn 0.590009 -0.781264 0.203752
v -95.5361 -55.7672 258.479
vn 0.767781 0.638091 0.0579043
v -84.2623 -42.8084 185.677
vn 0.665286 0.737315 0.117311
v -84.3866 -42.69 181.982
vn 0.626766 0.76203 0.162709
v -84.2016 -42.4215 180.415
vn 0.710202 0.700832 0.0666941
v -84.1853 -42.2096 179.017
vn 0.665247 0.739039 0.106152
v -85.5138 -42.612 191.067
vn 0.580896 0.804134 0.126207
v -85.9375 -41.5975 187.075
vn 0.477953 0.866224 0.145659
v -85.5248 -41.4922 184.692
vn 0.657165 0.748827 0.0859797
v -85.3209 -41.4747 183.699
vn 0.785077 0.618888 -0.02513
v -85.4163 -41.3402 182.681
vn 0.549198 -0.822836 0.146025
v -98.5286 -54.4927 272.833
vn 0.596776 0.797181 0.0914314
v -88.6885 -41.63 201.234
vn 0.57635 0.801702 0.158413
v -86.8595 -42.0898 196.912
vn 0.74041 0.670531 0.046693
v -86.837 -41.7572 194.715
vn 0.778335 -0.614197 0.130223
v -99.6988 -54.1784 281.337
vn 0.657013 0.741997 0.133322
v -89.4986 -42.4157 213.706
vn 0.65876 0.74942 0.0663705
v -89.0187 -41.804 206.082
vn -0.0219658 -0.988904 0.146922
v -101.321 -54.1691 290.335
vn -0.0837164 -0.985666 0.14647
v -101.568 -54.1109 290.513
vn -0.251014 -0.965976 0.0623129
v -101.715 -54.2374 290.057
vn -0.404225 -0.914143 -0.0307477
v -101.59 -54.2075 288.439
vn -0.999736 0.0160312 0.0164359
v -101.676 -53.9528 286.828
vn 0.670484 -0.732141 0.120092
v -100.69 -54.3814 285.874
vn 0.719805 0.674807 0.162836
v -92.2644 -43.9033 229.863
vn 0.554009 0.812222 0.182675
v -91.8944 -43.3364 226.528
vn 0.593434 0.784308 0.180825
v -91.3645 -42.9756 222.976
vn 0.67112 0.725547 0.152246
v -91.7508 -42.0756 221.023
vn 0.524378 0.838073 0.150537
v -90.5006 -42.6697 219.054
vn 0.5292 0.832725 0.162837
v -90.3337 -42.3175 216.677
vn 0.537489 0.827411 0.162777
v -91.0462 -42.101 217.018
vn 0.538936 0.820528 0.190477
v -90.774 -41.8199 215.261
vn 0.000911342 -0.981629 0.190798
v -101.66 -54.0376 291.539
vn -0.9747 -0.212208 0.0702014
v -101.646 -53.8857 290.541
vn 0.78837 0.608905 0.0877869
v -95.7662 -45.7737 251.797
vn 0.77171 0.605257 0.195262
v -95.1804 -46.0635 248.959
vn 0.690231 0.711857 0.12977
v -95.4979 -45.3932 248.208
vn 0.635009 0.748346 0.191681
v -93.1627 -43.5822 233.481
vn 0.759396 0.630512 0.160534
v -92.7714 -43.1224 229.514
vn 0.396025 0.902555 0.168993
v -93.717 -42.482 229.895
vn -0.979281 -0.201106 -0.0237689
v -101.724 -51.3571 287.281
vn 0.759334 0.645319 0.0835137
v -96.07 -45.4004 253.05
vn 0.604574 0.790243 0.100031
v -96.231 -44.8364 248.196
vn -0.901713 -0.429897 -0.0458607
v -102.188 -49.7086 286.682
vn 0.625381 0.771996 0.113669
v -97.611 -44.9389 259.059
vn -0.75098 -0.658421 -0.0501068
v -103.022 -48.5881 287.781
vn 0.531361 0.842017 0.0930736
v -99.9297 -45.3181 269.73
vn -0.59498 -0.80372 -0.00576303
v -104.311 -48.0042 301.533
vn -0.035301 -0.477459 0.877944
v -104.552 -47.8989 301.638
vn 0.585092 0.800752 0.12831
v -101.966 -45.7635 280.844
vn -0.542357 -0.840004 0.0155711
v -104.622 -47.8409 301.432
vn 0.480824 -0.757292 0.441947
v -104.817 -47.7314 301.832
vn -0.112301 -0.276914 0.95431
v -104.599 -47.671 301.698
vn 0.530534 0.829976 0.172258
v -104.836 -47.4462 301.675
vn 0.972488 0.153526 0.175204
v -105.111 -47.4309 302.046
vn 0.972497 0.153486 0.175192
v -105.077 -47.4174 301.849
vn -0.841801 -0.420534 0.33841
v -105.036 -47.444 301.645
vn -0.568406 -0.821293 -0.0489139
v -105.092 -47.5146 301.418
vn 0.972493 0.153503 0.1752
v -105.119 -47.3849 302.053
vn 0.972495 0.153492 0.175195
v -105.024 -47.3015 301.452
vn 6.34595e-005 -0.996834 0.0795095
v -105.237 -47.4407 301.615
vn -0.0485558 -0.998813 -0.00381473
v -105.31 -47.4387 302.016
vn 0.0939358 0.967742 0.233778
v -105.264 -47.2955 301.636
vn 0.530304 -0.0349219 0.847088
v -105.642 -47.1976 301.368
vn 0.764248 -0.642029 -0.0610285
v -106.106 -46.9633 301.978
vn 0.71841 -0.690365 -0.0853387
v -106.074 -46.8685 301.384
vn 0.526734 0.825824 0.201412
v -104.541 -47.5664 301.287
vn -0.557388 -0.827256 0.0704669
v -105.114 -47.4882 301.214
vn 0.495327 0.858111 0.135261
v -104.993 -47.2916 301.268
vn 0.445449 0.884029 0.141664
v -104.959 -47.2789 301.07
vn -0.470614 -0.877731 0.0900661
v -105.066 -47.5851 300.793
vn -0.296169 -0.903319 0.310321
v -105.145 -47.483 301.141
vn 0.759883 0.387147 -0.522202
v -105.206 -47.2195 301.248
vn 0.0563568 0.283885 0.957201
v -105.177 -47.1819 301.054
vn 0.346539 0.854625 0.386687
v -105.419 -47.1358 301.23
vn 0.431634 -0.882002 -0.189114
v -105.37 -47.4144 301.188
vn 0.360886 0.830413 0.42447
v -105.728 -46.9842 301.21
vn -0.447005 -0.865465 0.226178
v -105.812 -47.1918 301.161
vn 0.481431 0.86442 0.144922
v -104.475 -47.2573 299.504
vn 0.94821 -0.241496 0.206342
v -58.2124 -54.741 33.6791
vn 0.790931 -0.341607 0.507674
v -58.3391 -53.709 34.8701
vn 0.934404 -0.269849 0.232529
v -57.8578 -52.572 34.7345
vn 0.748074 0.179344 -0.638922
v -58.4466 -52.0636 33.3569
vn 0.759112 -0.385427 0.52459
v -58.3048 -52.021 35.9967
vn 0.959754 -0.0401232 -0.27796
v -57.6359 -51.2589 35.0014
vn 0.516058 -0.452942 0.726999
v -58.9686 -50.1873 38.0363
vn -0.28504 -0.414283 0.864362
v -59.3261 -48.7122 38.7285
vn 0.752783 -0.390284 0.530091
v -58.3406 -49.0569 38.1266
vn 0.388563 0.376868 -0.840826
v -58.4658 -48.3773 34.8013
vn 0.628492 0.2935 -0.720316
v -58.9552 -47.8463 34.7698
vn -0.507564 -0.441979 0.739618
v -60.3213 -46.9195 39.2581
vn 0.660293 0.289023 -0.693165
v -59.2191 -46.2424 34.83
vn -0.196914 -0.611563 0.7663
v -59.3428 -45.4962 40.5712
vn 0.764524 0.272488 -0.584169
v -58.8601 -44.7362 36.0844
vn 0.855066 0.252305 -0.452994
v -59.0531 -44.7206 35.7417
vn 0.808472 0.332509 -0.485603
v -59.1693 -44.709 35.5207
vn 0.760743 0.335815 -0.555426
v -59.099 -44.3456 35.927
vn 0.439333 0.460007 -0.771609
v -59.2991 -44.2266 35.792
vn 0.184403 0.486091 -0.854231
v -59.5115 -44.9476 35.3188
vn -0.290221 -0.655476 0.697226
v -60.345 -44.7176 40.886
vn -0.793709 -0.371408 0.481749
v -60.4259 -45.0691 40.5016
vn -0.682662 -0.51992 0.513474
v -60.7216 -44.5083 40.5104
vn 0.548182 0.501429 -0.669376
v -59.0824 -42.8267 36.7877
vn 0.715595 0.309242 -0.626333
v -59.002 -43.9557 36.1886
vn 0.350527 0.479085 -0.804741
v -59.4998 -43.4344 36.2119
vn 0.411528 0.470249 -0.780712
v -59.2168 -43.7834 36.0886
vn 0.173843 0.421995 -0.889775
v -59.4378 -43.6709 36.075
vn 0.0935286 0.481507 -0.871437
v -59.4071 -43.7992 36.0168
vn 0.19278 0.381783 -0.903923
v -59.6021 -43.8651 36.0155
vn 0.32935 0.321046 -0.887952
v -59.6426 -43.6413 36.0443
vn 0.485038 0.325766 -0.81155
v -59.8283 -43.6617 35.9514
vn 0.613968 0.389002 -0.686819
v -60.1381 -42.9192 36.102
vn -0.503216 -0.647697 0.572069
v -60.8396 -43.1263 42.1204
vn -0.120696 0.616524 -0.77803
v -60.5156 -41.4293 36.6702
vn -0.222864 0.555976 -0.800764
v -60.5593 -41.9935 36.2649
vn 0.803583 0.261537 -0.534653
v -60.3089 -42.1341 36.14
vn -0.523361 -0.714431 0.464415
v -60.5849 -42.2557 43.4867
vn -0.673623 -0.642061 0.366046
v -61.0275 -42.0741 43.1002
vn -0.579886 -0.746816 0.325573
v -61.2944 -41.272 44.2804
vn -0.647527 -0.727619 0.226449
v -61.5896 -41.0809 44.0127
vn -0.571816 -0.708626 0.413371
v -61.4563 -41.5392 43.13
vn -0.44637 -0.783078 0.433063
v -61.9384 -41.2382 43.2594
vn -0.652781 -0.592483 0.47206
v -61.2402 -42.2352 42.5401
vn -0.498499 -0.656957 0.565603
v -61.4661 -42.0659 42.5038
vn 0.901628 0.305104 -0.30656
v -59.7543 -40.4947 38.2341
vn 0.787312 0.366245 -0.495989
v -59.8599 -40.463 37.8918
vn 0.770776 0.329919 -0.54503
v -60.1147 -40.0909 37.8386
vn -0.225061 0.642097 -0.732843
v -60.6822 -40.9142 37.1439
vn -0.418635 -0.894947 0.154321
v -61.4827 -40.0722 47.6998
vn -0.54216 -0.833905 0.10327
v -62.184 -39.9316 46.5912
vn -0.508155 -0.823161 0.253346
v -62.4873 -39.8299 45.5361
vn 0.0865256 0.759221 -0.645056
v -60.5632 -38.7223 39.1299
vn -0.394418 0.644355 -0.655165
v -61.1782 -38.8512 39.2321
vn -0.457118 -0.88901 -0.0265232
v -63.1315 -39.2712 52.7262
vn -0.240708 -0.970258 0.0256679
v -63.2734 -39.1967 52.3071
vn 0.00572307 -0.998342 0.0572691
v -63.4382 -39.1928 52.0773
vn -0.335679 -0.94019 -0.0579819
v -63.688 -39.2283 51.2114
vn -0.483807 -0.874347 -0.0380508
v -63.4477 -39.2079 49.8138
vn -0.508494 -0.861065 0.00119298
v -61.7733 -39.7954 48.9372
vn -0.274641 -0.955492 0.107738
v -62.2301 -39.5579 49.1153
vn -0.24113 -0.96611 0.0921313
v -62.5906 -39.5786 48.8514
vn -0.54759 -0.836632 0.0138379
v -63.1386 -39.2006 47.3974
vn -0.625502 0.519206 -0.582386
v -61.8595 -38.4928 40.118
vn 0.640735 -0.738433 0.21018
v -63.8073 -38.7092 58.2689
vn 0.356383 -0.931269 0.0756885
v -64.3652 -38.831 59.1894
vn 0.643446 -0.718096 0.265169
v -63.2585 -38.6467 56.3095
vn 0.359833 -0.92375 0.13117
v -63.4755 -38.7505 56.4635
vn 0.253198 -0.962227 0.100048
v -63.855 -38.8636 56.3857
vn 0.0929301 -0.988819 0.116623
v -64.1404 -39.096 55.8902
vn -0.0641245 -0.997825 0.0152999
v -64.2152 -38.9944 55.0752
vn 0.169744 -0.981675 0.0866104
v -64.3717 -39.0361 54.8386
vn -0.0336775 -0.996634 0.0747385
v -63.1074 -39.2923 53.7531
vn -0.269619 -0.956492 -0.111488
v -63.2886 -39.2003 53.5365
vn -0.315656 -0.935595 -0.158188
v -63.5494 -39.2618 53.8967
vn -0.204047 -0.976736 -0.0659735
v -63.7426 -39.1047 53.6898
vn 0.115869 0.845471 -0.521299
v -61.2266 -36.6182 42.1115
vn -0.484969 0.670997 -0.560864
v -62.184 -36.9285 41.9896
vn -0.163303 0.786202 -0.596002
v -61.6397 -37.123 41.4217
vn 0.886562 -0.401398 0.229972
v -66.3811 -38.8299 65.661
vn 0.93217 -0.134954 0.335927
v -64.9324 -38.514 61.2133
vn 0.734973 -0.642604 0.216506
v -64.8416 -38.8951 60.7487
vn 0.901859 -0.25142 0.351337
v -64.1358 -38.4897 59.2849
vn 0.428093 0.863282 -0.267358
v -61.7952 -35.3694 44.1743
vn -0.0930278 0.846335 -0.524464
v -61.9027 -35.5554 43.7921
vn -0.0754791 0.90597 -0.416559
v -62.3211 -35.1379 44.6078
vn 0.338163 0.934928 -0.107494
v -62.4956 -34.9147 45.3808
vn 0.941074 -0.313339 0.127271
v -69.1852 -40.8137 82.3407
vn 0.937281 -0.341613 0.0693152
v -68.8449 -40.4011 80.001
vn 0.904571 -0.422524 0.0567932
v -67.7403 -38.6688 73.904
vn 0.986141 -0.0274756 0.163621
v -67.9273 -39.299 73.7637
vn 0.985485 -0.0614167 0.158261
v -67.7485 -38.6908 72.6665
vn 0.971581 -0.0308003 0.234694
v -67.192 -38.7044 70.6948
vn 0.956679 0.0404351 0.288323
v -67.3269 -38.3551 70.9417
vn 0.945139 0.148473 0.290977
v -67.4201 -38.6299 71.2895
vn 0.948422 0.0405135 0.31441
v -66.3413 -37.3205 67.9891
vn 0.789964 -0.609991 0.0621922
v -66.654 -37.7196 68.8976
vn 0.864088 -0.48497 0.134743
v -66.7061 -38.5795 67.71
vn 0.930301 -0.247909 0.270337
v -65.5275 -37.5743 65.1922
vn 0.844623 -0.486259 0.223975
v -65.9523 -38.2121 64.8089
vn 0.943054 0.0904425 0.320108
v -65.0536 -36.4891 64.0193
vn 0.285306 0.957604 0.0399392
v -63.8323 -35.1501 56.4325
vn 0.402746 0.907815 0.116911
v -63.5889 -35.0523 54.8437
vn 0.609622 0.768515 0.194282
v -63.257 -34.7555 52.8929
vn 0.667039 0.738203 0.10058
v -63.187 -34.7441 52.4948
vn -0.163646 0.965271 -0.203648
v -63.6488 -34.8017 52.8251
vn -0.0255676 0.988683 -0.147828
v -63.7921 -34.6106 53.4535
vn -0.129171 0.982495 -0.134233
v -64.1674 -34.7317 53.3595
vn 0.203146 0.97913 0.00608138
v -64.4191 -34.7713 52.508
vn 0.331594 0.940796 -0.0703387
v -63.0186 -34.8856 51.6836
vn 0.815087 0.479334 0.32538
v -64.0411 -34.5553 50.9607
vn 0.694623 0.678337 0.239495
v -63.3194 -34.8028 49.3833
vn 0.883871 0.320615 0.340555
v -63.6473 -34.5438 49.9956
vn 0.83441 0.455796 0.309854
v -63.6658 -34.3166 49.8278
vn 0.401291 0.913614 0.065378
v -64.0973 -34.1738 50.1983
vn 0.743274 0.63286 0.216869
v -63.1128 -34.6506 48.6202
vn 0.506263 0.861368 0.0417498
v -62.9898 -34.5788 47.8301
vn 0.274982 0.959276 -0.0646115
v -63.3711 -34.487 47.583
vn -0.271855 0.895817 -0.351578
v -62.9978 -34.7534 45.7439
vn -0.201568 0.930735 -0.305126
v -63.4453 -34.5842 46.9382
vn 0.91643 0.308408 0.255032
v -71.2526 -40.3523 93.1995
vn 0.922795 -0.354699 0.150459
v -70.6982 -41.3674 91.0496
vn 0.937606 0.261986 0.228599
v -70.3598 -39.933 90.1235
vn 0.981421 -0.10345 0.161589
v -68.3507 -38.392 78.1737
vn 0.955104 -0.261057 0.140091
v -68.4214 -39.0339 78.2543
vn 0.968853 -0.115713 0.21894
v -66.8333 -37.207 69.3721
vn 0.936455 0.242523 0.253445
v -66.5177 -36.6969 69.1
vn 0.948691 -0.154352 0.275973
v -66.4876 -36.9676 68.1982
vn 0.956841 -0.0708288 0.281849
v -66.0288 -36.6912 66.916
vn 0.924569 0.219762 0.311251
v -65.6778 -36.4563 65.7787
vn 0.954658 -0.160423 0.250784
v -65.7649 -36.0695 65.8342
vn 0.898576 0.265745 0.3492
v -65.5702 -35.7939 65.502
vn 0.905367 -0.390171 0.167561
v -65.6823 -35.8563 65.8846
vn 0.89805 0.298939 0.32271
v -65.9565 -35.3287 66.142
vn 0.940494 0.0901471 0.327635
v -65.1658 -36.0764 63.8701
vn 0.738259 0.614067 0.279098
v -65.2591 -35.0899 64.0311
vn 0.405043 0.903256 0.141665
v -65.1746 -34.6045 62.2645
vn 0.0471813 0.998886 0.00126221
v -65.1286 -34.5891 60.8536
vn 0.43493 0.900273 0.0185429
v -64.5037 -34.7434 58.6619
vn 0.0859988 0.996295 -0.000942357
v -64.8236 -34.6802 59.2407
vn 0.40044 0.916287 -0.00806353
v -64.1429 -35.0285 58.05
vn 0.701141 0.701201 0.129301
v -64.1441 -34.8682 57.0513
vn 0.244755 0.966017 0.0831015
v -64.3951 -34.6604 56.8446
vn 0.320393 0.946883 0.0276008
v -65.2471 -34.5776 56.9351
vn -0.121269 0.99261 0.00439299
v -64.3643 -34.5463 55.4318
vn -0.0557713 0.998203 0.0219146
v -64.6522 -34.6564 55.9846
vn -0.0774607 0.996551 -0.0297736
v -64.8137 -34.6708 55.7521
vn 0.600673 0.786718 0.14236
v -63.879 -34.6164 55.0824
vn 0.601162 0.766226 0.22694
v -64.299 -34.1955 50.9853
vn 0.548597 0.833032 0.0714092
v -64.4093 -34.0334 49.765
vn 0.134913 -0.981615 -0.135021
v -82.9135 -52.4063 170.621
vn 0.436777 -0.899197 -0.0259165
v -81.842 -51.9225 168.816
vn 0.448735 -0.893616 0.00939743
v -82.27 -51.7955 166.515
vn 0.645497 -0.756028 0.10842
v -82.119 -51.8335 165.709
vn 0.471332 -0.880316 -0.053756
v -82.1825 -51.9885 165.056
vn 0.287869 -0.951268 -0.110544
v -81.286 -51.446 163.029
vn 0.160796 -0.955184 -0.248532
v -81.94 -51.5464 163.323
vn 0.185052 -0.974935 -0.12352
v -81.888 -51.4377 162.939
vn 0.170113 -0.97994 -0.103823
v -81.3928 -51.3668 162.411
vn 0.463556 -0.880518 -0.0990133
v -80.8328 -51.0615 161.318
vn 0.398325 -0.916693 -0.0317926
v -81.5189 -51.2914 160.762
vn 0.811202 -0.583126 -0.0437593
v -80.3791 -50.4841 159.435
vn 0.87001 -0.492885 0.0121384
v -80.2363 -49.9405 155.857
vn 0.849286 -0.526278 0.0417639
v -79.9835 -49.9928 152.394
vn 0.91285 -0.407949 0.0168164
v -79.5576 -49.4694 149.42
vn 0.992464 0.0726161 0.0987043
v -79.447 -48.5803 146.359
vn 0.977975 -0.186652 0.093412
v -79.1009 -48.5971 144.15
vn 0.924515 0.318878 0.20878
v -71.7035 -40.4118 95.7905
vn 0.968219 0.178066 0.175627
v -71.6441 -40.5727 95.5656
vn 0.98625 0.0248532 0.16338
v -71.4071 -40.296 94.0076
vn 0.744848 0.624229 0.235668
v -69.632 -37.48 82.8648
vn 0.839262 0.504012 0.203989
v -69.3349 -36.6944 79.3524
vn 0.837811 0.494981 0.230361
v -68.4871 -37.2049 78.3638
vn 0.663074 0.706702 0.24679
v -68.393 -36.4581 76.046
vn 0.945246 -0.269689 0.183786
v -68.9355 -35.7821 76.4943
vn 0.776796 0.559819 0.288427
v -68.4114 -36.0609 74.8813
vn 0.95195 0.187774 0.241933
v -68.3668 -35.7938 74.5248
vn 0.951029 0.100234 0.292399
v -68.4157 -35.5713 74.3514
vn 0.467735 0.859037 0.208039
v -68.4981 -36.1851 74.2299
vn 0.543273 0.813093 0.209125
v -68.4732 -36.1512 74.0343
vn 0.73061 0.653253 0.198671
v -68.3305 -35.9305 74.0952
vn 0.795682 0.579 0.177901
v -68.3338 -35.932 74.115
vn 0.725326 0.653947 0.215071
v -67.6467 -35.9818 72.547
vn 0.466145 0.863479 0.192647
v -68.0662 -36.0571 73.9075
vn 0.96927 -0.245435 0.0166716
v -68.2156 -35.6203 73.5516
vn 0.972978 -0.211864 0.0917988
v -68.1211 -35.0056 73.2643
vn 0.967441 -0.241861 0.0745705
v -68.1743 -35.1236 73.0299
vn -0.0234843 0.81307 -0.581691
v -68.4465 -36.1171 73.839
vn -0.180079 0.972846 0.145407
v -68.4276 -36.0842 73.6423
vn -0.231542 0.717766 0.656659
v -68.2593 -35.9259 73.6961
vn 0.468794 0.87409 0.127274
v -68.2246 -35.9189 73.4972
vn 0.283557 0.942803 0.175265
v -68.1606 -35.8757 73.1038
vn 0.912078 -0.409417 -0.0221794
v -68.3376 -35.8398 73.494
vn 0.511879 0.851106 0.116616
v -68.3544 -35.8126 73.2909
vn 0.810523 0.537422 0.232875
v -67.3112 -36.1798 71.5358
vn 0.963506 0.151583 0.220633
v -67.8672 -35.066 71.6491
vn -0.51339 0.856126 0.0589736
v -68.0398 -35.7495 72.323
vn 0.594055 0.775422 0.214054
v -67.5398 -35.3159 69.6005
vn 0.874391 -0.479899 0.0716697
v -67.5642 -34.719 69.7028
vn 0.82507 -0.563806 0.0371773
v -67.9316 -35.1567 70.8016
vn 0.566974 0.790251 0.232473
v -67.0334 -35.5216 68.8195
vn 0.887736 0.404527 0.219735
v -67.4275 -35.1486 68.6204
vn 0.887339 0.411547 0.207986
v -67.3439 -35.0756 68.2352
vn 0.953231 0.206442 0.220753
v -67.5735 -35.0612 69.2299
vn 0.983459 0.131038 0.125051
v -67.389 -34.8825 68.2627
vn 0.984393 0.102178 0.143282
v -67.3753 -34.8205 67.865
vn 0.964197 -0.211187 0.160386
v -67.5913 -34.8637 69.2622
vn 0.971942 -0.190932 0.13738
v -67.4036 -34.6846 68.2956
vn 0.910398 -0.393452 0.127951
v -67.1326 -34.3219 67.5797
vn 0.616999 0.753427 0.227289
v -67.0292 -35.0767 67.256
vn 0.83007 0.525429 0.186838
v -66.6866 -34.6337 64.7166
vn 0.990822 -0.0184491 0.133908
v -66.8474 -34.3483 65.359
vn 0.647195 0.762178 0.0149126
v -67.034 -33.8875 64.7963
vn 0.285136 0.948557 0.137609
v -66.2709 -34.7754 63.9331
vn 0.8948 0.433865 0.105327
v -66.7036 -34.3464 64.1489
vn 0.124481 0.991712 0.0318106
v -66.2645 -34.6386 62.5206
vn 0.681493 0.728244 0.0723033
v -66.2642 -34.444 61.3228
vn 0.621742 -0.779742 0.07375
v -87.1923 -55.5683 195.905
vn 0.489833 -0.870803 -0.0420085
v -84.188 -53.9304 184.74
vn 0.25087 -0.955135 -0.157424
v -83.9997 -53.4992 182.175
vn 0.263887 -0.954612 -0.13813
v -83.0474 -52.588 178.374
vn 0.605316 -0.795929 -0.00945038
v -83.6143 -52.7927 175.992
vn 0.404018 -0.914189 -0.0320504
v -83.0409 -52.3645 174.717
vn 0.573252 -0.81898 0.025578
v -83.3353 -52.5483 174.229
vn 0.46395 -0.885765 -0.0130365
v -81.6232 -51.7198 169.707
vn 0.97239 -0.230004 0.0394416
v -79.4985 -48.2337 153.602
vn 0.997346 0.0652697 0.0322754
v -79.3941 -48.2288 150.948
vn 0.991587 0.12935 -0.00494501
v -79.6855 -47.3034 151.274
vn 0.998715 -0.00869904 0.0499202
v -79.4681 -46.7215 146.275
vn 0.944847 -0.264766 0.192777
v -68.6129 -35.4113 75.7876
vn 0.94715 0.190067 0.258422
v -69.1054 -35.4982 77.1351
vn 0.966039 -0.208356 0.152828
v -68.0735 -34.9074 73.0836
vn 0.551722 0.801356 0.23115
v -67.5483 -34.0053 70.4482
vn 0.945493 -0.298027 0.131232
v -67.1437 -34.0428 68.4491
vn 0.714672 0.696544 0.0637988
v -67.2232 -33.6276 67.073
vn 0.281472 0.959544 0.0070058
v -67.4809 -33.5113 67.2599
vn 0.234496 -0.971444 0.036171
v -88.9221 -56.2041 210.728
vn 0.541452 -0.839735 0.0409235
v -86.723 -54.938 198.553
vn 0.987138 0.149906 0.0555505
v -79.5278 -47.2968 154.175
vn 0.980975 0.19354 0.0151783
v -79.6473 -46.0361 151.094
vn 0.960152 0.238936 0.144976
v -79.5817 -45.8279 147.033
vn 0.996954 0.068705 0.0368989
v -79.7174 -45.4488 147.08
vn 0.998447 -0.0278286 0.0482657
v -78.9771 -45.5555 141.833
vn 0.973303 0.214254 0.0823137
v -79.016 -44.0402 141.275
vn -0.0276101 -0.999575 -0.00932161
v -90.6852 -56.4073 220.694
vn -0.245189 -0.96585 -0.0837613
v -91.0715 -56.2882 220.451
vn 0.342037 -0.926592 0.156328
v -91.0214 -56.4731 219.193
vn 0.161196 -0.981104 0.107009
v -90.0978 -56.468 217.486
vn 0.0700782 -0.995397 0.0653692
v -89.5191 -56.4587 216.549
vn 0.101679 -0.9939 0.0427228
v -89.8661 -56.5524 216.274
vn 0.962264 0.262069 0.0732648
v -80.2987 -45.9453 156.557
vn 0.891215 0.42695 0.153133
v -80.1156 -44.9267 154.095
vn 0.957508 0.246358 0.149953
v -79.6603 -44.869 147.397
vn 0.802235 0.53665 0.261583
v -80.1792 -43.6895 147.117
vn 0.999243 -0.0233207 -0.0311353
v -79.5831 -44.4472 146.046
vn 0.86329 0.476764 0.165609
v -79.8692 -43.491 146.172
vn 0.991973 -0.109572 -0.0631174
v -79.7359 -44.3217 145.018
vn 0.975909 0.218069 0.00687972
v -79.7037 -43.8264 144.494
vn 0.940453 0.316852 0.123098
v -79.6921 -43.9051 143.661
vn 0.833531 0.516029 0.197335
v -79.2345 -43.764 141.907
vn 0.208324 -0.977475 -0.0338153
v -93.3471 -56.945 232.517
vn 0.133042 -0.990435 -0.0365735
v -92.4884 -56.6974 229.816
vn 0.413492 -0.907964 0.0680192
v -91.9674 -56.5706 229.096
vn 0.106626 -0.994299 0.000801251
v -91.9842 -56.5253 224.583
vn 0.252153 -0.967359 0.0251906
v -91.0686 -56.3676 223.929
vn 0.686514 0.688896 0.232638
v -80.8246 -44.8437 158.11
vn 0.789209 0.597922 0.140138
v -81.3618 -43.9401 156.956
vn 0.835382 0.533992 0.130345
v -80.9411 -44.2352 155.325
vn 0.843305 0.503346 0.188361
v -80.944 -43.9389 154.556
vn 0.875028 0.460981 0.147723
v -81.3604 -43.7604 155.756
vn 0.917772 0.349938 0.187718
v -81.4672 -43.3169 155.408
vn 0.237689 -0.971046 -0.023951
v -93.7576 -57.212 239.596
vn 0.0999139 -0.994151 -0.0410074
v -94.6917 -57.2694 240.265
vn 0.300421 -0.953368 0.0289189
v -94.0764 -57.005 235.476
vn 0.861543 0.507665 0.00448928
v -81.8295 -43.1091 163.195
vn 0.701912 0.706019 0.0941067
v -82.1595 -42.6318 160.97
vn 0.934253 0.355106 -0.0327107
v -81.5428 -43.1378 156.866
vn 0.950206 0.306356 -0.0570519
v -81.9224 -42.5724 155.365
vn 0.806053 0.560119 0.191169
v -81.3338 -42.9461 154.467
vn 0.712649 0.695065 0.0949485
v -81.5606 -42.372 153.097
vn 0.87539 0.479997 0.0574092
v -81.3893 -42.6856 152.656
vn 0.0849507 -0.992144 0.091832
v -95.585 -57.0441 251.877
vn -0.0512812 -0.997961 -0.0380014
v -95.413 -57.0233 248.621
vn 0.11485 -0.990564 0.0747817
v -95.8916 -56.9897 248.965
vn 0.636266 0.767012 0.0828177
v -82.8999 -42.25 168.501
vn 0.610896 0.784557 0.106189
v -82.774 -41.9046 166.346
vn 0.747777 0.66326 0.0302546
v -82.5385 -41.2325 156.642
vn 0.815754 0.574283 0.0688746
v -82.2541 -41.6987 155.986
vn 0.910597 0.411945 -0.0333695
v -82.2298 -41.5752 155.191
vn 0.735859 0.676805 -0.0211304
v -83.5045 -41.6675 169.358
vn 0.629319 0.769171 0.111055
v -83.644 -41.579 169.969
vn 0.664473 0.74652 -0.0343905
v -83.3178 -41.889 168.32
vn 0.378394 0.910314 0.167769
v -83.4232 -41.6299 166.296
vn 0.749448 0.660878 -0.0396028
v -84.1111 -41.2339 167.083
vn 0.723781 0.689558 -0.0254986
v -84.2027 -40.9077 167.538
vn 0.524598 0.848876 0.0648617
v -83.917 -41.2328 165.264
vn -0.109298 -0.987121 0.116813
v -97.7566 -55.621 262.685
vn 0.0716918 -0.985484 0.153888
v -97.3754 -55.93 260.84
vn -0.0917486 -0.982645 0.161217
v -98.0052 -56.2927 257.804
vn 0.571833 0.809941 0.130393
v -85.0197 -41.7146 179.8
vn 0.546512 0.835253 0.0606359
v -85.8851 -40.8965 177.759
vn 0.50709 0.856372 0.0974035
v -85.6968 -40.6519 175.777
vn 0.693909 0.71833 0.0499279
v -84.6369 -40.9047 169.732
vn 0.597177 0.798403 0.0770253
v -84.9635 -40.446 170.385
vn -0.205353 -0.976382 0.0671509
v -99.6087 -54.9341 264.374
vn 0.521963 0.846001 0.108801
v -87.121 -40.7398 183.761
vn 0.258591 0.94674 0.19187
v -86.8755 -40.5393 182.396
vn 0.459362 0.883687 0.0899115
v -87.2933 -40.5246 183.157
vn 0.723457 0.690102 -0.0192145
v -85.791 -41.1301 180.813
vn 0.691306 0.72237 -0.0166495
v -86.0454 -40.6592 181.474
vn 0.382998 0.913698 0.135898
v -86.3771 -40.4552 181.665
vn -0.095114 -0.994669 0.039836
v -99.8712 -54.7008 273.619
vn 0.480847 0.864218 0.148032
v -88.4087 -41.5723 198.411
vn 0.240873 0.961857 0.129659
v -88.8394 -40.4054 193.007
vn 0.370455 0.923814 0.0965963
v -88.3251 -40.1566 191.076
vn 0.658726 0.752276 0.0126666
v -87.9595 -40.4154 189.853
vn 0.329195 0.936761 0.118781
v -88.5553 -40.1028 190.023
vn 0.636904 0.770823 0.0136434
v -87.9485 -40.5748 188.183
vn -0.214547 -0.976692 0.00656138
v -101.522 -54.3438 282.468
vn -0.399849 -0.916525 -0.0100807
v -101.491 -54.3367 280.009
vn -0.988587 -0.13167 0.0732093
v -101.783 -53.855 277.791
vn -0.424493 -0.905117 -0.0238436
v -101.41 -54.3249 276.121
vn -0.439193 -0.898194 0.0189114
v -101.638 -54.2558 277.331
vn -0.497761 -0.867303 -0.00448487
v -101.716 -54.215 277.532
vn -0.738336 -0.658512 0.145681
v -101.751 -54.1905 277.326
vn -0.618541 -0.784162 -0.0499775
v -101.642 -54.2021 276.162
vn -0.61463 -0.787376 0.0476335
v -101.823 -54.1772 277.147
vn -0.985296 -0.162496 -0.052796
v -101.77 -53.9544 275.722
vn -0.98233 -0.175683 0.0645219
v -101.81 -53.9166 282.295
vn -0.481171 -0.875989 -0.0334309
v -101.802 -54.2282 281.639
vn -0.557543 -0.829715 -0.0268056
v -101.887 -54.09 280.609
vn 0.607059 0.78046 0.14954
v -91.5132 -41.1108 214.863
vn 0.435241 0.898156 0.0622965
v -91.9891 -40.4878 212.848
vn 0.334506 0.940137 0.0651724
v -91.5927 -40.0133 209.09
vn 0.572698 0.81934 0.0264346
v -90.3685 -40.855 206.456
vn 0.401807 0.915681 -0.0089018
v -91.349 -40.2716 206.822
vn -0.998981 0.0389993 -0.0227073
v -101.556 -52.0559 279.789
vn -0.995747 -0.0626973 -0.0675058
v -101.317 -50.2783 276.443
vn -0.975892 -0.218223 -0.00361438
v -101.157 -49.8068 269.363
vn 0.699826 0.68686 0.196129
v -95.7449 -43.6855 239.231
vn 0.508888 0.830664 0.2259
v -94.6579 -43.1512 234.562
vn 0.536865 0.828822 0.157577
v -92.7897 -41.5672 222.804
vn 0.569475 0.811217 0.132762
v -91.9872 -41.2327 218.056
vn 0.277947 0.951224 0.133856
v -92.691 -40.868 218.219
vn 0.301762 0.937878 0.171245
v -92.8744 -40.3968 215.399
vn 0.583511 0.811821 0.0214858
v -92.1864 -40.3769 213.248
vn 0.475062 0.875997 -0.0833381
v -92.2933 -40.334 212.829
vn 0.446285 0.89489 -0.00138447
v -92.533 -40.1005 213.244
vn 0.367298 0.922427 -0.119252
v -92.6025 -40.223 212.596
vn 0.277109 0.96 0.0401391
v -92.4811 -40.2956 211.985
vn -0.948406 -0.31046 -0.064353
v -101.405 -49.6316 276.134
vn -0.813316 -0.58161 -0.0156951
v -101.693 -48.7795 270.08
vn 0.850216 0.5238 0.05259
v -97.4199 -44.0138 248.983
vn 0.676814 0.73223 0.0759121
v -97.1988 -44.3212 248.551
vn 0.849536 0.519223 0.0932556
v -97.3612 -44.145 248.558
vn 0.909267 0.394897 0.131494
v -97.4551 -43.7294 248.412
vn 0.695373 0.705996 0.13426
v -96.8132 -44.1057 246.222
vn 0.789668 0.605189 0.100847
v -96.8331 -43.9324 245.038
vn 0.845623 0.514478 0.14225
v -97.0019 -43.5199 244.821
vn 0.489916 0.860103 0.142141
v -97.1694 -42.757 242.261
vn 0.837911 0.517733 0.172796
v -96.1983 -43.276 240.057
vn 0.690646 0.692062 0.209899
v -95.5195 -43.0608 236.706
vn 0.684536 0.708963 0.169653
v -96.097 -42.6192 237.519
vn 0.498484 0.848956 0.175465
v -95.1781 -42.5134 233.467
vn -0.749584 -0.659883 -0.0517484
v -102.334 -48.4246 279.288
vn -0.486023 -0.873364 -0.0318822
v -103.111 -47.7581 278.672
vn 0.595413 0.795002 0.115995
v -99.3497 -43.7263 256.545
vn 0.464465 0.879888 0.100349
v -99.513 -43.1688 253.538
vn 0.678136 0.722207 0.136192
v -97.8706 -43.7178 250.61
vn 0.676075 0.723652 0.138747
v -97.4359 -43.2553 246.65
vn 0.342482 0.933826 0.10332
v -97.9431 -43.0666 247.017
vn 0.578117 0.801896 0.150807
v -101.907 -45.1507 275.416
vn 0.407586 0.9056 0.117309
v -101.04 -45.0557 271.662
vn 0.599816 0.788516 0.135881
v -101.095 -44.5038 268.055
vn 0.544608 0.8253 0.14927
v -100.859 -43.2071 261.337
vn 0.736347 0.666959 0.11384
v -100.086 -43.2072 258.169
vn 0.566462 0.823987 0.012888
v -99.959 -43.2379 257.155
vn 0.512821 0.85752 0.040914
v -100.4 -42.8485 258.184
vn -0.575506 -0.81673 -0.0417788
v -104.316 -47.7966 292.244
vn -0.378248 -0.925521 -0.0184276
v -105.159 -47.3025 288.917
vn 0.362103 0.923415 0.127227
v -103.675 -45.8066 286.943
vn 0.0928365 0.985112 0.144695
v -103.903 -44.5539 279.121
vn 0.537071 0.832718 0.134667
v -102.672 -45.2149 278.574
vn 0.456113 0.875901 0.157351
v -103.506 -44.4494 277.967
vn 0.586144 0.782336 0.21068
v -102.664 -44.7641 276.396
vn 0.404159 0.90379 0.140782
v -103.494 -44.235 276.569
vn 0.59713 0.774207 0.209854
v -102.512 -44.6205 275.623
vn 0.436449 0.880393 0.185528
v -102.884 -44.3928 275.607
vn 0.474893 0.867899 0.145696
v -102.664 -43.9363 272.846
vn 0.70023 0.69968 0.141864
v -102.084 -44.385 271.828
vn 0.71841 -0.690365 -0.0853387
v -106.182 -47.0512 301.951
vn -0.112264 -0.187951 0.975741
v -106.043 -47.0355 301.164
vn 0.607717 -0.661379 0.439611
v -106.235 -46.958 302.165
vn -0.408478 -0.786938 0.462465
v -106.062 -47.037 301.15
vn 0.972529 0.153371 0.175115
v -106.047 -46.8065 300.988
vn 0.984855 0.11926 0.125851
v -106.05 -46.8074 301.005
vn 0.799884 -0.588037 -0.119994
v -106.051 -46.805 300.988
vn 0.66896 -0.73523 -0.10922
v -106.249 -46.9905 301.13
vn 0.77519 -0.630357 0.0416011
v -106.21 -47.0091 300.927
vn -0.540309 -0.792862 0.281845
v -106.203 -47.026 300.903
vn 0.237658 0.963858 0.120399
v -106.29 -46.7679 301.163
vn -0.36898 -0.920229 0.130513
v -106.38 -46.9764 300.702
vn -0.286791 -0.957733 0.0223207
v -106.471 -46.9817 300.071
vn -0.614219 -0.767892 0.18187
v -106.684 -46.9049 300.874
vn 0.175207 0.968062 0.179329
v -106.547 -46.5712 300.132
vn -0.313151 -0.945947 0.0843802
v -106.838 -46.8694 300.446
vn 0.084518 0.957248 0.276647
v -106.804 -46.6663 300.503
vn 0.590384 -0.309521 0.745416
v -107.024 -46.7424 300.645
vn -0.0936632 0.959305 0.266386
v -106.987 -46.5486 300.275
vn 0.189165 0.975188 0.115
v -106.029 -46.258 296.98
vn 0.362231 0.92287 0.130764
v -105.29 -46.4209 296.448
vn 0.619344 -0.228534 0.751122
v -59.1511 -57.1884 33.7644
vn 0.751012 -0.243131 0.613896
v -59.5248 -57.5006 34.0163
vn 0.96423 -0.245175 0.100745
v -58.6889 -57.3596 32.7308
vn 0.920658 -0.0596176 -0.385791
v -58.6564 -57.0944 32.372
vn 0.599188 -0.373144 0.708334
v -58.6192 -55.6971 34.0721
vn 0.383694 -0.387375 0.838284
v -58.871 -55.6042 34.2472
vn 0.498833 -0.267359 0.82443
v -59.2257 -56.8024 33.8408
vn 0.815802 -0.284581 0.503469
v -59.4958 -56.8953 34.1282
vn 0.620765 -0.314075 0.718336
v -59.6361 -56.777 34.5387
vn 0.983999 -0.178158 -0.00235165
v -58.4644 -56.3229 32.949
vn 0.841382 -0.303845 0.446938
v -58.6461 -56.271 33.7522
vn 0.694773 0.10133 -0.712056
v -58.5786 -55.6899 32.6991
vn 0.442189 -0.328268 0.834691
v -58.9749 -56.7533 33.8219
vn 0.619732 -0.410095 0.669144
v -58.6452 -53.9656 34.9834
vn 0.533415 -0.403305 0.743514
v -59.4296 -54.8313 35.5296
vn 0.749909 0.10762 -0.652729
v -58.7028 -53.6659 32.7572
vn 0.503732 0.179057 -0.845099
v -59.0235 -53.884 32.4451
vn -0.338045 -0.337423 0.878562
v -60.151 -52.8752 36.6794
vn 0.462231 0.27956 -0.841539
v -58.8014 -52.085 33.0615
vn 0.403565 0.302248 -0.863586
v -59.1848 -52.1399 32.9549
vn 0.69364 0.217326 -0.686756
v -59.5913 -51.575 32.7993
vn -0.718777 -0.196638 0.666853
v -60.9553 -50.8194 37.0602
vn -0.530494 -0.342462 0.775433
v -60.3441 -48.4457 38.438
vn -0.820626 -0.125504 0.557514
v -60.9804 -48.6396 37.5741
vn -0.693586 -0.254814 0.673802
v -61.0428 -48.2393 37.5693
vn -0.834132 -0.269747 0.481104
v -60.5261 -46.7257 39.0837
vn -0.785258 -0.311969 0.534833
v -60.6777 -46.7064 38.7668
vn -0.827751 -0.19009 0.527915
v -60.7546 -48.0709 38.1742
vn -0.869391 -0.146349 0.471954
v -60.9157 -48.0509 37.8408
vn -0.514945 -0.427364 0.743096
v -61.2101 -47.4885 37.8408
vn 0.580634 0.31843 -0.749311
v -60.9365 -46.0264 33.8994
vn -0.524553 -0.538561 0.659391
v -61.1152 -45.6014 39.0858
vn 0.542485 0.368216 -0.755067
v -60.2633 -45.7896 34.5217
vn -0.875234 -0.355436 0.328071
v -61.9363 -44.5722 39.4374
vn -0.411359 0.484607 -0.771972
v -60.9845 -44.2708 34.9116
vn -0.984966 -0.171011 -0.0244325
v -62.6165 -42.9579 38.799
vn -0.475944 0.537735 -0.69593
v -60.9306 -41.5209 36.7705
vn -0.683326 0.408826 -0.604919
v -61.4759 -42.7913 36.3442
vn -0.841433 0.309417 -0.443003
v -62.0683 -43.0027 37.0259
vn -0.68523 -0.637437 0.352328
v -62.7633 -41.2693 42.1576
vn -0.601544 -0.73832 0.305005
v -62.536 -40.6133 43.7464
vn -0.927797 0.144192 -0.344095
v -63.5251 -39.515 42.1478
vn -0.815473 0.34428 -0.465269
v -62.6391 -39.3062 40.4711
vn -0.701164 0.436355 -0.563882
v -62.1121 -39.6691 39.4244
vn -0.593922 -0.804401 0.013949
v -63.489 -39.0721 46.5453
vn -0.558912 -0.793063 0.242216
v -63.0637 -39.5111 45.7104
vn -0.728694 -0.668597 0.148268
v -63.4015 -39.2652 45.0866
vn -0.898185 -0.431686 -0.0831325
v -64.1469 -38.3701 44.7214
vn -0.89597 -0.436886 0.0797987
v -63.7919 -39.1889 43.7621
vn -0.962231 -0.0314209 -0.270414
v -64.0306 -38.262 44.142
vn -0.717362 0.465146 -0.518682
v -62.7513 -37.7012 41.9715
vn 0.534511 -0.835346 0.128433
v -65.7044 -39.3387 61.3602
vn 0.00603003 -0.999587 0.0280805
v -66.3442 -39.0625 57.8202
vn -0.38358 -0.912228 -0.143897
v -66.1613 -39.078 56.8183
vn 0.235688 -0.957024 0.168987
v -64.7201 -39.0136 55.6112
vn 0.143651 -0.985447 0.0908741
v -65.0497 -39.2015 55.3223
vn -0.501369 -0.850284 -0.160145
v -64.7007 -38.6137 51.1665
vn -0.527097 -0.847062 -0.0682245
v -64.0889 -38.7488 49.5924
vn -0.608743 -0.77889 -0.150869
v -65.0246 -38.2551 49.7431
vn -0.735247 -0.651584 -0.186684
v -64.6415 -38.0659 47.5757
vn -0.790618 -0.599362 -0.125252
v -64.7375 -37.791 46.9937
vn -0.93272 -0.264766 -0.24481
v -64.9257 -37.3903 46.8309
vn 0.561908 -0.82609 -0.0428328
v -70.4547 -42.0687 82.1301
vn 0.799179 -0.596996 0.0700639
v -69.5495 -41.3368 79.889
vn 0.794805 -0.60682 0.00732788
v -69.0964 -40.7982 78.0437
vn 0.751183 -0.659713 -0.0224329
v -69.3102 -41.1146 78.3657
vn 0.258543 -0.949142 -0.179682
v -69.512 -41.1058 78.3366
vn 0.651716 -0.755024 -0.0721463
v -69.2113 -40.8698 77.6027
vn 0.640807 -0.767699 -0.00219192
v -69.122 -40.7074 76.2073
vn 0.725842 -0.68049 0.100432
v -68.7955 -40.5777 72.9937
vn 0.75747 -0.645044 0.100779
v -67.9564 -40.2547 70.0978
vn 0.169422 -0.972975 -0.156896
v -68.3125 -40.4458 69.9583
vn -0.0391342 -0.980956 -0.190245
v -68.0519 -40.1508 68.2532
vn 0.480915 -0.869454 0.11301
v -68.0428 -39.9321 66.8556
vn 0.351568 -0.935917 -0.021411
v -67.0379 -39.6596 65.6191
vn -0.925682 0.0453306 -0.375576
v -65.111 -36.8786 47.3043
vn -0.684642 0.5427 -0.486562
v -63.4365 -36.1358 44.4046
vn -0.838481 0.309184 -0.448725
v -63.8997 -36.4989 44.8859
vn 0.729313 -0.679488 0.079988
v -72.2286 -43.0796 94.0045
vn 0.593145 -0.803838 0.0449845
v -72.1998 -43.149 92.7641
vn 0.811937 -0.5724 0.114527
v -71.5442 -42.5919 91.3196
vn 0.689722 -0.721249 0.0638974
v -71.6794 -42.9332 90.8277
vn 0.799224 -0.590632 0.111328
v -70.9356 -42.0563 89.8642
vn 0.609128 -0.792595 0.0274939
v -70.9923 -42.4498 87.7317
vn 0.567544 -0.822843 -0.0286733
v -71.2796 -42.563 88.2841
vn -0.0812563 -0.965959 -0.245602
v -71.1696 -42.379 87.5119
vn 0.868355 -0.477219 0.134983
v -71.3523 -42.4735 87.4673
vn 0.266498 -0.956886 -0.11553
v -70.5625 -42.1333 86.2101
vn 0.651124 -0.758534 0.0257533
v -70.7267 -42.2191 87.1969
vn 0.280379 -0.954253 -0.103871
v -70.8834 -42.2597 86.9604
vn 0.735338 -0.674917 0.0613602
v -70.2317 -41.8658 85.281
vn 0.198616 -0.968376 -0.150993
v -70.6816 -41.9872 85.6018
vn 0.802788 -0.589211 0.0914466
v -69.6394 -41.3453 83.8204
vn 0.469701 -0.88149 -0.0485466
v -69.6453 -41.422 82.7789
vn 0.76448 -0.64441 0.0175143
v -69.3751 -41.2163 82.2403
vn 0.691323 -0.722522 0.00586048
v -69.3529 -40.9692 79.6174
vn 0.816972 -0.560681 0.134888
v -68.5261 -40.1829 76.1857
vn 0.795359 -0.592816 0.126388
v -68.451 -40.1411 75.9992
vn 0.651628 -0.74803 0.125828
v -68.6286 -40.2976 76.1498
vn 0.591071 -0.800773 0.0969433
v -68.585 -40.3383 75.9438
vn 0.524294 -0.851516 -0.00606878
v -68.7863 -40.4055 75.9782
vn 0.958129 -0.252789 0.134484
v -68.132 -39.8515 74.456
vn 0.673044 -0.739578 0.00600791
v -68.3591 -40.0015 74.3948
vn -0.599193 0.655995 -0.458954
v -64.6511 -34.6312 47.9653
vn -0.503025 0.753317 -0.42365
v -63.9839 -34.9492 46.7915
vn 0.470169 -0.882216 -0.0252341
v -82.7433 -52.1624 159.189
vn 0.695414 -0.718601 -0.0033841
v -80.7028 -50.7087 148.871
vn 0.804118 -0.594417 -0.00791761
v -79.3667 -49.2778 139.059
vn 0.820327 -0.571772 0.0118449
v -78.0749 -47.6832 129.679
vn 0.899291 -0.435335 0.0419439
v -76.9 -46.0412 121.523
vn 0.971201 -0.208724 0.114907
v -76.3467 -45.1645 119.093
vn 0.903386 -0.424285 0.0622592
v -76.376 -45.3004 117.216
vn 0.951473 -0.283198 0.120404
v -76.1721 -45.2591 115.816
vn 0.961351 -0.231216 0.149475
v -75.6875 -44.7638 113.103
vn 0.966651 -0.17318 0.188667
v -75.7143 -44.5678 113.133
vn 0.884868 -0.45586 0.0959162
v -75.2453 -43.7959 112.52
vn 0.77145 -0.636105 0.0153432
v -75.1715 -44.1095 111.243
vn 0.951506 -0.255402 0.171484
v -74.8001 -43.6043 110.568
vn 0.756245 -0.652604 0.0469231
v -74.8205 -43.7557 110.127
vn 0.798277 -0.592311 0.109189
v -75.1084 -43.9637 109.841
vn 0.73364 -0.675512 0.0738644
v -74.5732 -43.5593 109.173
vn 0.852345 -0.516343 0.0830471
v -74.8289 -43.8298 109.291
vn 0.713879 -0.689612 0.121707
v -74.5262 -43.6026 108.145
vn 0.927968 -0.27534 0.251125
v -74.7471 -44.2681 108.199
vn 0.920752 -0.137449 0.365135
v -74.7248 -44.0942 108.438
vn 0.95306 -0.295365 0.0666054
v -74.9135 -44.0135 109.04
vn 0.926582 -0.165057 0.337937
v -74.8512 -43.9438 108.651
vn 0.937559 -0.010478 0.347669
v -74.7699 -43.9011 108.466
vn 0.942728 -0.250252 0.220542
v -74.6543 -43.7897 108.092
vn 0.871822 -0.469869 0.138383
v -74.8124 -43.7375 108.694
vn 0.913091 -0.305134 0.270476
v -74.9343 -44.3574 108.565
vn 0.921735 -0.360143 0.143879
v -75.0105 -44.259 109.187
vn 0.90833 -0.386997 0.15865
v -73.3715 -42.7623 103.951
vn 0.954887 0.108848 0.276302
v -72.8947 -42.2176 102.272
vn 0.981965 -0.0203938 0.187958
v -72.4723 -41.9116 100.747
vn 0.895689 0.325164 0.30333
v -72.5774 -41.7579 100.964
vn 0.911446 0.293468 0.288346
v -72.8083 -41.9139 101.723
vn 0.846698 -0.523384 0.0957656
v -72.8749 -42.7761 100.533
vn 0.942131 -0.320919 0.0969514
v -72.1964 -41.7094 98.3606
vn 0.979836 -0.188153 0.067233
v -71.9991 -41.3284 97.4313
vn 0.871117 0.386736 0.302637
v -71.7905 -41.5763 96.5974
vn 0.976224 0.0924106 0.196079
v -71.9229 -41.4269 96.8092
vn 0.9724 -0.220097 0.0774371
v -71.8755 -41.0488 97.089
vn 0.990728 -0.0448308 0.12825
v -71.9851 -41.2215 96.7336
vn 0.549179 0.834002 0.0533227
v -66.4428 -34.1936 58.67
vn 0.625326 0.773858 0.100557
v -66.2911 -34.0652 57.2781
vn 0.544012 0.837499 0.0514358
v -65.7748 -34.3009 55.0554
vn 0.830378 0.420579 0.365495
v -65.4902 -34.2912 54.2789
vn 0.836233 0.473167 0.277179
v -65.4302 -34.2518 54.0896
vn 0.737169 0.527713 0.42202
v -65.6561 -34.147 54.4846
vn 0.785462 0.514799 0.343558
v -65.5535 -34.1009 54.303
vn 0.689989 0.695212 0.201485
v -65.5355 -34.0382 53.9061
vn 0.684055 0.708225 0.174604
v -65.7141 -33.8063 53.5093
vn 0.662001 0.69683 0.276012
v -66.0319 -33.8058 54.4881
vn 0.609667 0.78097 0.135619
v -66.1145 -33.5415 53.9931
vn 0.0344939 0.998634 0.0392467
v -66.4259 -33.551 53.4464
vn -0.215346 0.965636 -0.145509
v -66.7345 -33.5486 54.0161
vn 0.484599 0.86698 0.116233
v -65.6095 -33.7451 52.5091
vn 0.589158 0.755041 0.28776
v -65.743 -33.6314 52.3036
vn 0.0742637 0.992114 0.100973
v -66.001 -33.4028 52.0996
vn -0.271316 0.962318 0.018206
v -66.2614 -33.4665 52.4594
vn -0.491254 0.845468 -0.209413
v -66.1916 -33.4548 52.0614
vn 0.433302 0.897995 0.0765153
v -64.8616 -33.8506 50.7336
vn 0.720663 0.620282 0.309668
v -65.2733 -33.608 51.3523
vn 0.734837 0.647229 0.202755
v -65.1581 -33.5272 50.9543
vn 0.530492 0.83053 0.169703
v -65.406 -33.4817 51.1491
vn 0.454898 0.87519 0.164653
v -65.4866 -33.4353 51.5559
vn -0.308879 0.885728 -0.346526
v -65.5557 -33.5599 50.9071
vn -0.0989283 0.98376 -0.149763
v -65.6912 -33.4113 51.529
vn 0.245545 0.959698 -0.136698
v -64.67 -33.8634 49.6811
vn 0.51519 -0.856514 -0.0310391
v -86.9306 -55.2291 185.119
vn 0.609461 -0.792808 0.00346988
v -84.6925 -53.7385 177.098
vn 0.312055 -0.93926 -0.142868
v -85.0534 -53.9519 177.005
vn 0.468411 -0.879996 -0.0787286
v -85.5581 -54.1669 177.712
vn 0.504322 -0.861101 -0.0645344
v -85.4128 -53.9787 176.74
vn 0.409209 -0.907477 -0.0950506
v -85.1949 -53.88 176.585
vn 0.557694 -0.828823 -0.0450521
v -84.7064 -53.4913 174.675
vn 0.753409 -0.653733 0.0707588
v -85.1233 -53.9032 174.949
vn 0.410929 -0.90777 -0.0842132
v -83.7256 -52.9064 173.285
vn 0.78992 -0.606504 0.0904402
v -84.8323 -54.0969 172.479
vn 0.38213 -0.920047 -0.0865441
v -83.6659 -52.5589 171.507
vn 0.738073 -0.670666 0.0738638
v -83.7166 -52.588 170.672
vn 0.573245 -0.819329 -0.00945936
v -84.4422 -53.8835 170.127
vn 0.825196 -0.540646 0.163565
v -83.6809 -52.9186 168.771
vn 0.779866 -0.619965 0.0863265
v -83.8208 -53.3256 168.472
vn 0.585455 -0.808529 -0.0593554
v -82.9044 -52.5009 166.087
vn 0.796061 -0.603131 0.0501932
v -83.046 -52.6232 165.839
vn 0.462615 -0.865727 -0.19106
v -82.5306 -52.0761 164.782
vn 0.805573 -0.592493 0.00195804
v -82.6745 -52.1856 164.535
vn 0.884192 -0.454222 0.109026
v -82.8096 -52.5378 164.452
vn 0.649535 -0.758067 -0.0586326
v -82.411 -51.7488 163.831
vn 0.695955 -0.718085 0.00112337
v -82.5174 -52.3655 162.679
vn 0.610909 -0.79016 0.0493644
v -81.9416 -51.4517 162.107
vn 0.865311 -0.492387 0.093763
v -82.2002 -51.8382 161.999
vn 0.748105 -0.66344 0.0136597
v -82.3746 -52.1637 161.709
vn 0.445612 -0.89234 -0.0718262
v -82.3935 -52.0839 159.461
vn 0.648573 -0.760905 0.0194011
v -81.402 -51.4711 156.845
vn 0.913818 -0.405124 0.0284918
v -79.5707 -49.4008 146.195
vn 0.982782 0.151106 0.106334
v -79.3533 -47.8659 144.446
vn 0.979227 0.167056 0.114924
v -78.8718 -48.0317 142.026
vn 0.915034 0.365918 0.169753
v -79.0014 -47.6516 142.073
vn 0.981824 -0.182445 0.0522985
v -78.6967 -48.0456 139.585
vn 0.896989 -0.441963 -0.00889854
v -78.8907 -48.5365 139.879
vn 0.990725 0.0660059 0.118777
v -77.0631 -44.833 125.616
vn 0.923629 0.295295 0.244356
v -75.4695 -43.5071 114.591
vn 0.981885 0.0160293 0.188797
v -75.1358 -43.4154 113.015
vn 0.788019 0.515397 0.336737
v -75.6315 -42.612 113.904
vn 0.916268 0.314342 0.248277
v -74.1792 -42.6272 107.55
vn 0.92507 0.278148 0.25861
v -74.127 -42.299 106.794
vn 0.929689 0.291846 0.224733
v -74.1779 -41.6764 106.692
vn 0.943547 0.197636 0.265817
v -73.6528 -42.215 105.444
vn 0.748126 0.605681 0.27103
v -73.4438 -40.472 102.293
vn 0.905145 0.34541 0.247797
v -72.71 -40.598 99.9176
vn 0.889263 0.397928 0.225531
v -71.0893 -38.6164 90.0409
vn 0.891202 0.397583 0.218375
v -70.8034 -38.5622 88.6563
vn 0.76518 0.597233 0.240441
v -70.8616 -38.111 88.3168
vn 0.645733 0.728396 0.229057
v -70.7765 -37.6816 86.9242
vn 0.781192 0.577359 0.237477
v -70.5297 -37.7296 86.1757
vn 0.807888 0.544965 0.224343
v -69.9866 -37.1354 82.8721
vn 0.97541 0.14169 0.168815
v -69.3751 -36.4705 79.1807
vn 0.984614 -0.0863067 0.151939
v -69.1394 -35.9496 77.4605
vn 0.777709 0.57926 0.244186
v -69.0528 -36.2909 77.0023
vn 0.988563 0.0128786 0.150257
v -69.1221 -36.1016 77.0253
vn 0.792944 0.536961 0.287944
v -68.9588 -35.9262 76.0543
vn 0.482884 0.84991 0.210894
v -68.5221 -36.1717 74.2286
vn 0.791531 -0.610735 0.0219502
v -68.492 -36.1399 74.0334
vn 0.882003 -0.471243 -0.000212289
v -68.4619 -36.1077 73.8383
vn -0.180545 0.972769 0.145339
v -68.4299 -36.0843 73.6402
vn 0.955065 0.262293 -0.13803
v -68.3416 -35.9811 73.0593
vn 0.955065 0.262293 -0.13803
v -68.3833 -35.7934 73.1268
vn 0.54011 0.841591 0.00231683
v -67.4458 -33.5517 62.5339
vn 0.434879 0.900257 -0.0204261
v -67.5335 -33.4671 62.9464
vn 0.423487 0.905902 0.00041189
v -66.3999 -34.122 59.5108
vn 0.650124 0.753912 0.0946312
v -66.679 -33.9653 58.88
vn 0.613914 0.785552 0.0775731
v -66.435 -33.8755 57.2064
vn 0.429129 0.90298 0.0218227
v -67.0351 -33.653 58.0597
vn 0.752387 0.573085 0.324787
v -66.9604 -33.4803 56.664
vn 0.475358 0.878069 0.0550403
v -67.0706 -33.5701 57.0421
vn 0.683721 0.69421 0.224942
v -67.0064 -33.3325 56.4778
vn 0.472638 0.873458 0.116979
v -67.1946 -33.2025 56.2669
vn 0.542517 -0.837155 0.0696172
v -88.6328 -56.5191 197.982
vn 0.475793 -0.879481 0.011567
v -87.6682 -56.1733 193.466
vn 0.958676 0.24322 0.147595
v -79.0797 -46.794 140.365
vn 0.994554 -0.0657499 0.0808699
v -79.0786 -46.3933 140.436
vn 0.970252 -0.240638 0.0265475
v -78.829 -45.7947 138.116
vn 0.945417 0.269015 0.183897
v -78.4256 -46.1224 136.681
vn 0.976303 -0.215886 -0.0149971
v -78.6978 -45.3344 136.575
vn 0.774426 0.574691 0.264565
v -78.7277 -45.7995 136.898
vn 0.967812 -0.251106 -0.0169175
v -78.4513 -44.8651 136.49
vn 0.846665 0.481059 0.227467
v -78.2517 -45.1053 134.218
vn 0.926375 0.34372 0.1539
v -77.7278 -44.1344 129.746
vn 0.867482 0.466118 0.173809
v -77.5527 -43.3681 126.212
vn 0.912097 0.377334 0.160307
v -76.8671 -42.8228 120.662
vn 0.860824 0.444001 0.248687
v -75.9812 -42.5567 114.477
vn 0.829721 0.474648 0.293723
v -76.041 -42.046 113.737
vn 0.826068 0.510096 0.239613
v -75.4376 -41.8818 112.009
vn 0.835299 0.502361 0.223405
v -74.6118 -41.1233 107.956
vn 0.878971 0.445244 0.170789
v -74.4508 -40.8586 106.385
vn 0.758744 0.618828 0.203371
v -74.7796 -40.2798 106.232
vn 0.724278 0.676966 0.130918
v -74.4929 -39.5258 102.918
vn 0.740016 0.636979 0.215952
v -74.1301 -39.7195 101.912
vn 0.576963 0.786901 0.218859
v -73.6018 -39.5971 100.371
vn 0.381053 0.894566 0.233558
v -73.5203 -39.2919 98.9994
vn 0.646074 0.750484 0.139147
v -73.9671 -39.0456 98.9809
vn 0.735278 0.635301 0.236135
v -72.4102 -39.1514 96.1123
vn 0.618622 0.749229 0.236565
v -72.1091 -37.8547 91.0481
vn 0.436617 0.864669 0.248421
v -71.8431 -37.5398 89.2959
vn 0.172053 0.950007 0.260546
v -72.2136 -37.3111 88.8694
vn 0.0484698 0.960906 0.272598
v -72.1701 -37.1568 88.4926
vn 0.133464 0.975269 0.176177
v -72.4893 -37.2262 88.6371
vn 0.363707 0.89915 0.243406
v -71.604 -36.4882 84.795
vn 0.755081 0.598807 0.266988
v -70.0873 -36.6909 82.5249
vn 0.449905 0.858012 0.247791
v -70.0291 -35.8345 80.0157
vn 0.354612 0.908741 0.22009
v -70.7345 -35.1805 78.7922
vn 0.128243 0.947429 0.293141
v -70.0938 -34.9221 77.2924
vn 0.410406 0.890284 0.197388
v -70.7401 -34.8694 77.4089
vn 0.596979 0.740395 0.308919
v -69.2196 -35.3159 77.15
vn 0.428665 0.856751 0.286749
v -69.9498 -34.5322 76.1512
vn -0.217019 0.957874 0.188096
v -70.2176 -34.824 76.7518
vn -0.551595 0.824172 0.128388
v -70.1017 -34.5982 75.911
vn 0.210051 0.962082 0.174002
v -70.2542 -34.6612 75.6712
vn 0.14168 0.965869 0.216852
v -69.3002 -34.0404 73.2564
vn -0.313046 0.938516 0.145565
v -69.9765 -34.215 73.7387
vn 0.330155 0.919046 0.215295
v -68.4791 -33.5891 70.5859
vn -0.138802 0.988512 0.0598222
v -68.9594 -33.265 69.5435
vn -0.34925 0.936939 0.0130133
v -69.1387 -33.3778 69.4962
vn 0.319499 0.944561 0.0756631
v -67.9898 -33.4415 68.882
vn -0.0184113 0.999778 -0.0102634
v -68.3223 -33.2905 67.1711
vn -0.352312 0.928298 -0.118904
v -68.5941 -33.2931 67.5401
vn -0.344102 0.938073 -0.0401492
v -68.737 -33.4077 67.2926
vn -0.418665 0.9059 -0.0637506
v -68.9897 -33.5137 67.6461
vn 0.302793 0.951748 -0.0499234
v -67.4141 -33.5917 65.818
vn 0.443357 0.896345 0.000323081
v -67.5057 -33.5947 65.1873
vn 0.340364 0.940097 0.0192324
v -67.9549 -33.2847 65.1262
vn 0.116718 0.99307 0.0137084
v -68.6799 -33.2408 65.6878
vn 0.236134 -0.967629 0.0890758
v -91.1689 -56.8265 212.33
vn 0.310386 -0.94995 0.0354436
v -90.5469 -57.0971 206.831
vn 0.97042 0.221159 0.096817
v -79.0324 -44.0844 138.8
vn 0.842114 0.508637 0.179256
v -78.7809 -43.7755 137.044
vn 0.968392 0.205078 0.141989
v -78.4893 -44.2704 136.59
vn 0.890873 0.43196 0.140553
v -78.4536 -43.0956 132.901
vn 0.979384 -0.189855 -0.0690039
v -78.4484 -43.4076 132.245
vn 0.971962 0.216369 0.0920531
v -78.4474 -43.7461 131.76
vn 0.990989 -0.095327 -0.094093
v -78.4935 -43.293 131.423
vn 0.99917 0.0215525 -0.0345546
v -78.3864 -42.8622 131.423
vn 0.97491 -0.16002 -0.15474
v -78.4826 -42.801 130.895
vn 0.967883 0.25119 -0.01027
v -78.5271 -42.2879 130.158
vn 0.987361 0.158469 -0.00229872
v -78.61 -42.1514 129.143
vn 0.883139 0.454432 0.116434
v -77.9031 -42.6223 126.291
vn 0.874843 0.464648 0.136939
v -78.3963 -42.0188 127.145
vn 0.82244 0.556937 0.115818
v -78.3161 -41.4768 124.994
vn 0.817039 0.55272 0.164155
v -77.6221 -41.1397 120.846
vn 0.561385 0.782003 0.270774
v -77.8039 -40.9681 120.849
vn 0.731967 0.640199 0.233173
v -76.7124 -41.3094 116.23
vn 0.878403 0.440839 0.184581
v -76.3919 -40.84 113.487
vn 0.372376 -0.916802 0.14426
v -91.7369 -56.6306 219.878
vn 0.310347 -0.947443 0.0776938
v -91.9283 -56.5694 220.887
vn -0.138264 -0.984296 -0.109746
v -92.0432 -56.5547 219.229
vn 0.977046 0.210792 0.0307922
v -79.905 -42.8087 141.564
vn 0.881635 0.457724 0.114925
v -79.8747 -42.6842 140.769
vn 0.981802 0.175316 0.073
v -79.0923 -43.4631 138.695
vn 0.886204 0.442971 0.135716
v -79.2776 -42.9515 139.169
vn 0.831015 0.531079 0.165434
v -79.1753 -41.9481 132.585
vn 0.859891 0.49097 0.139773
v -78.6397 -42.3148 131.574
vn 0.800953 0.579628 0.150018
v -79.0836 -41.4941 131.036
vn 0.135427 -0.988792 -0.0628546
v -94.764 -57.2503 232.658
vn -0.142352 -0.977781 -0.153881
v -94.9876 -57.0373 231.43
vn 0.120474 -0.991899 -0.0402878
v -93.8495 -56.8051 230.617
vn 0.849795 0.521024 0.0798932
v -80.1759 -42.8697 144.387
vn 0.839081 0.52406 0.145958
v -81.0016 -41.8284 144.652
vn 0.9097 0.410003 0.0659045
v -80.0012 -42.0923 140.855
vn 0.879364 0.47118 0.0686124
v -80.4239 -41.2403 138.682
vn 0.805084 0.585154 0.0971298
v -80.5192 -40.9784 138.188
vn 0.91376 0.40048 0.0682492
v -79.5806 -41.2202 134.09
vn 0.254879 -0.96435 0.0711765
v -95.6109 -57.5801 243.357
vn 0.00270176 -0.999524 -0.0307413
v -95.9982 -57.6506 243.285
vn 0.288476 -0.957341 -0.0167549
v -95.5979 -57.4146 237.432
vn 0.292154 -0.956354 -0.00567522
v -95.1848 -57.2026 236.094
vn 0.278019 -0.959546 0.0444581
v -94.9001 -57.1843 234.498
vn 0.566086 0.763677 0.310393
v -81.9329 -42.3347 154.074
vn 0.589105 0.805105 0.0690019
v -82.0314 -42.0457 153.083
vn 0.761195 0.643329 0.0819091
v -82.2186 -41.9647 153.685
vn 0.902734 0.417635 -0.103208
v -82.4545 -41.6015 153.714
vn 0.678814 0.727614 0.0989412
v -81.645 -42.2656 152.281
vn 0.649926 0.74581 0.146162
v -82.2695 -41.6437 151.475
vn 0.788515 0.613875 0.0374449
v -82.4703 -41.6846 152.875
vn 0.717255 0.672696 0.181729
v -81.4427 -42.2844 151.282
vn 0.766174 0.628227 0.135309
v -81.3838 -41.8654 149.927
vn 0.707055 0.698433 0.110745
v -82.4802 -40.9025 149.007
vn 0.81735 0.562643 0.123987
v -81.4818 -41.6117 148.109
vn 0.92457 0.379929 0.0287154
v -81.1259 -41.4176 144.5
vn 0.841558 0.516337 0.158673
v -80.99 -41.1269 142.724
vn 0.828179 0.544698 0.131996
v -81.2938 -40.5142 142.376
vn 0.678388 0.724342 0.122953
v -81.725 -40.1311 143.405
vn 0.70977 0.699417 0.0839185
v -81.6784 -40.185 142.787
vn 0.799206 0.59457 0.0880743
v -81.0647 -40.5495 140.145
vn 0.831889 0.550951 0.0664308
v -80.9311 -40.2293 138.169
vn 0.663785 0.744718 0.0691702
v -83.2183 -41.5284 159.156
vn 0.477182 0.863794 0.161734
v -83.4254 -41.0153 157.778
vn 0.334374 0.918927 0.209206
v -83.8745 -40.47 156.369
vn 0.759536 0.650325 -0.0135006
v -82.6117 -41.3546 155.993
vn 0.637877 0.734951 0.230132
v -82.4476 -41.209 155.222
vn 0.586933 0.766287 0.26137
v -82.5859 -41.2907 155.598
vn 0.596089 0.784058 0.173005
v -82.7739 -41.0902 155.399
vn 0.325244 0.896749 0.300095
v -82.7274 -40.9808 155.015
vn 0.670752 0.740447 0.0427824
v -82.8822 -40.9227 155.823
vn 0.925135 0.37115 -0.0798251
v -82.8711 -40.6568 152.381
vn 0.610881 0.785954 0.0953965
v -83.107 -40.1751 152.992
vn 0.7922 0.609477 0.0309424
v -83.1806 -40.2661 150.76
vn 0.0817082 -0.9908 0.107889
v -98.0364 -56.6454 254.861
vn 0.315411 -0.939923 0.130615
v -98.0782 -56.7232 254.02
vn 0.232667 -0.955109 0.183394
v -98.478 -56.8988 254.11
vn 0.00434817 -0.995657 0.0929959
v -98.7332 -57.2304 252.392
vn 0.695183 0.716476 -0.0581553
v -84.6176 -40.5821 166.3
vn 0.360985 0.922399 0.137371
v -84.0881 -40.9142 163.652
vn 0.697146 0.716703 -0.0179973
v -85.1559 -40.2821 162.176
vn 0.635524 0.772071 0.00391375
v -83.6455 -40.8846 160.027
vn 0.302593 0.951941 0.0473947
v -84.8961 -40.1173 160.59
vn 0.384696 0.922976 0.01117
v -84.8412 -40.1512 160.315
vn 0.41476 0.908364 0.0533825
v -86.1711 -40.1242 172.24
vn 0.359973 0.928937 0.0865776
v -86.8021 -39.9367 171.012
vn 0.450279 0.892341 0.0312352
v -85.4712 -39.9764 169.367
vn 0.237508 0.96016 0.147248
v -86.2135 -39.7864 169.896
vn 0.749892 0.66152 -0.00729788
v -85.0318 -40.417 168.732
vn 0.572719 0.819451 0.022184
v -85.2742 -40.1262 166.487
vn -0.487787 -0.85538 0.174322
v -101.053 -54.8118 263.149
vn 0.0193651 -0.988628 0.149129
v -99.9521 -55.0704 261.833
vn 0.132716 -0.985903 0.101894
v -100.065 -55.0435 262.437
vn -0.0995215 -0.974964 0.198848
v -100.544 -55.4227 260.859
vn 0.207502 0.945484 0.251006
v -87.2935 -40.1328 180.762
vn 0.438429 0.892099 0.109265
v -87.6742 -40.3254 181.902
vn 0.263208 0.946246 0.187988
v -87.0143 -40.0318 180.206
vn 0.407573 0.892447 0.193448
v -87.6676 -39.8848 180.338
vn 0.609235 0.786616 -0.10034
v -87.2339 -39.8929 177.938
vn 0.418973 0.907798 -0.0190865
v -87.5211 -39.6171 178.149
vn 0.421406 0.900702 0.10561
v -86.4632 -40.3387 176.333
vn 0.433213 0.900846 0.0283526
v -86.769 -40.3454 177.107
vn 0.405482 0.912248 0.0582023
v -86.258 -40.426 175.527
vn 0.400437 0.913921 0.0663188
v -87.1983 -39.7414 173.041
vn -0.468597 -0.883123 -0.0225905
v -101.375 -54.287 270.186
vn -0.906937 -0.421011 -0.0146448
v -101.509 -54.1574 269.153
vn -0.353782 -0.93529 0.00839022
v -100.568 -54.6375 267.157
vn -0.698329 -0.715016 0.0329968
v -101.193 -54.3193 266.502
vn -0.925219 -0.379367 0.00705155
v -101.32 -54.1391 266.514
vn -0.291983 -0.952359 0.0880761
v -100.587 -54.7513 265.079
vn -0.628516 -0.771106 0.101796
v -101.074 -54.5216 265.252
vn -0.573098 -0.809025 0.130523
v -101.31 -54.278 266.081
vn -0.998324 0.0556489 -0.0158814
v -101.336 -53.762 265.347
vn -0.958548 -0.281707 0.0427397
v -101.342 -54.1035 264.874
vn -0.562724 -0.787785 0.250473
v -101.173 -54.6685 263.362
vn -0.967912 0.250637 -0.018111
v -101.021 -53.3142 261.366
vn 0.145999 0.979184 0.141005
v -89.1032 -40.0836 190.765
vn 0.500305 0.8502 0.163877
v -89.4023 -40.1329 191.327
vn 0.349215 0.910126 0.222979
v -89.2251 -39.9223 190.159
vn 0.585052 0.806283 0.0873043
v -88.4761 -40.1287 185.923
vn 0.603698 0.788947 0.114508
v -88.8329 -39.6948 185.329
vn 0.629641 0.776871 0.00493084
v -88.982 -39.6078 185.938
vn 0.365765 0.930699 0.00388969
v -89.409 -39.3625 186.122
vn 0.34873 0.936506 0.0366601
v -89.217 -39.4267 185.113
vn 0.641233 0.76731 -0.00748996
v -87.7096 -40.2197 183.353
vn 0.532188 0.845507 0.0435211
v -88.4783 -39.504 183.363
vn 0.530043 0.845683 0.0622442
v -88.3941 -39.6787 181.907
vn 0.329178 0.940924 0.0794024
v -88.488 -39.3881 179.891
vn -0.978164 -0.207829 0.0017273
v -101.485 -54.0729 269.993
vn -0.992835 0.116035 -0.0285577
v -101.473 -53.8409 269.831
vn -0.986663 0.157603 -0.0407242
v -101.285 -53.3119 267.899
vn -0.999559 0.0258906 0.0145252
v -100.404 -50.5156 255.785
vn 0.630617 0.766848 0.119443
v -90.2861 -39.8983 194.52
vn 0.752654 0.642712 0.142941
v -89.9669 -39.7192 192.341
vn 0.439104 0.894169 0.0874668
v -90.0004 -39.3661 190.55
vn 0.40847 0.906396 0.107696
v -89.1898 -39.4424 188.401
vn -0.997518 -0.0587731 -0.0387821
v -101.141 -50.5961 267.787
vn -0.998554 -0.0482105 -0.0237642
v -100.275 -50.4553 258.29
vn -0.851546 -0.523735 -0.0239135
v -100.505 -49.7413 257.355
vn -0.961771 -0.273031 0.0212044
v -100.491 -49.9077 255.736
vn 0.182735 0.982968 0.0195185
v -92.2544 -39.9855 208.172
vn 0.3721 0.924246 0.0855091
v -92.6979 -39.8606 207.1
vn 0.47799 0.876203 0.0616009
v -91.8835 -39.8737 204.757
vn 0.627327 0.771975 0.102546
v -91.833 -39.6771 202.129
vn 0.591088 0.799189 0.109146
v -90.8776 -39.2962 195.359
vn 0.185836 0.982068 0.0317511
v -91.2008 -39.1292 194.723
vn -0.949734 -0.311964 -0.0261623
v -101.313 -49.5622 267.534
vn -0.844976 -0.534644 -0.0131067
v -101.596 -48.9164 266.989
vn 0.362799 0.922144 0.134268
v -94.4332 -40.7769 219.819
vn 0.589961 0.78772 0.177322
v -94.6576 -40.4926 219.219
vn 0.392898 0.904154 0.16774
v -93.9975 -40.6009 217.246
vn 0.19939 0.954615 0.221256
v -93.519 -40.3532 215.514
vn 0.266726 0.962876 -0.0415659
v -93.3329 -39.9099 212.951
vn 0.352641 0.921723 0.161467
v -93.5421 -39.8795 213.746
vn 0.371345 0.928409 0.0126732
v -93.8494 -39.7796 212.28
vn 0.1416 0.988079 0.0604055
v -92.4157 -40.002 209.082
vn 0.383223 0.918475 0.0976919
v -92.9931 -39.8226 208.705
vn 0.48269 0.865385 0.134606
v -93.5641 -39.3974 208.078
vn 0.42994 0.897123 0.101597
v -92.6699 -39.1203 202.871
vn -0.573684 -0.819025 -0.00920727
v -102.568 -47.9144 270.087
vn 0.25741 0.960431 0.106358
v -97.3664 -41.6449 234.579
vn 0.123264 0.98559 0.115836
v -97.9488 -41.5897 234.339
vn 0.283532 0.947623 0.147035
v -96.3018 -40.8214 227.948
vn 0.478927 0.863964 0.155549
v -95.0867 -40.6592 221.178
vn 0.357019 0.922468 0.146937
v -95.8186 -40.0597 221.173
vn 0.528222 0.835442 0.151717
v -95.0032 -40.027 218.427
vn 0.517873 0.830331 0.205812
v -95.1475 -39.7936 217.215
vn 0.415307 0.904525 0.0967136
v -100.077 -42.5111 248.024
vn 0.292896 0.953655 0.0689512
v -98.7701 -42.7291 246.746
vn 0.503724 0.850745 0.149985
v -99.814 -42.4965 246.629
vn 0.581473 0.804606 0.120412
v -100.119 -42.3197 247.024
vn 0.320902 0.941398 0.103884
v -98.7202 -42.7184 245.318
vn 0.379309 0.911389 0.159672
v -99.2963 -42.2799 244.692
vn 0.366459 0.928459 0.0605983
v -100.654 -42.4346 251.236
vn 0.536642 0.832157 0.139748
v -100.312 -42.318 247.817
vn -0.102276 -0.994575 -0.0189995
v -106.411 -46.8605 285.929
vn 0.0671465 0.983106 0.170277
v -104.27 -44.5381 278.862
vn 0.136105 0.978225 0.156686
v -104.08 -44.2048 277.513
vn 0.187776 0.975809 0.111966
v -103.687 -43.9017 273.929
vn 0.107522 0.988601 0.105386
v -103.022 -43.6939 271.192
vn 0.185782 0.975503 0.117811
v -103.972 -43.5744 270.658
vn 0.221354 0.967561 0.12177
v -102.075 -43.1651 265.473
vn 0.248048 0.958027 0.14372
v -103.056 -42.7958 263.746
vn -0.0977802 -0.994709 0.0314994
v -107.527 -46.6856 299.963
vn -0.0473274 -0.977886 0.203714
v -107.988 -46.7702 298.029
vn -0.247458 -0.932659 0.262509
v -108.159 -46.6083 298.443
vn -0.561341 0.803302 0.199002
v -108.085 -46.44 298.278
vn -0.0101658 -0.912814 0.408249
v -108.197 -46.7613 298.044
vn -0.963499 -0.20578 0.171241
v -108.233 -46.567 298.074
vn 0.0833967 -0.982099 0.168895
v -108.382 -46.8012 297.964
vn 0.150543 -0.988429 0.0185566
v -108.131 -46.7962 296.565
vn -0.221367 0.97012 0.0993213
v -107.567 -45.9249 294.957
vn 0.192731 -0.98109 0.0177984
v -108.114 -46.8048 295.334
vn 0.0680836 0.99272 0.099359
v -105.744 -45.3345 287.74
vn 0.141369 0.979759 0.141731
v -105.018 -44.5192 279.573
vn 0.740186 -0.332952 0.584181
v -59.8303 -61.9751 31.9428
vn 0.657079 -0.299858 0.691616
v -60.1502 -62.0854 32.2853
vn 0.586679 -0.3584 0.726193
v -59.5036 -60.2646 32.7071
vn 0.474114 -0.369319 0.799262
v -59.977 -61.0758 32.6209
vn 0.884353 -0.316579 0.34307
v -60.1882 -60.7495 32.9276
vn 0.716459 -0.349352 0.603854
v -60.0839 -60.0701 33.4749
vn 0.192893 -0.308129 0.931584
v -60.4048 -59.6829 33.7757
vn 0.970942 -0.239305 -0.00210017
v -59.1079 -58.9679 31.9706
vn 0.522022 -0.379526 0.763841
v -59.7443 -60.2507 32.8895
vn 0.5947 0.102462 -0.797392
v -59.6722 -58.9838 31.3797
vn 0.610381 0.0989694 -0.785901
v -59.7491 -59.5868 31.1935
vn 0.579094 0.108177 -0.808052
v -59.1297 -57.7168 31.8252
vn 0.506522 0.15318 -0.848511
v -59.5009 -56.9675 31.8553
vn 0.512266 0.126124 -0.849515
v -60.0479 -58.0252 31.3788
vn -0.0958278 -0.345953 0.933345
v -60.5517 -56.4224 35.1604
vn -0.310507 -0.338474 0.888268
v -60.7798 -56.2558 35.1393
vn 0.605914 0.111435 -0.787687
v -60.0677 -55.3841 31.5641
vn 0.221216 -0.408819 0.885399
v -60.7237 -55.677 35.4624
vn -0.255456 -0.314619 0.914197
v -61.0163 -55.1126 35.4508
vn -0.320508 -0.33786 0.884944
v -61.4127 -55.1826 35.4294
vn -0.256132 -0.308514 0.916087
v -61.3251 -55.5534 35.2677
vn -0.327018 -0.349649 0.877955
v -60.627 -53.3148 36.2818
vn -0.549166 -0.233492 0.802432
v -61.6307 -54.0178 35.6191
vn -0.943075 0.0465599 0.329305
v -61.5614 -52.9951 35.7391
vn -0.93336 0.0685206 0.352341
v -61.7788 -53.9944 35.2792
vn 0.588222 0.164548 -0.791782
v -60.2067 -52.1831 31.9815
vn 0.576383 0.135104 -0.805934
v -60.1021 -52.9786 31.9315
vn 0.590935 0.0853019 -0.802197
v -60.6265 -53.2382 31.6452
vn 0.494685 0.168637 -0.852554
v -60.8913 -52.6414 31.4509
vn -0.566032 -0.236551 0.789716
v -61.3468 -52.6199 36.2442
vn -0.919723 -0.00448813 0.392542
v -61.3974 -52.1982 36.111
vn -0.940245 0.038116 0.338359
v -61.6087 -52.7694 35.5457
vn -0.579239 -0.246746 0.776916
v -61.7996 -51.8095 35.7642
vn 0.571905 0.309645 -0.759634
v -60.5292 -50.6387 32.2532
vn 0.318177 0.291501 -0.902103
v -61.0323 -51.8598 31.5491
vn 0.505341 0.240365 -0.828767
v -61.4573 -50.7403 31.7862
vn -0.833988 -0.149202 0.531228
v -61.2401 -50.9957 36.5124
vn -0.769277 -0.1763 0.614111
v -62.293 -50.4474 35.6695
vn 0.458827 0.329345 -0.825233
v -60.733 -49.6939 32.5569
vn -0.722183 -0.229554 0.6525
v -61.5422 -49.456 36.8407
vn -0.995674 0.0603365 0.0706543
v -62.8396 -48.1813 34.9619
vn -0.659866 0.482704 -0.575824
v -62.168 -47.8361 33.4822
vn 0.304175 0.368181 -0.87859
v -61.186 -48.3707 32.7712
vn -0.0356808 0.546428 -0.836746
v -61.288 -47.9601 32.9778
vn -0.391275 0.569706 -0.72273
v -61.8312 -47.9234 33.1071
vn -0.356341 0.506039 -0.785459
v -61.8045 -48.2671 32.6891
vn -0.139692 0.360976 -0.922054
v -61.8395 -49.0577 32.4342
vn -0.715367 0.336363 -0.612462
v -62.1276 -48.7412 32.7114
vn -0.573752 0.341107 -0.744617
v -62.0501 -49.1072 32.505
vn -0.896849 -0.148267 0.416749
v -62.5011 -47.3062 36.4012
vn -0.872521 -0.265457 0.41017
v -62.1193 -45.832 38.0124
vn -0.980031 -0.0471048 0.193184
v -62.5875 -45.5175 36.7057
vn -0.995338 -0.084754 0.0460314
v -62.4695 -43.8462 38.0474
vn -0.988082 0.100198 -0.116849
v -62.4437 -43.7823 37.6519
vn 0.810849 -0.539267 0.22741
v -73.7495 -44.4035 93.3326
vn 0.642092 -0.76518 0.0470947
v -72.7662 -43.7237 92.9867
vn 0.560793 -0.827699 -0.0206588
v -72.5476 -43.5424 91.6144
vn 0.668378 -0.742746 0.039987
v -72.6993 -43.6395 91.3995
vn 0.381009 -0.922504 -0.0617989
v -73.0301 -43.619 88.6518
vn 0.374192 -0.920324 -0.113951
v -71.3623 -42.8317 85.5536
vn 0.607169 -0.794481 -0.0120682
v -71.1243 -42.6467 85.2119
vn 0.632048 -0.774877 -0.00897219
v -70.9638 -42.5406 84.2282
vn 0.308267 -0.942934 -0.125883
v -71.4758 -42.716 84.9407
vn 0.212669 -0.971383 -0.105767
v -71.7631 -42.9607 82.1834
vn 0.571842 -0.820283 -0.0114874
v -70.5403 -41.9391 81.3185
vn 0.733794 -0.679259 0.0124366
v -70.6515 -42.1145 80.9795
vn 0.572639 -0.819527 -0.0214315
v -71.1947 -42.7009 81.0837
vn 0.496954 -0.856043 -0.142224
v -71.145 -42.5801 80.7019
vn 0.607857 -0.791672 0.061364
v -71.3435 -42.6751 81.8872
vn 0.141876 -0.956154 -0.256204
v -71.3602 -42.694 80.8543
vn 0.163067 -0.957241 -0.238952
v -71.3373 -42.6229 80.665
vn 0.0159841 -0.974849 -0.222294
v -71.5625 -42.6821 80.8257
vn 0.312656 -0.946023 -0.0853632
v -69.9997 -41.4578 74.5028
vn 0.661766 -0.747063 0.0629522
v -69.4206 -41.2558 73.3944
vn 0.0441605 -0.972596 -0.228268
v -69.5945 -41.2032 73.1719
vn 0.0893127 -0.989879 -0.110286
v -69.8835 -41.3073 73.7256
vn 0.166009 -0.978114 -0.125437
v -70.2901 -41.3636 73.6537
vn 0.0175792 -0.972224 -0.23339
v -69.7795 -41.0042 71.7413
vn 0.236689 -0.966143 -0.102694
v -70.3665 -40.8823 71.4683
vn -0.0222713 -0.97307 -0.22943
v -68.8686 -40.3451 69.5322
vn 0.103878 -0.985507 -0.134109
v -68.9536 -40.1888 68.7254
vn 0.696854 -0.678514 0.232408
v -69.0751 -40.4194 68.4606
vn 0.429635 -0.8999 0.0747895
v -69.2836 -40.5694 68.6076
vn 0.601468 -0.783236 0.157413
v -69.3838 -40.5182 69.1192
vn 0.350264 -0.935776 0.0404716
v -69.8364 -40.7186 69.524
vn -0.18501 -0.952614 -0.24145
v -69.8258 -40.495 68.1276
vn 0.673848 -0.704695 0.222112
v -68.7878 -40.3066 67.9081
vn 0.692912 -0.687059 0.218685
v -68.9952 -40.4623 68.0543
vn -0.156901 -0.974073 -0.162986
v -67.3826 -39.3128 61.5203
vn -0.359976 -0.914576 -0.184305
v -67.6977 -38.9081 59.4903
vn -0.493331 -0.852144 -0.17457
v -66.5485 -38.283 54.8467
vn -0.635082 -0.735619 -0.23566
v -67.4499 -37.9332 55.5933
vn -0.875125 -0.377552 -0.302672
v -65.5045 -37.1202 48.4339
vn 0.6895 -0.724066 -0.0178138
v -80.6923 -50.8796 137.546
vn 0.812774 -0.581333 0.03808
v -79.4084 -49.3643 131.027
vn 0.712462 -0.700917 -0.033362
v -79.8364 -50.0118 132.079
vn 0.565958 -0.816665 -0.112916
v -78.6035 -48.2593 126.005
vn 0.634082 -0.77239 -0.036794
v -78.3558 -47.9088 124.256
vn 0.775062 -0.631001 0.033409
v -77.1289 -46.6432 117.479
vn 0.861468 -0.502992 0.0698004
v -75.9551 -45.6876 112.076
vn 0.666359 -0.745478 -0.015082
v -75.158 -44.8125 107.218
vn 0.583543 -0.812035 0.00881193
v -75.9826 -45.3769 106.581
vn 0.519073 -0.854728 0.00158472
v -74.6786 -44.7237 99.9124
vn 0.571441 -0.818864 0.0540066
v -73.2599 -43.8893 94.7307
vn 0.700996 -0.712628 0.0276767
v -72.439 -43.3279 93.1068
vn 0.697142 -0.711888 0.0849101
v -72.3434 -43.2606 92.5171
vn -0.818841 -0.469224 -0.330648
v -67.7092 -36.9338 54.0882
vn 0.715041 -0.694908 0.0762906
v -86.0756 -54.9655 172.151
vn 0.520722 -0.852196 -0.0510928
v -84.6848 -53.9799 166.992
vn 0.616774 -0.786935 -0.0180048
v -84.3123 -53.6347 166.904
vn 0.518457 -0.852931 -0.0609202
v -83.6974 -53.1501 164.208
vn 0.57959 -0.814354 -0.030061
v -84.3025 -53.5151 164.462
vn 0.408883 -0.907144 -0.0995208
v -83.2933 -52.6081 161.49
vn 0.666478 -0.745378 0.0148047
v -83.4492 -52.6529 161.253
vn 0.63335 -0.773697 0.0161406
v -84.2379 -53.4977 161.805
vn 0.729296 -0.675207 0.110559
v -83.5253 -53.0437 159.735
vn 0.753151 -0.639335 0.154962
v -83.9985 -53.3442 160.225
vn 0.771026 -0.625719 0.1183
v -84.0407 -53.6994 159.745
vn 0.707001 -0.703969 0.067657
v -82.7976 -52.3654 157.912
vn 0.745861 -0.665399 0.0305773
v -81.4846 -51.4188 146.983
vn 0.814022 -0.580677 0.0134749
v -78.028 -47.5586 124.779
vn 0.925551 -0.360324 0.116287
v -75.7365 -44.9626 111.622
vn 0.859405 -0.49574 0.125157
v -75.1139 -44.8162 108.662
vn -0.83261 0.424434 -0.355832
v -67.5907 -34.1622 53.5714
vn -0.909873 0.127991 -0.39465
v -67.6709 -35.1163 52.979
vn -0.761641 0.517088 -0.390542
v -66.8668 -34.3796 51.7944
vn -0.561728 0.788405 -0.250757
v -67.1363 -33.8449 53.0808
vn 0.523568 -0.851889 -0.0126814
v -87.1498 -55.4585 184.223
vn 0.740102 -0.669771 0.0604687
v -86.0503 -54.6448 178.579
vn 0.64199 -0.765278 0.0468999
v -85.6932 -54.737 175.536
vn 0.47306 -0.880317 -0.0354389
v -84.9038 -54.1368 170.628
vn 0.554758 -0.832003 0.00373387
v -85.0585 -54.1876 170.39
vn 0.514852 0.848349 0.123415
v -68.468 -33.0689 59.7941
vn 0.499615 0.862888 0.0762206
v -68.0682 -33.3028 59.6079
vn -0.562496 0.794775 -0.227885
v -68.4979 -33.6234 57.0209
vn -0.759859 0.578759 -0.296061
v -68.2713 -33.968 55.5564
vn 0.545909 -0.833396 0.0862258
v -89.9221 -56.8845 202.034
vn 0.402803 -0.906974 0.123078
v -90.6163 -57.2259 202.762
vn 0.349826 -0.928379 0.125437
v -90.7407 -57.3725 202.439
vn 0.263897 -0.953402 0.14623
v -90.8494 -57.2821 202.849
vn 0.225159 -0.973565 0.038393
v -91.1716 -57.4016 202.574
vn 0.263005 -0.964531 -0.0225516
v -90.181 -57.1741 200.3
vn 0.383495 -0.922402 0.0458868
v -90.2481 -57.1129 198.336
vn 0.499845 0.820666 0.276879
v -75.7255 -39.9628 108.404
vn 0.427515 0.883059 0.19349
v -73.9331 -38.7483 97.39
vn 0.498652 0.857875 0.124085
v -74.3777 -38.5945 98.582
vn 0.175016 0.97665 0.124594
v -74.7367 -38.4286 98.1461
vn 0.0873663 0.989525 0.114921
v -75.2191 -38.288 97.2761
vn 0.162652 0.97806 0.130166
v -74.5471 -38.1993 95.7509
vn 0.0523513 0.990753 0.12517
v -74.9682 -38.173 96.9239
vn 0.0277988 0.995375 0.0919572
v -75.2946 -38.1834 96.4616
vn 0.122579 0.978118 0.168109
v -74.9039 -37.8739 94.1113
vn 0.208363 0.95503 0.210956
v -73.5667 -37.7214 93.3148
vn 0.215741 0.962392 0.165096
v -72.9842 -37.1706 89.5987
vn -0.10852 0.986818 0.120057
v -73.7538 -37.4246 90.6689
vn 0.0181115 0.989923 0.140446
v -73.3375 -37.0351 89.1582
vn -0.0831661 0.98147 0.172628
v -72.7867 -36.7025 85.8094
vn -0.0365608 0.985537 0.165469
v -72.3128 -36.2348 83.9106
vn -0.141085 0.982133 0.124538
v -72.5459 -36.2514 84.0775
vn -0.182203 0.980385 0.0751533
v -72.509 -36.2563 83.8769
vn -0.220779 0.963927 0.148668
v -73.2763 -36.4368 83.7281
vn -0.141143 0.963312 0.228272
v -71.8099 -35.661 81.7577
vn -0.398569 0.908349 0.126666
v -72.6427 -35.3829 79.2876
vn 0.362054 0.906541 0.217025
v -70.9386 -34.6832 77.2063
vn 0.284946 0.932798 0.220664
v -71.1638 -34.8607 78.5783
vn -0.357422 0.917621 0.17384
v -71.9532 -34.8899 78.4531
vn -0.27214 0.957842 0.092082
v -71.7604 -34.5687 77.1017
vn -0.578411 0.812648 0.0710212
v -72.104 -34.962 78.2119
vn -0.667275 0.744582 0.0184907
v -71.9437 -34.6602 77.0575
vn -0.642583 0.765783 0.0257779
v -72.1313 -34.9231 77.1877
vn 0.234235 0.951355 0.200145
v -70.9555 -34.3105 75.8322
vn -0.161498 0.983211 0.0849421
v -71.2098 -34.4073 76.1871
vn -0.532082 0.844381 -0.062523
v -71.8397 -34.6385 76.461
vn -0.679791 0.733377 0.00649145
v -72.0698 -34.8661 76.7964
vn -0.22474 0.965352 0.132615
v -70.7917 -33.9413 73.4579
vn 0.109669 0.947704 0.299718
v -71.4456 -34.0171 72.5876
vn 0.0827681 0.978198 0.190466
v -70.4848 -33.6532 71.5018
vn 0.342991 0.91772 0.200365
v -70.0845 -33.5668 70.3457
vn -0.66427 0.710527 -0.232159
v -70.6745 -33.1569 66.4116
vn -0.531532 0.828878 -0.174457
v -69.9999 -32.9007 64.7258
vn 0.608319 0.792752 0.0386303
v -68.9827 -33.0979 63.8185
vn 0.744031 0.660745 0.0991665
v -69.1422 -32.9289 64.0297
vn 0.751895 0.644466 0.138986
v -69.3152 -32.7718 64.2367
vn -0.234384 0.965954 -0.109529
v -69.4733 -32.8043 64.0014
vn 0.660975 0.745823 0.0828267
v -68.7713 -32.9868 61.4057
vn -0.478952 0.856375 -0.192942
v -69.4296 -33.2586 61.8734
vn 0.106206 -0.988258 0.109849
v -92.8661 -57.3915 211.971
vn 0.0603409 -0.998002 -0.0187204
v -92.9571 -57.3975 211.34
vn 0.694039 0.687546 0.213517
v -78.1273 -41.5484 122.956
vn 0.752978 0.629671 0.19115
v -77.1685 -41.0407 116.619
vn 0.814987 0.574024 0.0793277
v -77.6589 -40.4367 117.474
vn 0.695965 0.707195 0.124533
v -77.8796 -40.0297 115.854
vn 0.521907 0.845173 0.115308
v -77.7679 -39.6852 113.688
vn 0.604716 0.78044 0.158846
v -76.9073 -40.0211 112.732
vn 0.393281 0.842402 0.36836
v -76.1436 -40.1726 109.33
vn 0.762197 0.635355 0.124016
v -76.3325 -39.8617 109.767
vn 0.394515 0.891953 0.220856
v -76.6418 -39.618 109.763
vn 0.350817 0.910728 0.217949
v -76.752 -39.3249 108.977
vn 0.238295 0.961982 0.133441
v -77.2093 -39.4068 109.304
vn 0.343321 0.914347 0.21471
v -75.9389 -39.4151 106.825
vn 0.656832 0.743284 0.126886
v -76.372 -39.6287 108.159
vn 0.692328 0.718999 0.0610178
v -76.6536 -39.2726 108.18
vn 0.676928 0.733738 0.0582747
v -77.0144 -38.9033 106.639
vn 0.58025 0.792326 0.188493
v -75.4523 -39.5251 105.853
vn 0.44082 0.883847 0.156499
v -76.6937 -39.0783 106.154
vn 0.0272296 0.941586 0.335671
v -75.4217 -39.0958 103.674
vn 0.686874 0.705836 0.173201
v -75.141 -38.9465 103.127
vn -0.103159 0.937219 0.333134
v -75.6312 -38.5872 102.109
vn 0.631405 0.754939 0.177186
v -75.0726 -38.7472 101.119
vn 0.57073 0.780491 0.25515
v -74.9358 -38.6359 100.544
vn 0.688078 0.72436 0.0430318
v -75.1982 -38.6266 101.532
vn 0.393399 0.900805 0.183813
v -75.3712 -38.5135 101.937
vn 0.436313 0.890517 0.128885
v -75.1375 -38.4438 100.385
vn 0.502254 0.859397 0.0958012
v -75.476 -38.3805 100.918
vn 0.0635118 0.983706 0.168194
v -75.9089 -38.2581 101.079
vn 0.211419 0.975645 0.0584661
v -75.7427 -38.0968 98.8736
vn 0.337873 0.893205 0.296693
v -71.2287 -33.3756 70.8218
vn 0.752359 0.632869 0.182847
v -70.156 -32.8126 67.7986
vn -0.310777 0.948069 -0.067693
v -70.5342 -32.7373 67.549
vn -0.112762 -0.992863 0.038838
v -94.1183 -56.667 218.071
vn 0.261713 -0.948341 0.179318
v -93.2957 -56.9067 215.073
vn 0.152494 -0.983768 0.0945829
v -92.1327 -56.9185 213.194
vn 0.66812 0.719094 0.1911
v -79.2987 -40.5384 128.503
vn 0.895348 0.442894 0.0468622
v -79.244 -40.2905 126.912
vn 0.875476 0.483025 0.0151097
v -79.4173 -40.0785 125.28
vn 0.606806 0.789019 0.096102
v -79.3936 -39.7964 122.048
vn 0.707587 0.691466 0.145585
v -78.5028 -40.4178 120.43
vn 0.569412 0.786482 0.239197
v -77.9085 -40.255 118.7
vn 0.428953 0.869746 0.244011
v -78.2547 -40.2445 119.266
vn 0.329819 0.859374 0.390762
v -78.3705 -39.921 118.484
vn 0.45247 0.862275 0.227492
v -78.3233 -39.7866 118.104
vn 0.382739 0.883882 0.268819
v -78.6473 -40.001 118.838
vn 0.292003 0.926867 0.235906
v -78.847 -39.4224 117.268
vn 0.54997 0.831626 0.0770188
v -78.3992 -39.3984 115.902
vn 0.0445906 -0.998807 -0.0199042
v -96.1506 -57.157 229.999
vn -0.0930702 -0.994622 -0.0454437
v -94.6136 -56.7042 221.07
vn 0.0464577 -0.998671 -0.022327
v -93.3057 -56.5033 220.483
vn 0.692041 0.711905 0.11946
v -80.1236 -39.7662 130.569
vn 0.648636 0.743705 0.161784
v -79.5314 -40.4048 128.697
vn 0.80786 0.587773 0.0434149
v -79.8836 -40.0299 128.504
vn 0.611704 0.77784 0.144164
v -79.9285 -39.9473 127.896
vn 0.416955 0.871997 0.256457
v -79.7625 -39.8798 127.317
vn 0.886919 0.461097 -0.0276497
v -80.4081 -39.1023 127.151
vn 0.317954 0.919612 0.230694
v -80.2122 -39.3315 125.908
vn 0.663553 0.747901 0.0184654
v -80.4782 -39.1704 126.102
vn 0.64526 0.745943 0.164949
v -79.7062 -39.353 125.571
vn 0.937942 0.34484 -0.0367567
v -79.6047 -39.5879 124.517
vn -0.00334195 0.938797 0.344454
v -80.259 -38.9069 124.654
vn 0.905768 0.41571 -0.0822781
v -79.8384 -39.0747 123.546
vn 0.762157 0.647386 0.00276664
v -79.9473 -38.8916 123.562
vn 0.853596 0.517144 -0.0627441
v -79.9414 -39.3119 122.256
vn -0.0297575 -0.998837 -0.0379252
v -97.0211 -57.4448 241.934
vn -0.067275 -0.995546 0.0660523
v -96.872 -57.4951 238.867
vn -0.359859 -0.931928 0.0448417
v -97.2392 -57.4793 238.608
vn -0.314871 -0.947055 0.0628021
v -97.2868 -57.4166 238.817
vn -0.47376 -0.876872 -0.0815276
v -97.4656 -57.3376 238.599
vn -0.0643669 -0.996978 -0.0434917
v -96.5586 -57.6319 237.247
vn -0.477693 -0.864249 -0.157742
v -96.9602 -57.4303 237.016
vn 0.287673 -0.95767 0.0106512
v -95.9599 -57.5363 236.123
vn -0.326811 -0.938685 -0.109845
v -97.553 -56.8869 236.406
vn 0.138566 -0.98543 0.0986228
v -97.1485 -56.932 234.2
vn 0.16119 -0.984028 0.0755389
v -96.7467 -57.1577 232.168
vn 0.0568844 -0.998379 -0.00162495
v -95.6597 -56.8447 231.567
vn 0.895372 0.444897 -0.0193516
v -81.4454 -39.9789 139.983
vn 0.781741 0.623021 0.026949
v -81.5081 -39.7886 140.008
vn 0.753846 0.656386 0.0295742
v -81.6295 -39.718 139.385
vn 0.885283 0.464751 -0.0167441
v -80.9993 -40.1711 136.32
vn 0.826132 0.562859 0.0263662
v -81.3927 -39.5036 134.119
vn 0.860463 0.504996 -0.0676988
v -81.4673 -39.345 134.341
vn 0.74171 0.670478 0.0180221
v -81.4827 -39.237 134.975
vn 0.777339 0.62566 0.065532
v -81.5205 -39.2936 133.932
vn 0.677565 0.735409 -0.00888801
v -81.6063 -39.1368 134.152
vn 0.631597 0.774784 0.0281777
v -81.6945 -39.0909 133.736
vn -0.169928 -0.985268 0.0192582
v -98.2293 -57.4467 247.501
vn 0.262503 0.93977 0.218916
v -83.6827 -39.9715 152.584
vn 0.675462 0.737327 0.00998647
v -83.4439 -39.532 148.591
vn 0.648829 0.758538 0.0603436
v -82.8959 -40.2535 146.903
vn 0.770061 0.635898 -0.0513787
v -83.2422 -39.8869 148.148
vn 0.670589 0.734377 -0.104885
v -83.8173 -39.3969 147.12
vn 0.48384 0.873801 0.04869
v -83.4484 -38.8823 142.338
vn 0.453792 0.884573 0.107721
v -82.52 -39.4878 141.139
vn 0.41697 0.902472 0.10808
v -83.0378 -39.1558 140.298
vn 0.445602 0.886665 0.12355
v -82.43 -39.1088 139.166
vn -0.0259707 -0.984618 0.172777
v -99.3111 -56.94 254.204
vn -0.337809 -0.937081 0.0881101
v -99.6767 -56.9333 253.944
vn 0.756225 0.654097 -0.016757
v -85.4651 -40.0092 161.344
vn 0.20373 0.976541 0.0697222
v -85.0638 -40.0982 160.362
vn 0.397599 0.912272 0.0983575
v -85.3328 -40.0689 160.532
vn 0.739313 0.673327 0.00685684
v -85.548 -39.8727 160.328
vn 0.573307 0.815575 0.0784633
v -85.6723 -39.7128 159.106
vn 0.588083 0.807661 0.0429221
v -84.5975 -40.1348 157.756
vn 0.581031 0.811332 0.0643743
v -85.4428 -39.5777 157.111
vn 0.509317 0.852068 0.120729
v -84.4467 -40.2423 155.912
vn 0.514653 0.852546 0.0910951
v -83.8578 -39.9893 153.572
vn 0.780019 0.624918 0.0323584
v -85.1501 -39.5132 154.291
vn 0.808535 0.587216 -0.0380536
v -85.1752 -39.4873 154.086
vn 0.682567 0.725694 -0.0864359
v -85.2659 -39.3013 154.106
vn 0.677203 0.735188 -0.0299039
v -85.2375 -39.4208 153.883
vn 0.486256 0.873018 -0.0373494
v -85.4044 -39.2933 153.881
vn 0.36012 0.922137 0.141338
v -83.988 -39.7121 151.557
vn 0.430547 0.893094 0.130433
v -84.9991 -39.3469 152.495
vn 0.221395 0.967359 0.12329
v -84.5678 -39.3423 150.097
vn 0.348318 0.933048 0.089978
v -84.0394 -39.1694 148.154
vn -0.609388 -0.786473 0.100532
v -101.349 -56.0295 256.726
vn -0.0945339 -0.977126 0.190494
v -99.7052 -56.5611 256.06
vn 0.247284 0.966867 0.0633975
v -86.754 -39.721 169.415
vn 0.420155 0.90312 0.0885649
v -86.7159 -39.474 165.562
vn 0.317506 0.944093 0.0887633
v -86.8192 -39.2185 164.77
vn 0.270281 0.962267 0.0314553
v -87.1648 -39.2112 165.54
vn 0.114677 0.993226 0.0187665
v -87.2273 -39.1765 164.715
vn 0.533452 0.845081 0.0355959
v -85.8515 -39.5187 163.086
vn 0.768169 0.639198 -0.0366376
v -85.6768 -39.6421 161.377
vn 0.395896 0.914999 0.0777352
v -86.9575 -39.1862 162.085
vn 0.620679 0.783423 0.0317046
v -85.8589 -39.5212 160.344
vn 0.638673 0.755548 0.145753
v -86.6366 -38.813 160.146
vn 0.633319 0.77163 0.0591167
v -86.2757 -38.8356 157.993
vn 0.697199 0.712895 0.0754627
v -85.894 -39.2484 157.1
vn -0.364753 -0.905596 0.21645
v -101.131 -54.8879 262.508
vn -0.0453233 -0.962756 0.266547
v -101.135 -55.1664 261.636
vn -0.283051 -0.91929 0.273474
v -101.336 -55.1637 261.606
vn -0.220866 -0.940112 0.259628
v -101.194 -55.3435 260.976
vn -0.404976 -0.907594 0.110758
v -101.179 -55.5378 259.92
vn -0.347002 -0.91478 0.206801
v -101.354 -55.3691 260.745
vn -0.661088 -0.749523 0.0343293
v -101.379 -55.4239 259.91
vn -0.472625 -0.837819 0.273287
v -101.418 -55.2201 260.967
vn -0.842236 -0.502644 0.194902
v -101.485 -55.1598 260.762
vn -0.796025 -0.523041 0.304585
v -101.557 -55.3116 260.314
vn -0.82013 -0.572026 0.0131191
v -101.529 -55.2174 259.719
vn 0.419381 0.903469 -0.0886703
v -88.0457 -39.747 176.608
vn 0.491374 0.866833 0.0845716
v -87.8272 -39.3064 171.584
vn 0.649702 0.752604 0.107118
v -87.5157 -39.4761 170.369
vn 0.156285 0.98752 0.0194937
v -87.9469 -39.0711 169.76
vn 0.871229 0.467784 0.148792
v -87.1866 -39.2056 167.592
vn 0.0307538 0.997164 0.0686821
v -87.4379 -39.0976 166.957
vn -0.0183593 0.998681 0.0479518
v -87.6933 -39.1884 167.313
vn 0.38579 0.919265 0.0782161
v -87.8313 -39.1347 166.89
vn -0.529671 -0.814501 0.236721
v -101.372 -54.6701 263.126
vn -0.951523 -0.28549 0.114452
v -101.4 -54.5041 263.356
vn -0.995635 0.0931491 -0.00578009
v -101.406 -54.6156 262.72
vn 0.302267 0.951614 0.0553655
v -89.2011 -39.3405 182.666
vn 0.333612 0.941209 0.05318
v -89.6066 -39.118 182.439
vn 0.291245 0.956642 0.00340947
v -89.1333 -39.3292 181.138
vn -0.994922 -0.100604 -0.00304726
v -100.583 -49.8898 247.252
vn 0.214156 0.975437 0.0515785
v -91.296 -39.1353 191.832
vn 0.363264 0.923068 0.126432
v -91.7573 -39.0002 191.991
vn 0.231053 0.972309 0.0350545
v -91.1187 -38.9693 187.278
vn -0.780978 -0.624547 0.00373645
v -101.07 -48.903 251.051
vn -0.590688 -0.806875 -0.00642888
v -101.757 -48.3602 252.275
vn 0.0845218 0.996159 0.0228597
v -92.6724 -38.9836 200.482
vn -0.0434496 0.998592 0.0304437
v -93.4419 -39.1519 200.335
vn 0.206488 0.975767 0.0723934
v -93.6119 -39.1207 200.109
vn 0.203295 0.969252 0.13864
v -93.6585 -39.1363 200.382
vn 0.284811 0.948378 0.139504
v -93.8607 -39.0522 200.289
vn 0.0356199 0.998692 0.0366698
v -92.8364 -39.0072 197.988
vn 0.236999 0.963894 0.121406
v -93.3176 -38.8727 197.117
vn 0.271236 0.9623 0.0202238
v -92.7903 -38.7812 194.954
vn 0.129467 0.991557 -0.00724587
v -91.6048 -39.0228 193.448
vn 0.228299 0.970256 0.080518
v -91.7726 -39.0894 194.438
vn 0.281641 0.958604 0.0419165
v -92.1655 -39.0438 193.154
vn 0.364975 0.930114 0.0409944
v -92.9959 -38.7239 194.317
vn 0.358551 0.929049 0.0911534
v -92.5144 -38.7369 192.539
vn 0.251186 0.967187 0.0381322
v -92.0469 -38.8199 191.158
vn 0.266485 0.959584 0.0904623
v -94.3486 -39.1809 208.818
vn 0.0271189 0.999597 0.00844614
v -93.6551 -39.0364 204.842
vn 0.370908 0.901262 0.223953
v -97.8538 -41.238 232.362
vn 0.221082 0.964837 0.142172
v -97.4256 -40.8268 229.624
vn 0.0573517 0.994175 0.0912481
v -97.182 -40.2511 225.485
vn 0.0139483 0.991637 0.128301
v -97.1882 -40.1219 221.981
vn 0.339628 0.927521 0.156071
v -96.0737 -39.655 218.742
vn 0.457152 0.856547 0.239457
v -95.6852 -39.6444 217.776
vn 0.325832 0.923248 0.203586
v -96.1825 -39.4995 218.136
vn -0.212105 0.973503 -0.0854563
v -96.8068 -39.4797 217.018
vn 0.441151 0.86971 0.221339
v -95.302 -39.456 216.635
vn 0.117526 0.992668 0.0282483
v -95.7258 -39.3289 216.593
vn -0.00720559 0.999969 -0.00332871
v -96.0018 -39.4172 215.919
vn 0.271572 0.960154 0.0659765
v -95.1177 -39.3064 213.198
vn -0.30243 -0.953116 -0.0102801
v -104.78 -46.9582 272.398
vn 0.45643 0.88283 0.110826
v -100.278 -42.1504 246.619
vn 0.27974 0.956622 0.0813575
v -100.516 -41.9715 244.356
vn 0.336019 0.925377 0.17541
v -99.5148 -41.5633 236.159
vn 0.466658 0.853944 0.230239
v -99.9307 -41.0638 235.774
vn -0.027479 0.997268 0.0685652
v -98.0299 -40.525 228.148
vn -0.0739921 -0.997253 0.00350367
v -106.037 -46.7232 275.741
vn 0.378431 0.9232 0.0670231
v -101.116 -42.2955 251.396
vn 0.29922 0.951649 0.0695027
v -102.222 -41.7263 251.329
vn 0.244617 0.969243 0.02703
v -100.776 -42.0104 246.979
vn 0.170916 0.982931 0.0680773
v -101.313 -41.5994 243.89
vn 0.176129 -0.984304 -0.0111392
v -108.189 -46.8776 286.683
vn 0.0167744 -0.999563 -0.0243567
v -107.657 -46.8086 285.954
vn 0.24914 0.958583 0.138017
v -103.879 -42.8466 266.077
vn 0.209461 0.976385 0.0529004
v -102.888 -42.084 258.763
vn 0.293565 0.955938 -0.00118356
v -102.509 -42.2707 257.966
vn 0.108289 0.994116 0.00265345
v -103.375 -42.1088 258.069
vn 0.173149 -0.984509 0.0275954
v -109.177 -46.9393 298.024
vn 0.647646 -0.647971 0.40086
v -109.19 -46.9557 298.019
vn -0.148205 -0.172847 0.973735
v -109.207 -46.944 298.018
vn -0.841578 0.334878 0.423797
v -108.688 -46.532 297.143
vn -0.228869 -0.973133 0.0251294
v -108.983 -46.907 296.826
vn -0.460183 0.87726 0.136552
v -109.068 -46.6427 297.066
vn -0.604153 0.792287 0.08533
v -108.981 -46.5298 296.483
vn 0.0957976 -0.990155 0.102062
v -109.023 -46.993 295.983
vn -0.612879 -0.785859 0.0824971
v -109.23 -46.7681 296.814
vn -0.44859 -0.844936 0.29129
v -109.224 -46.9903 295.953
vn -0.755412 -0.547533 0.359944
v -109.313 -46.8618 295.963
vn -0.918436 0.379926 0.11014
v -109.355 -46.8385 295.755
vn 0.121314 -0.983994 0.130536
v -109.376 -47.0595 295.713
vn 0.274359 -0.960903 0.0373126
v -109.247 -47.1023 294.903
vn 0.0426401 -0.760756 0.647635
v -109.407 -46.9572 295.11
vn -0.743872 0.666346 0.0513582
v -109.209 -46.6061 294.381
vn 0.0426401 -0.760756 0.647635
v -109.412 -47.1644 294.867
vn -0.0581767 -0.759037 0.648443
v -109.61 -47.1769 294.835
vn -0.113031 -0.993551 -0.00891481
v -109.366 -47.1354 293.441
vn -0.472414 0.879273 0.0608583
v -108.676 -46.0583 292.094
vn -0.515971 0.854519 0.0597607
v -107.955 -45.026 283.761
vn -0.23979 0.96447 0.110894
v -107.401 -44.6015 281.456
vn -0.0147545 0.989401 0.144461
v -106.747 -44.131 278.558
vn 0.0548273 0.992119 0.112665
v -105.436 -43.9699 275.705
vn 0.109311 0.987872 0.110271
v -105.893 -43.9447 277.078
vn 0.0135359 0.990782 0.134788
v -105.925 -43.6216 272.406
vn 0.0511826 0.990574 0.127057
v -105.085 -43.4448 272.154
vn -0.0889016 0.986396 0.138273
v -105.578 -43.4423 271.464
vn 0.902882 -0.249546 0.350044
v -60.5322 -65.4901 31.2117
vn 0.971432 -0.2358 0.0267909
v -60.7392 -66.4941 30.7965
vn 0.827221 -0.267623 0.494048
v -60.8443 -66.0105 31.4826
vn 0.964836 -0.158073 -0.210009
v -60.4362 -64.9847 30.6999
vn 0.772163 -0.226921 0.593524
v -60.8013 -65.1978 31.6736
vn 0.0564337 -0.183719 0.981358
v -61.0391 -65.0425 31.7164
vn 0.808355 -0.263426 0.526468
v -60.4958 -62.1998 32.6232
vn 0.905337 -0.107362 -0.4109
v -60.0355 -62.4886 30.9988
vn 0.403833 0.145647 -0.903164
v -61.2345 -61.959 30.1001
vn 0.314908 -0.305527 0.898602
v -60.5615 -60.8923 33.4215
vn -0.361265 -0.185144 0.913898
v -61.7665 -61.1207 33.4608
vn 0.676076 -0.285028 0.67947
v -60.3416 -61.745 32.522
vn 0.463996 0.13586 -0.875357
v -60.3178 -60.6479 30.7131
vn 0.382378 0.199184 -0.902282
v -60.6925 -60.6925 30.5487
vn 0.412389 0.170439 -0.894922
v -61.2095 -60.9996 30.2631
vn 0.711678 -0.018492 -0.702262
v -61.2641 -60.2976 29.951
vn 0.273896 -0.350332 0.895683
v -60.9345 -60.1852 33.7311
vn 0.0457357 -0.340988 0.938954
v -61.3047 -60.4611 33.7445
vn -0.284057 -0.303067 0.909649
v -61.537 -60.2994 33.7507
vn -0.265467 -0.257166 0.929189
v -62.0203 -60.7477 33.4018
vn -0.0249982 -0.336135 0.941482
v -62.2144 -59.7915 33.6416
vn 0.786937 -0.046284 -0.615295
v -60.8288 -59.9055 30.6163
vn 0.260551 0.209738 -0.942403
v -61.3244 -59.8949 29.9331
vn -0.00795646 0.276634 -0.960942
v -61.5632 -59.7408 29.9819
vn -0.0432847 -0.292719 0.955218
v -62.1592 -58.2275 34.2487
vn 0.697157 0.0277296 -0.716382
v -61.7178 -57.7523 30.2407
vn -0.900887 0.102717 0.421725
v -62.4092 -56.4135 34.1814
vn -0.750531 -0.108295 0.651901
v -62.3106 -57.4581 34.4151
vn -0.887932 -0.00607055 0.459936
v -62.4202 -57.4464 34.2017
vn -0.9478 0.0545104 0.314171
v -62.4806 -56.8552 34.2975
vn -0.90889 0.079163 0.409452
v -62.4984 -56.8281 34.0942
vn -0.912382 -0.0548662 0.405647
v -62.5234 -57.0371 34.0865
vn -0.693747 -0.0856695 0.715106
v -62.682 -57.0274 33.8255
vn -0.598651 -0.122074 0.791653
v -62.5999 -56.4167 33.9673
vn -0.806408 -0.0261334 0.590781
v -62.6198 -57.4263 33.8203
vn 0.353456 0.184691 -0.917037
v -60.8879 -56.0694 31.0095
vn -0.826646 -0.0267936 0.562085
v -62.0017 -54.5715 34.739
vn -0.528779 -0.22107 0.819463
v -62.1819 -56.037 34.6937
vn 0.687123 0.0713586 -0.723029
v -61.2471 -54.8732 30.8143
vn 0.337861 0.23245 -0.91204
v -61.7419 -54.1119 30.6111
vn -0.283208 0.222888 -0.932799
v -62.5246 -54.2401 30.5014
vn 0.00315481 0.186796 -0.982394
v -62.3696 -54.4072 30.4359
vn -0.493142 -0.242274 0.835532
v -62.0718 -54.1802 34.7851
vn -0.621215 -0.169997 0.764979
v -62.5178 -53.8351 34.6758
vn -0.965006 0.069566 0.25283
v -63.179 -52.9811 33.647
vn -0.973065 0.213217 -0.0876559
v -63.1957 -52.9239 33.2438
vn -0.973875 0.209438 -0.0877706
v -63.1966 -53.4351 32.5367
vn 0.387199 0.270556 -0.881406
v -61.654 -52.7463 31.2104
vn 0.235093 0.340944 -0.910213
v -62.0876 -53.3729 30.7411
vn -0.304237 0.416027 -0.856949
v -62.4882 -53.4478 30.7471
vn -0.136177 0.28466 -0.948907
v -62.3895 -53.8056 30.5124
vn -0.760031 -0.132621 0.636211
v -62.2292 -52.4315 35.2689
vn -0.801519 -0.109331 0.587889
v -62.5138 -52.6075 34.7199
vn -0.820185 -0.105788 0.562233
v -62.6838 -52.2216 34.6788
vn -0.94965 0.190023 -0.24911
v -62.9605 -51.1651 32.7703
vn -0.991483 0.0559584 0.117599
v -63.1039 -52.1683 33.8027
vn 0.0078628 0.374334 -0.927261
v -61.789 -50.9714 31.5468
vn 0.554468 0.195794 -0.808845
v -61.9337 -52.1667 31.1135
vn -0.380872 0.360092 -0.851628
v -62.1789 -52.0201 31.2049
vn -0.846755 0.28139 -0.45147
v -62.6984 -51.034 32.2173
vn -0.737824 0.36737 -0.566264
v -62.8124 -52.3214 31.5605
vn -0.908739 -0.0868982 0.408218
v -62.836 -50.6137 34.7358
vn -0.91265 0.216328 -0.346802
v -62.9389 -50.1904 33.1522
vn -0.798287 0.367691 -0.477014
v -62.5269 -48.5345 33.5089
vn 0.416468 -0.909132 0.0058094
v -74.2674 -44.4384 95.0961
vn 0.242673 -0.968736 -0.0515743
v -75.2109 -44.7999 94.683
vn 0.424367 -0.905366 -0.0150122
v -74.5582 -44.4691 92.1709
vn 0.0875671 -0.983473 -0.158468
v -72.3702 -42.9251 82.0974
vn -0.0313533 -0.979513 -0.198926
v -73.5832 -43.0556 82.0951
vn 0.166511 -0.979211 -0.115841
v -72.3075 -42.7885 80.488
vn 0.153701 -0.979727 -0.128495
v -73.4502 -42.8006 81.1337
vn -0.135551 -0.955718 -0.261205
v -72.1292 -42.584 79.3191
vn -0.114805 -0.960062 -0.255148
v -71.434 -42.0358 77.2629
vn 0.333687 -0.941841 -0.0398501
v -71.7654 -42.0189 76.8047
vn -0.46311 -0.83257 -0.303902
v -70.703 -39.4098 66.3383
vn 0.679625 -0.732816 0.0330276
v -85.9529 -55.308 164.92
vn 0.779805 -0.623306 0.0582565
v -85.0297 -54.6521 159.22
vn 0.760025 -0.646816 0.0631767
v -85.2203 -54.8993 159.353
vn 0.154715 -0.960816 -0.229991
v -85.6618 -55.0663 159.667
vn 0.715846 -0.698012 0.0185542
v -84.8191 -54.4277 157.854
vn 0.790102 -0.602748 0.111507
v -84.3587 -54.0816 156.137
vn 0.724087 -0.689175 0.0271304
v -84.9225 -54.8653 156.528
vn 0.842444 -0.521291 0.136176
v -84.8708 -54.8562 155.511
vn 0.876801 -0.408459 0.253735
v -85.0491 -55.1444 155.843
vn 0.777746 -0.627539 -0.0361521
v -84.9564 -55.0699 155.46
vn 0.144945 -0.906688 -0.396117
v -85.0446 -55.0539 155.244
vn 0.680874 -0.726061 -0.096163
v -85.1147 -54.9844 156.067
vn 0.88701 -0.444433 0.125268
v -84.8558 -54.9457 155.087
vn 0.406518 -0.892528 -0.195286
v -84.0948 -53.9733 152.294
vn 0.813072 -0.575905 0.0851377
v -83.6679 -53.7272 151.992
vn 0.546566 -0.837 -0.0263904
v -83.5762 -53.6387 151.405
vn 0.336727 -0.928574 -0.156092
v -84.0161 -53.8148 151.718
vn 0.666326 -0.745592 0.0101666
v -83.7641 -53.7283 149.102
vn 0.710723 -0.703342 0.0135153
v -81.4041 -51.4468 138.569
vn 0.816093 -0.573416 0.0720141
v -81.0871 -51.2977 136.384
vn 0.623574 -0.779941 -0.0533626
v -81.3483 -51.5765 136.09
vn 0.439429 -0.881466 -0.172972
v -80.1476 -50.1466 131.597
vn 0.565998 -0.819933 -0.0857603
v -80.262 -49.8536 128.551
vn 0.590295 -0.802797 -0.0840726
v -79.3672 -48.8035 127.23
vn 0.285451 -0.949295 -0.131749
v -80.3156 -49.5862 126.331
vn 0.681833 -0.731348 -0.0152959
v -79.1592 -48.5649 125.866
vn 0.478233 -0.87307 -0.0950923
v -79.2421 -48.6375 122.965
vn 0.421415 -0.903988 -0.0722121
v -77.827 -46.6594 112.235
vn 0.35378 -0.932345 -0.0746469
v -77.0146 -45.9881 107.138
vn 0.3285 -0.942988 -0.0535009
v -77.5959 -46.0923 107.031
vn 0.324515 -0.943934 -0.0606585
v -77.2711 -45.9871 106.277
vn 0.457405 -0.889256 0.0021954
v -77.4298 -46.0167 106.042
vn 0.360673 -0.931641 -0.0442705
v -75.8166 -45.5186 103.501
vn 0.398233 -0.917055 -0.0205052
v -76.5309 -45.5965 102.967
vn 0.33159 -0.94105 -0.0668773
v -75.7126 -45.2156 101.516
vn 0.310808 -0.948856 -0.0554139
v -75.8482 -45.2841 100.046
vn 0.142785 -0.985073 -0.0961429
v -76.245 -45.3029 99.982
vn -0.698437 -0.644454 -0.311232
v -69.3529 -37.6003 59.2654
vn 0.570638 -0.819873 0.0466899
v -89.028 -57.119 180.151
vn 0.652413 -0.756686 0.0422204
v -87.6346 -56.2334 176.207
vn 0.411216 -0.908215 -0.0777553
v -87.7837 -56.3146 175.965
vn 0.638535 -0.769547 -0.00835567
v -88.0922 -56.4223 175.488
vn 0.475835 -0.877691 -0.0569189
v -86.344 -55.2899 171.641
vn 0.337264 -0.932281 -0.130782
v -86.9813 -55.4319 171.879
vn 0.800023 -0.592422 0.0948606
v -87.5004 -55.9816 172.164
vn 0.697065 -0.716058 0.0368947
v -86.6316 -55.0235 169.58
vn 0.425277 -0.902417 -0.0691634
v -85.8059 -54.499 167.961
vn 0.79909 -0.590243 0.114317
v -85.3201 -54.5084 164.131
vn 0.667928 -0.744195 0.00674177
v -84.535 -54.0791 159.397
vn -0.865346 -0.353041 -0.355722
v -70.1695 -36.5575 59.5318
vn -0.929137 -0.0676539 -0.363493
v -69.8597 -35.4983 58.3293
vn 0.470157 -0.882508 0.0114586
v -90.8202 -57.4454 191.528
vn 0.613827 -0.787872 0.0497466
v -88.1226 -56.2123 180.039
vn -0.891642 0.355719 -0.280068
v -71.9064 -34.746 64.5188
vn -0.800927 0.540424 -0.257795
v -71.2548 -34.2335 63.2712
vn -0.626449 0.745007 -0.229186
v -70.1906 -33.8951 60.9471
vn -0.874415 0.364307 -0.320436
v -70.5071 -34.5277 60.6625
vn 0.33443 -0.937002 0.100916
v -92.4813 -58.0062 201.24
vn 0.174034 -0.984321 0.0286937
v -92.3596 -58.1888 199.583
vn 0.326626 -0.94507 0.0125968
v -91.842 -58.0438 198.866
vn -0.195034 0.970517 0.141632
v -74.3993 -37.118 87.1334
vn -0.216613 0.964754 0.149431
v -73.553 -36.6078 84.2719
vn -0.0696206 0.976705 0.202976
v -74.5681 -36.4445 82.9141
vn 0.173063 0.9467 0.271678
v -73.8309 -35.6472 79.2653
vn -0.306687 0.944945 0.114116
v -72.3441 -34.9635 76.1212
vn 0.230091 0.906737 0.353391
v -72.0058 -34.2604 73.6274
vn -0.660077 0.727986 -0.185296
v -72.4129 -33.8118 68.6445
vn -0.588444 0.789458 -0.174613
v -70.8853 -33.3082 66.5727
vn -0.486252 0.853214 -0.18864
v -70.4796 -33.3595 64.3659
vn -0.648164 0.736722 -0.192675
v -71.3744 -33.7017 65.0659
vn -0.562709 0.80303 -0.196219
v -70.5532 -33.6088 62.7096
vn -0.00826839 -0.986938 0.16089
v -93.4298 -57.2872 212.726
vn 0.128467 -0.989319 0.0688809
v -93.823 -57.4343 211.613
vn 0.1716 -0.983988 0.0481675
v -92.3526 -57.6595 207.072
vn 0.178349 -0.97904 0.0983454
v -93.7634 -57.8025 207.038
vn 0.357753 0.926768 -0.114517
v -78.0379 -39.0602 109.034
vn 0.404745 0.914429 -0.0014385
v -78.3684 -39.0291 108.558
vn 0.481437 0.872164 0.0868787
v -77.2194 -38.7098 106.466
vn 0.499264 0.864794 0.0535467
v -77.2559 -38.7008 105.52
vn 0.0906546 0.973648 0.209263
v -77.5874 -38.5748 106.108
vn 0.196009 0.968586 0.153042
v -78.6585 -38.5846 106.354
vn 0.320059 0.940199 0.116565
v -77.4744 -38.4183 104.201
vn 0.209387 0.974129 0.0850272
v -77.9609 -38.2442 104.466
vn 0.0304687 0.986731 0.159477
v -76.4764 -38.3555 100.89
vn -0.11709 0.989832 0.0807673
v -76.6571 -37.8936 96.922
vn 0.182138 0.979177 0.0896525
v -76.0711 -37.8382 94.7616
vn -0.0607837 0.996439 -0.0584432
v -76.4419 -37.8062 94.5088
vn 0.205253 0.930513 0.303342
v -73.7962 -34.7745 77.1662
vn -0.261527 0.954374 0.144128
v -72.665 -33.6618 72.1956
vn 0.53274 0.759779 0.372725
v -71.8574 -33.5045 72.141
vn -0.244939 0.967188 0.0674653
v -71.4711 -33.0609 69.6084
vn -0.0919542 -0.994352 -0.0529906
v -95.3279 -56.9136 217.227
vn -0.194684 -0.980494 -0.0270203
v -93.8411 -57.0098 214.766
vn -0.183484 -0.963106 -0.196879
v -94.3371 -56.8819 215.124
vn -0.407604 -0.91154 -0.0543434
v -94.284 -56.7793 214.74
vn 0.405132 -0.884362 0.231888
v -94.4231 -56.9153 214.489
vn 0.234367 -0.970021 0.0642798
v -94.5059 -56.8567 214.898
vn -0.239524 -0.965995 0.0973779
v -93.5988 -57.1519 213.546
vn 0.0983509 -0.971441 0.215939
v -94.0674 -56.9773 213.711
vn 0.497803 0.855747 0.141028
v -79.4265 -39.3186 119.252
vn 0.271387 0.945711 0.178829
v -79.847 -39.2097 119.207
vn 0.402568 0.905844 0.131859
v -79.2189 -39.1866 116.842
vn 0.612739 0.78935 0.0384449
v -78.6868 -39.1788 114.665
vn -0.00850946 -0.993587 -0.112749
v -97.2403 -57.0023 226.78
vn 0.185652 -0.981942 -0.0363623
v -96.8975 -56.6274 223.407
vn -0.219166 -0.969861 -0.106471
v -95.8266 -56.3355 221.773
vn 0.288617 -0.950818 0.112447
v -95.9612 -56.3008 221.348
vn 0.587492 -0.767935 0.255205
v -96.15 -56.4949 221.285
vn 0.238453 -0.944674 0.225234
v -95.2403 -56.4765 219.783
vn 0.381771 -0.888663 0.254024
v -94.8331 -56.6225 218.792
vn 0.166518 0.97444 0.150791
v -80.3813 -38.6335 123.952
vn -0.0842459 0.991204 0.102067
v -80.7133 -38.6135 123.495
vn 0.121827 0.989565 0.0769367
v -80.6496 -38.5687 123.102
vn 0.131381 0.976356 0.171665
v -81.1085 -38.6415 123.43
vn 0.193997 0.972173 0.131322
v -81.1997 -38.4517 122.628
vn 0.271857 0.962156 0.0187207
v -81.1252 -38.379 121.009
vn 0.609074 0.791214 -0.054857
v -80.7626 -38.5876 119.179
vn 0.448648 0.891734 0.0593653
v -80.7293 -38.6813 117.935
vn 0.204181 -0.966484 0.155621
v -98.9091 -56.9363 235.986
vn 0.216073 -0.959525 0.180624
v -98.4655 -57.0842 234.795
vn -0.010238 -0.999821 0.0159117
v -97.1429 -57.094 230.886
vn 0.635455 0.768481 0.0750664
v -81.8826 -38.5222 129.906
vn 0.266921 0.959099 0.0942423
v -82.4234 -38.0657 129.083
vn 0.828706 0.555325 -0.0697154
v -82.1826 -37.8858 126.447
vn 0.509629 0.859674 0.0351915
v -81.7043 -38.4495 125.427
vn 0.691314 0.722253 -0.0208738
v -82.0717 -38.1541 125.629
vn -0.274781 -0.96023 -0.0495417
v -99.1547 -57.2928 244.512
vn -0.156618 -0.987625 -0.00826042
v -99.8139 -56.5218 240.646
vn 0.15221 -0.981416 0.116852
v -98.9837 -56.8133 237.434
vn 0.132795 -0.98365 0.121648
v -99.2174 -56.8269 237.602
vn 0.216062 0.973907 0.0694432
v -84.5919 -38.3277 140.209
vn 0.385294 0.912321 0.138629
v -83.3493 -38.5755 138.094
vn 0.305989 0.949339 0.0716018
v -83.4893 -38.2286 134.001
vn 0.365524 0.930328 0.0296994
v -83.6936 -38.1216 135.042
vn 0.353445 0.930229 0.0987398
v -83.3367 -38.1041 133.045
vn -0.72482 -0.685257 0.0711248
v -101.394 -56.3128 250.712
vn -0.546423 -0.836839 0.0334935
v -101.544 -56.2766 250.285
vn -0.473166 -0.880954 0.00578293
v -101.036 -56.619 248.659
vn -0.755285 -0.655337 -0.00882321
v -101.319 -56.2826 247.854
vn -0.979679 0.193739 -0.051912
v -101.286 -56.0174 247.495
vn -0.655184 -0.754181 -0.0440884
v -101.337 -56.3362 246.814
vn 0.539653 0.841313 0.031092
v -85.7086 -39.1597 153.986
vn 0.484239 0.87467 0.0215879
v -85.8722 -38.8677 151.831
vn 0.232511 0.970437 0.0647307
v -85.4436 -38.8718 146.555
vn 0.369257 0.92652 0.072181
v -84.9225 -38.7457 145.835
vn -0.104554 0.984402 0.141495
v -85.1865 -38.7902 146.198
vn -0.1532 0.984112 0.0897432
v -85.1753 -38.5696 144.801
vn -0.0116257 0.998919 0.0450144
v -84.9135 -38.3411 142.006
vn -0.341442 0.939776 0.0154314
v -85.1035 -38.3961 141.967
vn -0.611618 -0.789674 0.0483463
v -101.166 -56.1522 254.678
vn -0.958724 -0.270177 0.0886205
v -101.556 -55.8548 255.699
vn -0.989591 0.140726 0.0300848
v -101.545 -55.4825 255.972
vn -0.962947 -0.269511 0.00984135
v -101.627 -55.8062 255.286
vn -0.965218 -0.260673 0.0200955
v -101.587 -55.7101 254.693
vn -0.765524 -0.62504 0.152638
v -101.546 -55.9844 253.829
vn -0.736446 -0.672105 0.0769497
v -101.542 -56.1107 253.303
vn -0.988587 -0.142199 -0.0497561
v -101.592 -56.0631 251.548
vn -0.891764 -0.442912 0.0926631
v -101.486 -56.1257 250.722
vn 0.57113 0.816825 0.0812897
v -87.0192 -38.4247 157.076
vn 0.622125 0.777935 0.0881879
v -87.2425 -38.1699 156.471
vn 0.593565 0.802999 0.0536051
v -86.4976 -38.5455 154.403
vn 0.410746 0.910237 -0.052489
v -87.4771 -37.634 154.476
vn 0.508196 0.854448 -0.107956
v -87.0689 -38.145 152.394
vn -0.964415 0.262781 -0.0291447
v -101.031 -54.1724 251.969
vn -0.981361 0.186007 -0.0482994
v -100.731 -53.7063 249.222
vn -0.998392 0.0344779 -0.045007
v -100.35 -51.72 239.158
vn 0.795581 0.583656 0.162471
v -88.8417 -38.8843 170.273
vn 0.642935 0.759143 0.101673
v -88.8105 -38.7896 169.678
vn 0.720167 0.686001 0.10374
v -88.9371 -38.6991 170.291
vn 0.551093 0.823633 0.133884
v -89.176 -38.5977 169.318
vn 0.555333 0.831418 0.0186763
v -87.9991 -38.954 166.281
vn 0.445898 0.894993 0.0127588
v -88.3158 -38.6792 166.897
vn 0.390782 0.920465 -0.00585327
v -88.5382 -38.6679 165.839
vn 0.480372 0.862463 0.159373
v -89.3565 -37.7926 165.048
vn 0.626628 0.770256 0.118499
v -87.6297 -37.98 157.472
vn -0.996414 -0.0753785 -0.0384275
v -100.46 -50.3722 245.132
vn -0.930283 -0.366588 -0.0136201
v -100.189 -49.7037 236.87
vn -0.99878 0.00322883 -0.0492662
v -100.111 -50.4027 236.142
vn -0.103078 0.993827 -0.0410271
v -90.1236 -39.0306 177.241
vn 0.670967 0.718898 0.181629
v -90.0712 -38.8548 175.431
vn 0.125737 0.991906 0.0177047
v -89.6117 -39.0723 174.436
vn 0.818971 0.537922 0.199814
v -89.7284 -38.7616 173.857
vn 0.671874 0.715783 0.190371
v -90.0777 -38.5359 174.665
vn 0.295745 0.955261 -0.00332827
v -90.7562 -38.0997 174.229
vn 0.613849 0.780505 0.118326
v -89.7445 -38.657 173.668
vn 0.269589 0.962968 -0.00375417
v -90.4646 -38.3136 172.797
vn 0.288075 0.957367 0.0214516
v -89.4877 -38.4016 170.876
vn 0.20638 0.976406 -0.0635503
v -89.7155 -38.2744 168.605
vn 0.529135 0.836698 0.141251
v -90.0132 -38.1393 167.968
vn -0.896088 -0.442666 -0.0327637
v -100.655 -49.602 245.239
vn -0.702071 -0.710292 -0.0507977
v -100.931 -48.9758 243.459
vn -0.544613 -0.838057 -0.0325136
v -101.47 -48.5284 242.841
vn -0.893098 -0.447511 -0.0459404
v -100.459 -49.4631 241.801
vn -0.725402 -0.688322 0.00208804
v -100.678 -49.0098 237.125
vn 0.249291 0.96231 0.108691
v -91.8177 -38.9135 187.684
vn 0.331752 0.941234 0.0633947
v -91.9128 -38.7024 186.886
vn 0.366961 0.929418 0.0390062
v -91.5865 -38.9069 186.283
vn 0.358186 0.931723 0.0599557
v -91.9401 -38.6635 185.861
vn -0.625249 -0.779878 -0.0292386
v -101.441 -48.665 244.875
vn 0.206656 0.971259 0.118105
v -94.2459 -39.2204 201.433
vn 0.219317 0.970124 0.103733
v -93.7453 -39.0057 198.466
vn 0.29569 0.94709 0.124855
v -93.6845 -38.6642 196.687
vn 0.0877988 0.996036 0.0142665
v -93.6451 -38.5101 194.051
vn 0.118195 0.992745 -0.0220768
v -93.3581 -38.504 192.452
vn 0.0284757 0.99957 0.00704937
v -93.7979 -38.5945 191.548
vn 0.0876478 0.996149 0.00233165
v -94.8299 -39.178 204.638
vn -0.0279026 0.996418 -0.0798257
v -95.8649 -38.7982 204.342
vn 0.245033 0.969492 -0.00658054
v -95.1038 -39.0827 203.791
vn 0.0544942 0.997859 0.0361527
v -95.5118 -38.9551 202.52
vn -0.00219735 0.992045 -0.125865
v -95.9284 -38.9531 203.689
vn 0.270038 0.954463 0.126805
v -94.6792 -39.0416 201.399
vn 0.192254 0.97185 0.136185
v -94.8044 -38.7765 199.578
vn 0.229271 0.961542 0.151234
v -95.5112 -38.5912 199.914
vn 0.195792 0.976959 0.0849446
v -94.8251 -38.5784 198.378
vn 0.0973205 0.988507 0.115686
v -98.4483 -40.364 224.622
vn 0.313865 0.931547 0.183597
v -98.5209 -40.2746 223.805
vn 0.142093 0.978659 0.148443
v -97.5294 -39.4783 219.887
vn -0.0349631 0.998292 0.0468106
v -96.9168 -39.578 216.573
vn 0.0834111 0.995023 0.0545109
v -96.2168 -39.0785 212.249
vn 0.145646 0.988015 0.0511283
v -96.192 -39.1267 211.012
vn 0.0907156 0.995222 0.0361168
v -96.8875 -39.0021 211.339
vn 0.0705106 0.996713 0.0398987
v -96.4503 -38.9209 209.983
vn 0.362597 0.91616 0.170805
v -101.558 -41.491 240.586
vn -0.0653559 0.997767 0.013797
v -100.603 -40.8978 235.907
vn -0.268063 0.95998 -0.0811168
v -100.682 -40.9676 235.266
vn -0.12528 0.991456 0.0363437
v -101.06 -41.0867 235.187
vn -0.0858339 0.996299 0.00446347
v -99.7364 -40.8853 233.37
vn 0.0533168 0.994674 0.0882102
v -99.4753 -40.7394 231.793
vn -0.175057 0.984394 -0.017999
v -99.7835 -40.6758 228.882
vn -0.126018 0.991041 0.0442357
v -99.4663 -40.6382 227.088
vn 0.230695 0.944882 0.232329
v -99.8984 -40.6612 227.224
vn 0.366198 0.902495 0.226721
v -99.2877 -39.9596 224.36
vn 0.1358 0.99021 0.0322835
v -102.297 -41.7332 248.327
vn 0.114776 0.991107 0.0673236
v -103.246 -41.756 245.622
vn -0.0145429 0.999862 0.00808648
v -101.641 -41.6038 243.428
vn -0.93642 0.34548 0.0613225
v -109.778 -46.9999 288.062
vn -0.983028 0.135287 0.123912
v -109.814 -47.2237 288.017
vn 0.30405 -0.951355 0.0497743
v -109.724 -47.3336 287.611
vn 0.135025 0.905994 0.401177
v -109.952 -47.3679 287.765
vn -0.170983 -0.984553 0.0376905
v -110.001 -47.3759 287.551
vn 0.135025 0.905994 0.401177
v -109.931 -47.2879 287.577
vn 0.0512263 -0.998523 0.0180819
v -109.873 -47.4055 287.36
vn 0.180878 -0.983458 0.00970393
v -109.704 -47.345 286.369
vn -0.808484 0.58274 0.0822643
v -109.815 -46.7461 286.459
vn 0.237772 -0.971263 -0.0106211
v -108.37 -46.917 283.156
vn -0.0397076 0.995213 0.0892958
v -105.008 -42.2007 261.501
vn 0.0494615 0.996437 0.0683077
v -103.828 -41.8511 255.786
vn -0.478934 -0.877401 -0.0281052
v -109.65 -46.9864 293.63
vn -0.754431 0.656008 0.0221034
v -109.37 -46.634 291.886
vn 0.16187 -0.986515 0.0242093
v -109.398 -47.1793 291.375
vn -0.309511 -0.949944 0.0425441
v -109.643 -47.1297 291.552
vn 0.116063 -0.992233 -0.0447572
v -109.589 -47.2523 291.358
vn 0.0894739 -0.995078 -0.042602
v -109.791 -47.2196 291.308
vn -0.807504 0.587646 0.0510886
v -109.614 -46.744 287.927
vn -0.695175 0.715685 0.0672843
v -109.149 -46.1204 287.082
vn -0.658448 0.748457 0.0791121
v -109.399 -46.0311 284.8
vn 0.0441425 0.992696 0.112274
v -106.618 -43.4266 271.514
vn -0.172626 0.979954 0.0994485
v -107.32 -43.29 269.583
vn 0.964783 -0.246648 -0.0914289
v -61.3415 -68.8461 29.8764
vn 0.900525 -0.313114 0.301686
v -60.8793 -66.9467 30.9002
vn 0.572253 -0.34859 0.742302
v -61.2023 -67.3235 31.195
vn 0.754813 -0.296203 0.585253
v -61.4345 -65.5844 32.1023
vn 0.414879 -0.252732 0.874072
v -61.0558 -66.0483 31.548
vn -0.19982 -0.207272 0.957659
v -62.0877 -65.5213 32.2485
vn -0.0356955 -0.244862 0.968901
v -62.9367 -64.2675 32.4383
vn 0.391362 0.135241 -0.910245
v -61.7185 -64.6171 29.4068
vn -0.0031644 -0.279346 0.960185
v -62.0212 -63.7076 32.5743
vn -0.0307936 -0.310026 0.950229
v -62.1545 -63.1536 32.8289
vn -0.078218 -0.256251 0.96344
v -63.0519 -62.7061 32.8521
vn 0.493068 0.12938 -0.860317
v -61.9859 -63.037 29.5073
vn 0.856996 -0.164871 -0.488237
v -62.0172 -62.6004 29.2986
vn 0.0264291 0.224341 -0.974152
v -62.5293 -63.0823 29.1388
vn 0.0069057 -0.269958 0.962847
v -62.4448 -61.6002 33.0799
vn -0.325416 -0.208376 0.922325
v -63.2904 -61.5231 33.1399
vn 0.157879 0.193564 -0.968301
v -61.6373 -60.3406 29.7775
vn 0.729229 -0.0413761 -0.683018
v -62.4988 -61.074 29.4937
vn 0.752708 0.0432529 -0.656932
v -62.5593 -60.435 29.2698
vn 0.823877 -0.0944826 -0.558837
v -62.7703 -61.0488 28.9899
vn 0.533455 0.225477 -0.815222
v -62.831 -60.4576 29.0857
vn 0.494393 0.388427 -0.777625
v -62.8381 -60.8408 28.8898
vn 0.239512 -0.344974 0.907539
v -62.5348 -60.2458 33.5346
vn 0.257555 -0.365138 0.894617
v -62.6159 -59.9512 33.7271
vn 0.251324 -0.342187 0.905397
v -62.7617 -60.2454 33.6526
vn -0.395488 -0.108538 0.912036
v -62.8312 -59.9225 33.7556
vn -0.645474 -0.115499 0.754999
v -62.9678 -60.1221 33.547
vn -0.712239 -0.00525478 0.701918
v -63.0481 -59.5062 33.4531
vn -0.61425 -0.00966752 0.789053
v -63.7535 -59.7698 32.97
vn -0.0201284 0.279645 -0.959893
v -61.9199 -60.001 29.9071
vn -0.334567 -0.2033 0.920182
v -62.6546 -58.6898 33.9788
vn -0.588064 -0.0570511 0.8068
v -63.2109 -58.2771 33.2808
vn 0.46569 0.109753 -0.878116
v -62.2002 -57.9628 29.6777
vn -0.518544 -0.167233 0.838538
v -62.9703 -56.4565 33.7755
vn -0.814121 0.0560548 0.577983
v -63.127 -56.2667 33.6875
vn -0.765804 -0.053381 0.640855
v -63.6221 -56.4254 32.7624
vn -0.510252 0.337399 -0.791078
v -63.4618 -55.8116 30.2305
vn 0.198177 0.198571 -0.959841
v -62.3669 -56.9748 29.738
vn -0.113718 0.288481 -0.950709
v -62.9611 -56.093 29.9807
vn -0.610375 -0.219777 0.761012
v -63.2003 -54.8167 33.5231
vn -0.93 0.145372 0.337591
v -63.3024 -56.0044 33.0912
vn -0.589314 -0.21345 0.779197
v -63.5409 -55.8237 32.9635
vn -0.967632 0.126183 0.218556
v -63.6916 -55.175 32.5631
vn -0.960696 0.26266 -0.089848
v -63.7388 -55.8672 31.8168
vn -0.736044 0.342772 -0.583735
v -63.7426 -55.5146 30.6465
vn -0.680887 0.36111 -0.637175
v -63.0134 -53.1951 31.158
vn -0.421295 0.332284 -0.843859
v -63.0308 -53.9652 30.7877
vn 0.887686 -0.336913 0.313853
v -85.4005 -55.5289 156.338
vn 0.54905 -0.835649 -0.0153276
v -85.8692 -55.5714 154.41
vn 0.663963 -0.747764 0.00146099
v -85.1689 -54.9869 148.87
vn 0.695547 -0.718475 0.00286718
v -84.9201 -54.6387 147.121
vn 0.607866 -0.793009 -0.0404434
v -83.732 -53.6437 145.424
vn 0.708056 -0.705617 0.0275942
v -82.856 -53.0132 141.151
vn 0.51604 -0.846716 -0.129518
v -83.5829 -53.5441 137.66
vn 0.617665 -0.784462 -0.0557556
v -82.6881 -52.5797 137.556
vn 0.720112 -0.693766 -0.0112628
v -82.693 -52.6624 136.514
vn 0.380732 -0.899746 -0.213307
v -81.5236 -51.2579 132.217
vn 0.42642 -0.883621 -0.193338
v -82.1144 -51.3105 132.118
vn 0.132189 -0.988591 -0.0722089
v -75.8932 -44.891 95.3846
vn 0.267665 -0.962807 -0.0368617
v -75.9309 -44.9045 93.3225
vn 0.190036 -0.977465 -0.0919165
v -76.0854 -44.4171 88.0453
vn 0.325489 -0.943904 -0.0557
v -74.5187 -43.214 81.7193
vn 0.0432015 -0.970738 -0.236222
v -75.1152 -43.2361 81.6246
vn 0.161139 -0.975443 -0.150153
v -74.4556 -43.1661 81.3266
vn 0.0236858 -0.973498 -0.227464
v -73.837 -42.3114 78.2861
vn -0.0335674 -0.975517 -0.217349
v -72.5677 -41.4481 73.9085
vn 0.60464 -0.796105 0.0250645
v -89.1507 -57.6061 173.268
vn 0.54824 -0.836207 -0.0138155
v -87.7949 -56.7126 169.525
vn 0.287733 -0.954179 -0.082166
v -88.8896 -57.1788 170.303
vn 0.628996 -0.777328 0.0112139
v -87.227 -56.1684 167.038
vn 0.510355 -0.859882 -0.0118602
v -87.817 -56.6154 167.279
vn 0.378518 -0.922359 -0.0773176
v -87.0449 -56.2023 163.773
vn 0.765134 -0.597961 0.238775
v -87.4126 -56.364 162.456
vn 0.847018 -0.463975 0.2594
v -86.1017 -55.5382 159.927
vn 0.680223 -0.726219 0.0995113
v -85.9032 -55.7316 159.306
vn 0.426417 -0.902704 -0.0573969
v -86.1087 -55.8115 158.234
vn 0.296982 -0.949712 -0.0992393
v -86.5787 -56.0192 158.742
vn 0.808764 -0.578794 0.104395
v -85.5703 -55.4061 156.95
vn 0.570458 -0.819891 0.0485304
v -85.8059 -55.5872 157.498
vn 0.86178 -0.507126 0.0126183
v -85.6992 -55.6267 156.891
vn -0.139913 -0.930262 -0.33917
v -85.8765 -55.4245 156.695
vn 0.0813641 -0.979066 -0.186571
v -85.9589 -55.6477 157.259
vn -0.0753314 -0.951739 -0.297519
v -86.2434 -55.7761 157.809
vn 0.652194 -0.757469 0.0297254
v -85.1038 -55.2716 155.607
vn 0.512104 -0.841901 0.170155
v -85.2431 -55.2348 156.209
vn 0.796642 -0.542896 -0.265753
v -85.3699 -55.3047 155.972
vn -0.233425 -0.890536 -0.390458
v -85.2879 -54.9687 155.222
vn 0.870319 -0.467382 -0.155237
v -85.656 -55.4239 156.523
vn 0.781523 -0.60612 0.147787
v -85.9988 -55.354 156.073
vn -0.0287726 -0.937832 -0.345894
v -85.0307 -54.8871 154.865
vn 0.0748308 -0.960756 -0.26711
v -85.2102 -54.8041 154.647
vn 0.738256 -0.667955 0.093882
v -85.1983 -54.9777 153.591
vn 0.670273 -0.741923 -0.016862
v -84.3709 -54.2788 149.528
vn 0.645792 -0.761864 -0.050158
v -81.6825 -50.5293 129.036
vn 0.389162 -0.911046 -0.136194
v -80.9757 -49.9345 128.017
vn 0.605307 -0.793871 -0.0580699
v -81.2623 -50.1609 127.522
vn 0.406917 -0.906898 -0.109338
v -80.699 -49.678 126.256
vn 0.344746 -0.912947 -0.218352
v -81.6517 -50.1336 126.235
vn 0.338917 -0.923033 -0.182058
v -81.4356 -49.5486 124.524
vn 0.260537 -0.949286 -0.176001
v -80.5185 -49.2043 123.697
vn 0.307028 -0.934417 -0.180551
v -80.2579 -48.0399 115.523
vn 0.717489 -0.692529 0.0749287
v -80.5036 -47.945 114.68
vn 0.579697 -0.814592 -0.0197724
v -80.3239 -47.7913 114.53
vn 0.576184 -0.817288 0.00722523
v -80.2047 -47.6567 113.75
vn 0.325097 -0.937687 -0.122697
v -79.4946 -47.2754 112.899
vn 0.0300601 -0.97597 -0.215823
v -79.0242 -46.7252 107.523
vn 0.201502 -0.955405 -0.215867
v -79.1746 -46.6046 107.11
vn 0.509212 -0.860591 0.00925891
v -77.8751 -46.3582 106.53
vn 0.28145 -0.951556 -0.123802
v -79.1004 -46.4218 106.538
vn 0.119113 -0.985835 -0.118073
v -78.0052 -46.2614 104.884
vn 0.372118 -0.926946 0.0479455
v -78.3702 -46.2578 104.624
vn 0.257825 -0.96353 -0.0716642
v -78.0419 -46.0852 102.651
vn 0.280422 -0.956479 -0.0806883
v -77.3328 -45.6986 101.8
vn -0.490259 -0.776951 -0.39496
v -73.6724 -39.3487 70.2108
vn -0.773434 -0.488723 -0.403671
v -72.3214 -38.1742 66.3116
vn 0.719745 -0.693205 0.0378701
v -88.5209 -56.9621 174.916
vn -0.775577 -0.439504 -0.453119
v -73.4293 -38.5377 68.7486
vn -0.917001 -0.105522 -0.384674
v -72.9483 -36.9312 66.8478
vn -0.877807 -0.275978 -0.391525
v -71.8317 -37.6574 64.8347
vn 0.0779865 -0.996538 0.028801
v -93.6455 -58.2055 201.028
vn 0.0576575 -0.99615 -0.0660399
v -92.525 -58.1819 199.354
vn 0.249175 -0.968372 0.0129592
v -93.0532 -58.1835 198.862
vn 0.0181669 0.987597 0.155957
v -76.5401 -37.3394 87.7954
vn 0.10863 0.966376 0.233058
v -75.9678 -36.8196 85.3047
vn 0.0157907 0.979794 0.199387
v -75.6516 -36.1917 82.9995
vn -0.181519 0.976711 0.114394
v -76.0088 -36.2306 82.7329
vn -0.86701 0.411159 -0.2815
v -72.1662 -34.5502 65.638
vn 0.119683 -0.98544 0.120767
v -94.8996 -57.6094 212.034
vn -0.0570988 -0.998336 0.00803371
v -95.7995 -57.5709 211.288
vn -0.0568734 -0.998208 -0.0185931
v -94.2063 -57.8534 208.399
vn 0.0721378 -0.993683 0.0859664
v -94.3147 -57.7651 207.782
vn 0.109033 0.992402 0.0570102
v -78.3906 -38.1937 103.383
vn 0.0346054 0.998948 0.0301039
v -78.1044 -37.9888 101.614
vn -0.0138416 0.999864 -0.00902139
v -78.0331 -38.0936 100.169
vn -0.234467 0.971153 -0.0434418
v -78.5357 -38.125 100.703
vn -0.082438 0.994689 -0.0616323
v -76.9208 -37.7675 94.8503
vn -0.171242 0.98148 -0.0858626
v -77.0196 -37.9266 94.3963
vn -0.310666 0.950075 -0.0290435
v -77.4835 -37.9721 94.7284
vn -0.219298 0.972654 0.0765084
v -77.6292 -38.023 94.4918
vn -0.182605 0.981536 0.0569474
v -77.8579 -38.1125 94.6465
vn 0.0195607 0.992997 0.116506
v -78.1676 -38.0184 93.9999
vn -0.224107 0.962221 0.154617
v -74.8653 -35.2705 78.9695
vn -0.515675 0.856698 -0.0121736
v -73.5228 -34.1327 72.8031
vn 0.227527 -0.969704 0.0889093
v -96.6566 -57.002 217.831
vn 0.388491 0.920174 0.0485228
v -79.8383 -38.3501 111.556
vn -0.0229033 0.999729 0.00423906
v -80.6111 -38.184 111.134
vn -0.253779 0.966391 -0.0410449
v -80.9467 -38.2663 110.786
vn 0.321144 0.945991 0.0443576
v -79.1737 -38.4385 107.945
vn -0.113943 0.992935 -0.0331207
v -80.1223 -38.3317 107.408
vn -0.0764254 0.996528 0.0330349
v -79.2599 -38.2123 103.658
vn 0.347658 -0.937542 0.0122377
v -98.4118 -57.1621 226.573
vn 0.375393 -0.926264 0.0333951
v -97.7232 -56.7731 224.693
vn 0.446592 -0.889069 0.100555
v -98.0214 -57.1312 224.379
vn 0.51561 -0.842336 0.156899
v -97.0513 -56.6835 223.168
vn 0.231472 -0.968151 0.0954137
v -96.9466 -56.8998 221.634
vn 0.0560188 0.998428 -0.00190757
v -82.1544 -38.2254 120.88
vn 0.265402 0.962435 -0.0572838
v -82.3937 -38.2085 121.052
vn 0.180347 0.983299 -0.0244699
v -81.605 -38.1894 116.656
vn 0.195152 0.980762 -0.0047064
v -81.153 -38.383 115.458
vn 0.154179 0.98667 0.0520733
v -81.0478 -38.3674 114.861
vn -0.0131973 0.997543 -0.0687989
v -81.9557 -38.3719 115.338
vn 0.0470862 -0.993683 0.101864
v -99.3311 -57.0141 236.113
vn 0.0185157 -0.996154 0.0856465
v -98.9656 -57.2379 234.281
vn -0.0988618 -0.994633 -0.0305111
v -99.1085 -57.2669 232.816
vn -0.014619 -0.999893 0.000238775
v -98.2378 -57.2788 230.276
vn -0.0188089 -0.999553 0.0232321
v -98.9725 -57.1372 230.806
vn 0.0762339 -0.997013 -0.0123857
v -98.3769 -57.1334 228.638
vn 0.0318925 -0.99887 0.0352392
v -99.0208 -57.2886 228.923
vn -0.802756 0.587769 -0.100547
v -99.0424 -55.4963 226.157
vn -0.962794 0.24493 -0.114183
v -98.4959 -55.1018 222.818
vn -0.0827739 0.996421 0.0171334
v -83.1606 -37.9333 127.351
vn -0.0665926 0.997683 -0.0139465
v -83.7291 -38.08 127.211
vn -0.0247014 0.999684 -0.00466383
v -82.6049 -37.7994 126.433
vn 0.106636 0.993068 -0.0494495
v -82.3643 -37.9323 125.213
vn -0.108173 0.993248 -0.0419211
v -82.8065 -37.9006 125.357
vn 0.368014 0.929478 0.0252371
v -81.9053 -38.2724 122.963
vn 0.526217 0.848566 -0.0550547
v -82.4843 -37.8903 123.559
vn -0.275185 -0.961033 0.0262472
v -100.691 -56.3908 241.974
vn -0.843147 -0.532001 0.0779588
v -100.908 -56.4009 240.903
vn -0.998765 -0.0203962 0.0452959
v -101.011 -56.4991 240.057
vn -0.523982 -0.85141 0.023313
v -100.734 -56.6769 239.041
vn -0.946981 0.315762 -0.0593384
v -100.864 -56.4069 238.247
vn -0.0327951 -0.996406 0.0780971
v -99.7947 -56.9524 237.491
vn -0.386541 -0.920384 0.0589817
v -100.514 -56.8103 236.791
vn -0.936279 0.347022 -0.0543825
v -100.813 -56.5601 236.585
vn -0.86822 0.489964 -0.0782892
v -100.255 -55.9635 233.284
vn -0.99112 -0.0772458 -0.108228
v -98.5938 -54.666 223.908
vn -0.276598 0.95926 0.0575603
v -85.0598 -38.3519 140.544
vn -0.189175 0.981518 0.0289102
v -85.3756 -38.5057 141.29
vn 0.0841217 0.995991 -0.0304095
v -85.4689 -38.4995 140.661
vn 0.0575537 0.994357 0.0891201
v -85.1341 -38.2533 139.729
vn -0.502484 0.864031 0.0309693
v -85.519 -38.5317 139.826
vn -0.190405 0.98067 0.0450861
v -84.7313 -38.1433 137.396
vn -0.354468 0.932862 0.0641983
v -85.0851 -38.3466 137.255
vn 0.251768 0.958569 0.133257
v -85.5172 -38.3696 137.39
vn 0.524461 0.847873 0.0777978
v -85.9059 -38.0425 136.979
vn -0.346431 0.93559 0.0682458
v -84.8186 -38.1209 136.719
vn -0.116205 0.988461 0.0971654
v -85.1907 -38.2735 136.636
vn 0.255505 0.95922 0.120887
v -85.3981 -38.2342 136.611
vn 0.241038 0.970355 0.0176619
v -85.5657 -38.1295 135.166
vn 0.237696 0.970904 -0.0290698
v -83.9268 -38.1101 134.043
vn 0.00373537 0.999955 -0.00870494
v -84.1913 -37.986 134.261
vn -0.0327637 0.999054 0.0286049
v -84.9217 -38.1701 135.052
vn 0.0352205 0.991651 0.124049
v -83.8119 -38.0887 133.386
vn -0.0514309 0.994379 0.0925468
v -83.8947 -37.9446 132.578
vn -0.111661 0.993738 0.00412321
v -84.4641 -38.1126 132.461
vn -0.82304 -0.558457 -0.103588
v -101.015 -56.1774 243.4
vn -0.978799 0.19707 -0.0558245
v -100.995 -55.9107 243.245
vn -0.688147 -0.723018 0.0608216
v -100.876 -56.3241 241.803
vn -0.976146 0.213663 -0.0385685
v -100.994 -56.135 241.767
vn -0.943285 -0.331916 0.00673079
v -100.985 -56.2544 241.203
vn -0.95194 0.29982 -0.0625929
v -100.557 -55.1661 239.952
vn -0.996771 0.0753531 -0.0277437
v -100.956 -56.1797 240.738
vn -0.990617 0.103337 -0.0894426
v -100.303 -54.5968 237.832
vn -0.986787 -0.123575 -0.104788
v -99.5116 -53.685 231.337
vn -0.986672 -0.125344 -0.10377
v -99.4121 -52.5001 227.66
vn -0.961292 -0.259576 -0.0923981
v -98.5198 -50.8936 218.017
vn 0.507586 0.859174 0.0646217
v -87.0721 -37.9452 145.65
vn -0.0254186 0.995962 0.0861077
v -85.7884 -38.6106 143.674
vn 0.443619 0.894064 0.0620696
v -86.1831 -38.4995 143.484
vn 0.701307 0.70786 0.0842798
v -86.7394 -37.8885 142.836
vn 0.640755 0.767199 0.0289484
v -86.9836 -37.6668 142.632
vn 0.47868 0.877415 -0.0317465
v -86.0379 -38.3902 140.183
vn 0.574014 0.818183 -0.0329407
v -86.3956 -38.0123 140.812
vn -0.98562 -0.122034 -0.116884
v -99.3255 -50.9858 225.888
vn 0.254895 0.964862 -0.0637881
v -88.0575 -37.7657 152.105
vn 0.663048 0.746216 0.059398
v -87.1859 -37.4654 143.579
vn -0.98002 -0.183733 -0.0761831
v -99.6454 -50.5943 228.374
vn 0.458405 0.882702 0.103449
v -89.2748 -37.4774 162.036
vn 0.176805 0.981046 -0.0792976
v -88.5146 -37.2176 156.446
vn 0.442618 0.894775 0.0588877
v -88.7491 -37.118 157.661
vn -0.023546 0.993756 -0.109066
v -88.9199 -37.1908 156.389
vn -0.669005 -0.743258 0.000162738
v -101.075 -48.7849 234.023
vn 0.0252157 0.994964 -0.09701
v -90.8755 -38.2564 172.745
vn 0.380201 0.908379 0.174055
v -91.2514 -37.8036 172.152
vn 0.619523 0.73843 0.266295
v -90.8042 -38.0314 171.769
vn 0.652864 0.704864 0.277372
v -90.6268 -37.8478 171.007
vn 0.157841 0.977236 -0.141758
v -90.4651 -37.9436 170.193
vn 0.339741 0.940449 -0.0114595
v -90.5342 -38.0681 169.544
vn 0.432385 0.890956 0.138711
v -90.9896 -37.77 169.528
vn 0.298178 0.954349 -0.0175284
v -91.0907 -37.8076 170.122
vn 0.0483495 0.99883 -0.000148428
v -90.0977 -36.9899 159.327
vn -0.534608 -0.845096 -0.00287173
v -101.271 -48.5679 238.345
vn 0.344307 0.932381 0.110082
v -91.6677 -38.0615 176.972
vn 0.0578418 0.997935 -0.0279405
v -92.2742 -37.9433 175.669
vn 0.292205 0.951277 0.0984301
v -92.7897 -37.9047 176.213
vn -0.385147 -0.922839 -0.00547766
v -103.11 -47.7123 244.379
vn 0.186134 0.979423 0.0779994
v -93.9929 -38.2551 188.908
vn 0.217377 0.975852 0.0214523
v -93.5298 -38.285 185.222
vn 0.0134862 0.999845 0.0113244
v -96.9764 -38.9561 207.226
vn -0.300224 0.945061 -0.129327
v -97.0382 -39.0345 205.354
vn 0.170614 0.976616 0.130811
v -97.0212 -39.0401 204.123
vn -0.115916 0.992131 -0.0473234
v -96.2738 -39.0559 203.413
vn -0.0717716 0.997416 -0.00309658
v -95.9221 -38.534 199.862
vn -0.059865 0.997582 -0.0353062
v -95.5737 -38.5565 199.089
vn -0.23785 0.969103 -0.065316
v -95.9622 -38.6209 199.019
vn -0.18767 -0.98223 0.00226053
v -104.792 -47.188 253.254
vn 0.0895522 0.985987 0.140746
v -99.109 -39.4126 218.323
vn -0.308776 0.949647 -0.0531764
v -99.7286 -39.2459 214.766
vn -0.0703301 0.997203 0.0252996
v -98.1829 -38.9671 212.792
vn -0.0937342 0.995475 0.0155998
v -98.0774 -38.976 209.931
vn -0.192311 0.978495 -0.0745865
v -98.6888 -39.0261 208.802
vn -0.181473 0.980471 -0.0757863
v -97.7981 -39.0374 207.292
vn -0.167531 0.984011 -0.0604562
v -98.484 -39.1602 207.782
vn -0.248299 0.968683 -0.00101097
v -102.436 -41.3968 237.388
vn -0.189535 0.977696 0.0904858
v -102.159 -41.1402 235.627
vn -0.362589 0.931704 -0.0213802
v -103.129 -41.5902 236.837
vn -0.267908 0.963356 0.0130614
v -101.676 -40.9198 233.891
vn -0.426537 0.89975 -0.0922783
v -101.394 -40.8833 232.297
vn -0.361776 0.931373 -0.0407691
v -101.308 -41.0702 230.839
vn -0.470999 0.879496 -0.068169
v -101.887 -41.2722 231.948
vn -0.0379843 0.983147 0.178828
v -101.716 -41.2209 230.956
vn -0.0669514 0.985651 0.154948
v -101.465 -41.1058 230.604
vn 0.208017 0.929138 0.305667
v -101.645 -41.0198 230.386
vn -0.0357418 0.985944 0.163211
v -102.149 -40.568 229.363
vn 0.273143 0.926092 0.260283
v -100.513 -40.1976 226.802
vn -0.259999 0.962844 0.0730227
v -101.559 -40.3381 227.028
vn -0.0344087 0.994397 0.0999538
v -99.9474 -39.834 224.488
vn -0.132165 0.991227 -0.00100884
v -100.271 -39.8841 221.76
vn 0.0779873 0.986246 0.145725
v -100.438 -39.8649 221.532
vn -0.373431 -0.927658 0.000553528
v -110.326 -47.579 280.893
vn 0.155692 -0.987795 0.00469676
v -107.943 -46.7627 273.801
vn 0.0220118 0.99923 0.0324724
v -104.797 -41.7873 249.694
vn -0.14137 0.988868 -0.0464265
v -103.914 -41.7529 248.191
vn 0.309955 0.937213 0.159878
v -103.966 -41.4946 245.97
vn -0.283897 0.958229 -0.0346413
v -103.821 -41.6552 239.596
vn -0.234931 -0.971958 -0.0102798
v -109.939 -47.3526 286.538
vn -0.854493 0.511113 0.0927643
v -110.086 -47.3594 287.335
vn -0.917121 0.390923 0.0778992
v -110.085 -47.2695 286.735
vn -0.0984057 -0.991002 0.0907223
v -109.941 -47.4505 285.493
vn -0.923454 0.374142 0.0851486
v -110.127 -47.0965 285.527
vn 0.146801 -0.985425 -0.0859458
v -110.033 -47.4504 284.863
vn -0.516708 -0.826584 0.223097
v -110.166 -47.312 285.483
vn 0.0682267 -0.997618 -0.0101522
v -110.103 -47.4592 285.261
vn -0.985196 0.156169 0.0707162
v -110.226 -47.2526 285.074
vn -0.518974 -0.807043 0.281688
v -110.203 -47.42 284.637
vn -0.916602 0.395271 0.0600105
v -110.225 -47.1627 284.474
vn 0.270273 -0.962556 0.0209416
v -110.152 -47.5215 282.162
vn -0.533298 -0.829451 0.166144
v -110.437 -47.2976 282.364
vn -0.479542 -0.871966 -0.098567
v -110.444 -47.5892 281.556
vn -0.396637 -0.917634 -0.0250231
v -110.467 -47.5233 281.087
vn -0.893991 -0.442938 0.0677135
v -110.523 -47.3917 281.512
vn -0.0784616 0.995665 0.0499464
v -105.487 -41.8399 254.714
vn -0.0755936 0.99712 -0.00617171
v -104.399 -41.6704 250.811
vn 0.165775 0.979192 0.117051
v -105.296 -41.4668 247.621
vn -0.611309 0.785334 0.0977364
v -109.202 -44.5643 275.437
vn -0.336739 0.93611 0.101518
v -108.504 -44.0313 273.379
vn 0.837222 -0.333879 0.43311
v -62.598 -72.4244 29.6659
vn 0.974092 -0.224699 -0.0256048
v -62.6637 -73.3463 28.876
vn 0.520374 -0.330444 0.787412
v -63.0271 -70.8385 30.7039
vn 0.0213305 -0.249641 0.968103
v -63.3363 -69.2728 31.0488
vn 0.523391 -0.333189 0.784249
v -62.4802 -70.2818 30.6051
vn 0.778886 -0.0477757 -0.625343
v -61.8533 -69.9426 29.1111
vn 0.220756 -0.290709 0.930997
v -63.7296 -68.5895 31.4923
vn 0.392208 0.111999 -0.913033
v -62.8173 -67.3837 28.6792
vn 0.0772383 -0.274047 0.95861
v -62.8965 -66.4298 31.8261
vn 0.279269 0.156268 -0.947412
v -62.8216 -64.7267 28.7766
vn 0.237601 0.16991 -0.956387
v -63.2055 -64.7821 28.6731
vn 0.131592 0.256893 -0.957439
v -63.324 -64.2108 28.8303
vn 0.55442 0.074208 -0.828922
v -63.7452 -65.0595 28.4871
vn 0.555338 0.0363123 -0.830832
v -63.8212 -64.4387 28.3655
vn -0.435562 -0.134777 0.890012
v -63.7916 -62.9497 32.6049
vn 0.031471 0.20243 -0.978791
v -63.6898 -62.5957 28.5753
vn 0.0021588 0.232927 -0.972492
v -63.8209 -62.2292 28.7119
vn 0.048439 0.248326 -0.967465
v -63.1281 -60.5099 29.0681
vn 0.188393 0.164645 -0.968194
v -64.173 -61.3202 28.7284
vn -0.559783 -0.0543848 0.826853
v -64.6631 -60.847 32.1766
vn -0.148423 0.256323 -0.955128
v -64.1725 -60.2742 28.9511
vn -0.94211 0.293391 0.162326
v -64.7545 -59.3178 31.4603
vn 0.642779 -0.762297 -0.0757528
v -85.0851 -54.6656 137.848
vn 0.264811 -0.913146 -0.309903
v -84.774 -54.0104 135.547
vn 0.265151 -0.962826 -0.0515913
v -88.704 -57.1912 161.291
vn 0.533361 -0.845888 -5.51582e-005
v -87.8809 -56.7276 160.883
vn 0.565741 -0.820174 0.0851574
v -88.011 -56.9122 160.625
vn -0.0473084 -0.978912 -0.198728
v -87.9963 -56.9056 159.396
vn 0.436833 -0.899541 -0.00159627
v -88.7045 -57.1026 160.074
vn 0.613935 -0.788222 0.0422976
v -87.2378 -56.5908 158.335
vn 0.168009 -0.9784 -0.120443
v -87.3943 -56.6325 158.098
vn 0.570452 -0.818901 0.0631316
v -87.7575 -56.9194 159.224
vn 0.039293 -0.986251 -0.160514
v -87.6268 -56.6522 158.264
vn 0.440359 -0.897022 -0.0378867
v -87.9066 -56.915 157.764
vn 0.12152 -0.983349 -0.135122
v -88.3777 -57.1166 158.273
vn 0.436309 -0.899718 -0.0119028
v -87.4216 -56.5936 157.074
vn 0.382575 -0.921515 -0.0666753
v -88.1503 -56.7882 156.723
vn 0.522301 -0.845474 0.111246
v -86.8969 -56.0111 154.792
vn 0.471879 -0.881402 0.0214811
v -86.3938 -55.787 154.087
vn 0.570057 -0.814758 0.105853
v -86.6459 -55.896 154.44
vn 0.626669 -0.778198 0.0411619
v -86.6096 -55.8979 154.24
vn 0.644646 -0.754675 0.122055
v -86.8067 -56.1091 154.378
vn 0.605184 -0.795212 -0.0372901
v -86.9257 -56.1588 153.94
vn 0.707574 -0.700267 0.0946819
v -86.8441 -56.0998 153.141
vn 0.661469 -0.737655 0.135367
v -87.1774 -56.3319 154.282
vn 0.747459 -0.646816 0.151441
v -87.4786 -56.8065 154.152
vn 0.470638 -0.882319 -0.0035125
v -87.1318 -56.7342 152.163
vn 0.731672 -0.678148 0.0690765
v -86.0989 -56.0418 150.389
vn 0.409989 -0.905265 -0.111374
v -86.4812 -56.3342 150.485
vn 0.583725 -0.809814 -0.0588769
v -85.9985 -55.7193 148.408
vn 0.617474 -0.786029 -0.0297277
v -85.3766 -55.1867 143.348
vn 0.588723 -0.802714 -0.0951588
v -85.0262 -54.572 139.722
vn 0.698331 -0.714388 -0.0445473
v -83.2206 -52.2136 132.2
vn 0.568533 -0.812192 -0.130822
v -83.3344 -52.2915 131.758
vn 0.0562316 -0.933864 -0.353181
v -83.3826 -51.9444 130.58
vn 0.159209 -0.942998 -0.292247
v -83.9926 -51.6978 130.326
vn 0.674982 -0.729854 -0.108222
v -84.1765 -51.7863 130.282
vn 0.691263 -0.721792 -0.0342411
v -84.0675 -51.5962 129.511
vn 0.0626791 -0.952113 -0.299253
v -83.0337 -50.9087 127.736
vn 0.689069 -0.724021 -0.0312708
v -83.7432 -51.4023 127.541
vn 0.467914 -0.874757 -0.125928
v -83.6817 -51.3453 127.149
vn 0.54583 -0.83061 -0.110263
v -82.7352 -50.2936 124.399
vn 0.45893 -0.878763 -0.130994
v -81.9325 -49.2893 117.921
vn 0.109417 -0.98463 -0.13613
v -77.5227 -45.4325 94.6298
vn -0.0400658 -0.977299 -0.20804
v -78.4459 -45.3102 94.1003
vn 0.167083 -0.982709 -0.0797935
v -77.3902 -44.8074 91.0638
vn 0.163597 -0.978069 -0.128909
v -75.8137 -43.7661 83.6836
vn -0.111583 -0.938728 -0.326096
v -75.9307 -43.0695 80.2978
vn 0.18523 -0.967129 -0.174217
v -75.0426 -42.7628 79.6657
vn -0.2881 -0.873953 -0.391413
v -74.891 -41.8775 76.9069
vn 0.532529 -0.840412 0.100601
v -91.7942 -58.8742 181.062
vn 0.352914 -0.93555 -0.0140679
v -91.5299 -58.9032 178.478
vn 0.422973 -0.906002 -0.0159358
v -90.9211 -58.4457 174.698
vn 0.19337 -0.973737 -0.120186
v -90.7601 -58.3427 173.714
vn 0.568815 -0.822397 -0.0106188
v -91.0105 -58.4608 174.066
vn 0.350083 -0.928042 -0.127196
v -89.7333 -58.007 172.286
vn 0.0708584 -0.979298 -0.189615
v -90.1268 -58.0441 172.22
vn 0.725597 -0.686616 0.0454625
v -90.7448 -58.2633 172.418
vn 0.397102 -0.901869 -0.170124
v -89.2038 -57.3418 171.047
vn 0.419466 -0.899982 -0.118661
v -90.1582 -57.7882 171.028
vn 0.369026 -0.924133 -0.0989872
v -89.4983 -57.3298 170.389
vn 0.269632 -0.949942 -0.157824
v -90.1629 -57.7853 168.769
vn 0.520074 -0.854027 0.0126455
v -88.2025 -56.5238 164.772
vn 0.438653 -0.890277 -0.122438
v -81.8994 -49.7041 123.809
vn 0.600482 -0.798609 -0.0405725
v -82.163 -49.4924 120.52
vn 0.477794 -0.871603 -0.109643
v -81.3699 -48.889 117.873
vn 0.301333 -0.91721 -0.260622
v -80.7257 -48.2598 116.029
vn 0.486942 -0.864229 -0.126476
v -80.6576 -48.0436 115.461
vn 0.62933 -0.773678 -0.0732498
v -80.8835 -48.2938 115.793
vn 0.770663 -0.631757 0.083438
v -80.5891 -48.1331 114.018
vn 0.247953 -0.961674 -0.11706
v -80.8771 -47.3992 110.407
vn 0.577116 -0.816066 -0.0311904
v -79.3328 -46.6372 106.875
vn 0.681858 -0.723241 0.109507
v -79.2391 -46.5593 106.287
vn 0.350127 -0.935998 -0.0363116
v -79.4036 -46.7526 106.228
vn 0.162742 -0.981871 -0.0971859
v -80.1034 -46.4325 104.124
vn -0.577195 -0.653111 -0.490197
v -75.1216 -40.2362 73.3244
vn 0.361076 -0.932351 0.0185671
v -92.3144 -58.4382 189.276
vn 0.0324075 -0.998082 -0.0527497
v -92.4737 -58.4647 189.042
vn 0.232917 -0.972188 -0.0244923
v -91.8855 -58.2257 186.709
vn 0.270034 -0.962758 0.0133731
v -93.2897 -58.9893 187.181
vn 0.485508 -0.869337 0.0923835
v -91.6763 -58.1884 185.515
vn 0.528154 -0.837937 0.137531
v -92.5107 -58.8084 183.84
vn 0.657435 -0.724046 0.208656
v -92.68 -58.9759 183.785
vn -0.848527 -0.173845 -0.499781
v -76.055 -38.2382 73.1265
vn 0.34825 -0.935554 0.0588241
v -94.2985 -58.7922 192.608
vn -0.0131477 -0.994452 -0.104365
v -93.7947 -58.7669 192.073
vn 0.115463 -0.992701 -0.0348413
v -94.0312 -58.7653 192.243
vn 0.52603 -0.837861 0.145883
v -94.1809 -58.8435 192.001
vn 0.0425429 -0.998588 0.0318046
v -92.7845 -58.4465 188.998
vn 0.593812 -0.790732 0.148764
v -92.9176 -58.4238 189.187
vn 0.389514 -0.91382 0.11494
v -92.8991 -58.4645 188.977
vn -0.876707 0.299393 -0.376496
v -75.951 -36.82 73.3942
vn -0.571744 0.815577 -0.0891224
v -77.6043 -36.5661 81.609
vn -0.64855 0.749585 -0.132307
v -77.6929 -36.7799 81.1468
vn -0.548165 0.83633 -0.00813945
v -77.5918 -36.7562 80.5649
vn -0.556217 0.829943 -0.0426263
v -76.5909 -36.0719 78.9754
vn -0.571883 0.818676 -0.052145
v -77.0663 -36.3121 78.2443
vn 0.206438 -0.963131 0.172514
v -96.9011 -57.7193 210.683
vn 0.290053 -0.942919 0.163624
v -96.0494 -58.3221 207.625
vn -0.199437 0.979567 -0.0259468
v -80.2949 -38.6124 104.046
vn 0.191946 0.976192 0.101023
v -79.8093 -38.4257 100.045
vn -0.164012 0.986387 -0.0118769
v -79.8621 -37.9044 94.1732
vn -0.160114 0.985298 0.0595908
v -79.2061 -37.5562 90.2269
vn -0.186189 0.973884 0.129935
v -77.5027 -36.917 85.8755
vn -0.302871 0.950446 0.0701512
v -77.1261 -36.6609 84.7459
vn 0.0583595 -0.991194 0.118863
v -98.7073 -57.6028 219.467
vn 0.0814927 -0.989869 0.116267
v -98.9244 -57.8385 218.595
vn 0.284447 -0.950592 0.124358
v -97.7568 -57.5479 217.567
vn -0.0208811 -0.99731 -0.0702685
v -98.3223 -57.6516 216.23
vn -0.0950681 -0.995374 -0.0139058
v -98.5412 -57.4313 214.969
vn -0.196181 0.980468 -0.0140141
v -81.706 -38.4679 112.894
vn 0.00138376 0.999951 -0.00985153
v -82.1235 -38.57 113.018
vn 0.440579 0.897494 0.0198517
v -82.2922 -38.4592 111.574
vn 0.341575 0.935995 0.085082
v -80.977 -38.5608 104.362
vn 0.179035 -0.980529 0.0806758
v -99.551 -57.1068 225.999
vn 0.140729 -0.989723 0.0253846
v -98.715 -57.1259 223.658
vn -0.169646 -0.983078 0.069121
v -99.3541 -57.547 219.583
vn -0.220541 -0.948103 0.229045
v -99.3005 -57.6082 219.339
vn -0.378971 0.924139 0.0484534
v -98.9237 -55.9551 218.083
vn -0.423458 0.905784 0.0154448
v -98.5306 -55.7438 215.716
vn -0.481045 0.875111 -0.0526838
v -99.0409 -55.9283 216.427
vn -0.842503 0.537961 -0.0280542
v -97.8993 -55.2984 215.246
vn -0.805161 0.591485 -0.04314
v -97.7382 -54.9416 212.898
vn -0.642259 0.76609 0.0247046
v -98.0643 -55.3435 212.777
vn -0.630771 0.775838 0.0142244
v -97.8928 -55.1026 211.613
vn -0.974069 -0.207039 -0.0912403
v -96.1877 -53.3299 200.069
vn -0.882721 0.467609 -0.046319
v -96.0706 -53.903 198.547
vn -0.998387 0.0127472 -0.0553289
v -95.8453 -53.3082 196.223
vn 0.552579 0.827841 0.0966228
v -83.413 -38.2176 119.868
vn 0.177761 0.983864 0.020329
v -82.8303 -38.3387 117.881
vn 0.451517 0.884422 0.118022
v -83.0743 -38.2964 118.057
vn 0.675328 0.726662 0.126072
v -83.3247 -38.0852 118.121
vn 0.307401 0.949485 -0.0631048
v -82.4841 -38.2634 115.893
vn 0.236619 0.969025 0.0707273
v -82.667 -38.2479 116.895
vn 0.519859 0.852612 0.0529169
v -83.0496 -37.9543 116.478
vn 0.229758 0.970966 -0.0666066
v -82.4323 -38.4575 114.634
vn 0.467527 0.883201 -0.0370569
v -82.9038 -38.2677 114.802
vn 0.431806 0.901003 -0.0416907
v -83.2031 -37.7534 112.588
vn -0.154421 -0.987918 0.0131037
v -100.645 -57.0102 234.271
vn -0.121105 -0.992636 0.00282705
v -100.363 -56.9767 232.677
vn -0.203021 -0.977547 -0.0564253
v -100.706 -56.8564 231.824
vn -0.83033 0.55726 0.00367451
v -100.64 -56.6682 231.662
vn -0.697919 0.714029 -0.0554198
v -100.215 -56.3267 230.144
vn -0.242699 -0.961185 0.131229
v -100.541 -57.1201 230.365
vn -0.380592 -0.913567 0.143334
v -100.695 -57.0638 231.173
vn -0.506431 -0.812988 0.287364
v -100.81 -57.034 230.134
vn -0.353093 -0.924476 0.143768
v -101.002 -56.9837 230.935
vn -0.604203 -0.732671 -0.313259
v -100.844 -56.8691 230.363
vn -0.197337 -0.979298 0.0451026
v -100.795 -57.1439 229.512
vn -0.14683 -0.982441 0.115107
v -100.621 -57.098 228.508
vn -0.672597 -0.724763 -0.149437
v -100.744 -56.9845 228.509
vn -0.0849142 -0.992586 0.0869601
v -100.934 -57.1816 228.035
vn -0.534789 0.844884 -0.0130862
v -100.628 -56.8167 227.53
vn -0.0166851 -0.997978 0.0613267
v -100.589 -57.1803 227.26
vn -0.6954 0.712533 -0.0933525
v -99.2888 -55.7741 225.659
vn -0.595859 0.800799 -0.0606068
v -99.4743 -56.2663 223.695
vn -0.813159 0.570409 -0.115784
v -98.6919 -55.6908 222.273
vn -0.576703 0.81673 -0.019145
v -98.729 -55.903 220.381
vn -0.996585 0.049769 -0.0658902
v -97.7431 -54.6472 215.209
vn -0.986882 0.119801 -0.108217
v -97.5522 -54.4584 212.806
vn -0.994742 -0.0110523 -0.101817
v -97.6793 -54.3979 213.619
vn -0.944253 0.32482 -0.0536435
v -97.7047 -54.8024 213.544
vn 0.401342 0.899674 0.17179
v -84.4586 -37.9932 127.759
vn 0.442999 0.896219 0.0233201
v -84.3965 -37.9392 127.368
vn 0.22219 0.971248 -0.0854931
v -84.1782 -38.1463 126.337
vn 0.563773 0.82578 0.0157304
v -84.2411 -38.2187 124.466
vn 0.760652 0.621193 0.188491
v -84.6189 -37.8563 123.241
vn 0.794263 0.589941 0.145313
v -84.6635 -37.3432 122.503
vn 0.770877 0.608095 0.189657
v -84.1573 -37.9746 121.852
vn 0.731407 0.669236 0.131024
v -83.8487 -37.8569 120.071
vn 0.528169 0.845153 0.0821763
v -83.7689 -37.5919 117.871
vn -0.0955598 -0.992341 0.0782759
v -100.803 -56.9525 235.097
vn -0.983991 0.170659 -0.0513499
v -100.702 -56.6175 233.1
vn -0.862868 -0.501043 -0.066447
v -97.4545 -51.0644 203.976
vn 0.462087 0.886801 -0.00768413
v -85.9951 -37.972 135.129
vn 0.295674 0.95481 0.030249
v -85.6034 -38.143 133.104
vn 0.419814 0.89859 0.12764
v -85.6474 -37.8416 129.659
vn 0.534593 0.837438 0.113618
v -84.8991 -37.5807 127.56
vn 0.918368 0.154361 0.36438
v -85.0192 -37.4085 123.875
vn 0.75969 0.634048 0.144407
v -85.1581 -37.0345 123.953
vn 0.864504 0.289415 0.410941
v -85.4423 -37.024 124.906
vn 0.907777 0.249289 0.337337
v -85.2803 -36.9386 124.535
vn 0.889167 0.345894 0.299566
v -84.8597 -37.3235 123.504
vn 0.00106899 0.98678 -0.162063
v -87.4988 -37.1254 138.168
vn -0.0898225 0.980665 -0.173861
v -88.0938 -37.0115 139.088
vn 0.19793 0.972971 -0.118963
v -86.8338 -37.3535 136.96
vn -0.12044 0.97165 -0.203447
v -86.9864 -37.4165 136.72
vn -0.165454 0.962237 -0.216158
v -87.1797 -37.4532 136.684
vn -0.201416 0.945954 -0.254169
v -87.355 -37.2845 137.509
vn -0.229526 0.934443 -0.272276
v -87.8195 -37.3269 137.842
vn 0.495382 0.868506 0.0171338
v -86.5271 -37.6495 135.516
vn 0.495901 0.864417 0.082851
v -86.5297 -37.5405 133.892
vn -0.80842 -0.585462 -0.0607608
v -98.7689 -50.2723 217.678
vn 0.435862 0.893291 0.109793
v -88.6884 -37.604 150.9
vn 0.557973 0.820926 0.121437
v -88.9021 -37.4418 150.802
vn 0.664793 0.733921 0.139317
v -88.0865 -37.2377 146.443
vn 0.299211 0.952366 0.058917
v -88.8441 -36.7174 146.421
vn 0.640017 0.759942 0.113429
v -87.815 -37.0882 144.457
vn 0.746782 0.628345 0.217943
v -87.7711 -36.9096 143.263
vn 0.105212 0.994365 0.0129562
v -88.3853 -36.8618 144
vn 0.747364 0.657071 0.0985146
v -87.3578 -37.3853 142.831
vn 0.766282 0.642257 0.0178163
v -87.3556 -37.3551 142.631
vn 0.84028 0.478586 0.254726
v -87.4963 -37.2369 143.042
vn 0.882299 0.463677 0.0809477
v -87.4424 -37.1984 142.851
vn 0.729146 0.663458 -0.167839
v -87.483 -37.1829 142.697
vn 0.733204 0.676315 -0.0707775
v -87.5432 -36.9995 142.871
vn 0.480854 0.831892 -0.277012
v -87.6979 -37.0508 142.633
vn 0.328319 0.918814 -0.219061
v -87.7633 -36.8922 142.857
vn 0.294295 0.938329 -0.181463
v -87.9171 -36.9477 142.618
vn 0.160612 0.98542 -0.0561316
v -88.0106 -36.8314 143.035
vn 0.253383 0.967365 -0.00127016
v -88.3393 -36.8297 142.575
vn 0.534591 0.844928 0.0175535
v -87.6111 -37.0447 141.004
vn 0.140537 0.98976 -0.0249969
v -88.1172 -36.8624 141.37
vn -0.680111 -0.731681 -0.0457425
v -100.111 -49.4986 224.595
vn 0.167624 0.982575 0.0802988
v -90.0841 -37.3901 156.177
vn -0.12058 0.985252 -0.1214
v -90.3553 -37.3957 156.545
vn 0.417902 0.85378 0.310511
v -90.3283 -37.3469 156.353
vn 0.437532 0.875532 0.20496
v -90.3044 -37.2814 156.163
vn 0.369029 0.914574 0.165446
v -90.5265 -37.1627 156.15
vn 0.35057 0.926808 0.134639
v -90.8608 -37.2162 156.911
vn 0.189237 0.97729 -0.0953637
v -91.2232 -37.0599 156.503
vn -0.0207326 0.996372 -0.0825353
v -89.7178 -37.4268 155.317
vn 0.290635 0.956524 0.0243453
v -89.8989 -37.4178 155.173
vn 0.132998 0.991054 -0.0110984
v -90.8266 -37.1203 155.496
vn 0.217959 0.975932 0.0071395
v -89.3374 -37.4243 153.203
vn 0.612445 0.74363 0.268189
v -89.1957 -37.3596 151.388
vn 0.55644 0.811768 0.177221
v -89.4015 -37.1918 151.386
vn 0.202843 0.975389 0.0864298
v -93.4464 -37.256 171.299
vn -0.023224 0.998573 0.0480966
v -95.7892 -38.2606 190.893
vn -0.421565 0.900864 -0.103573
v -98.5328 -39.0272 204.512
vn -0.283878 0.958835 -0.00692969
v -99.533 -39.6158 204.872
vn -0.401704 0.912073 -0.0822021
v -98.4749 -39.2548 203.248
vn -0.0348051 0.997836 0.0557762
v -96.8757 -38.7265 196.191
vn -0.271316 0.961698 0.0390362
v -97.594 -38.5874 195.49
vn -0.439954 0.894136 -0.0834343
v -101.608 -39.7739 217.673
vn -0.168579 0.98529 0.0280016
v -100.353 -39.4188 213.819
vn -0.280786 0.95976 -0.00438171
v -100.485 -39.2774 212.142
vn -0.331876 0.941745 -0.0545347
v -100.132 -39.3812 209.135
vn -0.025997 0.997066 0.0719921
v -98.9188 -39.0824 206.703
vn -0.387813 0.917399 -0.0893356
v -104.348 -41.8586 239.274
vn -0.428054 0.901148 -0.0685725
v -103.97 -41.9566 237.26
vn -0.108114 0.993042 0.0466752
v -104.883 -41.9307 237.742
vn -0.177394 0.981541 0.0714777
v -104.456 -41.7978 236.393
vn -0.441133 0.897442 0.000291537
v -104.211 -41.6707 233.783
vn 0.232875 0.948023 0.216845
v -102.917 -41.3969 233.207
vn -0.490375 0.87144 -0.0111391
v -102.488 -40.7042 229.081
vn -0.367953 0.929361 0.0299826
v -103.185 -41.1608 229.921
vn -0.349847 0.934485 0.0659083
v -102.189 -40.5723 227.302
vn -0.144063 0.982346 0.119343
v -102.581 -40.2515 224.629
vn -0.440569 0.897207 0.0303253
v -102.961 -40.3615 224.552
vn -0.191355 0.979072 0.0692969
v -101.628 -39.6461 219.952
vn -0.423614 0.905753 -0.0127545
v -102.292 -39.8845 220.425
vn -0.375284 0.925246 -0.05551
v -101.318 -39.5008 218.106
vn -0.332262 -0.916998 0.220718
v -110.519 -47.6372 278.594
vn -0.611173 -0.75862 0.225751
v -110.648 -47.5934 278.582
vn -0.844173 -0.453861 0.285275
v -110.742 -47.4079 278.601
vn 0.328585 -0.9444 -0.0118225
v -110.675 -47.6834 278.356
vn -0.68445 -0.682009 0.257666
v -110.798 -47.587 278.355
vn -0.572417 -0.809514 -0.130482
v -110.8 -47.4965 277.746
vn 0.193158 -0.980567 0.0343248
v -110.474 -47.6021 277.169
vn -0.976697 0.210192 0.0433879
v -110.789 -47.206 277.191
vn 0.197709 -0.97905 0.0487172
v -110.763 -47.683 276.289
vn -0.990039 -0.128309 0.057965
v -110.86 -47.5279 276.507
vn 0.345467 -0.938385 0.00926049
v -109.797 -47.3419 275.47
vn 0.284191 -0.956311 0.0685937
v -110.777 -47.7617 274.424
vn -0.343213 0.93744 -0.0584089
v -105.151 -42.0188 241.588
vn -0.247704 0.968469 -0.0266556
v -105.123 -42.0852 240.348
vn -0.91862 0.388747 0.0708034
v -110.567 -46.3009 275.537
vn -0.389207 0.917968 0.0765009
v -108.438 -42.8334 261.689
vn -0.567905 0.822892 0.0182191
v -108.673 -42.8623 259.594
vn -0.214852 0.975862 0.0391458
v -107.589 -42.164 256.391
vn 0.962669 -0.22275 0.153786
v -63.4028 -76.8372 27.9381
vn 0.666651 -0.30308 0.680969
v -63.5866 -76.3851 28.8121
vn 0.312335 -0.312756 0.897012
v -64.0471 -73.9721 29.9777
vn 0.523266 -0.351444 0.776324
v -63.4644 -72.6581 30.1587
vn 0.867883 -0.102275 -0.486126
v -62.8424 -73.0744 28.2119
vn -0.0100119 -0.245123 0.96944
v -63.3339 -71.4792 30.6846
vn 0.0388691 -0.231014 0.972174
v -63.7263 -71.5446 30.6374
vn 0.409114 -0.358425 0.839141
v -64.8147 -71.3602 30.8095
vn 0.69786 -0.27217 0.662507
v -64.8654 -71.1829 30.9357
vn -0.0139549 -0.170123 0.985324
v -64.6035 -70.3238 31.0128
vn 0.490023 0.116095 -0.863944
v -64.3216 -65.8931 27.8503
vn 0.247543 0.209639 -0.945925
v -64.3114 -64.8949 28.0612
vn 0.23391 0.197179 -0.952054
v -64.7044 -63.9572 28.1792
vn -0.0763698 0.263467 -0.961641
v -65.0742 -64.0135 28.0985
vn 0.346716 0.200904 -0.916202
v -65.1087 -64.8036 27.8406
vn -0.322105 -0.131091 0.937584
v -64.8872 -62.8849 31.7806
vn -0.255806 -0.131218 0.957781
v -65.5275 -63.793 31.5636
vn -0.765647 0.0900815 0.636923
v -65.8276 -63.2113 31.4271
vn -0.471225 0.307815 -0.826557
v -65.2065 -63.4584 28.347
vn -0.87284 0.182533 0.452583
v -65.5726 -61.5092 31.3574
vn -0.941402 0.292583 0.1678
v -66.1617 -62.714 30.4377
vn -0.922522 0.332419 0.196089
v -65.4113 -61.0534 31.2575
vn -0.947639 0.319114 0.0120877
v -65.5646 -60.7645 30.2585
vn 0.669617 -0.739564 0.068252
v -88.9401 -57.6723 152.749
vn 0.578085 -0.815961 0.00499224
v -87.7464 -56.9618 151.208
vn 0.484544 -0.874669 -0.0131028
v -88.2069 -57.2212 151.708
vn 0.912222 -0.195521 0.360032
v -88.584 -57.6265 151.579
vn 0.543093 -0.839672 -0.000855277
v -88.6032 -58.1316 151.281
vn 0.850601 -0.47942 0.215948
v -87.7175 -56.8371 149.797
vn 0.53924 -0.841538 -0.0321671
v -87.2663 -56.5275 149.304
vn 0.907358 -0.344224 0.24127
v -87.377 -56.7572 148.63
vn 0.578819 -0.813299 -0.059267
v -87.6767 -57.1034 145.237
vn 0.512489 -0.852565 -0.102408
v -86.0607 -55.4736 139.405
vn 0.22369 -0.941191 -0.253222
v -86.3619 -55.4252 138.751
vn 0.284288 -0.93053 -0.230856
v -85.8595 -55.1981 138.047
vn 0.299564 -0.909393 -0.288558
v -86.4381 -55.1218 137.767
vn 0.66369 -0.741429 -0.0989916
v -85.8329 -54.0228 132.303
vn 0.31353 -0.91884 -0.239651
v -85.3653 -53.3259 130.238
vn 0.50199 -0.864838 -0.00786697
v -91.6278 -59.0004 169.973
vn 0.245544 -0.957136 -0.153622
v -91.5971 -58.6906 168.39
vn 0.497034 -0.867532 0.0186049
v -89.8327 -57.7319 165.748
vn 0.355565 -0.932078 -0.0693167
v -90.6946 -57.9858 166.188
vn 0.347709 -0.937178 -0.0282187
v -89.5854 -57.6201 163.135
vn 0.559014 -0.825098 0.0819555
v -88.8323 -57.2993 159.815
vn -0.189507 -0.952637 -0.237845
v -89.6473 -57.2214 159.705
vn 0.444467 -0.895433 0.0254842
v -90.1174 -57.4286 160.212
vn 0.691256 -0.695273 0.19688
v -88.3239 -56.9318 156.671
vn 0.628506 -0.770892 0.103469
v -88.5147 -57.3023 156.371
vn 0.406369 -0.91338 -0.0245439
v -88.1373 -57.1854 153.573
vn 0.451524 -0.890265 -0.0596228
v -87.6756 -56.8464 151.855
vn 0.105118 -0.918892 -0.380247
v -84.8084 -53.3478 134.016
vn 0.813357 -0.581701 0.00866863
v -85.5067 -53.6984 133.232
vn 0.843567 -0.535617 0.0388554
v -84.3083 -51.9696 130.024
vn -0.0578732 -0.932144 -0.357434
v -85.2367 -53.0593 129.291
vn 0.0410043 -0.937522 -0.345501
v -85.5219 -53.1719 129.831
vn 0.276288 -0.919625 -0.279203
v -84.9765 -52.7874 128.75
vn -0.0319455 -0.938626 -0.343455
v -85.1554 -52.7075 128.532
vn -0.0910475 -0.932628 -0.349164
v -85.4125 -52.7891 128.889
vn 0.0422492 -0.959454 -0.278681
v -85.2823 -52.5189 127.93
vn 0.437491 -0.880376 -0.183136
v -83.8968 -51.4593 127.302
vn 0.604969 -0.771565 -0.196721
v -84.127 -51.6868 127.637
vn 0.61183 -0.78152 -0.122025
v -84.0846 -51.5264 127.261
vn 0.786305 -0.6158 -0.0501535
v -84.2558 -51.7427 127.197
vn 0.157691 -0.945699 -0.284232
v -84.8084 -52.3325 127.419
vn 0.717494 -0.696549 -0.00461562
v -85.2707 -52.5335 127.107
vn 0.589263 -0.79847 -0.123349
v -84.2136 -51.7568 125.968
vn 0.405238 -0.895335 -0.184819
v -84.3369 -51.6568 125.351
vn 0.620549 -0.781062 -0.069716
v -83.6852 -51.1542 124.718
vn 0.433778 -0.880657 -0.190471
v -84.5028 -51.5612 123.905
vn 0.33339 -0.919047 -0.210246
v -83.7021 -50.8903 122.297
vn 0.266578 -0.945857 -0.185179
v -83.1486 -49.5973 118.093
vn 0.201332 -0.97784 -0.0573909
v -79.5964 -46.2756 98.8887
vn -0.0428754 -0.97262 -0.228412
v -80.8149 -46.3757 98.891
vn -0.193517 -0.917504 -0.347472
v -80.9537 -46.1233 98.2985
vn 0.089612 -0.989556 -0.112913
v -78.7592 -45.154 93.2588
vn 0.368769 -0.928078 0.0517728
v -78.9125 -45.2382 93.0421
vn 0.482495 -0.873726 0.0616572
v -79.6589 -45.2256 91.4661
vn 0.407407 -0.91232 -0.041138
v -79.5879 -45.2202 91.067
vn 0.520671 -0.853566 -0.0180758
v -79.7985 -45.3585 91.2158
vn 0.303935 -0.952558 -0.0160296
v -79.8729 -45.3456 91.6176
vn 0.0935692 -0.964492 -0.24698
v -79.7522 -45.2194 90.8368
vn -0.257485 -0.871404 -0.41756
v -77.0359 -42.8534 80.7842
vn 0.696744 -0.703649 0.139376
v -92.8901 -59.2487 180.623
vn 0.377669 -0.925691 0.0215109
v -91.8726 -58.9715 178.157
vn 0.733453 -0.667056 0.130702
v -92.3291 -59.252 178.449
vn 0.776343 -0.609178 0.161844
v -92.3644 -59.5602 177.978
vn 0.537292 -0.828954 0.15541
v -92.792 -59.8022 178.28
vn 0.798127 -0.601283 0.0380976
v -91.9252 -59.2943 176.449
vn 0.601073 -0.798014 -0.0434113
v -92.1274 -59.4782 176.59
vn 0.524561 -0.851122 0.0206873
v -91.3884 -58.6686 175.204
vn 0.485292 -0.874351 -0.00172572
v -91.5824 -58.7879 176.385
vn 0.820282 -0.563 0.100845
v -91.7195 -58.9343 176.133
vn 0.693388 -0.716641 -0.075093
v -91.8453 -59.1419 175.872
vn 0.785569 -0.610574 0.100399
v -91.1763 -58.647 174.007
vn 0.652907 -0.750115 0.105072
v -91.2491 -58.6537 174.406
vn 0.586114 -0.803536 0.103924
v -91.3299 -58.8991 173.939
vn 0.478548 -0.858918 0.182353
v -91.458 -58.7901 174.555
vn 0.222717 -0.972309 -0.0707935
v -91.5204 -58.9511 173.901
vn 0.26669 -0.962286 -0.0536865
v -92.2052 -59.08 174.39
vn 0.375929 -0.92525 -0.0508981
v -91.6663 -58.7692 172.268
vn 0.363284 -0.92369 -0.121742
v -90.8536 -58.3579 170.821
vn 0.597969 -0.80113 0.0249712
v -90.5643 -57.9745 168.88
vn 0.287121 -0.95055 -0.118389
v -82.7007 -48.1456 112.051
vn 0.250686 -0.954107 -0.163816
v -81.8501 -47.4639 109.015
vn 0.0518754 -0.975843 -0.212223
v -82.3621 -47.358 108.34
vn 0.151304 -0.983635 -0.0978191
v -81.9216 -46.7322 104.205
vn -0.137939 -0.920941 -0.364474
v -77.3564 -41.6808 77.8628
vn -0.4365 -0.740093 -0.511595
v -77.2628 -41.3035 77.0127
vn 0.582082 -0.799392 0.148838
v -94.1515 -59.1117 190.931
vn 0.39323 -0.909416 0.135398
v -95.1299 -59.2561 188.497
vn 0.35824 -0.927785 0.104304
v -93.9894 -59.1462 186.636
vn 0.662229 -0.72178 0.201211
v -93.2062 -58.9652 185.555
vn 0.621752 -0.75379 0.212664
v -94.5126 -59.8683 185.607
vn 0.392041 -0.913593 0.107946
v -92.8083 -59.1697 183.525
vn 0.143899 -0.987098 0.0702166
v -93.2796 -59.1755 183.863
vn -0.721728 -0.378316 -0.579643
v -77.7268 -40.0716 76.4491
vn 0.29324 -0.954283 0.0579086
v -96.2685 -59.4576 201.844
vn 0.246786 -0.969069 0.00143912
v -96.4476 -59.3992 199.362
vn 0.484114 -0.868723 0.104663
v -95.763 -59.3557 195.524
vn -0.804151 0.510407 -0.304673
v -78.763 -37.9608 78.9257
vn -0.303427 0.950727 0.0636344
v -79.002 -37.6231 85.7274
vn -0.363424 0.931401 0.02037
v -79.8253 -37.6953 85.7947
vn 0.0769916 -0.981634 0.174549
v -99.1974 -58.5726 211.62
vn 0.351781 -0.911105 0.214796
v -97.7829 -58.4724 209.388
vn -0.368175 0.926584 -0.0767418
v -80.5436 -37.9874 91.1793
vn -0.299533 -0.953733 -0.0259514
v -99.3247 -57.8152 218.513
vn -0.486982 -0.865183 -0.119614
v -98.9621 -57.4819 216.163
vn -0.352699 -0.935211 0.0313671
v -99.3035 -57.368 215.72
vn 0.360242 -0.893262 0.268903
v -99.4399 -57.4675 215.477
vn -0.4908 0.871268 -0.00289848
v -96.8616 -54.6231 197.478
vn -0.870974 0.491045 -0.0167148
v -95.9202 -53.7529 192.23
vn -0.99544 0.0953411 -0.00312771
v -95.6791 -53.1947 191.544
vn -0.629492 0.776928 -0.0110911
v -96.2301 -54.1656 191.288
vn -0.981961 0.187508 -0.0243763
v -95.7514 -53.418 188.823
vn -0.972904 -0.230311 -0.0203641
v -95.823 -52.5984 188.752
vn -0.998017 0.0546681 -0.0312071
v -95.661 -53.2542 187.839
vn -0.947365 -0.319833 0.0143486
v -95.7696 -52.6407 187.726
vn -0.999759 0.0218839 -0.00168894
v -95.6964 -53.391 185.961
vn 0.232104 0.971411 0.0498859
v -82.3908 -38.1657 107.298
vn 0.311863 0.946823 0.079167
v -81.8528 -37.9589 104.13
vn 0.195979 0.979999 0.0345617
v -81.2805 -37.9375 100.935
vn -0.113832 0.984241 -0.135322
v -81.6847 -37.9168 100.877
vn -0.151298 0.984304 -0.0908573
v -81.7141 -38.0615 100.025
vn -0.0955933 -0.971916 0.215037
v -101.045 -57.3839 226.544
vn 0.0827174 -0.99458 0.0629988
v -100.56 -57.5611 225.149
vn 0.130587 -0.978603 0.159007
v -100.721 -57.4684 225.962
vn -0.123044 -0.989404 0.0770687
v -101.04 -57.5183 225.494
vn -0.222652 -0.974645 -0.0222293
v -101.172 -57.5011 225.066
vn -0.290636 -0.95586 0.0431637
v -101.306 -57.4554 225.465
vn -0.319037 -0.942949 -0.0951966
v -101.13 -57.3287 223.46
vn -0.573195 0.819173 -0.0200944
v -101.227 -57.1145 223.894
vn -0.553699 0.825524 -0.109217
v -101.09 -57.0593 223.083
vn -0.363631 -0.926605 -0.0957888
v -101.512 -57.3383 224.427
vn -0.196718 -0.979227 -0.0491495
v -99.9833 -57.564 221.949
vn -0.545272 0.836608 -0.0525951
v -100.878 -56.9473 222.95
vn -0.204736 -0.978805 0.0048082
v -101.004 -57.346 222.86
vn -0.670689 0.728258 -0.140775
v -101.047 -57.114 222.895
vn -0.196216 -0.980344 -0.0205874
v -101.104 -57.3455 222.229
vn -0.677655 0.735213 -0.0156869
v -101.135 -57.1391 222.261
vn -0.871293 0.484983 0.0750984
v -100.851 -57.0662 220.674
vn -0.616076 0.787564 -0.0138979
v -100.695 -56.8742 220.731
vn -0.140765 -0.989392 0.0358903
v -100.857 -57.3005 220.859
vn -0.928217 -0.296915 -0.224178
v -100.981 -57.1466 221.05
vn -0.07016 0.957197 0.280805
v -101.085 -57.3242 221.003
vn -0.515996 0.84103 0.162531
v -100.958 -57.0344 220.047
vn 0.241771 -0.970329 0.00283705
v -101.031 -57.3476 219.584
vn -0.280294 -0.958869 -0.0447748
v -99.7651 -57.5614 218.452
vn -0.0514749 -0.998044 0.0354766
v -100.436 -57.6091 218.792
vn -0.875699 -0.26446 0.403994
v -101.164 -57.3366 219.346
vn -0.598053 0.80139 -0.0103774
v -101.076 -57.0913 219.608
vn -0.443804 0.896023 0.0134505
v -99.6899 -56.1417 217.933
vn 0.209354 -0.976251 -0.0557154
v -99.5217 -57.1613 216.751
vn 0.0231753 -0.978088 -0.206899
v -100.123 -57.437 218.048
vn 0.352768 -0.905312 0.236568
v -99.4508 -57.1556 216.352
vn 0.455881 -0.868902 0.192825
v -99.6647 -57.2477 216.478
vn -0.45446 0.890035 0.0361051
v -98.428 -55.4561 211.469
vn -0.381925 0.924034 0.0171579
v -98.6783 -55.3387 205.906
vn -0.530015 0.847957 -0.00726354
v -97.3545 -54.9032 205.026
vn -0.955602 -0.293956 -0.0203446
v -95.739 -52.6932 192.24
vn -0.813497 -0.581559 -0.00338188
v -96.3923 -51.4751 191.535
vn -0.0446764 0.994889 -0.0905497
v -84.0561 -37.6654 112.679
vn 0.388156 0.910518 -0.142449
v -83.0656 -38.0221 110.918
vn 0.233421 0.929735 -0.284795
v -83.2763 -37.9646 110.896
vn 0.182568 0.97846 -0.0963612
v -83.3771 -37.8088 111.32
vn 0.286513 0.914907 -0.284351
v -83.3269 -37.8554 111.081
vn 0.0868775 0.939132 -0.332389
v -83.4826 -37.9314 110.871
vn 0.0290694 0.963813 -0.264991
v -83.5398 -37.8171 111.088
vn -0.0136662 0.990479 -0.136986
v -84.0718 -37.9931 110.77
vn 0.318673 0.947787 -0.012132
v -82.9838 -38.0745 110.511
vn 0.129227 0.989963 -0.0572076
v -83.3578 -38.0223 110.258
vn -0.216588 -0.894047 0.392135
v -100.949 -57.2077 226.999
vn -0.124449 -0.982099 -0.141404
v -101.24 -57.1733 227.784
vn -0.363438 0.731056 0.577469
v -101.114 -57.0986 227.817
vn -0.226506 -0.936203 -0.268734
v -100.996 -57.0152 227.028
vn -0.804271 -0.483274 0.345824
v -101.258 -57.1757 226.403
vn -0.588835 0.808028 0.0190699
v -101.092 -57.0429 225.365
vn -0.892598 -0.446234 -0.0643745
v -96.2491 -51.9567 196.309
vn -0.0285293 0.987661 -0.153988
v -84.6985 -37.1751 119.241
vn 0.118193 0.992989 0.00168379
v -84.7761 -37.2541 118.599
vn 0.360095 0.902742 0.235346
v -84.7089 -37.2275 118.204
vn 0.443367 0.879807 0.171363
v -84.8824 -36.9822 117.81
vn 0.308249 0.902463 0.300903
v -85.4213 -37.1096 118.63
vn -0.0194405 0.999638 0.0185931
v -85.3598 -36.9547 118.153
vn 0.25277 0.96735 0.0184947
v -86.8582 -37.0087 128.801
vn 0.888918 0.314129 0.333388
v -86.3028 -37.0584 126.823
vn 0.299355 0.953717 0.0284822
v -85.6045 -36.7545 123.902
vn -0.163312 0.979863 -0.114877
v -85.6177 -36.7917 122.867
vn 0.264174 0.964055 -0.0284488
v -85.1575 -36.8351 121.491
vn -0.153829 0.978782 -0.135359
v -86.3905 -37.0519 121.676
vn -0.319382 0.900779 -0.294264
v -86.4204 -37.1935 120.825
vn -0.665151 -0.74607 -0.030883
v -98.2174 -50.2336 205.726
vn 0.268544 0.962957 0.0244358
v -87.6996 -37.0736 134.824
vn 0.193344 0.980977 0.0173759
v -87.9687 -36.7598 133.606
vn -0.122239 0.981368 -0.14824
v -88.5696 -36.7576 133.515
vn -0.172241 0.979068 -0.108442
v -88.3077 -36.8104 132.108
vn -0.131198 0.989542 -0.0599561
v -88.4543 -36.7967 132.91
vn 0.388532 0.887647 0.247237
v -87.7856 -36.8753 129.266
vn 0.452372 0.858857 0.240256
v -87.6719 -36.5485 128.349
vn 0.119826 0.992789 0.0033432
v -87.3961 -36.4815 126.759
vn 0.175722 0.984205 0.0214946
v -89.6641 -36.5265 145.097
vn 0.0274189 0.996179 -0.0829208
v -89.3374 -36.5405 143.296
vn -0.138455 0.987968 -0.06892
v -89.5795 -36.9214 141.548
vn 0.017684 0.999778 0.0114493
v -89.2826 -36.8599 140.988
vn 0.316017 0.938397 0.139801
v -89.4729 -36.849 140.756
vn 0.573339 0.782036 0.244343
v -89.675 -36.708 140.75
vn 0.502229 0.823648 0.263382
v -90.1926 -36.4142 141.083
vn 0.171711 0.984622 -0.032176
v -88.5055 -37.042 139.117
vn 0.577958 0.795431 0.182359
v -89.1311 -36.6196 138.795
vn 0.750356 0.595856 0.286219
v -88.3885 -36.7091 137.034
vn -0.0357379 0.995754 -0.0848386
v -88.9854 -36.7372 136.947
vn -0.547632 -0.836288 -0.026843
v -100.854 -48.5852 216.634
vn 0.079913 0.996799 0.00221405
v -91.3041 -37.0927 155.839
vn 0.00644115 0.985931 -0.167031
v -91.4182 -37.0597 156.443
vn -0.0927123 0.946836 -0.308069
v -91.6676 -36.9881 156.624
vn 0.423585 0.872061 0.245122
v -91.5979 -37.0249 155.806
vn 0.0356709 0.997912 -0.0538456
v -91.8123 -37.0937 156.377
vn -0.243714 0.955887 -0.16396
v -92.0857 -37.0871 156.748
vn 0.103007 0.993358 -0.0512849
v -91.1899 -37.1258 155.234
vn 0.423433 0.884047 0.197902
v -91.3768 -36.8076 154.851
vn -0.0446168 0.99852 0.0310902
v -91.9403 -36.8134 154.559
vn 0.189126 0.977925 0.088846
v -90.7002 -36.7154 152.095
vn 0.0590721 0.997856 0.0281738
v -91.2609 -36.3971 150.423
vn 0.377247 0.904582 0.198533
v -90.594 -36.3891 147.856
vn 0.34337 0.93507 0.0879792
v -90.0534 -36.5634 147.291
vn 0.522056 0.814241 0.253908
v -90.5448 -36.2659 147.474
vn -0.204955 0.975744 -0.0769257
v -90.8236 -36.4474 145.757
vn -0.455851 -0.889577 -0.0291966
v -101.883 -48.193 220.86
vn -0.0899201 0.995816 -0.0162714
v -94.4865 -37.4064 165.789
vn -0.0308407 0.998709 0.0403704
v -94.3136 -37.3541 164.783
vn -0.0762532 0.996377 0.0376482
v -93.5273 -37.2127 161.436
vn 0.100905 0.992948 0.0622316
v -91.8641 -37.1386 158.988
vn -0.0975733 0.993789 0.0535098
v -93.3499 -37.1123 159.221
vn -0.157867 0.987384 -0.0123074
v -92.1936 -37.0875 157.347
vn 0.214759 0.964263 0.155161
v -92.907 -37.0614 157.86
vn 0.100793 0.994242 0.0363838
v -91.5861 -36.9305 157.262
vn -0.131557 0.981554 -0.138723
v -91.7158 -36.9224 156.833
vn 0.424725 0.848984 0.314379
v -92.2859 -36.8917 156.547
vn 0.19653 0.966977 0.162267
v -92.239 -36.7556 156.167
vn 0.00373136 0.994747 0.102298
v -92.7701 -36.8276 156.895
vn -0.0342044 0.999402 -0.00503456
v -91.8351 -36.7521 155.064
vn 0.161018 0.977568 0.135769
v -92.3607 -36.7045 154.515
vn 0.0859924 0.98871 0.122714
v -95.1863 -37.5441 175.502
vn -0.077592 0.996781 0.0201861
v -94.7681 -36.9924 171.556
vn -0.220867 0.972817 -0.0696051
v -95.0974 -37.2048 169.003
vn -0.00528147 0.998997 0.044463
v -95.5434 -37.7328 179.933
vn 0.142536 0.977778 0.153733
v -96.101 -37.3164 175.814
vn -0.123487 -0.992185 -0.0178929
v -106.757 -46.8472 247.881
vn -0.474749 0.872283 -0.117203
v -100.34 -39.7518 207.189
vn -0.372076 0.9282 0.0017933
v -101.331 -40.1993 207.37
vn -0.497867 0.867206 -0.00910141
v -100.752 -39.823 203.828
vn -0.379282 0.925243 0.00839524
v -100.045 -39.4243 202.979
vn -0.565105 0.81735 -0.112229
v -100.403 -39.7599 201.838
vn -0.40732 0.913278 -0.00361372
v -100.39 -39.9399 200.781
vn 0.29673 -0.954908 -0.0100908
v -108.683 -47.3583 256.74
vn 0.0787632 -0.996871 -0.0066116
v -107.565 -47.1299 254.897
vn 0.142014 -0.989456 -0.028447
v -107.903 -46.9267 249.746
vn -0.514107 0.857595 -0.0150345
v -103.417 -40.4924 220.351
vn -0.378334 0.9255 0.0176709
v -102.657 -40.1011 218.072
vn -0.596111 0.802676 -0.0190746
v -103.165 -40.4048 217.735
vn -0.250423 0.967722 0.0283212
v -101.95 -39.895 217.394
vn -0.542229 0.839642 -0.0314476
v -102.877 -40.2121 215.965
vn -0.548855 -0.818562 0.169451
v -111.233 -48.1983 269.348
vn -0.637663 -0.753151 0.161708
v -111.509 -48.0151 269.339
vn 0.328863 -0.944103 0.0227733
v -109.41 -47.4091 261.96
vn -0.732456 0.670384 -0.118713
v -107.552 -43.0324 242.275
vn -0.27098 0.961866 0.0372064
v -105.005 -41.9866 235.044
vn -0.399211 0.916644 -0.0198411
v -105.456 -42.102 235.365
vn -0.607522 0.793788 -0.0285988
v -105.816 -42.6242 234.396
vn -0.565612 0.824549 -0.0142519
v -104.945 -41.945 232.39
vn -0.530231 0.840808 0.109074
v -105.616 -42.26 231.821
vn -0.337681 0.94058 0.0357998
v -104.081 -41.4249 230.56
vn -0.31068 0.941266 0.132276
v -104.647 -41.6082 230.441
vn -0.116733 0.974781 0.190196
v -104.141 -41.4024 229.733
vn -0.125379 0.960881 0.246958
v -104.551 -41.3482 229.68
vn -0.444554 0.89165 0.0856313
v -104.932 -41.4522 229.604
vn -0.707867 0.703876 -0.0590154
v -105.042 -41.5505 229.159
vn -0.632904 0.773043 -0.0428624
v -104.823 -41.568 227.957
vn -0.516588 0.855079 0.0444592
v -104.608 -41.3164 226.186
vn -0.504018 0.863692 0.00168605
v -103.519 -40.4657 223.216
vn -0.571165 0.820513 -0.022999
v -103.862 -40.8155 223.102
vn -0.456611 0.889474 -0.0184877
v -102.793 -40.2278 220.082
vn -0.362312 -0.899697 0.243465
v -110.992 -47.6799 274.406
vn 0.161244 -0.982179 0.0965644
v -110.952 -47.8141 274.183
vn 0.359231 -0.931697 0.0537886
v -110.855 -47.8376 273.783
vn -0.984304 -0.168072 0.0538207
v -111.053 -47.57 273.8
vn -0.99195 0.107686 0.0666311
v -111.576 -47.2454 268.233
vn -0.456654 0.88628 -0.0772973
v -107.447 -42.3411 248.782
vn -0.342271 0.938659 -0.0420685
v -106.797 -42.3191 246.42
vn -0.596795 0.79977 -0.064835
v -107.423 -42.59 244.428
vn -0.593346 0.800909 -0.0805347
v -107.154 -42.4866 242.844
vn -0.368649 0.928495 -0.0446548
v -106.427 -42.3043 240.933
vn -0.764169 0.644207 0.0322963
v -110.712 -44.5842 263.291
vn 0.608525 -0.316454 0.727705
v -64.268 -80.485 27.7749
vn 0.939786 -0.220594 0.261038
v -63.8435 -79.54 27.5965
vn 0.98369 -0.131726 -0.122486
v -63.4923 -77.1892 27.4321
vn 0.571536 0.0819344 -0.816476
v -63.9833 -74.9641 27.0673
vn -0.255748 -0.181333 0.949585
v -65.7187 -74.116 30.2499
vn -0.325107 -0.144682 0.934544
v -65.8201 -73.5246 30.2946
vn 0.0666541 -0.296168 0.952807
v -65.0641 -71.2185 30.9283
vn -0.135878 -0.115703 0.983946
v -65.1019 -71.0261 30.9695
vn -0.0756094 -0.232489 0.969656
v -66.2035 -71.6069 30.7437
vn -0.075446 -0.180589 0.980661
v -65.1627 -70.6239 30.9547
vn -0.176981 -0.212677 0.960961
v -65.5153 -70.8794 30.8525
vn 0.070181 -0.281813 0.956899
v -65.6467 -70.3232 31.0949
vn -0.614173 -0.0504462 0.787558
v -66.2331 -69.9455 30.5946
vn 0.307166 0.145368 -0.940488
v -65.8049 -69.7223 26.8803
vn -0.570603 -0.0281496 0.820744
v -65.6857 -68.7559 31.0801
vn -0.686687 0.0167088 0.726761
v -66.6079 -66.5583 30.8504
vn -0.904079 0.144858 0.402067
v -66.8307 -66.5437 30.4773
vn -0.904147 0.142216 0.402856
v -66.8857 -66.5077 30.0645
vn -0.259354 0.27639 -0.925389
v -65.5208 -65.8783 27.6448
vn -0.143355 -0.189304 0.971398
v -66.2102 -65.5004 31.1405
vn -0.953133 0.208151 0.21957
v -67.1791 -66.0785 29.6853
vn -0.743903 0.321947 -0.585627
v -66.2981 -64.158 28.928
vn 0.90959 -0.379755 0.168616
v -88.8027 -58.0066 142.851
vn 0.70678 -0.704814 0.060826
v -89.6241 -58.0863 154.625
vn 0.557467 -0.826518 0.078087
v -90.1759 -58.7399 154.836
vn 0.823914 -0.510157 0.246791
v -89.6173 -58.4272 153.744
vn 0.448001 -0.891961 0.0608334
v -89.7765 -58.7578 152.634
vn 0.564203 -0.825632 0.00276934
v -89.2149 -58.2486 148.086
vn 0.631738 -0.770531 -0.0847862
v -87.785 -56.5625 140.798
vn 0.375719 -0.882809 -0.281928
v -87.9083 -56.4166 137.929
vn 0.248898 -0.907835 -0.337469
v -88.0064 -55.9946 136.962
vn 0.745297 -0.665472 -0.0409913
v -86.5927 -55.0875 136.312
vn 0.0690805 -0.942718 -0.326361
v -87.1942 -54.7147 133.616
vn 0.808 -0.589126 0.00815453
v -87.5717 -55.2283 133.878
vn 0.139718 -0.937351 -0.319144
v -86.4074 -54.1635 132.191
vn 0.23235 -0.924237 -0.302985
v -86.1879 -53.5969 130.476
vn 0.808657 -0.588205 0.00938617
v -86.0435 -53.4037 129.505
vn 0.605898 -0.787852 -0.11035
v -86.4497 -53.9569 129.961
vn 0.119405 -0.944955 -0.304636
v -86.5375 -53.7854 129.157
vn -0.00209722 -0.927841 -0.37297
v -87.0634 -54.0806 130.052
vn 0.148533 -0.987953 -0.0434336
v -94.0965 -60.0672 174.338
vn 0.247174 -0.963097 -0.106531
v -92.6377 -59.4272 171.387
vn 0.257668 -0.952417 -0.162815
v -92.6691 -59.1713 170.195
vn 0.332456 -0.940006 -0.0765692
v -91.8859 -58.6486 166.71
vn 0.302673 -0.950688 -0.067682
v -91.688 -58.3295 165.154
vn 0.282814 -0.957005 -0.0644853
v -91.2359 -58.2203 164.831
vn 0.640232 -0.757057 0.130262
v -91.8858 -58.4599 164.074
vn 0.854952 -0.418841 0.305989
v -91.0469 -58.1987 161.988
vn 0.203472 -0.926884 -0.315412
v -85.6076 -52.8168 128.854
vn 0.143848 -0.938636 -0.313482
v -85.2971 -51.5958 123.778
vn 0.249436 -0.930328 -0.268833
v -85.9915 -51.1103 121.499
vn -0.0817234 -0.924864 -0.371413
v -85.5749 -50.0511 118.259
vn 0.434476 -0.897298 -0.0780193
v -83.8194 -48.8726 113.19
vn -0.0150889 -0.947416 -0.319649
v -84.233 -48.9959 113.31
vn 0.090877 -0.99037 -0.10444
v -82.1599 -46.9387 102.284
vn -0.234749 -0.941868 -0.240371
v -81.3102 -46.4466 99.4192
vn -0.322457 -0.881441 -0.345085
v -81.2219 -46.3398 98.8354
vn -0.433345 -0.841135 -0.323582
v -81.4769 -46.2379 99.0201
vn 0.20667 -0.973785 -0.0950272
v -81.543 -45.8394 93.3298
vn 0.045162 -0.985294 -0.164794
v -80.0384 -45.3386 91.3883
vn 0.0751335 -0.981743 -0.174747
v -79.983 -45.2482 91.0019
vn 0.261809 -0.964386 -0.0376168
v -79.8639 -45.2107 90.3078
vn 0.173939 -0.974505 -0.141719
v -80.5877 -45.4204 91.0848
vn 0.0770303 -0.978955 -0.188978
v -80.005 -44.4812 87.0269
vn -0.0595109 -0.949022 -0.309541
v -79.593 -43.9818 84.3027
vn -0.274933 -0.840487 -0.466897
v -78.8172 -43.5662 83.0568
vn 0.222198 -0.962632 0.154814
v -95.0273 -60.3783 180.919
vn 0.526451 -0.822266 0.216167
v -93.7632 -59.9403 180.368
vn 0.257004 -0.96516 -0.0491366
v -93.7483 -60.1294 179.309
vn -0.0597123 -0.982649 -0.175598
v -93.9764 -60.1734 179.472
vn 0.240448 -0.969705 0.0430922
v -94.3336 -60.298 180.423
vn -0.259425 -0.930135 -0.259901
v -94.9319 -60.1153 180.159
vn 0.0380079 -0.991757 -0.122366
v -94.2124 -59.8935 178.254
vn 0.323586 -0.944834 0.0507991
v -94.5583 -59.9933 177.978
vn 0.318293 -0.947251 -0.0374969
v -92.9491 -59.2782 175.269
vn 0.489989 -0.867055 0.0901496
v -93.2182 -59.5987 174.76
vn 0.337636 -0.933199 -0.123049
v -84.9642 -49.4352 116.613
vn 0.55398 -0.832292 0.0199159
v -83.4708 -48.5923 113.293
vn 0.169292 -0.979244 -0.111452
v -83.6907 -47.6421 109.115
vn 0.130714 -0.980518 -0.146626
v -83.2317 -47.4837 107.569
vn 0.0841118 -0.988913 -0.122374
v -83.7124 -47.6336 108.086
vn 0.014204 -0.985134 -0.171202
v -82.8081 -47.1337 106.053
vn -0.211072 -0.933775 -0.288986
v -83.7762 -47.3971 107.091
vn -0.0217658 -0.99043 -0.136287
v -83.6802 -47.1371 106.33
vn -0.275817 -0.944019 -0.180978
v -83.9977 -47.2818 107.078
vn 0.241053 -0.969998 0.0315829
v -83.5257 -47.1933 105.522
vn -0.0647272 -0.975004 -0.212548
v -83.1768 -46.8519 102.144
vn -0.267205 -0.907312 -0.324632
v -81.4312 -46.0957 98.6416
vn 0.247168 -0.967538 -0.0526997
v -81.832 -46.0933 98.581
vn -0.0798241 -0.922412 -0.377869
v -79.1424 -43.0293 82.1084
vn -0.161497 -0.900586 -0.403562
v -80.1106 -42.98 81.7318
vn 0.190932 -0.981553 0.00988959
v -96.5146 -59.5175 190.705
vn 0.659523 -0.720219 0.215206
v -95.3291 -59.5653 187.59
vn 0.770974 -0.626103 0.116596
v -95.4106 -59.7125 187.346
vn 0.498709 -0.827674 0.257381
v -95.6562 -59.985 187.49
vn 0.367776 -0.871301 0.324923
v -95.8187 -59.6665 188.114
vn 0.196544 -0.891018 0.409215
v -96.1248 -59.9822 187.806
vn 0.0227432 -0.995446 0.0925758
v -96.2734 -60.0664 187.563
vn -0.00479526 -0.998789 0.0489556
v -95.1993 -59.9006 184.88
vn 0.154038 -0.987584 0.030829
v -97.6554 -59.7528 199.527
vn 0.175205 -0.98445 0.0127448
v -97.2784 -60.0022 195.226
vn -0.863776 0.132335 -0.486187
v -78.7006 -39.2032 77.6876
vn 0.132634 -0.985228 0.108322
v -98.6853 -59.737 204.089
vn -0.973602 0.209612 -0.0903396
v -95.1107 -53.6766 173.47
vn -0.388365 0.919873 -0.054827
v -81.2782 -38.2586 89.787
vn -0.462171 0.884578 -0.0626045
v -80.4631 -37.9695 87.2922
vn -0.847229 0.530965 -0.016695
v -95.9614 -54.1109 186.323
vn -0.596059 0.802475 -0.0273307
v -96.4918 -54.5716 186.246
vn -0.876536 0.479547 -0.0414603
v -95.635 -53.766 178.92
vn -0.996332 0.0736171 -0.0436246
v -95.5273 -53.459 178.375
vn -0.932993 0.351163 -0.078794
v -95.5356 -53.8361 176.869
vn -0.994733 -0.0585022 -0.0841632
v -95.4516 -52.9776 176.623
vn -0.94262 -0.323762 -0.0815263
v -95.5633 -52.3646 176.51
vn -0.299509 0.94425 -0.1367
v -83.5354 -38.4531 99.0627
vn -0.462121 -0.885525 0.0478577
v -101.649 -57.8371 216.594
vn -0.223696 -0.963771 0.145278
v -100.542 -58.2701 213.112
vn -0.514496 -0.83866 0.178724
v -101.484 -57.9513 213.437
vn -0.544792 0.838564 -0.00348406
v -99.5856 -55.7592 204.461
vn -0.488215 0.872275 -0.0279824
v -99.1866 -55.6027 199.826
vn -0.507006 0.861844 -0.012994
v -97.6843 -55.0256 194.405
vn -0.889997 -0.4558 0.0123606
v -95.9984 -52.4075 185.884
vn -0.880512 -0.4614 -0.108665
v -95.7562 -51.6746 175.781
vn 0.124674 0.99152 -0.0366708
v -84.8941 -38.1387 104.047
vn -0.0865679 0.993867 -0.068814
v -84.9697 -38.1197 104.449
vn -0.208894 0.963055 -0.169966
v -83.6917 -38.0605 103.011
vn 0.405578 -0.753627 0.517255
v -101.497 -57.4594 221.13
vn -0.0979397 -0.976722 0.190848
v -101.292 -57.505 218.885
vn 0.228793 -0.968821 0.0950742
v -101.214 -57.5953 218.265
vn -0.710624 -0.70345 0.0131042
v -101.385 -57.4221 218.27
vn -0.735031 0.675758 0.0554995
v -101.209 -57.172 218.136
vn -0.939948 -0.194651 0.280371
v -101.34 -57.3045 218.914
vn 0.0165305 -0.989046 0.146679
v -101.518 -57.6651 218.001
vn -0.670575 0.700743 0.243491
v -101.537 -57.5615 218.016
vn -0.0442179 -0.991178 0.124943
v -101.729 -57.6534 218.017
vn -0.647289 0.746613 0.153574
v -101.518 -57.4699 217.83
vn -0.548581 0.835857 0.020032
v -100.463 -56.4478 212.216
vn -0.777864 -0.628024 -0.022648
v -96.7816 -51.2398 185.356
vn -0.149283 0.981417 -0.120558
v -85.5291 -37.7522 114.083
vn -0.00712181 0.999055 -0.0428684
v -85.1306 -37.874 110.836
vn -0.0670467 0.990318 -0.121553
v -85.9189 -37.832 111.75
vn -0.136229 0.973972 -0.181161
v -86.0698 -37.9041 111.509
vn 0.0220442 0.999396 -0.0268694
v -86.2643 -37.9348 111.474
vn 0.1193 0.99087 0.0628104
v -85.4145 -37.9198 110.168
vn -0.059643 0.996556 -0.0576137
v -84.2497 -37.5737 105.683
vn -0.622803 -0.78208 -0.0215994
v -97.6777 -50.3567 190.717
vn -0.417392 0.868464 -0.267497
v -88.3211 -36.9464 126.331
vn -0.141681 0.989355 -0.0332231
v -87.6624 -37.2302 124.327
vn 0.116814 0.978197 0.171715
v -87.7658 -37.1693 123.705
vn 0.0100259 0.998104 0.0607304
v -87.1931 -37.0136 122.673
vn -0.289459 0.933897 -0.209882
v -88.0638 -36.9433 122.879
vn -0.585519 0.647696 -0.487501
v -88.3927 -37.33 122.76
vn 0.176443 0.955977 0.234468
v -87.4355 -37.1165 120.684
vn -0.196713 0.979796 -0.0361144
v -87.6352 -37.1192 120.653
vn -0.328645 0.921456 -0.207148
v -90.445 -37.0286 135.03
vn -0.106366 0.989668 -0.0961467
v -89.5035 -36.9251 133.138
vn -0.263049 0.948092 -0.178682
v -88.9107 -36.9918 132.189
vn -0.237911 0.957987 -0.160187
v -89.0616 -37.0639 131.948
vn 0.139754 0.987175 -0.0771621
v -89.4201 -36.9866 132.729
vn 0.168167 0.984857 0.0421453
v -89.6325 -36.92 132.709
vn 0.222592 0.956436 0.188899
v -89.6403 -36.7918 131.498
vn 0.286823 0.92419 0.252199
v -88.2427 -36.6004 129.28
vn -0.170813 0.981133 -0.0905587
v -89.0148 -36.3651 128.793
vn -0.526794 -0.849676 -0.0232093
v -101.416 -47.8639 205.174
vn 0.348153 0.92744 0.136547
v -90.738 -36.934 143.424
vn 0.46738 0.85675 0.218027
v -90.9506 -36.6102 142.833
vn 0.0552007 0.998194 0.0237101
v -90.8673 -36.669 139.343
vn -0.152085 0.988051 -0.0250164
v -91.3066 -36.5668 138.268
vn 0.115818 0.992564 0.0374447
v -89.9683 -36.4445 136.439
vn 0.149441 0.985662 0.0783492
v -90.4063 -36.5775 137.787
vn -0.310813 0.927615 -0.207186
v -90.0481 -36.5113 135.799
vn -0.51116 0.839889 -0.18249
v -93.451 -36.5467 151.296
vn -0.202205 0.977073 -0.0666471
v -92.1988 -36.3476 149.878
vn -0.498372 0.844898 -0.194352
v -93.0279 -36.8879 149.246
vn -0.299097 0.941933 -0.152656
v -91.806 -36.5247 147.853
vn -0.116317 0.99308 -0.0161933
v -91.414 -36.5886 146.874
vn -0.102855 0.994523 -0.0185688
v -92.0612 -36.7255 147.162
vn 0.226024 0.965277 0.130971
v -92.1595 -36.6919 146.537
vn 0.104809 0.99162 0.075536
v -92.3328 -36.5519 146.235
vn -0.288587 0.942935 -0.166106
v -91.0933 -36.7649 145.248
vn 0.194431 0.979923 0.0441237
v -91.3281 -36.7724 145.417
vn 0.363202 0.924737 0.113782
v -91.3711 -36.6484 144.405
vn -0.123119 0.991846 -0.0329039
v -92.3668 -36.4814 144.078
vn 0.0875943 0.995106 0.0457217
v -91.2895 -36.4195 142.61
vn -0.429444 -0.901939 -0.0456472
v -103.475 -47.1154 215.058
vn -0.224003 0.973755 -0.0402947
v -95.2717 -37.4765 165.642
vn -0.17524 0.983884 0.0355407
v -94.0175 -37.311 161.96
vn -0.138974 0.989611 0.0368388
v -93.8934 -37.203 161.176
vn 0.00283818 0.980993 0.19402
v -95.1156 -37.392 160.135
vn 0.0604667 0.986215 0.154025
v -93.721 -37.0752 158.966
vn -0.0453311 0.995243 0.0862301
v -93.6818 -37.0067 157.546
vn -0.012298 0.985364 0.170016
v -94.8424 -36.9214 158.206
vn -0.36078 0.919356 -0.156913
v -93.919 -36.5517 153.898
vn -0.206409 0.977503 -0.043408
v -94.2902 -36.5521 154.818
vn -0.206749 0.977553 -0.0405469
v -93.7569 -36.6451 153.08
vn -0.330176 -0.943911 -0.00394023
v -104.226 -47.2028 226.155
vn -0.164915 -0.986307 -0.00136815
v -105.658 -46.7999 226.901
vn -0.389022 0.919675 -0.0534705
v -96.6859 -37.6532 170.222
vn -0.495567 0.868558 0.00437627
v -101.048 -40.1536 197.768
vn -0.465213 0.885035 0.0170049
v -100.277 -39.5709 195.113
vn -0.611373 0.791328 0.00485499
v -100.083 -39.3521 189.43
vn -0.269852 0.962073 0.0399353
v -98.0769 -38.2543 184.179
vn -0.443988 0.895656 -0.0259857
v -98.4819 -38.3376 183.076
vn -0.554915 0.831203 -0.0342308
v -98.7919 -38.6319 182.771
vn -0.31461 0.949162 0.0105657
v -98.0458 -38.2502 181.72
vn -0.059918 0.993513 0.0966559
v -97.2252 -38.0772 180.438
vn -0.338112 0.938551 0.0693033
v -98.0519 -38.1311 180.508
vn -0.225626 0.972836 0.0517907
v -96.8244 -37.4313 176.505
vn 0.0628621 -0.997972 -0.0100408
v -107.447 -46.6705 236.716
vn -0.563362 0.824071 -0.0594125
v -103.946 -41.2525 212.536
vn -0.480759 0.876197 -0.0338925
v -103.077 -40.8668 209.656
vn -0.475103 0.879082 0.0386259
v -102.519 -40.6594 207.518
vn -0.414954 0.909818 -0.0067329
v -102.403 -40.5058 206.742
vn -0.613454 0.788195 -0.0492328
v -102.743 -40.7238 206.651
vn -0.391087 0.920194 -0.0171419
v -101.656 -40.3229 205.861
vn -0.3968 0.917829 0.0117976
v -101.791 -40.4149 204.386
vn -0.466074 0.883464 0.0476075
v -101.915 -40.4168 203.956
vn -0.624153 0.781301 0.0014236
v -102.147 -40.6353 204.293
vn -0.733273 0.679733 -0.0165678
v -102.264 -40.6961 203.853
vn -0.694414 0.717738 -0.0513925
v -102.448 -40.9767 203.981
vn -0.397895 0.917111 -0.0242229
v -101.333 -40.2331 202.845
vn -0.651999 0.757609 -0.0304149
v -101.953 -40.623 202.065
vn -0.240236 0.964751 0.107432
v -100.486 -39.9185 200.154
vn -0.248244 0.96728 0.0523862
v -100.831 -40.11 201.095
vn -0.317159 0.947482 0.0410966
v -101.158 -40.1204 200.632
vn -0.522736 0.851063 -0.0493836
v -101.377 -40.2131 200.788
vn -0.528344 0.846651 -0.063511
v -101.304 -40.2138 200.388
vn 0.684257 -0.720949 0.109654
v -111.348 -48.621 263.504
vn 0.520836 -0.851759 0.0568933
v -111.34 -48.7719 262.452
vn 0.137542 -0.982614 0.124708
v -111.529 -48.8336 262.414
vn 0.598032 -0.795084 0.100993
v -111.212 -48.687 261.665
vn 0.444769 -0.894712 0.0408814
v -111.426 -48.8039 261.817
vn 0.151773 -0.964978 0.213969
v -111.351 -48.8199 261.415
vn 0.469084 -0.866008 0.173176
v -111.47 -49.015 260.951
vn -0.159139 -0.968628 0.190881
v -111.602 -48.7431 261.596
vn -0.902879 -0.42987 -0.00472655
v -111.56 -48.8589 261.171
vn -0.892845 -0.447812 0.0478883
v -111.678 -48.5668 261.821
vn 0.630677 -0.773875 0.0579996
v -110.917 -48.7449 257.797
vn 0.643349 -0.765022 0.0290512
v -109.461 -47.7017 253.274
vn -0.521636 0.852564 0.0321102
v -106.3 -42.6948 231.434
vn -0.611828 0.790954 0.00762675
v -105.565 -42.1666 229.175
vn -0.632212 0.774728 0.0102197
v -106.012 -42.4134 228.447
vn -0.727919 0.685144 -0.0266771
v -106.623 -42.9406 228.877
vn -0.822189 0.566595 -0.0545445
v -105.823 -42.7512 223.281
vn -0.605266 0.795985 -0.0078165
v -104.601 -41.148 222.93
vn -0.485319 0.87398 -0.0249831
v -104.192 -40.9117 221.597
vn -0.537129 0.842744 -0.0356981
v -104.276 -41.263 220.084
vn -0.683171 0.727809 -0.0597664
v -104.678 -41.4612 220.193
vn -0.677211 0.735788 -0.00130496
v -104.813 -41.5187 218.724
vn -0.550213 0.83488 -0.0155249
v -103.459 -40.6986 216.2
vn -0.592504 0.805113 -0.0270555
v -104.183 -41.0062 217.063
vn -0.544081 -0.808544 0.224125
v -111.542 -48.4119 267.827
vn 0.533065 -0.845629 0.0274599
v -111.305 -48.3291 266.438
vn -0.993259 -0.104228 0.0507232
v -111.658 -48.2205 266.404
vn -0.213419 -0.965614 0.148466
v -111.633 -48.3617 266.004
vn 0.601922 -0.776786 0.185184
v -111.427 -48.4706 264.957
vn 0.464532 -0.750575 0.469943
v -111.55 -48.4244 265.152
vn -0.495294 -0.865001 -0.0803599
v -111.605 -48.6051 264.917
vn -0.937173 -0.348721 -0.00998048
v -111.696 -48.2389 265.105
vn -0.990684 -0.133917 0.0247112
v -111.74 -48.024 264.989
vn 0.595399 -0.801994 0.0480261
v -110.677 -48.0246 262.685
vn -0.351616 -0.933469 0.0707273
v -111.681 -48.4659 263.892
vn -0.99442 0.105139 0.00867143
v -111.791 -47.162 263.285
vn -0.986925 -0.160866 0.0100185
v -111.781 -48.1526 261.673
vn -0.994134 -0.0818808 -0.070662
v -111.783 -47.6328 260.944
vn -0.859015 0.504879 -0.084799
v -110.297 -45.0717 251.149
vn -0.864162 0.491818 -0.106488
v -109.681 -44.5467 248.399
vn -0.59665 0.767344 -0.234928
v -108.45 -43.7299 244.274
vn -0.610833 0.782858 -0.118391
v -108.807 -43.9615 244.179
vn -0.587179 0.795746 -0.148354
v -108.146 -43.707 243.708
vn -0.718233 0.690283 -0.0874736
v -107.808 -43.5858 241.727
vn -0.48754 0.872457 -0.0335104
v -107.938 -43.683 240.253
vn -0.760825 0.642084 -0.0942014
v -108.261 -43.9104 239.958
vn -0.574756 0.818325 0.000122077
v -107.226 -43.4431 236.09
vn -0.939717 0.34155 0.0165909
v -111.561 -46.3247 263.469
vn -0.912733 0.406175 -0.0440372
v -111.377 -45.9874 260.065
vn -0.706628 0.705352 -0.0561746
v -108.795 -43.0956 249.059
vn -0.638526 0.760003 -0.121164
v -108.575 -43.2232 246.81
vn -0.768769 0.619773 -0.157721
v -107.914 -43.1895 244.254
vn 0.873534 -0.0255801 -0.486091
v -64.6177 -85.4902 25.1895
vn 0.632936 0.039932 -0.773174
v -64.9521 -84.8823 24.8358
vn 0.803391 -0.279883 0.525574
v -64.4679 -82.442 26.9861
vn 0.989879 -0.141577 0.00975265
v -64.2048 -82.4512 25.9975
vn 0.832753 0.0328015 -0.552672
v -64.1865 -81.8176 25.9074
vn 0.588349 0.127743 -0.798453
v -64.9251 -82.4589 25.1596
vn 0.408163 -0.323185 0.853788
v -64.8462 -81.7734 27.5463
vn 0.342552 -0.322491 0.882416
v -65.3756 -80.5393 28.2627
vn -0.492657 -0.279918 0.823975
v -65.5977 -79.3793 28.4798
vn -0.384491 -0.26055 0.885596
v -65.6626 -79.9684 28.2145
vn 0.0616659 -0.341796 0.937749
v -65.8217 -79.2079 28.4313
vn 0.0579163 -0.291612 0.954782
v -66.0502 -77.5421 29.3824
vn 0.319022 -0.36404 0.875043
v -66.3916 -78.7709 28.9293
vn -0.362644 -0.238661 0.90085
v -66.6099 -78.7292 28.9628
vn 0.038293 -0.303429 0.952084
v -65.3826 -77.5885 29.1419
vn 0.283013 -0.389892 0.876292
v -65.7315 -77.8395 29.0154
vn 0.364386 0.199344 -0.909662
v -66.1394 -77.5704 25.3361
vn 0.293297 -0.318759 0.901315
v -65.6736 -76.6637 29.4721
vn 0.513176 0.149531 -0.845157
v -65.5225 -75.9397 26.1913
vn -0.34351 -0.196193 0.918427
v -66.0247 -74.5535 30.0486
vn -0.271373 -0.244776 0.930828
v -66.3289 -74.9889 29.8352
vn -0.489041 -0.220057 0.844046
v -66.8178 -74.4574 29.8006
vn -0.122881 -0.253765 0.959429
v -67.3059 -74.911 29.4821
vn -0.674139 -0.0754487 0.734741
v -67.4824 -74.7164 29.3374
vn 0.331998 0.168396 -0.928127
v -66.3515 -74.2561 25.8941
vn -0.100122 -0.224343 0.969353
v -66.1671 -73.7736 30.1558
vn 0.0433548 -0.259181 0.964855
v -66.57 -73.8512 30.1771
vn -0.722711 -0.0343845 0.690295
v -66.6312 -73.4495 30.1651
vn -0.636723 -0.112159 0.762892
v -66.9523 -73.6682 29.8561
vn 0.69148 0.0338276 -0.721604
v -66.4867 -72.4149 26.1732
vn 0.107648 0.203344 -0.973172
v -66.5471 -73.2352 26.0857
vn 0.617488 0.0290539 -0.786043
v -66.6571 -72.4175 25.98
vn 0.371604 0.262482 -0.890513
v -66.8756 -73.4625 25.8253
vn 0.27533 0.0841549 -0.957659
v -66.9411 -73.0659 25.8413
vn -0.445204 0.280968 -0.850206
v -67.0342 -72.7015 26.039
vn -0.514689 -0.114723 0.849667
v -67.8595 -71.5362 29.5997
vn -0.944809 0.114064 0.307125
v -67.9354 -71.2639 29.0601
vn 0.330621 0.216664 -0.918557
v -66.4285 -71.5972 26.276
vn -0.185543 0.317672 -0.92987
v -66.735 -72.0353 26.0777
vn -0.350852 0.326525 -0.877658
v -66.8282 -71.671 26.2759
vn -0.952069 0.143329 0.270224
v -67.8173 -70.9046 29.5527
vn -0.667723 0.319262 -0.672472
v -67.3234 -70.6336 26.9748
vn -0.438682 -0.106197 0.892345
v -66.9243 -69.2171 30.3685
vn -0.844914 0.0484316 0.532706
v -67.0847 -68.1823 30.353
vn -0.535982 -0.0678804 0.841496
v -67.2089 -68.836 30.218
vn -0.88946 0.0671021 0.45206
v -67.268 -68.8155 30.0073
vn -0.869046 0.0642876 0.490537
v -67.5735 -68.8038 29.5521
vn -0.949826 0.0969164 0.297385
v -67.793 -68.5964 28.9393
vn 0.332597 -0.940214 0.0733356
v -91.1935 -59.3658 151.9
vn 0.314435 -0.94874 0.0319774
v -91.5375 -59.5848 150.576
vn 0.439515 -0.895662 0.0679363
v -91.0754 -59.3345 150.075
vn 0.245006 -0.96791 0.0558805
v -91.0723 -59.4598 149.026
vn 0.579858 -0.807606 0.107412
v -90.4392 -59.464 146.657
vn 0.0789834 -0.989258 0.123008
v -90.8432 -59.639 146.77
vn 0.819886 -0.559251 0.122578
v -89.4907 -59.0086 144.417
vn 0.823456 -0.552434 0.129372
v -89.7411 -58.7737 145.448
vn 0.569972 -0.815483 -0.100599
v -90.0208 -59.3895 144.269
vn 0.6604 -0.743866 -0.102645
v -89.7678 -58.7804 141.335
vn 0.918475 -0.387379 0.0796292
v -89.0625 -57.6196 138.567
vn 0.714853 -0.687973 -0.125211
v -88.4547 -56.6237 136.577
vn 0.482817 -0.832996 -0.270196
v -89.0307 -56.951 136.637
vn 0.187655 -0.982095 -0.0165609
v -93.1205 -59.6568 162.852
vn -0.409855 -0.905421 -0.110598
v -92.7438 -59.293 157.017
vn 0.11526 -0.991989 0.0517079
v -91.8385 -59.3834 155.496
vn -0.294071 -0.954566 -0.0482308
v -92.0448 -59.3502 155.47
vn -0.294414 -0.949169 -0.111344
v -92.4681 -59.2261 155.428
vn 0.367712 -0.929612 -0.0246987
v -91.5414 -59.432 153.889
vn -0.308986 -0.950986 0.0124125
v -91.7706 -59.4699 154.053
vn -0.443999 -0.889694 -0.106348
v -92.1131 -59.284 154.65
vn 0.451505 -0.89119 0.0438558
v -90.9151 -58.9868 153.447
vn 0.452788 -0.891494 0.0148721
v -91.2676 -59.2458 153.347
vn 0.206194 -0.97797 -0.0325294
v -91.8343 -59.4291 153.229
vn -0.613813 -0.787278 0.0585408
v -92.1183 -59.4546 152.565
vn 0.76951 -0.633295 -0.0824141
v -88.5301 -56.5551 137.605
vn 0.637432 -0.762118 -0.113385
v -87.7062 -55.3886 133.624
vn 0.520595 -0.830315 -0.198892
v -88.0073 -55.8173 134.529
vn 0.256327 -0.92096 -0.293476
v -88.0236 -55.4477 133.154
vn 0.00898473 -0.912999 -0.407862
v -87.8719 -54.9046 131.836
vn 0.100486 -0.915934 -0.388546
v -88.0926 -54.9881 131.993
vn 0.463002 -0.852764 -0.241707
v -88.4154 -55.4939 133.087
vn 0.0631341 -0.918909 -0.389385
v -87.4225 -54.7801 131.516
vn 0.142431 -0.932093 -0.333042
v -87.272 -54.0352 130.028
vn 0.327761 -0.904579 -0.272598
v -87.3502 -53.9154 129.216
vn 0.531586 -0.814487 -0.23244
v -88.3715 -54.7799 129.934
vn 0.333174 -0.892519 -0.303983
v -87.3796 -53.2802 127.681
vn -0.130082 -0.987907 -0.0843666
v -95.0569 -59.8104 172.594
vn 0.418967 -0.888844 0.185536
v -94.3504 -59.7359 168.607
vn 0.252636 -0.967517 0.00924457
v -94.4668 -59.6906 169.213
vn -0.0332975 -0.997527 0.0618964
v -94.4609 -59.8311 168.162
vn 0.555099 -0.825593 0.101301
v -93.3039 -59.252 167.62
vn 0.291986 -0.951762 0.0943044
v -93.8744 -59.8644 167.219
vn -0.388824 -0.917183 -0.0871334
v -94.1095 -59.8034 166.187
vn 0.658591 -0.736581 0.153968
v -93.1896 -59.6498 165.512
vn 0.302196 -0.900097 -0.313852
v -87.4096 -52.6101 124.977
vn 0.269122 -0.910706 -0.313348
v -87.1317 -51.2447 121.097
vn 0.0274344 -0.922585 -0.384816
v -86.7008 -51.0199 120.791
vn 0.20506 -0.938715 -0.277064
v -87.4112 -51.119 120.255
vn -0.214459 -0.890638 -0.400962
v -85.7862 -49.9906 118.238
vn -0.0114858 -0.927272 -0.374213
v -86.0623 -50.1645 118.781
vn -0.217377 -0.892833 -0.394457
v -86.0194 -50.0072 118.405
vn 0.248786 -0.927091 -0.280371
v -86.3191 -50.3105 119.193
vn 0.602488 -0.797083 -0.0408389
v -86.2272 -50.1606 118.551
vn 0.732553 -0.674233 0.0936768
v -86.5885 -50.5667 118.629
vn 0.021521 -0.961449 -0.27414
v -86.7596 -50.5294 118.405
vn 0.555445 -0.827204 0.0849412
v -85.9455 -50.0171 118.003
vn 0.366282 -0.926293 -0.0884275
v -86.2499 -50.3418 117.694
vn 0.049078 -0.946006 -0.320413
v -86.7905 -50.0808 117.042
vn 0.129975 -0.987333 -0.0909951
v -84.2604 -47.0976 101.525
vn -0.181601 -0.95774 -0.223059
v -83.7389 -46.6925 99.4169
vn 0.13316 -0.986019 -0.100178
v -82.5537 -46.4344 97.1783
vn 0.239533 -0.970415 -0.0303048
v -83.7056 -46.7006 96.9558
vn 0.253387 -0.967206 -0.0175416
v -82.7264 -46.3023 95.7377
vn -0.0448173 -0.97012 -0.238451
v -83.5255 -46.4196 94.5683
vn 0.137162 -0.978043 -0.156904
v -82.3462 -46.021 93.3808
vn 0.144842 -0.973308 -0.178026
v -83.4082 -46.0795 93.6196
vn 0.214532 -0.96626 -0.142543
v -83.2193 -45.9327 92.442
vn 0.0107769 -0.969804 -0.243648
v -81.5489 -44.4022 86.3953
vn -0.0539322 -0.996089 0.0699874
v -95.8528 -60.2212 183.081
vn -0.31511 -0.933814 -0.169403
v -95.4759 -60.1174 180.897
vn -0.442237 -0.890109 -0.110151
v -96.1078 -60.0759 182.041
vn -0.422837 -0.905908 -0.0232437
v -96.6222 -59.7198 181.204
vn -0.0224409 -0.999709 0.00888553
v -95.5479 -60.031 180.08
vn -0.180855 -0.982031 0.0539111
v -95.7906 -59.996 180.255
vn -0.00217671 -0.996352 0.085315
v -95.7049 -60.0697 179.844
vn 0.283133 -0.956051 0.076171
v -95.2684 -60.2025 176.395
vn -0.38634 -0.915905 -0.1089
v -95.3147 -60.0603 175.386
vn -0.0513127 -0.941762 -0.332342
v -85.4521 -49.1786 114.53
vn -0.0311663 -0.956548 -0.289905
v -86.4011 -48.3985 112.265
vn -0.0631339 -0.971159 -0.229922
v -84.9389 -47.7768 109.312
vn 0.15909 -0.977044 -0.141686
v -85.8249 -47.8999 109.771
vn 0.387785 -0.919473 0.0647379
v -84.9479 -47.4468 107.931
vn 0.187516 -0.980072 -0.0655492
v -85.5045 -47.6848 107.804
vn -0.0862892 -0.98603 -0.142472
v -84.2476 -47.2073 107.259
vn 0.232097 -0.969001 0.0846671
v -84.1726 -47.2509 106.88
vn 0.138623 -0.986032 -0.0923253
v -84.3971 -47.3955 105.97
vn 0.0175757 -0.99461 -0.102188
v -84.1813 -47.199 104.6
vn 0.483301 -0.860485 0.161199
v -84.9359 -47.2537 104.27
vn 0.299031 -0.954235 0.00396423
v -85.05 -47.2207 104.875
vn 0.421006 -0.904225 0.0716356
v -85.0743 -47.3927 104.019
vn -0.0233442 -0.99173 -0.126198
v -83.5713 -47.1642 103.467
vn 0.212007 -0.977246 0.00661712
v -84.4546 -47.1068 103.753
vn 0.336207 -0.941763 0.00682221
v -84.6032 -47.1911 103.51
vn 0.163385 -0.984394 -0.0653695
v -84.1805 -46.6638 99.5602
vn 0.00446049 -0.993219 -0.11617
v -83.5838 -46.4874 98.3766
vn -0.5594 -0.610655 -0.56051
v -81.3361 -43.1281 82.9568
vn -0.630951 -0.510396 -0.584292
v -80.3586 -42.5259 81.3639
vn -0.259831 -0.965342 -0.0245462
v -97.784 -59.7324 191.09
vn 0.0224245 -0.976254 0.215467
v -96.8057 -59.9367 188.121
vn -0.281569 -0.959404 -0.016222
v -96.9064 -59.9129 185.235
vn -0.290987 -0.956066 -0.0355691
v -98.3648 -59.8795 196.726
vn -0.888436 0.453689 -0.0696269
v -94.9374 -54.4735 168.015
vn -0.997943 -0.0521804 -0.0372339
v -94.6864 -53.9968 162.386
vn -0.828826 0.376011 -0.414323
v -81.9667 -40.586 82.9016
vn -0.355223 -0.934764 0.00570921
v -100.548 -59.3896 206.135
vn -0.650819 0.758408 -0.0353922
v -98.3202 -55.8136 184.926
vn -0.627544 0.778151 -0.0258815
v -96.4497 -54.5641 180.298
vn -0.665847 0.741735 -0.080482
v -95.9797 -54.4879 176.48
vn -0.798149 0.594863 -0.0953772
v -95.5277 -54.4001 173.894
vn -0.987574 -0.143004 -0.0651698
v -94.9712 -53.1851 171.73
vn -0.99897 0.0284022 -0.0353741
v -94.7838 -53.8485 168.149
vn -0.930153 -0.366229 -0.026304
v -95.1409 -52.2846 165.497
vn -0.585211 0.799065 -0.137924
v -82.0328 -39.2247 86.8305
vn -0.643272 0.750151 -0.153214
v -81.4185 -39.0471 84.2853
vn -0.593738 -0.803757 0.0380782
v -101.962 -58.7403 208.5
vn -0.895962 0.443547 -0.0227561
v -102.045 -58.2633 207.956
vn -0.777939 -0.627 0.0410037
v -102.135 -58.5376 208.304
vn -0.581294 -0.798444 -0.156792
v -101.543 -58.926 206.682
vn -0.876631 0.47943 -0.0407999
v -101.848 -57.9928 206.39
vn -0.75626 0.652053 -0.0538206
v -100.384 -56.5096 199.277
vn -0.604312 0.795445 -0.0455428
v -98.3845 -55.5527 192.973
vn -0.571188 0.820283 -0.0296566
v -97.8979 -55.2159 187.766
vn -0.733408 0.678096 -0.0479415
v -99.0153 -56.0851 188.88
vn -0.929592 -0.367609 -0.0268686
v -95.288 -51.7644 170.086
vn -0.423687 0.902757 -0.074296
v -83.8311 -39.065 94.3903
vn -0.337955 0.940638 0.0313955
v -84.2318 -39.2583 94.5004
vn -0.338002 0.940096 0.0444311
v -84.1737 -39.183 94.1118
vn -0.468325 0.872474 -0.139499
v -84.3625 -39.2441 94.0723
vn -0.820316 0.57104 0.0315442
v -101.804 -57.6012 213.45
vn -0.794374 -0.483809 0.367286
v -101.799 -57.9708 212.974
vn -0.433499 -0.870255 0.233956
v -101.744 -58.0728 212.554
vn -0.785171 0.618946 0.0203064
v -101.833 -57.6265 212.209
vn -0.606977 -0.746744 0.271941
v -101.937 -57.9167 212.552
vn -0.414803 -0.871443 0.261773
v -101.921 -58.0709 212.322
vn -0.960899 0.234728 0.146887
v -101.963 -57.8474 212.15
vn -0.264513 -0.944771 0.193494
v -101.888 -58.2917 211.466
vn -0.892366 0.4092 0.190362
v -102.115 -58.0417 211.887
vn -0.824485 0.564666 -0.0370998
v -102.064 -57.9737 211.496
vn -0.332274 -0.936235 0.114272
v -102.298 -58.4831 210.488
vn -0.749863 0.661225 -0.0220514
v -100.95 -56.8243 206.118
vn -0.799487 -0.592666 -0.0978091
v -96.2153 -50.9759 176.041
vn -0.805261 -0.59065 -0.0518335
v -95.8956 -51.0177 172.59
vn -0.767772 -0.640592 -0.0129797
v -95.7803 -50.9422 168.103
vn 0.156288 0.986389 0.0511003
v -85.1435 -38.0672 104.227
vn 0.163793 0.986076 -0.0287422
v -85.3124 -38.042 104
vn 0.114533 0.993055 -0.0268985
v -85.0607 -38.1257 103.818
vn -0.254173 0.889171 -0.380489
v -85.1941 -38.292 103.563
vn -0.682723 -0.72907 -0.0484263
v -97.0367 -49.9344 174.935
vn 0.00984544 0.999921 -0.00781959
v -87.1293 -37.8676 112.792
vn 0.137508 0.986037 0.093924
v -87.0113 -37.6406 110.797
vn -0.297453 0.943541 -0.145781
v -87.3757 -37.64 110.536
vn -0.275761 0.951557 -0.135999
v -87.0983 -38.0807 108.24
vn -0.118344 0.992902 0.0118461
v -87.1675 -38.1071 108.02
vn -0.0103808 0.999778 0.0183226
v -86.8794 -38.2052 105.992
vn -0.64717 -0.7601 -0.0584644
v -98.1628 -49.7103 182.131
vn -0.249476 0.960123 -0.126199
v -88.4721 -37.6449 119.816
vn -0.177529 0.979717 -0.092936
v -88.895 -37.7831 117.468
vn 0.0160159 0.999189 0.0369387
v -88.4561 -37.9437 115.658
vn 0.058575 0.994207 0.0901204
v -89.0215 -37.1544 124.955
vn -0.260132 0.962315 -0.0792558
v -89.4194 -37.1671 124.892
vn -0.519857 0.820654 -0.237225
v -89.6992 -37.4299 124.392
vn 0.315772 0.889237 0.330977
v -88.775 -37.4278 122.684
vn 0.0993078 0.986599 0.129462
v -89.2161 -37.4022 122.827
vn -0.31955 0.934703 -0.155621
v -88.7301 -37.5135 121.369
vn -0.419422 0.879248 -0.225852
v -90.5165 -37.0374 129.727
vn -0.217572 0.968706 -0.119458
v -90.5743 -37.1765 129.028
vn -0.151606 0.98753 -0.04243
v -92.1489 -36.5999 141.831
vn -0.469949 0.874368 -0.12095
v -93.1726 -36.9751 140.992
vn -0.430247 0.886466 -0.170485
v -91.4558 -36.648 138.025
vn -0.361881 0.915428 -0.176165
v -91.7011 -37.2064 136.451
vn -0.605302 0.740848 -0.291125
v -94.3148 -37.1798 152.079
vn -0.135334 0.983144 0.122934
v -94.8485 -37.3468 151.763
vn 0.183275 0.974614 0.128599
v -93.4069 -36.8083 148.997
vn 0.0282465 0.991693 0.125485
v -93.8581 -36.7279 149.148
vn -0.202211 0.978789 -0.0328955
v -93.6545 -36.6602 147.958
vn -0.407595 0.909598 -0.0806112
v -94.5984 -36.9687 147.76
vn -0.421564 0.900138 -0.1097
v -93.2224 -36.7687 144.513
vn -0.422778 0.903739 -0.0671837
v -96.4978 -37.9255 165.992
vn -0.512386 0.852965 -0.0995563
v -96.3834 -38.0686 164.341
vn -0.398569 0.916706 0.0281605
v -96.9606 -38.3899 164.401
vn -0.405929 0.912911 -0.0426041
v -95.7014 -37.8389 162.637
vn -0.135668 0.980038 0.145325
v -96.1122 -37.9774 162.755
vn -0.612396 0.761751 -0.211439
v -95.363 -37.0481 155.435
vn -0.63752 0.761493 -0.117034
v -95.5152 -36.943 156.252
vn -0.774324 0.60558 -0.18356
v -95.8365 -37.4726 156.314
vn -0.773473 0.598341 -0.209111
v -95.7466 -37.539 155.494
vn -0.207992 0.977226 0.0420475
v -94.2802 -36.7597 153.802
vn -0.207298 0.97767 0.0344772
v -94.5395 -36.8292 154.161
vn -0.295228 0.955103 -0.0248855
v -94.4752 -36.7874 153.767
vn -0.378291 0.925582 0.0139413
v -94.7653 -36.8853 154.322
vn -0.293475 0.955939 -0.00731789
v -94.7052 -36.821 153.932
vn -0.422831 0.897227 -0.12727
v -94.8791 -36.8869 154.955
vn -0.670865 0.718592 -0.18321
v -94.9389 -36.9969 154.242
vn -0.167827 0.984976 0.040711
v -94.1868 -36.6803 153.214
vn -0.244355 0.966599 -0.0773053
v -94.1624 -36.6795 153.078
vn -0.270541 0.96038 -0.0669193
v -94.3759 -36.7324 153.168
vn -0.691834 0.67924 -0.244946
v -94.6129 -36.9309 153.516
vn -0.0568624 -0.998274 -0.0146992
v -106.408 -46.7289 221.664
vn -0.207988 -0.975992 -0.0646589
v -105.452 -46.7494 218.859
vn -0.261327 -0.963021 -0.0655724
v -105.195 -46.4762 214.91
vn -0.588988 0.806978 0.0433405
v -101.642 -40.7537 190.176
vn -0.689945 0.722768 -0.039774
v -100.977 -40.237 188.315
vn -0.645002 0.759289 0.0863349
v -101.152 -40.4842 187.218
vn -0.675332 0.736915 0.0297343
v -101.088 -40.2436 186.654
vn -0.584213 0.810579 0.0407128
v -99.9998 -39.7012 180.138
vn -0.589381 0.807706 -0.0155134
v -98.4304 -38.1861 176.949
vn -0.578432 0.814318 -0.0479874
v -98.6315 -38.5075 173.78
vn -0.542887 0.836338 -0.0762413
v -97.8336 -38.2343 170.253
vn 0.418581 -0.90818 0.000132706
v -108.837 -47.033 235.618
vn 0.452578 -0.891402 0.0239738
v -108.52 -46.8853 234.871
vn 0.107446 -0.994159 -0.0101901
v -107.044 -46.6423 231.031
vn 0.254833 -0.962909 0.0886891
v -107.311 -46.6692 231.396
vn 0.203528 -0.974092 0.0985994
v -107.678 -46.8492 231.309
vn 0.278537 -0.95854 -0.0601595
v -107.611 -46.8226 230.913
vn 0.229722 -0.968139 -0.0996737
v -107.557 -46.726 230.527
vn 0.21975 -0.97268 0.0748512
v -107.813 -46.7036 231.93
vn 0.100488 -0.994914 0.00688491
v -107.229 -46.6635 227.507
vn -0.553737 0.829574 0.0719895
v -102.367 -40.939 202.357
vn -0.514946 0.856212 0.041619
v -103.217 -41.3668 201.741
vn -0.548429 0.835613 -0.0312464
v -102.01 -40.8358 199.143
vn -0.58519 0.810721 -0.0168466
v -101.323 -40.4652 195
vn -0.559374 0.828432 -0.028295
v -101.72 -40.6736 195.108
vn -0.671821 0.740437 0.0202112
v -100.447 -39.7675 187.247
vn 0.516051 -0.856256 0.0227362
v -110.639 -48.7978 255.16
vn 0.267998 -0.963344 -0.0120141
v -110.834 -48.8517 255.145
vn 0.557753 -0.829887 0.0141453
v -110.534 -48.6959 253.345
vn -0.613771 -0.789476 0.00341827
v -110.496 -48.7766 252.309
vn -0.823796 -0.559118 -0.0935259
v -110.631 -48.5002 250.284
vn 0.573381 -0.818358 -0.0390516
v -110.253 -48.2896 249.352
vn 0.237486 -0.970361 -0.0447262
v -110.473 -48.379 249.303
vn -0.940603 -0.316761 -0.122179
v -110.687 -48.1578 249.309
vn 0.567116 -0.823543 0.0125223
v -110.602 -48.485 248.854
vn 0.66242 -0.748482 -0.0312209
v -109.803 -47.6939 247.267
vn 0.736541 -0.676377 -0.00466764
v -110.244 -48.1698 246.705
vn -0.13013 -0.981902 -0.137604
v -110.463 -48.2238 247.278
vn -0.783501 -0.621361 -0.00611053
v -110.542 -48.1165 246.463
vn -0.782748 -0.616112 -0.0878131
v -110.604 -48.0458 247.288
vn 0.671843 -0.740489 -0.0174153
v -110.124 -47.9488 244.708
vn 0.470962 -0.882032 -0.0146508
v -109.181 -47.1633 243.348
vn 0.61533 -0.788221 -0.0087327
v -109.819 -47.6547 242.753
vn -0.404893 -0.913471 -0.0404039
v -110.023 -47.6332 242.726
vn -0.113078 -0.99052 -0.0779998
v -110.083 -47.6461 242.509
vn -0.70728 -0.706561 0.0229529
v -110.167 -47.489 242.729
vn 0.221675 -0.973481 -0.0565273
v -109.47 -47.3958 240.592
vn -0.180772 -0.977862 -0.105389
v -109.834 -47.3675 240.953
vn 0.37734 -0.926072 -0.0021341
v -108.372 -46.801 235.114
vn -0.777812 0.626846 -0.0455281
v -107.096 -44.2647 224.667
vn -0.597997 0.799429 -0.0575558
v -103.67 -41.4027 208.854
vn -0.962511 -0.258342 -0.0826499
v -111.622 -48.4889 259.994
vn 0.53747 -0.842065 0.0453148
v -111.198 -48.8945 258.344
vn 0.698211 -0.710111 0.0907899
v -110.858 -48.8395 256.408
vn -0.777187 -0.622021 -0.0952324
v -111.065 -48.7481 256.336
vn -0.917509 -0.384021 -0.103466
v -111.1 -48.6393 256.145
vn -0.81209 -0.577928 -0.0806862
v -110.875 -48.475 253.949
vn -0.974742 0.20289 -0.0933495
v -110.632 -46.3883 247.167
vn -0.8019 0.588541 -0.102838
v -109.981 -45.9474 243.648
vn -0.777003 0.628898 -0.0274306
v -109.371 -45.3558 242.819
vn -0.845373 0.531332 -0.0550453
v -109.911 -46.1275 242.188
vn -0.716451 0.695966 -0.0482573
v -108.965 -44.9085 241.317
vn -0.739328 0.672742 -0.0285102
v -109.501 -45.259 241.173
vn -0.899809 0.421288 -0.1134
v -108.618 -44.5314 240.204
vn -0.733963 0.6735 -0.087724
v -108.615 -44.8545 239.325
vn -0.53665 0.841479 -0.0626047
v -109.159 -45.0493 240.235
vn -0.612624 0.786786 -0.0752271
v -108.836 -45.1521 237.39
vn -0.820616 0.56804 -0.0626088
v -108.144 -44.481 236.383
vn -0.736949 0.673539 -0.0570185
v -108.861 -45.2647 236.34
vn -0.714362 0.698884 -0.0353213
v -108.331 -44.8516 235.467
vn -0.752599 0.657131 -0.0421117
v -107.839 -44.3955 232.336
vn -0.73691 0.673423 -0.0588647
v -107.836 -44.4955 231.086
vn -0.697288 0.71529 -0.04636
v -108.173 -44.6983 232.026
vn -0.825425 0.560018 -0.0710877
v -107.272 -43.8467 229.85
vn -0.865314 0.491946 -0.096021
v -106.77 -43.2181 227.984
vn -0.850114 0.516524 -0.102517
v -109.294 -45.038 243.914
vn 0.766463 0.0512035 -0.640244
v -65.3304 -90.3897 24.081
vn 0.802369 -0.200446 0.562161
v -65.1137 -89.0624 25.0958
vn 0.218568 -0.226976 0.949057
v -65.8283 -87.1061 26.2522
vn 0.601087 0.0750407 -0.795653
v -65.5133 -85.752 24.4596
vn 0.551096 0.12095 -0.82563
v -66.3256 -85.2051 23.9229
vn 0.105148 -0.292497 0.950468
v -66.3817 -83.4543 27.2678
vn 0.255065 -0.329979 0.908876
v -66.6782 -83.131 27.4887
vn 0.439001 0.172896 -0.881694
v -66.4011 -80.1654 24.4952
vn -0.528536 -0.155297 0.834585
v -67.2128 -79.4573 28.3808
vn 0.0417534 0.244029 -0.968869
v -67.2114 -79.1029 24.6377
vn -0.404017 -0.198532 0.892947
v -67.1966 -78.452 28.5521
vn -0.092129 -0.265945 0.959576
v -67.3674 -78.5733 28.4645
vn 0.249756 -0.316884 0.91499
v -67.4718 -78.1038 28.6331
vn 0.101498 -0.314169 0.943926
v -67.794 -78.5603 28.5382
vn 0.426026 0.137082 -0.894265
v -67.393 -77.1459 25.0732
vn 0.34544 0.0623315 -0.936368
v -67.5455 -77.3641 24.9695
vn 0.376349 -0.295403 0.878122
v -67.5304 -76.9494 29.0892
vn 0.102272 -0.277737 0.955198
v -67.2722 -77.0809 28.9125
vn -0.51668 -0.258973 0.816072
v -68.2973 -76.3495 28.2543
vn -0.365007 -0.33741 0.867712
v -68.5241 -76.1814 28.2243
vn 0.325657 0.168089 -0.930427
v -66.9201 -75.487 25.5617
vn 0.21831 0.211474 -0.952691
v -67.6888 -75.599 25.3607
vn 0.0978244 0.162927 -0.981777
v -67.6339 -76.7577 24.929
vn -0.657545 -0.137988 0.740671
v -68.0172 -75.9422 28.6259
vn -0.377917 -0.180934 0.907988
v -68.2296 -75.7573 28.5013
vn -0.951514 0.0543387 0.302768
v -68.4279 -74.4139 28.4257
vn -0.430734 -0.277072 0.858894
v -68.3817 -75.975 28.3946
vn -0.976266 0.156179 -0.150042
v -68.7087 -74.6108 27.1157
vn -0.945983 0.210037 -0.246983
v -68.6153 -74.5661 26.9324
vn -0.626398 -0.133318 0.768018
v -67.7968 -72.9224 29.3242
vn -0.168383 -0.240869 0.95584
v -68.1116 -73.3702 29.1807
vn -0.98443 0.0715135 0.160573
v -68.3885 -74.2794 28.0448
vn -0.969526 -0.0396057 0.241764
v -68.6401 -74.2293 27.3993
vn -0.899544 -0.0191109 -0.436412
v -68.5595 -74.1568 27.0136
vn -0.854845 -0.0899346 -0.511031
v -68.6259 -73.967 27.0372
vn -0.92118 0.167291 -0.351342
v -68.4724 -73.883 26.6647
vn -0.916427 0.209346 -0.341081
v -68.6218 -73.5659 27.1091
vn -0.8371 -0.00596358 -0.547017
v -68.6864 -74.2067 27.1908
vn -0.937163 -0.15877 0.310672
v -68.7467 -74.016 27.2155
vn 0.360378 0.281632 -0.889276
v -67.0194 -73.6705 25.6638
vn 0.102173 0.565106 -0.818667
v -67.1181 -73.3127 25.8985
vn -0.973424 0.155907 0.167747
v -68.0213 -71.9082 29.138
vn -0.965057 0.0945398 0.244392
v -68.196 -71.2153 28.4129
vn -0.982619 0.132525 0.129989
v -68.2149 -72.7397 28.9609
vn -0.983157 0.17946 -0.034597
v -68.1822 -72.7047 28.7667
vn -0.982487 0.0774613 0.169469
v -68.1581 -72.4707 28.6065
vn 0.191733 -0.979141 -0.0672435
v -90.7511 -59.7707 144.09
vn 0.0193781 -0.998806 -0.0448503
v -91.219 -59.7948 144.425
vn 0.287319 -0.940499 -0.181408
v -90.6282 -59.3753 141.92
vn 0.129831 -0.976347 -0.172887
v -90.9647 -59.0496 140.078
vn 0.0904442 -0.995277 0.0352509
v -91.8008 -59.633 150.938
vn -0.288495 -0.956374 -0.0460388
v -91.472 -59.4634 148.964
vn 0.432326 -0.898434 0.0768834
v -90.9688 -59.7476 146.32
vn -0.42654 -0.90024 0.0873619
v -91.2772 -59.4572 146.736
vn -0.264634 -0.959484 0.0967454
v -90.9433 -59.7345 144.889
vn -0.607699 -0.78179 0.139664
v -91.3862 -59.4748 145.073
vn -0.647924 -0.761621 0.0112745
v -91.8272 -59.0754 144.889
vn -0.349038 -0.932528 -0.0925401
v -91.6457 -59.5662 143.169
vn -0.743034 -0.666048 0.0654225
v -91.8279 -59.4345 143.164
vn -0.186934 -0.962964 -0.194311
v -91.5673 -59.3197 141.376
vn 0.517325 -0.828455 -0.214564
v -90.0282 -58.4203 138.894
vn 0.572482 -0.798831 -0.184753
v -89.5986 -56.8468 135.131
vn 0.581263 -0.797992 -0.159195
v -89.4568 -56.5933 133.965
vn 0.532573 -0.813574 -0.233372
v -89.9858 -56.8317 133.842
vn 0.357511 -0.868374 -0.343676
v -89.8033 -56.26 132.329
vn -0.510177 -0.858429 -0.0530963
v -92.4289 -58.9619 153.837
vn -0.353025 -0.927836 -0.12039
v -93.1222 -58.8495 154.163
vn -0.646437 -0.759626 0.0713319
v -92.3175 -59.1752 153.2
vn -0.469865 -0.880661 -0.0605149
v -92.7213 -58.7663 153.006
vn -0.703466 -0.710288 -0.0250405
v -92.3925 -59.0882 151.15
vn -0.653822 -0.756632 -0.00490735
v -92.6409 -58.7269 151.177
vn -0.630441 -0.775531 0.0330956
v -92.6131 -58.9734 150.11
vn -0.590841 -0.800273 -0.102322
v -92.5325 -58.9815 148.889
vn -0.676446 -0.735388 -0.0403226
v -92.8844 -58.7262 149.497
vn -0.497568 -0.867189 0.0202449
v -92.9114 -58.6715 148.27
vn 0.0863569 -0.894276 -0.439104
v -89.6711 -55.6105 131.026
vn 0.380299 -0.855659 -0.351027
v -90.2339 -55.8151 130.904
vn 0.290091 -0.887004 -0.359265
v -89.5212 -54.8626 129.539
vn 0.245313 -0.908688 -0.337799
v -88.3481 -53.3693 126.285
vn -0.324218 -0.945246 -0.0373211
v -95.0398 -59.6447 168.929
vn -0.52162 -0.83329 -0.183139
v -95.3301 -58.7259 162.886
vn -0.554381 -0.81712 -0.158039
v -95.6577 -58.7143 163.865
vn -0.371878 -0.918625 -0.13355
v -93.8349 -59.5389 162.148
vn -0.595539 -0.769065 -0.232105
v -94.6162 -58.8217 161.745
vn -0.497161 -0.823869 -0.272159
v -95.2265 -58.5069 162.119
vn -0.372472 -0.924072 -0.0857648
v -94.6169 -58.6648 161.157
vn -0.426344 -0.884313 -0.19032
v -94.4661 -58.7242 158.088
vn -0.458151 -0.878171 -0.137525
v -94.5753 -58.4372 157.301
vn -0.471077 -0.873937 -0.119671
v -93.9158 -58.4744 156.163
vn 0.300864 -0.903276 -0.305898
v -88.9743 -52.9489 124.827
vn 0.232242 -0.921549 -0.311145
v -87.8953 -52.1162 122.674
vn 0.264456 -0.91521 -0.304063
v -88.4923 -52.1353 122.58
vn -0.048945 -0.939087 -0.340178
v -87.2814 -49.8946 116.179
vn 0.143101 -0.988311 -0.052565
v -85.1261 -46.9632 99.3632
vn 0.13763 -0.988092 -0.0687957
v -85.2254 -46.8379 97.5218
vn 0.247453 -0.968613 -0.0235849
v -85.4589 -46.9616 96.6427
vn -0.236191 -0.921552 -0.308148
v -83.9739 -46.3544 94.7171
vn 0.336734 -0.940802 -0.0387503
v -84.4182 -46.5063 95.0333
vn 0.209162 -0.969833 -0.125199
v -84.1912 -46.3706 93.6542
vn -0.0586419 -0.949589 -0.307963
v -84.1358 -46.2801 93.2679
vn -0.247315 -0.889208 -0.384896
v -84.3033 -45.9928 92.8041
vn 0.124882 -0.973896 -0.189556
v -83.781 -45.9476 92.1485
vn 0.0314959 -0.96949 -0.243101
v -84.1675 -45.6328 91.7349
vn 0.157063 -0.977763 -0.13896
v -83.197 -45.7233 90.9935
vn -0.523899 -0.846422 -0.0953917
v -96.9562 -58.8909 172.058
vn 0.145414 -0.952182 -0.268708
v -88.5452 -49.4829 115.033
vn 0.256599 -0.965122 -0.0519311
v -86.1919 -47.7129 107.078
vn -0.0169927 -0.98648 -0.163001
v -87.3555 -48.0211 108.1
vn -0.0979413 -0.976062 -0.194191
v -86.7109 -47.4677 105.194
vn -0.165593 -0.976298 -0.139363
v -85.2907 -47.2192 102.784
vn -0.140865 -0.986512 0.0833696
v -86.1108 -47.1139 102.678
vn -0.0907861 -0.988087 -0.124263
v -86.2562 -47.1064 103.479
vn -0.0346142 -0.999301 0.0141252
v -86.3557 -47.0667 102.855
vn 0.178592 -0.976164 0.123324
v -86.27 -47.1404 102.444
vn 0.322028 -0.946067 0.0354225
v -85.0179 -46.9637 99.7904
vn -0.104675 -0.952331 -0.286547
v -83.5818 -45.2715 90.4504
vn -0.131714 -0.928754 -0.346507
v -83.2621 -44.5762 86.9254
vn -0.442816 -0.743682 -0.500851
v -83.4164 -44.2398 86.3455
vn -0.534536 -0.842485 -0.0670149
v -97.504 -59.1944 179.931
vn -0.675675 0.73304 -0.0781961
v -95.3351 -55.3389 164.514
vn -0.873673 0.484027 -0.0491326
v -94.6546 -55.1867 156.634
vn -0.998256 0.0559515 -0.0188129
v -94.1213 -53.9035 152.835
vn -0.998782 -0.0322018 -0.037388
v -94.1632 -53.7007 151.427
vn -0.95947 -0.276245 -0.0557327
v -94.1265 -53.0252 149.704
vn -0.826323 -0.0579533 -0.560207
v -84.2685 -42.9193 86.0396
vn -0.310405 -0.937783 0.155602
v -100.009 -58.1552 188.361
vn -0.255533 -0.96483 0.0616959
v -99.2098 -58.5609 186.562
vn -0.457711 -0.8809 -0.120477
v -98.7394 -58.7877 183.923
vn -0.972199 -0.230563 -0.0408634
v -94.3019 -53.1493 155.817
vn -0.96838 -0.246335 -0.0394823
v -94.2482 -53.0535 151.118
vn -0.850764 -0.524563 -0.0321524
v -94.4822 -52.4298 150.783
vn -0.694144 0.672734 -0.25611
v -84.8658 -40.6886 89.6312
vn -0.393883 -0.91883 -0.0246453
v -100.911 -58.4832 197.079
vn -0.479832 -0.87672 -0.0335165
v -101.396 -58.2372 197.584
vn -0.490444 -0.865022 -0.105837
v -101.062 -58.2859 195.572
vn -0.441262 -0.894332 -0.0738869
v -99.6846 -58.8235 193.995
vn -0.537952 -0.834493 -0.119285
v -100.667 -58.1546 193.807
vn -0.809269 0.581583 -0.082735
v -100.779 -57.7717 193.858
vn -0.471519 -0.881087 -0.0368234
v -100.187 -58.0813 189.785
vn -0.808949 0.582816 -0.0769888
v -100.281 -57.7256 190.039
vn -0.264 -0.956076 0.127367
v -100.274 -58.0859 188.333
vn -0.821367 0.568877 -0.0416578
v -99.2849 -56.9219 183.145
vn -0.587005 0.808985 -0.0311126
v -97.7498 -55.306 180.173
vn -0.787014 0.615223 -0.0459239
v -98.8938 -56.3947 180.628
vn -0.67513 0.732019 -0.091363
v -97.5797 -55.5789 176.043
vn -0.509083 -0.854945 -0.0995187
v -102.197 -58.6279 207.457
vn -0.661747 -0.723609 -0.196167
v -102.03 -58.4818 206.687
vn -0.729016 -0.669618 -0.141942
v -101.751 -58.369 204.901
vn -0.710047 -0.683529 -0.169181
v -102.024 -58.3612 205.887
vn -0.855374 0.514337 -0.0615908
v -101.813 -58.1186 204.525
vn -0.841481 0.538778 -0.0403474
v -101.626 -58.271 201.651
vn -0.633353 -0.7714 -0.0616853
v -101.39 -58.2546 200.457
vn -0.824235 0.565333 -0.0321852
v -101.44 -58.0023 200.084
vn -0.726499 0.684704 -0.0581419
v -100.208 -57.1316 193.031
vn -0.813131 -0.582034 -0.00734396
v -95.6793 -51.1821 158.833
vn -0.367175 0.924142 -0.105569
v -85.5032 -39.5437 96.3103
vn -0.337303 0.907283 -0.251126
v -87.9244 -38.9635 104.466
vn -0.250077 0.960442 -0.122523
v -87.5521 -38.0952 107.347
vn -0.430426 0.883437 -0.185131
v -88.8594 -38.4949 108.104
vn -0.281617 0.956149 -0.0804457
v -90.7782 -38.0271 120.63
vn -0.245953 0.968699 -0.0335929
v -89.8057 -38.0052 117.496
vn -0.276236 0.961053 0.00841154
v -90.4035 -38.324 116.526
vn 0.0395155 0.997651 0.0559609
v -88.5091 -37.6793 113.437
vn -0.324797 0.944604 -0.0472271
v -89.1575 -37.8102 113.726
vn -0.436169 0.891424 -0.122962
v -92.1842 -38.3228 127.553
vn -0.351856 0.923637 -0.151958
v -92.3713 -37.2645 132.231
vn -0.551741 0.827771 -0.101861
v -95.4141 -37.8848 146.241
vn -0.372819 0.927683 -0.0202753
v -94.2628 -37.7929 138.627
vn -0.107722 0.993277 0.0423971
v -92.7317 -37.4351 136.664
vn -0.577081 0.813987 -0.066348
v -93.8719 -37.5694 136.262
vn -0.262878 0.964758 -0.0117477
v -92.2913 -36.895 133.746
vn -0.416142 -0.909292 -0.00358736
v -103.955 -46.3448 199.923
vn -0.694623 0.710532 -0.112438
v -97.1724 -38.2866 158.637
vn -0.505371 0.8616 -0.0473869
v -96.3186 -38.0115 155.94
vn -0.387468 0.920789 0.0449047
v -96.4963 -37.7664 153.286
vn -0.575972 0.800562 -0.165398
v -94.6773 -37.3444 146.243
vn -0.271535 -0.961513 -0.041974
v -104.989 -46.2678 209.022
vn -0.731781 0.677256 -0.0762995
v -99.5071 -39.3331 172.473
vn -0.782348 0.617704 -0.0798333
v -99.7571 -39.8237 171.321
vn -0.610752 0.787783 -0.0798781
v -98.8824 -39.167 168.901
vn -0.642262 0.766245 -0.0191875
v -98.5686 -39.2426 163.8
vn -0.548547 0.836071 0.00897027
v -96.9142 -37.7981 160.2
vn -0.701869 0.707112 -0.0858652
v -96.6832 -37.6837 158.818
vn -0.975662 0.213372 -0.0505564
v -107.801 -46.6079 221.885
vn 0.0113861 -0.998506 -0.0534498
v -107.685 -46.7302 219.826
vn -0.0518551 -0.995531 -0.0789298
v -106.128 -46.3439 215.408
vn 0.0130953 -0.998234 -0.05794
v -106.985 -46.4295 215.673
vn -0.13909 -0.9892 -0.0462337
v -105.749 -46.2523 213.223
vn -0.58145 0.813042 -0.0296283
v -102.816 -41.6353 195.181
vn -0.64733 0.761044 -0.0421454
v -102.947 -41.7252 193.708
vn -0.668346 0.743014 0.03527
v -102.045 -41.1275 190.459
vn -0.784899 0.619572 0.0080456
v -102.374 -41.5063 190.342
vn -0.754152 0.654219 0.0570356
v -102.174 -41.1225 190.03
vn -0.570397 0.821363 0.00299652
v -101.488 -40.7213 188.152
vn -0.656813 0.754053 -0.000239869
v -102.529 -41.7822 188.01
vn -0.638362 0.768373 0.0457995
v -101.28 -40.4852 186.787
vn -0.664929 0.745805 -0.0405504
v -101.787 -40.8777 187.667
vn -0.808892 0.583913 -0.0688431
v -102.131 -41.3776 187.732
vn -0.691392 0.721673 -0.0341377
v -101.472 -40.9379 184.829
vn -0.562371 0.826476 0.0260232
v -101.8 -41.0493 183.322
vn -0.5419 0.839029 0.0487205
v -100.876 -40.2674 180.931
vn -0.639135 0.769082 -0.00452448
v -100.743 -40.1225 178.923
vn 0.409989 -0.91209 0.00102644
v -109.023 -47.1082 235.577
vn 0.309385 -0.950881 -0.0103299
v -108.718 -47.0078 233.792
vn 0.136686 -0.989962 -0.0359583
v -108.619 -46.9588 233.2
vn -0.680807 -0.730317 -0.0560247
v -108.854 -46.9663 233.368
vn -0.131017 -0.991263 0.0152128
v -108.432 -46.91 230.978
vn 0.0428329 -0.997721 -0.0521334
v -108.361 -46.9047 230.579
vn -0.685502 -0.726946 -0.0404452
v -108.656 -46.7826 230.966
vn -0.353733 -0.935282 -0.0109432
v -108.634 -46.8241 230.551
vn -0.939969 -0.323103 -0.109828
v -108.718 -46.667 230.772
vn -0.971581 -0.170107 -0.164603
v -108.674 -46.6002 230.38
vn -0.0664772 -0.997318 -0.0306198
v -108.352 -46.8677 229.354
vn -0.840333 -0.482256 -0.247527
v -108.382 -46.7453 228.961
vn -0.976619 -0.0629748 -0.205544
v -108.406 -46.5489 228.992
vn 0.112513 -0.993633 0.00587717
v -107.951 -46.7815 228.198
vn 0.129319 -0.991603 0.000135235
v -107.974 -46.7803 228.323
vn -0.527429 -0.797158 -0.293867
v -108.213 -46.6463 228.388
vn -0.0913138 -0.993997 -0.0602575
v -108.151 -46.7908 228.175
vn -0.970701 -0.164019 -0.175605
v -108.284 -46.4398 228.414
vn -0.122446 -0.992163 0.0248987
v -107.732 -46.7336 226.936
vn -0.494022 -0.860875 0.121807
v -107.955 -46.7194 226.565
vn -0.564503 -0.824079 0.0472152
v -108.078 -46.5686 226.779
vn 0.0259537 -0.999464 0.0199683
v -107.935 -46.8177 224.497
vn -0.807053 0.584705 -0.0823752
v -105.1 -42.6572 205.333
vn -0.925498 0.363803 -0.105359
v -105.618 -43.2696 206.378
vn -0.658689 0.751261 -0.0416613
v -104.225 -42.1086 202.277
vn -0.779017 0.621351 -0.0839989
v -104.536 -42.5006 202.571
vn 0.205208 -0.978332 -0.0275083
v -109.57 -47.3973 238.729
vn 0.384144 -0.923273 0.000664276
v -109.261 -47.187 236.964
vn -0.988186 0.0945588 -0.120615
v -109.452 -46.3292 235.855
vn -0.76698 -0.63549 -0.088848
v -109.051 -46.7679 233.784
vn -0.907595 0.407246 -0.102091
v -108.723 -45.4962 231.185
vn -0.853122 0.512933 -0.0953052
v -107.868 -44.981 227.298
vn -0.976109 0.157276 -0.149921
v -108.062 -45.5948 227.16
vn -0.822226 0.568298 -0.0313332
v -107.42 -44.6441 224.345
vn -0.890662 0.449901 -0.0656505
v -106.727 -43.8169 219.668
vn 0.747319 -0.217972 0.627696
v -66.2706 -96.744 24.1717
vn 0.9917 -0.0241698 -0.126279
v -65.8155 -96.5227 23.2533
vn 0.842829 -0.155552 0.515211
v -65.93 -96.8008 23.5973
vn 0.628345 -0.196167 0.752795
v -66.3747 -95.0052 24.7877
vn 0.433123 -0.193961 0.880218
v -66.463 -95.6215 24.6756
vn -0.0697567 -0.267008 0.961166
v -66.5554 -95.2468 24.8051
vn 0.896247 -0.171247 0.409165
v -65.8174 -95.5815 23.8309
vn 0.989844 -0.107662 -0.0928326
v -65.74 -95.5095 23.4447
vn 0.832259 0.0198118 -0.554033
v -65.8814 -94.7262 22.9462
vn 0.447074 -0.150363 0.881769
v -66.2677 -93.3807 25.054
vn 0.428128 -0.175831 0.886448
v -66.3201 -94.1917 24.9136
vn 0.269237 -0.168753 0.948174
v -66.4577 -93.6294 25.1072
vn 0.400657 -0.0988387 0.910881
v -66.4683 -94.5822 24.9364
vn 0.139015 -0.175659 0.974586
v -66.5608 -94.0398 24.9753
vn -0.274345 -0.144403 0.950727
v -66.6295 -93.6469 25.0122
vn 0.875178 -0.0211519 -0.483339
v -65.5149 -94.2725 23.6987
vn -0.100056 -0.133377 0.986002
v -66.5092 -93.2297 25.1206
vn 0.278636 0.19658 -0.940063
v -66.7315 -91.6772 22.7117
vn 0.493402 -0.162505 0.854486
v -66.9657 -90.9242 25.6354
vn 0.0769963 -0.218229 0.972856
v -66.4416 -89.2056 25.7879
vn 0.285416 -0.243302 0.927007
v -66.7738 -88.6874 26.036
vn 0.258142 -0.195325 0.946156
v -66.692 -90.0513 25.6349
vn 0.4011 -0.200701 0.893777
v -67.1125 -89.1631 26.0496
vn 0.595409 0.105115 -0.796517
v -66.1568 -89.6228 23.4303
vn 0.411202 0.0920829 -0.906881
v -67.0622 -88.7116 23.0918
vn 0.0531241 -0.210884 0.976066
v -66.9732 -87.7375 26.3111
vn -0.0144758 -0.209506 0.9777
v -67.2843 -88.181 26.1433
vn 0.301188 -0.206679 0.930897
v -67.66 -88.4634 26.1933
vn 0.441483 0.134401 -0.887147
v -66.3754 -86.9993 23.4876
vn 0.456237 0.11076 -0.882938
v -66.7602 -87.0558 23.3901
vn 0.525871 0.0693759 -0.847731
v -66.9942 -86.6595 23.2002
vn 0.139203 -0.225239 0.964308
v -67.7293 -87.0612 26.4911
vn 0.0960572 0.167865 -0.981119
v -67.2277 -85.2764 23.2852
vn 0.17045 -0.329293 0.928716
v -67.3509 -83.8859 27.318
vn -0.519245 -0.151944 0.84101
v -67.8544 -85.2985 26.7836
vn -0.275689 -0.22574 0.934364
v -68.3142 -84.7329 26.5574
vn -0.378908 -0.280413 0.881928
v -68.4686 -84.9533 26.4658
vn -0.243427 -0.325179 0.913784
v -68.5544 -84.5803 26.6153
vn -0.30543 -0.246191 0.919838
v -67.8925 -82.8973 27.1754
vn -0.0232067 -0.302361 0.952911
v -68.3198 -83.7531 26.8717
vn -0.0555946 0.187405 -0.980708
v -68.044 -83.2347 23.7451
vn 0.00396678 -0.300833 0.953669
v -67.9788 -81.5386 27.6058
vn -0.727718 -0.101355 0.678347
v -68.2885 -81.9804 27.4288
vn 0.130568 0.274502 -0.952681
v -68.5127 -81.9298 24.0628
vn -0.715042 -0.0912656 0.693098
v -68.7521 -80.5745 27.0769
vn -0.554721 -0.157363 0.81702
v -69.0208 -80.5905 26.8518
vn -0.986318 0.105036 0.127059
v -69.3789 -79.923 26.0702
vn -0.0201877 0.232466 -0.972395
v -68.0278 -80.2568 24.4722
vn -0.26554 0.314401 -0.911395
v -68.8248 -80.4017 24.4568
vn -0.421604 -0.225625 0.878262
v -69.008 -78.6029 27.3231
vn -0.919635 0.207579 -0.33344
v -69.1892 -78.9425 25.2463
vn 0.0143529 0.152231 -0.988241
v -67.8392 -78.0238 24.8943
vn -0.579707 0.228648 -0.782087
v -69.0683 -78.8935 25.068
vn -0.968673 0.0705728 0.2381
v -68.7535 -76.0794 27.2588
vn -0.981196 0.177982 -0.0746751
v -68.9563 -76.0217 26.622
vn -0.998438 0.0280648 0.0483035
v -69.0233 -77.2337 26.3966
vn -0.973297 0.0755727 -0.216753
v -68.9785 -77.1968 26.2045
vn -0.967018 0.162307 -0.196296
v -68.8665 -76.7188 25.8957
vn -0.922613 -0.0174991 0.38533
v -69.0613 -76.639 26.4964
vn -0.950737 0.221599 -0.216778
v -68.6969 -74.9197 26.4464
vn -0.698189 0.283098 -0.657562
v -68.4571 -75.1926 25.8182
vn 0.0422224 -0.996125 -0.077155
v -91.5995 -59.1678 139.139
vn 0.467869 -0.857319 -0.214716
v -91.0876 -58.711 137.038
vn 0.380857 -0.859145 -0.341786
v -91.3603 -58.6219 136.191
vn 0.165759 -0.951956 -0.257497
v -91.9326 -58.7748 136.077
vn -0.598236 -0.79075 -0.129726
v -92.5859 -58.6624 145.313
vn -0.582512 -0.80996 -0.0681474
v -92.7093 -58.4234 144.648
vn -0.757353 -0.643424 -0.111454
v -91.9141 -59.2973 142.14
vn -0.910159 -0.388984 -0.142482
v -91.9809 -59.0789 141.972
vn -0.849919 -0.526666 -0.0161473
v -92.0875 -58.9852 142.588
vn -0.793784 -0.605313 -0.0591783
v -92.1645 -58.7372 142.21
vn -0.36879 -0.894951 -0.25111
v -91.8136 -59.1032 140.966
vn -0.591653 -0.800028 0.0995096
v -91.9864 -58.9488 141.095
vn -0.493593 -0.868262 0.0498761
v -92.329 -58.8945 140.309
vn -0.6282 -0.77476 0.0715023
v -92.6297 -58.4608 141.161
vn 0.365499 -0.874377 -0.31918
v -92.0842 -58.5384 135.479
vn 0.412496 -0.841238 -0.349522
v -90.9236 -58.0391 135.539
vn 0.620603 -0.731683 -0.281942
v -91.7518 -56.9832 132.362
vn -0.437402 -0.895689 -0.0801338
v -93.9195 -58.3071 152.289
vn -0.401834 -0.909576 -0.105835
v -93.6612 -58.2306 150.904
vn -0.621328 -0.781589 -0.0554063
v -93.4134 -58.2074 149.508
vn -0.721881 -0.691298 -0.031549
v -93.5208 -58.1784 147.796
vn -0.616619 -0.780735 -0.101165
v -93.9818 -57.71 147.662
vn -0.795559 -0.586896 -0.150462
v -93.2697 -58.3383 146.426
vn -0.830671 -0.538154 -0.142745
v -93.3747 -58.1845 146.643
vn -0.856123 -0.479468 -0.19278
v -93.3512 -58.1509 146.447
vn -0.722945 -0.680524 -0.119323
v -93.298 -58.0827 146.056
vn -0.568869 -0.822414 0.00483247
v -93.5038 -57.9584 145.226
vn -0.511123 -0.85941 -0.0129702
v -93.4631 -58.0928 143.975
vn -0.478738 -0.877837 -0.0145939
v -93.1026 -58.1142 142.383
vn -0.473013 -0.880814 -0.0206021
v -93.7314 -57.8322 142.954
vn 0.350067 -0.867915 -0.352388
v -90.7533 -55.4739 130.064
vn 0.461715 -0.848729 -0.257833
v -89.9693 -54.042 126.741
vn 0.145786 -0.88183 -0.448466
v -90.5624 -53.801 125.256
vn -0.0258647 -0.818943 -0.573291
v -91.244 -54.3366 126.084
vn -0.189178 -0.831604 -0.522155
v -90.7347 -53.5618 124.861
vn -0.137056 -0.985467 -0.10035
v -95.5084 -58.5265 161.418
vn -0.235198 -0.971878 0.0116157
v -95.7392 -58.4836 162.662
vn -0.111674 -0.992877 0.0415262
v -95.8134 -58.5807 162.017
vn -0.22863 -0.971564 -0.0615772
v -95.7799 -58.2861 160.431
vn -0.526076 -0.840713 -0.128239
v -95.707 -57.4703 153.604
vn -0.751847 -0.647764 -0.122997
v -95.9749 -57.2986 154.004
vn -0.441024 -0.891601 -0.102689
v -95.1081 -57.5704 152.65
vn -0.514321 -0.853555 -0.0831705
v -94.8399 -57.4854 148.803
vn -0.0166751 -0.88627 -0.462868
v -91.1847 -53.4875 125.011
vn -0.197078 -0.879056 -0.434075
v -91.0039 -53.4588 124.838
vn 0.0342845 -0.943796 -0.328746
v -91.159 -53.4317 124.82
vn 0.0230494 -0.911952 -0.40965
v -90.1839 -52.8164 123.434
vn -0.000240218 -0.927558 -0.373678
v -89.2973 -50.7695 119.003
vn 0.0653175 -0.997328 -0.0327042
v -86.3875 -47.135 98.5246
vn -0.124109 -0.978411 -0.165253
v -86.2577 -46.9719 96.5194
vn -0.49042 -0.864666 -0.108819
v -97.1338 -58.1346 166.414
vn -0.424771 -0.905295 -0.00334068
v -97.7045 -57.8552 166.171
vn -0.587005 -0.809375 0.0183661
v -97.8848 -57.7677 165.954
vn -0.444015 -0.895858 -0.0170241
v -95.8685 -58.3684 163.279
vn -0.763823 -0.631191 -0.134805
v -97.6124 -57.621 163.762
vn -0.959318 -0.225902 -0.169344
v -97.6623 -57.4286 163.789
vn -0.616308 -0.78571 0.0531489
v -97.2863 -57.7606 162.349
vn -0.783042 0.614846 -0.0938583
v -97.3507 -57.3104 162.009
vn -0.557897 -0.704899 -0.438028
v -96.9213 -57.6847 159.543
vn -0.624918 -0.746237 -0.229364
v -96.6462 -57.4918 158.592
vn -0.931764 -0.271111 -0.241485
v -96.8471 -57.383 158.991
vn -0.902244 0.399183 -0.163119
v -96.749 -57.1075 158.645
vn -0.538479 -0.834912 -0.113852
v -96.4102 -57.3856 156.798
vn -0.973926 0.201822 -0.103615
v -96.4078 -57.1251 156.434
vn -0.796764 0.597602 -0.0896582
v -96.2097 -56.893 155.889
vn -0.81224 0.58115 -0.0503017
v -94.8222 -55.8786 148.681
vn -0.865346 0.500738 -0.0209508
v -94.6187 -55.6072 147.117
vn -0.946531 0.32258 -0.00456067
v -94.0902 -54.6954 143.046
vn 0.211803 -0.929321 -0.302494
v -90.0715 -50.7178 118.689
vn 0.0564927 -0.95109 -0.303705
v -90.0898 -49.8621 115.757
vn 0.131 -0.970258 -0.203562
v -89.4232 -48.8774 112.336
vn 0.241512 -0.962982 -0.11974
v -88.795 -48.2702 109.459
vn 0.401823 -0.914431 -0.0485242
v -88.9168 -48.3046 109.023
vn -0.0407487 -0.9816 -0.18655
v -87.7242 -47.7833 107.654
vn 0.344177 -0.936127 -0.0721724
v -88.0818 -47.8192 107.388
vn 0.335941 -0.941498 -0.0269392
v -87.5743 -47.5338 105.462
vn 0.332599 -0.941828 -0.0483589
v -87.9922 -47.8286 105.757
vn 0.602056 -0.78758 0.131322
v -87.3874 -47.5707 104.457
vn 0.0296431 -0.990542 -0.133972
v -87.4908 -47.5098 103.836
vn 0.321634 -0.945002 0.0593614
v -86.6724 -47.3246 102.556
vn 0.0522193 -0.997553 -0.0464864
v -87.6825 -47.2743 102.411
vn -0.162707 -0.980986 -0.105797
v -87.537 -47.1963 100.393
vn -0.117251 -0.988174 -0.0988159
v -87.3469 -46.7743 97.8266
vn 0.0986543 -0.968918 -0.226859
v -85.7851 -46.0209 93.063
vn 0.373273 -0.927059 -0.0350525
v -86.1942 -46.1686 93.18
vn 0.114299 -0.972089 -0.204886
v -85.4936 -45.7711 91.2262
vn -0.329481 -0.819201 -0.469416
v -85.6348 -45.5788 90.6997
vn -0.55324 -0.652816 -0.517451
v -84.67 -44.2361 87.5932
vn -0.685817 -0.451003 -0.571184
v -85.0354 -43.6801 87.431
vn -0.756024 -0.640146 -0.136534
v -99.0329 -57.7779 175.431
vn -0.520785 -0.849616 -0.0832802
v -98.7712 -57.8379 173.406
vn -0.874677 0.475548 -0.0937762
v -98.7693 -57.3474 172.878
vn -0.999294 -0.00816573 -0.0366626
v -98.8542 -57.5909 173.027
vn -0.446725 -0.89356 -0.0445695
v -98.8812 -57.7378 172.601
vn -0.621171 -0.780577 -0.0696146
v -98.4936 -57.8656 171.184
vn -0.921563 0.375378 -0.0990612
v -98.6102 -57.4535 171.034
vn -0.874004 -0.48257 -0.0569466
v -98.657 -57.5728 171.212
vn -0.802829 -0.596161 -0.0075151
v -98.6631 -57.6322 170.789
vn -0.932241 0.130651 0.337427
v -97.8755 -57.3609 165.822
vn -0.947326 0.319267 -0.0253548
v -94.2934 -54.7225 151.226
vn -0.999859 -0.00515097 -0.0160096
v -93.9499 -53.8682 148.686
vn -0.940591 -0.339453 0.0077486
v -94.0729 -53.0582 147.242
vn -0.928878 -0.369418 0.0267756
v -94.203 -53.171 143.71
vn -0.833699 -0.105232 -0.542101
v -86.2395 -43.5385 89.1215
vn -0.848366 0.141389 -0.51018
v -84.6445 -42.4676 86.6788
vn -0.369227 -0.885805 0.281106
v -100.307 -58.2151 187.782
vn -0.285202 -0.948825 0.13561
v -100.429 -58.3612 187.234
vn 0.664913 0.594371 0.452343
v -100.901 -59.0696 187.263
vn 0.502487 0.815163 0.288127
v -100.88 -58.803 186.881
vn -0.608958 -0.79071 -0.06283
v -101.056 -59.0311 186.814
vn -0.238407 -0.970883 0.0234108
v -99.9084 -58.5282 185.845
vn -0.0446929 -0.979507 -0.196388
v -100.053 -58.438 185.429
vn -0.46806 -0.880962 -0.0694696
v -100.24 -58.3822 186.232
vn -0.902608 0.430344 -0.010187
v -100.293 -58.1305 185.858
vn -0.869358 0.417715 -0.264067
v -100.177 -58.0224 185.278
vn 0.580245 0.738511 0.343391
v -100.546 -58.8907 186.506
vn 0.122984 -0.989885 0.0707293
v -100.261 -58.5913 185.575
vn 0.232788 -0.969449 -0.0773249
v -100.229 -58.568 185.379
vn 0.92325 -0.366274 -0.11599
v -100.303 -58.643 185.149
vn 0.955845 -0.128352 -0.264359
v -100.264 -58.4366 185.191
vn -0.880414 0.458967 -0.119252
v -100.313 -58.2741 185.418
vn 0.841185 -0.538777 0.0461159
v -100.432 -58.8936 185.29
vn 0.750967 -0.625274 0.212322
v -100.502 -58.7633 185.919
vn 0.148071 0.17298 -0.973731
v -100.398 -58.5439 185.152
vn -0.00449692 -0.96036 0.278726
v -100.499 -58.56 185.726
vn 0.866822 -0.485705 0.112739
v -100.718 -59.2598 186.414
vn 0.328076 0.929739 0.16719
v -100.685 -58.66 185.704
vn -0.72913 0.684365 -0.00371981
v -100.62 -58.6213 185.31
vn -0.0446929 -0.979507 -0.196388
v -99.7922 -58.3776 185.068
vn -0.691089 -0.648497 -0.319135
v -100.054 -58.1733 185.065
vn 0.914414 -0.403046 -0.0374367
v -100.36 -58.7924 184.703
vn 0.440687 0.896172 0.05168
v -100.439 -58.6046 184.724
vn 0.763634 -0.338999 -0.549494
v -100.407 -58.5099 184.13
vn 0.920228 -0.389937 -0.0336089
v -100.456 -59.0228 184.75
vn -0.760858 -0.538321 -0.362361
v -100.596 -58.8296 184.66
vn 0.954449 -0.258931 -0.148263
v -100.413 -58.7364 184.262
vn 0.763634 -0.338999 -0.549494
v -100.42 -58.531 184.124
vn -0.300556 0.952736 0.0442704
v -100.523 -58.5631 184.719
vn 0.762149 -0.337172 -0.55267
v -100.421 -58.5095 184.11
vn -0.653462 -0.74332 -0.14305
v -99.7102 -57.7601 182.726
vn -0.63651 -0.769787 -0.0477857
v -99.4788 -57.9446 181.496
vn -0.952617 0.302647 -0.0304302
v -99.6548 -57.542 181.335
vn -0.677272 -0.730645 -0.0863743
v -99.6637 -57.7735 181.498
vn -0.982285 0.181448 -0.0468181
v -99.6181 -57.6467 180.706
vn -0.906362 0.420044 -0.0455159
v -99.5188 -57.3459 180.364
vn -0.810316 -0.574258 -0.116686
v -99.4551 -57.7822 179.063
vn -0.929196 -0.368756 0.0247776
v -99.6415 -57.6712 179.466
vn -0.857459 0.507558 -0.084552
v -99.4805 -57.5261 178.694
vn -0.840866 0.533661 -0.0902765
v -98.9525 -57.0539 176.188
vn -0.68492 -0.71778 -0.125208
v -99.2703 -57.7347 176.224
vn -0.88407 -0.444893 -0.143145
v -99.1091 -57.5597 175.253
vn -0.86245 -0.505695 0.0212541
v -94.4079 -52.4206 146.688
vn -0.866097 0.496822 -0.0551632
v -100.373 -58.0118 187.715
vn -0.59355 0.769965 -0.234204
v -87.6259 -40.9995 96.5504
vn -0.631438 0.704714 -0.323519
v -87.2334 -40.4105 97.3309
vn -0.701462 -0.712151 -0.0281475
v -97.6722 -49.0221 161.172
vn -0.422947 0.888383 -0.178583
v -89.866 -38.527 111.437
vn -0.395172 0.916326 -0.0646985
v -90.9723 -39.0395 111.178
vn -0.297877 0.950322 -0.0903177
v -89.4621 -38.6548 110.449
vn -0.362656 0.92981 -0.0627157
v -90.1837 -38.6932 109.922
vn -0.491606 0.856289 -0.158404
v -90.6181 -39.2025 109.354
vn -0.631699 -0.773374 -0.0533743
v -100.048 -47.1801 167.916
vn -0.498564 0.860564 -0.104227
v -92.2541 -38.5973 121.331
vn -0.279087 0.959893 0.0267461
v -90.9235 -38.384 116.231
vn -0.334435 0.942237 0.0185345
v -91.1877 -38.499 117.608
vn -0.469733 0.87676 -0.10316
v -91.2562 -38.5409 115.742
vn -0.580619 -0.81115 -0.0701282
v -101.28 -46.6019 175.02
vn -0.406869 0.912959 0.0310272
v -93.7064 -38.9465 127.416
vn -0.47247 0.88076 -0.0321451
v -93.761 -38.9543 126.584
vn -0.324144 0.945994 0.00516899
v -92.0916 -38.2618 124.702
vn -0.556741 -0.828107 -0.0654117
v -102.297 -46.5518 180.626
vn -0.616975 0.765985 -0.180577
v -94.4692 -38.5213 131.278
vn -0.573594 -0.817798 -0.0468552
v -102.865 -46.5516 188.344
vn -0.983951 0.126941 -0.125404
v -101.511 -43.0328 172.744
vn -0.993927 0.0258079 -0.106975
v -101.083 -43.1472 169.913
vn -0.882267 0.4583 -0.107546
v -99.8637 -41.3669 163.636
vn -0.696092 0.710423 -0.103711
v -96.8554 -38.8375 147.085
vn -0.660665 0.745759 -0.085821
v -96.3128 -38.6558 143.913
vn -0.549051 -0.835261 -0.0296898
v -104.74 -46.0073 198.275
vn -0.60758 -0.794065 -0.0175419
v -104.9 -45.9574 199.118
vn -0.711873 -0.700419 -0.0514788
v -104.932 -45.802 198.022
vn -0.986252 0.151113 -0.066866
v -104.899 -45.845 196.992
vn -0.496905 -0.867328 -0.0287581
v -104.538 -46.0479 196.046
vn -0.53383 -0.843893 -0.053578
v -104.071 -45.9885 190.726
vn -0.926643 0.366199 -0.0850381
v -104.168 -45.6034 190.779
vn -0.991699 0.0627455 -0.112236
v -103.414 -44.2734 188.255
vn -0.949562 0.296895 -0.100918
v -103.137 -44.6147 182.69
vn -0.980291 0.164478 -0.109436
v -102.607 -43.5805 181.928
vn -0.972148 -0.188297 -0.139541
v -102.233 -43.0429 178.794
vn -0.973653 -0.221722 -0.0532937
v -102.283 -42.9103 179.221
vn -0.945521 -0.189459 -0.264755
v -102.228 -42.5519 178.266
vn -0.973584 -0.00209779 -0.22832
v -102.16 -42.2809 177.913
vn -0.938819 -0.304771 -0.160418
v -102.427 -42.6729 178.83
vn -0.990096 0.0706741 -0.121303
v -102.078 -43.0092 177.386
vn -0.991379 0.098661 -0.0862215
v -101.231 -42.4294 170.429
vn -0.902241 0.421092 -0.0929694
v -100.926 -41.6608 169.79
vn -0.831314 0.552554 -0.060014
v -98.9104 -39.6651 163.057
vn -0.713576 0.700438 -0.01403
v -98.2113 -39.1639 158.323
vn -0.845653 0.532624 -0.0343925
v -98.6657 -39.7096 158.157
vn -0.744437 0.667383 -0.0203528
v -98.0532 -38.8499 157.17
vn -0.174174 -0.983109 -0.0562221
v -106.195 -46.0495 208.672
vn -0.798238 -0.585026 -0.143393
v -106.46 -45.8948 208.865
vn -0.649772 -0.750707 -0.119316
v -105.862 -45.8815 205.671
vn -0.98145 0.114196 -0.154
v -105.912 -45.6802 205.638
vn -0.988068 -0.0497821 -0.145753
v -104.915 -44.7541 200.675
vn -0.943197 0.304824 -0.132144
v -105.196 -45.3285 201.352
vn -0.905369 -0.398528 -0.14657
v -104.502 -44.7604 198.478
vn -0.677897 -0.735098 0.00927126
v -105.044 -45.8263 199.438
vn -0.819063 -0.572267 -0.0405735
v -105.067 -45.7701 199.034
vn -0.918786 -0.340083 -0.200437
v -104.494 -44.4092 197.515
vn -0.961237 0.258683 -0.0954261
v -104.934 -45.5995 198.058
vn -0.969366 -0.212505 -0.12317
v -104.045 -44.1406 193.523
vn -0.980202 -0.157343 -0.120193
v -104.128 -43.6635 192.978
vn -0.809916 0.584476 -0.0492312
v -103.898 -43.0473 191.89
vn -0.96976 0.228216 -0.0865007
v -103.827 -43.1374 189.831
vn -0.986969 -0.0864832 -0.13569
v -103.681 -43.135 188.622
vn -0.971609 -0.193247 -0.136494
v -103.264 -43.6011 186.754
vn -0.908058 0.418769 0.00797758
v -103 -42.0887 185.214
vn -0.772386 0.628098 0.0944131
v -102.863 -41.8669 185.274
vn -0.69169 0.720028 0.0558968
v -102.804 -41.7023 184.902
vn -0.926745 0.375691 -0.000219208
v -103.026 -42.033 184.809
vn -0.97679 0.199784 -0.0772513
v -103.118 -42.4778 184.922
vn -0.838516 0.537012 -0.0922497
v -102.812 -41.8197 183.647
vn -0.990521 0.0349425 -0.132839
v -102.62 -42.4615 181.303
vn -0.750483 0.660067 -0.0329812
v -101.981 -41.1744 181.013
vn -0.765578 0.636907 -0.0907743
v -101.872 -41.1329 180.215
vn -0.945041 0.322103 -0.0561044
v -102.469 -41.9807 181.001
vn -0.922389 0.384855 -0.0329475
v -102.461 -41.8865 180.402
vn -0.998662 -0.0481322 -0.0189011
v -102.487 -42.2612 180.126
vn -0.738827 0.673712 -0.0156905
v -101.761 -41.308 178.763
vn -0.781843 0.621143 -0.0538762
v -101.88 -41.3547 178.326
vn -0.851476 0.512809 -0.109612
v -102.371 -42.0335 178.747
vn -0.981625 0.0944599 -0.1658
v -102.486 -42.2818 178.89
vn -0.914858 0.347373 -0.205832
v -102.092 -41.9845 177.771
vn -0.0836583 -0.996008 -0.0311351
v -107.188 -46.4115 215.645
vn -0.96203 0.262874 -0.0734559
v -107.282 -46.1995 215.669
vn -0.0277748 -0.998118 -0.0546681
v -107.242 -46.4255 214.813
vn -0.0158067 -0.997822 -0.064041
v -106.585 -46.1659 212.084
vn -0.502601 -0.855219 -0.126463
v -106.824 -46.1506 212.255
vn -0.965451 0.246212 -0.0853454
v -106.887 -45.9693 211.867
vn -0.977331 0.165455 -0.132092
v -106.288 -44.8759 208.045
vn -0.919616 -0.349898 -0.178542
v -106.416 -45.757 208.279
vn -0.981179 0.00621 -0.192998
v -105.844 -44.9971 206.653
vn -0.97561 0.0737581 -0.206748
v -106.075 -44.5224 207.318
vn -0.982859 0.0991244 -0.15544
v -105.797 -44.1794 205.368
vn -0.965877 -0.237513 -0.103293
v -105.195 -44.3769 201.932
vn -0.988522 0.102906 -0.110612
v -105.423 -43.9618 202.998
vn -0.982241 0.175573 -0.0661646
v -105.309 -43.564 201.854
vn -0.816395 0.572312 -0.0771829
v -105.153 -43.2943 201.617
vn -0.887269 -0.449292 -0.104359
v -105.118 -44.3855 200.71
vn -0.985196 -0.154119 -0.07508
v -105.275 -44.0098 200.753
vn -0.929529 -0.308062 -0.202665
v -104.99 -44.0362 198.532
vn -0.97058 -0.104619 -0.216865
v -104.691 -43.3792 197.257
vn -0.964904 0.223192 -0.138366
v -104.983 -43.6048 198.404
vn -0.554483 0.828057 0.0828899
v -102.472 -41.5296 185.188
vn 0.358761 -0.26188 0.895941
v -66.4751 -104.526 22.3476
vn 0.967199 -0.0695369 0.244319
v -66.1174 -103.008 22.2609
vn 0.0780694 -0.230629 0.969905
v -66.6029 -102.966 22.7514
vn 0.954037 -0.107264 0.279836
v -65.9949 -101.817 22.6964
vn 0.995085 -0.0615321 -0.0775835
v -66.0109 -101.79 22.4935
vn 0.987475 -0.0366687 0.153453
v -65.9978 -102.469 21.5532
vn 0.959299 -0.0128514 -0.282101
v -66.1624 -102.155 21.9949
vn 0.846779 0.125319 -0.516973
v -66.0285 -102.244 21.3832
vn 0.538707 -0.196485 0.819261
v -66.0954 -101.062 23.0207
vn 0.978832 -0.0734241 0.191039
v -66.0111 -100.899 22.0354
vn 0.471412 0.207261 -0.857213
v -66.791 -100.11 21.2947
vn 0.357907 -0.255154 0.89822
v -66.6264 -98.8113 23.8098
vn 0.709858 -0.239424 0.662403
v -66.7596 -98.2573 24.0645
vn 0.0738059 -0.332402 0.940246
v -66.8688 -98.6615 23.883
vn 0.190041 -0.274925 0.942497
v -67.111 -98.5113 23.9539
vn 0.721626 0.11004 -0.683482
v -66.2202 -98.2969 22.246
vn 0.636664 0.0108265 -0.771065
v -66.6752 -96.5029 22.0589
vn 0.438041 0.0990777 -0.893478
v -67.2193 -96.549 21.6952
vn 0.361667 -0.269501 0.892506
v -66.5061 -96.4216 24.474
vn -0.175215 -0.099184 0.979521
v -66.6324 -95.8595 24.683
vn -0.302355 -0.0970418 0.948243
v -66.6591 -95.6541 24.6512
vn -0.0800887 -0.237305 0.968128
v -66.7462 -96.269 24.5319
vn -0.203917 -0.0621138 0.977016
v -66.8186 -95.8804 24.5932
vn -0.0968215 -0.0635542 0.993271
v -66.8471 -95.6772 24.5736
vn 0.203942 -0.153391 0.966891
v -67.0191 -95.9181 24.5977
vn 0.332214 -0.189646 0.923942
v -67.3749 -95.4276 25.0019
vn -0.0686502 -0.187236 0.979913
v -67.5793 -95.4698 25.0318
vn 0.538288 0.0821408 -0.838749
v -66.7529 -95.884 21.9484
vn -0.0713989 0.124708 0.989621
v -66.7987 -94.8709 24.7402
vn 0.261161 -0.199328 0.944491
v -66.9171 -94.2996 24.8975
vn -0.208924 -0.102109 0.972587
v -67.4401 -94.0442 25.2933
vn -0.0611961 -0.200909 0.977697
v -67.5681 -94.6654 25.1651
vn -0.585611 -0.0564543 0.808624
v -67.6086 -94.217 25.2386
vn -0.603369 0.00191688 0.79746
v -67.6524 -93.8592 25.1687
vn -0.234701 -0.0652257 0.969877
v -67.6953 -94.8857 25.1066
vn -0.577844 -0.0178712 0.815951
v -67.7382 -94.4726 25.0403
vn -0.730906 -0.0398169 0.681316
v -67.798 -94.0694 25.0194
vn -0.010642 0.202608 -0.979202
v -67.6201 -93.1921 22.1213
vn -0.40877 -0.0984304 0.907314
v -67.4786 -92.6298 25.4103
vn -0.427872 -0.130623 0.894351
v -67.6592 -92.6443 25.284
vn -0.0368814 -0.185487 0.981954
v -67.7293 -92.253 25.33
vn 0.0960796 -0.193862 0.976313
v -68.1829 -92.1533 25.4776
vn -0.107152 -0.15403 0.982239
v -68.5784 -92.2222 25.4502
vn -0.00923514 0.212644 -0.977086
v -67.9506 -92.672 22.3592
vn 0.190687 0.17576 -0.965788
v -68.2186 -92.517 22.3668
vn 0.20088 -0.222327 0.954053
v -67.7587 -91.0645 25.5943
vn 0.325285 -0.266015 0.907428
v -68.01 -90.9249 25.7253
vn 0.353991 -0.263545 0.897349
v -68.0962 -90.5525 25.8778
vn 0.246314 -0.201599 0.947991
v -68.016 -91.9183 25.487
vn -0.430801 -0.275989 0.859209
v -68.2349 -90.7546 25.6829
vn -0.534187 -0.17018 0.82806
v -68.2718 -90.5611 25.718
vn -0.242451 -0.157573 0.957282
v -68.3888 -90.9744 25.5883
vn 0.192291 0.105339 -0.975668
v -67.8058 -91.2399 22.5842
vn 0.0163815 0.133493 -0.990914
v -68.1865 -90.3052 22.7372
vn 0.34941 -0.213576 0.912304
v -67.9671 -90.1251 25.9285
vn -0.399317 -0.123153 0.908504
v -68.1874 -89.9493 25.8556
vn -0.540183 -0.0877191 0.836963
v -68.6921 -90.4224 25.6466
vn -0.678921 -0.0293147 0.733626
v -69.1436 -89.2172 25.2769
vn -0.972809 0.0352249 0.228914
v -69.1408 -89.4766 25.0259
vn -0.793915 -0.0791776 0.602851
v -69.1152 -87.9812 25.2953
vn 0.0445898 0.112777 -0.992619
v -67.5229 -88.1471 22.8717
vn -0.0973929 0.145158 -0.984603
v -67.7446 -86.9866 23.0858
vn 0.0378984 0.141521 -0.98921
v -68.3401 -87.0927 23.0598
vn -0.252934 0.151298 -0.95558
v -68.8656 -87.5901 22.9878
vn -0.510456 -0.211329 0.833532
v -69.2532 -86.5833 25.3991
vn -0.468985 -0.213438 0.857028
v -69.5601 -86.0356 25.4818
vn -0.843467 -0.0935368 0.528975
v -69.7048 -86.6426 25.238
vn -0.616016 -0.195107 0.763189
v -68.9577 -85.383 25.9862
vn -0.425204 0.138864 -0.894381
v -69.4735 -84.5152 23.6693
vn -0.979293 0.0779099 0.186858
v -69.8982 -82.9788 25.2431
vn -0.975289 0.166535 -0.145182
v -69.8288 -82.5075 24.9266
vn -0.990718 0.0849576 -0.106117
v -69.9456 -83.3569 24.9634
vn -0.125136 0.191349 -0.973512
v -68.9008 -82.9763 23.7088
vn -0.391473 0.232195 -0.890412
v -69.0617 -82.218 23.9377
vn -0.591583 0.200399 -0.780941
v -69.4106 -82.7057 24.0183
vn -0.88917 0.156296 -0.430056
v -69.6559 -82.791 24.2864
vn -0.619851 -0.125487 0.774621
v -69.283 -81.2134 26.5694
vn 0.0274001 0.31553 -0.94852
v -68.7469 -81.7702 24.0812
vn -0.0875514 0.263696 -0.960624
v -68.899 -81.0016 24.2524
vn -0.0798634 0.385013 -0.919449
v -68.8953 -81.9836 23.9501
vn -0.129288 0.393165 -0.910333
v -68.9456 -81.8057 24.0736
vn -0.185951 0.226038 -0.956206
v -69.0244 -81.4247 24.1774
vn -0.716362 0.284207 -0.637222
v -69.309 -81.1044 24.4333
vn -0.413698 0.309986 -0.856015
v -69.1028 -81.0432 24.2786
vn -0.358007 0.293161 -0.886503
v -69.1916 -81.8569 24.1121
vn -0.500801 0.233558 -0.833456
v -69.2336 -81.4726 24.2391
vn -0.922935 0.0221577 0.384317
v -69.3858 -80.5548 26.1624
vn -0.888405 0.236667 -0.393353
v -69.3813 -80.3746 24.9627
vn -0.608357 0.336704 -0.718702
v -69.0769 -80.467 24.5818
vn 0.0730401 -0.98648 -0.146708
v -92.6849 -58.5603 134.357
vn -0.0706462 -0.987926 -0.137879
v -92.531 -58.6388 135.599
vn 0.571733 -0.774415 -0.270931
v -92.679 -58.1166 132.794
vn -0.576997 -0.815491 -0.0452538
v -93.4028 -58.1428 132.268
vn 0.639292 -0.715801 -0.280952
v -92.1735 -57.1532 131.604
vn 0.48473 -0.793435 -0.368099
v -92.7321 -56.8767 129.72
vn -0.409964 -0.910425 0.055273
v -93.9092 -57.7584 142.735
vn -0.54305 -0.839086 0.0321138
v -94.0948 -57.6193 143.347
vn -0.528569 -0.84889 -0.000817707
v -94.2591 -57.6417 142.291
vn 0.428456 -0.820312 -0.378831
v -92.0213 -55.7193 128.185
vn 0.365397 -0.808139 -0.461949
v -91.8194 -54.0828 125.631
vn 0.301959 -0.837168 -0.456038
v -92.2224 -53.7868 124.184
vn -0.509874 -0.859326 -0.0398468
v -95.7441 -57.1633 152.009
vn -0.667014 -0.736226 -0.114295
v -95.9324 -57.0526 152.411
vn -0.515351 -0.849717 -0.111329
v -95.8851 -56.9761 150.583
vn -0.54163 -0.836799 -0.0800267
v -95.2651 -57.2421 149.809
vn -0.594872 -0.796468 -0.108473
v -95.5818 -57.0089 149.802
vn -0.968157 -0.116733 -0.221462
v -95.4929 -56.7049 149.254
vn -0.981863 -0.186531 -0.0339259
v -95.2707 -57.0312 147.586
vn -0.824665 0.563353 -0.0505993
v -95.3476 -56.6728 147.844
vn -0.593789 -0.800278 -0.0834808
v -95.3798 -56.8989 146.566
vn -0.624844 -0.780746 0.00238284
v -94.8358 -57.0548 144.156
vn -0.95546 0.295118 -0.00122679
v -95.1371 -56.4717 144.009
vn -0.783696 -0.621096 0.00777701
v -95.1406 -56.6725 143.973
vn -0.725842 -0.687833 -0.00631362
v -95.1708 -56.7878 143.331
vn -0.790416 -0.610514 -0.0501557
v -95.1726 -56.4981 142.766
vn -0.870907 0.491345 0.0100488
v -94.3451 -55.2491 138.185
vn -0.992892 0.118946 0.00403873
v -94.1473 -54.4285 135.69
vn 0.329439 -0.884106 -0.331401
v -91.5492 -53.487 124.75
vn 0.248904 -0.895424 -0.369137
v -91.031 -52.2838 121.962
vn 0.049957 -0.940863 -0.335083
v -90.8773 -51.08 118.913
vn 0.0758993 -0.91695 -0.391716
v -91.3693 -51.1692 119.438
vn -0.0943145 -0.971213 -0.218746
v -87.2242 -46.6816 94.7807
vn 0.054006 -0.971612 -0.230334
v -86.9816 -46.4353 93.2182
vn -0.452825 -0.891487 0.0141385
v -98.0225 -57.7616 165.571
vn -0.857573 -0.514323 0.00638763
v -97.4811 -57.5277 162.361
vn -0.512852 -0.858413 -0.0105167
v -97.368 -57.9837 160.991
vn -0.940533 0.179842 -0.288193
v -97.0988 -57.3422 159.782
vn -0.61411 -0.722722 -0.317083
v -97.2807 -57.8312 160.078
vn -0.829818 -0.556552 -0.0406469
v -97.4959 -57.7845 160.875
vn -0.917281 0.397341 -0.0267549
v -96.4555 -57.273 155.99
vn -0.813147 0.577894 -0.0695003
v -96.158 -56.9868 154.443
vn -0.90461 -0.22534 -0.361805
v -95.7289 -56.7005 151.683
vn -0.968781 -0.247841 0.00620087
v -94.0468 -53.8094 139.923
vn 0.425546 -0.87773 -0.220231
v -91.4047 -50.6963 118.079
vn 0.482325 -0.866737 -0.127002
v -91.1131 -50.1303 115.965
vn 0.551359 -0.821942 -0.142879
v -91.2823 -50.2978 115.909
vn 0.40399 -0.897507 -0.176841
v -89.8083 -48.9601 112.263
vn 0.451309 -0.886714 -0.100287
v -89.7055 -48.7366 111.497
vn 0.641026 -0.765206 -0.0595419
v -89.9603 -49.0261 112.023
vn -0.343547 -0.8787 -0.331454
v -90.9142 -49.2799 111.833
vn 0.454696 -0.884982 -0.100294
v -89.7151 -48.7792 110.256
vn -0.415473 -0.846991 -0.331645
v -90.9618 -48.6053 110.302
vn -0.165035 -0.957579 -0.236233
v -89.1347 -48.0364 106.573
vn 0.00325504 -0.976525 -0.215381
v -89.5377 -48.3031 107.902
vn 0.157483 -0.987368 0.0174255
v -88.9649 -46.8566 100.031
vn 0.148292 -0.988939 -0.00306525
v -88.6732 -46.9849 97.382
vn 0.147925 -0.985731 -0.0803258
v -87.1556 -46.5541 95.43
vn -0.157447 -0.934556 -0.319085
v -87.4076 -46.5774 94.566
vn 0.317427 -0.948283 0.000375593
v -87.8525 -46.7262 94.8827
vn -0.393343 -0.859769 -0.325696
v -88.1425 -46.5684 94.6612
vn -0.603017 -0.603039 -0.522222
v -87.9437 -45.6371 92.8029
vn -0.493713 -0.657136 -0.569579
v -86.7526 -45.6403 91.5457
vn -0.338445 -0.843186 -0.417723
v -86.8642 -46.0957 92.2694
vn -0.632367 -0.531158 -0.5639
v -86.9421 -44.7495 90.8535
vn -0.845336 0.319843 -0.42791
v -87.4051 -43.2505 91.2547
vn -0.840703 -0.541095 -0.0208581
v -95.6619 -50.6575 144.345
vn -0.419872 0.885493 -0.199021
v -89.7438 -40.2542 103.139
vn -0.66345 0.661787 -0.349102
v -90.726 -41.1845 102.208
vn -0.711143 -0.700619 -0.0583768
v -99.2377 -46.9998 155.337
vn -0.621367 0.779519 -0.0790752
v -92.1945 -39.3783 114.834
vn -0.487457 0.852763 -0.187565
v -90.7766 -39.3422 108.073
vn -0.747791 0.657198 -0.0943397
v -95.0433 -39.8794 127.663
vn -0.711309 0.689939 -0.13425
v -94.2471 -39.5133 125.179
vn -0.783652 0.604277 -0.14401
v -94.2967 -40.1335 122.391
vn -0.566132 0.819603 -0.0880064
v -92.9598 -39.3294 119.04
vn -0.78958 0.592926 -0.15812
v -93.1816 -39.7333 118.342
vn -0.602809 -0.796053 -0.0540434
v -101.613 -46.0692 169.553
vn -0.981513 -0.174467 -0.0786938
v -101.685 -45.8753 169.542
vn -0.627059 -0.775828 -0.0699112
v -101.645 -45.9795 168.914
vn -0.984632 -0.131008 -0.115481
v -101.467 -45.8018 167.945
vn -0.77831 -0.621262 -0.0909177
v -101.146 -46.2334 167.104
vn -0.763122 -0.640631 -0.0850689
v -100.926 -46.2093 164.463
vn -0.727933 -0.68207 -0.0699549
v -101.261 -46.041 165.675
vn -0.97665 0.20806 -0.0535382
v -101.009 -45.0716 163.626
vn -0.987464 0.143811 -0.0650623
v -101.123 -45.7201 163.699
vn -0.832629 0.545469 -0.0958757
v -97.3845 -40.91 140.269
vn -0.682813 0.706924 -0.184458
v -95.4121 -39.7356 130.726
vn -0.457166 0.889352 -0.00726448
v -94.3648 -39.3039 129.101
vn -0.714331 0.69362 -0.0928562
v -95.1236 -39.8718 129.244
vn -0.586973 0.809412 -0.0177299
v -94.5675 -39.3991 128.026
vn -0.597499 0.798536 -0.0730346
v -94.365 -39.3254 126.837
vn -0.919596 -0.390218 -0.04553
v -103.086 -45.9302 179.178
vn -0.987772 0.0839547 -0.131367
v -102.536 -45.5351 175.84
vn -0.561467 -0.82407 -0.0752577
v -102.238 -45.9094 174.587
vn -0.989586 0.0790445 -0.120301
v -101.667 -45.6423 169.381
vn -0.973829 0.199513 -0.108867
v -101.219 -44.8122 167.132
vn -0.857384 0.509727 -0.0712117
v -97.9709 -40.2752 147.687
vn -0.852449 0.522022 0.0287128
v -98.7373 -41.7398 147.515
vn -0.816594 0.571951 -0.0777596
v -97.5 -39.9864 145.961
vn -0.837501 0.544389 -0.0472528
v -98.1942 -40.8668 144.877
vn -0.934872 0.309147 -0.174477
v -98.4303 -41.3326 144.553
vn -0.843775 0.513937 -0.154638
v -97.3961 -39.9795 142.281
vn -0.897219 0.402912 -0.180718
v -97.2545 -40.4383 141.399
vn -0.735056 0.670317 -0.101823
v -96.5723 -39.2461 141.304
vn -0.855762 0.490738 -0.163855
v -96.9657 -39.7321 141.158
vn -0.713734 0.689801 -0.121485
v -96.2278 -39.2703 138.271
vn -0.702126 0.704276 -0.104951
v -95.8261 -39.1916 137.114
vn -0.827229 0.551764 -0.10606
v -96.4242 -39.7894 137.533
vn -0.686606 0.722926 -0.0771375
v -95.5784 -38.9727 135.547
vn -0.587681 -0.807904 -0.0438371
v -103.536 -45.8974 185.278
vn -0.967414 0.235614 -0.0927195
v -103.601 -45.6475 184.901
vn -0.602509 -0.797551 -0.0299224
v -103.45 -45.8954 182.621
vn -0.548704 -0.834769 -0.0456592
v -103.14 -46.0377 181.205
vn -0.930279 -0.350069 -0.109695
v -103.299 -45.6922 181.447
vn -0.975527 0.186138 -0.117048
v -101.144 -43.5872 170.031
vn -0.991126 -0.0221353 -0.131071
v -100.995 -42.4635 168.199
vn -0.981769 0.168063 -0.0887991
v -100.713 -43.3513 166.236
vn -0.961792 0.232151 -0.145125
v -100.308 -42.028 164.478
vn -0.952126 0.279485 -0.123868
v -100.994 -42.0628 168.271
vn 0.98903 -0.0571437 0.136211
v -66.339 -111.705 19.6556
vn 0.957249 0.05145 -0.284653
v -66.3234 -110.07 19.7429
vn 0.904427 -0.168073 0.392126
v -66.2127 -105.937 21.11
vn 0.639982 -0.267487 0.720329
v -66.7865 -106.748 21.7002
vn 0.929834 -0.196421 0.31117
v -66.3577 -105.449 21.7908
vn 0.853618 -0.213859 0.474974
v -66.3669 -104.994 22.0757
vn -0.104905 -0.222774 0.969209
v -66.7721 -105.176 22.2015
vn 0.0416105 -0.236175 0.970819
v -66.8555 -105.787 22.0579
vn -0.055393 -0.211425 0.975823
v -67.0818 -105.618 22.0246
vn 0.546496 0.219169 -0.808274
v -67.2771 -104.694 19.7311
vn 0.704777 0.219066 -0.674759
v -67.232 -103.705 20.0413
vn 0.609473 0.278812 -0.742164
v -67.3061 -103.318 20.1139
vn 0.584816 0.288638 -0.758076
v -67.3957 -103.699 19.8039
vn 0.295259 0.365696 -0.88266
v -67.5268 -103.143 20.0441
vn 0.313594 -0.243648 0.917766
v -67.3271 -102.512 22.9496
vn 0.324228 -0.241526 0.914627
v -67.7767 -100.672 23.8339
vn -0.427693 -0.225949 0.875229
v -68.2091 -100.547 23.8416
vn -0.395595 -0.227393 0.889829
v -68.5924 -100.366 23.5268
vn -0.599189 -0.154497 0.785559
v -68.3436 -98.772 24.175
vn -0.208543 -0.255924 0.943935
v -68.5569 -98.5881 24.0565
vn 0.201838 -0.309193 0.929334
v -68.7883 -99.4116 23.7787
vn 0.181074 -0.272946 0.944835
v -68.8819 -99.0478 23.9799
vn 0.206978 0.236975 -0.949212
v -67.5707 -99.0121 21.2364
vn 0.256228 0.250299 -0.933648
v -67.9736 -98.1034 21.5354
vn 0.275113 0.247859 -0.928913
v -68.2796 -98.541 21.3342
vn 0.0448339 -0.24168 0.96932
v -68.1233 -97.9615 24.5257
vn -0.581153 -0.116812 0.805367
v -68.3541 -97.5614 24.3146
vn -0.0666957 -0.216698 0.973958
v -68.5412 -97.5834 24.2309
vn 0.173567 -0.290053 0.94114
v -68.8312 -97.2525 24.4092
vn -0.160326 -0.243456 0.956569
v -69.1492 -97.7041 24.287
vn -0.306081 0.133212 -0.942639
v -67.7411 -97.0421 21.5988
vn -0.402119 -0.184779 0.896748
v -68.1923 -96.346 24.6353
vn -0.0648252 -0.171087 0.983121
v -68.6947 -95.8301 24.689
vn 0.038448 -0.220378 0.974656
v -68.9524 -96.6844 24.5847
vn -0.525019 -0.153684 0.8371
v -69.3611 -96.5323 24.4372
vn -0.227412 0.208109 -0.951302
v -68.9615 -95.8292 21.6029
vn -0.900327 0.0460175 0.432774
v -69.883 -93.9396 24.3257
vn -0.789651 -0.069268 0.609634
v -69.7921 -95.1567 24.3288
vn -0.856807 -0.065115 0.51151
v -69.9078 -94.4845 23.8144
vn 0.0823892 0.178389 -0.980505
v -68.124 -93.9008 22.1146
vn -0.998426 0.0551204 -0.0103976
v -69.8396 -93.2795 24.2442
vn -0.630247 -0.111445 0.768354
v -70.0996 -92.7038 24.0421
vn -0.919786 0.0690011 0.386305
v -69.401 -91.861 24.7682
vn -0.774906 0.03416 0.631153
v -69.516 -91.6252 24.4239
vn 0.160327 -0.225034 0.96107
v -69.9854 -91.3074 24.4679
vn -0.198118 -0.153457 0.968091
v -69.5783 -91.2249 24.4193
vn -0.333352 0.1761 -0.92621
v -69.9626 -91.8342 22.5196
vn -0.85859 -0.0542801 0.509781
v -69.2814 -89.5751 24.7511
vn -0.442477 -0.146316 0.884763
v -69.5763 -89.0134 24.7546
vn -0.767795 -0.0320747 0.639892
v -70.2606 -89.7041 24.4043
vn -0.997486 0.0663972 -0.0247454
v -70.3964 -89.866 23.9441
vn 0.00712774 0.165531 -0.986179
v -68.869 -89.8033 22.6616
vn -0.859961 -0.103278 0.4998
v -69.7656 -87.8152 24.7562
vn -0.292116 0.141013 -0.94593
v -69.1834 -88.278 23.0708
vn -0.274529 0.154417 -0.949099
v -69.364 -87.3061 23.2224
vn -0.992591 0.0831849 -0.0885592
v -70.069 -86.3801 24.4076
vn -0.9909 0.0479779 0.12576
v -70.0893 -86.814 24.5345
vn -0.711633 0.155284 -0.685175
v -69.8635 -86.6286 23.5732
vn 0.123406 -0.94328 -0.308212
v -93.429 -57.9235 131.08
vn 0.323997 -0.880611 -0.345761
v -93.6587 -57.0892 129.341
vn 0.0875208 -0.933664 -0.347292
v -93.8934 -57.2869 129.675
vn 0.170718 -0.96899 -0.178642
v -94.236 -57.2092 129.226
vn -0.250656 -0.955978 -0.15257
v -94.4977 -57.3105 129.785
vn 0.113235 -0.9712 -0.209639
v -94.3349 -57.1726 128.602
vn 0.311337 -0.846997 -0.430889
v -94.2696 -56.9412 128.036
vn -0.109885 -0.708672 -0.696929
v -94.1763 -56.0818 126.766
vn 0.129506 -0.834961 -0.534854
v -94.3836 -56.2383 126.912
vn -0.652715 -0.751026 0.0996162
v -95.3541 -56.9687 140.19
vn -0.394331 -0.91291 -0.105352
v -95.467 -56.956 138.121
vn -0.504036 -0.863057 -0.0328831
v -94.6067 -56.9978 136.807
vn -0.816711 -0.569335 -0.0940287
v -95.1242 -56.7116 136.004
vn -0.882841 0.46834 -0.0353448
v -95.2963 -56.6214 136.564
vn -0.954225 0.293538 -0.0573647
v -95.2271 -56.5507 136.176
vn -0.889316 0.456198 -0.0316188
v -94.8301 -55.9886 134.282
vn -0.832494 -0.492406 -0.253949
v -94.9779 -56.7886 134.118
vn -0.910564 -0.398208 -0.110924
v -95.1523 -56.7 134.518
vn -0.988122 0.141871 -0.0590513
v -95.1631 -56.5314 134.751
vn -0.951137 0.293672 -0.0953711
v -95.0811 -56.3988 133.966
vn -0.665848 -0.745151 -0.0373696
v -95.1232 -56.6265 132.687
vn -0.604733 -0.795801 -0.0316113
v -95.2739 -56.7683 133.46
vn -0.882974 0.467242 -0.0451908
v -94.5465 -55.7253 131.497
vn -0.336783 -0.67035 -0.661217
v -94.2001 -55.7238 126.415
vn -0.975986 0.138658 -0.168006
v -94.3143 -55.5715 126.63
vn -0.160186 -0.754553 -0.636388
v -94.1536 -55.2298 125.893
vn -0.865662 -0.13343 -0.482521
v -94.547 -56.0985 127.117
vn -0.364134 -0.513565 -0.776954
v -94.4031 -56.0301 126.838
vn -0.999511 -0.0297494 -0.00965605
v -94.1409 -54.3426 126.874
vn -0.975977 -0.217417 -0.0140908
v -94.3594 -53.2861 126.413
vn 0.0449188 -0.894711 -0.44438
v -94.0179 -53.8198 123.905
vn -0.983499 -0.177378 -0.035582
v -94.3922 -53.5032 123.699
vn 0.400016 -0.865706 -0.3009
v -92.7107 -52.3589 121.077
vn -0.708626 -0.580364 -0.401282
v -93.4187 -50.91 118.557
vn -0.777285 -0.481414 -0.405053
v -93.4977 -50.2618 118.249
vn -0.133049 -0.925196 -0.355401
v -91.8551 -50.4477 115.796
vn -0.648161 -0.679155 -0.344436
v -92.8532 -49.3708 115.835
vn -0.739556 -0.573183 -0.352871
v -91.9753 -49.3037 113.721
vn -0.225674 -0.970221 -0.0879968
v -91.039 -47.1125 103.778
vn -0.198483 -0.966245 -0.164241
v -90.1021 -47.0703 103.106
vn -0.243639 -0.957038 -0.157223
v -89.3508 -46.9576 97.6946
vn -0.60348 -0.740847 -0.294886
v -90.3903 -46.3581 97.2321
vn -0.772372 -0.474513 -0.42223
v -90.3694 -46.0473 96.6743
vn -0.60322 -0.659179 -0.449007
v -89.1883 -45.9562 94.7742
vn -0.790201 -0.367869 -0.490157
v -89.5831 -45.654 95.0152
vn -0.746214 -0.390867 -0.538876
v -88.7056 -45.2463 93.3725
vn -0.716517 -0.630973 -0.297451
v -93.563 -48.5322 114.849
vn -0.482111 -0.828543 -0.284754
v -92.1304 -48.0282 110.638
vn -0.416927 -0.878507 -0.233232
v -91.6078 -47.3478 107.141
vn -0.921522 0.00414452 -0.388305
v -91.0766 -45.1069 97.7607
vn -0.890039 0.145754 -0.431957
v -90.2786 -44.912 96.0682
vn -0.882142 -0.144811 -0.448168
v -90.3652 -45.3619 96.2204
vn -0.86811 -0.0417973 -0.494609
v -89.5174 -44.9612 94.5877
vn -0.892606 -0.445864 -0.0667881
v -95.9728 -49.4709 134.65
vn -0.748922 0.61478 -0.247308
v -92.6862 -41.5322 105.75
vn -0.567694 0.786208 -0.244131
v -91.6043 -41.1918 103.921
vn -0.730833 0.681634 0.035481
v -94.9034 -42.0064 118.474
vn -0.770606 0.636985 -0.0203792
v -94.7597 -41.7235 116.287
vn -0.816085 -0.570717 -0.091034
v -99.341 -45.474 145.004
vn -0.900058 -0.419983 -0.116229
v -99.4824 -44.9926 144.36
vn -0.896861 0.420547 -0.137044
v -97.0618 -42.8573 130.319
vn -0.86248 0.482011 -0.15425
v -95.4811 -41.5854 123.596
vn -0.78142 0.619314 -0.0763729
v -93.9528 -40.9545 117.984
vn -0.707457 0.704129 -0.0608788
v -93.5396 -40.3755 114.042
vn -0.582944 0.802234 -0.128831
v -92.9483 -40.0447 112.753
vn -0.726792 -0.684262 -0.0596531
v -100.6 -46.0406 159.614
vn -0.880087 -0.470466 -0.0641013
v -100.503 -45.8574 155.758
vn -0.980515 0.179241 -0.0803931
v -100.492 -45.5658 155.195
vn -0.74283 -0.661492 -0.103116
v -100.319 -45.7502 152.519
vn -0.952705 0.291801 -0.0848874
v -99.4021 -43.6172 146.259
vn -0.952779 0.295305 -0.0707611
v -99.3635 -43.8828 143.959
vn -0.946775 0.299572 -0.117788
v -98.5761 -43.2617 138.027
vn -0.901402 0.41205 -0.132999
v -97.6475 -42.1463 134.464
vn -0.946732 0.266572 -0.180662
v -97.6461 -42.6272 133.557
vn -0.847122 0.511512 -0.144016
v -96.8524 -41.4018 131.841
vn -0.752249 0.648067 -0.118872
v -96.122 -40.6048 130.862
vn -0.921309 0.337231 -0.193558
v -96.8322 -41.6794 130.973
vn -0.83638 0.528769 -0.144474
v -95.8638 -40.9076 128.382
vn -0.969532 -0.234171 -0.0719084
v -100.848 -45.6792 159.64
vn -0.906942 0.418662 0.046677
v -99.0109 -42.3332 147.779
vn -0.94617 0.318483 -0.0577162
v -99.3504 -43.1878 147.576
vn -0.947999 0.299796 -0.106863
v -99.1097 -42.1693 146.561
vn -0.945215 0.249841 -0.210113
v -98.7622 -41.9554 145.559
vn -0.960926 0.207646 -0.183041
v -99.1387 -42.7746 146.449
vn -0.953269 0.205454 -0.22151
v -98.7416 -42.3322 145.356
vn -0.911 0.397308 -0.110568
v -98.3785 -41.9758 143.42
vn -0.857191 0.508952 -0.0786862
v -98.3292 -42.1799 140.721
vn -0.81268 0.572775 -0.107141
v -97.0552 -41.1852 134.267
vn 0.737756 -0.175082 0.651968
v -66.4331 -117.637 17.9715
vn 0.992398 -0.0259854 0.120297
v -66.3355 -115.99 18.0735
vn 0.815455 -0.215114 0.537363
v -66.4415 -115.696 18.7258
vn 0.845405 -0.20345 0.493862
v -66.5082 -116.478 18.3714
vn 0.561164 -0.291679 0.774609
v -66.8035 -116.575 18.6605
vn 0.412693 -0.288463 0.863987
v -67.384 -114.178 19.783
vn 0.887539 0.182122 -0.42321
v -66.4579 -115.145 17.7726
vn 0.379746 -0.275181 0.883215
v -67.0209 -112.924 20.0943
vn 0.945758 0.0915187 -0.311716
v -66.4257 -112.2 18.733
vn 0.769081 0.17724 -0.614085
v -66.6892 -112.773 18.1208
vn 0.432969 0.252001 -0.865467
v -67.465 -112.42 17.552
vn -0.0522163 -0.268218 0.961942
v -68.1777 -110.61 21.0643
vn 0.653372 0.182277 -0.734765
v -66.939 -109.2 18.6611
vn 0.425657 -0.252599 0.868913
v -67.8933 -107.003 22.0339
vn 0.352619 -0.258921 0.899233
v -67.5507 -107.509 21.7169
vn 0.568444 0.218692 -0.793124
v -67.5115 -106.084 19.11
vn 0.139467 0.222674 -0.964865
v -67.5664 -106.898 18.986
vn 0.130605 0.21408 -0.968045
v -67.7559 -105.936 19.1954
vn 0.293022 0.212045 -0.932296
v -68.0287 -106.572 18.9833
vn 0.238473 0.239088 -0.941259
v -68.3195 -106.005 18.9594
vn 0.157509 -0.24875 0.955675
v -69.0169 -105.4 22.3016
vn 0.335372 0.278355 -0.900025
v -67.4392 -105.486 19.3267
vn 0.214331 0.254024 -0.943151
v -68.0522 -105.376 19.2081
vn -0.359251 -0.234028 0.903421
v -68.596 -103.549 22.8148
vn -0.529865 -0.196306 0.82505
v -69.6714 -104.116 22.5261
vn 0.155657 0.307695 -0.938667
v -67.944 -103.869 19.5709
vn 0.23766 0.31758 -0.917966
v -68.6948 -103.328 19.8399
vn 0.0595359 0.293709 -0.954039
v -68.6887 -104.307 19.5225
vn 0.32924 0.265773 -0.906072
v -68.9178 -104.142 19.5074
vn 0.206965 0.270491 -0.940213
v -69.257 -101.423 20.1506
vn 0.387248 0.340694 -0.856718
v -69.2793 -102.607 19.7972
vn 0.159158 0.389955 -0.906975
v -69.4417 -102.458 19.799
vn 0.261468 0.347294 -0.900567
v -69.4021 -102.618 19.7203
vn 0.246396 -0.270775 0.930575
v -69.1649 -99.6951 23.8347
vn 0.217871 0.222559 -0.950263
v -69.2549 -98.4402 20.9518
vn -0.398147 0.260053 -0.879688
v -69.6955 -98.5827 21.2393
vn -0.818018 -0.0408505 0.573741
v -70.2759 -97.1315 23.1903
vn -0.589914 0.18711 -0.785488
v -70.4966 -97.7722 21.7031
vn -0.212579 0.197668 -0.956942
v -69.6951 -97.596 21.5145
vn -0.256538 0.192303 -0.94721
v -70.0975 -97.673 21.5327
vn -0.963129 0.0118782 0.268779
v -69.974 -95.8029 23.7755
vn -0.936384 0.0558412 -0.346507
v -70.6656 -96.8575 22.2507
vn -0.878229 -0.0662621 0.473628
v -70.4362 -94.9085 23.2479
vn -0.99249 0.0721491 -0.0987847
v -70.3628 -93.2219 22.5316
vn -0.523993 -0.851366 -0.0246361
v -95.195 -56.9948 130.937
vn -0.638816 -0.764364 -0.0875243
v -95.0191 -56.9324 129.362
vn -0.944223 0.325817 -0.0478057
v -94.9719 -56.6051 128.606
vn -0.354095 -0.896575 -0.266028
v -94.8791 -56.9012 127.951
vn -0.938086 0.345072 -0.0303178
v -95.0115 -56.7518 128.163
vn -0.983379 -0.180597 -0.0187011
v -94.6451 -51.5314 122.573
vn -0.575589 -0.694321 -0.431991
v -94.2872 -51.2148 120.835
vn -0.728045 -0.56046 -0.394759
v -94.3468 -50.9251 120.261
vn -0.458736 -0.717044 -0.524794
v -94.5501 -51.307 121.189
vn -0.947702 -0.311783 -0.0682113
v -94.6795 -51.1571 121.402
vn -0.898294 -0.436059 -0.0540411
v -94.6841 -51.098 121.001
vn -0.57953 -0.651883 -0.489075
v -94.5603 -51.0485 120.823
vn -0.97652 -0.20992 -0.0483991
v -94.8489 -50.5531 121.278
vn -0.896012 -0.354937 -0.2668
v -94.7962 -50.6853 120.852
vn -0.765342 -0.518246 -0.38167
v -94.7233 -50.2408 120.12
vn -0.968073 -0.244266 -0.0562962
v -95.0734 -49.7369 122.416
vn -0.91907 -0.339758 -0.199688
v -94.8218 -50.199 120.318
vn -0.929515 -0.32595 -0.17251
v -95.1107 -48.5736 118.714
vn -0.640751 -0.695334 -0.325497
v -94.0511 -49.5683 118.082
vn -0.790081 -0.526117 -0.314601
v -94.9813 -48.7235 118.502
vn -0.726103 -0.647484 -0.231384
v -93.5538 -47.1054 112.023
vn -0.571717 -0.808237 -0.141039
v -92.3618 -46.8206 106.298
vn -0.491275 -0.85771 -0.151601
v -91.8193 -46.483 101.922
vn -0.732439 -0.649021 -0.205683
v -92.5427 -46.116 102.699
vn -0.895865 -0.258895 -0.361109
v -91.047 -45.7329 97.8595
vn -0.948794 -0.309894 -0.0612769
v -95.5427 -49.0282 125.346
vn -0.958835 -0.26892 -0.0911943
v -95.5934 -47.2572 120.312
vn -0.898106 -0.383494 -0.215261
v -95.2231 -47.0309 116.506
vn -0.822648 -0.505506 -0.260218
v -94.3719 -46.9882 114.179
vn -0.809454 -0.566443 -0.154685
v -94.1712 -45.7074 110.329
vn -0.908637 -0.393798 -0.138931
v -94.0125 -45.2337 107.356
vn -0.939429 -0.286127 -0.188693
v -93.8341 -44.9363 105.587
vn -0.843176 -0.503384 -0.188835
v -93.0631 -45.7469 103.712
vn -0.921893 -0.292788 -0.253747
v -93.3738 -45.2251 103.963
vn -0.964449 -0.0246532 -0.263117
v -93.4672 -44.6092 103.853
vn -0.900398 -0.294068 -0.320637
v -92.684 -45.4179 101.98
vn -0.931083 0.0626994 -0.359378
v -93.0227 -44.3296 102.532
vn -0.934922 -0.132417 -0.329222
v -93.1195 -44.8052 102.844
vn -0.896311 0.227692 -0.380504
v -92.2273 -43.9349 100.875
vn -0.975036 -0.129101 -0.180659
v -94.8857 -44.3976 111.685
vn -0.984625 0.0151116 -0.174025
v -94.1318 -44.562 106.841
vn -0.898522 0.334057 -0.284718
v -93.3903 -43.4254 104.28
vn -0.744135 0.584288 -0.323837
v -92.1034 -43.3445 101.204
vn -0.871171 -0.475895 -0.120767
v -96.9465 -45.5346 126.369
vn -0.850682 -0.508326 -0.133957
v -97.222 -45.1776 126.39
vn -0.926504 -0.35901 -0.112699
v -96.2716 -45.8311 122.311
vn -0.98574 -0.0510722 -0.160338
v -96.5894 -45.0503 122.196
vn -0.982056 -0.160365 -0.0992435
v -96.2203 -45.2339 119.755
vn -0.983322 0.144327 -0.110671
v -96.1926 -44.7991 119.631
vn -0.964211 0.228096 -0.135166
v -95.8869 -44.141 118.356
vn -0.992278 -0.0184435 -0.122653
v -96.1755 -45.0773 118.762
vn -0.979954 0.13523 -0.146299
v -95.7346 -44.338 117.112
vn -0.986302 -0.00685526 -0.164809
v -95.4836 -43.5688 115.028
vn -0.973083 0.170115 -0.155472
v -94.9114 -43.9206 112.587
vn -0.982938 -0.0352189 -0.180533
v -94.9314 -43.7534 112.819
vn -0.891118 0.415122 -0.183258
v -94.2323 -42.6144 108.815
vn -0.833561 0.492975 -0.249301
v -93.44 -42.6414 105.85
vn -0.784896 -0.616812 -0.0590099
v -97.9599 -45.391 133.84
vn -0.722756 -0.691093 -0.0038674
v -98.3365 -45.0286 133.642
vn -0.905429 -0.424183 -0.0163176
v -98.3587 -44.8917 134.073
vn -0.795559 -0.59433 -0.117718
v -97.661 -45.364 131.22
vn -0.722751 -0.677847 -0.134738
v -98.0269 -45.0512 131.425
vn -0.838927 -0.515743 -0.173809
v -97.9296 -44.9162 130.642
vn -0.943683 -0.293605 -0.152508
v -98.1806 -44.9051 131.633
vn -0.972143 -0.160472 -0.170839
v -98.0051 -44.7278 130.664
vn -0.967523 0.220643 -0.123356
v -98.1977 -44.5073 131.701
vn -0.933121 0.330945 -0.140573
v -97.7159 -44.2426 129.151
vn -0.985835 -0.0426023 -0.162216
v -97.2253 -44.8283 125.425
vn -0.877384 0.46729 -0.108799
v -96.1592 -43.1382 123.012
vn -0.950611 0.273763 -0.146261
v -96.5773 -44.1256 122.773
vn -0.917376 0.387692 -0.0900947
v -95.9058 -43.1518 119.967
vn -0.944057 0.312841 -0.104342
v -95.4136 -43.0168 115.547
vn -0.878869 -0.466002 -0.102137
v -98.6387 -44.8345 136.095
vn -0.944469 0.299649 -0.134866
v -98.368 -44.2417 135.214
vn -0.996702 0.0196994 -0.078726
v -98.381 -44.6351 133.705
vn 0.998603 0.0335552 -0.0408083
v -65.779 -127.729 13.4031
vn 0.719434 -0.209284 0.66228
v -66.4679 -126.48 15.1971
vn 0.886162 -0.125622 0.446023
v -66.0652 -121.635 16.2904
vn 0.991929 0.0858919 -0.0932755
v -65.9874 -121.133 15.7753
vn 0.852614 0.215316 -0.476119
v -66.1525 -120.903 15.412
vn 0.644768 -0.19798 0.738294
v -67.1922 -118.846 18.2399
vn 0.555145 0.321159 -0.767249
v -66.7385 -118.789 15.6714
vn 0.318063 0.434442 -0.842672
v -67.179 -118.437 15.5256
vn 0.50467 0.355067 -0.786915
v -67.3756 -119.22 15.0196
vn 0.31193 0.545294 -0.778045
v -67.5052 -118.662 15.2499
vn 0.562495 -0.234061 0.792979
v -66.964 -117.981 18.2404
vn 0.538311 0.308665 -0.784186
v -67.1131 -117.847 15.7848
vn 0.126555 0.447343 -0.885363
v -67.5174 -117.926 15.8152
vn 0.300798 0.264526 -0.916268
v -67.6537 -117.275 16.0015
vn 0.344894 0.209401 -0.914986
v -68.0317 -117.188 15.7397
vn 0.520518 0.292862 -0.802055
v -67.1087 -116.106 16.5184
vn 0.270608 0.309929 -0.911436
v -67.9377 -115.815 16.2995
vn -0.0737804 -0.322358 0.943738
v -68.3749 -114.59 19.936
vn -0.294019 -0.269836 0.916919
v -68.9828 -114.473 19.7839
vn -0.325429 -0.232751 0.916473
v -68.4777 -113.073 20.3197
vn -0.341634 -0.219273 0.913896
v -68.8154 -111.279 20.6238
vn 0.37872 -0.318814 0.868866
v -68.9879 -111.521 20.651
vn -0.0722903 -0.322478 0.943812
v -69.2378 -111.379 20.7728
vn -0.481416 -0.26759 0.834646
v -69.646 -112.213 20.3444
vn 0.00919611 -0.256223 0.966574
v -68.6937 -109.874 21.001
vn 0.302601 -0.230953 0.924713
v -68.9409 -109.73 21.1046
vn 0.425867 -0.217431 0.878272
v -68.9865 -110.533 20.9197
vn 0.335051 -0.280562 0.899459
v -69.0817 -111.157 20.8534
vn 0.043353 -0.247302 0.967968
v -69.2382 -110.394 21.0538
vn 0.0519684 0.257928 -0.964765
v -69.22 -110.493 17.6146
vn -0.690192 -0.187978 0.698784
v -70.6169 -106.96 21.133
vn -0.266089 0.232136 -0.93558
v -69.763 -105.842 18.8393
vn -0.554179 0.216922 -0.803636
v -70.1853 -105.943 18.9883
vn -0.915456 0.108687 -0.387463
v -70.7292 -105.529 19.6739
vn -0.154456 0.276682 -0.948467
v -69.674 -103.253 19.5021
vn -0.294375 0.304994 -0.905716
v -69.8875 -102.319 19.8697
vn -0.840364 0.208249 -0.500421
v -70.67 -102.175 20.6893
vn -0.86782 0.171793 -0.466235
v -70.4235 -100.479 21.2334
vn -0.997657 0.0491442 -0.0475887
v -70.7959 -100.512 21.7871
vn -0.862658 0.162242 -0.47906
v -70.7299 -100.472 21.5989
vn -0.845908 0.155369 -0.510196
v -70.3364 -100.891 20.7627
vn -0.840897 -0.0739461 0.53612
v -70.5322 -100.16 22.506
vn 0.976093 -0.0718774 0.205123
v -65.792 -134.82 11.3201
vn 0.489342 -0.278718 0.826354
v -66.5629 -133.771 12.9776
vn 0.822833 -0.167303 0.543097
v -66.0006 -132.6 12.7097
vn 0.685228 -0.199075 0.700594
v -66.4345 -132.359 13.3107
vn 0.922808 -0.114692 0.367791
v -65.9946 -130.626 13.2665
vn 0.211471 0.359766 -0.908762
v -66.3522 -130.37 11.1122
vn 0.435387 -0.261123 0.861541
v -67.0945 -126.622 15.3749
vn 0.0153384 0.36412 -0.931226
v -66.9811 -127.556 12.1389
vn 0.749718 0.263883 -0.606868
v -66.5499 -124.943 13.1645
vn 0.127953 0.336573 -0.932924
v -66.9785 -124.831 13.1625
vn 0.170083 0.353792 -0.91973
v -66.9927 -123.824 13.5012
vn 0.328022 0.333312 -0.883914
v -67.1528 -123.102 13.7576
vn 0.242233 0.321271 -0.915483
v -67.2229 -123.697 13.5257
vn -0.224476 0.326351 -0.918208
v -68.0989 -124.142 13.071
vn -0.0691727 -0.305447 0.949693
v -68.1659 -122.709 16.7542
vn -0.341855 -0.305504 0.888708
v -68.542 -122.755 16.5989
vn 0.188022 0.335063 -0.923244
v -67.6344 -122.562 13.6744
vn -0.202414 0.341439 -0.91785
v -68.1379 -122.284 13.9424
vn -0.129113 0.351847 -0.92711
v -68.3647 -123.093 13.6277
vn 0.425946 0.373771 -0.823933
v -68.4865 -120.798 14.5768
vn 0.159953 0.355964 -0.920709
v -68.6882 -121.587 14.1043
vn -0.158765 -0.345382 0.924935
v -68.5227 -120.01 17.5129
vn -0.0346381 -0.356967 0.933474
v -68.7606 -119.855 17.5557
vn -0.290329 -0.344122 0.892911
v -69.0717 -120.299 17.3879
vn 0.00471639 0.544708 -0.838613
v -67.8859 -118.714 15.1251
vn -0.277614 0.405619 -0.870864
v -68.3395 -118.614 15.2728
vn -0.420929 0.294091 -0.858096
v -68.3691 -119.398 14.982
vn 0.0938925 0.343126 -0.934585
v -68.7041 -118.883 15.2497
vn 0.108944 0.484729 -0.867853
v -67.782 -119.052 14.8449
vn -0.39762 0.312595 -0.86266
v -68.0918 -119.542 14.7107
vn -0.289796 -0.372449 0.881646
v -69.076 -117.581 18.4571
vn 0.330227 0.310979 -0.891203
v -68.1225 -117.807 15.6448
vn 0.0783969 0.133197 -0.987984
v -68.1777 -117.495 15.6775
vn -0.0610478 0.171699 -0.983256
v -68.2229 -117.215 15.6834
vn -0.000795583 0.373849 -0.927489
v -68.3359 -117.722 15.6131
vn -0.212444 0.188936 -0.958734
v -68.3954 -117.456 15.7106
vn -0.325324 0.202952 -0.923566
v -68.4719 -117.072 15.7992
vn -0.133355 0.283087 -0.949778
v -68.6816 -117.121 15.8646
vn 0.254917 0.326751 -0.910083
v -69.0074 -118.331 15.308
vn -0.113867 0.334351 -0.935545
v -68.3884 -116.462 15.9428
vn -0.00534241 0.326228 -0.945276
v -68.6098 -115.538 16.3621
vn -0.18405 0.303567 -0.934865
v -68.6821 -116.135 16.1455
vn 0.0728865 0.299393 -0.951342
v -68.777 -115.724 16.3116
vn 0.22798 0.269955 -0.935494
v -68.9232 -115.984 16.2095
vn 0.408606 0.286796 -0.866481
v -68.9965 -116.583 15.999
vn 0.530159 0.217537 -0.819518
v -69.1066 -116.001 16.1014
vn 0.38498 0.261463 -0.885114
v -69.2858 -116.014 15.966
vn 0.311011 0.295074 -0.90344
v -69.3199 -116.804 15.705
vn 0.134546 0.290027 -0.947513
v -69.5942 -116.455 15.7799
vn -0.418331 -0.321284 0.849574
v -69.3247 -114.716 19.6117
vn -0.775079 -0.246499 0.5818
v -70.3106 -114.764 18.7135
vn 0.435712 0.219088 -0.873015
v -69.1351 -114.812 16.3597
vn -0.968859 -0.0667695 0.238439
v -70.6239 -110.638 19.604
vn -0.723606 0.201422 -0.660169
v -70.5229 -110.413 18.2217
vn -0.991432 0.0835941 -0.100376
v -70.7789 -110.543 18.7758
vn -0.995718 0.0204621 0.0901465
v -70.8217 -110.98 18.897
vn -0.953823 0.131085 -0.270258
v -70.7838 -110.914 18.5037
vn -0.965268 -0.0794493 0.24889
v -70.8992 -106.566 20.9016
vn 0.888384 -0.208902 0.40882
v -66.0511 -143.263 8.3435
vn 0.975565 -0.0988407 0.196224
v -65.8307 -140.654 9.04564
vn 0.99547 0.0329257 -0.0891966
v -65.7756 -139.555 8.63314
vn 0.797811 0.233979 -0.555654
v -65.8884 -139.883 7.94145
vn 0.576234 0.324145 -0.750256
v -66.3425 -138.762 8.134
vn 0.388795 -0.332353 0.859291
v -66.9452 -137.77 11.752
vn 0.83226 -0.211212 0.512574
v -65.9671 -137.657 10.7896
vn 0.640948 0.309527 -0.702409
v -66.6331 -138.196 8.10905
vn 0.872173 0.190929 -0.4504
v -65.8862 -136.027 9.65359
vn 0.610443 0.279442 -0.741129
v -66.1957 -135.829 9.31607
vn 0.591089 0.257587 -0.764371
v -66.5607 -135.862 9.08776
vn -0.24995 -0.323975 0.91245
v -67.8622 -134.623 12.9449
vn 0.0600711 0.377095 -0.924224
v -66.6275 -134.48 9.39035
vn -0.558872 -0.277474 0.781454
v -68.1807 -132.116 13.6594
vn -0.420667 -0.313445 0.851347
v -68.5724 -131.944 13.3993
vn 0.0358167 0.360836 -0.931941
v -66.7609 -131.204 10.6868
vn -0.103941 0.373689 -0.921712
v -67.5846 -132.13 10.3618
vn -0.205949 -0.306495 0.929326
v -67.8937 -130.715 14.2633
vn -0.374016 -0.301245 0.877134
v -68.5125 -130.375 13.976
vn -0.16428 -0.335252 0.927695
v -68.8619 -130.627 13.8525
vn -0.222239 -0.307923 0.925091
v -68.8698 -128.663 14.4599
vn 0.196163 0.352165 -0.91515
v -67.2751 -128.966 11.5806
vn 0.201566 0.350621 -0.914569
v -68.054 -128.104 11.7244
vn -0.0565976 0.335784 -0.940237
v -69.0318 -127.513 12.0688
vn -0.556556 -0.283395 0.780982
v -68.9695 -126.334 15.2564
vn -0.798766 -0.212697 0.56279
v -69.4549 -125.744 14.8396
vn -0.238278 -0.31205 0.9197
v -69.7009 -125.929 14.3955
vn -0.212673 0.307127 -0.927601
v -69.3906 -126.04 12.7702
vn -0.830012 -0.215454 0.514451
v -69.6457 -124.365 15.0026
vn -0.253842 -0.313893 0.914896
v -69.9443 -124.794 14.7526
vn -0.301259 0.274798 -0.913088
v -68.4226 -124.669 13.0454
vn -0.169307 0.306346 -0.936743
v -69.0827 -124.614 13.2372
vn -0.712048 -0.276846 0.645247
v -69.5341 -122.459 16.1385
vn -0.295934 -0.295656 0.908301
v -70.0342 -122.453 15.4852
vn -0.162301 0.294473 -0.941777
v -69.6013 -123.131 13.6753
vn 0.116693 0.289537 -0.950027
v -69.6665 -119.025 15.0075
vn -0.739776 0.194587 -0.644103
v -70.3039 -119.581 15.1889
vn -0.949616 -0.147001 0.276804
v -70.4967 -118.589 16.5681
vn -0.958762 -0.115374 0.259738
v -70.7801 -114.118 17.9353
vn -0.983476 0.0240451 -0.179436
v -70.8077 -113.892 17.7658
vn 0.993089 -0.0697689 0.0943741
v -65.7922 -146.727 5.71355
vn 0.927009 0.157209 -0.340498
v -65.8802 -146.852 5.0619
vn 0.995609 0.0339659 -0.0872356
v -65.834 -144.791 6.46185
vn 0.806309 0.240854 -0.540236
v -66.0772 -143.581 6.31413
vn -0.0584019 -0.451966 0.890121
v -67.4574 -143.482 9.32305
vn -0.292722 -0.425274 0.856421
v -67.5923 -142.908 9.56964
vn 0.53279 -0.368798 0.761658
v -66.7703 -141.783 9.93461
vn -0.429271 -0.33424 0.839053
v -68.2719 -140.903 10.4449
vn -0.0242898 0.487649 -0.872702
v -67.6912 -140.462 6.83434
vn -0.0587107 -0.406863 0.911601
v -67.5876 -140.417 10.7863
vn 0.303144 0.400214 -0.864831
v -66.7405 -139.348 7.43053
vn -0.118718 0.388223 -0.913887
v -68.04 -139.213 7.67699
vn -0.82937 -0.179896 0.528945
v -68.3162 -137.76 11.3624
vn -0.382995 -0.299113 0.873983
v -68.5757 -138.379 11.062
vn -0.674662 -0.266628 0.688289
v -68.8812 -137.83 11.1353
vn 0.668457 0.269803 -0.693088
v -67.0042 -137.25 8.19929
vn -0.156896 0.351483 -0.922954
v -67.2646 -137.871 7.90501
vn -0.603512 -0.268282 0.750865
v -68.1371 -137.572 11.7069
vn -0.528105 -0.296425 0.795762
v -68.3109 -135.031 12.3678
vn -0.252394 -0.335124 0.907739
v -68.5288 -135.839 12.0018
vn -0.3853 -0.315656 0.867125
v -68.8008 -135.487 12.0614
vn -0.795747 -0.201201 0.571232
v -69.1933 -135.316 11.8075
vn -0.127794 0.339004 -0.932065
v -67.9182 -135.322 9.30124
vn -0.688445 0.248039 -0.681557
v -69.2872 -134.451 10.0324
vn -0.00634609 0.310121 -0.950676
v -68.6354 -133.875 9.73168
vn -0.0025005 0.323065 -0.946373
v -68.8784 -133.725 9.80789
vn -0.706077 0.224296 -0.671675
v -69.1292 -133.024 10.3098
vn -0.562351 0.229598 -0.794384
v -69.5252 -131.405 11.3667
vn -6.21877e-005 0.350748 -0.93647
v -68.2304 -132.058 10.4592
vn -0.521142 0.202192 -0.829174
v -70.2536 -130.808 11.9702
vn -0.620936 0.201198 -0.7576
v -70.0484 -128.941 12.1131
vn -0.904573 -0.16667 0.392389
v -70.3309 -129.678 12.5699
vn -0.59707 -0.259153 0.759175
v -70.0391 -127.154 13.9211
vn -0.266336 -0.303827 0.914743
v -70.1738 -124.629 14.7406
vn -0.869541 -0.169138 0.463995
v -70.5255 -123.791 14.202
vn 0.56277 -0.418068 0.713098
v -66.839 -151.669 4.47132
vn 0.636157 0.32701 -0.698834
v -66.3712 -149.726 3.05345
vn 0.748768 -0.335095 0.571889
v -66.3479 -149.248 5.38675
vn 0.252383 -0.481922 0.839079
v -67.1999 -149.314 6.15201
vn -0.0585676 -0.497232 0.865639
v -67.441 -149.163 6.21605
vn 0.387463 0.382711 -0.838692
v -67.1427 -147.868 3.42644
vn -0.120466 -0.477206 0.870496
v -67.8183 -147.711 7.03911
vn -0.310072 -0.421839 0.852002
v -68.2743 -147.614 7.202
vn -0.0880021 0.477914 -0.873987
v -67.8486 -146.644 3.98906
vn 0.145202 -0.438408 0.886969
v -68.1998 -146.264 7.88956
vn -0.276785 -0.436254 0.856197
v -67.6211 -144.441 8.78909
vn -0.427424 -0.390285 0.815467
v -68.3143 -144.938 8.50556
vn -0.689506 -0.311196 0.654017
v -68.5155 -144.74 8.30791
vn 0.179483 0.546086 -0.818276
v -68.0148 -143.651 5.71635
vn 0.208979 0.472356 -0.856275
v -68.2557 -143.491 5.77086
vn 0.0692294 0.414813 -0.907269
v -67.5381 -144.465 4.92391
vn -0.330608 -0.423163 0.843583
v -67.8369 -143.511 9.1719
vn -0.65359 -0.331345 0.680464
v -68.4021 -142.832 9.43119
vn -0.664366 -0.304351 0.682633
v -68.8484 -143.237 8.83885
vn -0.720742 -0.250115 0.646509
v -69.1623 -142.46 8.75974
vn -0.647965 -0.27805 0.709105
v -69.3674 -142.309 8.62453
vn 0.131607 0.258615 -0.956973
v -68.2004 -141.961 6.60463
vn -0.436612 0.409591 -0.801002
v -68.0268 -141.92 6.54986
vn -0.462894 0.3854 -0.798246
v -68.0064 -142.883 6.13817
vn -0.296004 0.369427 -0.880855
v -68.2225 -142.028 6.58922
vn 0.269818 0.338978 -0.901272
v -68.2653 -141.971 6.59294
vn 0.389676 0.483125 -0.784055
v -68.1166 -143.288 5.96279
vn 0.428193 0.375314 -0.822065
v -68.4177 -141.984 6.49202
vn 0.0683826 0.431146 -0.899687
v -67.5547 -142.74 5.74279
vn -0.683804 0.273039 -0.676655
v -67.9508 -141.12 6.79185
vn -0.56435 0.400811 -0.721706
v -68.0808 -141.747 6.69769
vn -0.0167443 0.364901 -0.930896
v -68.339 -140.629 7.15219
vn 0.413908 0.357421 -0.837216
v -68.3182 -141.591 6.73739
vn 0.604642 0.332964 -0.723562
v -68.531 -141.407 6.61582
vn 0.137061 0.394119 -0.908782
v -69.0348 -141.879 6.40079
vn -0.640172 -0.290683 0.711114
v -68.8189 -139.966 10.3773
vn -0.752443 -0.259695 0.6053
v -69.2776 -140.149 9.65886
vn -0.155968 -0.414896 0.896401
v -69.5347 -140.766 9.34328
vn -0.45759 -0.350589 0.817129
v -69.856 -140.235 9.52028
vn -0.667711 0.28424 -0.688019
v -68.0663 -139.994 7.36531
vn -0.0691964 0.322321 -0.944098
v -68.3082 -139.843 7.43444
vn 0.0725889 0.407158 -0.910468
v -68.3907 -139.467 7.56261
vn 0.730046 0.281214 -0.622858
v -68.4777 -139.845 7.23509
vn 0.49875 0.405338 -0.766126
v -68.6469 -140.082 7.24094
vn 0.0910682 0.405727 -0.909446
v -68.8208 -139.339 7.5551
vn -0.941396 -0.127222 0.312392
v -70.0711 -138.669 9.78012
vn -0.999676 -0.018834 0.0171281
v -70.1381 -139.221 9.2612
vn -0.849664 0.201937 -0.487127
v -70.0636 -139.149 8.87444
vn -0.99993 -0.0116116 -0.00231354
v -70.1644 -138.825 9.32759
vn -0.90754 0.161627 -0.387619
v -70.0139 -136.227 10.0171
vn -0.962291 -0.0871799 0.257674
v -70.089 -137.701 10.1548
vn -0.753408 0.206378 -0.624327
v -69.9691 -134.849 10.4742
vn -0.836471 -0.192717 0.513007
v -69.8517 -133.799 11.8509
vn -0.999661 -0.000185832 -0.0260212
v -70.0732 -134.324 10.9624
vn 0.632615 -0.213793 0.744373
v -66.469 -159.231 0.514267
vn 0.969975 -0.0978941 0.222631
v -66.276 -159.141 0.148863
vn 0.99813 -0.0153813 -0.0591615
v -66.2613 -158.678 -0.177519
vn 0.883552 -0.104188 0.456597
v -66.3723 -157.985 0.544985
vn 0.651411 -0.25141 0.715861
v -66.805 -157.73 1.05558
vn 0.456464 0.285926 -0.842548
v -66.8421 -157.853 -0.913634
vn 0.74032 -0.389875 0.547653
v -67.0292 -155.895 2.25403
vn 0.796951 -0.297511 0.525696
v -66.9601 -155.854 2.0664
vn 0.564484 -0.495595 0.660109
v -67.1904 -156.12 2.18942
vn 0.703447 -0.413941 0.577767
v -67.0435 -156.076 2.07259
vn 0.95368 -0.154705 0.257993
v -66.195 -155.584 1.2038
vn 0.853967 -0.211178 0.475545
v -66.3132 -156.604 1.00469
vn 0.999051 -0.0365357 0.0236928
v -66.2235 -156.53 0.620672
vn 0.928284 0.12536 -0.350105
v -66.2769 -155.707 0.553242
vn 0.714825 0.244446 -0.655188
v -66.4757 -156.082 0.068181
vn 0.827501 -0.320877 0.460739
v -66.9121 -155.646 2.10843
vn 0.559306 -0.370858 0.741378
v -67.1623 -155.545 2.50127
vn 0.746527 -0.343779 0.569661
v -66.9829 -155.492 2.36629
vn 0.741573 -0.33463 0.581457
v -66.7063 -155.484 1.96538
vn 0.128712 0.407744 -0.903979
v -67.0119 -154.383 0.415
vn 0.4721 0.37235 -0.799047
v -66.6618 -153.381 1.01855
vn -0.0860619 0.408763 -0.908574
v -67.3768 -152.917 1.1559
vn -0.15337 0.420865 -0.894064
v -67.5592 -153.92 0.763878
vn -0.134013 0.403638 -0.905051
v -67.74 -153.185 1.12368
vn 0.247545 0.378625 -0.891832
v -67.4152 -150.989 1.9642
vn 0.226023 -0.489736 0.842065
v -67.6537 -150.714 5.33048
vn 0.219142 -0.480005 0.849454
v -68.0277 -150.245 5.85437
vn -0.15705 -0.462634 0.872528
v -68.5774 -151.284 5.24926
vn 0.570469 0.298921 -0.764991
v -67.83 -150.844 1.85627
vn -0.277606 0.460366 -0.843207
v -68.1338 -149.543 2.40377
vn 0.00295636 0.45941 -0.888219
v -68.6022 -148.665 3.09337
vn 0.0416136 0.459712 -0.887092
v -68.9319 -148.939 2.88059
vn -0.35939 0.406217 -0.840135
v -69.1616 -148.792 2.98576
vn 0.175633 0.437647 -0.881827
v -67.8707 -148.919 2.67979
vn -0.602446 -0.303251 0.738307
v -68.9324 -147.083 6.96565
vn -0.688914 -0.287387 0.665436
v -69.3763 -147.486 6.35752
vn 0.152934 0.422705 -0.89327
v -68.7629 -147.952 3.36085
vn -0.428076 0.410823 -0.804969
v -69.433 -147.159 4.10264
vn -0.663318 -0.291133 0.689384
v -69.0748 -146.304 7.07343
vn 0.108201 0.450561 -0.886164
v -68.8245 -146.051 4.3213
vn -0.97833 -0.0798876 0.19102
v -70.2873 -144.041 6.94458
vn -0.0165702 -0.400293 0.916237
v -69.5289 -142.496 8.54277
vn -0.319418 -0.396572 0.860641
v -69.9728 -143.134 8.14114
vn -0.97109 0.134847 -0.196977
v -70.2804 -142.869 7.35931
vn -0.900622 0.234715 -0.365772
v -70.1906 -143.566 6.63298
vn 0.995762 -0.0751952 -0.0529548
v -66.9132 -165.3 -2.06887
vn 0.682161 0.139973 -0.71768
v -67.2447 -163.612 -2.76789
vn 0.485762 0.236887 -0.841379
v -67.5737 -161.867 -2.46955
vn 0.779693 -0.252567 0.572965
v -66.6293 -161.8 -0.377144
vn 0.482753 -0.245555 0.840626
v -67.7115 -161.711 0.441632
vn -0.454158 -0.191868 0.870015
v -67.9414 -161.547 0.432643
vn 0.751302 -0.306353 0.584545
v -68.3526 -159.661 1.06366
vn 0.645873 -0.346785 0.680138
v -68.5779 -159.829 1.31969
vn 0.217087 -0.355094 0.909275
v -68.0618 -159.991 0.879947
vn 0.858046 0.104533 -0.502822
v -66.6366 -160.019 -1.29911
vn 0.52326 -0.37533 0.765066
v -68.2275 -158.489 1.62591
vn 0.175548 0.353679 -0.918746
v -68.0441 -157.842 -1.10085
vn 0.339727 -0.42876 0.837108
v -68.3374 -156.421 2.78314
vn 0.358275 0.359771 -0.861513
v -67.9576 -156.478 -0.492413
vn 0.757817 0.240868 -0.60638
v -67.9735 -154.543 0.296493
vn 0.525015 0.335062 -0.782364
v -68.2125 -155.133 -0.255392
vn 0.298349 0.345608 -0.889687
v -68.3571 -155.329 -0.422886
vn -0.106614 0.436615 -0.893309
v -68.5379 -154.594 -0.063086
vn -0.431754 -0.326675 0.840757
v -69.3908 -154.447 3.40196
vn 0.691473 0.27446 -0.668234
v -68.2075 -153.378 0.463052
vn -0.16189 0.428907 -0.888724
v -69.056 -151.847 1.54942
vn -0.144081 0.415738 -0.897999
v -68.9563 -149.718 2.55574
vn 0.254204 0.406504 -0.877573
v -69.123 -150.702 2.06026
vn 0.286612 0.404364 -0.868529
v -69.2691 -150.913 1.91397
vn -0.500297 0.508885 -0.700528
v -69.3372 -150.756 2.15488
vn -0.561914 0.351543 -0.748779
v -69.2199 -149.592 2.76798
vn -0.566422 0.383567 -0.729413
v -69.3765 -149.066 3.17566
vn -0.778777 0.301339 -0.550183
v -70.2989 -147.008 4.77278
vn 0.929909 -0.122798 0.346683
v -67.4 -173.477 -2.97897
vn 0.811539 0.0420601 -0.582782
v -67.3317 -168.68 -3.34914
vn 0.0501706 -0.150994 0.987261
v -67.9961 -168.042 -1.56685
vn 0.162997 -0.209164 0.9642
v -68.4676 -167.726 -1.50875
vn 0.566145 0.116607 -0.816016
v -68.1361 -167.103 -3.89573
vn 0.420622 -0.229408 0.877752
v -67.6065 -166.757 -1.4302
vn -0.396527 -0.423169 0.814674
v -68.4368 -163.982 -0.392892
vn 0.29833 -0.256993 0.919214
v -68.842 -165.048 -0.634334
vn 0.582776 -0.262458 0.769082
v -68.0284 -163.303 0.17008
vn -0.675326 -0.152115 0.721662
v -68.0774 -162.969 0.149631
vn -0.418355 -0.422321 0.804129
v -68.1536 -163.571 -0.041599
vn -0.709331 -0.168089 0.68454
v -68.2078 -163.161 -0.099949
vn -0.0720909 -0.279233 0.957513
v -68.5106 -162.608 -0.044667
vn 0.511674 -0.303924 0.803629
v -68.7287 -162.667 0.075769
vn 0.0489942 -0.346835 0.936646
v -69.2234 -163.365 0.007857
vn 0.279574 0.239228 -0.929843
v -68.2695 -163.117 -3.22095
vn -0.219006 0.375999 -0.900367
v -68.5032 -161.97 -2.92773
vn -0.434151 -0.162223 0.886113
v -68.2349 -161.97 0.149197
vn -0.368138 -0.251711 0.895051
v -68.3278 -161.487 0.241706
vn -0.107485 0.374623 -0.920926
v -68.8029 -160.91 -2.19285
vn -0.400274 0.393048 -0.827825
v -68.8162 -161.666 -2.59796
vn 0.498722 0.212995 -0.840185
v -69.1435 -161.143 -2.3819
vn 0.223045 0.325092 -0.919003
v -69.187 -161.943 -2.58078
vn -0.354778 0.391442 -0.849062
v -68.3385 -159.252 -1.65608
vn -0.120925 0.365314 -0.922997
v -68.6593 -159.707 -1.75999
vn 0.443824 0.155149 -0.882581
v -68.8128 -159.926 -1.85759
vn 0.514921 0.113652 -0.84967
v -68.8671 -159.517 -1.91504
vn 0.207884 0.279309 -0.937428
v -69.0738 -159.443 -1.97357
vn 0.402374 0.19282 -0.894939
v -69.1731 -159.954 -2.11633
vn -0.100263 0.360008 -0.927546
v -69.4861 -159.414 -1.9941
vn -0.525507 -0.257363 0.81093
v -69.961 -158.982 1.40579
vn -0.264779 -0.326495 0.907355
v -70.191 -158.817 1.3968
vn 0.356898 0.283726 -0.890013
v -68.6109 -157.914 -1.31551
vn -0.297119 -0.331695 0.895376
v -70.3224 -157.275 1.91714
vn -0.919017 -0.101174 0.381014
v -70.8319 -156.465 1.36894
vn -0.406314 0.410802 -0.816181
v -69.6646 -154.454 0.361551
vn -0.929561 0.187704 -0.317307
v -70.4773 -151.663 2.68657
vn -0.619913 0.371648 -0.691076
v -70.164 -151.922 2.05755
vn 0.921692 -0.0510804 0.384545
v -68.2517 -178.426 -2.54983
vn 0.989958 -0.138648 0.0275601
v -67.9994 -177.065 -3.09131
vn 0.830903 -0.0561713 0.553574
v -68.2194 -177.39 -2.56627
vn 0.473125 0.013354 0.880894
v -68.5009 -177.075 -2.26917
vn 0.972012 -0.168399 -0.163815
v -67.6104 -174.911 -3.26583
vn 0.563292 -0.0656157 0.823648
v -68.0607 -174.508 -2.39459
vn 0.204814 -0.0730954 0.976068
v -68.4457 -174.801 -2.28379
vn 0.0723907 -0.0100523 0.997326
v -69.1045 -174.526 -2.19222
vn 0.924724 -0.120199 -0.361161
v -67.5308 -174.038 -3.50939
vn 0.601637 -0.0620919 -0.796353
v -67.872 -173.815 -4.04956
vn 0.890678 -0.0305498 -0.453608
v -67.4909 -172.77 -3.68898
vn 0.282116 -0.0472279 -0.958217
v -68.5815 -172.871 -4.36219
vn 0.268338 -0.1247 0.95522
v -68.1982 -170.29 -1.90068
vn 0.426473 -0.111272 0.89763
v -68.9012 -171.035 -1.91206
vn 0.371833 -0.157653 0.914815
v -69.1613 -170.906 -1.72326
vn 0.410316 -0.231057 0.882187
v -69.2469 -170.533 -1.5749
vn 0.331978 -0.109739 0.936882
v -69.1895 -171.925 -1.81551
vn 0.138402 -0.0633133 0.98835
v -69.3425 -171.158 -1.63828
vn 0.203257 -0.144012 0.968477
v -69.4038 -170.756 -1.65009
vn -0.176054 -0.0877753 0.980459
v -69.6231 -170.579 -1.72906
vn 0.555939 0.0335067 -0.830548
v -68.0548 -169.927 -4.15704
vn 0.267008 -0.16626 0.949244
v -68.6811 -168.766 -1.6969
vn 0.578715 -0.140866 0.803272
v -69.14 -169.895 -1.58536
vn 0.124807 -0.190988 0.973626
v -69.5728 -169.771 -1.57461
vn 0.235984 0.0883637 -0.967731
v -69.0385 -169.62 -4.67266
vn 0.298434 -0.204288 0.932311
v -70.1412 -168.109 -1.01615
vn 0.424301 0.133907 -0.895565
v -68.6512 -167.352 -4.24293
vn 0.0355763 0.192306 -0.98069
v -68.9111 -166.986 -4.26239
vn -0.361974 0.214447 -0.907186
v -69.5219 -167.109 -4.18797
vn 0.407303 -0.233738 0.882876
v -68.9268 -166.647 -1.04669
vn -0.226057 0.271714 -0.935452
v -69.0628 -165.23 -3.81642
vn -0.493049 0.238382 -0.836706
v -69.5536 -166.014 -3.82975
vn 0.568684 0.0202342 -0.822307
v -69.9674 -166.003 -3.89069
vn 0.199349 -0.245546 0.948666
v -69.262 -165.146 -0.500533
vn 0.291359 -0.226537 0.929403
v -70.0706 -165.304 -0.439849
vn 0.266233 -0.221649 0.938079
v -70.3163 -165.158 -0.345378
vn 0.00637827 0.199466 -0.979884
v -69.5247 -165.14 -3.61397
vn 0.372448 0.182489 -0.909934
v -69.5975 -164.752 -3.5497
vn 0.487278 0.164091 -0.857691
v -69.8034 -164.559 -3.71692
vn 0.125084 0.304307 -0.944326
v -69.8809 -164.177 -3.62222
vn 0.450854 0.103231 -0.886608
v -69.8952 -165.18 -3.80576
vn 0.112951 0.249762 -0.961697
v -69.9905 -164.582 -3.80065
vn -0.464556 0.33487 -0.819787
v -70.1727 -163.848 -3.43172
vn 0.366283 -0.257279 0.894228
v -70.2333 -163.562 0.079147
vn 0.151802 -0.27169 0.950337
v -69.805 -163.455 -0.109426
vn -0.241266 -0.207789 0.947953
v -70.7508 -162.827 0.025025
vn -0.462082 0.340435 -0.818892
v -70.4745 -163.586 -3.12777
vn -0.159467 0.306502 -0.938417
v -69.0366 -163.463 -3.22587
vn 0.1807 0.308539 -0.93389
v -69.3182 -163.123 -3.10231
vn 0.47371 0.230839 -0.849889
v -69.5436 -162.953 -3.14173
vn 0.3759 0.255111 -0.890852
v -69.6495 -162.367 -3.06662
vn -0.279144 0.31213 -0.908104
v -70.0054 -162.626 -3.14753
vn -0.0511035 -0.33474 0.940924
v -69.9471 -161.925 0.480894
vn -0.27902 -0.253187 0.926307
v -70.277 -161.167 0.507452
vn -0.317181 -0.164228 0.934037
v -70.2988 -162.179 0.3726
vn -0.114906 -0.300371 0.946876
v -70.4697 -161.196 0.460244
vn -0.198683 -0.204849 0.958416
v -70.7112 -162.031 0.249459
vn -0.269885 -0.273716 0.923169
v -70.8564 -161.254 0.374955
vn -0.396938 -0.192175 0.897502
v -70.867 -162.253 0.167073
vn -0.741494 -0.0895291 0.66496
v -70.9177 -162.055 0.157556
vn -0.546438 -0.128337 0.827608
v -70.9771 -162.658 -0.008212
vn -0.654256 0.296046 -0.695921
v -70.8691 -161.689 -2.23468
vn -0.199039 -0.350586 0.915136
v -70.4485 -160.421 0.806394
vn -0.296413 -0.303277 0.905628
v -70.491 -159.248 1.15596
vn -0.936413 -0.0402621 0.348582
v -70.99 -159.003 0.277857
vn 0.755016 -0.0426405 0.654319
v -69.1376 -184.131 -1.23314
vn 0.792283 -0.161879 -0.588287
v -69.0977 -184.346 -2.49757
vn 0.585072 0.0295482 0.810443
v -69.2043 -182.94 -1.03176
vn 0.444905 0.0128944 0.895485
v -69.4859 -182.804 -0.917173
vn 0.936684 -0.195216 -0.290711
v -68.7775 -181.803 -2.61336
vn 0.950155 -0.0636406 0.305214
v -68.572 -180.198 -2.09172
vn 0.826496 0.0349399 0.561858
v -68.7083 -180.68 -1.78724
vn 0.661673 0.118618 0.740351
v -68.7158 -180.063 -1.88421
vn 0.341428 0.180691 0.922376
v -69.1146 -180.594 -1.48879
vn 0.870619 -0.243128 -0.42768
v -68.6073 -180.455 -3.16962
vn 0.660272 -0.302525 -0.687401
v -68.9228 -181.024 -3.31874
vn 0.674154 -0.336477 -0.657495
v -68.9506 -180.483 -3.6377
vn 0.301302 -0.226067 -0.926343
v -69.2933 -181.16 -3.42647
vn 0.20005 -0.246061 -0.948385
v -69.3631 -180.532 -3.58871
vn 0.685153 0.0291484 0.727815
v -68.4513 -178.743 -2.22564
vn 0.206184 0.156639 0.965895
v -69.5415 -179.004 -1.6532
vn 0.15231 0.142681 0.977979
v -69.9481 -179.086 -1.60764
vn 0.988065 -0.152337 0.0228377
v -68.2899 -179.227 -2.69786
vn 0.912307 -0.17993 -0.36786
v -68.398 -178.945 -3.4859
vn 0.772371 -0.211261 -0.599008
v -68.6981 -179.293 -3.79874
vn 0.307366 -0.300643 -0.902851
v -69.1387 -178.88 -3.99776
vn 0.39204 -0.241188 -0.887768
v -68.7784 -178.468 -4.0752
vn 0.209398 -0.16613 -0.963615
v -69.3355 -178.704 -4.20174
vn -0.170558 -0.0108978 -0.985287
v -69.5566 -178.623 -4.22103
vn 0.456061 0.0507254 0.888502
v -69.153 -177.247 -1.92393
vn 0.418871 0.0995353 0.902574
v -70.1975 -177.248 -1.83268
vn 0.780779 -0.150986 -0.60629
v -68.3511 -177.413 -3.94641
vn 0.10109 -0.0563816 -0.993278
v -69.0958 -177.497 -4.30565
vn -0.0648725 -0.0586407 -0.996169
v -69.2224 -176.699 -4.30187
vn -0.47306 0.00213181 -0.881028
v -69.6532 -178.032 -4.1677
vn -0.0381994 -0.0730327 -0.996598
v -69.7504 -177.436 -4.15041
vn 0.286504 0.12372 0.950057
v -69.8501 -176.526 -2.11047
vn -0.0965936 0.110091 0.989217
v -69.5052 -176.043 -2.16478
vn 0.472353 -0.139969 -0.870225
v -69.7071 -176.162 -4.36421
vn 0.673889 -0.167498 -0.719596
v -69.9934 -175.118 -4.83151
vn 0.2928 -0.0110975 0.956109
v -70.3359 -175.004 -1.88842
vn 0.21538 -0.0299957 0.97607
v -69.825 -175.274 -2.20517
vn 0.561704 -0.13172 -0.816785
v -69.2508 -173.657 -4.52493
vn 0.709664 -0.136069 -0.691275
v -69.6042 -173.596 -4.8996
vn -0.020232 0.00749813 -0.999767
v -69.8572 -173.235 -4.9531
vn -0.148951 -0.0580742 0.987138
v -70.7367 -173.856 -1.80977
vn 0.0768168 -0.134547 0.987925
v -69.5049 -173.597 -2.02555
vn 0.304569 -0.096575 0.947582
v -69.9447 -173.481 -1.96916
vn -0.44902 0.0227267 -0.893233
v -70.1004 -173.073 -4.88675
vn -0.53 0.0833984 -0.843887
v -70.3439 -171.938 -4.52879
vn 0.107106 -0.0861059 0.990512
v -69.9223 -171.246 -1.76774
vn 0.0134516 -0.130216 0.991394
v -70.7434 -171.419 -1.62489
vn -0.373598 0.110171 -0.921025
v -70.1778 -170.481 -4.44374
vn 0.10122 0.0637552 -0.992819
v -70.4184 -170.329 -4.38274
vn 0.346537 -0.00550045 -0.93802
v -69.2355 -170.877 -4.7621
vn -0.285364 0.122266 -0.950588
v -69.7946 -171.177 -4.82023
vn 0.0778346 -0.14147 0.986878
v -71.3712 -170.339 -1.36827
vn 0.221958 -0.19436 0.955489
v -69.8637 -170.427 -1.66806
vn 0.290112 -0.233879 0.927974
v -70.0302 -169.675 -1.40259
vn -0.0774264 -0.170354 0.982336
v -70.7321 -169.196 -1.35044
vn 0.160904 -0.141951 0.976709
v -70.9498 -170.24 -1.5112
vn -0.449603 0.182188 -0.874451
v -69.8826 -168.597 -4.30806
vn 0.267451 -0.212977 0.93974
v -70.8789 -168.461 -1.17958
vn 0.313969 -0.210701 0.925758
v -71.0539 -167.68 -0.892531
vn 0.305621 -0.22009 0.926367
v -71.3028 -168.524 -1.05463
vn -0.385578 -0.124463 0.914242
v -71.7774 -167.975 -1.18349
vn 0.275225 0.0508441 -0.960034
v -70.3357 -168.497 -4.16343
vn 0.503778 -0.0510665 -0.862322
v -70.5444 -168.308 -4.31239
vn 0.48999 -0.0387703 -0.870866
v -70.7297 -168.327 -4.40828
vn 0.0605123 -0.218326 0.973998
v -70.6856 -167.34 -0.951123
vn -0.13609 -0.182079 0.973821
v -71.2874 -166.444 -0.678163
vn 0.588136 0.00585844 -0.808741
v -70.1621 -165.808 -4.05744
vn -0.540884 0.274926 -0.794896
v -70.6382 -165.561 -3.91424
vn -0.685828 0.269549 -0.676006
v -70.6458 -164.757 -3.43401
vn -0.0822141 0.249047 -0.964996
v -70.2777 -165.234 -3.91844
vn -0.699614 0.362191 -0.61592
v -70.5934 -164.915 -3.58727
vn -0.542867 0.289988 -0.788164
v -70.8773 -163.768 -3.01595
vn -0.972693 0.0605177 0.224069
v -71.3257 -162.401 -0.787404
vn -0.974301 0.145836 -0.171669
v -71.2746 -162.473 -1.61409
vn 0.806556 -0.166603 0.567196
v -69.6861 -189.003 -0.949469
vn 0.556854 -0.116038 0.822465
v -69.8323 -189.457 -0.846848
vn 0.495589 -0.128902 0.858939
v -69.9668 -189.087 -0.735865
vn 0.975606 -0.169188 0.139887
v -69.629 -189.735 -1.48161
vn 0.782608 -0.173742 0.597777
v -69.5812 -188.386 -0.823871
vn 0.708847 -0.026249 0.704874
v -69.6155 -187.59 -0.687796
vn 0.544559 -0.159455 0.823426
v -70.1829 -188.157 -0.351086
vn -0.776706 0.2977 0.555069
v -70.2522 -187.751 -0.402319
vn -0.718782 0.202007 0.665241
v -70.2625 -187.303 -0.656613
vn -0.745689 0.0770277 0.661827
v -70.3931 -188.173 -0.498825
vn 0.971947 -0.132665 -0.194215
v -69.3712 -187.803 -1.71533
vn 0.758845 -0.141196 -0.635781
v -69.6961 -187.785 -2.2381
vn 0.573549 0.00736522 0.819138
v -69.9215 -187.061 -0.478332
vn 0.952226 -0.0744403 0.296183
v -69.1993 -185.973 -1.36427
vn 0.397245 0.0576278 0.915901
v -69.6363 -185.939 -0.761835
vn 0.0342218 0.104712 0.993914
v -70.0677 -185.813 -0.760217
vn -0.347875 0.0961672 0.932596
v -70.2449 -185.85 -0.885283
vn 0.157647 0.00618211 0.987476
v -69.861 -184.545 -0.734681
vn -0.209056 0.0826782 0.974402
v -70.0936 -184.147 -0.933667
vn -0.184615 0.00279222 0.982807
v -70.3905 -184.811 -0.987557
vn 0.338698 0.0433692 0.939895
v -70.5449 -185.268 -0.872149
vn 0.444898 -0.0872123 -0.891325
v -70.2349 -184.196 -3.53129
vn -0.265266 0.21684 0.939476
v -69.7479 -182.204 -1.12967
vn 0.0657969 0.0621966 0.995893
v -69.9081 -182.559 -1.0711
vn 0.374969 0.0091349 0.926992
v -69.9609 -182.256 -1.04299
vn -0.297133 0.174107 0.938828
v -70.1167 -182.478 -1.12537
vn -0.1848 0.202382 0.961712
v -70.1379 -182.266 -1.19366
vn 0.176389 0.124078 0.976469
v -70.6512 -183.223 -0.931311
vn 0.581611 -0.151801 -0.799178
v -69.6044 -183.299 -3.25043
vn 0.425041 -0.104814 -0.899085
v -69.9606 -182.3 -3.49786
vn 0.773585 -0.206236 -0.599194
v -69.9605 -181.863 -3.67336
vn 0.672179 -0.262909 -0.692138
v -70.084 -182.518 -3.55531
vn 0.645404 -0.280577 -0.710444
v -70.0851 -182.317 -3.72523
vn 0.64159 -0.305644 -0.703523
v -70.2599 -182.529 -3.71082
vn 0.189598 -0.104378 -0.976298
v -70.6816 -182.392 -3.77311
vn 0.387358 0.0407937 0.921027
v -69.8124 -181.806 -1.12017
vn -0.187081 0.211743 0.959253
v -69.8739 -181.168 -1.33719
vn -0.529925 0.25689 0.8082
v -69.9949 -181.823 -1.23432
vn -0.146824 0.19122 0.970504
v -71.3257 -181.488 -0.989077
vn 0.479993 -0.230205 -0.84653
v -69.6891 -181.015 -3.63908
vn 0.923158 -0.326688 -0.202619
v -69.7656 -181.178 -3.88515
vn 0.945078 -0.177196 -0.274645
v -69.6949 -180.789 -3.80515
vn 0.8614 -0.330963 -0.385298
v -69.823 -181.374 -3.72321
vn -0.25944 -0.0358604 -0.965093
v -69.8923 -180.609 -4.00863
vn 0.841982 -0.393596 -0.368984
v -69.9709 -181.462 -3.96674
vn 0.381868 -0.0595397 -0.922297
v -70.0078 -181.209 -3.98349
vn -0.0426878 -0.113953 -0.992569
v -70.1661 -181.67 -3.84241
vn -0.229155 -0.053302 -0.971929
v -70.2596 -181.069 -3.84946
vn 0.22602 -0.161507 -0.960641
v -70.7424 -180.294 -4.13181
vn 0.482592 -0.183647 -0.856375
v -70.3319 -178.985 -4.13209
vn 0.54595 -0.248791 -0.800026
v -70.5017 -179.087 -4.24184
vn 0.332517 -0.240019 -0.912043
v -70.8406 -179.463 -4.31467
vn 0.645367 -0.275903 -0.712306
v -70.539 -178.557 -4.49844
vn 0.221177 0.14615 0.96422
v -70.4864 -178.375 -1.52483
vn 0.0726657 0.127605 0.98916
v -70.6389 -177.238 -1.67491
vn -0.191967 0.136917 0.971804
v -71.5521 -178.165 -1.50186
vn -0.556862 0.0130907 -0.830502
v -71.09 -178.098 -4.12522
vn 0.693143 -0.214883 -0.688025
v -70.1159 -177.233 -4.58228
vn 0.682521 -0.158175 -0.713545
v -70.27 -177.453 -4.67544
vn 0.68558 -0.252623 -0.68276
v -70.3879 -178.341 -4.38562
vn 0.34686 0.23132 -0.908944
v -70.6128 -178.17 -4.42808
vn -0.525543 0.0521061 -0.84917
v -70.7861 -178.413 -4.39484
vn 0.169987 0.0846332 0.981805
v -71.1236 -176.598 -1.82817
vn 0.347588 0.0371088 0.936913
v -71.2561 -175.806 -1.78574
vn -0.502846 -0.00804283 -0.864338
v -70.4525 -175.44 -4.61369
vn -0.450879 -0.0364353 -0.891841
v -70.9748 -175.991 -4.32716
vn -0.0985558 0.0299581 0.99468
v -70.9029 -175.313 -1.89482
vn 0.121423 -0.034964 0.991985
v -71.0866 -174.109 -1.93023
vn 0.0976171 0.00371665 0.995217
v -71.6588 -174.661 -1.69491
vn -0.105687 0.0291192 0.993973
v -71.7322 -175.496 -1.69721
vn -0.14791 -0.0157785 0.988875
v -71.8809 -174.487 -1.75563
vn 0.0176863 -0.0430263 0.998917
v -72.1077 -174.319 -1.78591
vn -0.0879478 -0.0119109 0.996054
v -72.0825 -175.749 -1.81463
vn 0.194235 0.00318583 0.98095
v -72.2493 -174.761 -1.75437
vn 0.0702352 -0.0774239 -0.994521
v -71.437 -173.969 -4.67378
vn -0.486568 -0.0436255 -0.872553
v -71.873 -174.693 -4.49167
vn 0.1119 -0.0556078 0.992162
v -71.3423 -172.751 -1.69921
vn 0.00587109 -0.0357587 0.999343
v -72.2486 -173.537 -1.6878
vn -0.16478 -0.0168202 0.986187
v -72.3792 -172.729 -1.75507
vn -0.335754 0.0443499 -0.940905
v -70.7811 -173.153 -4.46285
vn 0.236727 -0.0291374 -0.971139
v -71.1968 -172.875 -4.68203
vn -0.235499 0.0468604 -0.970744
v -71.4042 -172.727 -4.68738
vn 0.304313 0.0267598 -0.952196
v -70.8591 -171.201 -4.59813
vn -0.79027 0.217071 -0.573021
v -72.0319 -171.885 -4.22245
vn -0.82534 0.0394639 0.563255
v -72.1054 -170.648 -1.58924
vn -0.837623 0.0420045 0.544631
v -72.4247 -170.844 -2.04342
vn -0.897411 0.177476 -0.403926
v -71.7946 -167.472 -3.19717
vn 0.786018 -0.203856 0.583626
v -70.6654 -193.853 -1.34365
vn 0.905326 -0.230584 0.356674
v -70.6253 -194.418 -1.6432
vn 0.596361 -0.212224 0.774154
v -71.0034 -194.767 -1.14663
vn 0.657677 -0.222845 0.719584
v -71.1129 -193.548 -0.741364
vn 0.731232 -0.110524 -0.673116
v -70.3813 -192.503 -2.29303
vn 0.867516 -0.20826 0.451711
v -69.9931 -191.685 -1.26704
vn 0.549808 -0.143571 0.82286
v -70.9815 -191.972 -0.568163
vn -0.424272 -0.0209754 0.905292
v -71.1345 -192.191 -0.668806
vn -0.522251 0.0352607 0.852062
v -71.192 -191.785 -0.704953
vn 0.22092 0.000914166 0.975291
v -71.4011 -191.832 -0.644328
vn 0.955901 -0.164558 -0.243257
v -69.9462 -191.387 -1.82328
vn -0.0541696 -0.0417796 0.997657
v -70.4265 -188.994 -0.548629
vn 0.193376 -0.0449678 0.980094
v -70.4607 -190.021 -0.601324
vn -0.487414 0.195025 0.851113
v -70.6141 -189.017 -0.62931
vn -0.284249 0.110353 0.952379
v -70.7951 -189.032 -0.752592
vn -0.322205 0.0579806 0.944893
v -70.8258 -190.291 -0.621374
vn 0.198438 -0.00954079 0.980067
v -71.5275 -190.048 -0.36401
vn -0.603868 0.17505 0.777625
v -70.6319 -188.801 -0.718892
vn 0.554512 -0.145294 -0.819394
v -70.7454 -187.888 -3.17193
vn 0.233044 0.00405803 0.972458
v -71.8567 -186.844 -0.201266
vn -0.526188 0.173482 0.832484
v -72.3266 -186.29 -0.360554
vn -0.0517066 0.160074 0.98575
v -71.775 -184.539 -0.389335
vn -0.241325 0.132536 0.961351
v -72.0067 -185.836 -0.250553
vn -0.416717 0.156029 0.895546
v -72.1065 -185.006 -0.423262
vn -0.3194 0.150588 0.935578
v -72.3166 -184.819 -0.563095
vn 0.160497 -0.0789672 -0.983872
v -70.7769 -184.476 -3.70201
vn -0.383003 0.00482742 -0.923735
v -71.9105 -185.131 -3.47557
vn -0.383007 -0.0360319 -0.923042
v -71.949 -183.916 -3.39415
vn -0.228662 0.181029 0.956526
v -72.0053 -184.138 -0.603535
vn -0.14898 0.162261 0.975437
v -72.4869 -183.598 -0.686749
vn -0.535303 0.233318 0.811796
v -72.5631 -182.741 -1.01465
vn -0.476949 -0.0190765 -0.878724
v -71.7558 -183.651 -3.55789
vn -0.0284226 -0.0969695 -0.994881
v -71.919 -182.659 -3.52081
vn -0.0460014 -0.0695584 -0.996517
v -71.0121 -182.858 -3.81312
vn -0.329381 -0.0897188 -0.939925
v -71.1182 -182.143 -3.85134
vn -0.34086 0.208604 0.916678
v -72.2564 -182.066 -1.02466
vn 0.0155192 -0.175955 -0.984276
v -71.0914 -180.782 -4.0501
vn 0.198591 -0.164763 -0.966134
v -71.5475 -180.922 -3.67896
vn -0.0280753 -0.145369 -0.988979
v -71.9099 -181.188 -3.71726
vn -0.419267 -0.120214 -0.899869
v -72.269 -181.062 -3.62916
vn -0.015143 0.140007 0.990035
v -72.3893 -179.343 -1.53038
vn -0.277396 -0.138847 -0.95067
v -72.0372 -180.155 -3.91565
vn -0.843606 -0.0467002 -0.534928
v -72.3955 -179.02 -3.69645
vn -0.771622 -0.0163134 -0.635872
v -72.4981 -179.727 -3.22139
vn -0.354491 0.111406 0.928399
v -71.9843 -177.803 -1.70241
vn -0.364755 0.11664 0.923769
v -72.1732 -177.827 -1.77396
vn 0.289816 0.00686775 0.957058
v -72.4115 -177.673 -1.72818
vn 0.0364799 0.0686315 0.996975
v -72.6525 -177.563 -1.62825
vn 0.0953024 -0.125013 -0.987567
v -71.554 -177.53 -4.3307
vn 0.267094 -0.0319366 0.963141
v -72.5194 -177.089 -1.6409
vn -0.428985 0.0729093 0.900364
v -72.8198 -176.293 -1.83882
vn 0.19414 -0.0559083 0.979379
v -72.3218 -175.595 -1.76276
vn 0.108702 -0.0553657 0.992531
v -72.3964 -175.209 -1.68632
vn -0.127747 0.0222873 0.991556
v -72.4734 -174.697 -1.70806
vn -0.209376 -0.0108682 0.977775
v -72.5592 -175.439 -1.72306
vn -0.974796 0.0940926 0.202287
v -72.8843 -175.333 -2.29438
vn -0.930627 0.0343308 -0.364357
v -72.7081 -175.465 -3.11258
vn -0.971032 0.0919293 -0.220559
v -72.6641 -173.425 -2.94907
vn 0.430504 -0.128495 0.893395
v -71.8392 -197.356 -1.36602
vn -0.0434885 -0.0564326 0.997459
v -72.4212 -196.713 -0.886237
vn 0.945249 -0.193949 -0.262467
v -70.956 -196.242 -2.22294
vn 0.787237 -0.188572 0.58711
v -71.1728 -196.28 -1.44105
vn 0.371886 -0.183475 0.909966
v -71.5722 -196.491 -1.3226
vn 0.488473 -0.171788 0.855502
v -71.9157 -196.972 -1.27741
vn 0.616179 -0.0919483 -0.782221
v -71.0803 -195.611 -2.54053
vn -0.329062 0.121363 0.936477
v -71.5907 -194.54 -0.645142
vn -0.342072 0.0898124 0.935372
v -71.7774 -194.561 -0.731909
vn -0.225593 0.0392865 0.973429
v -72.1341 -194.822 -0.806732
vn 0.570445 -0.203315 0.795774
v -72.3543 -194.882 -0.673101
vn 0.348092 -0.202503 0.915327
v -72.5768 -194.946 -0.523828
vn 0.503994 -0.23797 0.830277
v -71.4979 -195.476 -1.14232
vn 0.183206 0.0870883 -0.979209
v -72.2445 -193.848 -3.33036
vn -0.175415 0.00750158 0.984466
v -72.095 -193.04 -0.301385
vn 0.766825 -0.292931 0.571114
v -72.1918 -193.666 -0.356753
vn -0.468063 0.0879936 0.879303
v -72.7274 -193.939 -0.570072
vn -0.345333 0.0473307 0.937286
v -71.3618 -193.246 -0.765666
vn 0.506063 -0.322716 0.799847
v -71.4576 -192.648 -0.757506
vn 0.433344 -0.30679 0.847404
v -71.5676 -192.483 -0.62139
vn 0.440943 -0.176469 0.880016
v -71.548 -193.267 -0.855476
vn 0.795698 -0.285056 0.534423
v -71.7642 -193.273 -0.79155
vn 0.803378 -0.309787 0.508542
v -71.8602 -193.16 -0.580709
vn 0.488759 -0.034434 -0.871739
v -71.0788 -192.679 -2.83314
vn 0.430938 -0.111261 -0.895496
v -72.4574 -192.209 -3.58357
vn 0.8522 -0.205329 0.481244
v -71.6168 -192.124 -0.332468
vn -0.0380083 -0.00817312 0.999244
v -71.9844 -190.997 -0.420837
vn -0.181263 -0.00342868 0.983429
v -72.9962 -190.151 -0.11157
vn 0.278815 -0.076385 0.957302
v -72.1782 -190.177 -0.304588
vn -0.247881 0.0648867 -0.966615
v -72.8661 -189.997 -3.25277
vn 0.171083 -0.0166711 0.985116
v -72.6853 -188.248 -0.079352
vn -0.414913 0.101722 0.904157
v -72.9766 -188.905 -0.169757
vn -0.38465 0.156315 0.909731
v -73.0484 -188.279 -0.319829
vn -0.0502178 0.0381494 0.998009
v -73.3292 -189.161 -0.271966
vn -0.0914091 -0.00429017 0.995804
v -73.6339 -188.61 -0.204513
vn -0.327522 0.077984 -0.94162
v -73.0947 -188.69 -3.12778
vn 0.491143 -0.101655 -0.865127
v -71.6327 -188.358 -3.54283
vn -0.139143 0.0779908 0.987196
v -72.4866 -186.517 -0.415554
vn 0.160461 -0.0460159 0.985969
v -72.9942 -187.23 -0.39798
vn 0.208836 -0.0481851 0.976763
v -73.0716 -186.847 -0.303281
vn -0.0793542 0.0704171 0.994356
v -73.2777 -186.891 -0.262245
vn -0.49867 0.0800641 -0.863086
v -73.3576 -186.252 -2.66245
vn -0.307247 -0.00340454 -0.951624
v -72.3183 -185.651 -3.2497
vn -0.648455 0.090322 -0.755876
v -73.2049 -186.486 -2.88615
vn -0.149052 -0.0725688 -0.986163
v -72.4362 -184.842 -3.30373
vn -0.19407 -0.0636657 -0.97892
v -72.7929 -185.339 -3.17161
vn -0.504306 0.0127509 -0.863431
v -73.1911 -184.661 -2.69644
vn -0.125756 -0.0226817 -0.991802
v -73.364 -184.903 -2.66623
vn -0.429822 0.156763 0.889201
v -73.1014 -183.017 -1.20971
vn -0.977144 0.172572 0.124132
v -73.8027 -183.436 -2.02462
vn -0.319577 -0.0257646 -0.94721
v -73.1692 -183.413 -2.76984
vn -0.912044 0.141352 0.384963
v -73.4856 -181.524 -2.04758
vn -0.442608 0.0145115 -0.896598
v -73.4931 -182.266 -2.59135
vn -0.982525 0.104327 -0.154145
v -73.5733 -181.908 -2.33459
vn 0.93996 -0.180094 0.289897
v -72.3647 -203.112 -2.01417
vn 0.769542 -0.108535 0.629306
v -72.7155 -203.235 -1.62718
vn 0.807707 -0.113522 -0.578552
v -71.8106 -199.871 -2.38126
vn 0.537445 -0.0512654 -0.841739
v -72.5224 -198.867 -3.09917
vn 0.575415 -0.204542 0.791871
v -72.2852 -197.484 -1.06139
vn 0.364579 -0.153359 0.918457
v -72.6909 -198.788 -1.09201
vn -0.189355 0.00858715 0.981871
v -72.7954 -196.977 -0.956373
vn -0.224292 -0.0334 0.973949
v -73.7516 -197.584 -0.824592
vn -0.22973 -0.100621 0.968039
v -74.0572 -196.43 -0.674072
vn -0.490292 0.0912418 0.866769
v -72.8611 -194.371 -0.590263
vn -0.27853 -0.0022307 0.960425
v -72.9415 -195.215 -0.546921
vn 0.385169 -0.0601861 -0.920881
v -72.3109 -194.675 -3.3783
vn -0.0186771 0.0513081 -0.998508
v -72.3629 -194.263 -3.45097
vn 0.0674901 0.00671912 -0.997697
v -72.5504 -194.512 -3.39056
vn -0.299664 0.0100922 -0.953991
v -72.5727 -194.311 -3.38559
vn 0.373429 -0.0956484 -0.922715
v -72.6068 -194.115 -3.36867
vn 0.397136 -0.0407027 -0.916857
v -72.7953 -194.138 -3.44326
vn 0.392577 -0.160314 0.90564
v -72.9325 -193.982 -0.535122
vn 0.185614 -0.155473 0.970245
v -73.0616 -193.423 -0.307873
vn 0.505321 -0.154069 0.849066
v -73.1152 -194.235 -0.44102
vn -0.608441 0.0971213 0.787634
v -74.4225 -193.4 -0.76443
vn 0.465953 -0.12866 -0.875405
v -72.8371 -193.714 -3.58287
vn -0.222394 0.117082 -0.967901
v -73.0337 -192.524 -3.53308
vn -0.393867 -0.0141816 0.919058
v -73.9939 -192.543 -0.469922
vn -0.299046 -0.0671481 0.951873
v -74.0716 -191.924 -0.580435
vn -0.470949 0.0238579 0.881838
v -74.3533 -192.57 -0.734742
vn -0.102214 -0.0928281 0.990422
v -74.4293 -192.185 -0.649172
vn -0.269531 -0.037353 0.962267
v -74.1885 -190.128 -0.362687
vn -0.618188 0.173064 -0.766742
v -73.7478 -189.85 -3.0528
vn -0.609055 0.18995 -0.770046
v -73.9788 -189.975 -2.80212
vn -0.197164 0.0935087 -0.975901
v -74.2788 -189.604 -2.60369
vn -0.299542 0.122274 -0.946216
v -74.5106 -189.442 -2.60051
vn -0.627445 0.161975 0.761628
v -73.8537 -188.434 -0.280445
vn -0.790353 0.18404 0.584356
v -74.5674 -188.001 -1.3086
vn -0.149596 0.0269108 -0.988381
v -73.9669 -187.7 -2.57756
vn -0.181061 0.00825968 -0.983437
v -74.1005 -186.91 -2.52814
vn -0.949158 0.173362 -0.262762
v -74.2816 -185.974 -2.13751
vn 0.790453 -0.0282309 0.611872
v -72.014 -211.145 -0.101168
vn -0.171191 -0.978405 0.115835
v -72.1272 -211.463 0.030444
vn 0.790453 -0.0282309 0.611872
v -72.1824 -211.208 0.113577
vn 0.612062 0.476554 0.631092
v -72.4433 -210.836 0.09382
vn 0.011363 -0.307489 0.951484
v -72.8698 -210.889 0.224856
vn -0.54134 -0.677631 0.497762
v -73.0704 -210.941 -0.020265
vn 0.356786 -0.916597 -0.180423
v -71.9948 -211.282 -0.533439
vn 0.941064 0.309727 0.135898
v -72.1208 -210.701 -0.449448
vn 0.745023 -0.534291 -0.399341
v -72.2396 -211.031 -1.14224
vn 0.141318 -0.98295 -0.117634
v -72.3983 -211.383 -0.81816
vn 0.059484 -0.997618 0.0349267
v -72.5307 -211.36 -1.24496
vn -0.247076 -0.955455 0.16143
v -72.765 -211.339 -1.10418
vn 0.856642 -0.249754 -0.451427
v -72.7281 -211.188 -2.06612
vn -0.161723 -0.977582 0.134832
v -72.9592 -211.511 -2.1586
vn -0.199849 -0.963743 0.176804
v -73.0868 -211.405 -1.543
vn 0.726891 0.443847 0.52405
v -72.2806 -210.556 -0.242581
vn 0.287241 0.390321 0.874724
v -72.8639 -209.847 -0.205402
vn -0.411792 -0.102578 0.905486
v -73.2886 -210.571 -0.011876
vn -0.346288 -0.76263 0.546334
v -73.4323 -210.779 -0.173377
vn 0.762092 0.423267 0.489961
v -72.4451 -209.461 -0.894719
vn 0.772128 0.376837 0.511675
v -72.8113 -209.579 -0.56052
vn 0.941768 0.0298062 -0.334939
v -72.7685 -208.902 -2.28242
vn 0.75583 -0.100022 -0.647083
v -73.0913 -209.908 -2.8298
vn 0.984819 0.173581 0.000958435
v -72.6168 -208.768 -1.61928
vn 0.907886 0.269891 0.320782
v -72.9412 -208.969 -0.677297
vn 0.713348 0.280871 0.642064
v -73.0846 -208.166 -0.967387
vn 0.24914 0.34002 0.906817
v -73.2801 -208.629 -0.618756
vn -0.203683 0.297845 0.932631
v -73.4581 -208.877 -0.555082
vn 0.711053 -0.0497815 -0.701374
v -73.3042 -208.028 -3.2949
vn 0.691191 0.111889 0.713958
v -73.3001 -206.483 -1.24483
vn 0.930765 -0.045986 -0.362715
v -72.9371 -207.006 -2.80246
vn 0.138104 0.0486727 0.989221
v -74.1301 -205.207 -1.18017
vn 0.753841 0.0110383 0.656965
v -72.7208 -205.461 -1.86929
vn 0.793662 -0.0716471 0.604125
v -72.8748 -205.114 -1.62582
vn 0.596923 0.0241487 -0.801935
v -73.5327 -203.483 -3.72285
vn 0.720342 -0.0388328 -0.692531
v -73.8508 -202.481 -3.97672
vn 0.296942 -0.0720836 0.952171
v -73.3402 -202.152 -1.391
vn 0.0960483 -0.0315717 0.994876
v -73.9076 -201.272 -1.10054
vn 0.470917 0.00686575 -0.882151
v -73.2261 -201.822 -3.45499
vn 0.6627 -0.0712158 -0.745491
v -73.3419 -200.901 -3.61872
vn 0.660646 -0.0332434 -0.749961
v -73.5708 -202.068 -3.60893
vn 0.399491 0.0213817 -0.916488
v -74.0798 -202.073 -4.20395
vn 0.0194326 -0.0290442 0.999389
v -73.8979 -200.241 -1.11011
vn 0.414593 -0.192287 0.889459
v -74.092 -200.271 -1.14819
vn 0.135794 -0.116481 0.983866
v -74.305 -200.324 -1.06151
vn 0.0489572 -0.121646 0.991365
v -73.9201 -198.841 -0.876086
vn 0.418697 -0.21632 0.881986
v -73.7436 -198.798 -0.9476
vn -0.321124 -0.0703408 0.944421
v -74.6273 -198.335 -1.01402
vn -0.0452539 0.166273 -0.985041
v -74.4641 -197.647 -4.03313
vn -0.442437 -0.0964756 0.891595
v -74.3335 -196.452 -0.869218
vn 0.0774826 -0.187362 0.97923
v -75.0702 -197.191 -0.963257
vn -0.365572 0.185815 -0.912047
v -74.1298 -195.781 -3.72941
vn -0.540457 0.300786 -0.78577
v -74.3756 -196.632 -3.83936
vn 0.269827 0.000992734 -0.962908
v -74.2704 -197.208 -3.98183
vn 0.350547 -0.0330452 -0.935962
v -74.2971 -197.003 -4.0136
vn -0.58307 0.319199 -0.747089
v -74.4369 -196.456 -3.71636
vn -0.263409 0.0706942 -0.96209
v -74.4744 -197.241 -3.9625
vn 0.260166 0.13847 -0.955583
v -74.7255 -197.11 -3.82502
vn 0.416666 0.0759446 -0.905882
v -74.8194 -196.51 -3.82903
vn 0.202735 0.258017 -0.94463
v -74.8544 -196.314 -3.80603
vn 0.317146 0.00181205 -0.948375
v -74.9467 -196.935 -3.89182
vn 0.598512 0.0671915 -0.798291
v -74.9986 -196.523 -3.96449
vn -0.0848515 0.254971 -0.963219
v -75.0983 -196.166 -3.72373
vn -0.181711 -0.148506 0.972074
v -74.4381 -195.864 -0.803243
vn 0.377744 -0.0558904 -0.924222
v -73.7439 -195.487 -3.84629
vn -0.029606 0.122019 -0.992086
v -74.5769 -195.663 -3.69779
vn -0.286816 0.119916 0.950451
v -74.7793 -193.661 -0.839253
vn 0.17113 -0.247603 0.953629
v -75.0826 -194.129 -0.832165
vn -0.0825129 0.120594 -0.989267
v -74.1969 -193.177 -3.35417
vn -0.352119 0.237009 -0.905449
v -74.5928 -193.247 -3.3786
vn -0.457942 0.386283 -0.800672
v -74.9241 -192.944 -3.06233
vn -0.24452 0.192558 -0.950332
v -74.8404 -194.089 -3.54983
vn -0.528312 0.324968 -0.784399
v -75.0117 -193.343 -3.25267
vn -0.565069 0.317759 -0.761398
v -75.1679 -192.816 -2.84715
vn -0.630156 0.258704 -0.732104
v -75.3023 -193.834 -3.07264
vn 0.355808 -0.203228 0.912195
v -74.7341 -192.858 -0.651333
vn -0.620018 0.0947828 0.778841
v -75.0555 -191.854 -0.887802
vn -0.161921 0.144943 -0.976101
v -74.909 -191.139 -2.73953
vn -0.359223 0.188057 -0.914108
v -74.8239 -192.334 -2.89538
vn -0.0745145 0.0669349 -0.994971
v -75.2333 -192.419 -2.83157
vn -0.0239856 0.0404076 -0.998895
v -75.3318 -191.824 -2.80515
vn -0.461417 0.212703 -0.861308
v -75.81 -192.739 -2.77407
vn -0.816315 0.194177 0.54399
v -75.6421 -191.174 -2.03568
vn -0.816437 0.259241 -0.51597
v -74.9674 -189.543 -2.25951
vn -0.55894 0.272489 -0.783157
v -75.2989 -191.036 -2.53683
vn -0.186522 -0.953525 0.236644
v -73.5633 -211.188 -1.37151
vn 0.0357579 -0.975519 0.216987
v -74.5701 -211.279 -2.36238
vn -0.232115 -0.963287 0.134911
v -73.249 -211.441 -2.3956
vn 0.761407 -0.257097 -0.595114
v -73.1273 -211.295 -2.5566
vn 0.604426 -0.761885 -0.232808
v -73.4592 -211.471 -2.84366
vn 0.623949 -0.279114 -0.72992
v -73.4706 -211.214 -3.00515
vn 0.410336 -0.190188 -0.891882
v -74.0613 -210.808 -3.50599
vn 0.0503722 -0.979249 0.196302
v -74.4584 -211.48 -2.99723
vn 0.0907049 -0.99212 0.0864279
v -74.4198 -211.494 -3.19925
vn -0.505448 0.0429819 0.861786
v -74.0729 -210.465 -0.317678
vn -0.410221 -0.54474 0.731421
v -74.2213 -210.678 -0.448751
vn -0.533761 0.121281 0.836893
v -74.7555 -209.263 -1.00565
vn -0.4353 0.0881245 0.895962
v -74.9237 -209.49 -1.01528
vn 0.63134 -0.11858 -0.766387
v -73.5599 -210.339 -3.27575
vn -0.180695 0.291131 0.939464
v -73.8644 -208.669 -0.764511
vn 0.0761051 0.16311 0.983668
v -73.9573 -207.884 -0.936134
vn -0.252843 0.180769 0.95047
v -74.2407 -209.005 -0.664801
vn -0.661655 0.00811432 0.749765
v -74.6396 -208.841 -0.876923
vn -0.422962 0.201465 0.883468
v -74.9434 -209.276 -1.09269
vn 0.2035 0.126588 0.970857
v -75.1385 -207.848 -1.26028
vn -0.476129 -0.0870947 0.875052
v -75.1523 -209.324 -1.0334
vn 0.124921 0.116835 0.985264
v -75.3608 -207.764 -1.24214
vn 0.173552 0.237317 0.955803
v -74.135 -206.672 -1.0111
vn 0.156849 0.2531 0.954641
v -74.5431 -206.772 -0.941663
vn -0.557808 0.105312 0.823261
v -74.5677 -206.312 -1.20861
vn -0.684577 0.101507 0.721838
v -74.9004 -206.544 -1.44166
vn -0.456859 0.119826 0.881431
v -74.9652 -207.543 -1.3482
vn 0.177366 0.0685071 0.981758
v -75.134 -206.384 -1.42631
vn 0.556626 -0.0571339 -0.828796
v -74.0456 -206.412 -4.01929
vn -0.21052 0.0156145 0.977465
v -75.1149 -205.139 -1.48145
vn -0.0313573 0.083916 0.995979
v -75.4032 -206.028 -1.3849
vn -0.438519 0.0296784 0.898232
v -75.5417 -205.007 -1.51026
vn -0.66275 -0.0316563 0.748171
v -75.6571 -205.419 -1.65091
vn -0.196199 -0.035654 0.979916
v -74.836 -203.323 -1.19513
vn 0.147359 0.0107331 -0.989025
v -75.1638 -202.634 -4.54538
vn -0.293017 -0.0186462 0.955925
v -74.89 -201.64 -1.22711
vn -0.392854 -0.00260504 0.919597
v -75.6071 -201.928 -1.56066
vn -0.373081 -0.0445402 0.926729
v -76.1167 -200.96 -1.79194
vn -0.508684 -0.0201459 0.860718
v -76.2085 -200.109 -2.09921
vn -0.39142 -0.0597962 0.918267
v -75.2099 -199.412 -1.40309
vn -0.217593 -0.12743 0.967685
v -75.4012 -199.439 -1.45943
vn 0.0229592 -0.218265 0.975619
v -75.9456 -198.262 -1.75053
vn -0.452614 0.232816 -0.860777
v -75.6234 -197.66 -4.00632
vn -0.102722 0.19493 -0.975423
v -75.4186 -197.607 -4.10855
vn -0.347047 0.231018 -0.908949
v -75.9378 -198.334 -4.01491
vn -0.26167 0.143941 -0.954364
v -76.0259 -197.963 -3.85022
vn 0.0120492 -0.0608348 -0.998075
v -76.0568 -197.763 -3.8546
vn 0.102864 -0.278659 0.954866
v -76.3094 -197.544 -1.50184
vn 0.144832 -0.0193655 -0.989267
v -75.1725 -196.766 -3.9282
vn -0.252959 0.222075 -0.941644
v -75.3987 -196.623 -3.78801
vn -0.108303 0.116377 -0.987283
v -75.8894 -197.527 -3.84829
vn 0.0524938 0.169778 -0.984083
v -75.9566 -197.133 -3.82053
vn 0.00591158 0.0971037 -0.995257
v -76.1134 -197.356 -3.89684
vn -0.315064 0.265478 -0.911184
v -76.1954 -196.978 -3.77171
vn -0.180226 0.108647 -0.977607
v -76.4919 -197.641 -3.82864
vn -0.534733 0.312292 -0.785197
v -76.0283 -195.007 -3.0014
vn -0.750948 0.299742 -0.588415
v -77.0388 -195.83 -2.86964
vn -0.0479322 -0.917563 0.39469
v -75.1144 -211.252 -1.83765
vn -0.218547 -0.775782 0.591946
v -75.3 -211.113 -1.62239
vn -0.146387 -0.874716 0.461998
v -75.5136 -211.271 -1.88838
vn -0.35115 -0.667922 0.656181
v -75.5624 -211.146 -1.72749
vn -0.494752 -0.733818 0.465545
v -75.8551 -211.331 -2.22307
vn 0.266398 -0.56486 -0.781002
v -74.5872 -211.306 -3.5755
vn 0.113772 -0.218408 -0.969203
v -74.6084 -211.094 -3.64324
vn 0.130953 -0.975202 0.178417
v -74.9982 -211.613 -3.30845
vn -0.207686 -0.515184 -0.831536
v -75.2289 -211.433 -3.51703
vn -0.0630733 -0.974221 0.216601
v -75.5081 -211.605 -2.76838
vn -0.311903 -0.898797 -0.308028
v -75.432 -211.627 -3.1715
vn -0.600006 -0.79127 -0.117837
v -75.885 -211.456 -2.79932
vn -0.559582 -0.596817 -0.575045
v -75.7795 -211.38 -3.18047
vn -0.40213 -0.566171 0.719543
v -75.4251 -210.945 -1.52339
vn -0.566306 -0.226271 0.792527
v -75.4703 -210.762 -1.43344
vn -0.566226 -0.351142 0.745712
v -75.7817 -210.969 -1.80647
vn -0.510488 -0.0346196 0.859188
v -75.8868 -210.382 -1.73745
vn -0.194062 -0.108248 0.974999
v -76.366 -209.839 -1.83588
vn -0.708505 0.0106502 0.705626
v -75.5706 -208.946 -1.32523
vn -0.845802 0.0310634 0.532591
v -75.7185 -208.316 -1.60003
vn 0.08954 0.00692778 0.995959
v -76.1215 -208.764 -1.8516
vn -0.310514 0.0330706 0.949993
v -76.5306 -208.821 -1.81334
vn -0.576421 0.122294 0.80795
v -76.7261 -208.644 -2.025
vn -0.144571 -0.206119 -0.967788
v -75.8957 -209.013 -4.02788
vn 0.192174 0.0124067 0.981282
v -76.2929 -207.781 -1.76092
vn -0.848227 0.0289672 0.52884
v -75.8574 -206.443 -1.92552
vn 0.150564 -0.0123386 0.988523
v -76.0851 -206.276 -1.94972
vn -0.259028 0.0449948 0.964821
v -76.9608 -206.796 -2.34071
vn 0.131398 -0.107397 -0.985495
v -75.5775 -206.629 -4.45782
vn -0.202222 0.0165292 0.9792
v -76.3322 -206.131 -1.84612
vn -0.174808 -0.0679941 0.982252
v -76.062 -205.262 -1.824
vn -0.510409 0.00833758 0.859891
v -76.2878 -205.093 -1.86037
vn -0.598667 -0.0375726 0.800116
v -76.7056 -204.715 -2.15525
vn -0.22249 0.00705302 0.97491
v -76.6661 -206.128 -2.2783
vn -0.356889 0.0428367 0.933164
v -76.9284 -204.609 -2.15268
vn -0.388465 0.0521049 0.919989
v -76.9407 -202.86 -2.47462
vn 0.0852568 -0.096559 0.991669
v -77.6357 -202.373 -2.46811
vn -0.12091 -0.132863 0.983732
v -76.5223 -200.556 -2.24877
vn -0.126934 -0.106048 0.986226
v -77.3345 -199.495 -2.09413
vn -0.60584 0.111133 0.787787
v -77.8058 -198.943 -2.24428
vn -0.911357 0.316521 0.26314
v -77.992 -198.503 -2.66781
vn -0.521742 0.288026 -0.803011
v -77.2692 -197.068 -3.12455
vn -0.893003 0.34357 -0.290699
v -77.6989 -197.599 -2.87342
vn -0.431584 -0.478065 0.764977
v -76.6674 -210.271 -2.06759
vn -0.5929 -0.801915 0.0734933
v -77.0179 -210.323 -2.35955
vn -0.146463 -0.417805 0.896654
v -77.138 -209.955 -2.01558
vn -0.00515144 -0.689368 0.724393
v -77.5773 -209.838 -1.96223
vn -0.356609 -0.92565 -0.126498
v -77.9233 -209.951 -2.22586
vn -0.380098 -0.772731 -0.508343
v -77.8646 -209.879 -2.6149
vn -0.559446 -0.780819 -0.278104
v -76.9345 -210.385 -2.7686
vn -0.573663 -0.550566 -0.606454
v -77.0395 -209.977 -3.12292
vn -0.276598 0.197674 0.940435
v -76.8466 -209.298 -1.92518
vn -0.0379893 -0.00921924 0.999236
v -77.0172 -209.537 -1.91019
vn 0.0183166 0.345816 0.938124
v -77.0448 -209.333 -1.93587
vn 0.114805 0.283981 0.951932
v -77.0542 -209.107 -2.08125
vn 0.178067 0.0292525 0.983583
v -77.2523 -209.379 -1.8857
vn 0.255237 0.1182 0.959626
v -77.5224 -209.025 -1.83821
vn 0.235466 -0.386637 0.891666
v -78.2789 -209.595 -1.70487
vn 0.330107 0.167487 0.928966
v -78.4232 -208.818 -1.58546
vn -0.3416 -0.384485 -0.857602
v -76.744 -209.163 -3.75498
vn -0.168376 0.0684316 0.983345
v -77.1892 -206.859 -2.159
vn 0.440087 0.141012 0.886814
v -78.0292 -208.08 -1.90957
vn -0.291287 0.194894 0.936573
v -78.3344 -207.921 -1.72234
vn 0.204244 0.202436 0.95776
v -78.4088 -207.323 -1.83285
vn -0.479578 0.23814 0.844568
v -78.5408 -207.772 -1.84775
vn -0.600253 0.221358 0.768568
v -78.6147 -206.912 -2.19086
vn -0.360015 -0.284003 -0.888669
v -78.1898 -207.835 -3.74081
vn -0.253891 -0.183161 -0.949732
v -77.6004 -207.263 -4.08872
vn -0.200219 -0.207793 -0.957463
v -78.1298 -206.306 -4.27198
vn -0.447608 0.228639 0.864506
v -78.4796 -206.478 -2.1798
vn -0.0637875 0.14016 0.988072
v -77.6824 -206.096 -2.37267
vn -0.104878 0.130943 0.985827
v -77.8058 -205.294 -2.39019
vn 0.0589007 0.0574785 0.996608
v -78.4496 -204.983 -2.51319
vn 0.535623 -0.0108139 0.844388
v -78.8498 -205.086 -2.32422
vn -0.52275 0.170986 0.835162
v -78.675 -206.38 -2.32214
vn -0.0848157 -0.13214 -0.987596
v -77.0771 -204.836 -4.55361
vn -0.369899 -0.0506014 -0.927693
v -78.2628 -205.279 -4.43386
vn -0.405239 -0.0141581 -0.914101
v -78.627 -205.182 -4.15597
vn 0.399031 -0.117634 0.90936
v -78.385 -204.158 -2.45307
vn 0.369286 -0.0580066 0.927504
v -78.7813 -204.465 -2.26801
vn -0.1325 0.137595 0.981586
v -79.0443 -204.102 -2.2674
vn -0.211359 0.0459715 -0.976327
v -77.4958 -203.473 -4.56453
vn 0.294863 -0.122879 0.947606
v -77.9547 -201.839 -2.30633
vn -0.207784 0.0516884 0.976808
v -78.185 -201.751 -2.24698
vn -0.404489 0.247641 0.880376
v -79.0939 -201.991 -2.69913
vn -0.243626 0.16577 -0.955598
v -77.6796 -201.282 -4.32207
vn -0.187504 0.0658884 -0.980052
v -78.7968 -202.354 -4.03095
vn -0.208733 0.177205 -0.961784
v -78.8645 -201.96 -4.00015
vn -0.420942 0.0849448 -0.903102
v -79.1795 -202.435 -3.95765
vn -0.182607 -0.0463329 -0.982094
v -78.9996 -202.394 -4.01122
vn -0.312446 0.1042 -0.944203
v -79.0286 -202.192 -4.02777
vn -0.550282 0.303856 -0.777728
v -79.1199 -201.825 -3.84178
vn -0.759325 0.31002 0.572113
v -79.1493 -201.349 -2.93849
vn -0.419425 0.236309 -0.876494
v -78.5975 -201.095 -3.95673
vn -0.706813 0.370187 -0.602807
v -78.2638 -199.087 -3.22365
vn 0.376329 -0.284576 0.881699
v -79.2103 -209.424 -1.25128
vn 0.306429 -0.736372 0.603206
v -79.5757 -209.694 -1.2695
vn 0.42201 -0.00543121 0.906575
v -79.7101 -209.142 -1.00757
vn 0.393866 -0.0949959 0.914246
v -79.8857 -209.387 -0.959109
vn -0.146197 0.287219 0.946642
v -79.957 -208.76 -1.11222
vn 0.0571689 -0.8572 0.511801
v -78.4273 -209.78 -1.86127
vn 0.338535 0.19656 0.920195
v -78.8432 -208.915 -1.45133
vn 0.907716 0.208747 0.363972
v -78.9912 -208.752 -1.35366
vn -0.255202 0.265796 0.929637
v -78.8459 -208.682 -1.64106
vn -0.201114 -0.906788 -0.370525
v -79.0247 -209.797 -1.95519
vn 0.231265 -0.822397 0.519789
v -79.1159 -209.693 -1.53979
vn -0.247877 -0.820504 -0.515101
v -79.2171 -209.644 -2.1627
vn 0.140839 -0.959275 0.24486
v -79.7268 -209.832 -1.45197
vn -0.173656 -0.935425 -0.307935
v -79.8917 -209.828 -1.68175
vn -0.309844 -0.679108 -0.665439
v -79.8696 -209.362 -2.2119
vn 0.30592 0.199474 0.930926
v -79.0241 -207.005 -2.07547
vn 0.97025 0.0231119 0.241
v -79.0684 -206.842 -1.8478
vn 0.456754 0.197163 0.867469
v -79.1246 -206.893 -1.66007
vn 0.365032 0.182644 0.912903
v -79.6659 -207.867 -1.22703
vn -0.406551 0.248532 0.879174
v -79.8016 -208.343 -1.19897
vn -0.373602 0.311641 0.873671
v -79.8852 -207.305 -1.64357
vn 0.355759 0.289135 0.888727
v -80.0976 -207.264 -1.66861
vn 0.56425 0.0920292 0.820459
v -79.1141 -205.17 -2.08579
vn -0.142837 0.284939 0.947843
v -79.4572 -205.651 -2.04364
vn 0.317623 0.237196 0.918071
v -80.3439 -205.428 -1.88324
vn -0.424157 0.470696 0.773651
v -80.5168 -205.273 -2.20034
vn -0.233643 -0.17724 -0.956032
v -80.32 -204.974 -3.55502
vn -0.381998 -0.136693 -0.913998
v -78.6973 -205.824 -4.07524
vn -0.218054 -0.191761 -0.956912
v -79.0956 -205.702 -4.00669
vn -0.396142 -0.0536929 -0.916618
v -79.8465 -205.234 -3.93991
vn -0.0721827 0.149698 0.986093
v -79.2673 -203.93 -2.32203
vn -0.0608555 0.196841 0.978545
v -79.5233 -205.019 -2.23023
vn -0.0838946 0.114682 0.989853
v -79.6669 -204.003 -2.32212
vn 0.00737417 0.211481 0.977354
v -80.0146 -204.351 -2.37095
vn -0.482593 0.383119 0.787606
v -80.0235 -204.027 -2.6052
vn -0.322501 0.392876 0.861186
v -80.1997 -204.273 -2.55369
vn -0.227887 0.385897 0.893953
v -80.4009 -204.232 -2.61395
vn -0.890387 0.448156 0.0797928
v -80.3708 -203.81 -3.15065
vn -0.854953 0.318281 -0.409575
v -80.6424 -204.448 -3.30521
vn -0.340468 0.0373969 -0.939512
v -79.0803 -203.421 -4.11761
vn -0.465343 0.102457 -0.879181
v -80.0382 -203.848 -3.82235
vn -0.581142 0.384449 0.717268
v -79.9622 -203.369 -2.80476
vn -0.638822 0.273113 -0.719247
v -79.4725 -202.317 -3.737
vn -0.883776 0.384133 -0.267176
v -79.9517 -203.048 -3.56763
vn 0.101203 -0.837195 0.53746
v -80.2093 -209.777 -1.10482
vn 0.115201 -0.614749 0.780265
v -80.2566 -209.664 -0.941218
vn 0.201796 -0.12717 0.971136
v -80.587 -209.143 -0.704789
vn -0.258704 -0.962233 0.084732
v -80.8265 -209.686 -1.18266
vn -0.0617423 -0.310305 0.94863
v -81.4291 -209.104 -0.630228
vn -0.417709 -0.753916 0.50708
v -81.5552 -209.382 -0.828731
vn -0.499504 -0.830792 -0.245521
v -81.474 -209.432 -1.23595
vn -0.780428 -0.581866 0.228832
v -81.8837 -209.127 -1.03882
vn -0.673167 -0.64909 -0.354299
v -81.8906 -209.098 -1.24013
vn -0.368386 -0.491202 -0.789311
v -80.5705 -208.911 -2.23839
vn -0.346461 -0.765759 -0.541828
v -80.7718 -209.593 -1.56852
vn -0.472685 -0.601918 -0.643633
v -81.4489 -209.169 -1.5963
vn 0.4272 0.227036 0.875188
v -80.4371 -208.692 -0.790743
vn 0.0649312 0.133409 0.988932
v -81.0622 -208.832 -0.622349
vn -0.641882 -0.275846 0.715469
v -81.6586 -208.939 -0.642259
vn -0.199378 0.439362 0.875905
v -81.7462 -208.153 -0.844854
vn -0.675515 -0.441754 -0.590367
v -81.9394 -208.876 -1.41345
vn -0.848885 -0.127242 0.513033
v -82.0151 -208.748 -0.991343
vn 0.275705 0.404313 0.872077
v -80.8252 -207.136 -1.14033
vn -0.512282 -0.395666 -0.762244
v -81.4403 -208.708 -1.92378
vn -0.627883 -0.232889 -0.742648
v -81.6823 -207.685 -2.18971
vn -0.790683 0.345231 0.505605
v -82.0163 -207.427 -1.5785
vn -0.892135 0.0160681 -0.451483
v -81.951 -207.356 -1.96689
vn 0.50502 0.317435 0.802614
v -80.5955 -206.984 -1.40665
vn -0.305533 0.486021 0.8188
v -80.8365 -206.833 -1.34329
vn -0.392643 0.511992 0.764
v -81.228 -206.733 -1.54072
vn -0.279794 0.502071 0.818315
v -81.4257 -206.458 -1.82536
vn -0.349673 0.524212 0.776486
v -81.6179 -206.399 -1.95165
vn -0.203658 0.552806 0.80804
v -81.7982 -207.092 -1.48586
vn -0.916091 0.174947 -0.360791
v -81.8346 -206.707 -2.03933
vn -0.413591 -0.234741 -0.879682
v -80.5294 -206.262 -3.40487
vn -0.447385 -0.0716856 -0.891464
v -80.6947 -205.687 -3.32794
vn -0.866235 0.221074 -0.448065
v -81.1346 -205.416 -2.93588
vn -0.697832 -0.0327495 -0.715513
v -81.1392 -206.018 -3.04341
vn -0.593894 0.011734 -0.804458
v -80.7139 -205.06 -3.42479
vn -0.88648 0.459535 0.0545896
v -81.0059 -204.995 -2.84157
vn -0.917473 -0.376317 -0.128949
v -82.0238 -208.919 -1.22856
vn -0.775142 0.231034 0.588029
v -82.1078 -208.532 -1.17256
vn -0.877419 -0.164164 -0.450763
v -82.0574 -208.034 -1.6926
vn 0.940463 -0.336441 -0.0483308
v -84.5459 -49.6859 210.703
vn 0.719932 0.634973 0.28019
v -84.497 -49.8401 210.272
vn 0.976253 0.213909 0.0342597
v -84.5436 -49.536 209.703
vn 0.708466 0.622536 0.332453
v -84.5436 -49.536 209.703
vn -0.914396 -0.404519 0.01564
v -101.946 -51.0025 302.51
vn -0.147986 -0.172911 0.973756
v -101.946 -51.0025 302.51
vn -0.359825 -0.917814 0.167762
v -101.946 -51.0025 302.51
vn 0.899951 -0.36774 0.234212
v -101.355 -51.7297 299.8
vn -0.408261 -0.890987 0.198657
v -101.355 -51.7297 299.8
vn -0.147986 -0.172911 0.973756
v -101.973 -50.8065 302.54
vn -0.22855 0.772179 0.592879
v -101.973 -50.8065 302.54
vn -0.990874 -0.133166 -0.0208809
v -102.012 -50.8127 302.533
vn -0.22855 0.772179 0.592879
v -102.012 -50.8127 302.533
vn -0.22855 0.772179 0.592879
v -101.972 -50.5289 302.179
vn -0.995943 0.0708801 -0.0554401
v -101.972 -50.5289 302.179
vn -0.602791 -0.704275 0.375019
v -101.972 -50.5289 302.179
vn -0.308804 0.9381 0.156872
v -101.972 -50.5289 302.179
vn 0.816672 -0.201443 0.540803
v -101.888 -50.4038 301.598
vn -0.308804 0.9381 0.156872
v -101.888 -50.4038 301.598
vn 0.816672 -0.201443 0.540803
v -102.129 -50.5361 301.914
vn -0.308804 0.9381 0.156872
v -102.129 -50.5361 301.914
vn 0.775125 0.553268 0.305083
v -102.234 -50.1968 302.198
vn -0.771759 -0.536647 0.341173
v -102.234 -50.1968 302.198
vn -0.231316 0.54634 0.804988
v -102.234 -50.1968 302.198
vn -0.232973 0.643507 0.729124
v -102.335 -49.9729 302.017
vn 0.264526 0.750127 -0.606082
v -57.3671 -41.9403 40.1891
vn 0.943 0.0783276 0.323442
v -58.4383 -39.4536 42.5217
vn 0.950764 0.265286 0.160223
v -58.9416 -37.8779 47.8599
vn 0.857452 0.464839 0.22068
v -59.7144 -36.8927 49.9405
vn 0.94151 0.289664 0.172203
v -59.8528 -37.0411 46.6376
vn 0.6438 -0.756569 0.114564
v -101.32 -54.0682 291.38
vn 0.764349 -0.626431 0.152822
v -101.015 -53.0264 294.487
vn -0.886387 -0.443404 0.13308
v -101.245 -53.1893 294.628
vn -0.320741 -0.893591 0.31404
v -101.245 -53.1893 294.628
vn -0.569145 -0.812503 0.126147
v -101.336 -52.2521 297.872
vn -0.503786 -0.863106 0.0353253
v -101.25 -52.3196 297.452
vn -0.439784 -0.709869 0.55016
v -101.25 -52.3196 297.452
vn -0.439784 -0.709869 0.55016
v -101.442 -52.2076 297.443
vn 0.379133 -0.782392 0.494086
v -101.231 -52.7258 296.561
vn -0.642838 -0.765229 0.0344048
v -101.231 -52.7258 296.561
vn -0.379688 -0.907231 0.181024
v -101.124 -52.7539 295.991
vn -0.439784 -0.709869 0.55016
v -101.41 -52.3782 297.249
vn -0.895752 -0.432447 0.103043
v -101.41 -52.3782 297.249
vn -0.840614 -0.536628 0.0734695
v -101.328 -52.7003 295.935
vn -0.847108 -0.487816 0.210818
v -102.471 -49.9944 301.993
vn -0.921858 0.348429 0.169633
v -102.471 -49.9944 301.993
vn -0.921858 0.348429 0.169633
v -102.528 -49.9435 301.582
vn 0.619087 -0.626964 0.472914
v -102.528 -49.9435 301.582
vn 0.765487 0.566442 0.305242
v -102.425 -49.7394 301.719
vn -0.921858 0.348429 0.169633
v -102.425 -49.7394 301.719
vn 0.7183 -0.472154 0.510994
v -102.425 -49.7394 301.719
vn 0.688106 0.687474 0.232142
v -102.682 -49.4568 302.262
vn -0.829498 -0.558005 -0.0237488
v -102.733 -49.6655 302.22
vn -0.827957 -0.551474 -0.101801
v -102.733 -49.6655 302.22
vn -0.994423 -0.0423506 0.0965917
v -102.733 -49.6655 302.22
vn 0.454081 0.810542 0.369909
v -102.835 -49.5408 302.634
vn -0.829923 -0.556614 -0.0375469
v -102.835 -49.5408 302.634
vn -0.789815 0.600872 0.123067
v -102.835 -49.5408 302.634
vn -0.823662 0.5632 0.0662381
v -102.855 -49.4841 302.23
vn -0.774954 0.631298 0.0301521
v -102.759 -49.325 302.068
vn -0.557236 -0.720042 0.413554
v -102.801 -49.3859 301.64
vn -0.994423 -0.0423506 0.0965917
v -102.801 -49.3859 301.64
vn -0.76455 0.644341 -0.0169664
v -102.801 -49.3859 301.64
vn -0.148184 -0.172899 0.973729
v -102.801 -49.3859 301.64
vn -0.658508 0.751369 -0.0425623
v -102.694 -49.2899 301.673
vn -0.148198 -0.172971 0.973714
v -102.694 -49.2899 301.673
vn -0.994423 -0.0423506 0.0965917
v -102.818 -49.5041 301.411
vn 0.580051 0.64406 0.498725
v -102.82 -49.1886 301.672
vn -0.164415 -0.22178 0.961135
v -103.018 -49.2199 301.636
vn -0.667125 -0.671468 -0.322605
v -103.018 -49.2199 301.636
vn 0.691767 0.542544 0.476554
v -103.181 -48.85 301.711
vn 0.353405 -0.472464 0.807393
v -103.181 -48.85 301.711
vn 0.00351892 -0.90179 0.432159
v -103.181 -48.85 301.711
vn 0.353405 -0.472464 0.807393
v -103.372 -48.7049 301.879
vn 0.887881 0.31577 0.334599
v -103.372 -48.7049 301.879
vn -0.291451 0.942709 0.162349
v -103.473 -48.5505 302.097
vn -0.176478 -0.0074675 0.984276
v -103.473 -48.5505 302.097
vn 0.353405 -0.472464 0.807393
v -103.424 -48.7804 301.858
vn 0.00351892 -0.90179 0.432159
v -103.424 -48.7804 301.858
vn -0.811556 -0.583302 -0.0337137
v -103.424 -48.7804 301.858
vn 0.00351892 -0.90179 0.432159
v -103.373 -48.8771 301.656
vn -0.790404 -0.590816 -0.161856
v -103.373 -48.8771 301.656
vn 0.908749 0.00660682 0.417292
v -103.471 -48.7555 302.096
vn -0.865902 -0.498287 -0.043854
v -103.471 -48.7555 302.096
vn -0.176478 -0.0074675 0.984276
v -103.471 -48.7555 302.096
vn -0.500634 -0.831236 0.241685
v -103.492 -48.6639 301.458
vn 0.017998 -0.8078 0.589182
v -103.492 -48.6639 301.458
vn -0.690306 -0.712929 0.123325
v -103.492 -48.6639 301.458
vn -0.994906 -0.0879736 -0.0492106
v -103.532 -48.5597 302.086
vn -0.179778 0.972894 0.145452
v -103.532 -48.5597 302.086
vn -0.988607 0.124851 -0.0840717
v -103.511 -48.5265 301.89
vn -0.500634 -0.831236 0.241685
v -103.511 -48.5265 301.89
vn -0.35542 0.913694 0.197078
v -103.447 -48.462 301.706
vn -0.324062 0.557666 0.764194
v -103.447 -48.462 301.706
vn -0.324062 0.557666 0.764194
v -103.593 -48.2794 301.51
vn 0.612874 0.758669 0.22092
v -103.593 -48.2794 301.51
vn 0.95641 0.0144396 0.291668
v -103.637 -48.5161 301.665
vn -0.324062 0.557666 0.764194
v -103.637 -48.5161 301.665
vn -0.310807 0.925455 0.216636
v -103.637 -48.5161 301.665
vn 0.0704873 -0.769948 0.634201
v -103.637 -48.5161 301.665
vn 0.459847 0.862037 0.213151
v -103.711 -48.3124 301.897
vn 0.122539 -0.727312 0.675279
v -103.711 -48.3124 301.897
vn -0.352829 0.478955 0.803812
v -103.711 -48.3124 301.897
vn -0.600284 -0.799645 -0.0150593
v -103.898 -48.3819 301.857
vn -0.352829 0.478955 0.803812
v -103.898 -48.3819 301.857
vn -0.894605 0.203417 0.397874
v -103.898 -48.3819 301.857
vn -0.352829 0.478955 0.803812
v -103.909 -48.1637 301.722
vn -0.894605 0.203417 0.397874
v -103.909 -48.1637 301.722
vn 0.198713 -0.960058 0.196983
v -103.909 -48.1637 301.722
vn 0.0357857 0.135825 0.990086
v -103.909 -48.1637 301.722
vn 0.198713 -0.960058 0.196983
v -104.051 -48.2498 301.446
vn -0.673327 -0.737575 -0.0511242
v -104.051 -48.2498 301.446
vn 0.0357857 0.135825 0.990086
v -104.11 -48.2029 301.735
vn -0.690861 -0.722565 -0.0247148
v -104.11 -48.2029 301.735
vn -0.710584 -0.00204449 0.703609
v -104.11 -48.2029 301.735
vn 0.684685 0.682703 0.255194
v -104.149 -47.9128 301.696
vn -0.710584 -0.00204449 0.703609
v -104.149 -47.9128 301.696
vn -0.567836 0.816345 0.105562
v -104.149 -47.9128 301.696
vn 0.0588841 0.13396 0.989236
v -104.121 -47.8684 301.503
vn -0.567836 0.816345 0.105562
v -104.121 -47.8684 301.503
vn -0.035301 -0.477459 0.877944
v -104.287 -47.818 301.692
vn 0.433305 0.861853 0.263546
v -104.287 -47.818 301.692
vn 0.0588841 0.13396 0.989236
v -104.249 -47.7821 301.499
vn 0.507278 0.846424 0.161974
v -104.249 -47.7821 301.499
vn 0.817592 -0.366012 0.444497
v -57.4869 -50.771 35.5215
vn 0.995244 -0.0890738 -0.0394287
v -57.2688 -48.8538 36.7168
vn 0.97972 -0.0845296 0.181667
v -57.3834 -45.2929 37.5074
vn -0.364542 -0.788584 0.495222
v -59.684 -42.699 43.4404
vn -0.417834 -0.814321 0.402861
v -59.987 -41.994 44.5051
vn 0.795856 0.587737 -0.14553
v -59.8508 -38.6868 39.7729
vn 0.125987 -0.952974 0.275622
v -60.687 -39.6326 49.7475
vn -0.534153 -0.84492 -0.0281121
v -61.5545 -39.9644 49.1458
vn 0.733437 0.662462 -0.15236
v -60.646 -37.2194 41.3503
vn 0.540948 0.813386 -0.21396
v -61.115 -35.996 44.3718
vn 0.675674 0.710514 -0.196556
v -60.6646 -36.8746 42.6411
vn 0.926636 0.167173 0.336748
v -62.4706 -36.9773 56.7259
vn 0.561106 -0.718883 0.410325
v -62.6232 -37.8518 55.5117
vn 0.862777 0.444181 0.241495
v -61.0063 -36.0998 49.9156
vn 0.0172104 0.943627 -0.330562
v -61.2147 -35.8463 44.7941
vn 0.923472 -0.0260972 0.382776
v -63.2585 -35.999 58.8337
vn 0.832106 -0.070609 0.550103
v -63.2585 -35.999 58.8337
vn 0.820139 -0.525754 0.225734
v -63.2585 -35.999 58.8337
vn 0.935897 0.195302 0.29318
v -63.1384 -36.7573 58.5547
vn 0.808198 -0.528153 0.260521
v -63.4934 -36.1258 59.3917
vn 0.986901 0.0146189 0.160662
v -63.5642 -35.9965 59.8146
vn 0.763359 0.579638 0.285137
v -63.5642 -35.9965 59.8146
vn 0.795259 0.555938 0.24186
v -63.5019 -35.9268 59.4257
vn 0.866741 0.0787907 0.492495
v -63.6184 -36.3457 59.3336
vn 0.527731 0.806311 0.267137
v -62.3389 -35.7757 55.7269
vn 0.851635 0.523063 -0.0335159
v -62.3389 -35.7757 55.7269
vn 0.406362 0.911139 0.0685206
v -62.3389 -35.7757 55.7269
vn 0.457715 0.883677 0.0980454
v -63.1489 -35.2521 56.7237
vn -0.0805047 0.996737 -0.00582937
v -63.0837 -35.172 55.7209
vn -0.0478222 0.996266 -0.0718859
v -63.0194 -35.1302 55.3273
vn 0.337076 0.941473 0.00302625
v -62.4413 -35.3823 54.3435
vn 0.805408 0.591332 0.0405631
v -62.6583 -35.306 54.9402
vn 0.522235 0.841194 0.140227
v -62.6583 -35.306 54.9402
vn 0.230819 0.967026 -0.107625
v -62.6583 -35.306 54.9402
vn 0.208829 0.977002 -0.0431037
v -62.6794 -35.3023 54.7322
vn 0.881472 0.404929 0.242981
v -63.0001 -35.0625 52.8775
vn 0.926236 -0.255884 0.276785
v -65.1535 -35.5335 64.3792
vn 0.967193 -0.0445685 0.250101
v -64.2126 -35.3069 61.2762
vn 0.464902 0.883901 0.0508465
v -63.6266 -35.1962 58.5095
vn 0.591594 -0.799423 0.104591
v -101.321 -54.1691 290.335
vn -0.927022 -0.339314 0.159673
v -101.568 -54.1109 290.513
vn -0.861689 -0.343581 0.373422
v -101.715 -54.2374 290.057
vn -0.995203 0.0976829 0.00531588
v -101.715 -54.2374 290.057
vn -0.930495 -0.365957 0.0159503
v -101.59 -54.2075 288.439
vn -0.729512 -0.680506 -0.0687235
v -101.676 -53.9528 286.828
vn -0.050732 -0.998503 0.0204532
v -100.69 -54.3814 285.874
vn 0.62568 -0.769642 0.127188
v -101.66 -54.0376 291.539
vn -0.793899 -0.550629 0.257937
v -101.66 -54.0376 291.539
vn -0.980058 -0.194335 -0.0414724
v -101.66 -54.0376 291.539
vn -0.710584 -0.00204449 0.703609
v -104.311 -48.0042 301.533
vn 0.958772 -0.245424 0.143258
v -104.311 -48.0042 301.533
vn 0.0435335 -0.653187 0.755944
v -104.311 -48.0042 301.533
vn 0.0588841 0.13396 0.989236
v -104.311 -48.0042 301.533
vn -0.567836 0.816345 0.105562
v -104.311 -48.0042 301.533
vn -0.934862 -0.257344 0.244556
v -104.552 -47.8989 301.638
vn -0.435515 -0.894105 -0.104419
v -104.552 -47.8989 301.638
vn -0.934862 -0.257344 0.244556
v -104.622 -47.8409 301.432
vn 0.480824 -0.757292 0.441947
v -104.622 -47.8409 301.432
vn 0.123413 0.486049 0.865174
v -104.817 -47.7314 301.832
vn -0.568217 -0.821183 -0.052806
v -104.817 -47.7314 301.832
vn -0.841801 -0.420534 0.33841
v -104.817 -47.7314 301.832
vn -0.934862 -0.257344 0.244556
v -104.599 -47.671 301.698
vn 0.536373 0.796897 0.277956
v -104.599 -47.671 301.698
vn 0.480824 -0.757292 0.441947
v -104.599 -47.671 301.698
vn 0.364734 0.468286 0.804784
v -104.599 -47.671 301.698
vn 0.0557629 0.609514 0.790812
v -104.836 -47.4462 301.675
vn 0.115679 -0.993222 -0.011305
v -105.111 -47.4309 302.046
vn -0.140407 -0.171625 0.975105
v -105.111 -47.4309 302.046
vn 0.0801912 -0.995786 0.0444818
v -105.077 -47.4174 301.849
vn 0.97251 0.153423 0.175176
v -105.036 -47.444 301.645
vn -0.105037 0.654778 0.748487
v -105.036 -47.444 301.645
vn -0.0482975 -0.974791 0.217829
v -105.036 -47.444 301.645
vn -0.841801 -0.420534 0.33841
v -105.092 -47.5146 301.418
vn -0.0617888 -0.948338 0.311186
v -105.092 -47.5146 301.418
vn -0.699047 0.323371 -0.637781
v -105.092 -47.5146 301.418
vn -0.949579 0.281055 0.138956
v -105.092 -47.5146 301.418
vn -0.140407 -0.171625 0.975105
v -105.119 -47.3849 302.053
vn -0.0855953 0.967659 0.237297
v -105.119 -47.3849 302.053
vn -0.079402 0.804252 0.58896
v -105.024 -47.3015 301.452
vn 0.500888 0.855375 0.132082
v -105.024 -47.3015 301.452
vn 0.431634 -0.882002 -0.189114
v -105.024 -47.3015 301.452
vn -0.139868 -0.830302 0.539477
v -105.024 -47.3015 301.452
vn -0.699047 0.323371 -0.637781
v -105.024 -47.3015 301.452
vn -0.907091 0.420731 0.0131058
v -105.024 -47.3015 301.452
vn 0.168399 0.967761 0.1873
v -105.024 -47.3015 301.452
vn 0.759883 0.387147 -0.522202
v -105.024 -47.3015 301.452
vn 0.431634 -0.882002 -0.189114
v -105.237 -47.4407 301.615
vn -0.699047 0.323371 -0.637781
v -105.237 -47.4407 301.615
vn -0.140407 -0.171625 0.975105
v -105.31 -47.4387 302.016
vn -0.312583 0.900706 0.301696
v -105.31 -47.4387 302.016
vn -0.870977 0.48514 0.0777063
v -105.31 -47.4387 302.016
vn -0.870977 0.48514 0.0777063
v -105.264 -47.2955 301.636
vn -0.938423 -0.206305 0.27713
v -105.264 -47.2955 301.636
vn 0.266853 0.63877 0.721638
v -105.642 -47.1976 301.368
vn -0.440512 -0.831954 0.337344
v -105.642 -47.1976 301.368
vn -0.762132 0.158131 0.627813
v -105.642 -47.1976 301.368
vn 0.607717 -0.661379 0.439611
v -106.106 -46.9633 301.978
vn 0.278785 0.945902 0.165978
v -106.106 -46.9633 301.978
vn 0.993495 0.0847038 0.0761163
v -106.074 -46.8685 301.384
vn 0.272877 0.947473 0.166834
v -106.074 -46.8685 301.384
vn -0.264223 -0.785068 0.560227
v -106.074 -46.8685 301.384
vn -0.895019 0.423652 0.139498
v -105.114 -47.4882 301.214
vn -0.858622 0.493544 0.138503
v -104.993 -47.2916 301.268
vn -0.750565 0.655227 -0.0856168
v -104.993 -47.2916 301.268
vn -0.750565 0.655227 -0.0856168
v -104.959 -47.2789 301.07
vn 0.0563568 0.283885 0.957201
v -104.959 -47.2789 301.07
vn 0.759883 0.387147 -0.522202
v -105.145 -47.483 301.141
vn -0.829017 0.409362 0.380991
v -105.145 -47.483 301.141
vn -0.750565 0.655227 -0.0856168
v -105.145 -47.483 301.141
vn 0.0563568 0.283885 0.957201
v -105.145 -47.483 301.141
vn 0.972506 0.153426 0.17519
v -105.145 -47.483 301.141
vn 0.290711 0.930034 0.224774
v -105.206 -47.2195 301.248
vn 0.972506 0.153426 0.17519
v -105.206 -47.2195 301.248
vn 0.972506 0.153426 0.17519
v -105.177 -47.1819 301.054
vn 0.384378 0.902949 0.192187
v -105.177 -47.1819 301.054
vn -0.938423 -0.206305 0.27713
v -105.419 -47.1358 301.23
vn 0.530304 -0.0349219 0.847088
v -105.419 -47.1358 301.23
vn -0.367956 -0.903208 0.220962
v -105.37 -47.4144 301.188
vn -0.134139 -0.990774 -0.0193387
v -105.37 -47.4144 301.188
vn -0.870977 0.48514 0.0777063
v -105.37 -47.4144 301.188
vn -0.938423 -0.206305 0.27713
v -105.37 -47.4144 301.188
vn 0.530304 -0.0349219 0.847088
v -105.37 -47.4144 301.188
vn -0.762132 0.158131 0.627813
v -105.728 -46.9842 301.21
vn -0.112264 -0.187951 0.975741
v -105.728 -46.9842 301.21
vn -0.210394 0.593824 0.7766
v -105.728 -46.9842 301.21
vn -0.762132 0.158131 0.627813
v -105.812 -47.1918 301.161
vn -0.112264 -0.187951 0.975741
v -105.812 -47.1918 301.161
vn -0.184603 -0.412367 0.892119
v -58.9686 -50.1873 38.0363
vn 0.19634 0.454008 -0.869096
v -59.1693 -44.709 35.5207
vn -0.73894 -0.47835 0.474498
v -60.345 -44.7176 40.886
vn -0.288262 -0.610801 0.737447
v -60.4259 -45.0691 40.5016
vn -0.0119436 0.562169 -0.826936
v -60.3089 -42.1341 36.14
vn 0.0759928 0.674685 -0.734184
v -60.1147 -40.0909 37.8386
vn 0.755189 -0.588468 0.288784
v -64.3652 -38.831 59.1894
vn 0.746665 -0.663621 0.0458158
v -67.7485 -38.6908 72.6665
vn 0.805306 -0.587081 0.0825681
v -67.3269 -38.3551 70.9417
vn 0.959046 -0.0509862 0.278622
v -66.654 -37.7196 68.8976
vn 0.822907 0.548693 0.147514
v -63.8323 -35.1501 56.4325
vn 0.864993 0.448125 0.225767
v -63.5889 -35.0523 54.8437
vn 0.0347011 0.994884 -0.0948778
v -63.257 -34.7555 52.8929
vn 0.331886 0.938543 -0.0948107
v -63.187 -34.7441 52.4948
vn -0.198304 0.974242 -0.107368
v -63.187 -34.7441 52.4948
vn 0.762561 0.578393 0.289761
v -64.4191 -34.7713 52.508
vn -0.292088 0.928443 -0.229517
v -63.0186 -34.8856 51.6836
vn 0.353815 0.933855 0.0522502
v -63.6658 -34.3166 49.8278
vn 0.908974 -0.384709 0.160513
v -66.5177 -36.6969 69.1
vn 0.903734 -0.360926 0.23021
v -65.5702 -35.7939 65.502
vn 0.896426 0.312662 0.314106
v -65.6823 -35.8563 65.8846
vn 0.399485 0.887589 0.229342
v -65.9565 -35.3287 66.142
vn 0.904885 -0.424715 0.0282896
v -71.6441 -40.5727 95.5656
vn 0.994755 -0.040814 0.093791
v -68.4114 -36.0609 74.8813
vn -0.136835 -0.334595 -0.932375
v -68.4981 -36.1851 74.2299
vn -0.841559 0.539995 -0.0135316
v -68.4981 -36.1851 74.2299
vn -0.834808 0.548873 -0.042821
v -68.4732 -36.1512 74.0343
vn -0.180079 0.972846 0.145407
v -68.4732 -36.1512 74.0343
vn -0.0234843 0.81307 -0.581691
v -68.3305 -35.9305 74.0952
vn -0.831122 0.553114 -0.0574613
v -68.3305 -35.9305 74.0952
vn 0.91863 -0.393445 0.0363399
v -68.3338 -35.932 74.115
vn -0.136835 -0.334595 -0.932375
v -68.3338 -35.932 74.115
vn -0.833416 0.549939 -0.0546285
v -68.3338 -35.932 74.115
vn -0.0234843 0.81307 -0.581691
v -68.0662 -36.0571 73.9075
vn -0.231542 0.717766 0.656659
v -68.0662 -36.0571 73.9075
vn -0.837232 0.54651 -0.0192097
v -68.4465 -36.1171 73.839
vn -0.231542 0.717766 0.656659
v -68.4465 -36.1171 73.839
vn -0.179612 0.972922 0.145474
v -68.4465 -36.1171 73.839
vn -0.693168 0.718766 0.053794
v -68.4465 -36.1171 73.839
vn -0.693168 0.718766 0.053794
v -68.4276 -36.0842 73.6423
vn -0.618047 0.434927 0.654871
v -68.4276 -36.0842 73.6423
vn 0.470572 0.87507 0.113198
v -68.2593 -35.9259 73.6961
vn -0.693168 0.718766 0.053794
v -68.2593 -35.9259 73.6961
vn -0.618047 0.434927 0.654871
v -68.2593 -35.9259 73.6961
vn -0.66188 0.744297 -0.0890867
v -68.2593 -35.9259 73.6961
vn 0.267972 0.417937 0.868055
v -68.2246 -35.9189 73.4972
vn -0.66188 0.744297 -0.0890867
v -68.2246 -35.9189 73.4972
vn -0.303567 0.762401 -0.571482
v -68.1606 -35.8757 73.1038
vn -0.51339 0.856126 0.0589736
v -68.1606 -35.8757 73.1038
vn 0.267972 0.417937 0.868055
v -68.3376 -35.8398 73.494
vn 0.570722 0.81873 0.0629149
v -68.3376 -35.8398 73.494
vn 0.955065 0.262293 -0.13803
v -68.3544 -35.8126 73.2909
vn -0.303567 0.762401 -0.571482
v -68.3544 -35.8126 73.2909
vn 0.893585 -0.415924 -0.168861
v -68.3544 -35.8126 73.2909
vn 0.865653 -0.49691 0.0610265
v -67.8672 -35.066 71.6491
vn 0.235861 0.952037 0.194922
v -68.0398 -35.7495 72.323
vn 0.916565 0.061823 0.395078
v -68.0398 -35.7495 72.323
vn 0.968692 0.100983 0.226802
v -67.9316 -35.1567 70.8016
vn 0.78726 0.601727 0.134705
v -66.2645 -34.6386 62.5206
vn 0.790679 0.524749 0.315382
v -68.6129 -35.4113 75.7876
vn 0.98039 0.0047678 0.19701
v -67.5483 -34.0053 70.4482
vn 0.861763 0.497306 0.100253
v -67.1437 -34.0428 68.4491
vn 0.276577 -0.954607 0.110588
v -91.0715 -56.2882 220.451
vn 0.0428241 -0.997232 -0.0607809
v -91.9842 -56.5253 224.583
vn 0.930871 0.365205 -0.0102133
v -81.3618 -43.9401 156.956
vn 0.563864 0.749973 0.345828
v -81.4672 -43.3169 155.408
vn -0.844052 -0.524457 0.1119
v -101.522 -54.3438 282.468
vn -0.976736 -0.210685 0.0399877
v -101.716 -54.215 277.532
vn -0.990858 0.134683 -0.00779436
v -101.823 -54.1772 277.147
vn -0.934866 -0.32502 0.142783
v -101.802 -54.2282 281.639
vn -0.999979 0.00505356 0.00392722
v -101.887 -54.09 280.609
vn 0.607717 -0.661379 0.439611
v -106.182 -47.0512 301.951
vn -0.614219 -0.767892 0.18187
v -106.182 -47.0512 301.951
vn -0.158776 -0.985499 -0.0598462
v -106.182 -47.0512 301.951
vn 0.984855 0.11926 0.125851
v -106.043 -47.0355 301.164
vn -0.210394 0.593824 0.7766
v -106.043 -47.0355 301.164
vn -0.31838 -0.765859 0.558654
v -106.043 -47.0355 301.164
vn 0.275515 0.946957 0.165423
v -106.235 -46.958 302.165
vn -0.614219 -0.767892 0.18187
v -106.235 -46.958 302.165
vn -0.444905 0.875071 0.190556
v -106.235 -46.958 302.165
vn -0.0415727 -0.533444 -0.844813
v -106.062 -47.037 301.15
vn -0.809426 0.344916 0.47525
v -106.062 -47.037 301.15
vn -0.210394 0.593824 0.7766
v -106.047 -46.8065 300.988
vn 0.334488 0.934095 0.124837
v -106.047 -46.8065 300.988
vn -0.791862 0.601861 -0.103531
v -106.047 -46.8065 300.988
vn -0.173634 -0.246681 0.953415
v -106.047 -46.8065 300.988
vn 0.254025 0.955925 0.147239
v -106.05 -46.8074 301.005
vn 0.77519 -0.630357 0.0416011
v -106.05 -46.8074 301.005
vn -0.0415727 -0.533444 -0.844813
v -106.05 -46.8074 301.005
vn -0.791862 0.601861 -0.103531
v -106.05 -46.8074 301.005
vn -0.809426 0.344916 0.47525
v -106.05 -46.8074 301.005
vn -0.173634 -0.246681 0.953415
v -106.051 -46.805 300.988
vn 0.553551 -0.601989 0.575492
v -106.051 -46.805 300.988
vn 0.202309 0.973061 0.110563
v -106.051 -46.805 300.988
vn -0.26315 -0.821054 0.50658
v -106.249 -46.9905 301.13
vn -0.204489 -0.978857 0.00484694
v -106.249 -46.9905 301.13
vn 0.728392 -0.654704 0.20201
v -106.249 -46.9905 301.13
vn -0.0415727 -0.533444 -0.844813
v -106.249 -46.9905 301.13
vn 0.553551 -0.601989 0.575492
v -106.21 -47.0091 300.927
vn -0.429639 -0.881417 0.196252
v -106.21 -47.0091 300.927
vn -0.791862 0.601861 -0.103531
v -106.203 -47.026 300.903
vn -0.809426 0.344916 0.47525
v -106.203 -47.026 300.903
vn -0.173634 -0.246681 0.953415
v -106.203 -47.026 300.903
vn 0.553551 -0.601989 0.575492
v -106.203 -47.026 300.903
vn -0.544666 0.743267 0.388449
v -106.29 -46.7679 301.163
vn -0.213569 -0.976899 0.00752723
v -106.684 -46.9049 300.874
vn -0.544666 0.743267 0.388449
v -106.684 -46.9049 300.874
vn -0.937584 0.0578701 0.342911
v -106.684 -46.9049 300.874
vn -0.937584 0.0578701 0.342911
v -106.838 -46.8694 300.446
vn 0.590384 -0.309521 0.745416
v -106.838 -46.8694 300.446
vn -0.608214 0.562047 0.560516
v -106.804 -46.6663 300.503
vn -0.937584 0.0578701 0.342911
v -106.804 -46.6663 300.503
vn 0.590384 -0.309521 0.745416
v -106.804 -46.6663 300.503
vn -0.224574 0.872446 0.434057
v -107.024 -46.7424 300.645
vn -0.38739 -0.897519 0.210689
v -107.024 -46.7424 300.645
vn 0.107712 -0.173072 0.979002
v -59.1511 -57.1884 33.7644
vn -0.126836 0.468381 -0.874375
v -60.9365 -46.0264 33.8994
vn -0.458218 -0.589329 0.665377
v -61.9363 -44.5722 39.4374
vn -0.0109976 -0.988828 -0.148655
v -65.7044 -39.3387 61.3602
vn 0.109716 -0.973072 -0.202712
v -70.4547 -42.0687 82.1301
vn -0.00217215 -0.961012 -0.276499
v -69.3102 -41.1146 78.3657
vn 0.00234467 -0.952299 -0.305156
v -69.2113 -40.8698 77.6027
vn -0.0812563 -0.965959 -0.245602
v -70.9923 -42.4498 87.7317
vn -0.0854001 -0.966409 -0.242406
v -71.2796 -42.563 88.2841
vn 0.468269 -0.882264 -0.0483239
v -71.1696 -42.379 87.5119
vn 0.433033 -0.897739 -0.0809118
v -71.3523 -42.4735 87.4673
vn -0.0771102 -0.965482 -0.248792
v -70.8834 -42.2597 86.9604
vn 0.126209 -0.973357 -0.191436
v -70.2317 -41.8658 85.281
vn 0.558028 -0.828892 -0.0392765
v -68.132 -39.8515 74.456
vn 0.778945 -0.627076 -0.00448603
v -75.6875 -44.7638 113.103
vn 0.985455 -0.0391658 0.16536
v -75.6875 -44.7638 113.103
vn 0.930829 0.0711855 0.358456
v -74.8001 -43.6043 110.568
vn 0.798117 -0.602502 -6.54777e-006
v -74.7471 -44.2681 108.199
vn 0.88912 0.307688 0.338813
v -72.8749 -42.7761 100.533
vn 0.963848 -0.194186 0.182452
v -71.7905 -41.5763 96.5974
vn 0.754591 0.588235 0.290813
v -65.7748 -34.3009 55.0554
vn 0.360703 0.931366 -0.0495097
v -65.7748 -34.3009 55.0554
vn 0.0338307 0.995714 -0.0860718
v -66.1145 -33.5415 53.9931
vn -0.699992 0.661004 -0.270341
v -66.2614 -33.4665 52.4594
vn 0.814755 0.467341 0.343171
v -64.8616 -33.8506 50.7336
vn 0.38845 0.874661 0.289957
v -65.1581 -33.5272 50.9543
vn -0.0459514 0.959865 -0.276673
v -65.1581 -33.5272 50.9543
vn -0.00490015 0.978021 -0.20845
v -65.406 -33.4817 51.1491
vn 0.876047 -0.465638 0.12539
v -68.9588 -35.9262 76.0543
vn 0.791353 -0.610934 0.0228027
v -68.5221 -36.1717 74.2286
vn -0.136835 -0.334595 -0.932375
v -68.5221 -36.1717 74.2286
vn 0.497745 0.840357 0.214592
v -68.492 -36.1399 74.0334
vn 0.601374 0.771878 0.206285
v -68.4619 -36.1077 73.8383
vn 0.267972 0.417937 0.868055
v -68.4299 -36.0843 73.6402
vn -0.618047 0.434927 0.654871
v -68.4299 -36.0843 73.6402
vn -0.66188 0.744297 -0.0890867
v -68.4299 -36.0843 73.6402
vn 0.695804 0.691574 0.193864
v -68.4299 -36.0843 73.6402
vn 0.950348 -0.287246 0.119697
v -68.4299 -36.0843 73.6402
vn -0.303567 0.762401 -0.571482
v -68.3416 -35.9811 73.0593
vn -0.51339 0.856126 0.0589736
v -68.3416 -35.9811 73.0593
vn 0.916565 0.061823 0.395078
v -68.3416 -35.9811 73.0593
vn 0.839547 -0.536802 -0.0836948
v -68.3833 -35.7934 73.1268
vn 0.385359 0.897676 0.21372
v -68.3833 -35.7934 73.1268
vn 0.910431 0.328827 0.250973
v -68.3833 -35.7934 73.1268
vn 0.916565 0.061823 0.395078
v -68.3833 -35.7934 73.1268
vn 0.781587 0.52927 0.330144
v -67.0706 -33.5701 57.0421
vn -0.279497 0.941688 -0.187364
v -67.1946 -33.2025 56.2669
vn 0.996404 -0.0388188 0.0753148
v -78.7277 -45.7995 136.898
vn 0.225042 0.904503 0.362258
v -74.7796 -40.2798 106.232
vn -0.42522 0.890532 0.161679
v -69.9498 -34.5322 76.1512
vn -0.442724 0.883691 0.151941
v -70.2542 -34.6612 75.6712
vn 0.427393 0.883715 0.190745
v -68.9897 -33.5137 67.6461
vn 0.315127 0.935378 0.160508
v -68.6799 -33.2408 65.6878
vn -0.0831197 -0.993574 -0.0768281
v -91.7369 -56.6306 219.878
vn -0.885529 -0.464583 0.000869244
v -101.375 -54.287 270.186
vn -0.999259 -0.0372497 0.00964738
v -101.31 -54.278 266.081
vn -0.813991 -0.577563 -0.0619654
v -101.31 -54.278 266.081
vn -0.512349 0.793936 0.32736
v -107.527 -46.6856 299.963
vn -0.464726 -0.872832 0.148975
v -107.527 -46.6856 299.963
vn -0.963499 -0.20578 0.171241
v -108.159 -46.6083 298.443
vn -0.750848 0.600383 0.275259
v -108.159 -46.6083 298.443
vn -0.963499 -0.20578 0.171241
v -108.197 -46.7613 298.044
vn -0.350948 -0.207593 0.913094
v -108.197 -46.7613 298.044
vn -0.588226 0.797357 0.134951
v -108.233 -46.567 298.074
vn -0.350948 -0.207593 0.913094
v -108.233 -46.567 298.074
vn -0.841578 0.334878 0.423797
v -108.233 -46.567 298.074
vn -0.350948 -0.207593 0.913094
v -108.382 -46.8012 297.964
vn -0.841578 0.334878 0.423797
v -108.382 -46.8012 297.964
vn -0.134152 0.925666 0.353759
v -108.382 -46.8012 297.964
vn 0.647646 -0.647971 0.40086
v -108.131 -46.7962 296.565
vn 0.979105 -0.201105 -0.0301719
v -59.8303 -61.9751 31.9428
vn 0.0442651 -0.201567 0.978474
v -60.1502 -62.0854 32.2853
vn 0.957566 -0.256645 0.131148
v -59.5036 -60.2646 32.7071
vn 0.510181 -0.389746 0.76669
v -60.1882 -60.7495 32.9276
vn 0.755583 -0.0101045 -0.654975
v -59.1079 -58.9679 31.9706
vn -0.375566 -0.321317 0.869313
v -60.7237 -55.677 35.4624
vn -0.930229 0.0389979 0.3649
v -61.6307 -54.0178 35.6191
vn -0.929825 0.0306054 0.366727
v -61.3468 -52.6199 36.2442
vn -0.575557 -0.263638 0.774099
v -61.6087 -52.7694 35.5457
vn -0.394047 -0.36275 0.844476
v -61.5422 -49.456 36.8407
vn 0.326638 -0.944063 -0.045303
v -73.7495 -44.4035 93.3326
vn 0.495095 -0.867469 -0.0487697
v -72.6993 -43.6395 91.3995
vn 0.810849 -0.539267 0.22741
v -72.6993 -43.6395 91.3995
vn 0.143459 -0.979966 -0.138153
v -70.9638 -42.5406 84.2282
vn -0.00945969 -0.976737 -0.214232
v -69.9997 -41.4578 74.5028
vn 0.0361596 -0.98564 -0.164943
v -69.4206 -41.2558 73.3944
vn 0.700172 -0.677134 0.226382
v -68.9536 -40.1888 68.7254
vn 0.0241646 -0.985847 -0.165897
v -68.9952 -40.4623 68.0543
vn -0.470387 0.867959 -0.159323
v -68.468 -33.0689 59.7941
vn -0.175538 0.979715 0.096668
v -70.0845 -33.5668 70.3457
vn 0.315127 0.935378 0.160508
v -70.0845 -33.5668 70.3457
vn 0.728669 0.661977 0.175577
v -70.0845 -33.5668 70.3457
vn 0.197759 0.971901 0.127672
v -69.1422 -32.9289 64.0297
vn -0.0103435 0.999439 -0.031858
v -69.3152 -32.7718 64.2367
vn -0.397249 0.903514 -0.160799
v -68.7713 -32.9868 61.4057
vn 0.884387 0.463822 0.0522437
v -76.1436 -40.1726 109.33
vn 0.47292 0.867512 0.154174
v -75.4217 -39.0958 103.674
vn 0.0891565 0.936782 0.338365
v -75.141 -38.9465 103.127
vn 0.100255 0.985089 0.139813
v -70.156 -32.8126 67.7986
vn 0.415826 0.856072 0.306968
v -70.156 -32.8126 67.7986
vn 0.409756 0.911443 0.0370215
v -80.4081 -39.1023 127.151
vn 0.886814 0.437878 0.147726
v -86.7159 -39.474 165.562
vn -0.893528 -0.422613 0.151679
v -101.336 -55.1637 261.606
vn -0.820485 -0.530736 0.212425
v -101.354 -55.3691 260.745
vn -0.872253 -0.4676 0.143265
v -101.418 -55.2201 260.967
vn -0.971392 0.236117 0.0254261
v -101.485 -55.1598 260.762
vn -0.970014 0.239885 0.0390981
v -101.557 -55.3116 260.314
vn -0.567879 -0.823058 -0.00949126
v -101.557 -55.3116 260.314
vn -0.974932 0.222221 -0.0112213
v -101.529 -55.2174 259.719
vn 0.267028 0.962329 0.0511717
v -87.1866 -39.2056 167.592
vn -0.971435 -0.232073 0.0495555
v -101.372 -54.6701 263.126
vn -0.626309 -0.761928 0.164935
v -101.406 -54.6156 262.72
vn -0.88764 -0.433526 0.155406
v -101.406 -54.6156 262.72
vn -0.168737 0.926934 0.335142
v -109.177 -46.9393 298.024
vn 0.647646 -0.647971 0.40086
v -109.177 -46.9393 298.024
vn -0.148205 -0.172847 0.973735
v -109.177 -46.9393 298.024
vn 0.123104 -0.992209 -0.0191425
v -109.19 -46.9557 298.019
vn -0.148205 -0.172847 0.973735
v -109.19 -46.9557 298.019
vn -0.572166 -0.809374 -0.13244
v -109.19 -46.9557 298.019
vn -0.52827 -0.839803 -0.125151
v -109.207 -46.944 298.018
vn -0.42585 0.874365 0.232677
v -109.207 -46.944 298.018
vn -0.238229 0.942072 0.23611
v -108.688 -46.532 297.143
vn -0.691529 0.720581 0.0505031
v -109.23 -46.7681 296.814
vn -0.884777 0.442495 0.146181
v -109.313 -46.8618 295.963
vn -0.9886 0.0681173 0.134274
v -109.376 -47.0595 295.713
vn -0.662469 -0.497846 0.559719
v -109.376 -47.0595 295.713
vn -0.723348 -0.685963 -0.0788834
v -109.376 -47.0595 295.713
vn 0.143023 -0.75474 0.640243
v -109.247 -47.1023 294.903
vn -0.723348 -0.685963 -0.0788834
v -109.247 -47.1023 294.903
vn -0.723348 -0.685963 -0.0788834
v -109.407 -46.9572 295.11
vn -0.914739 0.401328 0.0467754
v -109.407 -46.9572 295.11
vn 0.180746 -0.983517 -0.00510369
v -109.412 -47.1644 294.867
vn 0.0657073 -0.997674 -0.0181572
v -109.61 -47.1769 294.835
vn -0.520991 -0.845566 -0.116563
v -109.61 -47.1769 294.835
vn -0.772204 0.626583 0.105326
v -109.61 -47.1769 294.835
vn 0.327484 -0.259879 0.908415
v -60.8443 -66.0105 31.4826
vn 0.147314 -0.201803 0.968284
v -60.8013 -65.1978 31.6736
vn 0.784127 -0.253353 0.566531
v -61.0391 -65.0425 31.7164
vn 0.784454 -0.352878 0.510009
v -60.5615 -60.8923 33.4215
vn 0.846824 -0.130031 -0.515734
v -61.2095 -60.9996 30.2631
vn -0.939261 0.124868 0.319683
v -62.1819 -56.037 34.6937
vn -0.219826 0.322802 -0.920584
v -61.9337 -52.1667 31.1135
vn 0.810849 -0.539267 0.22741
v -74.2674 -44.4384 95.0961
vn 0.530156 -0.839276 0.120625
v -72.3702 -42.9251 82.0974
vn 0.204977 -0.953897 -0.219239
v -85.2203 -54.8993 159.353
vn 0.717797 -0.688295 0.104966
v -85.6618 -55.0663 159.667
vn 0.181492 -0.950907 -0.250674
v -84.8191 -54.4277 157.854
vn 0.901731 -0.180199 0.392949
v -85.1147 -54.9844 156.067
vn 0.292244 -0.919805 -0.261826
v -84.8558 -54.9457 155.087
vn 0.355121 -0.919509 -0.168501
v -83.6679 -53.7272 151.992
vn -0.0875039 0.962188 0.257947
v -71.8574 -33.5045 72.141
vn 0.428976 -0.872194 0.23507
v -94.284 -56.7793 214.74
vn 0.16898 -0.957846 -0.232331
v -94.284 -56.7793 214.74
vn 0.31953 0.946633 0.0422606
v -82.1826 -37.8858 126.447
vn -0.860092 -0.436445 0.264117
v -101.544 -56.2766 250.285
vn -0.987098 0.157268 -0.0300704
v -101.544 -56.2766 250.285
vn -0.996946 0.0665038 -0.0409457
v -101.319 -56.2826 247.854
vn -0.983013 0.176666 -0.0497391
v -101.337 -56.3362 246.814
vn -0.967204 0.25086 -0.0398261
v -101.486 -56.1257 250.722
vn -0.0872719 0.98609 -0.141457
v -89.176 -38.5977 169.318
vn 0.36246 0.930933 0.0445585
v -90.1236 -39.0306 177.241
vn 0.707129 0.689258 0.15777
v -89.6117 -39.0723 174.436
vn -0.760329 -0.649508 0.00624756
v -109.814 -47.2237 288.017
vn -0.242558 -0.948762 0.202526
v -109.814 -47.2237 288.017
vn -0.760329 -0.649508 0.00624756
v -109.724 -47.3336 287.611
vn 0.135025 0.905994 0.401177
v -109.724 -47.3336 287.611
vn -0.242558 -0.948762 0.202526
v -109.724 -47.3336 287.611
vn 0.054508 -0.993229 0.102593
v -109.952 -47.3679 287.765
vn -0.79252 0.588198 0.161046
v -109.952 -47.3679 287.765
vn -0.789774 0.557655 0.255495
v -110.001 -47.3759 287.551
vn -0.242558 -0.948762 0.202526
v -109.931 -47.2879 287.577
vn -0.939633 0.3266 0.102092
v -109.931 -47.2879 287.577
vn -0.829455 0.440235 0.343798
v -109.931 -47.2879 287.577
vn -0.744429 0.666491 0.0401771
v -109.65 -46.9864 293.63
vn -0.869645 0.163987 0.465645
v -109.37 -46.634 291.886
vn 0.250857 -0.784028 0.567777
v -109.398 -47.1793 291.375
vn 0.250857 -0.784028 0.567777
v -109.643 -47.1297 291.552
vn -0.864626 0.501033 -0.0372599
v -109.643 -47.1297 291.552
vn -0.869645 0.163987 0.465645
v -109.643 -47.1297 291.552
vn -0.254054 -0.847293 0.466423
v -109.643 -47.1297 291.552
vn 0.250857 -0.784028 0.567777
v -109.589 -47.2523 291.358
vn -0.254054 -0.847293 0.466423
v -109.589 -47.2523 291.358
vn -0.871159 0.490143 0.0290215
v -109.791 -47.2196 291.308
vn -0.760329 -0.649508 0.00624756
v -109.791 -47.2196 291.308
vn -0.869645 0.163987 0.465645
v -109.791 -47.2196 291.308
vn -0.254054 -0.847293 0.466423
v -109.791 -47.2196 291.308
vn -0.850585 0.175855 0.49556
v -109.614 -46.744 287.927
vn 0.272203 -0.307033 0.911941
v -61.4345 -65.5844 32.1023
vn 0.85308 -0.174013 -0.491908
v -61.9859 -63.037 29.5073
vn 0.283534 0.152931 -0.946689
v -62.0172 -62.6004 29.2986
vn -0.00493088 0.343679 -0.939074
v -62.831 -60.4576 29.0857
vn 0.769176 -0.055739 -0.636601
v -62.8381 -60.8408 28.8898
vn -0.0837928 0.285524 -0.954701
v -62.8381 -60.8408 28.8898
vn -0.554475 -0.245573 0.795143
v -62.7617 -60.2454 33.6526
vn 0.086236 -0.297139 0.950932
v -62.8312 -59.9225 33.7556
vn -0.75709 -0.126583 0.640931
v -62.8312 -59.9225 33.7556
vn 0.53556 0.0638545 -0.842079
v -61.9199 -60.001 29.9071
vn -0.859687 0.0659473 0.506546
v -62.6546 -58.6898 33.9788
vn -0.609998 -0.180233 0.771634
v -63.3024 -56.0044 33.0912
vn -0.925757 0.0179774 0.377691
v -63.5409 -55.8237 32.9635
vn -0.95811 0.2736 0.0846635
v -63.7426 -55.5146 30.6465
vn 0.796642 -0.542896 -0.265753
v -85.4005 -55.5289 156.338
vn -0.313572 -0.944025 0.102421
v -85.4005 -55.5289 156.338
vn -0.599541 -0.659331 -0.453689
v -85.4005 -55.5289 156.338
vn 0.270989 -0.955822 -0.113883
v -89.1507 -57.6061 173.268
vn -0.313572 -0.944025 0.102421
v -85.5703 -55.4061 156.95
vn 0.223282 -0.969366 0.102342
v -85.6992 -55.6267 156.891
vn -0.426188 -0.794342 -0.432879
v -85.6992 -55.6267 156.891
vn -0.350104 -0.810227 -0.470064
v -85.1038 -55.2716 155.607
vn 0.830413 -0.550453 0.0861194
v -85.2431 -55.2348 156.209
vn 0.883133 -0.218704 0.415024
v -85.2431 -55.2348 156.209
vn 0.796642 -0.542896 -0.265753
v -85.2431 -55.2348 156.209
vn 0.289256 -0.949046 0.125072
v -85.3699 -55.3047 155.972
vn -0.43115 -0.806339 -0.404879
v -85.3699 -55.3047 155.972
vn -0.415906 -0.802079 -0.428592
v -85.656 -55.4239 156.523
vn -0.313572 -0.944025 0.102421
v -85.656 -55.4239 156.523
vn 0.307283 -0.936946 -0.166463
v -85.9988 -55.354 156.073
vn 0.743771 -0.662353 0.0899631
v -85.2102 -54.8041 154.647
vn 0.67046 0.737791 -0.0784048
v -82.3643 -37.9323 125.213
vn -0.171409 0.984826 -0.0271576
v -82.4843 -37.8903 123.559
vn -0.542564 -0.833274 0.106199
v -100.691 -56.3908 241.974
vn -0.258708 -0.961015 0.0975738
v -101.011 -56.4991 240.057
vn -0.760159 -0.642791 -0.0947497
v -101.011 -56.4991 240.057
vn -0.845908 -0.531599 -0.0429093
v -100.864 -56.4069 238.247
vn -0.76686 -0.639152 0.0583996
v -100.813 -56.5601 236.585
vn -0.546888 0.836923 0.0217448
v -85.1341 -38.2533 139.729
vn 0.168888 0.985278 0.0265289
v -85.519 -38.5317 139.826
vn -0.997715 0.0431316 -0.0520021
v -101.015 -56.1774 243.4
vn -0.379792 -0.923617 0.0518579
v -101.015 -56.1774 243.4
vn -0.845636 -0.533195 -0.0245429
v -101.015 -56.1774 243.4
vn -0.850415 -0.524956 0.0348578
v -100.994 -56.135 241.767
vn 0.57771 0.785157 0.223115
v -90.8755 -38.2564 172.745
vn 0.214783 0.976185 -0.0305167
v -90.6268 -37.8478 171.007
vn 0.299784 -0.954007 0.000540698
v -110.326 -47.579 280.893
vn -0.349474 -0.935427 -0.0533377
v -110.086 -47.3594 287.335
vn -0.830268 0.355305 0.429434
v -110.086 -47.3594 287.335
vn -0.514761 -0.857273 0.0102142
v -110.085 -47.2695 286.735
vn -0.783615 -0.602411 -0.151821
v -110.033 -47.4504 284.863
vn -0.518974 -0.807043 0.281688
v -110.033 -47.4504 284.863
vn -0.981051 0.159088 0.110589
v -110.166 -47.312 285.483
vn -0.881418 -0.468531 0.0598363
v -110.166 -47.312 285.483
vn -0.496007 -0.781947 0.377539
v -110.103 -47.4592 285.261
vn -0.840143 -0.540376 -0.0464138
v -110.103 -47.4592 285.261
vn -0.840143 -0.540376 -0.0464138
v -110.226 -47.2526 285.074
vn -0.518974 -0.807043 0.281688
v -110.226 -47.2526 285.074
vn 0.201945 -0.97599 -0.0816186
v -110.203 -47.42 284.637
vn -0.997284 -0.0597988 0.0429976
v -110.203 -47.42 284.637
vn -0.60831 -0.793445 0.0200966
v -110.203 -47.42 284.637
vn -0.533298 -0.829451 0.166144
v -110.152 -47.5215 282.162
vn -0.972905 0.217206 0.0792374
v -110.437 -47.2976 282.364
vn -0.92944 -0.344701 0.131614
v -110.437 -47.2976 282.364
vn 0.189298 -0.981743 0.0186209
v -110.444 -47.5892 281.556
vn -0.443219 -0.842023 0.307498
v -110.444 -47.5892 281.556
vn -0.930634 -0.36054 0.0626956
v -110.444 -47.5892 281.556
vn -0.87418 -0.484382 0.0343996
v -110.467 -47.5233 281.087
vn -0.948216 0.310121 0.0686412
v -110.523 -47.3917 281.512
vn -0.390622 0.916765 -0.0834018
v -105.296 -41.4668 247.621
vn 0.833997 -0.188182 -0.518687
v -62.8216 -64.7267 28.7766
vn 0.585954 0.0171906 -0.810162
v -63.324 -64.2108 28.8303
vn -0.74144 -0.0117689 0.670916
v -64.7545 -59.3178 31.4603
vn -0.200259 -0.942856 -0.266307
v -87.7575 -56.9194 159.224
vn 0.907359 -0.344224 0.241267
v -85.3766 -55.1867 143.348
vn 0.173549 -0.961677 -0.21227
v -80.5891 -48.1331 114.018
vn -0.0530015 -0.99854 -0.0104683
v -92.9176 -58.4238 189.187
vn -0.196141 0.979493 -0.046063
v -82.8303 -38.3387 117.881
vn -0.951114 -0.303746 -0.0558548
v -100.645 -57.0102 234.271
vn -0.725246 -0.659268 0.198454
v -100.363 -56.9767 232.677
vn -0.969647 0.236181 0.0632803
v -100.706 -56.8564 231.824
vn -0.588564 -0.772985 0.236827
v -100.706 -56.8564 231.824
vn -0.604203 -0.732671 -0.313259
v -100.541 -57.1201 230.365
vn -0.974312 -0.224644 0.0158812
v -100.81 -57.034 230.134
vn -0.732639 0.678034 0.0592392
v -101.002 -56.9837 230.935
vn -0.604203 -0.732671 -0.313259
v -101.002 -56.9837 230.935
vn -0.580752 -0.699698 0.416112
v -100.844 -56.8691 230.363
vn -0.659193 0.751221 -0.0336425
v -100.844 -56.8691 230.363
vn -0.999316 0.00815255 -0.0360769
v -100.844 -56.8691 230.363
vn -0.99253 -0.120548 -0.0187925
v -100.795 -57.1439 229.512
vn -0.672597 -0.724763 -0.149437
v -100.795 -57.1439 229.512
vn -0.672597 -0.724763 -0.149437
v -100.621 -57.098 228.508
vn -0.585054 -0.638813 0.49963
v -100.621 -57.098 228.508
vn -0.585054 -0.638813 0.49963
v -100.744 -56.9845 228.509
vn -0.947289 0.318586 -0.0338516
v -100.744 -56.9845 228.509
vn -0.585054 -0.638813 0.49963
v -100.934 -57.1816 228.035
vn -0.748582 0.66257 0.0250229
v -100.934 -57.1816 228.035
vn -0.363438 0.731056 0.577469
v -100.934 -57.1816 228.035
vn -0.879191 0.475942 -0.0223973
v -100.628 -56.8167 227.53
vn -0.202961 0.847887 0.48979
v -100.628 -56.8167 227.53
vn -0.555278 -0.254967 0.791618
v -100.589 -57.1803 227.26
vn -0.0788052 0.996252 -0.0356504
v -84.2411 -38.2187 124.466
vn -0.700146 -0.691553 0.177623
v -100.803 -56.9525 235.097
vn -0.853754 -0.504712 -0.127945
v -100.803 -56.9525 235.097
vn -0.994313 0.1011 -0.0334641
v -100.803 -56.9525 235.097
vn 0.432678 0.900645 0.0403552
v -85.2803 -36.9386 124.535
vn 0.312459 0.948953 0.0431085
v -87.1797 -37.4532 136.684
vn 0.44037 0.893833 0.0844751
v -87.8195 -37.3269 137.842
vn -0.102351 0.968609 -0.22654
v -86.5271 -37.6495 135.516
vn 0.234254 0.971454 0.0374388
v -87.7711 -36.9096 143.263
vn 0.445614 0.858687 0.253151
v -90.3553 -37.3957 156.545
vn 0.105769 0.98548 0.132821
v -103.97 -41.9566 237.26
vn 0.332651 -0.94297 -0.0122623
v -110.519 -47.6372 278.594
vn -0.968208 0.240888 0.0674267
v -110.742 -47.4079 278.601
vn -0.534079 -0.836001 0.125945
v -110.675 -47.6834 278.356
vn -0.98939 0.139961 0.0389646
v -110.798 -47.587 278.355
vn -0.995329 0.0920618 0.0290787
v -110.8 -47.4965 277.746
vn -0.100675 -0.987175 0.123898
v -110.8 -47.4965 277.746
vn -0.813094 -0.579642 0.0537959
v -110.8 -47.4965 277.746
vn -0.530245 -0.835015 -0.146933
v -110.474 -47.6021 277.169
vn -0.797762 -0.598426 0.0738991
v -110.763 -47.683 276.289
vn -0.357843 -0.93284 0.0419235
v -110.763 -47.683 276.289
vn -0.362312 -0.899697 0.243465
v -110.777 -47.7617 274.424
vn 0.542431 -0.324749 0.774795
v -63.3339 -71.4792 30.6846
vn 0.744344 -0.373049 0.553883
v -63.3339 -71.4792 30.6846
vn 0.0477563 -0.301781 0.952181
v -64.8654 -71.1829 30.9357
vn 0.355496 -0.287322 0.88942
v -64.6035 -70.3238 31.0128
vn -0.271383 0.271732 -0.923316
v -65.1087 -64.8036 27.8406
vn 0.910877 -0.291145 0.292468
v -88.6032 -58.1316 151.281
vn 0.760355 -0.640012 0.110652
v -89.5854 -57.6201 163.135
vn 0.578566 -0.801534 0.15101
v -89.6473 -57.2214 159.705
vn 0.893378 -0.293257 0.340405
v -90.1174 -57.4286 160.212
vn 0.483043 -0.866324 0.127096
v -88.5147 -57.3023 156.371
vn 0.865532 -0.376747 0.330025
v -88.5147 -57.3023 156.371
vn 0.707948 -0.705904 0.0225626
v -85.2823 -52.5189 127.93
vn -0.158901 -0.966685 -0.200674
v -79.7985 -45.3585 91.2158
vn 0.482212 -0.860852 0.162498
v -92.8901 -59.2487 180.623
vn 0.131235 -0.988109 -0.0801148
v -92.8901 -59.2487 180.623
vn 0.0536207 -0.979671 -0.193313
v -92.792 -59.8022 178.28
vn 0.0247787 -0.983566 -0.178841
v -92.1274 -59.4782 176.59
vn -0.140657 -0.974235 0.176299
v -95.1299 -59.2561 188.497
vn 0.222203 -0.973538 0.0533748
v -93.2062 -58.9652 185.555
vn -0.00479526 -0.998789 0.0489556
v -94.5126 -59.8683 185.607
vn 0.139723 -0.941623 0.306307
v -99.3035 -57.368 215.72
vn -0.760394 -0.578074 0.296026
v -101.045 -57.3839 226.544
vn -0.879077 0.471665 0.068969
v -101.306 -57.4554 225.465
vn -0.752574 -0.619702 0.222716
v -101.306 -57.4554 225.465
vn -0.946393 -0.209463 -0.245897
v -101.13 -57.3287 223.46
vn -0.932758 -0.239372 -0.269561
v -101.09 -57.0593 223.083
vn -0.867865 -0.356334 -0.346174
v -101.512 -57.3383 224.427
vn -0.727423 0.683744 0.0578821
v -101.512 -57.3383 224.427
vn -0.983713 -0.178311 -0.0226715
v -101.004 -57.346 222.86
vn -0.986771 -0.160504 -0.0228208
v -101.047 -57.114 222.895
vn -0.968506 -0.248991 -0.000157849
v -101.104 -57.3455 222.229
vn -0.989243 -0.146022 0.00873137
v -101.135 -57.1391 222.261
vn -0.891585 -0.267586 -0.365341
v -100.851 -57.0662 220.674
vn -0.884717 -0.379121 -0.271188
v -100.857 -57.3005 220.859
vn 0.0910746 0.94963 0.299847
v -100.857 -57.3005 220.859
vn -0.971555 0.160714 0.173933
v -100.857 -57.3005 220.859
vn 0.405578 -0.753627 0.517255
v -100.857 -57.3005 220.859
vn 0.241771 -0.970329 0.00283705
v -100.857 -57.3005 220.859
vn -0.747025 0.655623 -0.110057
v -100.981 -57.1466 221.05
vn 0.405578 -0.753627 0.517255
v -101.085 -57.3242 221.003
vn -0.945479 -0.137458 -0.295254
v -101.031 -57.3476 219.584
vn -0.203178 -0.964997 0.16583
v -101.031 -57.3476 219.584
vn -0.821657 -0.360322 0.441642
v -101.031 -57.3476 219.584
vn -0.945479 -0.137458 -0.295254
v -101.076 -57.0913 219.608
vn -0.896595 -0.130391 0.42322
v -101.076 -57.0913 219.608
vn -0.629548 -0.753824 -0.1882
v -99.5217 -57.1613 216.751
vn -0.547914 -0.8361 0.0269735
v -99.4508 -57.1556 216.352
vn -0.751394 -0.366546 0.548682
v -100.949 -57.2077 226.999
vn -0.5068 0.5798 0.637954
v -101.24 -57.1733 227.784
vn -0.511685 0.859048 0.0146415
v -101.24 -57.1733 227.784
vn -0.502819 0.864234 0.0165107
v -101.114 -57.0986 227.817
vn -0.727888 -0.272646 0.629161
v -100.996 -57.0152 227.028
vn -0.512233 0.858694 0.0162048
v -100.996 -57.0152 227.028
vn -0.553398 0.832721 0.0180717
v -101.258 -57.1757 226.403
vn -0.893138 0.441416 -0.0863544
v -101.258 -57.1757 226.403
vn -0.0675541 0.985231 -0.157343
v -84.8824 -36.9822 117.81
vn 0.710067 0.680138 0.182257
v -86.8582 -37.0087 128.801
vn 0.188962 0.977233 0.0964803
v -86.8582 -37.0087 128.801
vn 0.611387 0.730388 0.304531
v -86.3028 -37.0584 126.823
vn 0.151028 0.988374 0.0175618
v -86.3028 -37.0584 126.823
vn -0.0599532 0.993659 -0.0951173
v -90.1926 -36.4142 141.083
vn 0.0150078 0.997939 -0.0623891
v -89.1311 -36.6196 138.795
vn 0.0934876 0.990873 -0.0971133
v -88.3885 -36.7091 137.034
vn 0.43625 0.850972 0.29246
v -92.0857 -37.0871 156.748
vn 0.619327 0.731745 0.284575
v -91.1899 -37.1258 155.234
vn -0.245254 0.955484 -0.164014
v -90.5448 -36.2659 147.474
vn 0.519326 -0.854213 0.0249175
v -111.233 -48.1983 269.348
vn -0.997898 0.00604162 0.0645153
v -111.509 -48.0151 269.339
vn -0.924347 -0.375419 0.068139
v -110.992 -47.6799 274.406
vn -0.351659 -0.829003 0.434845
v -110.952 -47.8141 274.183
vn -0.882316 -0.466305 -0.0638637
v -110.952 -47.8141 274.183
vn -0.730293 -0.682355 0.0326164
v -110.855 -47.8376 273.783
vn 0.697723 0.0839832 -0.711428
v -63.4923 -77.1892 27.4321
vn -0.700472 -0.000726381 0.713679
v -66.2035 -71.6069 30.7437
vn -0.569668 -0.00639071 0.82185
v -65.6467 -70.3232 31.0949
vn 0.426881 0.113794 -0.89712
v -65.8049 -69.7223 26.8803
vn -0.71212 0.0658072 0.698967
v -66.2102 -65.5004 31.1405
vn 0.763213 -0.645624 -0.0259886
v -87.1942 -54.7147 133.616
vn 0.804955 -0.592913 0.022395
v -86.1879 -53.5969 130.476
vn -0.199823 -0.948273 -0.246675
v -91.2359 -58.2203 164.831
vn 0.793247 -0.60815 0.0302261
v -85.6076 -52.8168 128.854
vn -0.355275 -0.901655 -0.246574
v -95.0273 -60.3783 180.919
vn 0.181572 -0.980158 0.0795075
v -95.1993 -59.9006 184.88
vn 0.726669 -0.67674 0.118217
v -95.1993 -59.9006 184.88
vn -0.404706 0.901679 0.152278
v -101.497 -57.4594 221.13
vn 0.241771 -0.970329 0.00283705
v -101.497 -57.4594 221.13
vn -0.945479 -0.137458 -0.295254
v -101.497 -57.4594 221.13
vn -0.890494 -0.349151 0.291744
v -101.292 -57.505 218.885
vn -0.710624 -0.70345 0.0131042
v -101.292 -57.505 218.885
vn -0.710624 -0.70345 0.0131042
v -101.214 -57.5953 218.265
vn -0.494592 -0.508416 0.704905
v -101.214 -57.5953 218.265
vn -0.962428 -0.24705 0.112691
v -101.385 -57.4221 218.27
vn -0.806247 0.590032 0.0427579
v -101.385 -57.4221 218.27
vn -0.646992 -0.377725 0.662363
v -101.385 -57.4221 218.27
vn -0.748998 0.662443 -0.0130476
v -101.34 -57.3045 218.914
vn -0.646992 -0.377725 0.662363
v -101.518 -57.6651 218.001
vn 0.0672824 -0.135381 0.988506
v -101.518 -57.6651 218.001
vn -0.772143 -0.231125 0.591925
v -101.537 -57.5615 218.016
vn 0.0672824 -0.135381 0.988506
v -101.537 -57.5615 218.016
vn -0.576334 0.805418 0.138353
v -101.729 -57.6534 218.017
vn -0.889037 -0.457739 0.00937919
v -101.729 -57.6534 218.017
vn 0.0672824 -0.135381 0.988506
v -101.729 -57.6534 218.017
vn -0.220297 0.965843 -0.136439
v -88.3927 -37.33 122.76
vn 0.292483 0.947582 0.128612
v -89.0616 -37.0639 131.948
vn 0.434292 0.839187 0.327345
v -92.1988 -36.3476 149.878
vn 0.152524 0.976978 0.149163
v -93.0279 -36.8879 149.246
vn -0.282441 0.958831 -0.0294969
v -93.0279 -36.8879 149.246
vn -0.143625 -0.984752 0.098162
v -111.348 -48.621 263.504
vn -0.95941 -0.271383 0.0767059
v -111.529 -48.8336 262.414
vn -0.678859 -0.718232 -0.152618
v -111.529 -48.8336 262.414
vn -0.305866 -0.95188 -0.0192537
v -111.426 -48.8039 261.817
vn -0.682344 -0.725791 0.0873707
v -111.426 -48.8039 261.817
vn -0.815734 -0.576032 -0.0525802
v -111.47 -49.015 260.951
vn -0.804194 -0.576384 0.145101
v -111.602 -48.7431 261.596
vn -0.997462 -0.0473933 0.053137
v -111.542 -48.4119 267.827
vn 0.471317 -0.881522 0.0279251
v -111.542 -48.4119 267.827
vn -0.282801 -0.953401 -0.105118
v -111.542 -48.4119 267.827
vn -0.211445 -0.972311 0.0995098
v -111.305 -48.3291 266.438
vn -0.301196 -0.948384 0.0992396
v -111.658 -48.2205 266.404
vn -0.935092 -0.354173 0.0128075
v -111.633 -48.3617 266.004
vn -0.163377 -0.984056 0.0702935
v -111.427 -48.4706 264.957
vn -0.293306 -0.955107 0.0417417
v -111.55 -48.4244 265.152
vn -0.781326 -0.623385 -0.0303546
v -111.55 -48.4244 265.152
vn -0.731992 -0.446282 0.514801
v -111.55 -48.4244 265.152
vn 0.533758 -0.791405 0.297962
v -111.605 -48.6051 264.917
vn -0.731992 -0.446282 0.514801
v -111.605 -48.6051 264.917
vn -0.97408 -0.226201 -0.00128827
v -111.605 -48.6051 264.917
vn -0.731992 -0.446282 0.514801
v -111.696 -48.2389 265.105
vn -0.966741 -0.255159 0.0174958
v -111.681 -48.4659 263.892
vn -0.526248 -0.220328 0.821291
v -65.3756 -80.5393 28.2627
vn 0.47358 -0.21675 0.853663
v -67.3059 -74.911 29.4821
vn -0.667348 -0.0529195 0.742863
v -67.3059 -74.911 29.4821
vn -0.616904 -0.168644 0.768758
v -66.57 -73.8512 30.1771
vn -0.10559 -0.255805 0.960945
v -66.9523 -73.6682 29.8561
vn 0.624203 0.0967634 -0.775246
v -66.5471 -73.2352 26.0857
vn -0.166787 0.284284 -0.944121
v -66.6571 -72.4175 25.98
vn -0.294529 -0.00998635 -0.95559
v -66.8756 -73.4625 25.8253
vn -0.442699 0.205686 -0.87276
v -66.9411 -73.0659 25.8413
vn -0.15726 -0.199326 0.967232
v -67.8595 -71.5362 29.5997
vn -0.940927 0.117171 0.317691
v -67.8595 -71.5362 29.5997
vn -0.94912 0.143285 0.280431
v -67.2089 -68.836 30.218
vn -0.968545 0.242638 0.0551931
v -67.268 -68.8155 30.0073
vn -0.847627 0.304772 -0.434331
v -67.793 -68.5964 28.9393
vn 0.584976 -0.786501 -0.19804
v -89.0625 -57.6196 138.567
vn -0.0399393 -0.992859 0.112411
v -91.8343 -59.4291 153.229
vn 0.621848 -0.767284 -0.156782
v -88.0926 -54.9881 131.993
vn 0.708726 -0.703854 -0.0479239
v -87.1317 -51.2447 121.097
vn 0.231304 -0.971731 -0.047297
v -85.7862 -49.9906 118.238
vn 0.101848 -0.993862 0.0431921
v -86.0194 -50.0072 118.405
vn 0.649353 -0.74788 0.137897
v -86.0194 -50.0072 118.405
vn 0.412914 -0.856094 -0.310813
v -86.0194 -50.0072 118.405
vn 0.137728 -0.963749 -0.228513
v -86.5885 -50.5667 118.629
vn -0.377096 -0.923422 -0.0713533
v -95.2684 -60.2025 176.395
vn -0.490524 -0.771467 -0.405246
v -84.9389 -47.7768 109.312
vn -0.958241 0.284985 -0.0236122
v -102.135 -58.5376 208.304
vn -0.822964 -0.537321 0.184434
v -101.804 -57.6012 213.45
vn -0.381944 -0.907568 0.17447
v -101.799 -57.9708 212.974
vn -0.906269 -0.338503 0.253165
v -101.937 -57.9167 212.552
vn -0.997811 -0.00176148 0.0661139
v -101.937 -57.9167 212.552
vn -0.972713 -0.00512394 0.231954
v -101.921 -58.0709 212.322
vn -0.865715 -0.461016 -0.19494
v -101.888 -58.2917 211.466
vn -0.777546 -0.469479 0.418345
v -101.888 -58.2917 211.466
vn -0.54643 -0.815904 0.188983
v -102.115 -58.0417 211.887
vn -0.865715 -0.461016 -0.19494
v -102.115 -58.0417 211.887
vn -0.865715 -0.461016 -0.19494
v -102.064 -57.9737 211.496
vn -0.777546 -0.469479 0.418345
v -102.064 -57.9737 211.496
vn -0.892534 0.447126 -0.0588289
v -102.298 -58.4831 210.488
vn -0.777546 -0.469479 0.418345
v -102.298 -58.4831 210.488
vn -0.30408 0.876484 -0.373244
v -85.3124 -38.042 104
vn -0.186845 0.864832 -0.465998
v -85.0607 -38.1257 103.818
vn -0.391258 0.886044 -0.248682
v -86.8794 -38.2052 105.992
vn -0.0776717 0.996141 -0.0408563
v -89.6992 -37.4299 124.392
vn -0.0938055 0.995413 -0.0187969
v -88.775 -37.4278 122.684
vn -0.369685 0.919947 -0.130499
v -89.2161 -37.4022 122.827
vn -0.762201 0.593828 -0.257717
v -94.3148 -37.1798 152.079
vn -0.300944 0.953631 0.0044749
v -94.3148 -37.1798 152.079
vn -0.800025 0.51202 -0.312721
v -94.7052 -36.821 153.932
vn -0.757688 0.634102 -0.15435
v -94.3759 -36.7324 153.168
vn -0.823115 -0.549544 -0.143116
v -110.834 -48.8517 255.145
vn -0.404248 -0.914649 0.00122436
v -110.834 -48.8517 255.145
vn -0.621475 -0.780688 -0.065537
v -110.534 -48.6959 253.345
vn 0.470412 -0.880552 -0.0577949
v -110.496 -48.7766 252.309
vn -0.0562749 -0.989739 -0.131342
v -110.631 -48.5002 250.284
vn -0.706791 -0.679299 -0.197481
v -110.473 -48.379 249.303
vn -0.66812 -0.658184 0.347
v -110.473 -48.379 249.303
vn -0.66812 -0.658184 0.347
v -110.687 -48.1578 249.309
vn -0.66812 -0.658184 0.347
v -110.602 -48.485 248.854
vn -0.231882 -0.956151 -0.178901
v -110.602 -48.485 248.854
vn -0.776748 -0.606734 -0.168927
v -110.602 -48.485 248.854
vn -0.99653 -0.0604187 -0.0572438
v -110.602 -48.485 248.854
vn -0.141888 -0.978971 -0.146572
v -110.244 -48.1698 246.705
vn -0.782748 -0.616112 -0.0878131
v -110.463 -48.2238 247.278
vn -0.996013 -0.0162611 -0.0877194
v -110.542 -48.1165 246.463
vn -0.389706 -0.906324 -0.163421
v -110.542 -48.1165 246.463
vn -0.999071 -0.0194904 -0.0384333
v -110.604 -48.0458 247.288
vn -0.140376 -0.980088 -0.140437
v -110.124 -47.9488 244.708
vn -0.044031 -0.997244 -0.0597184
v -109.819 -47.6547 242.753
vn -0.685598 -0.690275 0.231248
v -110.083 -47.6461 242.509
vn -0.952364 -0.234831 -0.194571
v -110.083 -47.6461 242.509
vn -0.987762 0.00131002 -0.155964
v -110.167 -47.489 242.729
vn -0.98677 -0.0179999 -0.161121
v -109.834 -47.3675 240.953
vn -0.475506 -0.874538 -0.0952721
v -111.198 -48.8945 258.344
vn 0.266137 -0.963828 0.0143752
v -110.858 -48.8395 256.408
vn -0.390127 -0.919636 -0.0455001
v -110.858 -48.8395 256.408
vn -0.770216 -0.0915665 0.631176
v -67.794 -78.5603 28.5382
vn -0.744179 -0.0750285 0.663753
v -67.5304 -76.9494 29.0892
vn -0.813048 -0.0220805 0.581778
v -68.5241 -76.1814 28.2243
vn -0.371066 0.291235 -0.881755
v -67.6888 -75.599 25.3607
vn -0.832925 -0.0356832 0.552234
v -68.3817 -75.975 28.3946
vn -0.105137 -0.235618 0.966142
v -67.7968 -72.9224 29.3242
vn -0.902779 -0.0100274 0.429987
v -68.1116 -73.3702 29.1807
vn -0.967915 -0.154035 0.198531
v -68.6864 -74.2067 27.1908
vn -0.900572 0.0590597 -0.430676
v -68.7467 -74.016 27.2155
vn -0.43671 0.327503 -0.83787
v -67.0194 -73.6705 25.6638
vn -0.430572 0.225082 -0.87404
v -67.1181 -73.3127 25.8985
vn -0.569008 -0.801835 0.182458
v -91.219 -59.7948 144.425
vn -0.69489 -0.709771 -0.115556
v -91.8008 -59.633 150.938
vn -0.508728 -0.85704 0.0817141
v -90.9688 -59.7476 146.32
vn -0.739795 -0.6032 -0.298084
v -91.2772 -59.4572 146.736
vn 0.0332936 -0.997343 0.0647883
v -95.2265 -58.5069 162.119
vn 0.277253 -0.958206 -0.0705159
v -83.9739 -46.3544 94.7171
vn -0.384234 -0.848239 -0.364492
v -83.781 -45.9476 92.1485
vn -0.391414 -0.835761 -0.385096
v -83.197 -45.7233 90.9935
vn 0.544487 -0.822165 0.16607
v -86.3557 -47.0667 102.855
vn -0.830798 0.552475 -0.067423
v -101.396 -58.2372 197.584
vn -0.986527 -0.00175799 -0.163592
v -101.396 -58.2372 197.584
vn -0.981411 -0.191918 0.000789944
v -101.396 -58.2372 197.584
vn -0.972303 -0.124228 -0.197977
v -101.062 -58.2859 195.572
vn -0.951199 -0.2546 -0.174353
v -100.667 -58.1546 193.807
vn -0.972095 -0.170326 -0.16131
v -100.779 -57.7717 193.858
vn -0.935821 -0.351019 -0.0320141
v -100.187 -58.0813 189.785
vn -0.970887 -0.237978 -0.0272727
v -100.281 -57.7256 190.039
vn -0.881599 -0.464025 0.0863946
v -100.274 -58.0859 188.333
vn -0.808159 -0.576612 0.11999
v -102.197 -58.6279 207.457
vn -0.936166 0.347099 -0.055818
v -102.197 -58.6279 207.457
vn -0.946225 0.318887 -0.0544933
v -102.03 -58.4818 206.687
vn -0.902671 0.430331 0.000330686
v -102.024 -58.3612 205.887
vn -0.895541 -0.423944 -0.135196
v -101.813 -58.1186 204.525
vn -0.670612 -0.7334 -0.111373
v -101.626 -58.271 201.651
vn -0.951635 -0.30378 -0.0459136
v -101.626 -58.271 201.651
vn -0.943062 -0.319986 -0.0907862
v -101.44 -58.0023 200.084
vn -0.993966 0.0910968 -0.0610937
v -107.685 -46.7302 219.826
vn -0.911157 -0.388281 -0.137954
v -107.685 -46.7302 219.826
vn -0.574835 -0.805508 -0.143953
v -109.023 -47.1082 235.577
vn -0.583452 -0.811941 -0.0183153
v -108.718 -47.0078 233.792
vn -0.00685623 -0.998513 -0.0540894
v -108.854 -46.9663 233.368
vn -0.924011 -0.36273 -0.120955
v -108.634 -46.8241 230.551
vn -0.766087 -0.612923 -0.193486
v -108.352 -46.8677 229.354
vn -0.485371 -0.833189 -0.264975
v -107.974 -46.7803 228.323
vn -0.336989 -0.821519 0.45994
v -107.974 -46.7803 228.323
vn -0.935883 -0.298144 -0.187704
v -108.213 -46.6463 228.388
vn -0.336989 -0.821519 0.45994
v -108.213 -46.6463 228.388
vn -0.336989 -0.821519 0.45994
v -108.151 -46.7908 228.175
vn -0.949141 -0.305463 -0.0763181
v -108.151 -46.7908 228.175
vn -0.992436 0.0252322 -0.120141
v -108.078 -46.5686 226.779
vn -0.980423 0.189135 -0.0547525
v -107.935 -46.8177 224.497
vn -0.757037 -0.652936 0.0238612
v -107.935 -46.8177 224.497
vn -0.961052 -0.235695 -0.144316
v -109.57 -47.3973 238.729
vn -0.901321 -0.403698 -0.156998
v -109.261 -47.187 236.964
vn -0.574212 -0.805936 -0.144044
v -109.261 -47.187 236.964
vn 0.96925 -0.105202 0.222458
v -65.8155 -96.5227 23.2533
vn -0.0713989 0.124708 0.989621
v -66.3747 -95.0052 24.7877
vn -0.217452 -0.366101 0.904812
v -66.3747 -95.0052 24.7877
vn -0.0713989 0.124708 0.989621
v -66.5554 -95.2468 24.8051
vn -0.470283 -0.126792 0.87336
v -66.4577 -93.6294 25.1072
vn -0.32029 -0.253748 0.912703
v -66.4683 -94.5822 24.9364
vn -0.262133 -0.174124 0.949193
v -66.5608 -94.0398 24.9753
vn 0.949511 -0.173836 0.26117
v -65.5149 -94.2725 23.6987
vn -0.128188 -0.140754 0.981711
v -66.9657 -90.9242 25.6354
vn -0.195393 -0.17182 0.965557
v -67.1125 -89.1631 26.0496
vn -0.427564 -0.149803 0.891487
v -67.7293 -87.0612 26.4911
vn -0.514539 -0.160051 0.842397
v -67.3509 -83.8859 27.318
vn -0.0745924 -0.298664 0.951439
v -68.2885 -81.9804 27.4288
vn -0.961885 0.0569373 0.267461
v -69.008 -78.6029 27.3231
vn -0.945827 0.113837 -0.304061
v -69.0613 -76.639 26.4964
vn -0.611276 -0.791414 -0.00218673
v -91.8136 -59.1032 140.966
vn -0.1961 -0.941695 0.273413
v -93.4134 -58.2074 149.508
vn -0.932241 0.130651 0.337427
v -97.8848 -57.7677 165.954
vn -0.987015 -0.028502 -0.158077
v -97.8848 -57.7677 165.954
vn -0.891025 0.438103 -0.118915
v -97.6623 -57.4286 163.789
vn -0.885909 -0.23912 -0.397475
v -96.9213 -57.6847 159.543
vn -0.995298 -0.0755457 -0.0606211
v -96.4102 -57.3856 156.798
vn 0.106638 -0.987669 -0.114621
v -87.3874 -47.5707 104.457
vn -0.940252 -0.339227 -0.0291658
v -98.7712 -57.8379 173.406
vn -0.984201 0.171894 -0.0424428
v -98.8812 -57.7378 172.601
vn -0.864058 -0.464257 -0.194599
v -98.8812 -57.7378 172.601
vn -0.96366 0.253532 -0.0841485
v -98.657 -57.5728 171.212
vn -0.963413 0.246539 -0.105136
v -98.6631 -57.6322 170.789
vn -0.867631 0.483718 -0.115038
v -97.8755 -57.3609 165.822
vn -0.949165 -0.247235 0.194835
v -100.307 -58.2151 187.782
vn -0.938159 -0.219767 0.267508
v -100.429 -58.3612 187.234
vn -0.971046 0.232059 -0.0567362
v -100.429 -58.3612 187.234
vn -0.892327 -0.422549 -0.158762
v -100.429 -58.3612 187.234
vn 0.839552 -0.462754 0.284624
v -100.901 -59.0696 187.263
vn -0.481122 -0.871845 0.0916939
v -100.901 -59.0696 187.263
vn -0.792666 0.519784 0.318598
v -100.901 -59.0696 187.263
vn -0.802281 0.58151 0.134875
v -100.88 -58.803 186.881
vn -0.852405 0.522129 -0.0280667
v -101.056 -59.0311 186.814
vn -0.0446929 -0.979507 -0.196388
v -99.9084 -58.5282 185.845
vn -0.565896 -0.789512 -0.237557
v -99.9084 -58.5282 185.845
vn 0.0762818 -0.983635 0.16323
v -99.9084 -58.5282 185.845
vn 0.617564 -0.696572 -0.365242
v -99.9084 -58.5282 185.845
vn -0.529828 -0.686002 -0.498681
v -100.053 -58.438 185.429
vn 0.613202 -0.670671 -0.417353
v -100.053 -58.438 185.429
vn -0.0179239 -0.940292 0.339895
v -100.24 -58.3822 186.232
vn -0.892327 -0.422549 -0.158762
v -100.24 -58.3822 186.232
vn -0.884405 0.319917 0.339825
v -100.24 -58.3822 186.232
vn -0.892327 -0.422549 -0.158762
v -100.293 -58.1305 185.858
vn -0.879714 -0.429087 -0.204908
v -100.177 -58.0224 185.278
vn 0.871862 -0.453221 0.185601
v -100.546 -58.8907 186.506
vn 0.992342 0.0819235 0.0924434
v -100.546 -58.8907 186.506
vn 0.797862 -0.585798 0.142326
v -100.261 -58.5913 185.575
vn 0.484321 0.598308 0.638327
v -100.261 -58.5913 185.575
vn 0.576662 -0.671186 -0.4658
v -100.229 -58.568 185.379
vn 0.909444 -0.402584 -0.104102
v -100.229 -58.568 185.379
vn 0.148071 0.17298 -0.973731
v -100.303 -58.643 185.149
vn 0.58286 0.798783 -0.149066
v -100.303 -58.643 185.149
vn 0.883175 0.399262 -0.246154
v -100.303 -58.643 185.149
vn 0.148071 0.17298 -0.973731
v -100.264 -58.4366 185.191
vn 0.497342 -0.664808 -0.557388
v -100.264 -58.4366 185.191
vn -0.815278 0.277054 -0.508491
v -100.264 -58.4366 185.191
vn -0.524222 0.714271 -0.46369
v -100.264 -58.4366 185.191
vn -0.519296 0.636365 -0.570413
v -100.313 -58.2741 185.418
vn 0.992342 0.0819235 0.0924434
v -100.432 -58.8936 185.29
vn 0.401763 0.894807 0.194699
v -100.502 -58.7633 185.919
vn 0.484321 0.598308 0.638327
v -100.502 -58.7633 185.919
vn 0.992342 0.0819235 0.0924434
v -100.502 -58.7633 185.919
vn -0.416967 0.627807 0.657264
v -100.502 -58.7633 185.919
vn -0.422747 0.892558 -0.156926
v -100.398 -58.5439 185.152
vn 0.698982 0.676791 -0.231035
v -100.398 -58.5439 185.152
vn -0.791671 0.603191 0.0970429
v -100.499 -58.56 185.726
vn 0.484321 0.598308 0.638327
v -100.499 -58.56 185.726
vn -0.416967 0.627807 0.657264
v -100.499 -58.56 185.726
vn -0.659232 -0.743443 -0.112716
v -100.718 -59.2598 186.414
vn -0.416967 0.627807 0.657264
v -100.685 -58.66 185.704
vn -0.70319 0.709803 -0.0412699
v -100.685 -58.66 185.704
vn -0.468693 0.828636 -0.306088
v -100.62 -58.6213 185.31
vn -0.568081 -0.766432 -0.299776
v -99.7922 -58.3776 185.068
vn 0.553464 -0.655324 -0.514031
v -100.054 -58.1733 185.065
vn -0.730158 0.282998 -0.621917
v -100.054 -58.1733 185.065
vn 0.916758 0.39332 -0.069675
v -100.36 -58.7924 184.703
vn 0.916758 0.39332 -0.069675
v -100.439 -58.6046 184.724
vn 0.985711 -0.104189 -0.132359
v -100.407 -58.5099 184.13
vn 0.920722 0.37467 0.109055
v -100.407 -58.5099 184.13
vn 0.429386 0.888002 0.164558
v -100.407 -58.5099 184.13
vn -0.0798648 0.994044 0.0741476
v -100.407 -58.5099 184.13
vn -0.687422 -0.649356 -0.32525
v -100.456 -59.0228 184.75
vn -0.961316 0.202561 -0.186657
v -100.596 -58.8296 184.66
vn 0.765107 -0.34082 -0.546309
v -100.413 -58.7364 184.262
vn -0.734111 -0.503977 -0.45507
v -100.413 -58.7364 184.262
vn -0.824155 -0.33579 -0.456084
v -100.42 -58.531 184.124
vn 0.538977 0.841174 -0.0439297
v -100.523 -58.5631 184.719
vn -0.821524 0.564061 -0.0832686
v -100.523 -58.5631 184.719
vn -0.0798648 0.994044 0.0741476
v -100.523 -58.5631 184.719
vn -0.0798648 0.994044 0.0741476
v -100.421 -58.5095 184.11
vn -0.825529 -0.333518 -0.455267
v -100.421 -58.5095 184.11
vn -0.913964 0.380425 -0.141232
v -100.421 -58.5095 184.11
vn -0.94566 0.322874 -0.0384587
v -99.7102 -57.7601 182.726
vn -0.998841 0.00460165 -0.0479059
v -99.6637 -57.7735 181.498
vn -0.824113 -0.56247 -0.0668231
v -99.6181 -57.6467 180.706
vn -0.873357 0.484427 -0.0507747
v -99.6415 -57.6712 179.466
vn -0.743748 -0.647547 -0.165897
v -99.6415 -57.6712 179.466
vn -0.927429 -0.334068 -0.168147
v -99.4805 -57.5261 178.694
vn -0.978851 -0.1933 -0.0669693
v -99.2703 -57.7347 176.224
vn -0.904083 0.417034 -0.0933579
v -99.2703 -57.7347 176.224
vn -0.922125 0.375663 -0.0925381
v -99.1091 -57.5597 175.253
vn -0.921556 -0.365636 0.130556
v -100.373 -58.0118 187.715
vn -0.996586 0.00745641 -0.0822204
v -104.932 -45.802 198.022
vn -0.635667 -0.771337 -0.031081
v -104.899 -45.845 196.992
vn -0.966256 -0.226604 -0.122472
v -104.899 -45.845 196.992
vn -0.967229 -0.228482 -0.110742
v -104.071 -45.9885 190.726
vn -0.955502 -0.276442 -0.102935
v -104.168 -45.6034 190.779
vn -0.991417 0.0937669 -0.0911028
v -106.46 -45.8948 208.865
vn -0.946749 -0.321855 0.00863862
v -105.196 -45.3285 201.352
vn -0.906624 0.405689 -0.115971
v -104.502 -44.7604 198.478
vn -0.990335 -0.0061838 -0.13856
v -105.044 -45.8263 199.438
vn -0.986688 0.115901 -0.114077
v -105.067 -45.7701 199.034
vn -0.915232 -0.401275 -0.0364637
v -107.188 -46.4115 215.645
vn -0.915232 -0.401275 -0.0364637
v -107.282 -46.1995 215.669
vn -0.90971 -0.410061 0.0654087
v -107.242 -46.4255 214.813
vn -0.727638 -0.659243 -0.189582
v -107.242 -46.4255 214.813
vn -0.980999 0.17109 -0.0914823
v -107.242 -46.4255 214.813
vn -0.773866 -0.612717 -0.16034
v -106.887 -45.9693 211.867
vn -0.96993 0.139801 -0.199226
v -106.416 -45.757 208.279
vn -0.790832 0.605348 -0.0902174
v -104.691 -43.3792 197.257
vn 0.962723 -0.0329024 -0.26848
v -66.1174 -103.008 22.2609
vn 0.943656 -0.0382626 0.32871
v -66.1624 -102.155 21.9949
vn -0.00529842 -0.322692 0.946489
v -66.7596 -98.2573 24.0645
vn -0.10487 -0.253731 0.961573
v -66.7987 -94.8709 24.7402
vn -0.436842 -0.178041 0.881743
v -66.7987 -94.8709 24.7402
vn -0.626079 -0.0484876 0.778251
v -67.5681 -94.6654 25.1651
vn -0.176774 -0.0938158 0.97977
v -67.798 -94.0694 25.0194
vn -0.372268 -0.253628 0.892799
v -68.01 -90.9249 25.7253
vn -0.54134 -0.197206 0.81735
v -68.0962 -90.5525 25.8778
vn -0.366361 -0.0744728 0.927488
v -67.9671 -90.1251 25.9285
vn -0.993556 0.0730111 -0.086694
v -69.1436 -89.2172 25.2769
vn -0.999089 0.0235297 -0.0356143
v -69.1152 -87.9812 25.2953
vn -0.958245 0.0324542 0.2841
v -69.283 -81.2134 26.5694
vn -0.90461 -0.22534 -0.361805
v -95.7441 -57.1633 152.009
vn -0.987376 0.111698 0.112301
v -95.7441 -57.1633 152.009
vn -0.90461 -0.22534 -0.361805
v -95.9324 -57.0526 152.411
vn -0.944292 0.308423 -0.114836
v -95.9324 -57.0526 152.411
vn -0.987376 0.111698 0.112301
v -95.8851 -56.9761 150.583
vn -0.882882 -0.335312 -0.328764
v -95.8851 -56.9761 150.583
vn -0.78737 0.610184 -0.0878855
v -95.8851 -56.9761 150.583
vn -0.974403 -0.115551 -0.19284
v -95.5818 -57.0089 149.802
vn -0.804169 0.586707 -0.0953288
v -95.4929 -56.7049 149.254
vn -0.657738 -0.751735 -0.0476919
v -95.2707 -57.0312 147.586
vn -0.994502 -0.0881934 -0.0564563
v -95.3476 -56.6728 147.844
vn -0.96387 -0.257084 0.0697239
v -95.3798 -56.8989 146.566
vn -0.928482 0.367371 -0.0544039
v -95.3798 -56.8989 146.566
vn -0.999526 0.0217071 -0.0218235
v -95.1406 -56.6725 143.973
vn -0.998927 0.0286043 0.0364226
v -95.1708 -56.7878 143.331
vn -0.908776 0.416693 0.0222028
v -95.1726 -56.4981 142.766
vn -0.998487 0.0476012 0.0275371
v -95.1726 -56.4981 142.766
vn -0.229194 -0.90138 -0.367403
v -91.031 -52.2838 121.962
vn 0.439761 -0.896998 0.0447806
v -87.2242 -46.6816 94.7807
vn -0.302931 -0.933034 -0.194112
v -86.9816 -46.4353 93.2182
vn 0.317427 -0.948283 0.000375593
v -86.9816 -46.4353 93.2182
vn -0.948813 -0.21455 -0.23178
v -98.0225 -57.7616 165.571
vn -0.932241 0.130651 0.337427
v -98.0225 -57.7616 165.571
vn -0.909323 0.401648 -0.108679
v -98.0225 -57.7616 165.571
vn -0.918032 0.38266 -0.10387
v -97.4811 -57.5277 162.361
vn -0.902664 0.0794561 -0.422948
v -97.2807 -57.8312 160.078
vn -0.911954 0.38291 -0.147374
v -97.4959 -57.7845 160.875
vn -0.47304 -0.875468 -0.0989344
v -96.4555 -57.273 155.99
vn -0.944814 -0.237528 -0.225626
v -96.4555 -57.273 155.99
vn -0.932214 -0.325805 -0.15757
v -96.158 -56.9868 154.443
vn -0.987376 0.111698 0.112301
v -95.7289 -56.7005 151.683
vn -0.835407 0.544621 -0.0740496
v -95.7289 -56.7005 151.683
vn 0.317427 -0.948283 0.000375593
v -87.4076 -46.5774 94.566
vn -0.185207 -0.94017 -0.28597
v -87.8525 -46.7262 94.8827
vn -0.929009 -0.363389 -0.0699301
v -101.613 -46.0692 169.553
vn -0.990185 -0.0681882 -0.121998
v -101.645 -45.9795 168.914
vn -0.993678 -0.0767148 -0.081964
v -101.261 -46.041 165.675
vn -0.853814 -0.509557 -0.106555
v -101.123 -45.7201 163.699
vn -0.538344 -0.83858 -0.0834829
v -103.086 -45.9302 179.178
vn -0.980112 0.136849 -0.143708
v -103.086 -45.9302 179.178
vn -0.949239 -0.280895 -0.141572
v -102.238 -45.9094 174.587
vn -0.95146 -0.299132 -0.0724173
v -103.536 -45.8974 185.278
vn -0.941105 -0.332934 -0.0589564
v -103.601 -45.6475 184.901
vn -0.955055 -0.294781 -0.0312188
v -103.45 -45.8954 182.621
vn -0.966807 0.240511 -0.0862485
v -103.45 -45.8954 182.621
vn -0.935525 -0.307875 -0.173219
v -103.45 -45.8954 182.621
vn -0.930279 -0.350069 -0.109695
v -103.14 -46.0377 181.205
vn -0.960203 0.260523 -0.100691
v -103.299 -45.6922 181.447
vn -0.374235 0.136387 -0.91725
v -67.5707 -99.0121 21.2364
vn -0.332349 0.128597 -0.934349
v -67.9736 -98.1034 21.5354
vn -0.636789 -0.109547 0.763217
v -68.1233 -97.9615 24.5257
vn -0.767734 -0.00629138 0.640738
v -69.8396 -93.2795 24.2442
vn 0.172814 -0.300227 0.938083
v -70.0996 -92.7038 24.0421
vn -0.616113 -0.113511 0.779436
v -69.9854 -91.3074 24.4679
vn -0.388649 -0.138577 0.910905
v -69.2814 -89.5751 24.7511
vn -0.672503 -0.0778536 0.735988
v -70.0893 -86.814 24.5345
vn -0.354703 -0.342451 -0.870008
v -94.3836 -56.2383 126.912
vn -0.831309 -0.226805 -0.50743
v -94.3836 -56.2383 126.912
vn -0.994989 0.0836119 0.0548302
v -95.3541 -56.9687 140.19
vn -0.913947 0.404909 0.0273681
v -95.467 -56.956 138.121
vn -0.696604 -0.703301 -0.141812
v -95.2963 -56.6214 136.564
vn -0.885925 -0.451002 -0.108323
v -95.2271 -56.5507 136.176
vn -0.495773 -0.84579 0.197097
v -94.9779 -56.7886 134.118
vn -0.909708 -0.0823379 0.407004
v -94.9779 -56.7886 134.118
vn -0.909708 -0.0823379 0.407004
v -95.0811 -56.3988 133.966
vn -0.883133 0.462657 -0.0776213
v -95.1232 -56.6265 132.687
vn -0.909708 -0.0823379 0.407004
v -95.2739 -56.7683 133.46
vn -0.874314 0.480478 -0.0686743
v -95.2739 -56.7683 133.46
vn -0.90257 -0.112903 -0.415477
v -94.2001 -55.7238 126.415
vn -0.990104 -0.0466593 -0.132351
v -94.1536 -55.2298 125.893
vn -0.878057 0.475459 -0.0543632
v -94.547 -56.0985 127.117
vn -0.861009 -0.159711 -0.482863
v -94.4031 -56.0301 126.838
vn -0.550793 -0.67816 -0.486545
v -94.3922 -53.5032 123.699
vn 0.152458 -0.988298 0.00477929
v -90.1021 -47.0703 103.106
vn -0.45117 -0.87658 -0.167493
v -91.6078 -47.3478 107.141
vn -0.988906 0.122657 -0.0837874
v -99.4824 -44.9926 144.36
vn -0.986869 0.146298 -0.0684519
v -100.319 -45.7502 152.519
vn -0.21993 -0.103294 0.970031
v -67.5507 -107.509 21.7169
vn -0.106738 0.222706 -0.969025
v -67.5115 -106.084 19.11
vn -0.424244 -0.212019 0.880378
v -69.1649 -99.6951 23.8347
vn -0.586541 0.281305 -0.759498
v -69.2549 -98.4402 20.9518
vn -0.972885 0.0157493 0.230751
v -70.6656 -96.8575 22.2507
vn -0.867756 0.103083 -0.486182
v -70.6656 -96.8575 22.2507
vn -0.70794 0.149715 -0.690222
v -70.3628 -93.2219 22.5316
vn -0.883368 0.467261 -0.0364347
v -95.195 -56.9948 130.937
vn -0.985671 -0.123442 -0.114953
v -95.195 -56.9948 130.937
vn -0.998254 0.0363173 -0.0465865
v -95.0191 -56.9324 129.362
vn -0.854303 -0.160272 -0.494449
v -94.8791 -56.9012 127.951
vn -0.806938 -0.583274 -0.09297
v -95.0115 -56.7518 128.163
vn -0.877535 -0.119444 -0.464398
v -95.0115 -56.7518 128.163
vn -0.855289 -0.486825 -0.17743
v -94.5501 -51.307 121.189
vn -0.579218 -0.586145 -0.566516
v -94.6841 -51.098 121.001
vn -0.993288 -0.104419 -0.0497519
v -98.3365 -45.0286 133.642
vn -0.966429 0.233522 -0.107156
v -98.6387 -44.8345 136.095
vn 0.230174 -0.32762 0.916343
v -66.4679 -126.48 15.1971
vn -0.0232521 -0.345241 0.938226
v -67.1922 -118.846 18.2399
vn -0.0765063 0.35194 -0.932891
v -67.1131 -117.847 15.7848
vn 0.388649 -0.258967 0.884244
v -68.9828 -114.473 19.7839
vn 0.497154 -0.24889 0.831199
v -68.8154 -111.279 20.6238
vn 0.313599 0.271289 -0.909977
v -69.22 -110.493 17.6146
vn -0.394621 0.334021 -0.855982
v -69.8875 -102.319 19.8697
vn 0.497094 -0.293423 0.816579
v -65.9946 -130.626 13.2665
vn 0.789592 0.224007 -0.571283
v -66.3522 -130.37 11.1122
vn 0.114323 0.348565 -0.930286
v -66.5499 -124.943 13.1645
vn -0.333831 0.287769 -0.897633
v -68.4865 -120.798 14.5768
vn -0.445241 0.275411 -0.852003
v -69.5942 -116.455 15.7799
vn 0.694186 0.226818 -0.683125
v -66.6275 -134.48 9.39035
vn -0.707336 -0.221631 0.671234
v -68.8619 -130.627 13.8525
vn -0.721719 -0.229617 0.652991
v -68.8698 -128.663 14.4599
vn -0.220456 0.325164 -0.919602
v -68.054 -128.104 11.7244
vn -0.6984 0.216841 -0.682069
v -69.0318 -127.513 12.0688
vn -0.765624 -0.209128 0.608347
v -69.7009 -125.929 14.3955
vn -0.297825 -0.317368 0.900321
v -69.6457 -124.365 15.0026
vn -0.806935 -0.22683 0.545347
v -70.0342 -122.453 15.4852
vn -0.471119 0.265734 -0.84109
v -69.6665 -119.025 15.0075
vn -0.835669 -0.164689 0.52396
v -68.2719 -140.903 10.4449
vn -0.636263 0.30092 -0.710364
v -67.6912 -140.462 6.83434
vn -0.628864 0.306561 -0.714528
v -68.04 -139.213 7.67699
vn -0.290161 -0.315104 0.903613
v -68.3162 -137.76 11.3624
vn 0.0994156 0.382852 -0.918445
v -67.0042 -137.25 8.19929
vn -0.572443 -0.29256 0.765975
v -69.1933 -135.316 11.8075
vn -0.359177 -0.327859 0.873785
v -69.1933 -135.316 11.8075
vn -0.726767 0.242488 -0.642658
v -68.8784 -133.725 9.80789
vn -0.964513 -0.138536 0.224772
v -70.2536 -130.808 11.9702
vn -0.92303 0.12918 -0.362392
v -70.2536 -130.808 11.9702
vn -0.974829 0.013766 -0.222528
v -70.2536 -130.808 11.9702
vn -0.913971 0.107873 -0.391178
v -70.3309 -129.678 12.5699
vn -0.909739 -0.128014 0.394951
v -70.1738 -124.629 14.7406
vn -0.893845 0.127556 -0.429849
v -70.5255 -123.791 14.202
vn 0.373085 -0.421212 0.826673
v -67.8183 -147.711 7.03911
vn -0.550602 0.394173 -0.735843
v -67.8486 -146.644 3.98906
vn -0.615189 -0.316437 0.722088
v -68.1998 -146.264 7.88956
vn -0.557234 0.388376 -0.733931
v -68.0148 -143.651 5.71635
vn -0.584706 0.363744 -0.725127
v -67.5381 -144.465 4.92391
vn 0.150453 -0.444225 0.883192
v -67.8369 -143.511 9.1719
vn -0.0795106 -0.416449 0.905676
v -69.3674 -142.309 8.62453
vn -0.360803 0.428607 -0.828322
v -68.2004 -141.961 6.60463
vn 0.378062 0.342187 -0.860219
v -68.2225 -142.028 6.58922
vn -0.263466 0.442543 -0.857171
v -68.1166 -143.288 5.96279
vn -0.626105 0.34441 -0.699552
v -67.5547 -142.74 5.74279
vn 0.051499 0.365805 -0.929265
v -68.0808 -141.747 6.69769
vn 0.58217 0.359362 -0.72934
v -68.339 -140.629 7.15219
vn 0.745851 0.19906 -0.635674
v -68.339 -140.629 7.15219
vn -0.144671 0.0786747 -0.986347
v -68.339 -140.629 7.15219
vn 0.0852622 0.336244 -0.937908
v -68.531 -141.407 6.61582
vn -0.54276 0.37266 -0.752686
v -69.0348 -141.879 6.40079
vn -0.115029 -0.413932 0.903011
v -69.2776 -140.149 9.65886
vn -0.0507113 0.342801 -0.938038
v -68.0663 -139.994 7.36531
vn 0.730046 0.281214 -0.622858
v -68.3082 -139.843 7.43444
vn 0.709011 0.361353 -0.60558
v -68.3907 -139.467 7.56261
vn -0.282435 0.177817 -0.942662
v -68.4777 -139.845 7.23509
vn 0.195607 0.615876 -0.763174
v -68.4777 -139.845 7.23509
vn 0.0390885 0.416429 -0.908327
v -68.6469 -140.082 7.24094
vn -0.282435 0.177817 -0.942662
v -68.6469 -140.082 7.24094
vn -0.411523 0.271497 -0.870022
v -68.8208 -139.339 7.5551
vn 0.162511 0.498849 -0.851317
v -68.8208 -139.339 7.5551
vn -0.696706 0.33775 -0.632871
v -68.8208 -139.339 7.5551
vn 0.335505 0.293102 -0.895281
v -67.74 -153.185 1.12368
vn 0.759002 0.238446 -0.605854
v -67.74 -153.185 1.12368
vn -0.122509 -0.404064 0.90649
v -69.3763 -147.486 6.35752
vn -0.467594 0.395811 -0.790373
v -68.8245 -146.051 4.3213
vn -0.824498 0.326619 -0.462086
v -68.8245 -146.051 4.3213
vn -0.875015 -0.216986 0.432741
v -69.9728 -143.134 8.14114
vn -0.190107 -0.21349 0.95827
v -67.7115 -161.711 0.441632
vn 0.0906978 -0.422231 0.901939
v -68.3526 -159.661 1.06366
vn -0.35257 -0.283713 0.891741
v -68.0618 -159.991 0.879947
vn -0.349625 0.405489 -0.844595
v -68.0441 -157.842 -1.10085
vn -0.163387 0.432141 -0.886881
v -68.2075 -153.378 0.463052
vn -0.445879 0.585475 -0.67706
v -69.123 -150.702 2.06026
vn -0.524976 0.505981 -0.684385
v -69.2691 -150.913 1.91397
vn -0.418355 -0.422321 0.804129
v -67.6065 -166.757 -1.4302
vn -0.00795328 -0.266176 0.963892
v -68.4368 -163.982 -0.392892
vn -0.771868 -0.0114858 0.635679
v -68.4368 -163.982 -0.392892
vn -0.138243 -0.139742 0.98049
v -68.0284 -163.303 0.17008
vn -0.810854 -0.0646186 0.581671
v -68.0284 -163.303 0.17008
vn -0.439937 -0.421226 0.793111
v -68.0284 -163.303 0.17008
vn -0.807664 -0.0228325 0.589201
v -68.1536 -163.571 -0.041599
vn 0.111269 -0.406768 0.90673
v -68.3278 -161.487 0.241706
vn 0.57473 -0.302246 0.760482
v -68.3278 -161.487 0.241706
vn 0.536541 0.115939 -0.835872
v -68.6593 -159.707 -1.75999
vn -0.223188 -0.330246 0.917128
v -69.961 -158.982 1.40579
vn -0.833879 -0.116378 0.539539
v -70.3224 -157.275 1.91714
vn -0.239452 -0.0651539 0.96872
v -69.2469 -170.533 -1.5749
vn -0.365749 -0.0383287 0.929924
v -69.4038 -170.756 -1.65009
vn -0.0058944 -0.106726 0.994271
v -69.14 -169.895 -1.58536
vn -0.234883 -0.182625 0.954714
v -70.1412 -168.109 -1.01615
vn -0.169733 -0.223821 0.959737
v -70.3163 -165.158 -0.345378
vn -0.276863 -0.177149 0.944439
v -70.2333 -163.562 0.079147
vn -0.298239 -0.201727 0.932931
v -69.9471 -161.925 0.480894
vn 0.445199 -0.28603 0.848519
v -69.9471 -161.925 0.480894
vn -0.896158 -0.034108 0.442422
v -70.8564 -161.254 0.374955
vn -0.875458 -0.0684121 0.478428
v -70.491 -159.248 1.15596
vn -0.323429 0.207307 0.923265
v -69.4859 -182.804 -0.917173
vn -0.150046 0.271157 0.950768
v -69.1146 -180.594 -1.48879
vn 0.40584 0.0439837 0.912885
v -69.1146 -180.594 -1.48879
vn 0.0285882 -0.226117 -0.973681
v -68.9506 -180.483 -3.6377
vn 0.200411 -0.243279 -0.949026
v -68.6981 -179.293 -3.79874
vn 0.916174 -0.221483 -0.33402
v -69.3355 -178.704 -4.20174
vn 0.576944 -0.247523 -0.778375
v -69.3355 -178.704 -4.20174
vn -0.199764 0.135633 0.970411
v -69.153 -177.247 -1.92393
vn -0.0510125 -0.0115441 -0.998631
v -69.6532 -178.032 -4.1677
vn -0.138121 -0.0510949 -0.989097
v -69.9934 -175.118 -4.83151
vn 0.169692 -0.0270742 -0.985125
v -69.6042 -173.596 -4.8996
vn -0.316495 -0.147573 0.937045
v -71.0539 -167.68 -0.892531
vn -0.310945 -0.110988 0.943925
v -71.3028 -168.524 -1.05463
vn -0.85979 0.0294664 0.509796
v -71.7774 -167.975 -1.18349
vn -0.32305 0.137974 -0.93627
v -70.7297 -168.327 -4.40828
vn -0.0507876 0.220371 -0.974093
v -70.1621 -165.808 -4.05744
vn -0.574528 -0.0106572 0.818416
v -70.1829 -188.157 -0.351086
vn -0.0242464 0.121089 0.992346
v -70.1829 -188.157 -0.351086
vn -0.575389 0.00501807 0.817865
v -70.2522 -187.751 -0.402319
vn -0.0242464 0.121089 0.992346
v -70.2522 -187.751 -0.402319
vn -0.0242464 0.121089 0.992346
v -69.9215 -187.061 -0.478332
vn -0.583573 0.254334 0.771205
v -69.9215 -187.061 -0.478332
vn 0.0698863 0.227468 0.971274
v -69.9215 -187.061 -0.478332
vn -0.568781 0.113171 0.814666
v -70.0677 -185.813 -0.760217
vn -0.533315 0.113615 0.838252
v -69.861 -184.545 -0.734681
vn 0.403177 0.0937273 0.91031
v -70.3905 -184.811 -0.987557
vn 0.857869 -0.0943534 0.505132
v -70.5449 -185.268 -0.872149
vn 0.346913 0.0300284 0.937417
v -69.7479 -182.204 -1.12967
vn -0.541193 0.158507 0.825824
v -69.9609 -182.256 -1.04299
vn 0.828268 -0.262353 -0.495119
v -69.9606 -182.3 -3.49786
vn 0.111467 -0.58517 -0.803213
v -69.9605 -181.863 -3.67336
vn 0.132478 -0.110583 -0.984998
v -70.2599 -182.529 -3.71082
vn -0.379843 0.292753 0.877505
v -69.8124 -181.806 -1.12017
vn 0.937002 -0.232334 -0.260861
v -69.6891 -181.015 -3.63908
vn 0.505414 -0.0367969 -0.862092
v -69.7656 -181.178 -3.88515
vn 0.65762 -0.11981 -0.743762
v -69.6949 -180.789 -3.80515
vn 0.572927 -0.1188 -0.810951
v -69.8923 -180.609 -4.00863
vn 0.376861 -0.00620981 -0.926249
v -69.9709 -181.462 -3.96674
vn 0.111467 -0.58517 -0.803213
v -69.9709 -181.462 -3.96674
vn -0.436946 -0.122581 -0.891096
v -69.9709 -181.462 -3.96674
vn -0.465227 -0.0543342 -0.883522
v -70.0078 -181.209 -3.98349
vn 0.111467 -0.58517 -0.803213
v -70.1661 -181.67 -3.84241
vn 0.410127 -0.164557 -0.89706
v -70.3319 -178.985 -4.13209
vn -0.545577 -0.0356424 -0.837303
v -70.8406 -179.463 -4.31467
vn -0.371643 0.0297502 -0.927899
v -70.539 -178.557 -4.49844
vn 0.34686 0.23132 -0.908944
v -70.539 -178.557 -4.49844
vn 0.377564 0.0638047 0.923783
v -71.5521 -178.165 -1.50186
vn 0.245484 -0.146009 -0.958342
v -71.09 -178.098 -4.12522
vn -0.462565 -0.0291709 -0.886105
v -70.27 -177.453 -4.67544
vn -0.0506798 -0.303974 -0.951331
v -70.27 -177.453 -4.67544
vn 0.34686 0.23132 -0.908944
v -70.3879 -178.341 -4.38562
vn -0.0506798 -0.303974 -0.951331
v -70.3879 -178.341 -4.38562
vn -0.0506798 -0.303974 -0.951331
v -70.6128 -178.17 -4.42808
vn -0.45977 0.105746 -0.881719
v -70.6128 -178.17 -4.42808
vn 0.178094 -0.104206 -0.97848
v -70.9748 -175.991 -4.32716
vn -0.842516 0.0588647 0.535445
v -72.3792 -172.729 -1.75507
vn 0.435506 -0.0630477 -0.897975
v -70.7811 -173.153 -4.46285
vn -0.751325 0.0902432 -0.653733
v -72.0319 -171.885 -4.22245
vn -0.286959 -0.0985355 0.952862
v -72.1054 -170.648 -1.58924
vn -0.987268 0.128885 -0.0932186
v -72.4247 -170.844 -2.04342
vn -0.096861 0.000239047 0.995298
v -71.1129 -193.548 -0.741364
vn -0.397611 0.0158087 0.917418
v -70.9815 -191.972 -0.568163
vn 0.378004 -0.426269 0.821832
v -71.1345 -192.191 -0.668806
vn 0.177754 0.065183 0.981914
v -71.1345 -192.191 -0.668806
vn 0.279155 -0.00301314 0.960241
v -71.192 -191.785 -0.704953
vn 0.874071 -0.153569 0.460886
v -71.4011 -191.832 -0.644328
vn -0.14032 0.0685452 0.987731
v -71.4011 -191.832 -0.644328
vn 0.302882 -0.127065 0.944519
v -70.8258 -190.291 -0.621374
vn -0.404676 -0.0463415 -0.913285
v -71.919 -182.659 -3.52081
vn -0.645539 -0.0417625 -0.762585
v -71.0914 -180.782 -4.0501
vn -0.543732 -0.0428739 -0.838163
v -71.5475 -180.922 -3.67896
vn -0.893017 -0.0158659 -0.449743
v -72.269 -181.062 -3.62916
vn 0.248303 0.0052462 0.968668
v -72.1732 -177.827 -1.77396
vn -0.405901 0.0732576 0.910976
v -72.5194 -177.089 -1.6409
vn -0.886687 0.115106 0.447814
v -72.8198 -176.293 -1.83882
vn -0.863948 0.103907 0.492745
v -72.4734 -174.697 -1.70806
vn -0.521671 -0.00652836 -0.853122
v -72.7081 -175.465 -3.11258
vn 0.325778 -0.160696 0.93169
v -71.1728 -196.28 -1.44105
vn 0.6725 -0.256779 0.694124
v -71.5907 -194.54 -0.645142
vn 0.200264 -0.183319 0.962439
v -71.5907 -194.54 -0.645142
vn 0.548288 -0.202497 0.811403
v -72.1341 -194.822 -0.806732
vn 0.0852032 -0.116863 0.989486
v -72.1918 -193.666 -0.356753
vn 0.271848 -0.165291 0.948039
v -72.7274 -193.939 -0.570072
vn -0.0625942 -0.147152 0.987131
v -71.4576 -192.648 -0.757506
vn 0.103013 0.00869531 0.994642
v -71.5676 -192.483 -0.62139
vn 0.825484 -0.289078 0.484779
v -71.5676 -192.483 -0.62139
vn -0.34147 0.0671456 0.937491
v -71.548 -193.267 -0.855476
vn 0.284103 -0.15209 0.946654
v -71.7642 -193.273 -0.79155
vn -0.134566 0.0878916 -0.986999
v -72.4574 -192.209 -3.58357
vn 0.488913 -0.0077763 0.872298
v -71.6168 -192.124 -0.332468
vn 0.03146 -0.0164839 0.999369
v -71.6168 -192.124 -0.332468
vn -0.524019 0.155475 0.837396
v -72.6853 -188.248 -0.079352
vn -0.230612 0.0412401 -0.972172
v -71.6327 -188.358 -3.54283
vn -0.732793 0.0498353 -0.678624
v -72.7929 -185.339 -3.17161
vn -0.917472 0.107728 -0.382935
v -73.4931 -182.266 -2.59135
vn 0.282559 -0.0506663 0.957911
v -72.7155 -203.235 -1.62718
vn 0.487023 -0.224004 0.844175
v -72.7954 -196.977 -0.956373
vn 0.297163 -0.12609 0.946465
v -72.8611 -194.371 -0.590263
vn 0.320514 0.0982182 -0.942138
v -72.5727 -194.311 -3.38559
vn -0.219363 0.172299 -0.960309
v -72.6068 -194.115 -3.36867
vn -0.211691 -0.0933146 0.972872
v -73.1152 -194.235 -0.44102
vn 0.0485097 -0.213111 0.975823
v -74.4225 -193.4 -0.76443
vn 0.22478 -0.203286 0.952968
v -74.3533 -192.57 -0.734742
vn -0.970154 0.242303 0.00948487
v -74.5674 -188.001 -1.3086
vn -0.704999 0.125723 -0.697976
v -74.1005 -186.91 -2.52814
vn 0.949908 -0.283184 0.132221
v -72.014 -211.145 -0.101168
vn 0.806162 0.417235 0.419545
v -72.014 -211.145 -0.101168
vn 0.790453 -0.0282309 0.611872
v -72.1272 -211.463 0.030444
vn 0.949908 -0.283184 0.132221
v -72.1272 -211.463 0.030444
vn 0.011363 -0.307489 0.951484
v -72.1272 -211.463 0.030444
vn 0.622371 0.469235 0.626476
v -72.1824 -211.208 0.113577
vn 0.011363 -0.307489 0.951484
v -72.1824 -211.208 0.113577
vn 0.259151 0.231302 0.937731
v -72.1824 -211.208 0.113577
vn 0.245302 0.301644 0.921324
v -72.4433 -210.836 0.09382
vn 0.0499916 0.321799 0.945487
v -72.8698 -210.889 0.224856
vn -0.562462 -0.585189 0.584115
v -72.8698 -210.889 0.224856
vn 0.949908 -0.283184 0.132221
v -71.9948 -211.282 -0.533439
vn 0.973016 0.153175 -0.172562
v -71.9948 -211.282 -0.533439
vn 0.722801 -0.485909 -0.491376
v -71.9948 -211.282 -0.533439
vn 0.911142 0.00566713 -0.412055
v -72.2396 -211.031 -1.14224
vn 0.769575 -0.522831 -0.366609
v -72.5307 -211.36 -1.24496
vn 0.791056 -0.446672 -0.417988
v -72.9592 -211.511 -2.1586
vn 0.247417 -0.803978 -0.540744
v -72.9592 -211.511 -2.1586
vn 0.843357 0.34499 0.411985
v -72.8639 -209.847 -0.205402
vn 0.577524 0.327157 0.747953
v -73.0846 -208.166 -0.967387
vn 0.9072 0.276715 0.316888
v -73.0846 -208.166 -0.967387
vn 0.0891082 0.211345 0.973341
v -73.3001 -206.483 -1.24483
vn 0.990936 -0.0692388 -0.115113
v -72.7208 -205.461 -1.86929
vn 0.329445 0.0666846 0.941817
v -72.8748 -205.114 -1.62582
vn -0.178471 0.0170249 0.983798
v -74.092 -200.271 -1.14819
vn -0.756634 0.095374 0.646845
v -75.0702 -197.191 -0.963257
vn -0.400199 0.162108 -0.901977
v -74.2971 -197.003 -4.0136
vn 0.176693 0.0683129 -0.981892
v -74.4369 -196.456 -3.71636
vn -0.455815 0.234382 -0.85866
v -74.7255 -197.11 -3.82502
vn 0.0715884 0.571623 -0.817388
v -74.9986 -196.523 -3.96449
vn 0.0315315 -0.169576 -0.985012
v -74.9986 -196.523 -3.96449
vn -0.446635 0.296013 -0.84433
v -74.9986 -196.523 -3.96449
vn -0.309889 0.172513 -0.934991
v -73.7439 -195.487 -3.84629
vn 0.374972 -0.231324 0.897711
v -74.7793 -193.661 -0.839253
vn -0.488331 0.00538332 0.872642
v -75.0826 -194.129 -0.832165
vn -0.373357 0.255393 0.89184
v -75.0826 -194.129 -0.832165
vn 0.377819 -0.231212 0.896546
v -75.0826 -194.129 -0.832165
vn -0.0507935 0.0308363 -0.998233
v -75.1679 -192.816 -2.84715
vn -0.418631 0.0790702 0.904708
v -74.7341 -192.858 -0.651333
vn -0.484285 0.300005 -0.821867
v -75.3318 -191.824 -2.80515
vn -0.917186 0.330933 -0.221931
v -75.6421 -191.174 -2.03568
vn 0.438376 -0.805825 -0.398085
v -73.249 -211.441 -2.3956
vn 0.438376 -0.805825 -0.398085
v -73.1273 -211.295 -2.5566
vn 0.474581 -0.579232 -0.662769
v -73.4592 -211.471 -2.84366
vn -0.0525611 -0.985251 0.162842
v -73.4592 -211.471 -2.84366
vn 0.237209 -0.823178 -0.515859
v -74.4198 -211.494 -3.19925
vn 0.181417 0.349984 0.919021
v -74.9237 -209.49 -1.01528
vn 0.219127 0.214474 0.951832
v -74.9434 -209.276 -1.09269
vn 0.186994 0.216144 0.958288
v -75.1523 -209.324 -1.0334
vn -0.57553 0.0447024 0.816558
v -75.3608 -207.764 -1.24214
vn -0.340006 0.0703564 0.937788
v -74.135 -206.672 -1.0111
vn -0.665256 0.151544 0.731074
v -74.5431 -206.772 -0.941663
vn 0.0242608 0.502303 0.864351
v -74.5677 -206.312 -1.20861
vn 0.108746 0.0635698 0.992035
v -74.9004 -206.544 -1.44166
vn 0.234267 0.110954 0.96582
v -74.9652 -207.543 -1.3482
vn 0.397852 -0.11103 0.910706
v -74.836 -203.323 -1.19513
vn -0.808 0.116313 0.577588
v -76.1167 -200.96 -1.79194
vn -0.0319317 -0.0912985 0.995311
v -76.1167 -200.96 -1.79194
vn -0.542761 0.0303714 0.839338
v -76.3094 -197.544 -1.50184
vn -0.423793 0.259259 -0.867862
v -75.1725 -196.766 -3.9282
vn 0.0179339 0.0599789 -0.998039
v -76.0283 -195.007 -3.0014
vn 0.066832 -0.79671 -0.600655
v -74.9982 -211.613 -3.30845
vn -0.236501 -0.0747894 0.968749
v -75.8574 -206.443 -1.92552
vn 0.628853 -0.0410914 0.776438
v -76.9608 -206.796 -2.34071
vn -0.0111487 -0.0476693 0.998801
v -76.7056 -204.715 -2.15525
vn -0.0134376 -0.0871033 0.996109
v -76.7056 -204.715 -2.15525
vn 0.640101 -0.145674 0.754354
v -76.7056 -204.715 -2.15525
vn -0.735659 -0.00458701 0.677336
v -76.6661 -206.128 -2.2783
vn -0.313356 -0.673212 0.669771
v -77.0179 -210.323 -2.35955
vn -0.123807 -0.843096 0.523318
v -77.9233 -209.951 -2.22586
vn -0.0787101 0.157987 0.984299
v -78.4232 -208.818 -1.58546
vn 0.578085 -0.00776913 0.81594
v -77.1892 -206.859 -2.159
vn 0.4443 0.126431 0.886912
v -78.3344 -207.921 -1.72234
vn -0.574749 0.217547 0.788884
v -78.4088 -207.323 -1.83285
vn 0.206524 0.261143 0.942949
v -78.6147 -206.912 -2.19086
vn 0.21176 -0.328035 -0.920625
v -78.1898 -207.835 -3.74081
vn 0.0252161 0.0257075 0.999351
v -77.6824 -206.096 -2.37267
vn 0.440441 0.135942 0.88743
v -77.8058 -205.294 -2.39019
vn 0.966037 -0.0515726 0.253206
v -78.8498 -205.086 -2.32422
vn 0.375854 0.128736 0.917693
v -78.675 -206.38 -2.32214
vn -0.929974 0.35939 0.0773799
v -78.2638 -199.087 -3.22365
vn -0.177366 0.211597 0.961129
v -79.7101 -209.142 -1.00757
vn -0.0548245 0.231188 0.971363
v -79.8857 -209.387 -0.959109
vn 0.56043 0.295793 0.773579
v -79.957 -208.76 -1.11222
vn 0.771854 0.406258 0.489077
v -78.8432 -208.915 -1.45133
vn 0.41613 0.0766722 0.906067
v -78.9912 -208.752 -1.35366
vn 0.100349 0.628197 0.771556
v -78.8459 -208.682 -1.64106
vn 0.814985 0.312373 0.488081
v -78.8459 -208.682 -1.64106
vn 0.205164 0.265868 0.941925
v -78.8459 -208.682 -1.64106
vn 0.0440739 -0.966191 0.254033
v -79.0247 -209.797 -1.95519
vn 0.954078 0.078965 0.288963
v -79.0241 -207.005 -2.07547
vn 0.954384 0.0374817 0.296219
v -79.1246 -206.893 -1.66007
vn -0.522075 0.275534 0.807167
v -79.6659 -207.867 -1.22703
vn -0.175984 0.240143 0.954652
v -79.1141 -205.17 -2.08579
vn -0.531411 0.49511 0.687363
v -80.3439 -205.428 -1.88324
vn -0.58762 0.392448 0.707593
v -79.6669 -204.003 -2.32212
vn -0.566041 0.468961 0.677992
v -80.0146 -204.351 -2.37095
vn -0.797789 0.515087 0.313396
v -80.4009 -204.232 -2.61395
vn -0.114337 -0.993131 0.0248601
v -80.2093 -209.777 -1.10482
vn -0.0567289 0.131847 0.989646
v -81.6586 -208.939 -0.642259
vn -0.742786 0.226047 0.630216
v -81.7462 -208.153 -0.844854
vn -0.988557 0.109297 -0.103966
v -82.0163 -207.427 -1.5785
vn 0.442954 0.361269 0.820534
v -80.8365 -206.833 -1.34329
vn -0.819819 0.495192 0.287544
v -81.6179 -206.399 -1.95165
vn -0.796977 0.409505 0.443997
v -81.7982 -207.092 -1.48586
vn -0.813681 0.489925 0.312884
v -81.8346 -206.707 -2.03933
vn -0.993124 -0.11409 -0.0262249
v -82.1078 -208.532 -1.17256
f 97//97 60//60 64//64
f 253//253 2//2 1//1
f 11//11 266//266 268//268
f 4//4 8//8 3//3
f 268//268 5//5 4//4
f 268//268 269//269 5//5
f 8//8 6//6 3//3
f 5//5 270//270 4//4
f 269//269 270//270 5//5
f 18//18 6//6 8//8
f 270//270 259//259 4//4
f 8//8 7//7 18//18
f 259//259 7//7 8//8
f 259//259 8//8 4//4
f 1//1 7//7 259//259
f 7//7 1//1 9//9
f 7//7 9//9 10//10
f 23//23 10//10 9//9
f 1//1 35//35 9//9
f 35//35 1//1 38//38
f 1//1 2//2 38//38
f 2//2 40//40 39//39
f 2//2 260//260 40//40
f 278//278 279//279 42//42
f 42//42 279//279 11//11
f 11//11 43//43 42//42
f 43//43 12//12 13//13
f 11//11 12//12 43//43
f 12//12 4//4 13//13
f 4//4 12//12 11//11
f 11//11 268//268 4//4
f 15//15 16//16 13//13
f 13//13 4//4 3//3
f 3//3 14//14 13//13
f 13//13 14//14 15//15
f 15//15 45//45 16//16
f 16//16 44//44 13//13
f 16//16 45//45 44//44
f 3//3 6//6 14//14
f 14//14 17//17 15//15
f 15//15 17//17 45//45
f 18//18 17//17 6//6
f 14//14 6//6 17//17
f 17//17 18//18 45//45
f 7//7 19//19 18//18
f 19//19 7//7 21//21
f 21//21 18//18 19//19
f 7//7 20//20 21//21
f 21//21 20//20 22//22
f 28//28 21//21 22//22
f 7//7 10//10 20//20
f 10//10 24//24 20//20
f 10//10 23//23 24//24
f 20//20 24//24 26//26
f 24//24 25//25 26//26
f 24//24 31//31 25//25
f 25//25 33//33 26//26
f 25//25 31//31 33//33
f 20//20 26//26 22//22
f 26//26 33//33 22//22
f 33//33 27//27 22//22
f 33//33 34//34 27//27
f 28//28 29//29 48//48
f 22//22 29//29 28//28
f 27//27 29//29 22//22
f 27//27 34//34 29//29
f 34//34 50//50 29//29
f 23//23 9//9 30//30
f 30//30 24//24 23//23
f 35//35 30//30 9//9
f 24//24 30//30 31//31
f 30//30 33//33 31//31
f 30//30 35//35 33//33
f 33//33 35//35 32//32
f 32//32 34//34 33//33
f 36//36 34//34 32//32
f 34//34 36//36 52//52
f 34//34 52//52 50//50
f 32//32 51//51 36//36
f 52//52 36//36 51//51
f 35//35 51//51 32//32
f 35//35 38//38 37//37
f 37//37 51//51 35//35
f 38//38 54//54 37//37
f 2//2 39//39 38//38
f 38//38 39//39 54//54
f 40//40 287//287 39//39
f 56//56 41//41 57//57
f 41//41 43//43 58//58
f 41//41 42//42 43//43
f 278//278 42//42 41//41
f 43//43 13//13 59//59
f 13//13 94//94 59//59
f 60//60 94//94 13//13
f 44//44 67//67 13//13
f 44//44 45//45 67//67
f 45//45 18//18 21//21
f 21//21 67//67 45//45
f 21//21 46//46 67//67
f 28//28 46//46 21//21
f 47//47 67//67 46//46
f 28//28 48//48 46//46
f 29//29 49//49 48//48
f 29//29 50//50 49//49
f 50//50 53//53 49//49
f 48//48 47//47 46//46
f 49//49 47//47 48//48
f 67//67 47//47 69//69
f 49//49 53//53 47//47
f 53//53 69//69 47//47
f 52//52 53//53 50//50
f 52//52 51//51 53//53
f 51//51 54//54 53//53
f 54//54 70//70 53//53
f 51//51 37//37 54//54
f 287//287 286//286 39//39
f 287//287 559//559 286//286
f 291//291 73//73 71//71
f 55//55 291//291 282//282
f 291//291 55//55 73//73
f 56//56 57//57 55//55
f 89//89 81//81 57//57
f 57//57 58//58 89//89
f 57//57 41//41 58//58
f 43//43 91//91 58//58
f 91//91 43//43 59//59
f 93//93 59//59 92//92
f 59//59 94//94 92//92
f 60//60 97//97 94//94
f 13//13 65//65 60//60
f 13//13 61//61 65//65
f 13//13 67//67 61//61
f 61//61 67//67 62//62
f 5886//5886 66//66 64//64
f 64//64 66//66 63//63
f 62//62 67//67 63//63
f 64//64 63//63 68//68
f 68//68 97//97 64//64
f 5888//5888 60//60 65//65
f 61//61 5889//5889 5887//5887
f 62//62 5889//5889 61//61
f 62//62 63//63 66//66
f 63//63 67//67 68//68
f 68//68 67//67 69//69
f 53//53 70//70 69//69
f 69//69 70//70 99//99
f 69//69 99//99 68//68
f 54//54 99//99 70//70
f 54//54 39//39 99//99
f 73//73 74//74 71//71
f 71//71 72//72 104//104
f 74//74 72//72 71//71
f 55//55 57//57 73//73
f 57//57 74//74 73//73
f 57//57 75//75 74//74
f 74//74 75//75 76//76
f 76//76 72//72 74//74
f 75//75 77//77 76//76
f 75//75 78//78 77//77
f 77//77 78//78 79//79
f 79//79 72//72 76//76
f 77//77 79//79 76//76
f 75//75 84//84 80//80
f 80//80 78//78 75//75
f 80//80 107//107 78//78
f 75//75 81//81 83//83
f 75//75 83//83 84//84
f 81//81 75//75 57//57
f 87//87 82//82 81//81
f 82//82 84//84 83//83
f 85//85 82//82 88//88
f 85//85 84//84 82//82
f 84//84 85//85 111//111
f 85//85 88//88 111//111
f 82//82 83//83 81//81
f 89//89 87//87 81//81
f 82//82 87//87 90//90
f 82//82 90//90 88//88
f 86//86 90//90 87//87
f 113//113 112//112 88//88
f 89//89 86//86 87//87
f 89//89 58//58 86//86
f 58//58 90//90 86//86
f 58//58 91//91 90//90
f 91//91 117//117 90//90
f 59//59 93//93 91//91
f 91//91 93//93 117//117
f 93//93 96//96 117//117
f 95//95 92//92 94//94
f 92//92 95//95 93//93
f 96//96 93//93 95//95
f 94//94 97//97 95//95
f 97//97 96//96 95//95
f 96//96 142//142 117//117
f 118//118 97//97 68//68
f 68//68 98//98 119//119
f 68//68 121//121 98//98
f 68//68 303//303 121//121
f 99//99 303//303 68//68
f 295//295 100//100 302//302
f 122//122 100//100 101//101
f 295//295 102//102 101//101
f 101//101 100//100 295//295
f 102//102 71//71 103//103
f 71//71 104//104 103//103
f 104//104 132//132 103//103
f 103//103 132//132 130//130
f 104//104 72//72 79//79
f 79//79 105//105 104//104
f 104//104 105//105 132//132
f 105//105 135//135 132//132
f 135//135 105//105 134//134
f 78//78 107//107 79//79
f 105//105 106//106 108//108
f 105//105 108//108 134//134
f 80//80 109//109 107//107
f 107//107 109//109 106//106
f 105//105 79//79 106//106
f 106//106 79//79 107//107
f 106//106 114//114 108//108
f 108//108 139//139 134//134
f 108//108 114//114 139//139
f 84//84 110//110 80//80
f 80//80 110//110 109//109
f 109//109 110//110 106//106
f 111//111 88//88 112//112
f 114//114 111//111 112//112
f 110//110 114//114 106//106
f 84//84 111//111 110//110
f 111//111 114//114 110//110
f 113//113 114//114 112//112
f 113//113 115//115 114//114
f 88//88 90//90 116//116
f 113//113 88//88 116//116
f 115//115 139//139 114//114
f 113//113 116//116 115//115
f 116//116 140//140 115//115
f 116//116 90//90 117//117
f 116//116 117//117 140//140
f 96//96 97//97 142//142
f 97//97 305//305 310//310
f 97//97 118//118 305//305
f 119//119 118//118 68//68
f 119//119 120//120 118//118
f 98//98 121//121 119//119
f 119//119 306//306 120//120
f 119//119 121//121 306//306
f 145//145 143//143 122//122
f 100//100 122//122 302//302
f 101//101 124//124 122//122
f 101//101 123//123 124//124
f 126//126 124//124 123//123
f 126//126 128//128 124//124
f 124//124 128//128 147//147
f 101//101 102//102 125//125
f 102//102 127//127 125//125
f 125//125 126//126 123//123
f 125//125 127//127 126//126
f 125//125 123//123 101//101
f 127//127 102//102 129//129
f 128//128 126//126 127//127
f 128//128 127//127 129//129
f 129//129 102//102 103//103
f 128//128 129//129 147//147
f 130//130 131//131 103//103
f 131//131 147//147 103//103
f 131//131 133//133 147//147
f 131//131 130//130 133//133
f 103//103 147//147 129//129
f 130//130 132//132 133//133
f 132//132 136//136 133//133
f 147//147 133//133 137//137
f 138//138 136//136 134//134
f 136//136 132//132 135//135
f 134//134 136//136 135//135
f 136//136 137//137 133//133
f 136//136 138//138 137//137
f 134//134 139//139 138//138
f 138//138 139//139 314//314
f 140//140 139//139 115//115
f 117//117 141//141 140//140
f 117//117 142//142 141//141
f 142//142 97//97 310//310
f 148//148 309//309 143//143
f 144//144 143//143 145//145
f 145//145 122//122 144//144
f 122//122 146//146 144//144
f 122//122 124//124 146//146
f 146//146 124//124 147//147
f 137//137 138//138 147//147
f 147//147 138//138 314//314
f 140//140 315//315 139//139
f 315//315 314//314 139//139
f 142//142 315//315 141//141
f 140//140 141//141 315//315
f 309//309 148//148 155//155
f 148//148 143//143 144//144
f 148//148 144//144 157//157
f 148//148 157//157 156//156
f 144//144 312//312 157//157
f 146//146 147//147 313//313
f 173//173 169//169 319//319
f 319//319 149//149 173//173
f 153//153 174//174 150//150
f 174//174 149//149 150//150
f 152//152 151//151 175//175
f 151//151 177//177 175//175
f 153//153 152//152 175//175
f 150//150 154//154 153//153
f 154//154 155//155 152//152
f 153//153 154//154 152//152
f 150//150 311//311 154//154
f 154//154 311//311 155//155
f 309//309 155//155 311//311
f 151//151 152//152 155//155
f 151//151 155//155 178//178
f 155//155 148//148 178//178
f 148//148 156//156 178//178
f 156//156 344//344 178//178
f 156//156 179//179 344//344
f 156//156 157//157 179//179
f 181//181 158//158 183//183
f 160//160 183//183 158//158
f 160//160 159//159 183//183
f 160//160 161//161 159//159
f 161//161 163//163 159//159
f 162//162 160//160 327//327
f 161//161 160//160 162//162
f 163//163 164//164 159//159
f 161//161 162//162 168//168
f 163//163 166//166 167//167
f 163//163 167//167 164//164
f 167//167 184//184 164//164
f 163//163 161//161 168//168
f 165//165 168//168 170//170
f 170//170 171//171 165//165
f 165//165 172//172 167//167
f 165//165 171//171 172//172
f 184//184 167//167 172//172
f 170//170 168//168 173//173
f 168//168 165//165 166//166
f 165//165 167//167 166//166
f 184//184 172//172 186//186
f 328//328 169//169 168//168
f 168//168 169//169 173//173
f 166//166 163//163 168//168
f 327//327 328//328 168//168
f 171//171 177//177 172//172
f 149//149 170//170 173//173
f 170//170 174//174 171//171
f 174//174 176//176 171//171
f 171//171 176//176 177//177
f 174//174 170//170 149//149
f 172//172 344//344 186//186
f 186//186 344//344 187//187
f 151//151 178//178 177//177
f 174//174 153//153 175//175
f 174//174 175//175 176//176
f 175//175 177//177 176//176
f 177//177 344//344 172//172
f 178//178 344//344 177//177
f 180//180 192//192 332//332
f 180//180 193//193 5893//5893
f 181//181 196//196 193//193
f 181//181 193//193 180//180
f 334//334 333//333 180//180
f 180//180 332//332 334//334
f 183//183 196//196 181//181
f 182//182 196//196 183//183
f 183//183 159//159 182//182
f 159//159 184//184 182//182
f 159//159 164//164 184//184
f 184//184 185//185 182//182
f 184//184 186//186 185//185
f 185//185 186//186 199//199
f 186//186 187//187 199//199
f 189//189 188//188 200//200
f 5890//5890 190//190 194//194
f 5895//5895 201//201 5891//5891
f 5890//5890 5897//5897 190//190
f 189//189 5893//5893 191//191
f 191//191 188//188 189//189
f 194//194 5894//5894 5892//5892
f 191//191 5893//5893 193//193
f 5920//5920 5894//5894 194//194
f 191//191 193//193 196//196
f 191//191 196//196 188//188
f 196//196 195//195 188//188
f 196//196 182//182 195//195
f 188//188 195//195 203//203
f 203//203 195//195 197//197
f 203//203 197//197 208//208
f 208//208 197//197 209//209
f 195//195 182//182 198//198
f 198//198 197//197 195//195
f 198//198 209//209 197//197
f 182//182 209//209 198//198
f 209//209 182//182 185//185
f 185//185 199//199 346//346
f 202//202 200//200 188//188
f 202//202 188//188 203//203
f 5896//5896 5899//5899 5898//5898
f 5897//5897 5900//5900 190//190
f 190//190 5901//5901 204//204
f 205//205 5905//5905 5903//5903
f 5902//5902 5904//5904 5906//5906
f 207//207 5907//5907 208//208
f 208//208 5907//5907 203//203
f 204//204 206//206 190//190
f 204//204 5908//5908 206//206
f 347//347 5909//5909 5910//5910
f 349//349 347//347 5910//5910
f 5934//5934 207//207 208//208
f 395//395 210//210 390//390
f 393//393 211//211 212//212
f 210//210 211//211 390//390
f 212//212 216//216 409//409
f 211//211 216//216 212//212
f 210//210 213//213 214//214
f 210//210 402//402 413//413
f 413//413 213//213 210//210
f 213//213 413//413 411//411
f 214//214 213//213 411//411
f 217//217 216//216 211//211
f 217//217 211//211 218//218
f 211//211 210//210 218//218
f 210//210 214//214 218//218
f 218//218 214//214 222//222
f 5911//5911 215//215 222//222
f 215//215 5911//5911 411//411
f 223//223 224//224 216//216
f 223//223 216//216 219//219
f 216//216 217//217 219//219
f 217//217 218//218 219//219
f 218//218 222//222 219//219
f 220//220 219//219 222//222
f 222//222 221//221 220//220
f 239//239 219//219 225//225
f 220//220 221//221 227//227
f 221//221 229//229 227//227
f 222//222 215//215 221//221
f 215//215 235//235 221//221
f 224//224 223//223 237//237
f 223//223 219//219 239//239
f 225//225 238//238 239//239
f 226//226 228//228 225//225
f 240//240 225//225 228//228
f 228//228 232//232 240//240
f 219//219 220//220 225//225
f 225//225 220//220 226//226
f 227//227 226//226 220//220
f 228//228 226//226 227//227
f 221//221 230//230 229//229
f 229//229 228//228 227//227
f 235//235 230//230 221//221
f 229//229 230//230 231//231
f 228//228 229//229 232//232
f 229//229 231//231 232//232
f 231//231 233//233 232//232
f 231//231 5912//5912 233//233
f 230//230 235//235 233//233
f 235//235 234//234 233//233
f 232//232 233//233 241//241
f 234//234 243//243 233//233
f 435//435 444//444 234//234
f 236//236 440//440 237//237
f 223//223 239//239 5913//5913
f 225//225 240//240 238//238
f 240//240 242//242 238//238
f 240//240 241//241 242//242
f 240//240 232//232 241//241
f 243//243 242//242 241//241
f 243//243 244//244 242//242
f 243//243 234//234 244//244
f 245//245 242//242 244//244
f 234//234 442//442 244//244
f 244//244 443//443 245//245
f 233//233 243//243 241//241
f 459//459 462//462 246//246
f 462//462 237//237 246//246
f 237//237 462//462 236//236
f 5913//5913 239//239 5914//5914
f 239//239 250//250 5914//5914
f 247//247 239//239 238//238
f 5915//5915 248//248 252//252
f 242//242 245//245 238//238
f 238//238 245//245 247//247
f 245//245 248//248 5915//5915
f 245//245 443//443 248//248
f 6021//6021 5914//5914 249//249
f 5914//5914 250//250 249//249
f 250//250 251//251 512//512
f 249//249 250//250 512//512
f 250//250 239//239 247//247
f 250//250 247//247 251//251
f 251//251 247//247 467//467
f 471//471 6023//6023 252//252
f 252//252 248//248 471//471
f 253//253 528//528 254//254
f 253//253 254//254 530//530
f 255//255 256//256 261//261
f 255//255 537//537 538//538
f 538//538 256//256 255//255
f 257//257 265//265 264//264
f 542//542 258//258 270//270
f 258//258 259//259 270//270
f 259//259 258//258 543//543
f 259//259 527//527 1//1
f 253//253 1//1 527//527
f 527//527 528//528 253//253
f 253//253 260//260 2//2
f 253//253 255//255 261//261
f 261//261 260//260 253//253
f 261//261 262//262 260//260
f 261//261 263//263 262//262
f 261//261 264//264 263//263
f 261//261 256//256 264//264
f 256//256 538//538 264//264
f 538//538 257//257 264//264
f 264//264 275//275 263//263
f 276//276 275//275 264//264
f 264//264 265//265 276//276
f 553//553 545//545 279//279
f 545//545 266//266 279//279
f 267//267 266//266 545//545
f 268//268 266//266 269//269
f 267//267 269//269 266//266
f 546//546 542//542 267//267
f 267//267 270//270 269//269
f 267//267 542//542 270//270
f 260//260 271//271 40//40
f 272//272 271//271 260//260
f 271//271 287//287 40//40
f 272//272 287//287 271//271
f 262//262 275//275 260//260
f 260//260 275//275 272//272
f 272//272 275//275 273//273
f 273//273 275//275 274//274
f 272//272 274//274 287//287
f 272//272 273//273 274//274
f 287//287 274//274 275//275
f 263//263 275//275 262//262
f 265//265 277//277 276//276
f 547//547 548//548 277//277
f 277//277 548//548 276//276
f 278//278 285//285 279//279
f 279//279 285//285 553//553
f 279//279 266//266 11//11
f 275//275 280//280 287//287
f 287//287 280//280 288//288
f 281//281 280//280 275//275
f 281//281 559//559 280//280
f 275//275 276//276 281//281
f 276//276 559//559 281//281
f 56//56 282//282 278//278
f 283//283 278//278 282//282
f 278//278 41//41 56//56
f 283//283 284//284 278//278
f 558//558 285//285 284//284
f 284//284 285//285 278//278
f 39//39 286//286 293//293
f 579//579 286//286 559//559
f 288//288 559//559 287//287
f 559//559 288//288 280//280
f 71//71 295//295 290//290
f 556//556 290//290 289//289
f 290//290 283//283 282//282
f 556//556 283//283 290//290
f 290//290 282//282 71//71
f 282//282 291//291 71//71
f 56//56 55//55 282//282
f 39//39 297//297 99//99
f 292//292 297//297 39//39
f 293//293 292//292 39//39
f 574//574 292//292 293//293
f 286//286 565//565 293//293
f 293//293 565//565 576//576
f 293//293 576//576 575//575
f 296//296 301//301 289//289
f 301//301 294//294 289//289
f 296//296 289//289 295//295
f 295//295 71//71 102//102
f 289//289 290//290 295//295
f 99//99 297//297 298//298
f 99//99 298//298 582//582
f 571//571 298//298 297//297
f 298//298 571//571 582//582
f 571//571 590//590 582//582
f 292//292 571//571 297//297
f 571//571 292//292 299//299
f 299//299 292//292 573//573
f 300//300 581//581 309//309
f 581//581 301//301 309//309
f 143//143 309//309 301//301
f 294//294 301//301 581//581
f 143//143 301//301 122//122
f 296//296 122//122 301//301
f 296//296 302//302 122//122
f 302//302 296//296 295//295
f 120//120 305//305 118//118
f 308//308 306//306 121//121
f 307//307 121//121 303//303
f 587//587 99//99 582//582
f 300//300 309//309 304//304
f 300//300 304//304 580//580
f 310//310 305//305 597//597
f 120//120 306//306 305//305
f 121//121 307//307 308//308
f 307//307 594//594 308//308
f 595//595 311//311 318//318
f 311//311 595//595 591//591
f 591//591 304//304 311//311
f 309//309 311//311 304//304
f 146//146 312//312 144//144
f 146//146 320//320 312//312
f 147//147 314//314 313//313
f 324//324 313//313 314//314
f 315//315 324//324 314//314
f 324//324 315//315 608//608
f 596//596 315//315 142//142
f 596//596 609//609 315//315
f 612//612 316//316 325//325
f 612//612 599//599 316//316
f 5917//5917 317//317 158//158
f 5916//5916 317//317 5917//5917
f 599//599 598//598 316//316
f 6049//6049 317//317 5916//5916
f 317//317 603//603 595//595
f 327//327 317//317 328//328
f 317//317 595//595 318//318
f 318//318 328//328 317//317
f 319//319 169//169 328//328
f 318//318 150//150 319//319
f 149//149 319//319 150//150
f 328//328 318//318 319//319
f 311//311 150//150 318//318
f 321//321 322//322 157//157
f 322//322 331//331 157//157
f 312//312 320//320 157//157
f 320//320 321//321 157//157
f 320//320 323//323 321//321
f 323//323 322//322 321//321
f 323//323 320//320 146//146
f 146//146 617//617 323//323
f 146//146 313//313 617//617
f 313//313 604//604 617//617
f 181//181 5917//5917 158//158
f 5917//5917 181//181 337//337
f 5917//5917 337//337 326//326
f 5917//5917 326//326 6056//6056
f 341//341 6057//6057 5918//5918
f 341//341 995//995 6058//6058
f 160//160 158//158 327//327
f 327//327 158//158 317//317
f 168//168 162//162 327//327
f 345//345 344//344 179//179
f 345//345 179//179 330//330
f 179//179 329//329 330//330
f 330//330 329//329 345//345
f 331//331 345//345 329//329
f 179//179 157//157 329//329
f 157//157 331//331 329//329
f 331//331 614//614 621//621
f 322//322 615//615 331//331
f 331//331 615//615 614//614
f 322//322 323//323 615//615
f 614//614 615//615 616//616
f 5920//5920 194//194 335//335
f 335//335 194//194 339//339
f 333//333 336//336 181//181
f 336//336 337//337 181//181
f 333//333 338//338 5924//5924
f 180//180 333//333 181//181
f 333//333 334//334 338//338
f 335//335 5921//5921 5920//5920
f 5923//5923 5927//5927 5922//5922
f 335//335 339//339 5928//5928
f 5925//5925 340//340 5926//5926
f 5926//5926 340//340 342//342
f 5925//5925 5928//5928 340//340
f 340//340 5928//5928 339//339
f 340//340 339//339 341//341
f 341//341 339//339 348//348
f 5929//5929 340//340 343//343
f 341//341 343//343 340//340
f 5926//5926 342//342 5919//5919
f 5929//5929 343//343 5918//5918
f 5918//5918 343//343 341//341
f 623//623 341//341 348//348
f 199//199 187//187 346//346
f 629//629 346//346 187//187
f 187//187 344//344 629//629
f 621//621 345//345 331//331
f 339//339 194//194 348//348
f 359//359 185//185 346//346
f 190//190 206//206 348//348
f 5908//5908 5930//5930 206//206
f 206//206 5930//5930 348//348
f 5931//5931 5935//5935 5932//5932
f 5933//5933 5936//5936 351//351
f 5936//5936 350//350 351//351
f 352//352 351//351 350//350
f 5934//5934 356//356 5937//5937
f 5934//5934 208//208 356//356
f 5941//5941 5937//5937 354//354
f 354//354 5937//5937 356//356
f 348//348 5938//5938 357//357
f 5939//5939 5942//5942 353//353
f 5939//5939 353//353 355//355
f 357//357 5946//5946 361//361
f 5952//5952 5940//5940 5947//5947
f 5945//5945 5944//5944 5943//5943
f 5948//5948 5944//5944 5945//5945
f 5948//5948 5945//5945 5950//5950
f 360//360 5954//5954 5951//5951
f 5949//5949 5951//5951 5954//5954
f 190//190 348//348 194//194
f 362//362 356//356 208//208
f 348//348 357//357 358//358
f 209//209 383//383 208//208
f 209//209 359//359 383//383
f 185//185 359//359 209//209
f 346//346 629//629 359//359
f 5953//5953 356//356 362//362
f 363//363 5954//5954 360//360
f 362//362 5956//5956 5953//5953
f 367//367 5954//5954 363//363
f 368//368 366//366 364//364
f 5963//5963 5957//5957 5959//5959
f 5964//5964 5966//5966 5958//5958
f 5968//5968 5960//5960 365//365
f 5960//5960 372//372 365//365
f 5960//5960 5956//5956 372//372
f 5956//5956 362//362 372//372
f 5961//5961 5978//5978 371//371
f 369//369 5965//5965 5969//5969
f 5967//5967 5965//5965 369//369
f 5967//5967 369//369 5955//5955
f 5962//5962 370//370 5970//5970
f 5969//5969 5974//5974 369//369
f 369//369 5974//5974 5976//5976
f 5971//5971 5977//5977 374//374
f 5975//5975 5961//5961 371//371
f 375//375 5982//5982 373//373
f 5980//5980 5983//5983 5979//5979
f 371//371 5978//5978 5984//5984
f 362//362 5981//5981 372//372
f 377//377 5986//5986 5981//5981
f 5972//5972 5985//5985 376//376
f 5987//5987 376//376 5985//5985
f 5989//5989 382//382 5973//5973
f 5990//5990 5988//5988 5992//5992
f 5981//5981 381//381 377//377
f 378//378 5991//5991 5993//5993
f 5996//5996 5994//5994 379//379
f 5997//5997 382//382 5989//5989
f 5998//5998 5995//5995 380//380
f 6001//6001 377//377 381//381
f 5997//5997 5999//5999 627//627
f 382//382 5997//5997 627//627
f 630//630 382//382 627//627
f 6000//6000 6002//6002 6059//6059
f 385//385 6060//6060 386//386
f 6006//6006 628//628 6061//6061
f 6008//6008 6062//6062 6004//6004
f 6005//6005 6063//6063 6003//6003
f 383//383 362//362 208//208
f 5981//5981 362//362 383//383
f 357//357 361//361 358//358
f 361//361 5973//5973 382//382
f 361//361 382//382 358//358
f 5981//5981 383//383 381//381
f 384//384 381//381 383//383
f 658//658 381//381 384//384
f 359//359 384//384 383//383
f 6007//6007 6009//6009 646//646
f 646//646 6009//6009 381//381
f 387//387 664//664 388//388
f 663//663 391//391 667//667
f 6011//6011 388//388 390//390
f 6011//6011 387//387 388//388
f 663//663 6010//6010 391//391
f 211//211 392//392 390//390
f 392//392 211//211 393//393
f 392//392 393//393 389//389
f 667//667 391//391 392//392
f 389//389 667//667 392//392
f 394//394 667//667 389//389
f 665//665 667//667 394//394
f 392//392 391//391 390//390
f 390//390 388//388 396//396
f 393//393 400//400 394//394
f 400//400 665//665 394//394
f 400//400 401//401 665//665
f 404//404 210//210 395//395
f 393//393 394//394 389//389
f 395//395 403//403 404//404
f 390//390 396//396 395//395
f 396//396 403//403 395//395
f 403//403 396//396 406//406
f 406//406 396//396 397//397
f 398//398 407//407 397//397
f 668//668 397//397 396//396
f 398//398 397//397 668//668
f 399//399 409//409 410//410
f 399//399 410//410 672//672
f 409//409 400//400 393//393
f 401//401 400//400 409//409
f 409//409 399//399 401//401
f 672//672 401//401 399//399
f 402//402 210//210 404//404
f 405//405 406//406 402//402
f 413//413 402//402 406//406
f 414//414 413//413 406//406
f 6012//6012 404//404 403//403
f 404//404 6012//6012 402//402
f 405//405 403//403 406//406
f 406//406 407//407 414//414
f 407//407 406//406 397//397
f 669//669 408//408 407//407
f 408//408 683//683 407//407
f 409//409 393//393 212//212
f 411//411 413//413 414//414
f 414//414 412//412 411//411
f 412//412 414//414 416//416
f 416//416 425//425 412//412
f 416//416 415//415 425//425
f 425//425 415//415 426//426
f 415//415 417//417 426//426
f 414//414 407//407 416//416
f 417//417 415//415 416//416
f 416//416 407//407 417//417
f 417//417 407//407 419//419
f 417//417 419//419 418//418
f 682//682 427//427 418//418
f 419//419 407//407 683//683
f 683//683 418//418 419//419
f 418//418 683//683 682//682
f 409//409 216//216 421//421
f 216//216 224//224 421//421
f 421//421 422//422 420//420
f 410//410 420//420 422//422
f 429//429 422//422 421//421
f 423//423 410//410 422//422
f 422//422 429//429 423//423
f 423//423 429//429 430//430
f 6014//6014 424//424 6013//6013
f 424//424 696//696 6013//6013
f 410//410 409//409 420//420
f 420//420 409//409 421//421
f 215//215 411//411 412//412
f 215//215 412//412 235//235
f 426//426 432//432 235//235
f 426//426 427//427 432//432
f 235//235 425//425 426//426
f 427//427 436//436 432//432
f 235//235 412//412 425//425
f 426//426 417//417 418//418
f 418//418 427//427 426//426
f 436//436 427//427 428//428
f 428//428 427//427 682//682
f 429//429 224//224 430//430
f 6014//6014 434//434 431//431
f 224//224 434//434 430//430
f 698//698 431//431 434//434
f 429//429 421//421 224//224
f 6014//6014 431//431 424//424
f 431//431 698//698 424//424
f 696//696 424//424 698//698
f 234//234 235//235 432//432
f 428//428 704//704 436//436
f 440//440 224//224 237//237
f 6016//6016 441//441 433//433
f 433//433 6017//6017 718//718
f 718//718 708//708 433//433
f 224//224 6016//6016 434//434
f 6016//6016 433//433 434//434
f 435//435 436//436 444//444
f 234//234 432//432 435//435
f 432//432 436//436 435//435
f 437//437 444//444 436//436
f 437//437 438//438 444//444
f 436//436 704//704 437//437
f 704//704 439//439 437//437
f 438//438 437//437 439//439
f 438//438 439//439 711//711
f 731//731 6016//6016 725//725
f 236//236 447//447 440//440
f 725//725 440//440 447//447
f 442//442 443//443 244//244
f 442//442 444//444 443//443
f 442//442 234//234 444//444
f 443//443 444//444 454//454
f 455//455 444//444 438//438
f 438//438 456//456 455//455
f 438//438 711//711 445//445
f 6015//6015 6018//6018 6020//6020
f 448//448 446//446 725//725
f 465//465 446//446 448//448
f 723//723 725//725 446//446
f 741//741 446//446 465//465
f 464//464 448//448 447//447
f 6022//6022 447//447 462//462
f 447//447 448//448 725//725
f 464//464 465//465 448//448
f 447//447 236//236 462//462
f 248//248 443//443 449//449
f 475//475 449//449 443//443
f 443//443 454//454 475//475
f 454//454 450//450 475//475
f 475//475 450//450 477//477
f 452//452 450//450 451//451
f 452//452 477//477 450//450
f 452//452 456//456 453//453
f 452//452 478//478 477//477
f 478//478 6019//6019 479//479
f 6024//6024 452//452 453//453
f 479//479 6019//6019 6020//6020
f 454//454 444//444 450//450
f 444//444 451//451 450//450
f 451//451 455//455 452//452
f 451//451 444//444 455//455
f 452//452 455//455 456//456
f 6020//6020 6018//6018 479//479
f 458//458 457//457 758//758
f 458//458 485//485 457//457
f 457//457 485//485 483//483
f 458//458 758//758 461//461
f 458//458 460//460 459//459
f 485//485 458//458 459//459
f 461//461 6022//6022 460//460
f 461//461 465//465 464//464
f 460//460 458//458 461//461
f 465//465 461//461 739//739
f 463//463 462//462 459//459
f 462//462 463//463 6022//6022
f 463//463 460//460 6022//6022
f 460//460 463//463 459//459
f 6021//6021 249//249 466//466
f 249//249 512//512 506//506
f 469//469 512//512 251//251
f 469//469 517//517 512//512
f 469//469 470//470 517//517
f 468//468 517//517 470//470
f 6023//6023 471//471 468//468
f 468//468 470//470 6023//6023
f 467//467 469//469 251//251
f 470//470 469//469 6023//6023
f 468//468 471//471 473//473
f 517//517 468//468 473//473
f 519//519 473//473 474//474
f 517//517 473//473 519//519
f 6023//6023 5915//5915 252//252
f 248//248 449//449 471//471
f 471//471 449//449 472//472
f 471//471 472//472 473//473
f 474//474 473//473 472//472
f 474//474 472//472 475//475
f 472//472 449//449 475//475
f 475//475 477//477 476//476
f 775//775 475//475 476//476
f 476//476 477//477 478//478
f 476//476 478//478 479//479
f 759//759 481//481 793//793
f 757//757 457//457 480//480
f 481//481 480//480 483//483
f 523//523 793//793 481//481
f 483//483 489//489 487//487
f 481//481 483//483 487//487
f 481//481 482//482 523//523
f 482//482 490//490 523//523
f 457//457 483//483 480//480
f 6028//6028 492//492 484//484
f 6030//6030 486//486 488//488
f 486//486 6025//6025 488//488
f 6031//6031 6032//6032 490//490
f 484//484 490//490 6032//6032
f 485//485 6033//6033 483//483
f 485//485 6026//6026 6033//6033
f 6029//6029 487//487 489//489
f 6027//6027 6029//6029 489//489
f 481//481 6031//6031 482//482
f 6031//6031 490//490 482//482
f 490//490 484//484 525//525
f 466//466 496//496 6028//6028
f 496//496 491//491 6028//6028
f 6021//6021 466//466 6028//6028
f 6028//6028 491//491 492//492
f 491//491 497//497 492//492
f 484//484 492//492 493//493
f 492//492 497//497 493//493
f 484//484 493//493 525//525
f 497//497 525//525 493//493
f 6048//6048 6037//6037 494//494
f 799//799 494//494 503//503
f 503//503 760//760 799//799
f 466//466 495//495 496//496
f 249//249 495//495 466//466
f 491//491 496//496 495//495
f 491//491 509//509 497//497
f 491//491 6034//6034 509//509
f 6035//6035 504//504 6041//6041
f 6042//6042 498//498 6037//6037
f 6042//6042 499//499 498//498
f 494//494 6037//6037 498//498
f 6038//6038 6039//6039 500//500
f 500//500 6039//6039 511//511
f 494//494 6038//6038 501//501
f 6038//6038 502//502 501//501
f 6038//6038 500//500 502//502
f 500//500 511//511 502//502
f 494//494 501//501 503//503
f 503//503 501//501 502//502
f 503//503 502//502 760//760
f 760//760 502//502 761//761
f 249//249 505//505 504//504
f 249//249 506//506 505//505
f 6036//6036 249//249 504//504
f 504//504 505//505 508//508
f 508//508 507//507 504//504
f 506//506 508//508 505//505
f 510//510 6041//6041 507//507
f 507//507 6041//6041 504//504
f 507//507 508//508 510//510
f 506//506 513//513 6040//6040
f 6043//6043 6044//6044 511//511
f 6043//6043 511//511 6039//6039
f 6044//6044 6040//6040 511//511
f 511//511 6040//6040 513//513
f 502//502 511//511 513//513
f 6148//6148 6045//6045 515//515
f 515//515 806//806 6148//6148
f 506//506 512//512 513//513
f 513//513 512//512 518//518
f 513//513 518//518 519//519
f 519//519 514//514 6045//6045
f 514//514 519//519 520//520
f 516//516 515//515 6045//6045
f 514//514 516//516 6045//6045
f 514//514 763//763 516//516
f 514//514 520//520 763//763
f 515//515 516//516 762//762
f 516//516 763//763 762//762
f 806//806 515//515 762//762
f 512//512 517//517 518//518
f 518//518 517//517 519//519
f 521//521 520//520 519//519
f 768//768 6150//6150 520//520
f 521//521 519//519 474//474
f 522//522 524//524 794//794
f 524//524 795//795 794//794
f 523//523 6047//6047 6046//6046
f 793//793 523//523 6046//6046
f 6048//6048 795//795 524//524
f 490//490 525//525 6047//6047
f 523//523 490//490 6047//6047
f 797//797 6048//6048 799//799
f 6048//6048 494//494 799//799
f 527//527 877//877 528//528
f 527//527 1311//1311 877//877
f 877//877 529//529 528//528
f 529//529 254//254 528//528
f 254//254 529//529 530//530
f 529//529 531//531 530//530
f 529//529 877//877 531//531
f 533//533 530//530 531//531
f 877//877 532//532 531//531
f 531//531 532//532 533//533
f 532//532 534//534 533//533
f 532//532 879//879 534//534
f 253//253 530//530 255//255
f 530//530 533//533 255//255
f 534//534 535//535 533//533
f 879//879 535//535 534//534
f 533//533 535//535 255//255
f 255//255 535//535 537//537
f 879//879 881//881 535//535
f 535//535 536//536 537//537
f 535//535 881//881 536//536
f 536//536 883//883 537//537
f 537//537 883//883 526//526
f 538//538 537//537 526//526
f 257//257 538//538 265//265
f 538//538 544//544 265//265
f 538//538 539//539 544//544
f 538//538 820//820 539//539
f 538//538 526//526 820//820
f 820//820 540//540 539//539
f 540//540 884//884 897//897
f 540//540 897//897 909//909
f 546//546 541//541 542//542
f 541//541 543//543 542//542
f 542//542 543//543 258//258
f 541//541 895//895 543//543
f 259//259 543//543 1366//1366
f 265//265 544//544 547//547
f 265//265 547//547 277//277
f 544//544 550//550 548//548
f 544//544 539//539 550//550
f 539//539 549//549 550//550
f 540//540 549//549 539//539
f 540//540 909//909 549//549
f 553//553 923//923 545//545
f 545//545 546//546 267//267
f 544//544 548//548 547//547
f 909//909 551//551 549//549
f 549//549 551//551 550//550
f 921//921 552//552 553//553
f 921//921 923//923 552//552
f 552//552 923//923 553//553
f 554//554 276//276 548//548
f 555//555 554//554 548//548
f 548//548 550//550 555//555
f 556//556 930//930 283//283
f 556//556 1404//1404 930//930
f 283//283 930//930 557//557
f 283//283 557//557 284//284
f 284//284 557//557 558//558
f 285//285 558//558 557//557
f 553//553 285//285 557//557
f 560//560 567//567 559//559
f 276//276 560//560 559//559
f 276//276 933//933 560//560
f 554//554 933//933 276//276
f 555//555 561//561 554//554
f 554//554 561//561 933//933
f 563//563 581//581 940//940
f 289//289 294//294 562//562
f 563//563 294//294 581//581
f 562//562 294//294 563//563
f 564//564 563//563 941//941
f 940//940 941//941 563//563
f 563//563 564//564 562//562
f 289//289 562//562 556//556
f 562//562 564//564 556//556
f 556//556 564//564 1404//1404
f 579//579 565//565 286//286
f 579//579 576//576 565//565
f 943//943 579//579 559//559
f 559//559 567//567 566//566
f 566//566 567//567 569//569
f 566//566 569//569 944//944
f 944//944 559//559 566//566
f 943//943 559//559 944//944
f 560//560 568//568 567//567
f 568//568 569//569 567//567
f 944//944 569//569 568//568
f 568//568 560//560 944//944
f 570//570 956//956 940//940
f 581//581 570//570 940//940
f 572//572 571//571 299//299
f 299//299 573//573 572//572
f 583//583 571//571 572//572
f 583//583 572//572 573//573
f 292//292 574//574 573//573
f 573//573 584//584 583//583
f 575//575 574//574 293//293
f 577//577 574//574 575//575
f 574//574 585//585 573//573
f 577//577 585//585 574//574
f 584//584 573//573 585//585
f 577//577 960//960 585//585
f 576//576 578//578 575//575
f 575//575 578//578 577//577
f 578//578 576//576 962//962
f 579//579 962//962 576//576
f 300//300 580//580 581//581
f 955//955 956//956 580//580
f 580//580 570//570 581//581
f 580//580 956//956 570//570
f 587//587 586//586 99//99
f 582//582 588//588 587//587
f 589//589 588//588 582//582
f 583//583 590//590 571//571
f 590//590 589//589 582//582
f 590//590 583//583 967//967
f 584//584 958//958 583//583
f 584//584 585//585 958//958
f 585//585 960//960 958//958
f 306//306 308//308 593//593
f 594//594 593//593 308//308
f 586//586 303//303 99//99
f 303//303 586//586 307//307
f 307//307 974//974 594//594
f 586//586 974//974 307//307
f 976//976 586//586 587//587
f 587//587 588//588 1484//1484
f 591//591 970//970 580//580
f 591//591 580//580 304//304
f 310//310 597//597 142//142
f 306//306 592//592 305//305
f 305//305 592//592 597//597
f 306//306 971//971 592//592
f 971//971 306//306 593//593
f 594//594 973//973 593//593
f 593//593 973//973 971//971
f 977//977 970//970 6055//6055
f 977//977 978//978 970//970
f 603//603 591//591 595//595
f 6055//6055 970//970 591//591
f 597//597 596//596 142//142
f 993//993 596//596 597//597
f 6050//6050 6058//6058 613//613
f 600//600 6055//6055 598//598
f 598//598 599//599 600//600
f 6050//6050 613//613 6051//6051
f 6052//6052 613//613 995//995
f 6049//6049 603//603 317//317
f 6055//6055 601//601 977//977
f 600//600 601//601 6055//6055
f 6052//6052 995//995 602//602
f 6054//6054 601//601 600//600
f 6053//6053 602//602 987//987
f 987//987 602//602 995//995
f 6203//6203 6053//6053 987//987
f 604//604 618//618 617//617
f 605//605 313//313 324//324
f 605//605 604//604 313//313
f 604//604 605//605 618//618
f 324//324 608//608 605//605
f 605//605 608//608 606//606
f 1000//1000 605//605 606//606
f 607//607 1000//1000 606//606
f 1000//1000 618//618 605//605
f 608//608 607//607 606//606
f 315//315 609//609 608//608
f 610//610 608//608 609//609
f 610//610 607//607 608//608
f 611//611 609//609 596//596
f 609//609 611//611 610//610
f 990//990 607//607 610//610
f 596//596 990//990 611//611
f 596//596 993//993 992//992
f 990//990 596//596 992//992
f 613//613 6058//6058 995//995
f 995//995 341//341 620//620
f 995//995 620//620 1009//1009
f 622//622 621//621 614//614
f 614//614 616//616 622//622
f 615//615 323//323 616//616
f 616//616 323//323 1016//1016
f 999//999 323//323 617//617
f 998//998 323//323 999//999
f 999//999 617//617 1022//1022
f 617//617 619//619 1022//1022
f 617//617 1000//1000 619//619
f 617//617 618//618 1000//1000
f 1000//1000 607//607 1001//1001
f 620//620 341//341 623//623
f 620//620 623//623 1009//1009
f 621//621 624//624 345//345
f 621//621 622//622 624//624
f 622//622 1012//1012 624//624
f 1015//1015 622//622 616//616
f 1016//1016 1015//1015 616//616
f 348//348 358//358 625//625
f 623//623 348//348 625//625
f 626//626 344//344 1032//1032
f 344//344 345//345 624//624
f 624//624 1032//1032 344//344
f 1025//1025 624//624 1027//1027
f 625//625 358//358 1037//1037
f 629//629 1031//1031 1039//1039
f 344//344 626//626 629//629
f 1031//1031 629//629 626//626
f 1031//1031 626//626 1032//1032
f 6006//6006 632//632 628//628
f 6064//6064 6071//6071 6066//6066
f 627//627 6065//6065 630//630
f 382//382 630//630 358//358
f 650//650 1038//1038 630//630
f 358//358 630//630 1037//1037
f 384//384 359//359 658//658
f 658//658 359//359 1039//1039
f 359//359 629//629 1039//1039
f 6007//6007 646//646 6072//6072
f 631//631 6067//6067 6073//6073
f 633//633 6072//6072 646//646
f 6068//6068 6074//6074 6075//6075
f 637//637 630//630 6069//6069
f 6082//6082 6070//6070 636//636
f 637//637 647//647 630//630
f 639//639 634//634 635//635
f 635//635 6079//6079 639//639
f 6075//6075 6080//6080 6068//6068
f 6088//6088 6080//6080 6075//6075
f 6089//6089 633//633 648//648
f 634//634 639//639 638//638
f 641//641 640//640 6076//6076
f 6076//6076 640//640 6078//6078
f 6078//6078 640//640 6081//6081
f 6081//6081 640//640 6083//6083
f 655//655 6090//6090 6096//6096
f 6127//6127 651//651 6091//6091
f 6097//6097 6092//6092 6084//6084
f 6112//6112 6111//6111 6093//6093
f 6085//6085 6093//6093 6111//6111
f 6098//6098 6077//6077 6086//6086
f 6099//6099 6087//6087 642//642
f 6087//6087 6094//6094 642//642
f 6095//6095 6116//6116 652//652
f 6094//6094 6121//6121 642//642
f 640//640 641//641 6128//6128
f 6101//6101 6129//6129 6100//6100
f 654//654 642//642 6121//6121
f 6130//6130 6102//6102 6125//6125
f 6131//6131 6126//6126 643//643
f 656//656 6103//6103 654//654
f 6127//6127 6104//6104 657//657
f 6135//6135 6105//6105 6132//6132
f 6133//6133 1050//1050 6136//6136
f 644//644 1049//1049 645//645
f 6108//6108 6211//6211 1054//1054
f 1054//1054 6211//6211 1053//1053
f 6134//6134 6219//6219 6212//6212
f 6208//6208 6106//6106 1051//1051
f 6214//6214 6107//6107 6109//6109
f 658//658 633//633 646//646
f 646//646 381//381 658//658
f 633//633 658//658 649//649
f 648//648 633//633 649//649
f 650//650 630//630 647//647
f 6111//6111 6112//6112 6117//6117
f 6114//6114 6118//6118 6113//6113
f 6119//6119 6115//6115 653//653
f 6122//6122 6120//6120 6123//6123
f 6124//6124 649//649 658//658
f 647//647 651//651 650//650
f 651//651 6127//6127 650//650
f 6124//6124 654//654 6121//6121
f 658//658 1069//1069 6124//6124
f 6127//6127 1038//1038 650//650
f 654//654 6124//6124 656//656
f 6127//6127 657//657 1038//1038
f 6220//6220 6124//6124 1069//1069
f 656//656 6124//6124 6220//6220
f 630//630 1038//1038 1037//1037
f 1083//1083 660//660 663//663
f 659//659 664//664 661//661
f 661//661 663//663 660//660
f 1083//1083 663//663 667//667
f 664//664 1085//1085 662//662
f 1085//1085 1088//1088 662//662
f 1084//1084 667//667 665//665
f 6010//6010 663//663 661//661
f 388//388 664//664 662//662
f 661//661 664//664 387//387
f 662//662 396//396 388//388
f 662//662 668//668 396//396
f 1088//1088 668//668 662//662
f 668//668 1088//1088 1089//1089
f 668//668 1089//1089 669//669
f 666//666 1087//1087 6137//6137
f 666//666 6137//6137 401//401
f 668//668 669//669 398//398
f 666//666 401//401 670//670
f 666//666 670//670 1092//1092
f 1092//1092 670//670 1097//1097
f 1095//1095 1097//1097 670//670
f 670//670 680//680 1095//1095
f 407//407 398//398 669//669
f 1090//1090 671//671 669//669
f 671//671 1090//1090 1598//1598
f 1598//1598 1102//1102 671//671
f 672//672 6140//6140 670//670
f 401//401 672//672 670//670
f 6140//6140 672//672 679//679
f 1101//1101 1096//1096 681//681
f 673//673 683//683 408//408
f 683//683 673//673 676//676
f 671//671 408//408 669//669
f 671//671 673//673 408//408
f 674//674 676//676 673//673
f 676//676 677//677 683//683
f 674//674 673//673 671//671
f 671//671 675//675 674//674
f 675//675 677//677 676//676
f 675//675 676//676 674//674
f 677//677 6138//6138 678//678
f 671//671 678//678 6138//6138
f 671//671 1102//1102 678//678
f 692//692 672//672 410//410
f 692//692 410//410 6013//6013
f 679//679 672//672 692//692
f 6139//6139 681//681 680//680
f 680//680 681//681 1096//1096
f 685//685 683//683 677//677
f 685//685 682//682 683//683
f 685//685 684//684 682//682
f 686//686 685//685 687//687
f 686//686 684//684 685//685
f 689//689 686//686 688//688
f 684//684 686//686 689//689
f 691//691 682//682 684//684
f 677//677 687//687 685//685
f 678//678 687//687 677//677
f 688//688 686//686 687//687
f 688//688 687//687 678//678
f 689//689 688//688 690//690
f 684//684 689//689 691//691
f 691//691 689//689 690//690
f 688//688 678//678 1102//1102
f 1102//1102 690//690 688//688
f 1102//1102 691//691 690//690
f 1102//1102 695//695 691//691
f 692//692 6013//6013 696//696
f 702//702 692//692 696//696
f 6139//6139 692//692 681//681
f 692//692 702//702 681//681
f 681//681 702//702 703//703
f 691//691 428//428 682//682
f 695//695 706//706 691//691
f 694//694 1106//1106 693//693
f 694//694 693//693 6141//6141
f 1104//1104 694//694 6141//6141
f 696//696 697//697 702//702
f 697//697 696//696 698//698
f 697//697 698//698 700//700
f 702//702 697//697 700//700
f 698//698 699//699 700//700
f 699//699 698//698 709//709
f 700//700 710//710 701//701
f 700//700 699//699 710//710
f 701//701 703//703 700//700
f 703//703 702//702 700//700
f 428//428 705//705 704//704
f 705//705 439//439 704//704
f 705//705 428//428 691//691
f 439//439 705//705 706//706
f 705//705 691//691 706//706
f 693//693 6142//6142 6141//6141
f 693//693 707//707 6142//6142
f 1106//1106 707//707 693//693
f 433//433 708//708 434//434
f 434//434 708//708 709//709
f 698//698 434//434 709//709
f 710//710 699//699 709//709
f 701//701 710//710 1115//1115
f 439//439 6142//6142 711//711
f 707//707 711//711 6142//6142
f 707//707 712//712 711//711
f 1106//1106 712//712 707//707
f 722//722 712//712 1106//1106
f 1113//1113 722//722 1106//1106
f 731//731 713//713 6017//6017
f 731//731 441//441 6016//6016
f 715//715 716//716 714//714
f 714//714 718//718 713//713
f 718//718 714//714 719//719
f 718//718 6017//6017 713//713
f 714//714 720//720 719//719
f 716//716 720//720 714//714
f 720//720 716//716 717//717
f 718//718 719//719 708//708
f 708//708 719//719 720//720
f 720//720 709//709 708//708
f 720//720 717//717 709//709
f 1127//1127 709//709 717//717
f 710//710 709//709 721//721
f 721//721 709//709 1127//1127
f 711//711 737//737 445//445
f 722//722 736//736 712//712
f 712//712 737//737 711//711
f 723//723 724//724 727//727
f 740//740 727//727 724//724
f 727//727 740//740 1121//1121
f 725//725 723//723 726//726
f 446//446 741//741 723//723
f 727//727 728//728 726//726
f 723//723 727//727 726//726
f 726//726 728//728 725//725
f 728//728 731//731 725//725
f 728//728 733//733 731//731
f 728//728 729//729 733//733
f 1122//1122 729//729 728//728
f 715//715 730//730 1125//1125
f 730//730 729//729 1125//1125
f 729//729 1124//1124 1125//1125
f 729//729 1122//1122 1124//1124
f 732//732 713//713 731//731
f 733//733 732//732 731//731
f 713//713 732//732 714//714
f 733//733 734//734 732//732
f 732//732 715//715 714//714
f 734//734 715//715 732//732
f 733//733 729//729 734//734
f 734//734 729//729 730//730
f 734//734 730//730 715//715
f 1125//1125 716//716 715//715
f 737//737 743//743 735//735
f 737//737 736//736 743//743
f 736//736 722//722 1120//1120
f 1120//1120 1146//1146 736//736
f 737//737 735//735 445//445
f 712//712 736//736 737//737
f 1140//1140 1144//1144 738//738
f 738//738 1144//1144 740//740
f 758//758 1140//1140 738//738
f 740//740 739//739 738//738
f 758//758 738//738 739//739
f 741//741 740//740 6143//6143
f 6143//6143 723//723 741//741
f 741//741 739//739 740//740
f 741//741 465//465 739//739
f 739//739 461//461 758//758
f 735//735 742//742 445//445
f 742//742 479//479 6018//6018
f 735//735 743//743 742//742
f 742//742 476//476 479//479
f 476//476 742//742 745//745
f 743//743 736//736 744//744
f 744//744 742//742 743//743
f 745//745 742//742 744//744
f 736//736 777//777 744//744
f 777//777 745//745 744//744
f 746//746 1164//1164 747//747
f 746//746 747//747 781//781
f 749//749 750//750 748//748
f 751//751 749//749 1171//1171
f 1171//1171 749//749 748//748
f 748//748 6144//6144 755//755
f 748//748 755//755 783//783
f 751//751 753//753 749//749
f 749//749 753//753 750//750
f 753//753 752//752 750//750
f 6145//6145 755//755 6144//6144
f 756//756 6146//6146 751//751
f 751//751 6146//6146 753//753
f 753//753 6146//6146 752//752
f 784//784 6146//6146 754//754
f 757//757 759//759 754//754
f 757//757 754//754 6146//6146
f 757//757 756//756 758//758
f 6146//6146 756//756 757//757
f 758//758 756//756 1140//1140
f 759//759 788//788 787//787
f 757//757 480//480 759//759
f 481//481 759//759 480//480
f 758//758 457//457 757//757
f 6147//6147 6148//6148 806//806
f 513//513 761//761 502//502
f 803//803 766//766 805//805
f 6149//6149 6151//6151 764//764
f 6149//6149 765//765 806//806
f 6149//6149 764//764 765//765
f 764//764 766//766 765//765
f 521//521 766//766 764//764
f 521//521 767//767 766//766
f 805//805 766//766 767//767
f 6153//6153 521//521 764//764
f 768//768 520//520 521//521
f 764//764 6151//6151 6153//6153
f 521//521 770//770 767//767
f 770//770 769//769 6152//6152
f 770//770 771//771 769//769
f 769//769 771//771 772//772
f 773//773 807//807 6154//6154
f 772//772 807//807 769//769
f 769//769 1221//1221 6152//6152
f 521//521 474//474 770//770
f 774//774 770//770 474//474
f 774//774 775//775 772//772
f 770//770 774//774 771//771
f 774//774 772//772 771//771
f 6154//6154 775//775 773//773
f 773//773 776//776 808//808
f 475//475 774//774 474//474
f 775//775 774//774 475//475
f 773//773 775//775 776//776
f 775//775 476//476 745//745
f 775//775 745//745 776//776
f 745//745 777//777 776//776
f 776//776 777//777 778//778
f 826//826 1212//1212 827//827
f 1210//1210 779//779 1213//1213
f 779//779 1210//1210 781//781
f 1283//1283 779//779 781//781
f 781//781 6271//6271 780//780
f 747//747 783//783 782//782
f 783//783 784//784 782//782
f 747//747 782//782 781//781
f 782//782 831//831 781//781
f 782//782 785//785 831//831
f 782//782 784//784 6155//6155
f 785//785 853//853 831//831
f 792//792 853//853 785//785
f 6146//6146 784//784 783//783
f 786//786 754//754 759//759
f 759//759 787//787 786//786
f 786//786 787//787 6155//6155
f 754//754 786//786 784//784
f 6155//6155 784//784 786//786
f 789//789 793//793 6046//6046
f 792//792 790//790 522//522
f 522//522 794//794 792//792
f 793//793 788//788 759//759
f 788//788 793//793 789//789
f 788//788 789//789 787//787
f 787//787 789//789 6155//6155
f 789//789 791//791 6155//6155
f 789//789 6156//6156 791//791
f 6046//6046 6156//6156 789//789
f 785//785 6157//6157 792//792
f 792//792 6157//6157 790//790
f 794//794 795//795 6158//6158
f 6158//6158 795//795 872//872
f 795//795 6048//6048 797//797
f 795//795 797//797 796//796
f 795//795 796//796 872//872
f 797//797 798//798 796//796
f 874//874 796//796 798//798
f 872//872 796//796 874//874
f 6195//6195 802//802 875//875
f 797//797 800//800 801//801
f 797//797 801//801 798//798
f 798//798 801//801 804//804
f 802//802 874//874 798//798
f 799//799 6147//6147 800//800
f 6147//6147 806//806 800//800
f 799//799 800//800 797//797
f 800//800 806//806 801//801
f 798//798 804//804 802//802
f 806//806 765//765 803//803
f 801//801 806//806 803//803
f 801//801 803//803 804//804
f 804//804 803//803 805//805
f 804//804 805//805 802//802
f 805//805 767//767 802//802
f 765//765 766//766 803//803
f 1221//1221 769//769 807//807
f 1221//1221 807//807 1227//1227
f 773//773 1227//1227 807//807
f 1241//1241 1248//1248 880//880
f 810//810 883//883 882//882
f 1248//1248 810//810 882//882
f 810//810 1248//1248 809//809
f 810//810 809//809 811//811
f 809//809 1250//1250 811//811
f 811//811 526//526 810//810
f 811//811 812//812 526//526
f 814//814 526//526 812//812
f 812//812 813//813 814//814
f 1255//1255 815//815 813//813
f 813//813 815//815 814//814
f 814//814 816//816 817//817
f 816//816 814//814 815//815
f 815//815 1260//1260 816//816
f 1260//1260 1262//1262 816//816
f 526//526 818//818 820//820
f 818//818 526//526 814//814
f 814//814 817//817 818//818
f 818//818 817//817 819//819
f 819//819 820//820 818//818
f 819//819 1266//1266 820//820
f 816//816 819//819 817//817
f 816//816 1262//1262 819//819
f 821//821 820//820 1266//1266
f 821//821 822//822 884//884
f 822//822 1176//1176 823//823
f 884//884 822//822 823//823
f 884//884 823//823 885//885
f 1176//1176 822//822 1266//1266
f 1176//1176 1267//1267 823//823
f 1267//1267 885//885 823//823
f 1267//1267 824//824 885//885
f 825//825 1269//1269 824//824
f 824//824 1269//1269 1270//1270
f 827//827 1283//1283 826//826
f 827//827 828//828 1283//1283
f 1283//1283 781//781 1284//1284
f 1284//1284 781//781 1287//1287
f 829//829 1287//1287 781//781
f 1287//1287 829//829 1288//1288
f 1288//1288 829//829 830//830
f 781//781 831//831 829//829
f 830//830 829//829 831//831
f 831//831 832//832 1291//1291
f 1293//1293 832//832 834//834
f 1293//1293 1291//1291 832//832
f 1292//1292 1291//1291 1293//1293
f 1293//1293 834//834 836//836
f 1290//1290 1292//1292 833//833
f 836//836 888//888 6280//6280
f 833//833 889//889 1290//1290
f 888//888 889//889 833//833
f 839//839 832//832 842//842
f 832//832 839//839 834//834
f 839//839 840//840 834//834
f 6165//6165 6170//6170 846//846
f 6160//6160 6167//6167 835//835
f 6167//6167 1296//1296 843//843
f 6167//6167 843//843 835//835
f 834//834 835//835 836//836
f 835//835 843//843 836//836
f 836//836 843//843 844//844
f 838//838 1294//1294 837//837
f 1295//1295 6167//6167 6281//6281
f 1295//1295 1296//1296 6167//6167
f 6282//6282 6168//6168 6161//6161
f 6166//6166 6163//6163 6169//6169
f 6162//6162 6169//6169 6163//6163
f 6166//6166 6172//6172 6163//6163
f 843//843 1296//1296 851//851
f 844//844 888//888 836//836
f 841//841 832//832 831//831
f 831//831 853//853 841//841
f 832//832 841//841 842//842
f 841//841 856//856 842//842
f 849//849 842//842 850//850
f 850//850 842//842 856//856
f 888//888 844//844 890//890
f 6173//6173 6171//6171 848//848
f 6178//6178 842//842 849//849
f 854//854 845//845 843//843
f 6191//6191 890//890 845//845
f 845//845 844//844 843//843
f 890//890 844//844 845//845
f 6174//6174 847//847 6164//6164
f 6164//6164 847//847 1297//1297
f 6175//6175 6179//6179 6176//6176
f 6186//6186 6285//6285 6182//6182
f 6177//6177 6180//6180 6286//6286
f 6183//6183 6287//6287 6181//6181
f 852//852 6187//6187 849//849
f 6188//6188 1298//1298 1299//1299
f 6189//6189 6184//6184 6290//6290
f 852//852 849//849 850//850
f 6291//6291 6185//6185 855//855
f 6192//6192 850//850 856//856
f 6190//6190 843//843 851//851
f 6293//6293 843//843 6190//6190
f 843//843 6293//6293 6191//6191
f 853//853 856//856 841//841
f 6293//6293 858//858 6191//6191
f 856//856 6294//6294 6192//6192
f 853//853 6158//6158 859//859
f 853//853 859//859 856//856
f 6191//6191 892//892 890//890
f 862//862 856//856 860//860
f 6191//6191 858//858 857//857
f 892//892 6191//6191 857//857
f 862//862 6295//6295 856//856
f 6295//6295 862//862 6194//6194
f 862//862 865//865 6194//6194
f 858//858 865//865 857//857
f 859//859 6158//6158 868//868
f 857//857 866//866 892//892
f 866//866 867//867 892//892
f 859//859 860//860 856//856
f 859//859 868//868 860//860
f 868//868 861//861 860//860
f 868//868 869//869 861//861
f 861//861 863//863 860//860
f 861//861 864//864 863//863
f 861//861 869//869 864//864
f 865//865 862//862 866//866
f 862//862 860//860 866//866
f 860//860 863//863 866//866
f 863//863 864//864 866//866
f 865//865 866//866 857//857
f 867//867 870//870 892//892
f 864//864 870//870 866//866
f 870//870 867//867 866//866
f 868//868 6158//6158 872//872
f 869//869 868//868 872//872
f 870//870 873//873 893//893
f 869//869 870//870 864//864
f 869//869 873//873 870//870
f 872//872 874//874 869//869
f 869//869 6195//6195 873//873
f 6195//6195 875//875 873//873
f 875//875 871//871 873//873
f 876//876 1310//1310 1311//1311
f 876//876 527//527 896//896
f 876//876 1311//1311 527//527
f 877//877 1311//1311 1240//1240
f 532//532 877//877 878//878
f 878//878 877//877 1240//1240
f 878//878 879//879 532//532
f 878//878 1240//1240 879//879
f 1240//1240 880//880 879//879
f 880//880 881//881 879//879
f 1240//1240 1241//1241 880//880
f 880//880 882//882 881//881
f 882//882 880//880 1248//1248
f 882//882 883//883 881//881
f 881//881 883//883 536//536
f 810//810 526//526 883//883
f 540//540 820//820 884//884
f 820//820 821//821 884//884
f 897//897 884//884 885//885
f 897//897 885//885 886//886
f 886//886 885//885 900//900
f 887//887 899//899 885//885
f 824//824 887//887 885//885
f 887//887 1313//1313 901//901
f 889//889 6196//6196 1346//1346
f 1346//1346 6196//6196 891//891
f 888//888 890//890 6197//6197
f 6197//6197 890//890 892//892
f 893//893 891//891 6198//6198
f 893//893 1356//1356 891//891
f 6198//6198 870//870 893//893
f 893//893 894//894 1356//1356
f 893//893 1361//1361 894//894
f 1356//1356 894//894 1361//1361
f 893//893 873//873 871//871
f 893//893 871//871 1361//1361
f 871//871 1362//1362 1361//1361
f 543//543 895//895 1366//1366
f 1366//1366 896//896 259//259
f 896//896 527//527 259//259
f 886//886 898//898 897//897
f 886//886 900//900 898//898
f 900//900 911//911 898//898
f 885//885 899//899 900//900
f 899//899 917//917 900//900
f 900//900 913//913 911//911
f 900//900 917//917 915//915
f 900//900 915//915 913//913
f 901//901 899//899 887//887
f 899//899 902//902 918//918
f 901//901 902//902 899//899
f 901//901 1313//1313 1367//1367
f 901//901 1367//1367 902//902
f 922//922 903//903 545//545
f 922//922 904//904 903//903
f 6199//6199 1386//1386 1385//1385
f 545//545 903//903 546//546
f 907//907 903//903 904//904
f 905//905 908//908 6199//6199
f 905//905 6199//6199 1385//1385
f 905//905 1385//1385 908//908
f 903//903 907//907 546//546
f 907//907 906//906 908//908
f 6199//6199 906//906 907//907
f 906//906 6199//6199 908//908
f 1387//1387 541//541 908//908
f 907//907 908//908 546//546
f 908//908 541//541 546//546
f 1796//1796 895//895 541//541
f 909//909 926//926 551//551
f 909//909 897//897 910//910
f 910//910 1417//1417 927//927
f 909//909 910//910 926//926
f 926//926 910//910 927//927
f 897//897 898//898 910//910
f 898//898 1419//1419 1417//1417
f 898//898 1417//1417 910//910
f 911//911 1419//1419 898//898
f 913//913 914//914 911//911
f 1419//1419 911//911 912//912
f 1399//1399 1419//1419 912//912
f 912//912 911//911 914//914
f 1399//1399 912//912 914//914
f 913//913 915//915 916//916
f 916//916 914//914 913//913
f 915//915 917//917 916//916
f 916//916 1398//1398 914//914
f 899//899 918//918 917//917
f 917//917 918//918 1389//1389
f 921//921 932//932 919//919
f 921//921 553//553 932//932
f 920//920 919//919 1397//1397
f 920//920 923//923 921//921
f 919//919 920//920 921//921
f 920//920 1397//1397 923//923
f 6200//6200 1822//1822 1386//1386
f 922//922 923//923 1397//1397
f 923//923 922//922 545//545
f 6199//6199 6200//6200 1386//1386
f 550//550 551//551 924//924
f 925//925 924//924 551//551
f 925//925 550//550 924//924
f 550//550 6201//6201 555//555
f 551//551 926//926 925//925
f 926//926 928//928 925//925
f 6201//6201 935//935 555//555
f 6201//6201 936//936 935//935
f 927//927 928//928 926//926
f 929//929 927//927 937//937
f 928//928 929//929 925//925
f 928//928 927//927 929//929
f 6201//6201 6202//6202 1411//1411
f 937//937 927//927 939//939
f 927//927 1417//1417 1416//1416
f 1399//1399 914//914 1398//1398
f 930//930 1404//1404 1405//1405
f 1405//1405 931//931 930//930
f 930//930 932//932 557//557
f 930//930 931//931 932//932
f 1407//1407 932//932 931//931
f 553//553 557//557 932//932
f 561//561 934//934 933//933
f 945//945 934//934 561//561
f 561//561 555//555 935//935
f 561//561 935//935 945//945
f 935//935 936//936 946//946
f 1411//1411 6202//6202 1409//1409
f 937//937 1409//1409 6202//6202
f 1409//1409 937//937 938//938
f 6201//6201 1411//1411 936//936
f 936//936 947//947 946//946
f 939//939 938//938 937//937
f 927//927 1416//1416 939//939
f 938//938 939//939 1413//1413
f 941//941 940//940 942//942
f 1404//1404 942//942 1442//1442
f 942//942 564//564 941//941
f 942//942 1404//1404 564//564
f 933//933 944//944 560//560
f 933//933 1446//1446 944//944
f 1446//1446 933//933 934//934
f 1427//1427 1446//1446 934//934
f 945//945 1428//1428 934//934
f 946//946 945//945 935//935
f 940//940 956//956 957//957
f 957//957 1439//1439 940//940
f 1440//1440 942//942 1439//1439
f 1439//1439 942//942 940//940
f 1442//1442 942//942 1441//1441
f 961//961 962//962 579//579
f 579//579 949//949 961//961
f 579//579 943//943 949//949
f 948//948 949//949 943//943
f 953//953 949//949 948//948
f 949//949 953//953 1454//1454
f 949//949 1454//1454 961//961
f 948//948 943//943 950//950
f 948//948 950//950 952//952
f 950//950 943//943 952//952
f 948//948 952//952 953//953
f 943//943 944//944 951//951
f 943//943 951//951 954//954
f 951//951 944//944 954//954
f 952//952 943//943 954//954
f 1446//1446 1444//1444 944//944
f 955//955 957//957 956//956
f 955//955 963//963 957//957
f 583//583 958//958 967//967
f 967//967 958//958 959//959
f 960//960 1465//1465 958//958
f 958//958 1465//1465 959//959
f 960//960 577//577 578//578
f 578//578 1449//1449 960//960
f 1468//1468 1465//1465 1467//1467
f 1465//1465 960//960 1467//1467
f 1449//1449 578//578 962//962
f 970//970 955//955 580//580
f 970//970 963//963 955//955
f 970//970 1471//1471 963//963
f 1471//1471 1474//1474 963//963
f 588//588 964//964 1484//1484
f 1484//1484 964//964 1490//1490
f 590//590 968//968 589//589
f 967//967 968//968 590//590
f 589//589 969//969 588//588
f 588//588 969//969 965//965
f 588//588 965//965 964//964
f 966//966 965//965 1460//1460
f 965//965 966//966 964//964
f 1463//1463 968//968 967//967
f 589//589 968//968 969//969
f 968//968 1463//1463 969//969
f 969//969 1461//1461 1459//1459
f 967//967 959//959 1463//1463
f 592//592 971//971 1497//1497
f 971//971 973//973 972//972
f 971//971 972//972 1497//1497
f 973//973 594//594 974//974
f 973//973 974//974 975//975
f 972//972 973//973 1481//1481
f 973//973 975//975 1481//1481
f 976//976 974//974 586//586
f 976//976 1486//1486 974//974
f 975//975 974//974 1500//1500
f 974//974 1486//1486 1500//1500
f 976//976 587//587 1484//1484
f 978//978 977//977 988//988
f 989//989 978//978 988//988
f 978//978 989//989 982//982
f 6204//6204 6207//6207 979//979
f 978//978 981//981 980//980
f 981//981 978//978 982//982
f 983//983 981//981 982//982
f 983//983 985//985 981//981
f 985//985 984//984 980//980
f 6204//6204 979//979 983//983
f 985//985 983//983 979//979
f 979//979 995//995 6205//6205
f 6205//6205 995//995 986//986
f 980//980 981//981 985//985
f 984//984 985//985 986//986
f 970//970 978//978 1471//1471
f 1471//1471 978//978 980//980
f 1471//1471 980//980 984//984
f 1471//1471 984//984 1469//1469
f 597//597 1507//1507 993//993
f 1507//1507 597//597 592//592
f 1507//1507 592//592 1508//1508
f 592//592 1497//1497 1508//1508
f 6206//6206 6203//6203 987//987
f 6206//6206 987//987 6207//6207
f 6207//6207 987//987 995//995
f 979//979 6207//6207 995//995
f 995//995 996//996 1495//1495
f 986//986 995//995 1495//1495
f 996//996 997//997 1495//1495
f 611//611 990//990 610//610
f 991//991 990//990 992//992
f 1005//1005 991//991 1008//1008
f 991//991 992//992 1008//1008
f 1520//1520 1008//1008 992//992
f 993//993 994//994 992//992
f 994//994 1505//1505 992//992
f 1520//1520 992//992 1505//1505
f 1505//1505 994//994 1507//1507
f 993//993 1507//1507 994//994
f 995//995 1009//1009 996//996
f 996//996 1009//1009 997//997
f 997//997 1009//1009 1010//1010
f 1495//1495 997//997 1501//1501
f 997//997 1511//1511 1501//1501
f 999//999 1020//1020 998//998
f 1022//1022 1020//1020 999//999
f 1022//1022 619//619 1528//1528
f 619//619 1000//1000 1528//1528
f 1528//1528 1000//1000 1513//1513
f 1513//1513 1000//1000 1002//1002
f 1002//1002 1000//1000 1001//1001
f 990//990 1001//1001 607//607
f 1001//1001 1003//1003 1002//1002
f 1003//1003 1001//1001 990//990
f 1002//1002 1003//1003 1515//1515
f 990//990 1006//1006 1003//1003
f 1003//1003 1006//1006 1518//1518
f 991//991 1004//1004 990//990
f 1004//1004 991//991 1005//1005
f 1004//1004 1006//1006 990//990
f 1004//1004 1005//1005 1006//1006
f 1005//1005 1008//1008 1007//1007
f 1006//1006 1005//1005 1007//1007
f 1008//1008 1519//1519 1007//1007
f 1009//1009 623//623 1023//1023
f 1009//1009 1023//1023 1010//1010
f 1524//1524 1010//1010 1023//1023
f 1012//1012 1011//1011 624//624
f 624//624 1011//1011 1027//1027
f 1014//1014 1027//1027 1011//1011
f 1015//1015 1012//1012 622//622
f 1012//1012 1015//1015 1013//1013
f 1015//1015 1017//1017 1013//1013
f 1012//1012 1013//1013 1011//1011
f 1013//1013 1014//1014 1011//1011
f 1013//1013 1017//1017 1014//1014
f 1017//1017 1028//1028 1014//1014
f 1014//1014 1028//1028 1027//1027
f 1016//1016 1017//1017 1015//1015
f 1028//1028 1017//1017 1018//1018
f 1016//1016 323//323 998//998
f 1019//1019 1017//1017 1016//1016
f 998//998 1019//1019 1016//1016
f 1019//1019 1021//1021 1017//1017
f 1021//1021 1018//1018 1017//1017
f 998//998 1021//1021 1019//1019
f 1018//1018 1021//1021 1525//1525
f 998//998 1020//1020 1021//1021
f 1020//1020 1022//1022 1021//1021
f 1525//1525 1021//1021 1022//1022
f 1022//1022 1925//1925 1525//1525
f 1023//1023 625//625 1037//1037
f 1023//1023 623//623 625//625
f 1023//1023 1024//1024 1524//1524
f 1524//1524 1024//1024 1936//1936
f 1025//1025 1026//1026 1035//1035
f 1026//1026 1025//1025 1027//1027
f 1028//1028 1026//1026 1027//1027
f 1026//1026 1028//1028 1029//1029
f 1028//1028 1018//1018 1029//1029
f 1533//1533 1029//1029 1536//1536
f 1038//1038 1024//1024 1037//1037
f 1037//1037 1024//1024 1023//1023
f 1039//1039 1031//1031 1030//1030
f 1031//1031 1032//1032 1030//1030
f 1030//1030 1032//1032 1048//1048
f 1033//1033 1048//1048 1032//1032
f 1033//1033 1036//1036 1950//1950
f 1034//1034 1036//1036 1032//1032
f 1032//1032 1036//1036 1033//1033
f 1025//1025 1032//1032 624//624
f 1032//1032 1025//1025 1034//1034
f 1025//1025 1035//1035 1034//1034
f 1034//1034 1035//1035 1036//1036
f 1038//1038 1936//1936 1024//1024
f 1039//1039 1559//1559 1558//1558
f 1039//1039 1042//1042 1040//1040
f 1559//1559 1039//1039 1040//1040
f 1039//1039 1030//1030 1041//1041
f 1042//1042 1041//1041 1030//1030
f 1039//1039 1041//1041 1042//1042
f 1040//1040 1042//1042 1542//1542
f 1542//1542 1042//1042 1044//1044
f 1043//1043 1030//1030 1045//1045
f 1043//1043 1045//1045 1046//1046
f 1030//1030 1043//1043 1042//1042
f 1042//1042 1043//1043 1044//1044
f 1044//1044 1043//1043 1046//1046
f 1030//1030 1047//1047 1045//1045
f 1046//1046 1045//1045 1047//1047
f 1047//1047 1543//1543 1046//1046
f 1044//1044 1046//1046 1543//1543
f 1048//1048 1047//1047 1030//1030
f 1033//1033 1047//1047 1048//1048
f 657//657 6213//6213 1052//1052
f 1049//1049 1056//1056 645//645
f 6213//6213 6231//6231 1052//1052
f 6213//6213 6110//6110 6231//6231
f 1062//1062 6209//6209 6215//6215
f 6214//6214 6109//6109 1059//1059
f 6109//6109 6223//6223 1059//1059
f 6210//6210 6242//6242 6232//6232
f 6243//6243 6216//6216 6241//6241
f 1058//1058 657//657 1052//1052
f 1057//1057 6224//6224 6233//6233
f 1057//1057 1055//1055 6224//6224
f 6234//6234 6225//6225 6217//6217
f 6221//6221 6237//6237 6226//6226
f 6218//6218 6227//6227 6238//6238
f 6228//6228 6239//6239 6222//6222
f 6229//6229 6235//6235 6240//6240
f 6223//6223 6230//6230 1059//1059
f 1058//1058 1060//1060 657//657
f 1058//1058 6236//6236 1060//1060
f 6236//6236 6232//6232 1060//1060
f 1059//1059 6230//6230 1065//1065
f 1061//1061 1038//1038 657//657
f 6232//6232 6242//6242 1060//1060
f 6242//6242 1061//1061 1060//1060
f 657//657 1060//1060 1061//1061
f 6243//6243 6241//6241 6247//6247
f 1065//1065 6230//6230 1063//1063
f 6230//6230 6220//6220 1063//1063
f 6220//6220 1068//1068 1063//1063
f 1063//1063 1068//1068 1067//1067
f 1064//1064 1061//1061 6242//6242
f 1038//1038 1061//1061 1548//1548
f 1061//1061 1064//1064 1548//1548
f 6244//6244 6248//6248 6245//6245
f 6246//6246 6249//6249 1066//1066
f 6250//6250 1065//1065 1067//1067
f 1065//1065 1063//1063 1067//1067
f 6309//6309 6250//6250 1067//1067
f 1064//1064 6251//6251 1548//1548
f 6220//6220 1069//1069 1068//1068
f 1069//1069 658//658 1039//1039
f 1069//1069 1039//1039 1068//1068
f 1039//1039 1558//1558 1068//1068
f 1082//1082 1562//1562 1080//1080
f 1070//1070 1071//1071 1562//1562
f 1070//1070 1562//1562 1082//1082
f 1076//1076 1071//1071 1070//1070
f 1565//1565 1071//1071 1078//1078
f 1072//1072 6324//6324 1567//1567
f 1080//1080 6324//6324 1072//1072
f 1072//1072 1567//1567 1073//1073
f 1571//1571 1081//1081 1073//1073
f 1082//1082 1074//1074 1075//1075
f 1076//1076 1082//1082 1075//1075
f 1076//1076 1075//1075 1083//1083
f 6252//6252 1082//1082 1076//1076
f 1077//1077 1076//1076 1083//1083
f 1084//1084 1078//1078 1077//1077
f 1078//1078 1071//1071 1077//1077
f 1071//1071 1076//1076 1077//1077
f 1074//1074 1080//1080 660//660
f 1073//1073 664//664 1079//1079
f 1072//1072 659//659 1080//1080
f 1080//1080 1074//1074 1082//1082
f 664//664 1073//1073 1081//1081
f 1072//1072 1073//1073 1079//1079
f 1571//1571 1572//1572 1081//1081
f 1577//1577 1084//1084 665//665
f 1074//1074 660//660 1083//1083
f 1075//1075 1074//1074 1083//1083
f 667//667 1077//1077 1083//1083
f 667//667 1084//1084 1077//1077
f 664//664 659//659 1079//1079
f 659//659 1072//1072 1079//1079
f 659//659 660//660 1080//1080
f 661//661 660//660 659//659
f 1081//1081 1085//1085 664//664
f 1085//1085 1081//1081 1086//1086
f 1086//1086 1576//1576 1089//1089
f 1576//1576 1086//1086 1081//1081
f 6137//6137 1087//1087 6327//6327
f 1088//1088 1085//1085 1086//1086
f 1089//1089 1088//1088 1086//1086
f 1576//1576 1090//1090 1089//1089
f 666//666 1581//1581 1087//1087
f 1579//1579 1581//1581 1091//1091
f 669//669 1089//1089 1090//1090
f 1090//1090 1585//1585 1593//1593
f 1581//1581 666//666 1092//1092
f 1092//1092 1091//1091 1581//1581
f 1090//1090 1593//1593 1598//1598
f 1097//1097 1091//1091 1092//1092
f 1091//1091 1097//1097 1093//1093
f 1093//1093 1097//1097 1098//1098
f 1093//1093 1098//1098 1094//1094
f 1091//1091 1093//1093 1599//1599
f 1599//1599 1093//1093 1094//1094
f 1097//1097 1095//1095 1096//1096
f 1097//1097 1096//1096 1098//1098
f 1096//1096 1094//1094 1098//1098
f 1094//1094 1096//1096 1099//1099
f 6331//6331 1094//1094 1099//1099
f 1610//1610 1099//1099 1103//1103
f 1610//1610 6331//6331 1099//1099
f 1602//1602 1102//1102 1598//1598
f 1602//1602 1100//1100 1102//1102
f 1603//1603 6253//6253 1602//1602
f 1603//1603 1604//1604 6253//6253
f 680//680 1096//1096 1095//1095
f 1101//1101 1099//1099 1096//1096
f 1101//1101 6254//6254 1099//1099
f 703//703 6254//6254 1101//1101
f 1103//1103 1105//1105 1610//1610
f 1102//1102 1100//1100 695//695
f 1104//1104 6253//6253 1604//1604
f 1108//1108 1104//1104 1604//1604
f 703//703 1101//1101 681//681
f 1109//1109 6254//6254 703//703
f 1103//1103 1109//1109 1105//1105
f 1610//1610 1105//1105 1612//1612
f 6141//6141 6253//6253 1104//1104
f 1107//1107 1106//1106 1104//1104
f 701//701 1109//1109 703//703
f 694//694 1104//1104 1106//1106
f 1108//1108 1613//1613 1105//1105
f 1109//1109 701//701 1110//1110
f 1109//1109 1118//1118 1105//1105
f 1111//1111 1108//1108 1105//1105
f 1107//1107 1113//1113 1106//1106
f 701//701 1115//1115 1110//1110
f 1116//1116 1109//1109 1110//1110
f 1118//1118 1109//1109 1116//1116
f 1119//1119 1105//1105 1118//1118
f 1105//1105 1119//1119 1111//1111
f 1112//1112 722//722 1113//1113
f 1113//1113 1108//1108 1112//1112
f 1111//1111 1112//1112 1108//1108
f 1108//1108 1113//1113 1107//1107
f 1127//1127 1114//1114 721//721
f 721//721 1114//1114 710//710
f 1114//1114 1130//1130 1116//1116
f 1115//1115 1116//1116 1110//1110
f 1115//1115 1114//1114 1116//1116
f 710//710 1114//1114 1115//1115
f 1118//1118 1116//1116 1117//1117
f 1119//1119 1112//1112 1111//1111
f 1118//1118 1117//1117 1119//1119
f 1112//1112 1120//1120 722//722
f 1648//1648 1122//1122 727//727
f 728//728 727//727 1122//1122
f 1124//1124 1122//1122 1125//1125
f 1126//1126 716//716 1123//1123
f 1122//1122 1123//1123 1125//1125
f 1125//1125 1123//1123 716//716
f 1650//1650 1126//1126 1123//1123
f 1126//1126 1650//1650 1128//1128
f 717//717 716//716 1127//1127
f 1126//1126 1128//1128 716//716
f 1128//1128 1127//1127 716//716
f 1652//1652 1128//1128 1651//1651
f 1127//1127 1128//1128 1114//1114
f 1129//1129 1114//1114 1128//1128
f 1652//1652 1130//1130 1128//1128
f 1114//1114 1129//1129 1130//1130
f 1129//1129 1128//1128 1130//1130
f 1117//1117 1130//1130 1131//1131
f 1652//1652 1131//1131 1130//1130
f 1131//1131 1652//1652 1145//1145
f 1116//1116 1130//1130 1117//1117
f 1117//1117 1131//1131 1119//1119
f 1119//1119 1131//1131 1145//1145
f 1119//1119 1145//1145 1112//1112
f 1147//1147 1112//1112 1145//1145
f 1147//1147 1146//1146 1112//1112
f 1146//1146 1120//1120 1112//1112
f 1617//1617 1133//1133 1156//1156
f 1620//1620 1621//1621 1133//1133
f 1617//1617 1620//1620 1133//1133
f 1133//1133 1621//1621 1132//1132
f 1133//1133 1165//1165 1156//1156
f 1133//1133 1132//1132 1135//1135
f 1136//1136 6257//6257 6256//6256
f 1624//1624 1138//1138 1136//1136
f 1624//1624 1136//1136 6256//6256
f 1133//1133 1135//1135 1134//1134
f 1133//1133 1134//1134 1165//1165
f 1137//1137 1134//1134 1135//1135
f 1136//1136 6258//6258 6257//6257
f 1136//1136 1138//1138 1137//1137
f 1137//1137 1138//1138 1134//1134
f 1134//1134 1138//1138 1170//1170
f 1138//1138 1172//1172 1170//1170
f 1139//1139 1140//1140 1172//1172
f 1139//1139 1172//1172 1633//1633
f 1141//1141 1140//1140 1633//1633
f 1139//1139 1633//1633 1140//1140
f 1140//1140 756//756 1172//1172
f 1639//1639 1142//1142 1141//1141
f 1141//1141 1144//1144 1140//1140
f 1144//1144 1141//1141 1142//1142
f 1121//1121 1144//1144 1143//1143
f 1645//1645 1648//1648 6255//6255
f 740//740 1144//1144 1121//1121
f 6255//6255 1648//1648 727//727
f 1146//1146 1174//1174 777//777
f 1146//1146 777//777 736//736
f 1148//1148 1615//1615 1664//1664
f 780//780 1148//1148 1152//1152
f 1150//1150 1148//1148 1151//1151
f 1149//1149 1151//1151 1148//1148
f 1148//1148 1664//1664 1149//1149
f 1664//1664 1665//1665 1149//1149
f 1665//1665 1151//1151 1149//1149
f 1150//1150 1152//1152 1148//1148
f 1151//1151 1152//1152 1150//1150
f 1152//1152 1151//1151 1154//1154
f 1151//1151 6333//6333 1154//1154
f 1153//1153 1159//1159 1158//1158
f 1152//1152 1153//1153 1158//1158
f 6260//6260 1155//1155 6259//6259
f 6259//6259 1155//1155 6263//6263
f 1154//1154 1153//1153 1152//1152
f 6333//6333 6262//6262 1154//1154
f 1154//1154 6262//6262 6261//6261
f 1152//1152 1158//1158 1162//1162
f 1162//1162 746//746 1152//1152
f 746//746 780//780 1152//1152
f 1158//1158 1157//1157 1160//1160
f 1160//1160 1162//1162 1158//1158
f 1157//1157 1161//1161 6264//6264
f 1157//1157 1158//1158 1159//1159
f 1159//1159 1161//1161 1157//1157
f 6261//6261 6262//6262 1159//1159
f 1159//1159 6262//6262 1161//1161
f 781//781 780//780 746//746
f 1162//1162 1160//1160 1163//1163
f 6264//6264 1161//1161 1163//1163
f 1165//1165 1161//1161 6262//6262
f 1162//1162 1164//1164 746//746
f 1162//1162 1163//1163 1164//1164
f 1163//1163 1165//1165 1164//1164
f 1163//1163 1161//1161 1165//1165
f 1164//1164 1165//1165 747//747
f 747//747 1165//1165 1134//1134
f 783//783 747//747 1134//1134
f 1171//1171 748//748 783//783
f 1134//1134 1168//1168 1166//1166
f 1168//1168 1169//1169 1167//1167
f 1166//1166 1168//1168 1167//1167
f 1167//1167 1169//1169 1172//1172
f 1167//1167 1172//1172 6265//6265
f 1166//1166 783//783 1134//1134
f 1167//1167 783//783 1166//1166
f 1171//1171 783//783 1167//1167
f 1168//1168 1134//1134 1170//1170
f 1170//1170 1169//1169 1168//1168
f 1169//1169 1170//1170 1172//1172
f 756//756 6265//6265 1172//1172
f 1171//1171 756//756 751//751
f 778//778 1239//1239 776//776
f 1173//1173 1237//1237 778//778
f 1173//1173 1685//1685 1237//1237
f 1173//1173 1174//1174 1146//1146
f 1173//1173 778//778 1174//1174
f 1146//1146 1147//1147 1173//1173
f 1174//1174 778//778 777//777
f 1670//1670 1672//1672 1261//1261
f 1672//1672 1175//1175 1265//1265
f 1678//1678 1176//1176 1266//1266
f 1175//1175 1678//1678 1266//1266
f 1176//1176 1177//1177 1267//1267
f 1679//1679 1177//1177 1176//1176
f 1177//1177 1272//1272 1267//1267
f 1272//1272 1177//1177 1271//1271
f 1271//1271 1178//1178 1179//1179
f 1179//1179 1181//1181 1180//1180
f 1180//1180 1181//1181 1185//1185
f 1182//1182 1184//1184 1181//1181
f 1182//1182 1183//1183 1184//1184
f 1184//1184 1185//1185 1181//1181
f 1184//1184 1187//1187 1185//1185
f 6268//6268 1184//1184 1183//1183
f 1187//1187 6266//6266 1186//1186
f 1186//1186 1188//1188 1187//1187
f 1188//1188 1190//1190 1187//1187
f 1186//1186 6266//6266 1189//1189
f 1190//1190 1188//1188 1189//1189
f 1191//1191 1190//1190 1189//1189
f 1201//1201 1189//1189 6267//6267
f 1191//1191 1189//1189 1201//1201
f 1188//1188 1186//1186 1189//1189
f 1190//1190 1202//1202 1187//1187
f 1202//1202 1190//1190 1192//1192
f 1199//1199 1198//1198 1192//1192
f 1192//1192 1198//1198 1202//1202
f 1191//1191 1199//1199 1190//1190
f 1192//1192 1190//1190 1199//1199
f 1200//1200 1193//1193 1194//1194
f 1200//1200 1194//1194 1196//1196
f 1193//1193 1198//1198 1194//1194
f 1193//1193 1202//1202 1198//1198
f 6269//6269 1660//1660 1202//1202
f 1191//1191 1201//1201 1195//1195
f 1194//1194 1197//1197 1196//1196
f 1194//1194 1198//1198 1197//1197
f 1196//1196 1199//1199 1195//1195
f 1196//1196 1197//1197 1199//1199
f 1199//1199 1197//1197 1198//1198
f 1199//1199 1191//1191 1195//1195
f 1200//1200 1682//1682 1193//1193
f 1201//1201 1681//1681 1200//1200
f 1195//1195 1201//1201 1200//1200
f 1196//1196 1195//1195 1200//1200
f 1202//1202 1280//1280 1187//1187
f 1660//1660 6269//6269 1682//1682
f 1202//1202 1660//1660 1207//1207
f 1203//1203 1202//1202 1204//1204
f 1202//1202 1203//1203 1280//1280
f 1203//1203 1206//1206 1280//1280
f 1280//1280 1206//1206 1282//1282
f 1204//1204 1202//1202 1207//1207
f 1203//1203 1205//1205 1206//1206
f 1203//1203 1204//1204 1205//1205
f 1206//1206 1205//1205 1282//1282
f 1204//1204 1282//1282 1205//1205
f 1207//1207 1148//1148 780//780
f 780//780 6271//6271 1207//1207
f 1211//1211 1208//1208 1207//1207
f 1211//1211 6270//6270 1210//1210
f 1208//1208 1204//1204 1207//1207
f 1204//1204 1208//1208 1209//1209
f 1209//1209 1212//1212 1204//1204
f 1212//1212 826//826 1204//1204
f 1208//1208 1211//1211 1209//1209
f 1211//1211 1213//1213 1209//1209
f 1211//1211 1210//1210 1213//1213
f 1209//1209 1213//1213 1212//1212
f 1212//1212 1213//1213 6159//6159
f 1213//1213 828//828 6159//6159
f 779//779 828//828 1213//1213
f 1283//1283 828//828 779//779
f 1214//1214 802//802 1215//1215
f 1302//1302 802//802 1214//1214
f 802//802 767//767 1216//1216
f 1216//1216 1215//1215 802//802
f 1304//1304 1215//1215 1216//1216
f 6152//6152 1221//1221 1218//1218
f 1217//1217 1219//1219 6272//6272
f 6152//6152 1217//1217 6272//6272
f 1218//1218 1217//1217 6152//6152
f 1217//1217 1220//1220 1219//1219
f 1217//1217 1218//1218 1220//1220
f 1218//1218 1221//1221 1220//1220
f 1223//1223 1219//1219 1220//1220
f 1221//1221 1223//1223 1220//1220
f 1222//1222 1223//1223 1221//1221
f 6272//6272 1219//1219 1223//1223
f 1223//1223 1308//1308 6272//6272
f 1223//1223 1222//1222 1308//1308
f 1222//1222 1224//1224 1308//1308
f 1227//1227 1224//1224 1222//1222
f 1227//1227 1225//1225 6274//6274
f 1226//1226 6274//6274 1225//1225
f 1227//1227 1222//1222 1221//1221
f 1227//1227 773//773 1228//1228
f 1228//1228 1225//1225 1227//1227
f 1225//1225 1228//1228 1229//1229
f 1225//1225 1229//1229 1230//1230
f 1230//1230 1229//1229 1231//1231
f 1686//1686 6275//6275 1685//1685
f 1685//1685 6275//6275 1231//1231
f 1226//1226 1225//1225 1686//1686
f 1230//1230 1686//1686 1225//1225
f 773//773 808//808 1232//1232
f 6276//6276 808//808 1234//1234
f 1234//1234 808//808 1239//1239
f 773//773 1232//1232 1228//1228
f 1228//1228 6276//6276 1233//1233
f 1233//1233 6276//6276 1234//1234
f 1235//1235 1233//1233 6277//6277
f 1237//1237 6278//6278 1239//1239
f 1237//1237 6279//6279 6278//6278
f 1228//1228 1233//1233 1236//1236
f 1233//1233 1235//1235 1236//1236
f 1229//1229 1228//1228 1236//1236
f 1229//1229 1236//1236 1238//1238
f 6279//6279 1238//1238 1236//1236
f 6279//6279 1237//1237 1238//1238
f 1229//1229 1238//1238 1231//1231
f 1231//1231 1238//1238 1237//1237
f 1237//1237 1685//1685 1231//1231
f 808//808 776//776 1239//1239
f 1237//1237 1239//1239 778//778
f 1240//1240 1687//1687 1241//1241
f 1687//1687 1243//1243 1242//1242
f 1688//1688 1243//1243 1687//1687
f 1687//1687 1242//1242 1241//1241
f 1243//1243 1244//1244 1242//1242
f 1242//1242 1244//1244 1245//1245
f 1243//1243 1688//1688 1244//1244
f 1241//1241 1242//1242 1248//1248
f 1245//1245 1246//1246 1248//1248
f 1245//1245 1247//1247 1246//1246
f 1242//1242 1245//1245 1248//1248
f 1245//1245 1244//1244 1247//1247
f 1247//1247 1688//1688 1249//1249
f 1688//1688 1689//1689 1249//1249
f 1247//1247 1244//1244 1688//1688
f 1248//1248 1246//1246 1250//1250
f 1246//1246 1247//1247 1250//1250
f 1251//1251 1247//1247 1249//1249
f 1247//1247 1251//1251 1250//1250
f 1248//1248 1250//1250 809//809
f 1254//1254 1249//1249 1252//1252
f 1690//1690 1252//1252 1249//1249
f 1251//1251 1253//1253 811//811
f 1251//1251 811//811 1250//1250
f 1249//1249 1253//1253 1251//1251
f 1254//1254 1253//1253 1249//1249
f 812//812 1255//1255 813//813
f 811//811 1253//1253 812//812
f 1254//1254 1255//1255 812//812
f 812//812 1253//1253 1254//1254
f 1256//1256 1255//1255 1254//1254
f 1259//1259 1256//1256 1254//1254
f 1255//1255 1257//1257 815//815
f 1258//1258 1259//1259 1260//1260
f 1257//1257 1255//1255 1258//1258
f 1260//1260 1257//1257 1258//1258
f 1258//1258 1255//1255 1256//1256
f 1258//1258 1256//1256 1259//1259
f 1252//1252 1261//1261 1254//1254
f 1252//1252 1670//1670 1261//1261
f 815//815 1257//1257 1260//1260
f 1259//1259 1263//1263 1260//1260
f 1261//1261 1264//1264 1263//1263
f 1259//1259 1261//1261 1263//1263
f 1259//1259 1254//1254 1261//1261
f 1263//1263 1262//1262 1260//1260
f 1263//1263 1264//1264 1266//1266
f 819//819 1262//1262 1266//1266
f 1262//1262 1263//1263 1266//1266
f 1264//1264 1265//1265 1266//1266
f 1261//1261 1265//1265 1264//1264
f 1261//1261 1672//1672 1265//1265
f 1265//1265 1175//1175 1266//1266
f 1266//1266 822//822 821//821
f 824//824 1267//1267 825//825
f 824//824 1270//1270 1268//1268
f 824//824 1268//1268 887//887
f 1268//1268 1313//1313 887//887
f 1270//1270 1312//1312 1268//1268
f 825//825 1271//1271 1269//1269
f 1267//1267 1272//1272 825//825
f 1269//1269 1271//1271 1270//1270
f 825//825 1272//1272 1271//1271
f 1271//1271 1315//1315 1270//1270
f 1270//1270 1315//1315 1317//1317
f 1315//1315 1273//1273 1320//1320
f 1271//1271 1273//1273 1315//1315
f 1271//1271 1179//1179 1273//1273
f 1179//1179 1180//1180 1273//1273
f 1180//1180 1322//1322 1273//1273
f 1180//1180 1274//1274 1322//1322
f 1275//1275 1180//1180 1185//1185
f 1180//1180 1275//1275 1274//1274
f 1276//1276 1323//1323 1274//1274
f 1274//1274 1323//1323 1322//1322
f 1185//1185 1187//1187 1275//1275
f 1275//1275 1325//1325 1274//1274
f 1274//1274 1325//1325 1276//1276
f 1275//1275 1187//1187 1279//1279
f 1279//1279 1326//1326 1275//1275
f 1279//1279 1327//1327 1326//1326
f 1280//1280 1277//1277 1187//1187
f 1187//1187 1277//1277 1279//1279
f 1277//1277 1278//1278 1279//1279
f 1278//1278 1277//1277 1280//1280
f 1280//1280 1279//1279 1278//1278
f 1280//1280 1282//1282 1279//1279
f 1282//1282 1281//1281 1279//1279
f 1281//1281 1330//1330 1279//1279
f 1281//1281 1282//1282 1334//1334
f 1204//1204 1334//1334 1282//1282
f 1334//1334 1204//1204 826//826
f 826//826 1335//1335 1334//1334
f 1283//1283 1335//1335 826//826
f 1283//1283 1285//1285 1335//1335
f 1284//1284 1285//1285 1283//1283
f 1284//1284 1287//1287 1285//1285
f 1285//1285 1287//1287 1286//1286
f 1340//1340 1285//1285 1286//1286
f 1286//1286 1287//1287 1340//1340
f 1287//1287 1288//1288 1341//1341
f 830//830 1341//1341 1288//1288
f 830//830 1289//1289 1341//1341
f 1291//1291 830//830 831//831
f 830//830 1292//1292 1289//1289
f 830//830 1291//1291 1292//1292
f 1292//1292 1290//1290 1289//1289
f 889//889 1289//1289 1290//1290
f 6280//6280 833//833 1292//1292
f 888//888 833//833 6280//6280
f 6283//6283 1294//1294 838//838
f 6284//6284 6283//6283 838//838
f 6288//6288 6284//6284 838//838
f 851//851 1296//1296 6289//6289
f 6193//6193 6296//6296 6292//6292
f 871//871 875//875 1301//1301
f 1300//1300 1301//1301 875//875
f 1300//1300 1693//1693 1301//1301
f 1301//1301 1693//1693 1364//1364
f 1300//1300 1305//1305 1693//1693
f 875//875 1302//1302 1300//1300
f 875//875 802//802 1302//1302
f 1302//1302 1214//1214 1300//1300
f 1214//1214 1303//1303 1300//1300
f 1214//1214 1304//1304 1303//1303
f 1215//1215 1304//1304 1214//1214
f 1303//1303 1305//1305 1300//1300
f 1305//1305 1303//1303 1304//1304
f 1693//1693 1305//1305 1307//1307
f 6297//6297 1308//1308 1693//1693
f 1692//1692 1693//1693 1308//1308
f 1305//1305 1304//1304 6273//6273
f 1305//1305 6273//6273 1307//1307
f 6297//6297 6272//6272 1306//1306
f 6272//6272 1308//1308 1306//1306
f 6297//6297 1306//1306 1308//1308
f 1308//1308 1224//1224 1309//1309
f 1226//1226 6298//6298 6274//6274
f 1696//1696 896//896 1366//1366
f 896//896 1696//1696 1310//1310
f 1310//1310 876//876 896//896
f 1698//1698 1701//1701 1310//1310
f 1701//1701 1311//1311 1310//1310
f 2107//2107 1240//1240 1311//1311
f 1268//1268 1312//1312 1313//1313
f 1313//1313 1314//1314 1318//1318
f 1313//1313 1318//1318 1369//1369
f 1313//1313 1369//1369 1367//1367
f 1270//1270 1317//1317 1312//1312
f 1312//1312 6299//6299 1313//1313
f 1313//1313 6299//6299 1314//1314
f 1316//1316 1371//1371 1318//1318
f 1314//1314 6299//6299 1316//1316
f 1316//1316 1318//1318 1314//1314
f 1372//1372 1316//1316 6299//6299
f 1318//1318 1371//1371 1374//1374
f 1315//1315 1319//1319 1317//1317
f 1317//1317 1319//1319 1372//1372
f 1371//1371 1316//1316 1372//1372
f 1315//1315 1320//1320 1319//1319
f 1320//1320 1378//1378 1379//1379
f 1321//1321 1378//1378 1320//1320
f 1273//1273 1321//1321 1320//1320
f 1322//1322 1321//1321 1273//1273
f 1749//1749 1322//1322 1383//1383
f 1322//1322 1323//1323 1384//1384
f 1322//1322 1384//1384 1383//1383
f 1324//1324 1323//1323 1276//1276
f 1323//1323 1324//1324 1384//1384
f 1324//1324 1276//1276 1325//1325
f 1324//1324 1325//1325 1384//1384
f 1275//1275 1326//1326 1325//1325
f 1703//1703 1325//1325 1326//1326
f 1325//1325 1703//1703 1754//1754
f 1326//1326 1327//1327 1328//1328
f 1326//1326 1328//1328 1763//1763
f 1327//1327 1279//1279 1330//1330
f 1327//1327 1330//1330 1328//1328
f 1763//1763 1703//1703 1326//1326
f 1330//1330 1329//1329 1328//1328
f 1328//1328 1329//1329 1766//1766
f 1281//1281 1334//1334 1331//1331
f 1331//1331 1330//1330 1281//1281
f 1334//1334 1332//1332 1331//1331
f 1331//1331 1333//1333 1705//1705
f 1332//1332 1334//1334 1712//1712
f 1333//1333 1331//1331 1704//1704
f 1704//1704 1331//1331 1332//1332
f 1333//1333 1704//1704 1705//1705
f 1332//1332 1712//1712 1704//1704
f 1712//1712 1334//1334 1335//1335
f 1713//1713 1712//1712 1335//1335
f 1713//1713 1335//1335 1336//1336
f 1336//1336 1335//1335 1285//1285
f 1340//1340 1336//1336 1285//1285
f 1713//1713 1336//1336 1337//1337
f 1337//1337 1336//1336 1338//1338
f 1713//1713 1337//1337 1339//1339
f 1339//1339 1337//1337 1338//1338
f 1336//1336 1340//1340 1338//1338
f 1287//1287 1341//1341 1340//1340
f 1340//1340 1341//1341 1724//1724
f 1340//1340 1724//1724 1721//1721
f 1289//1289 889//889 1341//1341
f 1342//1342 1724//1724 1341//1341
f 1343//1343 1724//1724 1342//1342
f 1721//1721 1724//1724 1725//1725
f 1346//1346 1343//1343 1342//1342
f 1346//1346 1341//1341 889//889
f 1342//1342 1341//1341 1346//1346
f 1344//1344 1343//1343 1346//1346
f 1345//1345 1343//1343 1348//1348
f 1343//1343 1344//1344 1348//1348
f 1343//1343 1345//1345 1724//1724
f 891//891 1347//1347 1346//1346
f 1347//1347 1344//1344 1346//1346
f 1348//1348 1344//1344 6301//6301
f 1348//1348 6301//6301 1349//1349
f 1349//1349 6301//6301 1352//1352
f 1350//1350 1345//1345 1348//1348
f 1349//1349 6302//6302 1348//1348
f 1349//1349 1352//1352 6302//6302
f 1345//1345 1350//1350 1737//1737
f 6341//6341 6302//6302 1352//1352
f 1351//1351 1347//1347 891//891
f 6301//6301 1351//1351 1352//1352
f 891//891 1353//1353 1351//1351
f 1353//1353 1354//1354 1351//1351
f 1351//1351 1354//1354 1352//1352
f 1353//1353 891//891 1356//1356
f 1353//1353 1356//1356 1354//1354
f 1352//1352 1354//1354 1355//1355
f 1352//1352 1355//1355 6341//6341
f 1360//1360 6341//6341 1355//1355
f 6342//6342 6303//6303 6304//6304
f 1355//1355 1354//1354 1360//1360
f 1358//1358 1360//1360 1354//1354
f 1356//1356 1361//1361 1362//1362
f 1362//1362 1363//1363 1356//1356
f 1357//1357 1356//1356 1363//1363
f 1354//1354 1356//1356 1357//1357
f 1354//1354 1357//1357 1358//1358
f 1360//1360 1358//1358 1359//1359
f 1358//1358 1357//1357 1359//1359
f 1359//1359 1357//1357 1364//1364
f 1357//1357 1363//1363 1364//1364
f 1360//1360 1359//1359 1364//1364
f 1362//1362 871//871 1363//1363
f 1363//1363 871//871 1301//1301
f 1363//1363 1301//1301 1364//1364
f 1365//1365 1366//1366 895//895
f 1369//1369 1368//1368 1367//1367
f 1367//1367 1368//1368 1392//1392
f 1368//1368 1370//1370 1392//1392
f 1392//1392 1403//1403 1367//1367
f 1374//1374 1369//1369 1318//1318
f 1369//1369 1370//1370 1368//1368
f 1369//1369 1374//1374 1370//1370
f 1371//1371 1373//1373 1374//1374
f 1374//1374 1393//1393 1370//1370
f 1370//1370 1393//1393 1392//1392
f 1372//1372 1373//1373 1371//1371
f 1379//1379 1372//1372 1319//1319
f 1320//1320 1379//1379 1319//1319
f 1373//1373 1375//1375 1374//1374
f 1375//1375 1376//1376 1374//1374
f 1374//1374 1376//1376 1393//1393
f 1372//1372 1377//1377 1373//1373
f 1372//1372 1379//1379 1377//1377
f 1373//1373 1377//1377 1375//1375
f 1377//1377 1376//1376 1375//1375
f 1380//1380 1379//1379 1378//1378
f 1379//1379 1380//1380 1784//1784
f 1748//1748 1321//1321 1382//1382
f 1748//1748 1378//1378 1321//1321
f 1381//1381 1382//1382 1321//1321
f 1322//1322 1381//1381 1321//1321
f 908//908 6305//6305 1387//1387
f 1386//1386 1794//1794 1385//1385
f 1794//1794 1387//1387 6305//6305
f 1796//1796 541//541 1387//1387
f 1365//1365 1796//1796 1795//1795
f 1365//1365 1795//1795 1781//1781
f 1365//1365 895//895 1796//1796
f 1389//1389 1388//1388 917//917
f 1388//1388 916//916 917//917
f 1388//1388 1400//1400 916//916
f 1391//1391 918//918 902//902
f 1388//1388 1389//1389 1400//1400
f 1367//1367 1403//1403 1390//1390
f 902//902 1367//1367 1391//1391
f 1367//1367 1390//1390 1391//1391
f 1390//1390 1403//1403 1391//1391
f 1403//1403 1402//1402 1391//1391
f 1376//1376 1394//1394 1393//1393
f 1392//1392 1393//1393 1394//1394
f 1403//1403 1392//1392 1797//1797
f 1797//1797 1392//1392 1394//1394
f 1376//1376 1783//1783 1394//1394
f 1783//1783 1782//1782 1394//1394
f 1377//1377 1379//1379 1783//1783
f 1377//1377 1783//1783 1376//1376
f 1395//1395 1818//1818 1816//1816
f 1816//1816 1396//1396 1395//1395
f 1395//1395 1396//1396 919//919
f 1397//1397 919//919 1396//1396
f 1397//1397 1396//1396 922//922
f 1396//1396 1822//1822 6200//6200
f 1398//1398 916//916 1421//1421
f 916//916 1400//1400 1421//1421
f 1398//1398 1421//1421 1399//1399
f 1421//1421 1422//1422 1399//1399
f 1399//1399 1420//1420 1419//1419
f 1425//1425 1422//1422 1400//1400
f 1421//1421 1400//1400 1422//1422
f 1400//1400 1389//1389 1401//1401
f 1389//1389 1391//1391 1401//1401
f 1401//1401 1426//1426 1400//1400
f 1400//1400 1426//1426 1425//1425
f 1391//1391 1389//1389 918//918
f 1402//1402 1401//1401 1391//1391
f 1402//1402 1426//1426 1401//1401
f 1402//1402 1826//1826 1426//1426
f 1403//1403 1797//1797 1402//1402
f 2182//2182 1811//1811 1405//1405
f 1405//1405 1811//1811 931//931
f 1811//1811 1812//1812 931//931
f 1406//1406 1407//1407 931//931
f 1408//1408 1407//1407 1818//1818
f 1818//1818 1407//1407 1406//1406
f 1408//1408 932//932 1407//1407
f 919//919 1408//1408 1395//1395
f 1408//1408 919//919 932//932
f 1408//1408 1818//1818 1395//1395
f 1411//1411 947//947 936//936
f 938//938 1411//1411 1409//1409
f 1410//1410 1411//1411 938//938
f 1415//1415 1411//1411 1410//1410
f 1411//1411 1412//1412 947//947
f 1413//1413 1415//1415 1410//1410
f 1415//1415 1412//1412 1411//1411
f 1416//1416 1413//1413 939//939
f 1410//1410 938//938 1413//1413
f 1414//1414 1415//1415 1413//1413
f 1416//1416 1417//1417 1418//1418
f 1418//1418 1417//1417 1419//1419
f 1416//1416 1418//1418 1413//1413
f 1414//1414 1413//1413 1418//1418
f 1418//1418 1415//1415 1414//1414
f 1418//1418 1419//1419 1836//1836
f 1419//1419 1423//1423 1836//1836
f 1420//1420 1423//1423 1419//1419
f 1424//1424 1420//1420 1399//1399
f 1422//1422 1424//1424 1399//1399
f 1424//1424 1423//1423 1420//1420
f 1423//1423 1424//1424 1839//1839
f 1839//1839 1424//1424 1840//1840
f 1425//1425 1823//1823 1422//1422
f 1824//1824 1424//1424 1422//1422
f 1422//1422 1823//1823 1824//1824
f 1442//1442 1405//1405 1404//1404
f 1428//1428 1427//1427 934//934
f 1428//1428 945//945 1435//1435
f 1429//1429 1428//1428 1435//1435
f 1428//1428 1429//1429 1852//1852
f 1428//1428 1852//1852 1851//1851
f 1430//1430 945//945 946//946
f 1432//1432 946//946 1431//1431
f 1431//1431 946//946 947//947
f 1432//1432 1431//1431 1433//1433
f 1432//1432 1430//1430 946//946
f 1433//1433 1430//1430 1432//1432
f 1430//1430 1435//1435 945//945
f 1433//1433 1431//1431 1434//1434
f 1433//1433 1435//1435 1430//1430
f 1435//1435 1433//1433 1853//1853
f 1435//1435 1853//1853 1429//1429
f 1436//1436 1437//1437 947//947
f 1437//1437 1431//1431 947//947
f 1431//1431 1437//1437 1434//1434
f 1434//1434 1437//1437 1834//1834
f 1433//1433 1434//1434 1834//1834
f 1433//1433 1834//1834 1853//1853
f 1412//1412 1436//1436 947//947
f 1415//1415 1436//1436 1412//1412
f 1438//1438 1436//1436 1415//1415
f 1437//1437 1436//1436 1438//1438
f 1437//1437 1438//1438 1859//1859
f 1437//1437 1859//1859 1834//1834
f 1415//1415 1418//1418 1438//1438
f 1864//1864 1439//1439 957//957
f 1441//1441 1439//1439 1864//1864
f 1441//1441 1440//1440 1439//1439
f 1441//1441 1843//1843 1442//1442
f 1864//1864 1843//1843 1441//1441
f 1440//1440 1441//1441 942//942
f 952//952 1443//1443 953//953
f 954//954 1443//1443 952//952
f 944//944 1444//1444 954//954
f 1847//1847 1444//1444 1447//1447
f 1847//1847 954//954 1444//1444
f 1444//1444 1446//1446 1447//1447
f 1847//1847 1445//1445 954//954
f 1845//1845 1445//1445 1847//1847
f 1845//1845 1871//1871 1445//1445
f 1446//1446 1849//1849 1448//1448
f 1447//1447 1446//1446 1448//1448
f 1847//1847 1447//1447 1846//1846
f 1447//1447 1448//1448 1846//1846
f 1448//1448 1849//1849 1846//1846
f 1850//1850 1446//1446 1427//1427
f 1428//1428 1850//1850 1427//1427
f 1446//1446 1850//1850 1849//1849
f 1851//1851 1850//1850 1428//1428
f 1458//1458 957//957 1456//1456
f 1864//1864 957//957 1458//1458
f 1449//1449 962//962 1450//1450
f 962//962 1452//1452 1450//1450
f 961//961 1453//1453 962//962
f 962//962 1453//1453 1451//1451
f 1451//1451 1452//1452 962//962
f 1450//1450 1452//1452 1865//1865
f 1451//1451 1865//1865 1452//1452
f 1454//1454 1453//1453 961//961
f 1454//1454 1451//1451 1453//1453
f 953//953 1443//1443 1454//1454
f 1454//1454 1443//1443 954//954
f 1454//1454 1870//1870 1866//1866
f 954//954 1870//1870 1454//1454
f 954//954 1445//1445 1870//1870
f 963//963 1474//1474 1457//1457
f 1474//1474 1458//1458 1457//1457
f 1458//1458 1475//1475 1455//1455
f 1455//1455 1475//1475 1479//1479
f 1458//1458 1455//1455 1877//1877
f 1479//1479 1896//1896 1455//1455
f 1877//1877 1455//1455 1896//1896
f 963//963 1457//1457 1456//1456
f 963//963 1456//1456 957//957
f 1457//1457 1458//1458 1456//1456
f 1458//1458 1877//1877 1878//1878
f 1458//1458 1878//1878 1864//1864
f 966//966 1489//1489 964//964
f 1489//1489 966//966 1460//1460
f 1460//1460 965//965 969//969
f 1459//1459 1460//1460 969//969
f 1460//1460 1459//1459 1462//1462
f 1459//1459 1461//1461 1462//1462
f 1462//1462 1491//1491 1460//1460
f 1462//1462 1461//1461 1464//1464
f 1461//1461 969//969 1464//1464
f 969//969 1463//1463 1464//1464
f 1462//1462 1464//1464 1492//1492
f 1463//1463 959//959 1466//1466
f 959//959 1465//1465 1466//1466
f 1464//1464 1463//1463 1888//1888
f 1463//1463 1466//1466 1888//1888
f 1466//1466 1889//1889 1888//1888
f 1467//1467 960//960 1468//1468
f 960//960 1449//1449 1468//1468
f 1449//1449 1450//1450 1468//1468
f 1493//1493 6306//6306 986//986
f 6306//6306 1493//1493 1470//1470
f 1470//1470 1493//1493 1494//1494
f 1494//1494 1495//1495 1470//1470
f 1469//1469 1470//1470 1471//1471
f 1470//1470 1474//1474 1471//1471
f 1472//1472 1474//1474 1470//1470
f 1476//1476 1474//1474 1472//1472
f 1470//1470 1473//1473 1472//1472
f 6307//6307 1473//1473 1477//1477
f 1476//1476 1472//1472 1473//1473
f 1473//1473 1470//1470 1477//1477
f 1470//1470 1495//1495 1477//1477
f 1474//1474 1475//1475 1458//1458
f 1495//1495 1480//1480 1477//1477
f 1475//1475 1474//1474 1476//1476
f 1478//1478 1475//1475 6308//6308
f 6307//6307 1477//1477 1478//1478
f 1475//1475 1478//1478 1897//1897
f 1478//1478 1477//1477 1897//1897
f 1897//1897 1479//1479 1475//1475
f 1477//1477 1480//1480 1897//1897
f 1480//1480 1898//1898 1897//1897
f 1497//1497 972//972 1482//1482
f 972//972 1481//1481 1482//1482
f 1482//1482 1481//1481 1483//1483
f 1481//1481 975//975 1483//1483
f 975//975 1500//1500 1483//1483
f 1486//1486 976//976 1484//1484
f 1487//1487 1500//1500 1486//1486
f 1500//1500 1487//1487 1905//1905
f 1485//1485 1486//1486 1484//1484
f 1486//1486 1485//1485 1488//1488
f 1487//1487 1486//1486 1488//1488
f 1489//1489 1490//1490 964//964
f 1490//1490 1485//1485 1484//1484
f 1485//1485 1490//1490 1488//1488
f 1489//1489 1460//1460 1490//1490
f 1491//1491 1490//1490 1460//1460
f 1490//1490 1491//1491 1901//1901
f 1490//1490 1901//1901 1899//1899
f 1490//1490 1899//1899 1488//1488
f 1901//1901 1491//1491 1492//1492
f 1491//1491 1462//1462 1492//1492
f 986//986 6306//6306 984//984
f 1494//1494 986//986 1495//1495
f 1493//1493 986//986 1494//1494
f 1480//1480 1495//1495 1502//1502
f 1480//1480 1502//1502 2219//2219
f 2219//2219 1502//1502 1496//1496
f 1502//1502 1503//1503 1504//1504
f 1496//1496 1502//1502 1504//1504
f 1508//1508 1497//1497 1509//1509
f 1497//1497 1482//1482 1498//1498
f 1497//1497 1498//1498 1509//1509
f 1509//1509 1498//1498 1499//1499
f 1509//1509 1499//1499 1510//1510
f 1482//1482 1483//1483 1500//1500
f 1499//1499 1482//1482 1500//1500
f 1482//1482 1499//1499 1498//1498
f 1510//1510 1499//1499 1916//1916
f 1921//1921 1499//1499 1500//1500
f 1500//1500 1905//1905 2250//2250
f 1500//1500 2250//2250 1921//1921
f 1905//1905 1487//1487 1488//1488
f 1495//1495 1501//1501 1502//1502
f 1502//1502 1501//1501 1511//1511
f 1507//1507 1506//1506 1505//1505
f 1507//1507 1523//1523 1506//1506
f 1523//1523 1507//1507 1508//1508
f 1508//1508 1509//1509 1523//1523
f 1509//1509 1510//1510 1908//1908
f 1908//1908 1510//1510 1913//1913
f 1510//1510 1917//1917 1913//1913
f 1510//1510 1916//1916 1917//1917
f 1511//1511 997//997 1512//1512
f 997//997 1010//1010 1512//1512
f 1511//1511 1512//1512 1503//1503
f 1511//1511 1503//1503 1502//1502
f 1503//1503 1512//1512 1524//1524
f 1002//1002 1515//1515 1513//1513
f 1514//1514 1528//1528 1513//1513
f 1528//1528 1514//1514 1530//1530
f 1513//1513 1515//1515 1514//1514
f 1530//1530 1514//1514 1515//1515
f 1003//1003 1516//1516 1515//1515
f 1518//1518 1516//1516 1003//1003
f 1518//1518 1515//1515 1516//1516
f 1933//1933 1518//1518 1517//1517
f 1007//1007 1519//1519 1517//1517
f 1007//1007 1517//1517 1006//1006
f 1518//1518 1006//1006 1517//1517
f 1519//1519 1935//1935 1517//1517
f 1935//1935 1519//1519 1922//1922
f 1521//1521 1520//1520 1506//1506
f 1008//1008 1520//1520 1521//1521
f 1519//1519 1008//1008 1521//1521
f 1519//1519 1521//1521 1922//1922
f 1922//1922 1521//1521 1522//1522
f 1520//1520 1505//1505 1506//1506
f 1521//1521 1506//1506 1522//1522
f 1522//1522 1506//1506 1523//1523
f 1523//1523 1922//1922 1522//1522
f 1010//1010 1524//1524 1512//1512
f 1526//1526 1525//1525 1925//1925
f 1925//1925 1022//1022 1527//1527
f 1022//1022 1528//1528 1529//1529
f 1527//1527 1022//1022 1529//1529
f 1528//1528 1530//1530 1529//1529
f 1530//1530 1515//1515 1531//1531
f 1531//1531 1515//1515 1518//1518
f 1929//1929 1531//1531 1932//1932
f 1531//1531 1518//1518 1932//1932
f 1932//1932 1518//1518 1933//1933
f 1934//1934 1933//1933 1517//1517
f 1532//1532 1026//1026 1029//1029
f 1029//1029 1533//1533 1532//1532
f 1532//1532 1536//1536 1534//1534
f 1535//1535 1532//1532 1534//1534
f 1532//1532 1937//1937 1539//1539
f 1535//1535 1937//1937 1532//1532
f 1533//1533 1536//1536 1532//1532
f 1535//1535 1534//1534 1937//1937
f 1536//1536 1029//1029 1018//1018
f 1536//1536 1537//1537 1534//1534
f 1018//1018 1537//1537 1536//1536
f 1534//1534 1537//1537 1937//1937
f 1937//1937 1537//1537 1938//1938
f 1018//1018 1525//1525 1537//1537
f 1036//1036 1951//1951 1950//1950
f 1035//1035 1951//1951 1036//1036
f 1951//1951 1035//1035 1026//1026
f 1951//1951 1538//1538 1943//1943
f 1951//1951 1026//1026 1538//1538
f 1538//1538 1026//1026 1532//1532
f 1532//1532 1539//1539 1944//1944
f 1548//1548 1540//1540 1038//1038
f 1038//1038 1540//1540 1936//1936
f 1559//1559 1040//1040 1541//1541
f 1541//1541 1040//1040 1542//1542
f 1541//1541 1542//1542 1559//1559
f 1044//1044 1543//1543 1542//1542
f 1543//1543 1047//1047 1544//1544
f 1542//1542 1543//1543 1545//1545
f 1544//1544 1545//1545 1543//1543
f 1544//1544 1047//1047 1546//1546
f 1544//1544 1546//1546 1545//1545
f 1047//1047 1033//1033 1546//1546
f 1033//1033 1950//1950 1546//1546
f 1546//1546 1547//1547 1545//1545
f 6309//6309 1067//1067 1551//1551
f 1550//1550 1549//1549 6310//6310
f 1551//1551 1067//1067 1556//1556
f 1550//1550 1552//1552 1549//1549
f 6311//6311 1553//1553 6313//6313
f 6312//6312 6309//6309 1551//1551
f 6315//6315 6312//6312 1551//1551
f 6315//6315 1551//1551 1556//1556
f 1549//1549 1552//1552 1554//1554
f 6316//6316 6318//6318 6314//6314
f 6319//6319 6317//6317 1956//1956
f 1953//1953 1555//1555 1554//1554
f 1554//1554 1555//1555 1549//1549
f 6365//6365 6320//6320 6373//6373
f 1549//1549 1555//1555 1548//1548
f 6373//6373 6315//6315 1556//1556
f 1068//1068 1556//1556 1067//1067
f 1555//1555 1557//1557 1548//1548
f 1548//1548 1557//1557 1947//1947
f 1556//1556 1068//1068 1558//1558
f 1972//1972 1556//1556 1558//1558
f 1558//1558 1559//1559 1974//1974
f 1977//1977 1975//1975 1559//1559
f 1542//1542 1976//1976 1559//1559
f 1977//1977 1559//1559 1976//1976
f 1990//1990 1565//1565 1566//1566
f 1071//1071 1565//1565 1564//1564
f 6390//6390 1987//1987 1564//1564
f 1564//1564 1565//1565 6390//6390
f 1561//1561 1562//1562 1563//1563
f 1561//1561 1560//1560 1562//1562
f 6325//6325 1563//1563 1562//1562
f 1570//1570 6326//6326 1988//1988
f 6325//6325 1562//1562 1568//1568
f 6325//6325 1568//1568 1071//1071
f 6324//6324 6322//6322 1567//1567
f 6322//6322 1988//1988 1567//1567
f 1992//1992 1561//1561 1563//1563
f 1563//1563 6325//6325 1992//1992
f 1992//1992 1564//1564 1987//1987
f 1078//1078 1566//1566 1565//1565
f 1997//1997 1566//1566 1078//1078
f 1998//1998 1997//1997 1078//1078
f 1568//1568 1562//1562 1071//1071
f 6326//6326 1571//1571 1073//1073
f 1571//1571 6326//6326 1569//1569
f 1569//1569 1573//1573 1571//1571
f 1570//1570 1569//1569 6326//6326
f 1570//1570 1573//1573 1569//1569
f 1998//1998 1078//1078 1084//1084
f 1998//1998 1084//1084 1574//1574
f 1573//1573 1572//1572 1571//1571
f 1081//1081 1572//1572 1576//1576
f 1572//1572 1573//1573 1576//1576
f 1574//1574 1084//1084 1577//1577
f 1575//1575 6327//6327 1580//1580
f 1574//1574 6327//6327 1575//1575
f 6327//6327 1578//1578 1580//1580
f 1579//1579 1580//1580 1578//1578
f 1580//1580 1579//1579 2018//2018
f 1576//1576 2016//2016 1586//1586
f 2016//2016 2006//2006 1587//1587
f 1587//1587 2019//2019 1588//1588
f 1578//1578 6327//6327 1087//1087
f 1578//1578 1087//1087 1581//1581
f 1579//1579 1578//1578 1581//1581
f 1589//1589 1582//1582 1579//1579
f 6328//6328 6329//6329 1583//1583
f 1583//1583 1591//1591 6328//6328
f 6328//6328 1584//1584 6392//6392
f 6328//6328 1591//1591 1584//1584
f 1584//1584 1591//1591 2017//2017
f 2017//2017 6330//6330 2023//2023
f 1582//1582 2018//2018 1579//1579
f 6392//6392 1584//1584 2017//2017
f 1090//1090 1576//1576 1586//1586
f 1586//1586 1585//1585 1090//1090
f 1586//1586 2016//2016 1587//1587
f 1586//1586 1587//1587 1585//1585
f 1587//1587 1588//1588 1585//1585
f 1588//1588 1594//1594 1585//1585
f 2028//2028 1594//1594 1588//1588
f 1589//1589 1579//1579 1091//1091
f 1091//1091 1596//1596 1590//1590
f 1091//1091 1590//1590 6329//6329
f 1591//1591 1590//1590 1596//1596
f 1596//1596 1599//1599 6330//6330
f 6329//6329 1590//1590 1591//1591
f 1591//1591 1583//1583 6329//6329
f 6330//6330 1599//1599 1592//1592
f 2023//2023 6330//6330 1592//1592
f 2024//2024 2023//2023 1592//1592
f 2032//2032 1592//1592 1597//1597
f 2024//2024 1592//1592 2032//2032
f 1594//1594 1593//1593 1585//1585
f 2028//2028 1598//1598 1594//1594
f 1598//1598 1595//1595 1602//1602
f 1598//1598 2028//2028 1595//1595
f 2028//2028 2038//2038 1595//1595
f 2038//2038 2037//2037 1595//1595
f 2037//2037 1602//1602 1595//1595
f 1596//1596 1091//1091 1599//1599
f 1592//1592 1599//1599 1597//1597
f 1597//1597 1609//1609 2042//2042
f 1598//1598 1593//1593 1594//1594
f 2037//2037 1606//1606 1602//1602
f 2037//2037 1608//1608 1606//1606
f 1609//1609 1597//1597 1599//1599
f 1108//1108 1601//1601 2044//2044
f 1605//1605 1603//1603 1602//1602
f 1602//1602 1606//1606 1605//1605
f 1606//1606 1608//1608 1605//1605
f 1604//1604 1605//1605 1601//1601
f 1604//1604 1603//1603 1605//1605
f 1607//1607 1605//1605 1608//1608
f 1605//1605 1607//1607 2044//2044
f 2044//2044 1601//1601 1605//1605
f 2043//2043 1607//1607 1608//1608
f 2043//2043 2044//2044 1607//1607
f 1610//1610 1609//1609 1599//1599
f 1604//1604 1601//1601 1108//1108
f 1612//1612 1611//1611 1610//1610
f 1107//1107 1104//1104 1108//1108
f 1610//1610 1611//1611 1609//1609
f 1609//1609 1611//1611 1600//1600
f 1600//1600 1611//1611 1613//1613
f 1600//1600 1613//1613 1108//1108
f 1611//1611 1612//1612 1613//1613
f 1105//1105 1613//1613 1612//1612
f 1128//1128 1650//1650 1651//1651
f 1651//1651 1666//1666 1652//1652
f 1663//1663 2045//2045 1615//1615
f 1615//1615 6333//6333 1616//1616
f 6394//6394 1614//1614 6334//6334
f 1615//1615 2045//2045 6333//6333
f 1615//1615 1616//1616 1151//1151
f 1151//1151 1616//1616 6333//6333
f 6332//6332 1618//1618 1617//1617
f 1617//1617 1618//1618 1619//1619
f 1620//1620 1617//1617 1619//1619
f 1620//1620 1619//1619 1622//1622
f 1620//1620 1622//1622 6335//6335
f 6335//6335 1622//1622 6256//6256
f 1619//1619 1618//1618 1622//1622
f 1618//1618 1628//1628 1622//1622
f 1622//1622 1624//1624 6256//6256
f 1622//1622 1628//1628 1624//1624
f 1628//1628 1623//1623 1626//1626
f 1624//1624 1625//1625 1138//1138
f 1626//1626 1627//1627 1625//1625
f 1626//1626 1624//1624 1628//1628
f 1625//1625 1624//1624 1626//1626
f 1623//1623 1629//1629 1626//1626
f 1626//1626 1629//1629 1627//1627
f 1629//1629 1630//1630 1627//1627
f 1623//1623 1631//1631 1629//1629
f 1629//1629 1631//1631 1630//1630
f 1631//1631 1632//1632 1630//1630
f 1623//1623 2048//2048 1631//1631
f 2048//2048 1632//1632 1631//1631
f 1627//1627 1138//1138 1625//1625
f 1632//1632 1138//1138 1627//1627
f 1630//1630 1632//1632 1627//1627
f 2052//2052 2053//2053 6336//6336
f 1636//1636 6336//6336 2053//2053
f 1633//1633 1172//1172 1138//1138
f 1632//1632 1633//1633 1138//1138
f 6337//6337 1634//1634 1141//1141
f 6336//6336 1635//1635 6337//6337
f 1636//1636 6337//6337 1635//1635
f 1634//1634 6337//6337 1636//1636
f 1635//1635 6336//6336 1636//1636
f 1636//1636 1141//1141 1634//1634
f 1637//1637 2379//2379 1638//1638
f 1141//1141 1636//1636 1637//1637
f 1637//1637 1639//1639 1141//1141
f 1637//1637 1638//1638 1639//1639
f 1643//1643 1638//1638 1644//1644
f 1638//1638 2379//2379 1644//1644
f 1144//1144 1142//1142 1639//1639
f 1640//1640 1144//1144 1639//1639
f 1641//1641 1647//1647 6338//6338
f 1643//1643 1642//1642 6338//6338
f 6338//6338 1642//1642 1641//1641
f 1641//1641 1642//1642 1647//1647
f 1639//1639 1638//1638 1640//1640
f 1643//1643 6338//6338 1638//1638
f 1643//1643 1644//1644 1642//1642
f 1644//1644 2379//2379 1642//1642
f 2379//2379 1645//1645 1642//1642
f 1143//1143 1144//1144 1640//1640
f 1143//1143 6338//6338 1646//1646
f 1121//1121 1143//1143 1646//1646
f 6338//6338 1647//1647 1646//1646
f 1647//1647 1121//1121 1646//1646
f 1642//1642 1645//1645 6339//6339
f 6255//6255 6339//6339 1645//1645
f 1648//1648 1645//1645 2055//2055
f 2093//2093 1649//1649 2055//2055
f 1648//1648 1649//1649 1122//1122
f 1122//1122 1649//1649 1123//1123
f 2055//2055 1649//1649 1648//1648
f 1123//1123 1649//1649 2093//2093
f 1123//1123 2093//2093 1650//1650
f 1650//1650 2093//2093 1651//1651
f 1652//1652 1684//1684 1145//1145
f 1145//1145 1684//1684 1147//1147
f 1652//1652 2106//2106 1684//1684
f 1679//1679 1653//1653 1177//1177
f 1654//1654 1653//1653 2074//2074
f 2075//2075 1654//1654 2074//2074
f 2075//2075 1655//1655 1654//1654
f 1655//1655 1680//1680 1654//1654
f 1655//1655 1656//1656 1680//1680
f 1657//1657 1680//1680 1656//1656
f 1656//1656 2079//2079 1657//1657
f 2081//2081 1657//1657 2079//2079
f 1659//1659 1658//1658 2082//2082
f 1659//1659 2082//2082 1660//1660
f 1659//1659 1660//1660 1682//1682
f 1660//1660 1661//1661 1207//1207
f 1207//1207 1661//1661 1148//1148
f 1148//1148 1661//1661 1662//1662
f 1661//1661 2088//2088 1662//1662
f 1148//1148 1662//1662 1663//1663
f 1662//1662 2045//2045 1663//1663
f 1148//1148 1663//1663 1615//1615
f 1665//1665 1664//1664 1615//1615
f 1665//1665 1615//1615 1151//1151
f 2093//2093 1666//1666 1651//1651
f 1652//1652 1666//1666 2106//2106
f 2112//2112 1684//1684 2106//2106
f 1685//1685 1147//1147 1684//1684
f 1147//1147 1685//1685 1173//1173
f 1667//1667 2098//2098 1691//1691
f 1667//1667 1691//1691 2108//2108
f 1668//1668 1691//1691 2098//2098
f 2098//2098 2102//2102 1668//1668
f 1252//1252 1668//1668 1669//1669
f 1691//1691 1668//1668 1252//1252
f 2102//2102 1671//1671 1668//1668
f 2102//2102 2103//2103 1671//1671
f 1669//1669 1668//1668 1670//1670
f 1668//1668 1671//1671 1670//1670
f 1671//1671 1674//1674 1675//1675
f 1671//1671 2103//2103 1674//1674
f 1670//1670 1671//1671 1672//1672
f 1671//1671 1673//1673 1672//1672
f 1675//1675 1673//1673 1671//1671
f 1674//1674 1676//1676 1675//1675
f 1677//1677 1676//1676 2103//2103
f 2103//2103 2056//2056 1677//1677
f 1676//1676 1674//1674 2103//2103
f 2056//2056 2104//2104 1677//1677
f 1673//1673 1678//1678 1175//1175
f 1673//1673 1675//1675 1678//1678
f 1175//1175 1672//1672 1673//1673
f 1676//1676 1677//1677 1675//1675
f 1675//1675 1677//1677 1678//1678
f 1678//1678 1677//1677 1176//1176
f 2104//2104 1176//1176 1677//1677
f 2104//2104 2061//2061 1679//1679
f 2104//2104 1679//1679 1176//1176
f 1653//1653 1178//1178 1177//1177
f 1178//1178 1271//1271 1177//1177
f 1178//1178 1653//1653 1654//1654
f 1178//1178 1680//1680 1179//1179
f 1654//1654 1680//1680 1178//1178
f 1181//1181 1179//1179 1680//1680
f 1658//1658 1680//1680 1657//1657
f 1680//1680 1182//1182 1181//1181
f 1680//1680 1658//1658 1182//1182
f 1658//1658 1659//1659 1182//1182
f 1183//1183 1182//1182 1659//1659
f 1659//1659 1682//1682 1200//1200
f 1659//1659 1200//1200 1681//1681
f 1681//1681 1183//1183 1659//1659
f 1201//1201 1183//1183 1681//1681
f 1695//1695 1683//1683 2112//2112
f 1694//1694 1226//1226 1686//1686
f 1686//1686 1695//1695 1694//1694
f 1686//1686 1685//1685 1683//1683
f 1683//1683 1685//1685 1684//1684
f 1695//1695 1686//1686 1683//1683
f 1684//1684 2112//2112 1683//1683
f 1240//1240 2107//2107 1687//1687
f 2107//2107 1688//1688 1687//1687
f 2107//2107 1689//1689 1688//1688
f 1689//1689 2108//2108 1690//1690
f 1689//1689 1690//1690 1249//1249
f 2108//2108 1691//1691 1690//1690
f 1690//1690 1691//1691 1252//1252
f 1670//1670 1252//1252 1669//1669
f 1693//1693 1744//1744 1740//1740
f 1744//1744 1693//1693 1692//1692
f 6346//6346 2111//2111 1745//1745
f 2111//2111 6346//6346 6340//6340
f 6340//6340 1694//1694 2111//2111
f 1692//1692 1308//1308 1309//1309
f 6298//6298 1694//1694 6340//6340
f 1694//1694 6298//6298 1226//1226
f 1694//1694 2112//2112 2111//2111
f 1694//1694 1695//1695 2112//2112
f 1366//1366 2129//2129 1700//1700
f 1366//1366 1700//1700 1699//1699
f 1697//1697 1696//1696 1366//1366
f 1697//1697 1698//1698 1696//1696
f 1699//1699 1697//1697 1366//1366
f 1698//1698 1697//1697 1699//1699
f 1698//1698 1699//1699 1700//1700
f 1696//1696 1698//1698 1310//1310
f 1700//1700 1701//1701 1698//1698
f 1700//1700 1702//1702 1701//1701
f 1700//1700 2113//2113 1702//1702
f 1702//1702 1311//1311 1701//1701
f 2113//2113 2115//2115 1702//1702
f 1311//1311 1702//1702 2115//2115
f 1325//1325 1753//1753 1384//1384
f 1325//1325 1755//1755 1753//1753
f 6347//6347 1755//1755 1325//1325
f 1754//1754 1703//1703 1760//1760
f 6349//6349 1765//1765 6300//6300
f 1328//1328 6348//6348 1763//1763
f 1768//1768 1330//1330 1331//1331
f 1705//1705 1772//1772 1331//1331
f 1330//1330 1768//1768 1329//1329
f 1329//1329 1768//1768 1770//1770
f 1769//1769 1768//1768 1331//1331
f 1772//1772 1769//1769 1331//1331
f 1705//1705 1704//1704 1708//1708
f 1706//1706 1705//1705 1709//1709
f 1709//1709 1705//1705 1708//1708
f 1772//1772 1705//1705 1706//1706
f 1772//1772 1706//1706 1707//1707
f 1706//1706 1709//1709 1707//1707
f 1772//1772 1707//1707 2141//2141
f 1712//1712 1708//1708 1704//1704
f 1708//1708 1710//1710 1709//1709
f 1707//1707 1709//1709 1710//1710
f 1707//1707 1710//1710 2141//2141
f 1710//1710 1708//1708 2141//2141
f 1708//1708 1712//1712 1714//1714
f 1708//1708 1714//1714 1711//1711
f 2141//2141 1708//1708 1711//1711
f 1714//1714 1712//1712 1713//1713
f 1713//1713 1715//1715 1714//1714
f 1713//1713 1339//1339 1715//1715
f 1715//1715 1339//1339 1716//1716
f 1715//1715 1716//1716 2117//2117
f 2118//2118 1714//1714 2117//2117
f 1714//1714 2118//2118 2116//2116
f 1339//1339 1338//1338 1716//1716
f 1715//1715 2117//2117 1714//1714
f 1716//1716 1338//1338 1718//1718
f 1716//1716 1718//1718 2117//2117
f 1718//1718 1338//1338 1340//1340
f 1717//1717 1340//1340 1721//1721
f 1718//1718 1340//1340 1717//1717
f 1718//1718 1717//1717 1719//1719
f 1719//1719 1717//1717 1721//1721
f 2117//2117 1718//1718 1720//1720
f 1718//1718 1719//1719 1720//1720
f 1719//1719 1721//1721 1720//1720
f 2117//2117 1720//1720 2118//2118
f 1720//1720 1721//1721 2118//2118
f 1721//1721 1725//1725 1722//1722
f 2118//2118 1721//1721 1722//1722
f 1722//1722 1725//1725 1727//1727
f 1723//1723 1724//1724 1345//1345
f 1724//1724 1723//1723 1731//1731
f 1725//1725 1724//1724 1726//1726
f 1726//1726 1724//1724 1731//1731
f 1727//1727 1725//1725 1728//1728
f 1725//1725 1726//1726 1728//1728
f 1729//1729 1728//1728 1733//1733
f 1729//1729 1727//1727 1728//1728
f 1727//1727 1729//1729 2120//2120
f 1727//1727 2120//2120 1722//1722
f 1729//1729 1733//1733 2120//2120
f 1723//1723 1345//1345 1730//1730
f 1731//1731 1723//1723 1730//1730
f 1731//1731 1730//1730 1734//1734
f 1728//1728 1726//1726 1732//1732
f 1726//1726 1731//1731 1732//1732
f 1728//1728 1732//1732 1733//1733
f 1732//1732 1731//1731 2120//2120
f 1733//1733 1732//1732 2120//2120
f 1345//1345 1737//1737 1730//1730
f 1731//1731 1734//1734 2120//2120
f 1734//1734 1735//1735 2120//2120
f 2120//2120 1735//1735 2121//2121
f 1734//1734 1730//1730 1736//1736
f 1730//1730 1737//1737 1736//1736
f 1734//1734 1736//1736 1735//1735
f 1776//1776 1735//1735 1736//1736
f 1737//1737 1776//1776 1736//1736
f 6343//6343 1741//1741 1777//1777
f 1777//1777 1741//1741 1742//1742
f 6350//6350 6345//6345 1778//1778
f 1778//1778 1739//1739 1738//1738
f 1738//1738 2122//2122 1778//1778
f 1738//1738 1739//1739 2123//2123
f 1738//1738 2123//2123 2122//2122
f 6304//6304 6344//6344 6342//6342
f 1778//1778 6345//6345 1743//1743
f 1743//1743 1739//1739 1778//1778
f 1739//1739 1745//1745 2124//2124
f 1364//1364 1693//1693 1740//1740
f 1741//1741 1364//1364 1740//1740
f 1740//1740 1744//1744 1741//1741
f 1744//1744 1742//1742 1741//1741
f 6346//6346 1743//1743 6345//6345
f 6346//6346 1739//1739 1743//1743
f 1739//1739 6346//6346 1745//1745
f 2124//2124 1745//1745 2126//2126
f 2111//2111 2126//2126 1745//1745
f 1781//1781 1366//1366 1365//1365
f 1746//1746 1366//1366 1781//1781
f 1747//1747 1746//1746 2128//2128
f 1746//1746 1747//1747 1366//1366
f 1747//1747 2128//2128 1366//1366
f 1366//1366 2128//2128 2129//2129
f 1380//1380 1378//1378 1786//1786
f 1788//1788 1748//1748 1382//1382
f 1378//1378 1748//1748 1786//1786
f 1748//1748 1788//1788 1786//1786
f 1382//1382 1381//1381 1787//1787
f 1788//1788 1382//1382 1787//1787
f 1749//1749 1750//1750 1322//1322
f 1322//1322 1750//1750 1381//1381
f 1381//1381 1750//1750 1787//1787
f 1751//1751 1749//1749 1383//1383
f 1749//1749 1751//1751 1750//1750
f 1753//1753 1383//1383 1384//1384
f 1383//1383 1753//1753 1751//1751
f 1751//1751 1753//1753 1752//1752
f 1751//1751 1752//1752 2158//2158
f 2458//2458 2158//2158 1752//1752
f 1753//1753 2458//2458 1752//1752
f 1755//1755 1756//1756 1753//1753
f 1760//1760 1755//1755 6347//6347
f 1756//1756 1755//1755 1757//1757
f 1761//1761 1755//1755 1760//1760
f 1753//1753 1756//1756 1758//1758
f 1756//1756 1757//1757 1758//1758
f 1761//1761 1757//1757 1755//1755
f 2458//2458 1753//1753 1758//1758
f 1758//1758 1757//1757 2135//2135
f 1757//1757 2133//2133 2135//2135
f 1764//1764 1760//1760 1703//1703
f 1703//1703 1759//1759 1764//1764
f 1757//1757 1761//1761 2133//2133
f 1760//1760 1762//1762 1761//1761
f 1764//1764 1762//1762 1760//1760
f 1761//1761 1762//1762 2133//2133
f 1763//1763 1759//1759 1703//1703
f 1759//1759 2137//2137 1764//1764
f 1764//1764 2133//2133 1762//1762
f 6348//6348 2137//2137 1763//1763
f 1759//1759 1763//1763 2137//2137
f 1771//1771 1766//1766 1329//1329
f 1771//1771 1767//1767 6349//6349
f 1774//1774 1767//1767 1771//1771
f 1767//1767 1765//1765 6349//6349
f 1765//1765 1767//1767 2139//2139
f 1772//1772 1768//1768 1769//1769
f 1773//1773 1771//1771 1770//1770
f 1770//1770 1771//1771 1329//1329
f 1773//1773 1770//1770 1768//1768
f 1773//1773 1768//1768 1772//1772
f 1771//1771 1773//1773 1774//1774
f 1767//1767 1774//1774 2139//2139
f 1773//1773 1772//1772 1774//1774
f 1772//1772 1775//1775 1774//1774
f 1774//1774 2140//2140 2139//2139
f 1775//1775 1772//1772 2141//2141
f 2145//2145 2121//2121 1735//1735
f 1776//1776 2145//2145 1735//1735
f 1737//1737 6351//6351 1776//1776
f 2145//2145 1776//1776 6351//6351
f 6402//6402 6350//6350 2146//2146
f 2146//2146 6350//6350 1778//1778
f 2146//2146 1778//1778 2122//2122
f 1795//1795 1779//1779 1781//1781
f 2165//2165 1781//1781 1779//1779
f 1746//1746 1781//1781 1780//1780
f 2165//2165 1780//1780 1781//1781
f 1746//1746 1780//1780 2148//2148
f 1780//1780 2165//2165 2468//2468
f 2468//2468 2148//2148 1780//1780
f 2148//2148 2153//2153 1746//1746
f 2153//2153 2127//2127 1746//1746
f 1798//1798 1394//1394 1782//1782
f 1784//1784 1783//1783 1379//1379
f 1785//1785 1380//1380 1786//1786
f 1785//1785 1784//1784 1380//1380
f 1784//1784 1785//1785 1810//1810
f 2155//2155 1785//1785 1786//1786
f 1788//1788 1791//1791 1786//1786
f 1787//1787 1750//1750 1790//1790
f 1787//1787 1791//1791 1788//1788
f 1791//1791 1787//1787 1789//1789
f 1789//1789 1787//1787 1790//1790
f 1793//1793 1790//1790 1750//1750
f 1789//1789 1790//1790 1791//1791
f 1791//1791 1790//1790 1792//1792
f 2157//2157 1791//1791 1792//1792
f 2155//2155 1786//1786 1791//1791
f 1750//1750 1751//1751 1793//1793
f 1793//1793 1792//1792 1790//1790
f 2157//2157 1792//1792 1793//1793
f 2158//2158 1793//1793 1751//1751
f 1794//1794 1386//1386 1821//1821
f 2176//2176 1796//1796 1794//1794
f 1794//1794 1796//1796 1387//1387
f 1795//1795 1796//1796 2478//2478
f 2159//2159 1795//1795 2478//2478
f 1402//1402 1827//1827 1826//1826
f 1394//1394 1799//1799 1797//1797
f 1394//1394 1798//1798 1799//1799
f 1800//1800 1798//1798 1782//1782
f 1800//1800 1782//1782 1801//1801
f 1800//1800 1799//1799 1798//1798
f 1797//1797 1799//1799 1802//1802
f 1799//1799 1804//1804 1802//1802
f 1784//1784 1805//1805 1783//1783
f 1805//1805 1782//1782 1783//1783
f 1801//1801 1782//1782 1805//1805
f 1801//1801 1803//1803 1800//1800
f 1800//1800 1804//1804 1799//1799
f 1800//1800 1803//1803 1804//1804
f 1801//1801 1805//1805 1803//1803
f 1797//1797 6352//6352 2180//2180
f 1804//1804 2180//2180 6352//6352
f 1806//1806 1805//1805 1784//1784
f 1805//1805 1806//1806 1809//1809
f 1803//1803 1805//1805 1807//1807
f 1803//1803 1807//1807 2169//2169
f 2169//2169 1807//1807 2166//2166
f 2166//2166 1807//1807 1805//1805
f 1784//1784 1810//1810 1806//1806
f 1810//1810 1808//1808 1806//1806
f 1808//1808 1809//1809 1806//1806
f 1805//1805 1809//1809 2166//2166
f 1812//1812 1816//1816 931//931
f 1812//1812 1813//1813 1816//1816
f 1813//1813 1817//1817 1816//1816
f 1812//1812 1814//1814 1813//1813
f 1813//1813 1814//1814 1815//1815
f 1814//1814 2182//2182 1815//1815
f 1815//1815 1817//1817 1813//1813
f 1812//1812 2182//2182 1814//1814
f 2182//2182 2183//2183 1815//1815
f 1816//1816 1818//1818 1406//1406
f 1816//1816 1406//1406 931//931
f 1815//1815 1819//1819 1817//1817
f 1819//1819 1815//1815 2183//2183
f 1822//1822 1819//1819 1820//1820
f 2183//2183 1820//1820 1819//1819
f 1817//1817 1396//1396 1816//1816
f 1822//1822 1396//1396 1819//1819
f 1396//1396 1817//1817 1819//1819
f 2184//2184 1821//1821 1820//1820
f 1822//1822 1820//1820 1821//1821
f 1821//1821 1386//1386 1822//1822
f 1842//1842 1840//1840 1424//1424
f 1842//1842 1424//1424 1824//1824
f 1425//1425 1825//1825 1823//1823
f 1823//1823 1825//1825 1824//1824
f 1425//1425 1426//1426 1825//1825
f 1825//1825 1842//1842 1824//1824
f 1829//1829 1825//1825 1426//1426
f 1829//1829 2189//2189 1842//1842
f 1426//1426 1826//1826 1829//1829
f 1827//1827 1829//1829 1826//1826
f 1829//1829 1831//1831 2189//2189
f 1827//1827 1402//1402 1797//1797
f 1827//1827 1828//1828 1829//1829
f 1827//1827 1831//1831 1828//1828
f 1827//1827 1797//1797 1830//1830
f 1828//1828 1831//1831 1829//1829
f 1830//1830 1831//1831 1827//1827
f 1830//1830 1832//1832 1831//1831
f 1797//1797 1832//1832 1830//1830
f 1442//1442 1833//1833 1405//1405
f 1833//1833 2182//2182 1405//1405
f 1833//1833 2193//2193 2182//2182
f 1442//1442 2193//2193 1833//1833
f 1811//1811 2182//2182 1812//1812
f 1438//1438 1418//1418 1835//1835
f 1418//1418 1837//1837 1835//1835
f 1859//1859 1438//1438 1835//1835
f 1862//1862 1859//1859 1835//1835
f 1836//1836 1837//1837 1418//1418
f 2200//2200 1838//1838 1836//1836
f 1837//1837 1838//1838 1835//1835
f 1837//1837 1836//1836 1838//1838
f 1835//1835 2200//2200 1862//1862
f 1838//1838 2200//2200 1835//1835
f 1836//1836 1423//1423 2200//2200
f 1839//1839 2200//2200 1423//1423
f 1840//1840 1842//1842 1841//1841
f 1842//1842 2187//2187 1841//1841
f 1825//1825 1829//1829 1842//1842
f 2187//2187 1842//1842 2189//2189
f 1843//1843 1844//1844 1442//1442
f 1844//1844 1843//1843 1864//1864
f 1848//1848 1845//1845 1847//1847
f 1845//1845 1848//1848 1871//1871
f 1846//1846 1849//1849 1847//1847
f 1847//1847 1849//1849 1848//1848
f 1849//1849 1850//1850 1851//1851
f 1849//1849 1851//1851 1876//1876
f 2197//2197 1876//1876 1851//1851
f 1853//1853 1834//1834 1861//1861
f 1854//1854 1851//1851 1852//1852
f 1852//1852 1429//1429 1860//1860
f 1855//1855 1854//1854 1852//1852
f 1855//1855 1852//1852 1857//1857
f 1852//1852 1860//1860 1857//1857
f 1854//1854 1856//1856 1851//1851
f 1854//1854 1855//1855 1856//1856
f 1857//1857 1856//1856 1855//1855
f 1860//1860 1858//1858 1857//1857
f 1857//1857 1858//1858 1856//1856
f 1858//1858 1860//1860 2198//2198
f 1851//1851 1856//1856 2197//2197
f 1856//1856 1858//1858 2197//2197
f 1858//1858 2198//2198 2197//2197
f 1834//1834 1859//1859 1861//1861
f 1860//1860 1853//1853 1861//1861
f 1429//1429 1853//1853 1860//1860
f 1859//1859 1862//1862 1861//1861
f 1863//1863 1844//1844 1864//1864
f 1863//1863 1887//1887 2206//2206
f 2207//2207 6360//6360 2219//2219
f 2205//2205 1844//1844 1863//1863
f 2219//2219 2208//2208 2207//2207
f 1865//1865 1451//1451 1866//1866
f 1865//1865 1866//1866 1890//1890
f 1451//1451 1454//1454 1866//1866
f 1867//1867 1866//1866 1870//1870
f 1866//1866 1867//1867 1868//1868
f 1872//1872 1869//1869 1867//1867
f 1868//1868 1867//1867 1869//1869
f 1868//1868 1869//1869 1895//1895
f 1870//1870 1872//1872 1867//1867
f 1872//1872 1870//1870 1873//1873
f 1869//1869 1872//1872 1895//1895
f 1445//1445 1871//1871 1870//1870
f 1870//1870 1871//1871 1873//1873
f 1848//1848 1873//1873 1871//1871
f 1849//1849 1873//1873 1848//1848
f 1849//1849 1874//1874 1873//1873
f 1849//1849 1875//1875 1874//1874
f 1875//1875 2542//2542 1874//1874
f 1876//1876 1875//1875 1849//1849
f 1878//1878 1880//1880 1864//1864
f 1877//1877 1879//1879 1878//1878
f 1879//1879 1880//1880 1878//1878
f 6363//6363 1877//1877 1896//1896
f 1879//1879 1884//1884 1880//1880
f 1879//1879 1877//1877 6363//6363
f 6354//6354 6364//6364 6356//6356
f 6356//6356 6364//6364 1885//1885
f 1864//1864 1881//1881 1863//1863
f 1880//1880 1882//1882 1864//1864
f 1864//1864 1882//1882 1881//1881
f 1882//1882 1880//1880 1884//1884
f 6357//6357 1898//1898 1480//1480
f 1881//1881 1883//1883 1863//1863
f 6355//6355 6356//6356 1885//1885
f 1885//1885 1886//1886 6355//6355
f 6357//6357 1480//1480 6358//6358
f 6358//6358 1480//1480 6360//6360
f 6359//6359 1881//1881 1882//1882
f 1883//1883 1881//1881 6359//6359
f 1887//1887 1883//1883 6359//6359
f 6360//6360 1480//1480 2219//2219
f 1883//1883 1887//1887 1863//1863
f 2219//2219 2209//2209 2208//2208
f 1468//1468 1466//1466 1465//1465
f 2236//2236 2234//2234 1894//1894
f 1450//1450 1889//1889 1468//1468
f 1889//1889 1466//1466 1468//1468
f 2234//2234 1891//1891 1894//1894
f 2236//2236 1894//1894 1895//1895
f 6412//6412 1889//1889 1891//1891
f 1865//1865 1890//1890 1450//1450
f 1890//1890 1889//1889 1450//1450
f 6353//6353 1892//1892 1890//1890
f 1890//1890 1892//1892 1889//1889
f 1891//1891 1889//1889 6361//6361
f 1891//1891 6361//6361 1894//1894
f 6361//6361 1866//1866 1868//1868
f 6361//6361 1868//1868 1893//1893
f 6361//6361 1893//1893 1894//1894
f 1893//1893 1868//1868 1895//1895
f 1894//1894 1893//1893 1895//1895
f 1479//1479 1897//1897 1896//1896
f 6362//6362 1897//1897 1898//1898
f 2219//2219 1496//1496 2220//2220
f 2220//2220 1902//1902 2231//2231
f 1488//1488 1899//1899 2252//2252
f 1899//1899 1901//1901 1900//1900
f 1900//1900 1901//1901 2562//2562
f 1492//1492 1464//1464 6412//6412
f 1901//1901 1492//1492 6412//6412
f 1464//1464 1888//1888 6412//6412
f 6412//6412 1888//1888 1889//1889
f 2245//2245 1504//1504 1906//1906
f 1496//1496 1902//1902 2220//2220
f 1496//1496 1504//1504 1902//1902
f 1504//1504 2245//2245 1902//1902
f 1916//1916 1903//1903 1918//1918
f 1903//1903 1904//1904 1918//1918
f 1904//1904 1903//1903 1921//1921
f 1499//1499 1903//1903 1916//1916
f 1903//1903 1499//1499 1921//1921
f 1905//1905 1488//1488 2252//2252
f 2252//2252 1899//1899 1900//1900
f 1504//1504 1503//1503 1906//1906
f 1509//1509 1908//1908 1523//1523
f 1909//1909 1911//1911 2255//2255
f 1909//1909 1910//1910 1911//1911
f 2255//2255 1911//1911 1912//1912
f 1911//1911 1910//1910 1912//1912
f 1909//1909 1908//1908 1913//1913
f 1909//1909 1913//1913 2256//2256
f 1909//1909 2256//2256 1910//1910
f 1913//1913 1914//1914 2256//2256
f 1913//1913 1917//1917 1914//1914
f 1914//1914 1917//1917 2257//2257
f 1917//1917 1916//1916 1915//1915
f 2257//2257 1917//1917 1915//1915
f 1916//1916 1918//1918 1915//1915
f 1918//1918 1919//1919 1915//1915
f 1919//1919 1918//1918 1920//1920
f 1904//1904 1921//1921 1920//1920
f 1918//1918 1904//1904 1920//1920
f 1503//1503 1907//1907 1906//1906
f 1503//1503 1524//1524 1907//1907
f 2277//2277 1922//1922 1923//1923
f 1922//1922 1523//1523 1923//1923
f 2277//2277 1923//1923 2261//2261
f 1523//1523 1908//1908 1923//1923
f 1908//1908 1909//1909 1923//1923
f 2261//2261 1923//1923 1909//1909
f 1909//1909 2255//2255 2261//2261
f 1936//1936 2570//2570 1524//1524
f 1925//1925 1940//1940 1924//1924
f 2283//2283 1925//1925 1527//1527
f 1941//1941 1527//1527 1926//1926
f 1941//1941 1927//1927 2270//2270
f 1926//1926 1527//1527 1529//1529
f 1926//1926 1529//1529 1927//1927
f 2271//2271 1927//1927 2272//2272
f 2272//2272 1927//1927 1529//1529
f 1529//1529 1530//1530 1928//1928
f 2272//2272 1529//1529 1928//1928
f 2272//2272 1928//1928 1930//1930
f 1531//1531 1929//1929 1928//1928
f 1530//1530 1531//1531 1928//1928
f 1928//1928 1929//1929 1930//1930
f 1930//1930 1929//1929 1932//1932
f 1930//1930 1932//1932 1933//1933
f 1930//1930 1933//1933 2272//2272
f 2272//2272 1933//1933 1931//1931
f 1934//1934 2273//2273 1931//1931
f 2592//2592 2272//2272 1931//1931
f 1934//1934 1931//1931 1933//1933
f 2273//2273 1934//1934 2274//2274
f 1934//1934 1517//1517 1935//1935
f 1934//1934 1935//1935 2274//2274
f 1935//1935 1922//1922 2274//2274
f 1936//1936 1942//1942 2570//2570
f 1537//1537 1525//1525 1938//1938
f 1939//1939 1940//1940 2278//2278
f 1939//1939 2278//2278 2290//2290
f 2290//2290 1525//1525 1526//1526
f 1939//1939 2290//2290 1526//1526
f 1939//1939 1526//1526 1924//1924
f 1924//1924 1940//1940 1939//1939
f 2279//2279 1940//1940 1925//1925
f 1526//1526 1925//1925 1924//1924
f 2282//2282 1925//1925 2283//2283
f 2282//2282 2279//2279 1925//1925
f 2283//2283 1527//1527 1941//1941
f 1941//1941 1926//1926 1927//1927
f 1540//1540 1942//1942 1936//1936
f 2302//2302 1951//1951 1944//1944
f 1951//1951 1943//1943 1944//1944
f 2617//2617 2302//2302 1944//1944
f 1532//1532 1943//1943 1538//1538
f 1944//1944 1943//1943 1532//1532
f 2617//2617 1944//1944 2288//2288
f 1944//1944 1945//1945 2288//2288
f 1944//1944 1539//1539 1937//1937
f 1937//1937 1945//1945 1944//1944
f 1945//1945 1938//1938 2288//2288
f 1937//1937 1938//1938 1945//1945
f 1938//1938 1525//1525 1946//1946
f 2288//2288 1938//1938 1946//1946
f 1525//1525 2290//2290 1946//1946
f 1548//1548 1947//1947 1540//1540
f 1947//1947 1948//1948 1540//1540
f 2300//2300 1948//1948 1947//1947
f 1948//1948 2300//2300 1540//1540
f 1545//1545 1949//1949 1979//1979
f 1979//1979 1949//1949 2301//2301
f 1545//1545 1547//1547 1949//1949
f 1949//1949 1547//1547 1950//1950
f 1950//1950 1547//1547 1546//1546
f 1949//1949 1950//1950 2301//2301
f 1950//1950 1951//1951 1952//1952
f 1950//1950 1952//1952 2301//2301
f 2301//2301 1952//1952 2302//2302
f 1952//1952 1951//1951 2302//2302
f 6366//6366 1954//1954 6321//6321
f 1555//1555 6368//6368 1957//1957
f 6369//6369 6367//6367 1955//1955
f 1957//1957 6370//6370 6371//6371
f 6372//6372 6365//6365 6373//6373
f 1958//1958 6372//6372 6373//6373
f 6373//6373 1556//1556 1958//1958
f 1958//1958 1556//1556 1959//1959
f 1957//1957 1960//1960 1555//1555
f 1555//1555 1960//1960 1557//1557
f 1557//1557 1960//1960 1965//1965
f 1961//1961 1957//1957 6371//6371
f 6374//6374 6372//6372 1958//1958
f 1958//1958 1959//1959 6374//6374
f 1957//1957 1961//1961 1962//1962
f 1957//1957 1962//1962 1960//1960
f 1962//1962 1965//1965 1960//1960
f 1962//1962 1961//1961 1963//1963
f 6374//6374 1959//1959 6375//6375
f 6375//6375 1959//1959 1964//1964
f 6376//6376 6375//6375 1964//1964
f 1962//1962 1963//1963 6377//6377
f 1965//1965 1966//1966 1557//1557
f 1947//1947 1557//1557 1966//1966
f 1959//1959 1968//1968 1964//1964
f 1967//1967 1969//1969 6379//6379
f 1966//1966 6383//6383 1947//1947
f 1947//1947 6383//6383 1971//1971
f 6378//6378 6381//6381 6380//6380
f 1964//1964 6382//6382 6376//6376
f 1968//1968 6382//6382 1964//1964
f 1967//1967 1970//1970 1969//1969
f 6383//6383 6384//6384 1971//1971
f 2303//2303 1971//1971 6385//6385
f 6386//6386 6382//6382 1968//1968
f 6425//6425 6386//6386 1968//1968
f 1556//1556 1972//1972 1959//1959
f 1972//1972 1968//1968 1959//1959
f 1968//1968 1972//1972 6425//6425
f 6425//6425 1972//1972 2304//2304
f 1971//1971 2305//2305 1947//1947
f 2304//2304 1972//1972 2310//2310
f 1972//1972 1558//1558 1974//1974
f 1972//1972 1974//1974 1973//1973
f 1973//1973 1974//1974 2311//2311
f 1559//1559 1975//1975 1974//1974
f 1975//1975 1977//1977 2313//2313
f 2312//2312 1977//1977 1976//1976
f 1977//1977 2312//2312 2313//2313
f 1542//1542 1545//1545 1979//1979
f 1976//1976 1542//1542 1979//1979
f 1976//1976 1979//1979 1980//1980
f 1976//1976 1980//1980 1978//1978
f 1976//1976 1978//1978 2312//2312
f 1979//1979 2301//2301 1980//1980
f 1980//1980 2312//2312 1978//1978
f 1980//1980 2301//2301 2312//2312
f 1981//1981 1984//1984 6322//6322
f 1985//1985 1983//1983 1981//1981
f 2318//2318 6387//6387 6388//6388
f 1983//1983 2315//2315 1981//1981
f 2315//2315 1982//1982 1981//1981
f 1984//1984 1981//1981 1982//1982
f 1984//1984 1988//1988 6322//6322
f 1985//1985 1981//1981 1561//1561
f 2318//2318 6388//6388 1986//1986
f 1986//1986 6388//6388 6323//6323
f 1988//1988 1984//1984 2626//2626
f 2321//2321 1993//1993 2626//2626
f 1987//1987 6390//6390 2317//2317
f 6439//6439 1990//1990 2917//2917
f 1566//1566 1997//1997 2323//2323
f 1561//1561 1981//1981 1560//1560
f 1987//1987 6389//6389 1561//1561
f 1987//1987 1561//1561 1992//1992
f 1987//1987 2317//2317 6389//6389
f 1570//1570 1988//1988 2626//2626
f 2626//2626 1993//1993 1570//1570
f 1989//1989 1993//1993 2321//2321
f 2917//2917 1990//1990 1566//1566
f 1997//1997 1998//1998 2323//2323
f 2323//2323 1998//1998 1991//1991
f 1998//1998 2000//2000 1991//1991
f 2323//2323 1991//1991 2000//2000
f 2328//2328 2323//2323 2000//2000
f 1993//1993 1994//1994 1570//1570
f 1994//1994 1573//1573 1570//1570
f 1995//1995 1994//1994 1993//1993
f 1995//1995 1573//1573 1994//1994
f 6391//6391 2002//2002 1573//1573
f 2002//2002 6391//6391 1996//1996
f 1995//1995 1993//1993 1989//1989
f 6391//6391 2326//2326 1996//1996
f 2330//2330 2003//2003 1996//1996
f 2000//2000 1998//1998 1999//1999
f 2000//2000 1999//1999 2001//2001
f 2001//2001 2336//2336 2000//2000
f 1573//1573 2002//2002 1576//1576
f 2002//2002 1996//1996 1576//1576
f 1996//1996 2003//2003 1576//1576
f 2016//2016 1576//1576 2003//2003
f 2004//2004 2016//2016 2003//2003
f 1999//1999 1998//1998 1574//1574
f 1999//1999 1574//1574 1575//1575
f 2001//2001 1999//1999 1575//1575
f 2005//2005 2001//2001 1580//1580
f 2344//2344 2005//2005 1580//1580
f 1580//1580 2008//2008 2344//2344
f 2339//2339 2005//2005 2344//2344
f 2008//2008 2009//2009 6449//6449
f 6449//6449 2009//2009 2015//2015
f 2001//2001 1575//1575 1580//1580
f 2008//2008 1580//1580 2018//2018
f 2007//2007 2010//2010 6392//6392
f 2012//2012 2009//2009 2008//2008
f 2010//2010 2012//2012 2008//2008
f 2018//2018 2010//2010 2008//2008
f 2012//2012 2010//2010 2011//2011
f 2011//2011 2010//2010 2007//2007
f 2007//2007 2014//2014 2011//2011
f 2012//2012 2015//2015 2009//2009
f 2012//2012 2011//2011 2013//2013
f 2014//2014 2013//2013 2011//2011
f 2012//2012 2013//2013 2015//2015
f 2347//2347 2013//2013 2014//2014
f 2346//2346 2020//2020 2019//2019
f 2006//2006 2346//2346 2019//2019
f 2017//2017 2007//2007 6392//6392
f 2017//2017 2014//2014 2007//2007
f 2023//2023 2014//2014 2017//2017
f 2023//2023 2024//2024 2014//2014
f 2348//2348 2024//2024 2033//2033
f 2024//2024 2347//2347 2014//2014
f 2348//2348 2033//2033 2354//2354
f 6450//6450 2033//2033 2353//2353
f 2348//2348 2347//2347 2024//2024
f 6450//6450 2353//2353 2355//2355
f 1587//1587 2006//2006 2019//2019
f 2020//2020 2028//2028 1588//1588
f 2020//2020 1588//1588 2019//2019
f 2031//2031 2020//2020 2022//2022
f 2352//2352 2022//2022 2020//2020
f 2022//2022 2021//2021 2031//2031
f 2021//2021 2360//2360 2031//2031
f 2034//2034 2353//2353 2033//2033
f 2356//2356 2025//2025 2026//2026
f 2026//2026 2025//2025 2036//2036
f 2025//2025 2356//2356 2034//2034
f 2029//2029 2038//2038 2028//2028
f 2031//2031 2029//2029 2020//2020
f 2029//2029 2028//2028 2020//2020
f 2031//2031 2030//2030 2029//2029
f 2029//2029 2030//2030 6393//6393
f 2030//2030 2359//2359 6393//6393
f 2359//2359 2041//2041 2039//2039
f 6393//6393 2359//2359 2039//2039
f 2360//2360 2030//2030 2031//2031
f 2035//2035 2359//2359 2027//2027
f 2041//2041 2359//2359 2035//2035
f 2032//2032 2033//2033 2024//2024
f 2032//2032 1597//1597 2033//2033
f 1597//1597 2034//2034 2033//2033
f 2042//2042 2034//2034 1597//1597
f 2034//2034 2042//2042 2036//2036
f 2036//2036 2025//2025 2034//2034
f 2027//2027 2036//2036 2035//2035
f 2026//2026 2036//2036 2027//2027
f 2039//2039 2037//2037 6393//6393
f 2041//2041 1608//1608 2039//2039
f 2040//2040 1608//1608 2041//2041
f 2035//2035 2043//2043 2040//2040
f 2035//2035 2040//2040 2041//2041
f 1600//1600 1108//1108 2043//2043
f 2042//2042 1600//1600 2036//2036
f 2035//2035 2036//2036 2043//2043
f 2036//2036 1600//1600 2043//2043
f 2037//2037 2039//2039 1608//1608
f 2040//2040 2043//2043 1608//1608
f 1600//1600 2042//2042 1609//1609
f 1108//1108 2044//2044 2043//2043
f 2073//2073 2365//2365 1653//1653
f 2075//2075 2366//2366 2076//2076
f 2091//2091 2045//2045 1662//1662
f 2091//2091 2046//2046 2045//2045
f 2046//2046 6332//6332 2045//2045
f 2372//2372 2373//2373 2046//2046
f 2373//2373 2047//2047 2046//2046
f 6332//6332 2046//2046 1618//1618
f 2046//2046 2047//2047 1618//1618
f 2047//2047 1628//1628 1618//1618
f 2047//2047 1623//1623 1628//1628
f 2686//2686 2048//2048 1623//1623
f 2374//2374 2049//2049 2048//2048
f 2374//2374 2051//2051 2049//2049
f 1632//1632 2048//2048 2050//2050
f 1632//1632 2050//2050 2052//2052
f 2049//2049 2052//2052 2050//2050
f 2050//2050 2048//2048 2049//2049
f 2051//2051 2052//2052 2049//2049
f 2051//2051 2053//2053 2052//2052
f 2377//2377 1637//1637 1636//1636
f 2053//2053 2051//2051 1636//1636
f 2051//2051 2054//2054 1636//1636
f 2377//2377 1636//1636 2054//2054
f 2051//2051 2377//2377 2054//2054
f 2378//2378 2379//2379 1637//1637
f 2427//2427 2379//2379 2690//2690
f 1645//1645 2379//2379 2427//2427
f 2427//2427 2055//2055 1645//1645
f 2383//2383 2056//2056 2381//2381
f 2056//2056 2383//2383 2104//2104
f 2060//2060 2104//2104 2057//2057
f 2383//2383 2057//2057 2104//2104
f 2383//2383 2058//2058 2057//2057
f 2058//2058 2060//2060 2057//2057
f 2385//2385 2058//2058 2383//2383
f 2703//2703 2059//2059 2385//2385
f 2385//2385 2059//2059 6396//6396
f 2059//2059 6398//6398 6396//6396
f 2061//2061 2060//2060 6397//6397
f 2060//2060 2061//2061 2104//2104
f 2388//2388 2062//2062 2061//2061
f 2062//2062 2063//2063 1679//1679
f 2062//2062 1679//1679 2061//2061
f 2065//2065 2068//2068 2063//2063
f 2398//2398 2397//2397 2064//2064
f 2064//2064 2397//2397 2065//2065
f 2065//2065 2397//2397 2066//2066
f 2062//2062 6461//6461 2067//2067
f 6462//6462 2064//2064 6399//6399
f 2064//2064 2063//2063 6399//6399
f 2063//2063 2064//2064 2065//2065
f 2066//2066 6400//6400 2065//2065
f 2063//2063 2062//2062 2067//2067
f 2063//2063 2068//2068 2070//2070
f 6400//6400 2069//2069 6401//6401
f 2066//2066 2403//2403 6400//6400
f 2072//2072 6400//6400 2403//2403
f 6400//6400 2072//2072 2069//2069
f 2063//2063 2070//2070 1679//1679
f 2070//2070 2071//2071 1679//1679
f 6401//6401 2072//2072 2071//2071
f 2069//2069 2072//2072 6401//6401
f 2072//2072 2073//2073 2071//2071
f 2071//2071 2073//2073 1679//1679
f 2073//2073 1653//1653 1679//1679
f 2364//2364 2074//2074 2365//2365
f 2366//2366 2074//2074 2364//2364
f 2075//2075 2074//2074 2366//2366
f 2365//2365 2074//2074 1653//1653
f 2076//2076 1655//1655 2075//2075
f 1655//1655 2368//2368 2077//2077
f 2079//2079 2077//2077 2368//2368
f 2076//2076 2368//2368 1655//1655
f 2077//2077 1656//1656 1655//1655
f 2077//2077 2079//2079 1656//1656
f 2369//2369 2079//2079 2368//2368
f 2370//2370 2078//2078 2369//2369
f 2370//2370 2408//2408 2078//2078
f 2078//2078 2079//2079 2369//2369
f 2408//2408 2080//2080 2078//2078
f 2078//2078 2081//2081 2079//2079
f 2082//2082 2081//2081 2078//2078
f 2078//2078 2080//2080 2082//2082
f 2408//2408 2410//2410 2080//2080
f 2081//2081 2082//2082 1657//1657
f 2410//2410 2082//2082 2080//2080
f 2082//2082 1658//1658 1657//1657
f 2082//2082 2418//2418 2083//2083
f 2082//2082 2083//2083 1660//1660
f 1660//1660 2083//2083 1661//1661
f 2418//2418 2084//2084 2083//2083
f 2083//2083 2084//2084 1661//1661
f 2084//2084 2417//2417 2085//2085
f 2085//2085 2087//2087 2084//2084
f 2084//2084 2087//2087 2086//2086
f 2417//2417 2087//2087 2085//2085
f 2088//2088 1661//1661 2086//2086
f 2084//2084 2086//2086 1661//1661
f 2088//2088 2086//2086 2089//2089
f 2086//2086 2087//2087 2089//2089
f 2087//2087 2421//2421 2089//2089
f 2088//2088 2090//2090 1662//1662
f 2090//2090 2091//2091 1662//1662
f 2089//2089 2090//2090 2088//2088
f 2090//2090 2089//2089 2091//2091
f 2091//2091 2089//2089 2421//2421
f 2092//2092 2046//2046 2091//2091
f 2091//2091 2426//2426 2092//2092
f 2426//2426 2046//2046 2092//2092
f 2427//2427 2428//2428 2055//2055
f 2055//2055 2428//2428 2093//2093
f 2105//2105 2106//2106 1666//1666
f 1666//1666 2093//2093 2105//2105
f 2108//2108 2094//2094 2095//2095
f 2094//2094 2096//2096 2095//2095
f 2429//2429 2097//2097 2094//2094
f 1667//1667 2108//2108 2095//2095
f 2094//2094 2097//2097 2096//2096
f 2095//2095 2098//2098 1667//1667
f 2098//2098 2099//2099 2102//2102
f 2095//2095 2096//2096 2098//2098
f 2098//2098 2096//2096 2099//2099
f 2097//2097 2099//2099 2096//2096
f 2100//2100 2097//2097 2429//2429
f 2099//2099 2101//2101 2102//2102
f 2099//2099 2097//2097 2101//2101
f 2097//2097 2100//2100 2101//2101
f 2101//2101 2100//2100 2103//2103
f 2056//2056 2100//2100 2381//2381
f 2102//2102 2101//2101 2103//2103
f 2103//2103 2100//2100 2056//2056
f 2105//2105 2431//2431 2106//2106
f 2431//2431 2112//2112 2106//2106
f 2115//2115 2107//2107 1311//1311
f 2107//2107 2717//2717 2108//2108
f 2717//2717 2094//2094 2108//2108
f 2108//2108 1689//1689 2107//2107
f 2112//2112 2110//2110 2111//2111
f 2110//2110 2126//2126 2111//2111
f 2110//2110 2112//2112 2109//2109
f 2739//2739 2113//2113 1700//1700
f 2113//2113 2114//2114 2115//2115
f 2113//2113 2433//2433 2114//2114
f 2433//2433 2434//2434 2114//2114
f 2433//2433 2113//2113 2739//2739
f 2114//2114 2434//2434 2115//2115
f 2141//2141 1711//1711 1714//1714
f 2454//2454 1714//1714 2436//2436
f 1714//1714 2116//2116 2436//2436
f 2116//2116 2118//2118 2436//2436
f 2436//2436 2118//2118 2437//2437
f 2437//2437 2118//2118 2438//2438
f 2438//2438 2118//2118 2119//2119
f 2455//2455 2119//2119 2143//2143
f 2118//2118 1722//1722 2120//2120
f 2118//2118 2120//2120 2119//2119
f 2121//2121 2119//2119 2120//2120
f 2122//2122 2123//2123 2125//2125
f 1739//1739 2125//2125 2123//2123
f 2125//2125 2109//2109 2440//2440
f 2124//2124 2125//2125 1739//1739
f 2125//2125 2124//2124 2126//2126
f 2125//2125 2110//2110 2109//2109
f 2126//2126 2110//2110 2125//2125
f 1746//1746 2127//2127 2128//2128
f 2127//2127 2441//2441 2128//2128
f 2441//2441 2127//2127 2154//2154
f 2128//2128 2441//2441 2129//2129
f 2441//2441 2442//2442 2443//2443
f 2441//2441 2443//2443 2129//2129
f 2444//2444 2130//2130 2129//2129
f 1700//1700 2129//2129 2130//2130
f 2130//2130 2444//2444 2739//2739
f 2131//2131 1758//1758 2132//2132
f 2131//2131 2458//2458 1758//1758
f 2131//2131 2132//2132 2458//2458
f 2132//2132 1758//1758 2136//2136
f 2461//2461 2458//2458 2132//2132
f 2132//2132 2136//2136 2461//2461
f 1758//1758 2135//2135 2136//2136
f 2134//2134 1764//1764 2137//2137
f 2133//2133 1764//1764 2134//2134
f 2133//2133 2134//2134 2138//2138
f 2138//2138 2135//2135 2133//2133
f 2137//2137 2138//2138 2134//2134
f 2463//2463 2138//2138 2445//2445
f 2445//2445 2138//2138 2137//2137
f 2445//2445 2446//2446 2463//2463
f 2445//2445 2137//2137 2446//2446
f 2137//2137 6348//6348 2139//2139
f 2137//2137 2139//2139 2446//2446
f 2139//2139 2447//2447 2446//2446
f 1774//1774 1775//1775 2140//2140
f 2139//2139 2140//2140 2447//2447
f 2140//2140 1775//1775 2449//2449
f 1775//1775 2141//2141 2449//2449
f 2142//2142 2141//2141 1714//1714
f 2449//2449 2141//2141 2142//2142
f 1714//1714 2450//2450 2142//2142
f 2450//2450 2449//2449 2142//2142
f 2119//2119 2121//2121 2143//2143
f 2143//2143 2121//2121 2144//2144
f 2144//2144 2122//2122 2456//2456
f 2121//2121 6402//6402 2144//2144
f 6402//6402 2146//2146 2144//2144
f 2144//2144 2146//2146 2122//2122
f 2468//2468 2147//2147 2148//2148
f 2149//2149 2150//2150 2148//2148
f 2147//2147 2149//2149 2148//2148
f 2147//2147 2152//2152 2149//2149
f 2151//2151 6403//6403 2152//2152
f 6404//6404 2149//2149 2152//2152
f 6403//6403 2151//2151 2154//2154
f 2152//2152 2748//2748 2151//2151
f 2151//2151 2748//2748 2154//2154
f 2153//2153 2154//2154 2127//2127
f 2148//2148 2150//2150 2153//2153
f 2153//2153 2150//2150 2154//2154
f 1785//1785 2155//2155 2156//2156
f 1785//1785 2156//2156 2173//2173
f 2157//2157 2155//2155 1791//1791
f 2156//2156 2155//2155 2173//2173
f 2155//2155 2157//2157 2173//2173
f 2173//2173 2157//2157 2473//2473
f 2157//2157 1793//1793 2473//2473
f 2158//2158 2458//2458 1793//1793
f 2459//2459 2473//2473 2458//2458
f 1793//1793 2458//2458 2473//2473
f 2135//2135 2138//2138 2136//2136
f 1796//1796 2176//2176 2478//2478
f 2159//2159 2160//2160 2162//2162
f 2160//2160 2159//2159 2465//2465
f 2162//2162 2467//2467 2163//2163
f 2465//2465 2467//2467 2160//2160
f 2162//2162 2160//2160 2467//2467
f 2159//2159 2161//2161 1795//1795
f 2161//2161 1779//1779 1795//1795
f 2162//2162 2161//2161 2159//2159
f 2161//2161 2162//2162 1779//1779
f 2163//2163 2468//2468 2165//2165
f 2165//2165 1779//1779 2164//2164
f 2162//2162 2165//2165 2164//2164
f 2162//2162 2164//2164 1779//1779
f 2165//2165 2162//2162 2163//2163
f 1803//1803 2169//2169 1804//1804
f 1804//1804 2169//2169 2180//2180
f 2169//2169 2489//2489 2180//2180
f 2166//2166 1809//1809 2172//2172
f 2169//2169 2166//2166 2167//2167
f 2167//2167 2166//2166 2168//2168
f 2166//2166 2172//2172 2168//2168
f 2169//2169 2167//2167 2168//2168
f 2169//2169 2168//2168 2170//2170
f 2169//2169 2170//2170 2489//2489
f 1808//1808 1810//1810 2172//2172
f 2172//2172 1809//1809 1808//1808
f 1810//1810 2173//2173 2172//2172
f 2172//2172 2171//2171 2168//2168
f 2168//2168 2171//2171 2170//2170
f 2489//2489 2170//2170 2171//2171
f 2173//2173 1810//1810 1785//1785
f 2173//2173 2473//2473 2472//2472
f 2184//2184 1820//1820 2183//2183
f 1821//1821 2184//2184 2174//2174
f 2175//2175 2475//2475 2476//2476
f 2175//2175 2174//2174 2475//2475
f 2476//2476 1821//1821 2175//2175
f 1821//1821 2174//2174 2175//2175
f 2477//2477 1821//1821 2476//2476
f 2477//2477 2479//2479 1821//1821
f 1821//1821 2176//2176 1794//1794
f 2479//2479 2176//2176 1821//1821
f 2176//2176 2479//2479 2478//2478
f 1797//1797 2190//2190 1832//1832
f 1797//1797 2177//2177 2190//2190
f 2180//2180 2177//2177 1797//1797
f 2178//2178 2190//2190 2177//2177
f 2190//2190 2178//2178 2484//2484
f 2180//2180 2181//2181 2177//2177
f 2181//2181 2179//2179 2177//2177
f 2177//2177 6405//6405 2178//2178
f 2178//2178 2486//2486 2484//2484
f 2178//2178 6405//6405 2486//2486
f 2486//2486 6405//6405 2487//2487
f 2179//2179 2181//2181 6470//6470
f 2180//2180 2489//2489 2181//2181
f 2193//2193 2196//2196 2182//2182
f 2182//2182 2196//2196 2491//2491
f 2491//2491 2183//2183 2182//2182
f 2185//2185 2183//2183 2491//2491
f 2183//2183 2185//2185 2184//2184
f 2184//2184 2185//2185 2475//2475
f 2475//2475 2174//2174 2184//2184
f 2185//2185 2496//2496 2475//2475
f 1839//1839 2203//2203 2200//2200
f 1839//1839 1840//1840 1841//1841
f 2203//2203 2186//2186 2501//2501
f 2186//2186 2504//2504 2501//2501
f 2186//2186 1839//1839 1841//1841
f 1841//1841 2187//2187 2186//2186
f 2187//2187 2189//2189 2186//2186
f 1831//1831 1832//1832 2190//2190
f 2188//2188 2189//2189 1831//1831
f 2188//2188 1831//1831 2190//2190
f 2188//2188 2190//2190 2517//2517
f 2189//2189 2188//2188 2514//2514
f 2517//2517 2190//2190 2518//2518
f 1844//1844 2192//2192 2193//2193
f 2192//2192 1844//1844 2191//2191
f 2191//2191 2213//2213 6406//6406
f 6407//6407 6410//6410 2219//2219
f 1442//1442 1844//1844 2193//2193
f 2193//2193 2194//2194 2196//2196
f 6409//6409 6408//6408 2195//2195
f 2193//2193 2192//2192 2194//2194
f 6408//6408 6407//6407 2195//2195
f 2220//2220 2525//2525 2521//2521
f 1875//1875 1876//1876 2197//2197
f 2198//2198 1875//1875 2197//2197
f 1860//1860 1861//1861 2198//2198
f 2198//2198 1861//1861 2199//2199
f 2198//2198 2199//2199 2531//2531
f 1862//1862 2200//2200 1861//1861
f 1861//1861 2201//2201 2199//2199
f 1861//1861 2200//2200 2201//2201
f 2201//2201 2200//2200 2202//2202
f 2202//2202 2200//2200 2203//2203
f 2199//2199 2201//2201 2532//2532
f 2201//2201 2202//2202 2532//2532
f 2202//2202 2203//2203 2204//2204
f 2204//2204 2502//2502 2202//2202
f 2203//2203 2502//2502 2204//2204
f 1839//1839 2186//2186 2203//2203
f 6360//6360 2207//2207 2206//2206
f 2206//2206 2207//2207 2208//2208
f 2208//2208 1863//1863 2206//2206
f 2205//2205 1863//1863 2208//2208
f 2205//2205 2208//2208 2209//2209
f 2211//2211 2191//2191 1844//1844
f 1844//1844 2205//2205 2211//2211
f 2211//2211 2212//2212 2191//2191
f 2205//2205 2210//2210 2211//2211
f 2205//2205 2209//2209 2210//2210
f 2210//2210 2209//2209 2211//2211
f 2211//2211 2209//2209 2212//2212
f 2209//2209 2219//2219 2212//2212
f 2191//2191 2212//2212 2213//2213
f 6410//6410 2212//2212 2219//2219
f 2220//2220 2195//2195 2219//2219
f 6407//6407 2219//2219 2195//2195
f 2220//2220 6409//6409 2195//2195
f 2220//2220 2527//2527 2525//2525
f 1872//1872 1873//1873 1874//1874
f 1875//1875 2214//2214 2542//2542
f 2216//2216 2214//2214 1875//1875
f 2216//2216 2215//2215 2214//2214
f 2215//2215 2544//2544 2214//2214
f 2544//2544 2230//2230 2214//2214
f 2544//2544 2215//2215 2216//2216
f 2216//2216 2217//2217 2544//2544
f 2216//2216 1875//1875 2198//2198
f 2198//2198 2218//2218 2216//2216
f 2217//2217 2216//2216 2218//2218
f 2220//2220 2231//2231 2527//2527
f 2527//2527 2231//2231 2221//2221
f 2221//2221 2233//2233 2541//2541
f 1895//1895 2222//2222 6413//6413
f 1895//1895 2223//2223 2222//2222
f 2227//2227 2225//2225 2223//2223
f 2222//2222 2223//2223 2224//2224
f 2224//2224 2223//2223 2225//2225
f 2224//2224 2225//2225 2242//2242
f 2243//2243 2227//2227 2228//2228
f 2226//2226 2227//2227 1895//1895
f 1895//1895 2227//2227 2223//2223
f 2227//2227 2226//2226 2228//2228
f 2226//2226 1872//1872 2228//2228
f 1872//1872 2244//2244 2228//2228
f 1872//1872 1874//1874 2244//2244
f 2229//2229 2244//2244 1874//1874
f 2229//2229 1874//1874 2542//2542
f 2226//2226 1895//1895 1872//1872
f 2230//2230 2542//2542 2214//2214
f 2231//2231 2248//2248 2232//2232
f 2232//2232 2248//2248 2249//2249
f 2248//2248 2246//2246 2249//2249
f 2231//2231 2233//2233 2221//2221
f 2233//2233 2231//2231 2232//2232
f 2541//2541 2233//2233 2232//2232
f 2541//2541 2232//2232 2546//2546
f 2546//2546 2232//2232 2249//2249
f 2562//2562 1901//1901 6412//6412
f 2557//2557 2562//2562 6412//6412
f 2235//2235 6412//6412 6413//6413
f 2235//2235 2238//2238 2557//2557
f 2235//2235 2557//2557 6412//6412
f 6413//6413 2237//2237 2235//2235
f 6413//6413 2222//2222 2237//2237
f 2235//2235 2237//2237 2238//2238
f 2240//2240 2238//2238 2237//2237
f 2238//2238 2240//2240 2239//2239
f 2557//2557 2238//2238 2239//2239
f 2240//2240 2241//2241 2239//2239
f 2222//2222 2224//2224 2237//2237
f 2237//2237 2224//2224 2240//2240
f 2242//2242 2240//2240 2224//2224
f 2240//2240 2242//2242 2241//2241
f 2241//2241 2242//2242 2547//2547
f 2225//2225 2549//2549 6483//6483
f 2550//2550 2225//2225 2227//2227
f 2225//2225 2550//2550 2549//2549
f 2227//2227 2551//2551 6484//6484
f 2548//2548 2549//2549 2550//2550
f 2242//2242 6411//6411 2547//2547
f 2227//2227 2243//2243 2551//2551
f 2243//2243 2228//2228 2244//2244
f 2231//2231 1902//1902 2245//2245
f 2231//2231 2245//2245 2248//2248
f 2248//2248 2245//2245 2246//2246
f 2254//2254 2245//2245 1906//1906
f 2245//2245 2254//2254 2246//2246
f 2247//2247 2246//2246 2254//2254
f 2247//2247 2556//2556 2246//2246
f 2247//2247 2560//2560 2556//2556
f 2249//2249 2246//2246 2556//2556
f 1905//1905 2251//2251 2250//2250
f 1905//1905 2252//2252 2251//2251
f 2253//2253 2252//2252 1900//1900
f 2252//2252 2253//2253 2251//2251
f 2251//2251 2253//2253 2562//2562
f 1900//1900 2562//2562 2253//2253
f 1907//1907 2254//2254 1906//1906
f 1912//1912 2266//2266 2255//2255
f 1910//1910 2256//2256 1912//1912
f 2269//2269 2256//2256 2257//2257
f 2256//2256 1914//1914 2257//2257
f 2257//2257 1915//1915 2258//2258
f 1915//1915 1919//1919 2258//2258
f 2258//2258 2260//2260 2873//2873
f 1919//1919 1920//1920 2258//2258
f 1920//1920 1921//1921 2259//2259
f 2258//2258 1920//1920 2259//2259
f 2259//2259 1921//1921 2260//2260
f 2258//2258 2259//2259 2260//2260
f 1921//1921 2250//2250 2561//2561
f 2250//2250 2251//2251 2561//2561
f 2561//2561 2251//2251 2562//2562
f 1524//1524 2570//2570 2560//2560
f 1907//1907 1524//1524 2560//2560
f 2563//2563 2277//2277 2261//2261
f 2563//2563 2261//2261 2262//2262
f 2262//2262 2261//2261 2263//2263
f 2263//2263 2265//2265 2262//2262
f 2566//2566 2262//2262 2265//2265
f 2263//2263 2261//2261 2255//2255
f 2255//2255 2266//2266 2263//2263
f 2263//2263 2264//2264 2265//2265
f 2566//2566 2265//2265 2264//2264
f 2566//2566 2264//2264 2267//2267
f 2263//2263 2266//2266 2264//2264
f 2264//2264 2266//2266 2267//2267
f 2266//2266 1912//1912 2267//2267
f 2267//2267 1912//1912 2269//2269
f 2268//2268 2267//2267 2269//2269
f 1912//1912 2256//2256 2269//2269
f 2257//2257 2258//2258 2269//2269
f 2269//2269 2258//2258 2568//2568
f 1927//1927 2271//2271 2270//2270
f 2270//2270 2271//2271 2287//2287
f 2273//2273 2592//2592 1931//1931
f 2274//2274 2571//2571 2273//2273
f 2571//2571 2274//2274 2573//2573
f 2275//2275 2274//2274 1922//1922
f 2274//2274 2275//2275 2276//2276
f 1922//1922 2277//2277 2275//2275
f 2276//2276 2275//2275 2277//2277
f 2574//2574 2277//2277 2563//2563
f 2277//2277 2574//2574 2276//2276
f 2578//2578 2279//2279 2281//2281
f 2578//2578 2281//2281 2579//2579
f 2279//2279 2282//2282 2280//2280
f 2280//2280 2282//2282 2281//2281
f 2281//2281 2279//2279 2280//2280
f 2282//2282 2283//2283 2281//2281
f 2283//2283 2581//2581 2281//2281
f 2581//2581 2283//2283 2284//2284
f 2284//2284 2285//2285 2583//2583
f 2284//2284 2583//2583 2582//2582
f 2284//2284 2582//2582 2581//2581
f 2283//2283 1941//1941 2284//2284
f 2285//2285 2284//2284 1941//1941
f 2583//2583 2285//2285 2586//2586
f 2586//2586 2285//2285 2286//2286
f 2285//2285 1941//1941 2270//2270
f 2286//2286 2285//2285 2270//2270
f 2287//2287 2286//2286 2270//2270
f 2287//2287 2589//2589 2286//2286
f 2287//2287 2271//2271 2272//2272
f 2589//2589 2287//2287 2591//2591
f 2287//2287 2272//2272 2591//2591
f 2591//2591 2272//2272 2592//2592
f 1942//1942 1540//1540 2595//2595
f 2595//2595 1540//1540 2300//2300
f 2595//2595 3186//3186 1942//1942
f 2617//2617 2288//2288 2290//2290
f 2617//2617 2290//2290 2597//2597
f 2597//2597 2290//2290 2289//2289
f 2288//2288 1946//1946 2290//2290
f 2290//2290 2278//2278 2289//2289
f 2278//2278 1940//1940 2598//2598
f 2598//2598 1940//1940 2279//2279
f 2307//2307 1947//1947 2305//2305
f 2307//2307 2308//2308 1947//1947
f 2308//2308 2293//2293 1947//1947
f 2291//2291 2292//2292 6434//6434
f 6416//6416 6435//6435 6414//6414
f 2300//2300 2293//2293 2297//2297
f 2294//2294 6417//6417 2296//2296
f 6422//6422 6418//6418 6415//6415
f 2292//2292 2291//2291 6423//6423
f 2297//2297 2293//2293 6419//6419
f 2295//2295 2297//2297 6419//6419
f 6424//6424 6421//6421 6420//6420
f 2297//2297 2298//2298 2300//2300
f 2293//2293 2300//2300 1947//1947
f 2601//2601 2309//2309 2299//2299
f 2600//2600 2603//2603 2298//2298
f 2300//2300 2298//2298 2603//2603
f 6486//6486 2600//2600 2297//2297
f 2298//2298 2297//2297 2600//2600
f 2309//2309 6423//6423 2291//2291
f 6438//6438 6487//6487 6424//6424
f 2601//2601 2299//2299 2602//2602
f 2300//2300 2603//2603 2605//2605
f 2299//2299 2610//2610 2604//2604
f 2301//2301 2302//2302 2911//2911
f 2302//2302 2617//2617 2616//2616
f 2911//2911 2302//2302 2616//2616
f 2306//2306 2305//2305 1971//1971
f 6432//6432 6427//6427 6428//6428
f 1971//1971 2303//2303 2306//2306
f 6429//6429 6425//6425 2304//2304
f 6430//6430 6426//6426 6436//6436
f 6431//6431 6437//6437 6433//6433
f 2304//2304 2310//2310 6434//6434
f 2309//2309 6434//6434 2310//2310
f 2309//2309 2291//2291 6434//6434
f 2310//2310 1972//1972 1973//1973
f 2309//2309 2310//2310 2299//2299
f 2310//2310 1973//1973 2311//2311
f 2310//2310 2311//2311 2299//2299
f 2610//2610 2299//2299 2311//2311
f 2619//2619 2311//2311 1974//1974
f 1975//1975 2313//2313 1974//1974
f 1974//1974 2313//2313 2620//2620
f 1974//1974 2620//2620 2619//2619
f 2312//2312 2301//2301 2313//2313
f 2621//2621 2622//2622 2314//2314
f 2625//2625 2621//2621 2316//2316
f 3227//3227 2321//2321 2626//2626
f 2315//2315 2621//2621 2314//2314
f 2314//2314 1982//1982 2315//2315
f 2314//2314 1984//1984 1982//1982
f 2316//2316 2621//2621 2315//2315
f 6387//6387 2318//2318 2316//2316
f 1983//1983 2316//2316 2315//2315
f 2314//2314 2626//2626 1984//1984
f 2623//2623 2318//2318 2317//2317
f 2623//2623 2316//2316 2318//2318
f 2317//2317 2318//2318 6389//6389
f 2319//2319 2322//2322 2320//2320
f 2319//2319 2917//2917 1566//1566
f 2319//2319 1566//1566 2322//2322
f 2322//2322 1566//1566 2323//2323
f 2320//2320 2322//2322 2323//2323
f 2329//2329 2635//2635 2324//2324
f 1995//1995 1989//1989 2325//2325
f 6440//6440 2326//2326 6391//6391
f 2630//2630 2325//2325 1989//1989
f 6440//6440 6509//6509 2326//2326
f 6441//6441 2630//2630 2330//2330
f 2327//2327 2330//2330 2630//2630
f 2327//2327 2343//2343 2330//2330
f 2632//2632 2327//2327 2630//2630
f 2632//2632 2343//2343 2327//2327
f 2323//2323 2328//2328 2320//2320
f 2320//2320 2328//2328 2324//2324
f 2324//2324 2328//2328 2329//2329
f 1996//1996 6441//6441 2330//2330
f 2343//2343 2003//2003 2330//2330
f 2006//2006 6448//6448 2331//2331
f 2332//2332 2335//2335 2334//2334
f 2634//2634 2333//2333 2331//2331
f 2331//2331 2333//2333 2332//2332
f 2333//2333 6443//6443 2332//2332
f 2634//2634 6443//6443 2333//2333
f 2638//2638 6442//6442 6444//6444
f 2638//2638 2346//2346 6442//6442
f 2336//2336 2001//2001 2337//2337
f 2337//2337 2001//2001 2005//2005
f 6446//6446 2337//2337 2005//2005
f 2328//2328 2000//2000 2336//2336
f 2338//2338 2337//2337 6446//6446
f 2338//2338 2336//2336 2337//2337
f 2328//2328 2336//2336 2338//2338
f 6447//6447 2340//2340 6445//6445
f 2329//2329 2328//2328 2338//2338
f 2329//2329 6445//6445 2340//2340
f 2340//2340 6447//6447 2341//2341
f 2341//2341 2640//2640 2340//2340
f 2340//2340 2640//2640 2329//2329
f 2342//2342 2640//2640 2341//2341
f 2343//2343 2004//2004 2003//2003
f 2343//2343 2016//2016 2004//2004
f 2006//2006 2016//2016 6448//6448
f 2332//2332 2006//2006 2331//2331
f 2332//2332 2346//2346 2006//2006
f 2346//2346 2332//2332 2334//2334
f 2341//2341 6447//6447 6449//6449
f 2341//2341 6449//6449 2015//2015
f 2341//2341 2015//2015 2345//2345
f 2345//2345 2342//2342 2341//2341
f 2342//2342 2345//2345 2640//2640
f 2345//2345 2348//2348 2640//2640
f 2350//2350 2352//2352 2641//2641
f 2346//2346 2351//2351 2020//2020
f 2641//2641 2351//2351 2346//2346
f 2641//2641 2352//2352 2351//2351
f 2345//2345 2015//2015 2013//2013
f 2345//2345 2013//2013 2347//2347
f 2348//2348 2345//2345 2347//2347
f 2348//2348 2354//2354 2642//2642
f 2356//2356 6511//6511 2349//2349
f 2349//2349 6511//6511 6450//6450
f 2358//2358 2350//2350 3245//3245
f 2351//2351 2352//2352 2020//2020
f 2353//2353 2034//2034 2355//2355
f 2034//2034 2356//2356 6451//6451
f 2026//2026 2357//2357 2356//2356
f 2355//2355 2349//2349 6450//6450
f 2349//2349 6451//6451 2356//2356
f 2357//2357 2027//2027 6452//6452
f 2021//2021 2022//2022 2352//2352
f 2360//2360 2021//2021 2352//2352
f 2352//2352 2350//2350 2360//2360
f 2358//2358 2359//2359 2350//2350
f 2360//2360 2350//2350 2359//2359
f 6452//6452 2027//2027 2359//2359
f 2026//2026 2027//2027 2357//2357
f 2360//2360 2359//2359 2030//2030
f 2646//2646 2650//2650 2402//2402
f 2650//2650 2362//2362 2402//2402
f 2405//2405 2402//2402 2362//2362
f 2391//2391 2361//2361 6461//6461
f 2659//2659 2363//2363 2362//2362
f 2362//2362 2363//2363 2406//2406
f 2406//2406 2363//2363 2364//2364
f 2363//2363 2668//2668 2670//2670
f 2364//2364 2363//2363 2670//2670
f 2364//2364 2073//2073 2406//2406
f 2364//2364 2365//2365 2073//2073
f 2364//2364 2670//2670 2366//2366
f 2366//2366 2670//2670 2368//2368
f 2671//2671 2367//2367 2368//2368
f 2368//2368 2670//2670 2671//2671
f 2366//2366 2368//2368 2076//2076
f 2369//2369 2368//2368 2367//2367
f 2672//2672 2371//2371 2367//2367
f 2370//2370 2369//2369 2367//2367
f 2367//2367 2371//2371 2370//2370
f 2371//2371 2674//2674 2407//2407
f 2409//2409 2407//2407 2674//2674
f 2411//2411 2409//2409 2674//2674
f 2425//2425 2715//2715 2046//2046
f 2715//2715 2372//2372 2046//2046
f 2373//2373 2372//2372 2715//2715
f 2373//2373 1623//1623 2047//2047
f 2684//2684 1623//1623 2373//2373
f 2684//2684 2686//2686 1623//1623
f 2686//2686 2374//2374 6395//6395
f 2375//2375 2051//2051 2687//2687
f 2375//2375 2377//2377 2051//2051
f 2687//2687 2377//2377 2375//2375
f 2376//2376 2377//2377 2687//2687
f 2378//2378 2377//2377 2376//2376
f 2376//2376 2689//2689 2378//2378
f 2377//2377 2378//2378 1637//1637
f 2689//2689 2688//2688 2379//2379
f 2379//2379 2688//2688 2690//2690
f 2379//2379 2378//2378 2689//2689
f 2094//2094 2380//2380 2429//2429
f 2429//2429 2380//2380 2100//2100
f 2699//2699 2382//2382 6456//6456
f 2380//2380 2381//2381 2100//2100
f 2382//2382 2381//2381 6456//6456
f 2382//2382 2384//2384 2381//2381
f 2381//2381 2384//2384 2383//2383
f 2384//2384 2385//2385 2383//2383
f 2385//2385 2384//2384 2382//2382
f 2382//2382 2703//2703 2385//2385
f 2386//2386 2387//2387 2703//2703
f 2386//2386 2952//2952 2388//2388
f 2386//2386 2388//2388 2387//2387
f 2703//2703 2387//2387 6397//6397
f 6397//6397 2387//2387 2061//2061
f 2061//2061 2387//2387 2388//2388
f 2389//2389 2395//2395 2388//2388
f 2388//2388 2390//2390 2389//2389
f 2389//2389 2390//2390 2395//2395
f 2952//2952 2390//2390 2388//2388
f 2952//2952 2646//2646 2390//2390
f 2391//2391 2062//2062 2392//2392
f 2391//2391 2393//2393 2401//2401
f 2392//2392 2062//2062 2388//2388
f 2391//2391 2392//2392 2393//2393
f 2392//2392 2388//2388 2395//2395
f 2392//2392 2395//2395 6458//6458
f 2395//2395 2394//2394 6459//6459
f 6466//6466 6459//6459 2394//2394
f 2395//2395 2390//2390 2396//2396
f 2396//2396 2394//2394 2395//2395
f 2390//2390 2646//2646 2396//2396
f 2646//2646 6468//6468 2394//2394
f 2646//2646 2394//2394 2396//2396
f 6453//6453 2399//2399 6463//6463
f 6464//6464 2397//2397 2398//2398
f 2400//2400 6460//6460 6465//6465
f 2066//2066 6460//6460 2400//2400
f 2062//2062 2391//2391 6461//6461
f 6457//6457 6467//6467 6454//6454
f 6466//6466 6465//6465 6455//6455
f 2394//2394 6465//6465 6466//6466
f 6465//6465 2394//2394 2400//2400
f 2394//2394 2404//2404 2400//2400
f 6468//6468 2404//2404 2394//2394
f 2066//2066 2400//2400 2403//2403
f 2400//2400 2404//2404 2403//2403
f 2404//2404 2072//2072 2403//2403
f 2405//2405 6469//6469 2402//2402
f 6469//6469 2073//2073 2072//2072
f 6469//6469 2405//2405 2073//2073
f 2073//2073 2405//2405 2362//2362
f 2406//2406 2073//2073 2362//2362
f 2370//2370 2371//2371 2408//2408
f 2407//2407 2409//2409 2408//2408
f 2407//2407 2408//2408 2371//2371
f 2408//2408 2409//2409 2410//2410
f 2411//2411 2082//2082 2410//2410
f 2410//2410 2409//2409 2411//2411
f 2411//2411 2413//2413 2082//2082
f 2411//2411 2704//2704 2412//2412
f 2413//2413 2411//2411 2412//2412
f 2413//2413 2412//2412 2704//2704
f 2704//2704 2082//2082 2413//2413
f 2706//2706 2707//2707 2414//2414
f 2704//2704 2414//2414 2082//2082
f 2414//2414 2418//2418 2082//2082
f 2708//2708 2418//2418 2414//2414
f 2707//2707 2708//2708 2414//2414
f 2708//2708 2416//2416 2418//2418
f 2415//2415 2710//2710 2416//2416
f 2416//2416 2708//2708 2415//2415
f 2418//2418 2416//2416 2417//2417
f 2416//2416 2710//2710 2417//2417
f 2417//2417 2084//2084 2418//2418
f 2417//2417 2710//2710 2421//2421
f 6514//6514 2419//2419 2421//2421
f 2419//2419 2422//2422 2423//2423
f 2420//2420 2422//2422 2419//2419
f 2420//2420 2712//2712 2422//2422
f 2713//2713 2422//2422 2712//2712
f 2417//2417 2421//2421 2087//2087
f 2422//2422 2424//2424 2423//2423
f 2421//2421 2423//2423 2091//2091
f 2419//2419 2423//2423 2421//2421
f 2424//2424 2425//2425 2423//2423
f 2424//2424 2714//2714 2425//2425
f 2091//2091 2423//2423 2426//2426
f 2425//2425 2426//2426 2423//2423
f 2426//2426 2425//2425 2046//2046
f 2430//2430 2428//2428 2427//2427
f 2430//2430 2427//2427 2716//2716
f 2093//2093 2428//2428 2432//2432
f 2717//2717 2719//2719 2094//2094
f 2719//2719 2721//2721 2094//2094
f 2430//2430 2431//2431 2428//2428
f 2432//2432 2428//2428 2431//2431
f 2432//2432 2431//2431 2093//2093
f 2093//2093 2431//2431 2105//2105
f 2435//2435 2717//2717 2107//2107
f 2109//2109 2112//2112 2431//2431
f 2109//2109 2431//2431 2440//2440
f 2739//2739 2435//2435 2433//2433
f 2433//2433 2435//2435 2434//2434
f 2434//2434 2435//2435 2115//2115
f 2435//2435 2107//2107 2115//2115
f 2454//2454 2436//2436 2743//2743
f 2437//2437 2743//2743 2436//2436
f 2744//2744 2743//2743 2437//2437
f 2438//2438 2745//2745 2744//2744
f 2438//2438 2744//2744 2437//2437
f 2438//2438 2119//2119 2439//2439
f 2455//2455 2439//2439 2119//2119
f 2456//2456 2737//2737 2455//2455
f 2122//2122 2737//2737 2456//2456
f 2125//2125 2440//2440 2122//2122
f 2748//2748 2442//2442 2441//2441
f 2443//2443 2444//2444 2129//2129
f 2443//2443 2442//2442 2444//2444
f 2739//2739 2444//2444 2738//2738
f 2444//2444 2442//2442 2738//2738
f 1700//1700 2130//2130 2739//2739
f 2740//2740 2463//2463 2448//2448
f 2463//2463 2446//2446 2448//2448
f 2448//2448 2446//2446 2447//2447
f 2448//2448 2447//2447 2453//2453
f 2448//2448 2453//2453 2740//2740
f 2453//2453 2447//2447 2140//2140
f 2140//2140 2451//2451 2453//2453
f 2450//2450 1714//1714 2454//2454
f 2140//2140 2449//2449 2451//2451
f 2449//2449 2450//2450 2451//2451
f 2452//2452 2453//2453 2451//2451
f 2452//2452 2451//2451 2450//2450
f 2453//2453 2452//2452 2454//2454
f 2452//2452 2450//2450 2454//2454
f 2455//2455 2143//2143 2144//2144
f 2144//2144 2456//2456 2455//2455
f 2457//2457 2147//2147 2468//2468
f 2152//2152 2147//2147 2457//2457
f 2152//2152 2457//2457 2748//2748
f 2442//2442 2748//2748 2749//2749
f 2748//2748 2441//2441 2154//2154
f 2751//2751 2459//2459 2460//2460
f 2752//2752 2751//2751 2460//2460
f 2460//2460 2740//2740 2752//2752
f 2460//2460 2459//2459 2462//2462
f 2460//2460 2462//2462 2740//2740
f 2461//2461 2136//2136 2463//2463
f 2458//2458 2461//2461 2459//2459
f 2463//2463 2462//2462 2461//2461
f 2461//2461 2462//2462 2459//2459
f 2136//2136 2138//2138 2463//2463
f 2462//2462 2463//2463 2740//2740
f 2481//2481 2464//2464 2480//2480
f 2159//2159 2464//2464 2465//2465
f 2466//2466 2465//2465 2464//2464
f 2481//2481 2466//2466 2464//2464
f 2481//2481 2756//2756 2466//2466
f 2465//2465 2466//2466 2467//2467
f 2466//2466 2163//2163 2467//2467
f 2466//2466 2756//2756 2468//2468
f 2756//2756 2457//2457 2468//2468
f 2163//2163 2466//2466 2468//2468
f 2489//2489 2171//2171 2469//2469
f 2489//2489 2469//2469 2470//2470
f 2470//2470 2469//2469 2770//2770
f 2471//2471 2171//2171 2172//2172
f 2171//2171 2471//2471 2469//2469
f 2469//2469 2471//2471 2770//2770
f 2173//2173 2471//2471 2172//2172
f 2770//2770 2471//2471 2774//2774
f 2471//2471 2173//2173 2472//2472
f 2472//2472 2474//2474 2471//2471
f 2471//2471 2474//2474 2774//2774
f 2472//2472 2473//2473 2474//2474
f 2474//2474 2473//2473 2751//2751
f 2473//2473 2459//2459 2751//2751
f 2474//2474 2751//2751 2752//2752
f 2496//2496 2497//2497 2475//2475
f 2475//2475 2779//2779 2476//2476
f 2475//2475 2812//2812 2779//2779
f 2476//2476 2779//2779 2477//2477
f 2477//2477 2780//2780 2479//2479
f 2780//2780 2481//2481 2479//2479
f 2479//2479 2480//2480 2478//2478
f 2478//2478 2480//2480 2159//2159
f 2464//2464 2159//2159 2480//2480
f 2479//2479 2481//2481 2480//2480
f 2783//2783 2482//2482 2795//2795
f 2796//2796 2795//2795 2482//2482
f 2483//2483 2482//2482 2527//2527
f 2482//2482 2483//2483 2796//2796
f 2797//2797 2796//2796 2483//2483
f 2797//2797 2483//2483 2762//2762
f 2762//2762 2483//2483 2799//2799
f 2519//2519 2484//2484 2485//2485
f 2803//2803 2485//2485 2804//2804
f 2486//2486 2487//2487 2488//2488
f 2486//2486 2488//2488 2485//2485
f 2486//2486 2485//2485 2484//2484
f 2485//2485 2805//2805 2804//2804
f 2489//2489 2490//2490 2181//2181
f 6470//6470 2181//2181 2490//2490
f 2487//2487 6471//6471 2488//2488
f 2485//2485 2488//2488 6471//6471
f 2489//2489 2470//2470 2490//2490
f 2770//2770 2490//2490 2470//2470
f 6471//6471 6516//6516 2485//2485
f 2492//2492 2522//2522 2524//2524
f 6472//6472 2522//2522 2492//2492
f 2492//2492 2493//2493 6472//6472
f 2526//2526 2492//2492 2524//2524
f 2492//2492 2526//2526 2493//2493
f 2493//2493 2526//2526 2525//2525
f 2491//2491 2496//2496 2185//2185
f 2491//2491 2494//2494 2496//2496
f 2493//2493 2525//2525 2495//2495
f 2494//2494 2491//2491 6473//6473
f 6475//6475 2494//2494 6474//6474
f 2499//2499 2498//2498 2525//2525
f 2496//2496 2494//2494 2497//2497
f 2494//2494 6475//6475 6476//6476
f 2498//2498 2495//2495 2525//2525
f 6476//6476 2497//2497 2494//2494
f 2497//2497 2812//2812 2475//2475
f 6541//6541 2497//2497 6476//6476
f 2813//2813 2498//2498 2499//2499
f 2482//2482 2783//2783 2499//2499
f 2527//2527 2528//2528 2500//2500
f 2528//2528 2529//2529 2500//2500
f 2527//2527 2482//2482 2499//2499
f 2527//2527 2500//2500 2483//2483
f 2500//2500 2530//2530 2483//2483
f 2483//2483 2530//2530 2799//2799
f 2532//2532 2502//2502 2533//2533
f 2502//2502 2203//2203 2501//2501
f 2533//2533 2502//2502 2503//2503
f 2502//2502 2501//2501 2503//2503
f 2503//2503 2501//2501 2505//2505
f 6478//6478 2536//2536 2503//2503
f 2505//2505 6477//6477 2507//2507
f 2501//2501 6477//6477 2505//2505
f 2508//2508 2536//2536 6478//6478
f 2504//2504 2186//2186 2506//2506
f 2506//2506 2510//2510 2507//2507
f 2507//2507 6477//6477 2506//2506
f 6478//6478 2507//2507 2508//2508
f 2508//2508 2507//2507 2511//2511
f 2507//2507 2510//2510 2511//2511
f 2508//2508 2511//2511 2512//2512
f 2508//2508 2512//2512 2509//2509
f 2508//2508 2509//2509 2536//2536
f 2186//2186 2189//2189 2515//2515
f 2186//2186 2515//2515 2506//2506
f 2506//2506 2515//2515 2510//2510
f 2515//2515 2516//2516 2511//2511
f 2515//2515 2511//2511 2510//2510
f 2516//2516 2512//2512 2511//2511
f 2513//2513 2512//2512 2516//2516
f 2509//2509 2512//2512 2513//2513
f 2513//2513 2815//2815 2509//2509
f 2514//2514 2188//2188 2517//2517
f 2189//2189 2514//2514 2515//2515
f 2514//2514 2519//2519 2515//2515
f 2514//2514 2517//2517 2519//2519
f 2515//2515 2519//2519 2516//2516
f 2519//2519 2816//2816 2516//2516
f 2516//2516 2816//2816 2513//2513
f 2519//2519 2517//2517 2518//2518
f 2518//2518 2484//2484 2519//2519
f 2518//2518 2190//2190 2484//2484
f 2519//2519 2485//2485 2816//2816
f 2817//2817 2485//2485 2803//2803
f 2491//2491 2196//2196 2520//2520
f 6409//6409 2220//2220 2521//2521
f 2521//2521 6479//6479 6409//6409
f 6472//6472 6480//6480 2522//2522
f 6479//6479 2521//2521 2523//2523
f 2522//2522 6481//6481 6482//6482
f 2522//2522 6482//6482 2524//2524
f 2524//2524 2523//2523 2526//2526
f 2521//2521 2525//2525 2523//2523
f 2523//2523 2525//2525 2526//2526
f 2525//2525 2527//2527 2499//2499
f 2527//2527 2541//2541 2528//2528
f 2528//2528 2541//2541 2529//2529
f 2529//2529 2538//2538 2500//2500
f 2531//2531 2199//2199 2533//2533
f 2531//2531 2533//2533 2836//2836
f 2199//2199 2532//2532 2533//2533
f 2533//2533 2534//2534 2836//2836
f 2534//2534 2540//2540 2836//2836
f 2540//2540 2534//2534 2535//2535
f 2841//2841 2540//2540 2535//2535
f 2532//2532 2202//2202 2502//2502
f 2533//2533 2537//2537 2534//2534
f 2537//2537 2852//2852 2534//2534
f 2852//2852 2535//2535 2534//2534
f 2842//2842 2535//2535 2852//2852
f 2536//2536 2537//2537 2503//2503
f 2503//2503 2537//2537 2533//2533
f 2536//2536 2852//2852 2537//2537
f 2536//2536 2509//2509 2852//2852
f 2221//2221 2541//2541 2527//2527
f 2538//2538 2541//2541 2530//2530
f 2529//2529 2541//2541 2538//2538
f 2500//2500 2538//2538 2530//2530
f 2530//2530 2854//2854 2833//2833
f 2833//2833 2854//2854 3142//3142
f 2217//2217 2539//2539 2545//2545
f 2217//2217 2218//2218 2539//2539
f 2218//2218 2198//2198 2539//2539
f 2865//2865 2539//2539 2834//2834
f 2539//2539 2531//2531 2834//2834
f 2198//2198 2531//2531 2539//2539
f 2531//2531 2836//2836 2867//2867
f 2541//2541 2546//2546 2530//2530
f 2546//2546 2854//2854 2530//2530
f 2542//2542 2230//2230 2544//2544
f 2555//2555 2542//2542 2544//2544
f 2217//2217 2543//2543 2544//2544
f 2543//2543 2545//2545 2544//2544
f 2544//2544 2545//2545 2555//2555
f 2545//2545 2862//2862 2855//2855
f 2217//2217 2545//2545 2543//2543
f 2539//2539 2862//2862 2545//2545
f 2539//2539 2865//2865 2863//2863
f 2546//2546 2249//2249 2556//2556
f 2549//2549 2559//2559 6483//6483
f 2558//2558 2239//2239 2547//2547
f 2239//2239 2241//2241 2547//2547
f 2548//2548 2559//2559 2549//2549
f 2547//2547 2559//2559 2558//2558
f 3176//3176 2559//2559 2548//2548
f 6484//6484 2551//2551 2554//2554
f 2554//2554 2868//2868 6484//6484
f 2868//2868 2548//2548 6484//6484
f 2243//2243 2552//2552 2551//2551
f 2244//2244 2552//2552 2243//2243
f 2553//2553 2552//2552 2244//2244
f 2552//2552 2554//2554 2551//2551
f 2554//2554 2552//2552 2553//2553
f 2553//2553 2868//2868 2554//2554
f 2553//2553 2229//2229 2555//2555
f 2868//2868 2553//2553 2555//2555
f 2229//2229 2553//2553 2244//2244
f 2555//2555 2229//2229 2542//2542
f 2558//2558 3176//3176 2557//2557
f 3176//3176 2558//2558 2559//2559
f 2558//2558 2557//2557 2239//2239
f 2868//2868 3176//3176 2548//2548
f 2560//2560 2254//2254 1907//1907
f 2254//2254 2560//2560 2247//2247
f 2873//2873 2561//2561 2869//2869
f 2873//2873 2260//2260 2561//2561
f 1921//1921 2561//2561 2260//2260
f 2561//2561 2562//2562 2869//2869
f 2557//2557 2869//2869 2562//2562
f 2560//2560 2570//2570 3178//3178
f 2563//2563 2262//2262 2576//2576
f 2577//2577 2576//2576 2262//2262
f 2577//2577 2262//2262 2564//2564
f 2564//2564 2566//2566 2577//2577
f 2566//2566 2564//2564 2262//2262
f 2565//2565 2577//2577 2566//2566
f 2565//2565 2879//2879 2577//2577
f 2565//2565 2268//2268 2879//2879
f 2879//2879 2268//2268 2567//2567
f 2565//2565 2566//2566 2267//2267
f 2565//2565 2267//2267 2268//2268
f 2567//2567 2269//2269 2568//2568
f 2268//2268 2269//2269 2567//2567
f 2567//2567 2568//2568 2569//2569
f 2872//2872 2569//2569 2873//2873
f 2568//2568 2258//2258 2569//2569
f 2258//2258 2873//2873 2569//2569
f 2572//2572 2893//2893 2573//2573
f 2573//2573 2274//2274 2276//2276
f 2572//2572 2573//2573 2876//2876
f 2573//2573 2276//2276 2574//2574
f 2876//2876 2573//2573 2574//2574
f 2575//2575 2577//2577 2878//2878
f 2574//2574 2563//2563 2575//2575
f 2575//2575 2563//2563 2576//2576
f 2576//2576 2577//2577 2575//2575
f 3186//3186 2570//2570 1942//1942
f 2580//2580 2578//2578 2579//2579
f 2580//2580 2579//2579 2581//2581
f 2579//2579 2281//2281 2581//2581
f 2881//2881 2584//2584 2585//2585
f 2584//2584 2581//2581 2582//2582
f 2885//2885 6550//6550 2585//2585
f 2582//2582 2583//2583 2584//2584
f 2584//2584 2583//2583 2585//2585
f 2583//2583 2586//2586 2585//2585
f 2588//2588 2885//2885 2585//2585
f 2286//2286 2587//2587 2586//2586
f 2585//2585 2586//2586 2587//2587
f 2587//2587 2286//2286 2589//2589
f 2587//2587 2588//2588 2585//2585
f 2587//2587 2589//2589 2588//2588
f 2589//2589 2591//2591 2588//2588
f 2590//2590 2591//2591 2889//2889
f 2590//2590 2588//2588 2591//2591
f 2888//2888 2590//2590 2889//2889
f 2591//2591 2592//2592 2889//2889
f 2593//2593 2273//2273 2571//2571
f 2593//2593 2592//2592 2273//2273
f 2593//2593 2571//2571 2889//2889
f 2889//2889 2592//2592 2593//2593
f 2889//2889 2571//2571 2891//2891
f 2891//2891 2571//2571 2573//2573
f 2614//2614 2594//2594 2613//2613
f 2614//2614 2895//2895 2594//2594
f 2904//2904 2595//2595 2300//2300
f 2595//2595 3195//3195 3186//3186
f 2617//2617 2597//2597 2596//2596
f 2289//2289 2278//2278 2598//2598
f 2596//2596 2289//2289 2598//2598
f 2289//2289 2596//2596 2597//2597
f 2596//2596 2598//2598 2911//2911
f 2911//2911 2598//2598 2618//2618
f 2598//2598 2279//2279 2618//2618
f 2279//2279 2578//2578 6508//6508
f 6508//6508 2578//2578 3219//3219
f 2578//2578 2580//2580 2599//2599
f 2297//2297 2295//2295 6486//6486
f 6487//6487 6421//6421 6424//6424
f 2600//2600 6488//6488 2603//2603
f 2600//2600 6486//6486 6488//6488
f 2606//2606 2603//2603 6488//6488
f 2604//2604 2602//2602 2299//2299
f 2607//2607 2605//2605 2603//2603
f 2603//2603 2606//2606 6493//6493
f 6491//6491 2602//2602 2604//2604
f 6491//6491 2604//2604 2608//2608
f 6495//6495 6489//6489 6494//6494
f 6496//6496 2609//2609 6490//6490
f 6494//6494 6492//6492 6495//6495
f 2608//2608 2604//2604 2610//2610
f 2605//2605 6497//6497 2300//2300
f 2608//2608 2610//2610 6498//6498
f 2300//2300 6497//6497 2611//2611
f 6500//6500 6499//6499 2612//2612
f 2610//2610 6501//6501 6498//6498
f 6485//6485 2300//2300 2611//2611
f 2611//2611 6503//6503 6485//6485
f 6500//6500 2612//2612 6504//6504
f 6505//6505 2615//2615 6506//6506
f 2615//2615 6505//6505 6502//6502
f 2610//2610 2908//2908 6501//6501
f 2908//2908 2610//2610 2619//2619
f 2620//2620 2909//2909 2619//2619
f 2313//2313 2301//2301 2909//2909
f 2909//2909 2301//2301 2911//2911
f 2617//2617 2596//2596 2911//2911
f 2911//2911 2616//2616 2617//2617
f 3218//3218 2911//2911 6508//6508
f 2619//2619 2610//2610 2311//2311
f 2620//2620 2313//2313 2909//2909
f 2622//2622 2916//2916 2314//2314
f 2314//2314 2916//2916 2626//2626
f 6562//6562 2625//2625 2623//2623
f 2626//2626 2916//2916 3227//3227
f 2317//2317 6563//6563 2623//2623
f 2918//2918 2917//2917 2624//2624
f 2623//2623 2625//2625 2316//2316
f 2624//2624 2917//2917 2319//2319
f 2624//2624 2319//2319 2629//2629
f 2624//2624 2629//2629 2627//2627
f 3227//3227 2628//2628 2321//2321
f 2628//2628 1989//1989 2321//2321
f 2320//2320 2629//2629 2319//2319
f 2627//2627 2629//2629 2320//2320
f 2921//2921 2627//2627 2320//2320
f 1989//1989 2628//2628 2630//2630
f 2630//2630 2628//2628 2631//2631
f 2631//2631 2628//2628 2633//2633
f 2922//2922 2634//2634 2633//2633
f 2631//2631 2632//2632 2630//2630
f 2633//2633 2632//2632 2631//2631
f 6510//6510 2633//2633 2331//2331
f 2633//2633 2634//2634 2331//2331
f 2635//2635 2320//2320 2324//2324
f 2635//2635 2329//2329 2640//2640
f 2927//2927 2635//2635 2640//2640
f 2331//2331 6448//6448 6510//6510
f 2637//2637 2636//2636 2924//2924
f 6444//6444 2636//2636 2637//2637
f 2634//2634 2636//2636 6444//6444
f 2923//2923 2924//2924 2634//2634
f 2924//2924 2636//2636 2634//2634
f 2637//2637 2924//2924 2639//2639
f 2637//2637 2638//2638 6444//6444
f 2641//2641 2346//2346 2638//2638
f 2637//2637 2639//2639 2638//2638
f 2639//2639 2641//2641 2638//2638
f 2642//2642 2357//2357 6452//6452
f 2348//2348 2931//2931 2640//2640
f 2642//2642 2356//2356 2357//2357
f 2348//2348 2933//2933 2931//2931
f 2933//2933 2348//2348 2642//2642
f 2641//2641 3245//3245 2350//2350
f 2939//2939 2943//2943 2671//2671
f 2367//2367 2671//2671 2672//2672
f 2944//2944 2643//2643 2672//2672
f 2952//2952 2954//2954 2645//2645
f 2954//2954 2649//2649 2645//2645
f 2646//2646 2952//2952 2647//2647
f 2952//2952 2645//2645 2647//2647
f 2652//2652 2646//2646 2647//2647
f 2652//2652 2647//2647 2645//2645
f 2645//2645 2648//2648 6512//6512
f 2648//2648 2653//2653 6512//6512
f 2645//2645 2649//2649 2648//2648
f 2648//2648 2649//2649 2653//2653
f 6568//6568 2955//2955 2649//2649
f 2646//2646 2652//2652 2650//2650
f 2650//2650 2652//2652 2651//2651
f 2651//2651 2656//2656 2650//2650
f 6512//6512 2653//2653 2651//2651
f 2651//2651 2653//2653 2656//2656
f 2649//2649 2656//2656 2653//2653
f 2955//2955 2654//2654 2656//2656
f 2649//2649 2955//2955 2656//2656
f 2955//2955 2655//2655 2654//2654
f 2655//2655 2657//2657 2654//2654
f 2655//2655 2956//2956 2657//2657
f 2650//2650 2656//2656 2362//2362
f 2656//2656 2657//2657 2362//2362
f 2656//2656 2654//2654 2657//2657
f 2958//2958 2959//2959 2665//2665
f 2657//2657 6569//6569 2958//2958
f 2665//2665 2657//2657 2958//2958
f 2658//2658 2660//2660 2362//2362
f 2362//2362 2660//2660 2659//2659
f 2657//2657 2658//2658 2362//2362
f 2657//2657 2665//2665 2658//2658
f 2660//2660 2661//2661 2659//2659
f 2664//2664 2659//2659 2661//2661
f 2662//2662 2663//2663 2661//2661
f 2660//2660 2662//2662 2661//2661
f 2664//2664 2661//2661 2663//2663
f 2660//2660 2658//2658 2662//2662
f 2662//2662 2658//2658 2665//2665
f 2662//2662 2665//2665 2663//2663
f 2665//2665 2666//2666 2664//2664
f 2663//2663 2665//2665 2664//2664
f 2960//2960 2961//2961 2667//2667
f 2659//2659 2664//2664 2363//2363
f 2666//2666 2667//2667 2668//2668
f 2668//2668 2664//2664 2666//2666
f 2664//2664 2668//2668 2363//2363
f 2667//2667 2669//2669 2668//2668
f 2667//2667 2961//2961 2669//2669
f 2670//2670 2668//2668 2669//2669
f 2669//2669 2961//2961 2670//2670
f 2961//2961 2941//2941 2670//2670
f 2670//2670 2941//2941 2671//2671
f 2673//2673 2672//2672 2643//2643
f 2962//2962 2676//2676 2675//2675
f 2962//2962 2675//2675 2644//2644
f 2673//2673 2674//2674 2371//2371
f 2672//2672 2673//2673 2371//2371
f 2643//2643 2674//2674 2673//2673
f 2674//2674 2643//2643 2644//2644
f 2644//2644 2675//2675 2674//2674
f 2962//2962 2677//2677 2676//2676
f 2411//2411 2674//2674 2675//2675
f 2675//2675 2679//2679 2411//2411
f 2679//2679 2675//2675 2676//2676
f 2676//2676 2704//2704 2679//2679
f 2677//2677 2678//2678 2676//2676
f 2676//2676 2678//2678 2704//2704
f 2964//2964 2678//2678 2677//2677
f 2678//2678 2680//2680 2704//2704
f 2964//2964 2948//2948 2680//2680
f 2948//2948 2972//2972 2680//2680
f 2678//2678 2964//2964 2680//2680
f 2704//2704 2411//2411 2679//2679
f 2972//2972 2971//2971 2680//2680
f 2971//2971 2681//2681 2680//2680
f 2971//2971 2973//2973 2681//2681
f 2680//2680 2681//2681 2704//2704
f 2973//2973 2682//2682 2681//2681
f 2681//2681 2682//2682 2704//2704
f 2682//2682 2973//2973 2979//2979
f 2682//2682 2979//2979 2705//2705
f 2979//2979 2683//2683 2705//2705
f 2715//2715 2983//2983 2373//2373
f 2373//2373 2983//2983 2684//2684
f 2685//2685 2686//2686 2684//2684
f 2986//2986 2686//2686 2685//2685
f 2986//2986 2987//2987 2686//2686
f 2686//2686 2987//2987 2374//2374
f 3611//3611 2374//2374 2987//2987
f 3611//3611 2051//2051 2374//2374
f 2687//2687 3287//3287 2376//2376
f 2688//2688 2689//2689 2376//2376
f 2993//2993 2688//2688 3289//3289
f 2690//2690 2688//2688 2993//2993
f 3025//3025 2692//2692 2691//2691
f 3025//3025 2995//2995 2692//2692
f 2721//2721 2691//2691 2094//2094
f 2094//2094 2691//2691 2380//2380
f 2691//2691 2692//2692 2380//2380
f 2995//2995 3002//3002 2692//2692
f 2696//2696 2380//2380 2693//2693
f 2692//2692 2693//2693 2380//2380
f 2692//2692 3001//3001 2693//2693
f 3002//3002 3001//3001 2692//2692
f 2693//2693 2694//2694 2696//2696
f 3001//3001 3006//3006 2693//2693
f 3006//3006 2695//2695 2693//2693
f 2693//2693 2695//2695 2694//2694
f 3006//3006 3005//3005 2695//2695
f 3005//3005 2698//2698 2695//2695
f 2380//2380 2696//2696 2699//2699
f 2697//2697 2700//2700 2696//2696
f 2696//2696 2694//2694 2697//2697
f 2697//2697 2694//2694 2700//2700
f 2694//2694 2695//2695 2700//2700
f 2695//2695 2698//2698 2700//2700
f 2699//2699 2696//2696 2700//2700
f 2701//2701 2699//2699 2700//2700
f 2382//2382 2699//2699 2701//2701
f 2700//2700 2703//2703 2701//2701
f 2703//2703 2700//2700 2698//2698
f 2698//2698 3012//3012 2703//2703
f 3012//3012 2702//2702 2703//2703
f 2702//2702 3013//3013 2703//2703
f 2382//2382 2701//2701 2703//2703
f 2703//2703 3013//3013 2952//2952
f 3013//3013 2950//2950 2952//2952
f 2703//2703 2952//2952 2386//2386
f 2682//2682 2705//2705 2704//2704
f 2705//2705 2414//2414 2704//2704
f 2705//2705 2683//2683 2706//2706
f 2414//2414 2705//2705 2706//2706
f 2706//2706 2709//2709 2707//2707
f 2707//2707 2709//2709 2708//2708
f 2683//2683 2709//2709 2706//2706
f 2710//2710 2708//2708 2709//2709
f 2415//2415 2708//2708 2710//2710
f 2710//2710 2709//2709 2683//2683
f 2711//2711 2419//2419 6514//6514
f 2420//2420 2419//2419 2711//2711
f 2711//2711 3014//3014 2714//2714
f 2712//2712 2420//2420 2711//2711
f 2712//2712 2711//2711 2714//2714
f 2712//2712 2714//2714 2713//2713
f 2713//2713 2714//2714 2424//2424
f 2422//2422 2713//2713 2424//2424
f 2715//2715 2714//2714 3302//3302
f 2425//2425 2714//2714 2715//2715
f 2427//2427 2690//2690 2716//2716
f 2726//2726 2718//2718 2717//2717
f 2718//2718 2719//2719 2717//2717
f 2729//2729 2719//2719 2718//2718
f 2729//2729 2731//2731 2719//2719
f 2730//2730 3020//3020 2731//2731
f 3324//3324 2720//2720 3020//3020
f 2719//2719 2731//2731 2721//2721
f 2721//2721 2731//2731 3020//3020
f 2720//2720 2721//2721 3020//3020
f 2720//2720 2722//2722 2721//2721
f 2722//2722 2691//2691 2721//2721
f 2722//2722 3025//3025 2691//2691
f 3023//3023 2723//2723 2722//2722
f 6580//6580 2722//2722 2720//2720
f 2723//2723 3023//3023 3025//3025
f 2723//2723 3025//3025 2722//2722
f 2724//2724 2430//2430 2716//2716
f 2431//2431 2430//2430 2724//2724
f 3029//3029 2726//2726 2717//2717
f 3029//3029 2725//2725 2726//2726
f 3029//3029 3030//3030 2725//2725
f 2725//2725 3030//3030 3020//3020
f 2727//2727 6515//6515 2726//2726
f 2726//2726 2725//2725 2727//2727
f 2725//2725 2728//2728 2727//2727
f 2728//2728 2730//2730 2727//2727
f 2725//2725 3020//3020 2728//2728
f 2730//2730 2728//2728 3020//3020
f 2726//2726 6515//6515 2718//2718
f 6515//6515 2729//2729 2718//2718
f 2729//2729 6515//6515 2731//2731
f 2431//2431 2724//2724 2732//2732
f 2431//2431 2732//2732 2440//2440
f 3028//3028 2435//2435 2739//2739
f 2744//2744 2745//2745 3032//3032
f 2743//2743 2744//2744 3032//3032
f 3032//3032 2745//2745 2439//2439
f 3032//3032 2439//2439 2455//2455
f 2733//2733 2455//2455 2736//2736
f 2733//2733 2736//2736 2734//2734
f 2734//2734 2736//2736 2735//2735
f 3664//3664 2735//2735 2737//2737
f 2737//2737 2736//2736 2455//2455
f 2736//2736 2737//2737 2735//2735
f 2440//2440 2732//2732 2122//2122
f 2738//2738 3040//3040 2739//2739
f 3040//3040 3035//3035 2739//2739
f 3035//3035 3326//3326 2739//2739
f 2740//2740 2741//2741 2754//2754
f 2754//2754 2741//2741 3052//3052
f 2740//2740 2453//2453 2741//2741
f 2741//2741 2453//2453 2454//2454
f 2741//2741 2454//2454 3052//3052
f 2454//2454 2742//2742 3052//3052
f 2742//2742 3054//3054 3052//3052
f 2742//2742 2454//2454 2743//2743
f 2438//2438 2439//2439 2745//2745
f 2758//2758 2747//2747 2746//2746
f 2748//2748 2746//2746 2747//2747
f 2758//2758 3037//3037 2747//2747
f 2747//2747 2749//2749 2748//2748
f 2747//2747 3037//3037 2749//2749
f 3037//3037 2750//2750 2749//2749
f 2750//2750 3037//3037 3038//3038
f 2749//2749 2750//2750 2442//2442
f 2738//2738 2442//2442 2750//2750
f 3040//3040 2738//2738 2750//2750
f 3042//3042 2767//2767 2768//2768
f 2753//2753 2752//2752 3050//3050
f 2752//2752 2740//2740 2754//2754
f 3050//3050 2752//2752 2754//2754
f 2754//2754 3051//3051 3050//3050
f 2754//2754 3052//3052 3051//3051
f 2794//2794 2755//2755 2481//2481
f 3057//3057 2794//2794 3055//3055
f 2756//2756 2481//2481 2755//2755
f 2794//2794 3057//3057 2755//2755
f 3057//3057 3056//3056 2755//2755
f 2748//2748 2457//2457 2756//2756
f 2755//2755 2748//2748 2756//2756
f 2755//2755 3056//3056 2748//2748
f 3056//3056 2746//2746 2748//2748
f 3056//3056 3065//3065 2746//2746
f 2759//2759 3076//3076 3072//3072
f 2746//2746 2757//2757 2758//2758
f 3078//3078 2758//2758 2757//2757
f 2798//2798 2762//2762 2760//2760
f 2798//2798 2760//2760 2759//2759
f 3082//3082 2759//2759 2760//2760
f 2760//2760 2762//2762 2764//2764
f 3359//3359 2760//2760 2764//2764
f 2764//2764 2762//2762 2802//2802
f 2763//2763 2764//2764 2802//2802
f 2764//2764 3087//3087 3359//3359
f 2767//2767 2763//2763 2800//2800
f 2765//2765 2764//2764 2763//2763
f 2765//2765 3087//3087 2764//2764
f 2763//2763 2767//2767 3089//3089
f 2763//2763 3089//3089 2765//2765
f 2765//2765 3089//3089 3087//3087
f 2767//2767 2766//2766 2768//2768
f 2768//2768 2766//2766 3108//3108
f 2770//2770 2771//2771 2769//2769
f 2772//2772 2769//2769 2771//2771
f 2770//2770 2774//2774 2771//2771
f 2774//2774 2775//2775 2771//2771
f 2775//2775 2772//2772 2771//2771
f 2811//2811 2772//2772 2775//2775
f 2474//2474 2773//2773 2774//2774
f 2774//2774 2773//2773 2775//2775
f 2775//2775 2773//2773 2777//2777
f 2474//2474 2776//2776 2773//2773
f 2776//2776 2777//2777 2773//2773
f 2776//2776 2753//2753 2777//2777
f 2474//2474 2752//2752 2776//2776
f 2776//2776 2752//2752 2753//2753
f 2777//2777 2753//2753 2778//2778
f 2778//2778 3112//3112 2777//2777
f 3092//3092 6617//6617 2778//2778
f 2753//2753 3100//3100 3093//3093
f 2778//2778 2753//2753 3093//3093
f 2753//2753 3050//3050 3100//3100
f 6542//6542 2813//2813 6517//6517
f 2477//2477 2779//2779 2780//2780
f 2779//2779 2781//2781 2780//2780
f 6517//6517 2813//2813 6519//6519
f 2813//2813 2499//2499 2782//2782
f 2782//2782 2499//2499 2783//2783
f 2780//2780 2785//2785 2784//2784
f 2782//2782 6519//6519 2813//2813
f 6520//6520 2787//2787 2785//2785
f 6520//6520 2785//2785 6518//6518
f 6523//6523 6519//6519 2782//2782
f 2780//2780 2784//2784 2481//2481
f 2785//2785 2787//2787 2784//2784
f 6521//6521 6524//6524 2788//2788
f 6523//6523 2782//2782 2783//2783
f 2784//2784 2786//2786 2789//2789
f 2786//2786 2784//2784 6525//6525
f 6526//6526 6523//6523 2783//2783
f 6528//6528 6522//6522 6527//6527
f 2789//2789 2481//2481 2784//2784
f 2789//2789 2790//2790 2481//2481
f 6526//6526 2783//2783 2793//2793
f 2790//2790 2792//2792 2481//2481
f 6530//6530 6529//6529 2791//2791
f 6534//6534 6531//6531 6532//6532
f 6533//6533 6537//6537 6535//6535
f 6527//6527 6533//6533 6528//6528
f 6537//6537 6533//6533 6527//6527
f 2792//2792 2794//2794 2481//2481
f 2796//2796 2793//2793 2783//2783
f 3102//3102 3055//3055 2794//2794
f 2792//2792 3103//3103 2794//2794
f 3103//3103 3105//3105 2794//2794
f 6539//6539 6613//6613 6609//6609
f 6536//6536 6538//6538 3104//3104
f 2795//2795 2796//2796 2783//2783
f 6614//6614 2793//2793 3107//3107
f 2793//2793 2796//2796 3107//3107
f 2797//2797 2762//2762 2798//2798
f 2759//2759 2796//2796 2798//2798
f 2798//2798 2796//2796 2797//2797
f 2762//2762 2799//2799 2802//2802
f 2802//2802 2799//2799 2801//2801
f 2802//2802 2801//2801 2800//2800
f 2801//2801 2530//2530 2800//2800
f 2799//2799 2530//2530 2801//2801
f 2800//2800 2530//2530 2766//2766
f 2763//2763 2802//2802 2800//2800
f 2800//2800 2766//2766 2767//2767
f 2766//2766 2814//2814 3108//3108
f 3122//3122 3108//3108 2814//2814
f 2804//2804 2818//2818 2803//2803
f 2804//2804 2805//2805 2806//2806
f 2806//2806 2818//2818 2804//2804
f 2805//2805 2485//2485 6540//6540
f 6540//6540 2485//2485 6516//6516
f 2770//2770 2769//2769 2806//2806
f 2807//2807 2806//2806 2769//2769
f 2809//2809 2807//2807 2769//2769
f 2807//2807 2809//2809 2808//2808
f 2807//2807 2808//2808 2823//2823
f 2807//2807 2823//2823 2819//2819
f 2823//2823 2808//2808 2820//2820
f 2810//2810 2809//2809 2769//2769
f 2810//2810 2808//2808 2809//2809
f 2808//2808 2811//2811 3119//3119
f 2772//2772 2810//2810 2769//2769
f 2772//2772 2811//2811 2810//2810
f 2811//2811 2808//2808 2810//2810
f 3119//3119 2811//2811 3109//3109
f 2811//2811 3110//3110 3109//3109
f 2775//2775 3112//3112 2811//2811
f 3112//3112 2775//2775 2777//2777
f 6543//6543 2498//2498 2813//2813
f 2766//2766 2833//2833 2814//2814
f 2814//2814 2833//2833 3122//3122
f 2815//2815 2513//2513 2816//2816
f 2831//2831 2815//2815 2816//2816
f 2816//2816 2832//2832 2831//2831
f 2816//2816 2485//2485 2817//2817
f 2832//2832 2816//2816 2817//2817
f 3115//3115 2832//2832 2817//2817
f 2818//2818 2817//2817 2803//2803
f 2818//2818 3115//3115 2817//2817
f 3115//3115 2818//2818 2807//2807
f 2807//2807 2818//2818 2806//2806
f 2819//2819 2823//2823 2820//2820
f 3116//3116 2807//2807 2819//2819
f 2819//2819 2822//2822 2821//2821
f 2820//2820 2822//2822 2819//2819
f 3116//3116 2819//2819 2821//2821
f 2821//2821 3129//3129 6620//6620
f 2822//2822 3129//3129 2821//2821
f 2820//2820 3117//3117 6544//6544
f 3129//3129 6544//6544 3117//3117
f 3119//3119 2820//2820 2808//2808
f 2820//2820 3119//3119 3117//3117
f 2530//2530 2833//2833 2766//2766
f 2842//2842 2841//2841 2535//2535
f 2824//2824 2829//2829 2830//2830
f 2824//2824 2830//2830 2825//2825
f 2509//2509 2815//2815 2826//2826
f 2852//2852 2509//2509 2826//2826
f 2829//2829 2826//2826 2828//2828
f 2828//2828 2826//2826 2827//2827
f 2852//2852 2826//2826 2824//2824
f 2826//2826 2829//2829 2824//2824
f 2828//2828 2830//2830 2829//2829
f 2815//2815 2831//2831 2826//2826
f 2826//2826 6547//6547 2827//2827
f 2828//2828 2827//2827 6547//6547
f 6545//6545 2831//2831 2832//2832
f 3122//3122 2833//2833 3142//3142
f 3142//3142 3407//3407 3122//3122
f 3122//3122 3407//3407 3386//3386
f 2865//2865 2834//2834 3149//3149
f 2866//2866 6626//6626 2834//2834
f 2834//2834 2531//2531 2835//2835
f 2834//2834 2835//2835 2867//2867
f 2531//2531 2867//2867 2835//2835
f 2838//2838 2837//2837 2867//2867
f 2836//2836 2838//2838 2867//2867
f 2837//2837 2840//2840 3155//3155
f 2540//2540 2838//2838 2836//2836
f 2841//2841 2838//2838 2540//2540
f 2843//2843 2838//2838 2841//2841
f 2838//2838 2843//2843 2839//2839
f 2843//2843 2846//2846 2839//2839
f 2837//2837 2838//2838 2839//2839
f 2837//2837 6548//6548 2840//2840
f 2840//2840 6548//6548 2850//2850
f 2840//2840 2850//2850 2851//2851
f 3155//3155 2840//2840 2851//2851
f 3155//3155 2851//2851 3131//3131
f 2841//2841 2844//2844 2843//2843
f 2842//2842 2845//2845 2844//2844
f 2842//2842 2844//2844 2841//2841
f 2846//2846 2843//2843 2844//2844
f 2845//2845 2846//2846 2844//2844
f 2852//2852 2845//2845 2842//2842
f 2847//2847 2846//2846 2845//2845
f 2847//2847 2845//2845 2852//2852
f 6548//6548 2846//2846 2848//2848
f 2847//2847 2848//2848 2846//2846
f 2847//2847 2852//2852 2849//2849
f 2851//2851 2852//2852 2853//2853
f 2848//2848 2850//2850 6548//6548
f 2847//2847 2849//2849 2848//2848
f 2848//2848 2849//2849 2850//2850
f 2852//2852 2851//2851 2849//2849
f 2850//2850 2849//2849 2851//2851
f 2851//2851 2853//2853 3131//3131
f 3132//3132 3131//3131 2853//2853
f 2824//2824 2853//2853 2852//2852
f 2853//2853 2825//2825 3138//3138
f 2824//2824 2825//2825 2853//2853
f 2854//2854 2546//2546 3158//3158
f 2854//2854 3158//3158 3142//3142
f 2555//2555 2545//2545 2856//2856
f 2856//2856 3162//3162 2555//2555
f 2545//2545 2855//2855 2856//2856
f 6549//6549 2855//2855 2857//2857
f 2857//2857 2855//2855 2858//2858
f 2859//2859 6549//6549 2857//2857
f 2858//2858 2859//2859 2857//2857
f 2858//2858 2855//2855 2863//2863
f 2858//2858 2863//2863 2859//2859
f 6549//6549 2860//2860 3162//3162
f 2863//2863 2864//2864 2859//2859
f 2860//2860 6549//6549 2859//2859
f 2860//2860 3166//3166 3162//3162
f 2859//2859 2864//2864 2860//2860
f 2860//2860 2864//2864 2861//2861
f 3166//3166 2860//2860 2861//2861
f 2861//2861 2864//2864 3144//3144
f 3144//3144 2864//2864 3143//3143
f 3166//3166 2861//2861 3167//3167
f 2855//2855 2862//2862 2863//2863
f 2864//2864 2863//2863 2865//2865
f 2865//2865 3149//3149 2864//2864
f 3143//3143 2864//2864 3149//3149
f 2539//2539 2863//2863 2862//2862
f 2867//2867 3150//3150 6626//6626
f 3171//3171 3150//3150 3152//3152
f 3150//3150 2867//2867 3152//3152
f 2866//2866 2834//2834 2867//2867
f 2866//2866 2867//2867 6626//6626
f 3152//3152 2867//2867 2837//2837
f 3418//3418 2546//2546 2556//2556
f 3174//3174 2555//2555 3175//3175
f 3175//3175 2555//2555 3159//3159
f 3159//3159 2555//2555 3162//3162
f 3428//3428 3176//3176 3173//3173
f 3176//3176 2868//2868 3173//3173
f 2869//2869 3422//3422 2874//2874
f 2557//2557 3176//3176 2869//2869
f 3179//3179 2870//2870 2871//2871
f 2870//2870 2567//2567 2569//2569
f 2567//2567 2870//2870 2879//2879
f 2870//2870 2872//2872 2871//2871
f 2569//2569 2872//2872 2870//2870
f 2872//2872 2873//2873 2871//2871
f 2871//2871 2873//2873 2874//2874
f 2873//2873 2869//2869 2874//2874
f 2570//2570 3186//3186 3178//3178
f 3212//3212 2893//2893 2875//2875
f 3191//3191 2572//2572 2876//2876
f 2893//2893 2572//2572 2875//2875
f 2875//2875 2572//2572 3191//3191
f 2877//2877 3191//3191 2876//2876
f 3212//3212 2875//2875 3191//3191
f 2574//2574 2877//2877 2876//2876
f 2878//2878 3432//3432 2877//2877
f 2878//2878 2877//2877 2574//2574
f 2878//2878 2574//2574 2575//2575
f 2878//2878 2577//2577 2879//2879
f 2878//2878 2879//2879 2870//2870
f 2595//2595 2904//2904 3195//3195
f 3222//3222 2907//2907 2882//2882
f 2880//2880 2881//2881 2907//2907
f 2580//2580 2881//2881 2880//2880
f 6550//6550 2882//2882 2907//2907
f 2882//2882 6550//6550 2883//2883
f 3198//3198 2883//2883 3197//3197
f 2580//2580 2581//2581 2881//2881
f 2581//2581 2584//2584 2881//2881
f 2885//2885 2883//2883 6550//6550
f 2883//2883 2886//2886 2884//2884
f 2883//2883 2884//2884 3197//3197
f 2884//2884 2887//2887 3197//3197
f 3197//3197 2887//2887 3202//3202
f 2885//2885 2588//2588 2883//2883
f 2883//2883 2588//2588 2886//2886
f 2884//2884 2886//2886 2887//2887
f 2887//2887 2886//2886 2888//2888
f 2887//2887 2888//2888 3204//3204
f 3204//3204 2888//2888 2889//2889
f 2886//2886 2588//2588 2888//2888
f 2588//2588 2590//2590 2888//2888
f 2889//2889 2891//2891 2890//2890
f 2890//2890 2891//2891 3210//3210
f 2891//2891 2892//2892 3210//3210
f 2892//2892 2891//2891 2893//2893
f 2892//2892 2893//2893 3212//3212
f 2891//2891 2573//2573 2893//2893
f 2895//2895 6506//6506 2615//2615
f 2896//2896 2895//2895 2615//2615
f 6485//6485 2904//2904 2300//2300
f 2594//2594 2895//2895 2894//2894
f 6485//6485 6551//6551 2904//2904
f 6551//6551 2897//2897 2904//2904
f 2895//2895 6553//6553 2894//2894
f 6552//6552 6507//6507 2901//2901
f 6553//6553 2895//2895 2898//2898
f 2899//2899 6553//6553 2898//2898
f 2896//2896 2898//2898 2895//2895
f 6554//6554 2901//2901 6555//6555
f 6554//6554 6552//6552 2901//2901
f 2897//2897 2900//2900 2904//2904
f 6558//6558 6553//6553 2899//2899
f 2900//2900 2902//2902 2904//2904
f 2900//2900 6556//6556 2902//2902
f 6555//6555 2901//2901 2903//2903
f 2901//2901 2908//2908 2903//2903
f 6559//6559 6557//6557 2903//2903
f 2905//2905 2904//2904 2902//2902
f 3214//3214 3215//3215 2905//2905
f 6561//6561 6560//6560 3213//3213
f 6561//6561 3213//3213 6631//6631
f 6559//6559 2903//2903 6630//6630
f 6630//6630 2903//2903 3216//3216
f 2903//2903 2908//2908 3216//3216
f 2905//2905 3215//3215 2904//2904
f 3218//3218 6508//6508 3219//3219
f 2578//2578 2599//2599 3219//3219
f 3219//3219 2599//2599 2906//2906
f 3219//3219 2906//2906 2907//2907
f 3219//3219 2907//2907 3222//3222
f 2880//2880 2907//2907 2599//2599
f 2599//2599 2907//2907 2906//2906
f 2580//2580 2880//2880 2599//2599
f 6501//6501 2908//2908 6507//6507
f 6507//6507 2908//2908 2901//2901
f 2910//2910 2909//2909 2911//2911
f 2912//2912 3226//3226 2622//2622
f 3509//3509 2914//2914 3516//3516
f 2621//2621 2913//2913 2912//2912
f 2622//2622 2621//2621 2912//2912
f 2913//2913 2914//2914 3509//3509
f 2622//2622 3226//3226 2916//2916
f 2916//2916 6634//6634 3227//3227
f 2915//2915 6562//6562 2914//2914
f 2625//2625 2913//2913 2621//2621
f 6562//6562 2915//2915 2625//2625
f 2914//2914 2913//2913 2915//2915
f 2625//2625 2915//2915 2913//2913
f 2918//2918 2914//2914 2917//2917
f 6565//6565 2918//2918 2624//2624
f 6565//6565 2624//2624 2627//2627
f 2918//2918 6565//6565 3516//3516
f 2914//2914 2918//2918 3516//3516
f 2919//2919 6565//6565 2920//2920
f 3516//3516 6565//6565 2919//2919
f 3230//3230 2919//2919 6564//6564
f 3230//3230 6564//6564 3231//3231
f 3231//3231 6564//6564 2921//2921
f 3231//3231 2921//2921 3233//3233
f 3235//3235 2921//2921 2320//2320
f 3233//3233 2921//2921 3235//3235
f 3233//3233 3235//3235 3234//3234
f 2635//2635 3235//3235 2320//2320
f 3238//3238 6636//6636 2635//2635
f 2922//2922 2628//2628 3237//3237
f 2922//2922 2633//2633 2628//2628
f 2635//2635 2927//2927 3238//3238
f 2927//2927 3544//3544 3238//3238
f 3544//3544 2927//2927 3243//3243
f 2923//2923 2634//2634 2922//2922
f 3237//3237 2924//2924 2923//2923
f 2922//2922 3237//3237 2923//2923
f 2924//2924 3237//3237 2926//2926
f 2925//2925 2924//2924 2926//2926
f 6566//6566 2930//2930 2925//2925
f 3242//3242 6566//6566 6637//6637
f 3242//3242 2930//2930 6566//6566
f 2928//2928 2927//2927 2640//2640
f 2640//2640 2929//2929 2928//2928
f 3243//3243 2927//2927 2928//2928
f 2929//2929 2640//2640 2931//2931
f 2929//2929 6638//6638 2928//2928
f 2925//2925 2639//2639 2924//2924
f 2932//2932 2931//2931 2933//2933
f 2932//2932 2934//2934 3244//3244
f 2925//2925 2930//2930 2641//2641
f 2639//2639 2925//2925 2641//2641
f 3245//3245 2641//2641 2930//2930
f 2933//2933 2642//2642 2934//2934
f 2642//2642 6452//6452 2934//2934
f 2932//2932 2933//2933 2934//2934
f 3245//3245 2934//2934 2358//2358
f 3245//3245 3244//3244 2934//2934
f 2959//2959 2937//2937 2960//2960
f 3247//3247 2937//2937 2959//2959
f 3247//3247 2935//2935 2937//2937
f 3247//3247 3249//3249 2935//2935
f 2940//2940 2935//2935 3249//3249
f 2938//2938 2940//2940 3249//3249
f 2961//2961 2936//2936 2941//2941
f 2937//2937 2941//2941 2936//2936
f 2936//2936 2961//2961 2937//2937
f 2935//2935 2941//2941 2937//2937
f 2941//2941 2935//2935 2940//2940
f 2938//2938 3249//3249 6567//6567
f 2938//2938 6567//6567 2940//2940
f 2942//2942 6567//6567 6513//6513
f 2940//2940 2671//2671 2941//2941
f 6567//6567 2942//2942 2940//2940
f 2942//2942 6513//6513 2940//2940
f 3251//3251 2943//2943 2939//2939
f 2671//2671 2943//2943 2944//2944
f 2672//2672 2671//2671 2944//2944
f 2943//2943 3252//3252 2944//2944
f 3252//3252 2945//2945 2944//2944
f 2944//2944 2946//2946 2643//2643
f 2944//2944 2945//2945 2946//2946
f 2644//2644 2643//2643 2946//2946
f 2946//2946 2945//2945 2947//2947
f 3252//3252 2947//2947 2945//2945
f 3252//3252 3255//3255 2947//2947
f 2946//2946 2947//2947 2644//2644
f 2677//2677 2947//2947 3255//3255
f 2677//2677 3255//3255 2963//2963
f 2948//2948 2963//2963 3255//3255
f 2948//2948 3258//3258 2949//2949
f 3258//3258 2966//2966 2949//2949
f 3299//3299 3265//3265 2950//2950
f 2950//2950 3265//3265 2951//2951
f 2950//2950 2951//2951 2952//2952
f 2952//2952 2953//2953 2954//2954
f 2951//2951 2953//2953 2952//2952
f 3267//3267 2954//2954 2953//2953
f 2953//2953 2951//2951 3267//3267
f 2954//2954 3267//3267 3269//3269
f 2955//2955 3269//3269 2655//2655
f 3269//3269 2955//2955 2954//2954
f 2957//2957 6569//6569 3269//3269
f 6641//6641 2956//2956 2655//2655
f 2959//2959 6569//6569 2957//2957
f 2959//2959 2958//2958 6569//6569
f 2665//2665 2959//2959 2666//2666
f 2959//2959 2667//2667 2666//2666
f 2959//2959 2960//2960 2667//2667
f 2937//2937 2961//2961 2960//2960
f 2644//2644 2947//2947 2962//2962
f 2947//2947 2677//2677 2962//2962
f 2948//2948 2677//2677 2963//2963
f 2964//2964 2677//2677 2948//2948
f 2949//2949 2977//2977 2948//2948
f 2949//2949 2967//2967 2977//2977
f 2965//2965 2967//2967 2949//2949
f 2949//2949 2966//2966 2965//2965
f 2966//2966 2969//2969 2965//2965
f 3272//3272 2969//2969 2966//2966
f 2972//2972 2948//2948 2974//2974
f 2974//2974 2948//2948 2977//2977
f 2975//2975 2977//2977 2967//2967
f 2965//2965 2968//2968 2967//2967
f 2975//2975 2967//2967 2968//2968
f 2978//2978 2975//2975 2968//2968
f 2968//2968 2965//2965 2969//2969
f 2969//2969 2970//2970 2968//2968
f 2968//2968 2970//2970 2978//2978
f 2969//2969 3272//3272 2970//2970
f 2973//2973 2971//2971 2972//2972
f 2974//2974 2977//2977 2973//2973
f 2974//2974 2973//2973 2972//2972
f 2975//2975 2978//2978 2977//2977
f 2976//2976 2980//2980 2978//2978
f 2978//2978 6573//6573 2976//2976
f 2977//2977 2979//2979 2973//2973
f 2978//2978 2979//2979 2977//2977
f 2980//2980 2981//2981 2979//2979
f 2979//2979 2978//2978 2980//2980
f 2979//2979 2981//2981 2683//2683
f 2980//2980 3273//3273 2981//2981
f 2683//2683 2981//2981 3273//3273
f 3274//3274 2683//2683 3273//3273
f 2982//2982 6514//6514 2683//2683
f 3274//3274 2982//2982 2683//2683
f 2982//2982 3274//3274 6514//6514
f 3278//3278 2984//2984 2983//2983
f 3280//3280 2985//2985 2984//2984
f 3280//3280 3311//3311 2985//2985
f 3311//3311 2986//2986 2985//2985
f 2983//2983 2984//2984 2685//2685
f 2984//2984 2985//2985 2685//2685
f 2983//2983 2685//2685 2684//2684
f 2985//2985 2986//2986 2685//2685
f 3312//3312 3609//3609 2987//2987
f 3609//3609 3611//3611 2987//2987
f 2986//2986 3312//3312 2987//2987
f 3611//3611 2991//2991 2988//2988
f 2989//2989 2687//2687 2051//2051
f 3611//3611 2988//2988 2051//2051
f 2988//2988 2989//2989 2051//2051
f 2687//2687 2989//2989 2992//2992
f 2991//2991 2990//2990 2988//2988
f 2989//2989 2988//2988 2990//2990
f 2989//2989 2990//2990 2992//2992
f 2992//2992 3284//3284 2687//2687
f 3286//3286 3283//3283 2991//2991
f 2991//2991 3283//3283 6574//6574
f 6574//6574 3283//3283 3284//3284
f 6574//6574 3284//3284 2992//2992
f 3284//3284 3285//3285 2687//2687
f 3287//3287 2688//2688 2376//2376
f 3289//3289 2688//2688 3288//3288
f 3024//3024 2994//2994 3022//3022
f 3025//3025 6575//6575 2995//2995
f 2996//2996 2995//2995 6575//6575
f 2997//2997 2996//2996 6575//6575
f 2997//2997 6575//6575 2998//2998
f 2997//2997 2998//2998 3000//3000
f 6575//6575 3291//3291 2998//2998
f 2995//2995 2996//2996 3002//3002
f 2999//2999 3004//3004 3003//3003
f 2997//2997 3000//3000 2999//2999
f 3004//3004 2999//2999 3000//3000
f 3003//3003 2997//2997 2999//2999
f 2997//2997 3003//3003 2996//2996
f 6578//6578 6577//6577 3010//3010
f 3296//3296 3298//3298 6577//6577
f 3002//3002 2996//2996 3003//3003
f 3003//3003 3001//3001 3002//3002
f 3004//3004 3010//3010 3001//3001
f 3003//3003 3004//3004 3001//3001
f 3010//3010 3004//3004 3000//3000
f 3298//3298 3010//3010 6577//6577
f 3007//3007 3012//3012 2698//2698
f 3001//3001 3008//3008 3006//3006
f 3007//3007 3005//3005 3006//3006
f 3007//3007 3006//3006 3008//3008
f 2698//2698 3005//3005 3007//3007
f 3009//3009 3012//3012 3007//3007
f 3008//3008 3010//3010 3007//3007
f 3008//3008 3001//3001 3010//3010
f 3010//3010 3009//3009 3007//3007
f 3009//3009 3011//3011 3012//3012
f 3010//3010 3011//3011 3009//3009
f 3010//3010 3298//3298 3011//3011
f 3011//3011 3298//3298 3299//3299
f 3299//3299 2950//2950 3011//3011
f 3012//3012 3011//3011 2702//2702
f 2702//2702 3011//3011 3013//3013
f 3013//3013 3011//3011 2950//2950
f 3300//3300 3014//3014 6514//6514
f 3300//3300 3301//3301 3014//3014
f 2711//2711 6514//6514 3014//3014
f 3301//3301 3015//3015 3014//3014
f 3014//3014 3015//3015 2714//2714
f 3015//3015 3016//3016 2714//2714
f 3016//3016 3302//3302 2714//2714
f 3302//3302 3303//3303 2715//2715
f 3303//3303 3017//3017 2715//2715
f 2983//2983 2715//2715 3017//3017
f 3313//3313 3018//3018 2993//2993
f 3018//3018 2690//2690 2993//2993
f 3019//3019 2690//2690 3018//3018
f 3019//3019 2716//2716 2690//2690
f 3019//3019 3027//3027 2716//2716
f 2720//2720 3022//3022 6580//6580
f 3022//3022 2720//2720 3021//3021
f 3022//3022 3021//3021 3024//3024
f 6579//6579 3322//3322 6581//6581
f 6580//6580 3026//3026 3025//3025
f 3022//3022 6575//6575 3026//3026
f 3026//3026 6575//6575 3025//3025
f 6580//6580 3022//3022 3026//3026
f 3027//3027 2724//2724 2716//2716
f 2435//2435 3028//3028 2717//2717
f 2717//2717 3028//3028 3029//3029
f 3020//3020 3030//3030 3324//3324
f 3325//3325 2732//2732 2724//2724
f 2732//2732 3325//3325 3031//3031
f 3326//3326 3028//3028 2739//2739
f 3328//3328 2743//2743 3329//3329
f 3033//3033 2743//2743 3032//3032
f 3329//3329 2743//2743 3033//3033
f 3032//3032 2455//2455 3033//3033
f 3033//3033 2455//2455 2733//2733
f 2733//2733 3663//3663 3033//3033
f 2733//2733 2734//2734 3664//3664
f 3663//3663 2733//2733 3664//3664
f 3664//3664 2734//2734 2735//2735
f 2737//2737 3031//3031 3664//3664
f 3031//3031 2737//2737 2122//2122
f 2122//2122 2732//2732 3031//3031
f 3035//3035 3034//3034 3326//3326
f 3042//3042 3330//3330 3331//3331
f 3054//3054 2742//2742 3337//3337
f 3328//3328 3036//3036 2743//2743
f 3037//3037 3078//3078 3038//3038
f 3083//3083 3351//3351 3086//3086
f 3038//3038 3039//3039 2750//2750
f 2750//2750 6582//6582 3040//3040
f 3086//3086 3040//3040 3085//3085
f 6582//6582 3085//3085 3040//3040
f 3040//3040 3086//3086 3351//3351
f 3351//3351 3034//3034 3040//3040
f 3035//3035 3040//3040 3034//3034
f 3088//3088 3089//3089 3041//3041
f 3089//3089 2767//2767 3041//3041
f 3088//3088 3041//3041 3342//3342
f 3041//3041 2767//2767 3044//3044
f 2767//2767 3042//3042 3044//3044
f 3043//3043 3042//3042 2768//2768
f 3043//3043 2768//2768 3090//3090
f 3042//3042 3043//3043 3045//3045
f 3090//3090 3046//3046 3043//3043
f 3331//3331 3044//3044 3042//3042
f 3672//3672 3044//3044 3331//3331
f 3047//3047 3045//3045 3046//3046
f 3045//3045 3043//3043 3046//3046
f 3047//3047 3046//3046 3048//3048
f 3048//3048 3046//3046 3091//3091
f 3045//3045 3047//3047 3330//3330
f 3330//3330 3042//3042 3045//3045
f 3047//3047 3048//3048 3049//3049
f 3330//3330 3047//3047 3049//3049
f 3049//3049 3048//3048 3344//3344
f 3344//3344 3048//3048 3091//3091
f 3051//3051 3367//3367 3050//3050
f 3367//3367 3051//3051 3053//3053
f 3051//3051 3052//3052 3053//3053
f 3053//3053 3052//3052 3054//3054
f 3980//3980 3053//3053 3054//3054
f 3058//3058 3057//3057 3055//3055
f 3058//3058 3056//3056 3057//3057
f 3056//3056 3058//3058 3059//3059
f 3060//3060 3059//3059 3058//3058
f 3058//3058 3055//3055 3060//3060
f 3059//3059 3060//3060 3064//3064
f 3059//3059 3065//3065 3056//3056
f 2796//2796 3066//3066 3107//3107
f 3063//3063 3066//3066 3068//3068
f 3062//3062 3107//3107 3063//3063
f 3107//3107 3066//3066 3063//3063
f 3065//3065 3064//3064 3061//3061
f 3067//3067 3065//3065 3061//3061
f 6591//6591 6590//6590 6586//6586
f 3064//3064 3065//3065 3059//3059
f 6586//6586 6588//6588 6587//6587
f 6587//6587 6591//6591 6586//6586
f 6589//6589 6584//6584 3107//3107
f 3063//3063 6589//6589 3062//3062
f 3062//3062 6589//6589 3107//3107
f 2796//2796 2759//2759 3072//3072
f 3066//3066 2796//2796 3072//3072
f 3067//3067 3069//3069 3065//3065
f 3070//3070 3066//3066 3072//3072
f 6592//6592 6590//6590 6591//6591
f 6593//6593 6592//6592 6591//6591
f 3066//3066 3070//3070 3068//3068
f 6593//6593 3074//3074 6592//6592
f 2746//2746 3065//3065 2757//2757
f 2757//2757 3065//3065 3073//3073
f 3069//3069 3073//3073 3065//3065
f 6592//6592 3074//3074 6595//6595
f 3072//3072 6600//6600 3070//3070
f 3076//3076 3071//3071 3072//3072
f 3075//3075 6596//6596 3076//3076
f 3076//3076 6597//6597 3071//3071
f 6594//6594 6595//6595 3074//3074
f 3072//3072 3071//3071 6600//6600
f 6598//6598 6601//6601 3349//3349
f 3075//3075 3076//3076 6646//6646
f 6646//6646 3076//3076 3081//3081
f 6647//6647 3077//3077 6599//6599
f 6605//6605 6602//6602 6648//6648
f 3078//3078 3037//3037 2758//2758
f 2757//2757 3073//3073 3078//3078
f 3073//3073 3079//3079 3078//3078
f 3078//3078 3079//3079 3084//3084
f 3351//3351 3084//3084 3079//3079
f 3073//3073 6603//6603 3079//3079
f 3350//3350 3079//3079 6603//6603
f 6604//6604 3080//3080 6649//6649
f 6604//6604 6606//6606 3080//3080
f 3082//3082 2760//2760 2761//2761
f 3078//3078 6607//6607 3038//3038
f 6607//6607 6608//6608 3038//3038
f 3084//3084 3083//3083 3078//3078
f 3082//3082 2761//2761 3081//3081
f 3082//3082 3081//3081 3076//3076
f 3082//3082 3076//3076 2759//2759
f 3085//3085 3083//3083 3086//3086
f 3351//3351 3083//3083 3084//3084
f 3353//3353 3081//3081 3359//3359
f 3038//3038 6608//6608 3039//3039
f 3081//3081 2761//2761 3359//3359
f 2760//2760 3359//3359 2761//2761
f 3359//3359 3087//3087 3088//3088
f 3088//3088 3087//3087 3089//3089
f 3108//3108 3122//3122 3091//3091
f 3091//3091 3090//3090 3108//3108
f 2768//2768 3108//3108 3090//3090
f 3090//3090 3091//3091 3046//3046
f 3093//3093 3100//3100 3101//3101
f 3093//3093 3094//3094 3096//3096
f 3093//3093 3101//3101 3094//3094
f 2778//2778 3093//3093 3096//3096
f 3095//3095 2778//2778 3096//3096
f 3094//3094 3097//3097 3096//3096
f 3094//3094 3101//3101 3097//3097
f 2778//2778 3095//3095 3092//3092
f 3092//3092 3095//3095 3098//3098
f 3095//3095 3096//3096 3098//3098
f 3097//3097 3098//3098 3096//3096
f 3097//3097 3101//3101 3099//3099
f 3092//3092 3098//3098 3099//3099
f 3099//3099 3098//3098 3097//3097
f 3099//3099 3363//3363 3092//3092
f 3363//3363 3099//3099 3362//3362
f 3100//3100 3050//3050 3101//3101
f 3101//3101 3050//3050 3362//3362
f 3099//3099 3101//3101 3362//3362
f 3362//3362 3050//3050 3366//3366
f 3104//3104 6610//6610 6536//6536
f 6614//6614 6611//6611 6612//6612
f 2793//2793 6614//6614 6612//6612
f 6583//6583 6609//6609 3106//3106
f 6613//6613 3106//3106 6609//6609
f 6615//6615 6614//6614 3107//3107
f 6585//6585 6583//6583 3106//3106
f 6584//6584 6616//6616 3107//3107
f 3091//3091 3122//3122 3368//3368
f 3360//3360 3091//3091 3368//3368
f 3109//3109 3110//3110 3121//3121
f 3110//3110 3111//3111 3113//3113
f 3113//3113 3112//3112 3114//3114
f 3112//3112 3111//3111 2811//2811
f 2811//2811 3111//3111 3110//3110
f 3113//3113 3111//3111 3112//3112
f 3114//3114 6617//6617 3361//3361
f 6617//6617 3092//3092 3361//3361
f 2807//2807 3116//3116 6618//6618
f 3130//3130 3129//3129 3117//3117
f 3118//3118 3130//3130 3117//3117
f 3117//3117 3119//3119 3118//3118
f 3119//3119 3120//3120 3118//3118
f 3118//3118 3120//3120 3372//3372
f 3118//3118 3372//3372 3370//3370
f 3120//3120 3119//3119 3109//3109
f 3372//3372 3120//3120 3109//3109
f 3368//3368 3122//3122 3386//3386
f 2830//2830 3138//3138 2825//2825
f 2832//2832 6546//6546 6545//6545
f 2832//2832 3139//3139 6546//6546
f 3140//3140 3139//3139 2832//2832
f 6624//6624 2832//2832 3123//3123
f 3391//3391 3392//3392 3123//3123
f 3124//3124 3391//3391 3123//3123
f 3391//3391 3124//3124 3125//3125
f 3124//3124 3123//3123 2832//2832
f 3124//3124 3126//3126 3127//3127
f 3125//3125 3124//3124 3127//3127
f 3124//3124 2832//2832 3115//3115
f 3124//3124 3115//3115 3126//3126
f 3380//3380 3126//3126 3115//3115
f 6665//6665 6619//6619 3128//3128
f 6621//6621 3128//3128 6619//6619
f 3129//3129 3128//3128 6620//6620
f 3129//3129 3384//3384 3128//3128
f 3157//3157 3131//3131 3132//3132
f 3133//3133 3157//3157 3132//3132
f 3387//3387 3402//3402 3133//3133
f 3132//3132 2853//2853 3133//3133
f 3134//3134 2853//2853 3138//3138
f 3138//3138 3135//3135 3134//3134
f 3133//3133 2853//2853 3134//3134
f 3139//3139 3135//3135 3138//3138
f 3134//3134 3135//3135 3133//3133
f 3133//3133 3135//3135 3387//3387
f 3387//3387 3135//3135 3136//3136
f 3136//3136 3135//3135 3139//3139
f 3387//3387 3136//3136 3137//3137
f 3136//3136 3139//3139 3137//3137
f 6622//6622 6623//6623 3141//3141
f 3138//3138 6546//6546 3139//3139
f 6623//6623 6624//6624 3141//3141
f 6624//6624 3123//3123 3141//3141
f 3141//3141 3123//3123 3392//3392
f 2861//2861 3145//3145 3167//3167
f 3145//3145 2861//2861 3144//3144
f 3143//3143 3147//3147 3144//3144
f 3145//3145 3144//3144 3147//3147
f 3147//3147 3143//3143 3146//3146
f 3145//3145 3148//3148 3167//3167
f 3145//3145 3147//3147 3148//3148
f 6625//6625 3147//3147 3146//3146
f 3168//3168 3165//3165 6625//6625
f 3146//3146 3168//3168 6625//6625
f 3169//3169 3168//3168 3146//3146
f 3149//3149 3146//3146 3143//3143
f 3146//3146 6626//6626 3150//3150
f 3146//3146 3150//3150 3169//3169
f 3169//3169 3150//3150 3171//3171
f 3151//3151 3152//3152 3172//3172
f 3171//3171 3152//3152 3151//3151
f 3152//3152 3416//3416 3172//3172
f 3416//3416 3152//3152 3153//3153
f 3153//3153 3154//3154 3395//3395
f 3156//3156 3154//3154 3155//3155
f 3152//3152 2837//2837 3153//3153
f 2837//2837 3155//3155 3153//3153
f 3153//3153 3155//3155 3154//3154
f 3154//3154 3156//3156 6666//6666
f 3156//3156 3155//3155 3131//3131
f 6627//6627 3131//3131 3397//3397
f 3395//3395 6627//6627 3397//3397
f 3131//3131 3398//3398 3397//3397
f 3398//3398 3131//3131 3157//3157
f 3398//3398 3157//3157 3399//3399
f 3157//3157 3133//3133 3402//3402
f 3402//3402 3399//3399 3157//3157
f 2546//2546 3418//3418 3158//3158
f 3159//3159 3160//3160 3408//3408
f 3162//3162 3160//3160 3159//3159
f 3162//3162 3161//3161 3160//3160
f 3160//3160 3161//3161 3408//3408
f 3408//3408 3161//3161 3409//3409
f 3409//3409 3161//3161 3410//3410
f 3161//3161 3162//3162 3410//3410
f 3162//3162 3166//3166 3163//3163
f 3166//3166 3167//3167 3164//3164
f 3164//3164 3167//3167 3148//3148
f 3164//3164 3148//3148 3165//3165
f 3163//3163 3166//3166 3164//3164
f 3164//3164 3165//3165 3163//3163
f 3412//3412 3163//3163 3165//3165
f 3168//3168 3412//3412 3165//3165
f 3168//3168 3170//3170 3412//3412
f 3413//3413 3412//3412 3170//3170
f 3169//3169 3151//3151 3170//3170
f 3168//3168 3169//3169 3170//3170
f 3170//3170 3151//3151 3413//3413
f 3151//3151 3169//3169 3171//3171
f 3413//3413 3151//3151 3414//3414
f 3151//3151 3172//3172 3414//3414
f 3172//3172 3416//3416 3414//3414
f 3428//3428 3173//3173 3177//3177
f 3177//3177 2868//2868 3174//3174
f 2868//2868 2555//2555 3174//3174
f 3420//3420 3174//3174 3175//3175
f 2556//2556 2560//2560 3418//3418
f 2560//2560 3178//3178 3418//3418
f 3422//3422 2869//2869 3424//3424
f 2869//2869 3176//3176 3424//3424
f 3425//3425 3176//3176 3428//3428
f 3430//3430 3428//3428 3177//3177
f 3173//3173 2868//2868 3177//3177
f 3430//3430 3177//3177 3174//3174
f 3187//3187 3431//3431 3178//3178
f 2878//2878 2870//2870 3179//3179
f 2878//2878 3179//3179 3180//3180
f 3179//3179 2871//2871 3180//3180
f 3182//3182 3180//3180 2871//2871
f 3437//3437 3180//3180 3181//3181
f 3181//3181 3180//3180 3182//3182
f 3182//3182 3183//3183 3443//3443
f 3181//3181 3443//3443 3437//3437
f 3182//3182 3443//3443 3181//3181
f 3182//3182 2871//2871 2874//2874
f 3182//3182 2874//2874 3183//3183
f 3183//3183 2874//2874 3184//3184
f 3445//3445 3184//3184 2874//2874
f 2874//2874 3447//3447 3445//3445
f 3195//3195 3185//3185 3186//3186
f 3186//3186 3187//3187 3178//3178
f 3211//3211 3212//3212 3468//3468
f 3188//3188 3468//3468 3212//3212
f 3212//3212 3189//3189 3188//3188
f 3469//3469 3188//3188 3190//3190
f 3468//3468 3188//3188 3469//3469
f 3188//3188 3189//3189 3190//3190
f 3212//3212 3191//3191 3189//3189
f 3191//3191 2877//2877 3189//3189
f 3189//3189 2877//2877 3192//3192
f 3192//3192 3190//3190 3189//3189
f 3192//3192 3472//3472 3190//3190
f 3192//3192 2877//2877 3432//3432
f 3432//3432 2878//2878 3180//3180
f 3216//3216 3194//3194 6633//6633
f 3194//3194 3193//3193 6633//6633
f 3193//3193 3194//3194 3474//3474
f 3215//3215 3483//3483 2904//2904
f 3483//3483 3215//3215 6628//6628
f 6629//6629 3216//3216 3217//3217
f 6628//6628 3475//3475 3483//3483
f 3483//3483 3195//3195 2904//2904
f 3501//3501 3221//3221 3196//3196
f 3222//3222 3196//3196 3221//3221
f 3222//3222 2882//2882 3198//3198
f 3196//3196 3222//3222 3198//3198
f 2883//2883 3198//3198 2882//2882
f 3197//3197 3202//3202 3198//3198
f 3196//3196 3198//3198 3200//3200
f 3202//3202 3200//3200 3198//3198
f 3200//3200 3199//3199 3196//3196
f 3200//3200 3202//3202 3203//3203
f 3496//3496 3199//3199 3203//3203
f 3203//3203 3199//3199 3200//3200
f 3496//3496 3203//3203 3201//3201
f 3202//3202 2887//2887 3203//3203
f 3203//3203 2887//2887 3204//3204
f 3205//3205 3203//3203 3204//3204
f 3204//3204 2889//2889 3205//3205
f 3201//3201 3203//3203 3205//3205
f 3201//3201 3205//3205 3206//3206
f 3206//3206 3205//3205 2889//2889
f 3207//3207 2890//2890 3208//3208
f 3206//3206 2890//2890 3207//3207
f 2889//2889 2890//2890 3206//3206
f 3207//3207 3208//3208 3463//3463
f 3201//3201 3206//3206 3207//3207
f 3463//3463 3208//3208 3209//3209
f 3208//3208 2890//2890 3209//3209
f 2890//2890 3210//3210 3209//3209
f 3209//3209 3210//3210 3211//3211
f 3468//3468 3209//3209 3211//3211
f 3210//3210 2892//2892 3212//3212
f 3210//3210 3212//3212 3211//3211
f 6632//6632 6630//6630 3216//3216
f 6632//6632 3216//3216 6633//6633
f 2908//2908 3217//3217 3216//3216
f 2910//2910 3223//3223 2909//2909
f 3499//3499 3223//3223 2910//2910
f 3223//3223 3499//3499 3498//3498
f 3218//3218 3219//3219 3500//3500
f 3218//3218 3500//3500 3499//3499
f 3218//3218 3499//3499 2911//2911
f 3220//3220 3500//3500 3219//3219
f 3220//3220 3221//3221 3501//3501
f 3219//3219 3221//3221 3220//3220
f 3219//3219 3222//3222 3221//3221
f 2619//2619 3223//3223 2908//2908
f 2909//2909 3223//3223 2619//2619
f 3499//3499 2910//2910 2911//2911
f 3505//3505 3506//3506 3226//3226
f 2913//2913 3224//3224 3225//3225
f 3504//3504 3505//3505 3225//3225
f 3224//3224 3508//3508 3504//3504
f 3504//3504 3225//3225 3224//3224
f 3225//3225 3505//3505 3226//3226
f 6634//6634 3507//3507 3227//3227
f 3226//3226 2912//2912 3225//3225
f 3225//3225 2912//2912 2913//2913
f 3517//3517 3516//3516 3519//3519
f 3513//3513 3519//3519 3230//3230
f 3507//3507 3520//3520 3227//3227
f 3513//3513 3230//3230 3228//3228
f 3513//3513 3228//3228 3521//3521
f 3521//3521 3228//3228 3527//3527
f 3230//3230 3519//3519 3516//3516
f 3228//3228 3230//3230 3234//3234
f 3228//3228 3234//3234 3229//3229
f 3527//3527 3228//3228 3229//3229
f 3527//3527 3229//3229 3234//3234
f 3527//3527 3234//3234 3235//3235
f 2628//2628 3227//3227 3520//3520
f 2628//2628 3520//3520 3526//3526
f 3230//3230 3516//3516 2919//2919
f 3234//3234 3230//3230 3231//3231
f 3234//3234 3231//3231 3233//3233
f 3235//3235 3232//3232 3528//3528
f 3238//3238 3544//3544 3236//3236
f 3236//3236 3544//3544 3537//3537
f 3539//3539 3242//3242 6637//6637
f 6636//6636 3238//3238 6635//6635
f 3236//3236 6635//6635 3238//3238
f 3545//3545 3544//3544 3239//3239
f 3545//3545 3239//3239 3240//3240
f 3545//3545 3240//3240 3241//3241
f 3242//3242 3543//3543 3245//3245
f 3239//3239 3544//3544 3243//3243
f 3240//3240 6638//6638 2929//2929
f 3241//3241 2929//2929 2931//2931
f 6638//6638 3240//3240 3239//3239
f 3240//3240 2929//2929 3241//3241
f 2931//2931 3244//3244 3241//3241
f 3242//3242 3245//3245 2930//2930
f 3244//3244 2931//2931 2932//2932
f 3557//3557 3252//3252 2943//2943
f 3246//3246 3255//3255 3252//3252
f 2959//2959 3248//3248 3247//3247
f 3248//3248 6571//6571 3565//3565
f 3247//3247 3248//3248 3249//3249
f 3248//3248 3250//3250 3249//3249
f 3571//3571 3250//3250 3248//3248
f 3250//3250 3550//3550 3552//3552
f 3571//3571 3550//3550 3250//3250
f 3250//3250 2939//2939 3249//3249
f 3552//3552 3251//3251 3250//3250
f 3250//3250 3251//3251 2939//2939
f 2948//2948 3255//3255 3253//3253
f 3253//3253 3575//3575 3254//3254
f 2948//2948 3253//3253 3258//3258
f 3254//3254 3258//3258 3253//3253
f 3254//3254 3256//3256 3258//3258
f 3575//3575 3561//3561 3257//3257
f 6639//6639 3254//3254 3575//3575
f 3257//3257 6639//6639 3575//3575
f 3561//3561 3577//3577 3257//3257
f 3257//3257 3577//3577 3576//3576
f 3256//3256 3259//3259 3258//3258
f 6640//6640 6639//6639 3257//3257
f 3257//3257 3576//3576 3261//3261
f 6640//6640 3257//3257 3261//3261
f 3576//3576 3578//3578 3261//3261
f 3578//3578 3582//3582 3261//3261
f 2966//2966 3258//3258 3259//3259
f 3582//3582 3263//3263 3261//3261
f 3582//3582 3583//3583 3263//3263
f 3261//3261 6642//6642 3260//3260
f 6640//6640 3261//3261 3260//3260
f 3262//3262 3261//3261 3263//3263
f 3583//3583 3262//3262 3263//3263
f 3626//3626 3264//3264 3299//3299
f 3264//3264 3265//3265 3299//3299
f 3266//3266 2951//2951 3265//3265
f 3265//3265 3589//3589 3266//3266
f 3266//3266 3589//3589 2951//2951
f 3589//3589 3267//3267 2951//2951
f 3589//3589 3591//3591 3267//3267
f 3268//3268 3269//3269 3267//3267
f 3267//3267 3591//3591 3268//3268
f 3591//3591 3270//3270 3268//3268
f 3269//3269 3270//3270 2957//2957
f 3268//3268 3270//3270 3269//3269
f 3591//3591 3594//3594 3270//3270
f 3594//3594 3271//3271 3270//3270
f 3271//3271 6570//6570 3270//3270
f 3594//3594 3563//3563 6571//6571
f 6570//6570 3271//3271 6572//6572
f 3271//3271 3594//3594 6572//6572
f 2966//2966 3259//3259 3272//3272
f 6640//6640 3260//3260 6642//6642
f 2976//2976 6642//6642 3261//3261
f 6642//6642 2976//2976 6573//6573
f 2980//2980 2976//2976 3261//3261
f 3262//3262 2980//2980 3261//3261
f 3262//3262 3273//3273 2980//2980
f 3273//3273 3262//3262 3586//3586
f 3586//3586 3274//3274 3273//3273
f 3597//3597 3275//3275 3274//3274
f 3274//3274 3275//3275 6514//6514
f 3275//3275 3599//3599 3300//3300
f 6514//6514 3275//3275 3300//3300
f 3300//3300 3607//3607 3301//3301
f 3277//3277 3276//3276 3607//3607
f 3276//3276 3301//3301 3607//3607
f 3608//3608 3277//3277 3607//3607
f 3277//3277 3608//3608 3628//3628
f 3301//3301 3276//3276 3015//3015
f 3276//3276 3277//3277 3015//3015
f 3278//3278 3310//3310 2984//2984
f 3310//3310 3279//3279 2984//2984
f 3643//3643 3609//3609 3312//3312
f 2984//2984 3279//3279 3280//3280
f 3279//3279 3281//3281 3280//3280
f 3280//3280 3281//3281 3311//3311
f 3281//3281 3279//3279 3310//3310
f 3611//3611 3615//3615 3282//3282
f 3613//3613 3615//3615 3611//3611
f 3611//3611 3286//3286 2991//2991
f 3611//3611 3282//3282 3286//3286
f 3283//3283 3286//3286 3284//3284
f 3285//3285 3284//3284 3286//3286
f 2687//2687 3285//3285 3286//3286
f 3282//3282 3615//3615 3286//3286
f 3615//3615 3287//3287 3286//3286
f 3286//3286 3287//3287 2687//2687
f 3616//3616 3617//3617 3287//3287
f 3617//3617 3288//3288 3287//3287
f 3288//3288 2688//2688 3287//3287
f 3288//3288 3314//3314 3313//3313
f 3313//3313 2993//2993 3289//3289
f 3289//3289 3288//3288 3313//3313
f 6581//6581 3322//3322 6576//6576
f 6644//6644 3321//3321 3650//3650
f 3650//3650 3619//3619 6644//6644
f 3294//3294 6575//6575 6644//6644
f 3294//3294 6644//6644 3619//3619
f 3290//3290 3294//3294 3619//3619
f 3295//3295 6643//6643 3620//3620
f 3294//3294 3293//3293 3292//3292
f 3291//3291 3294//3294 3292//3292
f 3291//3291 6575//6575 3294//3294
f 3295//3295 3293//3293 3294//3294
f 6643//6643 3295//3295 3294//3294
f 3620//3620 3296//3296 3295//3295
f 3291//3291 3292//3292 2998//2998
f 3292//3292 3296//3296 6577//6577
f 3293//3293 3296//3296 3292//3292
f 3296//3296 3293//3293 3295//3295
f 3297//3297 3298//3298 3296//3296
f 3625//3625 3626//3626 3297//3297
f 3296//3296 3625//3625 3297//3297
f 3626//3626 3299//3299 3297//3297
f 3297//3297 3299//3299 3298//3298
f 3628//3628 3016//3016 3277//3277
f 3277//3277 3016//3016 3015//3015
f 3628//3628 3302//3302 3016//3016
f 3302//3302 3630//3630 3304//3304
f 3302//3302 3304//3304 3303//3303
f 3304//3304 3306//3306 3303//3303
f 3634//3634 3308//3308 3306//3306
f 3305//3305 3017//3017 3303//3303
f 3305//3305 3303//3303 3306//3306
f 3307//3307 3305//3305 3306//3306
f 3307//3307 3309//3309 3305//3305
f 3308//3308 3307//3307 3306//3306
f 3635//3635 3307//3307 3308//3308
f 3307//3307 3635//3635 3309//3309
f 3308//3308 3634//3634 3635//3635
f 3017//3017 3305//3305 3309//3309
f 3017//3017 3309//3309 2983//2983
f 3309//3309 3278//3278 2983//2983
f 3641//3641 3278//3278 3309//3309
f 3278//3278 3641//3641 3310//3310
f 3641//3641 3642//3642 3310//3310
f 3642//3642 3643//3643 3310//3310
f 3312//3312 3310//3310 3643//3643
f 3310//3310 3311//3311 3281//3281
f 3310//3310 3312//3312 3311//3311
f 3311//3311 3312//3312 2986//2986
f 3019//3019 3018//3018 3314//3314
f 3314//3314 3018//3018 3313//3313
f 3027//3027 3019//3019 3647//3647
f 3324//3324 3315//3315 2720//2720
f 3315//3315 3648//3648 3319//3319
f 3021//3021 2720//2720 3315//3315
f 3648//3648 3649//3649 3319//3319
f 3316//3316 6645//6645 3021//3021
f 3317//3317 6645//6645 3316//3316
f 3318//3318 6645//6645 3317//3317
f 3316//3316 3318//3318 3317//3317
f 3316//3316 3021//3021 3319//3319
f 3318//3318 3316//3316 3319//3319
f 3315//3315 3319//3319 3021//3021
f 3318//3318 3321//3321 6644//6644
f 3320//3320 3318//3318 3319//3319
f 3320//3320 3321//3321 3318//3318
f 3320//3320 3649//3649 3321//3321
f 3649//3649 3320//3320 3319//3319
f 3321//3321 3649//3649 3650//3650
f 3948//3948 3654//3654 3325//3325
f 2724//2724 3027//3027 3325//3325
f 3029//3029 3028//3028 3323//3323
f 3324//3324 3030//3030 3029//3029
f 3324//3324 3029//3029 3323//3323
f 3651//3651 3324//3324 3323//3323
f 3324//3324 3651//3651 3648//3648
f 3648//3648 3315//3315 3324//3324
f 3031//3031 3325//3325 3654//3654
f 3034//3034 3655//3655 3326//3326
f 3326//3326 3323//3323 3028//3028
f 3326//3326 3651//3651 3323//3323
f 3334//3334 3335//3335 3327//3327
f 3329//3329 3033//3033 3663//3663
f 3339//3339 3686//3686 3034//3034
f 3343//3343 3672//3672 3671//3671
f 3330//3330 3049//3049 3332//3332
f 3657//3657 3330//3330 3332//3332
f 3330//3330 3657//3657 3331//3331
f 3332//3332 3049//3049 3333//3333
f 3333//3333 3049//3049 3336//3336
f 3333//3333 3335//3335 3334//3334
f 3333//3333 3336//3336 3335//3335
f 3333//3333 3334//3334 3332//3332
f 3335//3335 3336//3336 3660//3660
f 3335//3335 3660//3660 3327//3327
f 3660//3660 3336//3336 3674//3674
f 3054//3054 3337//3337 3980//3980
f 2743//2743 3036//3036 2742//2742
f 3357//3357 3338//3338 3034//3034
f 3338//3338 3339//3339 3034//3034
f 3340//3340 3339//3339 3338//3338
f 6661//6661 3359//3359 3679//3679
f 6717//6717 3680//3680 3340//3340
f 3338//3338 6717//6717 3340//3340
f 3338//3338 6662//6662 6717//6717
f 6718//6718 3681//3681 3339//3339
f 3359//3359 3088//3088 3341//3341
f 3690//3690 3359//3359 3341//3341
f 3341//3341 3088//3088 3342//3342
f 3342//3342 3041//3041 3343//3343
f 3041//3041 3044//3044 3343//3343
f 3343//3343 3044//3044 3672//3672
f 3345//3345 3336//3336 3691//3691
f 3347//3347 3367//3367 3348//3348
f 3347//3347 3348//3348 3346//3346
f 3346//3346 3348//3348 3696//3696
f 3347//3347 3346//3346 3694//3694
f 3053//3053 3348//3348 3367//3367
f 3697//3697 3348//3348 3053//3053
f 3351//3351 3079//3079 3350//3350
f 3080//3080 3354//3354 6649//6649
f 3354//3354 3080//3080 6606//6606
f 6651//6651 6650//6650 3352//3352
f 3354//3354 6653//6653 6649//6649
f 6654//6654 6656//6656 3353//3353
f 6654//6654 3353//3353 3356//3356
f 3356//3356 3353//3353 3358//3358
f 3353//3353 3359//3359 3358//3358
f 3353//3353 6656//6656 3081//3081
f 3355//3355 3034//3034 3351//3351
f 6659//6659 6657//6657 6655//6655
f 6655//6655 6657//6657 6652//6652
f 3355//3355 3357//3357 3034//3034
f 6663//6663 6658//6658 6660//6660
f 3356//3356 3358//3358 6661//6661
f 3359//3359 6661//6661 3358//3358
f 3091//3091 3360//3360 3344//3344
f 3049//3049 3344//3344 3336//3336
f 3360//3360 3336//3336 3344//3344
f 3336//3336 3360//3360 3691//3691
f 3364//3364 3363//3363 3362//3362
f 3363//3363 3364//3364 3365//3365
f 3364//3364 3362//3362 3365//3365
f 3362//3362 3366//3366 3365//3365
f 3699//3699 3363//3363 3365//3365
f 3050//3050 3367//3367 3366//3366
f 3702//3702 3701//3701 3367//3367
f 3114//3114 3375//3375 3113//3113
f 3113//3113 3712//3712 3110//3110
f 3113//3113 3375//3375 3712//3712
f 3706//3706 3114//3114 3361//3361
f 3369//3369 3716//3716 3715//3715
f 3989//3989 3716//3716 3709//3709
f 3370//3370 3369//3369 3118//3118
f 3369//3369 3370//3370 3716//3716
f 3370//3370 3371//3371 3709//3709
f 3372//3372 3709//3709 3371//3371
f 3716//3716 3370//3370 3709//3709
f 3372//3372 3373//3373 3709//3709
f 3372//3372 3371//3371 3370//3370
f 3121//3121 3374//3374 3373//3373
f 6734//6734 6664//6664 3121//3121
f 3121//3121 3373//3373 3109//3109
f 3109//3109 3373//3373 3372//3372
f 3110//3110 6734//6734 3121//3121
f 3376//3376 6734//6734 3375//3375
f 3114//3114 3376//3376 3375//3375
f 3391//3391 3125//3125 3393//3393
f 3992//3992 3377//3377 3127//3127
f 3125//3125 3127//3127 3377//3377
f 3382//3382 3992//3992 3378//3378
f 3382//3382 3383//3383 3992//3992
f 3127//3127 3378//3378 3992//3992
f 3379//3379 3126//3126 3380//3380
f 3378//3378 3127//3127 3126//3126
f 3379//3379 3378//3378 3126//3126
f 3380//3380 3381//3381 3378//3378
f 3380//3380 3378//3378 3379//3379
f 3378//3378 3381//3381 3382//3382
f 6665//6665 3382//3382 3381//3381
f 3382//3382 6665//6665 3383//3383
f 6665//6665 3128//3128 3383//3383
f 3384//3384 3383//3383 3128//3128
f 3384//3384 3994//3994 3383//3383
f 3129//3129 3385//3385 3384//3384
f 3385//3385 3129//3129 3130//3130
f 3994//3994 3384//3384 3385//3385
f 3118//3118 3385//3385 3130//3130
f 3118//3118 3369//3369 3385//3385
f 3385//3385 3369//3369 3715//3715
f 3403//3403 3402//3402 3387//3387
f 3387//3387 3388//3388 3404//3404
f 3137//3137 3388//3388 3387//3387
f 3388//3388 3137//3137 3406//3406
f 6622//6622 3141//3141 3406//3406
f 3406//3406 3141//3141 3405//3405
f 3141//3141 3389//3389 3405//3405
f 3405//3405 3389//3389 3717//3717
f 3141//3141 3392//3392 3389//3389
f 3389//3389 3392//3392 3390//3390
f 3717//3717 3389//3389 3390//3390
f 3390//3390 3393//3393 3719//3719
f 3392//3392 3391//3391 3390//3390
f 3390//3390 3391//3391 3393//3393
f 3377//3377 3393//3393 3125//3125
f 3377//3377 3720//3720 3393//3393
f 3746//3746 3745//3745 3721//3721
f 3745//3745 3153//3153 3395//3395
f 3395//3395 3394//3394 3745//3745
f 3394//3394 3395//3395 3396//3396
f 3395//3395 3397//3397 3396//3396
f 3397//3397 3399//3399 3396//3396
f 6667//6667 3399//3399 3723//3723
f 3723//3723 3399//3399 3724//3724
f 3724//3724 3401//3401 3725//3725
f 3397//3397 3398//3398 3399//3399
f 3403//3403 3400//3400 3399//3399
f 3399//3399 3400//3400 3724//3724
f 3400//3400 3403//3403 3401//3401
f 3401//3401 3724//3724 3400//3400
f 3402//3402 3403//3403 3399//3399
f 3403//3403 3387//3387 3404//3404
f 3401//3401 3403//3403 3404//3404
f 3401//3401 3404//3404 3405//3405
f 3404//3404 3388//3388 3406//3406
f 3404//3404 3406//3406 3405//3405
f 3158//3158 3407//3407 3142//3142
f 3420//3420 3408//3408 3728//3728
f 3420//3420 3728//3728 3758//3758
f 3175//3175 3159//3159 3408//3408
f 3408//3408 3409//3409 3728//3728
f 3409//3409 3410//3410 3728//3728
f 3410//3410 3731//3731 3728//3728
f 3410//3410 3162//3162 3163//3163
f 3731//3731 3410//3410 3163//3163
f 3731//3731 3163//3163 3732//3732
f 3732//3732 3163//3163 3411//3411
f 3412//3412 3413//3413 3411//3411
f 3412//3412 3411//3411 3163//3163
f 3411//3411 3413//3413 3414//3414
f 3415//3415 3416//3416 3153//3153
f 3417//3417 3415//3415 3153//3153
f 3745//3745 3417//3417 3153//3153
f 3742//3742 3415//3415 3417//3417
f 3742//3742 3417//3417 3737//3737
f 3417//3417 3744//3744 3737//3737
f 3417//3417 3745//3745 3744//3744
f 3420//3420 3757//3757 3756//3756
f 3420//3420 3175//3175 3408//3408
f 3178//3178 3431//3431 3419//3419
f 3418//3418 3178//3178 3419//3419
f 3444//3444 3448//3448 3770//3770
f 3442//3442 3444//3444 3768//3768
f 3449//3449 3447//3447 3421//3421
f 3448//3448 3449//3449 3770//3770
f 3421//3421 3770//3770 3449//3449
f 3447//3447 2874//2874 3421//3421
f 2874//2874 3422//3422 3421//3421
f 3421//3421 3422//3422 3770//3770
f 3422//3422 3424//3424 3423//3423
f 3424//3424 3425//3425 3423//3423
f 3752//3752 3423//3423 3773//3773
f 3773//3773 3423//3423 3425//3425
f 3425//3425 3424//3424 3176//3176
f 3426//3426 3425//3425 3427//3427
f 3754//3754 3425//3425 3426//3426
f 3426//3426 3429//3429 3754//3754
f 3425//3425 3428//3428 3427//3427
f 3427//3427 3428//3428 3429//3429
f 3427//3427 3429//3429 3426//3426
f 3429//3429 3428//3428 3430//3430
f 3420//3420 3756//3756 3430//3430
f 3174//3174 3420//3420 3430//3430
f 3774//3774 3776//3776 3461//3461
f 3801//3801 3774//3774 3461//3461
f 3187//3187 3789//3789 3431//3431
f 3432//3432 3180//3180 3433//3433
f 3432//3432 3798//3798 4048//4048
f 3433//3433 3798//3798 3432//3432
f 3434//3434 3180//3180 3435//3435
f 3180//3180 3434//3434 3433//3433
f 3433//3433 3434//3434 3798//3798
f 3180//3180 3437//3437 3435//3435
f 3434//3434 3435//3435 3436//3436
f 3436//3436 3440//3440 3442//3442
f 3435//3435 3440//3440 3436//3436
f 3798//3798 3434//3434 3436//3436
f 3442//3442 3798//3798 3436//3436
f 3438//3438 3435//3435 3437//3437
f 3435//3435 3438//3438 3440//3440
f 3442//3442 4050//4050 3798//3798
f 3437//3437 3443//3443 3438//3438
f 3438//3438 3443//3443 3439//3439
f 3440//3440 3438//3438 3439//3439
f 3441//3441 3442//3442 3440//3440
f 3439//3439 3441//3441 3440//3440
f 3444//3444 3442//3442 3441//3441
f 3448//3448 3441//3441 3439//3439
f 3441//3441 3448//3448 3444//3444
f 3183//3183 3184//3184 3443//3443
f 3184//3184 3446//3446 3443//3443
f 3439//3439 3443//3443 3448//3448
f 3446//3446 3184//3184 3447//3447
f 3184//3184 3445//3445 3447//3447
f 3446//3446 3447//3447 3443//3443
f 3448//3448 3447//3447 3449//3449
f 3447//3447 3448//3448 3443//3443
f 3478//3478 3450//3450 3483//3483
f 3484//3484 6669//6669 3480//3480
f 3450//3450 3451//3451 3483//3483
f 6669//6669 3452//3452 3451//3451
f 6669//6669 3484//3484 3452//3452
f 3486//3486 6670//6670 6690//6690
f 6670//6670 3486//3486 3459//3459
f 3483//3483 3451//3451 3453//3453
f 3452//3452 3454//3454 3451//3451
f 3451//3451 3454//3454 3453//3453
f 3454//3454 3455//3455 3453//3453
f 3453//3453 3455//3455 3456//3456
f 3455//3455 6672//6672 3457//3457
f 3456//3456 3455//3455 3457//3457
f 6671//6671 3459//3459 6673//6673
f 6675//6675 3458//3458 6674//6674
f 6674//6674 3458//3458 3799//3799
f 6675//6675 6673//6673 3459//3459
f 6675//6675 3459//3459 3458//3458
f 3458//3458 3459//3459 3799//3799
f 3799//3799 3459//3459 3486//3486
f 3453//3453 3461//3461 3483//3483
f 3453//3453 3456//3456 3461//3461
f 3456//3456 3460//3460 3461//3461
f 3456//3456 3800//3800 3460//3460
f 3802//3802 6763//6763 6674//6674
f 3195//3195 3461//3461 3185//3185
f 3483//3483 3461//3461 3195//3195
f 3801//3801 3461//3461 3460//3460
f 3461//3461 3789//3789 3185//3185
f 3789//3789 3187//3187 3185//3185
f 3185//3185 3187//3187 3186//3186
f 3823//3823 3811//3811 3809//3809
f 3489//3489 3811//3811 3823//3823
f 3811//3811 3495//3495 3815//3815
f 3496//3496 3464//3464 3815//3815
f 3496//3496 3462//3462 3464//3464
f 3201//3201 3207//3207 3463//3463
f 3462//3462 3496//3496 3463//3463
f 3462//3462 3463//3463 3464//3464
f 3465//3465 3815//3815 3464//3464
f 3467//3467 3464//3464 3209//3209
f 3464//3464 3467//3467 3470//3470
f 3465//3465 3464//3464 3470//3470
f 3465//3465 3470//3470 3822//3822
f 3209//3209 3468//3468 3467//3467
f 3467//3467 3468//3468 3470//3470
f 3466//3466 3470//3470 3471//3471
f 3469//3469 3470//3470 3468//3468
f 3469//3469 3190//3190 3472//3472
f 3469//3469 3472//3472 3473//3473
f 3469//3469 3473//3473 3471//3471
f 3469//3469 3471//3471 3470//3470
f 3471//3471 3473//3473 4060//4060
f 3432//3432 4060//4060 3473//3473
f 3472//3472 3192//3192 3432//3432
f 3473//3473 3472//3472 3432//3432
f 6676//6676 6629//6629 3217//3217
f 6676//6676 3217//3217 3476//3476
f 6677//6677 3475//3475 6628//6628
f 6679//6679 6678//6678 6680//6680
f 6679//6679 6680//6680 3477//3477
f 3476//3476 3482//3482 6681//6681
f 6681//6681 3482//3482 3481//3481
f 3217//3217 3482//3482 3476//3476
f 3475//3475 3478//3478 3483//3483
f 3477//3477 6682//6682 6679//6679
f 3479//3479 6686//6686 3478//3478
f 6683//6683 6682//6682 3477//3477
f 3478//3478 6686//6686 3450//3450
f 6681//6681 3481//3481 6684//6684
f 6685//6685 6689//6689 6687//6687
f 6688//6688 3482//3482 6690//6690
f 6690//6690 3482//3482 3486//3486
f 6688//6688 3481//3481 3482//3482
f 3486//3486 3482//3482 3485//3485
f 3482//3482 3217//3217 3485//3485
f 3485//3485 3497//3497 3487//3487
f 3486//3486 3485//3485 3487//3487
f 3488//3488 3499//3499 3489//3489
f 3823//3823 3488//3488 3489//3489
f 3492//3492 3491//3491 3490//3490
f 3490//3490 3500//3500 3501//3501
f 3490//3490 3501//3501 3492//3492
f 3500//3500 3490//3490 3491//3491
f 3500//3500 3491//3491 3489//3489
f 3492//3492 3501//3501 3493//3493
f 3492//3492 3493//3493 3494//3494
f 3492//3492 3494//3494 3491//3491
f 3495//3495 3811//3811 3489//3489
f 3196//3196 3493//3493 3501//3501
f 3489//3489 3491//3491 3495//3495
f 3493//3493 3196//3196 3199//3199
f 3199//3199 3494//3494 3493//3493
f 3491//3491 3494//3494 3495//3495
f 3496//3496 3495//3495 3494//3494
f 3495//3495 3496//3496 3815//3815
f 3494//3494 3199//3199 3496//3496
f 3463//3463 3496//3496 3201//3201
f 3209//3209 3464//3464 3463//3463
f 3217//3217 2908//2908 3497//3497
f 3497//3497 2908//2908 3223//3223
f 3217//3217 3497//3497 3485//3485
f 3497//3497 3223//3223 3498//3498
f 3497//3497 3498//3498 3487//3487
f 3498//3498 3499//3499 3488//3488
f 3489//3489 3499//3499 3500//3500
f 3220//3220 3501//3501 3500//3500
f 3824//3824 3502//3502 4076//4076
f 6829//6829 3502//3502 3825//3825
f 3508//3508 3826//3826 3825//3825
f 3825//3825 3504//3504 3508//3508
f 3505//3505 3825//3825 3502//3502
f 3502//3502 3503//3503 3506//3506
f 3503//3503 3507//3507 3506//3506
f 3826//3826 3508//3508 3829//3829
f 3504//3504 3825//3825 3505//3505
f 3505//3505 3502//3502 3506//3506
f 3508//3508 3224//3224 3509//3509
f 3224//3224 2913//2913 3509//3509
f 3829//3829 3508//3508 3509//3509
f 3829//3829 6691//6691 3511//3511
f 3829//3829 3511//3511 3512//3512
f 3514//3514 3830//3830 3512//3512
f 3830//3830 3829//3829 3512//3512
f 3506//3506 3507//3507 6634//6634
f 6691//6691 3516//3516 3510//3510
f 3516//3516 3512//3512 3510//3510
f 3510//3510 3511//3511 6691//6691
f 3511//3511 3510//3510 3512//3512
f 3517//3517 3519//3519 3513//3513
f 3514//3514 3517//3517 3513//3513
f 3513//3513 3515//3515 3514//3514
f 3516//3516 3517//3517 3512//3512
f 3512//3512 3517//3517 3514//3514
f 3515//3515 3530//3530 3834//3834
f 3507//3507 3518//3518 3520//3520
f 3523//3523 3515//3515 3513//3513
f 3515//3515 3523//3523 3530//3530
f 3526//3526 3520//3520 3518//3518
f 3522//3522 3523//3523 3513//3513
f 3521//3521 3522//3522 3513//3513
f 3527//3527 3522//3522 3521//3521
f 3528//3528 3522//3522 3527//3527
f 3523//3523 3522//3522 6694//6694
f 3523//3523 6694//6694 3530//3530
f 3841//3841 6695//6695 3524//3524
f 3841//3841 6692//6692 3840//3840
f 3525//3525 6767//6767 6693//6693
f 6693//6693 3530//3530 3525//3525
f 3532//3532 3526//3526 3844//3844
f 3863//3863 6696//6696 3844//3844
f 3528//3528 3527//3527 3235//3235
f 3529//3529 3530//3530 6694//6694
f 3525//3525 3530//3530 3853//3853
f 3526//3526 3237//3237 2628//2628
f 3532//3532 3237//3237 3526//3526
f 3531//3531 3539//3539 6637//6637
f 6637//6637 6696//6696 3531//3531
f 6696//6696 3533//3533 3531//3531
f 3533//3533 3539//3539 3531//3531
f 6697//6697 3540//3540 3539//3539
f 3541//3541 3540//3540 3536//3536
f 3536//3536 3540//3540 6697//6697
f 3534//3534 3533//3533 6696//6696
f 3534//3534 3535//3535 3533//3533
f 6699//6699 3536//3536 6697//6697
f 3863//3863 3534//3534 6696//6696
f 3863//3863 3864//3864 3534//3534
f 6776//6776 6699//6699 6698//6698
f 6776//6776 3536//3536 6699//6699
f 3543//3543 3541//3541 3536//3536
f 6635//6635 3529//3529 6694//6694
f 3236//3236 3529//3529 6635//6635
f 3529//3529 3236//3236 3530//3530
f 3853//3853 3530//3530 3537//3537
f 6700//6700 3854//3854 6771//6771
f 3538//3538 6701//6701 3542//3542
f 3540//3540 3541//3541 3539//3539
f 3537//3537 3530//3530 3236//3236
f 3542//3542 6701//6701 3547//3547
f 3542//3542 6703//6703 3538//3538
f 3538//3538 3549//3549 3866//3866
f 3866//3866 3549//3549 3860//3860
f 3541//3541 3242//3242 3539//3539
f 3541//3541 3543//3543 3242//3242
f 3546//3546 3537//3537 3544//3544
f 3546//3546 3544//3544 3545//3545
f 6702//6702 3547//3547 6701//6701
f 6702//6702 3545//3545 3547//3547
f 3547//3547 3545//3545 3548//3548
f 3244//3244 3549//3549 3548//3548
f 3538//3538 3547//3547 3548//3548
f 6704//6704 3543//3543 3860//3860
f 3549//3549 3538//3538 3548//3548
f 3548//3548 3545//3545 3241//3241
f 3548//3548 3241//3241 3244//3244
f 6704//6704 3244//3244 3245//3245
f 3245//3245 3543//3543 6704//6704
f 3572//3572 3573//3573 3550//3550
f 3574//3574 3874//3874 6706//6706
f 3573//3573 3552//3552 3550//3550
f 6706//6706 3551//3551 3552//3552
f 6706//6706 3874//3874 3551//3551
f 3551//3551 3553//3553 3552//3552
f 3551//3551 3875//3875 3553//3553
f 3251//3251 3552//3552 3554//3554
f 3555//3555 3554//3554 3552//3552
f 3553//3553 3555//3555 3552//3552
f 3553//3553 3875//3875 3555//3555
f 3251//3251 3554//3554 3557//3557
f 2943//2943 3251//3251 3557//3557
f 3556//3556 3557//3557 3554//3554
f 3555//3555 3876//3876 3554//3554
f 3554//3554 3876//3876 3870//3870
f 6779//6779 3555//3555 3877//3877
f 3555//3555 3875//3875 3877//3877
f 3556//3556 3255//3255 3246//3246
f 3556//3556 3246//3246 3557//3557
f 3246//3246 3252//3252 3557//3557
f 3558//3558 3255//3255 3556//3556
f 3554//3554 3558//3558 3556//3556
f 3554//3554 3870//3870 3558//3558
f 3558//3558 3870//3870 3559//3559
f 3255//3255 3558//3558 3253//3253
f 3559//3559 3575//3575 3558//3558
f 3575//3575 3253//3253 3558//3558
f 3559//3559 3560//3560 3575//3575
f 3560//3560 3561//3561 3575//3575
f 3559//3559 3884//3884 6705//6705
f 3561//3561 6705//6705 3884//3884
f 3884//3884 3562//3562 3561//3561
f 3562//3562 3577//3577 3561//3561
f 3884//3884 3581//3581 3562//3562
f 3562//3562 3581//3581 3577//3577
f 3884//3884 3885//3885 3581//3581
f 3885//3885 3886//3886 3581//3581
f 3906//3906 3564//3564 3565//3565
f 3563//3563 3906//3906 3565//3565
f 3565//3565 6571//6571 3563//3563
f 3564//3564 3566//3566 3565//3565
f 3890//3890 3570//3570 3566//3566
f 3566//3566 3567//3567 3890//3890
f 3564//3564 3567//3567 3566//3566
f 3571//3571 3248//3248 3568//3568
f 3571//3571 3568//3568 3572//3572
f 3565//3565 3568//3568 3248//3248
f 3566//3566 3569//3569 3565//3565
f 3565//3565 3569//3569 3568//3568
f 3568//3568 3573//3573 3572//3572
f 3568//3568 3569//3569 3573//3573
f 3569//3569 3891//3891 6706//6706
f 3569//3569 3566//3566 3570//3570
f 3569//3569 3570//3570 3889//3889
f 3569//3569 3889//3889 3891//3891
f 3572//3572 3550//3550 3571//3571
f 6706//6706 3891//3891 3574//3574
f 3577//3577 3578//3578 3576//3576
f 3581//3581 3578//3578 3577//3577
f 3578//3578 3579//3579 3582//3582
f 3580//3580 3579//3579 3578//3578
f 3581//3581 3580//3580 3578//3578
f 3581//3581 3886//3886 6707//6707
f 3579//3579 3583//3583 3582//3582
f 3584//3584 3583//3583 3585//3585
f 3579//3579 3580//3580 3583//3583
f 3585//3585 6707//6707 3886//3886
f 3585//3585 3583//3583 6707//6707
f 3583//3583 3584//3584 3262//3262
f 3585//3585 3586//3586 3584//3584
f 3584//3584 3586//3586 3262//3262
f 3585//3585 3595//3595 3586//3586
f 3627//3627 3587//3587 3264//3264
f 3264//3264 3587//3587 3265//3265
f 3589//3589 3265//3265 3587//3587
f 3587//3587 3903//3903 3589//3589
f 3591//3591 3589//3589 3588//3588
f 3588//3588 3590//3590 3592//3592
f 3592//3592 3590//3590 3593//3593
f 3590//3590 3588//3588 3589//3589
f 3589//3589 3903//3903 3590//3590
f 3903//3903 3593//3593 3590//3590
f 3591//3591 3592//3592 3594//3594
f 3592//3592 3563//3563 3594//3594
f 3591//3591 3588//3588 3592//3592
f 3592//3592 3593//3593 3563//3563
f 3595//3595 3274//3274 3586//3586
f 3914//3914 3274//3274 3595//3595
f 3913//3913 3914//3914 3595//3595
f 3914//3914 3596//3596 3274//3274
f 3596//3596 3597//3597 3274//3274
f 3914//3914 3598//3598 3596//3596
f 3602//3602 3597//3597 3596//3596
f 3275//3275 3597//3597 3600//3600
f 3601//3601 3275//3275 3600//3600
f 3275//3275 3601//3601 3599//3599
f 6710//6710 3606//3606 6709//6709
f 6709//6709 3606//3606 3300//3300
f 3600//3600 3597//3597 3602//3602
f 3603//3603 3600//3600 3602//3602
f 6711//6711 3603//3603 3606//3606
f 3600//3600 3603//3603 6712//6712
f 3604//3604 3607//3607 3606//3606
f 3606//3606 3603//3603 3604//3604
f 6708//6708 3604//3604 3603//3603
f 3602//3602 6708//6708 3603//3603
f 3596//3596 3598//3598 6713//6713
f 3598//3598 3605//3605 6713//6713
f 6713//6713 3605//3605 3607//3607
f 3608//3608 3607//3607 3605//3605
f 3598//3598 3608//3608 3605//3605
f 3607//3607 3300//3300 3606//3606
f 3608//3608 3916//3916 3628//3628
f 3610//3610 3609//3609 3644//3644
f 3645//3645 3610//3610 3644//3644
f 3611//3611 3609//3609 3610//3610
f 3611//3611 3610//3610 3645//3645
f 3645//3645 3644//3644 3613//3613
f 3613//3613 3611//3611 3645//3645
f 3613//3613 3644//3644 3612//3612
f 3612//3612 3615//3615 3613//3613
f 3615//3615 3616//3616 3287//3287
f 3614//3614 3615//3615 3612//3612
f 3614//3614 3616//3616 3615//3615
f 3920//3920 3616//3616 3614//3614
f 3927//3927 3288//3288 3617//3617
f 3288//3288 3939//3939 3618//3618
f 3618//3618 3939//3939 4207//4207
f 3618//3618 3314//3314 3288//3288
f 3619//3619 3621//3621 6643//6643
f 6643//6643 3621//3621 3620//3620
f 3650//3650 3621//3621 3619//3619
f 3962//3962 3621//3621 3650//3650
f 3622//3622 3620//3620 3621//3621
f 3620//3620 3622//3622 3624//3624
f 3296//3296 3623//3623 3625//3625
f 3623//3623 3296//3296 3620//3620
f 3620//3620 3624//3624 3623//3623
f 3624//3624 3625//3625 3623//3623
f 3624//3624 3622//3622 3625//3625
f 3625//3625 3622//3622 6714//6714
f 3622//3622 3942//3942 6714//6714
f 3627//3627 6714//6714 3942//3942
f 6714//6714 3627//3627 3264//3264
f 3630//3630 3302//3302 3916//3916
f 3628//3628 3916//3916 3302//3302
f 3631//3631 3630//3630 3629//3629
f 3306//3306 3304//3304 3630//3630
f 3634//3634 3306//3306 3630//3630
f 3631//3631 3634//3634 3630//3630
f 3633//3633 3632//3632 3631//3631
f 3631//3631 3632//3632 3634//3634
f 3639//3639 3633//3633 3930//3930
f 3635//3635 3634//3634 3632//3632
f 3635//3635 3632//3632 3309//3309
f 3636//3636 3637//3637 3309//3309
f 3632//3632 3633//3633 3309//3309
f 3633//3633 3636//3636 3309//3309
f 3636//3636 3633//3633 3637//3637
f 3633//3633 3639//3639 3637//3637
f 3309//3309 3637//3637 3641//3641
f 3639//3639 3642//3642 3637//3637
f 3639//3639 3638//3638 3642//3642
f 3642//3642 3638//3638 3640//3640
f 3639//3639 3640//3640 3638//3638
f 3637//3637 3642//3642 3641//3641
f 3642//3642 3640//3640 3643//3643
f 3643//3643 3640//3640 3609//3609
f 3933//3933 3644//3644 3609//3609
f 3933//3933 3937//3937 3644//3644
f 3646//3646 3314//3314 3941//3941
f 4210//4210 3027//3027 3646//3646
f 3646//3646 3941//3941 4210//4210
f 3019//3019 3314//3314 3646//3646
f 3647//3647 3019//3019 3646//3646
f 3647//3647 3646//3646 3027//3027
f 3649//3649 3648//3648 3650//3650
f 3648//3648 3962//3962 3650//3650
f 3622//3622 3621//3621 3962//3962
f 3962//3962 3950//3950 3622//3622
f 3325//3325 3027//3027 3948//3948
f 3948//3948 4226//4226 3654//3654
f 4210//4210 3948//3948 3027//3027
f 3648//3648 3975//3975 3959//3959
f 3960//3960 3648//3648 3959//3959
f 3960//3960 3962//3962 3648//3648
f 3652//3652 3661//3661 3944//3944
f 3661//3661 3653//3653 3944//3944
f 3652//3652 3944//3944 3943//3943
f 3654//3654 3955//3955 3664//3664
f 3664//3664 3955//3955 3663//3663
f 3031//3031 3654//3654 3664//3664
f 3326//3326 3655//3655 3651//3651
f 3331//3331 3657//3657 3966//3966
f 3331//3331 3966//3966 3656//3656
f 3657//3657 3332//3332 3658//3658
f 3657//3657 3658//3658 3966//3966
f 3332//3332 3334//3334 3658//3658
f 3658//3658 3334//3334 3659//3659
f 3659//3659 3943//3943 3658//3658
f 3327//3327 3659//3659 3334//3334
f 3327//3327 3660//3660 3661//3661
f 3659//3659 3327//3327 3652//3652
f 3652//3652 3943//3943 3659//3659
f 3652//3652 3327//3327 3661//3661
f 3661//3661 3660//3660 3674//3674
f 3661//3661 3674//3674 3653//3653
f 3674//3674 3662//3662 3653//3653
f 3329//3329 4275//4275 3328//3328
f 3689//3689 3034//3034 3686//3686
f 3689//3689 3655//3655 3034//3034
f 3655//3655 3689//3689 3665//3665
f 3665//3665 3969//3969 3655//3655
f 3665//3665 3689//3689 3667//3667
f 6728//6728 3666//3666 6716//6716
f 6795//6795 3665//3665 3667//3667
f 6796//6796 6716//6716 3666//3666
f 3666//3666 3669//3669 6796//6796
f 3972//3972 3668//3668 3970//3970
f 6796//6796 3669//3669 6797//6797
f 6797//6797 3669//3669 6798//6798
f 3971//3971 3668//3668 3972//3972
f 6798//6798 3669//3669 3973//3973
f 3973//3973 3670//3670 3974//3974
f 3655//3655 3668//3668 3971//3971
f 3342//3342 3343//3343 3671//3671
f 3670//3670 3342//3342 3671//3671
f 3977//3977 3671//3671 3672//3672
f 3977//3977 3670//3670 3671//3671
f 3977//3977 3672//3672 3673//3673
f 3673//3673 3963//3963 3977//3977
f 3673//3673 3672//3672 3656//3656
f 3672//3672 3331//3331 3656//3656
f 3674//3674 3336//3336 3345//3345
f 3345//3345 3692//3692 3674//3674
f 3693//3693 3674//3674 3692//3692
f 3674//3674 3978//3978 3662//3662
f 3674//3674 3693//3693 3978//3978
f 3675//3675 3979//3979 3036//3036
f 3675//3675 3036//3036 3677//3677
f 3676//3676 3675//3675 3677//3677
f 3678//3678 3676//3676 3677//3677
f 3677//3677 3036//3036 3328//3328
f 3328//3328 3678//3678 3677//3677
f 3339//3339 3340//3340 6718//6718
f 3681//3681 6718//6718 3683//3683
f 3681//3681 3683//3683 3684//3684
f 6719//6719 3680//3680 6717//6717
f 3682//3682 3679//3679 3359//3359
f 3684//3684 3339//3339 3681//3681
f 6721//6721 6720//6720 3685//3685
f 3685//3685 3687//3687 6721//6721
f 3685//3685 6720//6720 3679//3679
f 3682//3682 3685//3685 3679//3679
f 3687//3687 3685//3685 3682//3682
f 3682//3682 3688//3688 3687//3687
f 3686//3686 3339//3339 3684//3684
f 6724//6724 3686//3686 3684//3684
f 6722//6722 6725//6725 6726//6726
f 6729//6729 6723//6723 6727//6727
f 3690//3690 3682//3682 3359//3359
f 3690//3690 3688//3688 3682//3682
f 6728//6728 3688//3688 3690//3690
f 3666//3666 6728//6728 3690//3690
f 3666//3666 3690//3690 3669//3669
f 3670//3670 3669//3669 3690//3690
f 3670//3670 3973//3973 3669//3669
f 3341//3341 3670//3670 3690//3690
f 3341//3341 3342//3342 3670//3670
f 3345//3345 3691//3691 3692//3692
f 3692//3692 3698//3698 3693//3693
f 4277//4277 3698//3698 4283//4283
f 4277//4277 3693//3693 3698//3698
f 3696//3696 3695//3695 3346//3346
f 3347//3347 3694//3694 3704//3704
f 3704//3704 3694//3694 3695//3695
f 3694//3694 3346//3346 3695//3695
f 3347//3347 3702//3702 3367//3367
f 3702//3702 3347//3347 3704//3704
f 6730//6730 3980//3980 4537//4537
f 6730//6730 6731//6731 3697//3697
f 6731//6731 3348//3348 3697//3697
f 3697//3697 3053//3053 3980//3980
f 3980//3980 6730//6730 3697//3697
f 3360//3360 3705//3705 3691//3691
f 3692//3692 3691//3691 3698//3698
f 3691//3691 3705//3705 3698//3698
f 3705//3705 4288//4288 3698//3698
f 3092//3092 3363//3363 3699//3699
f 3366//3366 3367//3367 3700//3700
f 3365//3365 3366//3366 3700//3700
f 3365//3365 3700//3700 3986//3986
f 3701//3701 3700//3700 3367//3367
f 3703//3703 4280//4280 3702//3702
f 3981//3981 3703//3703 3704//3704
f 3703//3703 3702//3702 3704//3704
f 4537//4537 6732//6732 6730//6730
f 3705//3705 3360//3360 3368//3368
f 3705//3705 3368//3368 4294//4294
f 3983//3983 3706//3706 3707//3707
f 3983//3983 3707//3707 3984//3984
f 3361//3361 3707//3707 3706//3706
f 3707//3707 3361//3361 3984//3984
f 3361//3361 3708//3708 3984//3984
f 3984//3984 3708//3708 3986//3986
f 3361//3361 3092//3092 3708//3708
f 3708//3708 3092//3092 3699//3699
f 3708//3708 3699//3699 3986//3986
f 3699//3699 3365//3365 3986//3986
f 3700//3700 3701//3701 3986//3986
f 3989//3989 3709//3709 3710//3710
f 3710//3710 3711//3711 3989//3989
f 3710//3710 3709//3709 3373//3373
f 3710//3710 3373//3373 3711//3711
f 6734//6734 3713//3713 6733//6733
f 3983//3983 3988//3988 6735//6735
f 3988//3988 3711//3711 6735//6735
f 6733//6733 6664//6664 6734//6734
f 3711//3711 3373//3373 3374//3374
f 3713//3713 6734//6734 3376//3376
f 3376//3376 3714//3714 6735//6735
f 3714//3714 3983//3983 6735//6735
f 3714//3714 3706//3706 3983//3983
f 3114//3114 3706//3706 3376//3376
f 3706//3706 3714//3714 3376//3376
f 4305//4305 4294//4294 3368//3368
f 3991//3991 3992//3992 3994//3994
f 3992//3992 3383//3383 3994//3994
f 3385//3385 3715//3715 3994//3994
f 3715//3715 3716//3716 3989//3989
f 3727//3727 3718//3718 3990//3990
f 3717//3717 3390//3390 3727//3727
f 3718//3718 3727//3727 3390//3390
f 3390//3390 3719//3719 3718//3718
f 3719//3719 3720//3720 3991//3991
f 3393//3393 3720//3720 3719//3719
f 3992//3992 3720//3720 3377//3377
f 3992//3992 3991//3991 3720//3720
f 3407//3407 3995//3995 3386//3386
f 3736//3736 6736//6736 3997//3997
f 3735//3735 3736//3736 3997//3997
f 3743//3743 6736//6736 3736//3736
f 3747//3747 6739//6739 6736//6736
f 3747//3747 6736//6736 3743//3743
f 3997//3997 6737//6737 3722//3722
f 3997//3997 3722//3722 3998//3998
f 3394//3394 3396//3396 3721//3721
f 3394//3394 3721//3721 3745//3745
f 6737//6737 6668//6668 3722//3722
f 6667//6667 3724//3724 3722//3722
f 3722//3722 3724//3724 3998//3998
f 3998//3998 3724//3724 3726//3726
f 3724//3724 6667//6667 3723//3723
f 3725//3725 3726//3726 3724//3724
f 3726//3726 3725//3725 3401//3401
f 3726//3726 3405//3405 3727//3727
f 3726//3726 3401//3401 3405//3405
f 3999//3999 3726//3726 3727//3727
f 3999//3999 3727//3727 3990//3990
f 3727//3727 3405//3405 3717//3717
f 3750//3750 4000//4000 3407//3407
f 3995//3995 3407//3407 4000//4000
f 4001//4001 3758//3758 4003//4003
f 4003//4003 3758//3758 3728//3728
f 4003//4003 3728//3728 3730//3730
f 3729//3729 3731//3731 3730//3730
f 3730//3730 3728//3728 3729//3729
f 3728//3728 3731//3731 3729//3729
f 3731//3731 3732//3732 3730//3730
f 3732//3732 3411//3411 3414//3414
f 3730//3730 3732//3732 3414//3414
f 3730//3730 3414//3414 4005//4005
f 3734//3734 4005//4005 3414//3414
f 4006//4006 4005//4005 3734//3734
f 3997//3997 3996//3996 3735//3735
f 3996//3996 4006//4006 3734//3734
f 3996//3996 3734//3734 3735//3735
f 3416//3416 3742//3742 3733//3733
f 3742//3742 3743//3743 3733//3733
f 3733//3733 3734//3734 3416//3416
f 3416//3416 3734//3734 3414//3414
f 3736//3736 3733//3733 3743//3743
f 3736//3736 3734//3734 3733//3733
f 3735//3735 3734//3734 3736//3736
f 3742//3742 3737//3737 3738//3738
f 3738//3738 3737//3737 3739//3739
f 3415//3415 3742//3742 3416//3416
f 3742//3742 3738//3738 3740//3740
f 3740//3740 3738//3738 3741//3741
f 3741//3741 3738//3738 3739//3739
f 3743//3743 3740//3740 3741//3741
f 6738//6738 3747//3747 3743//3743
f 3743//3743 3742//3742 3740//3740
f 3739//3739 3747//3747 3741//3741
f 3739//3739 3737//3737 3746//3746
f 3746//3746 3737//3737 3744//3744
f 3746//3746 3744//3744 3745//3745
f 3747//3747 3739//3739 6739//6739
f 3419//3419 3748//3748 3418//3418
f 3749//3749 3158//3158 3418//3418
f 3748//3748 3749//3749 3418//3418
f 3749//3749 3407//3407 3158//3158
f 3407//3407 3749//3749 3750//3750
f 4012//4012 3772//3772 4013//4013
f 4013//4013 3772//3772 4014//4014
f 4016//4016 3751//3751 4020//4020
f 3423//3423 3752//3752 4017//4017
f 4017//4017 3752//3752 3753//3753
f 3423//3423 4017//4017 3751//3751
f 3751//3751 4017//4017 4020//4020
f 3752//3752 3773//3773 3753//3753
f 3773//3773 3754//3754 3753//3753
f 4017//4017 3753//3753 4019//4019
f 3753//3753 3754//3754 4019//4019
f 3754//3754 3756//3756 4022//4022
f 3754//3754 3429//3429 3756//3756
f 3755//3755 3756//3756 4025//4025
f 3430//3430 3756//3756 3429//3429
f 3756//3756 3757//3757 4025//4025
f 3757//3757 4001//4001 4025//4025
f 3757//3757 3758//3758 4001//4001
f 3420//3420 3758//3758 3757//3757
f 4026//4026 3760//3760 3796//3796
f 4026//4026 4027//4027 3760//3760
f 3760//3760 4027//4027 3796//3796
f 4027//4027 3766//3766 3796//3796
f 3766//3766 4030//4030 3763//3763
f 4027//4027 4028//4028 3766//3766
f 3766//3766 4028//4028 4030//4030
f 3761//3761 3419//3419 3431//3431
f 3761//3761 3767//3767 3419//3419
f 3431//3431 3762//3762 3761//3761
f 3761//3761 3762//3762 3764//3764
f 3762//3762 3431//3431 3766//3766
f 3764//3764 3762//3762 3763//3763
f 3764//3764 3765//3765 3761//3761
f 3765//3765 3767//3767 3761//3761
f 3763//3763 3762//3762 3766//3766
f 3763//3763 4031//4031 3764//3764
f 3764//3764 4031//4031 3765//3765
f 4031//4031 3767//3767 3765//3765
f 4039//4039 4044//4044 3767//3767
f 3419//3419 3767//3767 3748//3748
f 4048//4048 3798//3798 4050//4050
f 4050//4050 3442//3442 3768//3768
f 3769//3769 4050//4050 3768//3768
f 3770//3770 3769//3769 3444//3444
f 3768//3768 3444//3444 3769//3769
f 3772//3772 4050//4050 3769//3769
f 3769//3769 3770//3770 3772//3772
f 3772//3772 4012//4012 4050//4050
f 3422//3422 3771//3771 3770//3770
f 3771//3771 3772//3772 3770//3770
f 3422//3422 3423//3423 3771//3771
f 4014//4014 3771//3771 3423//3423
f 3772//3772 3771//3771 4014//4014
f 3423//3423 3751//3751 4014//4014
f 3425//3425 3754//3754 3773//3773
f 3774//3774 3775//3775 3776//3776
f 3774//3774 6764//6764 3775//3775
f 6740//6740 3804//3804 6742//6742
f 3777//3777 6742//6742 3804//3804
f 3778//3778 3777//3777 3804//3804
f 3804//3804 3487//3487 3778//3778
f 6743//6743 3461//3461 3776//3776
f 3779//3779 3461//3461 6743//6743
f 6744//6744 3780//3780 6743//6743
f 6743//6743 3780//3780 3779//3779
f 3781//3781 3778//3778 3487//3487
f 3778//3778 3781//3781 6745//6745
f 3783//3783 3789//3789 3461//3461
f 3779//3779 3783//3783 3461//3461
f 3780//3780 3782//3782 3779//3779
f 3779//3779 3782//3782 3783//3783
f 3782//3782 3784//3784 3783//3783
f 6746//6746 6747//6747 6748//6748
f 3785//3785 6752//6752 6749//6749
f 6753//6753 6750//6750 3787//3787
f 6751//6751 3781//3781 3805//3805
f 6751//6751 3805//3805 6756//6756
f 3788//3788 3783//3783 3784//3784
f 6752//6752 3785//3785 6757//6757
f 6753//6753 3787//3787 3786//3786
f 6756//6756 3805//3805 6754//6754
f 3788//3788 3789//3789 3783//3783
f 3788//3788 3790//3790 3789//3789
f 6757//6757 3785//3785 6755//6755
f 6757//6757 3791//3791 6758//6758
f 3791//3791 6757//6757 6755//6755
f 3793//3793 3791//3791 6755//6755
f 6754//6754 3805//3805 6761//6761
f 3789//3789 3796//3796 3431//3431
f 3789//3789 3794//3794 3796//3796
f 3790//3790 3794//3794 3789//3789
f 6758//6758 3792//3792 3794//3794
f 3792//3792 3795//3795 3794//3794
f 6758//6758 3791//3791 3792//3792
f 6759//6759 3791//3791 3793//3793
f 6760//6760 6761//6761 6762//6762
f 6762//6762 6761//6761 3805//3805
f 3794//3794 4052//4052 3796//3796
f 3795//3795 4052//4052 3794//3794
f 6819//6819 6762//6762 3805//3805
f 4054//4054 3810//3810 3816//3816
f 4052//4052 4053//4053 3796//3796
f 3431//3431 3796//3796 3766//3766
f 4053//4053 3759//3759 3796//3796
f 3796//3796 3759//3759 4026//4026
f 4026//4026 3759//3759 4053//4053
f 4054//4054 3816//3816 4056//4056
f 3820//3820 4056//4056 3816//3816
f 3819//3819 4056//4056 3820//3820
f 3819//3819 3821//3821 4056//4056
f 3821//3821 3797//3797 4057//4057
f 4059//4059 3797//3797 3466//3466
f 3466//3466 3471//3471 4059//4059
f 4060//4060 3432//3432 4048//4048
f 3802//3802 6674//6674 3799//3799
f 3802//3802 3799//3799 3487//3487
f 3486//3486 3487//3487 3799//3799
f 3801//3801 3460//3460 3800//3800
f 6763//6763 3802//3802 6765//6765
f 6765//6765 3802//3802 6741//6741
f 6740//6740 3802//3802 3803//3803
f 3802//3802 3487//3487 3803//3803
f 6740//6740 3803//3803 3804//3804
f 3804//3804 3803//3803 3487//3487
f 3487//3487 3805//3805 3781//3781
f 3488//3488 3823//3823 3805//3805
f 3805//3805 3823//3823 3806//3806
f 3808//3808 3805//3805 3806//3806
f 3823//3823 3807//3807 3806//3806
f 3807//3807 3823//3823 3809//3809
f 3807//3807 3809//3809 3810//3810
f 3810//3810 3808//3808 3807//3807
f 3808//3808 3806//3806 3807//3807
f 3808//3808 4054//4054 3805//3805
f 3810//3810 3809//3809 3813//3813
f 3810//3810 4054//4054 3808//3808
f 3809//3809 3811//3811 3812//3812
f 3812//3812 3811//3811 3815//3815
f 3812//3812 3813//3813 3809//3809
f 3812//3812 3814//3814 3813//3813
f 3810//3810 3813//3813 3814//3814
f 3810//3810 3814//3814 3816//3816
f 3812//3812 3815//3815 3817//3817
f 3814//3814 3817//3817 3816//3816
f 3812//3812 3817//3817 3814//3814
f 3817//3817 3815//3815 3818//3818
f 3818//3818 3820//3820 3817//3817
f 3817//3817 3820//3820 3816//3816
f 3818//3818 3821//3821 3819//3819
f 3821//3821 3818//3818 3815//3815
f 3818//3818 3819//3819 3820//3820
f 3815//3815 3822//3822 3821//3821
f 3465//3465 3822//3822 3815//3815
f 3821//3821 3466//3466 3797//3797
f 3466//3466 3821//3821 3822//3822
f 3470//3470 3466//3466 3822//3822
f 3498//3498 3805//3805 3487//3487
f 3805//3805 3498//3498 3488//3488
f 4069//4069 4084//4084 3824//3824
f 3824//3824 4084//4084 3502//3502
f 3502//3502 4084//4084 3827//3827
f 4084//4084 4089//4089 3827//3827
f 3503//3503 3502//3502 3827//3827
f 3503//3503 3827//3827 3507//3507
f 4092//4092 3826//3826 3829//3829
f 3828//3828 3831//3831 3507//3507
f 3507//3507 3827//3827 3828//3828
f 3830//3830 4094//4094 3829//3829
f 3515//3515 3830//3830 3514//3514
f 4094//4094 3830//3830 3515//3515
f 6833//6833 3515//3515 4099//4099
f 3833//3833 3518//3518 3831//3831
f 3832//3832 3834//3834 3835//3835
f 3515//3515 3834//3834 3832//3832
f 3832//3832 4099//4099 3515//3515
f 4099//4099 3832//3832 3835//3835
f 4099//4099 3835//3835 4102//4102
f 3518//3518 3507//3507 3831//3831
f 3841//3841 3834//3834 6695//6695
f 3835//3835 3834//3834 3841//3841
f 3835//3835 3841//3841 3836//3836
f 3837//3837 3835//3835 3836//3836
f 4102//4102 3835//3835 3837//3837
f 3844//3844 3526//3526 3518//3518
f 3838//3838 3844//3844 3518//3518
f 3833//3833 4112//4112 3518//3518
f 4112//4112 3839//3839 3518//3518
f 3846//3846 3838//3838 3839//3839
f 3838//3838 3518//3518 3839//3839
f 4108//4108 4112//4112 3833//3833
f 3846//3846 3839//3839 4112//4112
f 3836//3836 3841//3841 3840//3840
f 3836//3836 3840//3840 3837//3837
f 4103//4103 6766//6766 4105//4105
f 4105//4105 6766//6766 6767//6767
f 3842//3842 4105//4105 3847//3847
f 4105//4105 6767//6767 3847//3847
f 3842//3842 3847//3847 3850//3850
f 3843//3843 3842//3842 3850//3850
f 3849//3849 6768//6768 6770//6770
f 3846//3846 3845//3845 3844//3844
f 3838//3838 3846//3846 3844//3844
f 4121//4121 6769//6769 3846//3846
f 6767//6767 3525//3525 3847//3847
f 3847//3847 3525//3525 3853//3853
f 3853//3853 3848//3848 3847//3847
f 6771//6771 3854//3854 3848//3848
f 3850//3850 3847//3847 3848//3848
f 3848//3848 3854//3854 3850//3850
f 3849//3849 6770//6770 6772//6772
f 3849//3849 3855//3855 4114//4114
f 4114//4114 3855//3855 3856//3856
f 3862//3862 3856//3856 3855//3855
f 3861//3861 3852//3852 3851//3851
f 3857//3857 3852//3852 3861//3861
f 3852//3852 3857//3857 3859//3859
f 3543//3543 4121//4121 3859//3859
f 4114//4114 3856//3856 4115//4115
f 4115//4115 3856//3856 3851//3851
f 4120//4120 3852//3852 3859//3859
f 3856//3856 6773//6773 3851//3851
f 3844//3844 3845//3845 3863//3863
f 4121//4121 6775//6775 6769//6769
f 3867//3867 3868//3868 3855//3855
f 3855//3855 3868//3868 3869//3869
f 3855//3855 3869//3869 3866//3866
f 6772//6772 3867//3867 3849//3849
f 3849//3849 3867//3867 3855//3855
f 3862//3862 3855//3855 3866//3866
f 6774//6774 3866//3866 3860//3860
f 3856//3856 3862//3862 6773//6773
f 3858//3858 3857//3857 3861//3861
f 3857//3857 3858//3858 3859//3859
f 3860//3860 3858//3858 6774//6774
f 3858//3858 3860//3860 3859//3859
f 3860//3860 3543//3543 3859//3859
f 3861//3861 6774//6774 3858//3858
f 6775//6775 4121//4121 6776//6776
f 4121//4121 3536//3536 6776//6776
f 4121//4121 3543//3543 3536//3536
f 3867//3867 6701//6701 3865//3865
f 3538//3538 3865//3865 6701//6701
f 6772//6772 6701//6701 3867//3867
f 3869//3869 3865//3865 3866//3866
f 3865//3865 3538//3538 3866//3866
f 3865//3865 3868//3868 3867//3867
f 3865//3865 3869//3869 3868//3868
f 3870//3870 3872//3872 3559//3559
f 3883//3883 3872//3872 3870//3870
f 3870//3870 3881//3881 3883//3883
f 3883//3883 3873//3873 3872//3872
f 3884//3884 3559//3559 3872//3872
f 4132//4132 3873//3873 3883//3883
f 3873//3873 4122//4122 3884//3884
f 4122//4122 4123//4123 3884//3884
f 3875//3875 3551//3551 3874//3874
f 3896//3896 3875//3875 3895//3895
f 3875//3875 6778//6778 3893//3893
f 3893//3893 3895//3895 3875//3875
f 3877//3877 3875//3875 3896//3896
f 3898//3898 3880//3880 3877//3877
f 3870//3870 6779//6779 3878//3878
f 6779//6779 3877//3877 3880//3880
f 3879//3879 6779//6779 3880//3880
f 3878//3878 6779//6779 3879//3879
f 3880//3880 3898//3898 4126//4126
f 4126//4126 4127//4127 3880//3880
f 3878//3878 3871//3871 3870//3870
f 3878//3878 3879//3879 6777//6777
f 6777//6777 3879//3879 3882//3882
f 3871//3871 3881//3881 3870//3870
f 3882//3882 3881//3881 6777//6777
f 3879//3879 3880//3880 3882//3882
f 3882//3882 3880//3880 4130//4130
f 4127//4127 4130//4130 3880//3880
f 4128//4128 3881//3881 3882//3882
f 3883//3883 3881//3881 4128//4128
f 4128//4128 3882//3882 4130//4130
f 3873//3873 3884//3884 3872//3872
f 4128//4128 4132//4132 3883//3883
f 3884//3884 4123//4123 3887//3887
f 3885//3885 3884//3884 3887//3887
f 4123//4123 4137//4137 3888//3888
f 3885//3885 3887//3887 3886//3886
f 3585//3585 3886//3886 3887//3887
f 3887//3887 3595//3595 3585//3585
f 3888//3888 3595//3595 3887//3887
f 3888//3888 3887//3887 4123//4123
f 3899//3899 3595//3595 3888//3888
f 4137//4137 3899//3899 3888//3888
f 3564//3564 3909//3909 3910//3910
f 3910//3910 3912//3912 3564//3564
f 3564//3564 3890//3890 3567//3567
f 3912//3912 3890//3890 3564//3564
f 3890//3890 3889//3889 3570//3570
f 3889//3889 3890//3890 3892//3892
f 3892//3892 3891//3891 3889//3889
f 3574//3574 3891//3891 3894//3894
f 3892//3892 3894//3894 3891//3891
f 4139//4139 3892//3892 3890//3890
f 3892//3892 4139//4139 3894//3894
f 3893//3893 6778//6778 3574//3574
f 3893//3893 3574//3574 3894//3894
f 3894//3894 3895//3895 3893//3893
f 3895//3895 3894//3894 4141//4141
f 4140//4140 4141//4141 3894//3894
f 4140//4140 3894//3894 4139//4139
f 3895//3895 3897//3897 3896//3896
f 3896//3896 3897//3897 4141//4141
f 6780//6780 3896//3896 4141//4141
f 3895//3895 4141//4141 3897//3897
f 6838//6838 3898//3898 3877//3877
f 3899//3899 3901//3901 3595//3595
f 3899//3899 4137//4137 3901//3901
f 4137//4137 3900//3900 3901//3901
f 3595//3595 3901//3901 3902//3902
f 3901//3901 3900//3900 3913//3913
f 4152//4152 3913//3913 3900//3900
f 3901//3901 3913//3913 3902//3902
f 3902//3902 3913//3913 3595//3595
f 4153//4153 3913//3913 4152//4152
f 3915//3915 3913//3913 4153//4153
f 3905//3905 3593//3593 4172//4172
f 3905//3905 3904//3904 3593//3593
f 3904//3904 3905//3905 4175//4175
f 3904//3904 4175//4175 4158//4158
f 3906//3906 3563//3563 3593//3593
f 3907//3907 3564//3564 3906//3906
f 3906//3906 3593//3593 3904//3904
f 3907//3907 3906//3906 3904//3904
f 3909//3909 3564//3564 3907//3907
f 3908//3908 3907//3907 3904//3904
f 3909//3909 3907//3907 3908//3908
f 6781//6781 4157//4157 3909//3909
f 3904//3904 4158//4158 3908//3908
f 4158//4158 4159//4159 6781//6781
f 6781//6781 4159//4159 4157//4157
f 3909//3909 4160//4160 3910//3910
f 3909//3909 4157//4157 4160//4160
f 3910//3910 4181//4181 3911//3911
f 3910//3910 3911//3911 3912//3912
f 3915//3915 4168//4168 3608//3608
f 3913//3913 3915//3915 3914//3914
f 3915//3915 3598//3598 3914//3914
f 3915//3915 3608//3608 3598//3598
f 4169//4169 4168//4168 4495//4495
f 3608//3608 4168//4168 3916//3916
f 3916//3916 4168//4168 4169//4169
f 3938//3938 3917//3917 3644//3644
f 3644//3644 3917//3917 3612//3612
f 4202//4202 3918//3918 3917//3917
f 4202//4202 3919//3919 3918//3918
f 3918//3918 3612//3612 3917//3917
f 3612//3612 3918//3918 3614//3614
f 3918//3918 3919//3919 3921//3921
f 3922//3922 3919//3919 4171//4171
f 3918//3918 3920//3920 3614//3614
f 3918//3918 3921//3921 6782//6782
f 3921//3921 3616//3616 6782//6782
f 3616//3616 3921//3921 3922//3922
f 3919//3919 3922//3922 3921//3921
f 3923//3923 3922//3922 4171//4171
f 3616//3616 3922//3922 3617//3617
f 3923//3923 3617//3617 3922//3922
f 3923//3923 3925//3925 3617//3617
f 3924//3924 6783//6783 3923//3923
f 3923//3923 4205//4205 3924//3924
f 4205//4205 3926//3926 3924//3924
f 4523//4523 4205//4205 3923//3923
f 3924//3924 3926//3926 3939//3939
f 4207//4207 3926//3926 4205//4205
f 3927//3927 3617//3617 3925//3925
f 3924//3924 6784//6784 6783//6783
f 3939//3939 6784//6784 3924//3924
f 3288//3288 6784//6784 3939//3939
f 4262//4262 3627//3627 3942//3942
f 3627//3627 3928//3928 3587//3587
f 3593//3593 3903//3903 3928//3928
f 3928//3928 3903//3903 3587//3587
f 4172//4172 4175//4175 3905//3905
f 4187//4187 3944//3944 4221//4221
f 3629//3629 3916//3916 4169//4169
f 4169//4169 3929//3929 3629//3629
f 3629//3629 3929//3929 4192//4192
f 6715//6715 3916//3916 3629//3629
f 3631//3631 3629//3629 4192//4192
f 4192//4192 3930//3930 3631//3631
f 3930//3930 4192//4192 3931//3931
f 3631//3631 3930//3930 3633//3633
f 3931//3931 3933//3933 3609//3609
f 3931//3931 4195//4195 3933//3933
f 3640//3640 3639//3639 3930//3930
f 3609//3609 3640//3640 3931//3931
f 3640//3640 3930//3930 3931//3931
f 3933//3933 3932//3932 3935//3935
f 3932//3932 3933//3933 4195//4195
f 4195//4195 4197//4197 3932//3932
f 4197//4197 3936//3936 3935//3935
f 3933//3933 3935//3935 3934//3934
f 3934//3934 3937//3937 3933//3933
f 3935//3935 3936//3936 3934//3934
f 3936//3936 3937//3937 3934//3934
f 3937//3937 6785//6785 4201//4201
f 3938//3938 3644//3644 3937//3937
f 4201//4201 3938//3938 3937//3937
f 4201//4201 3917//3917 3938//3938
f 4170//4170 3919//3919 4202//4202
f 3939//3939 3926//3926 4207//4207
f 3940//3940 3314//3314 3618//3618
f 3940//3940 3618//3618 4207//4207
f 4209//4209 3941//3941 4208//4208
f 4208//4208 3941//3941 3940//3940
f 3941//3941 3314//3314 3940//3940
f 4209//4209 4210//4210 3941//3941
f 3950//3950 4232//4232 3951//3951
f 3622//3622 3950//3950 3951//3951
f 4262//4262 3928//3928 3627//3627
f 4179//4179 3943//3943 3944//3944
f 3944//3944 3653//3653 3945//3945
f 3945//3945 3653//3653 3952//3952
f 3945//3945 3952//3952 3953//3953
f 4221//4221 3945//3945 3946//3946
f 3945//3945 3953//3953 3946//3946
f 3944//3944 3945//3945 4221//4221
f 4221//4221 3946//3946 4222//4222
f 3946//3946 3953//3953 3947//3947
f 4222//4222 3946//3946 3947//3947
f 4225//4225 4226//4226 3948//3948
f 3962//3962 3949//3949 3950//3950
f 3949//3949 4228//4228 3950//3950
f 3949//3949 3964//3964 4227//4227
f 4233//4233 4250//4250 6860//6860
f 3951//3951 6861//6861 6899//6899
f 6899//6899 4261//4261 3951//3951
f 3622//3622 3951//3951 4261//4261
f 4261//4261 4262//4262 3622//3622
f 3965//3965 4263//4263 6919//6919
f 4262//4262 3942//3942 3622//3622
f 3968//3968 3658//3658 3943//3943
f 3653//3653 3662//3662 3952//3952
f 3952//3952 3954//3954 3953//3953
f 4818//4818 3663//3663 3955//3955
f 4818//4818 4275//4275 3663//3663
f 4531//4531 4818//4818 3955//3955
f 4531//4531 3955//3955 3654//3654
f 3651//3651 3975//3975 3648//3648
f 3975//3975 3956//3956 3959//3959
f 3975//3975 3957//3957 3956//3956
f 3961//3961 6786//6786 3670//3670
f 3956//3956 3958//3958 3959//3959
f 3956//3956 3957//3957 3958//3958
f 6789//6789 6787//6787 6791//6791
f 3959//3959 3958//3958 3960//3960
f 6791//6791 6790//6790 6789//6789
f 6791//6791 6792//6792 6790//6790
f 6792//6792 6791//6791 6793//6793
f 3977//3977 3963//3963 3961//3961
f 3673//3673 3965//3965 4274//4274
f 6793//6793 6928//6928 6792//6792
f 3964//3964 3949//3949 3962//3962
f 6794//6794 6792//6792 6928//6928
f 3673//3673 4274//4274 3963//3963
f 3673//3673 3656//3656 3965//3965
f 3967//3967 4263//4263 3965//3965
f 3967//3967 3656//3656 3966//3966
f 3967//3967 3965//3965 3656//3656
f 3967//3967 3966//3966 3968//3968
f 3658//3658 3968//3968 3966//3966
f 3952//3952 3662//3662 3954//3954
f 4275//4275 3678//3678 3328//3328
f 3329//3329 3663//3663 4275//4275
f 3668//3668 3655//3655 3969//3969
f 3970//3970 3668//3668 3969//3969
f 3971//3971 3972//3972 6799//6799
f 6800//6800 3655//3655 3971//3971
f 6801//6801 3971//3971 6799//6799
f 3655//3655 6800//6800 3651//3651
f 3976//3976 3974//3974 3670//3670
f 3975//3975 3651//3651 6800//6800
f 3975//3975 6800//6800 6802//6802
f 3975//3975 6802//6802 6788//6788
f 6786//6786 3976//3976 3670//3670
f 3961//3961 3670//3670 3977//3977
f 3662//3662 3978//3978 3954//3954
f 3337//3337 2742//2742 4533//4533
f 4533//4533 2742//2742 3036//3036
f 3675//3675 3676//3676 3979//3979
f 3676//3676 3678//3678 3979//3979
f 3693//3693 4277//4277 3978//3978
f 4533//4533 4537//4537 3980//3980
f 4533//4533 3980//3980 3337//3337
f 3701//3701 4280//4280 4278//4278
f 4280//4280 3701//3701 3702//3702
f 3703//3703 4281//4281 4280//4280
f 3981//3981 3982//3982 4281//4281
f 6732//6732 4537//4537 3981//3981
f 3703//3703 3981//3981 4281//4281
f 4537//4537 3982//3982 3981//3981
f 4288//4288 4283//4283 3698//3698
f 4284//4284 4291//4291 3983//3983
f 3984//3984 3986//3986 3987//3987
f 4285//4285 3985//3985 3987//3987
f 3987//3987 3985//3985 3984//3984
f 3986//3986 3701//3701 3987//3987
f 3987//3987 3701//3701 4287//4287
f 3705//3705 4294//4294 4292//4292
f 3989//3989 3711//3711 3988//3988
f 4291//4291 3988//3988 3983//3983
f 4305//4305 3368//3368 3386//3386
f 3989//3989 3994//3994 3715//3715
f 3995//3995 4304//4304 3386//3386
f 3386//3386 4304//4304 4305//4305
f 3999//3999 3990//3990 4298//4298
f 3990//3990 4299//4299 4298//4298
f 4299//4299 3990//3990 3718//3718
f 3719//3719 4299//4299 3718//3718
f 4299//4299 3719//3719 3991//3991
f 4572//4572 3991//3991 3993//3993
f 3993//3993 3991//3991 3994//3994
f 4319//4319 4004//4004 4005//4005
f 4319//4319 4005//4005 3996//3996
f 3996//3996 4321//4321 4319//4319
f 3997//3997 4321//4321 3996//3996
f 3997//3997 3998//3998 4321//4321
f 3998//3998 4298//4298 4321//4321
f 3726//3726 4298//4298 3998//3998
f 3726//3726 3999//3999 4298//4298
f 3750//3750 4011//4011 4000//4000
f 4000//4000 4011//4011 4322//4322
f 4000//4000 4324//4324 3995//3995
f 4347//4347 4346//4346 4025//4025
f 4347//4347 4025//4025 4001//4001
f 4002//4002 4001//4001 4003//4003
f 4003//4003 4004//4004 4002//4002
f 3730//3730 4004//4004 4003//4003
f 4318//4318 4002//4002 4004//4004
f 4004//4004 3730//3730 4005//4005
f 4006//4006 3996//3996 4005//4005
f 4047//4047 4008//4008 3748//3748
f 6803//6803 6817//6817 4007//4007
f 3748//3748 4010//4010 3749//3749
f 3748//3748 4008//4008 4010//4010
f 4357//4357 6803//6803 4007//4007
f 3749//3749 4010//4010 4009//4009
f 3749//3749 4009//4009 3750//3750
f 4007//4007 4060//4060 4357//4357
f 4356//4356 4010//4010 4008//4008
f 6940//6940 6939//6939 6804//6804
f 4009//4009 4011//4011 3750//3750
f 4009//4009 4010//4010 4359//4359
f 4010//4010 4358//4358 4359//4359
f 4358//4358 4010//4010 4356//4356
f 4060//4060 4361//4361 4357//4357
f 4359//4359 4322//4322 4011//4011
f 4009//4009 4359//4359 4011//4011
f 4358//4358 4360//4360 4359//4359
f 4359//4359 4360//4360 4322//4322
f 4322//4322 4360//4360 4324//4324
f 4366//4366 4048//4048 4368//4368
f 4048//4048 4051//4051 4370//4370
f 4369//4369 4048//4048 4370//4370
f 4012//4012 4013//4013 4050//4050
f 4013//4013 4014//4014 4335//4335
f 4016//4016 4014//4014 3751//3751
f 4015//4015 4014//4014 4016//4016
f 4021//4021 4015//4015 4016//4016
f 4015//4015 4335//4335 4014//4014
f 4016//4016 4020//4020 4021//4021
f 4015//4015 4021//4021 4018//4018
f 4015//4015 4018//4018 4335//4335
f 4020//4020 4019//4019 4022//4022
f 4019//4019 3754//3754 4022//4022
f 4019//4019 4020//4020 4017//4017
f 4022//4022 4021//4021 4020//4020
f 4021//4021 4022//4022 4018//4018
f 4018//4018 4022//4022 4376//4376
f 4022//4022 4023//4023 4376//4376
f 3755//3755 4022//4022 3756//3756
f 4022//4022 3755//3755 4023//4023
f 4024//4024 3755//3755 4025//4025
f 4023//4023 3755//3755 4024//4024
f 4023//4023 4024//4024 4025//4025
f 4025//4025 4346//4346 4023//4023
f 6806//6806 4055//4055 4029//4029
f 4055//4055 6806//6806 6805//6805
f 4029//4029 4055//4055 4034//4034
f 4029//4029 4034//4034 4032//4032
f 4027//4027 6807//6807 4028//4028
f 6807//6807 4030//4030 4028//4028
f 4030//4030 4029//4029 4032//4032
f 4030//4030 4031//4031 3763//3763
f 4032//4032 4033//4033 4030//4030
f 4030//4030 4033//4033 4031//4031
f 4033//4033 4036//4036 4031//4031
f 6808//6808 4032//4032 4034//4034
f 6808//6808 4034//4034 4035//4035
f 4034//4034 4056//4056 4035//4035
f 4035//4035 4056//4056 4058//4058
f 3767//3767 4031//4031 4040//4040
f 4031//4031 4036//4036 4040//4040
f 4035//4035 4058//4058 4038//4038
f 6810//6810 6809//6809 4037//4037
f 4041//4041 6810//6810 4037//4037
f 4043//4043 6812//6812 4037//4037
f 4035//4035 6809//6809 6808//6808
f 6809//6809 4035//4035 4037//4037
f 4037//4037 4035//4035 4038//4038
f 4037//4037 4038//4038 4043//4043
f 4038//4038 4058//4058 4043//4043
f 3767//3767 4040//4040 4039//4039
f 4039//4039 4040//4040 4042//4042
f 4039//4039 4042//4042 4044//4044
f 4042//4042 4046//4046 4044//4044
f 6814//6814 6811//6811 6813//6813
f 6816//6816 6815//6815 4043//4043
f 6815//6815 6812//6812 4043//4043
f 6816//6816 4043//4043 4058//4058
f 4045//4045 4047//4047 4044//4044
f 4044//4044 4047//4047 3767//3767
f 4044//4044 4046//4046 4045//4045
f 4058//4058 4060//4060 6816//6816
f 6818//6818 4045//4045 4046//4046
f 4047//4047 3748//3748 3767//3767
f 6816//6816 4060//4060 6817//6817
f 6817//6817 4060//4060 4007//4007
f 4049//4049 4361//4361 4060//4060
f 4060//4060 4048//4048 4049//4049
f 4366//4366 4049//4049 4048//4048
f 4048//4048 4050//4050 4051//4051
f 4051//4051 4050//4050 4370//4370
f 3805//3805 4054//4054 6819//6819
f 6819//6819 4054//4054 6820//6820
f 6805//6805 6821//6821 4055//4055
f 4055//4055 6820//6820 4054//4054
f 4055//4055 4054//4054 4034//4034
f 4034//4034 4054//4054 4056//4056
f 4056//4056 4057//4057 4058//4058
f 4057//4057 4056//4056 3821//3821
f 4059//4059 4058//4058 4057//4057
f 4058//4058 4059//4059 4060//4060
f 3797//3797 4059//4059 4057//4057
f 3471//3471 4060//4060 4059//4059
f 4395//4395 4389//4389 4061//4061
f 4062//4062 4069//4069 4068//4068
f 4061//4061 4063//4063 4067//4067
f 4061//4061 4067//4067 4065//4065
f 4064//4064 4066//4066 4065//4065
f 4064//4064 4065//4065 4067//4067
f 4071//4071 4073//4073 4064//4064
f 4065//4065 4395//4395 4061//4061
f 6825//6825 6823//6823 4405//4405
f 6950//6950 6824//6824 6827//6827
f 4395//4395 4065//4065 4396//4396
f 4396//4396 4065//4065 4397//4397
f 4066//4066 4397//4397 4065//4065
f 6951//6951 4397//4397 4066//4066
f 4068//4068 6829//6829 4067//4067
f 4069//4069 4076//4076 4068//4068
f 4067//4067 4062//4062 4068//4068
f 4062//4062 4067//4067 4063//4063
f 3825//3825 4064//4064 4067//4067
f 4070//4070 4071//4071 3825//3825
f 4071//4071 4064//4064 3825//3825
f 4070//4070 4072//4072 4071//4071
f 4072//4072 4070//4070 4077//4077
f 4073//4073 4071//4071 4074//4074
f 4074//4074 4071//4071 4072//4072
f 4075//4075 6828//6828 6826//6826
f 4077//4077 4075//4075 6826//6826
f 6950//6950 6827//6827 6828//6828
f 4406//4406 6828//6828 4075//4075
f 4406//4406 4075//4075 4082//4082
f 6950//6950 6828//6828 4406//4406
f 4402//4402 4406//4406 4082//4082
f 3825//3825 4067//4067 6829//6829
f 3824//3824 4076//4076 4069//4069
f 4070//4070 3825//3825 3826//3826
f 4075//4075 4077//4077 4082//4082
f 4402//4402 4082//4082 4079//4079
f 4407//4407 4402//4402 4079//4079
f 4069//4069 4404//4404 4084//4084
f 4077//4077 4070//4070 3826//3826
f 4080//4080 4077//4077 3826//3826
f 4082//4082 4077//4077 4080//4080
f 4422//4422 4417//4417 6830//6830
f 4078//4078 4085//4085 4084//4084
f 4081//4081 4080//4080 3826//3826
f 4082//4082 4080//4080 4081//4081
f 4082//4082 4081//4081 4083//4083
f 4081//4081 4086//4086 4083//4083
f 4083//4083 4079//4079 4082//4082
f 6831//6831 4086//4086 4087//4087
f 6830//6830 6831//6831 4422//4422
f 4422//4422 6831//6831 4087//4087
f 4422//4422 4087//4087 4088//4088
f 4089//4089 4084//4084 4085//4085
f 4078//4078 4429//4429 4085//4085
f 4085//4085 4091//4091 4090//4090
f 4429//4429 4091//4091 4085//4085
f 4081//4081 3826//3826 4086//4086
f 4086//4086 3826//3826 4092//4092
f 4087//4087 4086//4086 4092//4092
f 4088//4088 4087//4087 4092//4092
f 4085//4085 4090//4090 4089//4089
f 4437//4437 4093//4093 4091//4091
f 6832//6832 4095//4095 4444//4444
f 3828//3828 3827//3827 4089//4089
f 4090//4090 4091//4091 3828//3828
f 4089//4089 4090//4090 3828//3828
f 3828//3828 4091//4091 3831//3831
f 4093//4093 3831//3831 4091//4091
f 4101//4101 4093//4093 4438//4438
f 4092//4092 3829//3829 4094//4094
f 6832//6832 6833//6833 4095//4095
f 4095//4095 6833//6833 4096//4096
f 4097//4097 4095//4095 4096//4096
f 4098//4098 4097//4097 4096//4096
f 4098//4098 4444//4444 4097//4097
f 4093//4093 3833//3833 3831//3831
f 4093//4093 4101//4101 3833//3833
f 4096//4096 6833//6833 4099//4099
f 4100//4100 4096//4096 4099//4099
f 4098//4098 4096//4096 4100//4100
f 4098//4098 4100//4100 6834//6834
f 4098//4098 4103//4103 4444//4444
f 4101//4101 4108//4108 3833//3833
f 4101//4101 4104//4104 4108//4108
f 4104//4104 4101//4101 4449//4449
f 4104//4104 4449//4449 4456//4456
f 4100//4100 4099//4099 6834//6834
f 6834//6834 4099//4099 4102//4102
f 3837//3837 6834//6834 4102//4102
f 4103//4103 4105//4105 4453//4453
f 4103//4103 4453//4453 4444//4444
f 4455//4455 4109//4109 4108//4108
f 4456//4456 4454//4454 4104//4104
f 4454//4454 4108//4108 4104//4104
f 4454//4454 4455//4455 4108//4108
f 4454//4454 4458//4458 4455//4455
f 4460//4460 4109//4109 4455//4455
f 4460//4460 4465//4465 4109//4109
f 4105//4105 3842//3842 4106//4106
f 4110//4110 4106//4106 3842//3842
f 4106//4106 4453//4453 4105//4105
f 4106//4106 4110//4110 4453//4453
f 6835//6835 4107//4107 6959//6959
f 4464//4464 4111//4111 4113//4113
f 4108//4108 4109//4109 4112//4112
f 4109//4109 4113//4113 4112//4112
f 4465//4465 4113//4113 4109//4109
f 4465//4465 4464//4464 4113//4113
f 6768//6768 3849//3849 6835//6835
f 3842//3842 3843//3843 4110//4110
f 4114//4114 4107//4107 6835//6835
f 4111//4111 4121//4121 4113//4113
f 4446//4446 4107//4107 4118//4118
f 4111//4111 4118//4118 4121//4121
f 4111//4111 4446//4446 4118//4118
f 4464//4464 4446//4446 4111//4111
f 4112//4112 4113//4113 3846//3846
f 3846//3846 4113//4113 4121//4121
f 6835//6835 3849//3849 4114//4114
f 4119//4119 4114//4114 4115//4115
f 4119//4119 4116//4116 4114//4114
f 4116//4116 6836//6836 4117//4117
f 4117//4117 6836//6836 4118//4118
f 4118//4118 6836//6836 4121//4121
f 4115//4115 4121//4121 6836//6836
f 4107//4107 4114//4114 4116//4116
f 4117//4117 4107//4107 4116//4116
f 4107//4107 4117//4117 4118//4118
f 4115//4115 3852//3852 4120//4120
f 4115//4115 3851//3851 3852//3852
f 4120//4120 3859//3859 4121//4121
f 4115//4115 4120//4120 4121//4121
f 4134//4134 4122//4122 6837//6837
f 6837//6837 4122//4122 3873//3873
f 4134//4134 4467//4467 4122//4122
f 4124//4124 4123//4123 4125//4125
f 4123//4123 4122//4122 4125//4125
f 4122//4122 4467//4467 4125//4125
f 4136//4136 4125//4125 4467//4467
f 4127//4127 4126//4126 4148//4148
f 4128//4128 4131//4131 4129//4129
f 4128//4128 4130//4130 4131//4131
f 4131//4131 4130//4130 4127//4127
f 4127//4127 4150//4150 4131//4131
f 4128//4128 4129//4129 6837//6837
f 4129//4129 4131//4131 6837//6837
f 4133//4133 6837//6837 4131//4131
f 4133//4133 4131//4131 4150//4150
f 4134//4134 6837//6837 4133//4133
f 4134//4134 4133//4133 4135//4135
f 4133//4133 4150//4150 4135//4135
f 4150//4150 4655//4655 4135//4135
f 4135//4135 4655//4655 4134//4134
f 4123//4123 4124//4124 4137//4137
f 4125//4125 4136//4136 4124//4124
f 4136//4136 4152//4152 4124//4124
f 4152//4152 4136//4136 4138//4138
f 3900//3900 4137//4137 4124//4124
f 4124//4124 4152//4152 3900//3900
f 4164//4164 4139//4139 4481//4481
f 4164//4164 4140//4140 4139//4139
f 4141//4141 4164//4164 4143//4143
f 3898//3898 4142//4142 4144//4144
f 4142//4142 3898//3898 4141//4141
f 4145//4145 4142//4142 4143//4143
f 4142//4142 4141//4141 4143//4143
f 4486//4486 4487//4487 4143//4143
f 3898//3898 4144//4144 4126//4126
f 4126//4126 4144//4144 4147//4147
f 4147//4147 4148//4148 4126//4126
f 4144//4144 4142//4142 4145//4145
f 4144//4144 4145//4145 4146//4146
f 4144//4144 4146//4146 4147//4147
f 4146//4146 4145//4145 4143//4143
f 4147//4147 4146//4146 4143//4143
f 4143//4143 4487//4487 4147//4147
f 4487//4487 4148//4148 4147//4147
f 4148//4148 4149//4149 4127//4127
f 4149//4149 4473//4473 4151//4151
f 4148//4148 4487//4487 4149//4149
f 4487//4487 4473//4473 4149//4149
f 4149//4149 4150//4150 4127//4127
f 4149//4149 4151//4151 4150//4150
f 4472//4472 4474//4474 4150//4150
f 4151//4151 4472//4472 4150//4150
f 4473//4473 4472//4472 4151//4151
f 4474//4474 4655//4655 4150//4150
f 4475//4475 4152//4152 4138//4138
f 4470//4470 4475//4475 4138//4138
f 4475//4475 4153//4153 4152//4152
f 4475//4475 4154//4154 4153//4153
f 4475//4475 4155//4155 4154//4154
f 4154//4154 3915//3915 4153//4153
f 4156//4156 4154//4154 4155//4155
f 4155//4155 4165//4165 4156//4156
f 4165//4165 4166//4166 4156//4156
f 4476//4476 4165//4165 4155//4155
f 4154//4154 4168//4168 3915//3915
f 4156//4156 4168//4168 4154//4154
f 4168//4168 4156//4156 4166//4166
f 4158//4158 4175//4175 4159//4159
f 4502//4502 4157//4157 4159//4159
f 4159//4159 4175//4175 4502//4502
f 4160//4160 4157//4157 4502//4502
f 4502//4502 3910//3910 4160//4160
f 3910//3910 4180//4180 4181//4181
f 4184//4184 3911//3911 4181//4181
f 4139//4139 3912//3912 4481//4481
f 3890//3890 3912//3912 4139//4139
f 3911//3911 4163//4163 3912//3912
f 4163//4163 4481//4481 3912//3912
f 3911//3911 4161//4161 4163//4163
f 4162//4162 4161//4161 3911//3911
f 4161//4161 4162//4162 4479//4479
f 4163//4163 4480//4480 4481//4481
f 4479//4479 4163//4163 4161//4161
f 4478//4478 4480//4480 4163//4163
f 4163//4163 4479//4479 4478//4478
f 4140//4140 4164//4164 4141//4141
f 4143//4143 4164//4164 4486//4486
f 4188//4188 4485//4485 4187//4187
f 4165//4165 4167//4167 4166//4166
f 4165//4165 4494//4494 4167//4167
f 4494//4494 4495//4495 4168//4168
f 4166//4166 4167//4167 4168//4168
f 4167//4167 4494//4494 4168//4168
f 4190//4190 4169//4169 4495//4495
f 4190//4190 4496//4496 3929//3929
f 4495//4495 4496//4496 4190//4190
f 3919//3919 4170//4170 4171//4171
f 4171//4171 4203//4203 4204//4204
f 4204//4204 4523//4523 4171//4171
f 4171//4171 4523//4523 3923//3923
f 4206//4206 4499//4499 4207//4207
f 4206//4206 4207//4207 4205//4205
f 4172//4172 3593//3593 4216//4216
f 4216//4216 4173//4173 4172//4172
f 4216//4216 4174//4174 4173//4173
f 4172//4172 4173//4173 4175//4175
f 4173//4173 4500//4500 4175//4175
f 4176//4176 4175//4175 4500//4500
f 4174//4174 4500//4500 4173//4173
f 4177//4177 4176//4176 6981//6981
f 6982//6982 6839//6839 4220//4220
f 4501//4501 4178//4178 4176//4176
f 4176//4176 4177//4177 4501//4501
f 4179//4179 6841//6841 6850//6850
f 4178//4178 4502//4502 4175//4175
f 4175//4175 4176//4176 4178//4178
f 4178//4178 4501//4501 4502//4502
f 6841//6841 4179//4179 6984//6984
f 6842//6842 4503//4503 4182//4182
f 6842//6842 4182//4182 4181//4181
f 4182//4182 4503//4503 4183//4183
f 4183//4183 4503//4503 4179//4179
f 4179//4179 3944//3944 4186//4186
f 4179//4179 4186//4186 4183//4183
f 4184//4184 4181//4181 4182//4182
f 6843//6843 4182//4182 4185//4185
f 4183//4183 4185//4185 4182//4182
f 4186//4186 4185//4185 4183//4183
f 4186//4186 4507//4507 4506//4506
f 3911//3911 6987//6987 4162//4162
f 4185//4185 4186//4186 4506//4506
f 4186//4186 3944//3944 4507//4507
f 3944//3944 4187//4187 4507//4507
f 4187//4187 4221//4221 4188//4188
f 4221//4221 4222//4222 4189//4189
f 4221//4221 4189//4189 4188//4188
f 4492//4492 4188//4188 4189//4189
f 4222//4222 4224//4224 4509//4509
f 4492//4492 4189//4189 4493//4493
f 4189//4189 4222//4222 4493//4493
f 4222//4222 4509//4509 4493//4493
f 4169//4169 4190//4190 3929//3929
f 4191//4191 3929//3929 4496//4496
f 4191//4191 4192//4192 3929//3929
f 4192//4192 4511//4511 4513//4513
f 4514//4514 4192//4192 4513//4513
f 4192//4192 4195//4195 3931//3931
f 4517//4517 4194//4194 4514//4514
f 4193//4193 4196//4196 4192//4192
f 4196//4196 4195//4195 4192//4192
f 4193//4193 4194//4194 4196//4196
f 4514//4514 4193//4193 4192//4192
f 4193//4193 4514//4514 4194//4194
f 4197//4197 4195//4195 4196//4196
f 4194//4194 4198//4198 4196//4196
f 4196//4196 4198//4198 4197//4197
f 4194//4194 4520//4520 4198//4198
f 3932//3932 4197//4197 3935//3935
f 4197//4197 4198//4198 4199//4199
f 4201//4201 6785//6785 4199//4199
f 6785//6785 4197//4197 4199//4199
f 6844//6844 4200//4200 4201//4201
f 4198//4198 4200//4200 6844//6844
f 4519//4519 4200//4200 4198//4198
f 4519//4519 4683//4683 4200//4200
f 4200//4200 3917//3917 4201//4201
f 4200//4200 4202//4202 3917//3917
f 4200//4200 4683//4683 4202//4202
f 4683//4683 4203//4203 4202//4202
f 4202//4202 4203//4203 4170//4170
f 4203//4203 4171//4171 4170//4170
f 4523//4523 4206//4206 4205//4205
f 4529//4529 4207//4207 4499//4499
f 4528//4528 4530//4530 4208//4208
f 4207//4207 4208//4208 3940//3940
f 4530//4530 4209//4209 4208//4208
f 4530//4530 4225//4225 4210//4210
f 4530//4530 4210//4210 4209//4209
f 4271//4271 3928//3928 4262//4262
f 3928//3928 4271//4271 4211//4211
f 4271//4271 4272//4272 4211//4211
f 4212//4212 3928//3928 4211//4211
f 6845//6845 4211//4211 4272//4272
f 3593//3593 3928//3928 4212//4212
f 4212//4212 4215//4215 3593//3593
f 4270//4270 4213//4213 6927//6927
f 6845//6845 4214//4214 6846//6846
f 4272//4272 4214//4214 6845//6845
f 4213//4213 4214//4214 6927//6927
f 6846//6846 4214//4214 4213//4213
f 4217//4217 6846//6846 4213//4213
f 4215//4215 4216//4216 3593//3593
f 4213//4213 3968//3968 6850//6850
f 4216//4216 6847//6847 4218//4218
f 6850//6850 4217//4217 4213//4213
f 4219//4219 4216//4216 4218//4218
f 6848//6848 6846//6846 4217//4217
f 4217//4217 6849//6849 6848//6848
f 6849//6849 4217//4217 6850//6850
f 4174//4174 4216//4216 4219//4219
f 6850//6850 6840//6840 6849//6849
f 4179//4179 3968//3968 3943//3943
f 4179//4179 6850//6850 3968//3968
f 3947//3947 4223//4223 4222//4222
f 4223//4223 4224//4224 4222//4222
f 4531//4531 4226//4226 4225//4225
f 3654//3654 4226//4226 4531//4531
f 3948//3948 4210//4210 4225//4225
f 4228//4228 3949//3949 4227//4227
f 6851//6851 6794//6794 6928//6928
f 6851//6851 6928//6928 6852//6852
f 6853//6853 4274//4274 4235//4235
f 4230//4230 4229//4229 4237//4237
f 4247//4247 6871//6871 6855//6855
f 6895//6895 6856//6856 4231//4231
f 6859//6859 6857//6857 6858//6858
f 6899//6899 6864//6864 4251//4251
f 3950//3950 4228//4228 4232//4232
f 6862//6862 4246//4246 4238//4238
f 4238//4238 4239//4239 6862//6862
f 6863//6863 6875//6875 6865//6865
f 6900//6900 6865//6865 6875//6875
f 4232//4232 4228//4228 4234//4234
f 6866//6866 4246//4246 6862//6862
f 6854//6854 6869//6869 6867//6867
f 6868//6868 4235//4235 6892//6892
f 4236//4236 4235//4235 3965//3965
f 4244//4244 4243//4243 6873//6873
f 6873//6873 4243//4243 6876//6876
f 4243//4243 4252//4252 4240//4240
f 6876//6876 4243//4243 4240//4240
f 4237//4237 6886//6886 4230//4230
f 6893//6893 6887//6887 6874//6874
f 4240//4240 4241//4241 6876//6876
f 6877//6877 4245//4245 6880//6880
f 6875//6875 6881//6881 6900//6900
f 6882//6882 4242//4242 4236//4236
f 6882//6882 4236//4236 6901//6901
f 4242//4242 6892//6892 4235//4235
f 4236//4236 4242//4242 4235//4235
f 4243//4243 4247//4247 4252//4252
f 4247//4247 4255//4255 4252//4252
f 4243//4243 6871//6871 4247//4247
f 6888//6888 6872//6872 6885//6885
f 4230//4230 6886//6886 4248//4248
f 6889//6889 6894//6894 6896//6896
f 4242//4242 4249//4249 6892//6892
f 4249//4249 6897//6897 6892//6892
f 6883//6883 6898//6898 6884//6884
f 6883//6883 6890//6890 6898//6898
f 6890//6890 4259//4259 6898//6898
f 6891//6891 6878//6878 6913//6913
f 6908//6908 6895//6895 4256//4256
f 4231//4231 4256//4256 6895//6895
f 6859//6859 6858//6858 6897//6897
f 4249//4249 6859//6859 6897//6897
f 6914//6914 6859//6859 4249//4249
f 6919//6919 4236//4236 3965//3965
f 4261//4261 6899//6899 4251//4251
f 4261//4261 4251//4251 6870//6870
f 4255//4255 4257//4257 4252//4252
f 6878//6878 4253//4253 6913//6913
f 6879//6879 6902//6902 6903//6903
f 6910//6910 4258//4258 4254//4254
f 4257//4257 6904//6904 4252//4252
f 6902//6902 6905//6905 6903//6903
f 4258//4258 4260//4260 4254//4254
f 4253//4253 6906//6906 6913//6913
f 6907//6907 6916//6916 6915//6915
f 6908//6908 4256//4256 6911//6911
f 6912//6912 6911//6911 4256//4256
f 6912//6912 4256//4256 6917//6917
f 6918//6918 6909//6909 6859//6859
f 6918//6918 6859//6859 6914//6914
f 4262//4262 4261//4261 4264//4264
f 6920//6920 6919//6919 4263//4263
f 6920//6920 4263//4263 4265//4265
f 3967//3967 4266//4266 4263//4263
f 6921//6921 4262//4262 4264//4264
f 4268//4268 4262//4262 6921//6921
f 4266//4266 4265//4265 4263//4263
f 4266//4266 3967//3967 6922//6922
f 3967//3967 4270//4270 4269//4269
f 4270//4270 3967//3967 3968//3968
f 4265//4265 4266//4266 6922//6922
f 3967//3967 4269//4269 6922//6922
f 4267//4267 4262//4262 6923//6923
f 4267//4267 6923//6923 6924//6924
f 4267//4267 6924//6924 6925//6925
f 4270//4270 6926//6926 4269//4269
f 4271//4271 4262//4262 4267//4267
f 6926//6926 4270//4270 6927//6927
f 4213//4213 4270//4270 3968//3968
f 3947//3947 3953//3953 3954//3954
f 3947//3947 3954//3954 4223//4223
f 4273//4273 4223//4223 3954//3954
f 3954//3954 4532//4532 4273//4273
f 4273//4273 4224//4224 4223//4223
f 4224//4224 4273//4273 4532//4532
f 3965//3965 4235//4235 4274//4274
f 4534//4534 4276//4276 4275//4275
f 3979//3979 4699//4699 3036//3036
f 3979//3979 3678//3678 4699//4699
f 4276//4276 3678//3678 4275//4275
f 3678//3678 4276//4276 4534//4534
f 3978//3978 4535//4535 3954//3954
f 4535//4535 3978//3978 4277//4277
f 3701//3701 4278//4278 4287//4287
f 4280//4280 4279//4279 4278//4278
f 4278//4278 4536//4536 4287//4287
f 4279//4279 4280//4280 4281//4281
f 4281//4281 4282//4282 4708//4708
f 4281//4281 4708//4708 4279//4279
f 4536//4536 4279//4279 4708//4708
f 4281//4281 3982//3982 4282//4282
f 3982//3982 4537//4537 4282//4282
f 4284//4284 4541//4541 4539//4539
f 3984//3984 4541//4541 3983//3983
f 4541//4541 4284//4284 3983//3983
f 3984//3984 3985//3985 4286//4286
f 4541//4541 3984//3984 4286//4286
f 3985//3985 4285//4285 4286//4286
f 4286//4286 4285//4285 4287//4287
f 4287//4287 4541//4541 4286//4286
f 4285//4285 3987//3987 4287//4287
f 4287//4287 4536//4536 4541//4541
f 4292//4292 4288//4288 3705//3705
f 4553//4553 3988//3988 4554//4554
f 4555//4555 4553//4553 4554//4554
f 3988//3988 4291//4291 4554//4554
f 4291//4291 4290//4290 4289//4289
f 4554//4554 4291//4291 4289//4289
f 4556//4556 4554//4554 4289//4289
f 4289//4289 4290//4290 4557//4557
f 4290//4290 4291//4291 4284//4284
f 4572//4572 3993//3993 4573//4573
f 4575//4575 4573//4573 3993//3993
f 3994//3994 4575//4575 3993//3993
f 3994//3994 4293//4293 4575//4575
f 3989//3989 4293//4293 3994//3994
f 4553//4553 4293//4293 3988//3988
f 4293//4293 3989//3989 3988//3988
f 4294//4294 4305//4305 4576//4576
f 4578//4578 4294//4294 4576//4576
f 4306//4306 4308//4308 4577//4577
f 4308//4308 4309//4309 4559//4559
f 4559//4559 4315//4315 4295//4295
f 4296//4296 4316//4316 4582//4582
f 4295//4295 4317//4317 4316//4316
f 4295//4295 4316//4316 4296//4296
f 4582//4582 4316//4316 4585//4585
f 4297//4297 4318//4318 4724//4724
f 4298//4298 4299//4299 4565//4565
f 4565//4565 4563//4563 4298//4298
f 3991//3991 4572//4572 4299//4299
f 4572//4572 4570//4570 4299//4299
f 3995//3995 4329//4329 4301//4301
f 3995//3995 4301//4301 4300//4300
f 4300//4300 4301//4301 4302//4302
f 4301//4301 4329//4329 4330//4330
f 4301//4301 4330//4330 4302//4302
f 6929//6929 6938//6938 4332//4332
f 4300//4300 4304//4304 3995//3995
f 6929//6929 4332//4332 4303//4303
f 4304//4304 4300//4300 6930//6930
f 6930//6930 4300//4300 4302//4302
f 4303//4303 4332//4332 4306//4306
f 4305//4305 4304//4304 6930//6930
f 6933//6933 6932//6932 6931//6931
f 4307//4307 4328//4328 4333//4333
f 4306//4306 6936//6936 4307//4307
f 7001//7001 6932//6932 6933//6933
f 4307//4307 4333//4333 4338//4338
f 4307//4307 4345//4345 4309//4309
f 4309//4309 4306//4306 4307//4307
f 4308//4308 4306//4306 4309//4309
f 4309//4309 4315//4315 4559//4559
f 4309//4309 4310//4310 4315//4315
f 4310//4310 4309//4309 4311//4311
f 4309//4309 4345//4345 4311//4311
f 4345//4345 4350//4350 4311//4311
f 4314//4314 4312//4312 4310//4310
f 4310//4310 4312//4312 4315//4315
f 4311//4311 4350//4350 4314//4314
f 4313//4313 4312//4312 4314//4314
f 4312//4312 4313//4313 4315//4315
f 4310//4310 4311//4311 4314//4314
f 4350//4350 4354//4354 4314//4314
f 4314//4314 4354//4354 4313//4313
f 4354//4354 4355//4355 4313//4313
f 4295//4295 4315//4315 4313//4313
f 4295//4295 4313//4313 4317//4317
f 4355//4355 4317//4317 4313//4313
f 4355//4355 4001//4001 4317//4317
f 4002//4002 4317//4317 4001//4001
f 4316//4316 4317//4317 4585//4585
f 4297//4297 4317//4317 4002//4002
f 4297//4297 4585//4585 4317//4317
f 4318//4318 4297//4297 4002//4002
f 4319//4319 4318//4318 4004//4004
f 4318//4318 4319//4319 4320//4320
f 4318//4318 4320//4320 4724//4724
f 4320//4320 4319//4319 4321//4321
f 4724//4724 4320//4320 4321//4321
f 4322//4322 4324//4324 4000//4000
f 4324//4324 4323//4323 4363//4363
f 4325//4325 4324//4324 4363//4363
f 3995//3995 4324//4324 4329//4329
f 4327//4327 4325//4325 4326//4326
f 4325//4325 6937//6937 4324//4324
f 6937//6937 4325//4325 4327//4327
f 6936//6936 4327//4327 4326//4326
f 4371//4371 4328//4328 4326//4326
f 4329//4329 6935//6935 4330//4330
f 6938//6938 4327//4327 4332//4332
f 4373//4373 4328//4328 4371//4371
f 4331//4331 4328//4328 4373//4373
f 4331//4331 4334//4334 4328//4328
f 4373//4373 4374//4374 4331//4331
f 4331//4331 4374//4374 4334//4334
f 4374//4374 4373//4373 4375//4375
f 4327//4327 6936//6936 4332//4332
f 4306//4306 4332//4332 6936//6936
f 4334//4334 4374//4374 4335//4335
f 4333//4333 4328//4328 4334//4334
f 4336//4336 4334//4334 4335//4335
f 4333//4333 4334//4334 4338//4338
f 4334//4334 4336//4336 4337//4337
f 4334//4334 4337//4337 4338//4338
f 4018//4018 4376//4376 4335//4335
f 4336//4336 4335//4335 4339//4339
f 4336//4336 4339//4339 4343//4343
f 4307//4307 4338//4338 4345//4345
f 4338//4338 4337//4337 4345//4345
f 4345//4345 4337//4337 4343//4343
f 4343//4343 4337//4337 4336//4336
f 4340//4340 4376//4376 4341//4341
f 4335//4335 4340//4340 4339//4339
f 4339//4339 4340//4340 4342//4342
f 4342//4342 4341//4341 4344//4344
f 4340//4340 4335//4335 4376//4376
f 4341//4341 4342//4342 4340//4340
f 4343//4343 4339//4339 4342//4342
f 4343//4343 4342//4342 4345//4345
f 4345//4345 4342//4342 4344//4344
f 4376//4376 4023//4023 4341//4341
f 4023//4023 4344//4344 4341//4341
f 4346//4346 4344//4344 4023//4023
f 4348//4348 4350//4350 4345//4345
f 4344//4344 4348//4348 4345//4345
f 4346//4346 4347//4347 4349//4349
f 4346//4346 4348//4348 4344//4344
f 4348//4348 4349//4349 4350//4350
f 4346//4346 4349//4349 4348//4348
f 4001//4001 4351//4351 4347//4347
f 4351//4351 4001//4001 4352//4352
f 4349//4349 4347//4347 4353//4353
f 4347//4347 4351//4351 4353//4353
f 4351//4351 4352//4352 4353//4353
f 4352//4352 4001//4001 4355//4355
f 4350//4350 4349//4349 4354//4354
f 4349//4349 4353//4353 4354//4354
f 4352//4352 4355//4355 4353//4353
f 4355//4355 4354//4354 4353//4353
f 6939//6939 6940//6940 6941//6941
f 6944//6944 4360//4360 6942//6942
f 4357//4357 4361//4361 6943//6943
f 4049//4049 4362//4362 4361//4361
f 4323//4323 4324//4324 4360//4360
f 4360//4360 6944//6944 4323//4323
f 4361//4361 4362//4362 6934//6934
f 6934//6934 4362//4362 6945//6945
f 4364//4364 4325//4325 6945//6945
f 6945//6945 4365//4365 4364//4364
f 4365//4365 4362//4362 4049//4049
f 4362//4362 4365//4365 6945//6945
f 4364//4364 4326//4326 4325//4325
f 4365//4365 4366//4366 4364//4364
f 4364//4364 4366//4366 4367//4367
f 4365//4365 4049//4049 4366//4366
f 4364//4364 4367//4367 4326//4326
f 4367//4367 4366//4366 4368//4368
f 4367//4367 4368//4368 4369//4369
f 4368//4368 4048//4048 4369//4369
f 4326//4326 4367//4367 4371//4371
f 4371//4371 4367//4367 4372//4372
f 4367//4367 4369//4369 4372//4372
f 4369//4369 4375//4375 4372//4372
f 4370//4370 4375//4375 4369//4369
f 4371//4371 4372//4372 4373//4373
f 4373//4373 4372//4372 4375//4375
f 6946//6946 4370//4370 4050//4050
f 4370//4370 6946//6946 4375//4375
f 4335//4335 6946//6946 4050//4050
f 4050//4050 4013//4013 4335//4335
f 4590//4590 4378//4378 4591//4591
f 4377//4377 4591//4591 4385//4385
f 4590//4590 4382//4382 4378//4378
f 4379//4379 4377//4377 4385//4385
f 4385//4385 4591//4591 4380//4380
f 4381//4381 4383//4383 4062//4062
f 4591//4591 4381//4381 4380//4380
f 4591//4591 4378//4378 4381//4381
f 4381//4381 6947//6947 4383//4383
f 4382//4382 4386//4386 6948//6948
f 4382//4382 4384//4384 4386//4386
f 6822//6822 6948//6948 4386//4386
f 4382//4382 6948//6948 4378//4378
f 4379//4379 4385//4385 4600//4600
f 4381//4381 4062//4062 4380//4380
f 4062//4062 4384//4384 4392//4392
f 6822//6822 4386//4386 4384//4384
f 4387//4387 4392//4392 4384//4384
f 4388//4388 4600//4600 4385//4385
f 4608//4608 4394//4394 4387//4387
f 4063//4063 4389//4389 4388//4388
f 4390//4390 4388//4388 6949//6949
f 4391//4391 4390//4390 6949//6949
f 4600//4600 4388//4388 4390//4390
f 4600//4600 4390//4390 4391//4391
f 4391//4391 4601//4601 4600//4600
f 4385//4385 4380//4380 4063//4063
f 4380//4380 4062//4062 4063//4063
f 4385//4385 4063//4063 4388//4388
f 4392//4392 4394//4394 4393//4393
f 4387//4387 4394//4394 4392//4392
f 4061//4061 4389//4389 4063//4063
f 4611//4611 4601//4601 4403//4403
f 4392//4392 4069//4069 4062//4062
f 4069//4069 4392//4392 4393//4393
f 6949//6949 4395//4395 4398//4398
f 4398//4398 4395//4395 4396//4396
f 4398//4398 4396//4396 4399//4399
f 4399//4399 4396//4396 4400//4400
f 4400//4400 4396//4396 4397//4397
f 4400//4400 4397//4397 6951//6951
f 4400//4400 6950//6950 4406//4406
f 4391//4391 6949//6949 4398//4398
f 4391//4391 4398//4398 4401//4401
f 4401//4401 4398//4398 4399//4399
f 4401//4401 4399//4399 4400//4400
f 4401//4401 4400//4400 4406//4406
f 4601//4601 4391//4391 4401//4401
f 4401//4401 4406//4406 4601//4601
f 4402//4402 4601//4601 4406//4406
f 4403//4403 4601//4601 4402//4402
f 7010//7010 4403//4403 4617//4617
f 4617//4617 4403//4403 4618//4618
f 4393//4393 4404//4404 4069//4069
f 4394//4394 4404//4404 4393//4393
f 4414//4414 4404//4404 4394//4394
f 4402//4402 4407//4407 4408//4408
f 4408//4408 4407//4407 4409//4409
f 4409//4409 4407//4407 4410//4410
f 4407//4407 4416//4416 4410//4410
f 4408//4408 4411//4411 4402//4402
f 4411//4411 6952//6952 4412//4412
f 4412//4412 6952//6952 4409//4409
f 4412//4412 4409//4409 4413//4413
f 4409//4409 4410//4410 4413//4413
f 4416//4416 4413//4413 4410//4410
f 4402//4402 4411//4411 4403//4403
f 4403//4403 4411//4411 4618//4618
f 4411//4411 4412//4412 4618//4618
f 4412//4412 6953//6953 4618//4618
f 4414//4414 4078//4078 4404//4404
f 4415//4415 4407//4407 6830//6830
f 4415//4415 6830//6830 4417//4417
f 4415//4415 4416//4416 4407//4407
f 4415//4415 4417//4417 4416//4416
f 4618//4618 4416//4416 4417//4417
f 6953//6953 4416//4416 4618//4618
f 4418//4418 4618//4618 4417//4417
f 4418//4418 4417//4417 4425//4425
f 4419//4419 4618//4618 4418//4418
f 4404//4404 4078//4078 4084//4084
f 4420//4420 4429//4429 4078//4078
f 4420//4420 4078//4078 4414//4414
f 4421//4421 4430//4430 4420//4420
f 4625//4625 4421//4421 4420//4420
f 4414//4414 4625//4625 4420//4420
f 4425//4425 4417//4417 4422//4422
f 4424//4424 4423//4423 4422//4422
f 4425//4425 4422//4422 4418//4418
f 4418//4418 4422//4422 4423//4423
f 4418//4418 6954//6954 4428//4428
f 4426//4426 6954//6954 6955//6955
f 4426//4426 4428//4428 6954//6954
f 4427//4427 4426//4426 6955//6955
f 4427//4427 6955//6955 4432//4432
f 4428//4428 4426//4426 4427//4427
f 4428//4428 4427//4427 4432//4432
f 4419//4419 4418//4418 4428//4428
f 4433//4433 4419//4419 4428//4428
f 4420//4420 4430//4430 4429//4429
f 4430//4430 4437//4437 4429//4429
f 4421//4421 4637//4637 4430//4430
f 4431//4431 4088//4088 4092//4092
f 4422//4422 4088//4088 4431//4431
f 4424//4424 4422//4422 4431//4431
f 6955//6955 6956//6956 4432//4432
f 6956//6956 6832//6832 4432//4432
f 4432//4432 4433//4433 4428//4428
f 4434//4434 4628//4628 4433//4433
f 4629//4629 4628//4628 4435//4435
f 4629//4629 4435//4435 4633//4633
f 4628//4628 6957//6957 4435//4435
f 4429//4429 4437//4437 4091//4091
f 4430//4430 4439//4439 4438//4438
f 4430//4430 4438//4438 4437//4437
f 4632//4632 4639//4639 4637//4637
f 4433//4433 4432//4432 6832//6832
f 4436//4436 4434//4434 4433//4433
f 4633//4633 4436//4436 4441//4441
f 6957//6957 6958//6958 4435//4435
f 4435//4435 4436//4436 4633//4633
f 4634//4634 7014//7014 4441//4441
f 4438//4438 4093//4093 4437//4437
f 4439//4439 4430//4430 4637//4637
f 4440//4440 4101//4101 4439//4439
f 4440//4440 4439//4439 4637//4637
f 4639//4639 4440//4440 4637//4637
f 4440//4440 4639//4639 4640//4640
f 6832//6832 4444//4444 4433//4433
f 4433//4433 4444//4444 4436//4436
f 4436//4436 4444//4444 4441//4441
f 4442//4442 4441//4441 4444//4444
f 4442//4442 4444//4444 4453//4453
f 4634//4634 4441//4441 4442//4442
f 4442//4442 4443//4443 4634//4634
f 4443//4443 4442//4442 4453//4453
f 4634//4634 4443//4443 4638//4638
f 4638//4638 4443//4443 4446//4446
f 4101//4101 4438//4438 4439//4439
f 4440//4440 4640//4640 4101//4101
f 4444//4444 4095//4095 4097//4097
f 4640//4640 4445//4445 4101//4101
f 4445//4445 4449//4449 4101//4101
f 4643//4643 4452//4452 4445//4445
f 4640//4640 4643//4643 4445//4445
f 6959//6959 4463//4463 4443//4443
f 4463//4463 4446//4446 4443//4443
f 4642//4642 4446//4446 4448//4448
f 4448//4448 4446//4446 4447//4447
f 4641//4641 4642//4642 4448//4448
f 4641//4641 4448//4448 4452//4452
f 4452//4452 4448//4448 4447//4447
f 4450//4450 4456//4456 4449//4449
f 4451//4451 4450//4450 4449//4449
f 4445//4445 4451//4451 4449//4449
f 4452//4452 4451//4451 4445//4445
f 4452//4452 4464//4464 4459//4459
f 4447//4447 4446//4446 4464//4464
f 4447//4447 4464//4464 4452//4452
f 4457//4457 4454//4454 4456//4456
f 4457//4457 4458//4458 4454//4454
f 4460//4460 4455//4455 4458//4458
f 4460//4460 4459//4459 4465//4465
f 4450//4450 4461//4461 4456//4456
f 4461//4461 4457//4457 4456//4456
f 4462//4462 4458//4458 4461//4461
f 4461//4461 4458//4458 4457//4457
f 4462//4462 4459//4459 4460//4460
f 4458//4458 4462//4462 4460//4460
f 4461//4461 4450//4450 4451//4451
f 4452//4452 4459//4459 4451//4451
f 4462//4462 4451//4451 4459//4459
f 4451//4451 4462//4462 4461//4461
f 4107//4107 4463//4463 6959//6959
f 4446//4446 4463//4463 4107//4107
f 4459//4459 4464//4464 4465//4465
f 4467//4467 4466//4466 4136//4136
f 4468//4468 4136//4136 4466//4466
f 4466//4466 4467//4467 4134//4134
f 4466//4466 4644//4644 4468//4468
f 4655//4655 4469//4469 4134//4134
f 4138//4138 4136//4136 4468//4468
f 4466//4466 4134//4134 4469//4469
f 4470//4470 4138//4138 4468//4468
f 4466//4466 4469//4469 4644//4644
f 4470//4470 4468//4468 4644//4644
f 4471//4471 4470//4470 4644//4644
f 4474//4474 4473//4473 4490//4490
f 4487//4487 4490//4490 4473//4473
f 4473//4473 4474//4474 4472//4472
f 4490//4490 4491//4491 4474//4474
f 4474//4474 4654//4654 4655//4655
f 4653//4653 4654//4654 4474//4474
f 4474//4474 4491//4491 4653//4653
f 6975//6975 4492//4492 7019//7019
f 4475//4475 4470//4470 4471//4471
f 4476//4476 4155//4155 4475//4475
f 4476//4476 4650//4650 4477//4477
f 4165//4165 4476//4476 4494//4494
f 4494//4494 4476//4476 4477//4477
f 4477//4477 4495//4495 4494//4494
f 4479//4479 4162//4162 6989//6989
f 6960//6960 6962//6962 4508//4508
f 6961//6961 6990//6990 6964//6964
f 6963//6963 4507//4507 6991//6991
f 4480//4480 4482//4482 4481//4481
f 6967//6967 6965//6965 4483//4483
f 4187//4187 6966//6966 6991//6991
f 6968//6968 6966//6966 4187//4187
f 4187//4187 4485//4485 6968//6968
f 4164//4164 4481//4481 4482//4482
f 6967//6967 6970//6970 4484//4484
f 6967//6967 4483//4483 6970//6970
f 4164//4164 6969//6969 4486//4486
f 6969//6969 4164//4164 4482//4482
f 6970//6970 6971//6971 4484//4484
f 6972//6972 4485//4485 4188//4188
f 4492//4492 4488//4488 4188//4188
f 4487//4487 4486//4486 4489//4489
f 6972//6972 4488//4488 6973//6973
f 4488//4488 6972//6972 4188//4188
f 6975//6975 4488//4488 4492//4492
f 4487//4487 4489//4489 4490//4490
f 6974//6974 6973//6973 4488//4488
f 6974//6974 4488//4488 6976//6976
f 7019//7019 4492//4492 4657//4657
f 4659//4659 4657//4657 4492//4492
f 4676//4676 4497//4497 4477//4477
f 4510//4510 4497//4497 4676//4676
f 4497//4497 4495//4495 4477//4477
f 6977//6977 4497//4497 4496//4496
f 4512//4512 4510//4510 4676//4676
f 6979//6979 4498//4498 4524//4524
f 6841//6841 6983//6983 6850//6850
f 4501//4501 4505//4505 4502//4502
f 6986//6986 6984//6984 4179//4179
f 4504//4504 3910//3910 4502//4502
f 4180//4180 3910//3910 4504//4504
f 4503//4503 6842//6842 6985//6985
f 4502//4502 4505//4505 4504//4504
f 6985//6985 6986//6986 4503//4503
f 4179//4179 4503//4503 6986//6986
f 6987//6987 3911//3911 4184//4184
f 6989//6989 4162//4162 6988//6988
f 4506//4506 6843//6843 4185//4185
f 4187//4187 6991//6991 4507//4507
f 4493//4493 4509//4509 4801//4801
f 4497//4497 4191//4191 4496//4496
f 4497//4497 4510//4510 4191//4191
f 4510//4510 4511//4511 4191//4191
f 4511//4511 4510//4510 4512//4512
f 4191//4191 4511//4511 4192//4192
f 4512//4512 4517//4517 4511//4511
f 4512//4512 4679//4679 4517//4517
f 4679//4679 4516//4516 4517//4517
f 4511//4511 4515//4515 4513//4513
f 4513//4513 4515//4515 4514//4514
f 4517//4517 4514//4514 4515//4515
f 4511//4511 4517//4517 4515//4515
f 4518//4518 4516//4516 4691//4691
f 4517//4517 4520//4520 4194//4194
f 4516//4516 4520//4520 4517//4517
f 4518//4518 4520//4520 4516//4516
f 4519//4519 4520//4520 4518//4518
f 4520//4520 4519//4519 4198//4198
f 4518//4518 4691//4691 4519//4519
f 4683//4683 4519//4519 4691//4691
f 4203//4203 4683//4683 4204//4204
f 4683//4683 4521//4521 4204//4204
f 4521//4521 7033//7033 4522//4522
f 4204//4204 4521//4521 4522//4522
f 4522//4522 4523//4523 4204//4204
f 4522//4522 6978//6978 4523//4523
f 4522//4522 4684//4684 4498//4498
f 4206//4206 4523//4523 6978//6978
f 6978//6978 4499//4499 4206//4206
f 6992//6992 4525//4525 6980//6980
f 4498//4498 6993//6993 4524//4524
f 6993//6993 4529//4529 4499//4499
f 4498//4498 4684//4684 6993//6993
f 4526//4526 4529//4529 6993//6993
f 4684//4684 4526//4526 6993//6993
f 4684//4684 4685//4685 4526//4526
f 4529//4529 4526//4526 4687//4687
f 4685//4685 4687//4687 4526//4526
f 4687//4687 4527//4527 4529//4529
f 4527//4527 4689//4689 4530//4530
f 4225//4225 4530//4530 4689//4689
f 4527//4527 4687//4687 4689//4689
f 4529//4529 4208//4208 4207//4207
f 4528//4528 4208//4208 4529//4529
f 4528//4528 4529//4529 4527//4527
f 4530//4530 4528//4528 4527//4527
f 4224//4224 4532//4532 4697//4697
f 4224//4224 4697//4697 4509//4509
f 4509//4509 4697//4697 4801//4801
f 4814//4814 4818//4818 4531//4531
f 4534//4534 4275//4275 4818//4818
f 4702//4702 4532//4532 3954//3954
f 4533//4533 4699//4699 4537//4537
f 3036//3036 4699//4699 4533//4533
f 3678//3678 4534//4534 4699//4699
f 4542//4542 4536//4536 4706//4706
f 4542//4542 4706//4706 4705//4705
f 4536//4536 4701//4701 4706//4706
f 4278//4278 4279//4279 4536//4536
f 4536//4536 4708//4708 4707//4707
f 4708//4708 4282//4282 4537//4537
f 4283//4283 4709//4709 4277//4277
f 4709//4709 4283//4283 4548//4548
f 4548//4548 4283//4283 4549//4549
f 4277//4277 4709//4709 4535//4535
f 4731//4731 4555//4555 4719//4719
f 4721//4721 4555//4555 4538//4538
f 4719//4719 4555//4555 4721//4721
f 4555//4555 4556//4556 4538//4538
f 4557//4557 4539//4539 4538//4538
f 4538//4538 4539//4539 4721//4721
f 4539//4539 4540//4540 4721//4721
f 4540//4540 4539//4539 4541//4541
f 4540//4540 4541//4541 4542//4542
f 4540//4540 4542//4542 4705//4705
f 4541//4541 4536//4536 4542//4542
f 4543//4543 4283//4283 4288//4288
f 4545//4545 4283//4283 4543//4543
f 6994//6994 4559//4559 4544//4544
f 6994//6994 4544//4544 6995//6995
f 6995//6995 4544//4544 4561//4561
f 4544//4544 4559//4559 4561//4561
f 6995//6995 4561//4561 4562//4562
f 4283//4283 4545//4545 4547//4547
f 4547//4547 6995//6995 4546//4546
f 4546//4546 6995//6995 4562//4562
f 4549//4549 4283//4283 4547//4547
f 4547//4547 4546//4546 4549//4549
f 6996//6996 4546//4546 4551//4551
f 4548//4548 4549//4549 6997//6997
f 4711//4711 4550//4550 4583//4583
f 4723//4723 4564//4564 4725//4725
f 4564//4564 4566//4566 4725//4725
f 4569//4569 4552//4552 4730//4730
f 4574//4574 4573//4573 4575//4575
f 4574//4574 4575//4575 4731//4731
f 4731//4731 4730//4730 4574//4574
f 4731//4731 4575//4575 4293//4293
f 4553//4553 4731//4731 4293//4293
f 4731//4731 4553//4553 4555//4555
f 4554//4554 4556//4556 4555//4555
f 4556//4556 4289//4289 4557//4557
f 4557//4557 4538//4538 4556//4556
f 4557//4557 4290//4290 4284//4284
f 4284//4284 4539//4539 4557//4557
f 4294//4294 4579//4579 4292//4292
f 7006//7006 4580//4580 4558//4558
f 4292//4292 6998//6998 4288//4288
f 4292//4292 4579//4579 6998//6998
f 6999//6999 4308//4308 4559//4559
f 4560//4560 4288//4288 6998//6998
f 7000//7000 6999//6999 4559//4559
f 4543//4543 4288//4288 4560//4560
f 6994//6994 7000//7000 4559//4559
f 4295//4295 4581//4581 4559//4559
f 4559//4559 4562//4562 4561//4561
f 4562//4562 4583//4583 4551//4551
f 4583//4583 4562//4562 4296//4296
f 4551//4551 4546//4546 4562//4562
f 4551//4551 4583//4583 4550//4550
f 4297//4297 4724//4724 4711//4711
f 4723//4723 4321//4321 4563//4563
f 4563//4563 4565//4565 4564//4564
f 4723//4723 4563//4563 4564//4564
f 4566//4566 4564//4564 4565//4565
f 4567//4567 4566//4566 4568//4568
f 4566//4566 4565//4565 4299//4299
f 4569//4569 4567//4567 4568//4568
f 4570//4570 4568//4568 4299//4299
f 4568//4568 4566//4566 4299//4299
f 4570//4570 4571//4571 4568//4568
f 4568//4568 4571//4571 4569//4569
f 4574//4574 4569//4569 4571//4571
f 4574//4574 4552//4552 4569//4569
f 4570//4570 4572//4572 4571//4571
f 4574//4574 4571//4571 4572//4572
f 4574//4574 4572//4572 4573//4573
f 7001//7001 6933//6933 7002//7002
f 7002//7002 7003//7003 7001//7001
f 4577//4577 4308//4308 7004//7004
f 7007//7007 7004//7004 4308//4308
f 4579//4579 4294//4294 4578//4578
f 4580//4580 7006//7006 7005//7005
f 7007//7007 4308//4308 6999//6999
f 4581//4581 4295//4295 4296//4296
f 4562//4562 4559//4559 4581//4581
f 4582//4582 4585//4585 4584//4584
f 4296//4296 4562//4562 4581//4581
f 4296//4296 4582//4582 4583//4583
f 4582//4582 4584//4584 4583//4583
f 4297//4297 4584//4584 4585//4585
f 4583//4583 4584//4584 4711//4711
f 4711//4711 4584//4584 4297//4297
f 4563//4563 4321//4321 4298//4298
f 4740//4740 4587//4587 4586//4586
f 4586//4586 4587//4587 4384//4384
f 4744//4744 4587//4587 4740//4740
f 4587//4587 4744//4744 4384//4384
f 4382//4382 4588//4588 4586//4586
f 4586//4586 4384//4384 4382//4382
f 4589//4589 4586//4586 4588//4588
f 4746//4746 4589//4589 4593//4593
f 7037//7037 4593//4593 4594//4594
f 4746//4746 4594//4594 4600//4600
f 4590//4590 4588//4588 4382//4382
f 4589//4589 4590//4590 4591//4591
f 4377//4377 4589//4589 4591//4591
f 4590//4590 4589//4589 4588//4588
f 4593//4593 4377//4377 4592//4592
f 4589//4589 4377//4377 4593//4593
f 4592//4592 4377//4377 4379//4379
f 4593//4593 4592//4592 4594//4594
f 4594//4594 4592//4592 4379//4379
f 4600//4600 4594//4594 4379//4379
f 4595//4595 4384//4384 4744//4744
f 4753//4753 4595//4595 4744//4744
f 4754//4754 4595//4595 4753//4753
f 4597//4597 4387//4387 4384//4384
f 4595//4595 4596//4596 4384//4384
f 4384//4384 4596//4596 4597//4597
f 4599//4599 4387//4387 4597//4597
f 4595//4595 4598//4598 4596//4596
f 4597//4597 4596//4596 4598//4598
f 4599//4599 4597//4597 4598//4598
f 4757//4757 4598//4598 4595//4595
f 4757//4757 4599//4599 4598//4598
f 4743//4743 4601//4601 4602//4602
f 4743//4743 4602//4602 4755//4755
f 4599//4599 4761//4761 4387//4387
f 4602//4602 4601//4601 4611//4611
f 4602//4602 4603//4603 4755//4755
f 4752//4752 4755//4755 4603//4603
f 4387//4387 4761//4761 4608//4608
f 4602//4602 7010//7010 4604//4604
f 4604//4604 4603//4603 4602//4602
f 4603//4603 4604//4604 4605//4605
f 4606//4606 4603//4603 4605//4605
f 4606//4606 4605//4605 4607//4607
f 4765//4765 4752//4752 4606//4606
f 4752//4752 4603//4603 4606//4606
f 4606//4606 4607//4607 4765//4765
f 4765//4765 4607//4607 4615//4615
f 4756//4756 7039//7039 4615//4615
f 4610//4610 4609//4609 4608//4608
f 4761//4761 4610//4610 4608//4608
f 4610//4610 4625//4625 4609//4609
f 4610//4610 4761//4761 4766//4766
f 4604//4604 7010//7010 4612//4612
f 4617//4617 4612//4612 7010//7010
f 4617//4617 4613//4613 4612//4612
f 4604//4604 4612//4612 4613//4613
f 4605//4605 4604//4604 4613//4613
f 4614//4614 4615//4615 4613//4613
f 4614//4614 4613//4613 4619//4619
f 4607//4607 4605//4605 4613//4613
f 4613//4613 4615//4615 4607//4607
f 4619//4619 4615//4615 4614//4614
f 4620//4620 4615//4615 4619//4619
f 4608//4608 4414//4414 4394//4394
f 7008//7008 4616//4616 4414//4414
f 4616//4616 4625//4625 4414//4414
f 7008//7008 7009//7009 4616//4616
f 7009//7009 4625//4625 4616//4616
f 4610//4610 4766//4766 4625//4625
f 4621//4621 4625//4625 4766//4766
f 4617//4617 4618//4618 4613//4613
f 4613//4613 4618//4618 4619//4619
f 4619//4619 4618//4618 4419//4419
f 4620//4620 4619//4619 4419//4419
f 4620//4620 4419//4419 4433//4433
f 4433//4433 4623//4623 4620//4620
f 4623//4623 4433//4433 4622//4622
f 4624//4624 4772//4772 4626//4626
f 4621//4621 4637//4637 4625//4625
f 4622//4622 4433//4433 4628//4628
f 4628//4628 4629//4629 4622//4622
f 4622//4622 4629//4629 7011//7011
f 4772//4772 4622//4622 4626//4626
f 7011//7011 4629//4629 4627//4627
f 7011//7011 4627//4627 4624//4624
f 4774//4774 4624//4624 4627//4627
f 4637//4637 4421//4421 4625//4625
f 4630//4630 4631//4631 4634//4634
f 4634//4634 4635//4635 7013//7013
f 4635//4635 4774//4774 7013//7013
f 4631//4631 7014//7014 4634//4634
f 4629//4629 7014//7014 4631//4631
f 4627//4627 4629//4629 4631//4631
f 4630//4630 7012//7012 4631//4631
f 4774//4774 4627//4627 7013//7013
f 4643//4643 4775//4775 4636//4636
f 7015//7015 4635//4635 4634//4634
f 4635//4635 4636//4636 4774//4774
f 4635//4635 4642//4642 4636//4636
f 4634//4634 4638//4638 7015//7015
f 7015//7015 4638//4638 4446//4446
f 4636//4636 4641//4641 4452//4452
f 4636//4636 4452//4452 4643//4643
f 4636//4636 4642//4642 4641//4641
f 4632//4632 4640//4640 4639//4639
f 4632//4632 4643//4643 4640//4640
f 4644//4644 4776//4776 4648//4648
f 4776//4776 4644//4644 4469//4469
f 4646//4646 4645//4645 4644//4644
f 4644//4644 4645//4645 4471//4471
f 4644//4644 4648//4648 4646//4646
f 4648//4648 4647//4647 4646//4646
f 4646//4646 4647//4647 4645//4645
f 4645//4645 4647//4647 4649//4649
f 4648//4648 4649//4649 4647//4647
f 4649//4649 4648//4648 4779//4779
f 7044//7044 4666//4666 4778//4778
f 4475//4475 4471//4471 4645//4645
f 4645//4645 4650//4650 4475//4475
f 4650//4650 4645//4645 4649//4649
f 4649//4649 4779//4779 4650//4650
f 4779//4779 4652//4652 4650//4650
f 7016//7016 4671//4671 4651//4651
f 4652//4652 4651//4651 4650//4650
f 4651//4651 4671//4671 4667//4667
f 7017//7017 4670//4670 7031//7031
f 6975//6975 7019//7019 7018//7018
f 4654//4654 7020//7020 4655//4655
f 4655//4655 7020//7020 4469//4469
f 4659//4659 4658//4658 4657//4657
f 7020//7020 4656//4656 4469//4469
f 4661//4661 4469//4469 4656//4656
f 4656//4656 7020//7020 7021//7021
f 4656//4656 7021//7021 4661//4661
f 4658//4658 4659//4659 4663//4663
f 4469//4469 4661//4661 4660//4660
f 4665//4665 4469//4469 7022//7022
f 4658//4658 4662//4662 4661//4661
f 4662//4662 4658//4658 4663//4663
f 4660//4660 4661//4661 4663//4663
f 7026//7026 7023//7023 7024//7024
f 4661//4661 4662//4662 4663//4663
f 4659//4659 4493//4493 4666//4666
f 4666//4666 4663//4663 4659//4659
f 4469//4469 4665//4665 4664//4664
f 4663//4663 4666//4666 7027//7027
f 7027//7027 4666//4666 7025//7025
f 4469//4469 4664//4664 4776//4776
f 7044//7044 7025//7025 4666//4666
f 4493//4493 4668//4668 4666//4666
f 4668//4668 4493//4493 4672//4672
f 7030//7030 4778//4778 4666//4666
f 4666//4666 4668//4668 7030//7030
f 4650//4650 4476//4476 4475//4475
f 4650//4650 4651//4651 4477//4477
f 4651//4651 4667//4667 4669//4669
f 4669//4669 4477//4477 4651//4651
f 7028//7028 7031//7031 4670//4670
f 4670//4670 4668//4668 7028//7028
f 7028//7028 4668//4668 7029//7029
f 4477//4477 4669//4669 4674//4674
f 4668//4668 4672//4672 7029//7029
f 7029//7029 4672//4672 4675//4675
f 4672//4672 4673//4673 4675//4675
f 4674//4674 4676//4676 4477//4477
f 7032//7032 4674//4674 4669//4669
f 4493//4493 4659//4659 4492//4492
f 4493//4493 4673//4673 4672//4672
f 4673//4673 4781//4781 4675//4675
f 7032//7032 4679//4679 4674//4674
f 4674//4674 4512//4512 4676//4676
f 4674//4674 4679//4679 4512//4512
f 4677//4677 4679//4679 7032//7032
f 4791//4791 4673//4673 4801//4801
f 4673//4673 4493//4493 4801//4801
f 4673//4673 4791//4791 4781//4781
f 7032//7032 4782//4782 4677//4677
f 4784//4784 4782//4782 7032//7032
f 4787//4787 4783//4783 4782//4782
f 4782//4782 4783//4783 4677//4677
f 4677//4677 4783//4783 4678//4678
f 4678//4678 4795//4795 4794//4794
f 4516//4516 4679//4679 4677//4677
f 4794//4794 4691//4691 4680//4680
f 4677//4677 4678//4678 4681//4681
f 4678//4678 4680//4680 4681//4681
f 4677//4677 4681//4681 4516//4516
f 4681//4681 4680//4680 4691//4691
f 4681//4681 4691//4691 4516//4516
f 4682//4682 4522//4522 7033//7033
f 4682//4682 4684//4684 4522//4522
f 4682//4682 4798//4798 4684//4684
f 4798//4798 4685//4685 4684//4684
f 4685//4685 4800//4800 4686//4686
f 4800//4800 4695//4695 4686//4686
f 4686//4686 4687//4687 4685//4685
f 4687//4687 4686//4686 4688//4688
f 4687//4687 4688//4688 4689//4689
f 4678//4678 4794//4794 4680//4680
f 4794//4794 4690//4690 4691//4691
f 4692//4692 4691//4691 4690//4690
f 4690//4690 4796//4796 7034//7034
f 4691//4691 4692//4692 4683//4683
f 7034//7034 4796//4796 4797//4797
f 7034//7034 4797//4797 4682//4682
f 7033//7033 7034//7034 4682//4682
f 4797//4797 4798//4798 4682//4682
f 4799//4799 4798//4798 4797//4797
f 4799//4799 4685//4685 4798//4798
f 4685//4685 4799//4799 4800//4800
f 4693//4693 4694//4694 4695//4695
f 4693//4693 4814//4814 4694//4694
f 4693//4693 4695//4695 4800//4800
f 4696//4696 4694//4694 4531//4531
f 4696//4696 4688//4688 4695//4695
f 4696//4696 4695//4695 4694//4694
f 4694//4694 4814//4814 4531//4531
f 4688//4688 4686//4686 4695//4695
f 4696//4696 4531//4531 4225//4225
f 4689//4689 4696//4696 4225//4225
f 4689//4689 4688//4688 4696//4696
f 4697//4697 4532//4532 4848//4848
f 4831//4831 4537//4537 4698//4698
f 4698//4698 4699//4699 4818//4818
f 4698//4698 4537//4537 4699//4699
f 4818//4818 4699//4699 4534//4534
f 4848//4848 4532//4532 4702//4702
f 4706//4706 4700//4700 4846//4846
f 4846//4846 4700//4700 4701//4701
f 4846//4846 4701//4701 4847//4847
f 4707//4707 4831//4831 4701//4701
f 4707//4707 4708//4708 4831//4831
f 4535//4535 4712//4712 4702//4702
f 3954//3954 4535//4535 4702//4702
f 4703//4703 4702//4702 4712//4712
f 4842//4842 4704//4704 4721//4721
f 4842//4842 4721//4721 4705//4705
f 4700//4700 4706//4706 4701//4701
f 4707//4707 4701//4701 4536//4536
f 4537//4537 4831//4831 4708//4708
f 4722//4722 4709//4709 4548//4548
f 4710//4710 4535//4535 4709//4709
f 4709//4709 4722//4722 4710//4710
f 4710//4710 4722//4722 4711//4711
f 4712//4712 4535//4535 4710//4710
f 7036//7036 4710//4710 4711//4711
f 7035//7035 7036//7036 4713//4713
f 4713//4713 4729//4729 4714//4714
f 4713//4713 4728//4728 4729//4729
f 7035//7035 4713//4713 4714//4714
f 7035//7035 4714//4714 4715//4715
f 4714//4714 4730//4730 4715//4715
f 4715//4715 4730//4730 4731//4731
f 4731//4731 4716//4716 4715//4715
f 4716//4716 4717//4717 4715//4715
f 4718//4718 4716//4716 4731//4731
f 4717//4717 4720//4720 4849//4849
f 4717//4717 4716//4716 4720//4720
f 4718//4718 4720//4720 4716//4716
f 4731//4731 4719//4719 4718//4718
f 4721//4721 4718//4718 4719//4719
f 4721//4721 4720//4720 4718//4718
f 4704//4704 4720//4720 4721//4721
f 4704//4704 4849//4849 4720//4720
f 4705//4705 4721//4721 4540//4540
f 4548//4548 6997//6997 4722//4722
f 4722//4722 4551//4551 4550//4550
f 4711//4711 4722//4722 4550//4550
f 4724//4724 7036//7036 4711//4711
f 4724//4724 4713//4713 7036//7036
f 4723//4723 4724//4724 4321//4321
f 4724//4724 4723//4723 4725//4725
f 4725//4725 4726//4726 4728//4728
f 4726//4726 4725//4725 4566//4566
f 4724//4724 4727//4727 4713//4713
f 4713//4713 4727//4727 4728//4728
f 4727//4727 4724//4724 4725//4725
f 4727//4727 4725//4725 4728//4728
f 4726//4726 4566//4566 4567//4567
f 4728//4728 4567//4567 4729//4729
f 4567//4567 4728//4728 4726//4726
f 4730//4730 4714//4714 4729//4729
f 4569//4569 4729//4729 4567//4567
f 4729//4729 4569//4569 4730//4730
f 4574//4574 4730//4730 4552//4552
f 4732//4732 4853//4853 4733//4733
f 4735//4735 4732//4732 4733//4733
f 4854//4854 4738//4738 4733//4733
f 4737//4737 4856//4856 4861//4861
f 4734//4734 4735//4735 4733//4733
f 4736//4736 4735//4735 4734//4734
f 4736//4736 4734//4734 4739//4739
f 4736//4736 4861//4861 4732//4732
f 4732//4732 4735//4735 4736//4736
f 4861//4861 4736//4736 4737//4737
f 4736//4736 4739//4739 4737//4737
f 4734//4734 4733//4733 4586//4586
f 4589//4589 4734//4734 4586//4586
f 4733//4733 4740//4740 4586//4586
f 4739//4739 4734//4734 4589//4589
f 4740//4740 4733//4733 4738//4738
f 4738//4738 4866//4866 4741//4741
f 7055//7055 4737//4737 4868//4868
f 4738//4738 4741//4741 4740//4740
f 4741//4741 4744//4744 4740//4740
f 4741//4741 4742//4742 4744//4744
f 4741//4741 4866//4866 4742//4742
f 4739//4739 4589//4589 4746//4746
f 4868//4868 4737//4737 4739//4739
f 4868//4868 4739//4739 4743//4743
f 4739//4739 4746//4746 4743//4743
f 4743//4743 4746//4746 4745//4745
f 4743//4743 4755//4755 4875//4875
f 4742//4742 4748//4748 4744//4744
f 4880//4880 4748//4748 4742//4742
f 4880//4880 4750//4750 4748//4748
f 4600//4600 4601//4601 4745//4745
f 4875//4875 4755//4755 4752//4752
f 4879//4879 4876//4876 4752//4752
f 4876//4876 4875//4875 4752//4752
f 4746//4746 4600//4600 4745//4745
f 4747//4747 4753//4753 4744//4744
f 7038//7038 4749//4749 4753//4753
f 4748//4748 7038//7038 4744//4744
f 4748//4748 4749//4749 7038//7038
f 4750//4750 4749//4749 4748//4748
f 4751//4751 4749//4749 4750//4750
f 4751//4751 4754//4754 4749//4749
f 4880//4880 4751//4751 4750//4750
f 4743//4743 4745//4745 4601//4601
f 4879//4879 4752//4752 4765//4765
f 4756//4756 4879//4879 7039//7039
f 4749//4749 4754//4754 4753//4753
f 4595//4595 4754//4754 4757//4757
f 4754//4754 4759//4759 4757//4757
f 4751//4751 4759//4759 4754//4754
f 4880//4880 4759//4759 4751//4751
f 4880//4880 4760//4760 4759//4759
f 4759//4759 4758//4758 4757//4757
f 4758//4758 4599//4599 4757//4757
f 4760//4760 4758//4758 4759//4759
f 4764//4764 4758//4758 4760//4760
f 4880//4880 4764//4764 4760//4760
f 4880//4880 4885//4885 4764//4764
f 4885//4885 4886//4886 4764//4764
f 4758//4758 4761//4761 4599//4599
f 4762//4762 4761//4761 4758//4758
f 4758//4758 4764//4764 4762//4762
f 4763//4763 4761//4761 4762//4762
f 4762//4762 4764//4764 4763//4763
f 4886//4886 4763//4763 4764//4764
f 4886//4886 4766//4766 4761//4761
f 4891//4891 4769//4769 4886//4886
f 4756//4756 4615//4615 4620//4620
f 4756//4756 4620//4620 4892//4892
f 7060//7060 4767//4767 7040//7040
f 4767//4767 7060//7060 4769//4769
f 4771//4771 4770//4770 4767//4767
f 4769//4769 4771//4771 4767//4767
f 4891//4891 4773//4773 4769//4769
f 4623//4623 4892//4892 4620//4620
f 4892//4892 4623//4623 4772//4772
f 4772//4772 4624//4624 4768//4768
f 4772//4772 4768//4768 4892//4892
f 4770//4770 4621//4621 4767//4767
f 4767//4767 4621//4621 7040//7040
f 4770//4770 4771//4771 4621//4621
f 4623//4623 4622//4622 4772//4772
f 4632//4632 4769//4769 7043//7043
f 4774//4774 4892//4892 4768//4768
f 4624//4624 4774//4774 4768//4768
f 4892//4892 4774//4774 7041//7041
f 4769//4769 4773//4773 7043//7043
f 4621//4621 4769//4769 4632//4632
f 4771//4771 4769//4769 4621//4621
f 7041//7041 4774//4774 4775//4775
f 4632//4632 4637//4637 4621//4621
f 7043//7043 4643//4643 4632//4632
f 4774//4774 4636//4636 4775//4775
f 4779//4779 4648//4648 4777//4777
f 4648//4648 4776//4776 4777//4777
f 7046//7046 7045//7045 4778//4778
f 7046//7046 4778//4778 4780//4780
f 4779//4779 4777//4777 7048//7048
f 7047//7047 4670//4670 7017//7017
f 4670//4670 7047//7047 7049//7049
f 7030//7030 4780//4780 4778//4778
f 4781//4781 4785//4785 4675//4675
f 4675//4675 4785//4785 7050//7050
f 4781//4781 4791//4791 4785//4785
f 4787//4787 4782//4782 4784//4784
f 4786//4786 7050//7050 4785//4785
f 4787//4787 4784//4784 7051//7051
f 4786//4786 4785//4785 4789//4789
f 7051//7051 4789//4789 4787//4787
f 4787//4787 4789//4789 4783//4783
f 4785//4785 4791//4791 4788//4788
f 4785//4785 4788//4788 4789//4789
f 4783//4783 4790//4790 4678//4678
f 4788//4788 4791//4791 4792//4792
f 4788//4788 4792//4792 4789//4789
f 4792//4792 4783//4783 4789//4789
f 4790//4790 4783//4783 4792//4792
f 4790//4790 4795//4795 4678//4678
f 4791//4791 4802//4802 4792//4792
f 4790//4790 4792//4792 4795//4795
f 4795//4795 4792//4792 4793//4793
f 4793//4793 4792//4792 4802//4802
f 4690//4690 4794//4794 4795//4795
f 4795//4795 4793//4793 4803//4803
f 4803//4803 4690//4690 4795//4795
f 4690//4690 4804//4804 4796//4796
f 4796//4796 4805//4805 4797//4797
f 4797//4797 4805//4805 4799//4799
f 4799//4799 4808//4808 4811//4811
f 4811//4811 4800//4800 4799//4799
f 4800//4800 4814//4814 4693//4693
f 4802//4802 4791//4791 4801//4801
f 4793//4793 4802//4802 4803//4803
f 4803//4803 4804//4804 4690//4690
f 4805//4805 4796//4796 4804//4804
f 4808//4808 4805//4805 4806//4806
f 4805//4805 4808//4808 4799//4799
f 4807//4807 4806//4806 4816//4816
f 4808//4808 4806//4806 4807//4807
f 4807//4807 4809//4809 4808//4808
f 4808//4808 4809//4809 4811//4811
f 4811//4811 4809//4809 4813//4813
f 4813//4813 4809//4809 4810//4810
f 4807//4807 4810//4810 4809//4809
f 4812//4812 4817//4817 4814//4814
f 4811//4811 4813//4813 4812//4812
f 4812//4812 4810//4810 4817//4817
f 4810//4810 4812//4812 4813//4813
f 4812//4812 4800//4800 4811//4811
f 4800//4800 4812//4812 4814//4814
f 4801//4801 4821//4821 4802//4802
f 4803//4803 4802//4802 4821//4821
f 4803//4803 4821//4821 4826//4826
f 4815//4815 4803//4803 4826//4826
f 4804//4804 4803//4803 4815//4815
f 4829//4829 4815//4815 4827//4827
f 4804//4804 4815//4815 4805//4805
f 4815//4815 4829//4829 4816//4816
f 4805//4805 4815//4815 4806//4806
f 4806//4806 4815//4815 4816//4816
f 4817//4817 4816//4816 4831//4831
f 4832//4832 4817//4817 4831//4831
f 4810//4810 4816//4816 4817//4817
f 4810//4810 4807//4807 4816//4816
f 4817//4817 4818//4818 4814//4814
f 4801//4801 4697//4697 4819//4819
f 4819//4819 4697//4697 4836//4836
f 4821//4821 4819//4819 4843//4843
f 4836//4836 4820//4820 4819//4819
f 4819//4819 4820//4820 4843//4843
f 4801//4801 4819//4819 4821//4821
f 4843//4843 4845//4845 4822//4822
f 4821//4821 4843//4843 4822//4822
f 4821//4821 4822//4822 4823//4823
f 4824//4824 4846//4846 4825//4825
f 4821//4821 4823//4823 4826//4826
f 4823//4823 4822//4822 4824//4824
f 4823//4823 4824//4824 4826//4826
f 4824//4824 4825//4825 4826//4826
f 4822//4822 4846//4846 4824//4824
f 4825//4825 4846//4846 4827//4827
f 4825//4825 4827//4827 4826//4826
f 4827//4827 4847//4847 4828//4828
f 4827//4827 4846//4846 4847//4847
f 4815//4815 4826//4826 4827//4827
f 4827//4827 4830//4830 4829//4829
f 4827//4827 4828//4828 4830//4830
f 4828//4828 4847//4847 4831//4831
f 4829//4829 4830//4830 4816//4816
f 4830//4830 4828//4828 4831//4831
f 4830//4830 4831//4831 4816//4816
f 4831//4831 4698//4698 4832//4832
f 4817//4817 4832//4832 4698//4698
f 4818//4818 4817//4817 4698//4698
f 4848//4848 4833//4833 4697//4697
f 4697//4697 4833//4833 4836//4836
f 4833//4833 4848//4848 4835//4835
f 4834//4834 4833//4833 4835//4835
f 7052//7052 4835//4835 4850//4850
f 4835//4835 4848//4848 4850//4850
f 4833//4833 4837//4837 4836//4836
f 4837//4837 4833//4833 4834//4834
f 4837//4837 4834//4834 4839//4839
f 7052//7052 4850//4850 4839//4839
f 4839//4839 4850//4850 4841//4841
f 4838//4838 4836//4836 4837//4837
f 4837//4837 4839//4839 4838//4838
f 4838//4838 4839//4839 4840//4840
f 4839//4839 4841//4841 4840//4840
f 4840//4840 4841//4841 4842//4842
f 4840//4840 4842//4842 4843//4843
f 4836//4836 4838//4838 4820//4820
f 4838//4838 4840//4840 4820//4820
f 4820//4820 4840//4840 4843//4843
f 4843//4843 4705//4705 4844//4844
f 4844//4844 4845//4845 4843//4843
f 4706//4706 4846//4846 4844//4844
f 4706//4706 4844//4844 4705//4705
f 4846//4846 4845//4845 4844//4844
f 4846//4846 4822//4822 4845//4845
f 4831//4831 4847//4847 4701//4701
f 4702//4702 4703//4703 4848//4848
f 7035//7035 4715//4715 7053//7053
f 4715//4715 4849//4849 7053//7053
f 4849//4849 4715//4715 4717//4717
f 7053//7053 4849//4849 4850//4850
f 4850//4850 4849//4849 4841//4841
f 4841//4841 4704//4704 4842//4842
f 4841//4841 4849//4849 4704//4704
f 4843//4843 4842//4842 4705//4705
f 4897//4897 4893//4893 4851//4851
f 4853//4853 4897//4897 4851//4851
f 4851//4851 4959//4959 4855//4855
f 4853//4853 4851//4851 4854//4854
f 4852//4852 4897//4897 4853//4853
f 4851//4851 4855//4855 4854//4854
f 4857//4857 4855//4855 4901//4901
f 4856//4856 4853//4853 4732//4732
f 4852//4852 4853//4853 4856//4856
f 4853//4853 4854//4854 4733//4733
f 4904//4904 4909//4909 4857//4857
f 7055//7055 4907//4907 7054//7054
f 4854//4854 4855//4855 4738//4738
f 4855//4855 4857//4857 4738//4738
f 4909//4909 4859//4859 4857//4857
f 4907//4907 7055//7055 4914//4914
f 4856//4856 4732//4732 4861//4861
f 4859//4859 4858//4858 4857//4857
f 4860//4860 4858//4858 4859//4859
f 4921//4921 4859//4859 4909//4909
f 4860//4860 4859//4859 4921//4921
f 4921//4921 4917//4917 4860//4860
f 4914//4914 7055//7055 4868//4868
f 4862//4862 4857//4857 4858//4858
f 4862//4862 4866//4866 4857//4857
f 4863//4863 7056//7056 4858//4858
f 4863//4863 4864//4864 7056//7056
f 4864//4864 4866//4866 7056//7056
f 4860//4860 4863//4863 4858//4858
f 4924//4924 4863//4863 4860//4860
f 4924//4924 4864//4864 4863//4863
f 4924//4924 4865//4865 4864//4864
f 4865//4865 4924//4924 4925//4925
f 4925//4925 4926//4926 4865//4865
f 4914//4914 4868//4868 4923//4923
f 4866//4866 4738//4738 4857//4857
f 4864//4864 4867//4867 4866//4866
f 4867//4867 4864//4864 4865//4865
f 4932//4932 4867//4867 4865//4865
f 4926//4926 4932//4932 4865//4865
f 4932//4932 4933//4933 4867//4867
f 4942//4942 4868//4868 4869//4869
f 4867//4867 4742//4742 4866//4866
f 4867//4867 4933//4933 4880//4880
f 4868//4868 4743//4743 4870//4870
f 4869//4869 4868//4868 4870//4870
f 4942//4942 4869//4869 4874//4874
f 4942//4942 4874//4874 4943//4943
f 4867//4867 4880//4880 4742//4742
f 4870//4870 4743//4743 4875//4875
f 4869//4869 4870//4870 4871//4871
f 4871//4871 4870//4870 4875//4875
f 4878//4878 4872//4872 7058//7058
f 4872//4872 7057//7057 7058//7058
f 7057//7057 4872//4872 4873//4873
f 4873//4873 4872//4872 4878//4878
f 4874//4874 4869//4869 4873//4873
f 7058//7058 4875//4875 4877//4877
f 4877//4877 4875//4875 4879//4879
f 4875//4875 4876//4876 4879//4879
f 4878//4878 4877//4877 4879//4879
f 7058//7058 4877//4877 4878//4878
f 4873//4873 4878//4878 4879//4879
f 4873//4873 4879//4879 4874//4874
f 4874//4874 4879//4879 4756//4756
f 4881//4881 4874//4874 4756//4756
f 4881//4881 4950//4950 4943//4943
f 4880//4880 4946//4946 4883//4883
f 4880//4880 4883//4883 4882//4882
f 4882//4882 4885//4885 4880//4880
f 4883//4883 4886//4886 4885//4885
f 4883//4883 4885//4885 4882//4882
f 4887//4887 4883//4883 4884//4884
f 4881//4881 4756//4756 4892//4892
f 4881//4881 4892//4892 4950//4950
f 4950//4950 4892//4892 4889//4889
f 4884//4884 4950//4950 4889//4889
f 4889//4889 4887//4887 4884//4884
f 4886//4886 4761//4761 4763//4763
f 4891//4891 4886//4886 4883//4883
f 4883//4883 4887//4887 4891//4891
f 7042//7042 4888//4888 4890//4890
f 4890//4890 4888//4888 4887//4887
f 4890//4890 4887//4887 4889//4889
f 4888//4888 4773//4773 4891//4891
f 4887//4887 4888//4888 4891//4891
f 7041//7041 4889//4889 4892//4892
f 4890//4890 4889//4889 7042//7042
f 4952//4952 4953//4953 4893//4893
f 4893//4893 4953//4953 4851//4851
f 4894//4894 4957//4957 4895//4895
f 4959//4959 4851//4851 4953//4953
f 4896//4896 4894//4894 4895//4895
f 4963//4963 4966//4966 4898//4898
f 4895//4895 4893//4893 4897//4897
f 4899//4899 4896//4896 4895//4895
f 4894//4894 4896//4896 4899//4899
f 4966//4966 7063//7063 4898//4898
f 4972//4972 4900//4900 4966//4966
f 7061//7061 4899//4899 4895//4895
f 4894//4894 4899//4899 4968//4968
f 4855//4855 4959//4959 7062//7062
f 7063//7063 4966//4966 4900//4900
f 4899//4899 4907//4907 4968//4968
f 4899//4899 7061//7061 7054//7054
f 4855//4855 7062//7062 4901//4901
f 4900//4900 4972//4972 7063//7063
f 4975//4975 4968//4968 4908//4908
f 4902//4902 4905//4905 7063//7063
f 4902//4902 4972//4972 4905//4905
f 4972//4972 4902//4902 7063//7063
f 4909//4909 4972//4972 4973//4973
f 4906//4906 4909//4909 4973//4973
f 4899//4899 7054//7054 4907//4907
f 4857//4857 4903//4903 4904//4904
f 4903//4903 4857//4857 7063//7063
f 4905//4905 4903//4903 7063//7063
f 4903//4903 4905//4905 4904//4904
f 4905//4905 4909//4909 4904//4904
f 4909//4909 4905//4905 4972//4972
f 4911//4911 4909//4909 4906//4906
f 4982//4982 4911//4911 4906//4906
f 4908//4908 4907//4907 4914//4914
f 4907//4907 4908//4908 4968//4968
f 4910//4910 4922//4922 4909//4909
f 4911//4911 4910//4910 4909//4909
f 4913//4913 4910//4910 4911//4911
f 4916//4916 4914//4914 4915//4915
f 4916//4916 4908//4908 4914//4914
f 4983//4983 4908//4908 4916//4916
f 4912//4912 4910//4910 4913//4913
f 4985//4985 4931//4931 4913//4913
f 4919//4919 4922//4922 4910//4910
f 7064//7064 4919//4919 4910//4910
f 4915//4915 4914//4914 4923//4923
f 4916//4916 4915//4915 4923//4923
f 4923//4923 4943//4943 4916//4916
f 4983//4983 4916//4916 4943//4943
f 4918//4918 4917//4917 4921//4921
f 4922//4922 4919//4919 4918//4918
f 4919//4919 4920//4920 4918//4918
f 7064//7064 4920//4920 4919//4919
f 4920//4920 4912//4912 4931//4931
f 4913//4913 4931//4931 4912//4912
f 4909//4909 4922//4922 4921//4921
f 4922//4922 4918//4918 4921//4921
f 4917//4917 4927//4927 4860//4860
f 4924//4924 4860//4860 4927//4927
f 4927//4927 4925//4925 4924//4924
f 4925//4925 4927//4927 4928//4928
f 4925//4925 4928//4928 4926//4926
f 4928//4928 4929//4929 4926//4926
f 4918//4918 4927//4927 4917//4917
f 4927//4927 4930//4930 4928//4928
f 4930//4930 4929//4929 4928//4928
f 4920//4920 4927//4927 4918//4918
f 4920//4920 4930//4930 4927//4927
f 4930//4930 4920//4920 4937//4937
f 4940//4940 4920//4920 4931//4931
f 4986//4986 4940//4940 4931//4931
f 4986//4986 4941//4941 4940//4940
f 4929//4929 4932//4932 4926//4926
f 4935//4935 4932//4932 4934//4934
f 4935//4935 4933//4933 4932//4932
f 4929//4929 4930//4930 4932//4932
f 4930//4930 4934//4934 4932//4932
f 4930//4930 4936//4936 4934//4934
f 4936//4936 4935//4935 4934//4934
f 4944//4944 4935//4935 4936//4936
f 4937//4937 4936//4936 4930//4930
f 4937//4937 4938//4938 4936//4936
f 4938//4938 4944//4944 4936//4936
f 4938//4938 4937//4937 4939//4939
f 4944//4944 4938//4938 4939//4939
f 4940//4940 4937//4937 4920//4920
f 4940//4940 4939//4939 4937//4937
f 4939//4939 4940//4940 4941//4941
f 4942//4942 4923//4923 4868//4868
f 4923//4923 4942//4942 4943//4943
f 4988//4988 4943//4943 4989//4989
f 4935//4935 4880//4880 4933//4933
f 4935//4935 4944//4944 7059//7059
f 4939//4939 7059//7059 4944//4944
f 4941//4941 7059//7059 4939//4939
f 7065//7065 4946//4946 4880//4880
f 4946//4946 7065//7065 4987//4987
f 4943//4943 4945//4945 4989//4989
f 4948//4948 4989//4989 4945//4945
f 4989//4989 4948//4948 4990//4990
f 4990//4990 4946//4946 4987//4987
f 4948//4948 4949//4949 4990//4990
f 4990//4990 4949//4949 4946//4946
f 4948//4948 4945//4945 4947//4947
f 4949//4949 4947//4947 4946//4946
f 4945//4945 4950//4950 4947//4947
f 4947//4947 4949//4949 4948//4948
f 4881//4881 4943//4943 4874//4874
f 4943//4943 4950//4950 4945//4945
f 4950//4950 4884//4884 4947//4947
f 4946//4946 4884//4884 4883//4883
f 4947//4947 4884//4884 4946//4946
f 4993//4993 4953//4953 4952//4952
f 4951//4951 4993//4993 4952//4952
f 4993//4993 4954//4954 4953//4953
f 4951//4951 4952//4952 4957//4957
f 5000//5000 4956//4956 4962//4962
f 5008//5008 5000//5000 4962//4962
f 4893//4893 4895//4895 4957//4957
f 4893//4893 4957//4957 4952//4952
f 4997//4997 4951//4951 4957//4957
f 4997//4997 4956//4956 5000//5000
f 4953//4953 4954//4954 4959//4959
f 4959//4959 4954//4954 4960//4960
f 4955//4955 4960//4960 4954//4954
f 4960//4960 4955//4955 4961//4961
f 4958//4958 4961//4961 4955//4955
f 5001//5001 4958//4958 4955//4955
f 4958//4958 5001//5001 5006//5006
f 5006//5006 4961//4961 4958//4958
f 4956//4956 4997//4997 4957//4957
f 4959//4959 4960//4960 7066//7066
f 7066//7066 4960//4960 4961//4961
f 4957//4957 4894//4894 4956//4956
f 4956//4956 4894//4894 4962//4962
f 4959//4959 7066//7066 7062//7062
f 4961//4961 5006//5006 7066//7066
f 7079//7079 4967//4967 4963//4963
f 4962//4962 4964//4964 5009//5009
f 4965//4965 5009//5009 4964//4964
f 4968//4968 4962//4962 4894//4894
f 4962//4962 4968//4968 4964//4964
f 4969//4969 4964//4964 4968//4968
f 4967//4967 4966//4966 4963//4963
f 5019//5019 4966//4966 4967//4967
f 5013//5013 5019//5019 4967//4967
f 4965//4965 4964//4964 4969//4969
f 4965//4965 4969//4969 4970//4970
f 4970//4970 4969//4969 4971//4971
f 4976//4976 7067//7067 7068//7068
f 5012//5012 7067//7067 4976//4976
f 4973//4973 4972//4972 4966//4966
f 4974//4974 7069//7069 4966//4966
f 5019//5019 4974//4974 4966//4966
f 4975//4975 4969//4969 4968//4968
f 4969//4969 4975//4975 4971//4971
f 7068//7068 4975//4975 4976//4976
f 4974//4974 4978//4978 7069//7069
f 5021//5021 4985//4985 4978//4978
f 4975//4975 4983//4983 4976//4976
f 4983//4983 4979//4979 4976//4976
f 7069//7069 4981//4981 4906//4906
f 4982//4982 4981//4981 7069//7069
f 4982//4982 7069//7069 4978//4978
f 4908//4908 4983//4983 4975//4975
f 4980//4980 4977//4977 7072//7072
f 4980//4980 7072//7072 4984//4984
f 5023//5023 4980//4980 5024//5024
f 5023//5023 4977//4977 4980//4980
f 4984//4984 5024//5024 4980//4980
f 4981//4981 4982//4982 4906//4906
f 4982//4982 4985//4985 4911//4911
f 4985//4985 4982//4982 4978//4978
f 4979//4979 4983//4983 7073//7073
f 4988//4988 7073//7073 4983//4983
f 7073//7073 4988//4988 5025//5025
f 4987//4987 4985//4985 5021//5021
f 4985//4985 4913//4913 4911//4911
f 4988//4988 4987//4987 7088//7088
f 4983//4983 4943//4943 4988//4988
f 4985//4985 4986//4986 4931//4931
f 7065//7065 7074//7074 4987//4987
f 4985//4985 4987//4987 7074//7074
f 4988//4988 4989//4989 4990//4990
f 4987//4987 4988//4988 4990//4990
f 4992//4992 4991//4991 5093//5093
f 5027//5027 4992//4992 5093//5093
f 4997//4997 5028//5028 4951//4951
f 4991//4991 4992//4992 4993//4993
f 5028//5028 5090//5090 4991//4991
f 4991//4991 4993//4993 4951//4951
f 5028//5028 4991//4991 4951//4951
f 4994//4994 4992//4992 5027//5027
f 4992//4992 4994//4994 4993//4993
f 4993//4993 4994//4994 4954//4954
f 5031//5031 4954//4954 4994//4994
f 5001//5001 4954//4954 5031//5031
f 4996//4996 4995//4995 5000//5000
f 5042//5042 5036//5036 4995//4995
f 4996//4996 5042//5042 4995//4995
f 5042//5042 4996//4996 5000//5000
f 7094//7094 5000//5000 5037//5037
f 5000//5000 4995//4995 4997//4997
f 5001//5001 4999//4999 5002//5002
f 4998//4998 5037//5037 5000//5000
f 4998//4998 5000//5000 5008//5008
f 5004//5004 5061//5061 4998//4998
f 5011//5011 5061//5061 5004//5004
f 4954//4954 5001//5001 4955//4955
f 5002//5002 5007//5007 5001//5001
f 5002//5002 5013//5013 5007//5007
f 7076//7076 5065//5065 7077//7077
f 7107//7107 5067//5067 5002//5002
f 5003//5003 7075//7075 5008//5008
f 7078//7078 5011//5011 5004//5004
f 5004//5004 4998//4998 7078//7078
f 5002//5002 5067//5067 5013//5013
f 5001//5001 5007//5007 7079//7079
f 4962//4962 5009//5009 5008//5008
f 5009//5009 5003//5003 5008//5008
f 5010//5010 7078//7078 5009//5009
f 5011//5011 7078//7078 5010//5010
f 5011//5011 7080//7080 5005//5005
f 5007//5007 5013//5013 4967//4967
f 5007//5007 4967//4967 7079//7079
f 5010//5010 5009//5009 5011//5011
f 5016//5016 5015//5015 5013//5013
f 5014//5014 7082//7082 5073//5073
f 5073//5073 5075//5075 5014//5014
f 5011//5011 5009//5009 4965//4965
f 5015//5015 5019//5019 5013//5013
f 5016//5016 4974//4974 5015//5015
f 5017//5017 7082//7082 5014//5014
f 7070//7070 7082//7082 5017//5017
f 5077//5077 5017//5017 5014//5014
f 5011//5011 4965//4965 7080//7080
f 7080//7080 4965//4965 4970//4970
f 5077//5077 5018//5018 5017//5017
f 5018//5018 5077//5077 5020//5020
f 5078//5078 5022//5022 7083//7083
f 5015//5015 4974//4974 5019//5019
f 5078//5078 7081//7081 5023//5023
f 5078//5078 5023//5023 5022//5022
f 5017//5017 5018//5018 7070//7070
f 5021//5021 5018//5018 5020//5020
f 5012//5012 4976//4976 4979//4979
f 7088//7088 5021//5021 7086//7086
f 7084//7084 7086//7086 5021//5021
f 5012//5012 4979//4979 7071//7071
f 5023//5023 7081//7081 4977//4977
f 5023//5023 5025//5025 5022//5022
f 5018//5018 4978//4978 7070//7070
f 5018//5018 5021//5021 4978//4978
f 4987//4987 5021//5021 7088//7088
f 7087//7087 7073//7073 5025//5025
f 5023//5023 7087//7087 5025//5025
f 5028//5028 5098//5098 5090//5090
f 5100//5100 5027//5027 5093//5093
f 5028//5028 5026//5026 5098//5098
f 5105//5105 5026//5026 5029//5029
f 5104//5104 5027//5027 5100//5100
f 5026//5026 5028//5028 5029//5029
f 5093//5093 4991//4991 5090//5090
f 5031//5031 5027//5027 5104//5104
f 5028//5028 4997//4997 5029//5029
f 5030//5030 5029//5029 5032//5032
f 5105//5105 5030//5030 5032//5032
f 5029//5029 5030//5030 5105//5105
f 4994//4994 5027//5027 5031//5031
f 4995//4995 5036//5036 5032//5032
f 5029//5029 4997//4997 4995//4995
f 4995//4995 5032//5032 5029//5029
f 5105//5105 7089//7089 5106//5106
f 5106//5106 7089//7089 5035//5035
f 5033//5033 5106//5106 5035//5035
f 5033//5033 7091//7091 5114//5114
f 5033//5033 5107//5107 5106//5106
f 5114//5114 5107//5107 5033//5033
f 5113//5113 5034//5034 5031//5031
f 5032//5032 5036//5036 5042//5042
f 5035//5035 7089//7089 7094//7094
f 7091//7091 5118//5118 5114//5114
f 5037//5037 5118//5118 7091//7091
f 5031//5031 5041//5041 5001//5001
f 5034//5034 5041//5041 5031//5031
f 5038//5038 5037//5037 5043//5043
f 5118//5118 5037//5037 5038//5038
f 5040//5040 5052//5052 5039//5039
f 5053//5053 5052//5052 5040//5040
f 5060//5060 5053//5053 5040//5040
f 7090//7090 7092//7092 7093//7093
f 5040//5040 5039//5039 5034//5034
f 5060//5060 5040//5040 5119//5119
f 5035//5035 7094//7094 5037//5037
f 4998//4998 5043//5043 5037//5037
f 5038//5038 5043//5043 5044//5044
f 5044//5044 5043//5043 5061//5061
f 5044//5044 5118//5118 5038//5038
f 5061//5061 5045//5045 5044//5044
f 5044//5044 5045//5045 5046//5046
f 5045//5045 5061//5061 5062//5062
f 5118//5118 5044//5044 5046//5046
f 5046//5046 5045//5045 5062//5062
f 7095//7095 5064//5064 5121//5121
f 5054//5054 4999//4999 5001//5001
f 5049//5049 7099//7099 7092//7092
f 5050//5050 5048//5048 5049//5049
f 5049//5049 5048//5048 7099//7099
f 5056//5056 7099//7099 5048//5048
f 5051//5051 5047//5047 7097//7097
f 5050//5050 7096//7096 5048//5048
f 7096//7096 5056//5056 5048//5048
f 5047//5047 5051//5051 7100//7100
f 5051//5051 5058//5058 7100//7100
f 7098//7098 5049//5049 7092//7092
f 7098//7098 5050//5050 5049//5049
f 5051//5051 7097//7097 5053//5053
f 5053//5053 7097//7097 5052//5052
f 5058//5058 5051//5051 5053//5053
f 5041//5041 5054//5054 5001//5001
f 7092//7092 7099//7099 7093//7093
f 4998//4998 5061//5061 5043//5043
f 7095//7095 7106//7106 5063//5063
f 5064//5064 7095//7095 5063//5063
f 5065//5065 5055//5055 5056//5056
f 5055//5055 5065//5065 7076//7076
f 5055//5055 7076//7076 7099//7099
f 5055//5055 7099//7099 5056//5056
f 7100//7100 5057//5057 7107//7107
f 5057//5057 5066//5066 7107//7107
f 5057//5057 7100//7100 5058//5058
f 5059//5059 5058//5058 5053//5053
f 7101//7101 5058//5058 5059//5059
f 5059//5059 5069//5069 7101//7101
f 7104//7104 5060//5060 7112//7112
f 5060//5060 5070//5070 7112//7112
f 5060//5060 7104//7104 5053//5053
f 5062//5062 5061//5061 5005//5005
f 7106//7106 7081//7081 5063//5063
f 5063//5063 7081//7081 5064//5064
f 7107//7107 5066//5066 5067//5067
f 7102//7102 5068//5068 7108//7108
f 7109//7109 7108//7108 5068//5068
f 7113//7113 7110//7110 7103//7103
f 7113//7113 7114//7114 7110//7110
f 7115//7115 5067//5067 7111//7111
f 7115//7115 5016//5016 5067//5067
f 5061//5061 5011//5011 5005//5005
f 5062//5062 5005//5005 7080//7080
f 5076//5076 5071//5071 5064//5064
f 5071//5071 5076//5076 5074//5074
f 5074//5074 5076//5076 5075//5075
f 5072//5072 5071//5071 5074//5074
f 7082//7082 7116//7116 5073//5073
f 5074//5074 5075//5075 5073//5073
f 5072//5072 5074//5074 5073//5073
f 5016//5016 5013//5013 5067//5067
f 5064//5064 7081//7081 5078//5078
f 5064//5064 5078//5078 5076//5076
f 5014//5014 5075//5075 5077//5077
f 5076//5076 5078//5078 5079//5079
f 5079//5079 5077//5077 5075//5075
f 5076//5076 5079//5079 5075//5075
f 7083//7083 5079//5079 5078//5078
f 5079//5079 7085//7085 5077//5077
f 5083//5083 5081//5081 5082//5082
f 5081//5081 5125//5125 5082//5082
f 5080//5080 5081//5081 5083//5083
f 5083//5083 5084//5084 5080//5080
f 5128//5128 5081//5081 5080//5080
f 5128//5128 5125//5125 5081//5081
f 5128//5128 5080//5080 5129//5129
f 5082//5082 5091//5091 5083//5083
f 5083//5083 5091//5091 5084//5084
f 5134//5134 5082//5082 5125//5125
f 5093//5093 5082//5082 5134//5134
f 5094//5094 5134//5134 5085//5085
f 5099//5099 5094//5094 5085//5085
f 5086//5086 5089//5089 5087//5087
f 5087//5087 5095//5095 5086//5086
f 5088//5088 5089//5089 5086//5086
f 5135//5135 5089//5089 5088//5088
f 5137//5137 5135//5135 5088//5088
f 5091//5091 5082//5082 5092//5092
f 5092//5092 5090//5090 5091//5091
f 5092//5092 5093//5093 5090//5090
f 5098//5098 5087//5087 5091//5091
f 5082//5082 5093//5093 5092//5092
f 5084//5084 5091//5091 5087//5087
f 5089//5089 5084//5084 5087//5087
f 5094//5094 5093//5093 5134//5134
f 5100//5100 5093//5093 5094//5094
f 5087//5087 5098//5098 5095//5095
f 5094//5094 5099//5099 5100//5100
f 5098//5098 5091//5091 5090//5090
f 5095//5095 5098//5098 5097//5097
f 5097//5097 5098//5098 5026//5026
f 5086//5086 5095//5095 5097//5097
f 5086//5086 5097//5097 5096//5096
f 5086//5086 5096//5096 5137//5137
f 5096//5096 5097//5097 5026//5026
f 5088//5088 5086//5086 5137//5137
f 5137//5137 5096//5096 5026//5026
f 5102//5102 5101//5101 5099//5099
f 5138//5138 5102//5102 5099//5099
f 5138//5138 5103//5103 5102//5102
f 5107//5107 5137//5137 5105//5105
f 5104//5104 5100//5100 5101//5101
f 5101//5101 5100//5100 5099//5099
f 5103//5103 5104//5104 5101//5101
f 5102//5102 5103//5103 5101//5101
f 5104//5104 7117//7117 5108//5108
f 7118//7118 5139//5139 5108//5108
f 5137//5137 5026//5026 5105//5105
f 5107//5107 5105//5105 5106//5106
f 5108//5108 5113//5113 5104//5104
f 5108//5108 5144//5144 5113//5113
f 7127//7127 5109//5109 5113//5113
f 5145//5145 5109//5109 7127//7127
f 5145//5145 5110//5110 5109//5109
f 5146//5146 5110//5110 5145//5145
f 5112//5112 5116//5116 5110//5110
f 5146//5146 5111//5111 5110//5110
f 5111//5111 5112//5112 5110//5110
f 5112//5112 5111//5111 5146//5146
f 5113//5113 5031//5031 5104//5104
f 5034//5034 5113//5113 5109//5109
f 5110//5110 5034//5034 5109//5109
f 5114//5114 5118//5118 5115//5115
f 5040//5040 5034//5034 5110//5110
f 5116//5116 5040//5040 5110//5110
f 5116//5116 5119//5119 5040//5040
f 5119//5119 5116//5116 5112//5112
f 5117//5117 5152//5152 7120//7120
f 5117//5117 7120//7120 5151//5151
f 5190//5190 5152//5152 5117//5117
f 5046//5046 5115//5115 5118//5118
f 5120//5120 5187//5187 5115//5115
f 5152//5152 5120//5120 5124//5124
f 5187//5187 5120//5120 5152//5152
f 5152//5152 7105//7105 7120//7120
f 7095//7095 5121//5121 7119//7119
f 7119//7119 5121//5121 5064//5064
f 5122//5122 7119//7119 5064//5064
f 5115//5115 7122//7122 5120//5120
f 5071//5071 5120//5120 7122//7122
f 5123//5123 5120//5120 5071//5071
f 5120//5120 5123//5123 5124//5124
f 5123//5123 7116//7116 5124//5124
f 5152//5152 7116//7116 7105//7105
f 5124//5124 7116//7116 5152//5152
f 5071//5071 7122//7122 5064//5064
f 5073//5073 7116//7116 5123//5123
f 5072//5072 5123//5123 5071//5071
f 5123//5123 5072//5072 5073//5073
f 5126//5126 5125//5125 5154//5154
f 5128//5128 5158//5158 5125//5125
f 5128//5128 5161//5161 5158//5158
f 5125//5125 5126//5126 5134//5134
f 5161//5161 5128//5128 5129//5129
f 5129//5129 5080//5080 5133//5133
f 5130//5130 7133//7133 7123//7123
f 5130//5130 7123//7123 7125//7125
f 5171//5171 5130//5130 7125//7125
f 5130//5130 5162//5162 7134//7134
f 5162//5162 5130//5130 5170//5170
f 5170//5170 5130//5130 5171//5171
f 5085//5085 5134//5134 5126//5126
f 5126//5126 5127//5127 5085//5085
f 5132//5132 5166//5166 5131//5131
f 5132//5132 5167//5167 5166//5166
f 5080//5080 5084//5084 5135//5135
f 5133//5133 5080//5080 5135//5135
f 7137//7137 5133//5133 7124//7124
f 7124//7124 5133//5133 5135//5135
f 5166//5166 7138//7138 5131//5131
f 5085//5085 5136//5136 5099//5099
f 5169//5169 5136//5136 5085//5085
f 5176//5176 7126//7126 5169//5169
f 5084//5084 5089//5089 5135//5135
f 5135//5135 5132//5132 5131//5131
f 5132//5132 5135//5135 5137//5137
f 5167//5167 5132//5132 5137//5137
f 5138//5138 5099//5099 5136//5136
f 5185//5185 5138//5138 5136//5136
f 5185//5185 5141//5141 5138//5138
f 5143//5143 5137//5137 5107//5107
f 5137//5137 5143//5143 5167//5167
f 5140//5140 5138//5138 5141//5141
f 5138//5138 5139//5139 7118//7118
f 5139//5139 5138//5138 5140//5140
f 5141//5141 5142//5142 5140//5140
f 5182//5182 5142//5142 5141//5141
f 5144//5144 5108//5108 5139//5139
f 5188//5188 5145//5145 5142//5142
f 5140//5140 5144//5144 5139//5139
f 5142//5142 7127//7127 5140//5140
f 5107//5107 5114//5114 5143//5143
f 5142//5142 5145//5145 7127//7127
f 5147//5147 5145//5145 5148//5148
f 5190//5190 7129//7129 5145//5145
f 5146//5146 5149//5149 5150//5150
f 5189//5189 5187//5187 5152//5152
f 5145//5145 5147//5147 5146//5146
f 7129//7129 5149//5149 7128//7128
f 5149//5149 5146//5146 7128//7128
f 5190//5190 5149//5149 7129//7129
f 5112//5112 5150//5150 5151//5151
f 5150//5150 5112//5112 5146//5146
f 5151//5151 7121//7121 5112//5112
f 5150//5150 5149//5149 5151//5151
f 5190//5190 5151//5151 5149//5149
f 5115//5115 5187//5187 5114//5114
f 5151//5151 5190//5190 5117//5117
f 5201//5201 5211//5211 5154//5154
f 5153//5153 5201//5201 5125//5125
f 5201//5201 5154//5154 5125//5125
f 5204//5204 5203//5203 5212//5212
f 5158//5158 5203//5203 5153//5153
f 5155//5155 5203//5203 5158//5158
f 5212//5212 5203//5203 5155//5155
f 5156//5156 5212//5212 5155//5155
f 5156//5156 5155//5155 5158//5158
f 5153//5153 5125//5125 5158//5158
f 5157//5157 5154//5154 5211//5211
f 5156//5156 5158//5158 5220//5220
f 5220//5220 5158//5158 5224//5224
f 5220//5220 5212//5212 5156//5156
f 5126//5126 5154//5154 5157//5157
f 5168//5168 5126//5126 5157//5157
f 5163//5163 5159//5159 7130//7130
f 7131//7131 5160//5160 5158//5158
f 5224//5224 5158//5158 5160//5160
f 5168//5168 5238//5238 5169//5169
f 5163//5163 7130//7130 7135//7135
f 7134//7134 5162//5162 5164//5164
f 7136//7136 7134//7134 5164//5164
f 7136//7136 5164//5164 7132//7132
f 5164//5164 5165//5165 7131//7131
f 5165//5165 5164//5164 5162//5162
f 5160//5160 7131//7131 5165//5165
f 5166//5166 5160//5160 5165//5165
f 5166//5166 5224//5224 5160//5160
f 5167//5167 5224//5224 5166//5166
f 5224//5224 5167//5167 5235//5235
f 5238//5238 5175//5175 5173//5173
f 5168//5168 5127//5127 5126//5126
f 5085//5085 5127//5127 5168//5168
f 5168//5168 5169//5169 5085//5085
f 5238//5238 5173//5173 5169//5169
f 5243//5243 5235//5235 5167//5167
f 5162//5162 5170//5170 5165//5165
f 5170//5170 5171//5171 5165//5165
f 5165//5165 7138//7138 5166//5166
f 5173//5173 5172//5172 5169//5169
f 5175//5175 5174//5174 5172//5172
f 5175//5175 5172//5172 5173//5173
f 5172//5172 5174//5174 5178//5178
f 5178//5178 5174//5174 5181//5181
f 5174//5174 5175//5175 5241//5241
f 5181//5181 5174//5174 5241//5241
f 5183//5183 5244//5244 7148//7148
f 5244//5244 7140//7140 5253//5253
f 5172//5172 5177//5177 5176//5176
f 5169//5169 5172//5172 5176//5176
f 5177//5177 7126//7126 5176//5176
f 7139//7139 5185//5185 5136//5136
f 5178//5178 5177//5177 5172//5172
f 5179//5179 7139//7139 5178//5178
f 7139//7139 5179//5179 5185//5185
f 5179//5179 5178//5178 5181//5181
f 5180//5180 5179//5179 5181//5181
f 5180//5180 5185//5185 5179//5179
f 5182//5182 5185//5185 5180//5180
f 5182//5182 5180//5180 5181//5181
f 5182//5182 5181//5181 5241//5241
f 5241//5241 5242//5242 5182//5182
f 5243//5243 5167//5167 7140//7140
f 5184//5184 7140//7140 5186//5186
f 5254//5254 7140//7140 5184//5184
f 5254//5254 5184//5184 5186//5186
f 5182//5182 5141//5141 5185//5185
f 5252//5252 5188//5188 5182//5182
f 5143//5143 7140//7140 5167//5167
f 5186//5186 7140//7140 5143//5143
f 5143//5143 5187//5187 7141//7141
f 5190//5190 5188//5188 5252//5252
f 5188//5188 5142//5142 5182//5182
f 5143//5143 5114//5114 5187//5187
f 5190//5190 5145//5145 5188//5188
f 5190//5190 5252//5252 5329//5329
f 5329//5329 5189//5189 5190//5190
f 5189//5189 5152//5152 5190//5190
f 5187//5187 5189//5189 5329//5329
f 5193//5193 5191//5191 5192//5192
f 5261//5261 5273//5273 5191//5191
f 5270//5270 5261//5261 5191//5191
f 5273//5273 5192//5192 5191//5191
f 5193//5193 5270//5270 5191//5191
f 5193//5193 5192//5192 5153//5153
f 5195//5195 5192//5192 5282//5282
f 5270//5270 5193//5193 5194//5194
f 5153//5153 5192//5192 5195//5195
f 5196//5196 5194//5194 5193//5193
f 5193//5193 5153//5153 5196//5196
f 5194//5194 5196//5196 5197//5197
f 5282//5282 5283//5283 5200//5200
f 5196//5196 5153//5153 5203//5203
f 5194//5194 5197//5197 5198//5198
f 5297//5297 5292//5292 5198//5198
f 5197//5197 5297//5297 5198//5198
f 5195//5195 5199//5199 5153//5153
f 5199//5199 5201//5201 5153//5153
f 5199//5199 5200//5200 5201//5201
f 5199//5199 5195//5195 5282//5282
f 5282//5282 5200//5200 5199//5199
f 5200//5200 5283//5283 5202//5202
f 5200//5200 5202//5202 5211//5211
f 5196//5196 5203//5203 5197//5197
f 5204//5204 5197//5197 5203//5203
f 5197//5197 5204//5204 5207//5207
f 5197//5197 5207//5207 5297//5297
f 5201//5201 5200//5200 5211//5211
f 5202//5202 5305//5305 5211//5211
f 5293//5293 5305//5305 5202//5202
f 5204//5204 5213//5213 5206//5206
f 5208//5208 5204//5204 5205//5205
f 5205//5205 5204//5204 5206//5206
f 5207//5207 5204//5204 5208//5208
f 5209//5209 5208//5208 5205//5205
f 5209//5209 5205//5205 5206//5206
f 5207//5207 5208//5208 5297//5297
f 5210//5210 5208//5208 7143//7143
f 5210//5210 7143//7143 7142//7142
f 5301//5301 5297//5297 5208//5208
f 5208//5208 5210//5210 5301//5301
f 5211//5211 5305//5305 5215//5215
f 5204//5204 5212//5212 5213//5213
f 5214//5214 7142//7142 7144//7144
f 5210//5210 7142//7142 5214//5214
f 5210//5210 5214//5214 5308//5308
f 5309//5309 5302//5302 5308//5308
f 5308//5308 5214//5214 5309//5309
f 5309//5309 5214//5214 5216//5216
f 5309//5309 5216//5216 5302//5302
f 5306//5306 5219//5219 5218//5218
f 5211//5211 5217//5217 5157//5157
f 5157//5157 5217//5217 5168//5168
f 5215//5215 5217//5217 5211//5211
f 5218//5218 5217//5217 5215//5215
f 5218//5218 5168//5168 5217//5217
f 5212//5212 5220//5220 5213//5213
f 5213//5213 5220//5220 5224//5224
f 5224//5224 5214//5214 7144//7144
f 5216//5216 5214//5214 5226//5226
f 5320//5320 7145//7145 7146//7146
f 5218//5218 5221//5221 5168//5168
f 5218//5218 5219//5219 5221//5221
f 5222//5222 5221//5221 5219//5219
f 5221//5221 5222//5222 5227//5227
f 5219//5219 5312//5312 5222//5222
f 5312//5312 5227//5227 5222//5222
f 5317//5317 5227//5227 5312//5312
f 5231//5231 5227//5227 5223//5223
f 5317//5317 5223//5223 5227//5227
f 5223//5223 5322//5322 5231//5231
f 7167//7167 5325//5325 5231//5231
f 5214//5214 5224//5224 5235//5235
f 5225//5225 5226//5226 5214//5214
f 5214//5214 5235//5235 5225//5225
f 5327//5327 5237//5237 5233//5233
f 5221//5221 5238//5238 5168//5168
f 5238//5238 5221//5221 5227//5227
f 5228//5228 5238//5238 5227//5227
f 5228//5228 5239//5239 5238//5238
f 5228//5228 5240//5240 5239//5239
f 5231//5231 5229//5229 5228//5228
f 5227//5227 5231//5231 5228//5228
f 5229//5229 5230//5230 5240//5240
f 5228//5228 5229//5229 5240//5240
f 5232//5232 5229//5229 5231//5231
f 5232//5232 5230//5230 5229//5229
f 5232//5232 5233//5233 5230//5230
f 5233//5233 5252//5252 5242//5242
f 5233//5233 5242//5242 5230//5230
f 5325//5325 5232//5232 5231//5231
f 5325//5325 5233//5233 5232//5232
f 5233//5233 5237//5237 5252//5252
f 5226//5226 5225//5225 5234//5234
f 5235//5235 5234//5234 5225//5225
f 5251//5251 7147//7147 5236//5236
f 7146//7146 7147//7147 5251//5251
f 5241//5241 5175//5175 5240//5240
f 5327//5327 5252//5252 5237//5237
f 5239//5239 5175//5175 5238//5238
f 5240//5240 5175//5175 5239//5239
f 5230//5230 5241//5241 5240//5240
f 5230//5230 5242//5242 5241//5241
f 5234//5234 5235//5235 7149//7149
f 7148//7148 5244//5244 5245//5245
f 7147//7147 7148//7148 5245//5245
f 5236//5236 5245//5245 5244//5244
f 5236//5236 5244//5244 5246//5246
f 5236//5236 7147//7147 5245//5245
f 5247//5247 5236//5236 5246//5246
f 5247//5247 5246//5246 5248//5248
f 5248//5248 5246//5246 5253//5253
f 5249//5249 5236//5236 5247//5247
f 5248//5248 5250//5250 5247//5247
f 5249//5249 5251//5251 5236//5236
f 5247//5247 5250//5250 5249//5249
f 5250//5250 7150//7150 5255//5255
f 5250//5250 5328//5328 5251//5251
f 5249//5249 5250//5250 5251//5251
f 5250//5250 5255//5255 5328//5328
f 5255//5255 5329//5329 5328//5328
f 5253//5253 7140//7140 5254//5254
f 5246//5246 5244//5244 5253//5253
f 5248//5248 5253//5253 5254//5254
f 5255//5255 7150//7150 7151//7151
f 5242//5242 5252//5252 5182//5182
f 7151//7151 7141//7141 5255//5255
f 5187//5187 5329//5329 5255//5255
f 5255//5255 7141//7141 5187//5187
f 5256//5256 5343//5343 5262//5262
f 5256//5256 5262//5262 5258//5258
f 5262//5262 5264//5264 5258//5258
f 5258//5258 5259//5259 5256//5256
f 5259//5259 5258//5258 5264//5264
f 5348//5348 7152//7152 5352//5352
f 5352//5352 7152//7152 7153//7153
f 5340//5340 5260//5260 5261//5261
f 5340//5340 5257//5257 5260//5260
f 5262//5262 5343//5343 5261//5261
f 5340//5340 5261//5261 5343//5343
f 5257//5257 5358//5358 5260//5260
f 5358//5358 5266//5266 5260//5260
f 5365//5365 7179//7179 7154//7154
f 7184//7184 5264//5264 5366//5366
f 5272//5272 5366//5366 5264//5264
f 5260//5260 5265//5265 5273//5273
f 5260//5260 5273//5273 5261//5261
f 5262//5262 5261//5261 5263//5263
f 5263//5263 5264//5264 5262//5262
f 5265//5265 5274//5274 5273//5273
f 5260//5260 5266//5266 5265//5265
f 5266//5266 5267//5267 5265//5265
f 5265//5265 5275//5275 5274//5274
f 5267//5267 5275//5275 5265//5265
f 5358//5358 5268//5268 5266//5266
f 5268//5268 5267//5267 5266//5266
f 5269//5269 5276//5276 7155//7155
f 5268//5268 5269//5269 7155//7155
f 5268//5268 5369//5369 5269//5269
f 5359//5359 5268//5268 5358//5358
f 5359//5359 5369//5369 5268//5268
f 5369//5369 5276//5276 5269//5269
f 5278//5278 5276//5276 5369//5369
f 5263//5263 5261//5261 5270//5270
f 5270//5270 5271//5271 5263//5263
f 5271//5271 5264//5264 5263//5263
f 5264//5264 5271//5271 5272//5272
f 5287//5287 5272//5272 5271//5271
f 5273//5273 5274//5274 5192//5192
f 5274//5274 5282//5282 5192//5192
f 5274//5274 5275//5275 5282//5282
f 5275//5275 5277//5277 5282//5282
f 7156//7156 5276//5276 5277//5277
f 7156//7156 7155//7155 5276//5276
f 5278//5278 5277//5277 5276//5276
f 5373//5373 5279//5279 5278//5278
f 5285//5285 5279//5279 5377//5377
f 5278//5278 5283//5283 5277//5277
f 5279//5279 7160//7160 5278//5278
f 5194//5194 5280//5280 5270//5270
f 5271//5271 7159//7159 5288//5288
f 5271//5271 5270//5270 5280//5280
f 5287//5287 5271//5271 5288//5288
f 5281//5281 5383//5383 5287//5287
f 5379//5379 7160//7160 5377//5377
f 5282//5282 5277//5277 5283//5283
f 5283//5283 5284//5284 5202//5202
f 5283//5283 5286//5286 5284//5284
f 7160//7160 5283//5283 5278//5278
f 7160//7160 5286//5286 5283//5283
f 7160//7160 5379//5379 5286//5286
f 5280//5280 5194//5194 5198//5198
f 5288//5288 7159//7159 5198//5198
f 5288//5288 5292//5292 5287//5287
f 5291//5291 5287//5287 5292//5292
f 5281//5281 5287//5287 5291//5291
f 5288//5288 5198//5198 5292//5292
f 5289//5289 5202//5202 5284//5284
f 5284//5284 5286//5286 5289//5289
f 5289//5289 5286//5286 7194//7194
f 5289//5289 5379//5379 5387//5387
f 5387//5387 5388//5388 5289//5289
f 5388//5388 5290//5290 5289//5289
f 5396//5396 5291//5291 5296//5296
f 5396//5396 5296//5296 5397//5397
f 5292//5292 5297//5297 5298//5298
f 5291//5291 5292//5292 5298//5298
f 5289//5289 5293//5293 5202//5202
f 5294//5294 5293//5293 5290//5290
f 5293//5293 5289//5289 5290//5290
f 7162//7162 7161//7161 5295//5295
f 5295//5295 7161//7161 5299//5299
f 5299//5299 7161//7161 7200//7200
f 5296//5296 5291//5291 5302//5302
f 5302//5302 5397//5397 5296//5296
f 5298//5298 5297//5297 5301//5301
f 5291//5291 5298//5298 5301//5301
f 5397//5397 5302//5302 5311//5311
f 5305//5305 5293//5293 5294//5294
f 5306//5306 5299//5299 5300//5300
f 5299//5299 5394//5394 5300//5300
f 5394//5394 5409//5409 5300//5300
f 7162//7162 5295//5295 5305//5305
f 5295//5295 5299//5299 5306//5306
f 5307//5307 5406//5406 5311//5311
f 5308//5308 5301//5301 5210//5210
f 5302//5302 5301//5301 5308//5308
f 5302//5302 5291//5291 5301//5301
f 5311//5311 5302//5302 5310//5310
f 5300//5300 5409//5409 5303//5303
f 5306//5306 5300//5300 5303//5303
f 5409//5409 5304//5304 5303//5303
f 5412//5412 5304//5304 7208//7208
f 5295//5295 5306//5306 5305//5305
f 5306//5306 5215//5215 5305//5305
f 5215//5215 5306//5306 5218//5218
f 5302//5302 7145//7145 5310//5310
f 5304//5304 5317//5317 5303//5303
f 5312//5312 5219//5219 5306//5306
f 5306//5306 5303//5303 5312//5312
f 5303//5303 5317//5317 5312//5312
f 5412//5412 5319//5319 5317//5317
f 5304//5304 5412//5412 5317//5317
f 5310//5310 7145//7145 5320//5320
f 5313//5313 5310//5310 5320//5320
f 5313//5313 5320//5320 5314//5314
f 5310//5310 5313//5313 5311//5311
f 5315//5315 5313//5313 5314//5314
f 5307//5307 5311//5311 5313//5313
f 5307//5307 5313//5313 5315//5315
f 5318//5318 5322//5322 5317//5317
f 5319//5319 5318//5318 5317//5317
f 5318//5318 5319//5319 5322//5322
f 7166//7166 5323//5323 7167//7167
f 5314//5314 5320//5320 5321//5321
f 5321//5321 5320//5320 7146//7146
f 7164//7164 7163//7163 5316//5316
f 5316//5316 7163//7163 5321//5321
f 7165//7165 5328//5328 5415//5415
f 5416//5416 5324//5324 5413//5413
f 5317//5317 5322//5322 5223//5223
f 7167//7167 5323//5323 5325//5325
f 5321//5321 7146//7146 5251//5251
f 5321//5321 5251//5251 5316//5316
f 5324//5324 5233//5233 5326//5326
f 5324//5324 5327//5327 5233//5233
f 5416//5416 5327//5327 5324//5324
f 5323//5323 5233//5233 5325//5325
f 5323//5323 5326//5326 5233//5233
f 5413//5413 5324//5324 5323//5323
f 5323//5323 5324//5324 5326//5326
f 7165//7165 5251//5251 5328//5328
f 5327//5327 5416//5416 5252//5252
f 5252//5252 5416//5416 5329//5329
f 5328//5328 5329//5329 5416//5416
f 5422//5422 5333//5333 5330//5330
f 5331//5331 5423//5423 5422//5422
f 5422//5422 5330//5330 5331//5331
f 5333//5333 5334//5334 5330//5330
f 5332//5332 5331//5331 5330//5330
f 5428//5428 5331//5331 5332//5332
f 5331//5331 5428//5428 5429//5429
f 5340//5340 5334//5334 5333//5333
f 5335//5335 5334//5334 5343//5343
f 5342//5342 5336//5336 5335//5335
f 5334//5334 5332//5332 5330//5330
f 5335//5335 5336//5336 5334//5334
f 5428//5428 5332//5332 5334//5334
f 5334//5334 5336//5336 5428//5428
f 5339//5339 5428//5428 7168//7168
f 5338//5338 5339//5339 5337//5337
f 7170//7170 5339//5339 7168//7168
f 7169//7169 7172//7172 7171//7171
f 5337//5337 7173//7173 5338//5338
f 5339//5339 5434//5434 5428//5428
f 5339//5339 5338//5338 5434//5434
f 5434//5434 5338//5338 5346//5346
f 5343//5343 5334//5334 5340//5340
f 5341//5341 5340//5340 5421//5421
f 5344//5344 5345//5345 7174//7174
f 7173//7173 7175//7175 5338//5338
f 7175//7175 5346//5346 5338//5338
f 5259//5259 5344//5344 5256//5256
f 5256//5256 5344//5344 5335//5335
f 5335//5335 5343//5343 5256//5256
f 5335//5335 5344//5344 5342//5342
f 5346//5346 5350//5350 5431//5431
f 5341//5341 5257//5257 5340//5340
f 5257//5257 5341//5341 5435//5435
f 5347//5347 5344//5344 5259//5259
f 7176//7176 7152//7152 5348//5348
f 5347//5347 5345//5345 5344//5344
f 7175//7175 7176//7176 5346//5346
f 7176//7176 5348//5348 5346//5346
f 5349//5349 5346//5346 5348//5348
f 5357//5357 5349//5349 5348//5348
f 5346//5346 7177//7177 5350//5350
f 7177//7177 5357//5357 5350//5350
f 5357//5357 5438//5438 5350//5350
f 5257//5257 5435//5435 5358//5358
f 5358//5358 5435//5435 5351//5351
f 5442//5442 5351//5351 5435//5435
f 5450//5450 5351//5351 5442//5442
f 7179//7179 5353//5353 5348//5348
f 5353//5353 7179//7179 5354//5354
f 7180//7180 5355//5355 5353//5353
f 5355//5355 7180//7180 5356//5356
f 5357//5357 5348//5348 5353//5353
f 5357//5357 5353//5353 5355//5355
f 5357//5357 5355//5355 5356//5356
f 5351//5351 5359//5359 5358//5358
f 5359//5359 5351//5351 5361//5361
f 7181//7181 5361//5361 5362//5362
f 7181//7181 5362//5362 5360//5360
f 5362//5362 5376//5376 5360//5360
f 5363//5363 5361//5361 5351//5351
f 5363//5363 5362//5362 5361//5361
f 5376//5376 5362//5362 7183//7183
f 7183//7183 5364//5364 5376//5376
f 5450//5450 7183//7183 5351//5351
f 5450//5450 5364//5364 7183//7183
f 5450//5450 5378//5378 5364//5364
f 5450//5450 5451//5451 5378//5378
f 5365//5365 5354//5354 7179//7179
f 7180//7180 7184//7184 5367//5367
f 7184//7184 5366//5366 5367//5367
f 7180//7180 5367//5367 5356//5356
f 5366//5366 5356//5356 5367//5367
f 5272//5272 5356//5356 5366//5366
f 5272//5272 5383//5383 5356//5356
f 5383//5383 5357//5357 5356//5356
f 5357//5357 5383//5383 5438//5438
f 5438//5438 5383//5383 5368//5368
f 7157//7157 7185//7185 5371//5371
f 7181//7181 5360//5360 5372//5372
f 5372//5372 7185//7185 7181//7181
f 7185//7185 5372//5372 5370//5370
f 5370//5370 5371//5371 7185//7185
f 7187//7187 7186//7186 7188//7188
f 7188//7188 7158//7158 7187//7187
f 5374//5374 5372//5372 5360//5360
f 5370//5370 5372//5372 5374//5374
f 7186//7186 7189//7189 5375//5375
f 5375//5375 7188//7188 7186//7186
f 7192//7192 5377//5377 5373//5373
f 7190//7190 7182//7182 7193//7193
f 7191//7191 5376//5376 7192//7192
f 7192//7192 5376//5376 5377//5377
f 5364//5364 5377//5377 5376//5376
f 5378//5378 5451//5451 5453//5453
f 5383//5383 5272//5272 5287//5287
f 5373//5373 5377//5377 5279//5279
f 5378//5378 5379//5379 5364//5364
f 5379//5379 5377//5377 5364//5364
f 5379//5379 5378//5378 5380//5380
f 5380//5380 5382//5382 5379//5379
f 5380//5380 5378//5378 5381//5381
f 5380//5380 5381//5381 5382//5382
f 5453//5453 5381//5381 5378//5378
f 7195//7195 7221//7221 5391//5391
f 7221//7221 5386//5386 5391//5391
f 5379//5379 5382//5382 5389//5389
f 7195//7195 5391//5391 7196//7196
f 5383//5383 5281//5281 5384//5384
f 5281//5281 5291//5291 5384//5384
f 5384//5384 5392//5392 5385//5385
f 5383//5383 5384//5384 5385//5385
f 5457//5457 5385//5385 5461//5461
f 5394//5394 5386//5386 5395//5395
f 7206//7206 7199//7199 5465//5465
f 5465//5465 7199//7199 5454//5454
f 5465//5465 5454//5454 5458//5458
f 5389//5389 5387//5387 5379//5379
f 5387//5387 5389//5389 5388//5388
f 7197//7197 5390//5390 7202//7202
f 7204//7204 7201//7201 7203//7203
f 7200//7200 7205//7205 5386//5386
f 5394//5394 7200//7200 5386//5386
f 5386//5386 7205//7205 5391//5391
f 5391//5391 7205//7205 7196//7196
f 7206//7206 5465//5465 5405//5405
f 5384//5384 5291//5291 5396//5396
f 5384//5384 5396//5396 5392//5392
f 5397//5397 5393//5393 5392//5392
f 5393//5393 7198//7198 5392//5392
f 5399//5399 7198//7198 5393//5393
f 5385//5385 5399//5399 5402//5402
f 5385//5385 5402//5402 5461//5461
f 5461//5461 5402//5402 5462//5462
f 5468//5468 7224//7224 5402//5402
f 5394//5394 5299//5299 7200//7200
f 5397//5397 5392//5392 5396//5396
f 5397//5397 5406//5406 5398//5398
f 5398//5398 5393//5393 5397//5397
f 5393//5393 5398//5398 5399//5399
f 5400//5400 5399//5399 5398//5398
f 5402//5402 5399//5399 5400//5400
f 5402//5402 5400//5400 5403//5403
f 5403//5403 5400//5400 5401//5401
f 5403//5403 5401//5401 5407//5407
f 5469//5469 5468//5468 5402//5402
f 5402//5402 5403//5403 5469//5469
f 5469//5469 5403//5403 5470//5470
f 5403//5403 5407//5407 5470//5470
f 5470//5470 5407//5407 5408//5408
f 5395//5395 5409//5409 5394//5394
f 5404//5404 7208//7208 7206//7206
f 5404//5404 7206//7206 5405//5405
f 5406//5406 5397//5397 5311//5311
f 5400//5400 5398//5398 5406//5406
f 5407//5407 5400//5400 5406//5406
f 5407//5407 5406//5406 5408//5408
f 5400//5400 5407//5407 5401//5401
f 7208//7208 5410//5410 5412//5412
f 5410//5410 7208//7208 5404//5404
f 5410//5410 5411//5411 5412//5412
f 5404//5404 5411//5411 5410//5410
f 5405//5405 7209//7209 5411//5411
f 5405//5405 5411//5411 5404//5404
f 5406//5406 5307//5307 5408//5408
f 5414//5414 5415//5415 7207//7207
f 5411//5411 7166//7166 5412//5412
f 7166//7166 5411//5411 7209//7209
f 7209//7209 5323//5323 7166//7166
f 5307//5307 7164//7164 7210//7210
f 7210//7210 7164//7164 5316//5316
f 5408//5408 5307//5307 7210//7210
f 7165//7165 5415//5415 5414//5414
f 5474//5474 7211//7211 5416//5416
f 7209//7209 5474//5474 5416//5416
f 7211//7211 5328//5328 5416//5416
f 5418//5418 5477//5477 5422//5422
f 5477//5477 5427//5427 5422//5422
f 5477//5477 5421//5421 5427//5427
f 5477//5477 5481//5481 5421//5421
f 5417//5417 5529//5529 5418//5418
f 5529//5529 5477//5477 5418//5418
f 5419//5419 5417//5417 5420//5420
f 5420//5420 5417//5417 5422//5422
f 5422//5422 5417//5417 5418//5418
f 5423//5423 5420//5420 5422//5422
f 7212//7212 7213//7213 5492//5492
f 5492//5492 7213//7213 5424//5424
f 5492//5492 5482//5482 7212//7212
f 5493//5493 7214//7214 5494//5494
f 5481//5481 5498//5498 5421//5421
f 5423//5423 5331//5331 5429//5429
f 7213//7213 5429//5429 5432//5432
f 7213//7213 5432//5432 5425//5425
f 5426//5426 7216//7216 7219//7219
f 5425//5425 5424//5424 7213//7213
f 7216//7216 5426//5426 7215//7215
f 5500//5500 7217//7217 7178//7178
f 5433//5433 7241//7241 5350//5350
f 7236//7236 7215//7215 5426//5426
f 5500//5500 7237//7237 7217//7217
f 5422//5422 5427//5427 5333//5333
f 5427//5427 5340//5340 5333//5333
f 5427//5427 5421//5421 5340//5340
f 5432//5432 5428//5428 5430//5430
f 5430//5430 5428//5428 5434//5434
f 5432//5432 5429//5429 5428//5428
f 5430//5430 5431//5431 5432//5432
f 5430//5430 5434//5434 5431//5431
f 7218//7218 5432//5432 5431//5431
f 7218//7218 5431//5431 5350//5350
f 5436//5436 5433//5433 5350//5350
f 5434//5434 5346//5346 5431//5431
f 5341//5341 5421//5421 5435//5435
f 5421//5421 5511//5511 5435//5435
f 5435//5435 5511//5511 5442//5442
f 7244//7244 5443//5443 5442//5442
f 5505//5505 5436//5436 5439//5439
f 5437//5437 7243//7243 5439//5439
f 5350//5350 5438//5438 5436//5436
f 5436//5436 5438//5438 5439//5439
f 5439//5439 5438//5438 5440//5440
f 5439//5439 5440//5440 5437//5437
f 5440//5440 5441//5441 5437//5437
f 5441//5441 5440//5440 5438//5438
f 5445//5445 5441//5441 5438//5438
f 5437//5437 5441//5441 5512//5512
f 5441//5441 5445//5445 5446//5446
f 5450//5450 5442//5442 5443//5443
f 5444//5444 5448//5448 5443//5443
f 5519//5519 5449//5449 5444//5444
f 5517//5517 5444//5444 5443//5443
f 5520//5520 5449//5449 5519//5519
f 5438//5438 5368//5368 5445//5445
f 5446//5446 5368//5368 5452//5452
f 5368//5368 5446//5446 5445//5445
f 5447//5447 5452//5452 5523//5523
f 5446//5446 5452//5452 5447//5447
f 5448//5448 5450//5450 5443//5443
f 7220//7220 5448//5448 5444//5444
f 5450//5450 7220//7220 5451//5451
f 5448//5448 7220//7220 5450//5450
f 5385//5385 5368//5368 5383//5383
f 5368//5368 5385//5385 5452//5452
f 5523//5523 5452//5452 5385//5385
f 5451//5451 7222//7222 7221//7221
f 7222//7222 5451//5451 7220//7220
f 5454//5454 5449//5449 5455//5455
f 5454//5454 5455//5455 5458//5458
f 5520//5520 5455//5455 5449//5449
f 5455//5455 5520//5520 5456//5456
f 5455//5455 5456//5456 5458//5458
f 5459//5459 5458//5458 5456//5456
f 7223//7223 7245//7245 5460//5460
f 7223//7223 5460//5460 5459//5459
f 5523//5523 5385//5385 5457//5457
f 7222//7222 5386//5386 7221//7221
f 5459//5459 5405//5405 5458//5458
f 5461//5461 5462//5462 5457//5457
f 7224//7224 5463//5463 5457//5457
f 5464//5464 5457//5457 5463//5463
f 5523//5523 5457//5457 5464//5464
f 5464//5464 5467//5467 5523//5523
f 5523//5523 7226//7226 5526//5526
f 7226//7226 5472//5472 5526//5526
f 5526//5526 5472//5472 5528//5528
f 5465//5465 5458//5458 5405//5405
f 5460//5460 5473//5473 5459//5459
f 5459//5459 5473//5473 5405//5405
f 7224//7224 5468//5468 5466//5466
f 5471//5471 5466//5466 5468//5468
f 5466//5466 5463//5463 7224//7224
f 5464//5464 5463//5463 5466//5466
f 5464//5464 7225//7225 5467//5467
f 5467//5467 7225//7225 5471//5471
f 5471//5471 5468//5468 5469//5469
f 5471//5471 5469//5469 5470//5470
f 5471//5471 5470//5470 5467//5467
f 7207//7207 5472//5472 7227//7227
f 7227//7227 5472//5472 7226//7226
f 5474//5474 5473//5473 5472//5472
f 5528//5528 5472//5472 5473//5473
f 5472//5472 7207//7207 5415//5415
f 5405//5405 5473//5473 7209//7209
f 7211//7211 5474//5474 5472//5472
f 5474//5474 7209//7209 5473//5473
f 5529//5529 5531//5531 5477//5477
f 5529//5529 5478//5478 5530//5530
f 7247//7247 7229//7229 5475//5475
f 5531//5531 5481//5481 5477//5477
f 5533//5533 5480//5480 5487//5487
f 5478//5478 5529//5529 5417//5417
f 5487//5487 5479//5479 7229//7229
f 5475//5475 7229//7229 5480//5480
f 5480//5480 7229//7229 5479//5479
f 5480//5480 5479//5479 5487//5487
f 5475//5475 5480//5480 5533//5533
f 5533//5533 5420//5420 7230//7230
f 5533//5533 7231//7231 5476//5476
f 5483//5483 5476//5476 5482//5482
f 5483//5483 5484//5484 5476//5476
f 5535//5535 5476//5476 5484//5484
f 5485//5485 7232//7232 5495//5495
f 5485//5485 5496//5496 5490//5490
f 7239//7239 5485//5485 5495//5495
f 7248//7248 7232//7232 5485//5485
f 5486//5486 7233//7233 5539//5539
f 5485//5485 5490//5490 5486//5486
f 7248//7248 5485//5485 5486//5486
f 5538//5538 5539//5539 5491//5491
f 5478//5478 5417//5417 5419//5419
f 5487//5487 7229//7229 5419//5419
f 5487//5487 5419//5419 5420//5420
f 5533//5533 5487//5487 5420//5420
f 5482//5482 7238//7238 5483//5483
f 7238//7238 5484//5484 5483//5483
f 5488//5488 5499//5499 5498//5498
f 5541//5541 5498//5498 5540//5540
f 5541//5541 5488//5488 5498//5498
f 5544//5544 5499//5499 5488//5488
f 5497//5497 5490//5490 5496//5496
f 5539//5539 7233//7233 5489//5489
f 5489//5489 5491//5491 5539//5539
f 7249//7249 7234//7234 5546//5546
f 5547//5547 5546//5546 7234//7234
f 5492//5492 7238//7238 5482//5482
f 7238//7238 5492//5492 5424//5424
f 5494//5494 5495//5495 5493//5493
f 7238//7238 5424//5424 7235//7235
f 5497//5497 5496//5496 7237//7237
f 7239//7239 5495//5495 5494//5494
f 5490//5490 5497//5497 7237//7237
f 5481//5481 5540//5540 5498//5498
f 7244//7244 7240//7240 5551//5551
f 7233//7233 7242//7242 5489//5489
f 5489//5489 7242//7242 5501//5501
f 5491//5491 5489//5489 5501//5501
f 5503//5503 5502//5502 5547//5547
f 7234//7234 5503//5503 5547//5547
f 5552//5552 5547//5547 5502//5502
f 7237//7237 5500//5500 5490//5490
f 5433//5433 5501//5501 7242//7242
f 5503//5503 7234//7234 5501//5501
f 5511//5511 5421//5421 5498//5498
f 5498//5498 5499//5499 5511//5511
f 5556//5556 5502//5502 5508//5508
f 5501//5501 5433//5433 5436//5436
f 5501//5501 5436//5436 5503//5503
f 7244//7244 5504//5504 5443//5443
f 5503//5503 5436//5436 5505//5505
f 5503//5503 5505//5505 5502//5502
f 5507//5507 5506//5506 7243//7243
f 7243//7243 5506//5506 5502//5502
f 5506//5506 5508//5508 5502//5502
f 5507//5507 5508//5508 5506//5506
f 5507//5507 5513//5513 5508//5508
f 5515//5515 5508//5508 5513//5513
f 5515//5515 5509//5509 5508//5508
f 5515//5515 5561//5561 5509//5509
f 5556//5556 5508//5508 5509//5509
f 5556//5556 5509//5509 5561//5561
f 5443//5443 5504//5504 5517//5517
f 5504//5504 5510//5510 5517//5517
f 5507//5507 7243//7243 5437//5437
f 5437//5437 5512//5512 5507//5507
f 5513//5513 5507//5507 5512//5512
f 5512//5512 5514//5514 5513//5513
f 5446//5446 5514//5514 5512//5512
f 5514//5514 5515//5515 5513//5513
f 5514//5514 5446//5446 5515//5515
f 5515//5515 5446//5446 5447//5447
f 5561//5561 5515//5515 5447//5447
f 5523//5523 5561//5561 5447//5447
f 5518//5518 5510//5510 5557//5557
f 5516//5516 5518//5518 5557//5557
f 5563//5563 5522//5522 5516//5516
f 5522//5522 5563//5563 5564//5564
f 5517//5517 5510//5510 5520//5520
f 5517//5517 5520//5520 5519//5519
f 5510//5510 5518//5518 7245//7245
f 5446//5446 5512//5512 5441//5441
f 5564//5564 5525//5525 5522//5522
f 5564//5564 5527//5527 5525//5525
f 5519//5519 5444//5444 5517//5517
f 7245//7245 5518//5518 5521//5521
f 5522//5522 5521//5521 5516//5516
f 5516//5516 5521//5521 5518//5518
f 5522//5522 5525//5525 5521//5521
f 5526//5526 5524//5524 5561//5561
f 5528//5528 7246//7246 5524//5524
f 5565//5565 5524//5524 7246//7246
f 5460//5460 7245//7245 5521//5521
f 5525//5525 5460//5460 5521//5521
f 5561//5561 5523//5523 5526//5526
f 5526//5526 5528//5528 5524//5524
f 5460//5460 5525//5525 7228//7228
f 5525//5525 5527//5527 7228//7228
f 5473//5473 7246//7246 5528//5528
f 5530//5530 5598//5598 5529//5529
f 5529//5529 7279//7279 5596//5596
f 5596//5596 5679//5679 5531//5531
f 5531//5531 5529//5529 5596//5596
f 5534//5534 5608//5608 5602//5602
f 5475//5475 5534//5534 5602//5602
f 5602//5602 7247//7247 5475//5475
f 5608//5608 5534//5534 5476//5476
f 5532//5532 5540//5540 5481//5481
f 5531//5531 5604//5604 5481//5481
f 5532//5532 5481//5481 5604//5604
f 5533//5533 5534//5534 5475//5475
f 5534//5534 5533//5533 5476//5476
f 5608//5608 5476//5476 5535//5535
f 5611//5611 5539//5539 5536//5536
f 5609//5609 7248//7248 5612//5612
f 5608//5608 5535//5535 7281//7281
f 5612//5612 7248//7248 5611//5611
f 5532//5532 5605//5605 5540//5540
f 5605//5605 5607//5607 5619//5619
f 5611//5611 7248//7248 5486//5486
f 5539//5539 5611//5611 5486//5486
f 5539//5539 5538//5538 5536//5536
f 5605//5605 5619//5619 5540//5540
f 7249//7249 5548//5548 5537//5537
f 5629//5629 5537//5537 5552//5552
f 5540//5540 5542//5542 5541//5541
f 5543//5543 7251//7251 5541//5541
f 7251//7251 5488//5488 5541//5541
f 5619//5619 5542//5542 5540//5540
f 5541//5541 5542//5542 5543//5543
f 7250//7250 5545//5545 5544//5544
f 5545//5545 5542//5542 5619//5619
f 5545//5545 7250//7250 5542//5542
f 5544//5544 5545//5545 5550//5550
f 7249//7249 5546//5546 5548//5548
f 5548//5548 5546//5546 5547//5547
f 5537//5537 7252//7252 5552//5552
f 5552//5552 7252//7252 5547//5547
f 5552//5552 5554//5554 5549//5549
f 5632//5632 5549//5549 5554//5554
f 7290//7290 7254//7254 5641//5641
f 5499//5499 5544//5544 5550//5550
f 5499//5499 5550//5550 5630//5630
f 5551//5551 7240//7240 7289//7289
f 7289//7289 5634//5634 5551//5551
f 5504//5504 5551//5551 5634//5634
f 5634//5634 5635//5635 5504//5504
f 5553//5553 5502//5502 5556//5556
f 5552//5552 5502//5502 5553//5553
f 5555//5555 5553//5553 5556//5556
f 5552//5552 5553//5553 5554//5554
f 5555//5555 7254//7254 5553//5553
f 5641//5641 7254//7254 5555//5555
f 7244//7244 5551//5551 5504//5504
f 5644//5644 5558//5558 5635//5635
f 5556//5556 5642//5642 5555//5555
f 5561//5561 5642//5642 5556//5556
f 5635//5635 5557//5557 5510//5510
f 5635//5635 5510//5510 5504//5504
f 5557//5557 5635//5635 5558//5558
f 5558//5558 5516//5516 5557//5557
f 5516//5516 5558//5558 5559//5559
f 5559//5559 5558//5558 5644//5644
f 5644//5644 5643//5643 5559//5559
f 5643//5643 5560//5560 5559//5559
f 5560//5560 5649//5649 7256//7256
f 5561//5561 5562//5562 5642//5642
f 5649//5649 7255//7255 5565//5565
f 5562//5562 5648//5648 5642//5642
f 7297//7297 7255//7255 5649//5649
f 5516//5516 5559//5559 5563//5563
f 5560//5560 5563//5563 5559//5559
f 5560//5560 5564//5564 5563//5563
f 5565//5565 7256//7256 5649//5649
f 5561//5561 5524//5524 5562//5562
f 7255//7255 5524//5524 5565//5565
f 5565//5565 7246//7246 7256//7256
f 5567//5567 5575//5575 5572//5572
f 5566//5566 5568//5568 7259//7259
f 7260//7260 7268//7268 7257//7257
f 7258//7258 7269//7269 5573//5573
f 7258//7258 5573//5573 5581//5581
f 5567//5567 5577//5577 5575//5575
f 5569//5569 7262//7262 7258//7258
f 5581//5581 5569//5569 7258//7258
f 7261//7261 7263//7263 5570//5570
f 7266//7266 7264//7264 7265//7265
f 7267//7267 5571//5571 5567//5567
f 5567//5567 5571//5571 5577//5577
f 7267//7267 5583//5583 5571//5571
f 5577//5577 5571//5571 5584//5584
f 5584//5584 5571//5571 5583//5583
f 5577//5577 5584//5584 5651//5651
f 5576//5576 5572//5572 5575//5575
f 7272//7272 5574//5574 7270//7270
f 7271//7271 5587//5587 7269//7269
f 5574//5574 7272//7272 5578//5578
f 5576//5576 5575//5575 5577//5577
f 5577//5577 5580//5580 5576//5576
f 7271//7271 5578//5578 5587//5587
f 5576//5576 5580//5580 5579//5579
f 5578//5578 7272//7272 7273//7273
f 5577//5577 5651//5651 5580//5580
f 5580//5580 5653//5653 5579//5579
f 5580//5580 5651//5651 5653//5653
f 7273//7273 5654//5654 5578//5578
f 5654//5654 5656//5656 5588//5588
f 5578//5578 5654//5654 5588//5588
f 5585//5585 5569//5569 5581//5581
f 5585//5585 5581//5581 5573//5573
f 5582//5582 7266//7266 7265//7265
f 5569//5569 5586//5586 7275//7275
f 7266//7266 5582//5582 5592//5592
f 5583//5583 7266//7266 5593//5593
f 5593//5593 7266//7266 5592//5592
f 5593//5593 5667//5667 5583//5583
f 5667//5667 5593//5593 5665//5665
f 5585//5585 5586//5586 5569//5569
f 7269//7269 5589//5589 5573//5573
f 7269//7269 5587//5587 5589//5589
f 5573//5573 5589//5589 5585//5585
f 5589//5589 5591//5591 5585//5585
f 7275//7275 5586//5586 5590//5590
f 7276//7276 5586//5586 5585//5585
f 5586//5586 7277//7277 5590//5590
f 5587//5587 5578//5578 5596//5596
f 5578//5578 5588//5588 5596//5596
f 5598//5598 5595//5595 5591//5591
f 7277//7277 7275//7275 5590//5590
f 5582//5582 5591//5591 5592//5592
f 5595//5595 5592//5592 5591//5591
f 5666//5666 5593//5593 7278//7278
f 7278//7278 5593//5593 5592//5592
f 5593//5593 5666//5666 5665//5665
f 5587//5587 5596//5596 5589//5589
f 5589//5589 5598//5598 5591//5591
f 5589//5589 5596//5596 7279//7279
f 5596//5596 5594//5594 5679//5679
f 5596//5596 5588//5588 5594//5594
f 5679//5679 5594//5594 5588//5588
f 5595//5595 5598//5598 5599//5599
f 7280//7280 5597//5597 7278//7278
f 5666//5666 7278//7278 5597//5597
f 5666//5666 5597//5597 5673//5673
f 5680//5680 7307//7307 5597//5597
f 7247//7247 5597//5597 7280//7280
f 5530//5530 5599//5599 5598//5598
f 5601//5601 5600//5600 5679//5679
f 7247//7247 5602//5602 5597//5597
f 5597//5597 5602//5602 5684//5684
f 5602//5602 5603//5603 5684//5684
f 5531//5531 5600//5600 5604//5604
f 5600//5600 5531//5531 5679//5679
f 5606//5606 5604//5604 5600//5600
f 5600//5600 5601//5601 5606//5606
f 5605//5605 5601//5601 5607//5607
f 5607//5607 5601//5601 5679//5679
f 5607//5607 5679//5679 5685//5685
f 5532//5532 5604//5604 5606//5606
f 5606//5606 5605//5605 5532//5532
f 5606//5606 5601//5601 5605//5605
f 5603//5603 5602//5602 5608//5608
f 5609//5609 5611//5611 5610//5610
f 7281//7281 5603//5603 5608//5608
f 5684//5684 5603//5603 7281//7281
f 7312//7312 5609//5609 5610//5610
f 5684//5684 5610//5610 5686//5686
f 5609//5609 5612//5612 5611//5611
f 5611//5611 5686//5686 5610//5610
f 5611//5611 5536//5536 5613//5613
f 5687//5687 5686//5686 5611//5611
f 5613//5613 5687//5687 5611//5611
f 5613//5613 5690//5690 5687//5687
f 5613//5613 5691//5691 5690//5690
f 5616//5616 5688//5688 5691//5691
f 5607//5607 5614//5614 5619//5619
f 5622//5622 5619//5619 5614//5614
f 5694//5694 5614//5614 5607//5607
f 5623//5623 5614//5614 5694//5694
f 5614//5614 7285//7285 5622//5622
f 5536//5536 7249//7249 5537//5537
f 5629//5629 5615//5615 5537//5537
f 5537//5537 5615//5615 5691//5691
f 5691//5691 5615//5615 5629//5629
f 5537//5537 5613//5613 5536//5536
f 5613//5613 5537//5537 5691//5691
f 5616//5616 5691//5691 5629//5629
f 7313//7313 7282//7282 5549//5549
f 5619//5619 5550//5550 5545//5545
f 5620//5620 5550//5550 5619//5619
f 5550//5550 5620//5620 5630//5630
f 5617//5617 5634//5634 7289//7289
f 7283//7283 5617//5617 7289//7289
f 5617//5617 5631//5631 5634//5634
f 5621//5621 5618//5618 7285//7285
f 5618//5618 5621//5621 5617//5617
f 7283//7283 5618//5618 5617//5617
f 7284//7284 5631//5631 5617//5617
f 5622//5622 7283//7283 5619//5619
f 5622//5622 7285//7285 7283//7283
f 7285//7285 5618//5618 7283//7283
f 5624//5624 7284//7284 5623//5623
f 5624//5624 5625//5625 7284//7284
f 5625//5625 5631//5631 7284//7284
f 5625//5625 5628//5628 5631//5631
f 5626//5626 5624//5624 5623//5623
f 5626//5626 5627//5627 5624//5624
f 5627//5627 5625//5625 5624//5624
f 7286//7286 5628//5628 5625//5625
f 5699//5699 7287//7287 5626//5626
f 7316//7316 5700//5700 7288//7288
f 5700//5700 5628//5628 7288//7288
f 5616//5616 5629//5629 5552//5552
f 7282//7282 5552//5552 5549//5549
f 7253//7253 5633//5633 5692//5692
f 5633//5633 5698//5698 5692//5692
f 7315//7315 7291//7291 5746//5746
f 5631//5631 5628//5628 5634//5634
f 5637//5637 5634//5634 5628//5628
f 5704//5704 5637//5637 5628//5628
f 7292//7292 5549//5549 5632//5632
f 7293//7293 7290//7290 5641//5641
f 7291//7291 7295//7295 5642//5642
f 7291//7291 5642//5642 5747//5747
f 5637//5637 5635//5635 5634//5634
f 5636//5636 5639//5639 5644//5644
f 5637//5637 5638//5638 5635//5635
f 5638//5638 5636//5636 5635//5635
f 5640//5640 5638//5638 5637//5637
f 5639//5639 5640//5640 5706//5706
f 5639//5639 5636//5636 5638//5638
f 5639//5639 5638//5638 5640//5640
f 5645//5645 7294//7294 7317//7317
f 5749//5749 5645//5645 7317//7317
f 5749//5749 5647//5647 5645//5645
f 5555//5555 5642//5642 7295//7295
f 5642//5642 5648//5648 5747//5747
f 5645//5645 5643//5643 5644//5644
f 5644//5644 5635//5635 5636//5636
f 7294//7294 5645//5645 5644//5644
f 5646//5646 5643//5643 5645//5645
f 7296//7296 5650//5650 5643//5643
f 5645//5645 5647//5647 5646//5646
f 5647//5647 5650//5650 7296//7296
f 5647//5647 5707//5707 5650//5650
f 5649//5649 5707//5707 7297//7297
f 5650//5650 5649//5649 5560//5560
f 5643//5643 5650//5650 5560//5560
f 5649//5649 5650//5650 5707//5707
f 5584//5584 5661//5661 5708//5708
f 5584//5584 5708//5708 5651//5651
f 5653//5653 5651//5651 5652//5652
f 5652//5652 5651//5651 5708//5708
f 5655//5655 7299//7299 7298//7298
f 7274//7274 7298//7298 7299//7299
f 7300//7300 5656//5656 5654//5654
f 5588//5588 5656//5656 5664//5664
f 5653//5653 5652//5652 7301//7301
f 5656//5656 5657//5657 5664//5664
f 5652//5652 5658//5658 7301//7301
f 5713//5713 5656//5656 7300//7300
f 5657//5657 5656//5656 5713//5713
f 5658//5658 5659//5659 7301//7301
f 7302//7302 5713//5713 7300//7300
f 5658//5658 5715//5715 5659//5659
f 7318//7318 5713//5713 7302//7302
f 5657//5657 5713//5713 5714//5714
f 5661//5661 5584//5584 5583//5583
f 5583//5583 5660//5660 5661//5661
f 5667//5667 5660//5660 5583//5583
f 5660//5660 5667//5667 5662//5662
f 5663//5663 5660//5660 5662//5662
f 5662//5662 5669//5669 5663//5663
f 5660//5660 5722//5722 5661//5661
f 5663//5663 5722//5722 5660//5660
f 5722//5722 5663//5663 5671//5671
f 7303//7303 7304//7304 7305//7305
f 5722//5722 5671//5671 5726//5726
f 5664//5664 5679//5679 5588//5588
f 5657//5657 5679//5679 5664//5664
f 5665//5665 5666//5666 5667//5667
f 5666//5666 5674//5674 5667//5667
f 7308//7308 5668//5668 5667//5667
f 5667//5667 5668//5668 5662//5662
f 5676//5676 5662//5662 5668//5668
f 7308//7308 5676//5676 5668//5668
f 5662//5662 5676//5676 5677//5677
f 5677//5677 5669//5669 5662//5662
f 7304//7304 7311//7311 5670//5670
f 5670//5670 7305//7305 7304//7304
f 7305//7305 5670//5670 5672//5672
f 7306//7306 5726//5726 5671//5671
f 5666//5666 5673//5673 5674//5674
f 5680//5680 5675//5675 7307//7307
f 5674//5674 5673//5673 7309//7309
f 5675//5675 5676//5676 7308//7308
f 5675//5675 5680//5680 5676//5676
f 7311//7311 7310//7310 5678//5678
f 5678//5678 7310//7310 5680//5680
f 5670//5670 7311//7311 5681//5681
f 5678//5678 5681//5681 7311//7311
f 5680//5680 5681//5681 5678//5678
f 5681//5681 5672//5672 5670//5670
f 5726//5726 7306//7306 5681//5681
f 5681//5681 5680//5680 5682//5682
f 5682//5682 5680//5680 5687//5687
f 5682//5682 5683//5683 5726//5726
f 5682//5682 5726//5726 5681//5681
f 5680//5680 5597//5597 5684//5684
f 5680//5680 5684//5684 5687//5687
f 5682//5682 5687//5687 5688//5688
f 5684//5684 5686//5686 5687//5687
f 5691//5691 5688//5688 5690//5690
f 5687//5687 5690//5690 5688//5688
f 5743//5743 7313//7313 5689//5689
f 5743//5743 5689//5689 5745//5745
f 5689//5689 5692//5692 5745//5745
f 5607//5607 5685//5685 5694//5694
f 5689//5689 7313//7313 5549//5549
f 5689//5689 7253//7253 5692//5692
f 5694//5694 5626//5626 5623//5623
f 5694//5694 5699//5699 5626//5626
f 5694//5694 5693//5693 7316//7316
f 5696//5696 5693//5693 5694//5694
f 5701//5701 5693//5693 5696//5696
f 5694//5694 5695//5695 5696//5696
f 5696//5696 5697//5697 5701//5701
f 5705//5705 5697//5697 5696//5696
f 5697//5697 5705//5705 5703//5703
f 5698//5698 5746//5746 5692//5692
f 5801//5801 5704//5704 5705//5705
f 5749//5749 5704//5704 5801//5801
f 5628//5628 5700//5700 5704//5704
f 5701//5701 5700//5700 7316//7316
f 5693//5693 5701//5701 7316//7316
f 5702//5702 5700//5700 5701//5701
f 5704//5704 5700//5700 5702//5702
f 5697//5697 5703//5703 5701//5701
f 5703//5703 5702//5702 5701//5701
f 5703//5703 5704//5704 5702//5702
f 5705//5705 5704//5704 5703//5703
f 7291//7291 5747//5747 5746//5746
f 5748//5748 5747//5747 5648//5648
f 5640//5640 5637//5637 5704//5704
f 5704//5704 5749//5749 5706//5706
f 5640//5640 5704//5704 5706//5706
f 5707//5707 5647//5647 5749//5749
f 5661//5661 5709//5709 5708//5708
f 5709//5709 5711//5711 5708//5708
f 5721//5721 5709//5709 5661//5661
f 5709//5709 5721//5721 5711//5711
f 5717//5717 5652//5652 5708//5708
f 5708//5708 5711//5711 5710//5710
f 5721//5721 5722//5722 5711//5711
f 5708//5708 5710//5710 5717//5717
f 5723//5723 5711//5711 5722//5722
f 5717//5717 5712//5712 5719//5719
f 5710//5710 5712//5712 5717//5717
f 5711//5711 5712//5712 5710//5710
f 5723//5723 5712//5712 5711//5711
f 5719//5719 5712//5712 5752//5752
f 5757//5757 5719//5719 5752//5752
f 5658//5658 5652//5652 5715//5715
f 5713//5713 7318//7318 5716//5716
f 5713//5713 5716//5716 5714//5714
f 5715//5715 5652//5652 5717//5717
f 5717//5717 5718//5718 5715//5715
f 5718//5718 5716//5716 7318//7318
f 5718//5718 5717//5717 5719//5719
f 5720//5720 5716//5716 5718//5718
f 5719//5719 5720//5720 5718//5718
f 5716//5716 5720//5720 5767//5767
f 5767//5767 5720//5720 5758//5758
f 5719//5719 5758//5758 5720//5720
f 5758//5758 5719//5719 5757//5757
f 5722//5722 5721//5721 5661//5661
f 5724//5724 5722//5722 5726//5726
f 5723//5723 5722//5722 5724//5724
f 5725//5725 5724//5724 5728//5728
f 5725//5725 5728//5728 5729//5729
f 5751//5751 5712//5712 5723//5723
f 5723//5723 5724//5724 5725//5725
f 5751//5751 5723//5723 5725//5725
f 5751//5751 5725//5725 5753//5753
f 5760//5760 5753//5753 5725//5725
f 5714//5714 5716//5716 5731//5731
f 5716//5716 5767//5767 5731//5731
f 5736//5736 5714//5714 5731//5731
f 5726//5726 5727//5727 5724//5724
f 5727//5727 5726//5726 5733//5733
f 5724//5724 7319//7319 5734//5734
f 5727//5727 5733//5733 5724//5724
f 5728//5728 5724//5724 5734//5734
f 5734//5734 5732//5732 5728//5728
f 5729//5729 5728//5728 5732//5732
f 5729//5729 5732//5732 5737//5737
f 5725//5725 5729//5729 5759//5759
f 5759//5759 5729//5729 5730//5730
f 5729//5729 5737//5737 5730//5730
f 5760//5760 5725//5725 5759//5759
f 5759//5759 5730//5730 5762//5762
f 5735//5735 5762//5762 5730//5730
f 5767//5767 5783//5783 5731//5731
f 5736//5736 5657//5657 5714//5714
f 5783//5783 5736//5736 5731//5731
f 5734//5734 5737//5737 5732//5732
f 7319//7319 5683//5683 5738//5738
f 5726//5726 5683//5683 5733//5733
f 5734//5734 7319//7319 5738//5738
f 5737//5737 5739//5739 5730//5730
f 5735//5735 5730//5730 5741//5741
f 5679//5679 5657//5657 5736//5736
f 5679//5679 5736//5736 5685//5685
f 5736//5736 5783//5783 5685//5685
f 5688//5688 5683//5683 5682//5682
f 5739//5739 5738//5738 5688//5688
f 5688//5688 5738//5738 5683//5683
f 5737//5737 5738//5738 5739//5739
f 5734//5734 5738//5738 5737//5737
f 5740//5740 5739//5739 5688//5688
f 5739//5739 7324//7324 5730//5730
f 7324//7324 5739//5739 5740//5740
f 7321//7321 7314//7314 5742//5742
f 5735//5735 5741//5741 7322//7322
f 7321//7321 5742//5742 5768//5768
f 7320//7320 7323//7323 7328//7328
f 5778//5778 5768//5768 5742//5742
f 5685//5685 5783//5783 5789//5789
f 5742//5742 5743//5743 5778//5778
f 5743//5743 5779//5779 7333//7333
f 5743//5743 5744//5744 5779//5779
f 5744//5744 5780//5780 5779//5779
f 7313//7313 5743//5743 5742//5742
f 5744//5744 5743//5743 5745//5745
f 5786//5786 5744//5744 5790//5790
f 5746//5746 5790//5790 5744//5744
f 5789//5789 5793//5793 5695//5695
f 5694//5694 5789//5789 5695//5695
f 5789//5789 5694//5694 5685//5685
f 5745//5745 5692//5692 5744//5744
f 5744//5744 5692//5692 5746//5746
f 5791//5791 5746//5746 5747//5747
f 5793//5793 5696//5696 5695//5695
f 5705//5705 5696//5696 5793//5793
f 5793//5793 5801//5801 5705//5705
f 5749//5749 5801//5801 5802//5802
f 5750//5750 5749//5749 5802//5802
f 5747//5747 5748//5748 5800//5800
f 7337//7337 5748//5748 5750//5750
f 5750//5750 5748//5748 7297//7297
f 5750//5750 7297//7297 5707//5707
f 5750//5750 5707//5707 5749//5749
f 5751//5751 7325//7325 5712//5712
f 5753//5753 5760//5760 5763//5763
f 7325//7325 5751//5751 5753//5753
f 7325//7325 5753//5753 5754//5754
f 5757//5757 5756//5756 5758//5758
f 5765//5765 5754//5754 5763//5763
f 5754//5754 5753//5753 5763//5763
f 5757//5757 5752//5752 5755//5755
f 7325//7325 5754//5754 7326//7326
f 5755//5755 5756//5756 5757//5757
f 5756//5756 5755//5755 5812//5812
f 5754//5754 5808//5808 7346//7346
f 7326//7326 5754//5754 7346//7346
f 5761//5761 5760//5760 5759//5759
f 5759//5759 5762//5762 5761//5761
f 5763//5763 5760//5760 5761//5761
f 5761//5761 5762//5762 5763//5763
f 7320//7320 7328//7328 5762//5762
f 5764//5764 5763//5763 5762//5762
f 5764//5764 5762//5762 7328//7328
f 5763//5763 5764//5764 5765//5765
f 5766//5766 5765//5765 5764//5764
f 5769//5769 5766//5766 5764//5764
f 5754//5754 5765//5765 5808//5808
f 5766//5766 5803//5803 5765//5765
f 5809//5809 5803//5803 5766//5766
f 5770//5770 5811//5811 7327//7327
f 5756//5756 5767//5767 5758//5758
f 5778//5778 5769//5769 5764//5764
f 5778//5778 7334//7334 5769//5769
f 5766//5766 5769//5769 7329//7329
f 5769//5769 7334//7334 7329//7329
f 7334//7334 5771//5771 7329//7329
f 7330//7330 5773//5773 5772//5772
f 7330//7330 5772//5772 5770//5770
f 5782//5782 5773//5773 5777//5777
f 5777//5777 5773//5773 7330//7330
f 5772//5772 5811//5811 5770//5770
f 5772//5772 5773//5773 5811//5811
f 5778//5778 5764//5764 5768//5768
f 5774//5774 5775//5775 5767//5767
f 5767//5767 5775//5775 5783//5783
f 5774//5774 5877//5877 5776//5776
f 7330//7330 5779//5779 5777//5777
f 5825//5825 5820//5820 5781//5781
f 5779//5779 5780//5780 5777//5777
f 5777//5777 5780//5780 5782//5782
f 7336//7336 5780//5780 5781//5781
f 5789//5789 5783//5783 5784//5784
f 5774//5774 5783//5783 5775//5775
f 5776//5776 5783//5783 7332//7332
f 5776//5776 5784//5784 5783//5783
f 5785//5785 5789//5789 5784//5784
f 5784//5784 5776//5776 5830//5830
f 5785//5785 5784//5784 5830//5830
f 5786//5786 5780//5780 5744//5744
f 5787//5787 5825//5825 5781//5781
f 5786//5786 5787//5787 5781//5781
f 5780//5780 5786//5786 5781//5781
f 7350//7350 5787//5787 5788//5788
f 5842//5842 5794//5794 5793//5793
f 5786//5786 5790//5790 5787//5787
f 5787//5787 5790//5790 5791//5791
f 5790//5790 5746//5746 5791//5791
f 5788//5788 5787//5787 5791//5791
f 5791//5791 5792//5792 5788//5788
f 5833//5833 5788//5788 5792//5792
f 5795//5795 5801//5801 5794//5794
f 5795//5795 5794//5794 5798//5798
f 5799//5799 5801//5801 5795//5795
f 5797//5797 5798//5798 5794//5794
f 5798//5798 5799//5799 5795//5795
f 5796//5796 5845//5845 5798//5798
f 5797//5797 5796//5796 5798//5798
f 5845//5845 5799//5799 5798//5798
f 5802//5802 5799//5799 5845//5845
f 5747//5747 5800//5800 5791//5791
f 5792//5792 5791//5791 5800//5800
f 5800//5800 5748//5748 5846//5846
f 5794//5794 5801//5801 5793//5793
f 5802//5802 5801//5801 5799//5799
f 7337//7337 5846//5846 5748//5748
f 5814//5814 5756//5756 5812//5812
f 5809//5809 5805//5805 5803//5803
f 5848//5848 5804//5804 5803//5803
f 5804//5804 5813//5813 5803//5803
f 5806//5806 5848//5848 5803//5803
f 5805//5805 5806//5806 5803//5803
f 5804//5804 5847//5847 5815//5815
f 5804//5804 5815//5815 5813//5813
f 5847//5847 5804//5804 5848//5848
f 7339//7339 7338//7338 5807//5807
f 5815//5815 7355//7355 5816//5816
f 7340//7340 5859//5859 5806//5806
f 5809//5809 5766//5766 7343//7343
f 7344//7344 5810//5810 7341//7341
f 5808//5808 5765//5765 5813//5813
f 7346//7346 5808//5808 5813//5813
f 5813//5813 5765//5765 5803//5803
f 5809//5809 7342//7342 5805//5805
f 5816//5816 5814//5814 5812//5812
f 5816//5816 5817//5817 5814//5814
f 5817//5817 5756//5756 5814//5814
f 5815//5815 7346//7346 5813//5813
f 5756//5756 5817//5817 5767//5767
f 5856//5856 5774//5774 5767//5767
f 5815//5815 5816//5816 7346//7346
f 5817//5817 5856//5856 5767//5767
f 5817//5817 5816//5816 5857//5857
f 5807//5807 7338//7338 5822//5822
f 5824//5824 5859//5859 7340//7340
f 5824//5824 5865//5865 5859//5859
f 7336//7336 5818//5818 7331//7331
f 5821//5821 7342//7342 5820//5820
f 7348//7348 5810//5810 5819//5819
f 5819//5819 5810//5810 7347//7347
f 5819//5819 7335//7335 7348//7348
f 7344//7344 7347//7347 5810//5810
f 7345//7345 7331//7331 5818//5818
f 5820//5820 5825//5825 5821//5821
f 7347//7347 7335//7335 5819//5819
f 5818//5818 7336//7336 5781//5781
f 7342//7342 5821//5821 5805//5805
f 5826//5826 7349//7349 7350//7350
f 7349//7349 5822//5822 7338//7338
f 5822//5822 7349//7349 5823//5823
f 7349//7349 5826//5826 5823//5823
f 5807//5807 5822//5822 5823//5823
f 5823//5823 5824//5824 5807//5807
f 5824//5824 5823//5823 5826//5826
f 5826//5826 7350//7350 5834//5834
f 5834//5834 7350//7350 5788//5788
f 5827//5827 5824//5824 5826//5826
f 5834//5834 5827//5827 5826//5826
f 5824//5824 5827//5827 5870//5870
f 5830//5830 5877//5877 5831//5831
f 5831//5831 5877//5877 5832//5832
f 5877//5877 5878//5878 5832//5832
f 5878//5878 5842//5842 5832//5832
f 5878//5878 5829//5829 5842//5842
f 5829//5829 5881//5881 5843//5843
f 5829//5829 5878//5878 5881//5881
f 5877//5877 5830//5830 5776//5776
f 5830//5830 5831//5831 5785//5785
f 5831//5831 5789//5789 5785//5785
f 5831//5831 5832//5832 5789//5789
f 5836//5836 5827//5827 5834//5834
f 5828//5828 7351//7351 7353//7353
f 5828//5828 7353//7353 5838//5838
f 5788//5788 5833//5833 5834//5834
f 5834//5834 5833//5833 5835//5835
f 5792//5792 5835//5835 5833//5833
f 5834//5834 5835//5835 5836//5836
f 5837//5837 7352//7352 5792//5792
f 7353//7353 7352//7352 5837//5837
f 5838//5838 7353//7353 5837//5837
f 5837//5837 5844//5844 5838//5838
f 5829//5829 5843//5843 5842//5842
f 5838//5838 5844//5844 5839//5839
f 5844//5844 5840//5840 5882//5882
f 7354//7354 5844//5844 5882//5882
f 5841//5841 5882//5882 5840//5840
f 5846//5846 5841//5841 5840//5840
f 5841//5841 5843//5843 5881//5881
f 5838//5838 5839//5839 5828//5828
f 5789//5789 5842//5842 5793//5793
f 5842//5842 5843//5843 5794//5794
f 5832//5832 5842//5842 5789//5789
f 5841//5841 5846//5846 5843//5843
f 5792//5792 5844//5844 5837//5837
f 5800//5800 5844//5844 5792//5792
f 5840//5840 5844//5844 5800//5800
f 5800//5800 5846//5846 5840//5840
f 5843//5843 5796//5796 5797//5797
f 5843//5843 5845//5845 5796//5796
f 5843//5843 5797//5797 5794//5794
f 5846//5846 5802//5802 5845//5845
f 5846//5846 5845//5845 5843//5843
f 5847//5847 5848//5848 5850//5850
f 7355//7355 5850//5850 5816//5816
f 5849//5849 5848//5848 5806//5806
f 5849//5849 5806//5806 5859//5859
f 5857//5857 5816//5816 5850//5850
f 5853//5853 5857//5857 5850//5850
f 5848//5848 5849//5849 5851//5851
f 5851//5851 5849//5849 5860//5860
f 5852//5852 5848//5848 5851//5851
f 5850//5850 5848//5848 5852//5852
f 5850//5850 5852//5852 5853//5853
f 5853//5853 5858//5858 5857//5857
f 5852//5852 5851//5851 5861//5861
f 7356//7356 5851//5851 5860//5860
f 5853//5853 5852//5852 5854//5854
f 5854//5854 5855//5855 5853//5853
f 5861//5861 5854//5854 5852//5852
f 5855//5855 5858//5858 5853//5853
f 5854//5854 5861//5861 5864//5864
f 5883//5883 5863//5863 5855//5855
f 5863//5863 5858//5858 5855//5855
f 5866//5866 5858//5858 5863//5863
f 5856//5856 5817//5817 5857//5857
f 5858//5858 5856//5856 5857//5857
f 5866//5866 5856//5856 5858//5858
f 5870//5870 5865//5865 5824//5824
f 5859//5859 5865//5865 5860//5860
f 5859//5859 5860//5860 5849//5849
f 5862//5862 5860//5860 5865//5865
f 7356//7356 5860//5860 5862//5862
f 5864//5864 5861//5861 7357//7357
f 7357//7357 5868//5868 5884//5884
f 5865//5865 5871//5871 5862//5862
f 5856//5856 5866//5866 5877//5877
f 5867//5867 5877//5877 5866//5866
f 5869//5869 7358//7358 5876//5876
f 5880//5880 5867//5867 5869//5869
f 5885//5885 5867//5867 5866//5866
f 7363//7363 7358//7358 5885//5885
f 5867//5867 5885//5885 5869//5869
f 5885//5885 7358//7358 5869//5869
f 5774//5774 5856//5856 5877//5877
f 5865//5865 5870//5870 7359//7359
f 5872//5872 5871//5871 7351//7351
f 5827//5827 7359//7359 5870//5870
f 7351//7351 5828//5828 5872//5872
f 5828//5828 5873//5873 5872//5872
f 5873//5873 5828//5828 5839//5839
f 5872//5872 5862//5862 5871//5871
f 7362//7362 7354//7354 5882//5882
f 5862//5862 5872//5872 5873//5873
f 5874//5874 5873//5873 5839//5839
f 7354//7354 7362//7362 7360//7360
f 5875//5875 5862//5862 5873//5873
f 5875//5875 5873//5873 5874//5874
f 7361//7361 7360//7360 7362//7362
f 5868//5868 7357//7357 7361//7361
f 5876//5876 5880//5880 5869//5869
f 7362//7362 5868//5868 7361//7361
f 5878//5878 5877//5877 5880//5880
f 5880//5880 5879//5879 5881//5881
f 5878//5878 5880//5880 5881//5881
f 5880//5880 5877//5877 5867//5867
f 5880//5880 5876//5876 5879//5879
f 5876//5876 5882//5882 5879//5879
f 5881//5881 5879//5879 5841//5841
f 5879//5879 5882//5882 5841//5841
f 5855//5855 5854//5854 5883//5883
f 5864//5864 5883//5883 5854//5854
f 7363//7363 5883//5883 5864//5864
f 7357//7357 5884//5884 5864//5864
f 5863//5863 5883//5883 5885//5885
f 5883//5883 7363//7363 5885//5885
f 5863//5863 5885//5885 5866//5866
